frequency_hz,x,y,real_uz,imag_uz
225.5,-0.00382671281566,-0.00202612167119,0,0
225.5,-0.005,-0.005,2.95017128372e-14,0
225.5,-0.00197892066871,-0.00385133392306,0,0
225.5,-0.005,-0.00190753787223,1.58796040304e-14,0
225.5,-0.00433,0,0,0
225.5,-0.00190753787223,-0.005,1.59111067593e-14,0
225.5,0,-0.00433,0,0
225.5,-0.005,0.00190775150599,1.57602580454e-14,0
225.5,-0.00385133392306,0.00197892066871,0,0
225.5,0.00190775150599,-0.005,1.58216847067e-14,0
225.5,0.00202612167119,-0.00382671281566,0,0
225.5,-0.00202612167119,0.00382671281566,0,0
225.5,-0.005,0.005,2.80040173235e-14,0
225.5,-0.0019094272225,0.005,1.57010047937e-14,0
225.5,0,0.00433,0,0
225.5,0.00147766755988,0.00407006125046,0,0
225.5,8.32667268469e-19,0.005,1.11938656891e-14,0
225.5,0.00433,0,0,0
225.5,0.005,1.38777878078e-18,1.16971015054e-14,0
225.5,0.00407006125046,0.00147766755988,0,0
225.5,0.005,-0.005,2.96378615431e-14,0
225.5,0.00385133392306,-0.00197892066871,0,0
225.5,0.005,-0.0019094272225,1.59872143171e-14,0
225.5,0.00306177236254,0.00306177236254,0,0
225.5,0.0019094272225,0.005,1.57282994476e-14,0
225.5,0.005,0.0019094272225,1.55732514919e-14,0
225.5,-0.000885,-0.0015328649647,1.27150971482e-12,0
225.5,-0.0015328649647,-0.000885,1.27163209461e-12,0
225.5,-0.00186450691264,-0.00187567167242,8.43018562447e-13,0
225.5,-0.00177,0,1.27132383374e-12,0
225.5,-0.00268433516245,-0.000738983120158,7.59100780557e-13,0
225.5,0,-0.00177,1.2714713578e-12,0
225.5,-0.000718432264205,-0.00269192408424,7.57394628688e-13,0
225.5,-0.0015328649647,0.000885,1.26981937477e-12,0
225.5,-0.00265321485144,0.000647311733689,7.89883498641e-13,0
225.5,-0.000885,0.0015328649647,1.26819188665e-12,0
225.5,-0.00194719253591,0.00178443766524,8.43944870668e-13,0
225.5,0,0.00177,1.26408576254e-12,0
225.5,-0.000802720381054,0.00273415977115,7.17494646962e-13,0
225.5,0.000885,-0.0015328649647,1.27016021054e-12,0
225.5,0.00075154031863,-0.00270385456952,7.45284741524e-13,0
225.5,0.00177,0,1.26242553533e-12,0
225.5,0.0015328649647,-0.000885,1.26800781443e-12,0
225.5,0.00271471102228,-0.000564731152102,7.60908411538e-13,0
225.5,0.00192394637685,-0.00189207206672,8.10089681403e-13,0
225.5,0.00231817117671,0.00040530921667,9.87902939734e-13,0
225.5,0.0015328649647,0.000885,1.26069191907e-12,0
225.5,0.000885,0.0015328649647,1.2613969739e-12,0
225.5,0.000427053001345,0.00287092483521,6.82184411566e-13,0
225.5,0.00187618296239,0.00184774001435,8.33333933508e-13,0
225.5,0.00312733402203,0.000607809752493,5.19195236177e-13,0
225.5,0.00276214303706,0.00136595635004,5.76855115713e-13,0
225.5,0.0014100336009,0.00268674970267,6.04767202297e-13,0
225.5,-0.075,-0.075,1.0825468266e-13,0
225.5,-0.07,-0.075,1.12922962156e-13,0
225.5,-0.075,-0.07,8.36964758264e-14,0
225.5,-0.07,-0.07,8.89372269238e-14,0
225.5,-0.075,-0.065,5.85042564974e-14,0
225.5,-0.07,-0.065,6.48861604455e-14,0
225.5,-0.065,-0.075,1.16675668047e-13,0
225.5,-0.065,-0.07,9.3677050551e-14,0
225.5,-0.065,-0.065,7.10356017818e-14,0
225.5,-0.075,-0.06,3.1975129202e-14,0
225.5,-0.07,-0.06,4.05637535482e-14,0
225.5,-0.065,-0.06,4.87221240873e-14,0
225.5,-0.075,-0.055,4.96533840141e-15,0
225.5,-0.07,-0.055,1.62238332945e-14,0
225.5,-0.065,-0.055,2.65865352361e-14,0
225.5,-0.075,-0.05,-2.13935651601e-14,0
225.5,-0.07,-0.05,-7.61471119534e-15,0
225.5,-0.065,-0.05,5.20312876411e-15,0
225.5,-0.075,-0.045,-4.74751493781e-14,0
225.5,-0.07,-0.045,-3.12075464981e-14,0
225.5,-0.065,-0.045,-1.58381317468e-14,0
225.5,-0.075,-0.04,-7.268697356e-14,0
225.5,-0.07,-0.04,-5.45545032185e-14,0
225.5,-0.075,-0.035,-9.75577631897e-14,0
225.5,-0.07,-0.035,-7.73134170586e-14,0
225.5,-0.065,-0.04,-3.69759189698e-14,0
225.5,-0.065,-0.035,-5.74200541828e-14,0
225.5,-0.075,-0.03,-1.2179694472e-13,0
225.5,-0.07,-0.03,-9.89026480883e-14,0
225.5,-0.075,-0.025,-1.43992535345e-13,0
225.5,-0.07,-0.025,-1.18804559121e-13,0
225.5,-0.065,-0.03,-7.64346139098e-14,0
225.5,-0.065,-0.025,-9.41987396073e-14,0
225.5,-0.075,-0.02,-1.63500587352e-13,0
225.5,-0.07,-0.02,-1.366532447e-13,0
225.5,-0.075,-0.015,-1.80317816243e-13,0
225.5,-0.07,-0.015,-1.52053367125e-13,0
225.5,-0.065,-0.02,-1.10502296651e-13,0
225.5,-0.065,-0.015,-1.2438473927e-13,0
225.5,-0.075,-0.01,-1.92390326652e-13,0
225.5,-0.07,-0.01,-1.63132448446e-13,0
225.5,-0.075,-0.005,-1.96034566208e-13,0
225.5,-0.07,-0.005,-1.67564965175e-13,0
225.5,-0.065,-0.01,-1.34520696227e-13,0
225.5,-0.065,-0.005,-1.40045692933e-13,0
225.5,-0.075,0,-1.94015060681e-13,0
225.5,-0.07,0,-1.66397554552e-13,0
225.5,-0.075,0.005,-1.88799017942e-13,0
225.5,-0.07,0.005,-1.61838780042e-13,0
225.5,-0.065,4.16333634234e-19,-1.40170967649e-13,0
225.5,-0.065,0.005,-1.36378782818e-13,0
225.5,-0.075,0.01,-1.70966507587e-13,0
225.5,-0.07,0.01,-1.47309685201e-13,0
225.5,-0.075,0.015,-1.383400259e-13,0
225.5,-0.07,0.015,-1.20395304599e-13,0
225.5,-0.065,0.01,-1.24827871962e-13,0
225.5,-0.065,0.015,-1.02572860041e-13,0
225.5,-0.075,0.02,-1.03576274028e-13,0
225.5,-0.07,0.02,-8.84582096054e-14,0
225.5,-0.075,0.025,-6.78146543343e-14,0
225.5,-0.07,0.025,-5.47774309763e-14,0
225.5,-0.065,0.02,-7.44545919858e-14,0
225.5,-0.065,0.025,-4.41825749831e-14,0
225.5,-0.075,0.03,-2.10254628681e-14,0
225.5,-0.07,0.03,-1.42327888876e-14,0
225.5,-0.075,0.035,3.63027330556e-14,0
225.5,-0.07,0.035,3.28541141798e-14,0
225.5,-0.065,0.03,-1.08028840335e-14,0
225.5,-0.065,0.035,2.6045493257e-14,0
225.5,-0.075,0.04,1.00492131731e-13,0
225.5,-0.07,0.04,8.27030435425e-14,0
225.5,-0.075,0.045,1.66832717965e-13,0
225.5,-0.07,0.045,1.34020280633e-13,0
225.5,-0.065,0.04,6.38885343206e-14,0
225.5,-0.065,0.045,1.02493400787e-13,0
225.5,-0.075,0.05,2.31723192867e-13,0
225.5,-0.07,0.05,1.854135096e-13,0
225.5,-0.075,0.055,2.8986733564e-13,0
225.5,-0.07,0.055,2.32691370607e-13,0
225.5,-0.065,0.05,1.42054272668e-13,0
225.5,-0.065,0.055,1.79344314044e-13,0
225.5,-0.075,0.06,3.37115341962e-13,0
225.5,-0.07,0.06,2.73511789243e-13,0
225.5,-0.075,0.065,3.76959911938e-13,0
225.5,-0.07,0.065,3.08180912061e-13,0
225.5,-0.065,0.06,2.12915252833e-13,0
225.5,-0.065,0.065,2.41544589069e-13,0
225.5,-0.075,0.07,4.0976541525e-13,0
225.5,-0.07,0.07,3.37236701815e-13,0
225.5,-0.075,0.075,4.38273835959e-13,0
225.5,-0.07,0.075,3.63010327342e-13,0
225.5,-0.065,0.07,2.65640309396e-13,0
225.5,-0.065,0.075,2.866381281e-13,0
225.5,-0.06,-0.075,1.13206776742e-13,0
225.5,-0.06,-0.07,9.53895275318e-14,0
225.5,-0.06,-0.065,7.63335860256e-14,0
225.5,-0.055,-0.075,1.02043025756e-13,0
225.5,-0.055,-0.07,9.14984064321e-14,0
225.5,-0.055,-0.065,7.8951752744e-14,0
225.5,-0.06,-0.06,5.62163987836e-14,0
225.5,-0.06,-0.055,3.61622531298e-14,0
225.5,-0.055,-0.06,6.24588798048e-14,0
225.5,-0.055,-0.055,4.47180198056e-14,0
225.5,-0.06,-0.05,1.66048145375e-14,0
225.5,-0.055,-0.05,2.69950765004e-14,0
225.5,-0.06,-0.045,-2.3537568489e-15,0
225.5,-0.055,-0.045,1.00599748583e-14,0
225.5,-0.06,-0.04,-2.04526958834e-14,0
225.5,-0.055,-0.04,-5.13346572306e-15,0
225.5,-0.06,-0.035,-3.79029551053e-14,0
225.5,-0.055,-0.035,-1.95884504973e-14,0
225.5,-0.06,-0.03,-5.45521814439e-14,0
225.5,-0.06,-0.025,-7.03089127852e-14,0
225.5,-0.055,-0.03,-3.37867527174e-14,0
225.5,-0.055,-0.025,-4.72116340427e-14,0
225.5,-0.06,-0.02,-8.4871018368e-14,0
225.5,-0.06,-0.015,-9.71570122094e-14,0
225.5,-0.055,-0.02,-5.98660537843e-14,0
225.5,-0.055,-0.015,-7.06575503666e-14,0
225.5,-0.06,-0.01,-1.0645480452e-13,0
225.5,-0.06,-0.005,-1.1290544328e-13,0
225.5,-0.055,-0.01,-7.91708322952e-14,0
225.5,-0.055,-0.005,-8.55045270762e-14,0
225.5,-0.06,0,-1.14861041065e-13,0
225.5,-0.06,0.005,-1.11933448204e-13,0
225.5,-0.055,4.16333634234e-19,-8.83795840405e-14,0
225.5,-0.055,0.005,-8.73609839711e-14,0
225.5,-0.06,0.01,-1.02289691764e-13,0
225.5,-0.06,0.015,-8.45465742352e-14,0
225.5,-0.055,0.01,-8.04292432155e-14,0
225.5,-0.055,0.015,-6.71846005563e-14,0
225.5,-0.06,0.02,-6.19755816483e-14,0
225.5,-0.06,0.025,-3.77451052907e-14,0
225.5,-0.055,0.02,-5.08413096724e-14,0
225.5,-0.055,0.025,-3.33970322997e-14,0
225.5,-0.06,0.03,-1.22268313703e-14,0
225.5,-0.06,0.035,1.52717612199e-14,0
225.5,-0.055,0.03,-1.54832752928e-14,0
225.5,-0.055,0.035,3.61186301238e-15,0
225.5,-0.06,0.04,4.43318772748e-14,0
225.5,-0.06,0.045,7.39217911368e-14,0
225.5,-0.055,0.04,2.46878595519e-14,0
225.5,-0.055,0.045,4.60223412798e-14,0
225.5,-0.06,0.05,1.03056213584e-13,0
225.5,-0.06,0.055,1.30672645778e-13,0
225.5,-0.055,0.05,6.5817503813e-14,0
225.5,-0.055,0.055,8.4435967782e-14,0
225.5,-0.06,0.06,1.55946817853e-13,0
225.5,-0.06,0.065,1.77844723817e-13,0
225.5,-0.055,0.06,1.0192877833e-13,0
225.5,-0.055,0.065,1.17368476785e-13,0
225.5,-0.06,0.07,1.96128363211e-13,0
225.5,-0.06,0.075,2.11810385807e-13,0
225.5,-0.055,0.07,1.29808473095e-13,0
225.5,-0.055,0.075,1.39760282528e-13,0
225.5,-0.05,-0.075,9.05045526429e-14,0
225.5,-0.05,-0.07,8.31315242949e-14,0
225.5,-0.045,-0.075,7.63812558224e-14,0
225.5,-0.045,-0.07,7.23837384142e-14,0
225.5,-0.05,-0.065,7.5547371588e-14,0
225.5,-0.045,-0.065,6.83118983817e-14,0
225.5,-0.05,-0.06,6.44943161863e-14,0
225.5,-0.05,-0.055,5.00290814632e-14,0
225.5,-0.045,-0.06,6.17378753306e-14,0
225.5,-0.045,-0.055,5.16236363025e-14,0
225.5,-0.05,-0.05,3.5353528662e-14,0
225.5,-0.05,-0.045,2.13492565256e-14,0
225.5,-0.045,-0.05,4.09476221491e-14,0
225.5,-0.045,-0.045,3.03584103259e-14,0
225.5,-0.05,-0.04,8.64389448647e-15,0
225.5,-0.045,-0.04,2.04331300122e-14,0
225.5,-0.05,-0.035,-3.26953315008e-15,0
225.5,-0.045,-0.035,1.11358664854e-14,0
225.5,-0.05,-0.03,-1.48214565158e-14,0
225.5,-0.045,-0.03,2.06514332442e-15,0
225.5,-0.05,-0.025,-2.56908375288e-14,0
225.5,-0.045,-0.025,-6.42671378824e-15,0
225.5,-0.05,-0.02,-3.56786545861e-14,0
225.5,-0.05,-0.015,-4.48323048592e-14,0
225.5,-0.045,-0.02,-1.38436546642e-14,0
225.5,-0.045,-0.015,-2.08093693385e-14,0
225.5,-0.05,-0.01,-5.26914778837e-14,0
225.5,-0.05,-0.005,-5.86890518511e-14,0
225.5,-0.045,-0.01,-2.7614857901e-14,0
225.5,-0.045,-0.005,-3.32977232018e-14,0
225.5,-0.05,0,-6.21027851438e-14,0
225.5,-0.05,0.005,-6.27457636077e-14,0
225.5,-0.045,4.16333634234e-19,-3.73432822133e-14,0
225.5,-0.045,0.005,-3.95073310786e-14,0
225.5,-0.05,0.01,-5.89950912396e-14,0
225.5,-0.05,0.015,-5.08147180162e-14,0
225.5,-0.045,0.01,-3.92446406293e-14,0
225.5,-0.045,0.015,-3.65302095128e-14,0
225.5,-0.05,0.02,-4.0914164023e-14,0
225.5,-0.05,0.025,-3.02122915526e-14,0
225.5,-0.045,0.02,-3.26606787954e-14,0
225.5,-0.045,0.025,-2.79185602219e-14,0
225.5,-0.05,0.03,-1.92921976351e-14,0
225.5,-0.05,0.035,-7.51405855678e-15,0
225.5,-0.045,0.03,-2.32581985883e-14,0
225.5,-0.045,0.035,-1.80774732964e-14,0
225.5,-0.05,0.04,5.81957953659e-15,0
225.5,-0.05,0.045,1.91721385042e-14,0
225.5,-0.045,0.04,-1.15048594345e-14,0
225.5,-0.045,0.045,-4.95798254505e-15,0
225.5,-0.05,0.05,3.06998509679e-14,0
225.5,-0.05,0.055,4.11940422108e-14,0
225.5,-0.045,0.05,-3.46426685855e-16,0
225.5,-0.045,0.055,3.34351840718e-15,0
225.5,-0.05,0.06,5.14919710807e-14,0
225.5,-0.05,0.065,6.06858378959e-14,0
225.5,-0.045,0.06,7.07051734493e-15,0
225.5,-0.045,0.065,9.70680560805e-15,0
225.5,-0.05,0.07,6.79529070492e-14,0
225.5,-0.05,0.075,7.29433168513e-14,0
225.5,-0.045,0.07,1.13534083106e-14,0
225.5,-0.045,0.075,1.0986570321e-14,0
225.5,-0.04,-0.075,6.00864033209e-14,0
225.5,-0.04,-0.07,5.93857066285e-14,0
225.5,-0.035,-0.075,4.12700999643e-14,0
225.5,-0.035,-0.07,4.42499110146e-14,0
225.5,-0.04,-0.065,5.89226911506e-14,0
225.5,-0.035,-0.065,4.75981238699e-14,0
225.5,-0.04,-0.06,5.68566997803e-14,0
225.5,-0.035,-0.06,5.00866128553e-14,0
225.5,-0.04,-0.055,5.15899131672e-14,0
225.5,-0.035,-0.055,4.97786436819e-14,0
225.5,-0.04,-0.05,4.46626132749e-14,0
225.5,-0.04,-0.045,3.74405330076e-14,0
225.5,-0.035,-0.05,4.69376276094e-14,0
225.5,-0.035,-0.045,4.32391942285e-14,0
225.5,-0.04,-0.04,3.02130109916e-14,0
225.5,-0.04,-0.035,2.33326723473e-14,0
225.5,-0.035,-0.04,3.87285409081e-14,0
225.5,-0.035,-0.035,3.4060181525e-14,0
225.5,-0.04,-0.03,1.68580296645e-14,0
225.5,-0.035,-0.03,2.97744833249e-14,0
225.5,-0.04,-0.025,1.06310203224e-14,0
225.5,-0.035,-0.025,2.5621721894e-14,0
225.5,-0.04,-0.02,4.75153029677e-15,0
225.5,-0.035,-0.02,2.1181302264e-14,0
225.5,-0.04,-0.015,-5.35720629004e-16,0
225.5,-0.035,-0.015,1.66220951637e-14,0
225.5,-0.04,-0.01,-5.38254983006e-15,0
225.5,-0.04,-0.005,-1.04794819643e-14,0
225.5,-0.035,-0.01,1.2147047016e-14,0
225.5,-0.035,-0.005,7.16248523814e-15,0
225.5,-0.04,0,-1.52912168162e-14,0
225.5,-0.04,0.005,-1.93171632741e-14,0
225.5,-0.035,4.16333634234e-19,1.90103824557e-15,0
225.5,-0.035,0.005,-3.49426011519e-15,0
225.5,-0.04,0.01,-2.27739178481e-14,0
225.5,-0.04,0.015,-2.52093022691e-14,0
225.5,-0.035,0.01,-9.1966106315e-15,0
225.5,-0.035,0.015,-1.51668492406e-14,0
225.5,-0.04,0.02,-2.62465012437e-14,0
225.5,-0.04,0.025,-2.68440181076e-14,0
225.5,-0.035,0.02,-2.04076743835e-14,0
225.5,-0.035,0.025,-2.57852492548e-14,0
225.5,-0.04,0.03,-2.72573098942e-14,0
225.5,-0.04,0.035,-2.75132167112e-14,0
225.5,-0.035,0.03,-3.10837526152e-14,0
225.5,-0.035,0.035,-3.64698964537e-14,0
225.5,-0.04,0.04,-2.75687910892e-14,0
225.5,-0.04,0.045,-2.73896773848e-14,0
225.5,-0.035,0.04,-4.24911122282e-14,0
225.5,-0.035,0.045,-4.81988309283e-14,0
225.5,-0.04,0.05,-2.74965144835e-14,0
225.5,-0.04,0.055,-2.84002557647e-14,0
225.5,-0.035,0.05,-5.27802253012e-14,0
225.5,-0.035,0.055,-5.75176872602e-14,0
225.5,-0.04,0.06,-3.05925675894e-14,0
225.5,-0.04,0.065,-3.38955912825e-14,0
225.5,-0.035,0.06,-6.38430345223e-14,0
225.5,-0.035,0.065,-7.11309149305e-14,0
225.5,-0.04,0.07,-3.82647087864e-14,0
225.5,-0.04,0.075,-4.43892157164e-14,0
225.5,-0.035,0.07,-7.94714148927e-14,0
225.5,-0.035,0.075,-8.94190214941e-14,0
225.5,-0.03,-0.075,1.97108685699e-14,0
225.5,-0.03,-0.07,2.67669668965e-14,0
225.5,-0.025,-0.075,-4.53475080391e-15,0
225.5,-0.025,-0.07,6.81855710493e-15,0
225.5,-0.03,-0.065,3.42481300909e-14,0
225.5,-0.025,-0.065,1.85936537153e-14,0
225.5,-0.03,-0.06,4.09393635499e-14,0
225.5,-0.025,-0.06,2.96708676792e-14,0
225.5,-0.03,-0.055,4.52980971465e-14,0
225.5,-0.025,-0.055,3.88232985077e-14,0
225.5,-0.03,-0.05,4.70616946997e-14,0
225.5,-0.025,-0.05,4.52177629598e-14,0
225.5,-0.03,-0.045,4.7086851232e-14,0
225.5,-0.025,-0.045,4.90201059632e-14,0
225.5,-0.03,-0.04,4.58183786771e-14,0
225.5,-0.03,-0.035,4.36726967187e-14,0
225.5,-0.025,-0.04,5.11410060319e-14,0
225.5,-0.025,-0.035,5.19316086201e-14,0
225.5,-0.03,-0.03,4.11057012039e-14,0
225.5,-0.03,-0.025,3.84377285534e-14,0
225.5,-0.025,-0.03,5.12347740368e-14,0
225.5,-0.025,-0.025,4.9630685578e-14,0
225.5,-0.03,-0.02,3.52265450563e-14,0
225.5,-0.025,-0.02,4.70591445245e-14,0
225.5,-0.03,-0.015,3.08685796658e-14,0
225.5,-0.025,-0.015,4.3193078429e-14,0
225.5,-0.03,-0.01,2.59163607717e-14,0
225.5,-0.025,-0.01,3.8372325209e-14,0
225.5,-0.03,-0.005,2.0696854295e-14,0
225.5,-0.025,-0.005,3.29323813272e-14,0
225.5,-0.03,0,1.50854384857e-14,0
225.5,-0.03,0.005,9.0432081323e-15,0
225.5,-0.025,4.16333634234e-19,2.69088519586e-14,0
225.5,-0.025,0.005,2.00521595199e-14,0
225.5,-0.03,0.01,2.17148962617e-15,0
225.5,-0.03,0.015,-5.60695384457e-15,0
225.5,-0.025,0.01,1.2036225532e-14,0
225.5,-0.025,0.015,2.84371340522e-15,0
225.5,-0.03,0.02,-1.41642858453e-14,0
225.5,-0.03,0.025,-2.38267817794e-14,0
225.5,-0.025,0.02,-8.06738342361e-15,0
225.5,-0.025,0.025,-2.11573724971e-14,0
225.5,-0.03,0.03,-3.42553529845e-14,0
225.5,-0.03,0.035,-4.49281743851e-14,0
225.5,-0.025,0.03,-3.59680416338e-14,0
225.5,-0.025,0.035,-5.13018225653e-14,0
225.5,-0.03,0.04,-5.55797641791e-14,0
225.5,-0.03,0.045,-6.6110385373e-14,0
225.5,-0.025,0.04,-6.62430699229e-14,0
225.5,-0.025,0.045,-8.11777318284e-14,0
225.5,-0.03,0.05,-7.58050942357e-14,0
225.5,-0.03,0.055,-8.47533738075e-14,0
225.5,-0.025,0.05,-9.58296691994e-14,0
225.5,-0.025,0.055,-1.09508256821e-13,0
225.5,-0.03,0.06,-9.39169475485e-14,0
225.5,-0.03,0.065,-1.03698677934e-13,0
225.5,-0.025,0.06,-1.21757648284e-13,0
225.5,-0.025,0.065,-1.33755074578e-13,0
225.5,-0.03,0.07,-1.14266017871e-13,0
225.5,-0.03,0.075,-1.25904775151e-13,0
225.5,-0.025,0.07,-1.4611614325e-13,0
225.5,-0.025,0.075,-1.59323437774e-13,0
225.5,-0.02,-0.075,-3.07006860882e-14,0
225.5,-0.02,-0.07,-1.53164767052e-14,0
225.5,-0.015,-0.075,-5.87421245334e-14,0
225.5,-0.015,-0.07,-3.91647108616e-14,0
225.5,-0.02,-0.065,5.12685881057e-16,0
225.5,-0.015,-0.065,-1.91848779345e-14,0
225.5,-0.02,-0.06,1.5948218668e-14,0
225.5,-0.015,-0.06,5.2729739916e-16,0
225.5,-0.02,-0.055,2.98149287517e-14,0
225.5,-0.015,-0.055,1.87180761318e-14,0
225.5,-0.02,-0.05,4.13777574522e-14,0
225.5,-0.015,-0.05,3.51347325038e-14,0
225.5,-0.02,-0.045,4.96147339354e-14,0
225.5,-0.015,-0.045,4.85220764199e-14,0
225.5,-0.02,-0.04,5.50043387063e-14,0
225.5,-0.015,-0.04,5.78669701469e-14,0
225.5,-0.02,-0.035,5.86606144567e-14,0
225.5,-0.015,-0.035,6.45311741264e-14,0
225.5,-0.02,-0.03,6.01595532711e-14,0
225.5,-0.02,-0.025,5.95350744675e-14,0
225.5,-0.015,-0.03,6.81777196756e-14,0
225.5,-0.015,-0.025,6.86146417094e-14,0
225.5,-0.02,-0.02,5.70659542258e-14,0
225.5,-0.02,-0.015,5.31157933643e-14,0
225.5,-0.015,-0.02,6.59259889561e-14,0
225.5,-0.015,-0.015,6.03829192251e-14,0
225.5,-0.02,-0.01,4.80234185518e-14,0
225.5,-0.015,-0.01,5.29335921314e-14,0
225.5,-0.02,-0.005,4.22321807199e-14,0
225.5,-0.015,-0.005,4.59301265388e-14,0
225.5,-0.02,0,3.59284910217e-14,0
225.5,-0.015,4.16333634234e-19,3.99162663615e-14,0
225.5,-0.02,0.005,2.84749166824e-14,0
225.5,-0.015,0.005,3.3239001541e-14,0
225.5,-0.02,0.01,1.98509927143e-14,0
225.5,-0.02,0.015,9.93890132814e-15,0
225.5,-0.015,0.01,2.55444414976e-14,0
225.5,-0.015,0.015,1.616727885e-14,0
225.5,-0.02,0.02,-2.77639426808e-15,0
225.5,-0.02,0.025,-1.8709356331e-14,0
225.5,-0.015,0.02,2.44066717299e-15,0
225.5,-0.015,0.025,-1.58181525286e-14,0
225.5,-0.02,0.03,-3.62824564286e-14,0
225.5,-0.02,0.035,-5.46516349625e-14,0
225.5,-0.015,0.03,-3.57212817519e-14,0
225.5,-0.015,0.035,-5.65869012418e-14,0
225.5,-0.02,0.04,-7.37740264608e-14,0
225.5,-0.02,0.045,-9.28613983457e-14,0
225.5,-0.015,0.04,-7.90281893901e-14,0
225.5,-0.015,0.045,-1.01056511234e-13,0
225.5,-0.02,0.05,-1.11478623836e-13,0
225.5,-0.02,0.055,-1.2911838305e-13,0
225.5,-0.015,0.05,-1.21954535042e-13,0
225.5,-0.015,0.055,-1.4240565926e-13,0
225.5,-0.02,0.06,-1.44837684806e-13,0
225.5,-0.02,0.065,-1.58740442977e-13,0
225.5,-0.015,0.06,-1.61241167358e-13,0
225.5,-0.015,0.065,-1.75931332393e-13,0
225.5,-0.02,0.07,-1.72260791618e-13,0
225.5,-0.02,0.075,-1.87384525774e-13,0
225.5,-0.015,0.07,-1.88947071215e-13,0
225.5,-0.015,0.075,-2.0439711371e-13,0
225.5,-0.01,-0.075,-8.89300171987e-14,0
225.5,-0.01,-0.07,-6.43600260526e-14,0
225.5,-0.005,-0.075,-1.20113520839e-13,0
225.5,-0.005,-0.07,-9.02666273818e-14,0
225.5,-0.01,-0.065,-3.95892143655e-14,0
225.5,-0.005,-0.065,-6.03471630943e-14,0
225.5,-0.01,-0.06,-1.53251012471e-14,0
225.5,-0.005,-0.06,-3.09825754078e-14,0
225.5,-0.01,-0.055,7.16047257757e-15,0
225.5,-0.005,-0.055,-4.0111557716e-15,0
225.5,-0.01,-0.05,2.74899501996e-14,0
225.5,-0.005,-0.05,1.99224374846e-14,0
225.5,-0.01,-0.045,4.51897103672e-14,0
225.5,-0.005,-0.045,4.11137986787e-14,0
225.5,-0.01,-0.04,5.91824667242e-14,0
225.5,-0.005,-0.04,5.88874194634e-14,0
225.5,-0.01,-0.035,6.94452185386e-14,0
225.5,-0.005,-0.035,7.30408801967e-14,0
225.5,-0.01,-0.03,7.53560073674e-14,0
225.5,-0.005,-0.03,8.15585024019e-14,0
225.5,-0.01,-0.025,7.67480971774e-14,0
225.5,-0.005,-0.025,8.39165850189e-14,0
225.5,-0.01,-0.02,7.32009958089e-14,0
225.5,-0.01,-0.015,6.4323216696e-14,0
225.5,-0.005,-0.02,7.91587501886e-14,0
225.5,-0.005,-0.015,6.64612805143e-14,0
225.5,-0.0117873230072,-0.0115873794689,5.64248586058e-14,0
225.5,-0.00939961996336,-0.005,4.14654040756e-14,0
225.5,-0.00792797428371,-0.00964253216809,5.01801484087e-14,0
225.5,-0.005,-0.00939961996336,4.69083718117e-14,0
225.5,-0.0108753492546,-0.00150606400588,3.94403740931e-14,0
225.5,-0.00818101620308,-0.00211452602544,3.45175468422e-14,0
225.5,-0.00651817360753,-0.000255934956239,2.5788551485e-14,0
225.5,-0.005,6.71033969428e-08,1.12784341986e-14,0
225.5,-0.0107292118043,0.00160660295843,3.67085248955e-14,0
225.5,-0.0080188992252,0.000768320427092,3.20527096971e-14,0
225.5,-0.00939946851065,0.005,3.34411481301e-14,0
225.5,-0.00802129342231,0.00264911934363,3.22678043355e-14,0
225.5,-0.00887989370213,0.00887989479405,3.10997430711e-14,0
225.5,-0.01,0.015,2.19688494645e-14,0
225.5,-0.005,0.00939947397025,3.33945587811e-14,0
225.5,-0.005,0.015,2.84496417619e-14,0
225.5,-0.01,0.02,8.26132156845e-15,0
225.5,-0.01,0.025,-1.13957145684e-14,0
225.5,-0.005,0.02,1.46610272762e-14,0
225.5,-0.005,0.025,-6.54533328465e-15,0
225.5,-0.01,0.03,-3.38208204188e-14,0
225.5,-0.01,0.035,-5.76582467485e-14,0
225.5,-0.005,0.03,-3.1166651192e-14,0
225.5,-0.005,0.035,-5.73722531614e-14,0
225.5,-0.01,0.04,-8.28077410751e-14,0
225.5,-0.01,0.045,-1.06333850502e-13,0
225.5,-0.005,0.04,-8.46582100185e-14,0
225.5,-0.005,0.045,-1.08484084414e-13,0
225.5,-0.01,0.05,-1.27450165773e-13,0
225.5,-0.01,0.055,-1.4858282482e-13,0
225.5,-0.005,0.05,-1.28125622479e-13,0
225.5,-0.005,0.055,-1.47322348319e-13,0
225.5,-0.01,0.06,-1.68483417579e-13,0
225.5,-0.01,0.065,-1.82281420702e-13,0
225.5,-0.005,0.06,-1.63900594776e-13,0
225.5,-0.005,0.065,-1.74476976197e-13,0
225.5,-0.01,0.07,-1.92955297617e-13,0
225.5,-0.01,0.075,-2.06520999645e-13,0
225.5,-0.005,0.07,-1.81965904433e-13,0
225.5,-0.005,0.075,-1.91291623245e-13,0
225.5,0,-0.075,-1.51209686503e-13,0
225.5,0,-0.07,-1.15745638429e-13,0
225.5,0.005,-0.075,-1.7934112311e-13,0
225.5,0.005,-0.07,-1.38675101537e-13,0
225.5,0,-0.065,-8.09655492692e-14,0
225.5,0.005,-0.065,-9.92014944182e-14,0
225.5,0,-0.06,-4.60424801215e-14,0
225.5,0.005,-0.06,-6.00827007828e-14,0
225.5,0,-0.055,-1.37613212365e-14,0
225.5,0.005,-0.055,-2.31058735891e-14,0
225.5,0,-0.05,1.33598258497e-14,0
225.5,0.005,-0.05,8.04988514937e-15,0
225.5,0,-0.045,3.75386367075e-14,0
225.5,0.005,-0.045,3.51460937908e-14,0
225.5,0,-0.04,5.82416287055e-14,0
225.5,0.005,-0.04,5.84855501494e-14,0
225.5,0,-0.035,7.54362005276e-14,0
225.5,0.005,-0.035,7.78471699325e-14,0
225.5,0,-0.03,8.66968273474e-14,0
225.5,0.005,-0.03,9.14151213146e-14,0
225.5,0,-0.025,9.03943702263e-14,0
225.5,0.005,-0.025,9.62260103641e-14,0
225.5,0,-0.02,8.45274156408e-14,0
225.5,0.005,-0.02,9.00804580192e-14,0
225.5,0,-0.015,6.8942487706e-14,0
225.5,0.005,-0.015,7.37068872172e-14,0
225.5,-0.0021196717084,-0.00776771017156,3.72939307228e-14,0
225.5,-0.00084550708518,-0.00631514607954,2.64586415759e-14,0
225.5,6.71033969406e-08,-0.005,1.16571087743e-14,0
225.5,-0.00139054260708,-0.0110960807567,5.28147387544e-14,0
225.5,0.00132468676756,-0.00775008274642,3.75151360966e-14,0
225.5,0.00160394440688,-0.0116908851489,5.6667071501e-14,0
225.5,0.005,-0.00939946851065,5.01651549396e-14,0
225.5,0.005,0.005,2.60306774531e-14,0
225.5,-0.000107646311398,0.00617659695633,2.6114074778e-14,0
225.5,-0.00190846935279,0.0076427502668,3.40477471159e-14,0
225.5,0.00131146485568,0.00777290068297,3.4328076447e-14,0
225.5,0.00295884413402,0.00640276348073,2.87691655384e-14,0
225.5,-1.21517769428e-05,0.0108932602996,3.78397591542e-14,0
225.5,0,0.015,3.36442637245e-14,0
225.5,0.005,0.00939942566771,3.44520544334e-14,0
225.5,0.005,0.015,3.02696895636e-14,0
225.5,0,0.02,1.81915171594e-14,0
225.5,0,0.025,-4.94993422277e-15,0
225.5,0.005,0.02,1.43372046187e-14,0
225.5,0.005,0.025,-9.05397663268e-15,0
225.5,0,0.03,-3.04976285808e-14,0
225.5,0,0.035,-5.73421558683e-14,0
225.5,0.005,0.03,-3.28957459068e-14,0
225.5,0.005,0.035,-5.72844175414e-14,0
225.5,0,0.04,-8.47005610407e-14,0
225.5,0,0.045,-1.07093875271e-13,0
225.5,0.005,0.04,-8.18516605352e-14,0
225.5,0.005,0.045,-1.00774882827e-13,0
225.5,0,0.05,-1.23501616788e-13,0
225.5,0,0.055,-1.38789534504e-13,0
225.5,0.005,0.05,-1.13624287843e-13,0
225.5,0.005,0.055,-1.24923264392e-13,0
225.5,0,0.06,-1.50652049709e-13,0
225.5,0,0.065,-1.56533002489e-13,0
225.5,0.005,0.06,-1.32430981274e-13,0
225.5,0.005,0.065,-1.3241066569e-13,0
225.5,0,0.07,-1.59232657361e-13,0
225.5,0,0.075,-1.6312069564e-13,0
225.5,0.005,0.07,-1.28049350457e-13,0
225.5,0.005,0.075,-1.2438068967e-13,0
225.5,0.01,-0.075,-2.03010419082e-13,0
225.5,0.01,-0.07,-1.58139938604e-13,0
225.5,0.015,-0.075,-2.23549456904e-13,0
225.5,0.015,-0.07,-1.74796802323e-13,0
225.5,0.01,-0.065,-1.14373970407e-13,0
225.5,0.015,-0.065,-1.27313209331e-13,0
225.5,0.01,-0.06,-7.20502467149e-14,0
225.5,0.015,-0.06,-8.18113972704e-14,0
225.5,0.01,-0.055,-3.19518884153e-14,0
225.5,0.015,-0.055,-3.86711879592e-14,0
225.5,0.01,-0.05,3.68404029442e-15,0
225.5,0.015,-0.05,9.19853381672e-16,0
225.5,0.01,-0.045,3.43186169591e-14,0
225.5,0.015,-0.045,3.50988184254e-14,0
225.5,0.01,-0.04,6.02709196035e-14,0
225.5,0.015,-0.04,6.34601447105e-14,0
225.5,0.01,-0.035,8.1292186597e-14,0
225.5,0.015,-0.035,8.53059160646e-14,0
225.5,0.01,-0.03,9.60527924016e-14,0
225.5,0.015,-0.03,1.00209377305e-13,0
225.5,0.01,-0.025,1.02300952863e-13,0
225.5,0.015,-0.025,1.08396271333e-13,0
225.5,0.01,-0.02,9.73728951312e-14,0
225.5,0.01,-0.015,8.1675339013e-14,0
225.5,0.015,-0.02,1.0577718331e-13,0
225.5,0.015,-0.015,9.11411562133e-14,0
225.5,0.00999280436795,-0.0116358337096,6.87761228192e-14,0
225.5,0.0105889214373,-0.00845762197625,5.81461458074e-14,0
225.5,0.015,-0.01,7.25761496911e-14,0
225.5,0.00939947397025,-0.005,4.4026729033e-14,0
225.5,0.015,-0.005,5.60276167862e-14,0
225.5,0.00658051136513,-0.00296146438142,2.91966189652e-14,0
225.5,0.00636794669772,-3.54305826484e-06,2.27891914681e-14,0
225.5,0.00795807888052,-0.00113999998936,3.082395217e-14,0
225.5,0.00758147027913,0.00183630393596,2.79633695773e-14,0
225.5,0.0112534647756,-1.47536350887e-07,3.82542637665e-14,0
225.5,0.015,4.16333634234e-19,4.31443565394e-14,0
225.5,0.00939942566771,0.005,3.22636906258e-14,0
225.5,0.015,0.005,3.35066864828e-14,0
225.5,0.00999018807453,0.0109670628501,2.88237972807e-14,0
225.5,0.01,0.015,2.19476868224e-14,0
225.5,0.015,0.01,2.41576471226e-14,0
225.5,0.015,0.015,1.21039607943e-14,0
225.5,0.01,0.02,6.02628877366e-15,0
225.5,0.01,0.025,-1.52604892565e-14,0
225.5,0.015,0.02,-4.17019180385e-15,0
225.5,0.015,0.025,-2.28509874495e-14,0
225.5,0.01,0.03,-3.67864974591e-14,0
225.5,0.01,0.035,-5.79608733632e-14,0
225.5,0.015,0.03,-4.1452392926e-14,0
225.5,0.015,0.035,-5.87959709416e-14,0
225.5,0.01,0.04,-7.73500696314e-14,0
225.5,0.01,0.045,-9.15335759205e-14,0
225.5,0.015,0.04,-7.28367980709e-14,0
225.5,0.015,0.045,-8.2006590306e-14,0
225.5,0.01,0.05,-1.00989958592e-13,0
225.5,0.01,0.055,-1.08523204227e-13,0
225.5,0.015,0.05,-8.76981629787e-14,0
225.5,0.015,0.055,-9.01591488444e-14,0
225.5,0.01,0.06,-1.10456571267e-13,0
225.5,0.01,0.065,-1.02697347802e-13,0
225.5,0.015,0.06,-8.39819357987e-14,0
225.5,0.015,0.065,-6.65398155336e-14,0
225.5,0.01,0.07,-8.82025121037e-14,0
225.5,0.01,0.075,-7.30094035482e-14,0
225.5,0.015,0.07,-4.11787082284e-14,0
225.5,0.015,0.075,-1.42966160547e-14,0
225.5,0.02,-0.075,-2.40637634026e-13,0
225.5,0.02,-0.07,-1.87866153227e-13,0
225.5,0.025,-0.075,-2.51997034853e-13,0
225.5,0.025,-0.07,-1.95792947345e-13,0
225.5,0.02,-0.065,-1.3679061929e-13,0
225.5,0.025,-0.065,-1.41375089928e-13,0
225.5,0.02,-0.06,-8.77429946073e-14,0
225.5,0.025,-0.06,-8.8989005716e-14,0
225.5,0.02,-0.055,-4.11809765905e-14,0
225.5,0.025,-0.055,-3.91043535972e-14,0
225.5,0.02,-0.05,1.58896764788e-15,0
225.5,0.025,-0.05,6.4453008223e-15,0
225.5,0.02,-0.045,3.82825248343e-14,0
225.5,0.025,-0.045,4.4655480307e-14,0
225.5,0.02,-0.04,6.81381952829e-14,0
225.5,0.025,-0.04,7.48541997577e-14,0
225.5,0.02,-0.035,9.0583621511e-14,0
225.5,0.025,-0.035,9.77526480517e-14,0
225.5,0.02,-0.03,1.05798226383e-13,0
225.5,0.025,-0.03,1.132373573e-13,0
225.5,0.02,-0.025,1.15007075051e-13,0
225.5,0.025,-0.025,1.22626223071e-13,0
225.5,0.02,-0.02,1.13818135674e-13,0
225.5,0.025,-0.02,1.21428205911e-13,0
225.5,0.02,-0.015,9.97666219821e-14,0
225.5,0.025,-0.015,1.05712122099e-13,0
225.5,0.02,-0.01,7.97952320544e-14,0
225.5,0.025,-0.01,8.30626716035e-14,0
225.5,0.02,-0.005,6.07528441554e-14,0
225.5,0.025,-0.005,6.11902824753e-14,0
225.5,0.02,0,4.4469514008e-14,0
225.5,0.025,4.16333634234e-19,4.17007624537e-14,0
225.5,0.02,0.005,3.02943335083e-14,0
225.5,0.025,0.005,2.36672375193e-14,0
225.5,0.02,0.01,1.62891168466e-14,0
225.5,0.025,0.01,5.73627586879e-15,0
225.5,0.02,0.015,9.72410608912e-16,0
225.5,0.025,0.015,-1.18934512376e-14,0
225.5,0.02,0.02,-1.56709032607e-14,0
225.5,0.02,0.025,-3.2315542075e-14,0
225.5,0.025,0.02,-2.87300550851e-14,0
225.5,0.025,0.025,-4.37000440377e-14,0
225.5,0.02,0.03,-4.74236236879e-14,0
225.5,0.02,0.035,-6.04341798507e-14,0
225.5,0.025,0.03,-5.51659218204e-14,0
225.5,0.025,0.035,-6.38850984363e-14,0
225.5,0.02,0.04,-6.98438721134e-14,0
225.5,0.02,0.045,-7.43560111821e-14,0
225.5,0.025,0.04,-6.86824608967e-14,0
225.5,0.025,0.045,-6.77934791696e-14,0
225.5,0.02,0.05,-7.38918680839e-14,0
225.5,0.02,0.055,-6.75149689355e-14,0
225.5,0.025,0.05,-5.95929285617e-14,0
225.5,0.025,0.055,-4.33211727095e-14,0
225.5,0.02,0.06,-5.15025796438e-14,0
225.5,0.02,0.065,-2.42917579221e-14,0
225.5,0.025,0.06,-1.70152774718e-14,0
225.5,0.025,0.065,1.90751838325e-14,0
225.5,0.02,0.07,8.41473928726e-15,0
225.5,0.02,0.075,4.17129649603e-14,0
225.5,0.025,0.07,5.87417858951e-14,0
225.5,0.025,0.075,9.86985291654e-14,0
225.5,0.03,-0.075,-2.57378992736e-13,0
225.5,0.03,-0.07,-1.98605865633e-13,0
225.5,0.035,-0.075,-2.58409303605e-13,0
225.5,0.035,-0.07,-1.97058454296e-13,0
225.5,0.03,-0.065,-1.41448353468e-13,0
225.5,0.035,-0.065,-1.36982831778e-13,0
225.5,0.03,-0.06,-8.5844867862e-14,0
225.5,0.035,-0.06,-7.806136324e-14,0
225.5,0.03,-0.055,-3.26652975007e-14,0
225.5,0.035,-0.055,-2.1767305418e-14,0
225.5,0.03,-0.05,1.53624332367e-14,0
225.5,0.035,-0.05,2.82386627417e-14,0
225.5,0.03,-0.045,5.46216086489e-14,0
225.5,0.035,-0.045,6.83701984244e-14,0
225.5,0.03,-0.04,8.47698820033e-14,0
225.5,0.035,-0.04,9.84287729164e-14,0
225.5,0.03,-0.035,1.07353609567e-13,0
225.5,0.035,-0.035,1.19671682353e-13,0
225.5,0.03,-0.03,1.21941536634e-13,0
225.5,0.035,-0.03,1.31380056584e-13,0
225.5,0.03,-0.025,1.30142077515e-13,0
225.5,0.035,-0.025,1.36876967989e-13,0
225.5,0.03,-0.02,1.26942595905e-13,0
225.5,0.035,-0.02,1.30480500317e-13,0
225.5,0.03,-0.015,1.08027682305e-13,0
225.5,0.035,-0.015,1.08541636545e-13,0
225.5,0.03,-0.01,8.29533932551e-14,0
225.5,0.035,-0.01,8.07520060661e-14,0
225.5,0.03,-0.005,5.84380189163e-14,0
225.5,0.035,-0.005,5.25453570183e-14,0
225.5,0.03,0,3.51440765006e-14,0
225.5,0.035,4.16333634234e-19,2.49672472185e-14,0
225.5,0.03,0.005,1.30187279821e-14,0
225.5,0.035,0.005,-1.13691185399e-15,0
225.5,0.03,0.01,-8.09972035507e-15,0
225.5,0.035,0.01,-2.52084051295e-14,0
225.5,0.03,0.015,-2.74218192422e-14,0
225.5,0.035,0.015,-4.59826351822e-14,0
225.5,0.03,0.02,-4.40939393092e-14,0
225.5,0.035,0.02,-6.17575097046e-14,0
225.5,0.03,0.025,-5.68258942154e-14,0
225.5,0.035,0.025,-7.21908995817e-14,0
225.5,0.03,0.03,-6.5074444474e-14,0
225.5,0.03,0.035,-6.98141514828e-14,0
225.5,0.035,0.03,-7.77350517672e-14,0
225.5,0.035,0.035,-7.86207535012e-14,0
225.5,0.03,0.04,-6.94819986908e-14,0
225.5,0.03,0.045,-6.2578464997e-14,0
225.5,0.035,0.04,-7.34074085663e-14,0
225.5,0.035,0.045,-6.15055718351e-14,0
225.5,0.03,0.05,-4.71355157497e-14,0
225.5,0.03,0.055,-2.1303434324e-14,0
225.5,0.035,0.05,-3.89719324993e-14,0
225.5,0.035,0.055,-2.14176865017e-15,0
225.5,0.03,0.06,1.61074039222e-14,0
225.5,0.03,0.065,6.15890274119e-14,0
225.5,0.035,0.06,4.83755840355e-14,0
225.5,0.035,0.065,1.03476028364e-13,0
225.5,0.03,0.07,1.09398401041e-13,0
225.5,0.03,0.075,1.57538506333e-13,0
225.5,0.035,0.07,1.59412143208e-13,0
225.5,0.035,0.075,2.15699998496e-13,0
225.5,0.04,-0.075,-2.54102917055e-13,0
225.5,0.04,-0.07,-1.89759182782e-13,0
225.5,0.045,-0.075,-2.41418221901e-13,0
225.5,0.045,-0.07,-1.75584629952e-13,0
225.5,0.04,-0.065,-1.26748295096e-13,0
225.5,0.045,-0.065,-1.10970884179e-13,0
225.5,0.04,-0.06,-6.53145241948e-14,0
225.5,0.045,-0.06,-4.79788493885e-14,0
225.5,0.04,-0.055,-6.61601440129e-15,0
225.5,0.045,-0.055,1.2843840709e-14,0
225.5,0.04,-0.05,4.52381360275e-14,0
225.5,0.045,-0.05,6.6354196312e-14,0
225.5,0.04,-0.045,8.64205004187e-14,0
225.5,0.045,-0.045,1.06779669533e-13,0
225.5,0.04,-0.04,1.16036197482e-13,0
225.5,0.045,-0.04,1.33210443134e-13,0
225.5,0.04,-0.035,1.33803823355e-13,0
225.5,0.045,-0.035,1.47846533848e-13,0
225.5,0.04,-0.03,1.41613241679e-13,0
225.5,0.045,-0.03,1.53124941917e-13,0
225.5,0.04,-0.025,1.43797046907e-13,0
225.5,0.045,-0.025,1.51725964338e-13,0
225.5,0.04,-0.02,1.33647082505e-13,0
225.5,0.045,-0.02,1.36615739016e-13,0
225.5,0.04,-0.015,1.08167831613e-13,0
225.5,0.045,-0.015,1.049220029e-13,0
225.5,0.04,-0.01,7.56897021826e-14,0
225.5,0.045,-0.01,6.66258600796e-14,0
225.5,0.04,-0.005,4.26776666844e-14,0
225.5,0.045,-0.005,2.8948580126e-14,0
225.5,0.04,0,1.11009956224e-14,0
225.5,0.045,4.16333634234e-19,-6.16107582115e-15,0
225.5,0.04,0.005,-1.85993297289e-14,0
225.5,0.045,0.005,-3.91852939334e-14,0
225.5,0.04,0.01,-4.5871343824e-14,0
225.5,0.045,0.01,-6.93213587048e-14,0
225.5,0.04,0.015,-6.75259740266e-14,0
225.5,0.045,0.015,-9.16759058802e-14,0
225.5,0.04,0.02,-8.20287614632e-14,0
225.5,0.045,0.02,-1.05457457644e-13,0
225.5,0.04,0.025,-9.06445006585e-14,0
225.5,0.045,0.025,-1.12354518408e-13,0
225.5,0.04,0.03,-9.33686987888e-14,0
225.5,0.045,0.03,-1.12324193934e-13,0
225.5,0.04,0.035,-9.07092634302e-14,0
225.5,0.045,0.035,-1.06686192374e-13,0
225.5,0.04,0.04,-8.1688986078e-14,0
225.5,0.04,0.045,-6.62910676847e-14,0
225.5,0.045,0.04,-9.3598421694e-14,0
225.5,0.045,0.045,-7.26037232279e-14,0
225.5,0.04,0.05,-3.4123444966e-14,0
225.5,0.04,0.055,1.85535867981e-14,0
225.5,0.045,0.05,-2.81177392824e-14,0
225.5,0.045,0.055,3.91007134423e-14,0
225.5,0.04,0.06,8.07610198018e-14,0
225.5,0.04,0.065,1.44700707793e-13,0
225.5,0.045,0.06,1.12124827278e-13,0
225.5,0.045,0.065,1.85441722954e-13,0
225.5,0.04,0.07,2.08188470738e-13,0
225.5,0.04,0.075,2.71193423039e-13,0
225.5,0.045,0.07,2.56345340968e-13,0
225.5,0.045,0.075,3.25496937642e-13,0
225.5,0.05,-0.075,-2.23334200691e-13,0
225.5,0.05,-0.07,-1.56962632378e-13,0
225.5,0.055,-0.075,-2.03603499431e-13,0
225.5,0.055,-0.07,-1.36510278834e-13,0
225.5,0.05,-0.065,-9.15110786997e-14,0
225.5,0.055,-0.065,-7.0116859929e-14,0
225.5,0.05,-0.06,-2.73595272625e-14,0
225.5,0.055,-0.06,-4.70246576678e-15,0
225.5,0.05,-0.055,3.50351181896e-14,0
225.5,0.055,-0.055,5.91729752614e-14,0
225.5,0.05,-0.05,9.00620002475e-14,0
225.5,0.055,-0.05,1.15972843263e-13,0
225.5,0.05,-0.045,1.28397617552e-13,0
225.5,0.055,-0.045,1.52936859671e-13,0
225.5,0.05,-0.04,1.51169708154e-13,0
225.5,0.055,-0.04,1.72070662586e-13,0
225.5,0.05,-0.035,1.63635531325e-13,0
225.5,0.055,-0.035,1.81816706171e-13,0
225.5,0.05,-0.03,1.65957382365e-13,0
225.5,0.055,-0.03,1.79796469097e-13,0
225.5,0.05,-0.025,1.58906546924e-13,0
225.5,0.055,-0.025,1.63964497066e-13,0
225.5,0.05,-0.02,1.35922759343e-13,0
225.5,0.055,-0.02,1.30528437795e-13,0
225.5,0.05,-0.015,9.6938686074e-14,0
225.5,0.055,-0.015,8.56804305655e-14,0
225.5,0.05,-0.01,5.41439489985e-14,0
225.5,0.055,-0.01,3.90208814201e-14,0
225.5,0.05,-0.005,1.23548623756e-14,0
225.5,0.055,-0.005,-7.4544014788e-15,0
225.5,0.05,0,-2.73328981651e-14,0
225.5,0.055,4.16333634234e-19,-5.25713534606e-14,0
225.5,0.05,0.005,-6.40885316641e-14,0
225.5,0.055,0.005,-9.31265269823e-14,0
225.5,0.05,0.01,-9.61526564437e-14,0
225.5,0.055,0.01,-1.26550875649e-13,0
225.5,0.05,0.015,-1.19043512506e-13,0
225.5,0.055,0.015,-1.49665285565e-13,0
225.5,0.05,0.02,-1.32292498192e-13,0
225.5,0.055,0.02,-1.623334832e-13,0
225.5,0.05,0.025,-1.37437309603e-13,0
225.5,0.055,0.025,-1.65855171176e-13,0
225.5,0.05,0.03,-1.3514011737e-13,0
225.5,0.055,0.03,-1.61638149155e-13,0
225.5,0.05,0.035,-1.27448676296e-13,0
225.5,0.055,0.035,-1.51383900428e-13,0
225.5,0.05,0.04,-1.09127805948e-13,0
225.5,0.055,0.04,-1.26683181643e-13,0
225.5,0.05,0.045,-7.64820350234e-14,0
225.5,0.055,0.045,-8.28709905785e-14,0
225.5,0.05,0.05,-2.05389528598e-14,0
225.5,0.05,0.055,5.70884453838e-14,0
225.5,0.055,0.05,-1.53000944952e-14,0
225.5,0.055,0.055,7.2759758703e-14,0
225.5,0.05,0.06,1.41156143361e-13,0
225.5,0.05,0.065,2.24576556027e-13,0
225.5,0.055,0.06,1.67536440933e-13,0
225.5,0.055,0.065,2.61977863813e-13,0
225.5,0.05,0.07,3.04294817944e-13,0
225.5,0.05,0.075,3.81397780563e-13,0
225.5,0.055,0.07,3.51442553582e-13,0
225.5,0.055,0.075,4.36094278715e-13,0
225.5,0.06,-0.075,-1.81248566927e-13,0
225.5,0.06,-0.07,-1.12420103865e-13,0
225.5,0.065,-0.075,-1.54441836243e-13,0
225.5,0.065,-0.07,-8.37888587105e-14,0
225.5,0.06,-0.065,-4.46557213248e-14,0
225.5,0.065,-0.065,-1.38847538702e-14,0
225.5,0.06,-0.06,2.24598915352e-14,0
225.5,0.065,-0.06,5.45092414457e-14,0
225.5,0.06,-0.055,8.80826480031e-14,0
225.5,0.065,-0.055,1.21307000995e-13,0
225.5,0.06,-0.05,1.4525355309e-13,0
225.5,0.065,-0.05,1.77491484288e-13,0
225.5,0.06,-0.045,1.80409338661e-13,0
225.5,0.065,-0.045,2.104613158e-13,0
225.5,0.06,-0.04,1.96095684373e-13,0
225.5,0.065,-0.04,2.23511397337e-13,0
225.5,0.06,-0.035,2.02334645972e-13,0
225.5,0.065,-0.035,2.2333927123e-13,0
225.5,0.06,-0.03,1.92861008289e-13,0
225.5,0.065,-0.03,2.02048644896e-13,0
225.5,0.06,-0.025,1.6433407705e-13,0
225.5,0.065,-0.025,1.62118528015e-13,0
225.5,0.06,-0.02,1.21750345595e-13,0
225.5,0.065,-0.02,1.10503997951e-13,0
225.5,0.06,-0.015,7.20447513089e-14,0
225.5,0.065,-0.015,5.26809690049e-14,0
225.5,0.06,-0.01,1.9489000397e-14,0
225.5,0.065,-0.01,-6.01404723823e-15,0
225.5,0.06,-0.005,-3.26746520651e-14,0
225.5,0.065,-0.005,-6.24622178309e-14,0
225.5,0.06,0,-8.22590885294e-14,0
225.5,0.065,4.16333634234e-19,-1.14965048128e-13,0
225.5,0.06,0.005,-1.26003196027e-13,0
225.5,0.065,0.005,-1.61285433918e-13,0
225.5,0.06,0.01,-1.60437568151e-13,0
225.5,0.065,0.01,-1.97614222051e-13,0
225.5,0.06,0.015,-1.83705415694e-13,0
225.5,0.065,0.015,-2.21157600313e-13,0
225.5,0.06,0.02,-1.95917592608e-13,0
225.5,0.065,0.02,-2.33067145916e-13,0
225.5,0.06,0.025,-1.98773134688e-13,0
225.5,0.065,0.025,-2.35592433023e-13,0
225.5,0.06,0.03,-1.92753996734e-13,0
225.5,0.065,0.03,-2.27871504309e-13,0
225.5,0.06,0.035,-1.77942878357e-13,0
225.5,0.065,0.035,-2.08919059024e-13,0
225.5,0.06,0.04,-1.46267289402e-13,0
225.5,0.065,0.04,-1.70176159356e-13,0
225.5,0.06,0.045,-9.18299065428e-14,0
225.5,0.065,0.045,-1.05911601411e-13,0
225.5,0.06,0.05,-1.1805694498e-14,0
225.5,0.065,0.05,-1.28076779422e-14,0
225.5,0.06,0.055,8.77134763815e-14,0
225.5,0.065,0.055,1.00196046667e-13,0
225.5,0.06,0.06,1.91122202136e-13,0
225.5,0.06,0.065,2.94811040173e-13,0
225.5,0.065,0.06,2.12543532244e-13,0
225.5,0.065,0.065,3.24713918079e-13,0
225.5,0.06,0.07,3.96961027477e-13,0
225.5,0.06,0.075,4.96444948727e-13,0
225.5,0.065,0.07,4.3939026393e-13,0
225.5,0.065,0.075,5.53805038379e-13,0
225.5,0.07,-0.075,-1.23522959751e-13,0
225.5,0.07,-0.07,-5.08962167379e-14,0
225.5,0.075,-0.075,-8.94124092136e-14,0
225.5,0.075,-0.07,-1.59194183399e-14,0
225.5,0.07,-0.065,2.04234597489e-14,0
225.5,0.075,-0.065,5.56662291841e-14,0
225.5,0.07,-0.06,8.90198855313e-14,0
225.5,0.075,-0.06,1.24360523358e-13,0
225.5,0.07,-0.055,1.56268318887e-13,0
225.5,0.075,-0.055,1.92158405996e-13,0
225.5,0.07,-0.05,2.12094510676e-13,0
225.5,0.075,-0.05,2.50806476512e-13,0
225.5,0.07,-0.045,2.44760683961e-13,0
225.5,0.075,-0.045,2.84351923631e-13,0
225.5,0.07,-0.04,2.55046224795e-13,0
225.5,0.075,-0.04,2.89691330756e-13,0
225.5,0.07,-0.035,2.4353157392e-13,0
225.5,0.075,-0.035,2.66634681227e-13,0
225.5,0.07,-0.03,2.1040547398e-13,0
225.5,0.075,-0.03,2.23246662293e-13,0
225.5,0.07,-0.025,1.60849024611e-13,0
225.5,0.075,-0.025,1.63278609101e-13,0
225.5,0.07,-0.02,9.61214432351e-14,0
225.5,0.075,-0.02,8.17415999702e-14,0
225.5,0.07,-0.015,2.72041490109e-14,0
225.5,0.075,-0.015,-6.11032742101e-16,0
225.5,0.07,-0.01,-3.52080069668e-14,0
225.5,0.075,-0.01,-6.60691844682e-14,0
225.5,0.07,-0.005,-9.46397205925e-14,0
225.5,0.075,-0.005,-1.28529531004e-13,0
225.5,0.07,0,-1.49576802417e-13,0
225.5,0.075,0,-1.86401492614e-13,0
225.5,0.07,0.005,-1.984989104e-13,0
225.5,0.075,0.005,-2.3835258289e-13,0
225.5,0.07,0.01,-2.37299249658e-13,0
225.5,0.075,0.01,-2.80325919147e-13,0
225.5,0.07,0.015,-2.61695994942e-13,0
225.5,0.075,0.015,-3.05847589664e-13,0
225.5,0.07,0.02,-2.73565280516e-13,0
225.5,0.075,0.02,-3.17702570741e-13,0
225.5,0.07,0.025,-2.75818749509e-13,0
225.5,0.075,0.025,-3.19828442338e-13,0
225.5,0.07,0.03,-2.66711394871e-13,0
225.5,0.075,0.03,-3.10097831329e-13,0
225.5,0.07,0.035,-2.45003767014e-13,0
225.5,0.075,0.035,-2.87125111632e-13,0
225.5,0.07,0.04,-2.00535496671e-13,0
225.5,0.075,0.04,-2.39272649023e-13,0
225.5,0.07,0.045,-1.28021501774e-13,0
225.5,0.075,0.045,-1.59846859068e-13,0
225.5,0.07,0.05,-2.23724766547e-14,0
225.5,0.075,0.05,-3.84712830587e-14,0
225.5,0.07,0.055,1.04910571357e-13,0
225.5,0.075,0.055,1.07776351619e-13,0
225.5,0.07,0.06,2.30795213445e-13,0
225.5,0.075,0.06,2.46816681545e-13,0
225.5,0.07,0.065,3.54494678603e-13,0
225.5,0.075,0.065,3.80917755118e-13,0
225.5,0.07,0.07,4.79062489961e-13,0
225.5,0.07,0.075,6.03085446464e-13,0
225.5,0.075,0.07,5.14908034824e-13,0
225.5,0.075,0.075,6.45316722468e-13,0
381.8,-0.00382671281566,-0.00202612167119,0,0
381.8,-0.005,-0.005,3.26795021493e-14,0
381.8,-0.00197892066871,-0.00385133392306,0,0
381.8,-0.005,-0.00190753787223,1.67755437732e-14,0
381.8,-0.00433,0,0,0
381.8,-0.00190753787223,-0.005,1.58246645143e-14,0
381.8,0,-0.00433,0,0
381.8,-0.005,0.00190775150599,1.71750830791e-14,0
381.8,-0.00385133392306,0.00197892066871,0,0
381.8,0.00190775150599,-0.005,1.53663262915e-14,0
381.8,0.00202612167119,-0.00382671281566,0,0
381.8,-0.00202612167119,0.00382671281566,0,0
381.8,-0.005,0.005,3.6580271674e-14,0
381.8,-0.0019094272225,0.005,1.59165044439e-14,0
381.8,0,0.00433,0,0
381.8,0.00147766755988,0.00407006125046,0,0
381.8,8.32667268469e-19,0.005,1.11237957739e-14,0
381.8,0.00433,0,0,0
381.8,0.005,1.38777878078e-18,1.17186458802e-14,0
381.8,0.00407006125046,0.00147766755988,0,0
381.8,0.005,-0.005,2.69118627834e-14,0
381.8,0.00385133392306,-0.00197892066871,0,0
381.8,0.005,-0.0019094272225,1.56530790615e-14,0
381.8,0.00306177236254,0.00306177236254,0,0
381.8,0.0019094272225,0.005,1.57452702659e-14,0
381.8,0.005,0.0019094272225,1.5847907282e-14,0
381.8,-0.000885,-0.0015328649647,1.27153869141e-12,0
381.8,-0.0015328649647,-0.000885,1.27166107823e-12,0
381.8,-0.00186450691264,-0.00187567167242,8.43037623885e-13,0
381.8,-0.00177,0,1.2713527953e-12,0
381.8,-0.00268433516245,-0.000738983120158,7.59117916423e-13,0
381.8,0,-0.00177,1.27150030968e-12,0
381.8,-0.000718432264205,-0.00269192408424,7.57411719343e-13,0
381.8,-0.0015328649647,0.000885,1.26984827812e-12,0
381.8,-0.00265321485144,0.000647311733689,7.89901326418e-13,0
381.8,-0.000885,0.0015328649647,1.26822069756e-12,0
381.8,-0.00194719253591,0.00178443766524,8.43963915367e-13,0
381.8,0,0.00177,1.26411441323e-12,0
381.8,-0.000802720381054,0.00273415977115,7.17510765152e-13,0
381.8,0.000885,-0.0015328649647,1.27018910537e-12,0
381.8,0.00075154031863,-0.00270385456952,7.45301542223e-13,0
381.8,0.00177,0,1.26245414632e-12,0
381.8,0.0015328649647,-0.000885,1.26803660953e-12,0
381.8,0.00271471102228,-0.000564731152102,7.60925506271e-13,0
381.8,0.00192394637685,-0.00189207206672,8.10107942142e-13,0
381.8,0.00231817117671,0.00040530921667,9.87925151838e-13,0
381.8,0.0015328649647,0.000885,1.26072043189e-12,0
381.8,0.000885,0.0015328649647,1.26142550463e-12,0
381.8,0.000427053001345,0.00287092483521,6.82199688831e-13,0
381.8,0.00187618296239,0.00184774001435,8.33352605002e-13,0
381.8,0.00312733402203,0.000607809752493,5.19206800383e-13,0
381.8,0.00276214303706,0.00136595635004,5.76867982882e-13,0
381.8,0.0014100336009,0.00268674970267,6.04780699813e-13,0
381.8,-0.075,-0.075,9.468181836e-14,0
381.8,-0.07,-0.075,7.98827623618e-14,0
381.8,-0.075,-0.07,9.10564549362e-14,0
381.8,-0.07,-0.07,7.83450035504e-14,0
381.8,-0.075,-0.065,8.44711964878e-14,0
381.8,-0.07,-0.065,7.5755657224e-14,0
381.8,-0.065,-0.075,6.20207332597e-14,0
381.8,-0.065,-0.07,6.43675454131e-14,0
381.8,-0.065,-0.065,6.72290581196e-14,0
381.8,-0.075,-0.06,6.99282159697e-14,0
381.8,-0.07,-0.06,6.92989684973e-14,0
381.8,-0.065,-0.06,6.84665059262e-14,0
381.8,-0.075,-0.055,4.64852001306e-14,0
381.8,-0.07,-0.055,5.68241437403e-14,0
381.8,-0.065,-0.055,6.51748080604e-14,0
381.8,-0.075,-0.05,1.68365238986e-14,0
381.8,-0.07,-0.05,3.9250139518e-14,0
381.8,-0.065,-0.05,5.89665693795e-14,0
381.8,-0.075,-0.045,-2.28427580923e-14,0
381.8,-0.07,-0.045,1.38055606272e-14,0
381.8,-0.065,-0.045,4.86084294009e-14,0
381.8,-0.075,-0.04,-7.0158654128e-14,0
381.8,-0.07,-0.04,-2.20909646852e-14,0
381.8,-0.075,-0.035,-1.2723816081e-13,0
381.8,-0.07,-0.035,-6.65467549597e-14,0
381.8,-0.065,-0.04,2.69012578027e-14,0
381.8,-0.065,-0.035,-4.19039923507e-15,0
381.8,-0.075,-0.03,-1.98421446132e-13,0
381.8,-0.07,-0.03,-1.20006357757e-13,0
381.8,-0.075,-0.025,-2.80652775609e-13,0
381.8,-0.07,-0.025,-1.82804518893e-13,0
381.8,-0.065,-0.03,-4.07351817942e-14,0
381.8,-0.065,-0.025,-8.42808382382e-14,0
381.8,-0.075,-0.02,-3.67614510069e-13,0
381.8,-0.07,-0.02,-2.52769032087e-13,0
381.8,-0.075,-0.015,-4.57718872425e-13,0
381.8,-0.07,-0.015,-3.25958462974e-13,0
381.8,-0.065,-0.02,-1.37027172639e-13,0
381.8,-0.065,-0.015,-1.93244301291e-13,0
381.8,-0.075,-0.01,-5.54135924049e-13,0
381.8,-0.07,-0.01,-3.9815552123e-13,0
381.8,-0.075,-0.005,-6.35935590383e-13,0
381.8,-0.07,-0.005,-4.61010108719e-13,0
381.8,-0.065,-0.01,-2.44980033424e-13,0
381.8,-0.065,-0.005,-2.91122089489e-13,0
381.8,-0.075,0,-6.9224783223e-13,0
381.8,-0.07,0,-5.10293487974e-13,0
381.8,-0.075,0.005,-7.35860376544e-13,0
381.8,-0.07,0.005,-5.48617126004e-13,0
381.8,-0.065,4.16333634234e-19,-3.32467388973e-13,0
381.8,-0.065,0.005,-3.63488801548e-13,0
381.8,-0.075,0.01,-7.53053571e-13,0
381.8,-0.07,0.01,-5.58996805463e-13,0
381.8,-0.075,0.015,-7.20919549802e-13,0
381.8,-0.07,0.015,-5.29095674969e-13,0
381.8,-0.065,0.01,-3.67303411171e-13,0
381.8,-0.065,0.015,-3.39392239117e-13,0
381.8,-0.075,0.02,-6.65687659766e-13,0
381.8,-0.07,0.02,-4.77643978332e-13,0
381.8,-0.075,0.025,-6.02505023133e-13,0
381.8,-0.07,0.025,-4.17512979609e-13,0
381.8,-0.065,0.02,-2.94518477136e-13,0
381.8,-0.065,0.025,-2.40951938113e-13,0
381.8,-0.075,0.03,-5.03048115624e-13,0
381.8,-0.07,0.03,-3.3310720206e-13,0
381.8,-0.075,0.035,-3.69295199373e-13,0
381.8,-0.07,0.035,-2.29747321182e-13,0
381.8,-0.065,0.03,-1.76650302783e-13,0
381.8,-0.065,0.035,-1.05777609045e-13,0
381.8,-0.075,0.04,-2.17588192807e-13,0
381.8,-0.07,0.04,-1.23933899704e-13,0
381.8,-0.075,0.045,-6.8834808891e-14,0
381.8,-0.07,0.045,-2.29734586525e-14,0
381.8,-0.065,0.04,-3.8935910273e-14,0
381.8,-0.065,0.045,2.20538403978e-14,0
381.8,-0.075,0.05,6.34111388587e-14,0
381.8,-0.07,0.05,6.69893416733e-14,0
381.8,-0.075,0.055,1.6251303711e-13,0
381.8,-0.07,0.055,1.33155792753e-13,0
381.8,-0.065,0.05,7.60348216876e-14,0
381.8,-0.065,0.055,1.12680126418e-13,0
381.8,-0.075,0.06,2.21081512577e-13,0
381.8,-0.07,0.06,1.72989433277e-13,0
381.8,-0.075,0.065,2.54558883185e-13,0
381.8,-0.07,0.065,1.92040441967e-13,0
381.8,-0.065,0.06,1.31672446286e-13,0
381.8,-0.065,0.065,1.33789271092e-13,0
381.8,-0.075,0.07,2.67194963238e-13,0
381.8,-0.07,0.07,1.94664235879e-13,0
381.8,-0.075,0.075,2.68344331182e-13,0
381.8,-0.07,0.075,1.88962680795e-13,0
381.8,-0.065,0.07,1.23170584559e-13,0
381.8,-0.065,0.075,1.05588225962e-13,0
381.8,-0.06,-0.075,2.16938903239e-14,0
381.8,-0.06,-0.07,4.10431304912e-14,0
381.8,-0.06,-0.065,5.69628416822e-14,0
381.8,-0.055,-0.075,-3.4675696472e-14,0
381.8,-0.055,-0.07,4.63164117182e-15,0
381.8,-0.055,-0.065,3.91225665981e-14,0
381.8,-0.06,-0.06,6.67808218531e-14,0
381.8,-0.06,-0.055,7.22668353107e-14,0
381.8,-0.055,-0.06,6.23024389887e-14,0
381.8,-0.055,-0.055,7.71892034462e-14,0
381.8,-0.06,-0.05,7.40381570698e-14,0
381.8,-0.055,-0.05,8.61542726053e-14,0
381.8,-0.06,-0.045,7.44071842665e-14,0
381.8,-0.055,-0.045,9.42480604737e-14,0
381.8,-0.06,-0.04,7.04133908044e-14,0
381.8,-0.055,-0.04,1.02735143613e-13,0
381.8,-0.06,-0.035,5.64384137875e-14,0
381.8,-0.055,-0.035,1.05797123805e-13,0
381.8,-0.06,-0.03,3.52796343711e-14,0
381.8,-0.06,-0.025,1.00098323153e-14,0
381.8,-0.055,-0.03,1.01943658186e-13,0
381.8,-0.055,-0.025,9.67506142438e-14,0
381.8,-0.06,-0.02,-2.33818878043e-14,0
381.8,-0.06,-0.015,-6.20732278644e-14,0
381.8,-0.055,-0.02,8.40380594472e-14,0
381.8,-0.055,-0.015,6.20190315358e-14,0
381.8,-0.06,-0.01,-9.89135642929e-14,0
381.8,-0.06,-0.005,-1.3101269588e-13,0
381.8,-0.055,-0.01,3.80506520939e-14,0
381.8,-0.055,-0.005,1.78415185336e-14,0
381.8,-0.06,0,-1.56926570243e-13,0
381.8,-0.06,0.005,-1.74280415243e-13,0
381.8,-0.055,4.16333634234e-19,6.94181738095e-15,0
381.8,-0.055,0.005,2.71528981297e-15,0
381.8,-0.06,0.01,-1.73718786544e-13,0
381.8,-0.06,0.015,-1.53256040948e-13,0
381.8,-0.055,0.01,6.42508588668e-15,0
381.8,-0.055,0.015,1.74665247895e-14,0
381.8,-0.06,0.02,-1.21893792209e-13,0
381.8,-0.06,0.025,-8.48521837411e-14,0
381.8,-0.055,0.02,3.15255693984e-14,0
381.8,-0.055,0.025,4.91864200067e-14,0
381.8,-0.06,0.03,-4.55858983333e-14,0
381.8,-0.06,0.035,-5.55784147526e-15,0
381.8,-0.055,0.03,6.61479393111e-14,0
381.8,-0.055,0.035,8.20213385321e-14,0
381.8,-0.06,0.04,3.27018766471e-14,0
381.8,-0.06,0.045,6.63191027412e-14,0
381.8,-0.055,0.04,9.69318370317e-14,0
381.8,-0.055,0.045,1.05526422366e-13,0
381.8,-0.06,0.05,8.98667039518e-14,0
381.8,-0.06,0.055,9.93426359875e-14,0
381.8,-0.055,0.05,1.01512552907e-13,0
381.8,-0.055,0.055,8.57794999803e-14,0
381.8,-0.06,0.06,9.54710313882e-14,0
381.8,-0.06,0.065,7.9183037752e-14,0
381.8,-0.055,0.06,6.05009687479e-14,0
381.8,-0.055,0.065,2.65961957095e-14,0
381.8,-0.06,0.07,5.34200485633e-14,0
381.8,-0.06,0.075,2.28130434521e-14,0
381.8,-0.055,0.07,-1.41523361162e-14,0
381.8,-0.055,0.075,-5.84143406588e-14,0
381.8,-0.05,-0.075,-8.33997675999e-14,0
381.8,-0.05,-0.07,-3.8023439577e-14,0
381.8,-0.045,-0.075,-1.32053703423e-13,0
381.8,-0.045,-0.07,-8.16747996087e-14,0
381.8,-0.05,-0.065,6.18978797991e-15,0
381.8,-0.045,-0.065,-3.23289959385e-14,0
381.8,-0.05,-0.06,4.44728233914e-14,0
381.8,-0.05,-0.055,7.11796809299e-14,0
381.8,-0.045,-0.06,1.39689955313e-14,0
381.8,-0.045,-0.055,5.12930627802e-14,0
381.8,-0.05,-0.05,8.99406002416e-14,0
381.8,-0.05,-0.045,1.07129247098e-13,0
381.8,-0.045,-0.05,8.12373923922e-14,0
381.8,-0.045,-0.045,1.08170646242e-13,0
381.8,-0.05,-0.04,1.23976916846e-13,0
381.8,-0.045,-0.04,1.33841049958e-13,0
381.8,-0.05,-0.035,1.39595434674e-13,0
381.8,-0.045,-0.035,1.59650792373e-13,0
381.8,-0.05,-0.03,1.52123361414e-13,0
381.8,-0.045,-0.03,1.83698613298e-13,0
381.8,-0.05,-0.025,1.64642098765e-13,0
381.8,-0.045,-0.025,2.07501290449e-13,0
381.8,-0.05,-0.02,1.74961377787e-13,0
381.8,-0.05,-0.015,1.71576403309e-13,0
381.8,-0.045,-0.02,2.32485113813e-13,0
381.8,-0.045,-0.015,2.50857739029e-13,0
381.8,-0.05,-0.01,1.59394636649e-13,0
381.8,-0.05,-0.005,1.49641432452e-13,0
381.8,-0.045,-0.01,2.56770953243e-13,0
381.8,-0.045,-0.005,2.56502491739e-13,0
381.8,-0.05,0,1.46004885171e-13,0
381.8,-0.05,0.005,1.49373647706e-13,0
381.8,-0.045,4.16333634234e-19,2.57600734652e-13,0
381.8,-0.045,0.005,2.62789215257e-13,0
381.8,-0.05,0.01,1.57481342899e-13,0
381.8,-0.05,0.015,1.58938722065e-13,0
381.8,-0.045,0.01,2.65967199022e-13,0
381.8,-0.045,0.015,2.55160289353e-13,0
381.8,-0.05,0.02,1.55644066127e-13,0
381.8,-0.05,0.025,1.54933706802e-13,0
381.8,-0.045,0.02,2.38911865993e-13,0
381.8,-0.045,0.025,2.24546426507e-13,0
381.8,-0.05,0.03,1.53329136961e-13,0
381.8,-0.05,0.035,1.51331460898e-13,0
381.8,-0.045,0.03,2.08986614765e-13,0
381.8,-0.045,0.035,1.92851405597e-13,0
381.8,-0.05,0.04,1.46202380116e-13,0
381.8,-0.05,0.045,1.31672840024e-13,0
381.8,-0.045,0.04,1.72457260537e-13,0
381.8,-0.045,0.045,1.40325051714e-13,0
381.8,-0.05,0.05,1.04320101131e-13,0
381.8,-0.05,0.055,6.76187318882e-14,0
381.8,-0.045,0.05,9.577813969e-14,0
381.8,-0.045,0.055,4.46484719943e-14,0
381.8,-0.05,0.06,2.42319504938e-14,0
381.8,-0.05,0.065,-2.52574718904e-14,0
381.8,-0.045,0.06,-1.17707464906e-14,0
381.8,-0.045,0.065,-7.37214957131e-14,0
381.8,-0.05,0.07,-7.82449540202e-14,0
381.8,-0.05,0.075,-1.33583831617e-13,0
381.8,-0.045,0.07,-1.37719928938e-13,0
381.8,-0.045,0.075,-2.03565691636e-13,0
381.8,-0.04,-0.075,-1.77539925948e-13,0
381.8,-0.04,-0.07,-1.23585598501e-13,0
381.8,-0.035,-0.075,-2.18162566639e-13,0
381.8,-0.035,-0.07,-1.61926570637e-13,0
381.8,-0.04,-0.065,-7.04888835666e-14,0
381.8,-0.035,-0.065,-1.06525720451e-13,0
381.8,-0.04,-0.06,-1.84352501837e-14,0
381.8,-0.035,-0.06,-5.10742025303e-14,0
381.8,-0.04,-0.055,2.71932030612e-14,0
381.8,-0.035,-0.055,6.33413153804e-16,0
381.8,-0.04,-0.05,6.5313176523e-14,0
381.8,-0.04,-0.045,1.00175093004e-13,0
381.8,-0.035,-0.05,4.57036288931e-14,0
381.8,-0.035,-0.045,8.70296569781e-14,0
381.8,-0.04,-0.04,1.32739312428e-13,0
381.8,-0.04,-0.035,1.65369742561e-13,0
381.8,-0.035,-0.04,1.2467437685e-13,0
381.8,-0.035,-0.035,1.60739320376e-13,0
381.8,-0.04,-0.03,1.97624811077e-13,0
381.8,-0.035,-0.03,1.96087519636e-13,0
381.8,-0.04,-0.025,2.28175661946e-13,0
381.8,-0.035,-0.025,2.30705602625e-13,0
381.8,-0.04,-0.02,2.57613711348e-13,0
381.8,-0.035,-0.02,2.62981812981e-13,0
381.8,-0.04,-0.015,2.86494377374e-13,0
381.8,-0.035,-0.015,2.90423019003e-13,0
381.8,-0.04,-0.01,3.1031461287e-13,0
381.8,-0.04,-0.005,3.2039269496e-13,0
381.8,-0.035,-0.01,3.109476905e-13,0
381.8,-0.035,-0.005,3.23837741851e-13,0
381.8,-0.04,0,3.24862713287e-13,0
381.8,-0.04,0.005,3.29728716594e-13,0
381.8,-0.035,4.16333634234e-19,3.32425235785e-13,0
381.8,-0.035,0.005,3.38527741992e-13,0
381.8,-0.04,0.01,3.26603838075e-13,0
381.8,-0.04,0.015,3.08752358757e-13,0
381.8,-0.035,0.01,3.39148845937e-13,0
381.8,-0.035,0.015,3.28869278804e-13,0
381.8,-0.04,0.02,2.85986047999e-13,0
381.8,-0.04,0.025,2.62970991267e-13,0
381.8,-0.035,0.02,3.09337645387e-13,0
381.8,-0.035,0.025,2.84194868558e-13,0
381.8,-0.04,0.03,2.38777103933e-13,0
381.8,-0.04,0.035,2.13535790874e-13,0
381.8,-0.035,0.03,2.55068254813e-13,0
381.8,-0.035,0.035,2.22091256485e-13,0
381.8,-0.04,0.04,1.80935705923e-13,0
381.8,-0.04,0.045,1.35592476878e-13,0
381.8,-0.035,0.04,1.7978720973e-13,0
381.8,-0.035,0.045,1.26709782408e-13,0
381.8,-0.04,0.05,8.13869442801e-14,0
381.8,-0.04,0.055,2.19819329732e-14,0
381.8,-0.035,0.05,6.61620418189e-14,0
381.8,-0.035,0.055,-5.17764933679e-16,0
381.8,-0.04,0.06,-4.42652418541e-14,0
381.8,-0.04,0.065,-1.15730899769e-13,0
381.8,-0.035,0.06,-7.40512657964e-14,0
381.8,-0.035,0.065,-1.51290301735e-13,0
381.8,-0.04,0.07,-1.89659667549e-13,0
381.8,-0.04,0.075,-2.65538788168e-13,0
381.8,-0.035,0.07,-2.30758476689e-13,0
381.8,-0.035,0.075,-3.12221511507e-13,0
381.8,-0.03,-0.075,-2.51244828011e-13,0
381.8,-0.03,-0.07,-1.94545852982e-13,0
381.8,-0.025,-0.075,-2.73721598856e-13,0
381.8,-0.025,-0.07,-2.19125472882e-13,0
381.8,-0.03,-0.065,-1.39008435255e-13,0
381.8,-0.025,-0.065,-1.66167871402e-13,0
381.8,-0.03,-0.06,-8.2911248671e-14,0
381.8,-0.025,-0.06,-1.122419834e-13,0
381.8,-0.03,-0.055,-2.86075001218e-14,0
381.8,-0.025,-0.055,-5.82429266762e-14,0
381.8,-0.03,-0.05,2.12694635847e-14,0
381.8,-0.025,-0.05,-6.85457237378e-15,0
381.8,-0.03,-0.045,6.69138308739e-14,0
381.8,-0.025,-0.045,4.02254631937e-14,0
381.8,-0.03,-0.04,1.08231753534e-13,0
381.8,-0.03,-0.035,1.46199485374e-13,0
381.8,-0.025,-0.04,8.32227863237e-14,0
381.8,-0.025,-0.035,1.23129233878e-13,0
381.8,-0.03,-0.03,1.82112974535e-13,0
381.8,-0.03,-0.025,2.17443557118e-13,0
381.8,-0.025,-0.03,1.59713616922e-13,0
381.8,-0.025,-0.025,1.92896584163e-13,0
381.8,-0.03,-0.02,2.4835616168e-13,0
381.8,-0.025,-0.02,2.18884859799e-13,0
381.8,-0.03,-0.015,2.69206802544e-13,0
381.8,-0.025,-0.015,2.35864575091e-13,0
381.8,-0.03,-0.01,2.8310460053e-13,0
381.8,-0.025,-0.01,2.46645948649e-13,0
381.8,-0.03,-0.005,2.93752610659e-13,0
381.8,-0.025,-0.005,2.53758933581e-13,0
381.8,-0.03,0,3.02273396517e-13,0
381.8,-0.03,0.005,3.10288168675e-13,0
381.8,-0.025,4.16333634234e-19,2.6025230659e-13,0
381.8,-0.025,0.005,2.67769967633e-13,0
381.8,-0.03,0.01,3.16165524608e-13,0
381.8,-0.03,0.015,3.16305093665e-13,0
381.8,-0.025,0.01,2.76143990052e-13,0
381.8,-0.025,0.015,2.81917411958e-13,0
381.8,-0.03,0.02,3.06343947623e-13,0
381.8,-0.03,0.025,2.83934100675e-13,0
381.8,-0.025,0.02,2.78516929067e-13,0
381.8,-0.025,0.025,2.59899977141e-13,0
381.8,-0.03,0.03,2.53364377253e-13,0
381.8,-0.03,0.035,2.16157711707e-13,0
381.8,-0.025,0.03,2.3131499686e-13,0
381.8,-0.025,0.035,1.96511387973e-13,0
381.8,-0.03,0.04,1.69224316067e-13,0
381.8,-0.03,0.045,1.1297838239e-13,0
381.8,-0.025,0.04,1.50675438176e-13,0
381.8,-0.025,0.045,9.33074311967e-14,0
381.8,-0.03,0.05,4.80838595166e-14,0
381.8,-0.03,0.055,-2.45324265988e-14,0
381.8,-0.025,0.05,2.62712456279e-14,0
381.8,-0.025,0.055,-4.85967129775e-14,0
381.8,-0.03,0.06,-1.01762596605e-13,0
381.8,-0.03,0.065,-1.81381311639e-13,0
381.8,-0.025,0.06,-1.27494225645e-13,0
381.8,-0.025,0.065,-2.08196874459e-13,0
381.8,-0.03,0.07,-2.62700008683e-13,0
381.8,-0.03,0.075,-3.45649845372e-13,0
381.8,-0.025,0.07,-2.89879521745e-13,0
381.8,-0.025,0.075,-3.73272016877e-13,0
381.8,-0.02,-0.075,-2.8433951864e-13,0
381.8,-0.02,-0.07,-2.33858471454e-13,0
381.8,-0.015,-0.075,-2.81471706685e-13,0
381.8,-0.015,-0.07,-2.37475117594e-13,0
381.8,-0.02,-0.065,-1.85878750332e-13,0
381.8,-0.015,-0.065,-1.96605816167e-13,0
381.8,-0.02,-0.06,-1.36932007585e-13,0
381.8,-0.015,-0.06,-1.54881417611e-13,0
381.8,-0.02,-0.055,-8.65991943554e-14,0
381.8,-0.015,-0.055,-1.10687221868e-13,0
381.8,-0.02,-0.05,-3.70470486633e-14,0
381.8,-0.015,-0.05,-6.63507317812e-14,0
381.8,-0.02,-0.045,9.61630932778e-15,0
381.8,-0.015,-0.045,-2.27452792857e-14,0
381.8,-0.02,-0.04,5.26810083734e-14,0
381.8,-0.015,-0.04,1.93841979791e-14,0
381.8,-0.02,-0.035,9.32956872608e-14,0
381.8,-0.015,-0.035,5.92680645976e-14,0
381.8,-0.02,-0.03,1.29751082607e-13,0
381.8,-0.02,-0.025,1.59862178125e-13,0
381.8,-0.015,-0.03,9.49693700791e-14,0
381.8,-0.015,-0.025,1.23353721142e-13,0
381.8,-0.02,-0.02,1.81352943222e-13,0
381.8,-0.02,-0.015,1.94225506306e-13,0
381.8,-0.015,-0.02,1.41539259769e-13,0
381.8,-0.015,-0.015,1.48016788342e-13,0
381.8,-0.02,-0.01,1.99317892296e-13,0
381.8,-0.015,-0.01,1.4425887486e-13,0
381.8,-0.02,-0.005,2.0053821855e-13,0
381.8,-0.015,-0.005,1.37855457617e-13,0
381.8,-0.02,0,2.03812527268e-13,0
381.8,-0.015,4.16333634234e-19,1.37710645925e-13,0
381.8,-0.02,0.005,2.12089856428e-13,0
381.8,-0.015,0.005,1.48935796871e-13,0
381.8,-0.02,0.01,2.24051079966e-13,0
381.8,-0.02,0.015,2.35183268609e-13,0
381.8,-0.015,0.01,1.67002352103e-13,0
381.8,-0.015,0.015,1.84234059781e-13,0
381.8,-0.02,0.02,2.37958340953e-13,0
381.8,-0.02,0.025,2.24694548733e-13,0
381.8,-0.015,0.02,1.93291515424e-13,0
381.8,-0.015,0.025,1.86782489263e-13,0
381.8,-0.02,0.03,1.99151014111e-13,0
381.8,-0.02,0.035,1.67819698466e-13,0
381.8,-0.015,0.03,1.65574318865e-13,0
381.8,-0.015,0.035,1.36471053345e-13,0
381.8,-0.02,0.04,1.24985336256e-13,0
381.8,-0.02,0.045,6.84151121494e-14,0
381.8,-0.015,0.04,9.54061590862e-14,0
381.8,-0.015,0.045,3.99701437355e-14,0
381.8,-0.02,0.05,2.0538299681e-15,0
381.8,-0.02,0.055,-7.10692107527e-14,0
381.8,-0.015,0.05,-2.28057141657e-14,0
381.8,-0.015,0.055,-9.03139307957e-14,0
381.8,-0.02,0.06,-1.48763490097e-13,0
381.8,-0.02,0.065,-2.27317601059e-13,0
381.8,-0.015,0.06,-1.63078473707e-13,0
381.8,-0.015,0.065,-2.34050877537e-13,0
381.8,-0.02,0.07,-3.05163311782e-13,0
381.8,-0.02,0.075,-3.85675572479e-13,0
381.8,-0.015,0.07,-3.00846979324e-13,0
381.8,-0.015,0.075,-3.71444099498e-13,0
381.8,-0.01,-0.075,-2.60160576332e-13,0
381.8,-0.01,-0.07,-2.26509654483e-13,0
381.8,-0.005,-0.075,-2.17795644779e-13,0
381.8,-0.005,-0.07,-1.98406535018e-13,0
381.8,-0.01,-0.065,-1.96533086724e-13,0
381.8,-0.005,-0.065,-1.83723064486e-13,0
381.8,-0.01,-0.06,-1.64824241259e-13,0
381.8,-0.005,-0.06,-1.66594820648e-13,0
381.8,-0.01,-0.055,-1.29079993926e-13,0
381.8,-0.005,-0.055,-1.41471496524e-13,0
381.8,-0.01,-0.05,-9.17022750228e-14,0
381.8,-0.005,-0.05,-1.12336202904e-13,0
381.8,-0.01,-0.045,-5.37407435176e-14,0
381.8,-0.005,-0.045,-8.13168934339e-14,0
381.8,-0.01,-0.04,-1.52630464038e-14,0
381.8,-0.005,-0.04,-4.83678526207e-14,0
381.8,-0.01,-0.035,2.24518360091e-14,0
381.8,-0.005,-0.035,-1.46356306403e-14,0
381.8,-0.01,-0.03,5.71721347643e-14,0
381.8,-0.005,-0.03,1.91158967183e-14,0
381.8,-0.01,-0.025,8.53837613806e-14,0
381.8,-0.005,-0.025,4.8396472017e-14,0
381.8,-0.01,-0.02,1.01770016535e-13,0
381.8,-0.01,-0.015,1.02814494446e-13,0
381.8,-0.005,-0.02,6.65910485692e-14,0
381.8,-0.005,-0.015,6.80813272854e-14,0
381.8,-0.0117873230072,-0.0115873794689,1.13143881916e-13,0
381.8,-0.00939961996336,-0.005,7.07558013805e-14,0
381.8,-0.00792797428371,-0.00964253216809,7.29949082676e-14,0
381.8,-0.005,-0.00939961996336,5.32382441363e-14,0
381.8,-0.0108753492546,-0.00150606400588,8.29354147527e-14,0
381.8,-0.00818101620308,-0.00211452602544,5.15410805218e-14,0
381.8,-0.00651817360753,-0.000255934956239,3.14942682678e-14,0
381.8,-0.005,6.71033969428e-08,1.17576799563e-14,0
381.8,-0.0107292118043,0.00160660295843,8.40887076037e-14,0
381.8,-0.0080188992252,0.000768320427092,4.94501941514e-14,0
381.8,-0.00939946851065,0.005,8.02942674071e-14,0
381.8,-0.00802129342231,0.00264911934363,5.42397911426e-14,0
381.8,-0.00887989370213,0.00887989479405,9.4936156905e-14,0
381.8,-0.01,0.015,1.34022819769e-13,0
381.8,-0.005,0.00939947397025,6.30520208618e-14,0
381.8,-0.005,0.015,9.00000543257e-14,0
381.8,-0.01,0.02,1.47185093176e-13,0
381.8,-0.01,0.025,1.45620935486e-13,0
381.8,-0.005,0.02,1.04819686314e-13,0
381.8,-0.005,0.025,1.05055972749e-13,0
381.8,-0.01,0.03,1.29163418585e-13,0
381.8,-0.01,0.035,1.01612241829e-13,0
381.8,-0.005,0.03,9.0368370451e-14,0
381.8,-0.005,0.035,6.29250339161e-14,0
381.8,-0.01,0.04,6.15278204908e-14,0
381.8,-0.01,0.045,9.8246098723e-15,0
381.8,-0.005,0.04,2.43097264429e-14,0
381.8,-0.005,0.045,-2.07811459204e-14,0
381.8,-0.01,0.05,-4.59249837654e-14,0
381.8,-0.01,0.055,-1.04446025125e-13,0
381.8,-0.005,0.05,-6.54563349008e-14,0
381.8,-0.005,0.055,-1.11304820882e-13,0
381.8,-0.01,0.06,-1.67267824828e-13,0
381.8,-0.01,0.065,-2.2332152222e-13,0
381.8,-0.005,0.06,-1.55122191905e-13,0
381.8,-0.005,0.065,-1.89312855138e-13,0
381.8,-0.01,0.07,-2.71638873789e-13,0
381.8,-0.01,0.075,-3.23723312296e-13,0
381.8,-0.005,0.07,-2.16114680476e-13,0
381.8,-0.005,0.075,-2.43769310432e-13,0
381.8,0,-0.075,-1.52495355235e-13,0
381.8,0,-0.07,-1.51582480899e-13,0
381.8,0.005,-0.075,-6.89558952785e-14,0
381.8,0.005,-0.07,-8.84738172396e-14,0
381.8,0,-0.065,-1.54716493262e-13,0
381.8,0.005,-0.065,-1.09203299455e-13,0
381.8,0,-0.06,-1.57068130294e-13,0
381.8,0.005,-0.06,-1.30184524041e-13,0
381.8,0,-0.055,-1.47644068231e-13,0
381.8,0.005,-0.055,-1.42721720495e-13,0
381.8,0,-0.05,-1.27895001573e-13,0
381.8,0.005,-0.05,-1.38343849741e-13,0
381.8,0,-0.045,-1.04665491802e-13,0
381.8,0.005,-0.045,-1.24698029353e-13,0
381.8,0,-0.04,-7.78558637233e-14,0
381.8,0.005,-0.04,-1.04671003638e-13,0
381.8,0,-0.035,-4.86662712735e-14,0
381.8,0.005,-0.035,-7.95818538537e-14,0
381.8,0,-0.03,-1.67386529679e-14,0
381.8,0.005,-0.03,-4.89666698817e-14,0
381.8,0,-0.025,1.48212487047e-14,0
381.8,0.005,-0.025,-1.44117475867e-14,0
381.8,0,-0.02,3.90518870405e-14,0
381.8,0.005,-0.02,1.76441876804e-14,0
381.8,0,-0.015,4.7367790089e-14,0
381.8,0.005,-0.015,3.50326874923e-14,0
381.8,-0.0021196717084,-0.00776771017156,3.62798524073e-14,0
381.8,-0.00084550708518,-0.00631514607954,2.55426024573e-14,0
381.8,6.71033969406e-08,-0.005,1.1497096327e-14,0
381.8,-0.00139054260708,-0.0110960807567,4.60195081595e-14,0
381.8,0.00132468676756,-0.00775008274642,3.31336962491e-14,0
381.8,0.00160394440688,-0.0116908851489,4.10385459491e-14,0
381.8,0.005,-0.00939946851065,3.56944310804e-14,0
381.8,0.005,0.005,2.73113188495e-14,0
381.8,-0.000107646311398,0.00617659695633,2.64781263598e-14,0
381.8,-0.00190846935279,0.0076427502668,3.92541421437e-14,0
381.8,0.00131146485568,0.00777290068297,3.64365135021e-14,0
381.8,0.00295884413402,0.00640276348073,2.95767506666e-14,0
381.8,-1.21517769428e-05,0.0108932602996,4.98909608565e-14,0
381.8,0,0.015,6.15974231121e-14,0
381.8,0.005,0.00939942566771,4.04927997034e-14,0
381.8,0.005,0.015,4.77532715499e-14,0
381.8,0,0.02,6.99525740298e-14,0
381.8,0,0.025,6.51320641836e-14,0
381.8,0.005,0.02,4.56819337949e-14,0
381.8,0.005,0.025,3.15979420866e-14,0
381.8,0,0.03,4.6531731879e-14,0
381.8,0,0.035,1.84659056105e-14,0
381.8,0.005,0.03,7.85485515021e-15,0
381.8,0.005,0.035,-2.02785993236e-14,0
381.8,0,0.04,-1.6276673512e-14,0
381.8,0,0.045,-5.02742875971e-14,0
381.8,0.005,0.04,-4.98681628284e-14,0
381.8,0.005,0.045,-7.24538290187e-14,0
381.8,0,0.05,-7.94430523835e-14,0
381.8,0,0.055,-1.07534118864e-13,0
381.8,0.005,0.05,-8.69474741287e-14,0
381.8,0.005,0.055,-9.81312584745e-14,0
381.8,0,0.06,-1.29727817285e-13,0
381.8,0,0.065,-1.4012960792e-13,0
381.8,0.005,0.06,-9.99736564308e-14,0
381.8,0.005,0.065,-8.46556469749e-14,0
381.8,0,0.07,-1.43105171422e-13,0
381.8,0,0.075,-1.46192866845e-13,0
381.8,0.005,0.07,-5.97514829658e-14,0
381.8,0.005,0.075,-3.41632613954e-14,0
381.8,0.01,-0.075,2.22256454469e-14,0
381.8,0.01,-0.07,-1.62683913451e-14,0
381.8,0.015,-0.075,1.20957964826e-13,0
381.8,0.015,-0.07,6.21181063689e-14,0
381.8,0.01,-0.065,-5.51196194567e-14,0
381.8,0.015,-0.065,3.21401335291e-15,0
381.8,0.01,-0.06,-9.13024619916e-14,0
381.8,0.015,-0.06,-5.02119779462e-14,0
381.8,0.01,-0.055,-1.21969976986e-13,0
381.8,0.015,-0.055,-9.63508347351e-14,0
381.8,0.01,-0.05,-1.3865702033e-13,0
381.8,0.015,-0.05,-1.30715493455e-13,0
381.8,0.01,-0.045,-1.39192687543e-13,0
381.8,0.015,-0.045,-1.45963545384e-13,0
381.8,0.01,-0.04,-1.2753803314e-13,0
381.8,0.015,-0.04,-1.43263197617e-13,0
381.8,0.01,-0.035,-1.06622960147e-13,0
381.8,0.015,-0.035,-1.24788661629e-13,0
381.8,0.01,-0.03,-7.62940874746e-14,0
381.8,0.015,-0.03,-9.44137939025e-14,0
381.8,0.01,-0.025,-3.86083784914e-14,0
381.8,0.015,-0.025,-5.62576529544e-14,0
381.8,0.01,-0.02,-2.14368111026e-16,0
381.8,0.01,-0.015,2.55803621642e-14,0
381.8,0.015,-0.02,-1.46049267764e-14,0
381.8,0.015,-0.015,1.77605366744e-14,0
381.8,0.00999280436795,-0.0116358337096,3.25784554059e-14,0
381.8,0.0105889214373,-0.00845762197625,3.65301987261e-14,0
381.8,0.015,-0.01,3.52569289849e-14,0
381.8,0.00939947397025,-0.005,3.59363920851e-14,0
381.8,0.015,-0.005,4.41282990991e-14,0
381.8,0.00658051136513,-0.00296146438142,2.72080288755e-14,0
381.8,0.00636794669772,-3.54305826484e-06,2.28643314968e-14,0
381.8,0.00795807888052,-0.00113999998936,2.99867184843e-14,0
381.8,0.00758147027913,0.00183630393596,2.94649929409e-14,0
381.8,0.0112534647756,-1.47536350887e-07,3.94597341231e-14,0
381.8,0.015,4.16333634234e-19,4.72504575197e-14,0
381.8,0.00939942566771,0.005,3.8410214031e-14,0
381.8,0.015,0.005,4.91022385156e-14,0
381.8,0.00999018807453,0.0109670628501,4.29229736021e-14,0
381.8,0.01,0.015,4.06740343885e-14,0
381.8,0.015,0.01,4.65236839341e-14,0
381.8,0.015,0.015,3.66559914197e-14,0
381.8,0.01,0.02,2.93405215827e-14,0
381.8,0.01,0.025,8.30016309083e-15,0
381.8,0.015,0.02,1.72351323883e-14,0
381.8,0.015,0.025,-9.9709521503e-15,0
381.8,0.01,0.03,-1.82334067604e-14,0
381.8,0.01,0.035,-4.68894256188e-14,0
381.8,0.015,0.03,-4.01048318016e-14,0
381.8,0.015,0.035,-6.96058757543e-14,0
381.8,0.01,0.04,-7.24263054643e-14,0
381.8,0.01,0.045,-8.68407900072e-14,0
381.8,0.015,0.04,-9.19499144029e-14,0
381.8,0.015,0.045,-1.00363249032e-13,0
381.8,0.01,0.05,-9.12937924489e-14,0
381.8,0.01,0.055,-8.98782756782e-14,0
381.8,0.015,0.05,-9.65793392281e-14,0
381.8,0.015,0.055,-8.21449909861e-14,0
381.8,0.01,0.06,-7.13390128162e-14,0
381.8,0.01,0.065,-2.8487281262e-14,0
381.8,0.015,0.06,-4.24605524925e-14,0
381.8,0.015,0.065,2.63712290038e-14,0
381.8,0.01,0.07,2.96492411321e-14,0
381.8,0.01,0.075,9.22901436586e-14,0
381.8,0.015,0.07,1.1415311985e-13,0
381.8,0.015,0.075,2.08270325464e-13,0
381.8,0.02,-0.075,2.28328137453e-13,0
381.8,0.02,-0.07,1.45577644696e-13,0
381.8,0.025,-0.075,3.34020526815e-13,0
381.8,0.025,-0.07,2.27768409668e-13,0
381.8,0.02,-0.065,6.49465087523e-14,0
381.8,0.025,-0.065,1.25266012719e-13,0
381.8,0.02,-0.06,-9.0082103653e-15,0
381.8,0.025,-0.06,3.00973449252e-14,0
381.8,0.02,-0.055,-7.35009561638e-14,0
381.8,0.025,-0.055,-5.41240627179e-14,0
381.8,0.02,-0.05,-1.23078831912e-13,0
381.8,0.025,-0.05,-1.19486530704e-13,0
381.8,0.02,-0.045,-1.49923061077e-13,0
381.8,0.025,-0.045,-1.55429950483e-13,0
381.8,0.02,-0.04,-1.54123291896e-13,0
381.8,0.025,-0.04,-1.63882920582e-13,0
381.8,0.02,-0.035,-1.3793958057e-13,0
381.8,0.025,-0.035,-1.50613194765e-13,0
381.8,0.02,-0.03,-1.06805991634e-13,0
381.8,0.025,-0.03,-1.190529479e-13,0
381.8,0.02,-0.025,-6.75161012431e-14,0
381.8,0.025,-0.025,-7.66551015622e-14,0
381.8,0.02,-0.02,-2.35494191855e-14,0
381.8,0.025,-0.02,-2.72654334829e-14,0
381.8,0.02,-0.015,1.33364730945e-14,0
381.8,0.025,-0.015,1.50219363434e-14,0
381.8,0.02,-0.01,3.7256028741e-14,0
381.8,0.025,-0.01,4.21522664344e-14,0
381.8,0.02,-0.005,5.11402095943e-14,0
381.8,0.025,-0.005,5.96962760748e-14,0
381.8,0.02,0,5.6475125665e-14,0
381.8,0.025,4.16333634234e-19,6.71508829176e-14,0
381.8,0.02,0.005,5.78175214999e-14,0
381.8,0.025,0.005,6.78433121864e-14,0
381.8,0.02,0.01,5.13946260439e-14,0
381.8,0.025,0.01,5.82149728404e-14,0
381.8,0.02,0.015,3.48800630245e-14,0
381.8,0.025,0.015,3.67262737268e-14,0
381.8,0.02,0.02,8.74319389526e-15,0
381.8,0.02,0.025,-2.42927582394e-14,0
381.8,0.025,0.02,3.66320752255e-15,0
381.8,0.025,0.025,-3.62207104202e-14,0
381.8,0.02,0.03,-5.87309357655e-14,0
381.8,0.02,0.035,-9.02177064653e-14,0
381.8,0.025,0.03,-7.54452226434e-14,0
381.8,0.025,0.035,-1.10400253715e-13,0
381.8,0.02,0.04,-1.11717178047e-13,0
381.8,0.02,0.045,-1.17166913956e-13,0
381.8,0.025,0.04,-1.33560622409e-13,0
381.8,0.025,0.045,-1.36423691223e-13,0
381.8,0.02,0.05,-1.04019401827e-13,0
381.8,0.02,0.055,-7.0577941853e-14,0
381.8,0.025,0.05,-1.12814041397e-13,0
381.8,0.025,0.055,-6.08247995185e-14,0
381.8,0.02,0.06,-8.6409628966e-15,0
381.8,0.02,0.065,8.247424648e-14,0
381.8,0.025,0.06,2.27912733618e-14,0
381.8,0.025,0.065,1.33459109211e-13,0
381.8,0.02,0.07,1.87533875837e-13,0
381.8,0.02,0.075,2.96827003516e-13,0
381.8,0.025,0.07,2.53921368587e-13,0
381.8,0.025,0.075,3.78038239299e-13,0
381.8,0.03,-0.075,4.27875382649e-13,0
381.8,0.03,-0.07,3.02659230201e-13,0
381.8,0.035,-0.075,5.11950416959e-13,0
381.8,0.035,-0.07,3.67725176728e-13,0
381.8,0.03,-0.065,1.80938719277e-13,0
381.8,0.035,-0.065,2.26084109885e-13,0
381.8,0.03,-0.06,6.38919521193e-14,0
381.8,0.035,-0.06,8.68481175222e-14,0
381.8,0.03,-0.055,-4.19556905699e-14,0
381.8,0.035,-0.055,-4.09377838619e-14,0
381.8,0.03,-0.05,-1.23527000834e-13,0
381.8,0.035,-0.05,-1.38091442388e-13,0
381.8,0.03,-0.045,-1.68006118055e-13,0
381.8,0.035,-0.045,-1.91269723652e-13,0
381.8,0.03,-0.04,-1.78743213248e-13,0
381.8,0.035,-0.04,-2.03496451906e-13,0
381.8,0.03,-0.035,-1.65695181746e-13,0
381.8,0.035,-0.035,-1.86352077317e-13,0
381.8,0.03,-0.03,-1.31249205682e-13,0
381.8,0.035,-0.03,-1.43743158739e-13,0
381.8,0.03,-0.025,-8.37005634384e-14,0
381.8,0.035,-0.025,-8.84431128224e-14,0
381.8,0.03,-0.02,-2.66338124324e-14,0
381.8,0.035,-0.02,-2.43049364869e-14,0
381.8,0.03,-0.015,2.21154651473e-14,0
381.8,0.035,-0.015,3.1378653827e-14,0
381.8,0.03,-0.01,5.17173286408e-14,0
381.8,0.035,-0.01,6.63403539405e-14,0
381.8,0.03,-0.005,7.19557465204e-14,0
381.8,0.035,-0.005,9.00124286822e-14,0
381.8,0.03,0,8.14459937254e-14,0
381.8,0.035,4.16333634234e-19,1.00855708321e-13,0
381.8,0.03,0.005,8.12201626156e-14,0
381.8,0.035,0.005,9.99096310929e-14,0
381.8,0.03,0.01,6.84760290365e-14,0
381.8,0.035,0.01,8.32806632975e-14,0
381.8,0.03,0.015,4.22666503636e-14,0
381.8,0.035,0.015,4.86032187405e-14,0
381.8,0.03,0.02,5.27978627994e-16,0
381.8,0.035,0.02,-2.26047240899e-15,0
381.8,0.03,0.025,-4.73661470628e-14,0
381.8,0.035,0.025,-5.63628527608e-14,0
381.8,0.03,0.03,-9.11761073103e-14,0
381.8,0.03,0.035,-1.30115172399e-13,0
381.8,0.035,0.03,-1.06376962251e-13,0
381.8,0.035,0.035,-1.49656481424e-13,0
381.8,0.03,0.04,-1.56398083353e-13,0
381.8,0.03,0.045,-1.59600598179e-13,0
381.8,0.035,0.04,-1.79945178158e-13,0
381.8,0.035,0.045,-1.91030762735e-13,0
381.8,0.03,0.05,-1.28326916551e-13,0
381.8,0.03,0.055,-6.00302509596e-14,0
381.8,0.035,0.05,-1.56729796673e-13,0
381.8,0.035,0.055,-7.04295441199e-14,0
381.8,0.03,0.06,4.46624733147e-14,0
381.8,0.03,0.065,1.73421604563e-13,0
381.8,0.035,0.06,5.66209177771e-14,0
381.8,0.035,0.065,2.00541129454e-13,0
381.8,0.03,0.07,3.09775239811e-13,0
381.8,0.03,0.075,4.50434713995e-13,0
381.8,0.035,0.07,3.50782653299e-13,0
381.8,0.035,0.075,5.05684097742e-13,0
381.8,0.04,-0.075,5.83495248056e-13,0
381.8,0.04,-0.07,4.14800313647e-13,0
381.8,0.045,-0.075,6.19298780648e-13,0
381.8,0.045,-0.07,4.33783587412e-13,0
381.8,0.04,-0.065,2.51065505907e-13,0
381.8,0.045,-0.065,2.54528618264e-13,0
381.8,0.04,-0.06,9.35396629158e-14,0
381.8,0.045,-0.06,8.31434166283e-14,0
381.8,0.04,-0.055,-5.19722051307e-14,0
381.8,0.045,-0.055,-7.83862492499e-14,0
381.8,0.04,-0.05,-1.64120372598e-13,0
381.8,0.045,-0.05,-2.03924912852e-13,0
381.8,0.04,-0.045,-2.26618745034e-13,0
381.8,0.045,-0.045,-2.68078697842e-13,0
381.8,0.04,-0.04,-2.39431722604e-13,0
381.8,0.045,-0.04,-2.73528712359e-13,0
381.8,0.04,-0.035,-2.11252271903e-13,0
381.8,0.045,-0.035,-2.36590464232e-13,0
381.8,0.04,-0.03,-1.57359444317e-13,0
381.8,0.045,-0.03,-1.73468314557e-13,0
381.8,0.04,-0.025,-9.2654074201e-14,0
381.8,0.045,-0.025,-9.65759633515e-14,0
381.8,0.04,-0.02,-1.98295546619e-14,0
381.8,0.045,-0.02,-8.35135416605e-15,0
381.8,0.04,-0.015,4.41035334555e-14,0
381.8,0.045,-0.015,6.83529336164e-14,0
381.8,0.04,-0.01,8.83619184815e-14,0
381.8,0.045,-0.01,1.19139665036e-13,0
381.8,0.04,-0.005,1.16305041695e-13,0
381.8,0.045,-0.005,1.51321543119e-13,0
381.8,0.04,0,1.27542590864e-13,0
381.8,0.045,4.16333634234e-19,1.62808221932e-13,0
381.8,0.04,0.005,1.25011575545e-13,0
381.8,0.045,0.005,1.56412363776e-13,0
381.8,0.04,0.01,1.01881976759e-13,0
381.8,0.045,0.01,1.24037189134e-13,0
381.8,0.04,0.015,5.541575574e-14,0
381.8,0.045,0.015,6.56962439925e-14,0
381.8,0.04,0.02,-3.3742938624e-15,0
381.8,0.045,0.02,-2.29452883702e-15,0
381.8,0.04,0.025,-6.40302510839e-14,0
381.8,0.045,0.025,-7.1252050286e-14,0
381.8,0.04,0.03,-1.21698967124e-13,0
381.8,0.045,0.03,-1.37844517753e-13,0
381.8,0.04,0.035,-1.71658978442e-13,0
381.8,0.045,0.035,-1.97846285686e-13,0
381.8,0.04,0.04,-2.072505707e-13,0
381.8,0.04,0.045,-2.26343305764e-13,0
381.8,0.045,0.04,-2.40427516443e-13,0
381.8,0.045,0.045,-2.62128594256e-13,0
381.8,0.04,0.05,-1.91546044751e-13,0
381.8,0.04,0.055,-8.41704549182e-14,0
381.8,0.045,0.05,-2.23490852402e-13,0
381.8,0.045,0.055,-1.03833159017e-13,0
381.8,0.04,0.06,5.9863037895e-14,0
381.8,0.04,0.065,2.15704324555e-13,0
381.8,0.045,0.06,5.26759214379e-14,0
381.8,0.045,0.065,2.20297274022e-13,0
381.8,0.04,0.07,3.77323331005e-13,0
381.8,0.04,0.075,5.42817740493e-13,0
381.8,0.045,0.07,3.92470947948e-13,0
381.8,0.045,0.075,5.67525769664e-13,0
381.8,0.05,-0.075,6.23590777262e-13,0
381.8,0.05,-0.07,4.3086598668e-13,0
381.8,0.055,-0.075,6.18430892897e-13,0
381.8,0.055,-0.07,4.18523462683e-13,0
381.8,0.05,-0.065,2.4231310869e-13,0
381.8,0.055,-0.065,2.20718305293e-13,0
381.8,0.05,-0.06,5.95904359304e-14,0
381.8,0.055,-0.06,2.62530504656e-14,0
381.8,0.05,-0.055,-1.14843883415e-13,0
381.8,0.055,-0.055,-1.60956395975e-13,0
381.8,0.05,-0.05,-2.54539976813e-13,0
381.8,0.055,-0.05,-3.17679261287e-13,0
381.8,0.05,-0.045,-3.17420876892e-13,0
381.8,0.055,-0.045,-3.82139489275e-13,0
381.8,0.05,-0.04,-3.12600980391e-13,0
381.8,0.055,-0.04,-3.65252779212e-13,0
381.8,0.05,-0.035,-2.68332946206e-13,0
381.8,0.055,-0.035,-3.09614363495e-13,0
381.8,0.05,-0.03,-1.92994969268e-13,0
381.8,0.055,-0.03,-2.1551469988e-13,0
381.8,0.05,-0.025,-9.73499287235e-14,0
381.8,0.055,-0.025,-9.25029621595e-14,0
381.8,0.05,-0.02,1.33882214449e-14,0
381.8,0.055,-0.02,4.27598759909e-14,0
381.8,0.05,-0.015,1.05097420788e-13,0
381.8,0.055,-0.015,1.49288293007e-13,0
381.8,0.05,-0.01,1.59913179571e-13,0
381.8,0.055,-0.01,2.10807935694e-13,0
381.8,0.05,-0.005,1.95855438342e-13,0
381.8,0.055,-0.005,2.48767830252e-13,0
381.8,0.05,0,2.07896376901e-13,0
381.8,0.055,4.16333634234e-19,2.59900026123e-13,0
381.8,0.05,0.005,1.94643906397e-13,0
381.8,0.055,0.005,2.39362320329e-13,0
381.8,0.05,0.01,1.5166148123e-13,0
381.8,0.055,0.01,1.85633027646e-13,0
381.8,0.05,0.015,8.20889009957e-14,0
381.8,0.055,0.015,1.0575528237e-13,0
381.8,0.05,0.02,2.22616280939e-15,0
381.8,0.055,0.02,1.29084605998e-14,0
381.8,0.05,0.025,-7.8097441266e-14,0
381.8,0.055,0.025,-8.21205309496e-14,0
381.8,0.05,0.03,-1.54194497949e-13,0
381.8,0.055,0.03,-1.70408526234e-13,0
381.8,0.05,0.035,-2.2542287869e-13,0
381.8,0.055,0.035,-2.53201474464e-13,0
381.8,0.05,0.04,-2.79276609874e-13,0
381.8,0.055,0.04,-3.20758717163e-13,0
381.8,0.05,0.045,-3.01915543453e-13,0
381.8,0.055,0.045,-3.50941059028e-13,0
381.8,0.05,0.05,-2.60594341067e-13,0
381.8,0.05,0.055,-1.3627571671e-13,0
381.8,0.055,0.05,-3.12355644044e-13,0
381.8,0.055,0.055,-1.84950645777e-13,0
381.8,0.05,0.06,3.01843946851e-14,0
381.8,0.05,0.065,2.08631105407e-13,0
381.8,0.055,0.06,-1.00001433593e-14,0
381.8,0.055,0.065,1.78174119072e-13,0
381.8,0.05,0.07,3.92450769304e-13,0
381.8,0.05,0.075,5.79825360377e-13,0
381.8,0.055,0.07,3.75756785e-13,0
381.8,0.055,0.075,5.74988258272e-13,0
381.8,0.06,-0.075,6.02557269867e-13,0
381.8,0.06,-0.07,3.87489225213e-13,0
381.8,0.065,-0.075,5.61653395051e-13,0
381.8,0.065,-0.07,3.30469433016e-13,0
381.8,0.06,-0.065,1.7658322795e-13,0
381.8,0.065,-0.065,1.00415158655e-13,0
381.8,0.06,-0.06,-3.42280962102e-14,0
381.8,0.065,-0.06,-1.25247982925e-13,0
381.8,0.06,-0.055,-2.39138853101e-13,0
381.8,0.065,-0.055,-3.43731242363e-13,0
381.8,0.06,-0.05,-4.0405152105e-13,0
381.8,0.065,-0.05,-5.08632648102e-13,0
381.8,0.06,-0.045,-4.64019887296e-13,0
381.8,0.065,-0.045,-5.60050167573e-13,0
381.8,0.06,-0.04,-4.33465963462e-13,0
381.8,0.065,-0.04,-5.18052161687e-13,0
381.8,0.06,-0.035,-3.62995964019e-13,0
381.8,0.065,-0.035,-4.21870372172e-13,0
381.8,0.06,-0.03,-2.37991163443e-13,0
381.8,0.065,-0.03,-2.55055960225e-13,0
381.8,0.06,-0.025,-7.43370220288e-14,0
381.8,0.065,-0.025,-4.9857757832e-14,0
381.8,0.06,-0.02,8.39904321929e-14,0
381.8,0.065,-0.02,1.40775976399e-13,0
381.8,0.06,-0.015,2.03789520482e-13,0
381.8,0.065,-0.015,2.73362479142e-13,0
381.8,0.06,-0.01,2.72989284197e-13,0
381.8,0.065,-0.01,3.38049331309e-13,0
381.8,0.06,-0.005,3.08900367033e-13,0
381.8,0.065,-0.005,3.70961620234e-13,0
381.8,0.06,0,3.15352083424e-13,0
381.8,0.065,4.16333634234e-19,3.72883564161e-13,0
381.8,0.06,0.005,2.88144975397e-13,0
381.8,0.065,0.005,3.41660223251e-13,0
381.8,0.06,0.01,2.26643734997e-13,0
381.8,0.065,0.01,2.75025686771e-13,0
381.8,0.06,0.015,1.37705533557e-13,0
381.8,0.065,0.015,1.75885694375e-13,0
381.8,0.06,0.02,3.22858428197e-14,0
381.8,0.065,0.02,5.78710395325e-14,0
381.8,0.06,0.025,-7.74313684156e-14,0
381.8,0.065,0.025,-6.5996479123e-14,0
381.8,0.06,0.03,-1.83229447677e-13,0
381.8,0.065,0.03,-1.88804857638e-13,0
381.8,0.06,0.035,-2.82857166657e-13,0
381.8,0.065,0.035,-3.0619346917e-13,0
381.8,0.06,0.04,-3.64322769897e-13,0
381.8,0.065,0.04,-4.03508415516e-13,0
381.8,0.06,0.045,-4.06320732625e-13,0
381.8,0.065,0.045,-4.61132257731e-13,0
381.8,0.06,0.05,-3.73923088685e-13,0
381.8,0.065,0.05,-4.39556566114e-13,0
381.8,0.06,0.055,-2.4501499173e-13,0
381.8,0.065,0.055,-3.13769424715e-13,0
381.8,0.06,0.06,-6.59033964935e-14,0
381.8,0.06,0.065,1.2652372022e-13,0
381.8,0.065,0.06,-1.33468885184e-13,0
381.8,0.065,0.065,6.17274143976e-14,0
381.8,0.06,0.07,3.36414617172e-13,0
381.8,0.06,0.075,5.53693147807e-13,0
381.8,0.065,0.07,2.77107721542e-13,0
381.8,0.065,0.075,5.0520828447e-13,0
381.8,0.07,-0.075,4.96140018278e-13,0
381.8,0.07,-0.07,2.4536010625e-13,0
381.8,0.075,-0.075,4.06635919597e-13,0
381.8,0.075,-0.07,1.45087465975e-13,0
381.8,0.07,-0.065,-5.36851448603e-17,0
381.8,0.075,-0.065,-1.07222893212e-13,0
381.8,0.07,-0.06,-2.30437003889e-13,0
381.8,0.075,-0.06,-3.39822189377e-13,0
381.8,0.07,-0.055,-4.54273875874e-13,0
381.8,0.075,-0.055,-5.6810490022e-13,0
381.8,0.07,-0.05,-6.22434860328e-13,0
381.8,0.075,-0.05,-7.54302360803e-13,0
381.8,0.07,-0.045,-6.75445547894e-13,0
381.8,0.075,-0.045,-8.14124599303e-13,0
381.8,0.07,-0.04,-6.21418624265e-13,0
381.8,0.075,-0.04,-7.37662591387e-13,0
381.8,0.07,-0.035,-4.79927920655e-13,0
381.8,0.075,-0.035,-5.46754249582e-13,0
381.8,0.07,-0.03,-2.71268098171e-13,0
381.8,0.075,-0.03,-2.96918684947e-13,0
381.8,0.07,-0.025,-3.02799547897e-14,0
381.8,0.075,-0.025,-1.60958888514e-14,0
381.8,0.07,-0.02,2.02525096449e-13,0
381.8,0.075,-0.02,2.65556730325e-13,0
381.8,0.07,-0.015,3.49976490267e-13,0
381.8,0.075,-0.015,4.32761452221e-13,0
381.8,0.07,-0.01,4.09042004252e-13,0
381.8,0.075,-0.01,4.90024538043e-13,0
381.8,0.07,-0.005,4.39787111535e-13,0
381.8,0.075,-0.005,5.19061027522e-13,0
381.8,0.07,0,4.37788261071e-13,0
381.8,0.075,0,5.14176634989e-13,0
381.8,0.07,0.005,4.02961175754e-13,0
381.8,0.075,0.005,4.75157135667e-13,0
381.8,0.07,0.01,3.29164663836e-13,0
381.8,0.075,0.01,3.91374446174e-13,0
381.8,0.07,0.015,2.17706146292e-13,0
381.8,0.075,0.015,2.63534582605e-13,0
381.8,0.07,0.02,8.67650068346e-14,0
381.8,0.075,0.02,1.18293869091e-13,0
381.8,0.07,0.025,-5.06209483517e-14,0
381.8,0.075,0.025,-3.32857395108e-14,0
381.8,0.07,0.03,-1.89238530597e-13,0
381.8,0.075,0.03,-1.88353770583e-13,0
381.8,0.07,0.035,-3.23423734467e-13,0
381.8,0.075,0.035,-3.39281053095e-13,0
381.8,0.07,0.04,-4.39112860814e-13,0
381.8,0.075,0.04,-4.79766939057e-13,0
381.8,0.07,0.045,-5.16126119668e-13,0
381.8,0.075,0.045,-5.80595041778e-13,0
381.8,0.07,0.05,-5.10848912704e-13,0
381.8,0.075,0.05,-5.99077984864e-13,0
381.8,0.07,0.055,-3.94336910519e-13,0
381.8,0.075,0.055,-4.90442283559e-13,0
381.8,0.07,0.06,-2.15346036436e-13,0
381.8,0.075,0.06,-3.09081399988e-13,0
381.8,0.07,0.065,-1.48449989963e-14,0
381.8,0.075,0.065,-1.03462173904e-13,0
381.8,0.07,0.07,2.05181748368e-13,0
381.8,0.07,0.075,4.36991959844e-13,0
381.8,0.075,0.07,1.22931135318e-13,0
381.8,0.075,0.075,3.58686645836e-13,0
594.5,-0.00382671281566,-0.00202612167119,0,0
594.5,-0.005,-0.005,2.80098466776e-14,0
594.5,-0.00197892066871,-0.00385133392306,0,0
594.5,-0.005,-0.00190753787223,1.57059195453e-14,0
594.5,-0.00433,0,0,0
594.5,-0.00190753787223,-0.005,1.57292067845e-14,0
594.5,0,-0.00433,0,0
594.5,-0.005,0.00190775150599,1.57058751185e-14,0
594.5,-0.00385133392306,0.00197892066871,0,0
594.5,0.00190775150599,-0.005,1.56226681692e-14,0
594.5,0.00202612167119,-0.00382671281566,0,0
594.5,-0.00202612167119,0.00382671281566,0,0
594.5,-0.005,0.005,2.85230281513e-14,0
594.5,-0.0019094272225,0.005,1.58619983137e-14,0
594.5,0,0.00433,0,0
594.5,0.00147766755988,0.00407006125046,0,0
594.5,8.32667268469e-19,0.005,1.1256056988e-14,0
594.5,0.00433,0,0,0
594.5,0.005,1.38777878078e-18,1.1586130004e-14,0
594.5,0.00407006125046,0.00147766755988,0,0
594.5,0.005,-0.005,2.76370070929e-14,0
594.5,0.00385133392306,-0.00197892066871,0,0
594.5,0.005,-0.0019094272225,1.55787225035e-14,0
594.5,0.00306177236254,0.00306177236254,0,0
594.5,0.0019094272225,0.005,1.59157214838e-14,0
594.5,0.005,0.0019094272225,1.56118297633e-14,0
594.5,-0.000885,-0.0015328649647,1.27160208819e-12,0
594.5,-0.0015328649647,-0.000885,1.27172449039e-12,0
594.5,-0.00186450691264,-0.00187567167242,8.43079327677e-13,0
594.5,-0.00177,0,1.27141615921e-12,0
594.5,-0.00268433516245,-0.000738983120158,7.59155407329e-13,0
594.5,0,-0.00177,1.27156365241e-12,0
594.5,-0.000718432264205,-0.00269192408424,7.57449111334e-13,0
594.5,-0.0015328649647,0.000885,1.26991151466e-12,0
594.5,-0.00265321485144,0.000647311733689,7.89940331127e-13,0
594.5,-0.000885,0.0015328649647,1.26828373185e-12,0
594.5,-0.00194719253591,0.00178443766524,8.44005582531e-13,0
594.5,0,0.00177,1.26417709696e-12,0
594.5,-0.000802720381054,0.00273415977115,7.17546029515e-13,0
594.5,0.000885,-0.0015328649647,1.27025232325e-12,0
594.5,0.00075154031863,-0.00270385456952,7.45338299826e-13,0
594.5,0.00177,0,1.2625167432e-12,0
594.5,0.0015328649647,-0.000885,1.26809960923e-12,0
594.5,0.00271471102228,-0.000564731152102,7.60962907172e-13,0
594.5,0.00192394637685,-0.00189207206672,8.10147894109e-13,0
594.5,0.00231817117671,0.00040530921667,9.87973748839e-13,0
594.5,0.0015328649647,0.000885,1.26078281399e-12,0
594.5,0.000885,0.0015328649647,1.26148792591e-12,0
594.5,0.000427053001345,0.00287092483521,6.82233113363e-13,0
594.5,0.00187618296239,0.00184774001435,8.33393455635e-13,0
594.5,0.00312733402203,0.000607809752493,5.19232101254e-13,0
594.5,0.00276214303706,0.00136595635004,5.76896134455e-13,0
594.5,0.0014100336009,0.00268674970267,6.04810230498e-13,0
594.5,-0.075,-0.075,-1.70241551022e-13,0
594.5,-0.07,-0.075,-1.35775649101e-13,0
594.5,-0.075,-0.07,-1.37466465776e-13,0
594.5,-0.07,-0.07,-1.0558559129e-13,0
594.5,-0.075,-0.065,-1.02347940215e-13,0
594.5,-0.07,-0.065,-7.53638337227e-14,0
594.5,-0.065,-0.075,-9.81785717367e-14,0
594.5,-0.065,-0.07,-7.23443199297e-14,0
594.5,-0.065,-0.065,-4.85800308709e-14,0
594.5,-0.075,-0.06,-6.37625794926e-14,0
594.5,-0.07,-0.06,-4.58637001177e-14,0
594.5,-0.065,-0.06,-2.81815808994e-14,0
594.5,-0.075,-0.055,-2.76842028914e-14,0
594.5,-0.07,-0.055,-1.93978977431e-14,0
594.5,-0.065,-0.055,-9.97200208267e-15,0
594.5,-0.075,-0.05,1.25468428778e-15,0
594.5,-0.07,-0.05,2.30055021574e-15,0
594.5,-0.065,-0.05,4.78021236533e-15,0
594.5,-0.075,-0.045,2.44576631252e-14,0
594.5,-0.07,-0.045,2.00747661034e-14,0
594.5,-0.065,-0.045,1.75312566007e-14,0
594.5,-0.075,-0.04,4.14897240175e-14,0
594.5,-0.07,-0.04,3.3869739851e-14,0
594.5,-0.075,-0.035,5.43728493548e-14,0
594.5,-0.07,-0.035,4.350309773e-14,0
594.5,-0.065,-0.04,2.79529024998e-14,0
594.5,-0.065,-0.035,3.3910820222e-14,0
594.5,-0.075,-0.03,6.21612179947e-14,0
594.5,-0.07,-0.03,4.77694769888e-14,0
594.5,-0.075,-0.025,6.31423046666e-14,0
594.5,-0.07,-0.025,4.64378914475e-14,0
594.5,-0.065,-0.03,3.45619925758e-14,0
594.5,-0.065,-0.025,3.1028088513e-14,0
594.5,-0.075,-0.02,5.84695775436e-14,0
594.5,-0.07,-0.02,4.05037990574e-14,0
594.5,-0.075,-0.015,5.01212947078e-14,0
594.5,-0.07,-0.015,3.12052070762e-14,0
594.5,-0.065,-0.02,2.37600480967e-14,0
594.5,-0.065,-0.015,1.32015835985e-14,0
594.5,-0.075,-0.01,3.94806528169e-14,0
594.5,-0.07,-0.01,1.95517206012e-14,0
594.5,-0.075,-0.005,2.88540731452e-14,0
594.5,-0.07,-0.005,8.11135664638e-15,0
594.5,-0.065,-0.01,3.72248390612e-16,0
594.5,-0.065,-0.005,-1.24763356881e-14,0
594.5,-0.075,0,1.96165157837e-14,0
594.5,-0.07,0,-1.41597356251e-15,0
594.5,-0.075,0.005,1.16830968871e-14,0
594.5,-0.07,0.005,-9.17369812035e-15,0
594.5,-0.065,4.16333634234e-19,-2.30348195e-14,0
594.5,-0.065,0.005,-3.09861181799e-14,0
594.5,-0.075,0.01,1.21427857537e-14,0
594.5,-0.07,0.01,-8.59102369919e-15,0
594.5,-0.075,0.015,2.67182702177e-14,0
594.5,-0.07,0.015,4.53235573693e-15,0
594.5,-0.065,0.01,-3.04792590633e-14,0
594.5,-0.065,0.015,-1.78032638117e-14,0
594.5,-0.075,0.02,4.63706732479e-14,0
594.5,-0.07,0.02,2.32796630419e-14,0
594.5,-0.075,0.025,6.63659793578e-14,0
594.5,-0.07,0.025,4.2345312195e-14,0
594.5,-0.065,0.02,4.3818736885e-16,0
594.5,-0.065,0.025,1.88385369109e-14,0
594.5,-0.075,0.03,8.66198921784e-14,0
594.5,-0.07,0.03,6.00243793007e-14,0
594.5,-0.075,0.035,1.00978492914e-13,0
594.5,-0.07,0.035,7.25183853819e-14,0
594.5,-0.065,0.03,3.54297727871e-14,0
594.5,-0.065,0.035,4.73329245313e-14,0
594.5,-0.075,0.04,1.02063299304e-13,0
594.5,-0.07,0.04,7.57571846748e-14,0
594.5,-0.075,0.045,8.46333372201e-14,0
594.5,-0.07,0.045,6.6281195229e-14,0
594.5,-0.065,0.04,5.27252349322e-14,0
594.5,-0.065,0.045,5.03535941504e-14,0
594.5,-0.075,0.05,4.83715689362e-14,0
594.5,-0.07,0.05,4.29835560621e-14,0
594.5,-0.075,0.055,-8.65862818477e-16,0
594.5,-0.07,0.055,8.38927632071e-15,0
594.5,-0.065,0.05,3.77303889594e-14,0
594.5,-0.065,0.055,1.54142852834e-14,0
594.5,-0.075,0.06,-5.0680572834e-14,0
594.5,-0.07,0.06,-3.05727341498e-14,0
594.5,-0.075,0.065,-9.7986654683e-14,0
594.5,-0.07,0.065,-6.85157896075e-14,0
594.5,-0.065,0.06,-1.24915724215e-14,0
594.5,-0.065,0.065,-4.09086106232e-14,0
594.5,-0.075,0.07,-1.39047323345e-13,0
594.5,-0.07,0.07,-1.02675772216e-13,0
594.5,-0.075,0.075,-1.74510132217e-13,0
594.5,-0.07,0.075,-1.33320913202e-13,0
594.5,-0.065,0.07,-6.70340976969e-14,0
594.5,-0.065,0.075,-9.00987378563e-14,0
594.5,-0.06,-0.075,-4.37219190641e-14,0
594.5,-0.06,-0.07,-3.43544867065e-14,0
594.5,-0.06,-0.065,-2.41297345568e-14,0
594.5,-0.055,-0.075,6.41203723567e-15,0
594.5,-0.055,-0.07,2.47389383469e-16,0
594.5,-0.055,-0.065,-2.05270725783e-15,0
594.5,-0.06,-0.06,-1.26306505272e-14,0
594.5,-0.06,-0.055,-1.43298026606e-15,0
594.5,-0.055,-0.06,1.68344661545e-15,0
594.5,-0.055,-0.055,6.92152069997e-15,0
594.5,-0.06,-0.05,8.58935849634e-15,0
594.5,-0.055,-0.05,1.25976699345e-14,0
594.5,-0.06,-0.045,1.74808332912e-14,0
594.5,-0.055,-0.045,1.72729382457e-14,0
594.5,-0.06,-0.04,2.33198508672e-14,0
594.5,-0.055,-0.04,1.81584472544e-14,0
594.5,-0.06,-0.035,2.47321031287e-14,0
594.5,-0.055,-0.035,1.60039023351e-14,0
594.5,-0.06,-0.03,2.23938316386e-14,0
594.5,-0.06,-0.025,1.71225638682e-14,0
594.5,-0.055,-0.03,1.16328040819e-14,0
594.5,-0.055,-0.025,4.93896454535e-15,0
594.5,-0.06,-0.02,8.48266951925e-15,0
594.5,-0.06,-0.015,-3.2415626743e-15,0
594.5,-0.055,-0.02,-4.93837010011e-15,0
594.5,-0.055,-0.015,-1.74706972706e-14,0
594.5,-0.06,-0.01,-1.67309385199e-14,0
594.5,-0.06,-0.005,-3.0862437894e-14,0
594.5,-0.055,-0.01,-3.11031756357e-14,0
594.5,-0.055,-0.005,-4.52545705383e-14,0
594.5,-0.06,0,-4.41230478124e-14,0
594.5,-0.06,0.005,-5.22729500601e-14,0
594.5,-0.055,4.16333634234e-19,-5.85026689315e-14,0
594.5,-0.055,0.005,-6.71936671372e-14,0
594.5,-0.06,0.01,-5.07226874626e-14,0
594.5,-0.06,0.015,-3.82246726142e-14,0
594.5,-0.055,0.01,-6.63967377502e-14,0
594.5,-0.055,0.015,-5.38745288349e-14,0
594.5,-0.06,0.02,-2.03540054584e-14,0
594.5,-0.06,0.025,-2.32462131941e-15,0
594.5,-0.055,0.02,-3.65415560188e-14,0
594.5,-0.055,0.025,-1.92385862196e-14,0
594.5,-0.06,0.03,1.42153829866e-14,0
594.5,-0.06,0.035,2.71597327969e-14,0
594.5,-0.055,0.03,-3.19912887811e-15,0
594.5,-0.055,0.035,1.03398862186e-14,0
594.5,-0.06,0.04,3.49349971858e-14,0
594.5,-0.06,0.045,3.70418531519e-14,0
594.5,-0.055,0.04,2.02084907318e-14,0
594.5,-0.055,0.045,2.5902402634e-14,0
594.5,-0.06,0.05,3.19560042802e-14,0
594.5,-0.06,0.055,1.95095445892e-14,0
594.5,-0.055,0.05,2.68380969388e-14,0
594.5,-0.055,0.055,2.25183196959e-14,0
594.5,-0.06,0.06,2.14841969213e-15,0
594.5,-0.06,0.065,-1.67668741648e-14,0
594.5,-0.055,0.06,1.40128841726e-14,0
594.5,-0.055,0.065,3.33816097474e-15,0
594.5,-0.06,0.07,-3.44039637263e-14,0
594.5,-0.06,0.075,-4.97218049129e-14,0
594.5,-0.055,0.07,-6.56789722531e-15,0
594.5,-0.055,0.075,-1.4361388821e-14,0
594.5,-0.05,-0.075,3.38765123512e-14,0
594.5,-0.05,-0.07,2.41510305601e-14,0
594.5,-0.045,-0.075,5.47249023754e-14,0
594.5,-0.045,-0.07,4.18095725233e-14,0
594.5,-0.05,-0.065,1.73258338285e-14,0
594.5,-0.045,-0.065,3.14452288702e-14,0
594.5,-0.05,-0.06,1.47893455316e-14,0
594.5,-0.05,-0.055,1.46046830138e-14,0
594.5,-0.045,-0.06,2.39015752634e-14,0
594.5,-0.045,-0.055,1.85615812051e-14,0
594.5,-0.05,-0.05,1.49878655654e-14,0
594.5,-0.05,-0.045,1.46089633215e-14,0
594.5,-0.045,-0.05,1.4438173408e-14,0
594.5,-0.045,-0.045,1.06709693636e-14,0
594.5,-0.05,-0.04,1.22964126235e-14,0
594.5,-0.045,-0.04,6.58096728756e-15,0
594.5,-0.05,-0.035,8.37177664937e-15,0
594.5,-0.045,-0.035,1.81247881794e-15,0
594.5,-0.05,-0.03,2.70793618309e-15,0
594.5,-0.045,-0.03,-4.12503629201e-15,0
594.5,-0.05,-0.025,-4.8725969766e-15,0
594.5,-0.045,-0.025,-1.16979650975e-14,0
594.5,-0.05,-0.02,-1.56175440206e-14,0
594.5,-0.05,-0.015,-2.80696350647e-14,0
594.5,-0.045,-0.02,-2.15539950504e-14,0
594.5,-0.045,-0.015,-3.28245860593e-14,0
594.5,-0.05,-0.01,-4.09287366421e-14,0
594.5,-0.05,-0.005,-5.37437204526e-14,0
594.5,-0.045,-0.01,-4.52778187686e-14,0
594.5,-0.045,-0.005,-5.63129826697e-14,0
594.5,-0.05,0,-6.48639804461e-14,0
594.5,-0.05,0.005,-7.32493309822e-14,0
594.5,-0.045,4.16333634234e-19,-6.49474678688e-14,0
594.5,-0.045,0.005,-7.11931464772e-14,0
594.5,-0.05,0.01,-7.36240719757e-14,0
594.5,-0.05,0.015,-6.20661459755e-14,0
594.5,-0.045,0.01,-7.07827190364e-14,0
594.5,-0.045,0.015,-6.08811820272e-14,0
594.5,-0.05,0.02,-4.60814836046e-14,0
594.5,-0.05,0.025,-3.02631468509e-14,0
594.5,-0.045,0.02,-4.76163937781e-14,0
594.5,-0.045,0.025,-3.42332366786e-14,0
594.5,-0.05,0.03,-1.55504913388e-14,0
594.5,-0.05,0.035,-2.51258589133e-15,0
594.5,-0.045,0.03,-2.17624961939e-14,0
594.5,-0.045,0.035,-1.02401584075e-14,0
594.5,-0.05,0.04,8.49235481459e-15,0
594.5,-0.05,0.045,1.66848507589e-14,0
594.5,-0.045,0.04,3.77823864835e-16,0
594.5,-0.045,0.045,9.32360297123e-15,0
594.5,-0.05,0.05,2.18222570389e-14,0
594.5,-0.05,0.055,2.37740461702e-14,0
594.5,-0.045,0.05,1.65173329023e-14,0
594.5,-0.045,0.055,2.23594002489e-14,0
594.5,-0.05,0.06,2.2524982007e-14,0
594.5,-0.05,0.065,1.89670930929e-14,0
594.5,-0.045,0.06,2.63246718468e-14,0
594.5,-0.045,0.065,2.87717366116e-14,0
594.5,-0.05,0.07,1.51232082363e-14,0
594.5,-0.05,0.075,1.30317412204e-14,0
594.5,-0.045,0.07,3.04683682918e-14,0
594.5,-0.045,0.075,3.34285073134e-14,0
594.5,-0.04,-0.075,6.75582500923e-14,0
594.5,-0.04,-0.07,5.2291554615e-14,0
594.5,-0.035,-0.075,7.33354640955e-14,0
594.5,-0.035,-0.07,5.62978007424e-14,0
594.5,-0.04,-0.065,3.92027297789e-14,0
594.5,-0.035,-0.065,4.10425862914e-14,0
594.5,-0.04,-0.06,2.7685861973e-14,0
594.5,-0.035,-0.06,2.70850655968e-14,0
594.5,-0.04,-0.055,1.83961902727e-14,0
594.5,-0.035,-0.055,1.55340809362e-14,0
594.5,-0.04,-0.05,1.16265036474e-14,0
594.5,-0.04,-0.045,6.0592119867e-15,0
594.5,-0.035,-0.05,7.11787795338e-15,0
594.5,-0.035,-0.045,7.44123978791e-16,0
594.5,-0.04,-0.04,1.21069053446e-15,0
594.5,-0.04,-0.035,-3.59069559112e-15,0
594.5,-0.035,-0.04,-4.09814511446e-15,0
594.5,-0.035,-0.035,-8.15673545623e-15,0
594.5,-0.04,-0.03,-8.7911055859e-15,0
594.5,-0.035,-0.03,-1.15842213182e-14,0
594.5,-0.04,-0.025,-1.48490008411e-14,0
594.5,-0.035,-0.025,-1.52112237787e-14,0
594.5,-0.04,-0.02,-2.25485814271e-14,0
594.5,-0.035,-0.02,-2.01847539889e-14,0
594.5,-0.04,-0.015,-3.18263835171e-14,0
594.5,-0.035,-0.015,-2.60180394927e-14,0
594.5,-0.04,-0.01,-4.19690511528e-14,0
594.5,-0.04,-0.005,-5.01305084529e-14,0
594.5,-0.035,-0.01,-3.10145670622e-14,0
594.5,-0.035,-0.005,-3.54457159792e-14,0
594.5,-0.04,0,-5.60637571024e-14,0
594.5,-0.04,0.005,-6.01804409138e-14,0
594.5,-0.035,4.16333634234e-19,-3.93832518909e-14,0
594.5,-0.035,0.005,-4.22247715816e-14,0
594.5,-0.04,0.01,-5.98595890459e-14,0
594.5,-0.04,0.015,-5.32205128191e-14,0
594.5,-0.035,0.01,-4.31468247364e-14,0
594.5,-0.035,0.015,-4.09482506164e-14,0
594.5,-0.04,0.02,-4.32925884764e-14,0
594.5,-0.04,0.025,-3.30196391789e-14,0
594.5,-0.035,0.02,-3.53862061838e-14,0
594.5,-0.035,0.025,-2.88490169996e-14,0
594.5,-0.04,0.03,-2.30760402282e-14,0
594.5,-0.04,0.035,-1.37142957061e-14,0
594.5,-0.035,0.03,-2.20442540922e-14,0
594.5,-0.035,0.035,-1.52440816433e-14,0
594.5,-0.04,0.04,-4.77030041411e-15,0
594.5,-0.04,0.045,3.61888398745e-15,0
594.5,-0.035,0.04,-8.52391289455e-15,0
594.5,-0.035,0.045,-1.51844936436e-15,0
594.5,-0.04,0.05,1.12827371823e-14,0
594.5,-0.04,0.055,1.85495109132e-14,0
594.5,-0.035,0.05,5.86653617779e-15,0
594.5,-0.035,0.055,1.3443399076e-14,0
594.5,-0.04,0.06,2.54325381617e-14,0
594.5,-0.04,0.065,3.18211597453e-14,0
594.5,-0.035,0.06,2.12188672964e-14,0
594.5,-0.035,0.065,2.92089325271e-14,0
594.5,-0.04,0.07,3.81273384568e-14,0
594.5,-0.04,0.075,4.54465711094e-14,0
594.5,-0.035,0.07,3.76321981621e-14,0
594.5,-0.035,0.075,4.69112514377e-14,0
594.5,-0.03,-0.075,7.21181521659e-14,0
594.5,-0.03,-0.07,5.40481462138e-14,0
594.5,-0.025,-0.075,6.46525820591e-14,0
594.5,-0.025,-0.07,4.64641692832e-14,0
594.5,-0.03,-0.065,3.74592371138e-14,0
594.5,-0.025,-0.065,2.94065496419e-14,0
594.5,-0.03,-0.06,2.22740978642e-14,0
594.5,-0.025,-0.06,1.38540008532e-14,0
594.5,-0.03,-0.055,9.75368083099e-15,0
594.5,-0.025,-0.055,1.0646139324e-15,0
594.5,-0.03,-0.05,5.2202093131e-16,0
594.5,-0.025,-0.05,-8.13867308815e-15,0
594.5,-0.03,-0.045,-5.76241219684e-15,0
594.5,-0.025,-0.045,-1.34760211219e-14,0
594.5,-0.03,-0.04,-9.58310203519e-15,0
594.5,-0.03,-0.035,-1.17953482066e-14,0
594.5,-0.025,-0.04,-1.53691194523e-14,0
594.5,-0.025,-0.035,-1.51711923628e-14,0
594.5,-0.03,-0.03,-1.29668995031e-14,0
594.5,-0.03,-0.025,-1.38391854666e-14,0
594.5,-0.025,-0.03,-1.36666382028e-14,0
594.5,-0.025,-0.025,-1.11379998769e-14,0
594.5,-0.03,-0.02,-1.45903672017e-14,0
594.5,-0.025,-0.02,-7.21783682229e-15,0
594.5,-0.03,-0.015,-1.54168179807e-14,0
594.5,-0.025,-0.015,-3.46200840412e-15,0
594.5,-0.03,-0.01,-1.67402357074e-14,0
594.5,-0.025,-0.01,-1.65055382561e-15,0
594.5,-0.03,-0.005,-1.85992330302e-14,0
594.5,-0.025,-0.005,-1.24356409791e-15,0
594.5,-0.03,0,-2.07844360903e-14,0
594.5,-0.03,0.005,-2.29095393163e-14,0
594.5,-0.025,4.16333634234e-19,-2.10075184137e-15,0
594.5,-0.025,0.005,-3.88975032299e-15,0
594.5,-0.03,0.01,-2.44857174924e-14,0
594.5,-0.03,0.015,-2.49017336079e-14,0
594.5,-0.025,0.01,-6.11678374382e-15,0
594.5,-0.025,0.015,-8.23381899663e-15,0
594.5,-0.03,0.02,-2.36488403575e-14,0
594.5,-0.03,0.025,-2.12856158153e-14,0
594.5,-0.025,0.02,-9.98973763046e-15,0
594.5,-0.025,0.025,-1.13606402616e-14,0
594.5,-0.03,0.03,-1.85836714304e-14,0
594.5,-0.03,0.035,-1.53884193339e-14,0
594.5,-0.025,0.03,-1.28500152153e-14,0
594.5,-0.025,0.035,-1.3796345096e-14,0
594.5,-0.03,0.04,-1.11819999955e-14,0
594.5,-0.03,0.045,-6.12039241984e-15,0
594.5,-0.025,0.04,-1.2800166399e-14,0
594.5,-0.025,0.045,-1.030555181e-14,0
594.5,-0.03,0.05,-6.4845586824e-17,0
594.5,-0.03,0.055,6.93606392097e-15,0
594.5,-0.025,0.05,-6.37883869171e-15,0
594.5,-0.025,0.055,-6.62050526756e-16,0
594.5,-0.03,0.06,1.46535718865e-14,0
594.5,-0.03,0.065,2.29841255953e-14,0
594.5,-0.025,0.06,6.7482893804e-15,0
594.5,-0.025,0.065,1.51001968956e-14,0
594.5,-0.03,0.07,3.19304936526e-14,0
594.5,-0.03,0.075,4.15895682919e-14,0
594.5,-0.025,0.07,2.41962067651e-14,0
594.5,-0.025,0.075,3.39979148814e-14,0
594.5,-0.02,-0.075,5.28805201465e-14,0
594.5,-0.02,-0.07,3.51050465722e-14,0
594.5,-0.015,-0.075,3.88549472999e-14,0
594.5,-0.015,-0.07,2.17890536106e-14,0
594.5,-0.02,-0.065,1.8081128114e-14,0
594.5,-0.015,-0.065,5.01154185623e-15,0
594.5,-0.02,-0.06,2.52015904055e-15,0
594.5,-0.015,-0.06,-1.0283274648e-14,0
594.5,-0.02,-0.055,-9.9577514584e-15,0
594.5,-0.015,-0.055,-2.18378455978e-14,0
594.5,-0.02,-0.05,-1.82915617643e-14,0
594.5,-0.015,-0.05,-2.85649226467e-14,0
594.5,-0.02,-0.045,-2.19201193011e-14,0
594.5,-0.015,-0.045,-3.06212011997e-14,0
594.5,-0.02,-0.04,-2.17088281744e-14,0
594.5,-0.015,-0.04,-2.87516007277e-14,0
594.5,-0.02,-0.035,-1.9012606817e-14,0
594.5,-0.015,-0.035,-2.34308167729e-14,0
594.5,-0.02,-0.03,-1.40219118805e-14,0
594.5,-0.02,-0.025,-7.14300566335e-15,0
594.5,-0.015,-0.03,-1.46193042657e-14,0
594.5,-0.015,-0.025,-3.13624492827e-15,0
594.5,-0.02,-0.02,7.53207420809e-16,0
594.5,-0.02,-0.015,8.03852377189e-15,0
594.5,-0.015,-0.02,8.9071753802e-15,0
594.5,-0.015,-0.015,1.90916141866e-14,0
594.5,-0.02,-0.01,1.32299287269e-14,0
594.5,-0.015,-0.01,2.56567073466e-14,0
594.5,-0.02,-0.005,1.56276500774e-14,0
594.5,-0.015,-0.005,2.85448338561e-14,0
594.5,-0.02,0,1.54423965512e-14,0
594.5,-0.015,4.16333634234e-19,2.83620819257e-14,0
594.5,-0.02,0.005,1.32270659511e-14,0
594.5,-0.015,0.005,2.58623184379e-14,0
594.5,-0.02,0.01,1.01999708396e-14,0
594.5,-0.02,0.015,7.02146618987e-15,0
594.5,-0.015,0.01,2.31234261756e-14,0
594.5,-0.015,0.015,2.01556419935e-14,0
594.5,-0.02,0.02,2.94895865288e-15,0
594.5,-0.02,0.025,-1.78329637145e-15,0
594.5,-0.015,0.02,1.48600987583e-14,0
594.5,-0.015,0.025,7.4595973384e-15,0
594.5,-0.02,0.03,-6.23915298792e-15,0
594.5,-0.02,0.035,-1.03508434416e-14,0
594.5,-0.015,0.03,2.79268325401e-16,0
594.5,-0.015,0.035,-6.76521239503e-15,0
594.5,-0.02,0.04,-1.32929387171e-14,0
594.5,-0.02,0.045,-1.4264445691e-14,0
594.5,-0.015,0.04,-1.38004812997e-14,0
594.5,-0.015,0.045,-1.85211906943e-14,0
594.5,-0.02,0.05,-1.31556887774e-14,0
594.5,-0.02,0.055,-9.70571037203e-15,0
594.5,-0.015,0.05,-2.04974920821e-14,0
594.5,-0.015,0.055,-1.99771296984e-14,0
594.5,-0.02,0.06,-3.57476253042e-15,0
594.5,-0.02,0.065,4.45664366376e-15,0
594.5,-0.015,0.06,-1.57268087479e-14,0
594.5,-0.015,0.065,-8.43652638115e-15,0
594.5,-0.02,0.07,1.3441446978e-14,0
594.5,-0.02,0.075,2.30596540894e-14,0
594.5,-0.015,0.07,2.36129805616e-16,0
594.5,-0.015,0.075,9.13420093053e-15,0
594.5,-0.01,-0.075,2.42695676553e-14,0
594.5,-0.01,-0.07,8.21836307574e-15,0
594.5,-0.005,-0.075,1.14202353346e-14,0
594.5,-0.005,-0.07,-3.5368928829e-15,0
594.5,-0.01,-0.065,-8.10901193944e-15,0
594.5,-0.005,-0.065,-1.94963238221e-14,0
594.5,-0.01,-0.06,-2.28755859923e-14,0
594.5,-0.005,-0.06,-3.41835796871e-14,0
594.5,-0.01,-0.055,-3.31243668668e-14,0
594.5,-0.005,-0.055,-4.31375429558e-14,0
594.5,-0.01,-0.05,-3.82607534608e-14,0
594.5,-0.005,-0.05,-4.6708312867e-14,0
594.5,-0.01,-0.045,-3.9444618776e-14,0
594.5,-0.005,-0.045,-4.70532069278e-14,0
594.5,-0.01,-0.04,-3.62903747881e-14,0
594.5,-0.005,-0.04,-4.30742608353e-14,0
594.5,-0.01,-0.035,-2.8682626476e-14,0
594.5,-0.005,-0.035,-3.43820440381e-14,0
594.5,-0.01,-0.03,-1.62259702615e-14,0
594.5,-0.005,-0.03,-1.90830244109e-14,0
594.5,-0.01,-0.025,1.74571379949e-16,0
594.5,-0.005,-0.025,2.12981345834e-15,0
594.5,-0.01,-0.02,1.74173514959e-14,0
594.5,-0.01,-0.015,2.95599842107e-14,0
594.5,-0.005,-0.02,2.48824851735e-14,0
594.5,-0.005,-0.015,3.83031134446e-14,0
594.5,-0.0117873230072,-0.0115873794689,3.02619907519e-14,0
594.5,-0.00939961996336,-0.005,3.42532395651e-14,0
594.5,-0.00792797428371,-0.00964253216809,3.60884100173e-14,0
594.5,-0.005,-0.00939961996336,3.74771580701e-14,0
594.5,-0.0108753492546,-0.00150606400588,3.32869587749e-14,0
594.5,-0.00818101620308,-0.00211452602544,3.17068531089e-14,0
594.5,-0.00651817360753,-0.000255934956239,2.51208548634e-14,0
594.5,-0.005,6.71033969428e-08,1.12279066198e-14,0
594.5,-0.0107292118043,0.00160660295843,3.25039107879e-14,0
594.5,-0.0080188992252,0.000768320427092,3.04015153764e-14,0
594.5,-0.00939946851065,0.005,3.21358208413e-14,0
594.5,-0.00802129342231,0.00264911934363,3.10075276747e-14,0
594.5,-0.00887989370213,0.00887989479405,3.32826804463e-14,0
594.5,-0.01,0.015,3.10425325081e-14,0
594.5,-0.005,0.00939947397025,3.78974088085e-14,0
594.5,-0.005,0.015,4.09179391513e-14,0
594.5,-0.01,0.02,2.59733815735e-14,0
594.5,-0.01,0.025,1.69328625035e-14,0
594.5,-0.005,0.02,3.61950788621e-14,0
594.5,-0.005,0.025,2.53082286934e-14,0
594.5,-0.01,0.03,6.44519315127e-15,0
594.5,-0.01,0.035,-4.60202169009e-15,0
594.5,-0.005,0.03,1.15128566376e-14,0
594.5,-0.005,0.035,-3.54206880292e-15,0
594.5,-0.01,0.04,-1.59482144918e-14,0
594.5,-0.01,0.045,-2.41340992711e-14,0
594.5,-0.005,0.04,-1.93559020563e-14,0
594.5,-0.005,0.045,-3.02293413657e-14,0
594.5,-0.01,0.05,-2.80778869338e-14,0
594.5,-0.01,0.055,-2.99409856782e-14,0
594.5,-0.005,0.05,-3.50096485596e-14,0
594.5,-0.005,0.055,-3.76390240933e-14,0
594.5,-0.01,0.06,-2.79966430257e-14,0
594.5,-0.01,0.065,-2.11613583842e-14,0
594.5,-0.005,0.06,-3.6568178405e-14,0
594.5,-0.005,0.065,-2.98849354854e-14,0
594.5,-0.01,0.07,-1.24839723952e-14,0
594.5,-0.01,0.075,-4.4238352501e-15,0
594.5,-0.005,0.07,-2.11356845829e-14,0
594.5,-0.005,0.075,-1.33523214739e-14,0
594.5,0,-0.075,2.81424235938e-15,0
594.5,0,-0.07,-1.1066057109e-14,0
594.5,0.005,-0.075,7.6198938941e-16,0
594.5,0.005,-0.07,-1.23713350875e-14,0
594.5,0,-0.065,-2.65481243349e-14,0
594.5,0.005,-0.065,-2.68981263469e-14,0
594.5,0,-0.06,-4.13287798217e-14,0
594.5,0.005,-0.06,-4.08788361192e-14,0
594.5,0,-0.055,-4.9956678238e-14,0
594.5,0.005,-0.055,-5.14634495647e-14,0
594.5,0,-0.05,-5.29339101867e-14,0
594.5,0.005,-0.05,-5.67152868304e-14,0
594.5,0,-0.045,-5.30284933159e-14,0
594.5,0.005,-0.045,-5.7577859611e-14,0
594.5,0,-0.04,-4.88198689476e-14,0
594.5,0.005,-0.04,-5.37022280791e-14,0
594.5,0,-0.035,-4.02253475725e-14,0
594.5,0.005,-0.035,-4.50686819757e-14,0
594.5,0,-0.03,-2.31924439217e-14,0
594.5,0.005,-0.03,-2.74537761505e-14,0
594.5,0,-0.025,1.80077931128e-15,0
594.5,0.005,-0.025,-3.86309539755e-16,0
594.5,0,-0.02,2.96147946401e-14,0
594.5,0.005,-0.02,2.94021411898e-14,0
594.5,0,-0.015,4.42005916679e-14,0
594.5,0.005,-0.015,4.4387340855e-14,0
594.5,-0.0021196717084,-0.00776771017156,3.38590260122e-14,0
594.5,-0.00084550708518,-0.00631514607954,2.55332478026e-14,0
594.5,6.71033969406e-08,-0.005,1.16015948656e-14,0
594.5,-0.00139054260708,-0.0110960807567,4.1189303065e-14,0
594.5,0.00132468676756,-0.00775008274642,3.42886730501e-14,0
594.5,0.00160394440688,-0.0116908851489,4.28694148325e-14,0
594.5,0.005,-0.00939946851065,3.98532586149e-14,0
594.5,0.005,0.005,2.70907616526e-14,0
594.5,-0.000107646311398,0.00617659695633,2.6780144197e-14,0
594.5,-0.00190846935279,0.0076427502668,3.63662299106e-14,0
594.5,0.00131146485568,0.00777290068297,3.68792488978e-14,0
594.5,0.00295884413402,0.00640276348073,3.01474810528e-14,0
594.5,-1.21517769428e-05,0.0108932602996,4.5059228673e-14,0
594.5,0,0.015,4.81561950361e-14,0
594.5,0.005,0.00939942566771,4.05241914238e-14,0
594.5,0.005,0.015,4.6064067835e-14,0
594.5,0,0.02,4.24318400119e-14,0
594.5,0,0.025,2.86182827613e-14,0
594.5,0.005,0.02,3.93156590259e-14,0
594.5,0.005,0.025,2.36187649617e-14,0
594.5,0,0.03,1.17056434519e-14,0
594.5,0,0.035,-6.40634014179e-15,0
594.5,0.005,0.03,6.38099812925e-15,0
594.5,0.005,0.035,-1.12578333449e-14,0
594.5,0,0.04,-2.42328614635e-14,0
594.5,0,0.045,-3.55943422006e-14,0
594.5,0.005,0.04,-2.79255720323e-14,0
594.5,0.005,0.045,-3.75351326618e-14,0
594.5,0,0.05,-3.97770757364e-14,0
594.5,0,0.055,-4.2002394286e-14,0
594.5,0.005,0.05,-4.07308301452e-14,0
594.5,0.005,0.055,-4.22941834097e-14,0
594.5,0,0.06,-4.02586132599e-14,0
594.5,0,0.065,-3.32609498062e-14,0
594.5,0.005,0.06,-3.9921267769e-14,0
594.5,0.005,0.065,-3.18869663124e-14,0
594.5,0,0.07,-2.40993591885e-14,0
594.5,0,0.075,-1.58693687869e-14,0
594.5,0.005,0.07,-2.15487371162e-14,0
594.5,0.005,0.075,-1.20476059058e-14,0
594.5,0.01,-0.075,4.64278619434e-15,0
594.5,0.01,-0.07,-8.05839099539e-15,0
594.5,0.015,-0.075,1.25517005835e-14,0
594.5,0.015,-0.07,1.03020546435e-17,0
594.5,0.01,-0.065,-2.16057892524e-14,0
594.5,0.015,-0.065,-1.32582404377e-14,0
594.5,0.01,-0.06,-3.49145871811e-14,0
594.5,0.015,-0.06,-2.64736497999e-14,0
594.5,0.01,-0.055,-4.70573430869e-14,0
594.5,0.015,-0.055,-3.87461264452e-14,0
594.5,0.01,-0.05,-5.53835888393e-14,0
594.5,0.015,-0.05,-4.79222385995e-14,0
594.5,0.01,-0.045,-5.79453152074e-14,0
594.5,0.015,-0.045,-5.17131899532e-14,0
594.5,0.01,-0.04,-5.47226935201e-14,0
594.5,0.015,-0.04,-4.9649461541e-14,0
594.5,0.01,-0.035,-4.61718537818e-14,0
594.5,0.015,-0.035,-4.11713702147e-14,0
594.5,0.01,-0.03,-2.92165482365e-14,0
594.5,0.015,-0.03,-2.69109541576e-14,0
594.5,0.01,-0.025,-3.94911464474e-15,0
594.5,0.015,-0.025,-7.86991276391e-15,0
594.5,0.01,-0.02,2.3879825983e-14,0
594.5,0.01,-0.015,3.9493216775e-14,0
594.5,0.015,-0.02,1.51477685282e-14,0
594.5,0.015,-0.015,3.01824345481e-14,0
594.5,0.00999280436795,-0.0116358337096,3.98812248254e-14,0
594.5,0.0105889214373,-0.00845762197625,3.80735650212e-14,0
594.5,0.015,-0.01,3.34504642967e-14,0
594.5,0.00939947397025,-0.005,3.459012924e-14,0
594.5,0.015,-0.005,3.23654379129e-14,0
594.5,0.00658051136513,-0.00296146438142,2.68219515648e-14,0
594.5,0.00636794669772,-3.54305826484e-06,2.20521705211e-14,0
594.5,0.00795807888052,-0.00113999998936,2.80115483311e-14,0
594.5,0.00758147027913,0.00183630393596,2.72990120176e-14,0
594.5,0.0112534647756,-1.47536350887e-07,3.20152412246e-14,0
594.5,0.015,4.16333634234e-19,3.03316276557e-14,0
594.5,0.00939942566771,0.005,3.34787220348e-14,0
594.5,0.015,0.005,3.04568287844e-14,0
594.5,0.00999018807453,0.0109670628501,3.81467370509e-14,0
594.5,0.01,0.015,3.80215955666e-14,0
594.5,0.015,0.01,3.02235736481e-14,0
594.5,0.015,0.015,2.68982960787e-14,0
594.5,0.01,0.02,3.0110509023e-14,0
594.5,0.01,0.025,1.53605449407e-14,0
594.5,0.015,0.02,1.83412017129e-14,0
594.5,0.015,0.025,5.91513125637e-15,0
594.5,0.01,0.03,-3.91264246652e-16,0
594.5,0.01,0.035,-1.59905418847e-14,0
594.5,0.015,0.03,-7.3086088587e-15,0
594.5,0.015,0.035,-1.98226778074e-14,0
594.5,0.01,0.04,-2.94848509738e-14,0
594.5,0.01,0.045,-3.66737407879e-14,0
594.5,0.015,0.04,-2.95833248592e-14,0
594.5,0.015,0.045,-3.43337905644e-14,0
594.5,0.01,0.05,-3.86940429767e-14,0
594.5,0.01,0.055,-3.91369863484e-14,0
594.5,0.015,0.05,-3.51237457363e-14,0
594.5,0.015,0.055,-3.34328232271e-14,0
594.5,0.01,0.06,-3.51724406764e-14,0
594.5,0.01,0.065,-2.52445759364e-14,0
594.5,0.015,0.06,-2.63355389073e-14,0
594.5,0.015,0.065,-1.36396122889e-14,0
594.5,0.01,0.07,-1.28367414004e-14,0
594.5,0.01,0.075,-8.97888489662e-16,0
594.5,0.015,0.07,8.6144151591e-16,0
594.5,0.015,0.075,1.53720020999e-14,0
594.5,0.02,-0.075,2.34506049497e-14,0
594.5,0.02,-0.07,1.1042959811e-14,0
594.5,0.025,-0.075,3.54101986819e-14,0
594.5,0.025,-0.07,2.33958258313e-14,0
594.5,0.02,-0.065,-1.78787707099e-15,0
594.5,0.025,-0.065,1.15617314551e-14,0
594.5,0.02,-0.06,-1.46349622614e-14,0
594.5,0.025,-0.06,-2.03457788865e-16,0
594.5,0.02,-0.055,-2.65315959316e-14,0
594.5,0.025,-0.055,-1.12633967153e-14,0
594.5,0.02,-0.05,-3.57118202028e-14,0
594.5,0.025,-0.05,-2.04101166282e-14,0
594.5,0.02,-0.045,-4.04633043221e-14,0
594.5,0.025,-0.045,-2.59696323057e-14,0
594.5,0.02,-0.04,-4.01623760217e-14,0
594.5,0.025,-0.04,-2.7839285866e-14,0
594.5,0.02,-0.035,-3.42204605123e-14,0
594.5,0.025,-0.035,-2.59849908846e-14,0
594.5,0.02,-0.03,-2.34917872201e-14,0
594.5,0.025,-0.03,-2.00313014674e-14,0
594.5,0.02,-0.025,-9.5165232815e-15,0
594.5,0.025,-0.025,-1.15900058246e-14,0
594.5,0.02,-0.02,7.1603748934e-15,0
594.5,0.025,-0.02,-6.88457248372e-16,0
594.5,0.02,-0.015,1.9059779244e-14,0
594.5,0.025,-0.015,7.14034082272e-15,0
594.5,0.02,-0.01,2.29823187106e-14,0
594.5,0.025,-0.01,9.28003303017e-15,0
594.5,0.02,-0.005,2.30433606255e-14,0
594.5,0.025,-0.005,9.58353363143e-15,0
594.5,0.02,0,2.14544344737e-14,0
594.5,0.025,4.16333634234e-19,8.40645575367e-15,0
594.5,0.02,0.005,2.05982632867e-14,0
594.5,0.025,0.005,6.81170643332e-15,0
594.5,0.02,0.01,1.8477970959e-14,0
594.5,0.025,0.01,3.75921644728e-15,0
594.5,0.02,0.015,1.35781290165e-14,0
594.5,0.025,0.015,-9.57691618935e-16,0
594.5,0.02,0.02,5.54205305319e-15,0
594.5,0.02,0.025,-4.36017276121e-15,0
594.5,0.025,0.02,-7.478967687e-15,0
594.5,0.025,0.025,-1.42819260938e-14,0
594.5,0.02,0.03,-1.39129173277e-14,0
594.5,0.02,0.035,-2.23939256096e-14,0
594.5,0.025,0.03,-1.93358772502e-14,0
594.5,0.025,0.035,-2.35831268364e-14,0
594.5,0.02,0.04,-2.84026707634e-14,0
594.5,0.02,0.045,-3.06883981948e-14,0
594.5,0.025,0.04,-2.59788878593e-14,0
594.5,0.025,0.045,-2.50571540336e-14,0
594.5,0.02,0.05,-2.9128614558e-14,0
594.5,0.02,0.055,-2.39596719634e-14,0
594.5,0.025,0.05,-2.03479731383e-14,0
594.5,0.025,0.055,-1.20990782197e-14,0
594.5,0.02,0.06,-1.38017982038e-14,0
594.5,0.02,0.065,5.6278917004e-16,0
594.5,0.025,0.06,-5.71061206311e-17,0
594.5,0.025,0.065,1.46797754884e-14,0
594.5,0.02,0.07,1.59050409714e-14,0
594.5,0.02,0.075,3.14913603437e-14,0
594.5,0.025,0.07,3.02115244746e-14,0
594.5,0.025,0.075,4.64436650401e-14,0
594.5,0.03,-0.075,4.60198132982e-14,0
594.5,0.03,-0.07,3.46704299492e-14,0
594.5,0.035,-0.075,5.3389537756e-14,0
594.5,0.035,-0.07,4.30546402922e-14,0
594.5,0.03,-0.065,2.42527817298e-14,0
594.5,0.035,-0.065,3.4167878176e-14,0
594.5,0.03,-0.06,1.43508656141e-14,0
594.5,0.035,-0.06,2.64025155502e-14,0
594.5,0.03,-0.055,4.66195963256e-15,0
594.5,0.035,-0.055,1.89826730412e-14,0
594.5,0.03,-0.05,-4.37441045652e-15,0
594.5,0.035,-0.05,1.07981293954e-14,0
594.5,0.03,-0.045,-1.11240835012e-14,0
594.5,0.035,-0.045,3.12177929848e-15,0
594.5,0.03,-0.04,-1.49508187265e-14,0
594.5,0.035,-0.04,-2.58538910813e-15,0
594.5,0.03,-0.035,-1.64138401612e-14,0
594.5,0.035,-0.035,-6.72574706134e-15,0
594.5,0.03,-0.03,-1.5667962262e-14,0
594.5,0.035,-0.03,-1.05409601548e-14,0
594.5,0.03,-0.025,-1.32586044807e-14,0
594.5,0.035,-0.025,-1.37629919985e-14,0
594.5,0.03,-0.02,-9.08815357974e-15,0
594.5,0.035,-0.02,-1.6604639764e-14,0
594.5,0.03,-0.015,-5.84832856864e-15,0
594.5,0.035,-0.015,-1.8508018666e-14,0
594.5,0.03,-0.01,-5.38411403028e-15,0
594.5,0.035,-0.01,-1.97983252093e-14,0
594.5,0.03,-0.005,-5.730962353e-15,0
594.5,0.035,-0.005,-2.1199543274e-14,0
594.5,0.03,0,-7.01147680478e-15,0
594.5,0.035,4.16333634234e-19,-2.28989076083e-14,0
594.5,0.03,0.005,-9.0579714004e-15,0
594.5,0.035,0.005,-2.50173555695e-14,0
594.5,0.03,0.01,-1.21919806975e-14,0
594.5,0.035,0.01,-2.73372807757e-14,0
594.5,0.03,0.015,-1.61001714441e-14,0
594.5,0.035,0.015,-2.89519869516e-14,0
594.5,0.03,0.02,-1.9789160752e-14,0
594.5,0.035,0.02,-2.80136284822e-14,0
594.5,0.03,0.025,-2.17125923285e-14,0
594.5,0.035,0.025,-2.53562598056e-14,0
594.5,0.03,0.03,-2.25060907119e-14,0
594.5,0.03,0.035,-2.30246431041e-14,0
594.5,0.035,0.03,-2.28015613003e-14,0
594.5,0.035,0.035,-2.00157587455e-14,0
594.5,0.03,0.04,-2.18382792099e-14,0
594.5,0.03,0.045,-1.78624148075e-14,0
594.5,0.035,0.04,-1.59479205347e-14,0
594.5,0.035,0.045,-1.02343819839e-14,0
594.5,0.03,0.05,-1.07668705881e-14,0
594.5,0.03,0.055,-6.68295901901e-16,0
594.5,0.035,0.05,-1.89865505058e-15,0
594.5,0.035,0.055,9.01204649669e-15,0
594.5,0.03,0.06,1.21545461005e-14,0
594.5,0.03,0.065,2.65870504307e-14,0
594.5,0.035,0.06,2.10101321931e-14,0
594.5,0.035,0.065,3.40166882508e-14,0
594.5,0.03,0.07,4.17120833175e-14,0
594.5,0.03,0.075,5.8134098185e-14,0
594.5,0.035,0.07,4.8168225974e-14,0
594.5,0.035,0.075,6.39650526042e-14,0
594.5,0.04,-0.075,5.32349284866e-14,0
594.5,0.04,-0.07,4.53719731937e-14,0
594.5,0.045,-0.075,4.306625077e-14,0
594.5,0.045,-0.07,3.90321942923e-14,0
594.5,0.04,-0.065,3.89600272385e-14,0
594.5,0.045,-0.065,3.61467033117e-14,0
594.5,0.04,-0.06,3.35927967525e-14,0
594.5,0.045,-0.06,3.43259507419e-14,0
594.5,0.04,-0.055,2.93062221895e-14,0
594.5,0.045,-0.055,3.39354739552e-14,0
594.5,0.04,-0.05,2.37636307904e-14,0
594.5,0.045,-0.05,3.24256945865e-14,0
594.5,0.04,-0.045,1.70651495987e-14,0
594.5,0.045,-0.045,2.79842735038e-14,0
594.5,0.04,-0.04,9.97356522727e-15,0
594.5,0.045,-0.04,2.11383391613e-14,0
594.5,0.04,-0.035,2.5152064448e-15,0
594.5,0.045,-0.035,1.1978477392e-14,0
594.5,0.04,-0.03,-4.90413065418e-15,0
594.5,0.045,-0.03,1.74882892886e-15,0
594.5,0.04,-0.025,-1.27436254193e-14,0
594.5,0.045,-0.025,-9.87628772068e-15,0
594.5,0.04,-0.02,-2.12284989356e-14,0
594.5,0.045,-0.02,-2.34002186294e-14,0
594.5,0.04,-0.015,-2.81800439121e-14,0
594.5,0.045,-0.015,-3.42800806543e-14,0
594.5,0.04,-0.01,-3.25288884655e-14,0
594.5,0.045,-0.01,-4.12510086456e-14,0
594.5,0.04,-0.005,-3.53663216863e-14,0
594.5,0.045,-0.005,-4.62515248463e-14,0
594.5,0.04,0,-3.73621132341e-14,0
594.5,0.045,4.16333634234e-19,-4.90696855165e-14,0
594.5,0.04,0.005,-3.91714325529e-14,0
594.5,0.045,0.005,-5.00979162738e-14,0
594.5,0.04,0.01,-3.94343477846e-14,0
594.5,0.045,0.01,-4.744461768e-14,0
594.5,0.04,0.015,-3.62855268554e-14,0
594.5,0.045,0.015,-4.0166011583e-14,0
594.5,0.04,0.02,-3.11534806353e-14,0
594.5,0.045,0.02,-3.17142407943e-14,0
594.5,0.04,0.025,-2.57502052598e-14,0
594.5,0.045,0.025,-2.33181187931e-14,0
594.5,0.04,0.03,-2.03620788674e-14,0
594.5,0.045,0.03,-1.54773949908e-14,0
594.5,0.04,0.035,-1.49841472714e-14,0
594.5,0.045,0.035,-8.43669340712e-15,0
594.5,0.04,0.04,-9.23496833067e-15,0
594.5,0.04,0.045,-2.92988886289e-15,0
594.5,0.045,0.04,-1.95678392597e-15,0
594.5,0.045,0.045,4.63399065967e-15,0
594.5,0.04,0.05,6.00871467086e-15,0
594.5,0.04,0.055,1.6034407742e-14,0
594.5,0.045,0.05,1.26311290516e-14,0
594.5,0.045,0.055,1.98305995824e-14,0
594.5,0.04,0.06,2.5571455684e-14,0
594.5,0.04,0.065,3.64090967637e-14,0
594.5,0.045,0.06,2.60188213225e-14,0
594.5,0.045,0.065,3.3817817247e-14,0
594.5,0.04,0.07,4.9028952709e-14,0
594.5,0.04,0.075,6.3761280384e-14,0
594.5,0.045,0.07,4.44391402778e-14,0
594.5,0.045,0.075,5.78992439949e-14,0
594.5,0.05,-0.075,2.81580287332e-14,0
594.5,0.05,-0.07,2.6461488428e-14,0
594.5,0.055,-0.075,9.86124561535e-15,0
594.5,0.055,-0.07,9.8477232068e-15,0
594.5,0.05,-0.065,2.67625871368e-14,0
594.5,0.055,-0.065,1.32316007531e-14,0
594.5,0.05,-0.06,2.89569619427e-14,0
594.5,0.055,-0.06,1.9745566354e-14,0
594.5,0.05,-0.055,3.26417818522e-14,0
594.5,0.055,-0.055,2.75803123901e-14,0
594.5,0.05,-0.05,3.62731357974e-14,0
594.5,0.055,-0.05,3.68847220614e-14,0
594.5,0.05,-0.045,3.55741044626e-14,0
594.5,0.055,-0.045,4.09537386062e-14,0
594.5,0.05,-0.04,3.05513053584e-14,0
594.5,0.055,-0.04,3.92438462062e-14,0
594.5,0.05,-0.035,2.22957311353e-14,0
594.5,0.055,-0.035,3.35009855488e-14,0
594.5,0.05,-0.03,1.03537249063e-14,0
594.5,0.055,-0.03,2.10988119111e-14,0
594.5,0.05,-0.025,-4.84739310519e-15,0
594.5,0.055,-0.025,3.04947748357e-15,0
594.5,0.05,-0.02,-2.3058565491e-14,0
594.5,0.055,-0.02,-1.83950037594e-14,0
594.5,0.05,-0.015,-3.72714378641e-14,0
594.5,0.055,-0.015,-3.61809073029e-14,0
594.5,0.05,-0.01,-4.55698391547e-14,0
594.5,0.055,-0.01,-4.64459094273e-14,0
594.5,0.05,-0.005,-5.20969328488e-14,0
594.5,0.055,-0.005,-5.28773930416e-14,0
594.5,0.05,0,-5.55909372564e-14,0
594.5,0.055,4.16333634234e-19,-5.49639089927e-14,0
594.5,0.05,0.005,-5.52167418286e-14,0
594.5,0.055,0.005,-5.19466977959e-14,0
594.5,0.05,0.01,-4.96891561292e-14,0
594.5,0.055,0.01,-4.36986231275e-14,0
594.5,0.05,0.015,-3.93931215218e-14,0
594.5,0.055,0.015,-3.17618575031e-14,0
594.5,0.05,0.02,-2.79659389348e-14,0
594.5,0.055,0.02,-1.89380758071e-14,0
594.5,0.05,0.025,-1.70798109548e-14,0
594.5,0.055,0.025,-7.10560442723e-15,0
594.5,0.05,0.03,-7.68664578844e-15,0
594.5,0.055,0.03,2.96603538559e-15,0
594.5,0.05,0.035,3.10658786667e-16,0
594.5,0.055,0.035,1.15328592433e-14,0
594.5,0.05,0.04,7.04046758017e-15,0
594.5,0.055,0.04,1.78185112454e-14,0
594.5,0.05,0.045,1.26834500065e-14,0
594.5,0.055,0.045,2.07501905158e-14,0
594.5,0.05,0.05,1.75543169198e-14,0
594.5,0.05,0.055,1.99701232969e-14,0
594.5,0.055,0.05,1.97426887158e-14,0
594.5,0.055,0.055,1.47023813764e-14,0
594.5,0.05,0.06,2.07830597487e-14,0
594.5,0.05,0.065,2.40100767766e-14,0
594.5,0.055,0.06,8.46796218837e-15,0
594.5,0.055,0.065,5.34272810229e-15,0
594.5,0.05,0.07,3.13732612383e-14,0
594.5,0.05,0.075,4.26758624647e-14,0
594.5,0.055,0.07,9.13033403402e-15,0
594.5,0.055,0.075,1.77284588056e-14,0
594.5,0.06,-0.075,-2.09038236209e-14,0
594.5,0.06,-0.07,-1.86137309727e-14,0
594.5,0.065,-0.075,-6.50871236284e-14,0
594.5,0.065,-0.07,-5.98251064685e-14,0
594.5,0.06,-0.065,-1.12774680592e-14,0
594.5,0.065,-0.065,-4.86944724456e-14,0
594.5,0.06,-0.06,1.65808451978e-15,0
594.5,0.065,-0.06,-2.90887443513e-14,0
594.5,0.06,-0.055,1.75015336186e-14,0
594.5,0.065,-0.055,-5.70624277184e-15,0
594.5,0.06,-0.05,3.37985883715e-14,0
594.5,0.065,-0.05,2.13863820459e-14,0
594.5,0.06,-0.045,4.43768594589e-14,0
594.5,0.065,-0.045,4.47711836642e-14,0
594.5,0.06,-0.04,4.71239198007e-14,0
594.5,0.065,-0.04,5.49405519249e-14,0
594.5,0.06,-0.035,4.50523083575e-14,0
594.5,0.065,-0.035,5.66691389467e-14,0
594.5,0.06,-0.03,3.3909878638e-14,0
594.5,0.065,-0.03,4.76790024392e-14,0
594.5,0.06,-0.025,1.41419811585e-14,0
594.5,0.065,-0.025,2.86251383765e-14,0
594.5,0.06,-0.02,-8.3573281303e-15,0
594.5,0.065,-0.02,5.2633450697e-15,0
594.5,0.06,-0.015,-2.77501637043e-14,0
594.5,0.065,-0.015,-1.34312769182e-14,0
594.5,0.06,-0.01,-3.95906327129e-14,0
594.5,0.065,-0.01,-2.34072881591e-14,0
594.5,0.06,-0.005,-4.52873337228e-14,0
594.5,0.065,-0.005,-2.84720953317e-14,0
594.5,0.06,0,-4.56816789473e-14,0
594.5,0.065,4.16333634234e-19,-2.86012777232e-14,0
594.5,0.06,0.005,-4.06522820592e-14,0
594.5,0.065,0.005,-2.3697141963e-14,0
594.5,0.06,0.01,-3.08888136095e-14,0
594.5,0.065,0.01,-1.39436042098e-14,0
594.5,0.06,0.015,-1.8305953697e-14,0
594.5,0.065,0.015,-7.61442741865e-16,0
594.5,0.06,0.02,-4.87624877129e-15,0
594.5,0.065,0.02,1.34056083506e-14,0
594.5,0.06,0.025,7.60309563114e-15,0
594.5,0.065,0.025,2.67402991779e-14,0
594.5,0.06,0.03,1.82936587321e-14,0
594.5,0.065,0.03,3.79691976267e-14,0
594.5,0.06,0.035,2.68106316626e-14,0
594.5,0.065,0.035,4.60404457117e-14,0
594.5,0.06,0.04,3.11699984218e-14,0
594.5,0.065,0.04,4.72384188175e-14,0
594.5,0.06,0.045,2.88464273513e-14,0
594.5,0.065,0.045,3.83120549796e-14,0
594.5,0.06,0.05,1.88217101018e-14,0
594.5,0.065,0.05,1.75188818657e-14,0
594.5,0.06,0.055,3.94965908708e-15,0
594.5,0.065,0.055,-9.37934805524e-15,0
594.5,0.06,0.06,-9.6619928651e-15,0
594.5,0.06,0.065,-2.06284940806e-14,0
594.5,0.065,0.06,-3.15592447928e-14,0
594.5,0.065,0.065,-5.18121170846e-14,0
594.5,0.06,0.07,-2.67089475526e-14,0
594.5,0.06,0.075,-2.92516241474e-14,0
594.5,0.065,0.07,-7.36519985961e-14,0
594.5,0.065,0.075,-9.33615008326e-14,0
594.5,0.07,-0.075,-1.21539284947e-13,0
594.5,0.07,-0.07,-1.08959432064e-13,0
594.5,0.075,-0.075,-1.79586993473e-13,0
594.5,0.075,-0.07,-1.59666600639e-13,0
594.5,0.07,-0.065,-9.07215443318e-14,0
594.5,0.075,-0.065,-1.32984475816e-13,0
594.5,0.07,-0.06,-6.67737669671e-14,0
594.5,0.075,-0.06,-1.0626111582e-13,0
594.5,0.07,-0.055,-3.98321174334e-14,0
594.5,0.075,-0.055,-7.69828281539e-14,0
594.5,0.07,-0.05,-1.92555691224e-15,0
594.5,0.075,-0.05,-2.79434625873e-14,0
594.5,0.07,-0.045,3.76879608951e-14,0
594.5,0.075,-0.045,2.94433869192e-14,0
594.5,0.07,-0.04,6.29838905119e-14,0
594.5,0.075,-0.04,7.15529532482e-14,0
594.5,0.07,-0.035,7.0760786243e-14,0
594.5,0.075,-0.035,8.76568555866e-14,0
594.5,0.07,-0.03,6.31919918814e-14,0
594.5,0.075,-0.03,8.16795555868e-14,0
594.5,0.07,-0.025,4.55602513956e-14,0
594.5,0.075,-0.025,6.42824804585e-14,0
594.5,0.07,-0.02,2.19087107899e-14,0
594.5,0.075,-0.02,3.9350190559e-14,0
594.5,0.07,-0.015,3.62865648775e-15,0
594.5,0.075,-0.015,2.04409426977e-14,0
594.5,0.07,-0.01,-5.05207017349e-15,0
594.5,0.075,-0.01,1.21275751013e-14,0
594.5,0.07,-0.005,-9.73780927601e-15,0
594.5,0.075,-0.005,7.65690491569e-15,0
594.5,0.07,0,-9.64380422516e-15,0
594.5,0.075,0,7.9797398173e-15,0
594.5,0.07,0.005,-4.83895836675e-15,0
594.5,0.075,0.005,1.30719844405e-14,0
594.5,0.07,0.01,5.0114331359e-15,0
594.5,0.075,0.01,2.37007287249e-14,0
594.5,0.07,0.015,1.88769509444e-14,0
594.5,0.075,0.015,3.88782856284e-14,0
594.5,0.07,0.02,3.38433752961e-14,0
594.5,0.075,0.02,5.49630662619e-14,0
594.5,0.07,0.025,4.7992094313e-14,0
594.5,0.075,0.025,7.01757629652e-14,0
594.5,0.07,0.03,5.96524347588e-14,0
594.5,0.075,0.03,8.26916181257e-14,0
594.5,0.07,0.035,6.7327624763e-14,0
594.5,0.075,0.035,9.05263926246e-14,0
594.5,0.07,0.04,6.55068441116e-14,0
594.5,0.075,0.04,8.69541914576e-14,0
594.5,0.07,0.045,5.05414591677e-14,0
594.5,0.075,0.045,6.67891491887e-14,0
594.5,0.07,0.05,1.88924515137e-14,0
594.5,0.075,0.05,2.1594669259e-14,0
594.5,0.07,0.055,-2.13037509296e-14,0
594.5,0.075,0.055,-3.56198771504e-14,0
594.5,0.07,0.06,-5.6945729466e-14,0
594.5,0.075,0.06,-8.40810581525e-14,0
594.5,0.07,0.065,-9.04519956715e-14,0
594.5,0.075,0.065,-1.29340435528e-13,0
594.5,0.07,0.07,-1.25612034312e-13,0
594.5,0.07,0.075,-1.59083092693e-13,0
594.5,0.075,0.07,-1.76529749888e-13,0
594.5,0.075,0.075,-2.19106011002e-13,0
706.8,-0.00382671281566,-0.00202612167119,0,0
706.8,-0.005,-0.005,2.71080819191e-14,0
706.8,-0.00197892066871,-0.00385133392306,0,0
706.8,-0.005,-0.00190753787223,1.57794011352e-14,0
706.8,-0.00433,0,0,0
706.8,-0.00190753787223,-0.005,1.55282973041e-14,0
706.8,0,-0.00433,0,0
706.8,-0.005,0.00190775150599,1.57166028926e-14,0
706.8,-0.00385133392306,0.00197892066871,0,0
706.8,0.00190775150599,-0.005,1.56962739706e-14,0
706.8,0.00202612167119,-0.00382671281566,0,0
706.8,-0.00202612167119,0.00382671281566,0,0
706.8,-0.005,0.005,2.60639721956e-14,0
706.8,-0.0019094272225,0.005,1.54751424688e-14,0
706.8,0,0.00433,0,0
706.8,0.00147766755988,0.00407006125046,0,0
706.8,8.32667268469e-19,0.005,1.11672536482e-14,0
706.8,0.00433,0,0,0
706.8,0.005,1.38777878078e-18,1.18898885357e-14,0
706.8,0.00407006125046,0.00147766755988,0,0
706.8,0.005,-0.005,2.93564688238e-14,0
706.8,0.00385133392306,-0.00197892066871,0,0
706.8,0.005,-0.0019094272225,1.60823151179e-14,0
706.8,0.00306177236254,0.00306177236254,0,0
706.8,0.0019094272225,0.005,1.59340171874e-14,0
706.8,0.005,0.0019094272225,1.62601504514e-14,0
706.8,-0.000885,-0.0015328649647,1.27164670622e-12,0
706.8,-0.0015328649647,-0.000885,1.27176911925e-12,0
706.8,-0.00186450691264,-0.00187567167242,8.43108678388e-13,0
706.8,-0.00177,0,1.27146075409e-12,0
706.8,-0.00268433516245,-0.000738983120158,7.59181793051e-13,0
706.8,0,-0.00177,1.27160823239e-12,0
706.8,-0.000718432264205,-0.00269192408424,7.5747542744e-13,0
706.8,-0.0015328649647,0.000885,1.26995601991e-12,0
706.8,-0.00265321485144,0.000647311733689,7.89967782248e-13,0
706.8,-0.000885,0.0015328649647,1.26832809475e-12,0
706.8,-0.00194719253591,0.00178443766524,8.44034907459e-13,0
706.8,0,0.00177,1.26422121314e-12,0
706.8,-0.000802720381054,0.00273415977115,7.17570848211e-13,0
706.8,0.000885,-0.0015328649647,1.27029681537e-12,0
706.8,0.00075154031863,-0.00270385456952,7.45364169456e-13,0
706.8,0.00177,0,1.26256079825e-12,0
706.8,0.0015328649647,-0.000885,1.26814394779e-12,0
706.8,0.00271471102228,-0.000564731152102,7.60989229542e-13,0
706.8,0.00192394637685,-0.00189207206672,8.10176011897e-13,0
706.8,0.00231817117671,0.00040530921667,9.8800795091e-13,0
706.8,0.0015328649647,0.000885,1.26082671787e-12,0
706.8,0.000885,0.0015328649647,1.26153185738e-12,0
706.8,0.000427053001345,0.00287092483521,6.82256637202e-13,0
706.8,0.00187618296239,0.00184774001435,8.33422205887e-13,0
706.8,0.00312733402203,0.000607809752493,5.19249907744e-13,0
706.8,0.00276214303706,0.00136595635004,5.76915947238e-13,0
706.8,0.0014100336009,0.00268674970267,6.04831013886e-13,0
706.8,-0.075,-0.075,-3.46764143336e-13,0
706.8,-0.07,-0.075,-2.60970355664e-13,0
706.8,-0.075,-0.07,-2.7976132217e-13,0
706.8,-0.07,-0.07,-2.01393241797e-13,0
706.8,-0.075,-0.065,-2.05687211088e-13,0
706.8,-0.07,-0.065,-1.40785811805e-13,0
706.8,-0.065,-0.075,-1.66338323826e-13,0
706.8,-0.065,-0.07,-1.19947646952e-13,0
706.8,-0.065,-0.065,-7.81076500757e-14,0
706.8,-0.075,-0.06,-1.20609462988e-13,0
706.8,-0.07,-0.06,-7.97740136853e-14,0
706.8,-0.065,-0.06,-4.19268660555e-14,0
706.8,-0.075,-0.055,-4.03128025345e-14,0
706.8,-0.07,-0.055,-2.3679220628e-14,0
706.8,-0.065,-0.055,-7.05696941672e-15,0
706.8,-0.075,-0.05,2.15182451481e-14,0
706.8,-0.07,-0.05,2.18394274062e-14,0
706.8,-0.065,-0.05,2.28141311866e-14,0
706.8,-0.075,-0.045,6.69389598309e-14,0
706.8,-0.07,-0.045,5.74148027501e-14,0
706.8,-0.065,-0.045,4.9682910073e-14,0
706.8,-0.075,-0.04,9.56772180964e-14,0
706.8,-0.07,-0.04,8.24552534451e-14,0
706.8,-0.075,-0.035,1.11095592651e-13,0
706.8,-0.07,-0.035,9.6491092673e-14,0
706.8,-0.065,-0.04,7.18729014131e-14,0
706.8,-0.065,-0.035,8.39789646126e-14,0
706.8,-0.075,-0.03,1.07838551387e-13,0
706.8,-0.07,-0.03,9.5354531898e-14,0
706.8,-0.075,-0.025,8.18592047254e-14,0
706.8,-0.07,-0.025,7.67999799438e-14,0
706.8,-0.065,-0.03,8.43736755667e-14,0
706.8,-0.065,-0.025,7.34497482766e-14,0
706.8,-0.075,-0.02,3.83185710345e-14,0
706.8,-0.07,-0.02,4.31049739376e-14,0
706.8,-0.075,-0.015,-1.87916069746e-14,0
706.8,-0.07,-0.015,-1.46374908834e-15,0
706.8,-0.065,-0.02,5.00718800931e-14,0
706.8,-0.065,-0.015,1.76228272939e-14,0
706.8,-0.075,-0.01,-9.33539215225e-14,0
706.8,-0.07,-0.01,-5.46201425287e-14,0
706.8,-0.075,-0.005,-1.65670650733e-13,0
706.8,-0.07,-0.005,-1.07710020003e-13,0
706.8,-0.065,-0.01,-1.79098688537e-14,0
706.8,-0.065,-0.005,-5.39580288963e-14,0
706.8,-0.075,0,-2.18178131991e-13,0
706.8,-0.07,0,-1.52268755252e-13,0
706.8,-0.075,0.005,-2.60710248885e-13,0
706.8,-0.07,0.005,-1.88263517673e-13,0
706.8,-0.065,4.16333634234e-19,-8.95618417882e-14,0
706.8,-0.065,0.005,-1.17277029414e-13,0
706.8,-0.075,0.01,-2.80865349928e-13,0
706.8,-0.07,0.01,-1.97644819108e-13,0
706.8,-0.075,0.015,-2.5251082232e-13,0
706.8,-0.07,0.015,-1.67521999896e-13,0
706.8,-0.065,0.01,-1.1684615158e-13,0
706.8,-0.065,0.015,-8.48689645944e-14,0
706.8,-0.075,0.02,-2.00923771268e-13,0
706.8,-0.07,0.02,-1.18047900268e-13,0
706.8,-0.075,0.025,-1.44844607162e-13,0
706.8,-0.07,0.025,-6.36778596704e-14,0
706.8,-0.065,0.02,-3.89014278207e-14,0
706.8,-0.065,0.025,1.17266588497e-14,0
706.8,-0.075,0.03,-8.36105794206e-14,0
706.8,-0.07,0.03,-6.81408255508e-15,0
706.8,-0.075,0.035,-3.96797850128e-14,0
706.8,-0.07,0.035,3.39480754045e-14,0
706.8,-0.065,0.03,6.09461856582e-14,0
706.8,-0.065,0.035,9.50632406092e-14,0
706.8,-0.075,0.04,-4.66575399822e-14,0
706.8,-0.07,0.04,3.87877445044e-14,0
706.8,-0.075,0.045,-1.25763931142e-13,0
706.8,-0.07,0.045,-4.77046998582e-15,0
706.8,-0.065,0.04,1.06970107149e-13,0
706.8,-0.065,0.045,9.31760183947e-14,0
706.8,-0.075,0.05,-2.67447339664e-13,0
706.8,-0.07,0.05,-9.45881504494e-14,0
706.8,-0.075,0.055,-4.38102774398e-13,0
706.8,-0.07,0.055,-2.10637153546e-13,0
706.8,-0.065,0.05,4.81739873147e-14,0
706.8,-0.065,0.055,-1.95388335728e-14,0
706.8,-0.075,0.06,-5.8685067303e-13,0
706.8,-0.07,0.06,-3.21583577277e-13,0
706.8,-0.075,0.065,-7.06063538074e-13,0
706.8,-0.07,0.065,-4.08262120016e-13,0
706.8,-0.065,0.06,-8.97184960031e-14,0
706.8,-0.065,0.065,-1.41738523618e-13,0
706.8,-0.075,0.07,-7.8474790069e-13,0
706.8,-0.07,0.07,-4.63082815183e-13,0
706.8,-0.075,0.075,-8.33176886117e-13,0
706.8,-0.07,0.075,-4.92022668307e-13,0
706.8,-0.065,0.07,-1.67756810686e-13,0
706.8,-0.065,0.075,-1.66051987695e-13,0
706.8,-0.06,-0.075,-2.3402588171e-14,0
706.8,-0.06,-0.07,-2.63036432921e-14,0
706.8,-0.06,-0.065,-2.44484971251e-14,0
706.8,-0.055,-0.075,1.0376363243e-13,0
706.8,-0.055,-0.07,5.58510214788e-14,0
706.8,-0.055,-0.065,2.09670016314e-14,0
706.8,-0.06,-0.06,-1.26717433537e-14,0
706.8,-0.06,-0.055,3.88852436614e-15,0
706.8,-0.055,-0.06,1.03162464056e-14,0
706.8,-0.055,-0.055,1.11396860667e-14,0
706.8,-0.06,-0.05,2.28980542142e-14,0
706.8,-0.055,-0.05,2.01057637715e-14,0
706.8,-0.06,-0.045,4.26207163815e-14,0
706.8,-0.055,-0.045,3.1502234033e-14,0
706.8,-0.06,-0.04,5.98810992509e-14,0
706.8,-0.055,-0.04,4.09824698559e-14,0
706.8,-0.06,-0.035,6.92860562057e-14,0
706.8,-0.055,-0.035,4.83752309434e-14,0
706.8,-0.06,-0.03,7.12747511126e-14,0
706.8,-0.06,-0.025,6.78431783793e-14,0
706.8,-0.055,-0.03,5.37513657893e-14,0
706.8,-0.055,-0.025,5.81029535667e-14,0
706.8,-0.06,-0.02,5.58742493308e-14,0
706.8,-0.06,-0.015,3.59282488865e-14,0
706.8,-0.055,-0.02,5.80327569717e-14,0
706.8,-0.055,-0.015,5.00546363756e-14,0
706.8,-0.06,-0.01,1.31359478761e-14,0
706.8,-0.06,-0.005,-9.10175237567e-15,0
706.8,-0.055,-0.01,3.84259790635e-14,0
706.8,-0.055,-0.005,2.72151672471e-14,0
706.8,-0.06,0,-2.95059048837e-14,0
706.8,-0.06,0.005,-4.25103813856e-14,0
706.8,-0.055,4.16333634234e-19,2.12461178237e-14,0
706.8,-0.055,0.005,2.12083858236e-14,0
706.8,-0.06,0.01,-3.54789225786e-14,0
706.8,-0.06,0.015,-7.80667733354e-15,0
706.8,-0.055,0.01,3.17192297671e-14,0
706.8,-0.055,0.015,5.18871059056e-14,0
706.8,-0.06,0.02,2.91982406966e-14,0
706.8,-0.06,0.025,6.96496264485e-14,0
706.8,-0.055,0.02,7.59635611798e-14,0
706.8,-0.055,0.025,1.03283291456e-13,0
706.8,-0.06,0.03,1.06648589877e-13,0
706.8,-0.06,0.035,1.336029398e-13,0
706.8,-0.055,0.03,1.2922024327e-13,0
706.8,-0.055,0.035,1.52041889025e-13,0
706.8,-0.06,0.04,1.48357628164e-13,0
706.8,-0.06,0.045,1.5186766572e-13,0
706.8,-0.055,0.04,1.71030777307e-13,0
706.8,-0.055,0.045,1.85962545267e-13,0
706.8,-0.06,0.05,1.39900659437e-13,0
706.8,-0.06,0.055,1.13393790309e-13,0
706.8,-0.055,0.05,1.95321209673e-13,0
706.8,-0.055,0.055,1.97828933043e-13,0
706.8,-0.06,0.06,8.43749346629e-14,0
706.8,-0.06,0.065,6.68667638115e-14,0
706.8,-0.055,0.06,1.98902630396e-13,0
706.8,-0.055,0.065,2.06302961649e-13,0
706.8,-0.06,0.07,7.02396428507e-14,0
706.8,-0.06,0.075,9.96025138508e-14,0
706.8,-0.055,0.07,2.31440188656e-13,0
706.8,-0.055,0.075,2.81634824688e-13,0
706.8,-0.05,-0.075,1.63130875942e-13,0
706.8,-0.05,-0.07,1.05582187063e-13,0
706.8,-0.045,-0.075,2.03249698982e-13,0
706.8,-0.045,-0.07,1.37277076904e-13,0
706.8,-0.05,-0.065,5.70028310829e-14,0
706.8,-0.045,-0.065,7.8020514293e-14,0
706.8,-0.05,-0.06,2.5300898723e-14,0
706.8,-0.05,-0.055,1.1297672516e-14,0
706.8,-0.045,-0.06,2.98051262269e-14,0
706.8,-0.045,-0.055,1.40105041021e-15,0
706.8,-0.05,-0.05,8.66040018635e-15,0
706.8,-0.05,-0.045,1.0656251563e-14,0
706.8,-0.045,-0.05,-1.16464980792e-14,0
706.8,-0.045,-0.045,-1.62513112953e-14,0
706.8,-0.05,-0.04,1.52102020416e-14,0
706.8,-0.045,-0.04,-1.44305263249e-14,0
706.8,-0.05,-0.035,2.17800044434e-14,0
706.8,-0.045,-0.035,-8.41624228485e-15,0
706.8,-0.05,-0.03,3.01717519891e-14,0
706.8,-0.045,-0.03,1.94170391398e-15,0
706.8,-0.05,-0.025,4.02426990303e-14,0
706.8,-0.045,-0.025,1.61496614615e-14,0
706.8,-0.05,-0.02,5.10598651148e-14,0
706.8,-0.05,-0.015,5.62864174652e-14,0
706.8,-0.045,-0.02,3.37329688531e-14,0
706.8,-0.045,-0.015,5.13773234349e-14,0
706.8,-0.05,-0.01,5.56493764044e-14,0
706.8,-0.05,-0.005,5.43584506137e-14,0
706.8,-0.045,-0.01,6.32364304336e-14,0
706.8,-0.045,-0.005,7.01537421619e-14,0
706.8,-0.05,0,5.56045318169e-14,0
706.8,-0.05,0.005,6.12263953377e-14,0
706.8,-0.045,4.16333634234e-19,7.55442128531e-14,0
706.8,-0.045,0.005,8.11153416642e-14,0
706.8,-0.05,0.01,7.33419171172e-14,0
706.8,-0.05,0.015,8.47522390164e-14,0
706.8,-0.045,0.01,8.58636688145e-14,0
706.8,-0.045,0.015,8.48012037595e-14,0
706.8,-0.05,0.02,9.43283642608e-14,0
706.8,-0.05,0.025,1.07283202124e-13,0
706.8,-0.045,0.02,8.13610531377e-14,0
706.8,-0.045,0.025,8.11444216688e-14,0
706.8,-0.05,0.03,1.21364490793e-13,0
706.8,-0.05,0.035,1.3794196797e-13,0
706.8,-0.045,0.03,8.31280737559e-14,0
706.8,-0.045,0.035,8.94685494799e-14,0
706.8,-0.05,0.04,1.57696767644e-13,0
706.8,-0.05,0.045,1.79010883429e-13,0
706.8,-0.045,0.04,1.03166538007e-13,0
706.8,-0.045,0.045,1.23899697333e-13,0
706.8,-0.05,0.05,2.00568497785e-13,0
706.8,-0.05,0.055,2.22036077214e-13,0
706.8,-0.045,0.05,1.49968301345e-13,0
706.8,-0.045,0.055,1.81340264211e-13,0
706.8,-0.05,0.06,2.44039517261e-13,0
706.8,-0.05,0.065,2.6985894348e-13,0
706.8,-0.045,0.06,2.18282888152e-13,0
706.8,-0.045,0.065,2.61591435744e-13,0
706.8,-0.05,0.07,3.08600854907e-13,0
706.8,-0.05,0.075,3.70171092316e-13,0
706.8,-0.045,0.07,3.13638040973e-13,0
706.8,-0.045,0.075,3.81879820265e-13,0
706.8,-0.04,-0.075,2.22020534489e-13,0
706.8,-0.04,-0.07,1.50376097282e-13,0
706.8,-0.035,-0.075,2.23829145677e-13,0
706.8,-0.035,-0.07,1.4895640147e-13,0
706.8,-0.04,-0.065,8.36660950223e-14,0
706.8,-0.035,-0.065,7.73596663679e-14,0
706.8,-0.04,-0.06,2.43040473475e-14,0
706.8,-0.035,-0.06,1.1698258952e-14,0
706.8,-0.04,-0.055,-1.58254968632e-14,0
706.8,-0.035,-0.055,-3.62732933468e-14,0
706.8,-0.04,-0.05,-3.63198350593e-14,0
706.8,-0.04,-0.045,-4.58195217669e-14,0
706.8,-0.035,-0.05,-6.37928580023e-14,0
706.8,-0.035,-0.045,-7.71291160173e-14,0
706.8,-0.04,-0.04,-4.58763996879e-14,0
706.8,-0.04,-0.035,-4.00646149252e-14,0
706.8,-0.035,-0.04,-7.82782286524e-14,0
706.8,-0.035,-0.035,-7.10671361228e-14,0
706.8,-0.04,-0.03,-2.78469423641e-14,0
706.8,-0.035,-0.03,-5.6031736452e-14,0
706.8,-0.04,-0.025,-9.94755018842e-15,0
706.8,-0.035,-0.025,-3.5398529964e-14,0
706.8,-0.04,-0.02,1.198537557e-14,0
706.8,-0.035,-0.02,-1.00349514513e-14,0
706.8,-0.04,-0.015,3.53493009039e-14,0
706.8,-0.035,-0.015,1.70360474139e-14,0
706.8,-0.04,-0.01,5.70762160561e-14,0
706.8,-0.04,-0.005,7.14009159979e-14,0
706.8,-0.035,-0.01,4.12746099419e-14,0
706.8,-0.035,-0.005,5.86624164128e-14,0
706.8,-0.04,0,7.859455895e-14,0
706.8,-0.04,0.005,8.06631048387e-14,0
706.8,-0.035,4.16333634234e-19,6.69180023333e-14,0
706.8,-0.035,0.005,6.53345284243e-14,0
706.8,-0.04,0.01,7.51504949847e-14,0
706.8,-0.04,0.015,6.21738456977e-14,0
706.8,-0.035,0.01,5.34167895398e-14,0
706.8,-0.035,0.015,3.23635914168e-14,0
706.8,-0.04,0.02,4.79604537033e-14,0
706.8,-0.04,0.025,3.56070405663e-14,0
706.8,-0.035,0.02,8.44779438979e-15,0
706.8,-0.035,0.025,-1.52073710986e-14,0
706.8,-0.04,0.03,2.68238357479e-14,0
706.8,-0.04,0.035,2.28049695932e-14,0
706.8,-0.035,0.03,-3.49389754315e-14,0
706.8,-0.035,0.035,-4.96510483423e-14,0
706.8,-0.04,0.04,2.6578829879e-14,0
706.8,-0.04,0.045,4.11180759428e-14,0
706.8,-0.035,0.04,-5.66387096384e-14,0
706.8,-0.035,0.045,-5.0403726708e-14,0
706.8,-0.04,0.05,6.58159963192e-14,0
706.8,-0.04,0.055,9.93004304114e-14,0
706.8,-0.035,0.05,-2.98879392877e-14,0
706.8,-0.035,0.055,1.90686521171e-15,0
706.8,-0.04,0.06,1.42808450744e-13,0
706.8,-0.04,0.065,1.94304127842e-13,0
706.8,-0.035,0.06,4.35135359746e-14,0
706.8,-0.035,0.065,9.22942900509e-14,0
706.8,-0.04,0.07,2.5232667943e-13,0
706.8,-0.04,0.075,3.18702330162e-13,0
706.8,-0.035,0.07,1.45458181165e-13,0
706.8,-0.035,0.075,2.00354399024e-13,0
706.8,-0.03,-0.075,2.11004124266e-13,0
706.8,-0.03,-0.07,1.35666226275e-13,0
706.8,-0.025,-0.075,1.87104041727e-13,0
706.8,-0.025,-0.07,1.14468315805e-13,0
706.8,-0.03,-0.065,6.23558109506e-14,0
706.8,-0.025,-0.065,4.24258034878e-14,0
706.8,-0.03,-0.06,-5.73200480168e-15,0
706.8,-0.025,-0.06,-2.58925230226e-14,0
706.8,-0.03,-0.055,-5.84812303817e-14,0
706.8,-0.025,-0.055,-8.11646867406e-14,0
706.8,-0.03,-0.05,-9.1780652821e-14,0
706.8,-0.025,-0.05,-1.17531318057e-13,0
706.8,-0.03,-0.045,-1.07695484268e-13,0
706.8,-0.025,-0.045,-1.32873306442e-13,0
706.8,-0.03,-0.04,-1.08671533561e-13,0
706.8,-0.03,-0.035,-9.86760328193e-14,0
706.8,-0.025,-0.04,-1.31846109688e-13,0
706.8,-0.025,-0.035,-1.20567764294e-13,0
706.8,-0.03,-0.03,-8.05427830728e-14,0
706.8,-0.03,-0.025,-5.78744951453e-14,0
706.8,-0.025,-0.03,-1.00750725831e-13,0
706.8,-0.025,-0.025,-7.49614251557e-14,0
706.8,-0.03,-0.02,-2.95170420309e-14,0
706.8,-0.025,-0.02,-4.33825419898e-14,0
706.8,-0.03,-0.015,1.07045496098e-15,0
706.8,-0.025,-0.015,-1.04226891908e-14,0
706.8,-0.03,-0.01,2.68443027457e-14,0
706.8,-0.025,-0.01,1.70242373688e-14,0
706.8,-0.03,-0.005,4.47564218466e-14,0
706.8,-0.025,-0.005,3.54073343387e-14,0
706.8,-0.03,0,5.20774748615e-14,0
706.8,-0.03,0.005,4.79896390424e-14,0
706.8,-0.025,4.16333634234e-19,4.18680106942e-14,0
706.8,-0.025,0.005,3.48512530475e-14,0
706.8,-0.03,0.01,3.12726248829e-14,0
706.8,-0.03,0.015,4.30580599185e-15,0
706.8,-0.025,0.01,1.41475016402e-14,0
706.8,-0.025,0.015,-1.68846489334e-14,0
706.8,-0.03,0.02,-2.85977661901e-14,0
706.8,-0.03,0.025,-6.28976517511e-14,0
706.8,-0.025,0.02,-5.55346062017e-14,0
706.8,-0.025,0.025,-9.71026719131e-14,0
706.8,-0.03,0.03,-9.45492753076e-14,0
706.8,-0.03,0.035,-1.21079116599e-13,0
706.8,-0.025,0.03,-1.38584791386e-13,0
706.8,-0.025,0.035,-1.78026150673e-13,0
706.8,-0.03,0.04,-1.37686884602e-13,0
706.8,-0.03,0.045,-1.42267598231e-13,0
706.8,-0.025,0.04,-2.07404725826e-13,0
706.8,-0.025,0.045,-2.23472957396e-13,0
706.8,-0.03,0.05,-1.31244231199e-13,0
706.8,-0.03,0.055,-1.0376366842e-13,0
706.8,-0.025,0.05,-2.23869649266e-13,0
706.8,-0.025,0.055,-2.05824319479e-13,0
706.8,-0.03,0.06,-6.54918649312e-14,0
706.8,-0.03,0.065,-2.17350040899e-14,0
706.8,-0.025,0.06,-1.73167858685e-13,0
706.8,-0.025,0.065,-1.33897554497e-13,0
706.8,-0.03,0.07,2.49877989179e-14,0
706.8,-0.03,0.075,7.18984174098e-14,0
706.8,-0.025,0.07,-9.26689170802e-14,0
706.8,-0.025,0.075,-5.34182762779e-14,0
706.8,-0.02,-0.075,1.57379654585e-13,0
706.8,-0.02,-0.07,8.95493045648e-14,0
706.8,-0.015,-0.075,1.25191274019e-13,0
706.8,-0.015,-0.07,6.4517234536e-14,0
706.8,-0.02,-0.065,2.14084216086e-14,0
706.8,-0.015,-0.065,2.96159271528e-15,0
706.8,-0.02,-0.06,-4.4244693552e-14,0
706.8,-0.015,-0.06,-5.60320561731e-14,0
706.8,-0.02,-0.055,-9.85606934978e-14,0
706.8,-0.015,-0.055,-1.03666600619e-13,0
706.8,-0.02,-0.05,-1.3453907901e-13,0
706.8,-0.015,-0.05,-1.34567534699e-13,0
706.8,-0.02,-0.045,-1.48045649552e-13,0
706.8,-0.015,-0.045,-1.4871167688e-13,0
706.8,-0.02,-0.04,-1.45340997219e-13,0
706.8,-0.015,-0.04,-1.48525567875e-13,0
706.8,-0.02,-0.035,-1.3415575942e-13,0
706.8,-0.015,-0.035,-1.38011137419e-13,0
706.8,-0.02,-0.03,-1.13426005935e-13,0
706.8,-0.02,-0.025,-8.42637659375e-14,0
706.8,-0.015,-0.03,-1.16782852956e-13,0
706.8,-0.015,-0.025,-8.58840043476e-14,0
706.8,-0.02,-0.02,-4.98402183577e-14,0
706.8,-0.02,-0.015,-1.53916795943e-14,0
706.8,-0.015,-0.02,-4.91539952684e-14,0
706.8,-0.015,-0.015,-1.2638579092e-14,0
706.8,-0.02,-0.01,1.34764696148e-14,0
706.8,-0.015,-0.01,1.57675687034e-14,0
706.8,-0.02,-0.005,3.2051721193e-14,0
706.8,-0.015,-0.005,3.28011484704e-14,0
706.8,-0.02,0,3.73247645876e-14,0
706.8,-0.015,4.16333634234e-19,3.67346486768e-14,0
706.8,-0.02,0.005,2.74737916916e-14,0
706.8,-0.015,0.005,2.58496735781e-14,0
706.8,-0.02,0.01,4.43698573191e-15,0
706.8,-0.02,0.015,-2.84136900587e-14,0
706.8,-0.015,0.01,3.00621941847e-15,0
706.8,-0.015,0.015,-2.91926626851e-14,0
706.8,-0.02,0.02,-7.07483851493e-14,0
706.8,-0.02,0.025,-1.17625215885e-13,0
706.8,-0.015,0.02,-7.38994239573e-14,0
706.8,-0.015,0.025,-1.26638793653e-13,0
706.8,-0.02,0.03,-1.64841529217e-13,0
706.8,-0.02,0.035,-2.12887514682e-13,0
706.8,-0.015,0.03,-1.79299548304e-13,0
706.8,-0.015,0.035,-2.31326770424e-13,0
706.8,-0.02,0.04,-2.54374483592e-13,0
706.8,-0.02,0.045,-2.79451583861e-13,0
706.8,-0.015,0.04,-2.75439825238e-13,0
706.8,-0.015,0.045,-2.97418931998e-13,0
706.8,-0.02,0.05,-2.87727514956e-13,0
706.8,-0.02,0.055,-2.81223232412e-13,0
706.8,-0.015,0.05,-3.04073026923e-13,0
706.8,-0.015,0.055,-3.07384444061e-13,0
706.8,-0.02,0.06,-2.58591998681e-13,0
706.8,-0.02,0.065,-2.23649328588e-13,0
706.8,-0.015,0.06,-2.99664417666e-13,0
706.8,-0.015,0.065,-2.66870850375e-13,0
706.8,-0.02,0.07,-1.87230087599e-13,0
706.8,-0.02,0.075,-1.60120976878e-13,0
706.8,-0.015,0.07,-2.3153874238e-13,0
706.8,-0.015,0.075,-2.12255200385e-13,0
706.8,-0.01,-0.075,9.21370363954e-14,0
706.8,-0.01,-0.07,4.18288334774e-14,0
706.8,-0.005,-0.075,6.09969511515e-14,0
706.8,-0.005,-0.07,2.32920984371e-14,0
706.8,-0.01,-0.065,-9.69035786004e-15,0
706.8,-0.005,-0.065,-1.56416968962e-14,0
706.8,-0.01,-0.06,-5.86622231794e-14,0
706.8,-0.005,-0.06,-5.32056647361e-14,0
706.8,-0.01,-0.055,-9.5840353941e-14,0
706.8,-0.005,-0.055,-7.77527350954e-14,0
706.8,-0.01,-0.05,-1.18976682168e-13,0
706.8,-0.005,-0.05,-9.10605456447e-14,0
706.8,-0.01,-0.045,-1.32300455033e-13,0
706.8,-0.005,-0.045,-9.90941317951e-14,0
706.8,-0.01,-0.04,-1.34525386648e-13,0
706.8,-0.005,-0.04,-9.96717902916e-14,0
706.8,-0.01,-0.035,-1.25623381492e-13,0
706.8,-0.005,-0.035,-9.26289315169e-14,0
706.8,-0.01,-0.03,-1.05012945659e-13,0
706.8,-0.005,-0.03,-7.55697057186e-14,0
706.8,-0.01,-0.025,-7.41438073911e-14,0
706.8,-0.005,-0.025,-4.69954083689e-14,0
706.8,-0.01,-0.02,-3.5945233156e-14,0
706.8,-0.01,-0.015,-5.27843959868e-16,0
706.8,-0.005,-0.02,-1.09098058986e-14,0
706.8,-0.005,-0.015,1.8851812219e-14,0
706.8,-0.0117873230072,-0.0115873794689,1.2589692963e-14,0
706.8,-0.00939961996336,-0.005,3.32843578246e-14,0
706.8,-0.00792797428371,-0.00964253216809,2.61151553607e-14,0
706.8,-0.005,-0.00939961996336,3.06329155959e-14,0
706.8,-0.0108753492546,-0.00150606400588,3.62078195144e-14,0
706.8,-0.00818101620308,-0.00211452602544,3.26662833895e-14,0
706.8,-0.00651817360753,-0.000255934956239,2.56743632187e-14,0
706.8,-0.005,6.71033969428e-08,1.13245674292e-14,0
706.8,-0.0107292118043,0.00160660295843,3.44316173348e-14,0
706.8,-0.0080188992252,0.000768320427092,3.13922890921e-14,0
706.8,-0.00939946851065,0.005,2.75556189594e-14,0
706.8,-0.00802129342231,0.00264911934363,3.07615063029e-14,0
706.8,-0.00887989370213,0.00887989479405,1.56698023437e-14,0
706.8,-0.01,0.015,-1.90600403522e-14,0
706.8,-0.005,0.00939947397025,2.26016143936e-14,0
706.8,-0.005,0.015,5.77997924685e-16,0
706.8,-0.01,0.02,-6.13466824121e-14,0
706.8,-0.01,0.025,-1.13745764075e-13,0
706.8,-0.005,0.02,-3.46163548608e-14,0
706.8,-0.005,0.025,-7.96095666301e-14,0
706.8,-0.01,0.03,-1.67186228129e-13,0
706.8,-0.01,0.035,-2.17634641369e-13,0
706.8,-0.005,0.03,-1.24524511281e-13,0
706.8,-0.005,0.035,-1.63314597638e-13,0
706.8,-0.01,0.04,-2.55008756607e-13,0
706.8,-0.01,0.045,-2.66151509221e-13,0
706.8,-0.005,0.04,-1.85669937842e-13,0
706.8,-0.005,0.045,-1.84917913523e-13,0
706.8,-0.01,0.05,-2.65961824621e-13,0
706.8,-0.01,0.055,-2.71313633067e-13,0
706.8,-0.005,0.05,-1.79037244046e-13,0
706.8,-0.005,0.055,-1.76563691569e-13,0
706.8,-0.01,0.06,-2.68790876634e-13,0
706.8,-0.01,0.065,-2.394333254e-13,0
706.8,-0.005,0.06,-1.63631912738e-13,0
706.8,-0.005,0.065,-1.3724271262e-13,0
706.8,-0.01,0.07,-2.05347955515e-13,0
706.8,-0.01,0.075,-1.88098168015e-13,0
706.8,-0.005,0.07,-1.08026030785e-13,0
706.8,-0.005,0.075,-8.68430008084e-14,0
706.8,0,-0.075,3.26036647764e-14,0
706.8,0,-0.07,9.55354568115e-15,0
706.8,0.005,-0.075,1.04599579161e-14,0
706.8,0.005,-0.07,1.49132878227e-15,0
706.8,0,-0.065,-1.44359687406e-14,0
706.8,0.005,-0.065,-7.46476674508e-15,0
706.8,0,-0.06,-3.5563619814e-14,0
706.8,0.005,-0.06,-1.14681251067e-14,0
706.8,0,-0.055,-4.8000950898e-14,0
706.8,0.005,-0.055,-1.26029884113e-14,0
706.8,0,-0.05,-5.34043391321e-14,0
706.8,0.005,-0.05,-1.15173403698e-14,0
706.8,0,-0.045,-5.52389308129e-14,0
706.8,0.005,-0.045,-6.78079429852e-15,0
706.8,0,-0.04,-5.19749743666e-14,0
706.8,0.005,-0.04,1.81372380212e-15,0
706.8,0,-0.035,-4.44588524492e-14,0
706.8,0.005,-0.035,1.30235001522e-14,0
706.8,0,-0.03,-2.90670896694e-14,0
706.8,0.005,-0.03,2.93965118805e-14,0
706.8,0,-0.025,-4.93485186081e-15,0
706.8,0.005,-0.025,4.88294819306e-14,0
706.8,0,-0.02,2.39435420762e-14,0
706.8,0.005,-0.02,6.28454251596e-14,0
706.8,0,-0.015,4.13055798128e-14,0
706.8,0.005,-0.015,6.17635036579e-14,0
706.8,-0.0021196717084,-0.00776771017156,3.18163312612e-14,0
706.8,-0.00084550708518,-0.00631514607954,2.50491547432e-14,0
706.8,6.71033969406e-08,-0.005,1.15607652619e-14,0
706.8,-0.00139054260708,-0.0110960807567,3.70523199008e-14,0
706.8,0.00132468676756,-0.00775008274642,3.4714740291e-14,0
706.8,0.00160394440688,-0.0116908851489,4.49308925931e-14,0
706.8,0.005,-0.00939946851065,4.70051902285e-14,0
706.8,0.005,0.005,2.94890560571e-14,0
706.8,-0.000107646311398,0.00617659695633,2.59589886395e-14,0
706.8,-0.00190846935279,0.0076427502668,3.16290093328e-14,0
706.8,0.00131146485568,0.00777290068297,3.60228194933e-14,0
706.8,0.00295884413402,0.00640276348073,3.10300828866e-14,0
706.8,-1.21517769428e-05,0.0108932602996,3.80001497773e-14,0
706.8,0,0.015,3.43168832378e-14,0
706.8,0.005,0.00939942566771,4.96687175e-14,0
706.8,0.005,0.015,6.82455876805e-14,0
706.8,0,0.02,1.86860886777e-14,0
706.8,0,0.025,-3.09646189453e-15,0
706.8,0.005,0.02,7.86250385375e-14,0
706.8,0.005,0.025,8.33613330934e-14,0
706.8,0,0.03,-2.43296273534e-14,0
706.8,0,0.035,-4.45665076331e-14,0
706.8,0.005,0.03,8.63402834613e-14,0
706.8,0.005,0.035,8.56209794665e-14,0
706.8,0,0.04,-5.99393348976e-14,0
706.8,0,0.045,-6.26091867607e-14,0
706.8,0.005,0.04,7.6273130487e-14,0
706.8,0.005,0.045,6.75972684777e-14,0
706.8,0,0.05,-5.64664737734e-14,0
706.8,0,0.055,-4.64856173984e-14,0
706.8,0.005,0.05,7.11483036435e-14,0
706.8,0.005,0.055,8.46951090864e-14,0
706.8,0,0.06,-2.76783819198e-14,0
706.8,0,0.065,-2.32126650119e-15,0
706.8,0.005,0.06,1.07225704825e-13,0
706.8,0.005,0.065,1.31424200772e-13,0
706.8,0,0.07,2.40919807805e-14,0
706.8,0,0.075,5.01238393171e-14,0
706.8,0.005,0.07,1.54378822695e-13,0
706.8,0.005,0.075,1.82917067748e-13,0
706.8,0.01,-0.075,-4.52375277349e-15,0
706.8,0.01,-0.07,-2.26116715916e-15,0
706.8,0.015,-0.075,-1.81398824622e-14,0
706.8,0.015,-0.07,-6.23506811209e-15,0
706.8,0.01,-0.065,1.47220483766e-15,0
706.8,0.015,-0.065,8.22908487449e-15,0
706.8,0.01,-0.06,8.18329260997e-15,0
706.8,0.015,-0.06,2.48556457351e-14,0
706.8,0.01,-0.055,1.78648294303e-14,0
706.8,0.015,-0.055,4.39976505284e-14,0
706.8,0.01,-0.05,3.02139484276e-14,0
706.8,0.015,-0.05,6.68838121695e-14,0
706.8,0.01,-0.045,4.43961591982e-14,0
706.8,0.015,-0.045,8.93982432769e-14,0
706.8,0.01,-0.04,6.00244284089e-14,0
706.8,0.015,-0.04,1.08917225905e-13,0
706.8,0.01,-0.035,7.6524876569e-14,0
706.8,0.015,-0.035,1.24213292736e-13,0
706.8,0.01,-0.03,9.25137994605e-14,0
706.8,0.015,-0.03,1.32165130294e-13,0
706.8,0.01,-0.025,1.01454936975e-13,0
706.8,0.015,-0.025,1.30038446634e-13,0
706.8,0.01,-0.02,9.67836715096e-14,0
706.8,0.01,-0.015,7.94626435762e-14,0
706.8,0.015,-0.02,1.14978985827e-13,0
706.8,0.015,-0.015,8.98217908444e-14,0
706.8,0.00999280436795,-0.0116358337096,6.6853610768e-14,0
706.8,0.0105889214373,-0.00845762197625,5.67878733082e-14,0
706.8,0.015,-0.01,6.83810568565e-14,0
706.8,0.00939947397025,-0.005,4.41259702755e-14,0
706.8,0.015,-0.005,5.45066676096e-14,0
706.8,0.00658051136513,-0.00296146438142,2.9559238733e-14,0
706.8,0.00636794669772,-3.54305826484e-06,2.39195133862e-14,0
706.8,0.00795807888052,-0.00113999998936,3.27553134797e-14,0
706.8,0.00758147027913,0.00183630393596,3.20897678544e-14,0
706.8,0.0112534647756,-1.47536350887e-07,4.46917884714e-14,0
706.8,0.015,4.16333634234e-19,5.15056789339e-14,0
706.8,0.00939942566771,0.005,4.63396486353e-14,0
706.8,0.015,0.005,5.82993393518e-14,0
706.8,0.00999018807453,0.0109670628501,7.25956265998e-14,0
706.8,0.01,0.015,9.30121530408e-14,0
706.8,0.015,0.01,7.73992726756e-14,0
706.8,0.015,0.015,1.05963517825e-13,0
706.8,0.01,0.02,1.19510079318e-13,0
706.8,0.01,0.025,1.3775617734e-13,0
706.8,0.015,0.02,1.39017245509e-13,0
706.8,0.015,0.025,1.66146569882e-13,0
706.8,0.01,0.03,1.50128192969e-13,0
706.8,0.01,0.035,1.63810236747e-13,0
706.8,0.015,0.03,1.87519722553e-13,0
706.8,0.015,0.035,2.09914227015e-13,0
706.8,0.01,0.04,1.72113970942e-13,0
706.8,0.01,0.045,1.71293952964e-13,0
706.8,0.015,0.04,2.30780141303e-13,0
706.8,0.015,0.045,2.43039958835e-13,0
706.8,0.01,0.05,1.75752705929e-13,0
706.8,0.01,0.055,1.9052305981e-13,0
706.8,0.015,0.05,2.51956699391e-13,0
706.8,0.015,0.055,2.63089144234e-13,0
706.8,0.01,0.06,2.14332699004e-13,0
706.8,0.01,0.065,2.33486378788e-13,0
706.8,0.015,0.06,2.70344872831e-13,0
706.8,0.015,0.065,2.67019866842e-13,0
706.8,0.01,0.07,2.46143308291e-13,0
706.8,0.01,0.075,2.68382114105e-13,0
706.8,0.015,0.07,2.60465960233e-13,0
706.8,0.015,0.075,2.63885086952e-13,0
706.8,0.02,-0.075,-3.54062770924e-14,0
706.8,0.02,-0.07,-1.42721318126e-14,0
706.8,0.025,-0.075,-5.5967051868e-14,0
706.8,0.025,-0.07,-2.73467522927e-14,0
706.8,0.02,-0.065,9.24797449802e-15,0
706.8,0.025,-0.065,3.1041192095e-15,0
706.8,0.02,-0.06,3.52080754793e-14,0
706.8,0.025,-0.06,3.59319675617e-14,0
706.8,0.02,-0.055,6.34643306074e-14,0
706.8,0.025,-0.055,7.01382804814e-14,0
706.8,0.02,-0.05,9.29996692162e-14,0
706.8,0.025,-0.05,1.02545376187e-13,0
706.8,0.02,-0.045,1.18719384712e-13,0
706.8,0.025,-0.045,1.26340810057e-13,0
706.8,0.02,-0.04,1.35960713105e-13,0
706.8,0.025,-0.04,1.38305707997e-13,0
706.8,0.02,-0.035,1.42471123998e-13,0
706.8,0.025,-0.035,1.39797759651e-13,0
706.8,0.02,-0.03,1.40292585964e-13,0
706.8,0.025,-0.03,1.33086488755e-13,0
706.8,0.02,-0.025,1.32563880823e-13,0
706.8,0.025,-0.025,1.20214786267e-13,0
706.8,0.02,-0.02,1.13596872669e-13,0
706.8,0.025,-0.02,9.60518741456e-14,0
706.8,0.02,-0.015,8.693295017e-14,0
706.8,0.025,-0.015,6.61824534548e-14,0
706.8,0.02,-0.01,6.48273288806e-14,0
706.8,0.025,-0.01,4.63492031387e-14,0
706.8,0.02,-0.005,5.10490658186e-14,0
706.8,0.025,-0.005,3.45253852564e-14,0
706.8,0.02,0,4.84200017509e-14,0
706.8,0.025,4.16333634234e-19,3.19645577354e-14,0
706.8,0.02,0.005,5.48260830202e-14,0
706.8,0.025,0.005,3.75473788219e-14,0
706.8,0.02,0.01,7.32583697521e-14,0
706.8,0.025,0.01,5.31939776482e-14,0
706.8,0.02,0.015,1.01555733974e-13,0
706.8,0.025,0.015,7.87311275135e-14,0
706.8,0.02,0.02,1.34481195321e-13,0
706.8,0.02,0.025,1.65044123633e-13,0
706.8,0.025,0.02,1.10688921009e-13,0
706.8,0.025,0.025,1.37792951731e-13,0
706.8,0.02,0.03,1.91084120839e-13,0
706.8,0.02,0.035,2.16910042369e-13,0
706.8,0.025,0.03,1.61116152783e-13,0
706.8,0.025,0.035,1.85519368617e-13,0
706.8,0.02,0.04,2.41427314449e-13,0
706.8,0.02,0.045,2.61700679854e-13,0
706.8,0.025,0.04,2.08262258892e-13,0
706.8,0.025,0.045,2.23079243259e-13,0
706.8,0.02,0.05,2.73422324894e-13,0
706.8,0.02,0.055,2.75059392906e-13,0
706.8,0.025,0.05,2.26712179662e-13,0
706.8,0.025,0.055,2.17535233842e-13,0
706.8,0.02,0.06,2.60068181758e-13,0
706.8,0.02,0.065,2.31775337485e-13,0
706.8,0.025,0.06,1.93144232161e-13,0
706.8,0.025,0.065,1.58185517771e-13,0
706.8,0.02,0.07,2.10688319415e-13,0
706.8,0.02,0.075,2.01379769507e-13,0
706.8,0.025,0.07,1.29029591561e-13,0
706.8,0.025,0.075,1.09373654167e-13,0
706.8,0.03,-0.075,-7.65768729666e-14,0
706.8,0.03,-0.07,-4.33875674494e-14,0
706.8,0.035,-0.075,-9.56756028218e-14,0
706.8,0.035,-0.07,-5.99164771449e-14,0
706.8,0.03,-0.065,-9.00360118077e-15,0
706.8,0.035,-0.065,-2.37485151646e-14,0
706.8,0.03,-0.06,2.75398035089e-14,0
706.8,0.035,-0.06,1.30977657548e-14,0
706.8,0.03,-0.055,6.42183502791e-14,0
706.8,0.035,-0.055,4.92004009202e-14,0
706.8,0.03,-0.05,9.62951740576e-14,0
706.8,0.035,-0.05,8.04542337786e-14,0
706.8,0.03,-0.045,1.16297920956e-13,0
706.8,0.035,-0.045,9.85020638564e-14,0
706.8,0.03,-0.04,1.2330599253e-13,0
706.8,0.035,-0.04,1.01927948223e-13,0
706.8,0.03,-0.035,1.20802771873e-13,0
706.8,0.035,-0.035,9.06329129361e-14,0
706.8,0.03,-0.03,1.09085551167e-13,0
706.8,0.035,-0.03,7.00768877316e-14,0
706.8,0.03,-0.025,9.1182309629e-14,0
706.8,0.035,-0.025,4.61845745764e-14,0
706.8,0.03,-0.02,6.22726488174e-14,0
706.8,0.035,-0.02,1.64019125181e-14,0
706.8,0.03,-0.015,3.19997450108e-14,0
706.8,0.035,-0.015,-9.47859608748e-15,0
706.8,0.03,-0.01,1.47607588162e-14,0
706.8,0.035,-0.01,-2.4825803984e-14,0
706.8,0.03,-0.005,4.78861548096e-15,0
706.8,0.035,-0.005,-3.36390385265e-14,0
706.8,0.03,0,2.25381334015e-15,0
706.8,0.035,4.16333634234e-19,-3.65908402826e-14,0
706.8,0.03,0.005,6.29222838385e-15,0
706.8,0.035,0.005,-3.4940841445e-14,0
706.8,0.03,0.01,1.83170070098e-14,0
706.8,0.035,0.01,-2.66840576663e-14,0
706.8,0.03,0.015,3.83393626454e-14,0
706.8,0.035,0.015,-1.24523859947e-14,0
706.8,0.03,0.02,6.39461647785e-14,0
706.8,0.035,0.02,4.05311217064e-15,0
706.8,0.03,0.025,8.64574068356e-14,0
706.8,0.035,0.025,2.12988407564e-14,0
706.8,0.03,0.03,1.05044444062e-13,0
706.8,0.03,0.035,1.24019065864e-13,0
706.8,0.035,0.03,3.53327966119e-14,0
706.8,0.035,0.035,4.63881373314e-14,0
706.8,0.03,0.04,1.39266010127e-13,0
706.8,0.03,0.045,1.45322582945e-13,0
706.8,0.035,0.04,5.20010037403e-14,0
706.8,0.035,0.045,5.07890399515e-14,0
706.8,0.03,0.05,1.39595671855e-13,0
706.8,0.03,0.055,1.21374319916e-13,0
706.8,0.035,0.05,3.89494683402e-14,0
706.8,0.035,0.055,1.10433056771e-14,0
706.8,0.03,0.06,9.15776364485e-14,0
706.8,0.03,0.065,5.55867472188e-14,0
706.8,0.035,0.06,-2.22701182324e-14,0
706.8,0.035,0.065,-5.85656410213e-14,0
706.8,0.03,0.07,2.08021320617e-14,0
706.8,0.03,0.075,-1.0576007725e-14,0
706.8,0.035,0.07,-9.80082235926e-14,0
706.8,0.035,0.075,-1.40897704185e-13,0
706.8,0.04,-0.075,-1.10075159183e-13,0
706.8,0.04,-0.07,-7.32341872366e-14,0
706.8,0.045,-0.075,-1.13243124592e-13,0
706.8,0.045,-0.07,-7.8085953122e-14,0
706.8,0.04,-0.065,-3.72845646011e-14,0
706.8,0.045,-0.065,-4.47414318765e-14,0
706.8,0.04,-0.06,-2.26297010805e-15,0
706.8,0.045,-0.06,-1.36272129418e-14,0
706.8,0.04,-0.055,3.05731028622e-14,0
706.8,0.045,-0.055,1.3738760373e-14,0
706.8,0.04,-0.05,5.73095546485e-14,0
706.8,0.045,-0.05,3.18474785071e-14,0
706.8,0.04,-0.045,7.0049892522e-14,0
706.8,0.045,-0.045,3.2275850646e-14,0
706.8,0.04,-0.04,6.50513142575e-14,0
706.8,0.045,-0.04,1.54992018917e-14,0
706.8,0.04,-0.035,4.53731652289e-14,0
706.8,0.045,-0.035,-8.26902492952e-15,0
706.8,0.04,-0.03,1.99018338772e-14,0
706.8,0.045,-0.03,-3.45563191093e-14,0
706.8,0.04,-0.025,-6.86221984002e-15,0
706.8,0.045,-0.025,-6.15336253355e-14,0
706.8,0.04,-0.02,-3.52721575567e-14,0
706.8,0.045,-0.02,-8.61674158153e-14,0
706.8,0.04,-0.015,-5.69377268079e-14,0
706.8,0.045,-0.015,-9.94145422951e-14,0
706.8,0.04,-0.01,-6.82915950499e-14,0
706.8,0.045,-0.01,-1.03453814146e-13,0
706.8,0.04,-0.005,-7.41463962129e-14,0
706.8,0.045,-0.005,-1.07012825413e-13,0
706.8,0.04,0,-7.69210265799e-14,0
706.8,0.045,4.16333634234e-19,-1.1121423974e-13,0
706.8,0.04,0.005,-7.84550047066e-14,0
706.8,0.045,0.005,-1.15555572493e-13,0
706.8,0.04,0.01,-7.54950060725e-14,0
706.8,0.045,0.01,-1.17519285311e-13,0
706.8,0.04,0.015,-6.53912985244e-14,0
706.8,0.045,0.015,-1.11610734081e-13,0
706.8,0.04,0.02,-5.30072296294e-14,0
706.8,0.045,0.02,-1.0286897313e-13,0
706.8,0.04,0.025,-4.23410352212e-14,0
706.8,0.045,0.025,-9.65776709515e-14,0
706.8,0.04,0.03,-3.52567170672e-14,0
706.8,0.045,0.03,-9.59042342794e-14,0
706.8,0.04,0.035,-3.23996522982e-14,0
706.8,0.045,0.035,-1.01841807217e-13,0
706.8,0.04,0.04,-3.45407226599e-14,0
706.8,0.04,0.045,-4.25391198569e-14,0
706.8,0.045,0.04,-1.12912091188e-13,0
706.8,0.045,0.045,-1.28071192023e-13,0
706.8,0.04,0.05,-6.61416654161e-14,0
706.8,0.04,0.055,-9.74800938494e-14,0
706.8,0.045,0.05,-1.56874778017e-13,0
706.8,0.045,0.055,-1.83381331503e-13,0
706.8,0.04,0.06,-1.27675146429e-13,0
706.8,0.04,0.065,-1.63447435071e-13,0
706.8,0.045,0.06,-2.08656261664e-13,0
706.8,0.045,0.065,-2.43388623865e-13,0
706.8,0.04,0.07,-2.06490479934e-13,0
706.8,0.04,0.075,-2.58343898922e-13,0
706.8,0.045,0.07,-2.90327040177e-13,0
706.8,0.045,0.075,-3.50881393294e-13,0
706.8,0.05,-0.075,-1.07653490529e-13,0
706.8,0.05,-0.07,-7.43457994543e-14,0
706.8,0.055,-0.075,-9.57643565178e-14,0
706.8,0.055,-0.07,-6.37302292301e-14,0
706.8,0.05,-0.065,-4.44251153831e-14,0
706.8,0.055,-0.065,-3.7416216778e-14,0
706.8,0.05,-0.06,-1.85202846731e-14,0
706.8,0.055,-0.06,-1.74389049571e-14,0
706.8,0.05,-0.055,2.80829717533e-15,0
706.8,0.055,-0.055,-2.80369286363e-15,0
706.8,0.05,-0.05,9.06548035655e-15,0
706.8,0.055,-0.05,-8.51918367346e-15,0
706.8,0.05,-0.045,-4.89586708416e-15,0
706.8,0.055,-0.045,-3.41497613747e-14,0
706.8,0.05,-0.04,-3.00489319163e-14,0
706.8,0.055,-0.04,-6.62442649793e-14,0
706.8,0.05,-0.035,-5.8376577327e-14,0
706.8,0.055,-0.035,-9.88243673367e-14,0
706.8,0.05,-0.03,-8.57259416906e-14,0
706.8,0.055,-0.03,-1.25590564222e-13,0
706.8,0.05,-0.025,-1.10421261274e-13,0
706.8,0.055,-0.025,-1.40125956276e-13,0
706.8,0.05,-0.02,-1.2569775551e-13,0
706.8,0.055,-0.02,-1.38089005474e-13,0
706.8,0.05,-0.015,-1.24355865774e-13,0
706.8,0.055,-0.015,-1.26785919406e-13,0
706.8,0.05,-0.01,-1.20634367618e-13,0
706.8,0.055,-0.01,-1.18038188484e-13,0
706.8,0.05,-0.005,-1.21200440484e-13,0
706.8,0.055,-0.005,-1.10753100569e-13,0
706.8,0.05,0,-1.25086287666e-13,0
706.8,0.055,4.16333634234e-19,-1.06099712349e-13,0
706.8,0.05,0.005,-1.30934921413e-13,0
706.8,0.055,0.005,-1.07063348838e-13,0
706.8,0.05,0.01,-1.36185801064e-13,0
706.8,0.055,0.01,-1.13242561167e-13,0
706.8,0.05,0.015,-1.35887788015e-13,0
706.8,0.055,0.015,-1.21413960233e-13,0
706.8,0.05,0.02,-1.33363505619e-13,0
706.8,0.055,0.02,-1.31415533642e-13,0
706.8,0.05,0.025,-1.32881705844e-13,0
706.8,0.055,0.025,-1.44672750729e-13,0
706.8,0.05,0.03,-1.37849098114e-13,0
706.8,0.055,0.03,-1.58179636396e-13,0
706.8,0.05,0.035,-1.50592809893e-13,0
706.8,0.055,0.035,-1.74863196262e-13,0
706.8,0.05,0.04,-1.69684924221e-13,0
706.8,0.055,0.04,-1.91187854051e-13,0
706.8,0.05,0.045,-1.88697363181e-13,0
706.8,0.055,0.045,-2.00943646618e-13,0
706.8,0.05,0.05,-2.08863509218e-13,0
706.8,0.05,0.055,-2.23179952762e-13,0
706.8,0.055,0.05,-1.99949124687e-13,0
706.8,0.055,0.055,-1.88635877382e-13,0
706.8,0.05,0.06,-2.37924008767e-13,0
706.8,0.05,0.065,-2.69712262292e-13,0
706.8,0.055,0.06,-1.89375763046e-13,0
706.8,0.055,0.065,-2.17217237073e-13,0
706.8,0.05,0.07,-3.21113266877e-13,0
706.8,0.05,0.075,-3.93673569453e-13,0
706.8,0.055,0.07,-2.82018087163e-13,0
706.8,0.055,0.075,-3.66154592406e-13,0
706.8,0.06,-0.075,-6.28100649087e-14,0
706.8,0.06,-0.07,-3.17579018434e-14,0
706.8,0.065,-0.075,-4.03352887759e-15,0
706.8,0.065,-0.07,2.51634370285e-14,0
706.8,0.06,-0.065,-1.02201522617e-14,0
706.8,0.065,-0.065,4.30115497318e-14,0
706.8,0.06,-0.06,1.15129993405e-16,0
706.8,0.065,-0.06,4.27335642297e-14,0
706.8,0.06,-0.055,1.24831107128e-15,0
706.8,0.065,-0.055,3.25878583626e-14,0
706.8,0.06,-0.05,-1.65927104991e-14,0
706.8,0.065,-0.05,-2.11610055867e-15,0
706.8,0.06,-0.045,-5.222348525e-14,0
706.8,0.065,-0.045,-5.6491971597e-14,0
706.8,0.06,-0.04,-8.92559373708e-14,0
706.8,0.065,-0.04,-1.00694792705e-13,0
706.8,0.06,-0.035,-1.23036205697e-13,0
706.8,0.065,-0.035,-1.29140916617e-13,0
706.8,0.06,-0.03,-1.41765290002e-13,0
706.8,0.065,-0.03,-1.25967113955e-13,0
706.8,0.06,-0.025,-1.33647864582e-13,0
706.8,0.065,-0.025,-9.35188517318e-14,0
706.8,0.06,-0.02,-1.10562855534e-13,0
706.8,0.065,-0.02,-4.73859745895e-14,0
706.8,0.06,-0.015,-8.88834131022e-14,0
706.8,0.065,-0.015,-2.56279550787e-15,0
706.8,0.06,-0.01,-7.02945050532e-14,0
706.8,0.065,-0.01,2.91078767017e-14,0
706.8,0.06,-0.005,-5.38633772951e-14,0
706.8,0.065,-0.005,5.07728831058e-14,0
706.8,0.06,0,-4.29283434102e-14,0
706.8,0.065,4.16333634234e-19,6.11031187487e-14,0
706.8,0.06,0.005,-4.09395186507e-14,0
706.8,0.065,0.005,5.8940924109e-14,0
706.8,0.06,0.01,-4.94996046324e-14,0
706.8,0.065,0.01,4.40997190806e-14,0
706.8,0.06,0.015,-6.70614245871e-14,0
706.8,0.065,0.015,1.83211843291e-14,0
706.8,0.06,0.02,-8.99042952697e-14,0
706.8,0.065,0.02,-1.27351950203e-14,0
706.8,0.06,0.025,-1.15289178738e-13,0
706.8,0.065,0.025,-4.40083341261e-14,0
706.8,0.06,0.03,-1.37856372732e-13,0
706.8,0.065,0.03,-6.99123641818e-14,0
706.8,0.06,0.035,-1.5688304734e-13,0
706.8,0.065,0.035,-8.70585417393e-14,0
706.8,0.06,0.04,-1.64113531566e-13,0
706.8,0.065,0.04,-8.34530758001e-14,0
706.8,0.06,0.045,-1.54050777955e-13,0
706.8,0.065,0.045,-5.2088069751e-14,0
706.8,0.06,0.05,-1.23457131952e-13,0
706.8,0.065,0.05,5.29931592639e-15,0
706.8,0.06,0.055,-8.42008728203e-14,0
706.8,0.065,0.055,6.8098549438e-14,0
706.8,0.06,0.06,-6.69977997788e-14,0
706.8,0.06,0.065,-7.67159382713e-14,0
706.8,0.065,0.06,1.07990355097e-13,0
706.8,0.065,0.065,1.30578250432e-13,0
706.8,0.06,0.07,-1.24568316488e-13,0
706.8,0.06,0.075,-1.93192185874e-13,0
706.8,0.065,0.07,1.47497864105e-13,0
706.8,0.065,0.075,1.42156420572e-13,0
706.8,0.07,-0.075,7.97095913448e-14,0
706.8,0.07,-0.07,1.00321717297e-13,0
706.8,0.075,-0.075,1.70919479947e-13,0
706.8,0.075,-0.07,1.81113241775e-13,0
706.8,0.07,-0.065,1.08379552131e-13,0
706.8,0.075,-0.065,1.75664925991e-13,0
706.8,0.07,-0.06,1.01014158526e-13,0
706.8,0.075,-0.06,1.63878473965e-13,0
706.8,0.07,-0.055,8.61591510526e-14,0
706.8,0.075,-0.055,1.46301917477e-13,0
706.8,0.07,-0.05,3.66303006352e-14,0
706.8,0.075,-0.05,8.55260319809e-14,0
706.8,0.07,-0.045,-3.82062983159e-14,0
706.8,0.075,-0.045,-9.63412493006e-15,0
706.8,0.07,-0.04,-9.65704254298e-14,0
706.8,0.075,-0.04,-8.29018687737e-14,0
706.8,0.07,-0.035,-1.15477415472e-13,0
706.8,0.075,-0.035,-9.65427428158e-14,0
706.8,0.07,-0.03,-9.10313284346e-14,0
706.8,0.075,-0.03,-5.64026640737e-14,0
706.8,0.07,-0.025,-3.62331726547e-14,0
706.8,0.075,-0.025,2.2116444413e-14,0
706.8,0.07,-0.02,4.31664751719e-14,0
706.8,0.075,-0.02,1.40532556795e-13,0
706.8,0.07,-0.015,1.12609743794e-13,0
706.8,0.075,-0.015,2.35409401113e-13,0
706.8,0.07,-0.01,1.4907509135e-13,0
706.8,0.075,-0.01,2.75036817631e-13,0
706.8,0.07,-0.005,1.72891939137e-13,0
706.8,0.075,-0.005,3.0045252055e-13,0
706.8,0.07,0,1.81973983374e-13,0
706.8,0.075,0,3.08985932522e-13,0
706.8,0.07,0.005,1.76448632537e-13,0
706.8,0.075,0.005,3.00622011329e-13,0
706.8,0.07,0.01,1.54808201386e-13,0
706.8,0.075,0.01,2.71814839151e-13,0
706.8,0.07,0.015,1.20642286539e-13,0
706.8,0.075,0.015,2.2756023834e-13,0
706.8,0.07,0.02,8.30155322351e-14,0
706.8,0.075,0.02,1.82763457766e-13,0
706.8,0.07,0.025,4.77636873655e-14,0
706.8,0.075,0.025,1.43022880358e-13,0
706.8,0.07,0.03,2.05795689513e-14,0
706.8,0.075,0.03,1.13575590555e-13,0
706.8,0.07,0.035,6.69547185525e-15,0
706.8,0.075,0.035,1.01494353278e-13,0
706.8,0.07,0.04,2.28583405579e-14,0
706.8,0.075,0.04,1.28360792358e-13,0
706.8,0.07,0.045,7.50151270441e-14,0
706.8,0.075,0.045,2.01225373122e-13,0
706.8,0.07,0.05,1.63645820941e-13,0
706.8,0.075,0.05,3.35755481498e-13,0
706.8,0.07,0.055,2.61361943341e-13,0
706.8,0.075,0.055,4.8689813083e-13,0
706.8,0.07,0.06,3.41010799862e-13,0
706.8,0.075,0.06,6.0681429918e-13,0
706.8,0.07,0.065,4.12243251549e-13,0
706.8,0.075,0.065,7.213226264e-13,0
706.8,0.07,0.07,4.87002155522e-13,0
706.8,0.07,0.075,5.45015730679e-13,0
706.8,0.075,0.07,8.45250303682e-13,0
706.8,0.075,0.075,9.44711090996e-13,0
775.8,-0.00382671281566,-0.00202612167119,0,0
775.8,-0.005,-0.005,2.9871403742e-14,0
775.8,-0.00197892066871,-0.00385133392306,0,0
775.8,-0.005,-0.00190753787223,1.61421979479e-14,0
775.8,-0.00433,0,0,0
775.8,-0.00190753787223,-0.005,1.58793651909e-14,0
775.8,0,-0.00433,0,0
775.8,-0.005,0.00190775150599,1.64419365872e-14,0
775.8,-0.00385133392306,0.00197892066871,0,0
775.8,0.00190775150599,-0.005,1.57336931042e-14,0
775.8,0.00202612167119,-0.00382671281566,0,0
775.8,-0.00202612167119,0.00382671281566,0,0
775.8,-0.005,0.005,3.21479992401e-14,0
775.8,-0.0019094272225,0.005,1.58933774963e-14,0
775.8,0,0.00433,0,0
775.8,0.00147766755988,0.00407006125046,0,0
775.8,8.32667268469e-19,0.005,1.12078895115e-14,0
775.8,0.00433,0,0,0
775.8,0.005,1.38777878078e-18,1.16462905104e-14,0
775.8,0.00407006125046,0.00147766755988,0,0
775.8,0.005,-0.005,2.79539727502e-14,0
775.8,0.00385133392306,-0.00197892066871,0,0
775.8,0.005,-0.0019094272225,1.55984111297e-14,0
775.8,0.00306177236254,0.00306177236254,0,0
775.8,0.0019094272225,0.005,1.59550638866e-14,0
775.8,0.005,0.0019094272225,1.58770174584e-14,0
775.8,-0.000885,-0.0015328649647,1.27167794199e-12,0
775.8,-0.0015328649647,-0.000885,1.27180036259e-12,0
775.8,-0.00186450691264,-0.00187567167242,8.43129225949e-13,0
775.8,-0.00177,0,1.27149197365e-12,0
775.8,-0.00268433516245,-0.000738983120158,7.59200264912e-13,0
775.8,0,-0.00177,1.27163944151e-12,0
775.8,-0.000718432264205,-0.00269192408424,7.57493850564e-13,0
775.8,-0.0015328649647,0.000885,1.26998717671e-12,0
775.8,-0.00265321485144,0.000647311733689,7.89986999962e-13,0
775.8,-0.000885,0.0015328649647,1.2683591519e-12,0
775.8,-0.00194719253591,0.00178443766524,8.44055436968e-13,0
775.8,0,0.00177,1.26425209756e-12,0
775.8,-0.000802720381054,0.00273415977115,7.17588223039e-13,0
775.8,0.000885,-0.0015328649647,1.27032796298e-12,0
775.8,0.00075154031863,-0.00270385456952,7.45382280014e-13,0
775.8,0.00177,0,1.26259163987e-12,0
775.8,0.0015328649647,-0.000885,1.26817498789e-12,0
775.8,0.00271471102228,-0.000564731152102,7.61007657046e-13,0
775.8,0.00192394637685,-0.00189207206672,8.10195696323e-13,0
775.8,0.00231817117671,0.00040530921667,9.88031894758e-13,0
775.8,0.0015328649647,0.000885,1.26085745367e-12,0
775.8,0.000885,0.0015328649647,1.26156261249e-12,0
775.8,0.000427053001345,0.00287092483521,6.82273105538e-13,0
775.8,0.00187618296239,0.00184774001435,8.33442333078e-13,0
775.8,0.00312733402203,0.000607809752493,5.19262373533e-13,0
775.8,0.00276214303706,0.00136595635004,5.76929817573e-13,0
775.8,0.0014100336009,0.00268674970267,6.04845563713e-13,0
775.8,-0.075,-0.075,-1.60121693194e-13,0
775.8,-0.07,-0.075,-1.90212165262e-13,0
775.8,-0.075,-0.07,-6.85203688306e-14,0
775.8,-0.07,-0.07,-1.03139827448e-13,0
775.8,-0.075,-0.065,2.50537911397e-14,0
775.8,-0.07,-0.065,-1.91856274893e-14,0
775.8,-0.065,-0.075,-2.12583577961e-13,0
775.8,-0.065,-0.07,-1.31833334016e-13,0
775.8,-0.065,-0.065,-5.81191965546e-14,0
775.8,-0.075,-0.06,1.16988975044e-13,0
775.8,-0.07,-0.06,5.60553503549e-14,0
775.8,-0.065,-0.06,1.72059082012e-15,0
775.8,-0.075,-0.055,1.89987241888e-13,0
775.8,-0.07,-0.055,1.1448194068e-13,0
775.8,-0.065,-0.055,4.77807963078e-14,0
775.8,-0.075,-0.05,2.36771506289e-13,0
775.8,-0.07,-0.05,1.5383704261e-13,0
775.8,-0.065,-0.05,7.8773709632e-14,0
775.8,-0.075,-0.045,2.59400872708e-13,0
775.8,-0.07,-0.045,1.7558620088e-13,0
775.8,-0.065,-0.045,9.86937511242e-14,0
775.8,-0.075,-0.04,2.59762668469e-13,0
775.8,-0.07,-0.04,1.7835305151e-13,0
775.8,-0.075,-0.035,2.42609826111e-13,0
775.8,-0.07,-0.035,1.65006905342e-13,0
775.8,-0.065,-0.04,1.03273246895e-13,0
775.8,-0.065,-0.035,9.25012158158e-14,0
775.8,-0.075,-0.03,2.04171443782e-13,0
775.8,-0.07,-0.03,1.35278865803e-13,0
775.8,-0.075,-0.025,1.4740941351e-13,0
775.8,-0.07,-0.025,9.21184816188e-14,0
775.8,-0.065,-0.03,7.05029628959e-14,0
775.8,-0.065,-0.025,3.96645021407e-14,0
775.8,-0.075,-0.02,8.27756664885e-14,0
775.8,-0.07,-0.02,4.15345952115e-14,0
775.8,-0.075,-0.015,1.57869381093e-14,0
775.8,-0.07,-0.015,-1.05514649778e-14,0
775.8,-0.065,-0.02,2.66326337824e-15,0
775.8,-0.065,-0.015,-3.4088243621e-14,0
775.8,-0.075,-0.01,-5.13157917428e-14,0
775.8,-0.07,-0.01,-5.68003220034e-14,0
775.8,-0.075,-0.005,-9.55095146823e-14,0
775.8,-0.07,-0.005,-8.60547159501e-14,0
775.8,-0.065,-0.01,-6.22343631569e-14,0
775.8,-0.065,-0.005,-7.94805409084e-14,0
775.8,-0.075,0,-1.12619594563e-13,0
775.8,-0.07,0,-9.81394395816e-14,0
775.8,-0.075,0.005,-1.18125310341e-13,0
775.8,-0.07,0.005,-1.00174981319e-13,0
775.8,-0.065,4.16333634234e-19,-8.63486353764e-14,0
775.8,-0.065,0.005,-8.26476249129e-14,0
775.8,-0.075,0.01,-9.98585688843e-14,0
775.8,-0.07,0.01,-8.03632122588e-14,0
775.8,-0.075,0.015,-5.49434838253e-14,0
775.8,-0.07,0.015,-4.05136108141e-14,0
775.8,-0.065,0.01,-5.86720005654e-14,0
775.8,-0.065,0.015,-2.24661958826e-14,0
775.8,-0.075,0.02,-8.622720434e-15,0
775.8,-0.07,0.02,7.38140702834e-16,0
775.8,-0.075,0.025,3.78491972917e-14,0
775.8,-0.07,0.025,4.06249005159e-14,0
775.8,-0.065,0.02,1.1246787333e-14,0
775.8,-0.065,0.025,4.07902514245e-14,0
775.8,-0.075,0.03,9.62054736352e-14,0
775.8,-0.07,0.03,7.84885627773e-14,0
775.8,-0.075,0.035,1.48857931871e-13,0
775.8,-0.07,0.035,1.06252552059e-13,0
775.8,-0.065,0.03,5.95288834054e-14,0
775.8,-0.065,0.035,6.534867155e-14,0
775.8,-0.075,0.04,1.83269525324e-13,0
775.8,-0.07,0.04,1.18234286009e-13,0
775.8,-0.075,0.045,1.92066159161e-13,0
775.8,-0.07,0.045,1.15032230159e-13,0
775.8,-0.065,0.04,5.9822716152e-14,0
775.8,-0.065,0.045,4.76263206788e-14,0
775.8,-0.075,0.05,1.79090614861e-13,0
775.8,-0.07,0.05,1.01622717865e-13,0
775.8,-0.075,0.055,1.54385672859e-13,0
775.8,-0.07,0.055,8.29225140002e-14,0
775.8,-0.065,0.05,3.26349075094e-14,0
775.8,-0.065,0.055,1.7945670129e-14,0
775.8,-0.075,0.06,1.28183834789e-13,0
775.8,-0.07,0.06,6.38231557337e-14,0
775.8,-0.075,0.065,1.03930770698e-13,0
775.8,-0.07,0.065,4.66709808351e-14,0
775.8,-0.065,0.06,5.26221447087e-15,0
775.8,-0.065,0.065,-4.52587999769e-15,0
775.8,-0.075,0.07,8.32910710821e-14,0
775.8,-0.07,0.07,3.17468901286e-14,0
775.8,-0.075,0.075,6.53325326652e-14,0
775.8,-0.07,0.075,1.69754911467e-14,0
775.8,-0.065,0.07,-1.22662865784e-14,0
775.8,-0.065,0.075,-2.1339785891e-14,0
775.8,-0.06,-0.075,-1.82682825005e-13,0
775.8,-0.06,-0.07,-1.36339000933e-13,0
775.8,-0.06,-0.065,-8.76353351093e-14,0
775.8,-0.055,-0.075,-1.06312357803e-13,0
775.8,-0.055,-0.07,-1.07609314746e-13,0
775.8,-0.055,-0.065,-9.98717607163e-14,0
775.8,-0.06,-0.06,-4.36771688052e-14,0
775.8,-0.06,-0.055,-8.59477852742e-15,0
775.8,-0.055,-0.06,-7.82514652374e-14,0
775.8,-0.055,-0.055,-5.59299078242e-14,0
775.8,-0.06,-0.05,1.58573057691e-14,0
775.8,-0.055,-0.05,-3.7441690129e-14,0
775.8,-0.06,-0.045,3.16942545766e-14,0
775.8,-0.055,-0.045,-2.54311023858e-14,0
775.8,-0.06,-0.04,3.45966984541e-14,0
775.8,-0.055,-0.04,-2.26902682012e-14,0
775.8,-0.06,-0.035,2.74333153441e-14,0
775.8,-0.055,-0.035,-2.57043393149e-14,0
775.8,-0.06,-0.03,1.28447814383e-14,0
775.8,-0.06,-0.025,-7.73404899753e-15,0
775.8,-0.055,-0.03,-3.41204346175e-14,0
775.8,-0.055,-0.025,-4.65597637788e-14,0
775.8,-0.06,-0.02,-3.12319868351e-14,0
775.8,-0.06,-0.015,-5.15847861976e-14,0
775.8,-0.055,-0.02,-5.87791120946e-14,0
775.8,-0.055,-0.015,-6.41388699244e-14,0
775.8,-0.06,-0.01,-6.48611023964e-14,0
775.8,-0.06,-0.005,-7.22987822207e-14,0
775.8,-0.055,-0.01,-6.25368557168e-14,0
775.8,-0.055,-0.005,-5.64828882547e-14,0
775.8,-0.06,0,-6.9373472767e-14,0
775.8,-0.06,0.005,-5.31935852069e-14,0
775.8,-0.055,4.16333634234e-19,-3.88963740589e-14,0
775.8,-0.055,0.005,-1.22603963819e-14,0
775.8,-0.06,0.01,-2.53228586742e-14,0
775.8,-0.06,0.015,3.55188689304e-15,0
775.8,-0.055,0.01,1.62189715844e-14,0
775.8,-0.055,0.015,3.54523765661e-14,0
775.8,-0.06,0.02,2.44436199036e-14,0
775.8,-0.06,0.025,3.7541504029e-14,0
775.8,-0.055,0.02,4.04875910914e-14,0
775.8,-0.055,0.025,3.63021729227e-14,0
775.8,-0.06,0.03,3.88167143895e-14,0
775.8,-0.06,0.035,2.97937968944e-14,0
775.8,-0.055,0.03,2.15823861478e-14,0
775.8,-0.055,0.035,-3.68949947973e-16,0
775.8,-0.06,0.04,1.46171455001e-14,0
775.8,-0.06,0.045,-3.24298139106e-15,0
775.8,-0.055,0.04,-2.41041650809e-14,0
775.8,-0.055,0.045,-4.60198023709e-14,0
775.8,-0.06,0.05,-2.03516739652e-14,0
775.8,-0.06,0.055,-3.3088819126e-14,0
775.8,-0.055,0.05,-6.25611790009e-14,0
775.8,-0.055,0.055,-7.09875508569e-14,0
775.8,-0.06,0.06,-4.02579568764e-14,0
775.8,-0.06,0.065,-4.21454288017e-14,0
775.8,-0.055,0.06,-7.08356265102e-14,0
775.8,-0.055,0.065,-6.26471417689e-14,0
775.8,-0.06,0.07,-4.12517206462e-14,0
775.8,-0.06,0.075,-4.26124503327e-14,0
775.8,-0.055,0.07,-5.08486714115e-14,0
775.8,-0.055,0.075,-4.16409058655e-14,0
775.8,-0.05,-0.075,-4.07001256286e-14,0
775.8,-0.05,-0.07,-5.9547487959e-14,0
775.8,-0.045,-0.075,2.92785336551e-14,0
775.8,-0.045,-0.07,-4.69575472728e-15,0
775.8,-0.05,-0.065,-7.75635929433e-14,0
775.8,-0.045,-0.065,-3.75954627041e-14,0
775.8,-0.05,-0.06,-8.67804829824e-14,0
775.8,-0.05,-0.055,-8.2152713145e-14,0
775.8,-0.045,-0.06,-6.58110590186e-14,0
775.8,-0.045,-0.055,-7.88606555173e-14,0
775.8,-0.05,-0.05,-7.22674869287e-14,0
775.8,-0.05,-0.045,-6.44628199108e-14,0
775.8,-0.045,-0.05,-8.18295080429e-14,0
775.8,-0.045,-0.045,-8.18439794036e-14,0
775.8,-0.05,-0.04,-6.10975609259e-14,0
775.8,-0.045,-0.04,-8.16361644333e-14,0
775.8,-0.05,-0.035,-6.26219114822e-14,0
775.8,-0.045,-0.035,-8.31214277185e-14,0
775.8,-0.05,-0.03,-6.71498090396e-14,0
775.8,-0.045,-0.03,-8.44903691232e-14,0
775.8,-0.05,-0.025,-7.34838896843e-14,0
775.8,-0.045,-0.025,-8.35443115454e-14,0
775.8,-0.05,-0.02,-7.55265233774e-14,0
775.8,-0.05,-0.015,-6.68553479464e-14,0
775.8,-0.045,-0.02,-7.49800368194e-14,0
775.8,-0.045,-0.015,-5.67596020865e-14,0
775.8,-0.05,-0.01,-5.09325020668e-14,0
775.8,-0.05,-0.005,-2.98437102922e-14,0
775.8,-0.045,-0.01,-3.10722173326e-14,0
775.8,-0.045,-0.005,1.53914297826e-15,0
775.8,-0.05,0,-1.18485130051e-15,0
775.8,-0.05,0.005,3.11109172451e-14,0
775.8,-0.045,4.16333634234e-19,3.74936414622e-14,0
775.8,-0.045,0.005,7.20552803074e-14,0
775.8,-0.05,0.01,5.9607367735e-14,0
775.8,-0.05,0.015,6.79746887478e-14,0
775.8,-0.045,0.01,9.64966979456e-14,0
775.8,-0.045,0.015,9.3628113616e-14,0
775.8,-0.05,0.02,5.71247254217e-14,0
775.8,-0.05,0.025,3.75765463078e-14,0
775.8,-0.045,0.02,7.07801729394e-14,0
775.8,-0.045,0.025,4.0501756928e-14,0
775.8,-0.05,0.03,1.00160202146e-14,0
775.8,-0.05,0.035,-2.19610418725e-14,0
775.8,-0.045,0.03,4.54530477182e-15,0
775.8,-0.045,0.035,-3.32585912926e-14,0
775.8,-0.05,0.04,-5.29745854768e-14,0
775.8,-0.05,0.045,-7.6454184664e-14,0
775.8,-0.045,0.04,-6.74074569621e-14,0
775.8,-0.045,0.045,-8.89225038831e-14,0
775.8,-0.05,0.05,-8.90666359865e-14,0
775.8,-0.05,0.055,-9.14134751042e-14,0
775.8,-0.045,0.05,-9.58052120454e-14,0
775.8,-0.045,0.055,-9.19797341754e-14,0
775.8,-0.05,0.06,-8.2628374661e-14,0
775.8,-0.05,0.065,-6.3250794048e-14,0
775.8,-0.045,0.06,-7.5736624463e-14,0
775.8,-0.045,0.065,-4.70778917331e-14,0
775.8,-0.05,0.07,-4.04884621531e-14,0
775.8,-0.05,0.075,-2.07818775256e-14,0
775.8,-0.045,0.07,-1.4224307773e-14,0
775.8,-0.045,0.075,1.71340128606e-14,0
775.8,-0.04,-0.075,9.60850160266e-14,0
775.8,-0.04,-0.07,5.06994520415e-14,0
775.8,-0.035,-0.075,1.54773175908e-13,0
775.8,-0.035,-0.07,1.00596350617e-13,0
775.8,-0.04,-0.065,6.80591118264e-15,0
775.8,-0.035,-0.065,4.86995699401e-14,0
775.8,-0.04,-0.06,-3.42586940278e-14,0
775.8,-0.035,-0.06,-1.07902980853e-15,0
775.8,-0.04,-0.055,-6.20416228968e-14,0
775.8,-0.035,-0.055,-3.99548234525e-14,0
775.8,-0.04,-0.05,-7.57410860943e-14,0
775.8,-0.04,-0.045,-8.34190979957e-14,0
775.8,-0.035,-0.05,-6.35199282743e-14,0
775.8,-0.035,-0.045,-7.76543363394e-14,0
775.8,-0.04,-0.04,-8.67650201231e-14,0
775.8,-0.04,-0.035,-8.88047569691e-14,0
775.8,-0.035,-0.04,-8.37299101158e-14,0
775.8,-0.035,-0.035,-8.44366452684e-14,0
775.8,-0.04,-0.03,-8.73063608075e-14,0
775.8,-0.035,-0.03,-7.91012629851e-14,0
775.8,-0.04,-0.025,-7.9637873752e-14,0
775.8,-0.035,-0.025,-6.78797840424e-14,0
775.8,-0.04,-0.02,-6.33303532318e-14,0
775.8,-0.035,-0.02,-4.79289410495e-14,0
775.8,-0.04,-0.015,-3.91003832292e-14,0
775.8,-0.035,-0.015,-1.78884683422e-14,0
775.8,-0.04,-0.01,-4.58908346951e-15,0
775.8,-0.04,-0.005,3.47189569707e-14,0
775.8,-0.035,-0.01,1.9204977133e-14,0
775.8,-0.035,-0.005,5.64428675109e-14,0
775.8,-0.04,0,7.16451273134e-14,0
775.8,-0.04,0.005,1.0334259678e-13,0
775.8,-0.035,4.16333634234e-19,9.00408983968e-14,0
775.8,-0.035,0.005,1.15946502843e-13,0
775.8,-0.04,0.01,1.19923458547e-13,0
775.8,-0.04,0.015,1.0921510157e-13,0
775.8,-0.035,0.01,1.27595258372e-13,0
775.8,-0.035,0.015,1.16006223031e-13,0
775.8,-0.04,0.02,7.99869189007e-14,0
775.8,-0.04,0.025,4.35158619757e-14,0
775.8,-0.035,0.02,8.60519670076e-14,0
775.8,-0.035,0.025,4.61185814099e-14,0
775.8,-0.04,0.03,3.34339871363e-15,0
775.8,-0.04,0.035,-3.67830857224e-14,0
775.8,-0.035,0.03,3.07963292869e-15,0
775.8,-0.035,0.035,-3.80194500838e-14,0
775.8,-0.04,0.04,-7.07309101578e-14,0
775.8,-0.04,0.045,-8.90282818311e-14,0
775.8,-0.035,0.04,-7.07427153694e-14,0
775.8,-0.035,0.045,-8.75271036437e-14,0
775.8,-0.04,0.05,-9.12798207134e-14,0
775.8,-0.04,0.055,-8.19521136189e-14,0
775.8,-0.035,0.05,-8.67980690525e-14,0
775.8,-0.035,0.055,-6.95190138391e-14,0
775.8,-0.04,0.06,-5.72401329894e-14,0
775.8,-0.04,0.065,-1.95713086017e-14,0
775.8,-0.035,0.06,-3.39732417286e-14,0
775.8,-0.035,0.065,1.32921683048e-14,0
775.8,-0.04,0.07,2.45196637046e-14,0
775.8,-0.04,0.075,7.01931953393e-14,0
775.8,-0.035,0.07,6.7634504553e-14,0
775.8,-0.035,0.075,1.26032207791e-13,0
775.8,-0.03,-0.075,1.98401996952e-13,0
775.8,-0.03,-0.07,1.38931847009e-13,0
775.8,-0.025,-0.075,2.20102684572e-13,0
775.8,-0.025,-0.07,1.60313970106e-13,0
775.8,-0.03,-0.065,8.2882844505e-14,0
775.8,-0.025,-0.065,1.04876307283e-13,0
775.8,-0.03,-0.06,2.92770505249e-14,0
775.8,-0.025,-0.06,5.21647070045e-14,0
775.8,-0.03,-0.055,-1.52744208307e-14,0
775.8,-0.025,-0.055,6.65737378416e-15,0
775.8,-0.03,-0.05,-4.61289453619e-14,0
775.8,-0.025,-0.05,-2.67697351259e-14,0
775.8,-0.03,-0.045,-6.46989730541e-14,0
775.8,-0.025,-0.045,-4.61236509346e-14,0
775.8,-0.03,-0.04,-7.22961109288e-14,0
775.8,-0.03,-0.035,-7.13957703204e-14,0
775.8,-0.025,-0.04,-5.34903603195e-14,0
775.8,-0.025,-0.035,-5.25900123051e-14,0
775.8,-0.03,-0.03,-6.36050145019e-14,0
775.8,-0.03,-0.025,-5.11054452026e-14,0
775.8,-0.025,-0.03,-4.45943345253e-14,0
775.8,-0.025,-0.025,-3.08701458183e-14,0
775.8,-0.03,-0.02,-2.99628853354e-14,0
775.8,-0.025,-0.02,-1.00265523673e-14,0
775.8,-0.03,-0.015,1.58737270551e-16,0
775.8,-0.025,-0.015,1.66903724802e-14,0
775.8,-0.03,-0.01,3.38298149746e-14,0
775.8,-0.025,-0.01,4.63071473645e-14,0
775.8,-0.03,-0.005,6.67990718123e-14,0
775.8,-0.025,-0.005,7.42667613035e-14,0
775.8,-0.03,0,9.54114743397e-14,0
775.8,-0.03,0.005,1.16620673117e-13,0
775.8,-0.025,4.16333634234e-19,9.73891324156e-14,0
775.8,-0.025,0.005,1.12389879888e-13,0
775.8,-0.03,0.01,1.24291664698e-13,0
775.8,-0.03,0.015,1.14430173556e-13,0
775.8,-0.025,0.01,1.15420903394e-13,0
775.8,-0.025,0.015,1.05826105056e-13,0
775.8,-0.03,0.02,8.6871395672e-14,0
775.8,-0.03,0.025,4.61513286937e-14,0
775.8,-0.025,0.02,8.07794799832e-14,0
775.8,-0.025,0.025,4.16669585346e-14,0
775.8,-0.03,0.03,1.98013679811e-15,0
775.8,-0.03,0.035,-3.92079896837e-14,0
775.8,-0.025,0.03,-1.30957770493e-15,0
775.8,-0.025,0.035,-4.19059531036e-14,0
775.8,-0.03,0.04,-7.0506081323e-14,0
775.8,-0.03,0.045,-8.62500721454e-14,0
775.8,-0.025,0.04,-7.26795056326e-14,0
775.8,-0.025,0.045,-8.61608996407e-14,0
775.8,-0.03,0.05,-8.19492618645e-14,0
775.8,-0.03,0.055,-5.49836457888e-14,0
775.8,-0.025,0.05,-7.71538714718e-14,0
775.8,-0.025,0.055,-4.29951205526e-14,0
775.8,-0.03,0.06,-1.01813987697e-14,0
775.8,-0.03,0.065,4.51605703387e-14,0
775.8,-0.025,0.06,9.37212351053e-15,0
775.8,-0.025,0.065,7.33872061463e-14,0
775.8,-0.03,0.07,1.07484822594e-13,0
775.8,-0.03,0.075,1.72843341493e-13,0
775.8,-0.025,0.07,1.44501802095e-13,0
775.8,-0.025,0.075,2.17379074872e-13,0
775.8,-0.02,-0.075,2.18249692649e-13,0
775.8,-0.02,-0.07,1.62095488005e-13,0
775.8,-0.015,-0.075,1.93477548921e-13,0
775.8,-0.015,-0.07,1.44550804344e-13,0
775.8,-0.02,-0.065,1.11212532817e-13,0
775.8,-0.015,-0.065,1.00887255652e-13,0
775.8,-0.02,-0.06,6.35302037206e-14,0
775.8,-0.015,-0.06,6.10556088613e-14,0
775.8,-0.02,-0.055,2.22437646289e-14,0
775.8,-0.015,-0.055,2.78185508536e-14,0
775.8,-0.02,-0.05,-8.41832437756e-15,0
775.8,-0.015,-0.05,5.25196916183e-15,0
775.8,-0.02,-0.045,-2.59414612061e-14,0
775.8,-0.015,-0.045,-7.20452119848e-15,0
775.8,-0.02,-0.04,-3.19151903963e-14,0
775.8,-0.015,-0.04,-1.11540369438e-14,0
775.8,-0.02,-0.035,-3.08612338316e-14,0
775.8,-0.015,-0.035,-8.53302023163e-15,0
775.8,-0.02,-0.03,-2.29137407905e-14,0
775.8,-0.02,-0.025,-8.94105113791e-15,0
775.8,-0.015,-0.03,-1.72070113737e-16,0
775.8,-0.015,-0.025,1.29713559091e-14,0
775.8,-0.02,-0.02,1.00211827995e-14,0
775.8,-0.02,-0.015,3.20148205381e-14,0
775.8,-0.015,-0.02,2.88550748122e-14,0
775.8,-0.015,-0.015,4.45285516736e-14,0
775.8,-0.02,-0.01,5.47007167102e-14,0
775.8,-0.015,-0.01,5.64406818936e-14,0
775.8,-0.02,-0.005,7.505350118e-14,0
775.8,-0.015,-0.005,6.59651853584e-14,0
775.8,-0.02,0,9.09837193712e-14,0
775.8,-0.015,4.16333634234e-19,7.410145256e-14,0
775.8,-0.02,0.005,9.99317473064e-14,0
775.8,-0.015,0.005,8.00210715245e-14,0
775.8,-0.02,0.01,1.00589512308e-13,0
775.8,-0.02,0.015,9.27700040756e-14,0
775.8,-0.015,0.01,8.22485836934e-14,0
775.8,-0.015,0.015,7.83866230212e-14,0
775.8,-0.02,0.02,7.1022700481e-14,0
775.8,-0.02,0.025,3.47760022678e-14,0
775.8,-0.015,0.02,6.083055251e-14,0
775.8,-0.015,0.025,2.76884972105e-14,0
775.8,-0.02,0.03,-6.75311231661e-15,0
775.8,-0.02,0.035,-4.70088022616e-14,0
775.8,-0.015,0.03,-1.29337644766e-14,0
775.8,-0.015,0.035,-5.37278315458e-14,0
775.8,-0.02,0.04,-7.76576589824e-14,0
775.8,-0.02,0.045,-8.88346354332e-14,0
775.8,-0.015,0.04,-8.55735917276e-14,0
775.8,-0.015,0.045,-9.48688979495e-14,0
775.8,-0.02,0.05,-7.59428223361e-14,0
775.8,-0.02,0.055,-3.90350123091e-14,0
775.8,-0.015,0.05,-7.94677894466e-14,0
775.8,-0.015,0.055,-4.36045058645e-14,0
775.8,-0.02,0.06,1.98739328222e-14,0
775.8,-0.02,0.065,9.4120816372e-14,0
775.8,-0.015,0.06,1.98238165883e-14,0
775.8,-0.015,0.065,1.02355669774e-13,0
775.8,-0.02,0.07,1.75106268264e-13,0
775.8,-0.02,0.075,2.59416977508e-13,0
775.8,-0.015,0.07,1.90111676986e-13,0
775.8,-0.015,0.075,2.81952634093e-13,0
775.8,-0.01,-0.075,1.43543207013e-13,0
775.8,-0.01,-0.07,1.06684603733e-13,0
775.8,-0.005,-0.075,7.25107193475e-14,0
775.8,-0.005,-0.07,5.16708220821e-14,0
775.8,-0.01,-0.065,7.43699195333e-14,0
775.8,-0.005,-0.065,3.41944002375e-14,0
775.8,-0.01,-0.06,4.55179486534e-14,0
775.8,-0.005,-0.06,1.98308651705e-14,0
775.8,-0.01,-0.055,2.34212475227e-14,0
775.8,-0.005,-0.055,1.06171744402e-14,0
775.8,-0.01,-0.05,1.08456955561e-14,0
775.8,-0.005,-0.05,9.23573886511e-15,0
775.8,-0.01,-0.045,5.70149374094e-15,0
775.8,-0.005,-0.045,1.23060489447e-14,0
775.8,-0.01,-0.04,6.76310270603e-15,0
775.8,-0.005,-0.04,1.96607549407e-14,0
775.8,-0.01,-0.035,1.28255779173e-14,0
775.8,-0.005,-0.035,3.04609401624e-14,0
775.8,-0.01,-0.03,2.26185657459e-14,0
775.8,-0.005,-0.03,4.28045069482e-14,0
775.8,-0.01,-0.025,3.49158954966e-14,0
775.8,-0.005,-0.025,5.49381960579e-14,0
775.8,-0.01,-0.02,4.66591214471e-14,0
775.8,-0.01,-0.015,5.28918953212e-14,0
775.8,-0.005,-0.02,6.23014272066e-14,0
775.8,-0.005,-0.015,5.92444274892e-14,0
775.8,-0.0117873230072,-0.0115873794689,5.33461151442e-14,0
775.8,-0.00939961996336,-0.005,4.7415333862e-14,0
775.8,-0.00792797428371,-0.00964253216809,4.950654147e-14,0
775.8,-0.005,-0.00939961996336,4.5744928224e-14,0
775.8,-0.0108753492546,-0.00150606400588,5.37117568227e-14,0
775.8,-0.00818101620308,-0.00211452602544,3.98150834741e-14,0
775.8,-0.00651817360753,-0.000255934956239,2.80077188569e-14,0
775.8,-0.005,6.71033969428e-08,1.14902457741e-14,0
775.8,-0.0107292118043,0.00160660295843,5.54793027296e-14,0
775.8,-0.0080188992252,0.000768320427092,3.90444120185e-14,0
775.8,-0.00939946851065,0.005,5.34193291356e-14,0
775.8,-0.00802129342231,0.00264911934363,4.17004599927e-14,0
775.8,-0.00887989370213,0.00887989479405,5.81071935224e-14,0
775.8,-0.01,0.015,6.47758231458e-14,0
775.8,-0.005,0.00939947397025,4.76035900466e-14,0
775.8,-0.005,0.015,5.56768014941e-14,0
775.8,-0.01,0.02,5.17505838098e-14,0
775.8,-0.01,0.025,2.18691816393e-14,0
775.8,-0.005,0.02,4.68792113465e-14,0
775.8,-0.005,0.025,1.90654217312e-14,0
775.8,-0.01,0.03,-1.80304227578e-14,0
775.8,-0.01,0.035,-6.03224072822e-14,0
775.8,-0.005,0.03,-2.05410990854e-14,0
775.8,-0.005,0.035,-6.39206979615e-14,0
775.8,-0.01,0.04,-9.42847933027e-14,0
775.8,-0.01,0.045,-1.02819121472e-13,0
775.8,-0.005,0.04,-9.98104439358e-14,0
775.8,-0.005,0.045,-1.08696958189e-13,0
775.8,-0.01,0.05,-8.6518755617e-14,0
775.8,-0.01,0.055,-5.52670962607e-14,0
775.8,-0.005,0.05,-9.41353963908e-14,0
775.8,-0.005,0.055,-6.65230388123e-14,0
775.8,-0.01,0.06,7.78758086499e-15,0
775.8,-0.01,0.065,9.3898393984e-14,0
775.8,-0.005,0.06,-1.24021243939e-14,0
775.8,-0.005,0.065,6.53788044719e-14,0
775.8,-0.01,0.07,1.81570818117e-13,0
775.8,-0.01,0.075,2.73627373328e-13,0
775.8,-0.005,0.07,1.47128423541e-13,0
775.8,-0.005,0.075,2.30697972409e-13,0
775.8,0,-0.075,-1.05892865447e-14,0
775.8,0,-0.07,-1.24929820945e-14,0
775.8,0.005,-0.075,-8.81659150692e-14,0
775.8,0.005,-0.07,-7.24058319173e-14,0
775.8,0,-0.065,-1.45827249928e-14,0
775.8,0.005,-0.065,-5.95904753955e-14,0
775.8,0,-0.06,-1.27794621575e-14,0
775.8,0.005,-0.06,-4.36271249539e-14,0
775.8,0,-0.055,-5.97088192885e-15,0
775.8,0.005,-0.055,-2.38710096133e-14,0
775.8,0,-0.05,2.81107046144e-15,0
775.8,0.005,-0.05,-5.89350479473e-15,0
775.8,0,-0.045,1.37093938251e-14,0
775.8,0.005,-0.045,1.21127123407e-14,0
775.8,0,-0.04,2.69677742959e-14,0
775.8,0.005,-0.04,3.07181968245e-14,0
775.8,0,-0.035,4.20216182962e-14,0
775.8,0.005,-0.035,4.89423286314e-14,0
775.8,0,-0.03,5.76278696986e-14,0
775.8,0.005,-0.03,6.60715084388e-14,0
775.8,0,-0.025,7.02462429768e-14,0
775.8,0.005,-0.025,7.7136402236e-14,0
775.8,0,-0.02,7.37949733734e-14,0
775.8,0.005,-0.02,7.69626817821e-14,0
775.8,0,-0.015,6.39079074575e-14,0
775.8,0.005,-0.015,6.4071625049e-14,0
775.8,-0.0021196717084,-0.00776771017156,3.67952891981e-14,0
775.8,-0.00084550708518,-0.00631514607954,2.6316365114e-14,0
775.8,6.71033969406e-08,-0.005,1.16535135163e-14,0
775.8,-0.00139054260708,-0.0110960807567,5.06275340703e-14,0
775.8,0.00132468676756,-0.00775008274642,3.66607901056e-14,0
775.8,0.00160394440688,-0.0116908851489,5.32809404531e-14,0
775.8,0.005,-0.00939946851065,4.50712049986e-14,0
775.8,0.005,0.005,2.84247750778e-14,0
775.8,-0.000107646311398,0.00617659695633,2.68133112629e-14,0
775.8,-0.00190846935279,0.0076427502668,3.77445780867e-14,0
775.8,0.00131146485568,0.00777290068297,3.7912010844e-14,0
775.8,0.00295884413402,0.00640276348073,3.09479792105e-14,0
775.8,-1.21517769428e-05,0.0108932602996,4.89911750824e-14,0
775.8,0,0.015,5.62770837814e-14,0
775.8,0.005,0.00939942566771,4.65553916494e-14,0
775.8,0.005,0.015,6.0700309789e-14,0
775.8,0,0.02,5.00149323356e-14,0
775.8,0,0.025,2.34270088556e-14,0
775.8,0.005,0.02,5.72485544888e-14,0
775.8,0.005,0.025,3.29892699183e-14,0
775.8,0,0.03,-1.53442812981e-14,0
775.8,0,0.035,-5.81995561809e-14,0
775.8,0.005,0.03,-1.18655765915e-15,0
775.8,0.005,0.035,-3.91160383982e-14,0
775.8,0,0.04,-9.4601394002e-14,0
775.8,0,0.045,-1.06715012769e-13,0
775.8,0.005,0.04,-7.50597800362e-14,0
775.8,0.005,0.045,-9.17278849702e-14,0
775.8,0,0.05,-9.72549486508e-14,0
775.8,0,0.055,-7.73372884016e-14,0
775.8,0.005,0.05,-9.08203718403e-14,0
775.8,0.005,0.055,-8.27226351487e-14,0
775.8,0,0.06,-3.53137155409e-14,0
775.8,0,0.065,2.77916531442e-14,0
775.8,0.005,0.06,-5.59189393565e-14,0
775.8,0.005,0.065,-9.90652837998e-15,0
775.8,0,0.07,9.7258482114e-14,0
775.8,0,0.075,1.6767670857e-13,0
775.8,0.005,0.07,4.27137509701e-14,0
775.8,0.005,0.075,9.5307151762e-14,0
775.8,0.01,-0.075,-1.46082692195e-13,0
775.8,0.01,-0.07,-1.1773750046e-13,0
775.8,0.015,-0.075,-1.8304497832e-13,0
775.8,0.015,-0.07,-1.46700933091e-13,0
775.8,0.01,-0.065,-9.228356689e-14,0
775.8,0.015,-0.065,-1.14301912937e-13,0
775.8,0.01,-0.06,-6.6817049324e-14,0
775.8,0.015,-0.06,-8.31488962787e-14,0
775.8,0.01,-0.055,-4.10820502781e-14,0
775.8,0.015,-0.055,-5.24347587263e-14,0
775.8,0.01,-0.05,-1.54992479458e-14,0
775.8,0.015,-0.05,-2.152151586e-14,0
775.8,0.01,-0.045,9.08762989414e-15,0
775.8,0.015,-0.045,6.73414981241e-15,0
775.8,0.01,-0.04,3.1645483209e-14,0
775.8,0.015,-0.04,2.9635688596e-14,0
775.8,0.01,-0.035,5.09799508396e-14,0
775.8,0.015,-0.035,4.55230049538e-14,0
775.8,0.01,-0.03,6.52247752365e-14,0
775.8,0.015,-0.03,5.2586241746e-14,0
775.8,0.01,-0.025,7.17907721537e-14,0
775.8,0.015,-0.025,5.36250467825e-14,0
775.8,0.01,-0.02,6.884156993e-14,0
775.8,0.01,-0.015,5.73686678691e-14,0
775.8,0.015,-0.02,5.0053403464e-14,0
775.8,0.015,-0.015,4.22147542826e-14,0
775.8,0.00999280436795,-0.0116358337096,4.87141388632e-14,0
775.8,0.0105889214373,-0.00845762197625,4.08423004614e-14,0
775.8,0.015,-0.01,3.48200187529e-14,0
775.8,0.00939947397025,-0.005,3.51410988407e-14,0
775.8,0.015,-0.005,3.14525041423e-14,0
775.8,0.00658051136513,-0.00296146438142,2.70228297644e-14,0
775.8,0.00636794669772,-3.54305826484e-06,2.24617624892e-14,0
775.8,0.00795807888052,-0.00113999998936,2.87448774722e-14,0
775.8,0.00758147027913,0.00183630393596,2.89708899614e-14,0
775.8,0.0112534647756,-1.47536350887e-07,3.47033471152e-14,0
775.8,0.015,4.16333634234e-19,3.40980714465e-14,0
775.8,0.00939942566771,0.005,3.9485583685e-14,0
775.8,0.015,0.005,4.2353626716e-14,0
775.8,0.00999018807453,0.0109670628501,5.56897323174e-14,0
775.8,0.01,0.015,6.44435266771e-14,0
775.8,0.015,0.01,5.43017734216e-14,0
775.8,0.015,0.015,6.5181092593e-14,0
775.8,0.01,0.02,6.392814963e-14,0
775.8,0.01,0.025,4.48404128389e-14,0
775.8,0.015,0.02,6.75090279481e-14,0
775.8,0.015,0.025,5.49128574129e-14,0
775.8,0.01,0.03,1.52904050583e-14,0
775.8,0.01,0.035,-1.78764061987e-14,0
775.8,0.015,0.03,3.1801267922e-14,0
775.8,0.015,0.035,4.41223242953e-15,0
775.8,0.01,0.04,-5.09104587292e-14,0
775.8,0.01,0.045,-7.12533730526e-14,0
775.8,0.015,0.04,-2.4363066085e-14,0
775.8,0.015,0.045,-4.76032832479e-14,0
775.8,0.01,0.05,-7.73613105555e-14,0
775.8,0.01,0.055,-7.82577194823e-14,0
775.8,0.015,0.05,-6.04978939168e-14,0
775.8,0.015,0.055,-6.76838004392e-14,0
775.8,0.01,0.06,-6.62910107022e-14,0
775.8,0.01,0.065,-3.85941531566e-14,0
775.8,0.015,0.06,-6.59716115194e-14,0
775.8,0.015,0.065,-5.18635814896e-14,0
775.8,0.01,0.07,-6.49868776766e-15,0
775.8,0.01,0.075,2.28561089268e-14,0
775.8,0.015,0.07,-3.66401985684e-14,0
775.8,0.015,0.075,-2.53398720156e-14,0
775.8,0.02,-0.075,-1.93375042802e-13,0
775.8,0.02,-0.07,-1.53223816165e-13,0
775.8,0.025,-0.075,-1.71536359354e-13,0
775.8,0.025,-0.07,-1.33093705725e-13,0
775.8,0.02,-0.065,-1.18194318893e-13,0
775.8,0.025,-0.065,-9.89491072066e-14,0
775.8,0.02,-0.06,-8.42396455177e-14,0
775.8,0.025,-0.06,-6.59402410246e-14,0
775.8,0.02,-0.055,-5.06712496236e-14,0
775.8,0.025,-0.055,-3.34924708679e-14,0
775.8,0.02,-0.05,-1.82522208871e-14,0
775.8,0.025,-0.05,-4.20669985211e-15,0
775.8,0.02,-0.045,8.688711976e-15,0
775.8,0.025,-0.045,1.68528485696e-14,0
775.8,0.02,-0.04,2.66144948652e-14,0
775.8,0.025,-0.04,2.60622116518e-14,0
775.8,0.02,-0.035,3.51873500475e-14,0
775.8,0.025,-0.035,2.61597270889e-14,0
775.8,0.02,-0.03,3.58453240759e-14,0
775.8,0.025,-0.03,1.96769451365e-14,0
775.8,0.02,-0.025,3.18427056025e-14,0
775.8,0.025,-0.025,8.4640257606e-15,0
775.8,0.02,-0.02,2.50423312975e-14,0
775.8,0.025,-0.02,-4.06228097079e-15,0
775.8,0.02,-0.015,1.87336188679e-14,0
775.8,0.025,-0.015,-1.11561281445e-14,0
775.8,0.02,-0.01,1.62408142014e-14,0
775.8,0.025,-0.01,-9.40400996395e-15,0
775.8,0.02,-0.005,1.78402083112e-14,0
775.8,0.025,-0.005,-3.41878615311e-15,0
775.8,0.02,0,2.39639331419e-14,0
775.8,0.025,4.16333634234e-19,5.90024039016e-15,0
775.8,0.02,0.005,3.45030642014e-14,0
775.8,0.025,0.005,1.88284756878e-14,0
775.8,0.02,0.01,4.84260107276e-14,0
775.8,0.025,0.01,3.52738467497e-14,0
775.8,0.02,0.015,6.1406605647e-14,0
775.8,0.025,0.015,5.23928423856e-14,0
775.8,0.02,0.02,6.70586444764e-14,0
775.8,0.02,0.025,6.09645994143e-14,0
775.8,0.025,0.02,6.36769243025e-14,0
775.8,0.025,0.025,6.29874550543e-14,0
775.8,0.02,0.03,4.57661228917e-14,0
775.8,0.02,0.035,2.58463032682e-14,0
775.8,0.025,0.03,5.49562805522e-14,0
775.8,0.025,0.035,4.33400827857e-14,0
775.8,0.02,0.04,2.69987167131e-15,0
775.8,0.02,0.045,-1.98373328399e-14,0
775.8,0.025,0.04,2.7256218792e-14,0
775.8,0.025,0.045,8.04125593486e-15,0
775.8,0.02,0.05,-3.80840165958e-14,0
775.8,0.02,0.055,-5.17207504027e-14,0
775.8,0.025,0.05,-1.15283015572e-14,0
775.8,0.025,0.055,-2.97084703786e-14,0
775.8,0.02,0.06,-5.82690321102e-14,0
775.8,0.02,0.065,-5.47815598245e-14,0
775.8,0.025,0.06,-4.37117268512e-14,0
775.8,0.025,0.065,-4.97352754171e-14,0
775.8,0.02,0.07,-4.82079836043e-14,0
775.8,0.02,0.075,-4.4397084253e-14,0
775.8,0.025,0.07,-5.06703675233e-14,0
775.8,0.025,0.075,-5.30530794836e-14,0
775.8,0.03,-0.075,-1.26584779188e-13,0
775.8,0.03,-0.07,-9.26603685402e-14,0
775.8,0.035,-0.075,-6.81758677622e-14,0
775.8,0.035,-0.07,-4.10331783147e-14,0
775.8,0.03,-0.065,-6.1903855575e-14,0
775.8,0.035,-0.065,-1.53783852975e-14,0
775.8,0.03,-0.06,-3.26325576753e-14,0
775.8,0.035,-0.06,8.38581607315e-15,0
775.8,0.03,-0.055,-5.10556994864e-15,0
775.8,0.035,-0.055,2.94770209187e-14,0
775.8,0.03,-0.05,1.73173500939e-14,0
775.8,0.035,-0.05,4.3891622706e-14,0
775.8,0.03,-0.045,2.92905889658e-14,0
775.8,0.035,-0.045,4.59359298357e-14,0
775.8,0.03,-0.04,2.98979816738e-14,0
775.8,0.035,-0.04,3.78389137097e-14,0
775.8,0.03,-0.035,2.17762362448e-14,0
775.8,0.035,-0.035,2.02913850618e-14,0
775.8,0.03,-0.03,5.73759958572e-15,0
775.8,0.035,-0.03,-6.03476184076e-15,0
775.8,0.03,-0.025,-1.46078831761e-14,0
775.8,0.035,-0.025,-3.52308209702e-14,0
775.8,0.03,-0.02,-3.46883146476e-14,0
775.8,0.035,-0.02,-6.2470771028e-14,0
775.8,0.03,-0.015,-4.27244067506e-14,0
775.8,0.035,-0.015,-7.34111479486e-14,0
775.8,0.03,-0.01,-3.89646682973e-14,0
775.8,0.035,-0.01,-6.98713129832e-14,0
775.8,0.03,-0.005,-3.07459523564e-14,0
775.8,0.035,-0.005,-6.01499555042e-14,0
775.8,0.03,0,-1.84635854185e-14,0
775.8,0.035,4.16333634234e-19,-4.56245770546e-14,0
775.8,0.03,0.005,-2.81541045345e-15,0
775.8,0.035,0.005,-2.7986915891e-14,0
775.8,0.03,0.01,1.60046916414e-14,0
775.8,0.035,0.01,-6.57911889362e-15,0
775.8,0.03,0.015,3.60596619656e-14,0
775.8,0.035,0.015,1.57933777598e-14,0
775.8,0.03,0.02,5.302350997e-14,0
775.8,0.035,0.02,3.5349725549e-14,0
775.8,0.03,0.025,5.94166265802e-14,0
775.8,0.035,0.025,4.82746788508e-14,0
775.8,0.03,0.03,5.78489560409e-14,0
775.8,0.03,0.035,5.38808833069e-14,0
775.8,0.035,0.03,5.38387253416e-14,0
775.8,0.035,0.035,5.60092341104e-14,0
775.8,0.03,0.04,4.58134721009e-14,0
775.8,0.03,0.045,3.23893981696e-14,0
775.8,0.035,0.04,5.51127215738e-14,0
775.8,0.035,0.045,5.03098668142e-14,0
775.8,0.03,0.05,1.40680206281e-14,0
775.8,0.03,0.055,-5.81771438923e-15,0
775.8,0.035,0.05,3.64230097549e-14,0
775.8,0.035,0.055,1.63910248035e-14,0
775.8,0.03,0.06,-2.40426372257e-14,0
775.8,0.03,0.065,-3.66537248279e-14,0
775.8,0.035,0.06,-3.03551804059e-15,0
775.8,0.035,0.065,-1.87345325687e-14,0
775.8,0.03,0.07,-4.41921065862e-14,0
775.8,0.03,0.075,-5.21348956474e-14,0
775.8,0.035,0.07,-3.04252558865e-14,0
775.8,0.035,0.075,-4.15311623874e-14,0
775.8,0.04,-0.075,-9.99719640689e-16,0
775.8,0.04,-0.07,1.43920527263e-14,0
775.8,0.045,-0.075,5.41415996125e-14,0
775.8,0.045,-0.07,5.94934208113e-14,0
775.8,0.04,-0.065,3.13713737677e-14,0
775.8,0.045,-0.065,6.87239145619e-14,0
775.8,0.04,-0.06,4.84195461931e-14,0
775.8,0.045,-0.06,8.0184560962e-14,0
775.8,0.04,-0.055,6.45563713381e-14,0
775.8,0.045,-0.055,9.2101743005e-14,0
775.8,0.04,-0.05,7.28835717564e-14,0
775.8,0.045,-0.05,9.61090682671e-14,0
775.8,0.04,-0.045,6.79193238183e-14,0
775.8,0.045,-0.045,8.26206110072e-14,0
775.8,0.04,-0.04,4.85334135781e-14,0
775.8,0.045,-0.04,5.31695415751e-14,0
775.8,0.04,-0.035,1.8080032422e-14,0
775.8,0.045,-0.035,1.55982702287e-14,0
775.8,0.04,-0.03,-1.59221404183e-14,0
775.8,0.045,-0.03,-2.29395983215e-14,0
775.8,0.04,-0.025,-5.1409322602e-14,0
775.8,0.045,-0.025,-6.20916047405e-14,0
775.8,0.04,-0.02,-8.33870073843e-14,0
775.8,0.045,-0.02,-9.69585259419e-14,0
775.8,0.04,-0.015,-9.84547111434e-14,0
775.8,0.045,-0.015,-1.11275872959e-13,0
775.8,0.04,-0.01,-9.66565113939e-14,0
775.8,0.045,-0.01,-1.09570471291e-13,0
775.8,0.04,-0.005,-8.62170783579e-14,0
775.8,0.045,-0.005,-1.02260360173e-13,0
775.8,0.04,0,-7.05876789884e-14,0
775.8,0.045,4.16333634234e-19,-8.92968566551e-14,0
775.8,0.04,0.005,-5.25301680436e-14,0
775.8,0.045,0.005,-7.20748148133e-14,0
775.8,0.04,0.01,-2.92633505305e-14,0
775.8,0.045,0.01,-4.86446039714e-14,0
775.8,0.04,0.015,-3.95232890038e-15,0
775.8,0.045,0.015,-2.21917956306e-14,0
775.8,0.04,0.02,1.72105840209e-14,0
775.8,0.045,0.02,1.57124266084e-16,0
775.8,0.04,0.025,3.35184537735e-14,0
775.8,0.045,0.025,1.82169590384e-14,0
775.8,0.04,0.03,4.45145418144e-14,0
775.8,0.045,0.03,3.21215416287e-14,0
775.8,0.04,0.035,5.1967214029e-14,0
775.8,0.045,0.035,4.3976715056e-14,0
775.8,0.04,0.04,5.61816039949e-14,0
775.8,0.04,0.045,5.78772759967e-14,0
775.8,0.045,0.04,5.33381749997e-14,0
775.8,0.045,0.045,5.89084209994e-14,0
775.8,0.04,0.05,5.1128635624e-14,0
775.8,0.04,0.055,3.35847153284e-14,0
775.8,0.045,0.05,5.7294123091e-14,0
775.8,0.045,0.055,4.47500418372e-14,0
775.8,0.04,0.06,1.54660597399e-14,0
775.8,0.04,0.065,-2.67575439601e-16,0
775.8,0.045,0.06,2.98385657297e-14,0
775.8,0.045,0.065,1.61533723768e-14,0
775.8,0.04,0.07,-1.32905958587e-14,0
775.8,0.04,0.075,-2.52764090512e-14,0
775.8,0.045,0.07,3.93960072223e-15,0
775.8,0.045,0.075,-7.14638827296e-15,0
775.8,0.05,-0.075,8.81153620712e-14,0
775.8,0.05,-0.07,8.88161387761e-14,0
775.8,0.055,-0.075,1.11534089702e-13,0
775.8,0.055,-0.07,1.07223500343e-13,0
775.8,0.05,-0.065,9.35586665448e-14,0
775.8,0.055,-0.065,1.07773179087e-13,0
775.8,0.05,-0.06,1.00684469228e-13,0
775.8,0.055,-0.06,1.10606808075e-13,0
775.8,0.05,-0.055,1.08704671569e-13,0
775.8,0.055,-0.055,1.12529914245e-13,0
775.8,0.05,-0.05,1.06004773805e-13,0
775.8,0.055,-0.05,9.80319919826e-14,0
775.8,0.05,-0.045,8.25345113577e-14,0
775.8,0.055,-0.045,6.68440706142e-14,0
775.8,0.05,-0.04,4.91786427933e-14,0
775.8,0.055,-0.04,3.6656174092e-14,0
775.8,0.05,-0.035,1.29605392152e-14,0
775.8,0.055,-0.035,8.25845907214e-15,0
775.8,0.05,-0.03,-2.53369767611e-14,0
775.8,0.055,-0.03,-2.26394725494e-14,0
775.8,0.05,-0.025,-6.40613220981e-14,0
775.8,0.055,-0.025,-5.24706701339e-14,0
775.8,0.05,-0.02,-9.65283578672e-14,0
775.8,0.055,-0.02,-7.44169417157e-14,0
775.8,0.05,-0.015,-1.07774702339e-13,0
775.8,0.055,-0.015,-8.59316400066e-14,0
775.8,0.05,-0.01,-1.05831225282e-13,0
775.8,0.055,-0.01,-8.78707499181e-14,0
775.8,0.05,-0.005,-1.023032555e-13,0
775.8,0.055,-0.005,-8.56991294666e-14,0
775.8,0.05,0,-9.39975668444e-14,0
775.8,0.055,4.16333634234e-19,-7.95979741558e-14,0
775.8,0.05,0.005,-7.9818020099e-14,0
775.8,0.055,0.005,-6.87815653488e-14,0
775.8,0.05,0.01,-5.93181147406e-14,0
775.8,0.055,0.01,-5.48377340614e-14,0
775.8,0.05,0.015,-3.55219836593e-14,0
775.8,0.055,0.015,-3.90076505512e-14,0
775.8,0.05,0.02,-1.4580583197e-14,0
775.8,0.055,0.02,-2.43013541055e-14,0
775.8,0.05,0.025,2.91021166746e-15,0
775.8,0.055,0.025,-1.15170269814e-14,0
775.8,0.05,0.03,1.71295753736e-14,0
775.8,0.055,0.03,6.1490712476e-16,0
775.8,0.05,0.035,3.04567304995e-14,0
775.8,0.055,0.035,1.24461254078e-14,0
775.8,0.05,0.04,4.30566254575e-14,0
775.8,0.055,0.04,2.42654375358e-14,0
775.8,0.05,0.045,5.22455650596e-14,0
775.8,0.055,0.045,3.48963693435e-14,0
775.8,0.05,0.05,5.43736939322e-14,0
775.8,0.05,0.055,4.72653453747e-14,0
775.8,0.055,0.05,4.08393000433e-14,0
775.8,0.055,0.055,3.84696013492e-14,0
775.8,0.05,0.06,3.70163166829e-14,0
775.8,0.05,0.065,2.75494558534e-14,0
775.8,0.055,0.06,3.39411171436e-14,0
775.8,0.055,0.065,3.08808093251e-14,0
775.8,0.05,0.07,1.84445938668e-14,0
775.8,0.05,0.075,1.03259365236e-14,0
775.8,0.055,0.07,2.77549859339e-14,0
775.8,0.055,0.075,2.38529021435e-14,0
775.8,0.06,-0.075,1.09641573397e-13,0
775.8,0.06,-0.07,9.28037032117e-14,0
775.8,0.065,-0.075,6.3631197947e-14,0
775.8,0.065,-0.07,3.35822474263e-14,0
775.8,0.06,-0.065,8.53257124964e-14,0
775.8,0.065,-0.065,8.96655029597e-15,0
775.8,0.06,-0.06,7.99454212249e-14,0
775.8,0.065,-0.06,-8.02955866127e-15,0
775.8,0.06,-0.055,7.29883023187e-14,0
775.8,0.065,-0.055,-2.0412807675e-14,0
775.8,0.06,-0.05,5.5604677266e-14,0
775.8,0.065,-0.05,-2.45688664136e-14,0
775.8,0.06,-0.045,3.13564847589e-14,0
775.8,0.065,-0.045,-2.20082420546e-14,0
775.8,0.06,-0.04,1.25673747272e-14,0
775.8,0.065,-0.04,-2.12041152641e-14,0
775.8,0.06,-0.035,-2.11335217528e-15,0
775.8,0.065,-0.035,-1.59126072487e-14,0
775.8,0.06,-0.03,-1.34749372721e-14,0
775.8,0.065,-0.03,2.44120983603e-15,0
775.8,0.06,-0.025,-2.11835843967e-14,0
775.8,0.065,-0.025,2.33443130127e-14,0
775.8,0.06,-0.02,-2.77093359609e-14,0
775.8,0.065,-0.02,3.4903252697e-14,0
775.8,0.06,-0.015,-3.54434249772e-14,0
775.8,0.065,-0.015,3.7231029742e-14,0
775.8,0.06,-0.01,-4.0909408297e-14,0
775.8,0.065,-0.01,3.14063826849e-14,0
775.8,0.06,-0.005,-4.30665803967e-14,0
775.8,0.065,-0.005,2.29492970936e-14,0
775.8,0.06,0,-4.29832945245e-14,0
775.8,0.065,4.16333634234e-19,1.2754707931e-14,0
775.8,0.06,0.005,-4.05528272141e-14,0
775.8,0.065,0.005,1.83241689875e-15,0
775.8,0.06,0.01,-3.61133498558e-14,0
775.8,0.065,0.01,-7.17676380275e-15,0
775.8,0.06,0.015,-3.13064707579e-14,0
775.8,0.065,0.015,-1.52382478321e-14,0
775.8,0.06,0.02,-2.68829507787e-14,0
775.8,0.065,0.02,-2.2780714563e-14,0
775.8,0.06,0.025,-2.25345260664e-14,0
775.8,0.065,0.025,-2.89328595174e-14,0
775.8,0.06,0.03,-1.70111200008e-14,0
775.8,0.065,0.03,-3.27022539178e-14,0
775.8,0.06,0.035,-1.06423705421e-14,0
775.8,0.065,0.035,-3.45028135036e-14,0
775.8,0.06,0.04,-2.29112166964e-15,0
775.8,0.065,0.04,-3.22537114218e-14,0
775.8,0.06,0.045,7.95971927177e-15,0
775.8,0.065,0.045,-2.49840280604e-14,0
775.8,0.06,0.05,1.74823147245e-14,0
775.8,0.065,0.05,-1.29506212971e-14,0
775.8,0.06,0.055,2.118311395e-14,0
775.8,0.065,0.055,-2.40850965786e-15,0
775.8,0.06,0.06,2.1275114873e-14,0
775.8,0.06,0.065,2.31351809721e-14,0
775.8,0.065,0.06,2.13642909072e-15,0
775.8,0.065,0.065,7.07295057481e-15,0
775.8,0.06,0.07,2.66755663246e-14,0
775.8,0.06,0.075,3.04733991243e-14,0
775.8,0.065,0.07,1.38729732793e-14,0
775.8,0.065,0.075,2.23965382796e-14,0
775.8,0.07,-0.075,-2.91925847903e-14,0
775.8,0.07,-0.07,-7.02173522481e-14,0
775.8,0.075,-0.075,-1.52732809323e-13,0
775.8,0.075,-0.07,-1.94384008448e-13,0
775.8,0.07,-0.065,-1.03387854733e-13,0
775.8,0.075,-0.065,-2.23531945231e-13,0
775.8,0.07,-0.06,-1.22239037632e-13,0
775.8,0.075,-0.06,-2.4125614522e-13,0
775.8,0.07,-0.055,-1.35622343286e-13,0
775.8,0.075,-0.055,-2.54762787816e-13,0
775.8,0.07,-0.05,-1.2919469531e-13,0
775.8,0.075,-0.05,-2.41220201697e-13,0
775.8,0.07,-0.045,-1.00549196571e-13,0
775.8,0.075,-0.045,-1.88482910753e-13,0
775.8,0.07,-0.04,-6.50797636607e-14,0
775.8,0.075,-0.04,-1.1274557471e-13,0
775.8,0.07,-0.035,-2.39846971753e-14,0
775.8,0.075,-0.035,-3.00493817495e-14,0
775.8,0.07,-0.03,2.27020680753e-14,0
775.8,0.075,-0.03,4.32797116044e-14,0
775.8,0.07,-0.025,6.8798190872e-14,0
775.8,0.075,-0.025,1.12912956724e-13,0
775.8,0.07,-0.02,1.04299821937e-13,0
775.8,0.075,-0.02,1.73371473158e-13,0
775.8,0.07,-0.015,1.15450943155e-13,0
775.8,0.075,-0.015,1.93923944195e-13,0
775.8,0.07,-0.01,1.06853871682e-13,0
775.8,0.075,-0.01,1.82984025623e-13,0
775.8,0.07,-0.005,9.30514757841e-14,0
775.8,0.075,-0.005,1.63811517061e-13,0
775.8,0.07,0,7.44154280824e-14,0
775.8,0.075,0,1.37314792453e-13,0
775.8,0.07,0.005,5.2196385658e-14,0
775.8,0.075,0.005,1.04528235346e-13,0
775.8,0.07,0.01,2.77784295296e-14,0
775.8,0.075,0.01,6.39101088197e-14,0
775.8,0.07,0.015,4.61687785883e-15,0
775.8,0.075,0.015,2.42699895703e-14,0
775.8,0.07,0.02,-1.49231490285e-14,0
775.8,0.075,0.02,-6.67908690575e-15,0
775.8,0.07,0.025,-3.1475719691e-14,0
775.8,0.075,0.025,-3.28768753277e-14,0
775.8,0.07,0.03,-4.48957219825e-14,0
775.8,0.075,0.03,-5.56953910772e-14,0
775.8,0.07,0.035,-5.51793469827e-14,0
775.8,0.075,0.035,-7.37099788805e-14,0
775.8,0.07,0.04,-6.05196767271e-14,0
775.8,0.075,0.04,-8.78218959082e-14,0
775.8,0.07,0.045,-5.86003755961e-14,0
775.8,0.075,0.045,-9.17771488448e-14,0
775.8,0.07,0.05,-4.79073883887e-14,0
775.8,0.075,0.05,-8.35720109077e-14,0
775.8,0.07,0.055,-3.39909573697e-14,0
775.8,0.075,0.055,-6.77288631272e-14,0
775.8,0.07,0.06,-2.41943116488e-14,0
775.8,0.075,0.06,-5.43302518291e-14,0
775.8,0.07,0.065,-1.56869560632e-14,0
775.8,0.075,0.065,-4.2994576796e-14,0
775.8,0.07,0.07,-6.79101720488e-15,0
775.8,0.07,0.075,3.28393049586e-15,0
775.8,0.075,0.07,-3.17666628293e-14,0
775.8,0.075,0.075,-2.0624625277e-14,0
938.7,-0.00382671281566,-0.00202612167119,0,0
938.7,-0.005,-0.005,1.10068683157e-13,0
938.7,-0.00197892066871,-0.00385133392306,0,0
938.7,-0.005,-0.00190753787223,2.76218945631e-14,0
938.7,-0.00433,0,0,0
938.7,-0.00190753787223,-0.005,2.50580666676e-14,0
938.7,0,-0.00433,0,0
938.7,-0.005,0.00190775150599,2.56382142187e-14,0
938.7,-0.00385133392306,0.00197892066871,0,0
938.7,0.00190775150599,-0.005,2.10813708445e-14,0
938.7,0.00202612167119,-0.00382671281566,0,0
938.7,-0.00202612167119,0.00382671281566,0,0
938.7,-0.005,0.005,7.45288402252e-14,0
938.7,-0.0019094272225,0.005,1.56700039288e-14,0
938.7,0,0.00433,0,0
938.7,0.00147766755988,0.00407006125046,0,0
938.7,8.32667268469e-19,0.005,1.0177232422e-14,0
938.7,0.00433,0,0,0
938.7,0.005,1.38777878078e-18,9.57117404804e-15,0
938.7,0.00407006125046,0.00147766755988,0,0
938.7,0.005,-0.005,5.45791925581e-14,0
938.7,0.00385133392306,-0.00197892066871,0,0
938.7,0.005,-0.0019094272225,1.74593752459e-14,0
938.7,0.00306177236254,0.00306177236254,0,0
938.7,0.0019094272225,0.005,1.11541496578e-14,0
938.7,0.005,0.0019094272225,6.08284842935e-15,0
938.7,-0.000885,-0.0015328649647,1.27176322788e-12,0
938.7,-0.0015328649647,-0.000885,1.27188566917e-12,0
938.7,-0.00186450691264,-0.00187567167242,8.43185328851e-13,0
938.7,-0.00177,0,1.27157721531e-12,0
938.7,-0.00268433516245,-0.000738983120158,7.59250700334e-13,0
938.7,0,-0.00177,1.27172465467e-12,0
938.7,-0.000718432264205,-0.00269192408424,7.57544152916e-13,0
938.7,-0.0015328649647,0.000885,1.27007224701e-12,0
938.7,-0.00265321485144,0.000647311733689,7.90039471854e-13,0
938.7,-0.000885,0.0015328649647,1.26844395009e-12,0
938.7,-0.00194719253591,0.00178443766524,8.44111490572e-13,0
938.7,0,0.00177,1.26433642413e-12,0
938.7,-0.000802720381054,0.00273415977115,7.17635663119e-13,0
938.7,0.000885,-0.0015328649647,1.27041300817e-12,0
938.7,0.00075154031863,-0.00270385456952,7.45431728933e-13,0
938.7,0.00177,0,1.2626758496e-12,0
938.7,0.0015328649647,-0.000885,1.26825973954e-12,0
938.7,0.00271471102228,-0.000564731152102,7.61057971343e-13,0
938.7,0.00192394637685,-0.00189207206672,8.10249442515e-13,0
938.7,0.00231817117671,0.00040530921667,9.88097270832e-13,0
938.7,0.0015328649647,0.000885,1.26094137444e-12,0
938.7,0.000885,0.0015328649647,1.26164658597e-12,0
938.7,0.000427053001345,0.00287092483521,6.82318070532e-13,0
938.7,0.00187618296239,0.00184774001435,8.33497288178e-13,0
938.7,0.00312733402203,0.000607809752493,5.19296410008e-13,0
938.7,0.00276214303706,0.00136595635004,5.76967689005e-13,0
938.7,0.0014100336009,0.00268674970267,6.04885290423e-13,0
938.7,-0.075,-0.075,-1.02359408352e-12,0
938.7,-0.07,-0.075,-8.05122678135e-13,0
938.7,-0.075,-0.07,-7.87510524479e-13,0
938.7,-0.07,-0.07,-6.36601266608e-13,0
938.7,-0.075,-0.065,-4.70429052652e-13,0
938.7,-0.07,-0.065,-4.40408533612e-13,0
938.7,-0.065,-0.075,-4.92514158938e-13,0
938.7,-0.065,-0.07,-4.51819594007e-13,0
938.7,-0.065,-0.065,-4.2606990222e-13,0
938.7,-0.075,-0.06,1.92446359631e-14,0
938.7,-0.07,-0.06,-1.64366717458e-13,0
938.7,-0.065,-0.06,-3.58019630229e-13,0
938.7,-0.075,-0.055,6.05019093391e-13,0
938.7,-0.07,-0.055,1.95735079844e-13,0
938.7,-0.065,-0.055,-1.86047429649e-13,0
938.7,-0.075,-0.05,1.13939096731e-12,0
938.7,-0.07,-0.05,5.66797640503e-13,0
938.7,-0.065,-0.05,3.63116303696e-14,0
938.7,-0.075,-0.045,1.59359019657e-12,0
938.7,-0.07,-0.045,9.09890586843e-13,0
938.7,-0.065,-0.045,2.71485200176e-13,0
938.7,-0.075,-0.04,1.91701424553e-12,0
938.7,-0.07,-0.04,1.18665874068e-12,0
938.7,-0.075,-0.035,2.11687046533e-12,0
938.7,-0.07,-0.035,1.36034493127e-12,0
938.7,-0.065,-0.04,5.05560410283e-13,0
938.7,-0.065,-0.035,6.64526605665e-13,0
938.7,-0.075,-0.03,2.12413516588e-12,0
938.7,-0.07,-0.03,1.37012420897e-12,0
938.7,-0.075,-0.025,1.8888446585e-12,0
938.7,-0.07,-0.025,1.18339260392e-12,0
938.7,-0.065,-0.03,6.92767895467e-13,0
938.7,-0.065,-0.025,5.62153050599e-13,0
938.7,-0.075,-0.02,1.47105168799e-12,0
938.7,-0.07,-0.02,8.21383322684e-13,0
938.7,-0.075,-0.015,9.55740893497e-13,0
938.7,-0.07,-0.015,3.42775095339e-13,0
938.7,-0.065,-0.02,2.57160866118e-13,0
938.7,-0.065,-0.015,-1.84314914232e-13,0
938.7,-0.075,-0.01,4.47546023484e-13,0
938.7,-0.07,-0.01,-1.52041345503e-13,0
938.7,-0.075,-0.005,1.74279570979e-13,0
938.7,-0.07,-0.005,-4.6881631486e-13,0
938.7,-0.065,-0.01,-6.73120594368e-13,0
938.7,-0.065,-0.005,-1.08335558699e-12,0
938.7,-0.075,0,1.27040424528e-13,0
938.7,-0.07,0,-5.6282304936e-13,0
938.7,-0.075,0.005,2.3286355603e-13,0
938.7,-0.07,0.005,-5.04824179491e-13,0
938.7,-0.065,4.16333634234e-19,-1.28663725487e-12,0
938.7,-0.065,0.005,-1.29479224387e-12,0
938.7,-0.075,0.01,9.35588250481e-13,0
938.7,-0.07,0.01,4.97428694886e-15,0
938.7,-0.075,0.015,2.05732012939e-12,0
938.7,-0.07,0.015,8.89208244846e-13,0
938.7,-0.065,0.01,-9.31471799057e-13,0
938.7,-0.065,0.015,-2.00281420724e-13,0
938.7,-0.075,0.02,2.97153317584e-12,0
938.7,-0.07,0.02,1.70692313557e-12,0
938.7,-0.075,0.025,3.74733816026e-12,0
938.7,-0.07,0.025,2.37966554751e-12,0
938.7,-0.065,0.02,5.31368097435e-13,0
938.7,-0.065,0.025,1.09170218382e-12,0
938.7,-0.075,0.03,4.08899012471e-12,0
938.7,-0.07,0.03,2.57420764538e-12,0
938.7,-0.075,0.035,3.51755245094e-12,0
938.7,-0.07,0.035,2.10534641465e-12,0
938.7,-0.065,0.03,1.24535081467e-12,0
938.7,-0.065,0.035,9.41370154165e-13,0
938.7,-0.075,0.04,2.02567688433e-12,0
938.7,-0.07,0.04,1.12318392475e-12,0
938.7,-0.075,0.045,5.23055211498e-14,0
938.7,-0.07,0.045,-1.26030084679e-13,0
938.7,-0.065,0.04,3.74017737159e-13,0
938.7,-0.065,0.045,-2.95489692353e-13,0
938.7,-0.075,0.05,-1.73961588749e-12,0
938.7,-0.07,0.05,-1.25230052863e-12,0
938.7,-0.075,0.055,-2.69027791301e-12,0
938.7,-0.07,0.055,-1.79775756913e-12,0
938.7,-0.065,0.05,-8.97533626404e-13,0
938.7,-0.065,0.055,-1.11867185297e-12,0
938.7,-0.075,0.06,-2.65853014004e-12,0
938.7,-0.07,0.06,-1.65794359258e-12,0
938.7,-0.075,0.065,-2.01431220515e-12,0
938.7,-0.07,0.065,-1.01019639553e-12,0
938.7,-0.065,0.06,-8.64860580833e-13,0
938.7,-0.065,0.065,-1.88628763149e-13,0
938.7,-0.075,0.07,-9.91022864718e-13,0
938.7,-0.07,0.07,-2.96266336577e-14,0
938.7,-0.075,0.075,1.53740205631e-13,0
938.7,-0.07,0.075,1.08958830596e-12,0
938.7,-0.065,0.07,7.58845944292e-13,0
938.7,-0.065,0.075,1.84343098457e-12,0
938.7,-0.06,-0.075,4.24970042941e-13,0
938.7,-0.06,-0.07,-4.54380515424e-14,0
938.7,-0.06,-0.065,-4.14219576571e-13,0
938.7,-0.055,-0.075,1.48946600332e-12,0
938.7,-0.055,-0.07,5.12239451516e-13,0
938.7,-0.055,-0.065,-3.09635769325e-13,0
938.7,-0.06,-0.06,-5.58861405294e-13,0
938.7,-0.06,-0.055,-5.48350873262e-13,0
938.7,-0.055,-0.06,-7.53685626556e-13,0
938.7,-0.055,-0.055,-9.01474774682e-13,0
938.7,-0.06,-0.05,-4.20193361709e-13,0
938.7,-0.055,-0.05,-8.34091982669e-13,0
938.7,-0.06,-0.045,-2.65629108063e-13,0
938.7,-0.055,-0.045,-7.0367769398e-13,0
938.7,-0.06,-0.04,-9.07243279148e-14,0
938.7,-0.055,-0.04,-5.24789044137e-13,0
938.7,-0.06,-0.035,7.74590565527e-14,0
938.7,-0.055,-0.035,-3.34520137606e-13,0
938.7,-0.06,-0.03,1.46834073102e-13,0
938.7,-0.06,-0.025,7.99806064133e-14,0
938.7,-0.055,-0.03,-2.17442146038e-13,0
938.7,-0.055,-0.025,-2.14498555667e-13,0
938.7,-0.06,-0.02,-1.55859537051e-13,0
938.7,-0.06,-0.015,-5.35471687982e-13,0
938.7,-0.055,-0.02,-3.79632443384e-13,0
938.7,-0.055,-0.015,-6.80749133522e-13,0
938.7,-0.06,-0.01,-9.88970806428e-13,0
938.7,-0.06,-0.005,-1.47221408865e-12,0
938.7,-0.055,-0.01,-1.0705144921e-12,0
938.7,-0.055,-0.005,-1.52288089132e-12,0
938.7,-0.06,0,-1.87766821986e-12,0
938.7,-0.06,0.005,-1.99144513426e-12,0
938.7,-0.055,4.16333634234e-19,-1.94998777821e-12,0
938.7,-0.055,0.005,-2.19284836052e-12,0
938.7,-0.06,0.01,-1.6921679403e-12,0
938.7,-0.06,0.015,-1.06945716729e-12,0
938.7,-0.055,0.01,-2.05761232303e-12,0
938.7,-0.055,0.015,-1.54223838287e-12,0
938.7,-0.06,0.02,-4.22225265179e-13,0
938.7,-0.06,0.025,6.00329783198e-14,0
938.7,-0.055,0.02,-1.00045718483e-12,0
938.7,-0.055,0.025,-5.94886503543e-13,0
938.7,-0.06,0.03,2.68773685505e-13,0
938.7,-0.06,0.035,1.79361601352e-13,0
938.7,-0.055,0.03,-3.77436600305e-13,0
938.7,-0.055,0.035,-3.45876025651e-13,0
938.7,-0.06,0.04,-1.10696163526e-13,0
938.7,-0.06,0.045,-4.69464785877e-13,0
938.7,-0.055,0.04,-4.52894890264e-13,0
938.7,-0.055,0.045,-5.90222360801e-13,0
938.7,-0.06,0.05,-7.26128436601e-13,0
938.7,-0.06,0.055,-7.03973938699e-13,0
938.7,-0.055,0.05,-6.20760590969e-13,0
938.7,-0.055,0.055,-4.47227269135e-13,0
938.7,-0.06,0.06,-3.30127388544e-13,0
938.7,-0.06,0.065,3.65744097522e-13,0
938.7,-0.055,0.06,-1.67156197726e-14,0
938.7,-0.055,0.065,6.48820866072e-13,0
938.7,-0.06,0.07,1.2652234937e-12,0
938.7,-0.06,0.075,2.28156595163e-12,0
938.7,-0.055,0.07,1.45520143028e-12,0
938.7,-0.055,0.075,2.34778243442e-12,0
938.7,-0.05,-0.075,2.05046292499e-12,0
938.7,-0.05,-0.07,9.67246953045e-13,0
938.7,-0.045,-0.075,2.46005533451e-12,0
938.7,-0.045,-0.07,1.31311330189e-12,0
938.7,-0.05,-0.065,-4.16330036187e-14,0
938.7,-0.045,-0.065,2.2048674288e-13,0
938.7,-0.05,-0.06,-8.30023398869e-13,0
938.7,-0.05,-0.055,-1.15344324558e-12,0
938.7,-0.045,-0.06,-7.14995754064e-13,0
938.7,-0.045,-0.055,-1.15839689561e-12,0
938.7,-0.05,-0.05,-1.12198162317e-12,0
938.7,-0.05,-0.045,-9.72961052149e-13,0
938.7,-0.045,-0.05,-1.18853282499e-12,0
938.7,-0.045,-0.045,-1.05235508994e-12,0
938.7,-0.05,-0.04,-7.53639019674e-13,0
938.7,-0.045,-0.04,-8.16894748284e-13,0
938.7,-0.05,-0.035,-5.39374420419e-13,0
938.7,-0.045,-0.035,-5.63760480401e-13,0
938.7,-0.05,-0.03,-3.72872545148e-13,0
938.7,-0.045,-0.03,-3.29103193702e-13,0
938.7,-0.05,-0.025,-2.90502678187e-13,0
938.7,-0.045,-0.025,-1.45238379293e-13,0
938.7,-0.05,-0.02,-3.40271569188e-13,0
938.7,-0.05,-0.015,-5.23493111114e-13,0
938.7,-0.045,-0.02,-4.12551284953e-14,0
938.7,-0.045,-0.015,-6.74514147969e-14,0
938.7,-0.05,-0.01,-8.24720096111e-13,0
938.7,-0.05,-0.005,-1.18842886211e-12,0
938.7,-0.045,-0.01,-2.88170937265e-13,0
938.7,-0.045,-0.005,-5.67375024781e-13,0
938.7,-0.05,0,-1.53336271361e-12,0
938.7,-0.05,0.005,-1.81866003095e-12,0
938.7,-0.045,4.16333634234e-19,-8.39818667451e-13,0
938.7,-0.045,0.005,-1.08812504216e-12,0
938.7,-0.05,0.01,-1.8594005445e-12,0
938.7,-0.05,0.015,-1.53344937801e-12,0
938.7,-0.045,0.01,-1.19640079569e-12,0
938.7,-0.045,0.015,-1.0756199755e-12,0
938.7,-0.05,0.02,-1.14257782683e-12,0
938.7,-0.05,0.025,-8.42204016259e-13,0
938.7,-0.045,0.02,-8.78722510153e-13,0
938.7,-0.045,0.025,-7.07798506832e-13,0
938.7,-0.05,0.03,-6.618942798e-13,0
938.7,-0.05,0.035,-5.97920406437e-13,0
938.7,-0.045,0.03,-6.03020893767e-13,0
938.7,-0.045,0.035,-5.5361351932e-13,0
938.7,-0.05,0.04,-5.98955777259e-13,0
938.7,-0.05,0.045,-5.93928137882e-13,0
938.7,-0.045,0.04,-5.28448469544e-13,0
938.7,-0.045,0.045,-4.77195442401e-13,0
938.7,-0.05,0.05,-5.08860543883e-13,0
938.7,-0.05,0.055,-2.90777451981e-13,0
938.7,-0.045,0.05,-3.73880357882e-13,0
938.7,-0.045,0.055,-1.98850145975e-13,0
938.7,-0.05,0.06,1.07268896285e-13,0
938.7,-0.05,0.065,6.73989099944e-13,0
938.7,-0.045,0.06,1.02117888687e-13,0
938.7,-0.045,0.065,5.18157408463e-13,0
938.7,-0.05,0.07,1.34680569243e-12,0
938.7,-0.05,0.075,2.09300409582e-12,0
938.7,-0.045,0.07,1.02752503349e-12,0
938.7,-0.045,0.075,1.58740318127e-12,0
938.7,-0.04,-0.075,2.67250368992e-12,0
938.7,-0.04,-0.07,1.50895013241e-12,0
938.7,-0.035,-0.075,2.68899131783e-12,0
938.7,-0.035,-0.07,1.55483408587e-12,0
938.7,-0.04,-0.065,3.99072493134e-13,0
938.7,-0.035,-0.065,4.76063882672e-13,0
938.7,-0.04,-0.06,-5.56508006447e-13,0
938.7,-0.035,-0.06,-4.37894734013e-13,0
938.7,-0.04,-0.055,-1.05692027311e-12,0
938.7,-0.035,-0.055,-9.48759434853e-13,0
938.7,-0.04,-0.05,-1.12829240422e-12,0
938.7,-0.04,-0.045,-1.00528926307e-12,0
938.7,-0.035,-0.05,-1.05552780733e-12,0
938.7,-0.035,-0.045,-9.22803847454e-13,0
938.7,-0.04,-0.04,-7.50884459507e-13,0
938.7,-0.04,-0.035,-4.52806510325e-13,0
938.7,-0.035,-0.04,-6.30828975118e-13,0
938.7,-0.035,-0.035,-2.65223345209e-13,0
938.7,-0.04,-0.03,-1.34818379036e-13,0
938.7,-0.035,-0.03,1.38153952643e-13,0
938.7,-0.04,-0.025,1.61314456934e-13,0
938.7,-0.035,-0.025,5.25611314682e-13,0
938.7,-0.04,-0.02,3.7988551253e-13,0
938.7,-0.035,-0.02,8.24769045095e-13,0
938.7,-0.04,-0.015,4.88395556824e-13,0
938.7,-0.035,-0.015,9.8607347822e-13,0
938.7,-0.04,-0.01,4.30030237824e-13,0
938.7,-0.04,-0.005,2.45840854591e-13,0
938.7,-0.035,-0.01,1.00071289917e-12,0
938.7,-0.035,-0.005,8.81496995099e-13,0
938.7,-0.04,0,2.46051090946e-14,0
938.7,-0.04,0.005,-1.93417536329e-13,0
938.7,-0.035,4.16333634234e-19,7.01981137737e-13,0
938.7,-0.035,0.005,5.10671988342e-13,0
938.7,-0.04,0.01,-3.7454593432e-13,0
938.7,-0.04,0.015,-4.48703807269e-13,0
938.7,-0.035,0.01,3.21776903301e-13,0
938.7,-0.035,0.015,1.59795745361e-13,0
938.7,-0.04,0.02,-4.10162122548e-13,0
938.7,-0.04,0.025,-3.59285546493e-13,0
938.7,-0.035,0.02,8.79531421201e-14,0
938.7,-0.035,0.025,4.79615168927e-14,0
938.7,-0.04,0.03,-3.26107795409e-13,0
938.7,-0.04,0.035,-3.22395722088e-13,0
938.7,-0.035,0.03,1.33459251848e-14,0
938.7,-0.035,0.035,-3.26197054191e-14,0
938.7,-0.04,0.04,-3.31399346981e-13,0
938.7,-0.04,0.045,-3.15286944394e-13,0
938.7,-0.035,0.04,-9.56405306702e-14,0
938.7,-0.035,0.045,-1.46986745657e-13,0
938.7,-0.04,0.05,-2.54163473582e-13,0
938.7,-0.04,0.055,-1.45688791006e-13,0
938.7,-0.035,0.05,-1.55541983568e-13,0
938.7,-0.035,0.055,-1.27848227493e-13,0
938.7,-0.04,0.06,3.06722047529e-14,0
938.7,-0.04,0.065,2.76173450526e-13,0
938.7,-0.035,0.06,-8.04900898864e-14,0
938.7,-0.035,0.065,-8.36725321499e-16,0
938.7,-0.04,0.07,5.69684848428e-13,0
938.7,-0.04,0.075,8.7809301648e-13,0
938.7,-0.035,0.07,9.49045152592e-14,0
938.7,-0.035,0.075,1.69633821427e-13,0
938.7,-0.03,-0.075,2.50759651508e-12,0
938.7,-0.03,-0.07,1.44555019001e-12,0
938.7,-0.025,-0.075,2.15056544427e-12,0
938.7,-0.025,-0.07,1.19619213668e-12,0
938.7,-0.03,-0.065,4.42469161077e-13,0
938.7,-0.025,-0.065,2.92857018125e-13,0
938.7,-0.03,-0.06,-3.94471225087e-13,0
938.7,-0.025,-0.06,-4.52342416668e-13,0
938.7,-0.03,-0.055,-8.77397042139e-13,0
938.7,-0.025,-0.055,-8.74436197048e-13,0
938.7,-0.03,-0.05,-9.87695194145e-13,0
938.7,-0.025,-0.05,-9.42410846946e-13,0
938.7,-0.03,-0.045,-8.19851925916e-13,0
938.7,-0.025,-0.045,-7.02176094293e-13,0
938.7,-0.03,-0.04,-4.63980450387e-13,0
938.7,-0.03,-0.035,-2.36396076694e-14,0
938.7,-0.025,-0.04,-2.72146486277e-13,0
938.7,-0.025,-0.035,2.25482894312e-13,0
938.7,-0.03,-0.03,4.34816492663e-13,0
938.7,-0.03,-0.025,8.70089218956e-13,0
938.7,-0.025,-0.03,7.18871926767e-13,0
938.7,-0.025,-0.025,1.16108472898e-12,0
938.7,-0.03,-0.02,1.20967724605e-12,0
938.7,-0.025,-0.02,1.47520769722e-12,0
938.7,-0.03,-0.015,1.34812164211e-12,0
938.7,-0.025,-0.015,1.59417462998e-12,0
938.7,-0.03,-0.01,1.32187648984e-12,0
938.7,-0.025,-0.01,1.55202905529e-12,0
938.7,-0.03,-0.005,1.20772976188e-12,0
938.7,-0.025,-0.005,1.40783761687e-12,0
938.7,-0.03,0,1.04529070041e-12,0
938.7,-0.03,0.005,8.84445867293e-13,0
938.7,-0.025,4.16333634234e-19,1.23092091126e-12,0
938.7,-0.025,0.005,1.06796276185e-12,0
938.7,-0.03,0.01,7.40518173233e-13,0
938.7,-0.03,0.015,6.18581872756e-13,0
938.7,-0.025,0.01,9.49082233247e-13,0
938.7,-0.025,0.015,8.62226228424e-13,0
938.7,-0.03,0.02,5.20761262333e-13,0
938.7,-0.03,0.025,4.31829691313e-13,0
938.7,-0.025,0.02,7.80717660884e-13,0
938.7,-0.025,0.025,6.82819422616e-13,0
938.7,-0.03,0.03,3.47551477461e-13,0
938.7,-0.03,0.035,2.53511898893e-13,0
938.7,-0.025,0.03,5.84560221084e-13,0
938.7,-0.025,0.035,4.81428661334e-13,0
938.7,-0.03,0.04,1.42406553124e-13,0
938.7,-0.03,0.045,2.74868174288e-14,0
938.7,-0.025,0.04,3.50314008228e-13,0
938.7,-0.025,0.045,1.89176400931e-13,0
938.7,-0.03,0.05,-7.49100327657e-14,0
938.7,-0.03,0.055,-1.58079714683e-13,0
938.7,-0.025,0.05,4.83897563164e-15,0
938.7,-0.025,0.055,-1.86811465534e-13,0
938.7,-0.03,0.06,-2.22316024806e-13,0
938.7,-0.03,0.065,-2.71809677e-13,0
938.7,-0.025,0.06,-3.5816821836e-13,0
938.7,-0.025,0.065,-5.23004474837e-13,0
938.7,-0.03,0.07,-3.12508054439e-13,0
938.7,-0.03,0.075,-3.56721956297e-13,0
938.7,-0.025,0.07,-6.82618011049e-13,0
938.7,-0.025,0.075,-8.29282873488e-13,0
938.7,-0.02,-0.075,1.68515265487e-12,0
938.7,-0.02,-0.07,8.4493106044e-13,0
938.7,-0.015,-0.075,1.16640869967e-12,0
938.7,-0.015,-0.07,4.43963872689e-13,0
938.7,-0.02,-0.065,4.79237914308e-14,0
938.7,-0.015,-0.065,-2.4394781254e-13,0
938.7,-0.02,-0.06,-5.91819422176e-13,0
938.7,-0.015,-0.06,-7.69403836594e-13,0
938.7,-0.02,-0.055,-9.22878403522e-13,0
938.7,-0.015,-0.055,-9.77924814963e-13,0
938.7,-0.02,-0.05,-9.04809983783e-13,0
938.7,-0.015,-0.05,-8.52154877516e-13,0
938.7,-0.02,-0.045,-5.82135291784e-13,0
938.7,-0.015,-0.045,-4.74605693806e-13,0
938.7,-0.02,-0.04,-9.41141078716e-14,0
938.7,-0.015,-0.04,4.90646467541e-14,0
938.7,-0.02,-0.035,4.45067435376e-13,0
938.7,-0.015,-0.035,6.22942391115e-13,0
938.7,-0.02,-0.03,9.62760349248e-13,0
938.7,-0.02,-0.025,1.37780625219e-12,0
938.7,-0.015,-0.03,1.15366528644e-12,0
938.7,-0.015,-0.025,1.53870893607e-12,0
938.7,-0.02,-0.02,1.62247769997e-12,0
938.7,-0.02,-0.015,1.68320890718e-12,0
938.7,-0.015,-0.02,1.69745305489e-12,0
938.7,-0.015,-0.015,1.60045529764e-12,0
938.7,-0.02,-0.01,1.56958392642e-12,0
938.7,-0.015,-0.01,1.31318648808e-12,0
938.7,-0.02,-0.005,1.35588820148e-12,0
938.7,-0.015,-0.005,1.00204090067e-12,0
938.7,-0.02,0,1.1506875143e-12,0
938.7,-0.015,4.16333634234e-19,7.9731176456e-13,0
938.7,-0.02,0.005,1.00518441422e-12,0
938.7,-0.015,0.005,7.25491382282e-13,0
938.7,-0.02,0.01,9.28617046752e-13,0
938.7,-0.02,0.015,8.94091114579e-13,0
938.7,-0.015,0.01,7.32258906791e-13,0
938.7,-0.015,0.015,7.64737995135e-13,0
938.7,-0.02,0.02,8.58700490519e-13,0
938.7,-0.02,0.025,7.90361174297e-13,0
938.7,-0.015,0.02,7.97838045901e-13,0
938.7,-0.015,0.025,7.99423195324e-13,0
938.7,-0.02,0.03,7.08797735887e-13,0
938.7,-0.02,0.035,6.26888333819e-13,0
938.7,-0.015,0.03,7.63331993807e-13,0
938.7,-0.015,0.035,7.0886012988e-13,0
938.7,-0.02,0.04,5.07364740412e-13,0
938.7,-0.02,0.045,3.31037505305e-13,0
938.7,-0.015,0.04,6.10434568911e-13,0
938.7,-0.015,0.045,4.39263386002e-13,0
938.7,-0.02,0.05,1.09457144311e-13,0
938.7,-0.02,0.055,-1.4421921727e-13,0
938.7,-0.015,0.05,2.28305155984e-13,0
938.7,-0.015,0.055,-2.6724317413e-14,0
938.7,-0.02,0.06,-4.20876655173e-13,0
938.7,-0.02,0.065,-7.04518440017e-13,0
938.7,-0.015,0.06,-3.75603630956e-13,0
938.7,-0.015,0.065,-7.50744891293e-13,0
938.7,-0.02,0.07,-9.83844111617e-13,0
938.7,-0.02,0.075,-1.27583684514e-12,0
938.7,-0.015,0.07,-1.12487209959e-12,0
938.7,-0.015,0.075,-1.5308856065e-12,0
938.7,-0.01,-0.075,6.42110993561e-13,0
938.7,-0.01,-0.07,5.09754976941e-14,0
938.7,-0.005,-0.075,2.06100079621e-13,0
938.7,-0.005,-0.07,-2.63020993149e-13,0
938.7,-0.01,-0.065,-5.23474441858e-13,0
938.7,-0.005,-0.065,-7.41557427897e-13,0
938.7,-0.01,-0.06,-9.38063474896e-13,0
938.7,-0.005,-0.06,-1.08355141728e-12,0
938.7,-0.01,-0.055,-1.02620098885e-12,0
938.7,-0.005,-0.055,-1.06830035591e-12,0
938.7,-0.01,-0.05,-8.11990468087e-13,0
938.7,-0.005,-0.05,-7.83105022289e-13,0
938.7,-0.01,-0.045,-4.05805037606e-13,0
938.7,-0.005,-0.045,-3.61917590718e-13,0
938.7,-0.01,-0.04,1.39724029969e-13,0
938.7,-0.005,-0.04,1.77887690154e-13,0
938.7,-0.01,-0.035,7.37103413815e-13,0
938.7,-0.005,-0.035,7.69720789305e-13,0
938.7,-0.01,-0.03,1.26865354661e-12,0
938.7,-0.005,-0.03,1.29828720271e-12,0
938.7,-0.01,-0.025,1.6160246944e-12,0
938.7,-0.005,-0.025,1.6012956913e-12,0
938.7,-0.01,-0.02,1.64565085151e-12,0
938.7,-0.01,-0.015,1.33576160724e-12,0
938.7,-0.005,-0.02,1.49584054077e-12,0
938.7,-0.005,-0.015,1.00999418552e-12,0
938.7,-0.0117873230072,-0.0115873794689,1.1789661939e-12,0
938.7,-0.00939961996336,-0.005,4.49751213537e-13,0
938.7,-0.00792797428371,-0.00964253216809,6.77553041165e-13,0
938.7,-0.005,-0.00939961996336,4.39514019626e-13,0
938.7,-0.0108753492546,-0.00150606400588,4.48952783411e-13,0
938.7,-0.00818101620308,-0.00211452602544,2.20133639572e-13,0
938.7,-0.00651817360753,-0.000255934956239,7.78405037872e-14,0
938.7,-0.005,6.71033969428e-08,1.55185093977e-14,0
938.7,-0.0107292118043,0.00160660295843,3.90562839026e-13,0
938.7,-0.0080188992252,0.000768320427092,1.72506769863e-13,0
938.7,-0.00939946851065,0.005,3.19044693031e-13,0
938.7,-0.00802129342231,0.00264911934363,1.84723255186e-13,0
938.7,-0.00887989370213,0.00887989479405,3.57184311175e-13,0
938.7,-0.01,0.015,5.19096861356e-13,0
938.7,-0.005,0.00939947397025,1.52518646697e-13,0
938.7,-0.005,0.015,2.2153184957e-13,0
938.7,-0.01,0.02,5.92511386643e-13,0
938.7,-0.01,0.025,6.44412429693e-13,0
938.7,-0.005,0.02,2.82403164019e-13,0
938.7,-0.005,0.025,3.32248807759e-13,0
938.7,-0.01,0.03,6.62412702329e-13,0
938.7,-0.01,0.035,6.58094878264e-13,0
938.7,-0.005,0.03,3.78968710495e-13,0
938.7,-0.005,0.035,4.1714910457e-13,0
938.7,-0.01,0.04,6.07305334277e-13,0
938.7,-0.01,0.045,4.88082605111e-13,0
938.7,-0.005,0.04,4.5304818925e-13,0
938.7,-0.005,0.045,4.48135255959e-13,0
938.7,-0.01,0.05,3.36301963492e-13,0
938.7,-0.01,0.055,1.49621242105e-13,0
938.7,-0.005,0.05,4.1241765884e-13,0
938.7,-0.005,0.055,3.33705191463e-13,0
938.7,-0.01,0.06,-1.80562369489e-13,0
938.7,-0.01,0.065,-6.07016601824e-13,0
938.7,-0.005,0.06,1.18435506337e-13,0
938.7,-0.005,0.065,-2.69572544159e-13,0
938.7,-0.01,0.07,-1.03315488933e-12,0
938.7,-0.01,0.075,-1.50076397222e-12,0
938.7,-0.005,0.07,-7.10484385906e-13,0
938.7,-0.005,0.075,-1.17388272045e-12,0
938.7,0,-0.075,-6.49714104575e-14,0
938.7,0,-0.07,-4.2296946086e-13,0
938.7,0.005,-0.075,-9.60238607194e-14,0
938.7,0.005,-0.07,-3.77645002504e-13,0
938.7,0,-0.065,-8.09126003569e-13,0
938.7,0.005,-0.065,-6.69699071588e-13,0
938.7,0,-0.06,-1.08324903101e-12,0
938.7,0.005,-0.06,-8.68405128454e-13,0
938.7,0,-0.055,-1.03826482527e-12,0
938.7,0.005,-0.055,-8.96943477625e-13,0
938.7,0,-0.05,-7.43621756513e-13,0
938.7,0.005,-0.05,-6.87304862684e-13,0
938.7,0,-0.045,-3.35372914389e-13,0
938.7,0.005,-0.045,-3.21951747998e-13,0
938.7,0,-0.04,1.7716035832e-13,0
938.7,0.005,-0.04,1.47219319297e-13,0
938.7,0,-0.035,7.41086216635e-13,0
938.7,0.005,-0.035,6.66250708405e-13,0
938.7,0,-0.03,1.24585290277e-12,0
938.7,0.005,-0.03,1.12448775685e-12,0
938.7,0,-0.025,1.5133608027e-12,0
938.7,0.005,-0.025,1.33017188051e-12,0
938.7,0,-0.02,1.30515197069e-12,0
938.7,0.005,-0.02,1.11128956473e-12,0
938.7,0,-0.015,7.54305951393e-13,0
938.7,0.005,-0.015,6.35085248929e-13,0
938.7,-0.0021196717084,-0.00776771017156,1.71794501926e-13,0
938.7,-0.00084550708518,-0.00631514607954,6.21934380811e-14,0
938.7,6.71033969406e-08,-0.005,1.4107886519e-14,0
938.7,-0.00139054260708,-0.0110960807567,4.34065269434e-13,0
938.7,0.00132468676756,-0.00775008274642,1.27454471579e-13,0
938.7,0.00160394440688,-0.0116908851489,4.15034096895e-13,0
938.7,0.005,-0.00939946851065,2.335552159e-13,0
938.7,0.005,0.005,-2.62370203375e-14,0
938.7,-0.000107646311398,0.00617659695633,1.76593628444e-14,0
938.7,-0.00190846935279,0.0076427502668,3.44140059326e-14,0
938.7,0.00131146485568,0.00777290068297,-1.8680998183e-14,0
938.7,0.00295884413402,0.00640276348073,-1.35516349e-14,0
938.7,-1.21517769428e-05,0.0108932602996,-5.6637302651e-14,0
938.7,0,0.015,-1.66097949725e-13,0
938.7,0.005,0.00939942566771,-2.11222091313e-13,0
938.7,0.005,0.015,-5.86868602283e-13,0
938.7,0,0.02,-3.0248906031e-13,0
938.7,0,0.025,-3.56571197562e-13,0
938.7,0.005,0.02,-9.46985335129e-13,0
938.7,0.005,0.025,-1.09134358337e-12,0
938.7,0,0.03,-2.8739767593e-13,0
938.7,0,0.035,-1.3384096579e-13,0
938.7,0.005,0.03,-9.72575546337e-13,0
938.7,0.005,0.035,-7.18821674253e-13,0
938.7,0,0.04,8.80309962323e-14,0
938.7,0,0.045,2.97402373548e-13,0
938.7,0.005,0.04,-3.28274593226e-13,0
938.7,0.005,0.045,8.90884444909e-14,0
938.7,0,0.05,4.38375269777e-13,0
938.7,0,0.055,5.20226212471e-13,0
938.7,0.005,0.05,4.11644289367e-13,0
938.7,0.005,0.055,6.65586027219e-13,0
938.7,0,0.06,4.31759453892e-13,0
938.7,0,0.065,1.26165966029e-13,0
938.7,0.005,0.06,7.1920987237e-13,0
938.7,0.005,0.065,4.98814984068e-13,0
938.7,0,0.07,-2.82636314127e-13,0
938.7,0,0.075,-7.08005771064e-13,0
938.7,0.005,0.07,1.32068131883e-13,0
938.7,0.005,0.075,-2.48890371667e-13,0
938.7,0.01,-0.075,7.45075381061e-14,0
938.7,0.01,-0.07,-1.68974366775e-13,0
938.7,0.015,-0.075,3.51765006691e-13,0
938.7,0.015,-0.07,1.20185379799e-13,0
938.7,0.01,-0.065,-4.05900778311e-13,0
938.7,0.015,-0.065,-1.01266027575e-13,0
938.7,0.01,-0.06,-5.82403526077e-13,0
938.7,0.015,-0.06,-2.8250084592e-13,0
938.7,0.01,-0.055,-6.67012610106e-13,0
938.7,0.015,-0.055,-3.99296508502e-13,0
938.7,0.01,-0.05,-5.74347508691e-13,0
938.7,0.015,-0.05,-4.00447850979e-13,0
938.7,0.01,-0.045,-3.01663812199e-13,0
938.7,0.015,-0.045,-2.5469977763e-13,0
938.7,0.01,-0.04,8.34639765575e-14,0
938.7,0.015,-0.04,-5.60701323204e-15,0
938.7,0.01,-0.035,5.13470001928e-13,0
938.7,0.015,-0.035,2.89312128599e-13,0
938.7,0.01,-0.03,8.81547518513e-13,0
938.7,0.015,-0.03,5.33919392964e-13,0
938.7,0.01,-0.025,1.05228573551e-12,0
938.7,0.015,-0.025,7.00017501369e-13,0
938.7,0.01,-0.02,9.17392805839e-13,0
938.7,0.01,-0.015,5.82313878466e-13,0
938.7,0.015,-0.02,6.9721201768e-13,0
938.7,0.015,-0.015,5.21014480322e-13,0
938.7,0.00999280436795,-0.0116358337096,3.85079983844e-13,0
938.7,0.0105889214373,-0.00845762197625,2.30243351763e-13,0
938.7,0.015,-0.01,3.08731776755e-13,0
938.7,0.00939947397025,-0.005,9.83395246429e-14,0
938.7,0.015,-0.005,1.16306032775e-13,0
938.7,0.00658051136513,-0.00296146438142,3.98903286438e-14,0
938.7,0.00636794669772,-3.54305826484e-06,1.04292920053e-14,0
938.7,0.00795807888052,-0.00113999998936,1.63046613288e-14,0
938.7,0.00758147027913,0.00183630393596,-2.68307743977e-14,0
938.7,0.0112534647756,-1.47536350887e-07,-3.88914871473e-14,0
938.7,0.015,4.16333634234e-19,-7.68557547531e-14,0
938.7,0.00939942566771,0.005,-1.65212813743e-13,0
938.7,0.015,0.005,-3.21762751031e-13,0
938.7,0.00999018807453,0.0109670628501,-5.79241532541e-13,0
938.7,0.01,0.015,-9.36657211928e-13,0
938.7,0.015,0.01,-6.97278846591e-13,0
938.7,0.015,0.015,-1.16710166722e-12,0
938.7,0.01,0.02,-1.35927095686e-12,0
938.7,0.01,0.025,-1.48172435408e-12,0
938.7,0.015,0.02,-1.5741543488e-12,0
938.7,0.015,0.025,-1.68267014503e-12,0
938.7,0.01,0.03,-1.32001611773e-12,0
938.7,0.01,0.035,-1.04335818697e-12,0
938.7,0.015,0.03,-1.52369551904e-12,0
938.7,0.015,0.035,-1.21568911342e-12,0
938.7,0.01,0.04,-5.90475602577e-13,0
938.7,0.01,0.045,-5.89180590218e-14,0
938.7,0.015,0.04,-7.2927401816e-13,0
938.7,0.015,0.045,-1.44637250531e-13,0
938.7,0.01,0.05,3.74605467925e-13,0
938.7,0.01,0.055,7.37009227982e-13,0
938.7,0.015,0.05,3.61523033761e-13,0
938.7,0.015,0.055,7.7652361411e-13,0
938.7,0.01,0.06,9.06988294174e-13,0
938.7,0.01,0.065,7.57123779665e-13,0
938.7,0.015,0.06,9.79168743872e-13,0
938.7,0.015,0.065,8.19141795233e-13,0
938.7,0.01,0.07,4.1411922393e-13,0
938.7,0.01,0.075,5.89664229885e-14,0
938.7,0.015,0.07,4.49153625596e-13,0
938.7,0.015,0.075,6.73830637682e-14,0
938.7,0.02,-0.075,6.55531456119e-13,0
938.7,0.02,-0.07,4.30394644412e-13,0
938.7,0.025,-0.075,8.84132648325e-13,0
938.7,0.025,-0.07,6.80242086456e-13,0
938.7,0.02,-0.065,2.21375679119e-13,0
938.7,0.025,-0.065,4.9971359695e-13,0
938.7,0.02,-0.06,3.12633945028e-14,0
938.7,0.025,-0.06,3.18187311517e-13,0
938.7,0.02,-0.055,-1.23639533504e-13,0
938.7,0.025,-0.055,1.3085606543e-13,0
938.7,0.02,-0.05,-2.11547687058e-13,0
938.7,0.025,-0.05,-4.78166358593e-14,0
938.7,0.02,-0.045,-2.05022861769e-13,0
938.7,0.025,-0.045,-1.76095442531e-13,0
938.7,0.02,-0.04,-1.17969431375e-13,0
938.7,0.025,-0.04,-2.43221691264e-13,0
938.7,0.02,-0.035,3.17879148736e-14,0
938.7,0.025,-0.035,-2.25331739945e-13,0
938.7,0.02,-0.03,2.06412340574e-13,0
938.7,0.025,-0.03,-1.14510246027e-13,0
938.7,0.02,-0.025,3.70544772995e-13,0
938.7,0.025,-0.025,4.76187569349e-14,0
938.7,0.02,-0.02,4.58754913241e-13,0
938.7,0.025,-0.02,2.25742025887e-13,0
938.7,0.02,-0.015,4.14542777367e-13,0
938.7,0.025,-0.015,3.05830317456e-13,0
938.7,0.02,-0.01,2.94251942467e-13,0
938.7,0.025,-0.01,2.81721308084e-13,0
938.7,0.02,-0.005,1.31553323933e-13,0
938.7,0.025,-0.005,1.77233269712e-13,0
938.7,0.02,0,-8.49218462774e-14,0
938.7,0.025,4.16333634234e-19,-2.28767907243e-14,0
938.7,0.02,0.005,-3.66514393519e-13,0
938.7,0.025,0.005,-3.02590125866e-13,0
938.7,0.02,0.01,-7.68161976931e-13,0
938.7,0.025,0.01,-6.89373209168e-13,0
938.7,0.02,0.015,-1.23215675382e-12,0
938.7,0.025,0.015,-1.13638844416e-12,0
938.7,0.02,0.02,-1.59733014412e-12,0
938.7,0.02,0.025,-1.69932808542e-12,0
938.7,0.025,0.02,-1.50023947302e-12,0
938.7,0.025,0.025,-1.55870708447e-12,0
938.7,0.02,0.03,-1.54130199566e-12,0
938.7,0.02,0.035,-1.21867939361e-12,0
938.7,0.025,0.03,-1.37546924007e-12,0
938.7,0.025,0.035,-1.06344332221e-12,0
938.7,0.02,0.04,-7.283464591e-13,0
938.7,0.02,0.045,-1.48733293648e-13,0
938.7,0.025,0.04,-5.99542289362e-13,0
938.7,0.025,0.045,-4.30861789893e-14,0
938.7,0.02,0.05,3.90189799729e-13,0
938.7,0.02,0.055,8.00114855791e-13,0
938.7,0.025,0.05,4.63418959003e-13,0
938.7,0.025,0.055,8.07009442098e-13,0
938.7,0.02,0.06,9.49756363462e-13,0
938.7,0.02,0.065,7.23023301991e-13,0
938.7,0.025,0.06,8.61586469398e-13,0
938.7,0.025,0.065,5.56839642666e-13,0
938.7,0.02,0.07,3.03313752147e-13,0
938.7,0.02,0.075,-1.18665709375e-13,0
938.7,0.025,0.07,8.31813003414e-14,0
938.7,0.025,0.075,-3.9826081107e-13,0
938.7,0.03,-0.075,9.76812604989e-13,0
938.7,0.03,-0.07,8.11056610619e-13,0
938.7,0.035,-0.075,9.04533641683e-13,0
938.7,0.035,-0.07,8.04589016436e-13,0
938.7,0.03,-0.065,6.78360241826e-13,0
938.7,0.035,-0.065,7.34514187296e-13,0
938.7,0.03,-0.06,5.32541069715e-13,0
938.7,0.035,-0.06,6.47644938772e-13,0
938.7,0.03,-0.055,3.33223193052e-13,0
938.7,0.035,-0.055,4.87350759095e-13,0
938.7,0.03,-0.05,7.11553055841e-14,0
938.7,0.035,-0.05,1.73132604906e-13,0
938.7,0.03,-0.045,-1.94352919053e-13,0
938.7,0.035,-0.045,-2.30840473288e-13,0
938.7,0.03,-0.04,-3.83738303572e-13,0
938.7,0.035,-0.04,-5.54434032732e-13,0
938.7,0.03,-0.035,-4.68653730653e-13,0
938.7,0.035,-0.035,-7.32270133088e-13,0
938.7,0.03,-0.03,-4.24505923255e-13,0
938.7,0.035,-0.03,-7.27534881558e-13,0
938.7,0.03,-0.025,-2.72240269819e-13,0
938.7,0.035,-0.025,-5.76265908929e-13,0
938.7,0.03,-0.02,6.36252463111e-15,0
938.7,0.035,-0.02,-2.18262129104e-13,0
938.7,0.03,-0.015,2.40994682956e-13,0
938.7,0.035,-0.015,1.74658201013e-13,0
938.7,0.03,-0.01,2.9980176759e-13,0
938.7,0.035,-0.01,3.58874169148e-13,0
938.7,0.03,-0.005,2.69754230935e-13,0
938.7,0.035,-0.005,4.30299479723e-13,0
938.7,0.03,0,1.29550410775e-13,0
938.7,0.035,4.16333634234e-19,3.74366044844e-13,0
938.7,0.03,0.005,-1.12816506124e-13,0
938.7,0.035,0.005,1.96337085185e-13,0
938.7,0.03,0.01,-4.60935277849e-13,0
938.7,0.035,0.01,-1.17003333535e-13,0
938.7,0.03,0.015,-8.67605137355e-13,0
938.7,0.035,0.015,-4.73769287404e-13,0
938.7,0.03,0.02,-1.19494088407e-12,0
938.7,0.035,0.02,-7.26879408479e-13,0
938.7,0.03,0.025,-1.24157630316e-12,0
938.7,0.035,0.025,-8.03787514203e-13,0
938.7,0.03,0.03,-1.06566390918e-12,0
938.7,0.03,0.035,-7.81947349817e-13,0
938.7,0.035,0.03,-6.88234231092e-13,0
938.7,0.035,0.035,-4.38671958264e-13,0
938.7,0.03,0.04,-3.59799169985e-13,0
938.7,0.03,0.045,1.45433407593e-13,0
938.7,0.035,0.04,-6.46205863061e-14,0
938.7,0.035,0.045,3.80653503531e-13,0
938.7,0.03,0.05,5.89861789533e-13,0
938.7,0.03,0.055,8.349608509e-13,0
938.7,0.035,0.05,7.81403679721e-13,0
938.7,0.035,0.055,9.09756706842e-13,0
938.7,0.03,0.06,7.53315330803e-13,0
938.7,0.03,0.065,3.51295147724e-13,0
938.7,0.035,0.06,6.41551119055e-13,0
938.7,0.035,0.065,1.31475755658e-13,0
938.7,0.03,0.07,-1.96661048176e-13,0
938.7,0.03,0.075,-7.64397047266e-13,0
938.7,0.035,0.07,-4.96660498892e-13,0
938.7,0.035,0.075,-1.15847379165e-12,0
938.7,0.04,-0.075,5.57617606321e-13,0
938.7,0.04,-0.07,6.04281426092e-13,0
938.7,0.045,-0.075,-1.26836044438e-14,0
938.7,0.045,-0.07,2.19085188046e-13,0
938.7,0.04,-0.065,6.54166918939e-13,0
938.7,0.045,-0.065,4.28856094446e-13,0
938.7,0.04,-0.06,6.6111717839e-13,0
938.7,0.045,-0.06,5.81245161338e-13,0
938.7,0.04,-0.055,5.9939159022e-13,0
938.7,0.045,-0.055,6.65315324686e-13,0
938.7,0.04,-0.05,2.99389611095e-13,0
938.7,0.045,-0.05,4.30985589824e-13,0
938.7,0.04,-0.045,-2.12504333806e-13,0
938.7,0.045,-0.045,-1.43865432638e-13,0
938.7,0.04,-0.04,-7.36861874623e-13,0
938.7,0.045,-0.04,-7.95561457693e-13,0
938.7,0.04,-0.035,-1.02322908181e-12,0
938.7,0.045,-0.035,-1.21971458526e-12,0
938.7,0.04,-0.03,-1.02484215116e-12,0
938.7,0.045,-0.03,-1.30554128099e-12,0
938.7,0.04,-0.025,-8.7320477555e-13,0
938.7,0.045,-0.025,-1.17227235151e-12,0
938.7,0.04,-0.02,-4.5675853754e-13,0
938.7,0.045,-0.02,-6.74840073612e-13,0
938.7,0.04,-0.015,7.29676908913e-14,0
938.7,0.045,-0.015,1.37115235069e-14,0
938.7,0.04,-0.01,4.57470658916e-13,0
938.7,0.045,-0.01,5.61879774024e-13,0
938.7,0.04,-0.005,6.70671972262e-13,0
938.7,0.045,-0.005,9.36738998159e-13,0
938.7,0.04,0,7.00980337212e-13,0
938.7,0.045,4.16333634234e-19,1.07597450335e-12,0
938.7,0.04,0.005,5.95149781705e-13,0
938.7,0.045,0.005,1.03168148242e-12,0
938.7,0.04,0.01,3.19419839086e-13,0
938.7,0.045,0.01,7.79765031435e-13,0
938.7,0.04,0.015,-2.86493583675e-14,0
938.7,0.045,0.015,3.96674109538e-13,0
938.7,0.04,0.02,-2.82352916e-13,0
938.7,0.045,0.02,8.90937754118e-14,0
938.7,0.04,0.025,-3.89648027141e-13,0
938.7,0.045,0.025,-7.2443878723e-14,0
938.7,0.04,0.03,-3.2784875062e-13,0
938.7,0.045,0.03,-5.89993688992e-14,0
938.7,0.04,0.035,-1.21733241673e-13,0
938.7,0.045,0.035,1.05086511196e-13,0
938.7,0.04,0.04,2.14399392e-13,0
938.7,0.04,0.045,6.28583130605e-13,0
938.7,0.045,0.04,4.36512102102e-13,0
938.7,0.045,0.045,8.57080285896e-13,0
938.7,0.04,0.05,1.00558295911e-12,0
938.7,0.04,0.055,9.80266157717e-13,0
938.7,0.045,0.05,1.18790464542e-12,0
938.7,0.045,0.055,1.03901989851e-12,0
938.7,0.04,0.06,5.47025107613e-13,0
938.7,0.04,0.065,-5.94786643124e-14,0
938.7,0.045,0.06,5.01356641136e-13,0
938.7,0.045,0.065,-1.94719734892e-13,0
938.7,0.04,0.07,-7.66658873871e-13,0
938.7,0.04,0.075,-1.50949832762e-12,0
938.7,0.045,0.07,-9.83271807627e-13,0
938.7,0.045,0.075,-1.8052890013e-12,0
938.7,0.05,-0.075,-5.85257542151e-13,0
938.7,0.05,-0.07,-2.38144724085e-13,0
938.7,0.055,-0.075,-1.19898000276e-12,0
938.7,0.055,-0.07,-7.33583610607e-13,0
938.7,0.05,-0.065,1.16463627457e-13,0
938.7,0.055,-0.065,-2.17867779355e-13,0
938.7,0.05,-0.06,4.37852673575e-13,0
938.7,0.055,-0.06,3.01596764806e-13,0
938.7,0.05,-0.055,6.84782981493e-13,0
938.7,0.055,-0.055,7.31561790822e-13,0
938.7,0.05,-0.05,5.77956005964e-13,0
938.7,0.055,-0.05,8.26898677472e-13,0
938.7,0.05,-0.045,1.02640632312e-14,0
938.7,0.055,-0.045,3.16228576769e-13,0
938.7,0.05,-0.04,-6.96729025194e-13,0
938.7,0.055,-0.04,-4.7313865881e-13,0
938.7,0.05,-0.035,-1.27365453163e-12,0
938.7,0.055,-0.035,-1.22521260254e-12,0
938.7,0.05,-0.03,-1.52008835515e-12,0
938.7,0.055,-0.03,-1.65045351741e-12,0
938.7,0.05,-0.025,-1.42416662199e-12,0
938.7,0.055,-0.025,-1.55859179539e-12,0
938.7,0.05,-0.02,-8.26662110057e-13,0
938.7,0.055,-0.02,-9.04583348051e-13,0
938.7,0.05,-0.015,1.17222507157e-14,0
938.7,0.055,-0.015,-4.56508818529e-15,0
938.7,0.05,-0.01,6.52864523509e-13,0
938.7,0.055,-0.01,7.33403955681e-13,0
938.7,0.05,-0.005,1.15390092017e-12,0
938.7,0.055,-0.005,1.3023665135e-12,0
938.7,0.05,0,1.41861190464e-12,0
938.7,0.055,4.16333634234e-19,1.61549152393e-12,0
938.7,0.05,0.005,1.42142136144e-12,0
938.7,0.055,0.005,1.60290082271e-12,0
938.7,0.05,0.01,1.15849567211e-12,0
938.7,0.055,0.01,1.29684851025e-12,0
938.7,0.05,0.015,7.20704068244e-13,0
938.7,0.055,0.015,8.19761350419e-13,0
938.7,0.05,0.02,3.27480140813e-13,0
938.7,0.055,0.02,3.67219596827e-13,0
938.7,0.05,0.025,9.22928149999e-14,0
938.7,0.055,0.025,7.74243498526e-14,0
938.7,0.05,0.03,5.93825614396e-14,0
938.7,0.055,0.03,2.44072941482e-15,0
938.7,0.05,0.035,1.84604138943e-13,0
938.7,0.055,0.035,9.56461727689e-14,0
938.7,0.05,0.04,5.31805420227e-13,0
938.7,0.055,0.04,4.46815130445e-13,0
938.7,0.05,0.045,1.00801241262e-12,0
938.7,0.055,0.045,9.90197342401e-13,0
938.7,0.05,0.05,1.3204811272e-12,0
938.7,0.05,0.055,1.11544980159e-12,0
938.7,0.055,0.05,1.38502895826e-12,0
938.7,0.055,0.055,1.19824207773e-12,0
938.7,0.05,0.06,5.17353085647e-13,0
938.7,0.05,0.065,-2.39163776823e-13,0
938.7,0.055,0.06,5.89924716988e-13,0
938.7,0.055,0.065,-1.71430674355e-13,0
938.7,0.05,0.07,-1.10973275959e-12,0
938.7,0.05,0.075,-2.03456237025e-12,0
938.7,0.055,0.07,-1.12278865955e-12,0
938.7,0.055,0.075,-2.14303243591e-12,0
938.7,0.06,-0.075,-2.06973348652e-12,0
938.7,0.06,-0.07,-1.33998603234e-12,0
938.7,0.065,-0.075,-3.01431552332e-12,0
938.7,0.065,-0.07,-1.95203129182e-12,0
938.7,0.06,-0.065,-5.62312991718e-13,0
938.7,0.065,-0.065,-8.02851731542e-13,0
938.7,0.06,-0.06,2.86060850743e-13,0
938.7,0.065,-0.06,3.93206031499e-13,0
938.7,0.06,-0.055,1.05831359805e-12,0
938.7,0.065,-0.055,1.51889215948e-12,0
938.7,0.06,-0.05,1.32670865171e-12,0
938.7,0.065,-0.05,1.96774639128e-12,0
938.7,0.06,-0.045,8.00841401034e-13,0
938.7,0.065,-0.045,1.41202729926e-12,0
938.7,0.06,-0.04,-9.73072157739e-14,0
938.7,0.065,-0.04,3.84593014472e-13,0
938.7,0.06,-0.035,-1.0083699449e-12,0
938.7,0.065,-0.035,-6.68345958933e-13,0
938.7,0.06,-0.03,-1.63876884633e-12,0
938.7,0.065,-0.03,-1.45167440558e-12,0
938.7,0.06,-0.025,-1.60973610642e-12,0
938.7,0.065,-0.025,-1.61901872465e-12,0
938.7,0.06,-0.02,-9.75683148971e-13,0
938.7,0.065,-0.02,-1.09232089973e-12,0
938.7,0.06,-0.015,-9.75702235811e-14,0
938.7,0.065,-0.015,-2.54762084468e-13,0
938.7,0.06,-0.01,6.9585909136e-13,0
938.7,0.065,-0.01,4.53017934404e-13,0
938.7,0.06,-0.005,1.27236309527e-12,0
938.7,0.065,-0.005,9.75759651173e-13,0
938.7,0.06,0,1.56154315955e-12,0
938.7,0.065,4.16333634234e-19,1.23958047687e-12,0
938.7,0.06,0.005,1.51402522738e-12,0
938.7,0.065,0.005,1.19644925481e-12,0
938.7,0.06,0.01,1.16660041225e-12,0
938.7,0.065,0.01,8.44585843893e-13,0
938.7,0.06,0.015,6.63844827831e-13,0
938.7,0.065,0.015,2.86284949799e-13,0
938.7,0.06,0.02,1.60886518241e-13,0
938.7,0.065,0.02,-2.94721950673e-13,0
938.7,0.06,0.025,-2.01992751358e-13,0
938.7,0.065,0.025,-7.60401827143e-13,0
938.7,0.06,0.03,-3.57007656211e-13,0
938.7,0.065,0.03,-1.01630393332e-12,0
938.7,0.06,0.035,-2.97253300359e-13,0
938.7,0.065,0.035,-1.01584070463e-12,0
938.7,0.06,0.04,7.63629715907e-14,0
938.7,0.065,0.04,-6.09054522608e-13,0
938.7,0.06,0.045,7.37414444922e-13,0
938.7,0.065,0.045,1.96193724296e-13,0
938.7,0.06,0.05,1.31454841315e-12,0
938.7,0.065,0.05,1.0544482362e-12,0
938.7,0.06,0.055,1.26706553298e-12,0
938.7,0.065,0.055,1.30433836427e-12,0
938.7,0.06,0.06,7.12491005875e-13,0
938.7,0.06,0.065,9.01692160534e-15,0
938.7,0.065,0.06,8.82998583439e-13,0
938.7,0.065,0.065,2.54983444001e-13,0
938.7,0.06,0.07,-9.76363088264e-13,0
938.7,0.06,0.075,-2.11265615917e-12,0
938.7,0.065,0.07,-6.79094214544e-13,0
938.7,0.065,0.075,-1.83127757102e-12,0
938.7,0.07,-0.075,-3.99100684602e-12,0
938.7,0.07,-0.07,-2.38142095354e-12,0
938.7,0.075,-0.075,-4.63855918792e-12,0
938.7,0.075,-0.07,-2.62056498104e-12,0
938.7,0.07,-0.065,-7.9568768943e-13,0
938.7,0.075,-0.065,-6.851181448e-13,0
938.7,0.07,-0.06,5.66393006131e-13,0
938.7,0.075,-0.06,7.74221946518e-13,0
938.7,0.07,-0.055,1.85813102916e-12,0
938.7,0.075,-0.055,2.17828335177e-12,0
938.7,0.07,-0.05,2.559934299e-12,0
938.7,0.075,-0.05,3.21738498313e-12,0
938.7,0.07,-0.045,2.1332275725e-12,0
938.7,0.075,-0.045,2.93437726888e-12,0
938.7,0.07,-0.04,9.58642893579e-13,0
938.7,0.075,-0.04,1.5451122602e-12,0
938.7,0.07,-0.035,-3.37198897248e-13,0
938.7,0.075,-0.035,-8.21621209953e-14,0
938.7,0.07,-0.03,-1.26247297313e-12,0
938.7,0.075,-0.03,-1.21084284013e-12,0
938.7,0.07,-0.025,-1.63455833205e-12,0
938.7,0.075,-0.025,-1.75303403818e-12,0
938.7,0.07,-0.02,-1.27096453176e-12,0
938.7,0.075,-0.02,-1.50425912533e-12,0
938.7,0.07,-0.015,-4.98878231818e-13,0
938.7,0.075,-0.015,-7.45789405599e-13,0
938.7,0.07,-0.01,1.4850739294e-13,0
938.7,0.075,-0.01,-1.10530805909e-13,0
938.7,0.07,-0.005,6.33678864327e-13,0
938.7,0.075,-0.005,3.61582362247e-13,0
938.7,0.07,0,8.63678762535e-13,0
938.7,0.075,0,5.69284488807e-13,0
938.7,0.07,0.005,8.04358973926e-13,0
938.7,0.075,0.005,4.74040183961e-13,0
938.7,0.07,0.01,4.13977969551e-13,0
938.7,0.075,0.01,-5.36342827133e-15,0
938.7,0.07,0.015,-2.28467662266e-13,0
938.7,0.075,0.015,-7.85307893713e-13,0
938.7,0.07,0.02,-9.03845645606e-13,0
938.7,0.075,0.02,-1.57829223066e-12,0
938.7,0.07,0.025,-1.47351186088e-12,0
938.7,0.075,0.025,-2.26564544076e-12,0
938.7,0.07,0.03,-1.8271519704e-12,0
938.7,0.075,0.03,-2.7334336828e-12,0
938.7,0.07,0.035,-1.89366957123e-12,0
938.7,0.075,0.035,-2.87373886065e-12,0
938.7,0.07,0.04,-1.46783272509e-12,0
938.7,0.075,0.04,-2.4488197458e-12,0
938.7,0.07,0.045,-5.22369815886e-13,0
938.7,0.075,0.045,-1.34235119504e-12,0
938.7,0.07,0.05,6.3869736853e-13,0
938.7,0.075,0.05,2.64439221109e-13,0
938.7,0.07,0.055,1.26345204905e-12,0
938.7,0.075,0.055,1.34472989202e-12,0
938.7,0.07,0.06,1.12182343328e-12,0
938.7,0.075,0.06,1.44635039428e-12,0
938.7,0.07,0.065,6.10093216098e-13,0
938.7,0.075,0.065,1.0600579274e-12,0
938.7,0.07,0.07,-2.58044659703e-13,0
938.7,0.07,0.075,-1.35712439257e-12,0
938.7,0.075,0.07,2.58015826651e-13,0
938.7,0.075,0.075,-8.10669410019e-13,0
