frequency_hz,x,y,real_uz,imag_uz
220.2,-0.00382671281566,-0.00202612167119,0,0
220.2,-0.005,-0.005,2.76983522165e-14,0
220.2,-0.00197892066871,-0.00385133392306,0,0
220.2,-0.005,-0.00190753787223,1.55773552261e-14,0
220.2,-0.00433,0,0,0
220.2,-0.00190753787223,-0.005,1.57413095236e-14,0
220.2,0,-0.00433,0,0
220.2,-0.005,0.00190775150599,1.56012299733e-14,0
220.2,-0.00385133392306,0.00197892066871,0,0
220.2,0.00190775150599,-0.005,1.56816987417e-14,0
220.2,0.00202612167119,-0.00382671281566,0,0
220.2,-0.00202612167119,0.00382671281566,0,0
220.2,-0.005,0.005,2.7843479266e-14,0
220.2,-0.0019094272225,0.005,1.58238171436e-14,0
220.2,0,0.00433,0,0
220.2,0.00147766755988,0.00407006125046,0,0
220.2,8.32667268469e-19,0.005,1.11983162723e-14,0
220.2,0.00433,0,0,0
220.2,0.005,1.38777878078e-18,1.13617462767e-14,0
220.2,0.00407006125046,0.00147766755988,0,0
220.2,0.005,-0.005,2.80929061721e-14,0
220.2,0.00385133392306,-0.00197892066871,0,0
220.2,0.005,-0.0019094272225,1.56468473321e-14,0
220.2,0.00306177236254,0.00306177236254,0,0
220.2,0.0019094272225,0.005,1.60072583015e-14,0
220.2,0.005,0.0019094272225,1.57976073104e-14,0
220.2,-0.000885,-0.0015328649647,1.27150899372e-12,0
220.2,-0.0015328649647,-0.000885,1.27163137333e-12,0
220.2,-0.00186450691264,-0.00187567167242,8.43018088094e-13,0
220.2,-0.00177,0,1.27132311301e-12,0
220.2,-0.00268433516245,-0.000738983120158,7.59100354122e-13,0
220.2,0,-0.00177,1.27147063732e-12,0
220.2,-0.000718432264205,-0.00269192408424,7.57394203379e-13,0
220.2,-0.0015328649647,0.000885,1.2698186555e-12,0
220.2,-0.00265321485144,0.000647311733689,7.89883054988e-13,0
220.2,-0.000885,0.0015328649647,1.26819116967e-12,0
220.2,-0.00194719253591,0.00178443766524,8.43944396731e-13,0
220.2,0,0.00177,1.26408504955e-12,0
220.2,-0.000802720381054,0.00273415977115,7.17494245853e-13,0
220.2,0.000885,-0.0015328649647,1.27015949148e-12,0
220.2,0.00075154031863,-0.00270385456952,7.4528432343e-13,0
220.2,0.00177,0,1.26242482333e-12,0
220.2,0.0015328649647,-0.000885,1.26800709785e-12,0
220.2,0.00271471102228,-0.000564731152102,7.60907986127e-13,0
220.2,0.00192394637685,-0.00189207206672,8.10089226975e-13,0
220.2,0.00231817117671,0.00040530921667,9.87902386975e-13,0
220.2,0.0015328649647,0.000885,1.26069120952e-12,0
220.2,0.000885,0.0015328649647,1.2613962639e-12,0
220.2,0.000427053001345,0.00287092483521,6.82184031384e-13,0
220.2,0.00187618296239,0.00184774001435,8.33333468858e-13,0
220.2,0.00312733402203,0.000607809752493,5.19194948396e-13,0
220.2,0.00276214303706,0.00136595635004,5.76854795507e-13,0
220.2,0.0014100336009,0.00268674970267,6.04766866405e-13,0
220.2,-0.075,-0.075,4.0142669845e-13,0
220.2,-0.07,-0.075,3.55663752647e-13,0
220.2,-0.075,-0.07,3.51025210082e-13,0
220.2,-0.07,-0.07,3.09775894078e-13,0
220.2,-0.075,-0.065,2.95662158217e-13,0
220.2,-0.07,-0.065,2.6089778506e-13,0
220.2,-0.065,-0.075,3.04955473274e-13,0
220.2,-0.065,-0.07,2.67191346965e-13,0
220.2,-0.065,-0.065,2.26884886877e-13,0
220.2,-0.075,-0.06,2.35787124718e-13,0
220.2,-0.07,-0.06,2.08343315399e-13,0
220.2,-0.065,-0.06,1.8199516125e-13,0
220.2,-0.075,-0.055,1.74441921361e-13,0
220.2,-0.07,-0.055,1.55167949856e-13,0
220.2,-0.065,-0.055,1.3681600284e-13,0
220.2,-0.075,-0.05,1.14327421855e-13,0
220.2,-0.07,-0.05,1.06187970418e-13,0
220.2,-0.065,-0.05,9.76092015826e-14,0
220.2,-0.075,-0.045,6.17034434218e-14,0
220.2,-0.07,-0.045,6.21753132103e-14,0
220.2,-0.065,-0.045,6.03428007e-14,0
220.2,-0.075,-0.04,1.77507304697e-14,0
220.2,-0.07,-0.04,2.21909326748e-14,0
220.2,-0.075,-0.035,-2.48073187553e-14,0
220.2,-0.07,-0.035,-1.60097521719e-14,0
220.2,-0.065,-0.04,2.49744961264e-14,0
220.2,-0.065,-0.035,-8.79147152377e-15,0
220.2,-0.075,-0.03,-6.59403956666e-14,0
220.2,-0.07,-0.03,-5.23962497022e-14,0
220.2,-0.075,-0.025,-1.04641838954e-13,0
220.2,-0.07,-0.025,-8.72520818788e-14,0
220.2,-0.065,-0.03,-4.05980193241e-14,0
220.2,-0.065,-0.025,-7.15356773761e-14,0
220.2,-0.075,-0.02,-1.39910249954e-13,0
220.2,-0.07,-0.02,-1.20535756158e-13,0
220.2,-0.075,-0.015,-1.74271959016e-13,0
220.2,-0.07,-0.015,-1.52425709407e-13,0
220.2,-0.065,-0.02,-1.02293594953e-13,0
220.2,-0.065,-0.015,-1.31431952115e-13,0
220.2,-0.075,-0.01,-2.07012653649e-13,0
220.2,-0.07,-0.01,-1.81695237406e-13,0
220.2,-0.075,-0.005,-2.34833847737e-13,0
220.2,-0.07,-0.005,-2.06448054221e-13,0
220.2,-0.065,-0.01,-1.57540643225e-13,0
220.2,-0.065,-0.005,-1.79447272237e-13,0
220.2,-0.075,0,-2.56787963189e-13,0
220.2,-0.07,0,-2.26184093561e-13,0
220.2,-0.075,0.005,-2.74007462691e-13,0
220.2,-0.07,0.005,-2.41189577099e-13,0
220.2,-0.065,4.16333634234e-19,-1.97071069191e-13,0
220.2,-0.065,0.005,-2.08720069679e-13,0
220.2,-0.075,0.01,-2.80185811166e-13,0
220.2,-0.07,0.01,-2.43803484962e-13,0
220.2,-0.075,0.015,-2.64554530326e-13,0
220.2,-0.07,0.015,-2.28548419115e-13,0
220.2,-0.065,0.01,-2.07480929056e-13,0
220.2,-0.065,0.015,-1.93175393167e-13,0
220.2,-0.075,0.02,-2.38436720273e-13,0
220.2,-0.07,0.02,-2.03342069395e-13,0
220.2,-0.075,0.025,-2.09881994817e-13,0
220.2,-0.07,0.025,-1.7499230019e-13,0
220.2,-0.065,0.02,-1.69786955163e-13,0
220.2,-0.065,0.025,-1.42012712897e-13,0
220.2,-0.075,0.03,-1.70221817424e-13,0
220.2,-0.07,0.03,-1.379151569e-13,0
220.2,-0.075,0.035,-1.16256777182e-13,0
220.2,-0.07,0.035,-9.11751007199e-14,0
220.2,-0.065,0.03,-1.08714142561e-13,0
220.2,-0.065,0.035,-6.9632307797e-14,0
220.2,-0.075,0.04,-4.96290073976e-14,0
220.2,-0.07,0.04,-3.61102517183e-14,0
220.2,-0.075,0.045,2.78127831177e-14,0
220.2,-0.07,0.045,2.73640142051e-14,0
220.2,-0.065,0.04,-2.4348241878e-14,0
220.2,-0.065,0.045,2.61737485731e-14,0
220.2,-0.075,0.05,1.13076416333e-13,0
220.2,-0.07,0.05,9.8793150639e-14,0
220.2,-0.075,0.055,2.00782513344e-13,0
220.2,-0.07,0.055,1.7269021557e-13,0
220.2,-0.065,0.05,8.48519391374e-14,0
220.2,-0.065,0.055,1.45774684163e-13,0
220.2,-0.075,0.06,2.84642181836e-13,0
220.2,-0.07,0.06,2.43367271067e-13,0
220.2,-0.075,0.065,3.60758124021e-13,0
220.2,-0.07,0.065,3.0809707609e-13,0
220.2,-0.065,0.06,2.03395286074e-13,0
220.2,-0.065,0.065,2.56376254794e-13,0
220.2,-0.075,0.07,4.27762444336e-13,0
220.2,-0.07,0.07,3.66621658961e-13,0
220.2,-0.075,0.075,4.87694880232e-13,0
220.2,-0.07,0.075,4.20940550432e-13,0
220.2,-0.065,0.07,3.0484654305e-13,0
220.2,-0.065,0.075,3.50022647173e-13,0
220.2,-0.06,-0.075,2.48632510766e-13,0
220.2,-0.06,-0.07,2.22923144137e-13,0
220.2,-0.06,-0.065,1.94188966092e-13,0
220.2,-0.055,-0.075,1.96945488005e-13,0
220.2,-0.055,-0.07,1.81034683852e-13,0
220.2,-0.055,-0.065,1.6269809499e-13,0
220.2,-0.06,-0.06,1.59036641133e-13,0
220.2,-0.06,-0.055,1.22311347093e-13,0
220.2,-0.055,-0.06,1.36583239283e-13,0
220.2,-0.055,-0.055,1.06713538038e-13,0
220.2,-0.06,-0.05,8.86434106319e-14,0
220.2,-0.055,-0.05,7.82368821906e-14,0
220.2,-0.06,-0.045,5.65900123477e-14,0
220.2,-0.055,-0.045,5.12399975796e-14,0
220.2,-0.06,-0.04,2.62145199294e-14,0
220.2,-0.055,-0.04,2.59203642343e-14,0
220.2,-0.06,-0.035,-2.99722825399e-15,0
220.2,-0.055,-0.035,1.36016987948e-15,0
220.2,-0.06,-0.03,-3.12223425736e-14,0
220.2,-0.06,-0.025,-5.86990959687e-14,0
220.2,-0.055,-0.03,-2.30913753992e-14,0
220.2,-0.055,-0.025,-4.6941834548e-14,0
220.2,-0.06,-0.02,-8.57453135502e-14,0
220.2,-0.06,-0.015,-1.11332919314e-13,0
220.2,-0.055,-0.02,-7.01743297913e-14,0
220.2,-0.055,-0.015,-9.13758292626e-14,0
220.2,-0.06,-0.01,-1.33532235804e-13,0
220.2,-0.06,-0.005,-1.5236271424e-13,0
220.2,-0.055,-0.01,-1.08684823121e-13,0
220.2,-0.055,-0.005,-1.23793093172e-13,0
220.2,-0.06,0,-1.67726949956e-13,0
220.2,-0.06,0.005,-1.74847208399e-13,0
220.2,-0.055,4.16333634234e-19,-1.35896145612e-13,0
220.2,-0.055,0.005,-1.40293576984e-13,0
220.2,-0.06,0.01,-1.70819889573e-13,0
220.2,-0.06,0.015,-1.58293607045e-13,0
220.2,-0.055,0.01,-1.36305423933e-13,0
220.2,-0.055,0.015,-1.25468889576e-13,0
220.2,-0.06,0.02,-1.38361844068e-13,0
220.2,-0.06,0.025,-1.13607192363e-13,0
220.2,-0.055,0.02,-1.09124957406e-13,0
220.2,-0.055,0.025,-8.86089076075e-14,0
220.2,-0.06,0.03,-8.48764161697e-14,0
220.2,-0.06,0.035,-5.19127921315e-14,0
220.2,-0.055,0.03,-6.46555734494e-14,0
220.2,-0.055,0.035,-3.75949949946e-14,0
220.2,-0.06,0.04,-1.4109042808e-14,0
220.2,-0.06,0.045,2.77277115819e-14,0
220.2,-0.055,0.04,-6.7456814579e-15,0
220.2,-0.055,0.045,2.70937842555e-14,0
220.2,-0.06,0.05,7.33378504566e-14,0
220.2,-0.06,0.055,1.20392090085e-13,0
220.2,-0.055,0.05,6.15021455189e-14,0
220.2,-0.055,0.055,9.66121583961e-14,0
220.2,-0.06,0.06,1.65556411899e-13,0
220.2,-0.06,0.065,2.07342900181e-13,0
220.2,-0.055,0.06,1.31680536291e-13,0
220.2,-0.055,0.065,1.65005205727e-13,0
220.2,-0.06,0.07,2.4492906202e-13,0
220.2,-0.06,0.075,2.79368666131e-13,0
220.2,-0.055,0.07,1.94701617985e-13,0
220.2,-0.055,0.075,2.21919340348e-13,0
220.2,-0.05,-0.075,1.57002144417e-13,0
220.2,-0.05,-0.07,1.44047200183e-13,0
220.2,-0.045,-0.075,1.18406801571e-13,0
220.2,-0.045,-0.07,1.08566188725e-13,0
220.2,-0.05,-0.065,1.29714554185e-13,0
220.2,-0.045,-0.065,9.75395360082e-14,0
220.2,-0.05,-0.06,1.10887957777e-13,0
220.2,-0.05,-0.055,8.82939005464e-14,0
220.2,-0.045,-0.06,8.38973825597e-14,0
220.2,-0.045,-0.055,6.76572843995e-14,0
220.2,-0.05,-0.05,6.58797692898e-14,0
220.2,-0.05,-0.045,4.42914990801e-14,0
220.2,-0.045,-0.05,5.12386679752e-14,0
220.2,-0.045,-0.045,3.49416858019e-14,0
220.2,-0.05,-0.04,2.35814760576e-14,0
220.2,-0.045,-0.04,1.89294544998e-14,0
220.2,-0.05,-0.035,3.51650533341e-15,0
220.2,-0.045,-0.035,3.68998100029e-15,0
220.2,-0.05,-0.03,-1.65488834486e-14,0
220.2,-0.045,-0.03,-1.16350648156e-14,0
220.2,-0.05,-0.025,-3.60820618867e-14,0
220.2,-0.045,-0.025,-2.63603195987e-14,0
220.2,-0.05,-0.02,-5.40199430003e-14,0
220.2,-0.05,-0.015,-6.98552479656e-14,0
220.2,-0.045,-0.02,-3.82175153851e-14,0
220.2,-0.045,-0.015,-4.86961808809e-14,0
220.2,-0.05,-0.01,-8.3563912664e-14,0
220.2,-0.05,-0.005,-9.57398601774e-14,0
220.2,-0.045,-0.01,-5.91514471807e-14,0
220.2,-0.045,-0.005,-6.82474612106e-14,0
220.2,-0.05,0,-1.04275805143e-13,0
220.2,-0.05,0.005,-1.07023341291e-13,0
220.2,-0.045,4.16333634234e-19,-7.36921333754e-14,0
220.2,-0.045,0.005,-7.54442978483e-14,0
220.2,-0.05,0.01,-1.04076090066e-13,0
220.2,-0.05,0.015,-9.57395873644e-14,0
220.2,-0.045,0.01,-7.38740496406e-14,0
220.2,-0.045,0.015,-6.86095687329e-14,0
220.2,-0.05,0.02,-8.27858047226e-14,0
220.2,-0.05,0.025,-6.65328709876e-14,0
220.2,-0.045,0.02,-5.93654931466e-14,0
220.2,-0.045,0.025,-4.7714089289e-14,0
220.2,-0.05,0.03,-4.78726884964e-14,0
220.2,-0.05,0.035,-2.67822890765e-14,0
220.2,-0.045,0.03,-3.48641842917e-14,0
220.2,-0.045,0.035,-1.99646227898e-14,0
220.2,-0.05,0.04,-3.08062888592e-15,0
220.2,-0.05,0.045,2.22084255635e-14,0
220.2,-0.045,0.04,-3.08540910531e-15,0
220.2,-0.045,0.045,1.50812304918e-14,0
220.2,-0.05,0.05,4.73002976975e-14,0
220.2,-0.05,0.055,7.3269770434e-14,0
220.2,-0.045,0.05,3.27232596145e-14,0
220.2,-0.045,0.055,5.09462002299e-14,0
220.2,-0.05,0.06,1.0117254779e-13,0
220.2,-0.05,0.065,1.2887198779e-13,0
220.2,-0.045,0.06,7.23423823737e-14,0
220.2,-0.045,0.065,9.45857513449e-14,0
220.2,-0.05,0.07,1.55074116588e-13,0
220.2,-0.05,0.075,1.80127602409e-13,0
220.2,-0.045,0.07,1.16916259421e-13,0
220.2,-0.045,0.075,1.39100799186e-13,0
220.2,-0.04,-0.075,8.15301809726e-14,0
220.2,-0.04,-0.07,7.44276412871e-14,0
220.2,-0.035,-0.075,4.54619429963e-14,0
220.2,-0.035,-0.07,4.09683817005e-14,0
220.2,-0.04,-0.065,6.6753331173e-14,0
220.2,-0.035,-0.065,3.62881717049e-14,0
220.2,-0.04,-0.06,5.78463948657e-14,0
220.2,-0.035,-0.06,3.14015548847e-14,0
220.2,-0.04,-0.055,4.70551252516e-14,0
220.2,-0.035,-0.055,2.57791886377e-14,0
220.2,-0.04,-0.05,3.51717334828e-14,0
220.2,-0.04,-0.045,2.34031650321e-14,0
220.2,-0.035,-0.05,1.83119715285e-14,0
220.2,-0.035,-0.045,1.08125046833e-14,0
220.2,-0.04,-0.04,1.20334568232e-14,0
220.2,-0.04,-0.035,1.33280500521e-15,0
220.2,-0.035,-0.04,4.00228824543e-15,0
220.2,-0.035,-0.035,-2.18116841977e-15,0
220.2,-0.04,-0.03,-8.36431027259e-15,0
220.2,-0.035,-0.03,-6.53968183472e-15,0
220.2,-0.04,-0.025,-1.7154004752e-14,0
220.2,-0.035,-0.025,-1.00309816103e-14,0
220.2,-0.04,-0.02,-2.46884203112e-14,0
220.2,-0.035,-0.02,-1.35112441712e-14,0
220.2,-0.04,-0.015,-3.10059625716e-14,0
220.2,-0.035,-0.015,-1.64138782873e-14,0
220.2,-0.04,-0.01,-3.66633741014e-14,0
220.2,-0.04,-0.005,-4.1592726587e-14,0
220.2,-0.035,-0.01,-1.83725268303e-14,0
220.2,-0.035,-0.005,-2.01562498353e-14,0
220.2,-0.04,0,-4.47603651894e-14,0
220.2,-0.04,0.005,-4.62922556019e-14,0
220.2,-0.035,4.16333634234e-19,-2.16899961635e-14,0
220.2,-0.035,0.005,-2.30428378581e-14,0
220.2,-0.04,0.01,-4.63205639934e-14,0
220.2,-0.04,0.015,-4.42296568172e-14,0
220.2,-0.035,0.01,-2.41114392699e-14,0
220.2,-0.035,0.015,-2.45151443018e-14,0
220.2,-0.04,0.02,-3.96028172149e-14,0
220.2,-0.04,0.025,-3.32713064623e-14,0
220.2,-0.035,0.02,-2.37661573017e-14,0
220.2,-0.035,0.025,-2.19454354997e-14,0
220.2,-0.04,0.03,-2.56564262605e-14,0
220.2,-0.04,0.035,-1.65687256359e-14,0
220.2,-0.035,0.03,-1.90216861505e-14,0
220.2,-0.035,0.035,-1.50758816822e-14,0
220.2,-0.04,0.04,-6.1672861394e-15,0
220.2,-0.04,0.045,5.58842906242e-15,0
220.2,-0.035,0.04,-1.03079736355e-14,0
220.2,-0.035,0.045,-4.25935350321e-15,0
220.2,-0.04,0.05,1.8451829572e-14,0
220.2,-0.04,0.055,3.19447309203e-14,0
220.2,-0.035,0.05,3.95344730073e-15,0
220.2,-0.035,0.055,1.30766895211e-14,0
220.2,-0.04,0.06,4.65589993977e-14,0
220.2,-0.04,0.065,6.24707618637e-14,0
220.2,-0.035,0.06,2.19082034843e-14,0
220.2,-0.035,0.065,3.15870792495e-14,0
220.2,-0.04,0.07,7.94618550317e-14,0
220.2,-0.04,0.075,9.66113222013e-14,0
220.2,-0.035,0.07,4.28979833833e-14,0
220.2,-0.035,0.075,5.45082698166e-14,0
220.2,-0.03,-0.075,1.0435888484e-14,0
220.2,-0.03,-0.07,7.88791157851e-15,0
220.2,-0.025,-0.075,-2.44573680839e-14,0
220.2,-0.025,-0.07,-2.51997861906e-14,0
220.2,-0.03,-0.065,5.53671094108e-15,0
220.2,-0.025,-0.065,-2.53884679256e-14,0
220.2,-0.03,-0.06,3.62188648306e-15,0
220.2,-0.025,-0.06,-2.45603544873e-14,0
220.2,-0.03,-0.055,1.74714529006e-15,0
220.2,-0.025,-0.055,-2.32754848694e-14,0
220.2,-0.03,-0.05,-8.53141823434e-16,0
220.2,-0.025,-0.05,-2.14263986388e-14,0
220.2,-0.03,-0.045,-3.2594281933e-15,0
220.2,-0.025,-0.045,-1.84312777522e-14,0
220.2,-0.03,-0.04,-4.59985594546e-15,0
220.2,-0.03,-0.035,-5.43534982611e-15,0
220.2,-0.025,-0.04,-1.4100160853e-14,0
220.2,-0.025,-0.035,-9.66912929371e-15,0
220.2,-0.03,-0.03,-5.69250975821e-15,0
220.2,-0.03,-0.025,-5.34194775279e-15,0
220.2,-0.025,-0.03,-5.88755547554e-15,0
220.2,-0.025,-0.025,-1.88146676273e-15,0
220.2,-0.03,-0.02,-4.55434761043e-15,0
220.2,-0.025,-0.02,2.85670418551e-15,0
220.2,-0.03,-0.015,-3.97047405204e-15,0
220.2,-0.025,-0.015,6.85766588641e-15,0
220.2,-0.03,-0.01,-3.7622716859e-15,0
220.2,-0.025,-0.01,9.40465446994e-15,0
220.2,-0.03,-0.005,-3.93544170576e-15,0
220.2,-0.025,-0.005,1.08554126387e-14,0
220.2,-0.03,0,-4.5954841247e-15,0
220.2,-0.03,0.005,-5.6093263784e-15,0
220.2,-0.025,4.16333634234e-19,1.099910738e-14,0
220.2,-0.025,0.005,9.84240297944e-15,0
220.2,-0.03,0.01,-7.05580949681e-15,0
220.2,-0.03,0.015,-8.79199112818e-15,0
220.2,-0.025,0.01,7.52984801415e-15,0
220.2,-0.025,0.015,4.36752578522e-15,0
220.2,-0.03,0.02,-1.08593145959e-14,0
220.2,-0.03,0.025,-1.2921038945e-14,0
220.2,-0.025,0.02,-4.37457486487e-18,0
220.2,-0.025,0.025,-5.26554781503e-15,0
220.2,-0.03,0.03,-1.41997574421e-14,0
220.2,-0.03,0.035,-1.48248357359e-14,0
220.2,-0.025,0.03,-1.02295589482e-14,0
220.2,-0.025,0.035,-1.49608419705e-14,0
220.2,-0.03,0.04,-1.45842832771e-14,0
220.2,-0.03,0.045,-1.33931644425e-14,0
220.2,-0.025,0.04,-1.89354724477e-14,0
220.2,-0.025,0.045,-2.24888293689e-14,0
220.2,-0.03,0.05,-1.08537940747e-14,0
220.2,-0.03,0.055,-7.40011541132e-15,0
220.2,-0.025,0.05,-2.5798103256e-14,0
220.2,-0.025,0.055,-2.84273771442e-14,0
220.2,-0.03,0.06,-3.53049028216e-15,0
220.2,-0.03,0.065,1.20403128466e-15,0
220.2,-0.025,0.06,-2.97057268597e-14,0
220.2,-0.025,0.065,-2.98747025417e-14,0
220.2,-0.03,0.07,7.17061411309e-15,0
220.2,-0.03,0.075,1.4150180614e-14,0
220.2,-0.025,0.07,-2.91560145809e-14,0
220.2,-0.025,0.075,-2.637014483e-14,0
220.2,-0.02,-0.075,-6.03927770018e-14,0
220.2,-0.02,-0.07,-5.83501500728e-14,0
220.2,-0.015,-0.075,-9.60528365643e-14,0
220.2,-0.015,-0.07,-9.10140750614e-14,0
220.2,-0.02,-0.065,-5.57785135114e-14,0
220.2,-0.015,-0.065,-8.55078120876e-14,0
220.2,-0.02,-0.06,-5.22641472165e-14,0
220.2,-0.015,-0.06,-7.9190158027e-14,0
220.2,-0.02,-0.055,-4.78731306987e-14,0
220.2,-0.015,-0.055,-7.10134425406e-14,0
220.2,-0.02,-0.05,-4.13119544129e-14,0
220.2,-0.015,-0.05,-5.96431163832e-14,0
220.2,-0.02,-0.045,-3.30120574788e-14,0
220.2,-0.015,-0.045,-4.73207416158e-14,0
220.2,-0.02,-0.04,-2.44885633534e-14,0
220.2,-0.015,-0.04,-3.53901489164e-14,0
220.2,-0.02,-0.035,-1.59126621924e-14,0
220.2,-0.015,-0.035,-2.32523930806e-14,0
220.2,-0.02,-0.03,-7.52015826469e-15,0
220.2,-0.02,-0.025,7.98560730193e-16,0
220.2,-0.015,-0.03,-1.05013257824e-14,0
220.2,-0.015,-0.025,2.21989777851e-15,0
220.2,-0.02,-0.02,8.96940235007e-15,0
220.2,-0.02,-0.015,1.57998116224e-14,0
220.2,-0.015,-0.02,1.39157570552e-14,0
220.2,-0.015,-0.015,2.31782509738e-14,0
220.2,-0.02,-0.01,2.04974165108e-14,0
220.2,-0.015,-0.01,2.88894136033e-14,0
220.2,-0.02,-0.005,2.32507373766e-14,0
220.2,-0.015,-0.005,3.1278163503e-14,0
220.2,-0.02,0,2.39691854518e-14,0
220.2,-0.015,4.16333634234e-19,3.15518156179e-14,0
220.2,-0.02,0.005,2.25965578107e-14,0
220.2,-0.015,0.005,3.1381951896e-14,0
220.2,-0.02,0.01,1.96334316906e-14,0
220.2,-0.02,0.015,1.54940960322e-14,0
220.2,-0.015,0.01,2.96229479027e-14,0
220.2,-0.015,0.015,2.54913290803e-14,0
220.2,-0.02,0.02,9.26292574688e-15,0
220.2,-0.02,0.025,1.41566688778e-15,0
220.2,-0.015,0.02,1.78836803642e-14,0
220.2,-0.015,0.025,7.64939498865e-15,0
220.2,-0.02,0.03,-6.53051964947e-15,0
220.2,-0.02,0.035,-1.46103734845e-14,0
220.2,-0.015,0.03,-2.94368888563e-15,0
220.2,-0.015,0.035,-1.41530308442e-14,0
220.2,-0.02,0.04,-2.29941575686e-14,0
220.2,-0.02,0.045,-3.16576868561e-14,0
220.2,-0.015,0.04,-2.69615451887e-14,0
220.2,-0.015,0.045,-4.06266799987e-14,0
220.2,-0.02,0.05,-4.06054347677e-14,0
220.2,-0.02,0.055,-4.94098937393e-14,0
220.2,-0.015,0.05,-5.5104295434e-14,0
220.2,-0.015,0.055,-7.00261434091e-14,0
220.2,-0.02,0.06,-5.72819325006e-14,0
220.2,-0.02,0.065,-6.42191099997e-14,0
220.2,-0.015,0.06,-8.54796763039e-14,0
220.2,-0.015,0.065,-1.00706234989e-13,0
220.2,-0.02,0.07,-7.01145474943e-14,0
220.2,-0.02,0.075,-7.4307054828e-14,0
220.2,-0.015,0.07,-1.15126255127e-13,0
220.2,-0.015,0.075,-1.28225853769e-13,0
220.2,-0.01,-0.075,-1.30089392464e-13,0
220.2,-0.01,-0.07,-1.21357755571e-13,0
220.2,-0.005,-0.075,-1.55980498199e-13,0
220.2,-0.005,-0.07,-1.44991097276e-13,0
220.2,-0.01,-0.065,-1.13354111216e-13,0
220.2,-0.005,-0.065,-1.35662720848e-13,0
220.2,-0.01,-0.06,-1.03587477499e-13,0
220.2,-0.005,-0.06,-1.23664764559e-13,0
220.2,-0.01,-0.055,-9.06183034361e-14,0
220.2,-0.005,-0.055,-1.0771433961e-13,0
220.2,-0.01,-0.05,-7.61222192529e-14,0
220.2,-0.005,-0.05,-9.14421203237e-14,0
220.2,-0.01,-0.045,-6.14455289096e-14,0
220.2,-0.005,-0.045,-7.50676410893e-14,0
220.2,-0.01,-0.04,-4.6823219723e-14,0
220.2,-0.005,-0.04,-5.86150383583e-14,0
220.2,-0.01,-0.035,-3.18248702453e-14,0
220.2,-0.005,-0.035,-4.16664241718e-14,0
220.2,-0.01,-0.03,-1.48245979475e-14,0
220.2,-0.005,-0.03,-2.06288697404e-14,0
220.2,-0.01,-0.025,2.81534640738e-15,0
220.2,-0.005,-0.025,2.60774301035e-15,0
220.2,-0.01,-0.02,1.81332521171e-14,0
220.2,-0.01,-0.015,2.93729277461e-14,0
220.2,-0.005,-0.02,2.22942243419e-14,0
220.2,-0.005,-0.015,3.58690804504e-14,0
220.2,-0.0117873230072,-0.0115873794689,3.16367218604e-14,0
220.2,-0.00939961996336,-0.005,3.31479556931e-14,0
220.2,-0.00792797428371,-0.00964253216809,3.61979109752e-14,0
220.2,-0.005,-0.00939961996336,3.87664431608e-14,0
220.2,-0.0108753492546,-0.00150606400588,3.20689287017e-14,0
220.2,-0.00818101620308,-0.00211452602544,2.91024163041e-14,0
220.2,-0.00651817360753,-0.000255934956239,2.27553104152e-14,0
220.2,-0.005,6.71033969428e-08,1.14668663458e-14,0
220.2,-0.0107292118043,0.00160660295843,3.2118326749e-14,0
220.2,-0.0080188992252,0.000768320427092,2.78865030476e-14,0
220.2,-0.00939946851065,0.005,3.36945506895e-14,0
220.2,-0.00802129342231,0.00264911934363,2.94745314666e-14,0
220.2,-0.00887989370213,0.00887989479405,3.72276256721e-14,0
220.2,-0.01,0.015,3.4512049379e-14,0
220.2,-0.005,0.00939947397025,4.11007071948e-14,0
220.2,-0.005,0.015,4.36883421372e-14,0
220.2,-0.01,0.02,2.65947326892e-14,0
220.2,-0.01,0.025,1.46465446866e-14,0
220.2,-0.005,0.02,3.56270239598e-14,0
220.2,-0.005,0.025,2.14999716806e-14,0
220.2,-0.01,0.03,7.41413352767e-16,0
220.2,-0.01,0.035,-1.45447422313e-14,0
220.2,-0.005,0.03,4.06688556444e-15,0
220.2,-0.005,0.035,-1.52195173645e-14,0
220.2,-0.01,0.04,-3.14003609099e-14,0
220.2,-0.01,0.045,-4.95150193411e-14,0
220.2,-0.005,0.04,-3.57587026268e-14,0
220.2,-0.005,0.045,-5.76330232951e-14,0
220.2,-0.01,0.05,-6.88145765452e-14,0
220.2,-0.01,0.055,-8.92066915977e-14,0
220.2,-0.005,0.05,-8.06513817483e-14,0
220.2,-0.005,0.055,-1.05035130557e-13,0
220.2,-0.01,0.06,-1.11644181522e-13,0
220.2,-0.01,0.065,-1.3506895317e-13,0
220.2,-0.005,0.06,-1.31852575614e-13,0
220.2,-0.005,0.065,-1.60363138399e-13,0
220.2,-0.01,0.07,-1.58879068422e-13,0
220.2,-0.01,0.075,-1.83660267361e-13,0
220.2,-0.005,0.07,-1.904089581e-13,0
220.2,-0.005,0.075,-2.22776618989e-13,0
220.2,0,-0.075,-1.7041105051e-13,0
220.2,0,-0.07,-1.59302485527e-13,0
220.2,0.005,-0.075,-1.72136154882e-13,0
220.2,0.005,-0.07,-1.6262300156e-13,0
220.2,0,-0.065,-1.50209517056e-13,0
220.2,0.005,-0.065,-1.54235709135e-13,0
220.2,0,-0.06,-1.38401272028e-13,0
220.2,0.005,-0.06,-1.44565673701e-13,0
220.2,0,-0.055,-1.22069689027e-13,0
220.2,0.005,-0.055,-1.31716489012e-13,0
220.2,0,-0.05,-1.05096233881e-13,0
220.2,0.005,-0.05,-1.16230556836e-13,0
220.2,0,-0.045,-8.78865334631e-14,0
220.2,0.005,-0.045,-9.94384957495e-14,0
220.2,0,-0.04,-7.04957615598e-14,0
220.2,0.005,-0.04,-8.20496249553e-14,0
220.2,0,-0.035,-5.27445509869e-14,0
220.2,0.005,-0.035,-6.4295356783e-14,0
220.2,0,-0.03,-2.96281996987e-14,0
220.2,0.005,-0.03,-4.11400258174e-14,0
220.2,0,-0.025,-2.31817168224e-15,0
220.2,0.005,-0.025,-1.22706598711e-14,0
220.2,0,-0.02,2.3924309897e-14,0
220.2,0.005,-0.02,1.72295758746e-14,0
220.2,0,-0.015,4.1814327675e-14,0
220.2,0.005,-0.015,3.86716341058e-14,0
220.2,-0.0021196717084,-0.00776771017156,3.86530014666e-14,0
220.2,-0.00084550708518,-0.00631514607954,2.95033423433e-14,0
220.2,6.71033969406e-08,-0.005,1.14258665478e-14,0
220.2,-0.00139054260708,-0.0110960807567,4.45783731381e-14,0
220.2,0.00132468676756,-0.00775008274642,4.0977120276e-14,0
220.2,0.00160394440688,-0.0116908851489,4.56881516863e-14,0
220.2,0.005,-0.00939946851065,4.29774411637e-14,0
220.2,0.005,0.005,2.86503979696e-14,0
220.2,-0.000107646311398,0.00617659695633,2.83414797562e-14,0
220.2,-0.00190846935279,0.0076427502668,3.88298810338e-14,0
220.2,0.00131146485568,0.00777290068297,3.96509463142e-14,0
220.2,0.00295884413402,0.00640276348073,3.1709715617e-14,0
220.2,-1.21517769428e-05,0.0108932602996,4.88107636774e-14,0
220.2,0,0.015,5.18511283995e-14,0
220.2,0.005,0.00939942566771,4.43636055523e-14,0
220.2,0.005,0.015,5.28577510126e-14,0
220.2,0,0.02,4.33334136952e-14,0
220.2,0,0.025,2.58560022476e-14,0
220.2,0.005,0.02,4.51032665924e-14,0
220.2,0.005,0.025,2.55952860476e-14,0
220.2,0,0.03,5.40290933233e-15,0
220.2,0,0.035,-1.65061084829e-14,0
220.2,0.005,0.03,4.35672130654e-15,0
220.2,0.005,0.035,-1.80745104676e-14,0
220.2,0,0.04,-3.98647116273e-14,0
220.2,0,0.045,-6.44492105424e-14,0
220.2,0.005,0.04,-4.21856622266e-14,0
220.2,0.005,0.045,-6.76219523408e-14,0
220.2,0,0.05,-8.96571613619e-14,0
220.2,0,0.055,-1.165706705e-13,0
220.2,0.005,0.05,-9.42962555567e-14,0
220.2,0.005,0.055,-1.23048768469e-13,0
220.2,0,0.06,-1.45487329397e-13,0
220.2,0,0.065,-1.76289273721e-13,0
220.2,0.005,0.06,-1.5423929693e-13,0
220.2,0.005,0.065,-1.87335036231e-13,0
220.2,0,0.07,-2.08631122802e-13,0
220.2,0,0.075,-2.42769950823e-13,0
220.2,0.005,0.07,-2.21472733394e-13,0
220.2,0.005,0.075,-2.56873401802e-13,0
220.2,0.01,-0.075,-1.65995604484e-13,0
220.2,0.01,-0.07,-1.57678559993e-13,0
220.2,0.015,-0.075,-1.55923580378e-13,0
220.2,0.015,-0.07,-1.48860488539e-13,0
220.2,0.01,-0.065,-1.50658050571e-13,0
220.2,0.015,-0.065,-1.43597124788e-13,0
220.2,0.01,-0.06,-1.4347198207e-13,0
220.2,0.015,-0.06,-1.38994417476e-13,0
220.2,0.01,-0.055,-1.34875658557e-13,0
220.2,0.015,-0.055,-1.33709233958e-13,0
220.2,0.01,-0.05,-1.23328325753e-13,0
220.2,0.015,-0.05,-1.25894820687e-13,0
220.2,0.01,-0.045,-1.08573606229e-13,0
220.2,0.015,-0.045,-1.14224727799e-13,0
220.2,0.01,-0.04,-9.23446018387e-14,0
220.2,0.015,-0.04,-1.00342373333e-13,0
220.2,0.01,-0.035,-7.55009980427e-14,0
220.2,0.015,-0.035,-8.50833055351e-14,0
220.2,0.01,-0.03,-5.38497049833e-14,0
220.2,0.015,-0.03,-6.63192532691e-14,0
220.2,0.01,-0.025,-2.65975051511e-14,0
220.2,0.015,-0.025,-4.29836152392e-14,0
220.2,0.01,-0.02,1.40700954801e-15,0
220.2,0.01,-0.015,2.30392748684e-14,0
220.2,0.015,-0.02,-1.78779418775e-14,0
220.2,0.015,-0.015,2.23575374625e-15,0
220.2,0.00999280436795,-0.0116358337096,3.12559113895e-14,0
220.2,0.0105889214373,-0.00845762197625,3.27077255195e-14,0
220.2,0.015,-0.01,1.52095436964e-14,0
220.2,0.00939947397025,-0.005,3.38769542212e-14,0
220.2,0.015,-0.005,2.35694390848e-14,0
220.2,0.00658051136513,-0.00296146438142,2.82772357334e-14,0
220.2,0.00636794669772,-3.54305826484e-06,2.41373029508e-14,0
220.2,0.00795807888052,-0.00113999998936,3.04216709506e-14,0
220.2,0.00758147027913,0.00183630393596,3.03698339817e-14,0
220.2,0.0112534647756,-1.47536350887e-07,3.38484667402e-14,0
220.2,0.015,4.16333634234e-19,2.93503793622e-14,0
220.2,0.00939942566771,0.005,3.76861783504e-14,0
220.2,0.015,0.005,3.55330740221e-14,0
220.2,0.00999018807453,0.0109670628501,4.60900630162e-14,0
220.2,0.01,0.015,4.95730186881e-14,0
220.2,0.015,0.01,4.07677988152e-14,0
220.2,0.015,0.015,4.37783370286e-14,0
220.2,0.01,0.02,4.25019608049e-14,0
220.2,0.01,0.025,2.37835389759e-14,0
220.2,0.015,0.02,3.76644848398e-14,0
220.2,0.015,0.025,2.14078233567e-14,0
220.2,0.01,0.03,3.03950758652e-15,0
220.2,0.01,0.035,-1.88671391992e-14,0
220.2,0.015,0.03,2.16420706658e-15,0
220.2,0.015,0.035,-1.82860146241e-14,0
220.2,0.01,0.04,-4.22789168895e-14,0
220.2,0.01,0.045,-6.72737749848e-14,0
220.2,0.015,0.04,-4.00323390754e-14,0
220.2,0.015,0.045,-6.38120168472e-14,0
220.2,0.01,0.05,-9.431941883e-14,0
220.2,0.01,0.055,-1.23801872301e-13,0
220.2,0.015,0.05,-9.05098343242e-14,0
220.2,0.015,0.055,-1.19732018359e-13,0
220.2,0.01,0.06,-1.56498522595e-13,0
220.2,0.01,0.065,-1.90827084422e-13,0
220.2,0.015,0.06,-1.51756246371e-13,0
220.2,0.015,0.065,-1.83676260533e-13,0
220.2,0.01,0.07,-2.24911387679e-13,0
220.2,0.01,0.075,-2.59798744455e-13,0
220.2,0.015,0.07,-2.13854772864e-13,0
220.2,0.015,0.075,-2.4481907937e-13,0
220.2,0.02,-0.075,-1.39263131012e-13,0
220.2,0.02,-0.07,-1.34135348627e-13,0
220.2,0.025,-0.075,-1.14375040514e-13,0
220.2,0.025,-0.07,-1.11958685158e-13,0
220.2,0.02,-0.065,-1.31404265913e-13,0
220.2,0.025,-0.065,-1.12540609302e-13,0
220.2,0.02,-0.06,-1.29836536106e-13,0
220.2,0.025,-0.06,-1.14881572239e-13,0
220.2,0.02,-0.055,-1.28102751651e-13,0
220.2,0.025,-0.055,-1.17250734238e-13,0
220.2,0.02,-0.05,-1.23985617487e-13,0
220.2,0.025,-0.05,-1.17253608116e-13,0
220.2,0.02,-0.045,-1.15956785833e-13,0
220.2,0.025,-0.045,-1.13215552001e-13,0
220.2,0.02,-0.04,-1.05513206892e-13,0
220.2,0.025,-0.04,-1.07100084559e-13,0
220.2,0.02,-0.035,-9.3375738915e-14,0
220.2,0.025,-0.035,-9.93943952086e-14,0
220.2,0.02,-0.03,-7.81388835045e-14,0
220.2,0.025,-0.03,-8.90222368344e-14,0
220.2,0.02,-0.025,-5.89382909408e-14,0
220.2,0.025,-0.025,-7.52931217218e-14,0
220.2,0.02,-0.02,-3.67145325675e-14,0
220.2,0.025,-0.02,-5.59411944952e-14,0
220.2,0.02,-0.015,-1.69881805262e-14,0
220.2,0.025,-0.015,-3.63372101517e-14,0
220.2,0.02,-0.01,-2.52715360736e-15,0
220.2,0.025,-0.01,-2.05693388075e-14,0
220.2,0.02,-0.005,8.65257628824e-15,0
220.2,0.025,-0.005,-7.40898686801e-15,0
220.2,0.02,0,1.74012449337e-14,0
220.2,0.025,4.16333634234e-19,3.46777010377e-15,0
220.2,0.02,0.005,2.58699064728e-14,0
220.2,0.025,0.005,1.38863787986e-14,0
220.2,0.02,0.01,3.2502578408e-14,0
220.2,0.025,0.01,2.24289906344e-14,0
220.2,0.02,0.015,3.58355567926e-14,0
220.2,0.025,0.015,2.68900734475e-14,0
220.2,0.02,0.02,3.13697858723e-14,0
220.2,0.02,0.025,1.81999091681e-14,0
220.2,0.025,0.02,2.45881367495e-14,0
220.2,0.025,0.025,1.48884315315e-14,0
220.2,0.02,0.03,2.03636709407e-15,0
220.2,0.02,0.035,-1.5441409793e-14,0
220.2,0.025,0.03,2.78382044585e-15,0
220.2,0.025,0.035,-1.08391060689e-14,0
220.2,0.02,0.04,-3.48882283705e-14,0
220.2,0.02,0.045,-5.68076653541e-14,0
220.2,0.025,0.04,-2.71278086567e-14,0
220.2,0.025,0.045,-4.59329935209e-14,0
220.2,0.02,0.05,-8.17847476293e-14,0
220.2,0.02,0.055,-1.09434997392e-13,0
220.2,0.025,0.05,-6.74863040186e-14,0
220.2,0.025,0.055,-9.17146563887e-14,0
220.2,0.02,0.06,-1.38253461069e-13,0
220.2,0.02,0.065,-1.65399209827e-13,0
220.2,0.025,0.06,-1.15774166501e-13,0
220.2,0.025,0.065,-1.39582026629e-13,0
220.2,0.02,0.07,-1.91807917047e-13,0
220.2,0.02,0.075,-2.19764557868e-13,0
220.2,0.025,0.07,-1.63704630842e-13,0
220.2,0.025,0.075,-1.88830321788e-13,0
220.2,0.03,-0.075,-7.83594084981e-14,0
220.2,0.03,-0.07,-8.01907755911e-14,0
220.2,0.035,-0.075,-3.03205648861e-14,0
220.2,0.035,-0.07,-3.7768254588e-14,0
220.2,0.03,-0.065,-8.55336704991e-14,0
220.2,0.035,-0.065,-4.90678297888e-14,0
220.2,0.03,-0.06,-9.30557998016e-14,0
220.2,0.035,-0.06,-6.31706379282e-14,0
220.2,0.03,-0.055,-1.00862114562e-13,0
220.2,0.035,-0.055,-7.80813358227e-14,0
220.2,0.03,-0.05,-1.05878016129e-13,0
220.2,0.035,-0.05,-8.97345587384e-14,0
220.2,0.03,-0.045,-1.06601504323e-13,0
220.2,0.035,-0.045,-9.61033961399e-14,0
220.2,0.03,-0.04,-1.05297259267e-13,0
220.2,0.035,-0.04,-1.00375133099e-13,0
220.2,0.03,-0.035,-1.02689610451e-13,0
220.2,0.035,-0.035,-1.03347290924e-13,0
220.2,0.03,-0.03,-9.78003658558e-14,0
220.2,0.035,-0.03,-1.04258563471e-13,0
220.2,0.03,-0.025,-9.01188754888e-14,0
220.2,0.035,-0.025,-1.02569699181e-13,0
220.2,0.03,-0.02,-7.56997985491e-14,0
220.2,0.035,-0.02,-9.4021633075e-14,0
220.2,0.03,-0.015,-5.69644328334e-14,0
220.2,0.035,-0.015,-7.81538140567e-14,0
220.2,0.03,-0.01,-3.99757387902e-14,0
220.2,0.035,-0.01,-6.04215964935e-14,0
220.2,0.03,-0.005,-2.50631645501e-14,0
220.2,0.035,-0.005,-4.38730191366e-14,0
220.2,0.03,0,-1.21693579282e-14,0
220.2,0.035,4.16333634234e-19,-2.90395233484e-14,0
220.2,0.03,0.005,2.91992303514e-16,0
220.2,0.035,0.005,-1.46500221672e-14,0
220.2,0.03,0.01,1.07557145443e-14,0
220.2,0.035,0.01,-1.91733064147e-15,0
220.2,0.03,0.015,1.69247165096e-14,0
220.2,0.035,0.015,6.99563394711e-15,0
220.2,0.03,0.02,1.76250003655e-14,0
220.2,0.035,0.02,1.18416395203e-14,0
220.2,0.03,0.025,1.26564280463e-14,0
220.2,0.035,0.025,1.21511836325e-14,0
220.2,0.03,0.03,4.84953481441e-15,0
220.2,0.03,0.035,-4.69351967854e-15,0
220.2,0.035,0.03,9.13569267071e-15,0
220.2,0.035,0.035,4.1473954266e-15,0
220.2,0.03,0.04,-1.61888672495e-14,0
220.2,0.03,0.045,-2.9987995646e-14,0
220.2,0.035,0.04,-2.12348320613e-15,0
220.2,0.035,0.045,-1.03276435353e-14,0
220.2,0.03,0.05,-4.70776106468e-14,0
220.2,0.03,0.055,-6.67729966801e-14,0
220.2,0.035,0.05,-2.27677137275e-14,0
220.2,0.035,0.055,-3.85588065461e-14,0
220.2,0.03,0.06,-8.74667621464e-14,0
220.2,0.03,0.065,-1.08965931216e-13,0
220.2,0.035,0.06,-5.63820860219e-14,0
220.2,0.035,0.065,-7.56458151325e-14,0
220.2,0.03,0.07,-1.31246771208e-13,0
220.2,0.03,0.075,-1.54454094044e-13,0
220.2,0.035,0.07,-9.6139607353e-14,0
220.2,0.035,0.075,-1.17587407275e-13,0
220.2,0.04,-0.075,3.32300678434e-14,0
220.2,0.04,-0.07,1.67814719186e-14,0
220.2,0.045,-0.075,1.08316348737e-13,0
220.2,0.045,-0.07,8.22773958636e-14,0
220.2,0.04,-0.065,-2.50020560836e-15,0
220.2,0.045,-0.065,5.48842915005e-14,0
220.2,0.04,-0.06,-2.42498708794e-14,0
220.2,0.045,-0.06,2.52003161228e-14,0
220.2,0.04,-0.055,-4.77024726417e-14,0
220.2,0.045,-0.055,-7.25599196311e-15,0
220.2,0.04,-0.05,-6.82020156892e-14,0
220.2,0.045,-0.05,-3.96065926173e-14,0
220.2,0.04,-0.045,-8.24445257922e-14,0
220.2,0.045,-0.045,-6.54480298894e-14,0
220.2,0.04,-0.04,-9.28893465333e-14,0
220.2,0.045,-0.04,-8.3588640856e-14,0
220.2,0.04,-0.035,-1.01733922918e-13,0
220.2,0.045,-0.035,-9.88631929789e-14,0
220.2,0.04,-0.03,-1.08620365686e-13,0
220.2,0.045,-0.03,-1.11787084292e-13,0
220.2,0.04,-0.025,-1.12895828109e-13,0
220.2,0.045,-0.025,-1.22068471475e-13,0
220.2,0.04,-0.02,-1.09811115882e-13,0
220.2,0.045,-0.02,-1.24167276978e-13,0
220.2,0.04,-0.015,-9.79328634057e-14,0
220.2,0.045,-0.015,-1.14663076834e-13,0
220.2,0.04,-0.01,-8.10726900787e-14,0
220.2,0.045,-0.01,-9.88646112389e-14,0
220.2,0.04,-0.005,-6.317235015e-14,0
220.2,0.045,-0.005,-8.10111270089e-14,0
220.2,0.04,0,-4.61246407109e-14,0
220.2,0.045,4.16333634234e-19,-6.2206339372e-14,0
220.2,0.04,0.005,-2.93308363382e-14,0
220.2,0.045,0.005,-4.29227812423e-14,0
220.2,0.04,0.01,-1.37627525079e-14,0
220.2,0.045,0.01,-2.37834875013e-14,0
220.2,0.04,0.015,-1.30157341476e-15,0
220.2,0.045,0.015,-7.36806659479e-15,0
220.2,0.04,0.02,8.04852243734e-15,0
220.2,0.045,0.02,6.13162079569e-15,0
220.2,0.04,0.025,1.35651900289e-14,0
220.2,0.045,0.025,1.63198389779e-14,0
220.2,0.04,0.03,1.58159169126e-14,0
220.2,0.045,0.03,2.36397710154e-14,0
220.2,0.04,0.035,1.61089996607e-14,0
220.2,0.045,0.035,2.9257683837e-14,0
220.2,0.04,0.04,1.39491045576e-14,0
220.2,0.04,0.045,9.81579810289e-15,0
220.2,0.045,0.04,3.1253469028e-14,0
220.2,0.045,0.045,3.1094861045e-14,0
220.2,0.04,0.05,2.40166067114e-15,0
220.2,0.04,0.055,-8.90144245444e-15,0
220.2,0.045,0.05,2.89108306825e-14,0
220.2,0.045,0.055,2.25290977761e-14,0
220.2,0.04,0.06,-2.31512122075e-14,0
220.2,0.04,0.065,-3.98930599794e-14,0
220.2,0.045,0.06,1.21542976751e-14,0
220.2,0.045,0.065,-1.85916110541e-15,0
220.2,0.04,0.07,-5.86740320796e-14,0
220.2,0.04,0.075,-7.87084712028e-14,0
220.2,0.045,0.07,-1.90348648385e-14,0
220.2,0.045,0.075,-3.80698011951e-14,0
220.2,0.05,-0.075,1.84281613996e-13,0
220.2,0.05,-0.07,1.52691394449e-13,0
220.2,0.055,-0.075,2.61935722988e-13,0
220.2,0.055,-0.07,2.26038764552e-13,0
220.2,0.05,-0.065,1.19028335889e-13,0
220.2,0.055,-0.065,1.86757443933e-13,0
220.2,0.05,-0.06,8.26104210981e-14,0
220.2,0.055,-0.06,1.43881465173e-13,0
220.2,0.05,-0.055,4.32567533014e-14,0
220.2,0.055,-0.055,9.7887443183e-14,0
220.2,0.05,-0.05,-1.92995487971e-15,0
220.2,0.055,-0.05,4.02384539737e-14,0
220.2,0.05,-0.045,-4.2678719252e-14,0
220.2,0.055,-0.045,-1.61866044858e-14,0
220.2,0.05,-0.04,-7.24168077473e-14,0
220.2,0.055,-0.04,-5.92847994417e-14,0
220.2,0.05,-0.035,-9.61242584342e-14,0
220.2,0.055,-0.035,-9.3490368619e-14,0
220.2,0.05,-0.03,-1.14636954287e-13,0
220.2,0.055,-0.03,-1.18160521597e-13,0
220.2,0.05,-0.025,-1.29608635944e-13,0
220.2,0.055,-0.025,-1.36923316043e-13,0
220.2,0.05,-0.02,-1.36419887463e-13,0
220.2,0.055,-0.02,-1.47039942659e-13,0
220.2,0.05,-0.015,-1.2953215046e-13,0
220.2,0.055,-0.015,-1.43872152053e-13,0
220.2,0.05,-0.01,-1.14202064157e-13,0
220.2,0.055,-0.01,-1.297837818e-13,0
220.2,0.05,-0.005,-9.65503689401e-14,0
220.2,0.055,-0.005,-1.11274569062e-13,0
220.2,0.05,0,-7.6537008898e-14,0
220.2,0.055,4.16333634234e-19,-8.90880025117e-14,0
220.2,0.05,0.005,-5.47463173545e-14,0
220.2,0.055,0.005,-6.48010795205e-14,0
220.2,0.05,0.01,-3.18770486331e-14,0
220.2,0.055,0.01,-3.94229596719e-14,0
220.2,0.05,0.015,-1.11530274399e-14,0
220.2,0.055,0.015,-1.56009733715e-14,0
220.2,0.05,0.02,5.9757990328e-15,0
220.2,0.055,0.02,5.58673545668e-15,0
220.2,0.05,0.025,2.04281928723e-14,0
220.2,0.055,0.025,2.47979663302e-14,0
220.2,0.05,0.03,3.17474176729e-14,0
220.2,0.055,0.03,4.02253815731e-14,0
220.2,0.05,0.035,4.17546678176e-14,0
220.2,0.055,0.035,5.42897442619e-14,0
220.2,0.05,0.04,4.94247237816e-14,0
220.2,0.055,0.04,6.846430035e-14,0
220.2,0.05,0.045,5.50216339507e-14,0
220.2,0.055,0.045,8.11685961039e-14,0
220.2,0.05,0.05,5.84198006334e-14,0
220.2,0.05,0.055,5.73394875954e-14,0
220.2,0.055,0.05,9.17224849617e-14,0
220.2,0.055,0.055,9.69612827292e-14,0
220.2,0.05,0.06,5.13269783644e-14,0
220.2,0.05,0.065,4.0465543814e-14,0
220.2,0.055,0.06,9.60087679322e-14,0
220.2,0.055,0.065,8.88151873592e-14,0
220.2,0.05,0.07,2.54338600766e-14,0
220.2,0.05,0.075,7.65907892972e-15,0
220.2,0.055,0.07,7.57169761921e-14,0
220.2,0.055,0.075,5.92482838876e-14,0
220.2,0.06,-0.075,3.45756141023e-13,0
220.2,0.06,-0.07,3.05120323227e-13,0
220.2,0.065,-0.075,4.34470597083e-13,0
220.2,0.065,-0.07,3.8968486281e-13,0
220.2,0.06,-0.065,2.60973797731e-13,0
220.2,0.065,-0.065,3.40444722812e-13,0
220.2,0.06,-0.06,2.1049343068e-13,0
220.2,0.065,-0.06,2.80174176524e-13,0
220.2,0.06,-0.055,1.51511026185e-13,0
220.2,0.065,-0.055,2.07451396259e-13,0
220.2,0.06,-0.05,8.29075691118e-14,0
220.2,0.065,-0.05,1.26755963321e-13,0
220.2,0.06,-0.045,1.50153871395e-14,0
220.2,0.065,-0.045,4.71739772487e-14,0
220.2,0.06,-0.04,-4.21582358246e-14,0
220.2,0.065,-0.04,-2.29160283404e-14,0
220.2,0.06,-0.035,-8.82872465065e-14,0
220.2,0.065,-0.035,-8.07569807296e-14,0
220.2,0.06,-0.03,-1.23197219539e-13,0
220.2,0.065,-0.03,-1.26318255257e-13,0
220.2,0.06,-0.025,-1.47166254235e-13,0
220.2,0.065,-0.025,-1.58509740082e-13,0
220.2,0.06,-0.02,-1.58818202584e-13,0
220.2,0.065,-0.02,-1.73873480776e-13,0
220.2,0.06,-0.015,-1.57854146978e-13,0
220.2,0.065,-0.015,-1.73293061294e-13,0
220.2,0.06,-0.01,-1.45236120735e-13,0
220.2,0.065,-0.01,-1.59745635454e-13,0
220.2,0.06,-0.005,-1.25062778275e-13,0
220.2,0.065,-0.005,-1.38146523486e-13,0
220.2,0.06,0,-1.00632656397e-13,0
220.2,0.065,4.16333634234e-19,-1.12031022558e-13,0
220.2,0.06,0.005,-7.44435513478e-14,0
220.2,0.065,0.005,-8.40020545086e-14,0
220.2,0.06,0.01,-4.67829810077e-14,0
220.2,0.065,0.01,-5.4284235291e-14,0
220.2,0.06,0.015,-2.00954245554e-14,0
220.2,0.065,0.015,-2.48945410126e-14,0
220.2,0.06,0.02,4.30215279669e-15,0
220.2,0.065,0.02,2.6305989222e-15,0
220.2,0.06,0.025,2.75684467131e-14,0
220.2,0.065,0.025,2.95923506226e-14,0
220.2,0.06,0.03,4.86669557494e-14,0
220.2,0.065,0.03,5.66401192726e-14,0
220.2,0.06,0.035,6.88300137111e-14,0
220.2,0.065,0.035,8.40035246135e-14,0
220.2,0.06,0.04,9.00895009127e-14,0
220.2,0.065,0.04,1.14171120502e-13,0
220.2,0.06,0.045,1.11326614977e-13,0
220.2,0.065,0.045,1.44791933519e-13,0
220.2,0.06,0.05,1.30354060461e-13,0
220.2,0.065,0.05,1.73239796313e-13,0
220.2,0.06,0.055,1.42852673509e-13,0
220.2,0.065,0.055,1.9412744757e-13,0
220.2,0.06,0.06,1.47395993322e-13,0
220.2,0.06,0.065,1.45617396548e-13,0
220.2,0.065,0.06,2.05263691994e-13,0
220.2,0.065,0.065,2.10099307204e-13,0
220.2,0.06,0.07,1.37662422583e-13,0
220.2,0.06,0.075,1.25847256315e-13,0
220.2,0.065,0.07,2.1019308055e-13,0
220.2,0.065,0.075,2.06203871628e-13,0
220.2,0.07,-0.075,5.31385659847e-13,0
220.2,0.07,-0.07,4.80031876066e-13,0
220.2,0.075,-0.075,6.2993579493e-13,0
220.2,0.075,-0.07,5.73093734865e-13,0
220.2,0.07,-0.065,4.21854947324e-13,0
220.2,0.075,-0.065,5.06255298383e-13,0
220.2,0.07,-0.06,3.50355112902e-13,0
220.2,0.075,-0.06,4.23160848346e-13,0
220.2,0.07,-0.055,2.6471095302e-13,0
220.2,0.075,-0.055,3.23434086383e-13,0
220.2,0.07,-0.05,1.70500264449e-13,0
220.2,0.075,-0.05,2.13172026348e-13,0
220.2,0.07,-0.045,7.74885378666e-14,0
220.2,0.075,-0.045,1.03980977825e-13,0
220.2,0.07,-0.04,-5.68663970792e-15,0
220.2,0.075,-0.04,7.42215140788e-15,0
220.2,0.07,-0.035,-7.47155901412e-14,0
220.2,0.075,-0.035,-7.27214867764e-14,0
220.2,0.07,-0.03,-1.28653863625e-13,0
220.2,0.075,-0.03,-1.34359280685e-13,0
220.2,0.07,-0.025,-1.6913515096e-13,0
220.2,0.075,-0.025,-1.81760964098e-13,0
220.2,0.07,-0.02,-1.91006960162e-13,0
220.2,0.075,-0.02,-2.09701696128e-13,0
220.2,0.07,-0.015,-1.90357103792e-13,0
220.2,0.075,-0.015,-2.08908665567e-13,0
220.2,0.07,-0.01,-1.74451509649e-13,0
220.2,0.075,-0.01,-1.90666980918e-13,0
220.2,0.07,-0.005,-1.51236775956e-13,0
220.2,0.075,-0.005,-1.64921801255e-13,0
220.2,0.07,0,-1.23390529093e-13,0
220.2,0.075,0,-1.3516918011e-13,0
220.2,0.07,0.005,-9.33303066658e-14,0
220.2,0.075,0.005,-1.03017980871e-13,0
220.2,0.07,0.01,-6.17794882985e-14,0
220.2,0.075,0.01,-6.92666287025e-14,0
220.2,0.07,0.015,-3.02107476487e-14,0
220.2,0.075,0.015,-3.53137988874e-14,0
220.2,0.07,0.02,3.63228106967e-16,0
220.2,0.075,0.02,-2.3234916176e-15,0
220.2,0.07,0.025,3.04565698424e-14,0
220.2,0.075,0.025,2.99332783128e-14,0
220.2,0.07,0.03,6.37564139408e-14,0
220.2,0.075,0.03,7.02368417701e-14,0
220.2,0.07,0.035,1.00811588362e-13,0
220.2,0.075,0.035,1.17821097098e-13,0
220.2,0.07,0.04,1.40340988867e-13,0
220.2,0.075,0.04,1.66950741755e-13,0
220.2,0.07,0.045,1.80392715607e-13,0
220.2,0.075,0.045,2.16351975563e-13,0
220.2,0.07,0.05,2.18109850449e-13,0
220.2,0.075,0.05,2.64867900537e-13,0
220.2,0.07,0.055,2.4828633366e-13,0
220.2,0.075,0.055,3.05524823047e-13,0
220.2,0.07,0.06,2.685404864e-13,0
220.2,0.075,0.06,3.35047749961e-13,0
220.2,0.07,0.065,2.80837841171e-13,0
220.2,0.075,0.065,3.5455614387e-13,0
220.2,0.07,0.07,2.87372740402e-13,0
220.2,0.07,0.075,2.89896071174e-13,0
220.2,0.075,0.07,3.66008320001e-13,0
220.2,0.075,0.075,3.72167764982e-13,0
318.5,-0.00382671281566,-0.00202612167119,0,0
318.5,-0.005,-0.005,2.77592625234e-14,0
318.5,-0.00197892066871,-0.00385133392306,0,0
318.5,-0.005,-0.00190753787223,1.57124534922e-14,0
318.5,-0.00433,0,0,0
318.5,-0.00190753787223,-0.005,1.57304691075e-14,0
318.5,0,-0.00433,0,0
318.5,-0.005,0.00190775150599,1.6713446365e-14,0
318.5,-0.00385133392306,0.00197892066871,0,0
318.5,0.00190775150599,-0.005,1.5713154935e-14,0
318.5,0.00202612167119,-0.00382671281566,0,0
318.5,-0.00202612167119,0.00382671281566,0,0
318.5,-0.005,0.005,3.36518599004e-14,0
318.5,-0.0019094272225,0.005,1.61618129165e-14,0
318.5,0,0.00433,0,0
318.5,0.00147766755988,0.00407006125046,0,0
318.5,8.32667268469e-19,0.005,1.12065865761e-14,0
318.5,0.00433,0,0,0
318.5,0.005,1.38777878078e-18,1.18879965351e-14,0
318.5,0.00407006125046,0.00147766755988,0,0
318.5,0.005,-0.005,3.1531397971e-14,0
318.5,0.00385133392306,-0.00197892066871,0,0
318.5,0.005,-0.0019094272225,1.67933943866e-14,0
318.5,0.00306177236254,0.00306177236254,0,0
318.5,0.0019094272225,0.005,1.61751920125e-14,0
318.5,0.005,0.0019094272225,1.68558474761e-14,0
318.5,-0.000885,-0.0015328649647,1.2715251589e-12,0
318.5,-0.0015328649647,-0.000885,1.27164754244e-12,0
318.5,-0.00186450691264,-0.00187567167242,8.43028721908e-13,0
318.5,-0.00177,0,1.27133926981e-12,0
318.5,-0.00268433516245,-0.000738983120158,7.59109913717e-13,0
318.5,0,-0.00177,1.27148678872e-12,0
318.5,-0.000718432264205,-0.00269192408424,7.57403737751e-13,0
318.5,-0.0015328649647,0.000885,1.26983477982e-12,0
318.5,-0.00265321485144,0.000647311733689,7.89893000579e-13,0
318.5,-0.000885,0.0015328649647,1.26820724243e-12,0
318.5,-0.00194719253591,0.00178443766524,8.43955021207e-13,0
318.5,0,0.00177,1.26410103293e-12,0
318.5,-0.000802720381054,0.00273415977115,7.17503237716e-13,0
318.5,0.000885,-0.0015328649647,1.27017561105e-12,0
318.5,0.00075154031863,-0.00270385456952,7.45293696045e-13,0
318.5,0.00177,0,1.26244078456e-12,0
318.5,0.0015328649647,-0.000885,1.26802316179e-12,0
318.5,0.00271471102228,-0.000564731152102,7.60917522775e-13,0
318.5,0.00192394637685,-0.00189207206672,8.10099414103e-13,0
318.5,0.00231817117671,0.00040530921667,9.87914778453e-13,0
318.5,0.0015328649647,0.000885,1.26070711598e-12,0
318.5,0.000885,0.0015328649647,1.26141218035e-12,0
318.5,0.000427053001345,0.00287092483521,6.8219255412e-13,0
318.5,0.00187618296239,0.00184774001435,8.33343885135e-13,0
318.5,0.00312733402203,0.000607809752493,5.19201399726e-13,0
318.5,0.00276214303706,0.00136595635004,5.76861973722e-13,0
318.5,0.0014100336009,0.00268674970267,6.04774396271e-13,0
318.5,-0.075,-0.075,1.36487672021e-12,0
318.5,-0.07,-0.075,1.1325588432e-12,0
318.5,-0.075,-0.07,1.17199492463e-12,0
318.5,-0.07,-0.07,9.63440092718e-13,0
318.5,-0.075,-0.065,9.544806428e-13,0
318.5,-0.07,-0.065,7.79972143026e-13,0
318.5,-0.065,-0.075,8.78276291333e-13,0
318.5,-0.065,-0.07,7.50357791789e-13,0
318.5,-0.065,-0.065,6.10108725458e-13,0
318.5,-0.075,-0.06,7.17946075121e-13,0
318.5,-0.07,-0.06,5.81946394689e-13,0
318.5,-0.065,-0.06,4.52411380299e-13,0
318.5,-0.075,-0.055,4.81272909442e-13,0
318.5,-0.07,-0.055,3.87356442283e-13,0
318.5,-0.065,-0.055,3.00238457422e-13,0
318.5,-0.075,-0.05,2.62530299215e-13,0
318.5,-0.07,-0.05,2.22964712922e-13,0
318.5,-0.065,-0.05,1.84312712939e-13,0
318.5,-0.075,-0.045,9.48675364438e-14,0
318.5,-0.07,-0.045,9.28413092737e-14,0
318.5,-0.065,-0.045,8.25161606428e-14,0
318.5,-0.075,-0.04,-2.2386231222e-14,0
318.5,-0.07,-0.04,-1.05134510421e-14,0
318.5,-0.075,-0.035,-1.25350537071e-13,0
318.5,-0.07,-0.035,-9.9782561167e-14,0
318.5,-0.065,-0.04,-5.52830981427e-15,0
318.5,-0.065,-0.035,-8.08715802815e-14,0
318.5,-0.075,-0.03,-2.12538959375e-13,0
318.5,-0.07,-0.03,-1.744473692e-13,0
318.5,-0.075,-0.025,-2.78862709831e-13,0
318.5,-0.07,-0.025,-2.33669649474e-13,0
318.5,-0.065,-0.03,-1.43008558693e-13,0
318.5,-0.065,-0.025,-1.94978246688e-13,0
318.5,-0.075,-0.02,-3.25912720344e-13,0
318.5,-0.07,-0.02,-2.77648728543e-13,0
318.5,-0.075,-0.015,-3.63922860834e-13,0
318.5,-0.07,-0.015,-3.10500313521e-13,0
318.5,-0.065,-0.02,-2.35278149501e-13,0
318.5,-0.065,-0.015,-2.62370202021e-13,0
318.5,-0.075,-0.01,-3.87356258376e-13,0
318.5,-0.07,-0.01,-3.26738549225e-13,0
318.5,-0.075,-0.005,-3.87757205171e-13,0
318.5,-0.07,-0.005,-3.21837691901e-13,0
318.5,-0.065,-0.01,-2.71754239933e-13,0
318.5,-0.065,-0.005,-2.61006071254e-13,0
318.5,-0.075,0,-3.68802321307e-13,0
318.5,-0.07,0,-2.99668111383e-13,0
318.5,-0.075,0.005,-3.37600712013e-13,0
318.5,-0.07,0.005,-2.65706688577e-13,0
318.5,-0.065,4.16333634234e-19,-2.34453116146e-13,0
318.5,-0.065,0.005,-1.94508968226e-13,0
318.5,-0.075,0.01,-2.82664585944e-13,0
318.5,-0.07,0.01,-2.10306437948e-13,0
318.5,-0.075,0.015,-2.09208770636e-13,0
318.5,-0.07,0.015,-1.41209586029e-13,0
318.5,-0.065,0.01,-1.36610086141e-13,0
318.5,-0.065,0.015,-7.13022687834e-14,0
318.5,-0.075,0.02,-1.42255077867e-13,0
318.5,-0.07,0.02,-7.65197394718e-14,0
318.5,-0.075,0.025,-7.91343721157e-14,0
318.5,-0.07,0.025,-1.64767816445e-14,0
318.5,-0.065,0.02,-9.16063145685e-15,0
318.5,-0.065,0.025,4.55110952555e-14,0
318.5,-0.075,0.03,-2.30230243518e-14,0
318.5,-0.07,0.03,3.02477970387e-14,0
318.5,-0.075,0.035,7.37804130804e-15,0
318.5,-0.07,0.035,5.33617139295e-14,0
318.5,-0.065,0.03,8.25646394315e-14,0
318.5,-0.065,0.035,9.97202069433e-14,0
318.5,-0.075,0.04,-9.85311765256e-16,0
318.5,-0.07,0.04,4.6407569402e-14,0
318.5,-0.075,0.045,-5.9824072387e-14,0
318.5,-0.07,0.045,2.44110771962e-16,0
318.5,-0.065,0.04,9.43762018714e-14,0
318.5,-0.065,0.045,6.26051416097e-14,0
318.5,-0.075,0.05,-1.69868145618e-13,0
318.5,-0.07,0.05,-9.11549019818e-14,0
318.5,-0.075,0.055,-3.20770335769e-13,0
318.5,-0.07,0.055,-2.19086676875e-13,0
318.5,-0.065,0.05,-1.04681755499e-14,0
318.5,-0.065,0.055,-1.18726126958e-13,0
318.5,-0.075,0.06,-4.93639414463e-13,0
318.5,-0.07,0.06,-3.66409395037e-13,0
318.5,-0.075,0.065,-6.70535237699e-13,0
318.5,-0.07,0.065,-5.18563902493e-13,0
318.5,-0.065,0.06,-2.42717086932e-13,0
318.5,-0.065,0.065,-3.70854481872e-13,0
318.5,-0.075,0.07,-8.3734711742e-13,0
318.5,-0.07,0.07,-6.65848060954e-13,0
318.5,-0.075,0.075,-9.90345674564e-13,0
318.5,-0.07,0.075,-8.05103286925e-13,0
318.5,-0.065,0.07,-4.96378438471e-13,0
318.5,-0.065,0.075,-6.14409831417e-13,0
318.5,-0.06,-0.075,6.11185586996e-13,0
318.5,-0.06,-0.07,5.40409647376e-13,0
318.5,-0.06,-0.065,4.55248085151e-13,0
318.5,-0.055,-0.075,3.98720429355e-13,0
318.5,-0.055,-0.07,3.69440447174e-13,0
318.5,-0.055,-0.065,3.28606914671e-13,0
318.5,-0.06,-0.06,3.4753614088e-13,0
318.5,-0.06,-0.055,2.39583777492e-13,0
318.5,-0.055,-0.06,2.600196892e-13,0
318.5,-0.055,-0.055,1.81358117697e-13,0
318.5,-0.06,-0.05,1.48305622061e-13,0
318.5,-0.055,-0.05,1.10013394699e-13,0
318.5,-0.06,-0.045,6.58921636486e-14,0
318.5,-0.055,-0.045,4.54420385801e-14,0
318.5,-0.06,-0.04,-5.92768246614e-15,0
318.5,-0.055,-0.04,-1.04227804814e-14,0
318.5,-0.06,-0.035,-6.79741524989e-14,0
318.5,-0.055,-0.035,-5.98949176135e-14,0
318.5,-0.06,-0.03,-1.20804691901e-13,0
318.5,-0.06,-0.025,-1.65895490778e-13,0
318.5,-0.055,-0.03,-1.03884709208e-13,0
318.5,-0.055,-0.025,-1.41889702431e-13,0
318.5,-0.06,-0.02,-1.99659266071e-13,0
318.5,-0.06,-0.015,-2.18760559319e-13,0
318.5,-0.055,-0.02,-1.68681271719e-13,0
318.5,-0.055,-0.015,-1.7734904549e-13,0
318.5,-0.06,-0.01,-2.18991524682e-13,0
318.5,-0.06,-0.005,-2.02636134079e-13,0
318.5,-0.055,-0.01,-1.66148052573e-13,0
318.5,-0.055,-0.005,-1.4347388497e-13,0
318.5,-0.06,0,-1.70305258018e-13,0
318.5,-0.06,0.005,-1.21622830389e-13,0
318.5,-0.055,4.16333634234e-19,-1.05726788042e-13,0
318.5,-0.055,0.005,-5.22056444925e-14,0
318.5,-0.06,0.01,-6.22038407045e-14,0
318.5,-0.06,0.015,-7.81926552145e-17,0
318.5,-0.055,0.01,7.61699571765e-15,0
318.5,-0.055,0.015,6.64101178547e-14,0
318.5,-0.06,0.02,5.74818978848e-14,0
318.5,-0.06,0.025,1.02500425265e-13,0
318.5,-0.055,0.02,1.16839779708e-13,0
318.5,-0.055,0.025,1.53916579415e-13,0
318.5,-0.06,0.03,1.30636617366e-13,0
318.5,-0.06,0.035,1.4388071386e-13,0
318.5,-0.055,0.03,1.76195297359e-13,0
318.5,-0.055,0.035,1.85691705983e-13,0
318.5,-0.06,0.04,1.37950218954e-13,0
318.5,-0.06,0.045,1.11844946106e-13,0
318.5,-0.055,0.04,1.78013391315e-13,0
318.5,-0.055,0.045,1.50300951532e-13,0
318.5,-0.06,0.05,5.55625662874e-14,0
318.5,-0.06,0.055,-3.26740733076e-14,0
318.5,-0.055,0.05,1.0019146095e-13,0
318.5,-0.055,0.055,2.6778456408e-14,0
318.5,-0.06,0.06,-1.35466675018e-13,0
318.5,-0.06,0.065,-2.41546593531e-13,0
318.5,-0.055,0.06,-6.01759585638e-14,0
318.5,-0.055,0.065,-1.51862191748e-13,0
318.5,-0.06,0.07,-3.44559291851e-13,0
318.5,-0.06,0.075,-4.40081491811e-13,0
318.5,-0.055,0.07,-2.40479346844e-13,0
318.5,-0.055,0.075,-3.24330605142e-13,0
318.5,-0.05,-0.075,2.63476494303e-13,0
318.5,-0.05,-0.07,2.45199923267e-13,0
318.5,-0.045,-0.075,1.42529163018e-13,0
318.5,-0.045,-0.07,1.35575142201e-13,0
318.5,-0.05,-0.065,2.18862528487e-13,0
318.5,-0.045,-0.065,1.21619543677e-13,0
318.5,-0.05,-0.06,1.75319788893e-13,0
318.5,-0.05,-0.055,1.21664433849e-13,0
318.5,-0.045,-0.06,9.70686026936e-14,0
318.5,-0.045,-0.055,6.46366168519e-14,0
318.5,-0.05,-0.05,7.07578941968e-14,0
318.5,-0.05,-0.045,2.36955035703e-14,0
318.5,-0.045,-0.05,3.20612821961e-14,0
318.5,-0.045,-0.045,1.13634118449e-16,0
318.5,-0.05,-0.04,-1.87578010407e-14,0
318.5,-0.045,-0.04,-3.02941969733e-14,0
318.5,-0.05,-0.035,-5.7023727944e-14,0
318.5,-0.045,-0.035,-5.76132017193e-14,0
318.5,-0.05,-0.03,-9.13397935083e-14,0
318.5,-0.045,-0.03,-8.19422969157e-14,0
318.5,-0.05,-0.025,-1.20458804451e-13,0
318.5,-0.045,-0.025,-1.00275421393e-13,0
318.5,-0.05,-0.02,-1.3705988433e-13,0
318.5,-0.05,-0.015,-1.34376371623e-13,0
318.5,-0.045,-0.02,-1.03922572004e-13,0
318.5,-0.045,-0.015,-9.26323827911e-14,0
318.5,-0.05,-0.01,-1.15858516736e-13,0
318.5,-0.05,-0.005,-8.87415248448e-14,0
318.5,-0.045,-0.01,-6.98777451148e-14,0
318.5,-0.045,-0.005,-3.8481150205e-14,0
318.5,-0.05,0,-4.62746733991e-14,0
318.5,-0.05,0.005,9.48879478281e-15,0
318.5,-0.045,4.16333634234e-19,6.17081575669e-15,0
318.5,-0.045,0.005,6.10635496074e-14,0
318.5,-0.05,0.01,6.87336691721e-14,0
318.5,-0.05,0.015,1.23401914899e-13,0
318.5,-0.045,0.01,1.18494948773e-13,0
318.5,-0.045,0.015,1.71015625408e-13,0
318.5,-0.05,0.02,1.67906720796e-13,0
318.5,-0.05,0.025,1.99286021225e-13,0
318.5,-0.045,0.02,2.1275393606e-13,0
318.5,-0.045,0.025,2.37532076934e-13,0
318.5,-0.05,0.03,2.15761411055e-13,0
318.5,-0.05,0.035,2.20900029295e-13,0
318.5,-0.045,0.03,2.46004844799e-13,0
318.5,-0.045,0.035,2.45907403753e-13,0
318.5,-0.05,0.04,2.10253474626e-13,0
318.5,-0.05,0.045,1.79636159118e-13,0
318.5,-0.045,0.04,2.3210359069e-13,0
318.5,-0.045,0.045,1.99993670199e-13,0
318.5,-0.05,0.05,1.31543875666e-13,0
318.5,-0.05,0.055,6.76736642939e-14,0
318.5,-0.045,0.05,1.54423265939e-13,0
318.5,-0.045,0.055,1.00290335761e-13,0
318.5,-0.05,0.06,-1.01110106711e-14,0
318.5,-0.05,0.065,-9.48629162892e-14,0
318.5,-0.045,0.06,3.19782953533e-14,0
318.5,-0.045,0.065,-4.60006669506e-14,0
318.5,-0.05,0.07,-1.79450006185e-13,0
318.5,-0.05,0.075,-2.60801107155e-13,0
318.5,-0.045,0.07,-1.261876095e-13,0
318.5,-0.045,0.075,-2.04051999394e-13,0
318.5,-0.04,-0.075,3.74102885812e-14,0
318.5,-0.04,-0.07,4.00905658662e-14,0
318.5,-0.035,-0.075,-5.63698455836e-14,0
318.5,-0.035,-0.07,-4.47157860417e-14,0
318.5,-0.04,-0.065,3.79428301751e-14,0
318.5,-0.035,-0.065,-3.65371928222e-14,0
318.5,-0.04,-0.06,2.9728001951e-14,0
318.5,-0.035,-0.06,-3.20364628737e-14,0
318.5,-0.04,-0.055,1.45832160083e-14,0
318.5,-0.035,-0.055,-3.24518274291e-14,0
318.5,-0.04,-0.05,-5.01574051953e-15,0
318.5,-0.04,-0.045,-2.50851676039e-14,0
318.5,-0.035,-0.05,-4.05395536699e-14,0
318.5,-0.035,-0.045,-4.98069880703e-14,0
318.5,-0.04,-0.04,-4.42094952975e-14,0
318.5,-0.04,-0.035,-6.13806464003e-14,0
318.5,-0.035,-0.04,-5.7718604873e-14,0
318.5,-0.035,-0.035,-6.40502655329e-14,0
318.5,-0.04,-0.03,-7.4192766816e-14,0
318.5,-0.035,-0.03,-6.54100391866e-14,0
318.5,-0.04,-0.025,-8.01097086843e-14,0
318.5,-0.035,-0.025,-6.22372009301e-14,0
318.5,-0.04,-0.02,-7.53134895749e-14,0
318.5,-0.035,-0.02,-5.25043969879e-14,0
318.5,-0.04,-0.015,-5.86608665798e-14,0
318.5,-0.035,-0.015,-3.30625547351e-14,0
318.5,-0.04,-0.01,-3.14101179671e-14,0
318.5,-0.04,-0.005,3.94637952151e-15,0
318.5,-0.035,-0.01,-5.05020880007e-15,0
318.5,-0.035,-0.005,2.98568305797e-14,0
318.5,-0.04,0,4.77209809247e-14,0
318.5,-0.04,0.005,9.85825841128e-14,0
318.5,-0.035,4.16333634234e-19,7.07346329016e-14,0
318.5,-0.035,0.005,1.16721315889e-13,0
318.5,-0.04,0.01,1.52497594063e-13,0
318.5,-0.04,0.015,2.03916591001e-13,0
318.5,-0.035,0.01,1.66947052315e-13,0
318.5,-0.035,0.015,2.16955083362e-13,0
318.5,-0.04,0.02,2.44153399372e-13,0
318.5,-0.04,0.025,2.62901493227e-13,0
318.5,-0.035,0.02,2.5749689563e-13,0
318.5,-0.035,0.025,2.75301364815e-13,0
318.5,-0.04,0.03,2.65839469573e-13,0
318.5,-0.04,0.035,2.62084323907e-13,0
318.5,-0.035,0.03,2.77125615769e-13,0
318.5,-0.035,0.035,2.72021375183e-13,0
318.5,-0.04,0.04,2.46276384613e-13,0
318.5,-0.04,0.045,2.14388288883e-13,0
318.5,-0.035,0.04,2.55920718105e-13,0
318.5,-0.035,0.045,2.26539877386e-13,0
318.5,-0.04,0.05,1.70663898841e-13,0
318.5,-0.04,0.055,1.21078553114e-13,0
318.5,-0.035,0.05,1.85057207531e-13,0
318.5,-0.035,0.055,1.35695547024e-13,0
318.5,-0.04,0.06,6.12237349221e-14,0
318.5,-0.04,0.065,-9.92625809139e-15,0
318.5,-0.035,0.06,7.71112239046e-14,0
318.5,-0.035,0.065,9.93740179702e-15,0
318.5,-0.04,0.07,-8.49454859581e-14,0
318.5,-0.04,0.075,-1.57495687603e-13,0
318.5,-0.035,0.07,-6.08931934256e-14,0
318.5,-0.035,0.075,-1.29784484695e-13,0
318.5,-0.03,-0.075,-1.39376835291e-13,0
318.5,-0.03,-0.07,-1.2071936171e-13,0
318.5,-0.025,-0.075,-2.17388346385e-13,0
318.5,-0.025,-0.07,-1.91150192418e-13,0
318.5,-0.03,-0.065,-1.04149519816e-13,0
318.5,-0.025,-0.065,-1.65602666301e-13,0
318.5,-0.03,-0.06,-8.96469052708e-14,0
318.5,-0.025,-0.06,-1.40325300228e-13,0
318.5,-0.03,-0.055,-7.8686878206e-14,0
318.5,-0.025,-0.055,-1.18072134223e-13,0
318.5,-0.03,-0.05,-7.37890261639e-14,0
318.5,-0.025,-0.05,-9.96839063128e-14,0
318.5,-0.03,-0.045,-7.08549108715e-14,0
318.5,-0.025,-0.045,-8.28251638005e-14,0
318.5,-0.03,-0.04,-6.61551256567e-14,0
318.5,-0.03,-0.035,-6.06279321311e-14,0
318.5,-0.025,-0.04,-6.61801019642e-14,0
318.5,-0.025,-0.035,-5.17116667089e-14,0
318.5,-0.03,-0.03,-5.40147041005e-14,0
318.5,-0.03,-0.025,-4.60874367054e-14,0
318.5,-0.025,-0.03,-4.0001861007e-14,0
318.5,-0.025,-0.025,-2.90774626809e-14,0
318.5,-0.03,-0.02,-3.39252425838e-14,0
318.5,-0.025,-0.02,-1.62663023292e-14,0
318.5,-0.03,-0.015,-1.48811031741e-14,0
318.5,-0.025,-0.015,4.56568714819e-16,0
318.5,-0.03,-0.01,1.05009212437e-14,0
318.5,-0.025,-0.01,2.19311719621e-14,0
318.5,-0.03,-0.005,4.16157882862e-14,0
318.5,-0.025,-0.005,4.82478422939e-14,0
318.5,-0.03,0,7.8771771734e-14,0
318.5,-0.03,0.005,1.21541432592e-13,0
318.5,-0.025,4.16333634234e-19,8.07220906952e-14,0
318.5,-0.025,0.005,1.19483398614e-13,0
318.5,-0.03,0.01,1.688774161e-13,0
318.5,-0.03,0.015,2.1759610762e-13,0
318.5,-0.025,0.01,1.63525207299e-13,0
318.5,-0.025,0.015,2.10414827985e-13,0
318.5,-0.03,0.02,2.58732954655e-13,0
318.5,-0.03,0.025,2.78353227139e-13,0
318.5,-0.025,0.02,2.5175595387e-13,0
318.5,-0.025,0.025,2.74313922751e-13,0
318.5,-0.03,0.03,2.81393851115e-13,0
318.5,-0.03,0.035,2.77037782233e-13,0
318.5,-0.025,0.03,2.8090921945e-13,0
318.5,-0.025,0.035,2.79548629102e-13,0
318.5,-0.03,0.04,2.61814546243e-13,0
318.5,-0.03,0.045,2.34791416453e-13,0
318.5,-0.025,0.04,2.66124740695e-13,0
318.5,-0.025,0.045,2.39443385284e-13,0
318.5,-0.03,0.05,1.95238239949e-13,0
318.5,-0.03,0.055,1.44232308559e-13,0
318.5,-0.025,0.05,1.99414537653e-13,0
318.5,-0.025,0.055,1.47454162612e-13,0
318.5,-0.03,0.06,8.40159909554e-14,0
318.5,-0.03,0.065,1.7323931265e-14,0
318.5,-0.025,0.06,8.58440268607e-14,0
318.5,-0.025,0.065,1.6439439139e-14,0
318.5,-0.03,0.07,-5.22166904004e-14,0
318.5,-0.03,0.075,-1.2008177343e-13,0
318.5,-0.025,0.07,-5.62698533265e-14,0
318.5,-0.025,0.075,-1.25761805959e-13,0
318.5,-0.02,-0.075,-2.9304174261e-13,0
318.5,-0.02,-0.07,-2.54321921124e-13,0
318.5,-0.015,-0.075,-3.61130643188e-13,0
318.5,-0.015,-0.07,-3.08669355402e-13,0
318.5,-0.02,-0.065,-2.16673469943e-13,0
318.5,-0.015,-0.065,-2.57551708494e-13,0
318.5,-0.02,-0.06,-1.80335207353e-13,0
318.5,-0.015,-0.06,-2.0928385735e-13,0
318.5,-0.02,-0.055,-1.46910352772e-13,0
318.5,-0.015,-0.055,-1.61133391536e-13,0
318.5,-0.02,-0.05,-1.14205665356e-13,0
318.5,-0.015,-0.05,-1.14090939693e-13,0
318.5,-0.02,-0.045,-8.32279402782e-14,0
318.5,-0.015,-0.045,-7.33041780755e-14,0
318.5,-0.02,-0.04,-5.79137434065e-14,0
318.5,-0.015,-0.04,-4.14069632219e-14,0
318.5,-0.02,-0.035,-3.72956737085e-14,0
318.5,-0.015,-0.035,-1.58167862753e-14,0
318.5,-0.02,-0.03,-2.15550250459e-14,0
318.5,-0.02,-0.025,-9.35636568065e-15,0
318.5,-0.015,-0.03,2.38133713189e-15,0
318.5,-0.015,-0.025,1.38203539055e-14,0
318.5,-0.02,-0.02,1.92068956594e-15,0
318.5,-0.02,-0.015,1.4544055928e-14,0
318.5,-0.015,-0.02,2.1455176939e-14,0
318.5,-0.015,-0.015,2.8047098343e-14,0
318.5,-0.02,-0.01,3.01561825963e-14,0
318.5,-0.015,-0.01,3.56530331265e-14,0
318.5,-0.02,-0.005,4.98340623569e-14,0
318.5,-0.015,-0.005,4.63437053091e-14,0
318.5,-0.02,0,7.51135862883e-14,0
318.5,-0.015,4.16333634234e-19,6.23169720651e-14,0
318.5,-0.02,0.005,1.08412664199e-13,0
318.5,-0.015,0.005,8.89461104233e-14,0
318.5,-0.02,0.01,1.50158243848e-13,0
318.5,-0.02,0.015,1.96894404036e-13,0
318.5,-0.015,0.01,1.29983360838e-13,0
318.5,-0.015,0.015,1.7907192984e-13,0
318.5,-0.02,0.02,2.40196119612e-13,0
318.5,-0.02,0.025,2.67315999804e-13,0
318.5,-0.015,0.02,2.26544790459e-13,0
318.5,-0.015,0.025,2.6039078414e-13,0
318.5,-0.02,0.03,2.77935087921e-13,0
318.5,-0.02,0.035,2.79325767865e-13,0
318.5,-0.015,0.03,2.75717507942e-13,0
318.5,-0.015,0.035,2.7803198326e-13,0
318.5,-0.02,0.04,2.66943881223e-13,0
318.5,-0.02,0.045,2.38268219817e-13,0
318.5,-0.015,0.04,2.63363426975e-13,0
318.5,-0.015,0.045,2.29788007397e-13,0
318.5,-0.02,0.05,1.94829714945e-13,0
318.5,-0.02,0.055,1.39973255171e-13,0
318.5,-0.015,0.05,1.79203734939e-13,0
318.5,-0.015,0.055,1.16688254802e-13,0
318.5,-0.02,0.06,7.3049335218e-14,0
318.5,-0.02,0.065,-5.1912371919e-15,0
318.5,-0.015,0.06,3.91669587464e-14,0
318.5,-0.015,0.065,-5.29371402844e-14,0
318.5,-0.02,0.07,-8.69997873001e-14,0
318.5,-0.02,0.075,-1.64014591725e-13,0
318.5,-0.015,0.07,-1.49509683137e-13,0
318.5,-0.015,0.075,-2.41266471183e-13,0
318.5,-0.01,-0.075,-4.20432410445e-13,0
318.5,-0.01,-0.07,-3.48965112537e-13,0
318.5,-0.005,-0.075,-4.51941801276e-13,0
318.5,-0.005,-0.07,-3.64650482004e-13,0
318.5,-0.01,-0.065,-2.82148394525e-13,0
318.5,-0.005,-0.065,-2.83070731996e-13,0
318.5,-0.01,-0.06,-2.16063582743e-13,0
318.5,-0.005,-0.06,-2.02328947957e-13,0
318.5,-0.01,-0.055,-1.51854581313e-13,0
318.5,-0.005,-0.055,-1.28249527965e-13,0
318.5,-0.01,-0.05,-9.76996535698e-14,0
318.5,-0.005,-0.05,-6.97500996944e-14,0
318.5,-0.01,-0.045,-5.20726602953e-14,0
318.5,-0.005,-0.045,-2.0082556094e-14,0
318.5,-0.01,-0.04,-1.5475611014e-14,0
318.5,-0.005,-0.04,2.02437527966e-14,0
318.5,-0.01,-0.035,1.39471884928e-14,0
318.5,-0.005,-0.035,5.28738310676e-14,0
318.5,-0.01,-0.03,3.31678535342e-14,0
318.5,-0.005,-0.03,7.14338824756e-14,0
318.5,-0.01,-0.025,4.15296213034e-14,0
318.5,-0.005,-0.025,7.44800349352e-14,0
318.5,-0.01,-0.02,4.37357596241e-14,0
318.5,-0.01,-0.015,4.28157327909e-14,0
318.5,-0.005,-0.02,6.97985225482e-14,0
318.5,-0.005,-0.015,6.06979547924e-14,0
318.5,-0.0117873230072,-0.0115873794689,3.79930277179e-14,0
318.5,-0.00939961996336,-0.005,3.6974638818e-14,0
318.5,-0.00792797428371,-0.00964253216809,4.14757695561e-14,0
318.5,-0.005,-0.00939961996336,4.44306191036e-14,0
318.5,-0.0108753492546,-0.00150606400588,4.37169052646e-14,0
318.5,-0.00818101620308,-0.00211452602544,3.30437887281e-14,0
318.5,-0.00651817360753,-0.000255934956239,2.49321194454e-14,0
318.5,-0.005,6.71033969428e-08,1.17613724862e-14,0
318.5,-0.0107292118043,0.00160660295843,5.12638142537e-14,0
318.5,-0.0080188992252,0.000768320427092,3.49605737979e-14,0
318.5,-0.00939946851065,0.005,5.93493222801e-14,0
318.5,-0.00802129342231,0.00264911934363,4.0508147868e-14,0
318.5,-0.00887989370213,0.00887989479405,8.68654240621e-14,0
318.5,-0.01,0.015,1.58535955448e-13,0
318.5,-0.005,0.00939947397025,7.38242068719e-14,0
318.5,-0.005,0.015,1.39612068579e-13,0
318.5,-0.01,0.02,2.11361339695e-13,0
318.5,-0.01,0.025,2.5226248013e-13,0
318.5,-0.005,0.02,1.99401811095e-13,0
318.5,-0.005,0.025,2.47109646073e-13,0
318.5,-0.01,0.03,2.74236516983e-13,0
318.5,-0.01,0.035,2.7551003188e-13,0
318.5,-0.005,0.03,2.72748001595e-13,0
318.5,-0.005,0.035,2.71876436625e-13,0
318.5,-0.01,0.04,2.55696983766e-13,0
318.5,-0.01,0.045,2.1417885365e-13,0
318.5,-0.005,0.04,2.46294651886e-13,0
318.5,-0.005,0.045,1.93493191325e-13,0
318.5,-0.01,0.05,1.53179804252e-13,0
318.5,-0.01,0.055,7.93324596613e-14,0
318.5,-0.005,0.05,1.18781940799e-13,0
318.5,-0.005,0.055,3.09439939191e-14,0
318.5,-0.01,0.06,-1.30906519417e-14,0
318.5,-0.01,0.065,-1.21990033514e-13,0
318.5,-0.005,0.06,-7.55848701048e-14,0
318.5,-0.005,0.065,-1.97636943951e-13,0
318.5,-0.01,0.07,-2.3800268343e-13,0
318.5,-0.01,0.075,-3.54889060722e-13,0
318.5,-0.005,0.07,-3.28703150741e-13,0
318.5,-0.005,0.075,-4.65888872805e-13,0
318.5,0,-0.075,-4.51795483361e-13,0
318.5,0,-0.07,-3.55592609528e-13,0
318.5,0.005,-0.075,-4.24055232531e-13,0
318.5,0.005,-0.07,-3.24306423966e-13,0
318.5,0,-0.065,-2.647252131e-13,0
318.5,0.005,-0.065,-2.27416609666e-13,0
318.5,0,-0.06,-1.74545692251e-13,0
318.5,0.005,-0.06,-1.33806157897e-13,0
318.5,0,-0.055,-9.34742964701e-14,0
318.5,0.005,-0.055,-4.89378405178e-14,0
318.5,0,-0.05,-3.0039788619e-14,0
318.5,0.005,-0.05,2.03762594781e-14,0
318.5,0,-0.045,2.32413866477e-14,0
318.5,0.005,-0.045,7.69078638479e-14,0
318.5,0,-0.04,6.6508860132e-14,0
318.5,0.005,-0.04,1.22500837728e-13,0
318.5,0,-0.035,1.01826738538e-13,0
318.5,0.005,-0.035,1.60020276263e-13,0
318.5,0,-0.03,1.21005036334e-13,0
318.5,0.005,-0.03,1.8153889909e-13,0
318.5,0,-0.025,1.20725182811e-13,0
318.5,0.005,-0.025,1.79206461903e-13,0
318.5,0,-0.02,1.06693481069e-13,0
318.5,0.005,-0.02,1.54770408845e-13,0
318.5,0,-0.015,8.45168007052e-14,0
318.5,0.005,-0.015,1.1548331826e-13,0
318.5,-0.0021196717084,-0.00776771017156,4.16620366529e-14,0
318.5,-0.00084550708518,-0.00631514607954,3.03639549951e-14,0
318.5,6.71033969406e-08,-0.005,1.14298308679e-14,0
318.5,-0.00139054260708,-0.0110960807567,6.01819333878e-14,0
318.5,0.00132468676756,-0.00775008274642,4.6609122582e-14,0
318.5,0.00160394440688,-0.0116908851489,7.33935842919e-14,0
318.5,0.005,-0.00939946851065,6.8199774583e-14,0
318.5,0.005,0.005,3.37065432001e-14,0
318.5,-0.000107646311398,0.00617659695633,2.98281985624e-14,0
318.5,-0.00190846935279,0.0076427502668,4.78113263871e-14,0
318.5,0.00131146485568,0.00777290068297,4.73253614541e-14,0
318.5,0.00295884413402,0.00640276348073,3.52555700919e-14,0
318.5,-1.21517769428e-05,0.0108932602996,7.9953503804e-14,0
318.5,0,0.015,1.27587109059e-13,0
318.5,0.005,0.00939942566771,7.23906805791e-14,0
318.5,0.005,0.015,1.32742242241e-13,0
318.5,0,0.02,1.96046444802e-13,0
318.5,0,0.025,2.49268837141e-13,0
318.5,0.005,0.02,2.04692892132e-13,0
318.5,0.005,0.025,2.55305604743e-13,0
318.5,0,0.03,2.67944202621e-13,0
318.5,0,0.035,2.62104639154e-13,0
318.5,0.005,0.03,2.57531730388e-13,0
318.5,0.005,0.035,2.43907272611e-13,0
318.5,0,0.04,2.30760001107e-13,0
318.5,0,0.045,1.66983519518e-13,0
318.5,0.005,0.04,2.08369640963e-13,0
318.5,0.005,0.045,1.38846276304e-13,0
318.5,0,0.05,8.06215903501e-14,0
318.5,0,0.055,-1.85750718409e-14,0
318.5,0.005,0.05,4.6054385451e-14,0
318.5,0.005,0.055,-5.9555460064e-14,0
318.5,0,0.06,-1.33969030027e-13,0
318.5,0,0.065,-2.6416668855e-13,0
318.5,0.005,0.06,-1.82893491423e-13,0
318.5,0.005,0.065,-3.22338389102e-13,0
318.5,0,0.07,-4.03252664678e-13,0
318.5,0,0.075,-5.47159746301e-13,0
318.5,0.005,0.07,-4.69648748584e-13,0
318.5,0.005,0.075,-6.20239511902e-13,0
318.5,0.01,-0.075,-3.79961183397e-13,0
318.5,0.01,-0.07,-2.79343371352e-13,0
318.5,0.015,-0.075,-3.31845163097e-13,0
318.5,0.015,-0.07,-2.30481191159e-13,0
318.5,0.01,-0.065,-1.80468728193e-13,0
318.5,0.015,-0.065,-1.29831879204e-13,0
318.5,0.01,-0.06,-8.48039519819e-14,0
318.5,0.015,-0.06,-3.09511686183e-14,0
318.5,0.01,-0.055,4.21116434395e-15,0
318.5,0.015,-0.055,6.31872264032e-14,0
318.5,0.01,-0.05,8.03923797913e-14,0
318.5,0.015,-0.05,1.46062484716e-13,0
318.5,0.01,-0.045,1.40700597123e-13,0
318.5,0.015,-0.045,2.10402816615e-13,0
318.5,0.01,-0.04,1.88417320303e-13,0
318.5,0.015,-0.04,2.58945505824e-13,0
318.5,0.01,-0.035,2.27425063996e-13,0
318.5,0.015,-0.035,2.96846667315e-13,0
318.5,0.01,-0.03,2.50686571733e-13,0
318.5,0.015,-0.03,3.17792723813e-13,0
318.5,0.01,-0.025,2.45841963193e-13,0
318.5,0.015,-0.025,3.10820690788e-13,0
318.5,0.01,-0.02,2.13937166067e-13,0
318.5,0.01,-0.015,1.66031197767e-13,0
318.5,0.015,-0.02,2.76929463267e-13,0
318.5,0.015,-0.015,2.2840623852e-13,0
318.5,0.00999280436795,-0.0116358337096,1.3228366719e-13,0
318.5,0.0105889214373,-0.00845762197625,1.09717094967e-13,0
318.5,0.015,-0.01,1.84132730343e-13,0
318.5,0.00939947397025,-0.005,7.24994459123e-14,0
318.5,0.015,-0.005,1.52716504845e-13,0
318.5,0.00658051136513,-0.00296146438142,3.70151592611e-14,0
318.5,0.00636794669772,-3.54305826484e-06,2.94365657329e-14,0
318.5,0.00795807888052,-0.00113999998936,4.80434321626e-14,0
318.5,0.00758147027913,0.00183630393596,4.44923909768e-14,0
318.5,0.0112534647756,-1.47536350887e-07,8.89505964985e-14,0
318.5,0.015,4.16333634234e-19,1.40170002533e-13,0
318.5,0.00939942566771,0.005,7.45782347115e-14,0
318.5,0.015,0.005,1.41007974463e-13,0
318.5,0.00999018807453,0.0109670628501,1.2190750788e-13,0
318.5,0.01,0.015,1.5882450223e-13,0
318.5,0.015,0.01,1.61055570088e-13,0
318.5,0.015,0.015,1.95715345014e-13,0
318.5,0.01,0.02,2.19843964182e-13,0
318.5,0.01,0.025,2.56773309762e-13,0
318.5,0.015,0.02,2.39819487859e-13,0
318.5,0.015,0.025,2.60940229001e-13,0
318.5,0.01,0.03,2.50791104068e-13,0
318.5,0.01,0.035,2.30713459242e-13,0
318.5,0.015,0.03,2.49267378603e-13,0
318.5,0.015,0.035,2.2187659452e-13,0
318.5,0.01,0.04,1.88050659817e-13,0
318.5,0.01,0.045,1.15745022306e-13,0
318.5,0.015,0.04,1.72773024012e-13,0
318.5,0.015,0.045,1.00549103109e-13,0
318.5,0.01,0.05,2.084956124e-14,0
318.5,0.01,0.055,-8.75543825673e-14,0
318.5,0.015,0.05,6.2299995258e-15,0
318.5,0.015,0.055,-1.03414730021e-13,0
318.5,0.01,0.06,-2.17523291241e-13,0
318.5,0.01,0.065,-3.65069912484e-13,0
318.5,0.015,0.06,-2.35929436349e-13,0
318.5,0.015,0.065,-3.83652203676e-13,0
318.5,0.01,0.07,-5.18262393682e-13,0
318.5,0.01,0.075,-6.74202733519e-13,0
318.5,0.015,0.07,-5.31584373186e-13,0
318.5,0.015,0.075,-6.82188569846e-13,0
318.5,0.02,-0.075,-2.81139118144e-13,0
318.5,0.02,-0.07,-1.79396327433e-13,0
318.5,0.025,-0.075,-2.2984985377e-13,0
318.5,0.025,-0.07,-1.28719667591e-13,0
318.5,0.02,-0.065,-7.71589788324e-14,0
318.5,0.025,-0.065,-2.5738509565e-14,0
318.5,0.02,-0.06,2.47757650663e-14,0
318.5,0.025,-0.06,7.8023205226e-14,0
318.5,0.02,-0.055,1.23428535853e-13,0
318.5,0.025,-0.055,1.79157811679e-13,0
318.5,0.02,-0.05,2.1117630866e-13,0
318.5,0.025,-0.05,2.6820908369e-13,0
318.5,0.02,-0.045,2.77207129625e-13,0
318.5,0.025,-0.045,3.31352670679e-13,0
318.5,0.02,-0.04,3.23775187571e-13,0
318.5,0.025,-0.04,3.72124192889e-13,0
318.5,0.02,-0.035,3.57656504528e-13,0
318.5,0.025,-0.035,4.00976850877e-13,0
318.5,0.02,-0.03,3.74046441137e-13,0
318.5,0.025,-0.03,4.15829836351e-13,0
318.5,0.02,-0.025,3.67800584995e-13,0
318.5,0.025,-0.025,4.14751253545e-13,0
318.5,0.02,-0.02,3.36062524447e-13,0
318.5,0.025,-0.02,3.88635721119e-13,0
318.5,0.02,-0.015,2.89606177149e-13,0
318.5,0.025,-0.015,3.4427409104e-13,0
318.5,0.02,-0.01,2.47846118866e-13,0
318.5,0.025,-0.01,3.0323995676e-13,0
318.5,0.02,-0.005,2.18154172401e-13,0
318.5,0.025,-0.005,2.73285824434e-13,0
318.5,0.02,0,2.03287410546e-13,0
318.5,0.025,4.16333634234e-19,2.56426736025e-13,0
318.5,0.02,0.005,1.99237000653e-13,0
318.5,0.025,0.005,2.4934659511e-13,0
318.5,0.02,0.01,2.10340297261e-13,0
318.5,0.025,0.01,2.5466005156e-13,0
318.5,0.02,0.015,2.34811322274e-13,0
318.5,0.025,0.015,2.70993853498e-13,0
318.5,0.02,0.02,2.62637279573e-13,0
318.5,0.02,0.025,2.69632377407e-13,0
318.5,0.025,0.02,2.84058007311e-13,0
318.5,0.025,0.025,2.77032379272e-13,0
318.5,0.02,0.03,2.50893319259e-13,0
318.5,0.02,0.035,2.17651780111e-13,0
318.5,0.025,0.03,2.51779191981e-13,0
318.5,0.025,0.035,2.17412509213e-13,0
318.5,0.02,0.04,1.66168744617e-13,0
318.5,0.02,0.045,9.58736221172e-14,0
318.5,0.025,0.04,1.68133056476e-13,0
318.5,0.025,0.045,1.01653198296e-13,0
318.5,0.02,0.05,4.27075569649e-15,0
318.5,0.02,0.055,-1.05235142377e-13,0
318.5,0.025,0.05,1.47327664283e-14,0
318.5,0.025,0.055,-9.28479753593e-14,0
318.5,0.02,0.06,-2.35657066254e-13,0
318.5,0.02,0.065,-3.74961430256e-13,0
318.5,0.025,0.06,-2.15152243324e-13,0
318.5,0.025,0.065,-3.44796702528e-13,0
318.5,0.02,0.07,-5.13629220925e-13,0
318.5,0.02,0.075,-6.57104402388e-13,0
318.5,0.025,0.07,-4.77139387736e-13,0
318.5,0.025,0.075,-6.12780439787e-13,0
318.5,0.03,-0.075,-1.81975784755e-13,0
318.5,0.03,-0.07,-8.29279726822e-14,0
318.5,0.035,-0.075,-1.42270020744e-13,0
318.5,0.035,-0.07,-4.66020900646e-14,0
318.5,0.03,-0.065,1.93888200783e-14,0
318.5,0.035,-0.065,5.3095071725e-14,0
318.5,0.03,-0.06,1.23137234493e-13,0
318.5,0.035,-0.06,1.54207349986e-13,0
318.5,0.03,-0.055,2.24189132134e-13,0
318.5,0.035,-0.055,2.5323770832e-13,0
318.5,0.03,-0.05,3.10998724274e-13,0
318.5,0.035,-0.05,3.36199359096e-13,0
318.5,0.03,-0.045,3.67322875487e-13,0
318.5,0.035,-0.045,3.82847265281e-13,0
318.5,0.03,-0.04,3.99429386241e-13,0
318.5,0.035,-0.04,4.03814363736e-13,0
318.5,0.03,-0.035,4.22126785228e-13,0
318.5,0.035,-0.035,4.18279579912e-13,0
318.5,0.03,-0.03,4.34622844568e-13,0
318.5,0.035,-0.03,4.25510775371e-13,0
318.5,0.03,-0.025,4.38358598975e-13,0
318.5,0.035,-0.025,4.27885926877e-13,0
318.5,0.03,-0.02,4.21960518118e-13,0
318.5,0.035,-0.02,4.1911836102e-13,0
318.5,0.03,-0.015,3.82564346719e-13,0
318.5,0.035,-0.015,3.91609093761e-13,0
318.5,0.03,-0.01,3.42536575251e-13,0
318.5,0.035,-0.01,3.56999591852e-13,0
318.5,0.03,-0.005,3.11442627553e-13,0
318.5,0.035,-0.005,3.24611213165e-13,0
318.5,0.03,0,2.92095040213e-13,0
318.5,0.035,4.16333634234e-19,3.03326197078e-13,0
318.5,0.03,0.005,2.84113610368e-13,0
318.5,0.035,0.005,2.94307771754e-13,0
318.5,0.03,0.01,2.87097103963e-13,0
318.5,0.035,0.01,2.92869163277e-13,0
318.5,0.03,0.015,2.93857749256e-13,0
318.5,0.035,0.015,2.89143003375e-13,0
318.5,0.03,0.02,2.92531896689e-13,0
318.5,0.035,0.02,2.78963477802e-13,0
318.5,0.03,0.025,2.74928921812e-13,0
318.5,0.035,0.025,2.59349071016e-13,0
318.5,0.03,0.03,2.47779543325e-13,0
318.5,0.03,0.035,2.15944860229e-13,0
318.5,0.035,0.03,2.36059705976e-13,0
318.5,0.035,0.035,2.08742655627e-13,0
318.5,0.03,0.04,1.73368921445e-13,0
318.5,0.03,0.045,1.15503497948e-13,0
318.5,0.035,0.04,1.74296154978e-13,0
318.5,0.035,0.045,1.29525767471e-13,0
318.5,0.03,0.05,3.66343145564e-14,0
318.5,0.03,0.055,-6.3677236363e-14,0
318.5,0.035,0.05,6.29071876957e-14,0
318.5,0.035,0.055,-2.66721147338e-14,0
318.5,0.03,0.06,-1.77649938363e-13,0
318.5,0.03,0.065,-2.99772889201e-13,0
318.5,0.035,0.06,-1.3152104527e-13,0
318.5,0.035,0.065,-2.45968922126e-13,0
318.5,0.03,0.07,-4.2633420014e-13,0
318.5,0.03,0.075,-5.56133478014e-13,0
318.5,0.035,0.07,-3.66483352488e-13,0
318.5,0.035,0.075,-4.90526734292e-13,0
318.5,0.04,-0.075,-1.18048003853e-13,0
318.5,0.04,-0.07,-2.68773281907e-14,0
318.5,0.045,-0.075,-1.19036862441e-13,0
318.5,0.045,-0.07,-3.0226803557e-14,0
318.5,0.04,-0.065,6.8898548745e-14,0
318.5,0.045,-0.065,6.22815611002e-14,0
318.5,0.04,-0.06,1.66154153755e-13,0
318.5,0.045,-0.06,1.56003804664e-13,0
318.5,0.04,-0.055,2.6206120304e-13,0
318.5,0.045,-0.055,2.48503727651e-13,0
318.5,0.04,-0.05,3.39683848537e-13,0
318.5,0.045,-0.05,3.22388759922e-13,0
318.5,0.04,-0.045,3.75665818972e-13,0
318.5,0.045,-0.045,3.49390775559e-13,0
318.5,0.04,-0.04,3.8524801141e-13,0
318.5,0.045,-0.04,3.47968095266e-13,0
318.5,0.04,-0.035,3.89479994232e-13,0
318.5,0.045,-0.035,3.38609935113e-13,0
318.5,0.04,-0.03,3.87818611014e-13,0
318.5,0.045,-0.03,3.23281945563e-13,0
318.5,0.04,-0.025,3.84128312586e-13,0
318.5,0.045,-0.025,3.08783827251e-13,0
318.5,0.04,-0.02,3.74648028312e-13,0
318.5,0.045,-0.02,2.90934215917e-13,0
318.5,0.04,-0.015,3.55873069952e-13,0
318.5,0.045,-0.015,2.63714010523e-13,0
318.5,0.04,-0.01,3.29162216169e-13,0
318.5,0.045,-0.01,2.37093999927e-13,0
318.5,0.04,-0.005,2.98100609868e-13,0
318.5,0.045,-0.005,2.14099599393e-13,0
318.5,0.04,0,2.75587252434e-13,0
318.5,0.045,4.16333634234e-19,1.98553831203e-13,0
318.5,0.04,0.005,2.68024598706e-13,0
318.5,0.045,0.005,1.95206505247e-13,0
318.5,0.04,0.01,2.62376341939e-13,0
318.5,0.045,0.01,1.92416316636e-13,0
318.5,0.04,0.015,2.53194539299e-13,0
318.5,0.045,0.015,1.86651826685e-13,0
318.5,0.04,0.02,2.43711653246e-13,0
318.5,0.045,0.02,1.8655995336e-13,0
318.5,0.04,0.025,2.30379068819e-13,0
318.5,0.045,0.025,1.85209718291e-13,0
318.5,0.04,0.03,2.15866389401e-13,0
318.5,0.045,0.03,1.84513698196e-13,0
318.5,0.04,0.035,1.97997792869e-13,0
318.5,0.045,0.035,1.82864716163e-13,0
318.5,0.04,0.04,1.72638957947e-13,0
318.5,0.04,0.045,1.39648170189e-13,0
318.5,0.045,0.04,1.71387866137e-13,0
318.5,0.045,0.045,1.51819112064e-13,0
318.5,0.04,0.05,8.88309105969e-14,0
318.5,0.04,0.055,1.41934448008e-14,0
318.5,0.045,0.05,1.18882648339e-13,0
318.5,0.045,0.055,6.14212955133e-14,0
318.5,0.04,0.06,-7.81487952251e-14,0
318.5,0.04,0.065,-1.83640010427e-13,0
318.5,0.045,0.06,-1.71609377382e-14,0
318.5,0.045,0.065,-1.12862397279e-13,0
318.5,0.04,0.07,-2.98095417785e-13,0
318.5,0.04,0.075,-4.17318012194e-13,0
318.5,0.045,0.07,-2.2161298661e-13,0
318.5,0.045,0.075,-3.37470309316e-13,0
318.5,0.05,-0.075,-1.37013924326e-13,0
318.5,0.05,-0.07,-4.9487303666e-14,0
318.5,0.055,-0.075,-1.61534232209e-13,0
318.5,0.055,-0.07,-7.59845351408e-14,0
318.5,0.05,-0.065,4.06452820311e-14,0
318.5,0.055,-0.065,1.21540471175e-14,0
318.5,0.05,-0.06,1.31363119097e-13,0
318.5,0.055,-0.06,1.00432917572e-13,0
318.5,0.05,-0.055,2.20310997087e-13,0
318.5,0.055,-0.055,1.8246578419e-13,0
318.5,0.05,-0.05,2.86428830142e-13,0
318.5,0.055,-0.05,2.27527022394e-13,0
318.5,0.05,-0.045,3.01573135063e-13,0
318.5,0.055,-0.045,2.258778097e-13,0
318.5,0.05,-0.04,2.86264263035e-13,0
318.5,0.055,-0.04,1.99479100472e-13,0
318.5,0.05,-0.035,2.61703317487e-13,0
318.5,0.055,-0.035,1.63779453261e-13,0
318.5,0.05,-0.03,2.33528752996e-13,0
318.5,0.055,-0.03,1.24666018301e-13,0
318.5,0.05,-0.025,2.07611973847e-13,0
318.5,0.055,-0.025,8.18528618765e-14,0
318.5,0.05,-0.02,1.72550408104e-13,0
318.5,0.055,-0.02,2.66159187752e-14,0
318.5,0.05,-0.015,1.29774719449e-13,0
318.5,0.055,-0.015,-2.21321865868e-14,0
318.5,0.05,-0.01,1.01299303605e-13,0
318.5,0.055,-0.01,-5.17853307095e-14,0
318.5,0.05,-0.005,8.43627333818e-14,0
318.5,0.055,-0.005,-6.71937851113e-14,0
318.5,0.05,0,8.0454295276e-14,0
318.5,0.055,4.16333634234e-19,-6.50884992437e-14,0
318.5,0.05,0.005,8.55766699091e-14,0
318.5,0.055,0.005,-5.2515563643e-14,0
318.5,0.05,0.01,9.11948912357e-14,0
318.5,0.055,0.01,-3.40274847836e-14,0
318.5,0.05,0.015,9.88223763786e-14,0
318.5,0.055,0.015,-8.09902621996e-15,0
318.5,0.05,0.02,1.13231141161e-13,0
318.5,0.055,0.02,2.46434397993e-14,0
318.5,0.05,0.025,1.28026631145e-13,0
318.5,0.055,0.025,5.99440565212e-14,0
318.5,0.05,0.03,1.41210110854e-13,0
318.5,0.055,0.03,8.99528441508e-14,0
318.5,0.05,0.035,1.55438017147e-13,0
318.5,0.055,0.035,1.20062884011e-13,0
318.5,0.05,0.04,1.65483459671e-13,0
318.5,0.055,0.04,1.55279840657e-13,0
318.5,0.05,0.045,1.67973819584e-13,0
318.5,0.055,0.045,1.86298081949e-13,0
318.5,0.05,0.05,1.5648329273e-13,0
318.5,0.05,0.055,1.19585529062e-13,0
318.5,0.055,0.05,2.04532016652e-13,0
318.5,0.055,0.055,1.94161356686e-13,0
318.5,0.05,0.06,5.80432175682e-14,0
318.5,0.05,0.065,-2.53361951078e-14,0
318.5,0.055,0.06,1.54171559841e-13,0
318.5,0.055,0.065,8.64949302172e-14,0
318.5,0.05,0.07,-1.25909564361e-13,0
318.5,0.05,0.075,-2.37482966056e-13,0
318.5,0.055,0.07,-6.31213479634e-15,0
318.5,0.055,0.075,-1.12996344318e-13,0
318.5,0.06,-0.075,-1.94161110462e-13,0
318.5,0.06,-0.07,-1.12393375089e-13,0
318.5,0.065,-0.075,-2.36184857801e-13,0
318.5,0.065,-0.07,-1.59030630291e-13,0
318.5,0.06,-0.065,-2.8470874645e-14,0
318.5,0.065,-0.065,-8.33043319343e-14,0
318.5,0.06,-0.06,5.12270402658e-14,0
318.5,0.065,-0.06,-2.37369994133e-14,0
318.5,0.06,-0.055,1.11162856762e-13,0
318.5,0.065,-0.055,9.86749537211e-15,0
318.5,0.06,-0.05,1.33516906536e-13,0
318.5,0.065,-0.05,1.03459854197e-14,0
318.5,0.06,-0.045,1.17886450491e-13,0
318.5,0.065,-0.045,-2.27750328237e-14,0
318.5,0.06,-0.04,7.90668126352e-14,0
318.5,0.065,-0.04,-7.81074945125e-14,0
318.5,0.06,-0.035,3.02076681397e-14,0
318.5,0.065,-0.035,-1.44454432514e-13,0
318.5,0.06,-0.03,-2.58542727232e-14,0
318.5,0.065,-0.03,-2.16840689918e-13,0
318.5,0.06,-0.025,-8.88612976068e-14,0
318.5,0.065,-0.025,-2.88877118044e-13,0
318.5,0.06,-0.02,-1.51429399473e-13,0
318.5,0.065,-0.02,-3.51998992053e-13,0
318.5,0.06,-0.015,-1.98999763064e-13,0
318.5,0.065,-0.015,-3.97023124939e-13,0
318.5,0.06,-0.01,-2.26989666345e-13,0
318.5,0.065,-0.01,-4.17118742135e-13,0
318.5,0.06,-0.005,-2.35716173191e-13,0
318.5,0.065,-0.005,-4.14910796363e-13,0
318.5,0.06,0,-2.25818664218e-13,0
318.5,0.065,4.16333634234e-19,-3.95170383578e-13,0
318.5,0.06,0.005,-2.04924646257e-13,0
318.5,0.065,0.005,-3.63966063341e-13,0
318.5,0.06,0.01,-1.7184619061e-13,0
318.5,0.065,0.01,-3.18009430867e-13,0
318.5,0.06,0.015,-1.29208665784e-13,0
318.5,0.065,0.015,-2.61138764907e-13,0
318.5,0.06,0.02,-8.18176365296e-14,0
318.5,0.065,0.02,-2.00876261175e-13,0
318.5,0.06,0.025,-2.98292688125e-14,0
318.5,0.065,0.025,-1.35122636991e-13,0
318.5,0.06,0.03,2.36394928134e-14,0
318.5,0.065,0.03,-5.74442584755e-14,0
318.5,0.06,0.035,8.00950330345e-14,0
318.5,0.065,0.035,3.01726488199e-14,0
318.5,0.06,0.04,1.4535903269e-13,0
318.5,0.065,0.04,1.34852708468e-13,0
318.5,0.06,0.045,2.12804759293e-13,0
318.5,0.065,0.045,2.44545170938e-13,0
318.5,0.06,0.05,2.68527870314e-13,0
318.5,0.065,0.05,3.44539033193e-13,0
318.5,0.06,0.055,2.91409144904e-13,0
318.5,0.065,0.055,4.08845820725e-13,0
318.5,0.06,0.06,2.77203919395e-13,0
318.5,0.06,0.065,2.34363946067e-13,0
318.5,0.065,0.06,4.26991977705e-13,0
318.5,0.065,0.065,4.15417753131e-13,0
318.5,0.06,0.07,1.64031839608e-13,0
318.5,0.06,0.075,7.70243690446e-14,0
318.5,0.065,0.07,3.81764061723e-13,0
318.5,0.065,0.075,3.29677829472e-13,0
318.5,0.07,-0.075,-2.86795401084e-13,0
318.5,0.07,-0.07,-2.17577855005e-13,0
318.5,0.075,-0.075,-3.4699977435e-13,0
318.5,0.075,-0.07,-2.83445699824e-13,0
318.5,0.07,-0.065,-1.55528139508e-13,0
318.5,0.075,-0.065,-2.32233959242e-13,0
318.5,0.07,-0.06,-1.14886248326e-13,0
318.5,0.075,-0.06,-2.06226100442e-13,0
318.5,0.07,-0.055,-1.03590240735e-13,0
318.5,0.075,-0.055,-2.14311806959e-13,0
318.5,0.07,-0.05,-1.25420896279e-13,0
318.5,0.075,-0.05,-2.59090512346e-13,0
318.5,0.07,-0.045,-1.79155344947e-13,0
318.5,0.075,-0.045,-3.36907150113e-13,0
318.5,0.07,-0.04,-2.5341588346e-13,0
318.5,0.075,-0.04,-4.3172922691e-13,0
318.5,0.07,-0.035,-3.36913197188e-13,0
318.5,0.075,-0.035,-5.33172632341e-13,0
318.5,0.07,-0.03,-4.21681615004e-13,0
318.5,0.075,-0.03,-6.30010275883e-13,0
318.5,0.07,-0.025,-5.01542891894e-13,0
318.5,0.075,-0.025,-7.18632621537e-13,0
318.5,0.07,-0.02,-5.67739028259e-13,0
318.5,0.075,-0.02,-7.8814166651e-13,0
318.5,0.07,-0.015,-6.05394304721e-13,0
318.5,0.075,-0.015,-8.17189531883e-13,0
318.5,0.07,-0.01,-6.13441856067e-13,0
318.5,0.075,-0.01,-8.14465750406e-13,0
318.5,0.07,-0.005,-6.00227309982e-13,0
318.5,0.075,-0.005,-7.88867223225e-13,0
318.5,0.07,0,-5.69959112161e-13,0
318.5,0.075,0,-7.48822610215e-13,0
318.5,0.07,0.005,-5.27179618341e-13,0
318.5,0.075,0.005,-6.95417839347e-13,0
318.5,0.07,0.01,-4.70463247553e-13,0
318.5,0.075,0.01,-6.27695538835e-13,0
318.5,0.07,0.015,-4.03119529805e-13,0
318.5,0.075,0.015,-5.49316837219e-13,0
318.5,0.07,0.02,-3.30617984908e-13,0
318.5,0.075,0.02,-4.66600464399e-13,0
318.5,0.07,0.025,-2.54097823878e-13,0
318.5,0.075,0.025,-3.82462082365e-13,0
318.5,0.07,0.03,-1.52016136931e-13,0
318.5,0.075,0.03,-2.53671069414e-13,0
318.5,0.07,0.035,-2.14311174803e-14,0
318.5,0.075,0.035,-7.66532548752e-14,0
318.5,0.07,0.04,1.2653133026e-13,0
318.5,0.075,0.04,1.16744983902e-13,0
318.5,0.07,0.045,2.80551252798e-13,0
318.5,0.075,0.045,3.15884551402e-13,0
318.5,0.07,0.05,4.25824856693e-13,0
318.5,0.075,0.05,5.14359036553e-13,0
318.5,0.07,0.055,5.36448153642e-13,0
318.5,0.075,0.055,6.7715063116e-13,0
318.5,0.07,0.06,5.9964311382e-13,0
318.5,0.075,0.06,7.86421417039e-13,0
318.5,0.07,0.065,6.24219036775e-13,0
318.5,0.075,0.065,8.46449111406e-13,0
318.5,0.07,0.07,6.20978083688e-13,0
318.5,0.07,0.075,5.98890964579e-13,0
318.5,0.075,0.07,8.66981366432e-13,0
318.5,0.075,0.075,8.6203027812e-13,0
481.6,-0.00382671281566,-0.00202612167119,0,0
481.6,-0.005,-0.005,2.82166903287e-14,0
481.6,-0.00197892066871,-0.00385133392306,0,0
481.6,-0.005,-0.00190753787223,1.513492994e-14,0
481.6,-0.00433,0,0,0
481.6,-0.00190753787223,-0.005,1.61055566481e-14,0
481.6,0,-0.00433,0,0
481.6,-0.005,0.00190775150599,1.490327217e-14,0
481.6,-0.00385133392306,0.00197892066871,0,0
481.6,0.00190775150599,-0.005,1.58996318629e-14,0
481.6,0.00202612167119,-0.00382671281566,0,0
481.6,-0.00202612167119,0.00382671281566,0,0
481.6,-0.005,0.005,2.60236432989e-14,0
481.6,-0.0019094272225,0.005,1.58507620776e-14,0
481.6,0,0.00433,0,0
481.6,0.00147766755988,0.00407006125046,0,0
481.6,8.32667268469e-19,0.005,1.12110608766e-14,0
481.6,0.00433,0,0,0
481.6,0.005,1.38777878078e-18,1.14262065558e-14,0
481.6,0.00407006125046,0.00147766755988,0,0
481.6,0.005,-0.005,2.88586190986e-14,0
481.6,0.00385133392306,-0.00197892066871,0,0
481.6,0.005,-0.0019094272225,1.57480552719e-14,0
481.6,0.00306177236254,0.00306177236254,0,0
481.6,0.0019094272225,0.005,1.6024616436e-14,0
481.6,0.005,0.0019094272225,1.5986611069e-14,0
481.6,-0.000885,-0.0015328649647,1.2715649969e-12,0
481.6,-0.0015328649647,-0.000885,1.2716873901e-12,0
481.6,-0.00186450691264,-0.00187567167242,8.43054928214e-13,0
481.6,-0.00177,0,1.27137908715e-12,0
481.6,-0.00268433516245,-0.000738983120158,7.59133472681e-13,0
481.6,0,-0.00177,1.27152659274e-12,0
481.6,-0.000718432264205,-0.00269192408424,7.57427234559e-13,0
481.6,-0.0015328649647,0.000885,1.26987451712e-12,0
481.6,-0.00265321485144,0.000647311733689,7.89917510805e-13,0
481.6,-0.000885,0.0015328649647,1.26824685264e-12,0
481.6,-0.00194719253591,0.00178443766524,8.43981204498e-13,0
481.6,0,0.00177,1.26414042285e-12,0
481.6,-0.000802720381054,0.00273415977115,7.17525397543e-13,0
481.6,0.000885,-0.0015328649647,1.27021533663e-12,0
481.6,0.00075154031863,-0.00270385456952,7.4531679421e-13,0
481.6,0.00177,0,1.26248011991e-12,0
481.6,0.0015328649647,-0.000885,1.26806275026e-12,0
481.6,0.00271471102228,-0.000564731152102,7.60941025185e-13,0
481.6,0.00192394637685,-0.00189207206672,8.1012451958e-13,0
481.6,0.00231817117671,0.00040530921667,9.87945316397e-13,0
481.6,0.0015328649647,0.000885,1.26074631636e-12,0
481.6,0.000885,0.0015328649647,1.26145140536e-12,0
481.6,0.000427053001345,0.00287092483521,6.82213557814e-13,0
481.6,0.00187618296239,0.00184774001435,8.33369555329e-13,0
481.6,0.00312733402203,0.000607809752493,5.19217298581e-13,0
481.6,0.00276214303706,0.00136595635004,5.76879663934e-13,0
481.6,0.0014100336009,0.00268674970267,6.04792953106e-13,0
481.6,-0.075,-0.075,6.96899209897e-13,0
481.6,-0.07,-0.075,3.70859463696e-13,0
481.6,-0.075,-0.07,7.2707170356e-13,0
481.6,-0.07,-0.07,4.18846043383e-13,0
481.6,-0.075,-0.065,7.29422256616e-13,0
481.6,-0.07,-0.065,4.47488336178e-13,0
481.6,-0.065,-0.075,4.58649388408e-14,0
481.6,-0.065,-0.07,1.21706274261e-13,0
481.6,-0.065,-0.065,1.8170241231e-13,0
481.6,-0.075,-0.06,6.95806834148e-13,0
481.6,-0.07,-0.06,4.46035530535e-13,0
481.6,-0.065,-0.06,2.2025988076e-13,0
481.6,-0.075,-0.055,6.31508737324e-13,0
481.6,-0.07,-0.055,4.15456814849e-13,0
481.6,-0.065,-0.055,2.28709425632e-13,0
481.6,-0.075,-0.05,5.41644327794e-13,0
481.6,-0.07,-0.05,3.74326091834e-13,0
481.6,-0.065,-0.05,2.26315760213e-13,0
481.6,-0.075,-0.045,4.55208304375e-13,0
481.6,-0.07,-0.045,3.31023415217e-13,0
481.6,-0.065,-0.045,2.12928740965e-13,0
481.6,-0.075,-0.04,3.94481909877e-13,0
481.6,-0.07,-0.04,2.88328356665e-13,0
481.6,-0.075,-0.035,3.35519695907e-13,0
481.6,-0.07,-0.035,2.42807311083e-13,0
481.6,-0.065,-0.04,1.88657906449e-13,0
481.6,-0.065,-0.035,1.55792233019e-13,0
481.6,-0.075,-0.03,2.75824240043e-13,0
481.6,-0.07,-0.03,1.95250171689e-13,0
481.6,-0.075,-0.025,2.17419501182e-13,0
481.6,-0.07,-0.025,1.46574417406e-13,0
481.6,-0.065,-0.03,1.18438622826e-13,0
481.6,-0.065,-0.025,7.7210209174e-14,0
481.6,-0.075,-0.02,1.63458407605e-13,0
481.6,-0.07,-0.02,9.6899460365e-14,0
481.6,-0.075,-0.015,1.10130189592e-13,0
481.6,-0.07,-0.015,4.69926827999e-14,0
481.6,-0.065,-0.02,3.14196957118e-14,0
481.6,-0.065,-0.015,-1.60881604466e-14,0
481.6,-0.075,-0.01,6.01027124614e-14,0
481.6,-0.07,-0.01,1.08862206669e-15,0
481.6,-0.075,-0.005,2.07841259539e-14,0
481.6,-0.07,-0.005,-3.47516821025e-14,0
481.6,-0.065,-0.01,-5.98859897372e-14,0
481.6,-0.065,-0.005,-9.38369464162e-14,0
481.6,-0.075,0,-6.09531480278e-15,0
481.6,-0.07,0,-5.86392948104e-14,0
481.6,-0.075,0.005,-2.35587560063e-14,0
481.6,-0.07,0.005,-7.17106691963e-14,0
481.6,-0.065,4.16333634234e-19,-1.14703992257e-13,0
481.6,-0.065,0.005,-1.20193425445e-13,0
481.6,-0.075,0.01,-1.53569254178e-14,0
481.6,-0.07,0.01,-5.47447636115e-14,0
481.6,-0.075,0.015,3.52663800114e-14,0
481.6,-0.07,0.015,-2.38681612501e-15,0
481.6,-0.065,0.01,-9.26757569509e-14,0
481.6,-0.065,0.015,-3.89956377397e-14,0
481.6,-0.075,0.02,9.97552448344e-14,0
481.6,-0.07,0.02,6.0955208462e-14,0
481.6,-0.075,0.025,1.63813438142e-13,0
481.6,-0.07,0.025,1.23166626622e-13,0
481.6,-0.065,0.02,2.33142131633e-14,0
481.6,-0.065,0.025,8.39239801466e-14,0
481.6,-0.075,0.03,2.20013471421e-13,0
481.6,-0.07,0.03,1.75745470624e-13,0
481.6,-0.075,0.035,2.46077385942e-13,0
481.6,-0.07,0.035,2.05791561123e-13,0
481.6,-0.065,0.03,1.34954464019e-13,0
481.6,-0.065,0.035,1.70273153331e-13,0
481.6,-0.075,0.04,2.15946665278e-13,0
481.6,-0.07,0.04,1.98376927006e-13,0
481.6,-0.075,0.045,1.07414373648e-13,0
481.6,-0.07,0.045,1.35235581538e-13,0
481.6,-0.065,0.04,1.81639811955e-13,0
481.6,-0.065,0.045,1.62506890148e-13,0
481.6,-0.075,0.05,-8.24452181707e-14,0
481.6,-0.07,0.05,4.2125464434e-15,0
481.6,-0.075,0.055,-3.33084569503e-13,0
481.6,-0.07,0.055,-1.76802837901e-13,0
481.6,-0.065,0.05,8.70330839558e-14,0
481.6,-0.065,0.055,-3.13046078597e-14,0
481.6,-0.075,0.06,-6.06784240601e-13,0
481.6,-0.07,0.06,-3.76274703845e-13,0
481.6,-0.075,0.065,-8.68454284921e-13,0
481.6,-0.07,0.065,-5.68431172124e-13,0
481.6,-0.065,0.06,-1.60982260918e-13,0
481.6,-0.065,0.065,-2.8468315851e-13,0
481.6,-0.075,0.07,-1.09092239841e-12,0
481.6,-0.07,0.07,-7.37173104121e-13,0
481.6,-0.075,0.075,-1.27183151942e-12,0
481.6,-0.07,0.075,-8.80554659563e-13,0
481.6,-0.065,0.07,-3.93323723068e-13,0
481.6,-0.065,0.075,-4.79672126468e-13,0
481.6,-0.06,-0.075,-2.27730650849e-13,0
481.6,-0.06,-0.07,-1.29553102076e-13,0
481.6,-0.06,-0.065,-4.20008855111e-14,0
481.6,-0.055,-0.075,-3.61257538206e-13,0
481.6,-0.055,-0.07,-2.67110413989e-13,0
481.6,-0.055,-0.065,-1.77931155546e-13,0
481.6,-0.06,-0.06,4.16370394241e-14,0
481.6,-0.06,-0.055,9.52166408198e-14,0
481.6,-0.055,-0.06,-8.26511134974e-14,0
481.6,-0.055,-0.055,-1.36432437038e-14,0
481.6,-0.06,-0.05,1.11398032642e-13,0
481.6,-0.055,-0.05,1.54346782889e-14,0
481.6,-0.06,-0.045,1.12406266291e-13,0
481.6,-0.055,-0.045,2.77709312857e-14,0
481.6,-0.06,-0.04,1.00907290186e-13,0
481.6,-0.055,-0.04,2.61934884576e-14,0
481.6,-0.06,-0.035,7.93770752203e-14,0
481.6,-0.055,-0.035,1.26864424486e-14,0
481.6,-0.06,-0.03,4.91276617424e-14,0
481.6,-0.06,-0.025,1.24887530461e-14,0
481.6,-0.055,-0.03,-1.19702654038e-14,0
481.6,-0.055,-0.025,-4.4763462036e-14,0
481.6,-0.06,-0.02,-3.01533749959e-14,0
481.6,-0.06,-0.015,-7.53966796945e-14,0
481.6,-0.055,-0.02,-8.46761041579e-14,0
481.6,-0.055,-0.015,-1.24927660945e-13,0
481.6,-0.06,-0.01,-1.17069159408e-13,0
481.6,-0.06,-0.005,-1.51016654381e-13,0
481.6,-0.055,-0.01,-1.59528960664e-13,0
481.6,-0.055,-0.005,-1.89881683841e-13,0
481.6,-0.06,0,-1.70181695366e-13,0
481.6,-0.06,0.005,-1.61493156389e-13,0
481.6,-0.055,4.16333634234e-19,-2.06092132341e-13,0
481.6,-0.055,0.005,-1.90967193542e-13,0
481.6,-0.06,0.01,-1.24366716153e-13,0
481.6,-0.06,0.015,-7.17664159938e-14,0
481.6,-0.055,0.01,-1.513136691e-13,0
481.6,-0.055,0.015,-9.79268717061e-14,0
481.6,-0.06,0.02,-1.06283907627e-14,0
481.6,-0.06,0.025,4.9189104952e-14,0
481.6,-0.055,0.02,-3.80033349549e-14,0
481.6,-0.055,0.025,1.99454471259e-14,0
481.6,-0.06,0.03,1.00129797623e-13,0
481.6,-0.06,0.035,1.39483100106e-13,0
481.6,-0.055,0.03,7.03633010166e-14,0
481.6,-0.055,0.035,1.12025477317e-13,0
481.6,-0.06,0.04,1.61607263155e-13,0
481.6,-0.06,0.045,1.64592064417e-13,0
481.6,-0.055,0.04,1.40923185785e-13,0
481.6,-0.055,0.045,1.54439440576e-13,0
481.6,-0.06,0.05,1.37763079356e-13,0
481.6,-0.06,0.055,7.80628622555e-14,0
481.6,-0.055,0.05,1.51546554362e-13,0
481.6,-0.055,0.055,1.29914356676e-13,0
481.6,-0.06,0.06,8.66025510861e-15,0
481.6,-0.06,0.065,-5.39232720216e-14,0
481.6,-0.055,0.06,1.00082089405e-13,0
481.6,-0.055,0.065,7.38120633923e-14,0
481.6,-0.06,0.07,-1.03201106799e-13,0
481.6,-0.06,0.075,-1.32601351588e-13,0
481.6,-0.055,0.07,5.92107539742e-14,0
481.6,-0.055,0.075,5.57662732481e-14,0
481.6,-0.05,-0.075,-3.92985644872e-13,0
481.6,-0.05,-0.07,-3.06112241857e-13,0
481.6,-0.045,-0.075,-3.94461823923e-13,0
481.6,-0.045,-0.07,-3.16083478762e-13,0
481.6,-0.05,-0.065,-2.2751046127e-13,0
481.6,-0.045,-0.065,-2.44595231019e-13,0
481.6,-0.05,-0.06,-1.51955208765e-13,0
481.6,-0.05,-0.055,-9.05111163402e-14,0
481.6,-0.045,-0.06,-1.79841877407e-13,0
481.6,-0.045,-0.055,-1.26971554966e-13,0
481.6,-0.05,-0.05,-5.45767353248e-14,0
481.6,-0.05,-0.045,-3.44832387922e-14,0
481.6,-0.045,-0.05,-9.15045985224e-14,0
481.6,-0.045,-0.045,-7.05169010989e-14,0
481.6,-0.05,-0.04,-3.01857279715e-14,0
481.6,-0.045,-0.04,-6.44029448993e-14,0
481.6,-0.05,-0.035,-3.88988313417e-14,0
481.6,-0.045,-0.035,-7.11885680125e-14,0
481.6,-0.05,-0.03,-5.95267205954e-14,0
481.6,-0.045,-0.03,-9.00597307704e-14,0
481.6,-0.05,-0.025,-8.9369350016e-14,0
481.6,-0.045,-0.025,-1.17214528191e-13,0
481.6,-0.05,-0.02,-1.26487625466e-13,0
481.6,-0.05,-0.015,-1.58545631209e-13,0
481.6,-0.045,-0.02,-1.48260867484e-13,0
481.6,-0.045,-0.015,-1.76214159016e-13,0
481.6,-0.05,-0.01,-1.85746387931e-13,0
481.6,-0.05,-0.005,-2.11546785789e-13,0
481.6,-0.045,-0.01,-2.00994918126e-13,0
481.6,-0.045,-0.005,-2.2131762541e-13,0
481.6,-0.05,0,-2.2345684209e-13,0
481.6,-0.05,0.005,-2.07819214925e-13,0
481.6,-0.045,4.16333634234e-19,-2.26661186846e-13,0
481.6,-0.045,0.005,-2.10336519939e-13,0
481.6,-0.05,0.01,-1.69512348856e-13,0
481.6,-0.05,0.015,-1.16687414278e-13,0
481.6,-0.045,0.01,-1.76087548644e-13,0
481.6,-0.045,0.015,-1.28312660008e-13,0
481.6,-0.05,0.02,-5.85533724821e-14,0
481.6,-0.05,0.025,-3.28947055285e-15,0
481.6,-0.045,0.02,-7.3157156893e-14,0
481.6,-0.045,0.025,-2.04526860745e-14,0
481.6,-0.05,0.03,4.49646416162e-14,0
481.6,-0.05,0.035,8.62462943355e-14,0
481.6,-0.045,0.03,2.34998597518e-14,0
481.6,-0.045,0.035,6.19104003912e-14,0
481.6,-0.05,0.04,1.182304222e-13,0
481.6,-0.05,0.045,1.38020594906e-13,0
481.6,-0.045,0.04,9.33742640829e-14,0
481.6,-0.045,0.045,1.15834420587e-13,0
481.6,-0.05,0.05,1.46585729122e-13,0
481.6,-0.05,0.055,1.4401618046e-13,0
481.6,-0.045,0.05,1.31589374913e-13,0
481.6,-0.045,0.055,1.43221800486e-13,0
481.6,-0.05,0.06,1.32541696681e-13,0
481.6,-0.05,0.065,1.20397396752e-13,0
481.6,-0.045,0.06,1.47706687176e-13,0
481.6,-0.045,0.065,1.49037472766e-13,0
481.6,-0.05,0.07,1.14015522411e-13,0
481.6,-0.05,0.075,1.15302990642e-13,0
481.6,-0.045,0.07,1.5174649516e-13,0
481.6,-0.045,0.075,1.59711593561e-13,0
481.6,-0.04,-0.075,-3.69638748155e-13,0
481.6,-0.04,-0.07,-2.9939044552e-13,0
481.6,-0.035,-0.075,-3.23314467617e-13,0
481.6,-0.035,-0.07,-2.61726731623e-13,0
481.6,-0.04,-0.065,-2.35803325209e-13,0
481.6,-0.035,-0.065,-2.06039656674e-13,0
481.6,-0.04,-0.06,-1.78807778947e-13,0
481.6,-0.035,-0.06,-1.58120978467e-13,0
481.6,-0.04,-0.055,-1.32680740583e-13,0
481.6,-0.035,-0.055,-1.20632744509e-13,0
481.6,-0.04,-0.05,-1.00999191383e-13,0
481.6,-0.04,-0.045,-8.25508390585e-14,0
481.6,-0.035,-0.05,-9.40394586533e-14,0
481.6,-0.035,-0.045,-7.81643072672e-14,0
481.6,-0.04,-0.04,-7.73432235903e-14,0
481.6,-0.04,-0.035,-8.36334688327e-14,0
481.6,-0.035,-0.04,-7.3503114174e-14,0
481.6,-0.035,-0.035,-7.81994061393e-14,0
481.6,-0.04,-0.03,-1.00634435399e-13,0
481.6,-0.035,-0.03,-9.03768931663e-14,0
481.6,-0.04,-0.025,-1.22783495953e-13,0
481.6,-0.035,-0.025,-1.07561511314e-13,0
481.6,-0.04,-0.02,-1.47183185398e-13,0
481.6,-0.035,-0.02,-1.27902078842e-13,0
481.6,-0.04,-0.015,-1.72605296665e-13,0
481.6,-0.035,-0.015,-1.47188389082e-13,0
481.6,-0.04,-0.01,-1.94043566533e-13,0
481.6,-0.04,-0.005,-2.06805462563e-13,0
481.6,-0.035,-0.01,-1.60839159667e-13,0
481.6,-0.035,-0.005,-1.67584625252e-13,0
481.6,-0.04,0,-2.07122984705e-13,0
481.6,-0.04,0.005,-1.93737784863e-13,0
481.6,-0.035,4.16333634234e-19,-1.66793766133e-13,0
481.6,-0.035,0.005,-1.58428349991e-13,0
481.6,-0.04,0.01,-1.67040261115e-13,0
481.6,-0.04,0.015,-1.28513243934e-13,0
481.6,-0.035,0.01,-1.4070625118e-13,0
481.6,-0.035,0.015,-1.14170687771e-13,0
481.6,-0.04,0.02,-7.99040609768e-14,0
481.6,-0.04,0.025,-3.23595086544e-14,0
481.6,-0.035,0.02,-7.713779094e-14,0
481.6,-0.035,0.025,-3.91891206725e-14,0
481.6,-0.04,0.03,5.76669476181e-15,0
481.6,-0.04,0.035,3.95532886539e-14,0
481.6,-0.035,0.03,-8.46460302852e-15,0
481.6,-0.035,0.035,1.91658964994e-14,0
481.6,-0.04,0.04,6.8166396111e-14,0
481.6,-0.04,0.045,9.05357671045e-14,0
481.6,-0.035,0.04,4.32032364987e-14,0
481.6,-0.035,0.045,6.36709107978e-14,0
481.6,-0.04,0.05,1.08538694706e-13,0
481.6,-0.04,0.055,1.2555764586e-13,0
481.6,-0.035,0.05,8.17905426283e-14,0
481.6,-0.035,0.055,9.91135985041e-14,0
481.6,-0.04,0.06,1.41537737421e-13,0
481.6,-0.04,0.065,1.5370343949e-13,0
481.6,-0.035,0.06,1.16033102643e-13,0
481.6,-0.035,0.065,1.31915790902e-13,0
481.6,-0.04,0.07,1.65080462526e-13,0
481.6,-0.04,0.075,1.81699158049e-13,0
481.6,-0.035,0.07,1.48371856968e-13,0
481.6,-0.035,0.075,1.69018688853e-13,0
481.6,-0.03,-0.075,-2.62061110192e-13,0
481.6,-0.03,-0.07,-2.0701724709e-13,0
481.6,-0.025,-0.075,-1.90300700762e-13,0
481.6,-0.025,-0.07,-1.40385693298e-13,0
481.6,-0.03,-0.065,-1.57924046975e-13,0
481.6,-0.025,-0.065,-9.65458740855e-14,0
481.6,-0.03,-0.06,-1.1716084653e-13,0
481.6,-0.025,-0.06,-6.10041841225e-14,0
481.6,-0.03,-0.055,-8.58967363535e-14,0
481.6,-0.025,-0.055,-3.37057376307e-14,0
481.6,-0.03,-0.05,-6.47211111419e-14,0
481.6,-0.025,-0.05,-1.65051266698e-14,0
481.6,-0.03,-0.045,-5.35176372295e-14,0
481.6,-0.025,-0.045,-1.05653991519e-14,0
481.6,-0.03,-0.04,-5.10235453024e-14,0
481.6,-0.03,-0.035,-5.46748298013e-14,0
481.6,-0.025,-0.04,-1.26494716561e-14,0
481.6,-0.025,-0.035,-1.8552053453e-14,0
481.6,-0.03,-0.03,-6.41384101261e-14,0
481.6,-0.03,-0.025,-7.84067296077e-14,0
481.6,-0.025,-0.03,-2.86059103478e-14,0
481.6,-0.025,-0.025,-4.14359652615e-14,0
481.6,-0.03,-0.02,-9.45864856435e-14,0
481.6,-0.025,-0.02,-5.45111084862e-14,0
481.6,-0.03,-0.015,-1.08161938125e-13,0
481.6,-0.025,-0.015,-6.55883706321e-14,0
481.6,-0.03,-0.01,-1.17523831212e-13,0
481.6,-0.025,-0.01,-7.34368938573e-14,0
481.6,-0.03,-0.005,-1.22352072466e-13,0
481.6,-0.025,-0.005,-7.76231745272e-14,0
481.6,-0.03,0,-1.21978628737e-13,0
481.6,-0.03,0.005,-1.16738375742e-13,0
481.6,-0.025,4.16333634234e-19,-7.81420494125e-14,0
481.6,-0.025,0.005,-7.57108198757e-14,0
481.6,-0.03,0.01,-1.05964758863e-13,0
481.6,-0.03,0.015,-8.97561341155e-14,0
481.6,-0.025,0.01,-7.10763539362e-14,0
481.6,-0.025,0.015,-6.38472912497e-14,0
481.6,-0.03,0.02,-6.69895282996e-14,0
481.6,-0.03,0.025,-4.17088902484e-14,0
481.6,-0.025,0.02,-5.34061167857e-14,0
481.6,-0.025,0.025,-4.04240973836e-14,0
481.6,-0.03,0.03,-1.95415440104e-14,0
481.6,-0.03,0.035,6.54092436053e-16,0
481.6,-0.025,0.03,-2.7599390822e-14,0
481.6,-0.025,0.035,-1.58109466754e-14,0
481.6,-0.03,0.04,1.89884842852e-14,0
481.6,-0.03,0.045,3.53269675369e-14,0
481.6,-0.025,0.04,-4.43499732738e-15,0
481.6,-0.025,0.045,5.60768299859e-15,0
481.6,-0.03,0.05,5.01771638313e-14,0
481.6,-0.03,0.055,6.4110724332e-14,0
481.6,-0.025,0.05,1.41749495959e-14,0
481.6,-0.025,0.055,2.27276354067e-14,0
481.6,-0.03,0.06,7.81255929225e-14,0
481.6,-0.03,0.065,9.31002671094e-14,0
481.6,-0.025,0.06,3.32185596705e-14,0
481.6,-0.025,0.065,4.47328077614e-14,0
481.6,-0.03,0.07,1.09989208351e-13,0
481.6,-0.03,0.075,1.30506567741e-13,0
481.6,-0.025,0.07,5.78892188232e-14,0
481.6,-0.025,0.075,7.55917102858e-14,0
481.6,-0.02,-0.075,-9.97859639399e-14,0
481.6,-0.02,-0.07,-5.85934425566e-14,0
481.6,-0.015,-0.075,7.38502089897e-15,0
481.6,-0.015,-0.07,3.60377118925e-14,0
481.6,-0.02,-0.065,-2.27398320823e-14,0
481.6,-0.015,-0.065,6.00407402761e-14,0
481.6,-0.02,-0.06,6.42699320187e-15,0
481.6,-0.015,-0.06,8.01240876096e-14,0
481.6,-0.02,-0.055,2.85046101984e-14,0
481.6,-0.015,-0.055,9.33480259055e-14,0
481.6,-0.02,-0.05,3.92794153452e-14,0
481.6,-0.015,-0.05,9.36899312739e-14,0
481.6,-0.02,-0.045,3.86034167305e-14,0
481.6,-0.015,-0.045,8.70308389383e-14,0
481.6,-0.02,-0.04,3.26582236056e-14,0
481.6,-0.015,-0.04,7.85691680039e-14,0
481.6,-0.02,-0.035,2.47161464296e-14,0
481.6,-0.015,-0.035,6.96704198097e-14,0
481.6,-0.02,-0.03,1.37362941554e-14,0
481.6,-0.02,-0.025,8.42458141589e-16,0
481.6,-0.015,-0.03,5.81172595119e-14,0
481.6,-0.015,-0.025,4.40873620688e-14,0
481.6,-0.02,-0.02,-1.18431181824e-14,0
481.6,-0.02,-0.015,-2.28006613147e-14,0
481.6,-0.015,-0.02,2.97878720949e-14,0
481.6,-0.015,-0.015,1.69526405355e-14,0
481.6,-0.02,-0.01,-3.06365560184e-14,0
481.6,-0.015,-0.01,7.07877370952e-15,0
481.6,-0.02,-0.005,-3.47757232502e-14,0
481.6,-0.015,-0.005,1.17023229226e-15,0
481.6,-0.02,0,-3.64427111728e-14,0
481.6,-0.015,4.16333634234e-19,-1.98370053649e-15,0
481.6,-0.02,0.005,-3.74870429673e-14,0
481.6,-0.015,0.005,-4.32912992857e-15,0
481.6,-0.02,0.01,-3.8262771661e-14,0
481.6,-0.02,0.015,-3.85226884718e-14,0
481.6,-0.015,0.01,-8.17664770319e-15,0
481.6,-0.015,0.015,-1.41324956126e-14,0
481.6,-0.02,0.02,-3.8552629339e-14,0
481.6,-0.02,0.025,-3.67272909945e-14,0
481.6,-0.015,0.02,-2.30852012971e-14,0
481.6,-0.015,0.025,-3.17838111212e-14,0
481.6,-0.02,0.03,-3.27909751773e-14,0
481.6,-0.02,0.035,-2.91349520871e-14,0
481.6,-0.015,0.03,-3.63702545233e-14,0
481.6,-0.015,0.035,-4.04791437709e-14,0
481.6,-0.02,0.04,-2.65133461299e-14,0
481.6,-0.02,0.045,-2.52372227364e-14,0
481.6,-0.015,0.04,-4.71566860612e-14,0
481.6,-0.015,0.045,-5.53840427932e-14,0
481.6,-0.02,0.05,-2.52229758746e-14,0
481.6,-0.02,0.055,-2.54016877287e-14,0
481.6,-0.015,0.05,-6.53083034194e-14,0
481.6,-0.015,0.055,-7.65954259626e-14,0
481.6,-0.02,0.06,-2.3853531007e-14,0
481.6,-0.02,0.065,-2.12484308945e-14,0
481.6,-0.015,0.06,-8.89304744021e-14,0
481.6,-0.015,0.065,-1.00419059732e-13,0
481.6,-0.02,0.07,-1.69562307612e-14,0
481.6,-0.02,0.075,-8.662576325e-15,0
481.6,-0.015,0.07,-1.1001641198e-13,0
481.6,-0.015,0.075,-1.1729292686e-13,0
481.6,-0.01,-0.075,1.26888233192e-13,0
481.6,-0.01,-0.07,1.35783544594e-13,0
481.6,-0.005,-0.075,2.25709866267e-13,0
481.6,-0.005,-0.07,2.17758135782e-13,0
481.6,-0.01,-0.065,1.46556614848e-13,0
481.6,-0.005,-0.065,2.17896629792e-13,0
481.6,-0.01,-0.06,1.53266503087e-13,0
481.6,-0.005,-0.06,2.12973635559e-13,0
481.6,-0.01,-0.055,1.50643330955e-13,0
481.6,-0.005,-0.055,1.97202353341e-13,0
481.6,-0.01,-0.05,1.41589386328e-13,0
481.6,-0.005,-0.05,1.82008857855e-13,0
481.6,-0.01,-0.045,1.31308705453e-13,0
481.6,-0.005,-0.045,1.68255797634e-13,0
481.6,-0.01,-0.04,1.21025824805e-13,0
481.6,-0.005,-0.04,1.56306813341e-13,0
481.6,-0.01,-0.035,1.11748425449e-13,0
481.6,-0.005,-0.035,1.46865875907e-13,0
481.6,-0.01,-0.03,1.00089655585e-13,0
481.6,-0.005,-0.03,1.3605267524e-13,0
481.6,-0.01,-0.025,8.45458704926e-14,0
481.6,-0.005,-0.025,1.19862792502e-13,0
481.6,-0.01,-0.02,6.75963773978e-14,0
481.6,-0.01,-0.015,5.07855263405e-14,0
481.6,-0.005,-0.02,1.00319022007e-13,0
481.6,-0.005,-0.015,7.79535395852e-14,0
481.6,-0.0117873230072,-0.0115873794689,3.03669200944e-14,0
481.6,-0.00939961996336,-0.005,2.58188720985e-14,0
481.6,-0.00792797428371,-0.00964253216809,4.26453115509e-14,0
481.6,-0.005,-0.00939961996336,5.05355264018e-14,0
481.6,-0.0108753492546,-0.00150606400588,1.72784603464e-14,0
481.6,-0.00818101620308,-0.00211452602544,2.32514341307e-14,0
481.6,-0.00651817360753,-0.000255934956239,2.02617461915e-14,0
481.6,-0.005,6.71033969428e-08,1.10856640141e-14,0
481.6,-0.0107292118043,0.00160660295843,1.64095621779e-14,0
481.6,-0.0080188992252,0.000768320427092,2.15727353976e-14,0
481.6,-0.00939946851065,0.005,2.10349616491e-14,0
481.6,-0.00802129342231,0.00264911934363,2.23814428513e-14,0
481.6,-0.00887989370213,0.00887989479405,2.22996527589e-14,0
481.6,-0.01,0.015,8.15750296902e-15,0
481.6,-0.005,0.00939947397025,3.49176845816e-14,0
481.6,-0.005,0.015,2.8815574388e-14,0
481.6,-0.01,0.02,-6.03069934766e-15,0
481.6,-0.01,0.025,-2.23328513778e-14,0
481.6,-0.005,0.02,1.15110830605e-14,0
481.6,-0.005,0.025,-1.11815346824e-14,0
481.6,-0.01,0.03,-3.71140201338e-14,0
481.6,-0.01,0.035,-5.09244128322e-14,0
481.6,-0.005,0.03,-3.51502878535e-14,0
481.6,-0.005,0.035,-5.8175072003e-14,0
481.6,-0.01,0.04,-6.58991079726e-14,0
481.6,-0.01,0.045,-8.22031425681e-14,0
481.6,-0.005,0.04,-8.02774743079e-14,0
481.6,-0.005,0.045,-1.01464383392e-13,0
481.6,-0.01,0.05,-1.00347858708e-13,0
481.6,-0.01,0.055,-1.21538778971e-13,0
481.6,-0.005,0.05,-1.23396618522e-13,0
481.6,-0.005,0.055,-1.48912713456e-13,0
481.6,-0.01,0.06,-1.46993005411e-13,0
481.6,-0.01,0.065,-1.72609788117e-13,0
481.6,-0.005,0.06,-1.78477480471e-13,0
481.6,-0.005,0.065,-2.08906265697e-13,0
481.6,-0.01,0.07,-1.97349437393e-13,0
481.6,-0.01,0.075,-2.24508955956e-13,0
481.6,-0.005,0.07,-2.40492221989e-13,0
481.6,-0.005,0.075,-2.75796801415e-13,0
481.6,0,-0.075,2.77190919288e-13,0
481.6,0,-0.07,2.61467079415e-13,0
481.6,0.005,-0.075,2.7083724114e-13,0
481.6,0.005,-0.07,2.55516275503e-13,0
481.6,0,-0.065,2.56299401999e-13,0
481.6,0.005,-0.065,2.46752166117e-13,0
481.6,0,-0.06,2.46830516766e-13,0
481.6,0.005,-0.06,2.39226034171e-13,0
481.6,0,-0.055,2.26035595687e-13,0
481.6,0.005,-0.055,2.26826858028e-13,0
481.6,0,-0.05,2.07671619997e-13,0
481.6,0.005,-0.05,2.1301269218e-13,0
481.6,0,-0.045,1.92089889887e-13,0
481.6,0.005,-0.045,1.99407599005e-13,0
481.6,0,-0.04,1.79415769801e-13,0
481.6,0.005,-0.04,1.87196670526e-13,0
481.6,0,-0.035,1.7047379502e-13,0
481.6,0.005,-0.035,1.78142783806e-13,0
481.6,0,-0.03,1.60499631503e-13,0
481.6,0.005,-0.03,1.66471825437e-13,0
481.6,0,-0.025,1.43928243696e-13,0
481.6,0.005,-0.025,1.46328477665e-13,0
481.6,0,-0.02,1.21004987047e-13,0
481.6,0.005,-0.02,1.19839857721e-13,0
481.6,0,-0.015,9.29463540072e-14,0
481.6,0.005,-0.015,9.09004093054e-14,0
481.6,-0.0021196717084,-0.00776771017156,4.54942575532e-14,0
481.6,-0.00084550708518,-0.00631514607954,3.1613739728e-14,0
481.6,6.71033969406e-08,-0.005,1.15536099702e-14,0
481.6,-0.00139054260708,-0.0110960807567,6.80241651376e-14,0
481.6,0.00132468676756,-0.00775008274642,4.75431030224e-14,0
481.6,0.00160394440688,-0.0116908851489,7.36780106859e-14,0
481.6,0.005,-0.00939946851065,5.69408535589e-14,0
481.6,0.005,0.005,2.95081778958e-14,0
481.6,-0.000107646311398,0.00617659695633,2.83392159237e-14,0
481.6,-0.00190846935279,0.0076427502668,3.79922364451e-14,0
481.6,0.00131146485568,0.00777290068297,3.97715957368e-14,0
481.6,0.00295884413402,0.00640276348073,3.20806310717e-14,0
481.6,-1.21517769428e-05,0.0108932602996,4.72340410748e-14,0
481.6,0,0.015,4.69942507685e-14,0
481.6,0.005,0.00939942566771,4.72124436052e-14,0
481.6,0.005,0.015,5.70877034463e-14,0
481.6,0,0.02,3.01372639338e-14,0
481.6,0,0.025,2.22683726764e-15,0
481.6,0.005,0.02,4.51349121835e-14,0
481.6,0.005,0.025,1.69976972938e-14,0
481.6,0,0.03,-2.72737173339e-14,0
481.6,0,0.035,-5.62792178234e-14,0
481.6,0.005,0.03,-1.23003855539e-14,0
481.6,0.005,0.035,-4.21043742469e-14,0
481.6,0,0.04,-8.40259069726e-14,0
481.6,0,0.045,-1.08363112449e-13,0
481.6,0.005,0.04,-7.19813193192e-14,0
481.6,0.005,0.045,-9.80878780079e-14,0
481.6,0,0.05,-1.30832543985e-13,0
481.6,0,0.055,-1.5602493318e-13,0
481.6,0.005,0.05,-1.21686637072e-13,0
481.6,0.005,0.055,-1.46983358669e-13,0
481.6,0,0.06,-1.82987697546e-13,0
481.6,0,0.065,-2.10817717991e-13,0
481.6,0.005,0.06,-1.7304591251e-13,0
481.6,0.005,0.065,-1.97738367592e-13,0
481.6,0,0.07,-2.40060637888e-13,0
481.6,0,0.075,-2.73399671494e-13,0
481.6,0.005,0.07,-2.22196338751e-13,0
481.6,0.005,0.075,-2.50386890786e-13,0
481.6,0.01,-0.075,2.27210563222e-13,0
481.6,0.01,-0.07,2.1314424734e-13,0
481.6,0.015,-0.075,1.71367075706e-13,0
481.6,0.015,-0.07,1.57766110699e-13,0
481.6,0.01,-0.065,2.04257715762e-13,0
481.6,0.015,-0.065,1.48632359946e-13,0
481.6,0.01,-0.06,1.98595523681e-13,0
481.6,0.015,-0.06,1.42549401585e-13,0
481.6,0.01,-0.055,1.94085258357e-13,0
481.6,0.015,-0.055,1.38293646954e-13,0
481.6,0.01,-0.05,1.88551821367e-13,0
481.6,0.015,-0.05,1.34066423453e-13,0
481.6,0.01,-0.045,1.78785351862e-13,0
481.6,0.015,-0.045,1.25889442126e-13,0
481.6,0.01,-0.04,1.6762948477e-13,0
481.6,0.015,-0.04,1.15802226571e-13,0
481.6,0.01,-0.035,1.59109159848e-13,0
481.6,0.015,-0.035,1.05781813785e-13,0
481.6,0.01,-0.03,1.44106111402e-13,0
481.6,0.015,-0.03,8.95994752277e-14,0
481.6,0.01,-0.025,1.20333973992e-13,0
481.6,0.015,-0.025,6.91607197244e-14,0
481.6,0.01,-0.02,9.32680230749e-14,0
481.6,0.01,-0.015,6.90510794689e-14,0
481.6,0.015,-0.02,4.88094331633e-14,0
481.6,0.015,-0.015,3.45772092707e-14,0
481.6,0.00999280436795,-0.0116358337096,5.6278336155e-14,0
481.6,0.0105889214373,-0.00845762197625,4.46767963163e-14,0
481.6,0.015,-0.01,3.19385622327e-14,0
481.6,0.00939947397025,-0.005,3.80331714209e-14,0
481.6,0.015,-0.005,3.3330390564e-14,0
481.6,0.00658051136513,-0.00296146438142,2.91977178989e-14,0
481.6,0.00636794669772,-3.54305826484e-06,2.4760766428e-14,0
481.6,0.00795807888052,-0.00113999998936,3.22868611693e-14,0
481.6,0.00758147027913,0.00183630393596,3.22562710774e-14,0
481.6,0.0112534647756,-1.47536350887e-07,3.95573281477e-14,0
481.6,0.015,4.16333634234e-19,3.92422928582e-14,0
481.6,0.00939942566771,0.005,4.30628574246e-14,0
481.6,0.015,0.005,4.85008701384e-14,0
481.6,0.00999018807453,0.0109670628501,5.67972225471e-14,0
481.6,0.01,0.015,6.32728851365e-14,0
481.6,0.015,0.01,5.86081350715e-14,0
481.6,0.015,0.015,6.72949634208e-14,0
481.6,0.01,0.02,5.63935820965e-14,0
481.6,0.01,0.025,3.22806421431e-14,0
481.6,0.015,0.02,6.48396661318e-14,0
481.6,0.015,0.025,4.60471886741e-14,0
481.6,0.01,0.03,4.55524329334e-15,0
481.6,0.01,0.035,-2.37090287967e-14,0
481.6,0.015,0.03,2.10021985949e-14,0
481.6,0.015,0.035,-4.57219083437e-15,0
481.6,0.01,0.04,-5.17638569428e-14,0
481.6,0.01,0.045,-7.7244814473e-14,0
481.6,0.015,0.04,-2.90529705573e-14,0
481.6,0.015,0.045,-5.22621236689e-14,0
481.6,0.01,0.05,-1.00710406366e-13,0
481.6,0.01,0.055,-1.24975664746e-13,0
481.6,0.015,0.05,-7.42323413516e-14,0
481.6,0.015,0.055,-9.5195055452e-14,0
481.6,0.01,0.06,-1.47900305077e-13,0
481.6,0.01,0.065,-1.652038313e-13,0
481.6,0.015,0.06,-1.10482285484e-13,0
481.6,0.015,0.065,-1.13471924398e-13,0
481.6,0.01,0.07,-1.7668165505e-13,0
481.6,0.01,0.075,-1.88052415485e-13,0
481.6,0.015,0.07,-1.07147665859e-13,0
481.6,0.015,0.075,-9.75691952524e-14,0
481.6,0.02,-0.075,1.01245950866e-13,0
481.6,0.02,-0.07,8.8530913983e-14,0
481.6,0.025,-0.075,1.89288782739e-14,0
481.6,0.025,-0.07,8.36959664254e-15,0
481.6,0.02,-0.065,7.88504897131e-14,0
481.6,0.025,-0.065,-1.56796905883e-15,0
481.6,0.02,-0.06,7.09082979684e-14,0
481.6,0.025,-0.06,-1.17047155726e-14,0
481.6,0.02,-0.055,6.42030364689e-14,0
481.6,0.025,-0.055,-2.1632619946e-14,0
481.6,0.02,-0.05,5.77171903898e-14,0
481.6,0.025,-0.05,-3.06715545631e-14,0
481.6,0.02,-0.045,4.99620796817e-14,0
481.6,0.025,-0.045,-3.74031108697e-14,0
481.6,0.02,-0.04,4.13695287359e-14,0
481.6,0.025,-0.04,-4.2219141883e-14,0
481.6,0.02,-0.035,3.17361024528e-14,0
481.6,0.025,-0.035,-4.74954889018e-14,0
481.6,0.02,-0.03,1.97761520358e-14,0
481.6,0.025,-0.03,-5.27897611348e-14,0
481.6,0.02,-0.025,8.38493887037e-15,0
481.6,0.025,-0.025,-5.50827338709e-14,0
481.6,0.02,-0.02,1.57661193382e-15,0
481.6,0.025,-0.02,-4.81662423274e-14,0
481.6,0.02,-0.015,2.45569504032e-15,0
481.6,0.025,-0.015,-3.2268300285e-14,0
481.6,0.02,-0.01,9.60744500029e-15,0
481.6,0.025,-0.01,-1.54138714383e-14,0
481.6,0.02,-0.005,1.92549341984e-14,0
481.6,0.025,-0.005,2.0953345779e-15,0
481.6,0.02,0,3.09250847485e-14,0
481.6,0.025,4.16333634234e-19,1.92022037585e-14,0
481.6,0.02,0.005,4.42386365963e-14,0
481.6,0.025,0.005,3.66192129452e-14,0
481.6,0.02,0.01,5.76525035792e-14,0
481.6,0.025,0.01,5.40735168409e-14,0
481.6,0.02,0.015,6.86951029596e-14,0
481.6,0.025,0.015,6.81170703535e-14,0
481.6,0.02,0.02,7.01924887026e-14,0
481.6,0.02,0.025,5.67247131976e-14,0
481.6,0.025,0.02,7.30468247269e-14,0
481.6,0.025,0.025,6.33851496423e-14,0
481.6,0.02,0.03,3.59621780005e-14,0
481.6,0.02,0.035,1.46444436283e-14,0
481.6,0.025,0.03,4.73026456631e-14,0
481.6,0.025,0.035,3.13184644846e-14,0
481.6,0.02,0.04,-6.15834528196e-15,0
481.6,0.02,0.045,-2.58342509829e-14,0
481.6,0.025,0.04,1.52959438996e-14,0
481.6,0.025,0.045,4.46996449095e-16,0
481.6,0.02,0.05,-4.34675631235e-14,0
481.6,0.02,0.055,-5.76923114988e-14,0
481.6,0.025,0.05,-1.09370550698e-14,0
481.6,0.025,0.055,-1.57862426094e-14,0
481.6,0.02,0.06,-6.08143898385e-14,0
481.6,0.02,0.065,-5.06371466052e-14,0
481.6,0.025,0.06,-7.89527183948e-15,0
481.6,0.025,0.065,8.86076932561e-15,0
481.6,0.02,0.07,-3.4439410862e-14,0
481.6,0.02,0.075,-1.49798936309e-14,0
481.6,0.025,0.07,3.16772206091e-14,0
481.6,0.025,0.075,5.88895111001e-14,0
481.6,0.03,-0.075,-6.8632317704e-14,0
481.6,0.03,-0.07,-7.48990188173e-14,0
481.6,0.035,-0.075,-1.49684331136e-13,0
481.6,0.035,-0.07,-1.50272999765e-13,0
481.6,0.03,-0.065,-8.41939529721e-14,0
481.6,0.035,-0.065,-1.5719385474e-13,0
481.6,0.03,-0.06,-9.58028058166e-14,0
481.6,0.035,-0.06,-1.68460968762e-13,0
481.6,0.03,-0.055,-1.08058747243e-13,0
481.6,0.035,-0.055,-1.82053472219e-13,0
481.6,0.03,-0.05,-1.17603979509e-13,0
481.6,0.035,-0.05,-1.90967912231e-13,0
481.6,0.03,-0.045,-1.20722263941e-13,0
481.6,0.035,-0.045,-1.88496539373e-13,0
481.6,0.03,-0.04,-1.19961767816e-13,0
481.6,0.035,-0.04,-1.81411035811e-13,0
481.6,0.03,-0.035,-1.19864298941e-13,0
481.6,0.035,-0.035,-1.75881844847e-13,0
481.6,0.03,-0.03,-1.18919454623e-13,0
481.6,0.035,-0.03,-1.69767959298e-13,0
481.6,0.03,-0.025,-1.15519862699e-13,0
481.6,0.035,-0.025,-1.61468932536e-13,0
481.6,0.03,-0.02,-9.93052111232e-14,0
481.6,0.035,-0.02,-1.41084319561e-13,0
481.6,0.03,-0.015,-7.04638902924e-14,0
481.6,0.035,-0.015,-1.05532771044e-13,0
481.6,0.03,-0.01,-4.28540209349e-14,0
481.6,0.035,-0.01,-6.94551103698e-14,0
481.6,0.03,-0.005,-1.7269138667e-14,0
481.6,0.035,-0.005,-3.63170472097e-14,0
481.6,0.03,0,5.41844063173e-15,0
481.6,0.035,4.16333634234e-19,-8.5156966426e-15,0
481.6,0.03,0.005,2.71068192656e-14,0
481.6,0.035,0.005,1.69776778434e-14,0
481.6,0.03,0.01,4.89925070705e-14,0
481.6,0.035,0.01,4.23485513169e-14,0
481.6,0.03,0.015,6.59298458019e-14,0
481.6,0.035,0.015,6.05112599291e-14,0
481.6,0.03,0.02,7.2258311723e-14,0
481.6,0.035,0.02,6.66226744743e-14,0
481.6,0.03,0.025,6.54757575629e-14,0
481.6,0.035,0.025,6.1727280356e-14,0
481.6,0.03,0.03,5.29790073335e-14,0
481.6,0.03,0.035,4.17528494092e-14,0
481.6,0.035,0.03,5.20983033563e-14,0
481.6,0.035,0.035,4.40441944827e-14,0
481.6,0.03,0.04,3.20669825614e-14,0
481.6,0.03,0.045,2.38565833279e-14,0
481.6,0.035,0.04,3.94553268309e-14,0
481.6,0.035,0.045,3.78297563261e-14,0
481.6,0.03,0.05,1.93107829565e-14,0
481.6,0.03,0.055,2.31931592792e-14,0
481.6,0.035,0.05,4.09374217862e-14,0
481.6,0.035,0.055,5.31236369743e-14,0
481.6,0.03,0.06,3.73271979905e-14,0
481.6,0.03,0.065,5.94165972664e-14,0
481.6,0.035,0.06,7.36955562103e-14,0
481.6,0.035,0.065,1.01106665821e-13,0
481.6,0.03,0.07,8.74940512903e-14,0
481.6,0.03,0.075,1.1969423458e-13,0
481.6,0.035,0.07,1.34089148867e-13,0
481.6,0.035,0.075,1.71089674548e-13,0
481.6,0.04,-0.075,-2.04237662183e-13,0
481.6,0.04,-0.07,-1.98699971804e-13,0
481.6,0.045,-0.075,-2.06523043248e-13,0
481.6,0.045,-0.07,-2.00418692263e-13,0
481.6,0.04,-0.065,-2.0294332563e-13,0
481.6,0.045,-0.065,-2.04250854329e-13,0
481.6,0.04,-0.06,-2.13525810784e-13,0
481.6,0.045,-0.06,-2.16232046043e-13,0
481.6,0.04,-0.055,-2.291962818e-13,0
481.6,0.045,-0.055,-2.35250780895e-13,0
481.6,0.04,-0.05,-2.38896177725e-13,0
481.6,0.045,-0.05,-2.53743426838e-13,0
481.6,0.04,-0.045,-2.32794744275e-13,0
481.6,0.045,-0.045,-2.52336632118e-13,0
481.6,0.04,-0.04,-2.20971892001e-13,0
481.6,0.045,-0.04,-2.38771601587e-13,0
481.6,0.04,-0.035,-2.10802119923e-13,0
481.6,0.045,-0.035,-2.23626015717e-13,0
481.6,0.04,-0.03,-2.0018237279e-13,0
481.6,0.045,-0.03,-2.08169017225e-13,0
481.6,0.04,-0.025,-1.88415758187e-13,0
481.6,0.045,-0.025,-1.93633462369e-13,0
481.6,0.04,-0.02,-1.65271742628e-13,0
481.6,0.045,-0.02,-1.68603683688e-13,0
481.6,0.04,-0.015,-1.29488167165e-13,0
481.6,0.045,-0.015,-1.29159010529e-13,0
481.6,0.04,-0.01,-8.95936373388e-14,0
481.6,0.045,-0.01,-8.98011322176e-14,0
481.6,0.04,-0.005,-5.06806539492e-14,0
481.6,0.045,-0.005,-5.23038059211e-14,0
481.6,0.04,0,-1.8317386256e-14,0
481.6,0.045,4.16333634234e-19,-1.95915608237e-14,0
481.6,0.04,0.005,1.00074696679e-14,0
481.6,0.045,0.005,8.10311946139e-15,0
481.6,0.04,0.01,3.6690169033e-14,0
481.6,0.045,0.01,3.29978606833e-14,0
481.6,0.04,0.015,5.35498291737e-14,0
481.6,0.045,0.015,4.57903221544e-14,0
481.6,0.04,0.02,5.72123694238e-14,0
481.6,0.045,0.02,4.4742615065e-14,0
481.6,0.04,0.025,5.30897308165e-14,0
481.6,0.045,0.025,3.98323182009e-14,0
481.6,0.04,0.03,4.54063643166e-14,0
481.6,0.045,0.03,3.3323829863e-14,0
481.6,0.04,0.035,3.95371554021e-14,0
481.6,0.045,0.035,2.89628748238e-14,0
481.6,0.04,0.04,3.75660781126e-14,0
481.6,0.04,0.045,4.02773766379e-14,0
481.6,0.045,0.04,2.94441819199e-14,0
481.6,0.045,0.045,3.52464857214e-14,0
481.6,0.04,0.05,5.113978771e-14,0
481.6,0.04,0.055,7.17101302972e-14,0
481.6,0.045,0.05,5.14926858914e-14,0
481.6,0.045,0.055,7.92448783081e-14,0
481.6,0.04,0.06,9.95945174426e-14,0
481.6,0.04,0.065,1.33060658333e-13,0
481.6,0.045,0.06,1.14880898996e-13,0
481.6,0.045,0.065,1.55629709987e-13,0
481.6,0.04,0.07,1.7091404134e-13,0
481.6,0.04,0.075,2.12292828047e-13,0
481.6,0.045,0.07,1.99144271873e-13,0
481.6,0.045,0.075,2.45796576869e-13,0
481.6,0.05,-0.075,-1.69608823788e-13,0
481.6,0.05,-0.07,-1.64225181344e-13,0
481.6,0.055,-0.075,-1.11691575584e-13,0
481.6,0.055,-0.07,-1.04845875297e-13,0
481.6,0.05,-0.065,-1.69134758581e-13,0
481.6,0.055,-0.065,-1.11348465545e-13,0
481.6,0.05,-0.06,-1.83342300638e-13,0
481.6,0.055,-0.06,-1.29543326276e-13,0
481.6,0.05,-0.055,-2.05063203856e-13,0
481.6,0.055,-0.055,-1.50110834672e-13,0
481.6,0.05,-0.05,-2.31586352248e-13,0
481.6,0.055,-0.05,-1.68145789397e-13,0
481.6,0.05,-0.045,-2.37283857554e-13,0
481.6,0.055,-0.045,-1.77103711111e-13,0
481.6,0.05,-0.04,-2.25433202199e-13,0
481.6,0.055,-0.04,-1.75505483969e-13,0
481.6,0.05,-0.035,-2.09558450714e-13,0
481.6,0.055,-0.035,-1.70314272827e-13,0
481.6,0.05,-0.03,-1.92613212627e-13,0
481.6,0.055,-0.03,-1.57836957706e-13,0
481.6,0.05,-0.025,-1.77098217724e-13,0
481.6,0.055,-0.025,-1.39294509748e-13,0
481.6,0.05,-0.02,-1.50411670578e-13,0
481.6,0.055,-0.02,-1.11366904917e-13,0
481.6,0.05,-0.015,-1.08464202782e-13,0
481.6,0.055,-0.015,-7.69150130713e-14,0
481.6,0.05,-0.01,-7.07381701515e-14,0
481.6,0.055,-0.01,-4.31497833382e-14,0
481.6,0.05,-0.005,-3.77367505556e-14,0
481.6,0.055,-0.005,-1.4453037861e-14,0
481.6,0.05,0,-1.09835506038e-14,0
481.6,0.055,4.16333634234e-19,4.92615829379e-15,0
481.6,0.05,0.005,1.12432712744e-14,0
481.6,0.055,0.005,1.93924529924e-14,0
481.6,0.05,0.01,3.00799864475e-14,0
481.6,0.055,0.01,2.92453852375e-14,0
481.6,0.05,0.015,3.64970817602e-14,0
481.6,0.055,0.015,2.80150232899e-14,0
481.6,0.05,0.02,3.11452794249e-14,0
481.6,0.055,0.02,1.78079468591e-14,0
481.6,0.05,0.025,2.37123484075e-14,0
481.6,0.055,0.025,6.18949618584e-15,0
481.6,0.05,0.03,1.6239271054e-14,0
481.6,0.055,0.03,-4.29455233046e-15,0
481.6,0.05,0.035,1.07753543774e-14,0
481.6,0.055,0.035,-1.36224835324e-14,0
481.6,0.05,0.04,1.04898227137e-14,0
481.6,0.055,0.04,-2.05794996492e-14,0
481.6,0.05,0.045,1.6736920914e-14,0
481.6,0.055,0.045,-2.02481517473e-14,0
481.6,0.05,0.05,3.45486465681e-14,0
481.6,0.05,0.055,6.61126782069e-14,0
481.6,0.055,0.05,-6.98641841438e-15,0
481.6,0.055,0.055,2.24019695464e-14,0
481.6,0.05,0.06,1.08010302194e-13,0
481.6,0.05,0.065,1.56733425102e-13,0
481.6,0.055,0.06,6.79238280079e-14,0
481.6,0.055,0.065,1.27916909166e-13,0
481.6,0.05,0.07,2.08905375754e-13,0
481.6,0.05,0.075,2.66118302354e-13,0
481.6,0.055,0.07,1.93749224431e-13,0
481.6,0.055,0.075,2.6184984285e-13,0
481.6,0.06,-0.075,-1.97763170358e-14,0
481.6,0.06,-0.07,-7.12006133888e-15,0
481.6,0.065,-0.075,1.1137804477e-13,0
481.6,0.065,-0.07,1.32127259579e-13,0
481.6,0.06,-0.065,-8.30742678226e-15,0
481.6,0.065,-0.065,1.4520318571e-13,0
481.6,0.06,-0.06,-1.91034027601e-14,0
481.6,0.065,-0.06,1.59166950437e-13,0
481.6,0.06,-0.055,-2.95250234929e-14,0
481.6,0.065,-0.055,1.64234837394e-13,0
481.6,0.06,-0.05,-3.91670933396e-14,0
481.6,0.065,-0.05,1.56196696929e-13,0
481.6,0.06,-0.045,-5.23473631049e-14,0
481.6,0.065,-0.045,1.3597009383e-13,0
481.6,0.06,-0.04,-6.49464279423e-14,0
481.6,0.065,-0.04,1.08946953968e-13,0
481.6,0.06,-0.035,-7.57181897544e-14,0
481.6,0.065,-0.035,8.08304612222e-14,0
481.6,0.06,-0.03,-7.77068337371e-14,0
481.6,0.065,-0.03,5.50939469669e-14,0
481.6,0.06,-0.025,-6.66487496006e-14,0
481.6,0.065,-0.025,3.72211493744e-14,0
481.6,0.06,-0.02,-4.71905398275e-14,0
481.6,0.065,-0.02,3.39243454716e-14,0
481.6,0.06,-0.015,-2.58306859934e-14,0
481.6,0.065,-0.015,3.85328772548e-14,0
481.6,0.06,-0.01,-3.91214535842e-15,0
481.6,0.065,-0.01,4.37476314664e-14,0
481.6,0.06,-0.005,1.43994551333e-14,0
481.6,0.065,-0.005,4.74877036112e-14,0
481.6,0.06,0,2.51463900126e-14,0
481.6,0.065,4.16333634234e-19,4.82591832756e-14,0
481.6,0.06,0.005,3.15513846584e-14,0
481.6,0.065,0.005,4.53436228214e-14,0
481.6,0.06,0.01,3.10530648443e-14,0
481.6,0.065,0.01,3.47699184915e-14,0
481.6,0.06,0.015,2.13174634742e-14,0
481.6,0.065,0.015,1.69931325889e-14,0
481.6,0.06,0.02,5.84851896e-15,0
481.6,0.065,0.02,-4.37637753727e-15,0
481.6,0.06,0.025,-1.13208538688e-14,0
481.6,0.065,0.025,-2.83659500696e-14,0
481.6,0.06,0.03,-2.95977178761e-14,0
481.6,0.065,0.03,-5.8715005882e-14,0
481.6,0.06,0.035,-4.94075217685e-14,0
481.6,0.065,0.035,-9.55685746676e-14,0
481.6,0.06,0.04,-6.98287839768e-14,0
481.6,0.065,0.04,-1.39001842597e-13,0
481.6,0.06,0.045,-8.43376950623e-14,0
481.6,0.065,0.045,-1.75972938983e-13,0
481.6,0.06,0.05,-8.33871883997e-14,0
481.6,0.065,0.05,-1.94271750827e-13,0
481.6,0.06,0.055,-6.06186012573e-14,0
481.6,0.065,0.055,-1.82247634533e-13,0
481.6,0.06,0.06,-1.6576206503e-14,0
481.6,0.06,0.065,4.63829399357e-14,0
481.6,0.065,0.06,-1.4375027762e-13,0
481.6,0.065,0.065,-8.74295827526e-14,0
481.6,0.06,0.07,1.21463283181e-13,0
481.6,0.06,0.075,2.04220009208e-13,0
481.6,0.065,0.07,-1.78150889835e-14,0
481.6,0.065,0.075,6.50226903782e-14,0
481.6,0.07,-0.075,2.89750429834e-13,0
481.6,0.07,-0.07,3.2316358649e-13,0
481.6,0.075,-0.075,5.06172467115e-13,0
481.6,0.075,-0.07,5.46826210691e-13,0
481.6,0.07,-0.065,3.54077900646e-13,0
481.6,0.075,-0.065,5.90144510356e-13,0
481.6,0.07,-0.06,3.83807195258e-13,0
481.6,0.075,-0.06,6.28968172871e-13,0
481.6,0.07,-0.055,3.98235451628e-13,0
481.6,0.075,-0.055,6.48425720747e-13,0
481.6,0.07,-0.05,3.89050130767e-13,0
481.6,0.075,-0.05,6.35007259119e-13,0
481.6,0.07,-0.045,3.57676132989e-13,0
481.6,0.075,-0.045,5.89274625024e-13,0
481.6,0.07,-0.04,3.12668806073e-13,0
481.6,0.075,-0.04,5.23802614146e-13,0
481.6,0.07,-0.035,2.62783694496e-13,0
481.6,0.075,-0.035,4.49445682093e-13,0
481.6,0.07,-0.03,2.13194751835e-13,0
481.6,0.075,-0.03,3.77067469649e-13,0
481.6,0.07,-0.025,1.66452484173e-13,0
481.6,0.075,-0.025,3.05231828172e-13,0
481.6,0.07,-0.02,1.28568518378e-13,0
481.6,0.075,-0.02,2.27168712736e-13,0
481.6,0.07,-0.015,1.05382250422e-13,0
481.6,0.075,-0.015,1.68589736899e-13,0
481.6,0.07,-0.01,9.28044675121e-14,0
481.6,0.075,-0.01,1.40147601562e-13,0
481.6,0.07,-0.005,8.25936874916e-14,0
481.6,0.075,-0.005,1.16718434062e-13,0
481.6,0.07,0,7.28666701893e-14,0
481.6,0.075,0,9.82260176403e-14,0
481.6,0.07,0.005,6.00272038802e-14,0
481.6,0.075,0.005,7.69169433468e-14,0
481.6,0.07,0.01,4.11351601997e-14,0
481.6,0.075,0.01,5.00212937867e-14,0
481.6,0.07,0.015,1.64260480541e-14,0
481.6,0.075,0.015,1.8030943701e-14,0
481.6,0.07,0.02,-1.17591789703e-14,0
481.6,0.075,0.02,-1.65899953026e-14,0
481.6,0.07,0.025,-4.26753123628e-14,0
481.6,0.075,0.025,-5.30958328823e-14,0
481.6,0.07,0.03,-8.996825244e-14,0
481.6,0.075,0.03,-1.21391221142e-13,0
481.6,0.07,0.035,-1.54618793356e-13,0
481.6,0.075,0.035,-2.18404099527e-13,0
481.6,0.07,0.04,-2.24528337849e-13,0
481.6,0.075,0.04,-3.17180353963e-13,0
481.6,0.07,0.045,-2.87005007304e-13,0
481.6,0.075,0.045,-4.06542549824e-13,0
481.6,0.07,0.05,-3.28093791839e-13,0
481.6,0.075,0.05,-4.75689713704e-13,0
481.6,0.07,0.055,-3.34484018421e-13,0
481.6,0.075,0.055,-5.05059285113e-13,0
481.6,0.07,0.06,-3.08698710199e-13,0
481.6,0.075,0.06,-4.93988921406e-13,0
481.6,0.07,0.065,-2.60718681082e-13,0
481.6,0.075,0.065,-4.53815857214e-13,0
481.6,0.07,0.07,-1.97054883879e-13,0
481.6,0.07,0.075,-1.21319995039e-13,0
481.6,0.075,0.07,-3.93293619603e-13,0
481.6,0.075,0.075,-3.21555244449e-13,0
714.5,-0.00382671281566,-0.00202612167119,0,0
714.5,-0.005,-0.005,-9.7801113886e-15,0
714.5,-0.00197892066871,-0.00385133392306,0,0
714.5,-0.005,-0.00190753787223,1.16881255715e-14,0
714.5,-0.00433,0,0,0
714.5,-0.00190753787223,-0.005,1.06060267625e-14,0
714.5,0,-0.00433,0,0
714.5,-0.005,0.00190775150599,1.99493585875e-14,0
714.5,-0.00385133392306,0.00197892066871,0,0
714.5,0.00190775150599,-0.005,1.02250308079e-14,0
714.5,0.00202612167119,-0.00382671281566,0,0
714.5,-0.00202612167119,0.00382671281566,0,0
714.5,-0.005,0.005,5.96694127563e-14,0
714.5,-0.0019094272225,0.005,1.97119625271e-14,0
714.5,0,0.00433,0,0
714.5,0.00147766755988,0.00407006125046,0,0
714.5,8.32667268469e-19,0.005,1.25140373329e-14,0
714.5,0.00433,0,0,0
714.5,0.005,1.38777878078e-18,6.44309525952e-15,0
714.5,0.00407006125046,0.00147766755988,0,0
714.5,0.005,-0.005,-3.80247790674e-14,0
714.5,0.00385133392306,-0.00197892066871,0,0
714.5,0.005,-0.0019094272225,9.66567097069e-16,0
714.5,0.00306177236254,0.00306177236254,0,0
714.5,0.0019094272225,0.005,2.00122892099e-14,0
714.5,0.005,0.0019094272225,1.13236556165e-14,0
714.5,-0.000885,-0.0015328649647,1.27165004776e-12,0
714.5,-0.0015328649647,-0.000885,1.27177246159e-12,0
714.5,-0.00186450691264,-0.00187567167242,8.43110876522e-13,0
714.5,-0.00177,0,1.2714640939e-12,0
714.5,-0.00268433516245,-0.000738983120158,7.59183769132e-13,0
714.5,0,-0.00177,1.27161157108e-12,0
714.5,-0.000718432264205,-0.00269192408424,7.57477398307e-13,0
714.5,-0.0015328649647,0.000885,1.269959353e-12,0
714.5,-0.00265321485144,0.000647311733689,7.89969838118e-13,0
714.5,-0.000885,0.0015328649647,1.26833141718e-12,0
714.5,-0.00194719253591,0.00178443766524,8.44037103662e-13,0
714.5,0,0.00177,1.26422451709e-12,0
714.5,-0.000802720381054,0.00273415977115,7.17572706933e-13,0
714.5,0.000885,-0.0015328649647,1.27030014747e-12,0
714.5,0.00075154031863,-0.00270385456952,7.45366106885e-13,0
714.5,0.00177,0,1.26256409762e-12,0
714.5,0.0015328649647,-0.000885,1.26814726839e-12,0
714.5,0.00271471102228,-0.000564731152102,7.60991200877e-13,0
714.5,0.00192394637685,-0.00189207206672,8.10178117695e-13,0
714.5,0.00231817117671,0.00040530921667,9.88010512372e-13,0
714.5,0.0015328649647,0.000885,1.26083000592e-12,0
714.5,0.000885,0.0015328649647,1.26153514749e-12,0
714.5,0.000427053001345,0.00287092483521,6.8225839895e-13,0
714.5,0.00187618296239,0.00184774001435,8.33424359051e-13,0
714.5,0.00312733402203,0.000607809752493,5.19251241308e-13,0
714.5,0.00276214303706,0.00136595635004,5.76917431057e-13,0
714.5,0.0014100336009,0.00268674970267,6.04832570395e-13,0
714.5,-0.075,-0.075,8.04915746958e-12,0
714.5,-0.07,-0.075,1.07528743301e-12,0
714.5,-0.075,-0.07,1.03793912338e-11,0
714.5,-0.07,-0.07,3.77402550189e-12,0
714.5,-0.075,-0.065,1.18703255566e-11,0
714.5,-0.07,-0.065,5.84642085085e-12,0
714.5,-0.065,-0.075,-5.53401715496e-12,0
714.5,-0.065,-0.07,-2.32145997507e-12,0
714.5,-0.065,-0.065,4.05451362302e-13,0
714.5,-0.075,-0.06,1.20141021215e-11,0
714.5,-0.07,-0.06,6.79942718485e-12,0
714.5,-0.065,-0.06,2.38518350793e-12,0
714.5,-0.075,-0.055,1.07337885702e-11,0
714.5,-0.07,-0.055,6.44992537778e-12,0
714.5,-0.065,-0.055,3.07580729087e-12,0
714.5,-0.075,-0.05,8.06756468277e-12,0
714.5,-0.07,-0.05,5.25258395136e-12,0
714.5,-0.065,-0.05,2.95363761808e-12,0
714.5,-0.075,-0.045,5.13574842778e-12,0
714.5,-0.07,-0.045,3.72149264909e-12,0
714.5,-0.065,-0.045,2.38032375922e-12,0
714.5,-0.075,-0.04,3.02993574655e-12,0
714.5,-0.07,-0.04,2.22521245915e-12,0
714.5,-0.075,-0.035,1.09922984085e-12,0
714.5,-0.07,-0.035,7.67754160994e-13,0
714.5,-0.065,-0.04,1.48822662845e-12,0
714.5,-0.065,-0.035,4.58863750659e-13,0
714.5,-0.075,-0.03,-5.79787910531e-13,0
714.5,-0.07,-0.03,-5.38517184068e-13,0
714.5,-0.075,-0.025,-1.76726829939e-12,0
714.5,-0.07,-0.025,-1.54470260474e-12,0
714.5,-0.065,-0.03,-5.18450046923e-13,0
714.5,-0.065,-0.025,-1.38329510508e-12,0
714.5,-0.075,-0.02,-2.44608464562e-12,0
714.5,-0.07,-0.02,-2.19787724741e-12,0
714.5,-0.075,-0.015,-2.82272380473e-12,0
714.5,-0.07,-0.015,-2.56986063541e-12,0
714.5,-0.065,-0.02,-2.03845394294e-12,0
714.5,-0.065,-0.015,-2.43016980671e-12,0
714.5,-0.075,-0.01,-2.66206492795e-12,0
714.5,-0.07,-0.01,-2.45480138246e-12,0
714.5,-0.075,-0.005,-1.80716105728e-12,0
714.5,-0.07,-0.005,-1.72610131736e-12,0
714.5,-0.065,-0.01,-2.38740102405e-12,0
714.5,-0.065,-0.005,-1.77900312072e-12,0
714.5,-0.075,0,-4.94628501101e-13,0
714.5,-0.07,0,-5.47948672325e-13,0
714.5,-0.075,0.005,1.05649780302e-12,0
714.5,-0.07,0.005,8.69062521563e-13,0
714.5,-0.065,4.16333634234e-19,-6.98869878419e-13,0
714.5,-0.065,0.005,6.08087295798e-13,0
714.5,-0.075,0.01,3.11573466798e-12,0
714.5,-0.07,0.01,2.47282724573e-12,0
714.5,-0.075,0.015,4.47921402463e-12,0
714.5,-0.07,0.015,3.50188978643e-12,0
714.5,-0.065,0.01,1.84937008363e-12,0
714.5,-0.065,0.015,2.63288359654e-12,0
714.5,-0.075,0.02,4.71856686279e-12,0
714.5,-0.07,0.02,3.69438427705e-12,0
714.5,-0.075,0.025,4.64956219825e-12,0
714.5,-0.07,0.025,3.55525349472e-12,0
714.5,-0.065,0.02,2.80735104796e-12,0
714.5,-0.065,0.025,2.55306448792e-12,0
714.5,-0.075,0.03,3.53293961559e-12,0
714.5,-0.07,0.03,2.5336323093e-12,0
714.5,-0.075,0.035,1.02612182717e-12,0
714.5,-0.07,0.035,5.8926349108e-13,0
714.5,-0.065,0.03,1.65751557303e-12,0
714.5,-0.065,0.035,2.53574078829e-13,0
714.5,-0.075,0.04,-2.24362946132e-12,0
714.5,-0.07,0.04,-1.78682042964e-12,0
714.5,-0.075,0.045,-5.24146654248e-12,0
714.5,-0.07,0.045,-3.98674995765e-12,0
714.5,-0.065,0.04,-1.41225430157e-12,0
714.5,-0.065,0.045,-2.97631444317e-12,0
714.5,-0.075,0.05,-6.89947089714e-12,0
714.5,-0.07,0.05,-5.24311324292e-12,0
714.5,-0.075,0.055,-6.49823582618e-12,0
714.5,-0.07,0.055,-4.86959247324e-12,0
714.5,-0.065,0.05,-3.92849878583e-12,0
714.5,-0.065,0.055,-3.55904646942e-12,0
714.5,-0.075,0.06,-3.96830068382e-12,0
714.5,-0.07,0.06,-2.81928997993e-12,0
714.5,-0.075,0.065,7.63150526776e-14,0
714.5,-0.07,0.065,4.35035803202e-13,0
714.5,-0.065,0.06,-1.93440526397e-12,0
714.5,-0.065,0.065,5.6147703971e-13,0
714.5,-0.075,0.07,4.69037504527e-12,0
714.5,-0.07,0.07,4.25449089102e-12,0
714.5,-0.075,0.075,9.14150025389e-12,0
714.5,-0.07,0.075,8.14343655712e-12,0
714.5,-0.065,0.07,3.50237623515e-12,0
714.5,-0.065,0.075,6.54376166636e-12,0
714.5,-0.06,-0.075,-1.01579577307e-11,0
714.5,-0.06,-0.07,-6.82640721099e-12,0
714.5,-0.06,-0.065,-3.72400279545e-12,0
714.5,-0.055,-0.075,-1.09772948358e-11,0
714.5,-0.055,-0.07,-8.22308962945e-12,0
714.5,-0.055,-0.065,-5.46299039412e-12,0
714.5,-0.06,-0.06,-6.97060843522e-13,0
714.5,-0.06,-0.055,1.15014274304e-12,0
714.5,-0.055,-0.06,-2.33923933717e-12,0
714.5,-0.055,-0.055,-1.57064981738e-13,0
714.5,-0.06,-0.05,1.53118611522e-12,0
714.5,-0.055,-0.05,5.56866360633e-13,0
714.5,-0.06,-0.045,1.41219113666e-12,0
714.5,-0.055,-0.045,7.52855377295e-13,0
714.5,-0.06,-0.04,9.26866257089e-13,0
714.5,-0.055,-0.04,5.59579943092e-13,0
714.5,-0.06,-0.035,2.44214989718e-13,0
714.5,-0.055,-0.035,1.2077891173e-13,0
714.5,-0.06,-0.03,-5.21421155017e-13,0
714.5,-0.06,-0.025,-1.27853876198e-12,0
714.5,-0.055,-0.03,-4.85069251754e-13,0
714.5,-0.055,-0.025,-1.15490569043e-12,0
714.5,-0.06,-0.02,-1.91113065827e-12,0
714.5,-0.06,-0.015,-2.29882787541e-12,0
714.5,-0.055,-0.02,-1.7702154431e-12,0
714.5,-0.055,-0.015,-2.09913025536e-12,0
714.5,-0.06,-0.01,-2.30100410489e-12,0
714.5,-0.06,-0.005,-1.87838721112e-12,0
714.5,-0.055,-0.01,-2.0689753464e-12,0
714.5,-0.055,-0.005,-1.7868167743e-12,0
714.5,-0.06,0,-9.32055832298e-13,0
714.5,-0.06,0.005,2.68747298258e-13,0
714.5,-0.055,4.16333634234e-19,-1.06873318708e-12,0
714.5,-0.055,0.005,-6.93387749948e-14,0
714.5,-0.06,0.01,1.26251101159e-12,0
714.5,-0.06,0.015,1.90919110658e-12,0
714.5,-0.055,0.01,7.95298803117e-13,0
714.5,-0.055,0.015,1.33965469398e-12,0
714.5,-0.06,0.02,2.07929659346e-12,0
714.5,-0.06,0.025,1.78121276564e-12,0
714.5,-0.055,0.02,1.46773028072e-12,0
714.5,-0.055,0.025,1.20175405093e-12,0
714.5,-0.06,0.03,1.0406823814e-12,0
714.5,-0.06,0.035,-9.95886322789e-15,0
714.5,-0.055,0.03,6.05886429585e-13,0
714.5,-0.055,0.035,-1.84832602849e-13,0
714.5,-0.06,0.04,-1.21341668687e-12,0
714.5,-0.06,0.045,-2.32415720742e-12,0
714.5,-0.055,0.04,-1.0557061245e-12,0
714.5,-0.055,0.045,-1.78822806295e-12,0
714.5,-0.06,0.05,-2.87546352276e-12,0
714.5,-0.06,0.055,-2.47214874103e-12,0
714.5,-0.055,0.05,-2.04704822585e-12,0
714.5,-0.055,0.055,-1.69047402186e-12,0
714.5,-0.06,0.06,-1.24533138814e-12,0
714.5,-0.06,0.065,5.34690667403e-13,0
714.5,-0.055,0.06,-8.03959872581e-13,0
714.5,-0.055,0.065,4.44140587349e-13,0
714.5,-0.06,0.07,2.51696616793e-12,0
714.5,-0.06,0.075,4.50806663238e-12,0
714.5,-0.055,0.07,1.74159920974e-12,0
714.5,-0.055,0.075,2.97520664572e-12,0
714.5,-0.05,-0.075,-9.75211591784e-12,0
714.5,-0.05,-0.07,-7.34489347306e-12,0
714.5,-0.045,-0.075,-7.98080832774e-12,0
714.5,-0.045,-0.07,-5.97658080132e-12,0
714.5,-0.05,-0.065,-5.02247645169e-12,0
714.5,-0.045,-0.065,-3.99598147939e-12,0
714.5,-0.05,-0.06,-2.60747358713e-12,0
714.5,-0.05,-0.055,-7.6545727649e-13,0
714.5,-0.045,-0.06,-2.09504850755e-12,0
714.5,-0.045,-0.055,-6.68048292732e-13,0
714.5,-0.05,-0.05,8.45971401902e-14,0
714.5,-0.05,-0.045,4.60928538522e-13,0
714.5,-0.045,-0.05,1.29520061895e-13,0
714.5,-0.045,-0.045,5.14824783167e-13,0
714.5,-0.05,-0.04,4.27767470493e-13,0
714.5,-0.045,-0.04,5.38752621887e-13,0
714.5,-0.05,-0.035,1.37862305387e-13,0
714.5,-0.045,-0.035,3.19711943485e-13,0
714.5,-0.05,-0.03,-3.4926670866e-13,0
714.5,-0.045,-0.03,-1.02775301589e-13,0
714.5,-0.05,-0.025,-9.33429440086e-13,0
714.5,-0.045,-0.025,-6.32137991298e-13,0
714.5,-0.05,-0.02,-1.51118666982e-12,0
714.5,-0.05,-0.015,-1.80247263776e-12,0
714.5,-0.045,-0.02,-1.11464282885e-12,0
714.5,-0.045,-0.015,-1.41176197093e-12,0
714.5,-0.05,-0.01,-1.75927905093e-12,0
714.5,-0.05,-0.005,-1.55464180712e-12,0
714.5,-0.045,-0.01,-1.43442004245e-12,0
714.5,-0.045,-0.005,-1.2778734112e-12,0
714.5,-0.05,0,-1.03412450015e-12,0
714.5,-0.05,0.005,-2.64570803868e-13,0
714.5,-0.045,4.16333634234e-19,-8.97924915948e-13,0
714.5,-0.045,0.005,-3.29781026803e-13,0
714.5,-0.05,0.01,4.56033016185e-13,0
714.5,-0.05,0.015,9.08900538004e-13,0
714.5,-0.045,0.01,2.31159078677e-13,0
714.5,-0.045,0.015,6.03620117495e-13,0
714.5,-0.05,0.02,1.00673805057e-12,0
714.5,-0.05,0.025,7.88140279302e-13,0
714.5,-0.045,0.02,7.02317513592e-13,0
714.5,-0.045,0.025,5.3203034496e-13,0
714.5,-0.05,0.03,3.21576055698e-13,0
714.5,-0.05,0.035,-2.78302938006e-13,0
714.5,-0.045,0.03,1.704330546e-13,0
714.5,-0.045,0.035,-2.77170183279e-13,0
714.5,-0.05,0.04,-8.95546252032e-13,0
714.5,-0.05,0.045,-1.35957456587e-12,0
714.5,-0.045,0.04,-7.18412959647e-13,0
714.5,-0.045,0.045,-1.02172964959e-12,0
714.5,-0.05,0.05,-1.52003471814e-12,0
714.5,-0.05,0.055,-1.29880306027e-12,0
714.5,-0.045,0.05,-1.12561261334e-12,0
714.5,-0.045,0.055,-1.04658606116e-12,0
714.5,-0.05,0.06,-6.64168859916e-13,0
714.5,-0.05,0.065,2.87239209642e-13,0
714.5,-0.045,0.06,-6.23293815144e-13,0
714.5,-0.045,0.065,1.13518727449e-13,0
714.5,-0.05,0.07,1.36913862158e-12,0
714.5,-0.05,0.075,2.45740647479e-12,0
714.5,-0.045,0.07,1.01744064607e-12,0
714.5,-0.045,0.075,1.96851489574e-12,0
714.5,-0.04,-0.075,-5.94168261473e-12,0
714.5,-0.04,-0.07,-4.30387652597e-12,0
714.5,-0.035,-0.075,-3.78600849493e-12,0
714.5,-0.035,-0.07,-2.51109962679e-12,0
714.5,-0.04,-0.065,-2.69378641058e-12,0
714.5,-0.035,-0.065,-1.25065869566e-12,0
714.5,-0.04,-0.06,-1.20182033292e-12,0
714.5,-0.035,-0.06,-1.23035138834e-13,0
714.5,-0.04,-0.055,-9.04612421453e-14,0
714.5,-0.035,-0.055,7.07517451056e-13,0
714.5,-0.04,-0.05,5.62316858143e-13,0
714.5,-0.04,-0.045,8.57044516339e-13,0
714.5,-0.035,-0.05,1.21312109619e-12,0
714.5,-0.035,-0.045,1.37107259973e-12,0
714.5,-0.04,-0.04,8.34231883382e-13,0
714.5,-0.04,-0.035,6.08792072574e-13,0
714.5,-0.035,-0.04,1.22453934076e-12,0
714.5,-0.035,-0.035,9.0675333974e-13,0
714.5,-0.04,-0.03,2.07359404515e-13,0
714.5,-0.035,-0.03,4.68180723115e-13,0
714.5,-0.04,-0.025,-2.85252417149e-13,0
714.5,-0.035,-0.025,-5.10952951223e-15,0
714.5,-0.04,-0.02,-7.2388756836e-13,0
714.5,-0.035,-0.02,-4.16884195982e-13,0
714.5,-0.04,-0.015,-1.00522413597e-12,0
714.5,-0.035,-0.015,-6.64491712767e-13,0
714.5,-0.04,-0.01,-1.06903835809e-12,0
714.5,-0.04,-0.005,-9.50087201813e-13,0
714.5,-0.035,-0.01,-7.22311193647e-13,0
714.5,-0.035,-0.005,-6.386112361e-13,0
714.5,-0.04,0,-6.81299678175e-13,0
714.5,-0.04,0.005,-2.96201426723e-13,0
714.5,-0.035,4.16333634234e-19,-4.51542352222e-13,0
714.5,-0.035,0.005,-1.93677016306e-13,0
714.5,-0.04,0.01,1.11680683653e-13,0
714.5,-0.04,0.015,4.20923141822e-13,0
714.5,-0.035,0.01,1.03616686641e-13,0
714.5,-0.035,0.015,3.64625057239e-13,0
714.5,-0.04,0.02,5.41830085448e-13,0
714.5,-0.04,0.025,4.23944847538e-13,0
714.5,-0.035,0.02,4.9697993819e-13,0
714.5,-0.035,0.025,4.16658886205e-13,0
714.5,-0.04,0.03,1.42301766747e-13,0
714.5,-0.04,0.035,-1.96535766987e-13,0
714.5,-0.035,0.03,1.95240056873e-13,0
714.5,-0.035,0.035,-6.7566177831e-14,0
714.5,-0.04,0.04,-5.25949757998e-13,0
714.5,-0.04,0.045,-7.56035179852e-13,0
714.5,-0.035,0.04,-3.26895673994e-13,0
714.5,-0.035,0.045,-5.29442502129e-13,0
714.5,-0.04,0.05,-8.51586208783e-13,0
714.5,-0.04,0.055,-8.3106615494e-13,0
714.5,-0.035,0.05,-6.38434525043e-13,0
714.5,-0.035,0.055,-6.45147726174e-13,0
714.5,-0.04,0.06,-5.69973693708e-13,0
714.5,-0.04,0.065,-3.57997321025e-14,0
714.5,-0.035,0.06,-4.89725486231e-13,0
714.5,-0.035,0.065,-1.49196947169e-13,0
714.5,-0.04,0.07,6.59846248796e-13,0
714.5,-0.04,0.075,1.40149352388e-12,0
714.5,-0.035,0.07,3.36958878301e-13,0
714.5,-0.035,0.075,8.64043131402e-13,0
714.5,-0.03,-0.075,-1.70741847718e-12,0
714.5,-0.03,-0.07,-7.06684293987e-13,0
714.5,-0.025,-0.075,2.98540811268e-13,0
714.5,-0.025,-0.07,1.05408648922e-12,0
714.5,-0.03,-0.065,2.62411028205e-13,0
714.5,-0.025,-0.065,1.74858387482e-12,0
714.5,-0.03,-0.06,1.08526602402e-12,0
714.5,-0.025,-0.06,2.2672905892e-12,0
714.5,-0.03,-0.055,1.69130226317e-12,0
714.5,-0.025,-0.055,2.61590740208e-12,0
714.5,-0.03,-0.05,2.00700103487e-12,0
714.5,-0.025,-0.05,2.66331574128e-12,0
714.5,-0.03,-0.045,1.93302015021e-12,0
714.5,-0.025,-0.045,2.28929751286e-12,0
714.5,-0.03,-0.04,1.57500541889e-12,0
714.5,-0.03,-0.035,1.10805627361e-12,0
714.5,-0.025,-0.04,1.71596617015e-12,0
714.5,-0.025,-0.035,1.14441798921e-12,0
714.5,-0.03,-0.03,6.08653718915e-13,0
714.5,-0.03,-0.025,1.46111988465e-13,0
714.5,-0.025,-0.03,6.17075218799e-13,0
714.5,-0.025,-0.025,1.69783669155e-13,0
714.5,-0.03,-0.02,-2.24731219845e-13,0
714.5,-0.025,-0.02,-1.45585269214e-13,0
714.5,-0.03,-0.015,-4.38327564005e-13,0
714.5,-0.025,-0.015,-3.06250163523e-13,0
714.5,-0.03,-0.01,-4.92378439153e-13,0
714.5,-0.025,-0.01,-3.36686980746e-13,0
714.5,-0.03,-0.005,-4.30662790846e-13,0
714.5,-0.025,-0.005,-2.72716587761e-13,0
714.5,-0.03,0,-2.76643739344e-13,0
714.5,-0.03,0.005,-6.33780894296e-14,0
714.5,-0.025,4.16333634234e-19,-1.36020210725e-13,0
714.5,-0.025,0.005,5.10306052845e-14,0
714.5,-0.03,0.01,1.78801730533e-13,0
714.5,-0.03,0.015,4.04095930113e-13,0
714.5,-0.025,0.01,2.61050100194e-13,0
714.5,-0.025,0.015,4.64658164822e-13,0
714.5,-0.03,0.02,5.2977549254e-13,0
714.5,-0.03,0.025,4.752991214e-13,0
714.5,-0.025,0.02,5.9214366127e-13,0
714.5,-0.025,0.025,5.66976231888e-13,0
714.5,-0.03,0.03,3.01970803213e-13,0
714.5,-0.03,0.035,9.18094834314e-14,0
714.5,-0.025,0.03,4.3538986753e-13,0
714.5,-0.025,0.035,2.64406761136e-13,0
714.5,-0.03,0.04,-1.29172327658e-13,0
714.5,-0.03,0.045,-3.27272116002e-13,0
714.5,-0.025,0.04,6.42949045292e-14,0
714.5,-0.025,0.045,-1.38008951094e-13,0
714.5,-0.03,0.05,-4.65827622808e-13,0
714.5,-0.03,0.055,-5.1405167197e-13,0
714.5,-0.025,0.05,-3.09446214349e-13,0
714.5,-0.025,0.055,-4.18856584792e-13,0
714.5,-0.03,0.06,-4.40807602695e-13,0
714.5,-0.03,0.065,-2.36540455931e-13,0
714.5,-0.025,0.06,-4.3080896682e-13,0
714.5,-0.025,0.065,-3.32265069444e-13,0
714.5,-0.03,0.07,7.86152319156e-14,0
714.5,-0.03,0.075,4.47160706187e-13,0
714.5,-0.025,0.07,-1.44694533879e-13,0
714.5,-0.025,0.075,1.10690705088e-13,0
714.5,-0.02,-0.075,2.26339734703e-12,0
714.5,-0.02,-0.07,2.66946560119e-12,0
714.5,-0.015,-0.075,3.88307132968e-12,0
714.5,-0.015,-0.07,3.97075099676e-12,0
714.5,-0.02,-0.065,3.03982269687e-12,0
714.5,-0.015,-0.065,4.064377714e-12,0
714.5,-0.02,-0.06,3.25944033264e-12,0
714.5,-0.015,-0.06,4.0090794174e-12,0
714.5,-0.02,-0.055,3.31285876532e-12,0
714.5,-0.015,-0.055,3.62643497405e-12,0
714.5,-0.02,-0.05,2.99706608143e-12,0
714.5,-0.015,-0.05,2.88163556221e-12,0
714.5,-0.02,-0.045,2.31318185564e-12,0
714.5,-0.015,-0.045,2.01415497146e-12,0
714.5,-0.02,-0.04,1.59425927076e-12,0
714.5,-0.015,-0.04,1.21504428513e-12,0
714.5,-0.02,-0.035,9.58354913608e-13,0
714.5,-0.015,-0.035,5.31159601081e-13,0
714.5,-0.02,-0.03,4.25229154255e-13,0
714.5,-0.02,-0.025,3.20151457098e-14,0
714.5,-0.015,-0.03,1.43912909518e-14,0
714.5,-0.015,-0.025,-2.89304697236e-13,0
714.5,-0.02,-0.02,-1.97776572826e-13,0
714.5,-0.02,-0.015,-2.79324736969e-13,0
714.5,-0.015,-0.02,-3.8917196069e-13,0
714.5,-0.015,-0.015,-3.4959775627e-13,0
714.5,-0.02,-0.01,-2.54228820863e-13,0
714.5,-0.015,-0.01,-2.34586024267e-13,0
714.5,-0.02,-0.005,-1.66649546367e-13,0
714.5,-0.015,-0.005,-1.05126134287e-13,0
714.5,-0.02,0,-3.673050714e-14,0
714.5,-0.015,4.16333634234e-19,1.67080148444e-14,0
714.5,-0.02,0.005,1.28144060754e-13,0
714.5,-0.015,0.005,1.58072628096e-13,0
714.5,-0.02,0.01,3.21437704928e-13,0
714.5,-0.02,0.015,5.2089684121e-13,0
714.5,-0.015,0.01,3.48379689325e-13,0
714.5,-0.015,0.015,5.60391070625e-13,0
714.5,-0.02,0.02,6.64561206115e-13,0
714.5,-0.02,0.025,6.76996417117e-13,0
714.5,-0.015,0.02,7.33956828967e-13,0
714.5,-0.015,0.025,7.96121319526e-13,0
714.5,-0.02,0.03,5.82330027643e-13,0
714.5,-0.02,0.035,4.4157167312e-13,0
714.5,-0.015,0.03,7.39038331915e-13,0
714.5,-0.015,0.035,6.18483050081e-13,0
714.5,-0.02,0.04,2.57718729176e-13,0
714.5,-0.02,0.045,5.06984426155e-14,0
714.5,-0.015,0.04,4.43013597753e-13,0
714.5,-0.015,0.045,2.30718848197e-13,0
714.5,-0.02,0.05,-1.48212993121e-13,0
714.5,-0.02,0.055,-3.14260831664e-13,0
714.5,-0.015,0.05,1.24577709182e-14,0
714.5,-0.015,0.055,-1.91479823226e-13,0
714.5,-0.02,0.06,-4.14226364586e-13,0
714.5,-0.02,0.065,-4.22446980856e-13,0
714.5,-0.015,0.06,-3.63615971742e-13,0
714.5,-0.015,0.065,-4.70582351506e-13,0
714.5,-0.02,0.07,-3.50867306208e-13,0
714.5,-0.02,0.075,-2.32201688916e-13,0
714.5,-0.015,0.07,-5.12260508671e-13,0
714.5,-0.015,0.075,-5.15310421279e-13,0
714.5,-0.01,-0.075,4.79715337766e-12,0
714.5,-0.01,-0.07,4.56698006048e-12,0
714.5,-0.005,-0.075,4.47185210536e-12,0
714.5,-0.005,-0.07,4.12301560559e-12,0
714.5,-0.01,-0.065,4.45418149677e-12,0
714.5,-0.005,-0.065,3.88175411672e-12,0
714.5,-0.01,-0.06,4.10332800442e-12,0
714.5,-0.005,-0.06,3.42525901451e-12,0
714.5,-0.01,-0.055,3.28403287201e-12,0
714.5,-0.005,-0.055,2.50015510522e-12,0
714.5,-0.01,-0.05,2.3267843579e-12,0
714.5,-0.005,-0.05,1.49982885749e-12,0
714.5,-0.01,-0.045,1.40081353056e-12,0
714.5,-0.005,-0.045,5.42742098845e-13,0
714.5,-0.01,-0.04,5.63194838549e-13,0
714.5,-0.005,-0.04,-3.27616009754e-13,0
714.5,-0.01,-0.035,-1.52669948457e-13,0
714.5,-0.005,-0.035,-1.07809575555e-12,0
714.5,-0.01,-0.03,-6.32894448794e-13,0
714.5,-0.005,-0.03,-1.50236864537e-12,0
714.5,-0.01,-0.025,-7.94798510402e-13,0
714.5,-0.005,-0.025,-1.47608350473e-12,0
714.5,-0.01,-0.02,-7.19924244447e-13,0
714.5,-0.01,-0.015,-5.10417171236e-13,0
714.5,-0.005,-0.02,-1.17712027154e-12,0
714.5,-0.005,-0.015,-7.45791003148e-13,0
714.5,-0.0117873230072,-0.0115873794689,-3.06647707117e-13,0
714.5,-0.00939961996336,-0.005,-5.75442305315e-14,0
714.5,-0.00792797428371,-0.00964253216809,-2.41655860176e-13,0
714.5,-0.005,-0.00939961996336,-2.3153324171e-13,0
714.5,-0.0108753492546,-0.00150606400588,2.8295816838e-15,0
714.5,-0.00818101620308,-0.00211452602544,4.32024729873e-15,0
714.5,-0.00651817360753,-0.000255934956239,2.19964505772e-14,0
714.5,-0.005,6.71033969428e-08,1.169345259e-14,0
714.5,-0.0107292118043,0.00160660295843,6.07606216589e-14,0
714.5,-0.0080188992252,0.000768320427092,3.7202676251e-14,0
714.5,-0.00939946851065,0.005,1.25513139525e-13,0
714.5,-0.00802129342231,0.00264911934363,6.23530114477e-14,0
714.5,-0.00887989370213,0.00887989479405,2.58777461128e-13,0
714.5,-0.01,0.015,5.69980930591e-13,0
714.5,-0.005,0.00939947397025,2.31080270972e-13,0
714.5,-0.005,0.015,5.54304325579e-13,0
714.5,-0.01,0.02,7.82416580748e-13,0
714.5,-0.01,0.025,8.99612711836e-13,0
714.5,-0.005,0.02,8.20595611968e-13,0
714.5,-0.005,0.025,9.84601947923e-13,0
714.5,-0.01,0.03,8.94358918248e-13,0
714.5,-0.01,0.035,7.84222155435e-13,0
714.5,-0.005,0.03,1.01505278715e-12,0
714.5,-0.005,0.035,9.10930035144e-13,0
714.5,-0.01,0.04,6.03094527085e-13,0
714.5,-0.01,0.045,3.82361298456e-13,0
714.5,-0.005,0.04,7.20205639534e-13,0
714.5,-0.005,0.045,4.80063136833e-13,0
714.5,-0.01,0.05,1.51073239792e-13,0
714.5,-0.01,0.055,-6.96565899435e-14,0
714.5,-0.005,0.05,2.43832357038e-13,0
714.5,-0.005,0.055,2.45341305875e-14,0
714.5,-0.01,0.06,-2.78118230729e-13,0
714.5,-0.01,0.065,-4.48619140062e-13,0
714.5,-0.005,0.06,-1.77697533712e-13,0
714.5,-0.005,0.065,-3.54743689201e-13,0
714.5,-0.01,0.07,-5.74537399116e-13,0
714.5,-0.01,0.075,-6.77079021822e-13,0
714.5,-0.005,0.07,-5.02611946087e-13,0
714.5,-0.005,0.075,-6.33204764941e-13,0
714.5,0,-0.075,3.23862186444e-12,0
714.5,0,-0.07,2.93351823661e-12,0
714.5,0.005,-0.075,1.65660745623e-12,0
714.5,0.005,-0.07,1.45624645309e-12,0
714.5,0,-0.065,2.65936342637e-12,0
714.5,0.005,-0.065,1.18931248329e-12,0
714.5,0,-0.06,2.19734012248e-12,0
714.5,0.005,-0.06,7.42647299098e-13,0
714.5,0,-0.055,1.38796800094e-12,0
714.5,0.005,-0.055,1.02205798741e-13,0
714.5,0,-0.05,4.30840409873e-13,0
714.5,0.005,-0.05,-7.63806806804e-13,0
714.5,0,-0.045,-5.2353981233e-13,0
714.5,0.005,-0.045,-1.69631487454e-12,0
714.5,0,-0.04,-1.41245784278e-12,0
714.5,0.005,-0.04,-2.59242789323e-12,0
714.5,0,-0.035,-2.20854396641e-12,0
714.5,0.005,-0.035,-3.43109918498e-12,0
714.5,0,-0.03,-2.67225638163e-12,0
714.5,0.005,-0.03,-4.00885702627e-12,0
714.5,0,-0.025,-2.58373495789e-12,0
714.5,0.005,-0.025,-3.91168511168e-12,0
714.5,0,-0.02,-1.98502421264e-12,0
714.5,0.005,-0.02,-3.05471615217e-12,0
714.5,0,-0.015,-1.12079088963e-12,0
714.5,0.005,-0.015,-1.74065814181e-12,0
714.5,-0.0021196717084,-0.00776771017156,-9.65763613001e-14,0
714.5,-0.00084550708518,-0.00631514607954,-1.02644570974e-14,0
714.5,6.71033969406e-08,-0.005,9.82178187655e-15,0
714.5,-0.00139054260708,-0.0110960807567,-4.5709868661e-13,0
714.5,0.00132468676756,-0.00775008274642,-1.29770736929e-13,0
714.5,0.00160394440688,-0.0116908851489,-7.00880694945e-13,0
714.5,0.005,-0.00939946851065,-5.29404384983e-13,0
714.5,0.005,0.005,3.8040834035e-14,0
714.5,-0.000107646311398,0.00617659695633,4.58979350289e-14,0
714.5,-0.00190846935279,0.0076427502668,1.09673381339e-13,0
714.5,0.00131146485568,0.00777290068297,1.08030250049e-13,0
714.5,0.00295884413402,0.00640276348073,6.23659134942e-14,0
714.5,-1.21517769428e-05,0.0108932602996,2.68461103355e-13,0
714.5,0,0.015,5.119848098e-13,0
714.5,0.005,0.00939942566771,1.7231152741e-13,0
714.5,0.005,0.015,4.4388435226e-13,0
714.5,0,0.02,8.12194597326e-13,0
714.5,0,0.025,9.89419484649e-13,0
714.5,0.005,0.02,7.07435088092e-13,0
714.5,0.005,0.025,8.28597998862e-13,0
714.5,0,0.03,1.00160244027e-12,0
714.5,0,0.035,9.06959846082e-13,0
714.5,0.005,0.03,7.92038544005e-13,0
714.5,0.005,0.035,7.12828552217e-13,0
714.5,0,0.04,7.19945636511e-13,0
714.5,0,0.045,4.83705886221e-13,0
714.5,0.005,0.04,5.70273500152e-13,0
714.5,0.005,0.045,3.86661351019e-13,0
714.5,0,0.05,2.70847512729e-13,0
714.5,0,0.055,7.81311587213e-14,0
714.5,0.005,0.05,2.22549206245e-13,0
714.5,0.005,0.055,7.88704465044e-14,0
714.5,0,0.06,-9.71853282022e-14,0
714.5,0,0.065,-2.44099628471e-13,0
714.5,0.005,0.06,-4.82420100638e-14,0
714.5,0.005,0.065,-1.42569281271e-13,0
714.5,0,0.07,-3.64265277004e-13,0
714.5,0,0.075,-4.73419119633e-13,0
714.5,0.005,0.07,-2.09945203788e-13,0
714.5,0.005,0.075,-2.71687853411e-13,0
714.5,0.01,-0.075,1.3734268897e-13,0
714.5,0.01,-0.07,2.1078420495e-14,0
714.5,0.015,-0.075,-1.31687348108e-12,0
714.5,0.015,-0.07,-1.29531841054e-12,0
714.5,0.01,-0.065,-1.79698390729e-13,0
714.5,0.015,-0.065,-1.37978266349e-12,0
714.5,0.01,-0.06,-5.49282070261e-13,0
714.5,0.015,-0.06,-1.62580142408e-12,0
714.5,0.01,-0.055,-1.11593579433e-12,0
714.5,0.015,-0.055,-2.06340412911e-12,0
714.5,0.01,-0.05,-1.8935528458e-12,0
714.5,0.015,-0.05,-2.70424406496e-12,0
714.5,0.01,-0.045,-2.76545328793e-12,0
714.5,0.015,-0.045,-3.43596323236e-12,0
714.5,0.01,-0.04,-3.62825897023e-12,0
714.5,0.015,-0.04,-4.18123279915e-12,0
714.5,0.01,-0.035,-4.49827008101e-12,0
714.5,0.015,-0.035,-4.93817164057e-12,0
714.5,0.01,-0.03,-5.14163846049e-12,0
714.5,0.015,-0.03,-5.43918648417e-12,0
714.5,0.01,-0.025,-5.01342223474e-12,0
714.5,0.015,-0.025,-5.27678073747e-12,0
714.5,0.01,-0.02,-4.03611545488e-12,0
714.5,0.01,-0.015,-2.61937642972e-12,0
714.5,0.015,-0.02,-4.3947212449e-12,0
714.5,0.015,-0.015,-3.11040293338e-12,0
714.5,0.00999280436795,-0.0116358337096,-1.72213201165e-12,0
714.5,0.0105889214373,-0.00845762197625,-1.10669673199e-12,0
714.5,0.015,-0.01,-1.99779479091e-12,0
714.5,0.00939947397025,-0.005,-4.41239102282e-13,0
714.5,0.015,-0.005,-1.15001343551e-12,0
714.5,0.00658051136513,-0.00296146438142,-7.86841479158e-14,0
714.5,0.00636794669772,-3.54305826484e-06,-1.97828936096e-14,0
714.5,0.00795807888052,-0.00113999998936,-1.29946745014e-13,0
714.5,0.00758147027913,0.00183630393596,-4.74016233662e-14,0
714.5,0.0112534647756,-1.47536350887e-07,-3.58638356951e-13,0
714.5,0.015,4.16333634234e-19,-6.63369588095e-13,0
714.5,0.00939942566771,0.005,-5.03063824093e-14,0
714.5,0.015,0.005,-3.23471817972e-13,0
714.5,0.00999018807453,0.0109670628501,1.48420449993e-13,0
714.5,0.01,0.015,3.25720920554e-13,0
714.5,0.015,0.01,-6.93403782214e-14,0
714.5,0.015,0.015,1.46028590636e-13,0
714.5,0.01,0.02,5.20037657883e-13,0
714.5,0.01,0.025,5.71116969145e-13,0
714.5,0.015,0.02,2.83047581718e-13,0
714.5,0.015,0.025,2.92141933594e-13,0
714.5,0.01,0.03,5.21136114976e-13,0
714.5,0.01,0.035,4.51673142185e-13,0
714.5,0.015,0.03,2.40216935967e-13,0
714.5,0.015,0.035,1.79306501589e-13,0
714.5,0.01,0.04,3.54106349131e-13,0
714.5,0.01,0.045,2.33435550092e-13,0
714.5,0.015,0.04,1.15070608997e-13,0
714.5,0.015,0.045,4.91336692223e-14,0
714.5,0.01,0.05,1.16179856098e-13,0
714.5,0.01,0.055,1.84951263448e-14,0
714.5,0.015,0.05,-2.1860679441e-14,0
714.5,0.015,0.055,-7.49124138561e-14,0
714.5,0.01,0.06,-4.42819416145e-14,0
714.5,0.01,0.065,-6.01864555525e-14,0
714.5,0.015,0.06,-7.03602080586e-14,0
714.5,0.015,0.065,5.17355939357e-15,0
714.5,0.01,0.07,-2.80004539176e-14,0
714.5,0.01,0.075,2.58612750477e-14,0
714.5,0.015,0.07,1.4435508991e-13,0
714.5,0.015,0.075,3.121691093e-13,0
714.5,0.02,-0.075,-2.58120673534e-12,0
714.5,0.02,-0.07,-2.34323596306e-12,0
714.5,0.025,-0.075,-3.46781789644e-12,0
714.5,0.025,-0.07,-2.98677100515e-12,0
714.5,0.02,-0.065,-2.24262491164e-12,0
714.5,0.025,-0.065,-2.63978560318e-12,0
714.5,0.02,-0.06,-2.29081083549e-12,0
714.5,0.025,-0.06,-2.398662792e-12,0
714.5,0.02,-0.055,-2.511405865e-12,0
714.5,0.025,-0.055,-2.2959032985e-12,0
714.5,0.02,-0.05,-2.91696395211e-12,0
714.5,0.025,-0.05,-2.3534085067e-12,0
714.5,0.02,-0.045,-3.42656733824e-12,0
714.5,0.025,-0.045,-2.55969282551e-12,0
714.5,0.02,-0.04,-3.97028505398e-12,0
714.5,0.025,-0.04,-2.89348033602e-12,0
714.5,0.02,-0.035,-4.51457053679e-12,0
714.5,0.025,-0.035,-3.28723361744e-12,0
714.5,0.02,-0.03,-4.84057287581e-12,0
714.5,0.025,-0.03,-3.60245184625e-12,0
714.5,0.02,-0.025,-4.7691886632e-12,0
714.5,0.025,-0.025,-3.75414222203e-12,0
714.5,0.02,-0.02,-4.14910753014e-12,0
714.5,0.025,-0.02,-3.54607899106e-12,0
714.5,0.02,-0.015,-3.13617073358e-12,0
714.5,0.025,-0.015,-2.89450596311e-12,0
714.5,0.02,-0.01,-2.19022134229e-12,0
714.5,0.025,-0.01,-2.14971322903e-12,0
714.5,0.02,-0.005,-1.45223195474e-12,0
714.5,0.025,-0.005,-1.53908946134e-12,0
714.5,0.02,0,-9.48939544477e-13,0
714.5,0.025,4.16333634234e-19,-1.09036934078e-12,0
714.5,0.02,0.005,-5.67344364193e-13,0
714.5,0.025,0.005,-7.38349224381e-13,0
714.5,0.02,0.01,-2.81952798573e-13,0
714.5,0.025,0.01,-4.68495067734e-13,0
714.5,0.02,0.015,-7.07654763791e-14,0
714.5,0.025,0.015,-2.7910476757e-13,0
714.5,0.02,0.02,2.85126810832e-14,0
714.5,0.02,0.025,1.29517029192e-14,0
714.5,0.025,0.02,-2.11559439778e-13,0
714.5,0.025,0.025,-2.37924944472e-13,0
714.5,0.02,0.03,-3.50710496353e-14,0
714.5,0.02,0.035,-8.15280262081e-14,0
714.5,0.025,0.03,-2.78927382879e-13,0
714.5,0.025,0.035,-3.19403155428e-13,0
714.5,0.02,0.04,-1.23935517277e-13,0
714.5,0.02,0.045,-1.60002011747e-13,0
714.5,0.025,0.04,-3.51606975226e-13,0
714.5,0.025,0.045,-3.63643131997e-13,0
714.5,0.02,0.05,-1.82489992781e-13,0
714.5,0.02,0.055,-1.78612487178e-13,0
714.5,0.025,0.05,-3.38618248476e-13,0
714.5,0.025,0.055,-2.62550943852e-13,0
714.5,0.02,0.06,-9.44602737178e-14,0
714.5,0.02,0.065,7.13266760821e-14,0
714.5,0.025,0.06,-1.01995265516e-13,0
714.5,0.025,0.065,1.15058357078e-13,0
714.5,0.02,0.07,2.6755573943e-13,0
714.5,0.02,0.075,4.82043786594e-13,0
714.5,0.025,0.07,3.49943681416e-13,0
714.5,0.025,0.075,5.96921634459e-13,0
714.5,0.03,-0.075,-3.86490961269e-12,0
714.5,0.03,-0.07,-3.09978911082e-12,0
714.5,0.035,-0.075,-3.66019853855e-12,0
714.5,0.035,-0.07,-2.66103420855e-12,0
714.5,0.03,-0.065,-2.45297941816e-12,0
714.5,0.035,-0.065,-1.7111987574e-12,0
714.5,0.03,-0.06,-1.86274659662e-12,0
714.5,0.035,-0.06,-7.53070756743e-13,0
714.5,0.03,-0.055,-1.36940173587e-12,0
714.5,0.035,-0.055,1.29377490856e-13,0
714.5,0.03,-0.05,-1.04596320851e-12,0
714.5,0.035,-0.05,7.78530044103e-13,0
714.5,0.03,-0.045,-9.9302084676e-13,0
714.5,0.035,-0.045,9.87696887349e-13,0
714.5,0.03,-0.04,-1.19182114101e-12,0
714.5,0.035,-0.04,8.1148784871e-13,0
714.5,0.03,-0.035,-1.5034447169e-12,0
714.5,0.035,-0.035,5.11495899045e-13,0
714.5,0.03,-0.03,-1.83970617017e-12,0
714.5,0.035,-0.03,1.45703118869e-13,0
714.5,0.03,-0.025,-2.15720261015e-12,0
714.5,0.035,-0.025,-2.51566655677e-13,0
714.5,0.03,-0.02,-2.34980046516e-12,0
714.5,0.035,-0.02,-6.7156895329e-13,0
714.5,0.03,-0.015,-2.1750049495e-12,0
714.5,0.035,-0.015,-9.85488420328e-13,0
714.5,0.03,-0.01,-1.75867894414e-12,0
714.5,0.035,-0.01,-1.00534329078e-12,0
714.5,0.03,-0.005,-1.35857050958e-12,0
714.5,0.035,-0.005,-9.00731080956e-13,0
714.5,0.03,0,-1.02727292926e-12,0
714.5,0.035,4.16333634234e-19,-7.48395793711e-13,0
714.5,0.03,0.005,-7.68519124163e-13,0
714.5,0.035,0.005,-6.15896523708e-13,0
714.5,0.03,0.01,-5.77690928608e-13,0
714.5,0.035,0.01,-5.41223413626e-13,0
714.5,0.03,0.015,-4.56290935122e-13,0
714.5,0.035,0.015,-5.06346254073e-13,0
714.5,0.03,0.02,-4.18699368589e-13,0
714.5,0.035,0.02,-5.10485526859e-13,0
714.5,0.03,0.025,-4.29531550046e-13,0
714.5,0.035,0.025,-5.17751004191e-13,0
714.5,0.03,0.03,-4.56450975706e-13,0
714.5,0.03,0.035,-4.9538810091e-13,0
714.5,0.035,0.03,-5.36254892722e-13,0
714.5,0.035,0.035,-5.62216665118e-13,0
714.5,0.03,0.04,-5.22865044622e-13,0
714.5,0.03,0.045,-5.14975777803e-13,0
714.5,0.035,0.04,-5.75976344105e-13,0
714.5,0.035,0.045,-5.6158631154e-13,0
714.5,0.03,0.05,-4.48852945393e-13,0
714.5,0.03,0.055,-3.06373950214e-13,0
714.5,0.035,0.05,-4.84132228199e-13,0
714.5,0.035,0.055,-3.20294242666e-13,0
714.5,0.03,0.06,-1.00501260966e-13,0
714.5,0.03,0.065,1.41038729656e-13,0
714.5,0.035,0.06,-9.83870545876e-14,0
714.5,0.035,0.065,1.55037931682e-13,0
714.5,0.03,0.07,3.96353464765e-13,0
714.5,0.03,0.075,6.59340967563e-13,0
714.5,0.035,0.07,4.20726569643e-13,0
714.5,0.035,0.075,6.921211434e-13,0
714.5,0.04,-0.075,-2.94563045489e-12,0
714.5,0.04,-0.07,-1.7614164885e-12,0
714.5,0.045,-0.075,-1.89976325912e-12,0
714.5,0.045,-0.07,-6.56385435413e-13,0
714.5,0.04,-0.065,-5.59916291345e-13,0
714.5,0.045,-0.065,6.62990984749e-13,0
714.5,0.04,-0.06,6.80586881569e-13,0
714.5,0.045,-0.06,2.05560560864e-12,0
714.5,0.04,-0.055,1.88847898487e-12,0
714.5,0.045,-0.055,3.48522208868e-12,0
714.5,0.04,-0.05,2.81069758603e-12,0
714.5,0.045,-0.05,4.66782515573e-12,0
714.5,0.04,-0.045,3.06154847776e-12,0
714.5,0.045,-0.045,4.94733352906e-12,0
714.5,0.04,-0.04,2.8173200759e-12,0
714.5,0.045,-0.04,4.59352250258e-12,0
714.5,0.04,-0.035,2.46368729011e-12,0
714.5,0.045,-0.035,4.08649872899e-12,0
714.5,0.04,-0.03,2.03003308671e-12,0
714.5,0.045,-0.03,3.51850159942e-12,0
714.5,0.04,-0.025,1.57444715219e-12,0
714.5,0.045,-0.025,2.98950398821e-12,0
714.5,0.04,-0.02,1.05066021756e-12,0
714.5,0.045,-0.02,2.38447127047e-12,0
714.5,0.04,-0.015,5.3953464774e-13,0
714.5,0.045,-0.015,1.6851832408e-12,0
714.5,0.04,-0.01,9.90988123396e-14,0
714.5,0.045,-0.01,1.0251370218e-12,0
714.5,0.04,-0.005,-2.13735497478e-13,0
714.5,0.045,-0.005,4.59575760677e-13,0
714.5,0.04,0,-3.11391626225e-13,0
714.5,0.045,4.16333634234e-19,1.54431854469e-13,0
714.5,0.04,0.005,-3.50518447532e-13,0
714.5,0.045,0.005,-1.03143987569e-14,0
714.5,0.04,0.01,-3.87828911347e-13,0
714.5,0.045,0.01,-1.57418241757e-13,0
714.5,0.04,0.015,-4.28683237279e-13,0
714.5,0.045,0.015,-2.65977680346e-13,0
714.5,0.04,0.02,-4.70378008916e-13,0
714.5,0.045,0.02,-3.36536636274e-13,0
714.5,0.04,0.025,-4.99627460586e-13,0
714.5,0.045,0.025,-3.85325295097e-13,0
714.5,0.04,0.03,-5.18164472252e-13,0
714.5,0.045,0.03,-4.19292506009e-13,0
714.5,0.04,0.035,-5.362770989e-13,0
714.5,0.045,0.035,-4.5613530226e-13,0
714.5,0.04,0.04,-5.43734071019e-13,0
714.5,0.04,0.045,-5.35571508306e-13,0
714.5,0.045,0.04,-4.82338694347e-13,0
714.5,0.045,0.045,-4.86852248557e-13,0
714.5,0.04,0.05,-4.67825398169e-13,0
714.5,0.04,0.055,-3.11549372453e-13,0
714.5,0.045,0.05,-4.35229794226e-13,0
714.5,0.045,0.055,-2.94623079707e-13,0
714.5,0.04,0.06,-9.39707509958e-14,0
714.5,0.04,0.065,1.5862188978e-13,0
714.5,0.045,0.06,-9.14910835091e-14,0
714.5,0.045,0.065,1.50763468179e-13,0
714.5,0.04,0.07,4.25516319994e-13,0
714.5,0.04,0.075,6.99322833606e-13,0
714.5,0.045,0.07,4.12969392023e-13,0
714.5,0.045,0.075,6.85389010943e-13,0
714.5,0.05,-0.075,-8.80280530995e-13,0
714.5,0.05,-0.07,3.3637011926e-13,0
714.5,0.055,-0.075,-9.89855059961e-15,0
714.5,0.055,-0.07,1.09711938767e-12,0
714.5,0.05,-0.065,1.67155729655e-12,0
714.5,0.055,-0.065,2.39361873034e-12,0
714.5,0.05,-0.06,3.11046773058e-12,0
714.5,0.055,-0.06,3.85090328814e-12,0
714.5,0.05,-0.055,4.61051410765e-12,0
714.5,0.055,-0.055,5.24129740955e-12,0
714.5,0.05,-0.05,5.94476298435e-12,0
714.5,0.055,-0.05,6.13505425073e-12,0
714.5,0.05,-0.045,6.20228902318e-12,0
714.5,0.055,-0.045,6.1934992637e-12,0
714.5,0.05,-0.04,5.71354023035e-12,0
714.5,0.055,-0.04,5.77532959844e-12,0
714.5,0.05,-0.035,5.06485807124e-12,0
714.5,0.055,-0.035,5.26232967395e-12,0
714.5,0.05,-0.03,4.39088000797e-12,0
714.5,0.055,-0.03,4.62439440894e-12,0
714.5,0.05,-0.025,3.80992662993e-12,0
714.5,0.055,-0.025,3.8785739969e-12,0
714.5,0.05,-0.02,3.07666454782e-12,0
714.5,0.055,-0.02,3.00394025989e-12,0
714.5,0.05,-0.015,2.09232080587e-12,0
714.5,0.055,-0.015,2.10465569098e-12,0
714.5,0.05,-0.01,1.3701316121e-12,0
714.5,0.055,-0.01,1.41179277152e-12,0
714.5,0.05,-0.005,8.24137326969e-13,0
714.5,0.055,-0.005,8.86007673614e-13,0
714.5,0.05,0,4.84129577309e-13,0
714.5,0.055,4.16333634234e-19,5.71171245097e-13,0
714.5,0.05,0.005,2.68595101579e-13,0
714.5,0.055,0.005,3.69718638943e-13,0
714.5,0.05,0.01,6.1994623131e-14,0
714.5,0.055,0.01,1.91650556996e-13,0
714.5,0.05,0.015,-9.35579590518e-14,0
714.5,0.055,0.015,6.52090200113e-14,0
714.5,0.05,0.02,-1.63044233874e-13,0
714.5,0.055,0.02,1.61213391025e-14,0
714.5,0.05,0.025,-2.1599380597e-13,0
714.5,0.055,0.025,-2.27674298906e-14,0
714.5,0.05,0.03,-2.58275758359e-13,0
714.5,0.055,0.03,-6.34567730973e-14,0
714.5,0.05,0.035,-3.07904353712e-13,0
714.5,0.055,0.035,-1.09757004313e-13,0
714.5,0.05,0.04,-3.56974608655e-13,0
714.5,0.055,0.04,-1.62641724471e-13,0
714.5,0.05,0.045,-3.84450647313e-13,0
714.5,0.055,0.045,-2.09276313616e-13,0
714.5,0.05,0.05,-3.58234035837e-13,0
714.5,0.05,0.055,-2.52788596407e-13,0
714.5,0.055,0.05,-2.25101813707e-13,0
714.5,0.055,0.055,-1.76357132732e-13,0
714.5,0.05,0.06,-8.8189942663e-14,0
714.5,0.05,0.065,1.20344975077e-13,0
714.5,0.055,0.06,-8.50247930351e-14,0
714.5,0.055,0.065,5.26639623863e-14,0
714.5,0.05,0.07,3.59647334707e-13,0
714.5,0.05,0.075,6.20706216742e-13,0
714.5,0.055,0.07,2.51274646913e-13,0
714.5,0.055,0.075,4.86379871528e-13,0
714.5,0.06,-0.075,4.66859254927e-13,0
714.5,0.06,-0.07,1.28983555457e-12,0
714.5,0.065,-0.075,3.153130237e-13,0
714.5,0.065,-0.07,7.50422228032e-13,0
714.5,0.06,-0.065,2.31448645573e-12,0
714.5,0.065,-0.065,1.17904515818e-12,0
714.5,0.06,-0.06,3.37748718817e-12,0
714.5,0.065,-0.06,1.07436528974e-12,0
714.5,0.06,-0.055,4.05026117001e-12,0
714.5,0.065,-0.055,5.70187106052e-13,0
714.5,0.06,-0.05,4.19024361473e-12,0
714.5,0.065,-0.05,-9.10313766756e-14,0
714.5,0.06,-0.045,3.98890727853e-12,0
714.5,0.065,-0.045,-6.85430272751e-13,0
714.5,0.06,-0.04,3.65336026597e-12,0
714.5,0.065,-0.04,-1.01321985933e-12,0
714.5,0.06,-0.035,3.39732502355e-12,0
714.5,0.065,-0.035,-1.0151023851e-12,0
714.5,0.06,-0.03,3.04985261806e-12,0
714.5,0.065,-0.03,-7.32682092332e-13,0
714.5,0.06,-0.025,2.47014135219e-12,0
714.5,0.065,-0.025,-3.57834542687e-13,0
714.5,0.06,-0.02,1.84127480119e-12,0
714.5,0.065,-0.02,-1.63347917189e-13,0
714.5,0.06,-0.015,1.34675475263e-12,0
714.5,0.065,-0.015,-7.83054838276e-14,0
714.5,0.06,-0.01,9.44322713478e-13,0
714.5,0.065,-0.01,1.3186900489e-14,0
714.5,0.06,-0.005,6.02654108899e-13,0
714.5,0.065,-0.005,5.5641708275e-14,0
714.5,0.06,0,4.06627357289e-13,0
714.5,0.065,4.16333634234e-19,7.62648010183e-14,0
714.5,0.06,0.005,2.92788704259e-13,0
714.5,0.065,0.005,1.13037088317e-13,0
714.5,0.06,0.01,2.21482812731e-13,0
714.5,0.065,0.01,1.81833805452e-13,0
714.5,0.06,0.015,1.85353182008e-13,0
714.5,0.065,0.015,2.59354058951e-13,0
714.5,0.06,0.02,1.84244084413e-13,0
714.5,0.065,0.02,3.30343576554e-13,0
714.5,0.06,0.025,1.88960628082e-13,0
714.5,0.065,0.025,4.02953230067e-13,0
714.5,0.06,0.03,1.8283001892e-13,0
714.5,0.065,0.03,4.66881936863e-13,0
714.5,0.06,0.035,1.64738436822e-13,0
714.5,0.065,0.035,5.09072719491e-13,0
714.5,0.06,0.04,1.28437951399e-13,0
714.5,0.065,0.04,5.14072679689e-13,0
714.5,0.06,0.045,6.63649563983e-14,0
714.5,0.065,0.045,4.45004191504e-13,0
714.5,0.06,0.05,-1.02745000289e-14,0
714.5,0.065,0.05,2.84623476806e-13,0
714.5,0.06,0.055,-6.68707740372e-14,0
714.5,0.065,0.055,7.43424139327e-14,0
714.5,0.06,0.06,-8.65888021156e-14,0
714.5,0.06,0.065,-6.83858803181e-14,0
714.5,0.065,0.06,-9.87013767202e-14,0
714.5,0.065,0.065,-2.41917722018e-13,0
714.5,0.06,0.07,4.0576779374e-15,0
714.5,0.06,0.075,1.13802130949e-13,0
714.5,0.065,0.07,-3.70805216352e-13,0
714.5,0.065,0.075,-4.62150321659e-13,0
714.5,0.07,-0.075,-5.72277114482e-13,0
714.5,0.07,-0.07,-8.41975449935e-13,0
714.5,0.075,-0.075,-2.38627161395e-12,0
714.5,0.075,-0.07,-3.18822604593e-12,0
714.5,0.07,-0.065,-1.4147780749e-12,0
714.5,0.075,-0.065,-4.65682748062e-12,0
714.5,0.07,-0.06,-2.67635212726e-12,0
714.5,0.075,-0.06,-6.94548201322e-12,0
714.5,0.07,-0.055,-4.30037734088e-12,0
714.5,0.075,-0.055,-9.64761965768e-12,0
714.5,0.07,-0.05,-5.80665223787e-12,0
714.5,0.075,-0.05,-1.20049978222e-11,0
714.5,0.07,-0.045,-6.78593751208e-12,0
714.5,0.075,-0.045,-1.339502999e-11,0
714.5,0.07,-0.04,-7.05749364233e-12,0
714.5,0.075,-0.04,-1.35595436598e-11,0
714.5,0.07,-0.035,-6.65220741616e-12,0
714.5,0.075,-0.035,-1.26633944261e-11,0
714.5,0.07,-0.03,-5.68754723685e-12,0
714.5,0.075,-0.03,-1.10432417531e-11,0
714.5,0.07,-0.025,-4.36676435395e-12,0
714.5,0.075,-0.025,-8.89370486672e-12,0
714.5,0.07,-0.02,-2.91881067766e-12,0
714.5,0.075,-0.02,-5.9524716673e-12,0
714.5,0.07,-0.015,-1.78081185609e-12,0
714.5,0.075,-0.015,-3.42846444729e-12,0
714.5,0.07,-0.01,-1.08678519332e-12,0
714.5,0.075,-0.01,-2.15684796158e-12,0
714.5,0.07,-0.005,-6.24753411206e-13,0
714.5,0.075,-0.005,-1.28384489282e-12,0
714.5,0.07,0,-3.47288714151e-13,0
714.5,0.075,0,-7.82957352692e-13,0
714.5,0.07,0.005,-1.23534218057e-13,0
714.5,0.075,0.005,-3.83152766525e-13,0
714.5,0.07,0.01,8.43719143424e-14,0
714.5,0.075,0.01,-3.07078743771e-14,0
714.5,0.07,0.015,2.76306296682e-13,0
714.5,0.075,0.015,2.76494913935e-13,0
714.5,0.07,0.02,4.4247082845e-13,0
714.5,0.075,0.02,5.31277838266e-13,0
714.5,0.07,0.025,5.97004933461e-13,0
714.5,0.075,0.025,7.51868227828e-13,0
714.5,0.07,0.03,7.69881082066e-13,0
714.5,0.075,0.03,1.06604531586e-12,0
714.5,0.07,0.035,9.13594860291e-13,0
714.5,0.075,0.035,1.3441174537e-12,0
714.5,0.07,0.04,9.6370226659e-13,0
714.5,0.075,0.04,1.44978162502e-12,0
714.5,0.07,0.045,8.81967317563e-13,0
714.5,0.075,0.045,1.35749779449e-12,0
714.5,0.07,0.05,6.35595299401e-13,0
714.5,0.075,0.05,1.01360347219e-12,0
714.5,0.07,0.055,2.67480755275e-13,0
714.5,0.075,0.055,4.7062588051e-13,0
714.5,0.07,0.06,-1.17293483971e-13,0
714.5,0.075,0.06,-1.39224104134e-13,0
714.5,0.07,0.065,-4.75130280965e-13,0
714.5,0.075,0.065,-7.18407867261e-13,0
714.5,0.07,0.07,-7.92633685983e-13,0
714.5,0.07,0.075,-1.05795062027e-12,0
714.5,0.075,0.07,-1.20506017891e-12,0
714.5,0.075,0.075,-1.5839172826e-12,0
837.7,-0.00382671281566,-0.00202612167119,0,0
837.7,-0.005,-0.005,3.12417576074e-14,0
837.7,-0.00197892066871,-0.00385133392306,0,0
837.7,-0.005,-0.00190753787223,1.69193426203e-14,0
837.7,-0.00433,0,0,0
837.7,-0.00190753787223,-0.005,1.57325691163e-14,0
837.7,0,-0.00433,0,0
837.7,-0.005,0.00190775150599,1.75254602986e-14,0
837.7,-0.00385133392306,0.00197892066871,0,0
837.7,0.00190775150599,-0.005,1.5821208705e-14,0
837.7,0.00202612167119,-0.00382671281566,0,0
837.7,-0.00202612167119,0.00382671281566,0,0
837.7,-0.005,0.005,3.52068987474e-14,0
837.7,-0.0019094272225,0.005,1.61971643129e-14,0
837.7,0,0.00433,0,0
837.7,0.00147766755988,0.00407006125046,0,0
837.7,8.32667268469e-19,0.005,1.12652643059e-14,0
837.7,0.00433,0,0,0
837.7,0.005,1.38777878078e-18,1.18069345151e-14,0
837.7,0.00407006125046,0.00147766755988,0,0
837.7,0.005,-0.005,3.09037778995e-14,0
837.7,0.00385133392306,-0.00197892066871,0,0
837.7,0.005,-0.0019094272225,1.64965817402e-14,0
837.7,0.00306177236254,0.00306177236254,0,0
837.7,0.0019094272225,0.005,1.6510826543e-14,0
837.7,0.005,0.0019094272225,1.6978273683e-14,0
837.7,-0.000885,-0.0015328649647,1.27170843916e-12,0
837.7,-0.0015328649647,-0.000885,1.27183086716e-12,0
837.7,-0.00186450691264,-0.00187567167242,8.43149287651e-13,0
837.7,-0.00177,0,1.27152245501e-12,0
837.7,-0.00268433516245,-0.000738983120158,7.59218299994e-13,0
837.7,0,-0.00177,1.27166991268e-12,0
837.7,-0.000718432264205,-0.00269192408424,7.57511838061e-13,0
837.7,-0.0015328649647,0.000885,1.27001759679e-12,0
837.7,-0.00265321485144,0.000647311733689,7.90005763261e-13,0
837.7,-0.000885,0.0015328649647,1.26838947468e-12,0
837.7,-0.00194719253591,0.00178443766524,8.44075481043e-13,0
837.7,0,0.00177,1.2642822517e-12,0
837.7,-0.000802720381054,0.00273415977115,7.17605187026e-13,0
837.7,0.000885,-0.0015328649647,1.27035837408e-12,0
837.7,0.00075154031863,-0.00270385456952,7.45399962335e-13,0
837.7,0.00177,0,1.26262175223e-12,0
837.7,0.0015328649647,-0.000885,1.26820529403e-12,0
837.7,0.00271471102228,-0.000564731152102,7.61025648818e-13,0
837.7,0.00192394637685,-0.00189207206672,8.10214915297e-13,0
837.7,0.00231817117671,0.00040530921667,9.88055272435e-13,0
837.7,0.0015328649647,0.000885,1.2608874627e-12,0
837.7,0.000885,0.0015328649647,1.26159264037e-12,0
837.7,0.000427053001345,0.00287092483521,6.82289184466e-13,0
837.7,0.00187618296239,0.00184774001435,8.33461984345e-13,0
837.7,0.00312733402203,0.000607809752493,5.19274544558e-13,0
837.7,0.00276214303706,0.00136595635004,5.76943359931e-13,0
837.7,0.0014100336009,0.00268674970267,6.04859769496e-13,0
837.7,-0.075,-0.075,-1.87054145661e-13,0
837.7,-0.07,-0.075,-2.88931911621e-13,0
837.7,-0.075,-0.07,2.37588548929e-14,0
837.7,-0.07,-0.07,-1.03516478279e-13,0
837.7,-0.075,-0.065,2.36037517155e-13,0
837.7,-0.07,-0.065,7.38801055308e-14,0
837.7,-0.065,-0.075,-3.38511025976e-13,0
837.7,-0.065,-0.07,-1.98585132395e-13,0
837.7,-0.065,-0.065,-6.64581768313e-14,0
837.7,-0.075,-0.06,4.14299683208e-13,0
837.7,-0.07,-0.06,2.22253243429e-13,0
837.7,-0.065,-0.06,5.70915103385e-14,0
837.7,-0.075,-0.055,5.27281674904e-13,0
837.7,-0.07,-0.055,3.15683085668e-13,0
837.7,-0.065,-0.055,1.36676337745e-13,0
837.7,-0.075,-0.05,5.48397371126e-13,0
837.7,-0.07,-0.05,3.4582059004e-13,0
837.7,-0.065,-0.05,1.67396425176e-13,0
837.7,-0.075,-0.045,4.89212235075e-13,0
837.7,-0.07,-0.045,3.25029959943e-13,0
837.7,-0.065,-0.045,1.72644041118e-13,0
837.7,-0.075,-0.04,4.14318519185e-13,0
837.7,-0.07,-0.04,2.79277556858e-13,0
837.7,-0.075,-0.035,3.2656448652e-13,0
837.7,-0.07,-0.035,2.21440477299e-13,0
837.7,-0.065,-0.04,1.55243127217e-13,0
837.7,-0.065,-0.035,1.23159159331e-13,0
837.7,-0.075,-0.03,2.26490683888e-13,0
837.7,-0.07,-0.03,1.55963282426e-13,0
837.7,-0.075,-0.025,1.2483410339e-13,0
837.7,-0.07,-0.025,8.67749881106e-14,0
837.7,-0.065,-0.03,8.62891430116e-14,0
837.7,-0.065,-0.025,4.45558786174e-14,0
837.7,-0.075,-0.02,3.81404221749e-14,0
837.7,-0.07,-0.02,1.72064123267e-14,0
837.7,-0.075,-0.015,-4.65545358182e-14,0
837.7,-0.07,-0.015,-5.03985454149e-14,0
837.7,-0.065,-0.02,-5.30097584189e-15,0
837.7,-0.065,-0.015,-5.40718639238e-14,0
837.7,-0.075,-0.01,-1.28676586811e-13,0
837.7,-0.07,-0.01,-1.11068554796e-13,0
837.7,-0.075,-0.005,-1.89472498178e-13,0
837.7,-0.07,-0.005,-1.54872065771e-13,0
837.7,-0.065,-0.01,-9.46268381429e-14,0
837.7,-0.065,-0.005,-1.222633157e-13,0
837.7,-0.075,0,-2.21194927419e-13,0
837.7,-0.07,0,-1.77847717983e-13,0
837.7,-0.075,0.005,-2.26769254175e-13,0
837.7,-0.07,0.005,-1.81117904391e-13,0
837.7,-0.065,4.16333634234e-19,-1.3734803564e-13,0
837.7,-0.065,0.005,-1.34087219006e-13,0
837.7,-0.075,0.01,-1.61589179529e-13,0
837.7,-0.07,0.01,-1.37609512408e-13,0
837.7,-0.075,0.015,-4.13099359387e-14,0
837.7,-0.07,0.015,-5.24993574358e-14,0
837.7,-0.065,0.01,-1.05071000356e-13,0
837.7,-0.065,0.015,-5.39057274302e-14,0
837.7,-0.075,0.02,5.98475788209e-14,0
837.7,-0.07,0.02,3.3529698838e-14,0
837.7,-0.075,0.025,1.63448312302e-13,0
837.7,-0.07,0.025,1.19584482908e-13,0
837.7,-0.065,0.02,9.13841681229e-15,0
837.7,-0.065,0.025,6.89324268245e-14,0
837.7,-0.075,0.03,3.19129141274e-13,0
837.7,-0.07,0.03,2.12909762759e-13,0
837.7,-0.075,0.035,4.86705494693e-13,0
837.7,-0.07,0.035,3.02869467919e-13,0
837.7,-0.065,0.03,1.09547018669e-13,0
837.7,-0.065,0.035,1.37248024465e-13,0
837.7,-0.075,0.04,6.1627393299e-13,0
837.7,-0.07,0.04,3.69337538023e-13,0
837.7,-0.075,0.045,6.60271804187e-13,0
837.7,-0.07,0.045,3.88141873568e-13,0
837.7,-0.065,0.04,1.53447791887e-13,0
837.7,-0.065,0.045,1.49537343722e-13,0
837.7,-0.075,0.05,5.90914205654e-13,0
837.7,-0.07,0.05,3.42712371082e-13,0
837.7,-0.075,0.055,4.13342880551e-13,0
837.7,-0.07,0.055,2.27746868589e-13,0
837.7,-0.065,0.05,1.19044146456e-13,0
837.7,-0.065,0.055,5.71805386717e-14,0
837.7,-0.075,0.06,1.62080812713e-13,0
837.7,-0.07,0.06,6.94689223165e-14,0
837.7,-0.075,0.065,-1.06376508665e-13,0
837.7,-0.07,0.065,-9.58960292099e-14,0
837.7,-0.065,0.06,-1.3221178095e-14,0
837.7,-0.065,0.065,-7.63346756641e-14,0
837.7,-0.075,0.07,-3.41746956213e-13,0
837.7,-0.07,0.07,-2.43531794968e-13,0
837.7,-0.075,0.075,-5.2603104052e-13,0
837.7,-0.07,0.075,-3.69543116677e-13,0
837.7,-0.065,0.07,-1.25443595594e-13,0
837.7,-0.065,0.075,-1.63473358832e-13,0
837.7,-0.06,-0.075,-2.85150171565e-13,0
837.7,-0.06,-0.07,-2.2650231192e-13,0
837.7,-0.06,-0.065,-1.62793896863e-13,0
837.7,-0.055,-0.075,-1.55946676189e-13,0
837.7,-0.055,-0.07,-1.77555928721e-13,0
837.7,-0.055,-0.065,-1.8700686622e-13,0
837.7,-0.06,-0.06,-7.07193372834e-14,0
837.7,-0.06,-0.055,6.00162182313e-15,0
837.7,-0.055,-0.06,-1.47875673002e-13,0
837.7,-0.055,-0.055,-9.35165335963e-14,0
837.7,-0.06,-0.05,3.90605363414e-14,0
837.7,-0.055,-0.05,-6.26596041984e-14,0
837.7,-0.06,-0.045,5.30430288515e-14,0
837.7,-0.055,-0.045,-4.39210072065e-14,0
837.7,-0.06,-0.04,5.18178095214e-14,0
837.7,-0.055,-0.04,-3.43474768692e-14,0
837.7,-0.06,-0.035,4.0398334152e-14,0
837.7,-0.055,-0.035,-3.19043056757e-14,0
837.7,-0.06,-0.03,2.16516354894e-14,0
837.7,-0.06,-0.025,-1.6982469429e-15,0
837.7,-0.055,-0.03,-3.58084627582e-14,0
837.7,-0.055,-0.025,-4.30932552438e-14,0
837.7,-0.06,-0.02,-2.8903978638e-14,0
837.7,-0.06,-0.015,-5.4335094294e-14,0
837.7,-0.055,-0.02,-4.79048109128e-14,0
837.7,-0.055,-0.015,-4.46237014246e-14,0
837.7,-0.06,-0.01,-6.91864447418e-14,0
837.7,-0.06,-0.005,-7.48562077782e-14,0
837.7,-0.055,-0.01,-2.85802527352e-14,0
837.7,-0.055,-0.005,-9.12086209968e-15,0
837.7,-0.06,0,-7.66470974838e-14,0
837.7,-0.06,0.005,-6.99749234236e-14,0
837.7,-0.055,4.16333634234e-19,4.45513569459e-15,0
837.7,-0.055,0.005,9.0931991875e-15,0
837.7,-0.06,0.01,-5.32184054072e-14,0
837.7,-0.06,0.015,-3.14704672807e-14,0
837.7,-0.055,0.01,1.01488126043e-14,0
837.7,-0.055,0.015,6.39825797331e-15,0
837.7,-0.06,0.02,-6.21573652036e-15,0
837.7,-0.06,0.025,1.36386844665e-14,0
837.7,-0.055,0.02,-5.99913521958e-15,0
837.7,-0.055,0.025,-2.43565061105e-14,0
837.7,-0.06,0.03,1.91811889625e-14,0
837.7,-0.06,0.035,1.40498058422e-14,0
837.7,-0.055,0.03,-4.86612506867e-14,0
837.7,-0.055,0.035,-7.96547463484e-14,0
837.7,-0.06,0.04,-3.77248889969e-16,0
837.7,-0.06,0.045,-2.51589014667e-14,0
837.7,-0.055,0.04,-1.12506861047e-13,0
837.7,-0.055,0.045,-1.41864106056e-13,0
837.7,-0.06,0.05,-5.68270580655e-14,0
837.7,-0.06,0.055,-7.57266241399e-14,0
837.7,-0.055,0.05,-1.584958906e-13,0
837.7,-0.055,0.055,-1.41302865217e-13,0
837.7,-0.06,0.06,-7.17521034141e-14,0
837.7,-0.06,0.065,-4.50453047205e-14,0
837.7,-0.055,0.06,-9.07985182447e-14,0
837.7,-0.055,0.065,-8.18701492868e-15,0
837.7,-0.06,0.07,3.28764688654e-15,0
837.7,-0.06,0.075,6.23235088136e-14,0
837.7,-0.055,0.07,9.87359175043e-14,0
837.7,-0.055,0.075,2.1710949312e-13,0
837.7,-0.05,-0.075,-5.26472653506e-14,0
837.7,-0.05,-0.07,-9.86076698924e-14,0
837.7,-0.045,-0.075,5.01543760124e-14,0
837.7,-0.045,-0.07,-1.76867090327e-14,0
837.7,-0.05,-0.065,-1.40170375219e-13,0
837.7,-0.045,-0.065,-8.14507847536e-14,0
837.7,-0.05,-0.06,-1.60168260546e-13,0
837.7,-0.05,-0.055,-1.48583650361e-13,0
837.7,-0.045,-0.06,-1.3224405908e-13,0
837.7,-0.045,-0.055,-1.53387709039e-13,0
837.7,-0.05,-0.05,-1.29819833309e-13,0
837.7,-0.05,-0.045,-1.12602784626e-13,0
837.7,-0.045,-0.05,-1.55666673856e-13,0
837.7,-0.045,-0.045,-1.48987842118e-13,0
837.7,-0.05,-0.04,-9.85738965499e-14,0
837.7,-0.045,-0.04,-1.37528758651e-13,0
837.7,-0.05,-0.035,-8.88745856317e-14,0
837.7,-0.045,-0.035,-1.25818399328e-13,0
837.7,-0.05,-0.03,-8.09776453544e-14,0
837.7,-0.045,-0.03,-1.09893297269e-13,0
837.7,-0.05,-0.025,-7.33104908576e-14,0
837.7,-0.045,-0.025,-8.55130849645e-14,0
837.7,-0.05,-0.02,-5.16591745951e-14,0
837.7,-0.05,-0.015,-1.56397310333e-14,0
837.7,-0.045,-0.02,-3.91648323724e-14,0
837.7,-0.045,-0.015,1.91427080081e-14,0
837.7,-0.05,-0.01,2.03905536946e-14,0
837.7,-0.05,-0.005,5.52668372732e-14,0
837.7,-0.045,-0.01,7.05541168212e-14,0
837.7,-0.045,-0.005,1.16941225166e-13,0
837.7,-0.05,0,8.26712342366e-14,0
837.7,-0.05,0.005,9.03080645548e-14,0
837.7,-0.045,4.16333634234e-19,1.54178536521e-13,0
837.7,-0.045,0.005,1.64084015004e-13,0
837.7,-0.05,0.01,7.81615851072e-14,0
837.7,-0.05,0.015,4.91806648191e-14,0
837.7,-0.045,0.01,1.44195235109e-13,0
837.7,-0.045,0.015,9.67444233812e-14,0
837.7,-0.05,0.02,8.37404273586e-15,0
837.7,-0.05,0.025,-3.80751834472e-14,0
837.7,-0.045,0.02,3.34773486841e-14,0
837.7,-0.045,0.025,-3.32879240315e-14,0
837.7,-0.05,0.03,-8.63078749566e-14,0
837.7,-0.05,0.035,-1.35298626194e-13,0
837.7,-0.045,0.03,-9.58304152912e-14,0
837.7,-0.045,0.035,-1.53623074628e-13,0
837.7,-0.05,0.04,-1.7646171533e-13,0
837.7,-0.05,0.045,-1.96190245108e-13,0
837.7,-0.045,0.04,-1.96804012928e-13,0
837.7,-0.045,0.045,-2.08813430971e-13,0
837.7,-0.05,0.05,-1.89046363505e-13,0
837.7,-0.05,0.055,-1.52062872953e-13,0
837.7,-0.045,0.05,-1.90696950645e-13,0
837.7,-0.045,0.055,-1.49252525221e-13,0
837.7,-0.05,0.06,-7.99568408484e-14,0
837.7,-0.05,0.065,2.43594102138e-14,0
837.7,-0.045,0.06,-6.7986650476e-14,0
837.7,-0.045,0.065,5.14953155203e-14,0
837.7,-0.05,0.07,1.46466186839e-13,0
837.7,-0.05,0.075,2.75039115731e-13,0
837.7,-0.045,0.07,1.86572676108e-13,0
837.7,-0.045,0.075,3.25345660157e-13,0
837.7,-0.04,-0.075,1.44489115986e-13,0
837.7,-0.04,-0.07,6.07607258547e-14,0
837.7,-0.035,-0.075,2.28554255984e-13,0
837.7,-0.035,-0.07,1.32795157801e-13,0
837.7,-0.04,-0.065,-1.97539583481e-14,0
837.7,-0.035,-0.065,4.04243738776e-14,0
837.7,-0.04,-0.06,-9.05677064719e-14,0
837.7,-0.035,-0.06,-4.49008942266e-14,0
837.7,-0.04,-0.055,-1.35696953508e-13,0
837.7,-0.035,-0.055,-1.11860775016e-13,0
837.7,-0.04,-0.05,-1.55145851667e-13,0
837.7,-0.04,-0.045,-1.60197879973e-13,0
837.7,-0.035,-0.05,-1.48889092504e-13,0
837.7,-0.035,-0.045,-1.61498137808e-13,0
837.7,-0.04,-0.04,-1.53996091773e-13,0
837.7,-0.04,-0.035,-1.42529444744e-13,0
837.7,-0.035,-0.04,-1.56641072216e-13,0
837.7,-0.035,-0.035,-1.40619257631e-13,0
837.7,-0.04,-0.03,-1.19532582971e-13,0
837.7,-0.035,-0.03,-1.09356529628e-13,0
837.7,-0.04,-0.025,-7.92577629276e-14,0
837.7,-0.035,-0.025,-6.32686754751e-14,0
837.7,-0.04,-0.02,-2.03053178319e-14,0
837.7,-0.035,-0.02,-1.9483394852e-15,0
837.7,-0.04,-0.015,4.82437566645e-14,0
837.7,-0.035,-0.015,6.72008616244e-14,0
837.7,-0.04,-0.01,1.13113753451e-13,0
837.7,-0.04,-0.005,1.66998717416e-13,0
837.7,-0.035,-0.01,1.30111671456e-13,0
837.7,-0.035,-0.005,1.80711269596e-13,0
837.7,-0.04,0,2.05029015407e-13,0
837.7,-0.04,0.005,2.17437443295e-13,0
837.7,-0.035,4.16333634234e-19,2.15352522266e-13,0
837.7,-0.035,0.005,2.29841607733e-13,0
837.7,-0.04,0.01,1.97318569081e-13,0
837.7,-0.04,0.015,1.45433450903e-13,0
837.7,-0.035,0.01,2.1727457635e-13,0
837.7,-0.035,0.015,1.74320416668e-13,0
837.7,-0.04,0.02,6.64959204492e-14,0
837.7,-0.04,0.025,-1.6481066105e-14,0
837.7,-0.035,0.02,9.67167479048e-14,0
837.7,-0.035,0.025,8.90198006449e-15,0
837.7,-0.04,0.03,-8.47797954871e-14,0
837.7,-0.04,0.035,-1.45640387208e-13,0
837.7,-0.035,0.03,-6.28875129756e-14,0
837.7,-0.035,0.035,-1.24821472526e-13,0
837.7,-0.04,0.04,-1.88077314884e-13,0
837.7,-0.04,0.045,-1.98345422265e-13,0
837.7,-0.035,0.04,-1.68556889361e-13,0
837.7,-0.035,0.045,-1.84073964395e-13,0
837.7,-0.04,0.05,-1.78165670121e-13,0
837.7,-0.04,0.055,-1.37022000201e-13,0
837.7,-0.035,0.05,-1.67565642123e-13,0
837.7,-0.035,0.055,-1.22636136145e-13,0
837.7,-0.04,0.06,-5.31931694282e-14,0
837.7,-0.04,0.065,7.31509971107e-14,0
837.7,-0.035,0.06,-3.61051351222e-14,0
837.7,-0.035,0.065,8.88525358096e-14,0
837.7,-0.04,0.07,2.17611130571e-13,0
837.7,-0.04,0.075,3.68171334617e-13,0
837.7,-0.035,0.07,2.36236555864e-13,0
837.7,-0.035,0.075,3.92903960369e-13,0
837.7,-0.03,-0.075,2.98227768697e-13,0
837.7,-0.03,-0.07,1.95237475744e-13,0
837.7,-0.025,-0.075,3.56307511722e-13,0
837.7,-0.025,-0.07,2.47640917174e-13,0
837.7,-0.03,-0.065,9.60673283379e-14,0
837.7,-0.025,-0.065,1.43281620736e-13,0
837.7,-0.03,-0.06,3.31809783297e-15,0
837.7,-0.025,-0.06,4.63400449957e-14,0
837.7,-0.03,-0.055,-7.65876964029e-14,0
837.7,-0.025,-0.055,-3.82106665311e-14,0
837.7,-0.03,-0.05,-1.30749227005e-13,0
837.7,-0.025,-0.05,-9.81415033794e-14,0
837.7,-0.03,-0.045,-1.49080786948e-13,0
837.7,-0.025,-0.045,-1.18281592309e-13,0
837.7,-0.03,-0.04,-1.42797943043e-13,0
837.7,-0.03,-0.035,-1.22628781274e-13,0
837.7,-0.025,-0.04,-1.12233678539e-13,0
837.7,-0.025,-0.035,-9.47188883441e-14,0
837.7,-0.03,-0.03,-8.83875163553e-14,0
837.7,-0.03,-0.025,-4.35458740903e-14,0
837.7,-0.025,-0.03,-6.40255626795e-14,0
837.7,-0.025,-0.025,-2.24827704507e-14,0
837.7,-0.03,-0.02,1.29525414844e-14,0
837.7,-0.025,-0.02,2.60077235873e-14,0
837.7,-0.03,-0.015,7.31569521442e-14,0
837.7,-0.025,-0.015,7.50995526958e-14,0
837.7,-0.03,-0.01,1.26660297575e-13,0
837.7,-0.025,-0.01,1.19210394511e-13,0
837.7,-0.03,-0.005,1.70265089185e-13,0
837.7,-0.025,-0.005,1.55335950271e-13,0
837.7,-0.03,0,2.00372362006e-13,0
837.7,-0.03,0.005,2.15716303275e-13,0
837.7,-0.025,4.16333634234e-19,1.81461059492e-13,0
837.7,-0.025,0.005,1.94865847472e-13,0
837.7,-0.03,0.01,2.09586214844e-13,0
837.7,-0.03,0.015,1.79471838204e-13,0
837.7,-0.025,0.01,1.92957317966e-13,0
837.7,-0.025,0.015,1.73978912027e-13,0
837.7,-0.03,0.02,1.16693383284e-13,0
837.7,-0.03,0.025,3.58054366471e-14,0
837.7,-0.025,0.02,1.28838605707e-13,0
837.7,-0.025,0.025,6.13596128308e-14,0
837.7,-0.03,0.03,-3.54478735367e-14,0
837.7,-0.03,0.035,-9.7951955644e-14,0
837.7,-0.025,0.03,-6.54695425098e-15,0
837.7,-0.025,0.035,-6.93535883338e-14,0
837.7,-0.03,0.04,-1.43896282727e-13,0
837.7,-0.03,0.045,-1.668130594e-13,0
837.7,-0.025,0.04,-1.19320957386e-13,0
837.7,-0.025,0.045,-1.48401535572e-13,0
837.7,-0.03,0.05,-1.5786588985e-13,0
837.7,-0.03,0.055,-1.11666373785e-13,0
837.7,-0.025,0.05,-1.47580726251e-13,0
837.7,-0.025,0.055,-1.08714470836e-13,0
837.7,-0.03,0.06,-2.50917904262e-14,0
837.7,-0.03,0.065,9.67827722478e-14,0
837.7,-0.025,0.06,-2.62414254836e-14,0
837.7,-0.025,0.065,9.43536572989e-14,0
837.7,-0.03,0.07,2.43486144202e-13,0
837.7,-0.03,0.075,4.01724427488e-13,0
837.7,-0.025,0.07,2.40951055582e-13,0
837.7,-0.025,0.075,4.00096868254e-13,0
837.7,-0.02,-0.075,3.91175500669e-13,0
837.7,-0.02,-0.07,2.7876259315e-13,0
837.7,-0.015,-0.075,3.8514093215e-13,0
837.7,-0.015,-0.07,2.79073507946e-13,0
837.7,-0.02,-0.065,1.73323961621e-13,0
837.7,-0.015,-0.065,1.83018357275e-13,0
837.7,-0.02,-0.06,7.66426766329e-14,0
837.7,-0.015,-0.06,9.12997369711e-14,0
837.7,-0.02,-0.055,-6.00967944996e-15,0
837.7,-0.015,-0.055,1.38114919811e-14,0
837.7,-0.02,-0.05,-6.13914156379e-14,0
837.7,-0.015,-0.05,-2.84129400239e-14,0
837.7,-0.02,-0.045,-8.05879166414e-14,0
837.7,-0.015,-0.045,-4.36234352899e-14,0
837.7,-0.02,-0.04,-7.5493241979e-14,0
837.7,-0.015,-0.04,-3.96483236229e-14,0
837.7,-0.02,-0.035,-6.14366125935e-14,0
837.7,-0.015,-0.035,-2.68612470843e-14,0
837.7,-0.02,-0.03,-3.59634325072e-14,0
837.7,-0.02,-0.025,-5.97690585223e-16,0
837.7,-0.015,-0.03,-5.4696186322e-15,0
837.7,-0.015,-0.025,2.26908043156e-14,0
837.7,-0.02,-0.02,3.79367702867e-14,0
837.7,-0.02,-0.015,7.45155843581e-14,0
837.7,-0.015,-0.02,4.99546024475e-14,0
837.7,-0.015,-0.015,7.21524348037e-14,0
837.7,-0.02,-0.01,1.06125752087e-13,0
837.7,-0.015,-0.01,8.79057432975e-14,0
837.7,-0.02,-0.005,1.3193238944e-13,0
837.7,-0.015,-0.005,9.8846341923e-14,0
837.7,-0.02,0,1.51657308441e-13,0
837.7,-0.015,4.16333634234e-19,1.09315363145e-13,0
837.7,-0.02,0.005,1.64512508997e-13,0
837.7,-0.015,0.005,1.24176659389e-13,0
837.7,-0.02,0.01,1.68888015828e-13,0
837.7,-0.02,0.015,1.62686906524e-13,0
837.7,-0.015,0.01,1.4057123322e-13,0
837.7,-0.015,0.015,1.50131954101e-13,0
837.7,-0.02,0.02,1.35661505463e-13,0
837.7,-0.02,0.025,8.44171656561e-14,0
837.7,-0.015,0.02,1.42353997736e-13,0
837.7,-0.015,0.025,1.08054497808e-13,0
837.7,-0.02,0.03,2.28217094001e-14,0
837.7,-0.02,0.035,-3.87010887186e-14,0
837.7,-0.015,0.03,5.34952896906e-14,0
837.7,-0.015,0.035,-6.19072044732e-15,0
837.7,-0.02,0.04,-9.21753377418e-14,0
837.7,-0.02,0.045,-1.27366258834e-13,0
837.7,-0.015,0.04,-6.19297121103e-14,0
837.7,-0.015,0.045,-1.02564523672e-13,0
837.7,-0.02,0.05,-1.35272025586e-13,0
837.7,-0.02,0.055,-1.11238014343e-13,0
837.7,-0.015,0.05,-1.19896408776e-13,0
837.7,-0.015,0.055,-1.10920559299e-13,0
837.7,-0.02,0.06,-4.03092641308e-14,0
837.7,-0.02,0.065,7.49349154401e-14,0
837.7,-0.015,0.06,-5.92516381112e-14,0
837.7,-0.015,0.065,3.86185716911e-14,0
837.7,-0.02,0.07,2.16563422704e-13,0
837.7,-0.02,0.075,3.71355509156e-13,0
837.7,-0.015,0.07,1.62671279692e-13,0
837.7,-0.015,0.075,2.99304949997e-13,0
837.7,-0.01,-0.075,3.05564677827e-13,0
837.7,-0.01,-0.07,2.2525778142e-13,0
837.7,-0.005,-0.075,1.56432256402e-13,0
837.7,-0.005,-0.07,1.17395349561e-13,0
837.7,-0.01,-0.065,1.52868871377e-13,0
837.7,-0.005,-0.065,7.86831898507e-14,0
837.7,-0.01,-0.06,7.7551021755e-14,0
837.7,-0.005,-0.06,3.863650099e-14,0
837.7,-0.01,-0.055,1.75138610411e-14,0
837.7,-0.005,-0.055,1.06977375123e-14,0
837.7,-0.01,-0.05,-7.23370925875e-15,0
837.7,-0.005,-0.05,2.76884248097e-15,0
837.7,-0.01,-0.045,-1.43665218633e-14,0
837.7,-0.005,-0.045,6.60777447197e-15,0
837.7,-0.01,-0.04,-7.31757748339e-15,0
837.7,-0.005,-0.04,2.03186225765e-14,0
837.7,-0.01,-0.035,6.98542991165e-15,0
837.7,-0.005,-0.035,3.92247627534e-14,0
837.7,-0.01,-0.03,2.68775102175e-14,0
837.7,-0.005,-0.03,6.02228539662e-14,0
837.7,-0.01,-0.025,4.81928867499e-14,0
837.7,-0.005,-0.025,7.66165993471e-14,0
837.7,-0.01,-0.02,6.42456283111e-14,0
837.7,-0.01,-0.015,7.16637689593e-14,0
837.7,-0.005,-0.02,8.31095343707e-14,0
837.7,-0.005,-0.015,7.75929116823e-14,0
837.7,-0.0117873230072,-0.0115873794689,7.49284375578e-14,0
837.7,-0.00939961996336,-0.005,5.74900265121e-14,0
837.7,-0.00792797428371,-0.00964253216809,6.18097141087e-14,0
837.7,-0.005,-0.00939961996336,5.49946840904e-14,0
837.7,-0.0108753492546,-0.00150606400588,6.84659328516e-14,0
837.7,-0.00818101620308,-0.00211452602544,4.47730714065e-14,0
837.7,-0.00651817360753,-0.000255934956239,2.90850699041e-14,0
837.7,-0.005,6.71033969428e-08,1.23799777526e-14,0
837.7,-0.0107292118043,0.00160660295843,7.21644987031e-14,0
837.7,-0.0080188992252,0.000768320427092,4.41248401335e-14,0
837.7,-0.00939946851065,0.005,7.15038463081e-14,0
837.7,-0.00802129342231,0.00264911934363,4.9034594601e-14,0
837.7,-0.00887989370213,0.00887989479405,9.32242836504e-14,0
837.7,-0.01,0.015,1.40368516816e-13,0
837.7,-0.005,0.00939947397025,7.79870333247e-14,0
837.7,-0.005,0.015,1.37979474291e-13,0
837.7,-0.01,0.02,1.5210068648e-13,0
837.7,-0.01,0.025,1.35457093844e-13,0
837.7,-0.005,0.02,1.70969243545e-13,0
837.7,-0.005,0.025,1.70774744888e-13,0
837.7,-0.01,0.03,9.11719952006e-14,0
837.7,-0.01,0.035,3.12681145043e-14,0
837.7,-0.005,0.03,1.35142545132e-13,0
837.7,-0.005,0.035,7.30103554982e-14,0
837.7,-0.01,0.04,-2.84447239294e-14,0
837.7,-0.01,0.045,-7.5120769911e-14,0
837.7,-0.005,0.04,6.24172964614e-15,0
837.7,-0.005,0.045,-4.72923693263e-14,0
837.7,-0.01,0.05,-1.0121731715e-13,0
837.7,-0.01,0.055,-1.05300105283e-13,0
837.7,-0.005,0.05,-8.05513157961e-14,0
837.7,-0.005,0.055,-9.30397526331e-14,0
837.7,-0.01,0.06,-7.36278121922e-14,0
837.7,-0.01,0.065,-3.35424150685e-15,0
837.7,-0.005,0.06,-7.69354598759e-14,0
837.7,-0.005,0.065,-3.12581002868e-14,0
837.7,-0.01,0.07,8.82365232059e-14,0
837.7,-0.01,0.075,1.85117369687e-13,0
837.7,-0.005,0.07,3.02149467759e-14,0
837.7,-0.005,0.075,9.24266242613e-14,0
837.7,0,-0.075,2.19238110403e-16,0
837.7,0,-0.07,-2.17264906072e-15,0
837.7,0.005,-0.075,-1.13566471675e-13,0
837.7,0.005,-0.07,-9.2584070595e-14,0
837.7,0,-0.065,-9.84872519275e-15,0
837.7,0.005,-0.065,-7.81993091173e-14,0
837.7,0,-0.06,-1.33723391995e-14,0
837.7,0.005,-0.06,-6.08609934228e-14,0
837.7,0,-0.055,-7.99277231215e-15,0
837.7,0.005,-0.055,-3.44082146891e-14,0
837.7,0,-0.05,2.40752246314e-15,0
837.7,0.005,-0.05,-6.09247897945e-15,0
837.7,0,-0.045,1.97721563044e-14,0
837.7,0.005,-0.045,2.59810090144e-14,0
837.7,0,-0.04,4.27160137388e-14,0
837.7,0.005,-0.04,5.96564322361e-14,0
837.7,0,-0.035,6.91097727183e-14,0
837.7,0.005,-0.035,9.48774177885e-14,0
837.7,0,-0.03,9.72865528954e-14,0
837.7,0.005,-0.03,1.34412680818e-13,0
837.7,0,-0.025,1.16900087651e-13,0
837.7,0.005,-0.025,1.60212522495e-13,0
837.7,0,-0.02,1.17293065475e-13,0
837.7,0.005,-0.02,1.56421767865e-13,0
837.7,0,-0.015,9.59240414621e-14,0
837.7,0.005,-0.015,1.20895756756e-13,0
837.7,-0.0021196717084,-0.00776771017156,4.44064827054e-14,0
837.7,-0.00084550708518,-0.00631514607954,3.08714462465e-14,0
837.7,6.71033969406e-08,-0.005,1.14302607791e-14,0
837.7,-0.00139054260708,-0.0110960807567,6.77846085165e-14,0
837.7,0.00132468676756,-0.00775008274642,4.82552368448e-14,0
837.7,0.00160394440688,-0.0116908851489,7.96974371225e-14,0
837.7,0.005,-0.00939946851065,6.92284876348e-14,0
837.7,0.005,0.005,3.6006474335e-14,0
837.7,-0.000107646311398,0.00617659695633,3.08623129396e-14,0
837.7,-0.00190846935279,0.0076427502668,5.06552096091e-14,0
837.7,0.00131146485568,0.00777290068297,5.26992478111e-14,0
837.7,0.00295884413402,0.00640276348073,3.84574988804e-14,0
837.7,-1.21517769428e-05,0.0108932602996,9.23997581726e-14,0
837.7,0,0.015,1.48303729219e-13,0
837.7,0.005,0.00939942566771,8.76300817751e-14,0
837.7,0.005,0.015,1.69367657665e-13,0
837.7,0,0.02,2.08662861349e-13,0
837.7,0,0.025,2.25086023951e-13,0
837.7,0.005,0.02,2.4365960546e-13,0
837.7,0.005,0.025,2.59936333042e-13,0
837.7,0,0.03,1.87044001087e-13,0
837.7,0,0.035,1.20376131532e-13,0
837.7,0.005,0.03,2.10261050772e-13,0
837.7,0.005,0.035,1.43778918332e-13,0
837.7,0,0.04,4.17347530976e-14,0
837.7,0,0.045,-2.35013723835e-14,0
837.7,0.005,0.04,6.39368982378e-14,0
837.7,0.005,0.045,-5.59238999758e-15,0
837.7,0,0.05,-6.23208669395e-14,0
837.7,0,0.055,-8.33566584562e-14,0
837.7,0.005,0.05,-4.98096816829e-14,0
837.7,0.005,0.055,-7.9167147517e-14,0
837.7,0,0.06,-7.79642979226e-14,0
837.7,0,0.065,-4.50731183647e-14,0
837.7,0.005,0.06,-8.20367993491e-14,0
837.7,0.005,0.065,-5.59393000372e-14,0
837.7,0,0.07,4.75429507022e-15,0
837.7,0,0.075,5.83640615568e-14,0
837.7,0.005,0.07,-1.12602336889e-14,0
837.7,0.005,0.075,3.93648724504e-14,0
837.7,0.01,-0.075,-1.73595034194e-13,0
837.7,0.01,-0.07,-1.45688775778e-13,0
837.7,0.015,-0.075,-2.1114722612e-13,0
837.7,0.015,-0.07,-1.79545608389e-13,0
837.7,0.01,-0.065,-1.23164391578e-13,0
837.7,0.015,-0.065,-1.53829037251e-13,0
837.7,0.01,-0.06,-9.77055503159e-14,0
837.7,0.015,-0.06,-1.25602523958e-13,0
837.7,0.01,-0.055,-6.459343403e-14,0
837.7,0.015,-0.055,-9.00669292782e-14,0
837.7,0.01,-0.05,-2.32533185027e-14,0
837.7,0.015,-0.05,-4.29188819312e-14,0
837.7,0.01,-0.045,2.26946565431e-14,0
837.7,0.015,-0.045,1.15563653643e-14,0
837.7,0.01,-0.04,6.80700091279e-14,0
837.7,0.015,-0.04,6.44499061942e-14,0
837.7,0.01,-0.035,1.14334713587e-13,0
837.7,0.015,-0.035,1.1597752515e-13,0
837.7,0.01,-0.03,1.62168907605e-13,0
837.7,0.015,-0.03,1.61920578894e-13,0
837.7,0.01,-0.025,1.9010380803e-13,0
837.7,0.015,-0.025,1.86772368745e-13,0
837.7,0.01,-0.02,1.8325993937e-13,0
837.7,0.01,-0.015,1.46812060215e-13,0
837.7,0.015,-0.02,1.8208013118e-13,0
837.7,0.015,-0.015,1.51640088453e-13,0
837.7,0.00999280436795,-0.0116358337096,1.1584456525e-13,0
837.7,0.0105889214373,-0.00845762197625,9.0694966782e-14,0
837.7,0.015,-0.01,1.20132037346e-13,0
837.7,0.00939947397025,-0.005,6.10136773653e-14,0
837.7,0.015,-0.005,9.9148906515e-14,0
837.7,0.00658051136513,-0.00296146438142,3.46977069332e-14,0
837.7,0.00636794669772,-3.54305826484e-06,2.84945639523e-14,0
837.7,0.00795807888052,-0.00113999998936,4.37506545732e-14,0
837.7,0.00758147027913,0.00183630393596,4.32262211392e-14,0
837.7,0.0112534647756,-1.47536350887e-07,7.41754702304e-14,0
837.7,0.015,4.16333634234e-19,9.96051176015e-14,0
837.7,0.00939942566771,0.005,7.58056701195e-14,0
837.7,0.015,0.005,1.17629631616e-13,0
837.7,0.00999018807453,0.0109670628501,1.41234509797e-13,0
837.7,0.01,0.015,1.93708400058e-13,0
837.7,0.015,0.01,1.56945527576e-13,0
837.7,0.015,0.015,2.1012322002e-13,0
837.7,0.01,0.02,2.56894694268e-13,0
837.7,0.01,0.025,2.56282340919e-13,0
837.7,0.015,0.02,2.5275970245e-13,0
837.7,0.015,0.025,2.37979734781e-13,0
837.7,0.01,0.03,2.01301267493e-13,0
837.7,0.01,0.035,1.37368095208e-13,0
837.7,0.015,0.03,1.82735596003e-13,0
837.7,0.015,0.035,1.1976980975e-13,0
837.7,0.01,0.04,6.5275269525e-14,0
837.7,0.01,0.045,8.96389885699e-18,0
837.7,0.015,0.04,5.47125782405e-14,0
837.7,0.015,0.045,-4.32597718236e-15,0
837.7,0.01,0.05,-4.57563847096e-14,0
837.7,0.01,0.055,-7.84955102275e-14,0
837.7,0.015,0.05,-4.94923852822e-14,0
837.7,0.015,0.055,-8.12351503088e-14,0
837.7,0.01,0.06,-8.46628071475e-14,0
837.7,0.01,0.065,-5.84665570994e-14,0
837.7,0.015,0.06,-8.4225392419e-14,0
837.7,0.015,0.065,-4.80394758438e-14,0
837.7,0.01,0.07,-1.07174124728e-14,0
837.7,0.01,0.075,4.32984904052e-14,0
837.7,0.015,0.07,8.83772899821e-15,0
837.7,0.015,0.075,7.01673806819e-14,0
837.7,0.02,-0.075,-2.16313641057e-13,0
837.7,0.02,-0.07,-1.84623773638e-13,0
837.7,0.025,-0.075,-1.79874524172e-13,0
837.7,0.025,-0.07,-1.54670983293e-13,0
837.7,0.02,-0.065,-1.60760514179e-13,0
837.7,0.025,-0.065,-1.37927002439e-13,0
837.7,0.02,-0.06,-1.35119918721e-13,0
837.7,0.025,-0.06,-1.20834467756e-13,0
837.7,0.02,-0.055,-1.02694232738e-13,0
837.7,0.025,-0.055,-9.72802224028e-14,0
837.7,0.02,-0.05,-5.7041838357e-14,0
837.7,0.025,-0.05,-6.10957424818e-14,0
837.7,0.02,-0.045,-2.40834808535e-15,0
837.7,0.025,-0.045,-1.50311427448e-14,0
837.7,0.02,-0.04,4.98149277471e-14,0
837.7,0.025,-0.04,2.84159305932e-14,0
837.7,0.02,-0.035,9.75984736981e-14,0
837.7,0.025,-0.035,6.67937427276e-14,0
837.7,0.02,-0.03,1.36073538279e-13,0
837.7,0.025,-0.03,9.70709437148e-14,0
837.7,0.02,-0.025,1.58982342125e-13,0
837.7,0.025,-0.025,1.17165367961e-13,0
837.7,0.02,-0.02,1.59540537109e-13,0
837.7,0.025,-0.02,1.24955849914e-13,0
837.7,0.02,-0.015,1.39270703983e-13,0
837.7,0.025,-0.015,1.14505214779e-13,0
837.7,0.02,-0.01,1.17670884429e-13,0
837.7,0.025,-0.01,1.00809346337e-13,0
837.7,0.02,-0.005,1.07086060553e-13,0
837.7,0.025,-0.005,9.68208870007e-14,0
837.7,0.02,0,1.12205620023e-13,0
837.7,0.025,4.16333634234e-19,1.05427808415e-13,0
837.7,0.02,0.005,1.31359483704e-13,0
837.7,0.025,0.005,1.25689282972e-13,0
837.7,0.02,0.01,1.66628391111e-13,0
837.7,0.025,0.01,1.59712334848e-13,0
837.7,0.02,0.015,2.09503360492e-13,0
837.7,0.025,0.015,1.93298152184e-13,0
837.7,0.02,0.02,2.32105613589e-13,0
837.7,0.02,0.025,2.0605256588e-13,0
837.7,0.025,0.02,1.96747651566e-13,0
837.7,0.025,0.025,1.58175858705e-13,0
837.7,0.02,0.03,1.51431041203e-13,0
837.7,0.02,0.035,9.1725394162e-14,0
837.7,0.025,0.03,1.07410241439e-13,0
837.7,0.025,0.035,5.48105393464e-14,0
837.7,0.02,0.04,3.22594187647e-14,0
837.7,0.02,0.045,-2.08289097766e-14,0
837.7,0.025,0.04,1.98845908325e-15,0
837.7,0.025,0.045,-4.50520706364e-14,0
837.7,0.02,0.05,-6.1283212879e-14,0
837.7,0.02,0.055,-8.56714348162e-14,0
837.7,0.025,0.05,-7.7559534646e-14,0
837.7,0.025,0.055,-8.70885658601e-14,0
837.7,0.02,0.06,-7.61497221342e-14,0
837.7,0.02,0.065,-2.84281275997e-14,0
837.7,0.025,0.06,-6.14784963308e-14,0
837.7,0.025,0.065,-8.99858924768e-15,0
837.7,0.02,0.07,3.36538980012e-14,0
837.7,0.02,0.075,9.89134103054e-14,0
837.7,0.025,0.07,5.57586231126e-14,0
837.7,0.025,0.075,1.24225854908e-13,0
837.7,0.03,-0.075,-9.54403382426e-14,0
837.7,0.03,-0.07,-8.60381150993e-14,0
837.7,0.035,-0.075,2.89081443732e-14,0
837.7,0.035,-0.07,1.41153581153e-14,0
837.7,0.03,-0.065,-8.38020850164e-14,0
837.7,0.035,-0.065,-4.73246998929e-15,0
837.7,0.03,-0.06,-8.17242920543e-14,0
837.7,0.035,-0.06,-2.39388799471e-14,0
837.7,0.03,-0.055,-7.43177572533e-14,0
837.7,0.035,-0.055,-3.83012642641e-14,0
837.7,0.03,-0.05,-5.45365871495e-14,0
837.7,0.035,-0.05,-4.0011214278e-14,0
837.7,0.03,-0.045,-2.3761464509e-14,0
837.7,0.035,-0.045,-2.7161971557e-14,0
837.7,0.03,-0.04,6.43645650399e-15,0
837.7,0.035,-0.04,-1.13788540892e-14,0
837.7,0.03,-0.035,3.21691320438e-14,0
837.7,0.035,-0.035,8.55424026967e-16,0
837.7,0.03,-0.03,5.10890386014e-14,0
837.7,0.035,-0.03,6.41688757923e-15,0
837.7,0.03,-0.025,6.32779879798e-14,0
837.7,0.035,-0.025,5.61420421705e-15,0
837.7,0.03,-0.02,6.96390022812e-14,0
837.7,0.035,-0.02,-3.15103733481e-16,0
837.7,0.03,-0.015,6.5860311865e-14,0
837.7,0.035,-0.015,-5.75937712416e-15,0
837.7,0.03,-0.01,5.97845863981e-14,0
837.7,0.035,-0.01,-5.67070171402e-15,0
837.7,0.03,-0.005,6.17190888224e-14,0
837.7,0.035,-0.005,1.48679222153e-15,0
837.7,0.03,0,7.31451092757e-14,0
837.7,0.035,4.16333634234e-19,1.61114060629e-14,0
837.7,0.03,0.005,9.45662916704e-14,0
837.7,0.035,0.005,3.69484262076e-14,0
837.7,0.03,0.01,1.2475008938e-13,0
837.7,0.035,0.01,5.82464429757e-14,0
837.7,0.03,0.015,1.45462404109e-13,0
837.7,0.035,0.015,6.84758592356e-14,0
837.7,0.03,0.02,1.36323095423e-13,0
837.7,0.035,0.02,6.19445859001e-14,0
837.7,0.03,0.025,9.88351024375e-14,0
837.7,0.035,0.025,3.92607155015e-14,0
837.7,0.03,0.03,5.63078418718e-14,0
837.7,0.03,0.035,1.14744828594e-14,0
837.7,0.035,0.03,8.09756991589e-15,0
837.7,0.035,0.035,-2.70140266216e-14,0
837.7,0.03,0.04,-3.26267184265e-14,0
837.7,0.03,0.045,-7.0555942876e-14,0
837.7,0.035,0.04,-6.05544758128e-14,0
837.7,0.035,0.045,-8.93858090739e-14,0
837.7,0.03,0.05,-9.27880071533e-14,0
837.7,0.03,0.055,-8.65789196119e-14,0
837.7,0.035,0.05,-1.03100116192e-13,0
837.7,0.035,0.055,-8.7106287187e-14,0
837.7,0.03,0.06,-5.08664628938e-14,0
837.7,0.03,0.065,5.48308798712e-15,0
837.7,0.035,0.06,-4.50250819905e-14,0
837.7,0.035,0.065,1.52756554631e-14,0
837.7,0.03,0.07,7.27862029938e-14,0
837.7,0.03,0.075,1.43446313716e-13,0
837.7,0.035,0.07,8.51287801509e-14,0
837.7,0.035,0.075,1.57886245461e-13,0
837.7,0.04,-0.075,1.75834044749e-13,0
837.7,0.04,-0.07,1.24594985795e-13,0
837.7,0.045,-0.075,2.87080820214e-13,0
837.7,0.045,-0.07,2.06716080261e-13,0
837.7,0.04,-0.065,7.83945580226e-14,0
837.7,0.045,-0.065,1.38314152931e-13,0
837.7,0.04,-0.06,3.60755258578e-14,0
837.7,0.045,-0.06,7.88148439534e-14,0
837.7,0.04,-0.055,-1.97059823777e-17,0
837.7,0.045,-0.055,2.68331994265e-14,0
837.7,0.04,-0.05,-2.34724681919e-14,0
837.7,0.045,-0.05,-1.04137843514e-14,0
837.7,0.04,-0.045,-2.76484371012e-14,0
837.7,0.045,-0.045,-2.48287014514e-14,0
837.7,0.04,-0.04,-2.28012197985e-14,0
837.7,0.045,-0.04,-2.64287531995e-14,0
837.7,0.04,-0.035,-2.20108235603e-14,0
837.7,0.045,-0.035,-3.25491000456e-14,0
837.7,0.04,-0.03,-2.88669077664e-14,0
837.7,0.045,-0.03,-4.84888943115e-14,0
837.7,0.04,-0.025,-4.34109441638e-14,0
837.7,0.045,-0.025,-7.38137850308e-14,0
837.7,0.04,-0.02,-6.52615203544e-14,0
837.7,0.045,-0.02,-1.11450312623e-13,0
837.7,0.04,-0.015,-8.44978924832e-14,0
837.7,0.045,-0.015,-1.39458396673e-13,0
837.7,0.04,-0.01,-8.7267363199e-14,0
837.7,0.045,-0.01,-1.44945827882e-13,0
837.7,0.04,-0.005,-7.42661824062e-14,0
837.7,0.045,-0.005,-1.3722194709e-13,0
837.7,0.04,0,-5.54707945635e-14,0
837.7,0.045,4.16333634234e-19,-1.20507067967e-13,0
837.7,0.04,0.005,-3.54595023911e-14,0
837.7,0.045,0.005,-1.01846600671e-13,0
837.7,0.04,0.01,-1.83993592801e-14,0
837.7,0.045,0.01,-7.97731041841e-14,0
837.7,0.04,0.015,-6.89423921085e-15,0
837.7,0.045,0.015,-5.65737215804e-14,0
837.7,0.04,0.02,-2.05907643502e-15,0
837.7,0.045,0.02,-4.04394099375e-14,0
837.7,0.04,0.025,-9.17455091714e-15,0
837.7,0.045,0.025,-3.62208436076e-14,0
837.7,0.04,0.03,-2.81240411689e-14,0
837.7,0.045,0.03,-4.70237271224e-14,0
837.7,0.04,0.035,-5.23940784902e-14,0
837.7,0.045,0.035,-6.61306651969e-14,0
837.7,0.04,0.04,-7.87780740086e-14,0
837.7,0.04,0.045,-1.03304002361e-13,0
837.7,0.045,0.04,-9.11801213507e-14,0
837.7,0.045,0.045,-1.14472612862e-13,0
837.7,0.04,0.05,-1.11338161885e-13,0
837.7,0.04,0.055,-8.97143011155e-14,0
837.7,0.045,0.05,-1.20209182391e-13,0
837.7,0.045,0.055,-9.49584960352e-14,0
837.7,0.04,0.06,-4.31066760082e-14,0
837.7,0.04,0.065,2.07336926962e-14,0
837.7,0.045,0.06,-4.46784851086e-14,0
837.7,0.045,0.065,2.24388092417e-14,0
837.7,0.04,0.07,9.27917178902e-14,0
837.7,0.04,0.075,1.67251727549e-13,0
837.7,0.045,0.07,9.6719957174e-14,0
837.7,0.045,0.075,1.72965150103e-13,0
837.7,0.05,-0.075,3.3700213079e-13,0
837.7,0.05,-0.07,2.43765341074e-13,0
837.7,0.055,-0.075,3.48241676292e-13,0
837.7,0.055,-0.07,2.44659631054e-13,0
837.7,0.05,-0.065,1.64421548402e-13,0
837.7,0.055,-0.065,1.60526372841e-13,0
837.7,0.05,-0.06,9.7008139199e-14,0
837.7,0.055,-0.06,9.38808362667e-14,0
837.7,0.05,-0.055,3.95534750971e-14,0
837.7,0.055,-0.055,3.56137503765e-14,0
837.7,0.05,-0.05,-3.95474137613e-16,0
837.7,0.055,-0.05,1.91503428789e-15,0
837.7,0.05,-0.045,-1.5519831438e-14,0
837.7,0.055,-0.045,-1.31805975497e-15,0
837.7,0.05,-0.04,-1.82093634386e-14,0
837.7,0.055,-0.04,3.17303139443e-15,0
837.7,0.05,-0.035,-2.74251186599e-14,0
837.7,0.055,-0.035,-4.1627983085e-15,0
837.7,0.05,-0.03,-4.81486346985e-14,0
837.7,0.055,-0.03,-2.75378651739e-14,0
837.7,0.05,-0.025,-8.03590219961e-14,0
837.7,0.055,-0.025,-6.22172237104e-14,0
837.7,0.05,-0.02,-1.28428409985e-13,0
837.7,0.055,-0.02,-1.12545292928e-13,0
837.7,0.05,-0.015,-1.57190547382e-13,0
837.7,0.055,-0.015,-1.51993954951e-13,0
837.7,0.05,-0.01,-1.63405741341e-13,0
837.7,0.055,-0.01,-1.66220311984e-13,0
837.7,0.05,-0.005,-1.64659791731e-13,0
837.7,0.055,-0.005,-1.66950521098e-13,0
837.7,0.05,0,-1.56821467091e-13,0
837.7,0.055,4.16333634234e-19,-1.55263844695e-13,0
837.7,0.05,0.005,-1.39936975297e-13,0
837.7,0.055,0.005,-1.34910630905e-13,0
837.7,0.05,0.01,-1.08796691553e-13,0
837.7,0.055,0.01,-1.01908953371e-13,0
837.7,0.05,0.015,-7.21823059935e-14,0
837.7,0.055,0.015,-6.36994415549e-14,0
837.7,0.05,0.02,-4.98573424658e-14,0
837.7,0.055,0.02,-3.80722292181e-14,0
837.7,0.05,0.025,-4.05833369752e-14,0
837.7,0.055,0.025,-2.63207336673e-14,0
837.7,0.05,0.03,-4.69993946029e-14,0
837.7,0.055,0.03,-3.08388520428e-14,0
837.7,0.05,0.035,-6.37088332452e-14,0
837.7,0.055,0.035,-4.52713251123e-14,0
837.7,0.05,0.04,-8.91154835439e-14,0
837.7,0.055,0.04,-6.88808727704e-14,0
837.7,0.05,0.045,-1.1383369443e-13,0
837.7,0.055,0.045,-9.52622650899e-14,0
837.7,0.05,0.05,-1.20806928587e-13,0
837.7,0.05,0.055,-9.67638659281e-14,0
837.7,0.055,0.05,-1.07966269582e-13,0
837.7,0.055,0.055,-8.98428682782e-14,0
837.7,0.05,0.06,-4.72893565621e-14,0
837.7,0.05,0.065,1.89733405736e-14,0
837.7,0.055,0.06,-4.85907992043e-14,0
837.7,0.055,0.065,9.0708330446e-15,0
837.7,0.05,0.07,9.33955261652e-14,0
837.7,0.05,0.075,1.71479131215e-13,0
837.7,0.055,0.07,8.04301595147e-14,0
837.7,0.055,0.075,1.57566332308e-13,0
837.7,0.06,-0.075,2.95972464038e-13,0
837.7,0.06,-0.07,1.78135841178e-13,0
837.7,0.065,-0.075,1.62663445964e-13,0
837.7,0.065,-0.07,3.24014866856e-14,0
837.7,0.06,-0.065,8.57743599698e-14,0
837.7,0.065,-0.065,-7.55959543259e-14,0
837.7,0.06,-0.06,1.707231784e-14,0
837.7,0.065,-0.06,-1.4846767114e-13,0
837.7,0.06,-0.055,-2.2882142262e-14,0
837.7,0.065,-0.055,-1.51851135975e-13,0
837.7,0.06,-0.05,-2.36966837114e-14,0
837.7,0.065,-0.05,-8.66151017086e-14,0
837.7,0.06,-0.045,9.78015623438e-15,0
837.7,0.065,-0.045,1.64552693573e-14,0
837.7,0.06,-0.04,4.64067573367e-14,0
837.7,0.065,-0.04,1.10528616702e-13,0
837.7,0.06,-0.035,5.88921015742e-14,0
837.7,0.065,-0.035,1.61319337437e-13,0
837.7,0.06,-0.03,4.23643306396e-14,0
837.7,0.065,-0.03,1.58795417007e-13,0
837.7,0.06,-0.025,1.56561207918e-15,0
837.7,0.065,-0.025,1.0938694081e-13,0
837.7,0.06,-0.02,-5.47847482565e-14,0
837.7,0.065,-0.02,3.31841000058e-14,0
837.7,0.06,-0.015,-1.0865134117e-13,0
837.7,0.065,-0.015,-3.67333518721e-14,0
837.7,0.06,-0.01,-1.38880804196e-13,0
837.7,0.065,-0.01,-8.02398663274e-14,0
837.7,0.06,-0.005,-1.4020377305e-13,0
837.7,0.065,-0.005,-9.09024602979e-14,0
837.7,0.06,0,-1.2408117842e-13,0
837.7,0.065,4.16333634234e-19,-7.75166844696e-14,0
837.7,0.06,0.005,-1.01777791436e-13,0
837.7,0.065,0.005,-5.39440595609e-14,0
837.7,0.06,0.01,-6.8571786083e-14,0
837.7,0.065,0.01,-2.01995201319e-14,0
837.7,0.06,0.015,-3.11819300863e-14,0
837.7,0.065,0.015,1.70741960618e-14,0
837.7,0.06,0.02,-3.17957526149e-15,0
837.7,0.065,0.02,4.95182952806e-14,0
837.7,0.06,0.025,1.32901010628e-14,0
837.7,0.065,0.025,7.45775612451e-14,0
837.7,0.06,0.03,1.44357003233e-14,0
837.7,0.065,0.03,8.68814736357e-14,0
837.7,0.06,0.035,4.23291839285e-15,0
837.7,0.065,0.035,8.70566504707e-14,0
837.7,0.06,0.04,-1.6287914698e-14,0
837.7,0.065,0.04,7.38815591603e-14,0
837.7,0.06,0.045,-4.53836933166e-14,0
837.7,0.065,0.045,4.24179717201e-14,0
837.7,0.06,0.05,-6.95186778793e-14,0
837.7,0.065,0.05,-5.67445499242e-16,0
837.7,0.06,0.055,-6.98186167698e-14,0
837.7,0.065,0.055,-3.50657859288e-14,0
837.7,0.06,0.06,-4.73528834262e-14,0
837.7,0.06,0.065,-9.88113665321e-15,0
837.7,0.065,0.06,-4.39501804117e-14,0
837.7,0.065,0.065,-3.56049147453e-14,0
837.7,0.06,0.07,4.36839282519e-14,0
837.7,0.06,0.075,1.05305778437e-13,0
837.7,0.065,0.07,-1.5073400476e-14,0
837.7,0.065,0.075,1.56524808632e-14,0
837.7,0.07,-0.075,-8.37143537719e-14,0
837.7,0.07,-0.07,-2.23957486787e-13,0
837.7,0.075,-0.075,-4.12292921326e-13,0
837.7,0.075,-0.07,-5.50814298215e-13,0
837.7,0.07,-0.065,-3.34186199301e-13,0
837.7,0.075,-0.065,-6.50933923693e-13,0
837.7,0.07,-0.06,-3.81390483617e-13,0
837.7,0.075,-0.06,-6.57434062276e-13,0
837.7,0.07,-0.055,-3.26239868615e-13,0
837.7,0.075,-0.055,-5.29573417838e-13,0
837.7,0.07,-0.05,-1.74789703937e-13,0
837.7,0.075,-0.05,-2.75710926131e-13,0
837.7,0.07,-0.045,1.90151395463e-14,0
837.7,0.075,-0.045,2.75447366765e-14,0
837.7,0.07,-0.04,1.86922186718e-13,0
837.7,0.075,-0.04,2.76821798987e-13,0
837.7,0.07,-0.035,2.8388327287e-13,0
837.7,0.075,-0.035,4.24381445162e-13,0
837.7,0.07,-0.03,2.98220620693e-13,0
837.7,0.075,-0.03,4.56208010694e-13,0
837.7,0.07,-0.025,2.48239481357e-13,0
837.7,0.075,-0.025,4.03422366053e-13,0
837.7,0.07,-0.02,1.46679587052e-13,0
837.7,0.075,-0.02,2.67586060601e-13,0
837.7,0.07,-0.015,4.67511282052e-14,0
837.7,0.075,-0.015,1.26997290649e-13,0
837.7,0.07,-0.01,-1.05354929278e-14,0
837.7,0.075,-0.01,5.43930656084e-14,0
837.7,0.07,-0.005,-3.16693283999e-14,0
837.7,0.075,-0.005,2.51039652142e-14,0
837.7,0.07,0,-2.24304952011e-14,0
837.7,0.075,0,3.21474940438e-14,0
837.7,0.07,0.005,1.68692506922e-15,0
837.7,0.075,0.005,5.71556764535e-14,0
837.7,0.07,0.01,3.66405272906e-14,0
837.7,0.075,0.01,9.48886898404e-14,0
837.7,0.07,0.015,7.59418278243e-14,0
837.7,0.075,0.015,1.38772110937e-13,0
837.7,0.07,0.02,1.14077596167e-13,0
837.7,0.075,0.02,1.82971662223e-13,0
837.7,0.07,0.025,1.49704419338e-13,0
837.7,0.075,0.025,2.27238130352e-13,0
837.7,0.07,0.03,1.82299260511e-13,0
837.7,0.075,0.03,2.87044570024e-13,0
837.7,0.07,0.035,2.00013180816e-13,0
837.7,0.075,0.035,3.27938077571e-13,0
837.7,0.07,0.04,1.92325296473e-13,0
837.7,0.075,0.04,3.25558031939e-13,0
837.7,0.07,0.045,1.54859930097e-13,0
837.7,0.075,0.045,2.79804747461e-13,0
837.7,0.07,0.05,8.98482030007e-14,0
837.7,0.075,0.05,1.87084724109e-13,0
837.7,0.07,0.055,1.72729480492e-14,0
837.7,0.075,0.055,7.21322016421e-14,0
837.7,0.07,0.06,-3.77091926044e-14,0
837.7,0.075,0.06,-3.16584137575e-14,0
837.7,0.07,0.065,-6.98345911381e-14,0
837.7,0.075,0.065,-1.06733064156e-13,0
837.7,0.07,0.07,-8.25288021916e-14,0
837.7,0.07,0.075,-8.13842475812e-14,0
837.7,0.075,0.07,-1.49867794949e-13,0
837.7,0.075,0.075,-1.68338262839e-13,0
882.6,-0.00382671281566,-0.00202612167119,0,0
882.6,-0.005,-0.005,2.96279673882e-14,0
882.6,-0.00197892066871,-0.00385133392306,0,0
882.6,-0.005,-0.00190753787223,1.55591683722e-14,0
882.6,-0.00433,0,0,0
882.6,-0.00190753787223,-0.005,1.61145454289e-14,0
882.6,0,-0.00433,0,0
882.6,-0.005,0.00190775150599,1.48240412044e-14,0
882.6,-0.00385133392306,0.00197892066871,0,0
882.6,0.00190775150599,-0.005,1.59136320864e-14,0
882.6,0.00202612167119,-0.00382671281566,0,0
882.6,-0.00202612167119,0.00382671281566,0,0
882.6,-0.005,0.005,2.39720881243e-14,0
882.6,-0.0019094272225,0.005,1.5521594068e-14,0
882.6,0,0.00433,0,0
882.6,0.00147766755988,0.00407006125046,0,0
882.6,8.32667268469e-19,0.005,1.11329538251e-14,0
882.6,0.00433,0,0,0
882.6,0.005,1.38777878078e-18,1.10549663129e-14,0
882.6,0.00407006125046,0.00147766755988,0,0
882.6,0.005,-0.005,2.81508994118e-14,0
882.6,0.00385133392306,-0.00197892066871,0,0
882.6,0.005,-0.0019094272225,1.52940135361e-14,0
882.6,0.00306177236254,0.00306177236254,0,0
882.6,0.0019094272225,0.005,1.55423948086e-14,0
882.6,0.005,0.0019094272225,1.47531742011e-14,0
882.6,-0.000885,-0.0015328649647,1.27173202596e-12,0
882.6,-0.0015328649647,-0.000885,1.27185445968e-12,0
882.6,-0.00186450691264,-0.00187567167242,8.43164803553e-13,0
882.6,-0.00177,0,1.27154602957e-12,0
882.6,-0.00268433516245,-0.000738983120158,7.59232248489e-13,0
882.6,0,-0.00177,1.27169347936e-12,0
882.6,-0.000718432264205,-0.00269192408424,7.57525749755e-13,0
882.6,-0.0015328649647,0.000885,1.27004112396e-12,0
882.6,-0.00265321485144,0.000647311733689,7.90020274966e-13,0
882.6,-0.000885,0.0015328649647,1.2684129266e-12,0
882.6,-0.00194719253591,0.00178443766524,8.44090983311e-13,0
882.6,0,0.00177,1.26430557318e-12,0
882.6,-0.000802720381054,0.00273415977115,7.17618307126e-13,0
882.6,0.000885,-0.0015328649647,1.27038189431e-12,0
882.6,0.00075154031863,-0.00270385456952,7.45413638002e-13,0
882.6,0.00177,0,1.2626450414e-12,0
882.6,0.0015328649647,-0.000885,1.26822873307e-12,0
882.6,0.00271471102228,-0.000564731152102,7.61039563815e-13,0
882.6,0.00192394637685,-0.00189207206672,8.10229779424e-13,0
882.6,0.00231817117671,0.00040530921667,9.8807335294e-13,0
882.6,0.0015328649647,0.000885,1.26091067195e-12,0
882.6,0.000885,0.0015328649647,1.2616158642e-12,0
882.6,0.000427053001345,0.00287092483521,6.82301620052e-13,0
882.6,0.00187618296239,0.00184774001435,8.33477182809e-13,0
882.6,0.00312733402203,0.000607809752493,5.19283957736e-13,0
882.6,0.00276214303706,0.00136595635004,5.76953833712e-13,0
882.6,0.0014100336009,0.00268674970267,6.04870756374e-13,0
882.6,-0.075,-0.075,2.24432755987e-14,0
882.6,-0.07,-0.075,1.28304776381e-13,0
882.6,-0.075,-0.07,-9.26572000462e-14,0
882.6,-0.07,-0.07,2.12351411816e-14,0
882.6,-0.075,-0.065,-1.98858726178e-13,0
882.6,-0.07,-0.065,-7.50023146499e-14,0
882.6,-0.065,-0.075,2.05126629333e-13,0
882.6,-0.065,-0.07,1.14246775012e-13,0
882.6,-0.065,-0.065,3.23467077953e-14,0
882.6,-0.075,-0.06,-2.73584638411e-13,0
882.6,-0.07,-0.06,-1.45288216217e-13,0
882.6,-0.065,-0.06,-3.72932139171e-14,0
882.6,-0.075,-0.055,-3.01808970929e-13,0
882.6,-0.07,-0.055,-1.76546695513e-13,0
882.6,-0.065,-0.055,-7.44230728616e-14,0
882.6,-0.075,-0.05,-2.72840421584e-13,0
882.6,-0.07,-0.05,-1.71052722452e-13,0
882.6,-0.065,-0.05,-8.32568538651e-14,0
882.6,-0.075,-0.045,-2.07944156856e-13,0
882.6,-0.07,-0.045,-1.41583446534e-13,0
882.6,-0.065,-0.045,-7.78869157715e-14,0
882.6,-0.075,-0.04,-1.49642768347e-13,0
882.6,-0.07,-0.04,-1.04636994589e-13,0
882.6,-0.075,-0.035,-8.90274553044e-14,0
882.6,-0.07,-0.035,-6.53461548028e-14,0
882.6,-0.065,-0.04,-6.17335488225e-14,0
882.6,-0.065,-0.035,-4.0899607272e-14,0
882.6,-0.075,-0.03,-2.68360179518e-14,0
882.6,-0.07,-0.03,-2.63900963945e-14,0
882.6,-0.075,-0.025,2.99731779157e-14,0
882.6,-0.07,-0.025,1.02222409709e-14,0
882.6,-0.065,-0.03,-2.16726146568e-14,0
882.6,-0.065,-0.025,-3.18195115789e-15,0
882.6,-0.075,-0.02,7.29107660742e-14,0
882.6,-0.07,-0.02,4.2646644911e-14,0
882.6,-0.075,-0.015,1.12609827625e-13,0
882.6,-0.07,-0.015,7.09800671476e-14,0
882.6,-0.065,-0.02,1.61648874387e-14,0
882.6,-0.065,-0.015,3.08928140103e-14,0
882.6,-0.075,-0.01,1.49768171796e-13,0
882.6,-0.07,-0.01,9.38517424407e-14,0
882.6,-0.075,-0.005,1.74611734313e-13,0
882.6,-0.07,-0.005,1.078809257e-13,0
882.6,-0.065,-0.01,3.90517494005e-14,0
882.6,-0.065,-0.005,4.16061454477e-14,0
882.6,-0.075,0,1.83631174715e-13,0
882.6,-0.07,0,1.12219695862e-13,0
882.6,-0.075,0.005,1.78096731605e-13,0
882.6,-0.07,0.005,1.07531163309e-13,0
882.6,-0.065,4.16333634234e-19,4.19529099849e-14,0
882.6,-0.065,0.005,3.75743802346e-14,0
882.6,-0.075,0.01,1.33712654729e-13,0
882.6,-0.07,0.01,8.44994164741e-14,0
882.6,-0.075,0.015,6.87606017111e-14,0
882.6,-0.07,0.015,4.81174042854e-14,0
882.6,-0.065,0.01,3.22772138599e-14,0
882.6,-0.065,0.015,2.27192430092e-14,0
882.6,-0.075,0.02,2.22367402338e-14,0
882.6,-0.07,0.02,1.26247776421e-14,0
882.6,-0.075,0.025,-2.82366245676e-14,0
882.6,-0.07,0.025,-2.62988094761e-14,0
882.6,-0.065,0.02,4.18413366547e-15,0
882.6,-0.065,0.025,-1.69384054563e-14,0
882.6,-0.075,0.03,-1.28585013665e-13,0
882.6,-0.07,0.03,-8.25456050176e-14,0
882.6,-0.075,0.035,-2.6229971219e-13,0
882.6,-0.07,0.035,-1.53755645365e-13,0
882.6,-0.065,0.03,-3.49125954277e-14,0
882.6,-0.065,0.035,-5.4889410582e-14,0
882.6,-0.075,0.04,-3.94616792865e-13,0
882.6,-0.07,0.04,-2.2469055752e-13,0
882.6,-0.075,0.045,-4.82154562669e-13,0
882.6,-0.07,0.045,-2.74029279419e-13,0
882.6,-0.065,0.04,-7.74451961768e-14,0
882.6,-0.065,0.045,-9.3531957347e-14,0
882.6,-0.075,0.05,-4.86707153755e-13,0
882.6,-0.07,0.05,-2.79390497568e-13,0
882.6,-0.075,0.055,-3.92471206202e-13,0
882.6,-0.07,0.055,-2.20045920614e-13,0
882.6,-0.065,0.05,-9.58170849574e-14,0
882.6,-0.065,0.055,-6.61451467855e-14,0
882.6,-0.075,0.06,-2.12242251032e-13,0
882.6,-0.07,0.06,-1.0499090351e-13,0
882.6,-0.075,0.065,1.07737356207e-14,0
882.6,-0.07,0.065,3.833429992e-14,0
882.6,-0.065,0.06,-1.27498021493e-14,0
882.6,-0.065,0.065,5.17034932653e-14,0
882.6,-0.075,0.07,2.2766842632e-13,0
882.6,-0.07,0.07,1.83753532645e-13,0
882.6,-0.075,0.075,4.11040996897e-13,0
882.6,-0.07,0.075,3.19127425371e-13,0
882.6,-0.065,0.07,1.17203431017e-13,0
882.6,-0.065,0.075,1.80336612736e-13,0
882.6,-0.06,-0.075,2.13065386588e-13,0
882.6,-0.06,-0.07,1.59307163327e-13,0
882.6,-0.06,-0.065,1.05605356966e-13,0
882.6,-0.055,-0.075,1.51473334818e-13,0
882.6,-0.055,-0.07,1.40750367463e-13,0
882.6,-0.055,-0.065,1.23892945565e-13,0
882.6,-0.06,-0.06,4.01583598413e-14,0
882.6,-0.06,-0.055,-7.89745235208e-15,0
882.6,-0.055,-0.06,8.15538929415e-14,0
882.6,-0.055,-0.055,4.01073682107e-14,0
882.6,-0.06,-0.05,-2.38679821634e-14,0
882.6,-0.055,-0.05,2.16706307017e-14,0
882.6,-0.06,-0.045,-2.84360083009e-14,0
882.6,-0.055,-0.045,1.13817264733e-14,0
882.6,-0.06,-0.04,-2.52255656581e-14,0
882.6,-0.055,-0.04,6.07066098673e-15,0
882.6,-0.06,-0.035,-1.87282852218e-14,0
882.6,-0.055,-0.035,2.83826669662e-15,0
882.6,-0.06,-0.03,-1.17289416749e-14,0
882.6,-0.06,-0.025,-6.09192691733e-15,0
882.6,-0.055,-0.03,1.53145820612e-16,0
882.6,-0.055,-0.025,-4.51999499203e-15,0
882.6,-0.06,-0.02,-3.06326351079e-15,0
882.6,-0.06,-0.015,-5.11061051428e-15,0
882.6,-0.055,-0.02,-1.6266773459e-14,0
882.6,-0.055,-0.015,-3.44505209448e-14,0
882.6,-0.06,-0.01,-1.49796481184e-14,0
882.6,-0.06,-0.005,-2.85668828452e-14,0
882.6,-0.055,-0.01,-6.00067358439e-14,0
882.6,-0.055,-0.005,-8.75228459266e-14,0
882.6,-0.06,0,-3.64374896326e-14,0
882.6,-0.06,0.005,-3.32146166966e-14,0
882.6,-0.055,4.16333634234e-19,-1.043769209e-13,0
882.6,-0.055,0.005,-9.67045863696e-14,0
882.6,-0.06,0.01,-2.30299975972e-14,0
882.6,-0.06,0.015,-1.20837218197e-14,0
882.6,-0.055,0.01,-7.46242275816e-14,0
882.6,-0.055,0.015,-4.56163014782e-14,0
882.6,-0.06,0.02,-3.82985385936e-15,0
882.6,-0.06,0.025,2.9961077772e-15,0
882.6,-0.055,0.02,-1.23856519023e-14,0
882.6,-0.055,0.025,1.91050586589e-14,0
882.6,-0.06,0.03,1.07795445176e-14,0
882.6,-0.06,0.035,1.75893292161e-14,0
882.6,-0.055,0.03,4.67112386244e-14,0
882.6,-0.055,0.035,7.23839679993e-14,0
882.6,-0.06,0.04,2.30177591197e-14,0
882.6,-0.06,0.045,3.06578268971e-14,0
882.6,-0.055,0.04,9.35968345853e-14,0
882.6,-0.055,0.045,1.08669224226e-13,0
882.6,-0.06,0.05,4.18896387237e-14,0
882.6,-0.06,0.055,4.91806616786e-14,0
882.6,-0.055,0.05,1.15325288395e-13,0
882.6,-0.055,0.055,1.01497659141e-13,0
882.6,-0.06,0.06,5.02273433228e-14,0
882.6,-0.06,0.065,4.51248509293e-14,0
882.6,-0.055,0.06,6.97559858232e-14,0
882.6,-0.055,0.065,2.08698124785e-14,0
882.6,-0.06,0.07,3.06035297299e-14,0
882.6,-0.06,0.075,1.16980373919e-14,0
882.6,-0.055,0.07,-4.2675269025e-14,0
882.6,-0.055,0.075,-1.13965277757e-13,0
882.6,-0.05,-0.075,8.72422761017e-14,0
882.6,-0.05,-0.07,9.10257246348e-14,0
882.6,-0.045,-0.075,2.06913283228e-14,0
882.6,-0.045,-0.07,3.83159297595e-14,0
882.6,-0.05,-0.065,9.27586625963e-14,0
882.6,-0.045,-0.065,5.34647839818e-14,0
882.6,-0.05,-0.06,8.31852582572e-14,0
882.6,-0.05,-0.055,6.4299130875e-14,0
882.6,-0.045,-0.06,6.30261682439e-14,0
882.6,-0.045,-0.055,6.34988481884e-14,0
882.6,-0.05,-0.05,5.04703086639e-14,0
882.6,-0.05,-0.045,3.95593037325e-14,0
882.6,-0.045,-0.05,6.04025630441e-14,0
882.6,-0.045,-0.045,5.50250146407e-14,0
882.6,-0.05,-0.04,3.0952447316e-14,0
882.6,-0.045,-0.04,4.80933614023e-14,0
882.6,-0.05,-0.035,2.30920433254e-14,0
882.6,-0.045,-0.035,3.99499792744e-14,0
882.6,-0.05,-0.03,1.3525683471e-14,0
882.6,-0.045,-0.03,2.70803796097e-14,0
882.6,-0.05,-0.025,5.7701187825e-16,0
882.6,-0.045,-0.025,7.04343530622e-15,0
882.6,-0.05,-0.02,-2.53751926926e-14,0
882.6,-0.05,-0.015,-5.8272667766e-14,0
882.6,-0.045,-0.02,-2.80015036519e-14,0
882.6,-0.045,-0.015,-7.09886584449e-14,0
882.6,-0.05,-0.01,-9.1077159947e-14,0
882.6,-0.05,-0.005,-1.24916150223e-13,0
882.6,-0.045,-0.01,-1.11318098166e-13,0
882.6,-0.045,-0.005,-1.48066503277e-13,0
882.6,-0.05,0,-1.4804000126e-13,0
882.6,-0.05,0.005,-1.43490093351e-13,0
882.6,-0.045,4.16333634234e-19,-1.72264673885e-13,0
882.6,-0.045,0.005,-1.69284042662e-13,0
882.6,-0.05,0.01,-1.14852964433e-13,0
882.6,-0.05,0.015,-7.08846596457e-14,0
882.6,-0.045,0.01,-1.40250180078e-13,0
882.6,-0.045,0.015,-9.02691417835e-14,0
882.6,-0.05,0.02,-2.12468204133e-14,0
882.6,-0.05,0.025,2.59512889092e-14,0
882.6,-0.045,0.02,-3.05345791327e-14,0
882.6,-0.045,0.025,2.57145991713e-14,0
882.6,-0.05,0.03,6.68381003727e-14,0
882.6,-0.05,0.035,1.03121023422e-13,0
882.6,-0.045,0.03,7.10748137853e-14,0
882.6,-0.045,0.035,1.09831321471e-13,0
882.6,-0.05,0.04,1.30069197343e-13,0
882.6,-0.05,0.045,1.39881141221e-13,0
882.6,-0.045,0.04,1.36353342473e-13,0
882.6,-0.045,0.045,1.40733909024e-13,0
882.6,-0.05,0.05,1.31329747391e-13,0
882.6,-0.05,0.055,1.04399431778e-13,0
882.6,-0.045,0.05,1.25244217155e-13,0
882.6,-0.045,0.055,9.5186479784e-14,0
882.6,-0.05,0.06,5.69314990873e-14,0
882.6,-0.05,0.065,-8.81576995263e-15,0
882.6,-0.045,0.06,4.101804006e-14,0
882.6,-0.045,0.065,-3.56435660647e-14,0
882.6,-0.05,0.07,-8.45677238831e-14,0
882.6,-0.05,0.075,-1.64381880134e-13,0
882.6,-0.045,0.07,-1.20897648161e-13,0
882.6,-0.045,0.075,-2.08435273578e-13,0
882.6,-0.04,-0.075,-4.10584924806e-14,0
882.6,-0.04,-0.07,-1.29545867944e-14,0
882.6,-0.035,-0.075,-9.56857787969e-14,0
882.6,-0.035,-0.07,-5.93996969732e-14,0
882.6,-0.04,-0.065,1.32747520814e-14,0
882.6,-0.035,-0.065,-2.49501446272e-14,0
882.6,-0.04,-0.06,3.63280302838e-14,0
882.6,-0.035,-0.06,7.90756782322e-15,0
882.6,-0.04,-0.055,5.14434313141e-14,0
882.6,-0.035,-0.055,3.58266316375e-14,0
882.6,-0.04,-0.05,5.83945938375e-14,0
882.6,-0.04,-0.045,6.05638929211e-14,0
882.6,-0.035,-0.05,5.33860928787e-14,0
882.6,-0.035,-0.045,6.23199604327e-14,0
882.6,-0.04,-0.04,5.8212645225e-14,0
882.6,-0.04,-0.035,5.25837425214e-14,0
882.6,-0.035,-0.04,6.43280937616e-14,0
882.6,-0.035,-0.035,6.06192857305e-14,0
882.6,-0.04,-0.03,3.95978744646e-14,0
882.6,-0.035,-0.03,4.91247649388e-14,0
882.6,-0.04,-0.025,1.60500367841e-14,0
882.6,-0.035,-0.025,2.82045780171e-14,0
882.6,-0.04,-0.02,-2.04726084045e-14,0
882.6,-0.035,-0.02,-4.95980395818e-15,0
882.6,-0.04,-0.015,-6.56746586998e-14,0
882.6,-0.035,-0.015,-4.5759853195e-14,0
882.6,-0.04,-0.01,-1.09986975248e-13,0
882.6,-0.04,-0.005,-1.45908769851e-13,0
882.6,-0.035,-0.01,-8.40073144477e-14,0
882.6,-0.035,-0.005,-1.14675736022e-13,0
882.6,-0.04,0,-1.67569451921e-13,0
882.6,-0.04,0.005,-1.68942333483e-13,0
882.6,-0.035,4.16333634234e-19,-1.34531320399e-13,0
882.6,-0.035,0.005,-1.40976693e-13,0
882.6,-0.04,0.01,-1.46425931577e-13,0
882.6,-0.04,0.015,-1.01836272233e-13,0
882.6,-0.035,0.01,-1.29245894715e-13,0
882.6,-0.035,0.015,-9.81670348286e-14,0
882.6,-0.04,0.02,-3.97862923525e-14,0
882.6,-0.04,0.025,1.95921897927e-14,0
882.6,-0.035,0.02,-4.589285851e-14,0
882.6,-0.035,0.025,8.06227883167e-15,0
882.6,-0.04,0.03,6.30212737555e-14,0
882.6,-0.04,0.035,9.97437333666e-14,0
882.6,-0.035,0.03,4.79882429712e-14,0
882.6,-0.035,0.035,8.11314330398e-14,0
882.6,-0.04,0.04,1.23166323454e-13,0
882.6,-0.04,0.045,1.25413996811e-13,0
882.6,-0.035,0.04,1.02690292634e-13,0
882.6,-0.035,0.045,1.07201072129e-13,0
882.6,-0.04,0.05,1.08587496047e-13,0
882.6,-0.04,0.055,7.8959000834e-14,0
882.6,-0.035,0.05,9.29187876328e-14,0
882.6,-0.035,0.055,6.19111477702e-14,0
882.6,-0.04,0.06,2.32839073381e-14,0
882.6,-0.04,0.065,-5.74631304327e-14,0
882.6,-0.035,0.06,6.57166621232e-15,0
882.6,-0.035,0.065,-7.11916853249e-14,0
882.6,-0.04,0.07,-1.48688345895e-13,0
882.6,-0.04,0.075,-2.44281174512e-13,0
882.6,-0.035,0.07,-1.62723963554e-13,0
882.6,-0.035,0.075,-2.60834081698e-13,0
882.6,-0.03,-0.075,-1.39947166624e-13,0
882.6,-0.03,-0.07,-9.88159693103e-14,0
882.6,-0.025,-0.075,-1.75410283143e-13,0
882.6,-0.025,-0.07,-1.3108616499e-13,0
882.6,-0.03,-0.065,-5.95717382289e-14,0
882.6,-0.025,-0.065,-8.86747650031e-14,0
882.6,-0.03,-0.06,-2.14176018196e-14,0
882.6,-0.025,-0.06,-4.755202128e-14,0
882.6,-0.03,-0.055,1.39751739409e-14,0
882.6,-0.025,-0.055,-8.86154000336e-15,0
882.6,-0.03,-0.05,4.21762178752e-14,0
882.6,-0.025,-0.05,2.46095621215e-14,0
882.6,-0.03,-0.045,5.84029440613e-14,0
882.6,-0.025,-0.045,4.59736772308e-14,0
882.6,-0.03,-0.04,6.50333570173e-14,0
882.6,-0.03,-0.035,6.48418106255e-14,0
882.6,-0.025,-0.04,5.77129198904e-14,0
882.6,-0.025,-0.035,6.41742128312e-14,0
882.6,-0.03,-0.03,5.63479757461e-14,0
882.6,-0.03,-0.025,4.0502412882e-14,0
882.6,-0.025,-0.03,6.19785694121e-14,0
882.6,-0.025,-0.025,5.16307127357e-14,0
882.6,-0.03,-0.02,1.47877888061e-14,0
882.6,-0.025,-0.02,3.36851081474e-14,0
882.6,-0.03,-0.015,-1.7924004505e-14,0
882.6,-0.025,-0.015,9.27862561444e-15,0
882.6,-0.03,-0.01,-4.96952643053e-14,0
882.6,-0.025,-0.01,-1.6616109891e-14,0
882.6,-0.03,-0.005,-7.63028807795e-14,0
882.6,-0.025,-0.005,-3.94464694393e-14,0
882.6,-0.03,0,-9.47756940529e-14,0
882.6,-0.03,0.005,-1.0381605144e-13,0
882.6,-0.025,4.16333634234e-19,-5.69741835578e-14,0
882.6,-0.025,0.005,-6.77084517084e-14,0
882.6,-0.03,0.01,-9.99725763163e-14,0
882.6,-0.03,0.015,-8.23102146783e-14,0
882.6,-0.025,0.01,-7.07737638441e-14,0
882.6,-0.025,0.015,-6.51823428712e-14,0
882.6,-0.03,0.02,-4.73762860843e-14,0
882.6,-0.03,0.025,-5.71609277984e-15,0
882.6,-0.025,0.02,-4.76815172629e-14,0
882.6,-0.025,0.025,-2.06679859415e-14,0
882.6,-0.03,0.03,2.85199129797e-14,0
882.6,-0.03,0.035,5.78968766016e-14,0
882.6,-0.025,0.03,6.69579352777e-15,0
882.6,-0.025,0.035,3.23956089338e-14,0
882.6,-0.03,0.04,7.84731525726e-14,0
882.6,-0.03,0.045,8.68045913061e-14,0
882.6,-0.025,0.04,5.33221946414e-14,0
882.6,-0.025,0.045,6.51227024925e-14,0
882.6,-0.03,0.05,7.79188912717e-14,0
882.6,-0.03,0.055,4.86674755889e-14,0
882.6,-0.025,0.05,6.28929220538e-14,0
882.6,-0.025,0.055,4.15240988099e-14,0
882.6,-0.03,0.06,-3.25068397081e-15,0
882.6,-0.03,0.065,-7.55506661992e-14,0
882.6,-0.025,0.06,-3.45724038444e-15,0
882.6,-0.025,0.065,-6.9418610757e-14,0
882.6,-0.03,0.07,-1.63060473709e-13,0
882.6,-0.03,0.075,-2.5918124804e-13,0
882.6,-0.025,0.07,-1.50480454459e-13,0
882.6,-0.025,0.075,-2.42318470368e-13,0
882.6,-0.02,-0.075,-1.93127658412e-13,0
882.6,-0.02,-0.07,-1.4828283543e-13,0
882.6,-0.015,-0.075,-1.80579704352e-13,0
882.6,-0.015,-0.07,-1.43328490041e-13,0
882.6,-0.02,-0.065,-1.06774876019e-13,0
882.6,-0.015,-0.065,-1.11840389927e-13,0
882.6,-0.02,-0.06,-6.63759739743e-14,0
882.6,-0.015,-0.06,-7.71828341222e-14,0
882.6,-0.02,-0.055,-2.79956782317e-14,0
882.6,-0.015,-0.055,-4.11849675459e-14,0
882.6,-0.02,-0.05,5.63430408109e-15,0
882.6,-0.015,-0.05,-1.20902540433e-14,0
882.6,-0.02,-0.045,2.95602184271e-14,0
882.6,-0.015,-0.045,1.09866014046e-14,0
882.6,-0.02,-0.04,4.48502188336e-14,0
882.6,-0.015,-0.04,2.88689063198e-14,0
882.6,-0.02,-0.035,5.72744249937e-14,0
882.6,-0.015,-0.035,4.53656123803e-14,0
882.6,-0.02,-0.03,6.32277783154e-14,0
882.6,-0.02,-0.025,6.00343710547e-14,0
882.6,-0.015,-0.03,5.88208382325e-14,0
882.6,-0.015,-0.025,6.35429662129e-14,0
882.6,-0.02,-0.02,4.91622988679e-14,0
882.6,-0.02,-0.015,3.23347105445e-14,0
882.6,-0.015,-0.02,6.00070289689e-14,0
882.6,-0.015,-0.015,4.98307414265e-14,0
882.6,-0.02,-0.01,1.26847806063e-14,0
882.6,-0.015,-0.01,3.50992945239e-14,0
882.6,-0.02,-0.005,-5.83408622306e-15,0
882.6,-0.015,-0.005,1.98268245535e-14,0
882.6,-0.02,0,-2.16146288618e-14,0
882.6,-0.015,4.16333634234e-19,6.70441695457e-15,0
882.6,-0.02,0.005,-3.45405781726e-14,0
882.6,-0.015,0.005,-5.74668757154e-15,0
882.6,-0.02,0.01,-4.41540495444e-14,0
882.6,-0.02,0.015,-4.97932041191e-14,0
882.6,-0.015,0.01,-2.05873723453e-14,0
882.6,-0.015,0.015,-3.68510179227e-14,0
882.6,-0.02,0.02,-4.83746819982e-14,0
882.6,-0.02,0.025,-3.64222217174e-14,0
882.6,-0.015,0.02,-5.12480882194e-14,0
882.6,-0.015,0.025,-5.46549824262e-14,0
882.6,-0.02,0.03,-1.71289155482e-14,0
882.6,-0.02,0.035,4.36286579788e-15,0
882.6,-0.015,0.03,-4.37591425629e-14,0
882.6,-0.015,0.035,-2.6675872077e-14,0
882.6,-0.02,0.04,2.52167370679e-14,0
882.6,-0.02,0.045,4.10419924613e-14,0
882.6,-0.015,0.04,-6.22395908146e-15,0
882.6,-0.015,0.045,1.41360793644e-14,0
882.6,-0.02,0.05,4.69527250976e-14,0
882.6,-0.02,0.055,3.93500944671e-14,0
882.6,-0.015,0.05,3.01677601788e-14,0
882.6,-0.015,0.055,3.84894561631e-14,0
882.6,-0.02,0.06,9.48305457876e-15,0
882.6,-0.02,0.065,-4.1863992742e-14,0
882.6,-0.015,0.06,3.20261372391e-14,0
882.6,-0.015,0.065,6.71759391897e-15,0
882.6,-0.02,0.07,-1.0811554755e-13,0
882.6,-0.02,0.075,-1.8561182629e-13,0
882.6,-0.015,0.07,-3.271987799e-14,0
882.6,-0.015,0.075,-8.27529805193e-14,0
882.6,-0.01,-0.075,-1.13867067254e-13,0
882.6,-0.01,-0.07,-9.94469572026e-14,0
882.6,-0.005,-0.075,-2.19913645046e-15,0
882.6,-0.005,-0.07,-1.99995654809e-14,0
882.6,-0.01,-0.065,-8.95302303401e-14,0
882.6,-0.005,-0.065,-3.71636210315e-14,0
882.6,-0.01,-0.06,-7.22589667066e-14,0
882.6,-0.005,-0.06,-4.96536459251e-14,0
882.6,-0.01,-0.055,-4.74288476552e-14,0
882.6,-0.005,-0.055,-4.82711747177e-14,0
882.6,-0.01,-0.05,-2.63908837063e-14,0
882.6,-0.005,-0.05,-3.79772184744e-14,0
882.6,-0.01,-0.045,-7.58547737891e-15,0
882.6,-0.005,-0.045,-2.62068141385e-14,0
882.6,-0.01,-0.04,9.7332281864e-15,0
882.6,-0.005,-0.04,-1.25912146412e-14,0
882.6,-0.01,-0.035,2.77401624829e-14,0
882.6,-0.005,-0.035,3.63805501666e-15,0
882.6,-0.01,-0.03,4.74053800428e-14,0
882.6,-0.005,-0.03,2.86295023162e-14,0
882.6,-0.01,-0.025,6.1339765732e-14,0
882.6,-0.005,-0.025,5.36710632837e-14,0
882.6,-0.01,-0.02,6.54113217662e-14,0
882.6,-0.01,-0.015,6.06307655805e-14,0
882.6,-0.005,-0.02,6.70304653237e-14,0
882.6,-0.005,-0.015,6.66106023709e-14,0
882.6,-0.0117873230072,-0.0115873794689,4.92469974947e-14,0
882.6,-0.00939961996336,-0.005,3.36455292229e-14,0
882.6,-0.00792797428371,-0.00964253216809,4.96065209209e-14,0
882.6,-0.005,-0.00939961996336,5.08959674065e-14,0
882.6,-0.0108753492546,-0.00150606400588,2.34244001535e-14,0
882.6,-0.00818101620308,-0.00211452602544,2.6713257219e-14,0
882.6,-0.00651817360753,-0.000255934956239,2.1142685681e-14,0
882.6,-0.005,6.71033969428e-08,1.12212049966e-14,0
882.6,-0.0107292118043,0.00160660295843,1.83749275217e-14,0
882.6,-0.0080188992252,0.000768320427092,2.27622396737e-14,0
882.6,-0.00939946851065,0.005,1.74359853368e-14,0
882.6,-0.00802129342231,0.00264911934363,2.19547003049e-14,0
882.6,-0.00887989370213,0.00887989479405,8.26247525618e-15,0
882.6,-0.01,0.015,-2.83451371683e-14,0
882.6,-0.005,0.00939947397025,1.77042906457e-14,0
882.6,-0.005,0.015,-2.35972259394e-14,0
882.6,-0.01,0.02,-5.7548393325e-14,0
882.6,-0.01,0.025,-7.6642353357e-14,0
882.6,-0.005,0.02,-7.01695325494e-14,0
882.6,-0.005,0.025,-1.06688433515e-13,0
882.6,-0.01,0.03,-7.83213205208e-14,0
882.6,-0.01,0.035,-6.46180388013e-14,0
882.6,-0.005,0.03,-1.19984641139e-13,0
882.6,-0.005,0.035,-1.07394726811e-13,0
882.6,-0.01,0.04,-4.17201051243e-14,0
882.6,-0.01,0.045,-1.45825743609e-14,0
882.6,-0.005,0.04,-7.91555297072e-14,0
882.6,-0.005,0.045,-4.25081070037e-14,0
882.6,-0.01,0.05,1.282040113e-14,0
882.6,-0.01,0.055,3.6660168791e-14,0
882.6,-0.005,0.05,-3.51098099627e-15,0
882.6,-0.005,0.055,3.25200828938e-14,0
882.6,-0.01,0.06,5.40657896252e-14,0
882.6,-0.01,0.065,5.94387686616e-14,0
882.6,-0.005,0.06,6.44443688025e-14,0
882.6,-0.005,0.065,8.83388009277e-14,0
882.6,-0.01,0.07,5.49189123612e-14,0
882.6,-0.01,0.075,4.71927182803e-14,0
882.6,-0.005,0.07,1.0623094465e-13,0
882.6,-0.005,0.075,1.24835561666e-13,0
882.6,0,-0.075,1.06047190666e-13,0
882.6,0,-0.07,6.23869344647e-14,0
882.6,0.005,-0.075,1.76432137376e-13,0
882.6,0.005,-0.07,1.1855148443e-13,0
882.6,0,-0.065,2.34273026616e-14,0
882.6,0.005,-0.065,6.55879550099e-14,0
882.6,0,-0.06,-1.63865233476e-14,0
882.6,0.005,-0.06,1.38728302092e-14,0
882.6,0,-0.055,-4.23010261719e-14,0
882.6,0.005,-0.055,-3.05564731464e-14,0
882.6,0,-0.05,-4.71380374266e-14,0
882.6,0.005,-0.05,-5.44225262973e-14,0
882.6,0,-0.045,-4.54265310273e-14,0
882.6,0.005,-0.045,-6.47686787126e-14,0
882.6,0,-0.04,-3.81028823434e-14,0
882.6,0.005,-0.04,-6.55427924818e-14,0
882.6,0,-0.035,-2.70771657524e-14,0
882.6,0.005,-0.035,-6.13876511764e-14,0
882.6,0,-0.03,-3.57952185293e-15,0
882.6,0.005,-0.03,-4.60281050461e-14,0
882.6,0,-0.025,2.81547017005e-14,0
882.6,0.005,-0.025,-1.51613228418e-14,0
882.6,0,-0.02,5.49157795225e-14,0
882.6,0.005,-0.02,2.11182822982e-14,0
882.6,0,-0.015,6.45094847578e-14,0
882.6,0.005,-0.015,4.5846194188e-14,0
882.6,-0.0021196717084,-0.00776771017156,4.39839797413e-14,0
882.6,-0.00084550708518,-0.00631514607954,3.10539132125e-14,0
882.6,6.71033969406e-08,-0.005,1.15353626256e-14,0
882.6,-0.00139054260708,-0.0110960807567,5.869793928e-14,0
882.6,0.00132468676756,-0.00775008274642,4.4296036317e-14,0
882.6,0.00160394440688,-0.0116908851489,5.68477990577e-14,0
882.6,0.005,-0.00939946851065,4.52649475524e-14,0
882.6,0.005,0.005,2.17330747298e-14,0
882.6,-0.000107646311398,0.00617659695633,2.63248623025e-14,0
882.6,-0.00190846935279,0.0076427502668,3.02197346835e-14,0
882.6,0.00131146485568,0.00777290068297,2.87512783586e-14,0
882.6,0.00295884413402,0.00640276348073,2.5680475468e-14,0
882.6,-1.21517769428e-05,0.0108932602996,1.37925806864e-14,0
882.6,0,0.015,-2.77245218222e-14,0
882.6,0.005,0.00939942566771,5.07604896902e-15,0
882.6,0.005,0.015,-5.26817002857e-14,0
882.6,0,0.02,-1.01958540822e-13,0
882.6,0,0.025,-1.60007807398e-13,0
882.6,0.005,0.02,-1.41057010866e-13,0
882.6,0.005,0.025,-2.0092597491e-13,0
882.6,0,0.03,-1.71260312643e-13,0
882.6,0,0.035,-1.53299611245e-13,0
882.6,0.005,0.03,-1.93356268565e-13,0
882.6,0.005,0.035,-1.684501371e-13,0
882.6,0,0.04,-1.13371588588e-13,0
882.6,0,0.045,-6.21702987329e-14,0
882.6,0.005,0.04,-1.23960780528e-13,0
882.6,0.005,0.045,-6.69190760107e-14,0
882.6,0,0.05,-1.44084440376e-14,0
882.6,0,0.055,2.88782950901e-14,0
882.6,0.005,0.05,-1.60984134609e-14,0
882.6,0.005,0.055,2.89227676101e-14,0
882.6,0,0.06,6.53392509397e-14,0
882.6,0,0.065,9.19505232307e-14,0
882.6,0.005,0.06,6.47859526319e-14,0
882.6,0.005,0.065,8.73823901331e-14,0
882.6,0,0.07,1.1134506266e-13,0
882.6,0,0.075,1.30737255461e-13,0
882.6,0.005,0.07,1.00263263838e-13,0
882.6,0.005,0.075,1.12156697486e-13,0
882.6,0.01,-0.075,2.06175043123e-13,0
882.6,0.01,-0.07,1.45276277319e-13,0
882.6,0.015,-0.075,2.18388347589e-13,0
882.6,0.015,-0.07,1.5742030886e-13,0
882.6,0.01,-0.065,8.86810979975e-14,0
882.6,0.015,-0.065,1.01075585981e-13,0
882.6,0.01,-0.06,3.35531474446e-14,0
882.6,0.015,-0.06,4.58320599746e-14,0
882.6,0.01,-0.055,-1.76920853531e-14,0
882.6,0.015,-0.055,-7.79423803802e-15,0
882.6,0.01,-0.05,-5.73197993012e-14,0
882.6,0.015,-0.05,-5.52587128818e-14,0
882.6,0.01,-0.045,-8.02853506451e-14,0
882.6,0.015,-0.045,-8.7262405495e-14,0
882.6,0.01,-0.04,-9.05583426867e-14,0
882.6,0.015,-0.04,-1.05054106031e-13,0
882.6,0.01,-0.035,-9.57724719177e-14,0
882.6,0.015,-0.035,-1.15685101777e-13,0
882.6,0.01,-0.03,-9.01250390454e-14,0
882.6,0.015,-0.03,-1.15452642746e-13,0
882.6,0.01,-0.025,-6.40627062122e-14,0
882.6,0.015,-0.025,-9.58415909353e-14,0
882.6,0.01,-0.02,-2.57606514272e-14,0
882.6,0.01,-0.015,6.41649599071e-15,0
882.6,0.015,-0.02,-6.26899477197e-14,0
882.6,0.015,-0.015,-3.27513242666e-14,0
882.6,0.00999280436795,-0.0116358337096,1.81368795027e-14,0
882.6,0.0105889214373,-0.00845762197625,1.90413446755e-14,0
882.6,0.015,-0.01,-1.76781943591e-14,0
882.6,0.00939947397025,-0.005,2.42120657972e-14,0
882.6,0.015,-0.005,-1.40942510734e-14,0
882.6,0.00658051136513,-0.00296146438142,2.56750408199e-14,0
882.6,0.00636794669772,-3.54305826484e-06,2.11144786306e-14,0
882.6,0.00795807888052,-0.00113999998936,2.22439947132e-14,0
882.6,0.00758147027913,0.00183630393596,1.97652583045e-14,0
882.6,0.0112534647756,-1.47536350887e-07,4.76378680459e-15,0
882.6,0.015,4.16333634234e-19,-2.37521021365e-14,0
882.6,0.00939942566771,0.005,2.36791229244e-15,0
882.6,0.015,0.005,-4.23592651136e-14,0
882.6,0.00999018807453,0.0109670628501,-4.51921332758e-14,0
882.6,0.01,0.015,-8.80306930811e-14,0
882.6,0.015,0.01,-7.56524262647e-14,0
882.6,0.015,0.015,-1.21875127175e-13,0
882.6,0.01,0.02,-1.63532897196e-13,0
882.6,0.01,0.025,-1.99883389172e-13,0
882.6,0.015,0.02,-1.7319599542e-13,0
882.6,0.015,0.025,-1.85527413564e-13,0
882.6,0.01,0.03,-1.81579679891e-13,0
882.6,0.01,0.035,-1.53342653959e-13,0
882.6,0.015,0.03,-1.60524822748e-13,0
882.6,0.015,0.035,-1.26038008065e-13,0
882.6,0.01,0.04,-1.10040865985e-13,0
882.6,0.01,0.045,-5.66848810434e-14,0
882.6,0.015,0.04,-8.25214318394e-14,0
882.6,0.015,0.045,-3.54822509025e-14,0
882.6,0.01,0.05,-7.92026486593e-15,0
882.6,0.01,0.055,3.42688275126e-14,0
882.6,0.015,0.05,8.16246816018e-15,0
882.6,0.015,0.055,4.41558420778e-14,0
882.6,0.01,0.06,6.31001049815e-14,0
882.6,0.01,0.065,7.20355760647e-14,0
882.6,0.015,0.06,6.01457439287e-14,0
882.6,0.015,0.065,4.57308351386e-14,0
882.6,0.01,0.07,6.28975472386e-14,0
882.6,0.01,0.075,4.75269564272e-14,0
882.6,0.015,0.07,7.50122224176e-15,0
882.6,0.015,0.075,-3.96801135178e-14,0
882.6,0.02,-0.075,2.05267511188e-13,0
882.6,0.02,-0.07,1.48591469636e-13,0
882.6,0.025,-0.075,1.6146299451e-13,0
882.6,0.025,-0.07,1.15371601311e-13,0
882.6,0.02,-0.065,9.76436831415e-14,0
882.6,0.025,-0.065,7.54986337557e-14,0
882.6,0.02,-0.06,4.75685098037e-14,0
882.6,0.025,-0.06,3.76425791025e-14,0
882.6,0.02,-0.055,-1.91318140934e-15,0
882.6,0.025,-0.055,-5.88372977575e-17,0
882.6,0.02,-0.05,-4.84288606588e-14,0
882.6,0.025,-0.05,-3.62569632402e-14,0
882.6,0.02,-0.045,-8.25730675522e-14,0
882.6,0.025,-0.045,-6.37935218584e-14,0
882.6,0.02,-0.04,-1.02645234732e-13,0
882.6,0.025,-0.04,-8.08120498358e-14,0
882.6,0.02,-0.035,-1.1439262888e-13,0
882.6,0.025,-0.035,-9.15553300285e-14,0
882.6,0.02,-0.03,-1.15135826711e-13,0
882.6,0.025,-0.03,-9.52407238333e-14,0
882.6,0.02,-0.025,-1.03145650157e-13,0
882.6,0.025,-0.025,-9.24158401049e-14,0
882.6,0.02,-0.02,-8.0200636111e-14,0
882.6,0.025,-0.02,-8.3783104043e-14,0
882.6,0.02,-0.015,-5.81094297884e-14,0
882.6,0.025,-0.015,-7.33236882499e-14,0
882.6,0.02,-0.01,-4.79316252984e-14,0
882.6,0.025,-0.01,-6.93132834005e-14,0
882.6,0.02,-0.005,-4.82587059227e-14,0
882.6,0.025,-0.005,-7.37295686251e-14,0
882.6,0.02,0,-5.98015507399e-14,0
882.6,0.025,4.16333634234e-19,-8.69553268083e-14,0
882.6,0.02,0.005,-7.92533255904e-14,0
882.6,0.025,0.005,-1.07043112986e-13,0
882.6,0.02,0.01,-1.09195775776e-13,0
882.6,0.025,0.01,-1.33864342471e-13,0
882.6,0.02,0.015,-1.45366076663e-13,0
882.6,0.025,0.015,-1.5802086636e-13,0
882.6,0.02,0.02,-1.70759479755e-13,0
882.6,0.02,0.025,-1.61235412297e-13,0
882.6,0.025,0.02,-1.5620075236e-13,0
882.6,0.025,0.025,-1.2328027385e-13,0
882.6,0.02,0.03,-1.27424933522e-13,0
882.6,0.02,0.035,-8.74249425053e-14,0
882.6,0.025,0.03,-8.30739130182e-14,0
882.6,0.025,0.035,-4.1372339087e-14,0
882.6,0.02,0.04,-4.40184394215e-14,0
882.6,0.02,0.045,-1.97037021795e-15,0
882.6,0.025,0.04,5.93483456519e-16,0
882.6,0.025,0.045,3.868594489e-14,0
882.6,0.02,0.05,3.35992376651e-14,0
882.6,0.02,0.055,5.76268874489e-14,0
882.6,0.025,0.05,6.49895491708e-14,0
882.6,0.025,0.055,7.07534956618e-14,0
882.6,0.02,0.06,5.25559070897e-14,0
882.6,0.02,0.065,1.3333186827e-14,0
882.6,0.025,0.06,4.26001801561e-14,0
882.6,0.025,0.065,-1.15042940179e-14,0
882.6,0.02,0.07,-4.15696386613e-14,0
882.6,0.02,0.075,-1.03183405297e-13,0
882.6,0.025,0.07,-7.78101055416e-14,0
882.6,0.025,0.075,-1.50296820625e-13,0
882.6,0.03,-0.075,8.25204948131e-14,0
882.6,0.03,-0.07,5.64470231591e-14,0
882.6,0.035,-0.075,-2.30802244491e-14,0
882.6,0.035,-0.07,-2.18300798174e-14,0
882.6,0.03,-0.065,3.57200898401e-14,0
882.6,0.035,-0.065,-1.66281929831e-14,0
882.6,0.03,-0.06,1.76034230914e-14,0
882.6,0.035,-0.06,-7.96418519042e-15,0
882.6,0.03,-0.055,-4.35240783629e-17,0
882.6,0.035,-0.055,3.01609401607e-16,0
882.6,0.03,-0.05,-1.84554462575e-14,0
882.6,0.035,-0.05,3.92590090035e-15,0
882.6,0.03,-0.045,-3.42005666787e-14,0
882.6,0.035,-0.045,1.93897742267e-15,0
882.6,0.03,-0.04,-4.51173654285e-14,0
882.6,0.035,-0.04,-2.7919808287e-15,0
882.6,0.03,-0.035,-5.29890927553e-14,0
882.6,0.035,-0.035,-7.00188614704e-15,0
882.6,0.03,-0.03,-5.74212284824e-14,0
882.6,0.035,-0.03,-9.82026934393e-15,0
882.6,0.03,-0.025,-6.00372771659e-14,0
882.6,0.035,-0.025,-1.26248919272e-14,0
882.6,0.03,-0.02,-6.42235045852e-14,0
882.6,0.035,-0.02,-2.18286743412e-14,0
882.6,0.03,-0.015,-6.80306683977e-14,0
882.6,0.035,-0.015,-3.81653261174e-14,0
882.6,0.03,-0.01,-7.31706276718e-14,0
882.6,0.035,-0.01,-5.50945094117e-14,0
882.6,0.03,-0.005,-8.28149864106e-14,0
882.6,0.035,-0.005,-7.08338237322e-14,0
882.6,0.03,0,-9.77277246226e-14,0
882.6,0.035,4.16333634234e-19,-8.79495783784e-14,0
882.6,0.03,0.005,-1.19086607024e-13,0
882.6,0.035,0.005,-1.08782518208e-13,0
882.6,0.03,0.01,-1.40817673581e-13,0
882.6,0.035,0.01,-1.1856154007e-13,0
882.6,0.03,0.015,-1.44388900301e-13,0
882.6,0.035,0.015,-1.011160459e-13,0
882.6,0.03,0.02,-1.18042493055e-13,0
882.6,0.035,0.02,-6.48366161962e-14,0
882.6,0.03,0.025,-7.37795247895e-14,0
882.6,0.035,0.025,-2.40376211653e-14,0
882.6,0.03,0.03,-3.33976167022e-14,0
882.6,0.03,0.035,8.02863334844e-15,0
882.6,0.035,0.03,1.24675405247e-14,0
882.6,0.035,0.035,5.01082750212e-14,0
882.6,0.03,0.04,4.76980536002e-14,0
882.6,0.03,0.045,8.01976390035e-14,0
882.6,0.035,0.04,8.43040657932e-14,0
882.6,0.035,0.045,1.11239820659e-13,0
882.6,0.03,0.05,9.55266039056e-14,0
882.6,0.03,0.055,8.13529113987e-14,0
882.6,0.035,0.05,1.18512115865e-13,0
882.6,0.035,0.055,9.2089670742e-14,0
882.6,0.03,0.06,3.76516853347e-14,0
882.6,0.03,0.065,-2.59030638275e-14,0
882.6,0.035,0.06,3.86087385131e-14,0
882.6,0.035,0.065,-3.24420411007e-14,0
882.6,0.03,0.07,-9.99445035303e-14,0
882.6,0.03,0.075,-1.78665554429e-13,0
882.6,0.035,0.07,-1.12256498753e-13,0
882.6,0.035,0.075,-1.95606611765e-13,0
882.6,0.04,-0.075,-1.43478892582e-13,0
882.6,0.04,-0.07,-1.03282174828e-13,0
882.6,0.045,-0.075,-2.30251880364e-13,0
882.6,0.045,-0.07,-1.59067527456e-13,0
882.6,0.04,-0.065,-6.61565460558e-14,0
882.6,0.045,-0.065,-9.62910085873e-14,0
882.6,0.04,-0.06,-2.94606755417e-14,0
882.6,0.045,-0.06,-3.81902094057e-14,0
882.6,0.04,-0.055,4.90791071915e-15,0
882.6,0.045,-0.055,1.65641955872e-14,0
882.6,0.04,-0.05,3.11038406928e-14,0
882.6,0.045,-0.05,5.99696325476e-14,0
882.6,0.04,-0.045,4.09583256876e-14,0
882.6,0.045,-0.045,7.7333096168e-14,0
882.6,0.04,-0.04,3.97209515963e-14,0
882.6,0.045,-0.04,7.67515568643e-14,0
882.6,0.04,-0.035,3.82852219096e-14,0
882.6,0.045,-0.035,7.48460265863e-14,0
882.6,0.04,-0.03,3.75996483952e-14,0
882.6,0.045,-0.03,7.49073847264e-14,0
882.6,0.04,-0.025,3.73629282346e-14,0
882.6,0.045,-0.025,7.79527744465e-14,0
882.6,0.04,-0.02,2.99709207734e-14,0
882.6,0.045,-0.02,7.65615887758e-14,0
882.6,0.04,-0.015,1.27438922209e-14,0
882.6,0.045,-0.015,6.17254914291e-14,0
882.6,0.04,-0.01,-1.10977926077e-14,0
882.6,0.045,-0.01,3.88066417335e-14,0
882.6,0.04,-0.005,-3.54286401014e-14,0
882.6,0.045,-0.005,1.32194796632e-14,0
882.6,0.04,0,-5.59367197125e-14,0
882.6,0.045,4.16333634234e-19,-9.74425316851e-15,0
882.6,0.04,0.005,-7.55841025072e-14,0
882.6,0.045,0.005,-2.73812098828e-14,0
882.6,0.04,0.01,-7.46397395362e-14,0
882.6,0.045,0.01,-2.58888753259e-14,0
882.6,0.04,0.015,-4.85402662547e-14,0
882.6,0.045,0.015,-5.32467060226e-15,0
882.6,0.04,0.02,-1.62739866296e-14,0
882.6,0.045,0.02,1.54582783564e-14,0
882.6,0.04,0.025,1.61700689166e-14,0
882.6,0.045,0.025,3.82994305166e-14,0
882.6,0.04,0.03,4.6707821226e-14,0
882.6,0.045,0.03,6.48546740807e-14,0
882.6,0.04,0.035,7.84653461704e-14,0
882.6,0.045,0.035,9.51761231656e-14,0
882.6,0.04,0.04,1.08135001725e-13,0
882.6,0.04,0.045,1.32768678079e-13,0
882.6,0.045,0.04,1.25911616749e-13,0
882.6,0.045,0.045,1.50258000869e-13,0
882.6,0.04,0.05,1.35590325527e-13,0
882.6,0.04,0.055,1.03210352886e-13,0
882.6,0.045,0.05,1.51341739064e-13,0
882.6,0.045,0.055,1.15202880202e-13,0
882.6,0.04,0.06,4.37813203867e-14,0
882.6,0.04,0.065,-3.24950578578e-14,0
882.6,0.045,0.06,5.20027498762e-14,0
882.6,0.045,0.065,-2.7687213778e-14,0
882.6,0.04,0.07,-1.16004427439e-13,0
882.6,0.04,0.075,-2.0222820678e-13,0
882.6,0.045,0.07,-1.1352522878e-13,0
882.6,0.045,0.075,-2.01532739763e-13,0
882.6,0.05,-0.075,-2.64337354572e-13,0
882.6,0.05,-0.07,-1.79506974261e-13,0
882.6,0.055,-0.075,-2.69055236154e-13,0
882.6,0.055,-0.07,-1.74736198754e-13,0
882.6,0.05,-0.065,-1.03284363928e-13,0
882.6,0.055,-0.065,-9.14937870217e-14,0
882.6,0.05,-0.06,-3.3685030542e-14,0
882.6,0.055,-0.06,-1.80845317023e-14,0
882.6,0.05,-0.055,3.04930413361e-14,0
882.6,0.055,-0.055,4.89684320975e-14,0
882.6,0.05,-0.05,8.2800991317e-14,0
882.6,0.055,-0.05,9.44665848656e-14,0
882.6,0.05,-0.045,1.01742341001e-13,0
882.6,0.055,-0.045,1.03160491366e-13,0
882.6,0.05,-0.04,9.82732418056e-14,0
882.6,0.055,-0.04,9.49810160045e-14,0
882.6,0.05,-0.035,9.41181703266e-14,0
882.6,0.055,-0.035,9.03348385404e-14,0
882.6,0.05,-0.03,9.40256213779e-14,0
882.6,0.055,-0.03,9.22333950435e-14,0
882.6,0.05,-0.025,1.00285053222e-13,0
882.6,0.055,-0.025,9.80023576204e-14,0
882.6,0.05,-0.02,1.06333232258e-13,0
882.6,0.055,-0.02,1.0843153944e-13,0
882.6,0.05,-0.015,9.27265141038e-14,0
882.6,0.055,-0.015,1.07887408854e-13,0
882.6,0.05,-0.01,7.16228973295e-14,0
882.6,0.055,-0.01,9.39110805159e-14,0
882.6,0.05,-0.005,5.13791311067e-14,0
882.6,0.055,-0.005,7.62432271066e-14,0
882.6,0.05,0,3.26263659259e-14,0
882.6,0.055,4.16333634234e-19,5.81824797634e-14,0
882.6,0.05,0.005,1.68368025721e-14,0
882.6,0.055,0.005,4.15573667477e-14,0
882.6,0.05,0.01,1.14508598598e-14,0
882.6,0.055,0.01,2.95427960942e-14,0
882.6,0.05,0.015,1.69152890635e-14,0
882.6,0.055,0.015,2.36408848632e-14,0
882.6,0.05,0.02,2.72348631179e-14,0
882.6,0.055,0.02,2.45613740213e-14,0
882.6,0.05,0.025,4.29771179542e-14,0
882.6,0.055,0.025,3.35980514679e-14,0
882.6,0.05,0.03,6.58799934167e-14,0
882.6,0.055,0.03,5.3003904173e-14,0
882.6,0.05,0.035,9.49531255922e-14,0
882.6,0.055,0.035,7.79070859008e-14,0
882.6,0.05,0.04,1.26840008859e-13,0
882.6,0.055,0.04,1.04473741763e-13,0
882.6,0.05,0.045,1.51636506806e-13,0
882.6,0.055,0.045,1.26445768502e-13,0
882.6,0.05,0.05,1.52757306862e-13,0
882.6,0.05,0.055,1.18419034237e-13,0
882.6,0.055,0.05,1.30212700347e-13,0
882.6,0.055,0.055,1.02344484719e-13,0
882.6,0.05,0.06,5.84755614861e-14,0
882.6,0.05,0.065,-1.69102933117e-14,0
882.6,0.055,0.06,5.74077018726e-14,0
882.6,0.055,0.065,1.90053900973e-16,0
882.6,0.05,0.07,-9.97118121598e-14,0
882.6,0.05,0.075,-1.8699907933e-13,0
882.6,0.055,0.07,-7.1923358365e-14,0
882.6,0.055,0.075,-1.52325395112e-13,0
882.6,0.06,-0.075,-2.31092774777e-13,0
882.6,0.06,-0.07,-1.26688165347e-13,0
882.6,0.065,-0.075,-1.39499714723e-13,0
882.6,0.065,-0.07,-2.87753761507e-14,0
882.6,0.06,-0.065,-3.78554212913e-14,0
882.6,0.065,-0.065,6.60521190571e-14,0
882.6,0.06,-0.06,3.56017600396e-14,0
882.6,0.065,-0.06,1.28383552538e-13,0
882.6,0.06,-0.055,8.2656193387e-14,0
882.6,0.065,-0.055,1.31960509417e-13,0
882.6,0.06,-0.05,9.31010581644e-14,0
882.6,0.065,-0.05,7.9632996333e-14,0
882.6,0.06,-0.045,7.03328420374e-14,0
882.6,0.065,-0.045,-2.60332210308e-15,0
882.6,0.06,-0.04,3.95377044592e-14,0
882.6,0.065,-0.04,-7.53516766865e-14,0
882.6,0.06,-0.035,2.56561543993e-14,0
882.6,0.065,-0.035,-1.10637214547e-13,0
882.6,0.06,-0.03,2.99959319688e-14,0
882.6,0.065,-0.03,-1.01108189185e-13,0
882.6,0.06,-0.025,4.62485608126e-14,0
882.6,0.065,-0.025,-5.67447740746e-14,0
882.6,0.06,-0.02,6.94545481522e-14,0
882.6,0.065,-0.02,-3.22980233567e-16,0
882.6,0.06,-0.015,8.99113512243e-14,0
882.6,0.065,-0.015,4.62092035295e-14,0
882.6,0.06,-0.01,9.47038405943e-14,0
882.6,0.065,-0.01,7.18328985236e-14,0
882.6,0.06,-0.005,8.30002078103e-14,0
882.6,0.065,-0.005,7.34688844023e-14,0
882.6,0.06,0,6.49305533368e-14,0
882.6,0.065,4.16333634234e-19,5.92430477869e-14,0
882.6,0.06,0.005,4.69021256868e-14,0
882.6,0.065,0.005,3.98970298775e-14,0
882.6,0.06,0.01,2.8729127088e-14,0
882.6,0.065,0.01,1.65657513003e-14,0
882.6,0.06,0.015,1.38071217422e-14,0
882.6,0.065,0.015,-6.35490256422e-15,0
882.6,0.06,0.02,6.132682773e-15,0
882.6,0.065,0.02,-2.44674316869e-14,0
882.6,0.06,0.025,5.42946850277e-15,0
882.6,0.065,0.025,-3.91088490478e-14,0
882.6,0.06,0.03,1.35954720246e-14,0
882.6,0.065,0.03,-5.13628528564e-14,0
882.6,0.06,0.035,2.56340915849e-14,0
882.6,0.065,0.035,-6.44794149588e-14,0
882.6,0.06,0.04,3.82103661813e-14,0
882.6,0.065,0.04,-7.95143330166e-14,0
882.6,0.06,0.045,5.22823298375e-14,0
882.6,0.065,0.045,-8.00507351457e-14,0
882.6,0.06,0.05,6.16780259833e-14,0
882.6,0.065,0.05,-5.85124970815e-14,0
882.6,0.06,0.055,5.6923381195e-14,0
882.6,0.065,0.055,-2.04345128558e-14,0
882.6,0.06,0.06,4.25363333247e-14,0
882.6,0.06,0.065,2.18222809213e-14,0
882.6,0.065,0.06,1.30993168987e-14,0
882.6,0.065,0.065,4.38727505411e-14,0
882.6,0.06,0.07,-1.05837694825e-14,0
882.6,0.06,0.075,-4.99825892353e-14,0
882.6,0.065,0.07,7.68021699568e-14,0
882.6,0.065,0.075,1.03787141443e-13,0
882.6,0.07,-0.075,2.77246269715e-14,0
882.6,0.07,-0.07,1.38599107612e-13,0
882.6,0.075,-0.075,2.45682572987e-13,0
882.6,0.075,-0.07,3.49203379803e-13,0
882.6,0.07,-0.065,2.22983543765e-13,0
882.6,0.075,-0.065,4.14374269419e-13,0
882.6,0.07,-0.06,2.49520421466e-13,0
882.6,0.075,-0.06,3.94970964863e-13,0
882.6,0.07,-0.055,1.91171624253e-13,0
882.6,0.075,-0.055,2.63934621323e-13,0
882.6,0.07,-0.05,5.90060247925e-14,0
882.6,0.075,-0.05,3.94740879777e-14,0
882.6,0.07,-0.045,-9.83357121365e-14,0
882.6,0.075,-0.045,-2.07564764173e-13,0
882.6,0.07,-0.04,-2.24055314093e-13,0
882.6,0.075,-0.04,-3.909714915e-13,0
882.6,0.07,-0.035,-2.83377183045e-13,0
882.6,0.075,-0.035,-4.7605195067e-13,0
882.6,0.07,-0.03,-2.70017108092e-13,0
882.6,0.075,-0.03,-4.59805902968e-13,0
882.6,0.07,-0.025,-2.02831176902e-13,0
882.6,0.075,-0.025,-3.70299314094e-13,0
882.6,0.07,-0.02,-9.83499154273e-14,0
882.6,0.075,-0.02,-2.06074793616e-13,0
882.6,0.07,-0.015,-7.02178596481e-15,0
882.6,0.075,-0.015,-5.58786623771e-14,0
882.6,0.07,-0.01,3.99559621274e-14,0
882.6,0.075,-0.01,1.21432391962e-14,0
882.6,0.07,-0.005,5.52283495122e-14,0
882.6,0.075,-0.005,3.8270163777e-14,0
882.6,0.07,0,4.5522001964e-14,0
882.6,0.075,0,3.10858320433e-14,0
882.6,0.07,0.005,2.48114006807e-14,0
882.6,0.075,0.005,8.3953810911e-15,0
882.6,0.07,0.01,-3.06333076148e-15,0
882.6,0.075,0.01,-2.46470625754e-14,0
882.6,0.07,0.015,-3.30827935576e-14,0
882.6,0.075,0.015,-6.2700906368e-14,0
882.6,0.07,0.02,-6.23120437691e-14,0
882.6,0.075,0.02,-1.0173842743e-13,0
882.6,0.07,0.025,-9.2503224719e-14,0
882.6,0.075,0.025,-1.44085925746e-13,0
882.6,0.07,0.03,-1.38334212612e-13,0
882.6,0.075,0.03,-2.33268182179e-13,0
882.6,0.07,0.035,-1.93715814735e-13,0
882.6,0.075,0.035,-3.39941991329e-13,0
882.6,0.07,0.04,-2.37738071187e-13,0
882.6,0.075,0.04,-4.14618034426e-13,0
882.6,0.07,0.045,-2.5085880658e-13,0
882.6,0.075,0.045,-4.39580462729e-13,0
882.6,0.07,0.05,-2.1533070357e-13,0
882.6,0.075,0.05,-3.88157951504e-13,0
882.6,0.07,0.055,-1.33360232395e-13,0
882.6,0.075,0.055,-2.59548359271e-13,0
882.6,0.07,0.06,-3.30639540048e-14,0
882.6,0.075,0.06,-8.83825955049e-14,0
882.6,0.07,0.065,6.95726428024e-14,0
882.6,0.075,0.065,8.95196610037e-14,0
882.6,0.07,0.07,1.67163377089e-13,0
882.6,0.07,0.075,2.52700417808e-13,0
882.6,0.075,0.07,2.47217688239e-13,0
882.6,0.075,0.075,3.72369046515e-13,0
