frequency_hz,x,y,real_uz,imag_uz
100.0,-0.00382671281566,-0.00202612167119,0,0
100.0,-0.005,-0.005,2.62816602767e-14,0
100.0,-0.00197892066871,-0.00385133392306,0,0
100.0,-0.005,-0.00190753787223,1.56357323865e-14,0
100.0,-0.00433,0,0,0
100.0,-0.00190753787223,-0.005,1.55505646319e-14,0
100.0,0,-0.00433,0,0
100.0,-0.005,0.00190775150599,1.58795094856e-14,0
100.0,-0.00385133392306,0.00197892066871,0,0
100.0,0.00190775150599,-0.005,1.56340536896e-14,0
100.0,0.00202612167119,-0.00382671281566,0,0
100.0,-0.00202612167119,0.00382671281566,0,0
100.0,-0.005,0.005,2.79364076749e-14,0
100.0,-0.0019094272225,0.005,1.57588999215e-14,0
100.0,0,0.00433,0,0
100.0,0.00147766755988,0.00407006125046,0,0
100.0,8.32667268469e-19,0.005,1.12888034003e-14,0
100.0,0.00433,0,0,0
100.0,0.005,1.38777878078e-18,1.17069245609e-14,0
100.0,0.00407006125046,0.00147766755988,0,0
100.0,0.005,-0.005,2.71315814065e-14,0
100.0,0.00385133392306,-0.00197892066871,0,0
100.0,0.005,-0.0019094272225,1.56924086878e-14,0
100.0,0.00306177236254,0.00306177236254,0,0
100.0,0.0019094272225,0.005,1.58811042828e-14,0
100.0,0.005,0.0019094272225,1.58991227936e-14,0
100.0,-0.000885,-0.0015328649647,1.27149724484e-12,0
100.0,-0.0015328649647,-0.000885,1.2716196216e-12,0
100.0,-0.00186450691264,-0.00187567167242,8.43010359422e-13,0
100.0,-0.00177,0,1.27131137022e-12,0
100.0,-0.00268433516245,-0.000738983120158,7.59093406195e-13,0
100.0,0,-0.00177,1.27145889845e-12,0
100.0,-0.000718432264205,-0.00269192408424,7.57387273782e-13,0
100.0,-0.0015328649647,0.000885,1.26980693631e-12,0
100.0,-0.00265321485144,0.000647311733689,7.89875826517e-13,0
100.0,-0.000885,0.0015328649647,1.26817948797e-12,0
100.0,-0.00194719253591,0.00178443766524,8.43936674846e-13,0
100.0,0,0.00177,1.26407343281e-12,0
100.0,-0.000802720381054,0.00273415977115,7.17487710553e-13,0
100.0,0.000885,-0.0015328649647,1.27014777575e-12,0
100.0,0.00075154031863,-0.00270385456952,7.452775114e-13,0
100.0,0.00177,0,1.26241322269e-12,0
100.0,0.0015328649647,-0.000885,1.26799542256e-12,0
100.0,0.00271471102228,-0.000564731152102,7.60901054877e-13,0
100.0,0.00192394637685,-0.00189207206672,8.10081822955e-13,0
100.0,0.00231817117671,0.00040530921667,9.87893380828e-13,0
100.0,0.0015328649647,0.000885,1.26067964867e-12,0
100.0,0.000885,0.0015328649647,1.26138469579e-12,0
100.0,0.000427053001345,0.00287092483521,6.82177837046e-13,0
100.0,0.00187618296239,0.00184774001435,8.33325898292e-13,0
100.0,0.00312733402203,0.000607809752493,5.19190259559e-13,0
100.0,0.00276214303706,0.00136595635004,5.7684957837e-13,0
100.0,0.0014100336009,0.00268674970267,6.04761393686e-13,0
100.0,-0.075,-0.075,-2.02351618249e-13,0
100.0,-0.07,-0.075,-1.87466824923e-13,0
100.0,-0.075,-0.07,-1.89288881085e-13,0
100.0,-0.07,-0.07,-1.7454721711e-13,0
100.0,-0.075,-0.065,-1.7601129273e-13,0
100.0,-0.07,-0.065,-1.61468194218e-13,0
100.0,-0.065,-0.075,-1.72539776671e-13,0
100.0,-0.065,-0.07,-1.59874115008e-13,0
100.0,-0.065,-0.065,-1.4706285358e-13,0
100.0,-0.075,-0.06,-1.61938920078e-13,0
100.0,-0.07,-0.06,-1.47990107835e-13,0
100.0,-0.065,-0.06,-1.34080825602e-13,0
100.0,-0.075,-0.055,-1.47792282162e-13,0
100.0,-0.07,-0.055,-1.34557816127e-13,0
100.0,-0.065,-0.055,-1.21225635432e-13,0
100.0,-0.075,-0.05,-1.34521192334e-13,0
100.0,-0.07,-0.05,-1.2166354115e-13,0
100.0,-0.065,-0.05,-1.08758648628e-13,0
100.0,-0.075,-0.045,-1.21534225579e-13,0
100.0,-0.07,-0.045,-1.08979827259e-13,0
100.0,-0.065,-0.045,-9.63927486584e-14,0
100.0,-0.075,-0.04,-1.08759846051e-13,0
100.0,-0.07,-0.04,-9.63923922359e-14,0
100.0,-0.075,-0.035,-9.61945576059e-14,0
100.0,-0.07,-0.035,-8.3945649494e-14,0
100.0,-0.065,-0.04,-8.40341865631e-14,0
100.0,-0.065,-0.035,-7.17783411077e-14,0
100.0,-0.075,-0.03,-8.30574533582e-14,0
100.0,-0.07,-0.03,-7.12163685722e-14,0
100.0,-0.075,-0.025,-6.95158061132e-14,0
100.0,-0.07,-0.025,-5.84015581424e-14,0
100.0,-0.065,-0.03,-5.94662960895e-14,0
100.0,-0.065,-0.025,-4.73165254097e-14,0
100.0,-0.075,-0.02,-5.65491674787e-14,0
100.0,-0.07,-0.02,-4.61369510552e-14,0
100.0,-0.075,-0.015,-4.50255860877e-14,0
100.0,-0.07,-0.015,-3.50399890003e-14,0
100.0,-0.065,-0.02,-3.5632539818e-14,0
100.0,-0.065,-0.015,-2.47302371034e-14,0
100.0,-0.075,-0.01,-3.58478590359e-14,0
100.0,-0.07,-0.01,-2.60059443176e-14,0
100.0,-0.075,-0.005,-2.98812076666e-14,0
100.0,-0.07,-0.005,-1.98839040928e-14,0
100.0,-0.065,-0.01,-1.55879205674e-14,0
100.0,-0.065,-0.005,-9.13876061063e-15,0
100.0,-0.075,0,-2.69222168036e-14,0
100.0,-0.07,0,-1.66790181125e-14,0
100.0,-0.075,0.005,-2.65685415474e-14,0
100.0,-0.07,0.005,-1.60732427213e-14,0
100.0,-0.065,4.16333634234e-19,-5.61937322027e-15,0
100.0,-0.065,0.005,-4.80312389037e-15,0
100.0,-0.075,0.01,-2.92176684835e-14,0
100.0,-0.07,0.01,-1.82532695512e-14,0
100.0,-0.075,0.015,-3.49108473397e-14,0
100.0,-0.07,0.015,-2.32976730765e-14,0
100.0,-0.065,0.01,-6.73979483487e-15,0
100.0,-0.065,0.015,-1.14591133001e-14,0
100.0,-0.075,0.02,-4.18497361594e-14,0
100.0,-0.07,0.02,-3.00022236256e-14,0
100.0,-0.075,0.025,-4.90942520708e-14,0
100.0,-0.07,0.025,-3.71482379836e-14,0
100.0,-0.065,0.02,-1.79445463452e-14,0
100.0,-0.065,0.025,-2.49907991429e-14,0
100.0,-0.075,0.03,-5.69073553901e-14,0
100.0,-0.07,0.03,-4.48845194995e-14,0
100.0,-0.075,0.035,-6.54003880407e-14,0
100.0,-0.07,0.035,-5.32782200283e-14,0
100.0,-0.065,0.03,-3.26809895317e-14,0
100.0,-0.065,0.035,-4.10777317197e-14,0
100.0,-0.075,0.04,-7.48293216429e-14,0
100.0,-0.07,0.04,-6.24679150614e-14,0
100.0,-0.075,0.045,-8.47234114987e-14,0
100.0,-0.07,0.045,-7.20783683184e-14,0
100.0,-0.065,0.04,-5.01496776092e-14,0
100.0,-0.065,0.045,-5.95142656977e-14,0
100.0,-0.075,0.05,-9.44510256577e-14,0
100.0,-0.07,0.05,-8.16562562176e-14,0
100.0,-0.075,0.055,-1.04205549868e-13,0
100.0,-0.07,0.055,-9.12752400663e-14,0
100.0,-0.065,0.05,-6.89111525607e-14,0
100.0,-0.065,0.055,-7.83727661913e-14,0
100.0,-0.075,0.06,-1.13916516724e-13,0
100.0,-0.07,0.06,-1.00896592716e-13,0
100.0,-0.075,0.065,-1.23646019053e-13,0
100.0,-0.07,0.065,-1.10539126928e-13,0
100.0,-0.065,0.06,-8.7878021463e-14,0
100.0,-0.065,0.065,-9.74002436246e-14,0
100.0,-0.075,0.07,-1.3351761119e-13,0
100.0,-0.07,0.07,-1.2023069774e-13,0
100.0,-0.075,0.075,-1.43338603505e-13,0
100.0,-0.07,0.075,-1.29890441298e-13,0
100.0,-0.065,0.07,-1.06928492844e-13,0
100.0,-0.065,0.075,-1.16417671405e-13,0
100.0,-0.06,-0.075,-1.57720520969e-13,0
100.0,-0.06,-0.07,-1.45305651119e-13,0
100.0,-0.06,-0.065,-1.32864713892e-13,0
100.0,-0.055,-0.075,-1.42830832968e-13,0
100.0,-0.055,-0.07,-1.30736941684e-13,0
100.0,-0.055,-0.065,-1.18729589631e-13,0
100.0,-0.06,-0.06,-1.20402973916e-13,0
100.0,-0.06,-0.055,-1.0806028032e-13,0
100.0,-0.055,-0.06,-1.0678533273e-13,0
100.0,-0.055,-0.055,-9.49128280527e-14,0
100.0,-0.06,-0.05,-9.58908474987e-14,0
100.0,-0.055,-0.05,-8.30909902012e-14,0
100.0,-0.06,-0.045,-8.37751492338e-14,0
100.0,-0.055,-0.045,-7.13151977455e-14,0
100.0,-0.06,-0.04,-7.17564154444e-14,0
100.0,-0.055,-0.04,-5.97601787523e-14,0
100.0,-0.06,-0.035,-5.98576318209e-14,0
100.0,-0.055,-0.035,-4.82991283389e-14,0
100.0,-0.06,-0.03,-4.80235369713e-14,0
100.0,-0.06,-0.025,-3.64196365711e-14,0
100.0,-0.055,-0.03,-3.69174051351e-14,0
100.0,-0.055,-0.025,-2.58263015496e-14,0
100.0,-0.06,-0.02,-2.52513505441e-14,0
100.0,-0.06,-0.015,-1.46094851595e-14,0
100.0,-0.055,-0.02,-1.51351169037e-14,0
100.0,-0.055,-0.015,-4.77744793916e-15,0
100.0,-0.06,-0.01,-5.23852945247e-15,0
100.0,-0.06,-0.005,1.79090231268e-15,0
100.0,-0.055,-0.01,4.64612861644e-15,0
100.0,-0.055,-0.005,1.23233104511e-14,0
100.0,-0.06,0,5.79807875861e-15,0
100.0,-0.06,0.005,6.73883645327e-15,0
100.0,-0.055,4.16333634234e-19,1.68729535504e-14,0
100.0,-0.055,0.005,1.7906524799e-14,0
100.0,-0.06,0.01,4.867087249e-15,0
100.0,-0.06,0.015,5.01268621346e-16,0
100.0,-0.055,0.01,1.61171014644e-14,0
100.0,-0.055,0.015,1.20784511442e-14,0
100.0,-0.06,0.02,-5.6159375614e-15,0
100.0,-0.06,0.025,-1.27076644461e-14,0
100.0,-0.055,0.02,6.24039780394e-15,0
100.0,-0.055,0.025,-9.7567713504e-16,0
100.0,-0.06,0.03,-2.06168268553e-14,0
100.0,-0.06,0.035,-2.91462048034e-14,0
100.0,-0.055,0.03,-9.11855810639e-15,0
100.0,-0.055,0.035,-1.75888022044e-14,0
100.0,-0.06,0.04,-3.79858694601e-14,0
100.0,-0.06,0.045,-4.70313049889e-14,0
100.0,-0.055,0.04,-2.60834400471e-14,0
100.0,-0.055,0.045,-3.46758613465e-14,0
100.0,-0.06,0.05,-5.62328658927e-14,0
100.0,-0.06,0.055,-6.55207032312e-14,0
100.0,-0.055,0.05,-4.35713099685e-14,0
100.0,-0.055,0.055,-5.26525677987e-14,0
100.0,-0.06,0.06,-7.48761242392e-14,0
100.0,-0.06,0.065,-8.42728815328e-14,0
100.0,-0.055,0.06,-6.18547104402e-14,0
100.0,-0.055,0.065,-7.11287095922e-14,0
100.0,-0.06,0.07,-9.36862771633e-14,0
100.0,-0.06,0.075,-1.03101262369e-13,0
100.0,-0.055,0.07,-8.04225835962e-14,0
100.0,-0.055,0.075,-8.97483528742e-14,0
100.0,-0.05,-0.075,-1.27121086699e-13,0
100.0,-0.05,-0.07,-1.15886748595e-13,0
100.0,-0.045,-0.075,-1.11962011712e-13,0
100.0,-0.045,-0.07,-1.0151231148e-13,0
100.0,-0.05,-0.065,-1.04566049381e-13,0
100.0,-0.045,-0.065,-9.08245885467e-14,0
100.0,-0.05,-0.06,-9.32071421473e-14,0
100.0,-0.05,-0.055,-8.18533156302e-14,0
100.0,-0.045,-0.06,-8.00117627183e-14,0
100.0,-0.045,-0.055,-6.91681921004e-14,0
100.0,-0.05,-0.05,-7.05333461331e-14,0
100.0,-0.05,-0.045,-5.92755571987e-14,0
100.0,-0.045,-0.05,-5.832499978e-14,0
100.0,-0.045,-0.045,-4.75217931535e-14,0
100.0,-0.05,-0.04,-4.81372870775e-14,0
100.0,-0.045,-0.04,-3.67536122305e-14,0
100.0,-0.05,-0.035,-3.70684679041e-14,0
100.0,-0.045,-0.035,-2.60934367641e-14,0
100.0,-0.05,-0.03,-2.61745332705e-14,0
100.0,-0.045,-0.03,-1.56841924254e-14,0
100.0,-0.05,-0.025,-1.55932060466e-14,0
100.0,-0.045,-0.025,-5.51483650493e-15,0
100.0,-0.05,-0.02,-5.2602327862e-15,0
100.0,-0.05,-0.015,4.88105017545e-15,0
100.0,-0.045,-0.02,4.51578573383e-15,0
100.0,-0.045,-0.015,1.43983960699e-14,0
100.0,-0.05,-0.01,1.41841056989e-14,0
100.0,-0.05,-0.005,2.20625592168e-14,0
100.0,-0.045,-0.01,2.36126456795e-14,0
100.0,-0.045,-0.005,3.13885069469e-14,0
100.0,-0.05,0,2.71130701308e-14,0
100.0,-0.05,0.005,2.81994280296e-14,0
100.0,-0.045,4.16333634234e-19,3.6452359702e-14,0
100.0,-0.045,0.005,3.7207321013e-14,0
100.0,-0.05,0.01,2.63707447256e-14,0
100.0,-0.05,0.015,2.27388757285e-14,0
100.0,-0.045,0.01,3.50669939038e-14,0
100.0,-0.045,0.015,3.20571315281e-14,0
100.0,-0.05,0.02,1.70969059508e-14,0
100.0,-0.05,0.025,9.77785852723e-15,0
100.0,-0.045,0.02,2.68908807731e-14,0
100.0,-0.045,0.025,1.97266992478e-14,0
100.0,-0.05,0.03,1.80138527858e-15,0
100.0,-0.05,0.035,-6.38685305058e-15,0
100.0,-0.045,0.03,1.21548307347e-14,0
100.0,-0.045,0.035,4.42632176305e-15,0
100.0,-0.05,0.04,-1.45964777908e-14,0
100.0,-0.05,0.045,-2.27745894712e-14,0
100.0,-0.045,0.04,-3.42444915035e-15,0
100.0,-0.045,0.045,-1.12568246383e-14,0
100.0,-0.05,0.05,-3.11221100903e-14,0
100.0,-0.05,0.055,-3.97985025544e-14,0
100.0,-0.045,0.05,-1.90916682982e-14,0
100.0,-0.045,0.055,-2.71314637711e-14,0
100.0,-0.05,0.06,-4.87727728392e-14,0
100.0,-0.05,0.065,-5.78758945364e-14,0
100.0,-0.045,0.06,-3.57151387645e-14,0
100.0,-0.045,0.065,-4.45645133654e-14,0
100.0,-0.05,0.07,-6.69962506545e-14,0
100.0,-0.05,0.075,-7.61288568937e-14,0
100.0,-0.045,0.07,-5.34000101466e-14,0
100.0,-0.045,0.075,-6.22291809458e-14,0
100.0,-0.04,-0.075,-9.83496713387e-14,0
100.0,-0.04,-0.07,-8.81294139706e-14,0
100.0,-0.035,-0.075,-8.51339662075e-14,0
100.0,-0.035,-0.07,-7.51119171245e-14,0
100.0,-0.04,-0.065,-7.77590841542e-14,0
100.0,-0.035,-0.065,-6.49840227295e-14,0
100.0,-0.04,-0.06,-6.73009466292e-14,0
100.0,-0.035,-0.06,-5.4823598166e-14,0
100.0,-0.04,-0.055,-5.68301067657e-14,0
100.0,-0.035,-0.055,-4.46885647918e-14,0
100.0,-0.04,-0.05,-4.63712876538e-14,0
100.0,-0.04,-0.045,-3.59549622346e-14,0
100.0,-0.035,-0.05,-3.45907670955e-14,0
100.0,-0.035,-0.045,-2.45914472806e-14,0
100.0,-0.04,-0.04,-2.56260383742e-14,0
100.0,-0.04,-0.035,-1.54761589033e-14,0
100.0,-0.035,-0.04,-1.47556512226e-14,0
100.0,-0.035,-0.035,-5.16943264776e-15,0
100.0,-0.04,-0.03,-5.56372462724e-15,0
100.0,-0.035,-0.03,4.10793560486e-15,0
100.0,-0.04,-0.025,4.17438354549e-15,0
100.0,-0.035,-0.025,1.31066924837e-14,0
100.0,-0.04,-0.02,1.37160711812e-14,0
100.0,-0.035,-0.02,2.16919973544e-14,0
100.0,-0.04,-0.015,2.30491263309e-14,0
100.0,-0.035,-0.015,3.00365345296e-14,0
100.0,-0.04,-0.01,3.21349302482e-14,0
100.0,-0.04,-0.005,3.98457485166e-14,0
100.0,-0.035,-0.01,3.83966297334e-14,0
100.0,-0.035,-0.005,4.59763328824e-14,0
100.0,-0.04,0,4.46130243133e-14,0
100.0,-0.04,0.005,4.50816059413e-14,0
100.0,-0.035,4.16333634234e-19,5.11315940169e-14,0
100.0,-0.035,0.005,5.22460108959e-14,0
100.0,-0.04,0.01,4.28930487036e-14,0
100.0,-0.04,0.015,4.01212590349e-14,0
100.0,-0.035,0.01,5.0374062819e-14,0
100.0,-0.035,0.015,4.75341674073e-14,0
100.0,-0.04,0.02,3.55563828778e-14,0
100.0,-0.04,0.025,2.88998056759e-14,0
100.0,-0.035,0.02,4.30657465478e-14,0
100.0,-0.035,0.025,3.71639994581e-14,0
100.0,-0.04,0.03,2.17838226194e-14,0
100.0,-0.04,0.035,1.46041164556e-14,0
100.0,-0.035,0.03,3.07051450594e-14,0
100.0,-0.035,0.035,2.41469774762e-14,0
100.0,-0.04,0.04,7.29153331887e-15,0
100.0,-0.04,0.045,-7.55089039275e-17,0
100.0,-0.035,0.04,1.74294972517e-14,0
100.0,-0.035,0.045,1.06263774569e-14,0
100.0,-0.04,0.05,-7.48629220028e-15,0
100.0,-0.04,0.055,-1.4941406445e-14,0
100.0,-0.035,0.05,3.70856302234e-15,0
100.0,-0.035,0.055,-3.2461533995e-15,0
100.0,-0.04,0.06,-2.28458920053e-14,0
100.0,-0.04,0.065,-3.12497397721e-14,0
100.0,-0.035,0.06,-1.04362479309e-14,0
100.0,-0.035,0.065,-1.81499553283e-14,0
100.0,-0.04,0.07,-3.97396456694e-14,0
100.0,-0.04,0.075,-4.82103767346e-14,0
100.0,-0.035,0.07,-2.61682014734e-14,0
100.0,-0.035,0.075,-3.42057318723e-14,0
100.0,-0.03,-0.075,-7.22752880073e-14,0
100.0,-0.03,-0.07,-6.24097739119e-14,0
100.0,-0.025,-0.075,-5.96944689562e-14,0
100.0,-0.025,-0.07,-4.99568724033e-14,0
100.0,-0.03,-0.065,-5.24756325779e-14,0
100.0,-0.025,-0.065,-4.01597704495e-14,0
100.0,-0.03,-0.06,-4.25473635217e-14,0
100.0,-0.025,-0.06,-3.04125584851e-14,0
100.0,-0.03,-0.055,-3.27021422428e-14,0
100.0,-0.025,-0.055,-2.08584576171e-14,0
100.0,-0.03,-0.05,-2.29842402522e-14,0
100.0,-0.025,-0.05,-1.15607834004e-14,0
100.0,-0.03,-0.045,-1.3448576702e-14,0
100.0,-0.025,-0.045,-2.54452609166e-15,0
100.0,-0.03,-0.04,-4.17642712996e-15,0
100.0,-0.03,-0.035,4.74879609022e-15,0
100.0,-0.025,-0.04,6.09341322072e-15,0
100.0,-0.025,-0.035,1.43338152422e-14,0
100.0,-0.03,-0.03,1.32451779169e-14,0
100.0,-0.03,-0.025,2.1179996216e-14,0
100.0,-0.025,-0.03,2.20013363048e-14,0
100.0,-0.025,-0.025,2.87300374593e-14,0
100.0,-0.03,-0.02,2.85494438816e-14,0
100.0,-0.025,-0.02,3.45658208173e-14,0
100.0,-0.03,-0.015,3.5716870562e-14,0
100.0,-0.025,-0.015,4.01400032134e-14,0
100.0,-0.03,-0.01,4.27317751127e-14,0
100.0,-0.025,-0.01,4.53908682068e-14,0
100.0,-0.03,-0.005,4.9408726502e-14,0
100.0,-0.025,-0.005,5.03049621598e-14,0
100.0,-0.03,0,5.46483825349e-14,0
100.0,-0.03,0.005,5.69599373861e-14,0
100.0,-0.025,4.16333634234e-19,5.44930814911e-14,0
100.0,-0.025,0.005,5.74410655973e-14,0
100.0,-0.03,0.01,5.64040290437e-14,0
100.0,-0.03,0.015,5.35911651577e-14,0
100.0,-0.025,0.01,5.85835622784e-14,0
100.0,-0.025,0.015,5.74076362329e-14,0
100.0,-0.03,0.02,4.93460657161e-14,0
100.0,-0.03,0.025,4.43477110035e-14,0
100.0,-0.025,0.02,5.44974433583e-14,0
100.0,-0.025,0.025,5.06155327494e-14,0
100.0,-0.03,0.03,3.87536658688e-14,0
100.0,-0.03,0.035,3.29260936117e-14,0
100.0,-0.025,0.03,4.59462098371e-14,0
100.0,-0.025,0.035,4.09214948439e-14,0
100.0,-0.03,0.04,2.68851502759e-14,0
100.0,-0.03,0.045,2.06942841486e-14,0
100.0,-0.025,0.04,3.55870530447e-14,0
100.0,-0.025,0.045,3.00466417893e-14,0
100.0,-0.03,0.05,1.42987108519e-14,0
100.0,-0.03,0.055,7.78938254852e-15,0
100.0,-0.025,0.05,2.41563979656e-14,0
100.0,-0.025,0.055,1.79265216824e-14,0
100.0,-0.03,0.06,1.15906568533e-15,0
100.0,-0.03,0.065,-5.85184544982e-15,0
100.0,-0.025,0.06,1.14923952327e-14,0
100.0,-0.025,0.065,4.89706042219e-15,0
100.0,-0.03,0.07,-1.31024816995e-14,0
100.0,-0.03,0.075,-2.0165048116e-14,0
100.0,-0.025,0.07,-1.69941919302e-15,0
100.0,-0.025,0.075,-7.91584697541e-15,0
100.0,-0.02,-0.075,-4.73852683968e-14,0
100.0,-0.02,-0.07,-3.77522268968e-14,0
100.0,-0.015,-0.075,-3.53671790548e-14,0
100.0,-0.015,-0.07,-2.58260807449e-14,0
100.0,-0.02,-0.065,-2.80367479153e-14,0
100.0,-0.015,-0.065,-1.61606973819e-14,0
100.0,-0.02,-0.06,-1.84271000017e-14,0
100.0,-0.015,-0.06,-6.64191852996e-15,0
100.0,-0.02,-0.055,-9.19413135237e-15,0
100.0,-0.015,-0.055,2.27442346852e-15,0
100.0,-0.02,-0.05,-3.64551519323e-16,0
100.0,-0.015,-0.05,1.06020585414e-14,0
100.0,-0.02,-0.045,8.08932451543e-15,0
100.0,-0.015,-0.045,1.85186188923e-14,0
100.0,-0.02,-0.04,1.61071132674e-14,0
100.0,-0.015,-0.04,2.59428896515e-14,0
100.0,-0.02,-0.035,2.36769521062e-14,0
100.0,-0.015,-0.035,3.2763483996e-14,0
100.0,-0.02,-0.03,3.03686605951e-14,0
100.0,-0.02,-0.025,3.55564513215e-14,0
100.0,-0.015,-0.03,3.82974461689e-14,0
100.0,-0.015,-0.025,4.17188497928e-14,0
100.0,-0.02,-0.02,3.95215610824e-14,0
100.0,-0.02,-0.015,4.29992249366e-14,0
100.0,-0.015,-0.02,4.34617390474e-14,0
100.0,-0.015,-0.015,4.44212625349e-14,0
100.0,-0.02,-0.01,4.59448600193e-14,0
100.0,-0.015,-0.01,4.4427043885e-14,0
100.0,-0.02,-0.005,4.86193095489e-14,0
100.0,-0.015,-0.005,4.43919656018e-14,0
100.0,-0.02,0,5.15045394993e-14,0
100.0,-0.015,4.16333634234e-19,4.57989724959e-14,0
100.0,-0.02,0.005,5.47603463352e-14,0
100.0,-0.015,0.005,4.96799224088e-14,0
100.0,-0.02,0.01,5.74736277663e-14,0
100.0,-0.02,0.015,5.87902588672e-14,0
100.0,-0.015,0.01,5.47523742527e-14,0
100.0,-0.015,0.015,5.91452113754e-14,0
100.0,-0.02,0.02,5.82567962157e-14,0
100.0,-0.02,0.025,5.58582366883e-14,0
100.0,-0.015,0.02,6.11369404995e-14,0
100.0,-0.015,0.025,6.02197251319e-14,0
100.0,-0.02,0.03,5.22563356498e-14,0
100.0,-0.02,0.035,4.81469170643e-14,0
100.0,-0.015,0.03,5.76352221364e-14,0
100.0,-0.015,0.035,5.46503956177e-14,0
100.0,-0.02,0.04,4.35645767856e-14,0
100.0,-0.02,0.045,3.86306192979e-14,0
100.0,-0.015,0.04,5.09715279239e-14,0
100.0,-0.015,0.045,4.65211211732e-14,0
100.0,-0.02,0.05,3.31845747385e-14,0
100.0,-0.02,0.055,2.7059248635e-14,0
100.0,-0.015,0.05,4.13405428958e-14,0
100.0,-0.015,0.055,3.53266173829e-14,0
100.0,-0.02,0.06,2.06009937095e-14,0
100.0,-0.02,0.065,1.41354773908e-14,0
100.0,-0.015,0.06,2.88551118963e-14,0
100.0,-0.015,0.065,2.23376116522e-14,0
100.0,-0.02,0.07,7.86419027287e-15,0
100.0,-0.02,0.075,2.00509908774e-15,0
100.0,-0.015,0.07,1.61015105707e-14,0
100.0,-0.015,0.075,1.05247588716e-14,0
100.0,-0.01,-0.075,-2.37713375939e-14,0
100.0,-0.01,-0.07,-1.43737582729e-14,0
100.0,-0.005,-0.075,-1.27673340893e-14,0
100.0,-0.005,-0.07,-3.56198166441e-15,0
100.0,-0.01,-0.065,-4.75994182163e-15,0
100.0,-0.005,-0.065,5.89606340171e-15,0
100.0,-0.01,-0.06,4.90411651971e-15,0
100.0,-0.005,-0.06,1.54755509675e-14,0
100.0,-0.01,-0.055,1.35458079187e-14,0
100.0,-0.005,-0.055,2.42327353383e-14,0
100.0,-0.01,-0.05,2.1344033206e-14,0
100.0,-0.005,-0.05,3.18026260005e-14,0
100.0,-0.01,-0.045,2.8776810962e-14,0
100.0,-0.005,-0.045,3.88545109532e-14,0
100.0,-0.01,-0.04,3.55963991917e-14,0
100.0,-0.005,-0.04,4.51028101474e-14,0
100.0,-0.01,-0.035,4.15475130317e-14,0
100.0,-0.005,-0.035,5.01962349993e-14,0
100.0,-0.01,-0.03,4.5773212507e-14,0
100.0,-0.005,-0.03,5.30244220553e-14,0
100.0,-0.01,-0.025,4.72585883496e-14,0
100.0,-0.005,-0.025,5.24870211592e-14,0
100.0,-0.01,-0.02,4.66745675803e-14,0
100.0,-0.01,-0.015,4.47134966798e-14,0
100.0,-0.005,-0.02,4.98555634494e-14,0
100.0,-0.005,-0.015,4.51495668152e-14,0
100.0,-0.0117873230072,-0.0115873794689,4.32382836585e-14,0
100.0,-0.00939961996336,-0.005,3.59570473012e-14,0
100.0,-0.00792797428371,-0.00964253216809,3.90627194315e-14,0
100.0,-0.005,-0.00939961996336,3.62138077798e-14,0
100.0,-0.0108753492546,-0.00150606400588,3.75050957172e-14,0
100.0,-0.00818101620308,-0.00211452602544,3.06153530203e-14,0
100.0,-0.00651817360753,-0.000255934956239,2.3161426061e-14,0
100.0,-0.005,6.71033969428e-08,1.17415534938e-14,0
100.0,-0.0107292118043,0.00160660295843,3.83972653123e-14,0
100.0,-0.0080188992252,0.000768320427092,2.97805520305e-14,0
100.0,-0.00939946851065,0.005,3.94729304103e-14,0
100.0,-0.00802129342231,0.00264911934363,3.1948844535e-14,0
100.0,-0.00887989370213,0.00887989479405,4.64897456911e-14,0
100.0,-0.01,0.015,5.80922434764e-14,0
100.0,-0.005,0.00939947397025,4.40546164044e-14,0
100.0,-0.005,0.015,5.57146929835e-14,0
100.0,-0.01,0.02,6.23301091603e-14,0
100.0,-0.01,0.025,6.26690820963e-14,0
100.0,-0.005,0.02,6.05993045653e-14,0
100.0,-0.005,0.025,6.20439407071e-14,0
100.0,-0.01,0.03,6.09413063979e-14,0
100.0,-0.01,0.035,5.8957693769e-14,0
100.0,-0.005,0.03,6.1233407915e-14,0
100.0,-0.005,0.035,5.96951631387e-14,0
100.0,-0.01,0.04,5.61877070264e-14,0
100.0,-0.01,0.045,5.20890167268e-14,0
100.0,-0.005,0.04,5.72135356966e-14,0
100.0,-0.005,0.045,5.28662599993e-14,0
100.0,-0.01,0.05,4.69023811149e-14,0
100.0,-0.01,0.055,4.08512973243e-14,0
100.0,-0.005,0.05,4.72778173473e-14,0
100.0,-0.005,0.055,4.12014352862e-14,0
100.0,-0.01,0.06,3.41870158162e-14,0
100.0,-0.01,0.065,2.74531031073e-14,0
100.0,-0.005,0.06,3.45388136814e-14,0
100.0,-0.005,0.065,2.75824206678e-14,0
100.0,-0.01,0.07,2.11424456341e-14,0
100.0,-0.01,0.075,1.58713698284e-14,0
100.0,-0.005,0.07,2.10551049069e-14,0
100.0,-0.005,0.075,1.56291624025e-14,0
100.0,0,-0.075,-4.65333803902e-15,0
100.0,0,-0.07,3.79495892325e-15,0
100.0,0.005,-0.075,-2.45359472719e-15,0
100.0,0.005,-0.07,5.43187889952e-15,0
100.0,0,-0.065,1.31130603095e-14,0
100.0,0.005,-0.065,1.42300848002e-14,0
100.0,0,-0.06,2.24211759335e-14,0
100.0,0.005,-0.06,2.3303204698e-14,0
100.0,0,-0.055,3.1386755082e-14,0
100.0,0.005,-0.055,3.2350885921e-14,0
100.0,0,-0.05,3.93410518914e-14,0
100.0,0.005,-0.05,4.08458877152e-14,0
100.0,0,-0.045,4.63655093669e-14,0
100.0,0.005,-0.045,4.82904117102e-14,0
100.0,0,-0.04,5.22601343694e-14,0
100.0,0.005,-0.04,5.43460569233e-14,0
100.0,0,-0.035,5.66965217006e-14,0
100.0,0.005,-0.035,5.86577889428e-14,0
100.0,0,-0.03,5.88292338659e-14,0
100.0,0.005,-0.03,6.12941099536e-14,0
100.0,0,-0.025,5.7527523327e-14,0
100.0,0.005,-0.025,6.16070442382e-14,0
100.0,0,-0.02,5.34877026052e-14,0
100.0,0.005,-0.02,5.78085710902e-14,0
100.0,0,-0.015,4.67958257442e-14,0
100.0,0.005,-0.015,5.06774005632e-14,0
100.0,-0.0021196717084,-0.00776771017156,2.95191583199e-14,0
100.0,-0.00084550708518,-0.00631514607954,2.23162112319e-14,0
100.0,6.71033969406e-08,-0.005,1.19823362705e-14,0
100.0,-0.00139054260708,-0.0110960807567,3.85044526074e-14,0
100.0,0.00132468676756,-0.00775008274642,2.94113754233e-14,0
100.0,0.00160394440688,-0.0116908851489,4.10551378728e-14,0
100.0,0.005,-0.00939946851065,3.91678295623e-14,0
100.0,0.005,0.005,2.80358517951e-14,0
100.0,-0.000107646311398,0.00617659695633,2.57003152925e-14,0
100.0,-0.00190846935279,0.0076427502668,3.59326013362e-14,0
100.0,0.00131146485568,0.00777290068297,3.52709289707e-14,0
100.0,0.00295884413402,0.00640276348073,2.94554668168e-14,0
100.0,-1.21517769428e-05,0.0108932602996,4.55192024247e-14,0
100.0,0,0.015,5.27140460781e-14,0
100.0,0.005,0.00939942566771,4.08022749245e-14,0
100.0,0.005,0.015,5.05683721448e-14,0
100.0,0,0.02,5.75805143189e-14,0
100.0,0,0.025,5.94520880453e-14,0
100.0,0.005,0.02,5.50789040302e-14,0
100.0,0.005,0.025,5.62031790924e-14,0
100.0,0,0.03,5.9009017436e-14,0
100.0,0,0.035,5.74088625324e-14,0
100.0,0.005,0.03,5.49319121542e-14,0
100.0,0.005,0.035,5.24834838497e-14,0
100.0,0,0.04,5.45605715149e-14,0
100.0,0,0.045,4.95311147941e-14,0
100.0,0.005,0.04,4.87969301517e-14,0
100.0,0.005,0.045,4.30667787204e-14,0
100.0,0,0.05,4.33071748767e-14,0
100.0,0,0.055,3.70074637285e-14,0
100.0,0.005,0.05,3.63100239492e-14,0
100.0,0.005,0.055,2.94522265825e-14,0
100.0,0,0.06,3.0404287894e-14,0
100.0,0,0.065,2.33649473852e-14,0
100.0,0.005,0.06,2.25317637444e-14,0
100.0,0.005,0.065,1.55432288305e-14,0
100.0,0,0.07,1.65512556208e-14,0
100.0,0,0.075,1.07438593192e-14,0
100.0,0.005,0.07,8.72514803344e-15,0
100.0,0.005,0.075,2.56614603773e-15,0
100.0,0.01,-0.075,-5.00154276762e-15,0
100.0,0.01,-0.07,3.01757746458e-15,0
100.0,0.015,-0.075,-1.06449474113e-14,0
100.0,0.015,-0.07,-1.67043059553e-15,0
100.0,0.01,-0.065,1.13642013826e-14,0
100.0,0.015,-0.065,7.41849240724e-15,0
100.0,0.01,-0.06,2.03401154882e-14,0
100.0,0.015,-0.06,1.66084320751e-14,0
100.0,0.01,-0.055,2.95539578012e-14,0
100.0,0.015,-0.055,2.58783700772e-14,0
100.0,0.01,-0.05,3.86366131785e-14,0
100.0,0.015,-0.05,3.52421391985e-14,0
100.0,0.01,-0.045,4.68243784961e-14,0
100.0,0.015,-0.045,4.43734012535e-14,0
100.0,0.01,-0.04,5.34483097012e-14,0
100.0,0.015,-0.04,5.19838048643e-14,0
100.0,0.01,-0.035,5.82286331458e-14,0
100.0,0.015,-0.035,5.73247699536e-14,0
100.0,0.01,-0.03,6.15217457405e-14,0
100.0,0.015,-0.03,6.13121121889e-14,0
100.0,0.01,-0.025,6.36363391333e-14,0
100.0,0.015,-0.025,6.45884735388e-14,0
100.0,0.01,-0.02,6.18534532224e-14,0
100.0,0.01,-0.015,5.58559116164e-14,0
100.0,0.015,-0.02,6.50176585708e-14,0
100.0,0.015,-0.015,6.1342361672e-14,0
100.0,0.00999280436795,-0.0116358337096,5.08657083931e-14,0
100.0,0.0105889214373,-0.00845762197625,4.71288197345e-14,0
100.0,0.015,-0.01,5.63043892452e-14,0
100.0,0.00939947397025,-0.005,3.96980714367e-14,0
100.0,0.015,-0.005,5.19962995754e-14,0
100.0,0.00658051136513,-0.00296146438142,2.79458148564e-14,0
100.0,0.00636794669772,-3.54305826484e-06,2.30953838253e-14,0
100.0,0.00795807888052,-0.00113999998936,3.07852816985e-14,0
100.0,0.00758147027913,0.00183630393596,2.97679454623e-14,0
100.0,0.0112534647756,-1.47536350887e-07,4.07188101352e-14,0
100.0,0.015,4.16333634234e-19,4.92250662327e-14,0
100.0,0.00939942566771,0.005,3.88419519272e-14,0
100.0,0.015,0.005,4.91165816808e-14,0
100.0,0.00999018807453,0.0109670628501,4.71598460915e-14,0
100.0,0.01,0.015,5.10139771265e-14,0
100.0,0.015,0.01,5.08604305875e-14,0
100.0,0.015,0.015,5.250643023e-14,0
100.0,0.01,0.02,5.33630628821e-14,0
100.0,0.01,0.025,5.27153297839e-14,0
100.0,0.015,0.02,5.21997131158e-14,0
100.0,0.015,0.025,4.94666590556e-14,0
100.0,0.01,0.03,5.00997203044e-14,0
100.0,0.01,0.035,4.64963187843e-14,0
100.0,0.015,0.03,4.52661278406e-14,0
100.0,0.015,0.035,3.99672097537e-14,0
100.0,0.01,0.04,4.13378897737e-14,0
100.0,0.01,0.045,3.4588097705e-14,0
100.0,0.015,0.04,3.30742970331e-14,0
100.0,0.015,0.045,2.54182192328e-14,0
100.0,0.01,0.05,2.72836934656e-14,0
100.0,0.01,0.055,1.99421786318e-14,0
100.0,0.015,0.05,1.76257018797e-14,0
100.0,0.015,0.055,9.87016507723e-15,0
100.0,0.01,0.06,1.2603000431e-14,0
100.0,0.01,0.065,5.31797380979e-15,0
100.0,0.015,0.06,2.11414934102e-15,0
100.0,0.015,0.065,-5.77878223082e-15,0
100.0,0.01,0.07,-1.7797735977e-15,0
100.0,0.01,0.075,-8.81516392935e-15,0
100.0,0.015,0.07,-1.41365349182e-14,0
100.0,0.015,0.075,-2.26031228376e-14,0
100.0,0.02,-0.075,-1.75489604842e-14,0
100.0,0.02,-0.07,-7.99783648118e-15,0
100.0,0.025,-0.075,-2.52765556804e-14,0
100.0,0.025,-0.07,-1.53404466491e-14,0
100.0,0.02,-0.065,1.81199862626e-15,0
100.0,0.025,-0.065,-5.21511752778e-15,0
100.0,0.02,-0.06,1.15790405412e-14,0
100.0,0.025,-0.06,5.02951635719e-15,0
100.0,0.02,-0.055,2.11102076214e-14,0
100.0,0.025,-0.055,1.52178598151e-14,0
100.0,0.02,-0.05,3.06869675795e-14,0
100.0,0.025,-0.05,2.53143762493e-14,0
100.0,0.02,-0.045,4.03768807328e-14,0
100.0,0.025,-0.045,3.5482640863e-14,0
100.0,0.02,-0.04,4.92388592875e-14,0
100.0,0.025,-0.04,4.52460924737e-14,0
100.0,0.02,-0.035,5.56085546506e-14,0
100.0,0.025,-0.035,5.28000651183e-14,0
100.0,0.02,-0.03,6.04031464253e-14,0
100.0,0.025,-0.03,5.85414112004e-14,0
100.0,0.02,-0.025,6.48719778828e-14,0
100.0,0.025,-0.025,6.4024015139e-14,0
100.0,0.02,-0.02,6.75553250491e-14,0
100.0,0.025,-0.02,6.86159726397e-14,0
100.0,0.02,-0.015,6.62543168894e-14,0
100.0,0.025,-0.015,7.00614311517e-14,0
100.0,0.02,-0.01,6.28649387014e-14,0
100.0,0.025,-0.01,6.80727597229e-14,0
100.0,0.02,-0.005,5.98471166676e-14,0
100.0,0.025,-0.005,6.55712385549e-14,0
100.0,0.02,0,5.73970643364e-14,0
100.0,0.025,4.16333634234e-19,6.29641920023e-14,0
100.0,0.02,0.005,5.57568262347e-14,0
100.0,0.025,0.005,6.0369564003e-14,0
100.0,0.02,0.01,5.48729521994e-14,0
100.0,0.025,0.01,5.78904572483e-14,0
100.0,0.02,0.015,5.36900893915e-14,0
100.0,0.025,0.015,5.45182769324e-14,0
100.0,0.02,0.02,5.08716437171e-14,0
100.0,0.02,0.025,4.59543642032e-14,0
100.0,0.025,0.02,4.9048646628e-14,0
100.0,0.025,0.025,4.11902157593e-14,0
100.0,0.02,0.03,3.95670016829e-14,0
100.0,0.02,0.035,3.20715969329e-14,0
100.0,0.025,0.03,3.22956213358e-14,0
100.0,0.025,0.035,2.31689882561e-14,0
100.0,0.02,0.04,2.38625832847e-14,0
100.0,0.02,0.045,1.5540223883e-14,0
100.0,0.025,0.04,1.40014182524e-14,0
100.0,0.025,0.045,4.961595649e-15,0
100.0,0.02,0.05,7.22474469596e-15,0
100.0,0.02,0.055,-1.0253644089e-15,0
100.0,0.025,0.05,-4.04327798754e-15,0
100.0,0.025,0.055,-1.31746319587e-14,0
100.0,0.02,0.06,-9.54924516987e-15,0
100.0,0.02,0.065,-1.86389213714e-14,0
100.0,0.025,0.06,-2.29206166573e-14,0
100.0,0.025,0.065,-3.29947858082e-14,0
100.0,0.02,0.07,-2.80475368298e-14,0
100.0,0.02,0.075,-3.7272005066e-14,0
100.0,0.025,0.07,-4.3009476283e-14,0
100.0,0.025,0.075,-5.28712765616e-14,0
100.0,0.03,-0.075,-3.35077870898e-14,0
100.0,0.03,-0.07,-2.33812849127e-14,0
100.0,0.035,-0.075,-4.20237831846e-14,0
100.0,0.035,-0.07,-3.17940592895e-14,0
100.0,0.03,-0.065,-1.30659442076e-14,0
100.0,0.035,-0.065,-2.13734430523e-14,0
100.0,0.03,-0.06,-2.5492492567e-15,0
100.0,0.035,-0.06,-1.07023250368e-14,0
100.0,0.03,-0.055,8.12241538076e-15,0
100.0,0.035,-0.055,1.54887927631e-16,0
100.0,0.03,-0.05,1.88479921704e-14,0
100.0,0.035,-0.05,1.11428892351e-14,0
100.0,0.03,-0.045,2.96095571428e-14,0
100.0,0.035,-0.045,2.22090090811e-14,0
100.0,0.03,-0.04,4.00706486602e-14,0
100.0,0.035,-0.04,3.31689634798e-14,0
100.0,0.03,-0.035,4.87081588428e-14,0
100.0,0.035,-0.035,4.31641520332e-14,0
100.0,0.03,-0.03,5.5470027037e-14,0
100.0,0.035,-0.03,5.12007991089e-14,0
100.0,0.03,-0.025,6.17363483899e-14,0
100.0,0.035,-0.025,5.77986389055e-14,0
100.0,0.03,-0.02,6.70031541811e-14,0
100.0,0.035,-0.02,6.29197048768e-14,0
100.0,0.03,-0.015,7.02121178446e-14,0
100.0,0.035,-0.015,6.66565761638e-14,0
100.0,0.03,-0.01,7.02915073767e-14,0
100.0,0.035,-0.01,6.79635540284e-14,0
100.0,0.03,-0.005,6.8325389442e-14,0
100.0,0.035,-0.005,6.6610277632e-14,0
100.0,0.03,0,6.54819404931e-14,0
100.0,0.035,4.16333634234e-19,6.36835034484e-14,0
100.0,0.03,0.005,6.20874287715e-14,0
100.0,0.035,0.005,5.93723669402e-14,0
100.0,0.03,0.01,5.79940484119e-14,0
100.0,0.035,0.01,5.35105567943e-14,0
100.0,0.03,0.015,5.22971161851e-14,0
100.0,0.035,0.015,4.54083478107e-14,0
100.0,0.03,0.02,4.39921181611e-14,0
100.0,0.035,0.02,3.52664929604e-14,0
100.0,0.03,0.025,3.37230855473e-14,0
100.0,0.035,0.025,2.4384898265e-14,0
100.0,0.03,0.03,2.34803231152e-14,0
100.0,0.03,0.035,1.3357626937e-14,0
100.0,0.035,0.03,1.35320785883e-14,0
100.0,0.035,0.035,2.79020438464e-15,0
100.0,0.03,0.04,3.43605647015e-15,0
100.0,0.03,0.045,-6.33260305887e-15,0
100.0,0.035,0.04,-7.75420223094e-15,0
100.0,0.035,0.045,-1.83014491917e-14,0
100.0,0.03,0.05,-1.62727309523e-14,0
100.0,0.03,0.055,-2.66695094586e-14,0
100.0,0.035,0.05,-2.93546342435e-14,0
100.0,0.035,0.055,-4.09117954646e-14,0
100.0,0.03,0.06,-3.74176939812e-14,0
100.0,0.03,0.065,-4.81504034382e-14,0
100.0,0.035,0.06,-5.25529744037e-14,0
100.0,0.035,0.065,-6.39604092246e-14,0
100.0,0.03,0.07,-5.86930759751e-14,0
100.0,0.03,0.075,-6.89868087048e-14,0
100.0,0.035,0.07,-7.50384486854e-14,0
100.0,0.035,0.075,-8.57295283152e-14,0
100.0,0.04,-0.075,-5.13778680994e-14,0
100.0,0.04,-0.07,-4.08523399469e-14,0
100.0,0.045,-0.075,-6.13703403186e-14,0
100.0,0.045,-0.07,-5.04239591771e-14,0
100.0,0.04,-0.065,-3.01977336503e-14,0
100.0,0.045,-0.065,-3.94438300826e-14,0
100.0,0.04,-0.06,-1.93624295504e-14,0
100.0,0.045,-0.06,-2.83933239495e-14,0
100.0,0.04,-0.055,-8.39930385604e-15,0
100.0,0.045,-0.055,-1.72742382678e-14,0
100.0,0.04,-0.05,2.67520881054e-15,0
100.0,0.045,-0.05,-6.10216648144e-15,0
100.0,0.04,-0.045,1.3848643188e-14,0
100.0,0.045,-0.045,5.10917483102e-15,0
100.0,0.04,-0.04,2.49810802988e-14,0
100.0,0.045,-0.04,1.62298411642e-14,0
100.0,0.04,-0.035,3.57089116196e-14,0
100.0,0.045,-0.035,2.70884128962e-14,0
100.0,0.04,-0.03,4.51411736886e-14,0
100.0,0.045,-0.03,3.70493247335e-14,0
100.0,0.04,-0.025,5.21886508817e-14,0
100.0,0.045,-0.025,4.50806741554e-14,0
100.0,0.04,-0.02,5.71080896101e-14,0
100.0,0.045,-0.02,5.04614707858e-14,0
100.0,0.04,-0.015,6.07509449575e-14,0
100.0,0.045,-0.015,5.32663633223e-14,0
100.0,0.04,-0.01,6.20709310795e-14,0
100.0,0.045,-0.01,5.34861786985e-14,0
100.0,0.04,-0.005,6.1094161343e-14,0
100.0,0.045,-0.005,5.2647801318e-14,0
100.0,0.04,0,5.8143824416e-14,0
100.0,0.045,4.16333634234e-19,4.98739047925e-14,0
100.0,0.04,0.005,5.30732037146e-14,0
100.0,0.045,0.005,4.42940317774e-14,0
100.0,0.04,0.01,4.57256874345e-14,0
100.0,0.045,0.01,3.61639608649e-14,0
100.0,0.04,0.015,3.59837476314e-14,0
100.0,0.045,0.015,2.57043297652e-14,0
100.0,0.04,0.02,2.50673651484e-14,0
100.0,0.045,0.02,1.42432200048e-14,0
100.0,0.04,0.025,1.39008509396e-14,0
100.0,0.045,0.025,2.69230655281e-15,0
100.0,0.04,0.03,2.63463744615e-15,0
100.0,0.045,0.03,-9.01592551057e-15,0
100.0,0.04,0.035,-8.67647531792e-15,0
100.0,0.045,0.035,-2.12440931652e-14,0
100.0,0.04,0.04,-2.00850588966e-14,0
100.0,0.04,0.045,-3.16981912111e-14,0
100.0,0.045,0.04,-3.38209478605e-14,0
100.0,0.045,0.045,-4.65539987495e-14,0
100.0,0.04,0.05,-4.37662417039e-14,0
100.0,0.04,0.055,-5.62476892841e-14,0
100.0,0.045,0.05,-5.95417343334e-14,0
100.0,0.045,0.055,-7.28222914658e-14,0
100.0,0.04,0.06,-6.86641243721e-14,0
100.0,0.04,0.065,-8.07270380177e-14,0
100.0,0.045,0.06,-8.59010685898e-14,0
100.0,0.045,0.065,-9.8571349159e-14,0
100.0,0.04,0.07,-9.22759627034e-14,0
100.0,0.04,0.075,-1.03330409317e-13,0
100.0,0.045,0.07,-1.10439204474e-13,0
100.0,0.045,0.075,-1.21734808404e-13,0
100.0,0.05,-0.075,-7.13174842157e-14,0
100.0,0.05,-0.07,-6.01199656568e-14,0
100.0,0.055,-0.075,-8.12525280627e-14,0
100.0,0.055,-0.07,-6.98631230176e-14,0
100.0,0.05,-0.065,-4.8900271336e-14,0
100.0,0.055,-0.065,-5.84630899494e-14,0
100.0,0.05,-0.06,-3.76592697793e-14,0
100.0,0.055,-0.06,-4.70593037281e-14,0
100.0,0.05,-0.055,-2.63880658454e-14,0
100.0,0.055,-0.055,-3.56428880247e-14,0
100.0,0.05,-0.05,-1.51163126102e-14,0
100.0,0.055,-0.05,-2.42562008924e-14,0
100.0,0.05,-0.045,-3.87696300958e-15,0
100.0,0.055,-0.045,-1.29456899925e-14,0
100.0,0.05,-0.04,7.22213373739e-15,0
100.0,0.055,-0.04,-1.81912685016e-15,0
100.0,0.05,-0.035,1.8084758328e-14,0
100.0,0.055,-0.035,9.01868908912e-15,0
100.0,0.05,-0.03,2.81064216103e-14,0
100.0,0.055,-0.03,1.90099128536e-14,0
100.0,0.05,-0.025,3.67164593377e-14,0
100.0,0.055,-0.025,2.76608297871e-14,0
100.0,0.05,-0.02,4.25732624771e-14,0
100.0,0.055,-0.02,3.35185967077e-14,0
100.0,0.05,-0.015,4.44201700063e-14,0
100.0,0.055,-0.015,3.51223739918e-14,0
100.0,0.05,-0.01,4.38901011128e-14,0
100.0,0.055,-0.01,3.41658626975e-14,0
100.0,0.05,-0.005,4.27493391606e-14,0
100.0,0.055,-0.005,3.22762588197e-14,0
100.0,0.05,0,3.9758112682e-14,0
100.0,0.055,4.16333634234e-19,2.83129084927e-14,0
100.0,0.05,0.005,3.39196105248e-14,0
100.0,0.055,0.005,2.22228942228e-14,0
100.0,0.05,0.01,2.55013924402e-14,0
100.0,0.055,0.01,1.39454223633e-14,0
100.0,0.05,0.015,1.46968963827e-14,0
100.0,0.055,0.015,3.27893718426e-15,0
100.0,0.05,0.02,2.83839364721e-15,0
100.0,0.055,0.02,-8.89259773021e-15,0
100.0,0.05,0.025,-9.19336805397e-15,0
100.0,0.055,0.025,-2.15449925876e-14,0
100.0,0.05,0.03,-2.17273100811e-14,0
100.0,0.055,0.03,-3.53217873182e-14,0
100.0,0.05,0.035,-3.50207071462e-14,0
100.0,0.055,0.035,-4.95013149454e-14,0
100.0,0.05,0.04,-4.84405252064e-14,0
100.0,0.055,0.04,-6.34552900739e-14,0
100.0,0.05,0.045,-6.20182688339e-14,0
100.0,0.055,0.045,-7.7809069607e-14,0
100.0,0.05,0.05,-7.61422175952e-14,0
100.0,0.05,0.055,-9.03967679988e-14,0
100.0,0.055,0.05,-9.33703760844e-14,0
100.0,0.055,0.055,-1.08713586338e-13,0
100.0,0.05,0.06,-1.04028570669e-13,0
100.0,0.05,0.065,-1.17247861076e-13,0
100.0,0.055,0.06,-1.22841210169e-13,0
100.0,0.055,0.065,-1.36662200925e-13,0
100.0,0.05,0.07,-1.29888169104e-13,0
100.0,0.05,0.075,-1.42082601411e-13,0
100.0,0.055,0.07,-1.50910011123e-13,0
100.0,0.055,0.075,-1.64671734077e-13,0
100.0,0.06,-0.075,-9.1162649262e-14,0
100.0,0.06,-0.07,-7.96172791765e-14,0
100.0,0.065,-0.075,-1.01047273416e-13,0
100.0,0.065,-0.07,-8.93748602233e-14,0
100.0,0.06,-0.065,-6.80721690305e-14,0
100.0,0.065,-0.065,-7.77038065167e-14,0
100.0,0.06,-0.06,-5.6545747907e-14,0
100.0,0.065,-0.06,-6.60789417311e-14,0
100.0,0.06,-0.055,-4.50075740336e-14,0
100.0,0.065,-0.055,-5.44393250747e-14,0
100.0,0.06,-0.05,-3.3487617034e-14,0
100.0,0.065,-0.05,-4.27670238381e-14,0
100.0,0.06,-0.045,-2.20611922836e-14,0
100.0,0.065,-0.045,-3.11847730318e-14,0
100.0,0.06,-0.04,-1.0878962222e-14,0
100.0,0.065,-0.04,-1.98937684742e-14,0
100.0,0.06,-0.035,-1.36569594863e-16,0
100.0,0.065,-0.035,-9.29632897709e-15,0
100.0,0.06,-0.03,9.70574607846e-15,0
100.0,0.065,-0.03,2.24587033443e-16,0
100.0,0.06,-0.025,1.83286581461e-14,0
100.0,0.065,-0.025,8.92518667279e-15,0
100.0,0.06,-0.02,2.41637964097e-14,0
100.0,0.065,-0.02,1.48083390103e-14,0
100.0,0.06,-0.015,2.56396920195e-14,0
100.0,0.065,-0.015,1.54619184811e-14,0
100.0,0.06,-0.01,2.37830729672e-14,0
100.0,0.065,-0.01,1.21859165184e-14,0
100.0,0.06,-0.005,2.04532007896e-14,0
100.0,0.065,-0.005,7.97071603967e-15,0
100.0,0.06,0,1.5730519741e-14,0
100.0,0.065,4.16333634234e-19,2.91057749209e-15,0
100.0,0.06,0.005,9.68323569648e-15,0
100.0,0.065,0.005,-3.03170744011e-15,0
100.0,0.06,0.01,1.58364764824e-15,0
100.0,0.065,0.01,-1.12500112592e-14,0
100.0,0.06,0.015,-9.13811962761e-15,0
100.0,0.065,0.015,-2.27980955781e-14,0
100.0,0.06,0.02,-2.18752512684e-14,0
100.0,0.065,0.02,-3.66044570253e-14,0
100.0,0.06,0.025,-3.56399594724e-14,0
100.0,0.065,0.025,-5.13220863841e-14,0
100.0,0.06,0.03,-5.03162998153e-14,0
100.0,0.065,0.03,-6.6728264721e-14,0
100.0,0.06,0.035,-6.5268244304e-14,0
100.0,0.065,0.035,-8.26524878016e-14,0
100.0,0.06,0.04,-8.01330848296e-14,0
100.0,0.065,0.04,-9.87681114963e-14,0
100.0,0.06,0.045,-9.56059612644e-14,0
100.0,0.065,0.045,-1.1549650525e-13,0
100.0,0.06,0.05,-1.12232827882e-13,0
100.0,0.065,0.05,-1.32957510962e-13,0
100.0,0.06,0.055,-1.28678118568e-13,0
100.0,0.065,0.055,-1.50422561965e-13,0
100.0,0.06,0.06,-1.4392777259e-13,0
100.0,0.06,0.065,-1.58885580783e-13,0
100.0,0.065,0.06,-1.66911872912e-13,0
100.0,0.065,0.065,-1.82999143971e-13,0
100.0,0.06,0.07,-1.74224265643e-13,0
100.0,0.06,0.075,-1.89242528463e-13,0
100.0,0.065,0.07,-1.99110336715e-13,0
100.0,0.065,0.075,-2.15102179047e-13,0
100.0,0.07,-0.075,-1.10915804365e-13,0
100.0,0.07,-0.07,-9.9133746321e-14,0
100.0,0.075,-0.075,-1.20718789996e-13,0
100.0,0.075,-0.07,-1.08863712209e-13,0
100.0,0.07,-0.065,-8.73638846081e-14,0
100.0,0.075,-0.065,-9.70063764034e-14,0
100.0,0.07,-0.06,-7.5652223389e-14,0
100.0,0.075,-0.06,-8.52419320027e-14,0
100.0,0.07,-0.055,-6.39447944296e-14,0
100.0,0.075,-0.055,-7.34945788065e-14,0
100.0,0.07,-0.05,-5.21160953039e-14,0
100.0,0.075,-0.05,-6.14887211942e-14,0
100.0,0.07,-0.045,-4.02867174704e-14,0
100.0,0.075,-0.045,-4.93598429995e-14,0
100.0,0.07,-0.04,-2.88146278193e-14,0
100.0,0.075,-0.04,-3.76971045779e-14,0
100.0,0.07,-0.035,-1.83964856058e-14,0
100.0,0.075,-0.035,-2.74202803916e-14,0
100.0,0.07,-0.03,-9.13673825307e-15,0
100.0,0.075,-0.03,-1.8266151493e-14,0
100.0,0.07,-0.025,-4.41354284449e-16,0
100.0,0.075,-0.025,-9.56715838207e-15,0
100.0,0.07,-0.02,4.94991110035e-15,0
100.0,0.075,-0.02,-4.71860703451e-15,0
100.0,0.07,-0.015,4.39977107761e-15,0
100.0,0.075,-0.015,-6.63260317441e-15,0
100.0,0.07,-0.01,4.69397791528e-16,0
100.0,0.075,-0.01,-1.10036739482e-14,0
100.0,0.07,-0.005,-4.12333765384e-15,0
100.0,0.075,-0.005,-1.59123483468e-14,0
100.0,0.07,0,-9.46724987288e-15,0
100.0,0.075,0,-2.14929431473e-14,0
100.0,0.07,0.005,-1.55549020231e-14,0
100.0,0.075,0.005,-2.77147717618e-14,0
100.0,0.07,0.01,-2.43656774956e-14,0
100.0,0.075,0.01,-3.7153395988e-14,0
100.0,0.07,0.015,-3.70547708213e-14,0
100.0,0.075,0.015,-5.11564822796e-14,0
100.0,0.07,0.02,-5.17557766631e-14,0
100.0,0.075,0.02,-6.66571228376e-14,0
100.0,0.07,0.025,-6.71952303596e-14,0
100.0,0.075,0.025,-8.27977995358e-14,0
100.0,0.07,0.03,-8.33675597418e-14,0
100.0,0.075,0.03,-9.97255669938e-14,0
100.0,0.07,0.035,-1.00213802185e-13,0
100.0,0.075,0.035,-1.17414650891e-13,0
100.0,0.07,0.04,-1.18130252187e-13,0
100.0,0.075,0.04,-1.37398363577e-13,0
100.0,0.07,0.045,-1.36425234995e-13,0
100.0,0.075,0.045,-1.57431861897e-13,0
100.0,0.07,0.05,-1.5424494884e-13,0
100.0,0.075,0.05,-1.75520008516e-13,0
100.0,0.07,0.055,-1.72074394743e-13,0
100.0,0.075,0.055,-1.93604771929e-13,0
100.0,0.07,0.06,-1.89822528679e-13,0
100.0,0.075,0.06,-2.12535676584e-13,0
100.0,0.07,0.065,-2.07253183898e-13,0
100.0,0.075,0.065,-2.31343675301e-13,0
100.0,0.07,0.07,-2.24325810892e-13,0
100.0,0.07,0.075,-2.41119022131e-13,0
100.0,0.075,0.07,-2.49381747608e-13,0
100.0,0.075,0.075,-2.66747450505e-13,0
140.0,-0.00382671281566,-0.00202612167119,0,0
140.0,-0.005,-0.005,2.57902555994e-14,0
140.0,-0.00197892066871,-0.00385133392306,0,0
140.0,-0.005,-0.00190753787223,1.53018410482e-14,0
140.0,-0.00433,0,0,0
140.0,-0.00190753787223,-0.005,1.5674677776e-14,0
140.0,0,-0.00433,0,0
140.0,-0.005,0.00190775150599,1.56077846603e-14,0
140.0,-0.00385133392306,0.00197892066871,0,0
140.0,0.00190775150599,-0.005,1.59097994632e-14,0
140.0,0.00202612167119,-0.00382671281566,0,0
140.0,-0.00202612167119,0.00382671281566,0,0
140.0,-0.005,0.005,2.77764197584e-14,0
140.0,-0.0019094272225,0.005,1.58588577931e-14,0
140.0,0,0.00433,0,0
140.0,0.00147766755988,0.00407006125046,0,0
140.0,8.32667268469e-19,0.005,1.13267145159e-14,0
140.0,0.00433,0,0,0
140.0,0.005,1.38777878078e-18,1.18173994946e-14,0
140.0,0.00407006125046,0.00147766755988,0,0
140.0,0.005,-0.005,2.82763574489e-14,0
140.0,0.00385133392306,-0.00197892066871,0,0
140.0,0.005,-0.0019094272225,1.58988491429e-14,0
140.0,0.00306177236254,0.00306177236254,0,0
140.0,0.0019094272225,0.005,1.60155987156e-14,0
140.0,0.005,0.0019094272225,1.61953085666e-14,0
140.0,-0.000885,-0.0015328649647,1.27150017532e-12,0
140.0,-0.0015328649647,-0.000885,1.2716225528e-12,0
140.0,-0.00186450691264,-0.00187567167242,8.43012287157e-13,0
140.0,-0.00177,0,1.27131429919e-12,0
140.0,-0.00268433516245,-0.000738983120158,7.59095139191e-13,0
140.0,0,-0.00177,1.27146182644e-12,0
140.0,-0.000718432264205,-0.00269192408424,7.57389002207e-13,0
140.0,-0.0015328649647,0.000885,1.26980985939e-12,0
140.0,-0.00265321485144,0.000647311733689,7.89877629489e-13,0
140.0,-0.000885,0.0015328649647,1.26818240169e-12,0
140.0,-0.00194719253591,0.00178443766524,8.43938600888e-13,0
140.0,0,0.00177,1.26407633034e-12,0
140.0,-0.000802720381054,0.00273415977115,7.17489340629e-13,0
140.0,0.000885,-0.0015328649647,1.27015069796e-12,0
140.0,0.00075154031863,-0.00270385456952,7.452792105e-13,0
140.0,0.00177,0,1.26241611619e-12,0
140.0,0.0015328649647,-0.000885,1.26799833468e-12,0
140.0,0.00271471102228,-0.000564731152102,7.60902783714e-13,0
140.0,0.00192394637685,-0.00189207206672,8.10083669713e-13,0
140.0,0.00231817117671,0.00040530921667,9.87895627199e-13,0
140.0,0.0015328649647,0.000885,1.26068253225e-12,0
140.0,0.000885,0.0015328649647,1.26138758118e-12,0
140.0,0.000427053001345,0.00287092483521,6.82179382077e-13,0
140.0,0.00187618296239,0.00184774001435,8.33327786591e-13,0
140.0,0.00312733402203,0.000607809752493,5.19191429079e-13,0
140.0,0.00276214303706,0.00136595635004,5.76850879662e-13,0
140.0,0.0014100336009,0.00268674970267,6.04762758727e-13,0
140.0,-0.075,-0.075,3.38569263012e-14,0
140.0,-0.07,-0.075,5.19235288419e-14,0
140.0,-0.075,-0.07,9.94147295212e-15,0
140.0,-0.07,-0.07,2.82415513498e-14,0
140.0,-0.075,-0.065,-1.42771289961e-14,0
140.0,-0.07,-0.065,4.39586369645e-15,0
140.0,-0.065,-0.075,6.9664827828e-14,0
140.0,-0.065,-0.07,4.63941535869e-14,0
140.0,-0.065,-0.065,2.30560089559e-14,0
140.0,-0.075,-0.06,-3.96700307455e-14,0
140.0,-0.07,-0.06,-1.99943003197e-14,0
140.0,-0.065,-0.06,-5.10254585931e-16,0
140.0,-0.075,-0.055,-6.52626360506e-14,0
140.0,-0.07,-0.055,-4.44163494331e-14,0
140.0,-0.065,-0.055,-2.40221909687e-14,0
140.0,-0.075,-0.05,-9.00779407159e-14,0
140.0,-0.07,-0.05,-6.84233849899e-14,0
140.0,-0.065,-0.05,-4.71111680803e-14,0
140.0,-0.075,-0.045,-1.15212450235e-13,0
140.0,-0.07,-0.045,-9.26281826335e-14,0
140.0,-0.065,-0.045,-7.02534506302e-14,0
140.0,-0.075,-0.04,-1.40852573967e-13,0
140.0,-0.07,-0.04,-1.17446838757e-13,0
140.0,-0.075,-0.035,-1.67449631751e-13,0
140.0,-0.07,-0.035,-1.43102701974e-13,0
140.0,-0.065,-0.04,-9.38970867221e-14,0
140.0,-0.065,-0.035,-1.18137310603e-13,0
140.0,-0.075,-0.03,-1.99972271441e-13,0
140.0,-0.07,-0.03,-1.71976356685e-13,0
140.0,-0.075,-0.025,-2.38981359383e-13,0
140.0,-0.07,-0.025,-2.0480973787e-13,0
140.0,-0.065,-0.03,-1.43858036654e-13,0
140.0,-0.065,-0.025,-1.71365471884e-13,0
140.0,-0.075,-0.02,-2.82955588213e-13,0
140.0,-0.07,-0.02,-2.41030167167e-13,0
140.0,-0.075,-0.015,-3.32263050633e-13,0
140.0,-0.07,-0.015,-2.81400187002e-13,0
140.0,-0.065,-0.02,-2.00594251787e-13,0
140.0,-0.065,-0.015,-2.31982454337e-13,0
140.0,-0.075,-0.01,-3.85255652137e-13,0
140.0,-0.07,-0.01,-3.26268539771e-13,0
140.0,-0.075,-0.005,-4.35537808062e-13,0
140.0,-0.07,-0.005,-3.70041231002e-13,0
140.0,-0.065,-0.01,-2.69219735767e-13,0
140.0,-0.065,-0.005,-3.07397784783e-13,0
140.0,-0.075,0,-4.76077999484e-13,0
140.0,-0.07,0,-4.06738954498e-13,0
140.0,-0.075,0.005,-5.04661503055e-13,0
140.0,-0.07,0.005,-4.32902588538e-13,0
140.0,-0.065,4.16333634234e-19,-3.407914577e-13,0
140.0,-0.065,0.005,-3.64905336846e-13,0
140.0,-0.075,0.01,-5.15629638956e-13,0
140.0,-0.07,0.01,-4.43874963164e-13,0
140.0,-0.075,0.015,-5.04590483634e-13,0
140.0,-0.07,0.015,-4.35437513878e-13,0
140.0,-0.065,0.01,-3.75376784802e-13,0
140.0,-0.065,0.015,-3.68297285932e-13,0
140.0,-0.075,0.02,-4.81832713965e-13,0
140.0,-0.07,0.02,-4.1386569886e-13,0
140.0,-0.075,0.025,-4.55269048327e-13,0
140.0,-0.07,0.025,-3.87953505354e-13,0
140.0,-0.065,0.02,-3.47917311215e-13,0
140.0,-0.065,0.025,-3.22677510635e-13,0
140.0,-0.075,0.03,-4.23073093125e-13,0
140.0,-0.07,0.03,-3.56529889563e-13,0
140.0,-0.075,0.035,-3.85620652923e-13,0
140.0,-0.07,0.035,-3.19891332587e-13,0
140.0,-0.065,0.03,-2.92346952347e-13,0
140.0,-0.065,0.035,-2.56861344749e-13,0
140.0,-0.075,0.04,-3.39866441949e-13,0
140.0,-0.07,0.04,-2.78039640552e-13,0
140.0,-0.075,0.045,-2.90341422676e-13,0
140.0,-0.07,0.045,-2.33620327142e-13,0
140.0,-0.065,0.04,-2.18385148603e-13,0
140.0,-0.065,0.045,-1.77912219066e-13,0
140.0,-0.075,0.05,-2.44202755995e-13,0
140.0,-0.07,0.05,-1.89820213914e-13,0
140.0,-0.075,0.055,-1.99133567592e-13,0
140.0,-0.07,0.055,-1.46110016465e-13,0
140.0,-0.065,0.05,-1.36336175091e-13,0
140.0,-0.065,0.055,-9.37738984761e-14,0
140.0,-0.075,0.06,-1.54508277858e-13,0
140.0,-0.07,0.06,-1.02107712264e-13,0
140.0,-0.075,0.065,-1.09889231394e-13,0
140.0,-0.07,0.065,-5.77212348939e-14,0
140.0,-0.065,0.06,-5.03096066107e-14,0
140.0,-0.065,0.065,-6.11832866076e-15,0
140.0,-0.075,0.07,-6.48764285183e-14,0
140.0,-0.07,0.07,-1.28287159012e-14,0
140.0,-0.075,0.075,-1.95590528567e-14,0
140.0,-0.07,0.075,3.2441845658e-14,0
140.0,-0.065,0.07,3.87075179369e-14,0
140.0,-0.065,0.075,8.39614853397e-14,0
140.0,-0.06,-0.075,8.71053734503e-14,0
140.0,-0.06,-0.07,6.4222864797e-14,0
140.0,-0.06,-0.065,4.14892691767e-14,0
140.0,-0.055,-0.075,1.03950473551e-13,0
140.0,-0.055,-0.07,8.15272143291e-14,0
140.0,-0.055,-0.065,5.95163054145e-14,0
140.0,-0.06,-0.06,1.87726619678e-14,0
140.0,-0.06,-0.055,-3.86687147029e-15,0
140.0,-0.055,-0.06,3.76643019445e-14,0
140.0,-0.055,-0.055,1.58796698077e-14,0
140.0,-0.06,-0.05,-2.62657787264e-14,0
140.0,-0.055,-0.05,-5.82370807672e-15,0
140.0,-0.06,-0.045,-4.84804687716e-14,0
140.0,-0.055,-0.045,-2.71625673968e-14,0
140.0,-0.06,-0.04,-7.0595392623e-14,0
140.0,-0.055,-0.04,-4.78694605731e-14,0
140.0,-0.06,-0.035,-9.29439601068e-14,0
140.0,-0.055,-0.035,-6.83482018695e-14,0
140.0,-0.06,-0.03,-1.16003418659e-13,0
140.0,-0.06,-0.025,-1.39731386439e-13,0
140.0,-0.055,-0.03,-8.90798742287e-14,0
140.0,-0.055,-0.025,-1.09883237362e-13,0
140.0,-0.06,-0.02,-1.63726304827e-13,0
140.0,-0.06,-0.015,-1.88528429828e-13,0
140.0,-0.055,-0.02,-1.30086665582e-13,0
140.0,-0.055,-0.015,-1.50234971669e-13,0
140.0,-0.06,-0.01,-2.1754820401e-13,0
140.0,-0.06,-0.005,-2.49082404111e-13,0
140.0,-0.055,-0.01,-1.73306211629e-13,0
140.0,-0.055,-0.005,-1.97851731417e-13,0
140.0,-0.06,0,-2.78368461609e-13,0
140.0,-0.06,0.005,-2.99493260061e-13,0
140.0,-0.055,4.16333634234e-19,-2.21566347436e-13,0
140.0,-0.055,0.005,-2.38171487521e-13,0
140.0,-0.06,0.01,-3.08222632312e-13,0
140.0,-0.06,0.015,-3.02764187546e-13,0
140.0,-0.055,0.01,-2.44607238411e-13,0
140.0,-0.055,0.015,-2.40390795419e-13,0
140.0,-0.06,0.02,-2.85268689111e-13,0
140.0,-0.06,0.025,-2.60768459084e-13,0
140.0,-0.055,0.02,-2.26178410182e-13,0
140.0,-0.055,0.025,-2.03418533854e-13,0
140.0,-0.06,0.03,-2.31812490534e-13,0
140.0,-0.06,0.035,-1.98856751873e-13,0
140.0,-0.055,0.03,-1.75996601156e-13,0
140.0,-0.055,0.035,-1.44804810373e-13,0
140.0,-0.06,0.04,-1.6294428621e-13,0
140.0,-0.06,0.045,-1.24851335975e-13,0
140.0,-0.055,0.04,-1.1034443769e-13,0
140.0,-0.055,0.045,-7.35689920947e-14,0
140.0,-0.06,0.05,-8.44291550521e-14,0
140.0,-0.06,0.055,-4.25055069495e-14,0
140.0,-0.055,0.05,-3.3852299662e-14,0
140.0,-0.055,0.055,7.74591778769e-15,0
140.0,-0.06,0.06,6.58055883412e-16,0
140.0,-0.06,0.065,4.47604006447e-14,0
140.0,-0.055,0.06,5.07750676882e-14,0
140.0,-0.055,0.065,9.49717250751e-14,0
140.0,-0.06,0.07,8.96518963263e-14,0
140.0,-0.06,0.075,1.35044323061e-13,0
140.0,-0.055,0.07,1.40200137513e-13,0
140.0,-0.055,0.075,1.86068975709e-13,0
140.0,-0.05,-0.075,1.17054265496e-13,0
140.0,-0.05,-0.07,9.63186690554e-14,0
140.0,-0.045,-0.075,1.25365603684e-13,0
140.0,-0.045,-0.07,1.0700570002e-13,0
140.0,-0.05,-0.065,7.58785239908e-14,0
140.0,-0.045,-0.065,8.83797079971e-14,0
140.0,-0.05,-0.06,5.51645771811e-14,0
140.0,-0.05,-0.055,3.4207594968e-14,0
140.0,-0.045,-0.06,6.93020860346e-14,0
140.0,-0.045,-0.055,4.98852014106e-14,0
140.0,-0.05,-0.05,1.35498587352e-14,0
140.0,-0.05,-0.045,-6.61056501551e-15,0
140.0,-0.045,-0.05,3.08742292017e-14,0
140.0,-0.045,-0.045,1.24056257528e-14,0
140.0,-0.05,-0.04,-2.60589575511e-14,0
140.0,-0.045,-0.04,-5.51880120227e-15,0
140.0,-0.05,-0.035,-4.48598526208e-14,0
140.0,-0.045,-0.035,-2.26088412206e-14,0
140.0,-0.05,-0.03,-6.32104501942e-14,0
140.0,-0.045,-0.03,-3.8716752813e-14,0
140.0,-0.05,-0.025,-8.14137924158e-14,0
140.0,-0.045,-0.025,-5.42040436084e-14,0
140.0,-0.05,-0.02,-9.93966828845e-14,0
140.0,-0.05,-0.015,-1.17058419075e-13,0
140.0,-0.045,-0.02,-6.96770871325e-14,0
140.0,-0.045,-0.015,-8.47860940909e-14,0
140.0,-0.05,-0.01,-1.35565633513e-13,0
140.0,-0.05,-0.005,-1.54745278951e-13,0
140.0,-0.045,-0.01,-9.9370679416e-14,0
140.0,-0.045,-0.005,-1.14309857155e-13,0
140.0,-0.05,0,-1.71922166308e-13,0
140.0,-0.05,0.005,-1.82800975606e-13,0
140.0,-0.045,4.16333634234e-19,-1.27170425691e-13,0
140.0,-0.045,0.005,-1.34101792564e-13,0
140.0,-0.05,0.01,-1.859550086e-13,0
140.0,-0.05,0.015,-1.82678109468e-13,0
140.0,-0.045,0.01,-1.34091488642e-13,0
140.0,-0.045,0.015,-1.31513551005e-13,0
140.0,-0.05,0.02,-1.71537882293e-13,0
140.0,-0.05,0.025,-1.51058956679e-13,0
140.0,-0.045,0.02,-1.21955757903e-13,0
140.0,-0.045,0.025,-1.02298698056e-13,0
140.0,-0.05,0.03,-1.24700942165e-13,0
140.0,-0.05,0.035,-9.48094879537e-14,0
140.0,-0.045,0.03,-7.65750738215e-14,0
140.0,-0.045,0.035,-4.76015511034e-14,0
140.0,-0.05,0.04,-6.11464353029e-14,0
140.0,-0.05,0.045,-2.50046879309e-14,0
140.0,-0.045,0.04,-1.48670512527e-14,0
140.0,-0.045,0.045,2.06259555908e-14,0
140.0,-0.05,0.05,1.42971398351e-14,0
140.0,-0.05,0.055,5.57999309485e-14,0
140.0,-0.045,0.05,5.91672687167e-14,0
140.0,-0.045,0.055,1.00432409926e-13,0
140.0,-0.05,0.06,9.89549659225e-14,0
140.0,-0.05,0.065,1.43620576853e-13,0
140.0,-0.045,0.06,1.44361513802e-13,0
140.0,-0.045,0.065,1.89766916414e-13,0
140.0,-0.05,0.07,1.89574874906e-13,0
140.0,-0.05,0.075,2.36496788021e-13,0
140.0,-0.045,0.07,2.36487782888e-13,0
140.0,-0.045,0.075,2.84495586684e-13,0
140.0,-0.04,-0.075,1.32683040744e-13,0
140.0,-0.04,-0.07,1.15349825313e-13,0
140.0,-0.035,-0.075,1.38915989444e-13,0
140.0,-0.035,-0.07,1.2268818216e-13,0
140.0,-0.04,-0.065,9.81226501868e-14,0
140.0,-0.035,-0.065,1.06752134604e-13,0
140.0,-0.04,-0.06,8.08087441901e-14,0
140.0,-0.035,-0.06,9.10327015112e-14,0
140.0,-0.04,-0.055,6.33879418317e-14,0
140.0,-0.035,-0.055,7.54419464373e-14,0
140.0,-0.04,-0.05,4.61970542239e-14,0
140.0,-0.04,-0.045,2.95231443859e-14,0
140.0,-0.035,-0.05,6.00267730016e-14,0
140.0,-0.035,-0.045,4.50948626357e-14,0
140.0,-0.04,-0.04,1.34089433029e-14,0
140.0,-0.04,-0.035,-1.93810180527e-15,0
140.0,-0.035,-0.04,3.06960364191e-14,0
140.0,-0.035,-0.035,1.69812641681e-14,0
140.0,-0.04,-0.03,-1.62800289992e-14,0
140.0,-0.035,-0.03,4.15439033545e-15,0
140.0,-0.04,-0.025,-2.96096274262e-14,0
140.0,-0.035,-0.025,-7.59552454659e-15,0
140.0,-0.04,-0.02,-4.20728583244e-14,0
140.0,-0.035,-0.02,-1.79199248484e-14,0
140.0,-0.04,-0.015,-5.37276068831e-14,0
140.0,-0.035,-0.015,-2.68349733035e-14,0
140.0,-0.04,-0.01,-6.39707591467e-14,0
140.0,-0.04,-0.005,-7.40444751897e-14,0
140.0,-0.035,-0.01,-3.33986671505e-14,0
140.0,-0.035,-0.005,-3.85369375001e-14,0
140.0,-0.04,0,-8.42297387492e-14,0
140.0,-0.04,0.005,-8.97765221673e-14,0
140.0,-0.035,4.16333634234e-19,-4.46413815463e-14,0
140.0,-0.035,0.005,-4.7801990494e-14,0
140.0,-0.04,0.01,-8.91884456973e-14,0
140.0,-0.04,0.015,-8.601307224e-14,0
140.0,-0.035,0.01,-4.71639307024e-14,0
140.0,-0.035,0.015,-4.36619494872e-14,0
140.0,-0.04,0.02,-7.5897178822e-14,0
140.0,-0.04,0.025,-5.73618398822e-14,0
140.0,-0.035,0.02,-3.31546778557e-14,0
140.0,-0.035,0.025,-1.60677157808e-14,0
140.0,-0.04,0.03,-3.24843580002e-14,0
140.0,-0.04,0.035,-4.19516055968e-15,0
140.0,-0.035,0.03,7.42218357166e-15,0
140.0,-0.035,0.035,3.47429824608e-14,0
140.0,-0.04,0.04,2.75718668099e-14,0
140.0,-0.04,0.045,6.22930918606e-14,0
140.0,-0.035,0.04,6.55783847231e-14,0
140.0,-0.035,0.045,9.95724834894e-14,0
140.0,-0.04,0.05,1.00061152041e-13,0
140.0,-0.04,0.055,1.40810227363e-13,0
140.0,-0.035,0.05,1.36842821808e-13,0
140.0,-0.035,0.055,1.77315279985e-13,0
140.0,-0.04,0.06,1.85718682656e-13,0
140.0,-0.04,0.065,2.32417051596e-13,0
140.0,-0.035,0.06,2.22536284586e-13,0
140.0,-0.035,0.065,2.70428752353e-13,0
140.0,-0.04,0.07,2.79894276404e-13,0
140.0,-0.04,0.075,3.28881487143e-13,0
140.0,-0.035,0.07,3.19016977933e-13,0
140.0,-0.035,0.075,3.69047928421e-13,0
140.0,-0.03,-0.075,1.43823978806e-13,0
140.0,-0.03,-0.07,1.28673298606e-13,0
140.0,-0.025,-0.075,1.46894100247e-13,0
140.0,-0.025,-0.07,1.3291721177e-13,0
140.0,-0.03,-0.065,1.14046119123e-13,0
140.0,-0.025,-0.065,1.19806567475e-13,0
140.0,-0.03,-0.06,9.97830050877e-14,0
140.0,-0.025,-0.06,1.07184652925e-13,0
140.0,-0.03,-0.055,8.58589477048e-14,0
140.0,-0.025,-0.055,9.49495890875e-14,0
140.0,-0.03,-0.05,7.2267004677e-14,0
140.0,-0.025,-0.05,8.31198746406e-14,0
140.0,-0.03,-0.045,5.90668375708e-14,0
140.0,-0.025,-0.045,7.15621927624e-14,0
140.0,-0.03,-0.04,4.63344657308e-14,0
140.0,-0.03,-0.035,3.41177300856e-14,0
140.0,-0.025,-0.04,6.03630449699e-14,0
140.0,-0.025,-0.035,4.95416221495e-14,0
140.0,-0.03,-0.03,2.25950504393e-14,0
140.0,-0.03,-0.025,1.20788602597e-14,0
140.0,-0.025,-0.03,3.91554992382e-14,0
140.0,-0.025,-0.025,2.95314333677e-14,0
140.0,-0.03,-0.02,2.95837912402e-15,0
140.0,-0.025,-0.02,2.11062539926e-14,0
140.0,-0.03,-0.015,-4.50435598449e-15,0
140.0,-0.025,-0.015,1.43596340815e-14,0
140.0,-0.03,-0.01,-9.36418839595e-15,0
140.0,-0.025,-0.01,1.02869858147e-14,0
140.0,-0.03,-0.005,-1.18488454558e-14,0
140.0,-0.025,-0.005,9.10326285074e-15,0
140.0,-0.03,0,-1.22821416264e-14,0
140.0,-0.03,0.005,-1.19336930295e-14,0
140.0,-0.025,4.16333634234e-19,1.04359150783e-14,0
140.0,-0.025,0.005,1.24573705597e-14,0
140.0,-0.03,0.01,-1.15254996047e-14,0
140.0,-0.03,0.015,-8.13321798797e-15,0
140.0,-0.025,0.01,1.49794842052e-14,0
140.0,-0.025,0.015,2.07999280237e-14,0
140.0,-0.03,0.02,2.75929851072e-15,0
140.0,-0.03,0.025,1.97547859591e-14,0
140.0,-0.025,0.02,3.24338775514e-14,0
140.0,-0.025,0.025,4.97305045975e-14,0
140.0,-0.03,0.03,4.23196024e-14,0
140.0,-0.03,0.035,6.87537778177e-14,0
140.0,-0.025,0.03,7.18435418992e-14,0
140.0,-0.025,0.035,9.75316746192e-14,0
140.0,-0.03,0.04,9.8658538955e-14,0
140.0,-0.03,0.045,1.31706863661e-13,0
140.0,-0.025,0.04,1.26416701453e-13,0
140.0,-0.025,0.045,1.58194239343e-13,0
140.0,-0.03,0.05,1.68163293583e-13,0
140.0,-0.03,0.055,2.08081844814e-13,0
140.0,-0.025,0.05,1.93155894724e-13,0
140.0,-0.025,0.055,2.31105362824e-13,0
140.0,-0.03,0.06,2.52464806013e-13,0
140.0,-0.03,0.065,2.99189381233e-13,0
140.0,-0.025,0.06,2.71355859231e-13,0
140.0,-0.025,0.065,3.13524755076e-13,0
140.0,-0.03,0.07,3.47157976661e-13,0
140.0,-0.03,0.075,3.97344186967e-13,0
140.0,-0.025,0.07,3.58296324279e-13,0
140.0,-0.025,0.075,4.0538448921e-13,0
140.0,-0.02,-0.075,1.47516805814e-13,0
140.0,-0.02,-0.07,1.34676352218e-13,0
140.0,-0.015,-0.075,1.453346142e-13,0
140.0,-0.015,-0.07,1.33478362358e-13,0
140.0,-0.02,-0.065,1.23106602244e-13,0
140.0,-0.015,-0.065,1.23517449146e-13,0
140.0,-0.02,-0.06,1.1256300457e-13,0
140.0,-0.015,-0.06,1.1576387098e-13,0
140.0,-0.02,-0.055,1.02503902036e-13,0
140.0,-0.015,-0.055,1.08474847359e-13,0
140.0,-0.02,-0.05,9.26439305079e-14,0
140.0,-0.015,-0.05,1.00818209105e-13,0
140.0,-0.02,-0.045,8.27808500373e-14,0
140.0,-0.015,-0.045,9.28242063185e-14,0
140.0,-0.02,-0.04,7.29308986339e-14,0
140.0,-0.015,-0.04,8.43094762932e-14,0
140.0,-0.02,-0.035,6.32147256751e-14,0
140.0,-0.015,-0.035,7.54815539009e-14,0
140.0,-0.02,-0.03,5.36925910766e-14,0
140.0,-0.02,-0.025,4.44930470164e-14,0
140.0,-0.015,-0.03,6.6369410025e-14,0
140.0,-0.015,-0.025,5.69994328024e-14,0
140.0,-0.02,-0.02,3.61338022604e-14,0
140.0,-0.02,-0.015,2.92967802626e-14,0
140.0,-0.015,-0.02,4.79659014573e-14,0
140.0,-0.015,-0.015,4.01179848339e-14,0
140.0,-0.02,-0.01,2.48227742648e-14,0
140.0,-0.015,-0.01,3.41501433048e-14,0
140.0,-0.02,-0.005,2.30715381847e-14,0
140.0,-0.015,-0.005,3.09719761588e-14,0
140.0,-0.02,0,2.39252910385e-14,0
140.0,-0.015,4.16333634234e-19,3.13374427873e-14,0
140.0,-0.02,0.005,2.70127011087e-14,0
140.0,-0.015,0.005,3.57044119209e-14,0
140.0,-0.02,0.01,3.2490533819e-14,0
140.0,-0.02,0.015,4.18565774335e-14,0
140.0,-0.015,0.01,4.42678534803e-14,0
140.0,-0.015,0.015,5.71888161194e-14,0
140.0,-0.02,0.02,5.56183087134e-14,0
140.0,-0.02,0.025,7.38269674642e-14,0
140.0,-0.015,0.02,7.35168942864e-14,0
140.0,-0.015,0.025,9.26102490798e-14,0
140.0,-0.02,0.03,9.58559943352e-14,0
140.0,-0.02,0.035,1.21069394203e-13,0
140.0,-0.015,0.03,1.14480265023e-13,0
140.0,-0.015,0.035,1.39616484521e-13,0
140.0,-0.02,0.04,1.49092074294e-13,0
140.0,-0.02,0.045,1.79276785059e-13,0
140.0,-0.015,0.04,1.67590301365e-13,0
140.0,-0.015,0.045,1.95988147351e-13,0
140.0,-0.02,0.05,2.11312729928e-13,0
140.0,-0.02,0.055,2.4468039036e-13,0
140.0,-0.015,0.05,2.2328606903e-13,0
140.0,-0.015,0.055,2.51338058088e-13,0
140.0,-0.02,0.06,2.79696150481e-13,0
140.0,-0.02,0.065,3.17256158144e-13,0
140.0,-0.015,0.06,2.81644001427e-13,0
140.0,-0.015,0.065,3.14161208652e-13,0
140.0,-0.02,0.07,3.5772747005e-13,0
140.0,-0.02,0.075,4.01368597912e-13,0
140.0,-0.015,0.07,3.48951354362e-13,0
140.0,-0.015,0.075,3.88793557983e-13,0
140.0,-0.01,-0.075,1.37754778014e-13,0
140.0,-0.01,-0.07,1.27078865457e-13,0
140.0,-0.005,-0.075,1.23954490188e-13,0
140.0,-0.005,-0.07,1.14233806376e-13,0
140.0,-0.01,-0.065,1.19181791296e-13,0
140.0,-0.005,-0.065,1.08001991173e-13,0
140.0,-0.01,-0.06,1.16061118658e-13,0
140.0,-0.005,-0.06,1.10347069685e-13,0
140.0,-0.01,-0.055,1.13038243388e-13,0
140.0,-0.005,-0.055,1.15425218108e-13,0
140.0,-0.01,-0.05,1.07701714826e-13,0
140.0,-0.005,-0.05,1.13429609573e-13,0
140.0,-0.01,-0.045,1.01674084166e-13,0
140.0,-0.005,-0.045,1.09791429455e-13,0
140.0,-0.01,-0.04,9.4621410426e-14,0
140.0,-0.005,-0.04,1.04294277621e-13,0
140.0,-0.01,-0.035,8.65899264937e-14,0
140.0,-0.005,-0.035,9.6974645746e-14,0
140.0,-0.01,-0.03,7.75387190131e-14,0
140.0,-0.005,-0.03,8.78295997405e-14,0
140.0,-0.01,-0.025,6.74404960496e-14,0
140.0,-0.005,-0.025,7.66617117564e-14,0
140.0,-0.01,-0.02,5.70920340998e-14,0
140.0,-0.01,-0.015,4.71946404691e-14,0
140.0,-0.005,-0.02,6.46563108743e-14,0
140.0,-0.005,-0.015,5.21118194662e-14,0
140.0,-0.0117873230072,-0.0115873794689,3.95342024969e-14,0
140.0,-0.00939961996336,-0.005,3.16838843389e-14,0
140.0,-0.00792797428371,-0.00964253216809,3.82427445777e-14,0
140.0,-0.005,-0.00939961996336,3.7405131426e-14,0
140.0,-0.0108753492546,-0.00150606400588,3.08224893171e-14,0
140.0,-0.00818101620308,-0.00211452602544,2.76244915007e-14,0
140.0,-0.00651817360753,-0.000255934956239,2.193897189e-14,0
140.0,-0.005,6.71033969428e-08,1.15288893753e-14,0
140.0,-0.0107292118043,0.00160660295843,3.20359311063e-14,0
140.0,-0.0080188992252,0.000768320427092,2.70859338512e-14,0
140.0,-0.00939946851065,0.005,3.56258763341e-14,0
140.0,-0.00802129342231,0.00264911934363,2.93513083338e-14,0
140.0,-0.00887989370213,0.00887989479405,4.56562877614e-14,0
140.0,-0.01,0.015,6.60242802398e-14,0
140.0,-0.005,0.00939947397025,4.66744444326e-14,0
140.0,-0.005,0.015,6.86571534204e-14,0
140.0,-0.01,0.02,8.48216839275e-14,0
140.0,-0.01,0.025,1.04332253869e-13,0
140.0,-0.005,0.02,8.80366805741e-14,0
140.0,-0.005,0.025,1.07129866334e-13,0
140.0,-0.01,0.03,1.25068580364e-13,0
140.0,-0.01,0.035,1.48608898916e-13,0
140.0,-0.005,0.03,1.26233847375e-13,0
140.0,-0.005,0.035,1.46394862682e-13,0
140.0,-0.01,0.04,1.74999335783e-13,0
140.0,-0.01,0.045,1.99985146635e-13,0
140.0,-0.005,0.04,1.68033709518e-13,0
140.0,-0.005,0.045,1.86750500652e-13,0
140.0,-0.01,0.05,2.21651805225e-13,0
140.0,-0.01,0.055,2.4309212297e-13,0
140.0,-0.005,0.05,2.01208178899e-13,0
140.0,-0.005,0.055,2.15064754719e-13,0
140.0,-0.01,0.06,2.66800053283e-13,0
140.0,-0.01,0.065,2.92610418162e-13,0
140.0,-0.005,0.06,2.31000814437e-13,0
140.0,-0.005,0.065,2.48732580463e-13,0
140.0,-0.01,0.07,3.20542689198e-13,0
140.0,-0.01,0.075,3.53239562023e-13,0
140.0,-0.005,0.07,2.6867331604e-13,0
140.0,-0.005,0.075,2.91433828525e-13,0
140.0,0,-0.075,7.86758197741e-14,0
140.0,0,-0.07,7.56060355108e-14,0
140.0,0.005,-0.075,1.06538375822e-15,0
140.0,0.005,-0.07,1.37614856627e-14,0
140.0,0,-0.065,7.73563442679e-14,0
140.0,0.005,-0.065,2.92242885948e-14,0
140.0,0,-0.06,8.89214264917e-14,0
140.0,0.005,-0.06,5.31793787594e-14,0
140.0,0,-0.055,1.03450661991e-13,0
140.0,0.005,-0.055,7.68311136962e-14,0
140.0,0,-0.05,1.10942089204e-13,0
140.0,0.005,-0.05,9.47367276784e-14,0
140.0,0,-0.045,1.12968828402e-13,0
140.0,0.005,-0.045,1.0579142135e-13,0
140.0,0,-0.04,1.10787894016e-13,0
140.0,0.005,-0.04,1.1017229815e-13,0
140.0,0,-0.035,1.04908536875e-13,0
140.0,0.005,-0.035,1.08133980296e-13,0
140.0,0,-0.03,9.66238056861e-14,0
140.0,0.005,-0.03,1.0295460165e-13,0
140.0,0,-0.025,8.55082692788e-14,0
140.0,0.005,-0.025,9.47062838168e-14,0
140.0,0,-0.02,7.19331264655e-14,0
140.0,0.005,-0.02,8.04607902029e-14,0
140.0,0,-0.015,5.67752400506e-14,0
140.0,0.005,-0.015,6.36295919096e-14,0
140.0,-0.0021196717084,-0.00776771017156,3.07629626469e-14,0
140.0,-0.00084550708518,-0.00631514607954,2.29395403029e-14,0
140.0,6.71033969406e-08,-0.005,1.21189628935e-14,0
140.0,-0.00139054260708,-0.0110960807567,4.28350951174e-14,0
140.0,0.00132468676756,-0.00775008274642,3.13494983263e-14,0
140.0,0.00160394440688,-0.0116908851489,4.73279910208e-14,0
140.0,0.005,-0.00939946851065,4.42296266603e-14,0
140.0,0.005,0.005,2.97528924435e-14,0
140.0,-0.000107646311398,0.00617659695633,2.61450073597e-14,0
140.0,-0.00190846935279,0.0076427502668,3.74122906211e-14,0
140.0,0.00131146485568,0.00777290068297,3.7357292402e-14,0
140.0,0.00295884413402,0.00640276348073,3.07642914218e-14,0
140.0,-1.21517769428e-05,0.0108932602996,5.1887696787e-14,0
140.0,0,0.015,6.8104421538e-14,0
140.0,0.005,0.00939942566771,4.80531943358e-14,0
140.0,0.005,0.015,6.90162498208e-14,0
140.0,0,0.02,8.70254910884e-14,0
140.0,0,0.025,1.04855641965e-13,0
140.0,0.005,0.02,8.62175210361e-14,0
140.0,0.005,0.025,1.00986212182e-13,0
140.0,0,0.03,1.21196833898e-13,0
140.0,0,0.035,1.36918896663e-13,0
140.0,0.005,0.03,1.12821404489e-13,0
140.0,0.005,0.035,1.23007663332e-13,0
140.0,0,0.04,1.52283211258e-13,0
140.0,0,0.045,1.63560328141e-13,0
140.0,0.005,0.04,1.31901905837e-13,0
140.0,0.005,0.045,1.36619511303e-13,0
140.0,0,0.05,1.70973259178e-13,0
140.0,0,0.055,1.77765575893e-13,0
140.0,0.005,0.05,1.37886822864e-13,0
140.0,0.005,0.055,1.38202537046e-13,0
140.0,0,0.06,1.84650420654e-13,0
140.0,0,0.065,1.92962958518e-13,0
140.0,0.005,0.06,1.37780309472e-13,0
140.0,0.005,0.065,1.3692923421e-13,0
140.0,0,0.07,2.05332408364e-13,0
140.0,0,0.075,2.19435823083e-13,0
140.0,0.005,0.07,1.4055991695e-13,0
140.0,0.005,0.075,1.45372052734e-13,0
140.0,0.01,-0.075,-8.18187914826e-14,0
140.0,0.01,-0.07,-4.79521714876e-14,0
140.0,0.015,-0.075,-1.53157445273e-13,0
140.0,0.015,-0.07,-1.04127686117e-13,0
140.0,0.01,-0.065,-1.5473302652e-14,0
140.0,0.015,-0.065,-5.96894652789e-14,0
140.0,0.01,-0.06,1.50967258877e-14,0
140.0,0.015,-0.06,-2.20679169108e-14,0
140.0,0.01,-0.055,4.47111909754e-14,0
140.0,0.015,-0.055,1.42053858254e-14,0
140.0,0.01,-0.05,7.2144830108e-14,0
140.0,0.015,-0.05,5.05836588979e-14,0
140.0,0.01,-0.045,9.40808947555e-14,0
140.0,0.015,-0.045,8.40198180328e-14,0
140.0,0.01,-0.04,1.06728198756e-13,0
140.0,0.015,-0.04,1.05435335583e-13,0
140.0,0.01,-0.035,1.10496531628e-13,0
140.0,0.015,-0.035,1.14435579315e-13,0
140.0,0.01,-0.03,1.09214517488e-13,0
140.0,0.015,-0.03,1.17326400108e-13,0
140.0,0.01,-0.025,1.05196260241e-13,0
140.0,0.015,-0.025,1.17456296077e-13,0
140.0,0.01,-0.02,9.2443583756e-14,0
140.0,0.01,-0.015,7.50197175056e-14,0
140.0,0.015,-0.02,1.08458392549e-13,0
140.0,0.015,-0.015,9.33203926763e-14,0
140.0,0.00999280436795,-0.0116358337096,6.49157439058e-14,0
140.0,0.0105889214373,-0.00845762197625,5.7927876521e-14,0
140.0,0.015,-0.01,8.00878507825e-14,0
140.0,0.00939947397025,-0.005,4.52966267858e-14,0
140.0,0.015,-0.005,6.8860481741e-14,0
140.0,0.00658051136513,-0.00296146438142,2.93272711106e-14,0
140.0,0.00636794669772,-3.54305826484e-06,2.39399790161e-14,0
140.0,0.00795807888052,-0.00113999998936,3.31952283004e-14,0
140.0,0.00758147027913,0.00183630393596,3.21833714686e-14,0
140.0,0.0112534647756,-1.47536350887e-07,4.7970430437e-14,0
140.0,0.015,4.16333634234e-19,6.32174334087e-14,0
140.0,0.00939942566771,0.005,4.60364046781e-14,0
140.0,0.015,0.005,6.57927632178e-14,0
140.0,0.00999018807453,0.0109670628501,6.34457027155e-14,0
140.0,0.01,0.015,7.44061690203e-14,0
140.0,0.015,0.01,7.34364776697e-14,0
140.0,0.015,0.015,8.21036040412e-14,0
140.0,0.01,0.02,8.68345049579e-14,0
140.0,0.01,0.025,9.66041473139e-14,0
140.0,0.015,0.02,8.91953249416e-14,0
140.0,0.015,0.025,9.3381735787e-14,0
140.0,0.01,0.03,1.03667997657e-13,0
140.0,0.01,0.035,1.0876728023e-13,0
140.0,0.015,0.03,9.5270346191e-14,0
140.0,0.015,0.035,9.4381730155e-14,0
140.0,0.01,0.04,1.10159386528e-13,0
140.0,0.01,0.045,1.07938395151e-13,0
140.0,0.015,0.04,8.82471515734e-14,0
140.0,0.015,0.045,7.97408672052e-14,0
140.0,0.01,0.05,1.04212075066e-13,0
140.0,0.01,0.055,9.9677123909e-14,0
140.0,0.015,0.05,7.11139587574e-14,0
140.0,0.015,0.055,6.16380298568e-14,0
140.0,0.01,0.06,9.44107231792e-14,0
140.0,0.01,0.065,8.83569621972e-14,0
140.0,0.015,0.06,5.13516989993e-14,0
140.0,0.015,0.065,3.97683615295e-14,0
140.0,0.01,0.07,8.03728946114e-14,0
140.0,0.01,0.075,7.10339049438e-14,0
140.0,0.015,0.07,2.20263033043e-14,0
140.0,0.015,0.075,7.92614634682e-16,0
140.0,0.02,-0.075,-2.07637122062e-13,0
140.0,0.02,-0.07,-1.54010746708e-13,0
140.0,0.025,-0.075,-2.55437928921e-13,0
140.0,0.025,-0.07,-1.97891978074e-13,0
140.0,0.02,-0.065,-1.03571934541e-13,0
140.0,0.025,-0.065,-1.42518710395e-13,0
140.0,0.02,-0.06,-5.66844996712e-14,0
140.0,0.025,-0.06,-8.83233124197e-14,0
140.0,0.02,-0.055,-1.16814547865e-14,0
140.0,0.025,-0.055,-3.58041019738e-14,0
140.0,0.02,-0.05,3.11652719515e-14,0
140.0,0.025,-0.05,1.32909334283e-14,0
140.0,0.02,-0.045,7.20835186504e-14,0
140.0,0.025,-0.045,6.05983680956e-14,0
140.0,0.02,-0.04,1.03956507579e-13,0
140.0,0.025,-0.04,1.02439495378e-13,0
140.0,0.02,-0.035,1.20381504217e-13,0
140.0,0.025,-0.035,1.28198985499e-13,0
140.0,0.02,-0.03,1.27858478054e-13,0
140.0,0.025,-0.03,1.41134629117e-13,0
140.0,0.02,-0.025,1.32253386677e-13,0
140.0,0.025,-0.025,1.49984371061e-13,0
140.0,0.02,-0.02,1.2810709989e-13,0
140.0,0.025,-0.02,1.51119513798e-13,0
140.0,0.02,-0.015,1.16473487253e-13,0
140.0,0.025,-0.015,1.43139133064e-13,0
140.0,0.02,-0.01,1.04238509687e-13,0
140.0,0.025,-0.01,1.31156576693e-13,0
140.0,0.02,-0.005,9.2823313298e-14,0
140.0,0.025,-0.005,1.19763520324e-13,0
140.0,0.02,0,8.52943725628e-14,0
140.0,0.025,4.16333634234e-19,1.10643101806e-13,0
140.0,0.02,0.005,8.46563818629e-14,0
140.0,0.025,0.005,1.05525968415e-13,0
140.0,0.02,0.01,8.80748435929e-14,0
140.0,0.025,0.01,1.04764028574e-13,0
140.0,0.02,0.015,9.18655811721e-14,0
140.0,0.025,0.015,1.04085798999e-13,0
140.0,0.02,0.02,9.37267539193e-14,0
140.0,0.02,0.025,9.2036356735e-14,0
140.0,0.025,0.02,1.0037740925e-13,0
140.0,0.025,0.025,9.1783090376e-14,0
140.0,0.02,0.03,8.68884052355e-14,0
140.0,0.02,0.035,7.82665805709e-14,0
140.0,0.025,0.03,7.82035297458e-14,0
140.0,0.025,0.035,6.23610614664e-14,0
140.0,0.02,0.04,6.62681828715e-14,0
140.0,0.02,0.045,5.29507767413e-14,0
140.0,0.025,0.04,4.48845906298e-14,0
140.0,0.025,0.045,2.64853488339e-14,0
140.0,0.02,0.05,3.91367468756e-14,0
140.0,0.02,0.055,2.45780587358e-14,0
140.0,0.025,0.05,7.34686833579e-15,0
140.0,0.025,0.055,-1.33550154013e-14,0
140.0,0.02,0.06,7.50755177887e-15,0
140.0,0.02,0.065,-1.29803784245e-14,0
140.0,0.025,0.06,-3.85046986292e-14,0
140.0,0.025,0.065,-6.6399040406e-14,0
140.0,0.02,0.07,-3.71055549574e-14,0
140.0,0.02,0.075,-6.29388789617e-14,0
140.0,0.025,0.07,-9.5225112641e-14,0
140.0,0.025,0.075,-1.25294450673e-13,0
140.0,0.03,-0.075,-2.95982324031e-13,0
140.0,0.03,-0.07,-2.35644866638e-13,0
140.0,0.035,-0.075,-3.33762943742e-13,0
140.0,0.035,-0.07,-2.70694480608e-13,0
140.0,0.03,-0.065,-1.76055698817e-13,0
140.0,0.035,-0.065,-2.06881296328e-13,0
140.0,0.03,-0.06,-1.17058004518e-13,0
140.0,0.035,-0.06,-1.42939758007e-13,0
140.0,0.03,-0.055,-5.93448891386e-14,0
140.0,0.035,-0.055,-8.0183692079e-14,0
140.0,0.03,-0.05,-3.13854185736e-15,0
140.0,0.035,-0.05,-1.77918243752e-14,0
140.0,0.03,-0.045,5.18767578967e-14,0
140.0,0.035,-0.045,4.38623775618e-14,0
140.0,0.03,-0.04,1.02358171436e-13,0
140.0,0.035,-0.04,1.01232665085e-13,0
140.0,0.03,-0.035,1.37600289075e-13,0
140.0,0.035,-0.035,1.48084328229e-13,0
140.0,0.03,-0.03,1.57754429239e-13,0
140.0,0.035,-0.03,1.77857566987e-13,0
140.0,0.03,-0.025,1.71945813606e-13,0
140.0,0.035,-0.025,1.97936553868e-13,0
140.0,0.03,-0.02,1.78678173673e-13,0
140.0,0.035,-0.02,2.10867310465e-13,0
140.0,0.03,-0.015,1.77119558578e-13,0
140.0,0.035,-0.015,2.17040064767e-13,0
140.0,0.03,-0.01,1.68568277309e-13,0
140.0,0.035,-0.01,2.14354131953e-13,0
140.0,0.03,-0.005,1.57531046011e-13,0
140.0,0.035,-0.005,2.05523214823e-13,0
140.0,0.03,0,1.471153073e-13,0
140.0,0.035,4.16333634234e-19,1.9403938208e-13,0
140.0,0.03,0.005,1.38225977539e-13,0
140.0,0.035,0.005,1.81198346182e-13,0
140.0,0.03,0.01,1.31775434196e-13,0
140.0,0.035,0.01,1.67097055688e-13,0
140.0,0.03,0.015,1.23428033639e-13,0
140.0,0.035,0.015,1.47985216191e-13,0
140.0,0.03,0.02,1.09049091249e-13,0
140.0,0.035,0.02,1.20094613198e-13,0
140.0,0.03,0.025,9.08590692338e-14,0
140.0,0.035,0.025,9.14447806491e-14,0
140.0,0.03,0.03,6.97873708649e-14,0
140.0,0.03,0.035,4.73990000336e-14,0
140.0,0.035,0.03,6.30925177983e-14,0
140.0,0.035,0.035,3.3587050511e-14,0
140.0,0.03,0.04,2.42929331609e-14,0
140.0,0.03,0.045,4.49772468292e-16,0
140.0,0.035,0.04,4.37716660734e-15,0
140.0,0.035,0.045,-2.55046952906e-14,0
140.0,0.03,0.05,-2.52540063458e-14,0
140.0,0.03,0.055,-5.39364482033e-14,0
140.0,0.035,0.05,-5.87376095812e-14,0
140.0,0.035,0.055,-9.51221994775e-14,0
140.0,0.03,0.06,-8.55731960587e-14,0
140.0,0.03,0.065,-1.18466003098e-13,0
140.0,0.035,0.06,-1.33079717821e-13,0
140.0,0.035,0.065,-1.71130213575e-13,0
140.0,0.03,0.07,-1.51705129439e-13,0
140.0,0.03,0.075,-1.85002846408e-13,0
140.0,0.035,0.07,-2.08618533186e-13,0
140.0,0.035,0.075,-2.45139783005e-13,0
140.0,0.04,-0.075,-3.72037499894e-13,0
140.0,0.04,-0.07,-3.02774923117e-13,0
140.0,0.045,-0.075,-4.04750548935e-13,0
140.0,0.045,-0.07,-3.29894290862e-13,0
140.0,0.04,-0.065,-2.33669689241e-13,0
140.0,0.045,-0.065,-2.56359153079e-13,0
140.0,0.04,-0.06,-1.64959736435e-13,0
140.0,0.045,-0.06,-1.83799429055e-13,0
140.0,0.04,-0.055,-9.73233378084e-14,0
140.0,0.045,-0.055,-1.12342844051e-13,0
140.0,0.04,-0.05,-3.07208353984e-14,0
140.0,0.045,-0.05,-4.21904942657e-14,0
140.0,0.04,-0.045,3.48544996706e-14,0
140.0,0.045,-0.045,2.68028659574e-14,0
140.0,0.04,-0.04,9.76665195141e-14,0
140.0,0.045,-0.04,9.44559176669e-14,0
140.0,0.04,-0.035,1.55243776514e-13,0
140.0,0.045,-0.035,1.59607339333e-13,0
140.0,0.04,-0.03,1.99695336279e-13,0
140.0,0.045,-0.03,2.15985879588e-13,0
140.0,0.04,-0.025,2.28730656266e-13,0
140.0,0.045,-0.025,2.58760068382e-13,0
140.0,0.04,-0.02,2.46469295084e-13,0
140.0,0.045,-0.02,2.84122309218e-13,0
140.0,0.04,-0.015,2.57189352229e-13,0
140.0,0.045,-0.015,2.97046142126e-13,0
140.0,0.04,-0.01,2.59275274838e-13,0
140.0,0.045,-0.01,3.00539834443e-13,0
140.0,0.04,-0.005,2.54375536786e-13,0
140.0,0.045,-0.005,2.99419096293e-13,0
140.0,0.04,0,2.42658944436e-13,0
140.0,0.045,4.16333634234e-19,2.8821003639e-13,0
140.0,0.04,0.005,2.24618924799e-13,0
140.0,0.045,0.005,2.65241519389e-13,0
140.0,0.04,0.01,2.00914438015e-13,0
140.0,0.045,0.01,2.33263078237e-13,0
140.0,0.04,0.015,1.70010749556e-13,0
140.0,0.045,0.015,1.93461887814e-13,0
140.0,0.04,0.02,1.33456371441e-13,0
140.0,0.045,0.02,1.49068527046e-13,0
140.0,0.04,0.025,9.61831587545e-14,0
140.0,0.045,0.025,1.03375997846e-13,0
140.0,0.04,0.03,5.97244868187e-14,0
140.0,0.045,0.03,5.8500734675e-14,0
140.0,0.04,0.035,2.28777687645e-14,0
140.0,0.045,0.035,1.37396863856e-14,0
140.0,0.04,0.04,-1.48366736047e-14,0
140.0,0.04,0.045,-5.36762409285e-14,0
140.0,0.045,0.04,-3.35439440263e-14,0
140.0,0.045,0.045,-8.22367763399e-14,0
140.0,0.04,0.05,-9.45799117877e-14,0
140.0,0.04,0.055,-1.37853288823e-13,0
140.0,0.045,0.05,-1.318004126e-13,0
140.0,0.045,0.055,-1.82389145782e-13,0
140.0,0.04,0.06,-1.82064134093e-13,0
140.0,0.04,0.065,-2.25614479029e-13,0
140.0,0.045,0.06,-2.32850554455e-13,0
140.0,0.045,0.065,-2.82212286103e-13,0
140.0,0.04,0.07,-2.6728825821e-13,0
140.0,0.04,0.075,-3.07159937693e-13,0
140.0,0.045,0.07,-3.28013943577e-13,0
140.0,0.045,0.075,-3.70817568757e-13,0
140.0,0.05,-0.075,-4.30202369845e-13,0
140.0,0.05,-0.07,-3.52601945159e-13,0
140.0,0.055,-0.075,-4.52529115264e-13,0
140.0,0.055,-0.07,-3.72805236758e-13,0
140.0,0.05,-0.065,-2.75991797691e-13,0
140.0,0.055,-0.065,-2.93791427584e-13,0
140.0,0.05,-0.06,-2.00390382697e-13,0
140.0,0.055,-0.06,-2.1554685919e-13,0
140.0,0.05,-0.055,-1.25688690217e-13,0
140.0,0.055,-0.055,-1.37832752573e-13,0
140.0,0.05,-0.05,-5.21016625506e-14,0
140.0,0.055,-0.05,-6.09411604504e-14,0
140.0,0.05,-0.045,2.06406531544e-14,0
140.0,0.055,-0.045,1.55854500386e-14,0
140.0,0.05,-0.04,9.24326935732e-14,0
140.0,0.055,-0.04,9.17661566057e-14,0
140.0,0.05,-0.035,1.6254662981e-13,0
140.0,0.055,-0.035,1.6682901707e-13,0
140.0,0.05,-0.03,2.27123738349e-13,0
140.0,0.055,-0.03,2.39435424805e-13,0
140.0,0.05,-0.025,2.82727399164e-13,0
140.0,0.055,-0.025,3.05043226322e-13,0
140.0,0.05,-0.02,3.21155319661e-13,0
140.0,0.055,-0.02,3.54576886107e-13,0
140.0,0.05,-0.015,3.37414259233e-13,0
140.0,0.055,-0.015,3.77503576169e-13,0
140.0,0.05,-0.01,3.40780798943e-13,0
140.0,0.055,-0.01,3.81897404357e-13,0
140.0,0.05,-0.005,3.4036628478e-13,0
140.0,0.055,-0.005,3.80423944974e-13,0
140.0,0.05,0,3.29245381978e-13,0
140.0,0.055,4.16333634234e-19,3.67595113092e-13,0
140.0,0.05,0.005,3.03191935898e-13,0
140.0,0.055,0.005,3.40528745187e-13,0
140.0,0.05,0.01,2.64744222199e-13,0
140.0,0.055,0.01,2.98203486144e-13,0
140.0,0.05,0.015,2.17593686976e-13,0
140.0,0.055,0.015,2.43601105797e-13,0
140.0,0.05,0.02,1.67463725856e-13,0
140.0,0.055,0.02,1.8797766121e-13,0
140.0,0.05,0.025,1.15328019761e-13,0
140.0,0.055,0.025,1.30035636009e-13,0
140.0,0.05,0.03,5.94628126017e-14,0
140.0,0.055,0.03,6.18595156498e-14,0
140.0,0.05,0.035,3.25209859941e-15,0
140.0,0.055,0.035,-7.65868962449e-15,0
140.0,0.05,0.04,-5.19432930815e-14,0
140.0,0.055,0.04,-6.95082380428e-14,0
140.0,0.05,0.045,-1.08585577563e-13,0
140.0,0.055,0.045,-1.33068541146e-13,0
140.0,0.05,0.05,-1.68841951279e-13,0
140.0,0.05,0.055,-2.28863571088e-13,0
140.0,0.055,0.05,-2.0557035422e-13,0
140.0,0.055,0.055,-2.76942419673e-13,0
140.0,0.05,0.06,-2.84983964813e-13,0
140.0,0.05,0.065,-3.39559145535e-13,0
140.0,0.055,0.06,-3.38522600826e-13,0
140.0,0.055,0.065,-3.9809429382e-13,0
140.0,0.05,0.07,-3.92461351157e-13,0
140.0,0.05,0.075,-4.43825457059e-13,0
140.0,0.055,0.07,-4.61834228844e-13,0
140.0,0.055,0.075,-5.25227464686e-13,0
140.0,0.06,-0.075,-4.72602742481e-13,0
140.0,0.06,-0.07,-3.91134507806e-13,0
140.0,0.065,-0.075,-4.91263456373e-13,0
140.0,0.065,-0.07,-4.08388854695e-13,0
140.0,0.06,-0.065,-3.10167852442e-13,0
140.0,0.065,-0.065,-3.2578015341e-13,0
140.0,0.06,-0.06,-2.29871779247e-13,0
140.0,0.065,-0.06,-2.43810982338e-13,0
140.0,0.06,-0.055,-1.49683801797e-13,0
140.0,0.065,-0.055,-1.61483209055e-13,0
140.0,0.06,-0.05,-6.92359117791e-14,0
140.0,0.065,-0.05,-7.72474456006e-14,0
140.0,0.06,-0.045,1.1786889247e-14,0
140.0,0.065,-0.045,8.95827259635e-15,0
140.0,0.06,-0.04,9.32564791608e-14,0
140.0,0.065,-0.04,9.72502143091e-14,0
140.0,0.06,-0.035,1.74382956104e-13,0
140.0,0.065,-0.035,1.85959386204e-13,0
140.0,0.06,-0.03,2.54799650739e-13,0
140.0,0.065,-0.03,2.73780995307e-13,0
140.0,0.06,-0.025,3.30183519705e-13,0
140.0,0.065,-0.025,3.58236099955e-13,0
140.0,0.06,-0.02,3.87893514408e-13,0
140.0,0.065,-0.02,4.24670676311e-13,0
140.0,0.06,-0.015,4.1665725241e-13,0
140.0,0.065,-0.015,4.55835532699e-13,0
140.0,0.06,-0.01,4.22496754403e-13,0
140.0,0.065,-0.01,4.59805828291e-13,0
140.0,0.06,-0.005,4.18208920052e-13,0
140.0,0.065,-0.005,4.55098585644e-13,0
140.0,0.06,0,4.04613447209e-13,0
140.0,0.065,4.16333634234e-19,4.42542794524e-13,0
140.0,0.06,0.005,3.80238284763e-13,0
140.0,0.065,0.005,4.2212193359e-13,0
140.0,0.06,0.01,3.3892334369e-13,0
140.0,0.065,0.01,3.82751936396e-13,0
140.0,0.06,0.015,2.80644128915e-13,0
140.0,0.065,0.015,3.20233454367e-13,0
140.0,0.06,0.02,2.14722172304e-13,0
140.0,0.065,0.02,2.44047547152e-13,0
140.0,0.06,0.025,1.44521988747e-13,0
140.0,0.065,0.025,1.63037710725e-13,0
140.0,0.06,0.03,6.72996754257e-14,0
140.0,0.065,0.03,7.79190307899e-14,0
140.0,0.06,0.035,-1.13542498072e-14,0
140.0,0.065,0.035,-9.82810217896e-15,0
140.0,0.06,0.04,-8.40059386254e-14,0
140.0,0.065,0.04,-9.53481040926e-14,0
140.0,0.06,0.045,-1.58363229475e-13,0
140.0,0.065,0.045,-1.82317096567e-13,0
140.0,0.06,0.05,-2.41748543937e-13,0
140.0,0.065,0.05,-2.75325268583e-13,0
140.0,0.06,0.055,-3.2430944992e-13,0
140.0,0.065,0.055,-3.68138194634e-13,0
140.0,0.06,0.06,-3.96367210371e-13,0
140.0,0.06,0.065,-4.65466590789e-13,0
140.0,0.065,0.06,-4.52587760139e-13,0
140.0,0.065,0.065,-5.33338842596e-13,0
140.0,0.06,0.07,-5.37982635499e-13,0
140.0,0.06,0.075,-6.11310664046e-13,0
140.0,0.065,0.07,-6.14650332345e-13,0
140.0,0.065,0.075,-6.96900848417e-13,0
140.0,0.07,-0.075,-5.0907289806e-13,0
140.0,0.07,-0.07,-4.25018332537e-13,0
140.0,0.075,-0.075,-5.25910616301e-13,0
140.0,0.075,-0.07,-4.41047839749e-13,0
140.0,0.07,-0.065,-3.4116052783e-13,0
140.0,0.075,-0.065,-3.56074115724e-13,0
140.0,0.07,-0.06,-2.57737468195e-13,0
140.0,0.075,-0.06,-2.71790762445e-13,0
140.0,0.07,-0.055,-1.73868543316e-13,0
140.0,0.075,-0.055,-1.87017891957e-13,0
140.0,0.07,-0.05,-8.53671684951e-14,0
140.0,0.075,-0.05,-9.35977822155e-14,0
140.0,0.07,-0.045,8.98595827387e-15,0
140.0,0.075,-0.045,1.02855604919e-14,0
140.0,0.07,-0.04,1.07355610764e-13,0
140.0,0.075,-0.04,1.20634793327e-13,0
140.0,0.07,-0.035,2.04429515849e-13,0
140.0,0.075,-0.035,2.26140146922e-13,0
140.0,0.07,-0.03,2.96203925319e-13,0
140.0,0.075,-0.03,3.20289843525e-13,0
140.0,0.07,-0.025,3.8567405749e-13,0
140.0,0.075,-0.025,4.13311739372e-13,0
140.0,0.07,-0.02,4.60893259934e-13,0
140.0,0.075,-0.02,4.99065787034e-13,0
140.0,0.07,-0.015,4.95866548988e-13,0
140.0,0.075,-0.015,5.38502148084e-13,0
140.0,0.07,-0.01,4.99224177564e-13,0
140.0,0.075,-0.01,5.41709619744e-13,0
140.0,0.07,-0.005,4.94986937067e-13,0
140.0,0.075,-0.005,5.37747805301e-13,0
140.0,0.07,0,4.83007431291e-13,0
140.0,0.075,0,5.26218018408e-13,0
140.0,0.07,0.005,4.64079056812e-13,0
140.0,0.075,0.005,5.08057363128e-13,0
140.0,0.07,0.01,4.23915645021e-13,0
140.0,0.075,0.01,4.66400344929e-13,0
140.0,0.07,0.015,3.55021361095e-13,0
140.0,0.075,0.015,3.89991658027e-13,0
140.0,0.07,0.02,2.72213932243e-13,0
140.0,0.075,0.02,3.0152288165e-13,0
140.0,0.07,0.025,1.84824651172e-13,0
140.0,0.075,0.025,2.08391640755e-13,0
140.0,0.07,0.03,9.27450935927e-14,0
140.0,0.075,0.03,1.0967152479e-13,0
140.0,0.07,0.035,-3.46235725361e-15,0
140.0,0.075,0.035,5.88541918082e-15,0
140.0,0.07,0.04,-1.06495138411e-13,0
140.0,0.075,0.04,-1.17019538899e-13,0
140.0,0.07,0.045,-2.0947330848e-13,0
140.0,0.075,0.045,-2.37667064021e-13,0
140.0,0.07,0.05,-3.06676095528e-13,0
140.0,0.075,0.05,-3.37884500097e-13,0
140.0,0.07,0.055,-4.0341516446e-13,0
140.0,0.075,0.055,-4.37165354669e-13,0
140.0,0.07,0.06,-5.00381359682e-13,0
140.0,0.075,0.06,-5.44977786584e-13,0
140.0,0.07,0.065,-5.94995849501e-13,0
140.0,0.075,0.065,-6.5302585432e-13,0
140.0,0.07,0.07,-6.86562156531e-13,0
140.0,0.07,0.075,-7.76485690539e-13,0
140.0,0.075,0.07,-7.54442392585e-13,0
140.0,0.075,0.075,-8.49847259227e-13,0
180.0,-0.00382671281566,-0.00202612167119,0,0
180.0,-0.005,-0.005,2.81051500936e-14,0
180.0,-0.00197892066871,-0.00385133392306,0,0
180.0,-0.005,-0.00190753787223,1.60054136668e-14,0
180.0,-0.00433,0,0,0
180.0,-0.00190753787223,-0.005,1.58845874517e-14,0
180.0,0,-0.00433,0,0
180.0,-0.005,0.00190775150599,1.61219745945e-14,0
180.0,-0.00385133392306,0.00197892066871,0,0
180.0,0.00190775150599,-0.005,1.57944197075e-14,0
180.0,0.00202612167119,-0.00382671281566,0,0
180.0,-0.00202612167119,0.00382671281566,0,0
180.0,-0.005,0.005,2.84541413739e-14,0
180.0,-0.0019094272225,0.005,1.5756769577e-14,0
180.0,0,0.00433,0,0
180.0,0.00147766755988,0.00407006125046,0,0
180.0,8.32667268469e-19,0.005,1.12974816788e-14,0
180.0,0.00433,0,0,0
180.0,0.005,1.38777878078e-18,1.1754843296e-14,0
180.0,0.00407006125046,0.00147766755988,0,0
180.0,0.005,-0.005,2.75825226073e-14,0
180.0,0.00385133392306,-0.00197892066871,0,0
180.0,0.005,-0.0019094272225,1.57455649232e-14,0
180.0,0.00306177236254,0.00306177236254,0,0
180.0,0.0019094272225,0.005,1.598643526e-14,0
180.0,0.005,0.0019094272225,1.60965955664e-14,0
180.0,-0.000885,-0.0015328649647,1.27150408265e-12,0
180.0,-0.0015328649647,-0.000885,1.27162646107e-12,0
180.0,-0.00186450691264,-0.00187567167242,8.43014857484e-13,0
180.0,-0.00177,0,1.27131820449e-12,0
180.0,-0.00268433516245,-0.000738983120158,7.59097449866e-13,0
180.0,0,-0.00177,1.27146573043e-12,0
180.0,-0.000718432264205,-0.00269192408424,7.57391306785e-13,0
180.0,-0.0015328649647,0.000885,1.26981375684e-12,0
180.0,-0.00265321485144,0.000647311733689,7.89880033464e-13,0
180.0,-0.000885,0.0015328649647,1.26818628668e-12,0
180.0,-0.00194719253591,0.00178443766524,8.43941168958e-13,0
180.0,0,0.00177,1.26408019372e-12,0
180.0,-0.000802720381054,0.00273415977115,7.17491514076e-13,0
180.0,0.000885,-0.0015328649647,1.27015459427e-12,0
180.0,0.00075154031863,-0.00270385456952,7.45281475979e-13,0
180.0,0.00177,0,1.26241997423e-12,0
180.0,0.0015328649647,-0.000885,1.26800221754e-12,0
180.0,0.00271471102228,-0.000564731152102,7.60905088842e-13,0
180.0,0.00192394637685,-0.00189207206672,8.10086132071e-13,0
180.0,0.00231817117671,0.00040530921667,9.87898622376e-13,0
180.0,0.0015328649647,0.000885,1.26068637705e-12,0
180.0,0.000885,0.0015328649647,1.26139142839e-12,0
180.0,0.000427053001345,0.00287092483521,6.8218144213e-13,0
180.0,0.00187618296239,0.00184774001435,8.33330304337e-13,0
180.0,0.00312733402203,0.000607809752493,5.19192988447e-13,0
180.0,0.00276214303706,0.00136595635004,5.76852614727e-13,0
180.0,0.0014100336009,0.00268674970267,6.04764578791e-13,0
180.0,-0.075,-0.075,-4.0207158734e-13,0
180.0,-0.07,-0.075,-3.59745740795e-13,0
180.0,-0.075,-0.07,-3.67345729314e-13,0
180.0,-0.07,-0.07,-3.26078960612e-13,0
180.0,-0.075,-0.065,-3.31013200261e-13,0
180.0,-0.07,-0.065,-2.91232598545e-13,0
180.0,-0.065,-0.075,-3.16960490572e-13,0
180.0,-0.065,-0.07,-2.851733869e-13,0
180.0,-0.065,-0.065,-2.52389391185e-13,0
180.0,-0.075,-0.06,-2.88934620641e-13,0
180.0,-0.07,-0.06,-2.53302737164e-13,0
180.0,-0.065,-0.06,-2.18046198558e-13,0
180.0,-0.075,-0.055,-2.45595645641e-13,0
180.0,-0.07,-0.055,-2.14832040452e-13,0
180.0,-0.065,-0.055,-1.83573063457e-13,0
180.0,-0.075,-0.05,-2.0704634786e-13,0
180.0,-0.07,-0.05,-1.78998907726e-13,0
180.0,-0.065,-0.05,-1.50828361709e-13,0
180.0,-0.075,-0.045,-1.69177018973e-13,0
180.0,-0.07,-0.045,-1.43558043968e-13,0
180.0,-0.065,-0.045,-1.18029443198e-13,0
180.0,-0.075,-0.04,-1.31304132307e-13,0
180.0,-0.07,-0.04,-1.07365190216e-13,0
180.0,-0.075,-0.035,-9.29036119229e-14,0
180.0,-0.07,-0.035,-7.02625154776e-14,0
180.0,-0.065,-0.04,-8.40545417536e-14,0
180.0,-0.065,-0.035,-4.9024681819e-14,0
180.0,-0.075,-0.03,-4.55958901812e-14,0
180.0,-0.07,-0.03,-2.76429493066e-14,0
180.0,-0.075,-0.025,1.16530080504e-14,0
180.0,-0.07,-0.025,2.10741621211e-14,0
180.0,-0.065,-0.03,-1.09439205203e-14,0
180.0,-0.065,-0.025,3.00259426143e-14,0
180.0,-0.075,-0.02,7.42147446188e-14,0
180.0,-0.07,-0.02,7.3195233601e-14,0
180.0,-0.075,-0.015,1.40438792739e-13,0
180.0,-0.07,-0.015,1.28295077327e-13,0
180.0,-0.065,-0.02,7.27368061828e-14,0
180.0,-0.065,-0.015,1.16976136534e-13,0
180.0,-0.075,-0.01,2.07365281986e-13,0
180.0,-0.07,-0.01,1.85822467164e-13,0
180.0,-0.075,-0.005,2.67137130988e-13,0
180.0,-0.07,-0.005,2.39019971105e-13,0
180.0,-0.065,-0.01,1.66040412348e-13,0
180.0,-0.065,-0.005,2.14008341917e-13,0
180.0,-0.075,0,3.12284903194e-13,0
180.0,-0.07,0,2.81159107321e-13,0
180.0,-0.075,0.005,3.40402672985e-13,0
180.0,-0.07,0.005,3.08446449458e-13,0
180.0,-0.065,4.16333634234e-19,2.54013353299e-13,0
180.0,-0.065,0.005,2.80987917454e-13,0
180.0,-0.075,0.01,3.44720608593e-13,0
180.0,-0.07,0.01,3.15354930759e-13,0
180.0,-0.075,0.015,3.2142788305e-13,0
180.0,-0.07,0.015,2.97426563309e-13,0
180.0,-0.065,0.01,2.89719005143e-13,0
180.0,-0.065,0.015,2.755198726e-13,0
180.0,-0.075,0.02,2.84941668468e-13,0
180.0,-0.07,0.02,2.63308514952e-13,0
180.0,-0.075,0.025,2.43639551605e-13,0
180.0,-0.07,0.025,2.23751361677e-13,0
180.0,-0.065,0.02,2.43978969735e-13,0
180.0,-0.065,0.025,2.06301875014e-13,0
180.0,-0.075,0.03,1.94823375569e-13,0
180.0,-0.07,0.03,1.77372431802e-13,0
180.0,-0.075,0.035,1.38887407166e-13,0
180.0,-0.07,0.035,1.24465567596e-13,0
180.0,-0.065,0.03,1.62741786514e-13,0
180.0,-0.065,0.035,1.13557475937e-13,0
180.0,-0.075,0.04,7.19192861956e-14,0
180.0,-0.07,0.04,6.57649110074e-14,0
180.0,-0.075,0.045,3.57070030576e-15,0
180.0,-0.07,0.045,5.78463326238e-15,0
180.0,-0.065,0.04,6.18473779615e-14,0
180.0,-0.065,0.045,8.27297250083e-15,0
180.0,-0.075,0.05,-5.76216559993e-14,0
180.0,-0.07,0.05,-5.18758542513e-14,0
180.0,-0.075,0.055,-1.1753034734e-13,0
180.0,-0.07,0.055,-1.09388887642e-13,0
180.0,-0.065,0.05,-4.57439581868e-14,0
180.0,-0.065,0.055,-1.00891990869e-13,0
180.0,-0.075,0.06,-1.76461360446e-13,0
180.0,-0.07,0.06,-1.66995712115e-13,0
180.0,-0.075,0.065,-2.35428481613e-13,0
180.0,-0.07,0.065,-2.2501902054e-13,0
180.0,-0.065,0.06,-1.57023808597e-13,0
180.0,-0.065,0.065,-2.138456541e-13,0
180.0,-0.075,0.07,-2.95835008624e-13,0
180.0,-0.07,0.07,-2.83836640117e-13,0
180.0,-0.075,0.075,-3.56085457056e-13,0
180.0,-0.07,0.075,-3.42715791146e-13,0
180.0,-0.065,0.07,-2.71247720652e-13,0
180.0,-0.065,0.075,-3.28689662969e-13,0
180.0,-0.06,-0.075,-2.74635329818e-13,0
180.0,-0.06,-0.07,-2.44687974956e-13,0
180.0,-0.06,-0.065,-2.14612629972e-13,0
180.0,-0.055,-0.075,-2.31496708927e-13,0
180.0,-0.055,-0.07,-2.03867978412e-13,0
180.0,-0.055,-0.065,-1.7696379973e-13,0
180.0,-0.06,-0.06,-1.84107163702e-13,0
180.0,-0.06,-0.055,-1.53464828156e-13,0
180.0,-0.055,-0.06,-1.50419443465e-13,0
180.0,-0.055,-0.055,-1.23472407066e-13,0
180.0,-0.06,-0.05,-1.23036709999e-13,0
180.0,-0.055,-0.05,-9.57184538696e-14,0
180.0,-0.06,-0.045,-9.24231655699e-14,0
180.0,-0.055,-0.045,-6.77745899879e-14,0
180.0,-0.06,-0.04,-6.14678386376e-14,0
180.0,-0.055,-0.04,-4.03948491075e-14,0
180.0,-0.06,-0.035,-2.98345814605e-14,0
180.0,-0.055,-0.035,-1.26143927579e-14,0
180.0,-0.06,-0.03,3.61938812856e-15,0
180.0,-0.06,-0.025,3.86491254246e-14,0
180.0,-0.055,-0.03,1.65481506517e-14,0
180.0,-0.055,-0.025,4.657812652e-14,0
180.0,-0.06,-0.02,7.39465413865e-14,0
180.0,-0.06,-0.015,1.09822192496e-13,0
180.0,-0.055,-0.02,7.60627498086e-14,0
180.0,-0.055,-0.015,1.05563753224e-13,0
180.0,-0.06,-0.01,1.49964255215e-13,0
180.0,-0.06,-0.005,1.91812310539e-13,0
180.0,-0.055,-0.01,1.38944838091e-13,0
180.0,-0.055,-0.005,1.74082815184e-13,0
180.0,-0.06,0,2.29099316393e-13,0
180.0,-0.06,0.005,2.54837608972e-13,0
180.0,-0.055,4.16333634234e-19,2.06976589871e-13,0
180.0,-0.055,0.005,2.29784568138e-13,0
180.0,-0.06,0.01,2.63807175351e-13,0
180.0,-0.06,0.015,2.53593279049e-13,0
180.0,-0.055,0.01,2.38446518261e-13,0
180.0,-0.055,0.015,2.31817357953e-13,0
180.0,-0.06,0.02,2.27124885185e-13,0
180.0,-0.06,0.025,1.91826461981e-13,0
180.0,-0.055,0.02,2.10916209919e-13,0
180.0,-0.055,0.025,1.79304471385e-13,0
180.0,-0.06,0.03,1.51548719313e-13,0
180.0,-0.06,0.035,1.07498495686e-13,0
180.0,-0.055,0.03,1.43009157115e-13,0
180.0,-0.055,0.035,1.03292977918e-13,0
180.0,-0.06,0.04,6.13301773314e-14,0
180.0,-0.06,0.045,1.26642482868e-14,0
180.0,-0.055,0.04,6.16715681762e-14,0
180.0,-0.055,0.045,1.77135963536e-14,0
180.0,-0.06,0.05,-3.87160823282e-14,0
180.0,-0.06,0.055,-9.18600958581e-14,0
180.0,-0.055,0.05,-3.06997076437e-14,0
180.0,-0.055,0.055,-8.18629164514e-14,0
180.0,-0.06,0.06,-1.46456370646e-13,0
180.0,-0.06,0.065,-2.02114304642e-13,0
180.0,-0.055,0.06,-1.34994864541e-13,0
180.0,-0.055,0.065,-1.89616880913e-13,0
180.0,-0.06,0.07,-2.58564244583e-13,0
180.0,-0.06,0.075,-3.15475193263e-13,0
180.0,-0.055,0.07,-2.45266307025e-13,0
180.0,-0.055,0.075,-3.01789284014e-13,0
180.0,-0.05,-0.075,-1.82458774979e-13,0
180.0,-0.05,-0.07,-1.60855502073e-13,0
180.0,-0.045,-0.075,-1.36229664606e-13,0
180.0,-0.045,-0.07,-1.20121402368e-13,0
180.0,-0.05,-0.065,-1.38858298293e-13,0
180.0,-0.045,-0.065,-1.02609705632e-13,0
180.0,-0.05,-0.06,-1.1654823684e-13,0
180.0,-0.05,-0.055,-9.34278689875e-14,0
180.0,-0.045,-0.06,-8.40258813505e-14,0
180.0,-0.045,-0.055,-6.44895020486e-14,0
180.0,-0.05,-0.05,-6.94699327515e-14,0
180.0,-0.05,-0.045,-4.53025540388e-14,0
180.0,-0.045,-0.05,-4.43488779008e-14,0
180.0,-0.045,-0.045,-2.38176866713e-14,0
180.0,-0.05,-0.04,-2.11443554901e-14,0
180.0,-0.045,-0.04,-2.7828821701e-15,0
180.0,-0.05,-0.035,3.23576673837e-15,0
180.0,-0.045,-0.035,1.82388517747e-14,0
180.0,-0.05,-0.03,2.79454703686e-14,0
180.0,-0.045,-0.03,3.87927774992e-14,0
180.0,-0.05,-0.025,5.31500417252e-14,0
180.0,-0.045,-0.025,5.94908356484e-14,0
180.0,-0.05,-0.02,7.8871757169e-14,0
180.0,-0.05,-0.015,1.04845867917e-13,0
180.0,-0.045,-0.02,8.14297604725e-14,0
180.0,-0.045,-0.015,1.03787115435e-13,0
180.0,-0.05,-0.01,1.32767318762e-13,0
180.0,-0.05,-0.005,1.61983816433e-13,0
180.0,-0.045,-0.01,1.26693515096e-13,0
180.0,-0.045,-0.005,1.50677432469e-13,0
180.0,-0.05,0,1.88831331489e-13,0
180.0,-0.05,0.005,2.06914410585e-13,0
180.0,-0.045,4.16333634234e-19,1.72311334269e-13,0
180.0,-0.045,0.005,1.85833982215e-13,0
180.0,-0.05,0.01,2.13934725956e-13,0
180.0,-0.05,0.015,2.11001234631e-13,0
180.0,-0.045,0.01,1.90356306639e-13,0
180.0,-0.045,0.015,1.91156787764e-13,0
180.0,-0.05,0.02,1.95510586759e-13,0
180.0,-0.05,0.025,1.6855593891e-13,0
180.0,-0.045,0.02,1.8065757105e-13,0
180.0,-0.045,0.025,1.57630798711e-13,0
180.0,-0.05,0.03,1.36393928834e-13,0
180.0,-0.05,0.035,1.008981869e-13,0
180.0,-0.045,0.03,1.29817179206e-13,0
180.0,-0.045,0.035,9.87371187227e-14,0
180.0,-0.05,0.04,6.23738144676e-14,0
180.0,-0.05,0.045,2.2032692318e-14,0
180.0,-0.045,0.04,6.37502380504e-14,0
180.0,-0.045,0.045,2.65903532465e-14,0
180.0,-0.05,0.05,-2.20146578486e-14,0
180.0,-0.05,0.055,-6.99639793929e-14,0
180.0,-0.045,0.05,-1.29969323725e-14,0
180.0,-0.045,0.055,-5.60949485075e-14,0
180.0,-0.05,0.06,-1.21246481427e-13,0
180.0,-0.05,0.065,-1.74685662838e-13,0
180.0,-0.045,0.06,-1.04942464265e-13,0
180.0,-0.045,0.065,-1.56710494358e-13,0
180.0,-0.05,0.07,-2.29372860058e-13,0
180.0,-0.05,0.075,-2.85120058536e-13,0
180.0,-0.045,0.07,-2.09489278803e-13,0
180.0,-0.045,0.075,-2.63579799431e-13,0
180.0,-0.04,-0.075,-9.90978771812e-14,0
180.0,-0.04,-0.07,-8.46712940939e-14,0
180.0,-0.035,-0.075,-6.35292943702e-14,0
180.0,-0.035,-0.07,-5.06949484089e-14,0
180.0,-0.04,-0.065,-6.94595715003e-14,0
180.0,-0.035,-0.065,-3.73766891733e-14,0
180.0,-0.04,-0.06,-5.35345353426e-14,0
180.0,-0.035,-0.06,-2.37738158812e-14,0
180.0,-0.04,-0.055,-3.69587908522e-14,0
180.0,-0.035,-0.055,-9.92283132302e-15,0
180.0,-0.04,-0.05,-1.98842687169e-14,0
180.0,-0.04,-0.045,-2.55739179732e-15,0
180.0,-0.035,-0.05,4.2382339443e-15,0
180.0,-0.035,-0.045,1.83385659766e-14,0
180.0,-0.04,-0.04,1.49732092002e-14,0
180.0,-0.04,-0.035,3.23329826773e-14,0
180.0,-0.035,-0.04,3.22976352108e-14,0
180.0,-0.035,-0.035,4.5941789896e-14,0
180.0,-0.04,-0.03,4.93020044361e-14,0
180.0,-0.035,-0.03,5.91712323109e-14,0
180.0,-0.04,-0.025,6.62125599441e-14,0
180.0,-0.035,-0.025,7.20890555553e-14,0
180.0,-0.04,-0.02,8.33595642624e-14,0
180.0,-0.035,-0.02,8.41531288177e-14,0
180.0,-0.04,-0.015,1.00565546952e-13,0
180.0,-0.035,-0.015,9.57908031762e-14,0
180.0,-0.04,-0.01,1.17946049814e-13,0
180.0,-0.04,-0.005,1.3602062687e-13,0
180.0,-0.035,-0.01,1.0757070475e-13,0
180.0,-0.035,-0.005,1.1958150851e-13,0
180.0,-0.04,0,1.53764937053e-13,0
180.0,-0.04,0.005,1.65170399668e-13,0
180.0,-0.035,4.16333634234e-19,1.33788067984e-13,0
180.0,-0.035,0.005,1.44422981505e-13,0
180.0,-0.04,0.01,1.69544475567e-13,0
180.0,-0.04,0.015,1.71316666585e-13,0
180.0,-0.035,0.01,1.49752556135e-13,0
180.0,-0.035,0.015,1.52215428021e-13,0
180.0,-0.04,0.02,1.64810681235e-13,0
180.0,-0.04,0.025,1.47204219622e-13,0
180.0,-0.035,0.02,1.48086697402e-13,0
180.0,-0.035,0.025,1.3613196051e-13,0
180.0,-0.04,0.03,1.23320281653e-13,0
180.0,-0.04,0.035,9.64621591346e-14,0
180.0,-0.035,0.03,1.17247606246e-13,0
180.0,-0.035,0.035,9.49965477793e-14,0
180.0,-0.04,0.04,6.6016752765e-14,0
180.0,-0.04,0.045,3.28932451591e-14,0
180.0,-0.035,0.04,6.91970463549e-14,0
180.0,-0.035,0.045,4.04781959237e-14,0
180.0,-0.04,0.05,-2.86796824959e-15,0
180.0,-0.04,0.055,-4.13347050886e-14,0
180.0,-0.035,0.05,8.64178424771e-15,0
180.0,-0.035,0.055,-2.59277634258e-14,0
180.0,-0.04,0.06,-8.58934789832e-14,0
180.0,-0.04,0.065,-1.34895345984e-13,0
180.0,-0.035,0.06,-6.52292911298e-14,0
180.0,-0.035,0.065,-1.09688085743e-13,0
180.0,-0.04,0.07,-1.85331667636e-13,0
180.0,-0.04,0.075,-2.37305559452e-13,0
180.0,-0.035,0.07,-1.5728303347e-13,0
180.0,-0.035,0.075,-2.06775193724e-13,0
180.0,-0.03,-0.075,-2.93130316527e-14,0
180.0,-0.03,-0.07,-1.78298496241e-14,0
180.0,-0.025,-0.075,4.22489561466e-15,0
180.0,-0.025,-0.07,1.44725090565e-14,0
180.0,-0.03,-0.065,-6.16774626795e-15,0
180.0,-0.025,-0.065,2.46690123836e-14,0
180.0,-0.03,-0.06,5.5035103761e-15,0
180.0,-0.025,-0.06,3.45813161465e-14,0
180.0,-0.03,-0.055,1.69817750315e-14,0
180.0,-0.025,-0.055,4.37141810939e-14,0
180.0,-0.03,-0.05,2.81822791353e-14,0
180.0,-0.025,-0.05,5.189503282e-14,0
180.0,-0.03,-0.045,3.89650578581e-14,0
180.0,-0.025,-0.045,5.92837887737e-14,0
180.0,-0.03,-0.04,4.91867919181e-14,0
180.0,-0.03,-0.035,5.88903321623e-14,0
180.0,-0.025,-0.04,6.5676451857e-14,0
180.0,-0.025,-0.035,7.13874027588e-14,0
180.0,-0.03,-0.03,6.81188078548e-14,0
180.0,-0.03,-0.025,7.6573587035e-14,0
180.0,-0.025,-0.03,7.65729012449e-14,0
180.0,-0.025,-0.025,8.05621933074e-14,0
180.0,-0.03,-0.02,8.40277030148e-14,0
180.0,-0.025,-0.02,8.32873784867e-14,0
180.0,-0.03,-0.015,9.11176246723e-14,0
180.0,-0.025,-0.015,8.57601298773e-14,0
180.0,-0.03,-0.01,9.81356935267e-14,0
180.0,-0.025,-0.01,8.8080464715e-14,0
180.0,-0.03,-0.005,1.05610105958e-13,0
180.0,-0.025,-0.005,9.11679125927e-14,0
180.0,-0.03,0,1.14035777046e-13,0
180.0,-0.03,0.005,1.22567728599e-13,0
180.0,-0.025,4.16333634234e-19,9.54528797209e-14,0
180.0,-0.025,0.005,1.02087159469e-13,0
180.0,-0.03,0.01,1.30376742751e-13,0
180.0,-0.03,0.015,1.35201977424e-13,0
180.0,-0.025,0.01,1.10783758881e-13,0
180.0,-0.025,0.015,1.18230694499e-13,0
180.0,-0.03,0.02,1.33284966137e-13,0
180.0,-0.03,0.025,1.25500309658e-13,0
180.0,-0.025,0.02,1.20246716745e-13,0
180.0,-0.025,0.025,1.16636850701e-13,0
180.0,-0.03,0.03,1.11788005415e-13,0
180.0,-0.03,0.035,9.43151938965e-14,0
180.0,-0.025,0.03,1.07575404275e-13,0
180.0,-0.025,0.035,9.47698336905e-14,0
180.0,-0.03,0.04,7.3324371444e-14,0
180.0,-0.03,0.045,4.92849106898e-14,0
180.0,-0.025,0.04,7.85471463072e-14,0
180.0,-0.025,0.045,5.94347458602e-14,0
180.0,-0.03,0.05,2.17616935332e-14,0
180.0,-0.03,0.055,-8.85437261148e-15,0
180.0,-0.025,0.05,3.66642163645e-14,0
180.0,-0.025,0.055,1.04814265794e-14,0
180.0,-0.03,0.06,-4.29077565983e-14,0
180.0,-0.03,0.065,-8.06821448801e-14,0
180.0,-0.025,0.06,-1.75159944517e-14,0
180.0,-0.025,0.065,-4.75464156542e-14,0
180.0,-0.03,0.07,-1.21500948771e-13,0
180.0,-0.03,0.075,-1.63555114411e-13,0
180.0,-0.025,0.07,-8.01356119864e-14,0
180.0,-0.025,0.075,-1.12660002961e-13,0
180.0,-0.02,-0.075,3.73325385196e-14,0
180.0,-0.02,-0.07,4.65277778595e-14,0
180.0,-0.015,-0.075,7.00493528254e-14,0
180.0,-0.015,-0.07,7.83837088787e-14,0
180.0,-0.02,-0.065,5.55823751016e-14,0
180.0,-0.015,-0.065,8.64673630721e-14,0
180.0,-0.02,-0.06,6.37470837955e-14,0
180.0,-0.015,-0.06,9.28698797318e-14,0
180.0,-0.02,-0.055,7.02406788883e-14,0
180.0,-0.015,-0.055,9.66125992633e-14,0
180.0,-0.02,-0.05,7.52309614601e-14,0
180.0,-0.015,-0.05,9.83618432741e-14,0
180.0,-0.02,-0.045,7.91279675414e-14,0
180.0,-0.015,-0.045,9.89040954216e-14,0
180.0,-0.02,-0.04,8.19730961485e-14,0
180.0,-0.015,-0.04,9.83389666388e-14,0
180.0,-0.02,-0.035,8.39478226759e-14,0
180.0,-0.015,-0.035,9.64926483102e-14,0
180.0,-0.02,-0.03,8.47277721346e-14,0
180.0,-0.02,-0.025,8.38332587313e-14,0
180.0,-0.015,-0.03,9.26094949759e-14,0
180.0,-0.015,-0.025,8.6678056029e-14,0
180.0,-0.02,-0.02,8.17571911419e-14,0
180.0,-0.02,-0.015,7.94354201564e-14,0
180.0,-0.015,-0.02,7.97560294823e-14,0
180.0,-0.015,-0.015,7.26948233564e-14,0
180.0,-0.02,-0.01,7.72235024457e-14,0
180.0,-0.015,-0.01,6.57899004006e-14,0
180.0,-0.02,-0.005,7.64731491129e-14,0
180.0,-0.015,-0.005,6.10339327916e-14,0
180.0,-0.02,0,7.85419556248e-14,0
180.0,-0.015,4.16333634234e-19,6.05999776467e-14,0
180.0,-0.02,0.005,8.41183539929e-14,0
180.0,-0.015,0.005,6.53336885787e-14,0
180.0,-0.02,0.01,9.3060503189e-14,0
180.0,-0.02,0.015,1.02596421781e-13,0
180.0,-0.015,0.01,7.57386686455e-14,0
180.0,-0.015,0.015,8.87529048712e-14,0
180.0,-0.02,0.02,1.08830138741e-13,0
180.0,-0.02,0.025,1.09459866782e-13,0
180.0,-0.015,0.02,9.93133821765e-14,0
180.0,-0.015,0.025,1.04086458829e-13,0
180.0,-0.02,0.03,1.04853960677e-13,0
180.0,-0.02,0.035,9.65949946655e-14,0
180.0,-0.015,0.03,1.03563584968e-13,0
180.0,-0.015,0.035,9.98681343708e-14,0
180.0,-0.02,0.04,8.48819005692e-14,0
180.0,-0.02,0.045,7.0525979803e-14,0
180.0,-0.015,0.04,9.2316026539e-14,0
180.0,-0.015,0.045,8.21801231268e-14,0
180.0,-0.02,0.05,5.33877676458e-14,0
180.0,-0.02,0.055,3.31281594951e-14,0
180.0,-0.015,0.05,7.12904426295e-14,0
180.0,-0.015,0.055,5.72670781231e-14,0
180.0,-0.02,0.06,1.06650203201e-14,0
180.0,-0.02,0.065,-1.37066595495e-14,0
180.0,-0.015,0.06,3.9821718426e-14,0
180.0,-0.015,0.065,2.04485272888e-14,0
180.0,-0.02,0.07,-3.96523603851e-14,0
180.0,-0.02,0.075,-6.62905935865e-14,0
180.0,-0.015,0.07,3.8825829064e-16,0
180.0,-0.015,0.075,-2.10411521572e-14,0
180.0,-0.01,-0.075,1.02593686109e-13,0
180.0,-0.01,-0.07,1.09914417247e-13,0
180.0,-0.005,-0.075,1.34242379622e-13,0
180.0,-0.005,-0.07,1.40654986605e-13,0
180.0,-0.01,-0.065,1.17155849074e-13,0
180.0,-0.005,-0.065,1.4697576936e-13,0
180.0,-0.01,-0.06,1.22049693957e-13,0
180.0,-0.005,-0.06,1.49829697638e-13,0
180.0,-0.01,-0.055,1.22734607292e-13,0
180.0,-0.005,-0.055,1.47936158741e-13,0
180.0,-0.01,-0.05,1.21524577149e-13,0
180.0,-0.005,-0.05,1.44708779797e-13,0
180.0,-0.01,-0.045,1.19112843357e-13,0
180.0,-0.005,-0.045,1.39768187512e-13,0
180.0,-0.01,-0.04,1.15086759964e-13,0
180.0,-0.005,-0.04,1.32497158642e-13,0
180.0,-0.01,-0.035,1.09068627658e-13,0
180.0,-0.005,-0.035,1.22466386381e-13,0
180.0,-0.01,-0.03,1.00213412015e-13,0
180.0,-0.005,-0.03,1.08247235407e-13,0
180.0,-0.01,-0.025,8.9184268177e-14,0
180.0,-0.005,-0.025,9.18803275645e-14,0
180.0,-0.01,-0.02,7.77818268152e-14,0
180.0,-0.01,-0.015,6.61211012472e-14,0
180.0,-0.005,-0.02,7.67099936146e-14,0
180.0,-0.005,-0.015,6.11934171204e-14,0
180.0,-0.0117873230072,-0.0115873794689,6.15035746108e-14,0
180.0,-0.00939961996336,-0.005,4.28766717289e-14,0
180.0,-0.00792797428371,-0.00964253216809,4.91714595814e-14,0
180.0,-0.005,-0.00939961996336,4.28750607164e-14,0
180.0,-0.0108753492546,-0.00150606400588,4.48129137518e-14,0
180.0,-0.00818101620308,-0.00211452602544,3.41043214234e-14,0
180.0,-0.00651817360753,-0.000255934956239,2.43518480024e-14,0
180.0,-0.005,6.71033969428e-08,1.19156373225e-14,0
180.0,-0.0107292118043,0.00160660295843,4.49854207488e-14,0
180.0,-0.0080188992252,0.000768320427092,3.2474800216e-14,0
180.0,-0.00939946851065,0.005,4.42038125815e-14,0
180.0,-0.00802129342231,0.00264911934363,3.46765726571e-14,0
180.0,-0.00887989370213,0.00887989479405,5.33044968447e-14,0
180.0,-0.01,0.015,7.65537373576e-14,0
180.0,-0.005,0.00939947397025,4.78687228851e-14,0
180.0,-0.005,0.015,6.8894028945e-14,0
180.0,-0.01,0.02,9.0733532189e-14,0
180.0,-0.01,0.025,9.95286321508e-14,0
180.0,-0.005,0.02,8.39903370994e-14,0
180.0,-0.005,0.025,9.5288497442e-14,0
180.0,-0.01,0.03,1.02802175225e-13,0
180.0,-0.01,0.035,1.03597871022e-13,0
180.0,-0.005,0.03,1.02090555934e-13,0
180.0,-0.005,0.035,1.06446144787e-13,0
180.0,-0.01,0.04,1.01220611915e-13,0
180.0,-0.01,0.045,9.63339902515e-14,0
180.0,-0.005,0.04,1.0883543318e-13,0
180.0,-0.005,0.045,1.08391740591e-13,0
180.0,-0.01,0.05,9.04754557947e-14,0
180.0,-0.01,0.055,8.19568358717e-14,0
180.0,-0.005,0.05,1.06130769755e-13,0
180.0,-0.005,0.055,1.02442736767e-13,0
180.0,-0.01,0.06,6.96605062721e-14,0
180.0,-0.01,0.065,5.53928006823e-14,0
180.0,-0.005,0.06,9.55202596522e-14,0
180.0,-0.005,0.065,8.61246750304e-14,0
180.0,-0.01,0.07,4.08882323006e-14,0
180.0,-0.01,0.075,2.68404697774e-14,0
180.0,-0.005,0.07,7.6582044709e-14,0
180.0,-0.005,0.075,6.92197660871e-14,0
180.0,0,-0.075,1.62257886194e-13,0
180.0,0,-0.07,1.65295871382e-13,0
180.0,0.005,-0.075,1.75857400394e-13,0
180.0,0.005,-0.07,1.75420638713e-13,0
180.0,0,-0.065,1.69757627614e-13,0
180.0,0.005,-0.065,1.76791370159e-13,0
180.0,0,-0.06,1.71178669508e-13,0
180.0,0.005,-0.06,1.77232462513e-13,0
180.0,0,-0.055,1.69715014435e-13,0
180.0,0.005,-0.055,1.77253080345e-13,0
180.0,0,-0.05,1.65803008872e-13,0
180.0,0.005,-0.05,1.74952890339e-13,0
180.0,0,-0.045,1.58950229435e-13,0
180.0,0.005,-0.045,1.68562024631e-13,0
180.0,0,-0.04,1.48520542994e-13,0
180.0,0.005,-0.04,1.57317379977e-13,0
180.0,0,-0.035,1.34247687471e-13,0
180.0,0.005,-0.035,1.41238794711e-13,0
180.0,0,-0.03,1.15755338987e-13,0
180.0,0.005,-0.03,1.22219262563e-13,0
180.0,0,-0.025,9.56902067486e-14,0
180.0,0.005,-0.025,1.0178222337e-13,0
180.0,0,-0.02,7.7685401334e-14,0
180.0,0.005,-0.02,8.13252691742e-14,0
180.0,0,-0.015,5.95818440537e-14,0
180.0,0.005,-0.015,6.21964794961e-14,0
180.0,-0.0021196717084,-0.00776771017156,3.21959381213e-14,0
180.0,-0.00084550708518,-0.00631514607954,2.32448051708e-14,0
180.0,6.71033969406e-08,-0.005,1.21168063819e-14,0
180.0,-0.00139054260708,-0.0110960807567,4.52747644733e-14,0
180.0,0.00132468676756,-0.00775008274642,3.1264396234e-14,0
180.0,0.00160394440688,-0.0116908851489,4.77390004721e-14,0
180.0,0.005,-0.00939946851065,4.26491436573e-14,0
180.0,0.005,0.005,2.93896244621e-14,0
180.0,-0.000107646311398,0.00617659695633,2.59784457192e-14,0
180.0,-0.00190846935279,0.0076427502668,3.70997289105e-14,0
180.0,0.00131146485568,0.00777290068297,3.6911393374e-14,0
180.0,0.00295884413402,0.00640276348073,3.05248133243e-14,0
180.0,-1.21517769428e-05,0.0108932602996,5.07734045293e-14,0
180.0,0,0.015,6.54199593313e-14,0
180.0,0.005,0.00939942566771,4.68593130593e-14,0
180.0,0.005,0.015,6.59782988065e-14,0
180.0,0,0.02,8.06850383112e-14,0
180.0,0,0.025,9.27291616041e-14,0
180.0,0.005,0.02,8.05674286615e-14,0
180.0,0.005,0.025,9.2102223555e-14,0
180.0,0,0.03,1.01424913476e-13,0
180.0,0,0.035,1.07951192316e-13,0
180.0,0.005,0.03,1.00678752517e-13,0
180.0,0.005,0.035,1.07599015394e-13,0
180.0,0,0.04,1.13105588525e-13,0
180.0,0,0.045,1.15033263137e-13,0
180.0,0.005,0.04,1.1294576262e-13,0
180.0,0.005,0.045,1.15196875392e-13,0
180.0,0,0.05,1.14637300164e-13,0
180.0,0,0.055,1.14066465695e-13,0
180.0,0.005,0.05,1.15772027648e-13,0
180.0,0.005,0.055,1.1631934966e-13,0
180.0,0,0.06,1.12302200086e-13,0
180.0,0,0.065,1.0800738564e-13,0
180.0,0.005,0.06,1.1687377308e-13,0
180.0,0.005,0.065,1.17166001049e-13,0
180.0,0,0.07,1.02212665707e-13,0
180.0,0,0.075,9.89657436903e-14,0
180.0,0.005,0.07,1.16065409387e-13,0
180.0,0.005,0.075,1.16557818101e-13,0
180.0,0.01,-0.075,1.72382061936e-13,0
180.0,0.01,-0.07,1.71331848558e-13,0
180.0,0.015,-0.075,1.54088466705e-13,0
180.0,0.015,-0.07,1.56702290375e-13,0
180.0,0.01,-0.065,1.70545093693e-13,0
180.0,0.015,-0.065,1.59360555799e-13,0
180.0,0.01,-0.06,1.71065545247e-13,0
180.0,0.015,-0.06,1.61551658205e-13,0
180.0,0.01,-0.055,1.72435607943e-13,0
180.0,0.015,-0.055,1.63912113879e-13,0
180.0,0.01,-0.05,1.73067444389e-13,0
180.0,0.015,-0.05,1.66716290038e-13,0
180.0,0.01,-0.045,1.69868162048e-13,0
180.0,0.015,-0.045,1.68339016864e-13,0
180.0,0.01,-0.04,1.60477578473e-13,0
180.0,0.015,-0.04,1.62604314566e-13,0
180.0,0.01,-0.035,1.45608305287e-13,0
180.0,0.015,-0.035,1.49383302219e-13,0
180.0,0.01,-0.03,1.28059077244e-13,0
180.0,0.015,-0.03,1.33821095368e-13,0
180.0,0.01,-0.025,1.09527985413e-13,0
180.0,0.015,-0.025,1.17658160246e-13,0
180.0,0.01,-0.02,8.82922327779e-14,0
180.0,0.01,-0.015,6.90996836161e-14,0
180.0,0.015,-0.02,9.84687191161e-14,0
180.0,0.015,-0.015,8.12348802575e-14,0
180.0,0.00999280436795,-0.0116358337096,5.95646841321e-14,0
180.0,0.0105889214373,-0.00845762197625,5.29720212331e-14,0
180.0,0.015,-0.01,6.96154728166e-14,0
180.0,0.00939947397025,-0.005,4.2378706931e-14,0
180.0,0.015,-0.005,6.07242203411e-14,0
180.0,0.00658051136513,-0.00296146438142,2.8498513518e-14,0
180.0,0.00636794669772,-3.54305826484e-06,2.35316138945e-14,0
180.0,0.00795807888052,-0.00113999998936,3.19886150144e-14,0
180.0,0.00758147027913,0.00183630393596,3.13099555626e-14,0
180.0,0.0112534647756,-1.47536350887e-07,4.48287763846e-14,0
180.0,0.015,4.16333634234e-19,5.71230966248e-14,0
180.0,0.00939942566771,0.005,4.41692383256e-14,0
180.0,0.015,0.005,6.07097700772e-14,0
180.0,0.00999018807453,0.0109670628501,6.08422431372e-14,0
180.0,0.01,0.015,7.13789147656e-14,0
180.0,0.015,0.01,6.90895038007e-14,0
180.0,0.015,0.015,7.8726677349e-14,0
180.0,0.01,0.02,8.32629852556e-14,0
180.0,0.01,0.025,9.27787706309e-14,0
180.0,0.015,0.02,8.75350007749e-14,0
180.0,0.015,0.025,9.4426335835e-14,0
180.0,0.01,0.03,1.0004019103e-13,0
180.0,0.01,0.035,1.05910516732e-13,0
180.0,0.015,0.03,9.96634386348e-14,0
180.0,0.015,0.035,1.03317801353e-13,0
180.0,0.01,0.04,1.09628409004e-13,0
180.0,0.01,0.045,1.10920363524e-13,0
180.0,0.015,0.04,1.04555949929e-13,0
180.0,0.015,0.045,1.046911506e-13,0
180.0,0.01,0.05,1.1136312336e-13,0
180.0,0.01,0.055,1.11988975861e-13,0
180.0,0.015,0.05,1.04854945253e-13,0
180.0,0.015,0.055,1.0551478643e-13,0
180.0,0.01,0.06,1.12910650341e-13,0
180.0,0.01,0.065,1.14315847772e-13,0
180.0,0.015,0.06,1.0668196295e-13,0
180.0,0.015,0.065,1.07638854518e-13,0
180.0,0.01,0.07,1.17164538588e-13,0
180.0,0.01,0.075,1.20250375821e-13,0
180.0,0.015,0.07,1.0833129325e-13,0
180.0,0.015,0.075,1.09454984831e-13,0
180.0,0.02,-0.075,1.2792811436e-13,0
180.0,0.02,-0.07,1.33365159457e-13,0
180.0,0.025,-0.075,9.64798721575e-14,0
180.0,0.025,-0.07,1.04312313058e-13,0
180.0,0.02,-0.065,1.39953916691e-13,0
180.0,0.025,-0.065,1.13149753666e-13,0
180.0,0.02,-0.06,1.46044650171e-13,0
180.0,0.025,-0.06,1.22765259041e-13,0
180.0,0.02,-0.055,1.50755141538e-13,0
180.0,0.025,-0.055,1.32045708664e-13,0
180.0,0.02,-0.05,1.55494460231e-13,0
180.0,0.025,-0.05,1.40491998108e-13,0
180.0,0.02,-0.045,1.60787381604e-13,0
180.0,0.025,-0.045,1.4928032715e-13,0
180.0,0.02,-0.04,1.60823804656e-13,0
180.0,0.025,-0.04,1.54730844838e-13,0
180.0,0.02,-0.035,1.51392300284e-13,0
180.0,0.025,-0.035,1.50717813622e-13,0
180.0,0.02,-0.03,1.38538612385e-13,0
180.0,0.025,-0.03,1.41440140068e-13,0
180.0,0.02,-0.025,1.25427053474e-13,0
180.0,0.025,-0.025,1.31778206712e-13,0
180.0,0.02,-0.02,1.10204709655e-13,0
180.0,0.025,-0.02,1.21606422097e-13,0
180.0,0.02,-0.015,9.57983972972e-14,0
180.0,0.025,-0.015,1.11004508265e-13,0
180.0,0.02,-0.01,8.54815342633e-14,0
180.0,0.025,-0.01,1.01441237788e-13,0
180.0,0.02,-0.005,7.70079502905e-14,0
180.0,0.025,-0.005,9.33342850217e-14,0
180.0,0.02,0,7.27555559621e-14,0
180.0,0.025,4.16333634234e-19,8.84597770585e-14,0
180.0,0.02,0.005,7.4642580062e-14,0
180.0,0.025,0.005,8.82662509985e-14,0
180.0,0.02,0.01,8.03577018285e-14,0
180.0,0.025,0.01,9.17257116342e-14,0
180.0,0.02,0.015,8.68798835065e-14,0
180.0,0.025,0.015,9.55672611204e-14,0
180.0,0.02,0.02,9.2614348188e-14,0
180.0,0.02,0.025,9.64291495489e-14,0
180.0,0.025,0.02,9.78222423323e-14,0
180.0,0.025,0.025,9.73637913895e-14,0
180.0,0.02,0.03,9.82953851863e-14,0
180.0,0.02,0.035,9.84061893072e-14,0
180.0,0.025,0.03,9.47692883853e-14,0
180.0,0.025,0.035,9.16239083154e-14,0
180.0,0.02,0.04,9.73175759026e-14,0
180.0,0.02,0.045,9.62622815872e-14,0
180.0,0.025,0.04,8.84236689785e-14,0
180.0,0.025,0.045,8.56635942101e-14,0
180.0,0.02,0.05,9.56564175677e-14,0
180.0,0.02,0.055,9.56337489201e-14,0
180.0,0.025,0.05,8.33938787504e-14,0
180.0,0.025,0.055,8.11868145528e-14,0
180.0,0.02,0.06,9.56113750706e-14,0
180.0,0.02,0.065,9.39240246539e-14,0
180.0,0.025,0.06,7.76598423625e-14,0
180.0,0.025,0.065,7.32670343895e-14,0
180.0,0.02,0.07,9.15388153144e-14,0
180.0,0.02,0.075,9.04477649068e-14,0
180.0,0.025,0.07,6.92512563327e-14,0
180.0,0.025,0.075,6.61764862362e-14,0
180.0,0.03,-0.075,6.20508818014e-14,0
180.0,0.03,-0.07,7.13265858472e-14,0
180.0,0.035,-0.075,2.55319709393e-14,0
180.0,0.035,-0.07,3.58633429071e-14,0
180.0,0.03,-0.065,8.18689346726e-14,0
180.0,0.035,-0.065,4.77597499577e-14,0
180.0,0.03,-0.06,9.38139996335e-14,0
180.0,0.035,-0.06,6.16713541731e-14,0
180.0,0.03,-0.055,1.06738473273e-13,0
180.0,0.035,-0.055,7.68050423047e-14,0
180.0,0.03,-0.05,1.20028290153e-13,0
180.0,0.035,-0.05,9.31034741268e-14,0
180.0,0.03,-0.045,1.33542711612e-13,0
180.0,0.035,-0.045,1.09980406008e-13,0
180.0,0.03,-0.04,1.44175512167e-13,0
180.0,0.035,-0.04,1.25553470222e-13,0
180.0,0.03,-0.035,1.46149876549e-13,0
180.0,0.035,-0.035,1.36148848639e-13,0
180.0,0.03,-0.03,1.41514867881e-13,0
180.0,0.035,-0.03,1.38111768777e-13,0
180.0,0.03,-0.025,1.36061905689e-13,0
180.0,0.035,-0.025,1.36477222136e-13,0
180.0,0.03,-0.02,1.30576882485e-13,0
180.0,0.035,-0.02,1.34911017627e-13,0
180.0,0.03,-0.015,1.2468564107e-13,0
180.0,0.035,-0.015,1.33433430358e-13,0
180.0,0.03,-0.01,1.17679106498e-13,0
180.0,0.035,-0.01,1.30564750817e-13,0
180.0,0.03,-0.005,1.10835577079e-13,0
180.0,0.035,-0.005,1.26385485284e-13,0
180.0,0.03,0,1.05956318392e-13,0
180.0,0.035,4.16333634234e-19,1.21892881069e-13,0
180.0,0.03,0.005,1.03845803177e-13,0
180.0,0.035,0.005,1.17852336667e-13,0
180.0,0.03,0.01,1.0424835981e-13,0
180.0,0.035,0.01,1.1416250894e-13,0
180.0,0.03,0.015,1.04256466834e-13,0
180.0,0.035,0.015,1.08716536107e-13,0
180.0,0.03,0.02,1.0084677894e-13,0
180.0,0.035,0.02,9.94771633343e-14,0
180.0,0.03,0.025,9.49525160823e-14,0
180.0,0.035,0.025,8.97238973899e-14,0
180.0,0.03,0.03,8.88535739685e-14,0
180.0,0.03,0.035,8.30206379963e-14,0
180.0,0.035,0.03,8.09775668895e-14,0
180.0,0.035,0.035,7.27203541459e-14,0
180.0,0.03,0.04,7.76772500578e-14,0
180.0,0.03,0.045,7.28116594426e-14,0
180.0,0.035,0.04,6.51977919622e-14,0
180.0,0.035,0.045,5.77865295555e-14,0
180.0,0.03,0.05,6.77835092834e-14,0
180.0,0.03,0.055,6.17601525342e-14,0
180.0,0.035,0.05,4.9192664997e-14,0
180.0,0.035,0.055,3.94216792099e-14,0
180.0,0.03,0.06,5.49474741216e-14,0
180.0,0.03,0.065,4.84574266105e-14,0
180.0,0.035,0.06,2.96276639016e-14,0
180.0,0.035,0.065,2.08480746524e-14,0
180.0,0.03,0.07,4.28593159168e-14,0
180.0,0.03,0.075,3.839744815e-14,0
180.0,0.035,0.07,1.347705026e-14,0
180.0,0.035,0.075,7.72801569165e-15,0
180.0,0.04,-0.075,-1.7440824416e-14,0
180.0,0.04,-0.07,-3.84993788014e-15,0
180.0,0.045,-0.075,-6.41747276679e-14,0
180.0,0.045,-0.07,-4.63852064761e-14,0
180.0,0.04,-0.065,1.07780430361e-14,0
180.0,0.045,-0.065,-2.84075064801e-14,0
180.0,0.04,-0.06,2.69442839738e-14,0
180.0,0.045,-0.06,-9.76720143354e-15,0
180.0,0.04,-0.055,4.40335308736e-14,0
180.0,0.045,-0.055,9.43417331207e-15,0
180.0,0.04,-0.05,6.20306539838e-14,0
180.0,0.045,-0.05,2.91633009802e-14,0
180.0,0.04,-0.045,8.0801220845e-14,0
180.0,0.045,-0.045,4.9494392486e-14,0
180.0,0.04,-0.04,9.9578320659e-14,0
180.0,0.045,-0.04,7.03657064963e-14,0
180.0,0.04,-0.035,1.16739357349e-13,0
180.0,0.045,-0.035,9.09532044175e-14,0
180.0,0.04,-0.03,1.27899738043e-13,0
180.0,0.045,-0.03,1.08694262916e-13,0
180.0,0.04,-0.025,1.32123039752e-13,0
180.0,0.045,-0.025,1.21602905869e-13,0
180.0,0.04,-0.02,1.3375899659e-13,0
180.0,0.045,-0.02,1.28225809385e-13,0
180.0,0.04,-0.015,1.35407686903e-13,0
180.0,0.045,-0.015,1.31622263255e-13,0
180.0,0.04,-0.01,1.36541099927e-13,0
180.0,0.045,-0.01,1.34126054167e-13,0
180.0,0.04,-0.005,1.35617661175e-13,0
180.0,0.045,-0.005,1.3570786647e-13,0
180.0,0.04,0,1.31727641173e-13,0
180.0,0.045,4.16333634234e-19,1.33608883064e-13,0
180.0,0.04,0.005,1.25788368352e-13,0
180.0,0.045,0.005,1.27017355948e-13,0
180.0,0.04,0.01,1.17736832229e-13,0
180.0,0.045,0.01,1.16359971124e-13,0
180.0,0.04,0.015,1.06826094501e-13,0
180.0,0.045,0.015,1.02382032803e-13,0
180.0,0.04,0.02,9.45025674279e-14,0
180.0,0.045,0.02,8.76086876323e-14,0
180.0,0.04,0.025,8.24548248643e-14,0
180.0,0.045,0.025,7.31626659199e-14,0
180.0,0.04,0.03,7.11978076041e-14,0
180.0,0.045,0.03,5.93536821804e-14,0
180.0,0.04,0.035,6.03332326302e-14,0
180.0,0.045,0.035,4.48059694116e-14,0
180.0,0.04,0.04,4.94371748235e-14,0
180.0,0.04,0.045,3.81660661508e-14,0
180.0,0.045,0.04,2.92988625867e-14,0
180.0,0.045,0.045,1.36155672623e-14,0
180.0,0.04,0.05,2.59715637456e-14,0
180.0,0.04,0.055,1.28909458638e-14,0
180.0,0.045,0.05,-2.30544612423e-15,0
180.0,0.045,0.055,-1.87217496147e-14,0
180.0,0.04,0.06,2.38572454061e-16,0
180.0,0.04,0.065,-1.08889698786e-14,0
180.0,0.045,0.06,-3.40763441503e-14,0
180.0,0.045,0.065,-4.74874819117e-14,0
180.0,0.04,0.07,-1.98791937429e-14,0
180.0,0.04,0.075,-2.68017251836e-14,0
180.0,0.045,0.07,-5.73547974972e-14,0
180.0,0.045,0.075,-6.49231876915e-14,0
180.0,0.05,-0.075,-1.0935398919e-13,0
180.0,0.05,-0.07,-8.90992393692e-14,0
180.0,0.055,-0.075,-1.54098922242e-13,0
180.0,0.055,-0.07,-1.31914308569e-13,0
180.0,0.05,-0.065,-6.86419605737e-14,0
180.0,0.055,-0.065,-1.09540055224e-13,0
180.0,0.05,-0.06,-4.78604182144e-14,0
180.0,0.055,-0.06,-8.69102736367e-14,0
180.0,0.05,-0.055,-2.67025168683e-14,0
180.0,0.055,-0.055,-6.39388032164e-14,0
180.0,0.05,-0.05,-5.19494236061e-15,0
180.0,0.055,-0.05,-4.06724063839e-14,0
180.0,0.05,-0.045,1.6819526484e-14,0
180.0,0.055,-0.045,-1.68705889405e-14,0
180.0,0.05,-0.04,3.9355110217e-14,0
180.0,0.055,-0.04,7.60176918313e-15,0
180.0,0.05,-0.035,6.20987153872e-14,0
180.0,0.055,-0.035,3.24873768174e-14,0
180.0,0.05,-0.03,8.39215675275e-14,0
180.0,0.055,-0.03,5.77356591934e-14,0
180.0,0.05,-0.025,1.03382703761e-13,0
180.0,0.055,-0.025,8.15888341939e-14,0
180.0,0.05,-0.02,1.1699148697e-13,0
180.0,0.055,-0.02,1.01004459741e-13,0
180.0,0.05,-0.015,1.22972554828e-13,0
180.0,0.055,-0.015,1.11959164982e-13,0
180.0,0.05,-0.01,1.25917797616e-13,0
180.0,0.055,-0.01,1.16292608699e-13,0
180.0,0.05,-0.005,1.28341355635e-13,0
180.0,0.055,-0.005,1.18739454523e-13,0
180.0,0.05,0,1.28291945577e-13,0
180.0,0.055,4.16333634234e-19,1.18326122228e-13,0
180.0,0.05,0.005,1.22657854943e-13,0
180.0,0.055,0.005,1.13473774065e-13,0
180.0,0.05,0.01,1.1117908786e-13,0
180.0,0.055,0.01,1.02828037247e-13,0
180.0,0.05,0.015,9.53983769436e-14,0
180.0,0.055,0.015,8.68475689469e-14,0
180.0,0.05,0.02,7.89027326474e-14,0
180.0,0.055,0.02,6.8944443608e-14,0
180.0,0.05,0.025,6.22800652868e-14,0
180.0,0.055,0.025,4.98836829748e-14,0
180.0,0.05,0.03,4.44685084253e-14,0
180.0,0.055,0.03,2.64344027771e-14,0
180.0,0.05,0.035,2.5020621875e-14,0
180.0,0.055,0.035,2.28166700073e-15,0
180.0,0.05,0.04,5.91431835033e-15,0
180.0,0.055,0.04,-1.93013485132e-14,0
180.0,0.05,0.045,-1.33018393061e-14,0
180.0,0.055,0.045,-4.18227504224e-14,0
180.0,0.05,0.05,-3.40196581324e-14,0
180.0,0.05,0.055,-5.47142305377e-14,0
180.0,0.055,0.05,-6.87171003324e-14,0
180.0,0.055,0.055,-9.42198724923e-14,0
180.0,0.05,0.06,-7.26039818441e-14,0
180.0,0.05,0.065,-8.84698968124e-14,0
180.0,0.055,0.06,-1.1447293817e-13,0
180.0,0.055,0.065,-1.33296393735e-13,0
180.0,0.05,0.07,-1.01393143547e-13,0
180.0,0.05,0.075,-1.12337666967e-13,0
180.0,0.055,0.07,-1.53788213953e-13,0
180.0,0.055,0.075,-1.71814657785e-13,0
180.0,0.06,-0.075,-1.98437990027e-13,0
180.0,0.06,-0.07,-1.74663951622e-13,0
180.0,0.065,-0.075,-2.42447858127e-13,0
180.0,0.065,-0.07,-2.17392427728e-13,0
180.0,0.06,-0.065,-1.50752687168e-13,0
180.0,0.065,-0.065,-1.92187524178e-13,0
180.0,0.06,-0.06,-1.26758785221e-13,0
180.0,0.065,-0.06,-1.67166557618e-13,0
180.0,0.06,-0.055,-1.02401830444e-13,0
180.0,0.065,-0.055,-1.41751880623e-13,0
180.0,0.06,-0.05,-7.73665211732e-14,0
180.0,0.065,-0.05,-1.14992093499e-13,0
180.0,0.06,-0.045,-5.15219079023e-14,0
180.0,0.065,-0.045,-8.6971753199e-14,0
180.0,0.06,-0.04,-2.48093594609e-14,0
180.0,0.065,-0.04,-5.75945995393e-14,0
180.0,0.06,-0.035,2.63542075071e-15,0
180.0,0.065,-0.035,-2.72063716376e-14,0
180.0,0.06,-0.03,3.10456925871e-14,0
180.0,0.065,-0.03,4.15032860163e-15,0
180.0,0.06,-0.025,5.88317658308e-14,0
180.0,0.065,-0.025,3.52678995834e-14,0
180.0,0.06,-0.02,8.19536103006e-14,0
180.0,0.065,-0.02,6.16378386947e-14,0
180.0,0.06,-0.015,9.61788574702e-14,0
180.0,0.065,-0.015,7.69025813085e-14,0
180.0,0.06,-0.01,1.02289294441e-13,0
180.0,0.065,-0.01,8.30143310847e-14,0
180.0,0.06,-0.005,1.04604616599e-13,0
180.0,0.065,-0.005,8.60753630901e-14,0
180.0,0.06,0,1.04087422979e-13,0
180.0,0.065,4.16333634234e-19,8.64925528266e-14,0
180.0,0.06,0.005,1.00482773328e-13,0
180.0,0.065,0.005,8.43731407298e-14,0
180.0,0.06,0.01,9.11492427859e-14,0
180.0,0.065,0.01,7.5457547341e-14,0
180.0,0.06,0.015,7.50367808546e-14,0
180.0,0.065,0.015,5.68012534454e-14,0
180.0,0.06,0.02,5.40544693951e-14,0
180.0,0.065,0.02,3.12686861251e-14,0
180.0,0.06,0.025,2.99866820907e-14,0
180.0,0.065,0.025,2.82888458167e-15,0
180.0,0.06,0.03,2.45126646049e-15,0
180.0,0.065,0.03,-2.79638821648e-14,0
180.0,0.06,0.035,-2.54526876865e-14,0
180.0,0.065,0.035,-6.03231517348e-14,0
180.0,0.06,0.04,-5.14674294751e-14,0
180.0,0.065,0.04,-9.23345814476e-14,0
180.0,0.06,0.045,-7.90664040348e-14,0
180.0,0.065,0.045,-1.26029884563e-13,0
180.0,0.06,0.05,-1.1116062375e-13,0
180.0,0.065,0.05,-1.62589048464e-13,0
180.0,0.06,0.055,-1.42105372588e-13,0
180.0,0.065,0.055,-1.98866210597e-13,0
180.0,0.06,0.06,-1.67632381225e-13,0
180.0,0.06,0.065,-1.91895190093e-13,0
180.0,0.065,0.06,-2.30464212676e-13,0
180.0,0.065,0.065,-2.60278773861e-13,0
180.0,0.06,0.07,-2.17827802193e-13,0
180.0,0.06,0.075,-2.42031599992e-13,0
180.0,0.065,0.07,-2.90170222216e-13,0
180.0,0.065,0.075,-3.19348531379e-13,0
180.0,0.07,-0.075,-2.86302502091e-13,0
180.0,0.07,-0.07,-2.60157484883e-13,0
180.0,0.075,-0.075,-3.29561700559e-13,0
180.0,0.075,-0.07,-3.02711054148e-13,0
180.0,0.07,-0.065,-2.33972056975e-13,0
180.0,0.075,-0.065,-2.75684220219e-13,0
180.0,0.07,-0.06,-2.0809279851e-13,0
180.0,0.075,-0.06,-2.49306186619e-13,0
180.0,0.07,-0.055,-1.82027705088e-13,0
180.0,0.075,-0.055,-2.22923892449e-13,0
180.0,0.07,-0.05,-1.53792660333e-13,0
180.0,0.075,-0.05,-1.93246041431e-13,0
180.0,0.07,-0.045,-1.22750390985e-13,0
180.0,0.075,-0.045,-1.58887603807e-13,0
180.0,0.07,-0.04,-8.95426112687e-14,0
180.0,0.075,-0.04,-1.20955896495e-13,0
180.0,0.07,-0.035,-5.56574358883e-14,0
180.0,0.075,-0.035,-8.32694067778e-14,0
180.0,0.07,-0.03,-2.24914877836e-14,0
180.0,0.075,-0.03,-4.89631093291e-14,0
180.0,0.07,-0.025,1.05134839004e-14,0
180.0,0.075,-0.025,-1.4564519812e-14,0
180.0,0.07,-0.02,4.0256027176e-14,0
180.0,0.075,-0.02,1.9354740618e-14,0
180.0,0.07,-0.015,5.73515085514e-14,0
180.0,0.075,-0.015,3.87337797209e-14,0
180.0,0.07,-0.01,6.35006823133e-14,0
180.0,0.075,-0.01,4.50179813927e-14,0
180.0,0.07,-0.005,6.70027034113e-14,0
180.0,0.075,-0.005,4.88050117812e-14,0
180.0,0.07,0,6.78064172787e-14,0
180.0,0.075,0,4.98807325699e-14,0
180.0,0.07,0.005,6.61674245184e-14,0
180.0,0.075,0.005,4.84469716152e-14,0
180.0,0.07,0.01,5.62586944586e-14,0
180.0,0.075,0.01,3.72886552971e-14,0
180.0,0.07,0.015,3.41121199539e-14,0
180.0,0.075,0.015,1.14044935066e-14,0
180.0,0.07,0.02,5.35197071267e-15,0
180.0,0.075,0.02,-2.00098824753e-14,0
180.0,0.07,0.025,-2.5991789458e-14,0
180.0,0.075,0.025,-5.40336886789e-14,0
180.0,0.07,0.03,-6.00077552174e-14,0
180.0,0.075,0.03,-9.11971803824e-14,0
180.0,0.07,0.035,-9.64492672792e-14,0
180.0,0.075,0.035,-1.31382348965e-13,0
180.0,0.07,0.04,-1.37046227317e-13,0
180.0,0.075,0.04,-1.81763210052e-13,0
180.0,0.07,0.045,-1.7847064738e-13,0
180.0,0.075,0.045,-2.31582582725e-13,0
180.0,0.07,0.05,-2.16998547893e-13,0
180.0,0.075,0.05,-2.71512956828e-13,0
180.0,0.07,0.055,-2.55256252266e-13,0
180.0,0.075,0.055,-3.11108034509e-13,0
180.0,0.07,0.06,-2.93179004099e-13,0
180.0,0.075,0.06,-3.54999207016e-13,0
180.0,0.07,0.065,-3.29754476085e-13,0
180.0,0.075,0.065,-3.98566700873e-13,0
180.0,0.07,0.07,-3.6457024179e-13,0
180.0,0.07,0.075,-3.97907022898e-13,0
180.0,0.075,0.07,-4.38327729761e-13,0
180.0,0.075,0.075,-4.74637845737e-13,0
220.0,-0.00382671281566,-0.00202612167119,0,0
220.0,-0.005,-0.005,2.56888200408e-14,0
220.0,-0.00197892066871,-0.00385133392306,0,0
220.0,-0.005,-0.00190753787223,1.57361354061e-14,0
220.0,-0.00433,0,0,0
220.0,-0.00190753787223,-0.005,1.51670666487e-14,0
220.0,0,-0.00433,0,0
220.0,-0.005,0.00190775150599,1.59419115135e-14,0
220.0,-0.00385133392306,0.00197892066871,0,0
220.0,0.00190775150599,-0.005,1.49980090353e-14,0
220.0,0.00202612167119,-0.00382671281566,0,0
220.0,-0.00202612167119,0.00382671281566,0,0
220.0,-0.005,0.005,2.79816709047e-14,0
220.0,-0.0019094272225,0.005,1.57752964176e-14,0
220.0,0,0.00433,0,0
220.0,0.00147766755988,0.00407006125046,0,0
220.0,8.32667268469e-19,0.005,1.13044323632e-14,0
220.0,0.00433,0,0,0
220.0,0.005,1.38777878078e-18,1.16629105581e-14,0
220.0,0.00407006125046,0.00147766755988,0,0
220.0,0.005,-0.005,2.47470787721e-14,0
220.0,0.00385133392306,-0.00197892066871,0,0
220.0,0.005,-0.0019094272225,1.54080071497e-14,0
220.0,0.00306177236254,0.00306177236254,0,0
220.0,0.0019094272225,0.005,1.59453436995e-14,0
220.0,0.005,0.0019094272225,1.59213670196e-14,0
220.0,-0.000885,-0.0015328649647,1.27150896684e-12,0
220.0,-0.0015328649647,-0.000885,1.27163134645e-12,0
220.0,-0.00186450691264,-0.00187567167242,8.43018070415e-13,0
220.0,-0.00177,0,1.27132308615e-12,0
220.0,-0.00268433516245,-0.000738983120158,7.59100338229e-13,0
220.0,0,-0.00177,1.27147061046e-12,0
220.0,-0.000718432264205,-0.00269192408424,7.57394187527e-13,0
220.0,-0.0015328649647,0.000885,1.26981862869e-12,0
220.0,-0.00265321485144,0.000647311733689,7.89883038453e-13,0
220.0,-0.000885,0.0015328649647,1.26819114295e-12,0
220.0,-0.00194719253591,0.00178443766524,8.43944379068e-13,0
220.0,0,0.00177,1.26408502298e-12,0
220.0,-0.000802720381054,0.00273415977115,7.17494230904e-13,0
220.0,0.000885,-0.0015328649647,1.27015946468e-12,0
220.0,0.00075154031863,-0.00270385456952,7.45284307848e-13,0
220.0,0.00177,0,1.2624247968e-12,0
220.0,0.0015328649647,-0.000885,1.26800707114e-12,0
220.0,0.00271471102228,-0.000564731152102,7.60907970272e-13,0
220.0,0.00192394637685,-0.00189207206672,8.10089210039e-13,0
220.0,0.00231817117671,0.00040530921667,9.87902366373e-13,0
220.0,0.0015328649647,0.000885,1.26069118307e-12,0
220.0,0.000885,0.0015328649647,1.26139623743e-12,0
220.0,0.000427053001345,0.00287092483521,6.82184017214e-13,0
220.0,0.00187618296239,0.00184774001435,8.33333451541e-13,0
220.0,0.00312733402203,0.000607809752493,5.1919493767e-13,0
220.0,0.00276214303706,0.00136595635004,5.76854783573e-13,0
220.0,0.0014100336009,0.00268674970267,6.04766853886e-13,0
220.0,-0.075,-0.075,1.45608410904e-13,0
220.0,-0.07,-0.075,9.16132622982e-14,0
220.0,-0.075,-0.07,1.72984861134e-13,0
220.0,-0.07,-0.07,1.19563641121e-13,0
220.0,-0.075,-0.065,1.99144500802e-13,0
220.0,-0.07,-0.065,1.46353588895e-13,0
220.0,-0.065,-0.075,3.77487455061e-14,0
220.0,-0.065,-0.07,6.68431933493e-14,0
220.0,-0.065,-0.065,9.47802237926e-14,0
220.0,-0.075,-0.06,2.20379779019e-13,0
220.0,-0.07,-0.06,1.69380126407e-13,0
220.0,-0.065,-0.06,1.19856298702e-13,0
220.0,-0.075,-0.055,2.36277547896e-13,0
220.0,-0.07,-0.055,1.87774737192e-13,0
220.0,-0.065,-0.055,1.40605870234e-13,0
220.0,-0.075,-0.05,2.51300107543e-13,0
220.0,-0.07,-0.05,2.04386519272e-13,0
220.0,-0.065,-0.05,1.5899823038e-13,0
220.0,-0.075,-0.045,2.64363040827e-13,0
220.0,-0.07,-0.045,2.18959882614e-13,0
220.0,-0.065,-0.045,1.75269723887e-13,0
220.0,-0.075,-0.04,2.74475763456e-13,0
220.0,-0.07,-0.04,2.29989611477e-13,0
220.0,-0.075,-0.035,2.81653781315e-13,0
220.0,-0.07,-0.035,2.37132247796e-13,0
220.0,-0.065,-0.04,1.87575464921e-13,0
220.0,-0.065,-0.035,1.94989930422e-13,0
220.0,-0.075,-0.03,2.73752001661e-13,0
220.0,-0.07,-0.03,2.31450965435e-13,0
220.0,-0.075,-0.025,2.39492081542e-13,0
220.0,-0.07,-0.025,2.06460494445e-13,0
220.0,-0.065,-0.03,1.92330358005e-13,0
220.0,-0.065,-0.025,1.76457791979e-13,0
220.0,-0.075,-0.02,1.77556643016e-13,0
220.0,-0.07,-0.02,1.61869650986e-13,0
220.0,-0.075,-0.015,8.27385305222e-14,0
220.0,-0.07,-0.015,9.22444776438e-14,0
220.0,-0.065,-0.02,1.47710504004e-13,0
220.0,-0.065,-0.015,1.04130037899e-13,0
220.0,-0.075,-0.01,-4.75723989043e-14,0
220.0,-0.07,-0.01,-1.05026096627e-14,0
220.0,-0.075,-0.005,-2.01552719086e-13,0
220.0,-0.07,-0.005,-1.38417105944e-13,0
220.0,-0.065,-0.01,2.80861330068e-14,0
220.0,-0.065,-0.005,-7.68474659443e-14,0
220.0,-0.075,0,-3.53529040472e-13,0
220.0,-0.07,0,-2.71904075994e-13,0
220.0,-0.075,0.005,-4.90262659971e-13,0
220.0,-0.07,0.005,-3.94082178833e-13,0
220.0,-0.065,4.16333634234e-19,-1.93934128192e-13,0
220.0,-0.065,0.005,-3.04299882302e-13,0
220.0,-0.075,0.01,-5.91886040894e-13,0
220.0,-0.07,0.01,-4.87280367741e-13,0
220.0,-0.075,0.015,-6.3595352858e-13,0
220.0,-0.07,0.015,-5.32150886585e-13,0
220.0,-0.065,0.01,-3.90194279454e-13,0
220.0,-0.065,0.015,-4.34432656617e-13,0
220.0,-0.075,0.02,-6.41898737982e-13,0
220.0,-0.07,0.02,-5.39545125869e-13,0
220.0,-0.075,0.025,-6.35145035047e-13,0
220.0,-0.07,0.025,-5.32902915058e-13,0
220.0,-0.065,0.02,-4.43519943291e-13,0
220.0,-0.065,0.025,-4.37253968204e-13,0
220.0,-0.075,0.03,-6.09476231992e-13,0
220.0,-0.07,0.03,-5.07098418622e-13,0
220.0,-0.075,0.035,-5.63747529829e-13,0
220.0,-0.07,0.035,-4.61447115966e-13,0
220.0,-0.065,0.03,-4.12149178367e-13,0
220.0,-0.065,0.035,-3.66174335115e-13,0
220.0,-0.075,0.04,-4.87509678254e-13,0
220.0,-0.07,0.04,-3.93328332685e-13,0
220.0,-0.075,0.045,-3.92275948443e-13,0
220.0,-0.07,0.045,-3.11610205826e-13,0
220.0,-0.065,0.04,-3.04561609857e-13,0
220.0,-0.065,0.045,-2.33785928525e-13,0
220.0,-0.075,0.05,-3.03190520104e-13,0
220.0,-0.07,0.05,-2.29509238159e-13,0
220.0,-0.075,0.055,-2.15833542578e-13,0
220.0,-0.07,0.055,-1.46616186179e-13,0
220.0,-0.065,0.05,-1.58476030669e-13,0
220.0,-0.065,0.055,-7.95172114356e-14,0
220.0,-0.075,0.06,-1.29277240951e-13,0
220.0,-0.07,0.06,-6.23183317853e-14,0
220.0,-0.075,0.065,-4.23561998081e-14,0
220.0,-0.07,0.065,2.35043602096e-14,0
220.0,-0.065,0.06,2.66137165823e-15,0
220.0,-0.065,0.065,8.73382419198e-14,0
220.0,-0.075,0.07,4.68001658413e-14,0
220.0,-0.07,0.07,1.11397926852e-13,0
220.0,-0.075,0.075,1.36849449244e-13,0
220.0,-0.07,0.075,2.00435263796e-13,0
220.0,-0.065,0.07,1.74165606647e-13,0
220.0,-0.065,0.075,2.62170907972e-13,0
220.0,-0.06,-0.075,-1.53294577338e-14,0
220.0,-0.06,-0.07,1.49901206903e-14,0
220.0,-0.06,-0.065,4.46874353822e-14,0
220.0,-0.055,-0.075,-6.84590698211e-14,0
220.0,-0.055,-0.07,-3.64397849967e-14,0
220.0,-0.055,-0.065,-4.48909093486e-15,0
220.0,-0.06,-0.06,7.24057220176e-14,0
220.0,-0.06,-0.055,9.61006503344e-14,0
220.0,-0.055,-0.06,2.64050322875e-14,0
220.0,-0.055,-0.055,5.30869445294e-14,0
220.0,-0.06,-0.05,1.16111926917e-13,0
220.0,-0.055,-0.05,7.53015212717e-14,0
220.0,-0.06,-0.045,1.33717062795e-13,0
220.0,-0.055,-0.045,9.48108055567e-14,0
220.0,-0.06,-0.04,1.47581618892e-13,0
220.0,-0.055,-0.04,1.1094739035e-13,0
220.0,-0.06,-0.035,1.56827495784e-13,0
220.0,-0.055,-0.035,1.22971756404e-13,0
220.0,-0.06,-0.03,1.5807934187e-13,0
220.0,-0.06,-0.025,1.49240633807e-13,0
220.0,-0.055,-0.03,1.28163197954e-13,0
220.0,-0.055,-0.025,1.24860848563e-13,0
220.0,-0.06,-0.02,1.32142414731e-13,0
220.0,-0.06,-0.015,1.0644887784e-13,0
220.0,-0.055,-0.02,1.16087195411e-13,0
220.0,-0.055,-0.015,1.02706489406e-13,0
220.0,-0.06,-0.01,5.66714140785e-14,0
220.0,-0.06,-0.005,-2.29447590327e-14,0
220.0,-0.055,-0.01,6.99398361604e-14,0
220.0,-0.055,-0.005,1.45562470957e-14,0
220.0,-0.06,0,-1.21923953713e-13,0
220.0,-0.06,0.005,-2.19673134842e-13,0
220.0,-0.055,4.16333634234e-19,-6.40839012103e-14,0
220.0,-0.055,0.005,-1.46764751869e-13,0
220.0,-0.06,0.01,-2.96920429345e-13,0
220.0,-0.06,0.015,-3.42177857866e-13,0
220.0,-0.055,0.01,-2.13743411392e-13,0
220.0,-0.055,0.015,-2.57955531997e-13,0
220.0,-0.06,0.02,-3.56928699036e-13,0
220.0,-0.06,0.025,-3.50145996435e-13,0
220.0,-0.055,0.02,-2.77956470645e-13,0
220.0,-0.055,0.025,-2.71911480745e-13,0
220.0,-0.06,0.03,-3.24776264119e-13,0
220.0,-0.06,0.035,-2.81916702774e-13,0
220.0,-0.055,0.03,-2.46157386253e-13,0
220.0,-0.055,0.035,-2.06466211616e-13,0
220.0,-0.06,0.04,-2.26668153693e-13,0
220.0,-0.06,0.045,-1.63380181034e-13,0
220.0,-0.055,0.04,-1.55763915032e-13,0
220.0,-0.055,0.045,-9.76612120562e-14,0
220.0,-0.06,0.05,-9.2031856201e-14,0
220.0,-0.06,0.055,-1.56168634078e-14,0
220.0,-0.055,0.05,-2.95258127869e-14,0
220.0,-0.055,0.055,4.5096259498e-14,0
220.0,-0.06,0.06,6.50075265979e-14,0
220.0,-0.06,0.065,1.48785886112e-13,0
220.0,-0.055,0.06,1.24608538403e-13,0
220.0,-0.055,0.065,2.07999960173e-13,0
220.0,-0.06,0.07,2.35149188877e-13,0
220.0,-0.06,0.075,3.23120969739e-13,0
220.0,-0.055,0.07,2.9463237484e-13,0
220.0,-0.055,0.075,3.83461609305e-13,0
220.0,-0.05,-0.075,-1.21061613745e-13,0
220.0,-0.05,-0.07,-8.57006203454e-14,0
220.0,-0.045,-0.075,-1.6209862892e-13,0
220.0,-0.045,-0.07,-1.25322237199e-13,0
220.0,-0.05,-0.065,-5.13868615308e-14,0
220.0,-0.045,-0.065,-8.96394847679e-14,0
220.0,-0.05,-0.06,-1.78088676035e-14,0
220.0,-0.05,-0.055,1.22865780588e-14,0
220.0,-0.045,-0.06,-5.52254291768e-14,0
220.0,-0.045,-0.055,-2.34932205716e-14,0
220.0,-0.05,-0.05,3.77979016499e-14,0
220.0,-0.05,-0.045,6.0097633832e-14,0
220.0,-0.045,-0.05,4.55104835546e-15,0
220.0,-0.045,-0.045,2.90051588018e-14,0
220.0,-0.05,-0.04,7.84906881302e-14,0
220.0,-0.045,-0.04,4.94700436495e-14,0
220.0,-0.05,-0.035,9.30665061827e-14,0
220.0,-0.045,-0.035,6.62295903743e-14,0
220.0,-0.05,-0.03,1.02279858937e-13,0
220.0,-0.045,-0.03,7.87823447171e-14,0
220.0,-0.05,-0.025,1.04480879892e-13,0
220.0,-0.045,-0.025,8.60529545889e-14,0
220.0,-0.05,-0.02,1.00716015561e-13,0
220.0,-0.05,-0.015,9.30438245979e-14,0
220.0,-0.045,-0.02,8.70777999817e-14,0
220.0,-0.045,-0.015,8.43298713711e-14,0
220.0,-0.05,-0.01,7.1124031127e-14,0
220.0,-0.05,-0.005,3.16459820791e-14,0
220.0,-0.045,-0.01,7.21807763552e-14,0
220.0,-0.045,-0.005,4.36094631199e-14,0
220.0,-0.05,0,-2.63435524755e-14,0
220.0,-0.05,0.005,-9.0988625632e-14,0
220.0,-0.045,4.16333634234e-19,-3.89736367775e-16,0
220.0,-0.045,0.005,-5.0227125637e-14,0
220.0,-0.05,0.01,-1.43828950008e-13,0
220.0,-0.05,0.015,-1.83520638933e-13,0
220.0,-0.045,0.01,-8.87996933393e-14,0
220.0,-0.045,0.015,-1.22741094294e-13,0
220.0,-0.05,0.02,-2.06391522194e-13,0
220.0,-0.05,0.025,-2.0245227827e-13,0
220.0,-0.045,0.02,-1.44835840305e-13,0
220.0,-0.045,0.025,-1.4029390001e-13,0
220.0,-0.05,0.03,-1.77521632445e-13,0
220.0,-0.05,0.035,-1.4095590702e-13,0
220.0,-0.045,0.03,-1.15847525927e-13,0
220.0,-0.045,0.035,-8.19373984526e-14,0
220.0,-0.05,0.04,-9.30150682846e-14,0
220.0,-0.05,0.045,-3.80677702777e-14,0
220.0,-0.045,0.04,-3.73781836734e-14,0
220.0,-0.045,0.045,1.46693017434e-14,0
220.0,-0.05,0.05,2.67303674627e-14,0
220.0,-0.05,0.055,9.93095234954e-14,0
220.0,-0.045,0.05,7.52062135465e-14,0
220.0,-0.045,0.055,1.4418507813e-13,0
220.0,-0.05,0.06,1.77998068474e-13,0
220.0,-0.05,0.065,2.61650338849e-13,0
220.0,-0.045,0.06,2.22994805998e-13,0
220.0,-0.045,0.065,3.06891748209e-13,0
220.0,-0.05,0.07,3.49160710724e-13,0
220.0,-0.05,0.075,4.39763529475e-13,0
220.0,-0.045,0.07,3.94291794365e-13,0
220.0,-0.045,0.075,4.85774535862e-13,0
220.0,-0.04,-0.075,-1.92636635313e-13,0
220.0,-0.04,-0.07,-1.55828202892e-13,0
220.0,-0.035,-0.075,-2.20379029717e-13,0
220.0,-0.035,-0.07,-1.83567869711e-13,0
220.0,-0.04,-0.065,-1.2011187082e-13,0
220.0,-0.035,-0.065,-1.47860071515e-13,0
220.0,-0.04,-0.06,-8.57947124179e-14,0
220.0,-0.035,-0.06,-1.13534062295e-13,0
220.0,-0.04,-0.055,-5.38075731978e-14,0
220.0,-0.035,-0.055,-8.11619539979e-14,0
220.0,-0.04,-0.05,-2.47904262364e-14,0
220.0,-0.04,-0.045,1.13849562204e-15,0
220.0,-0.035,-0.05,-5.12498747848e-14,0
220.0,-0.035,-0.045,-2.39336138319e-14,0
220.0,-0.04,-0.04,2.3592644136e-14,0
220.0,-0.04,-0.035,4.24808256557e-14,0
220.0,-0.035,-0.04,3.90443591961e-16,0
220.0,-0.035,-0.035,2.1346632108e-14,0
220.0,-0.04,-0.03,5.74741528971e-14,0
220.0,-0.035,-0.03,3.86077451865e-14,0
220.0,-0.04,-0.025,6.82861594568e-14,0
220.0,-0.035,-0.025,5.20582122207e-14,0
220.0,-0.04,-0.02,7.43327153851e-14,0
220.0,-0.035,-0.02,6.18941991041e-14,0
220.0,-0.04,-0.015,7.67046866748e-14,0
220.0,-0.035,-0.015,6.84997450016e-14,0
220.0,-0.04,-0.01,7.31822107337e-14,0
220.0,-0.04,-0.005,5.70196755251e-14,0
220.0,-0.035,-0.01,7.05992989097e-14,0
220.0,-0.035,-0.005,6.6411025323e-14,0
220.0,-0.04,0,2.52932532544e-14,0
220.0,-0.04,0.005,-1.30773839189e-14,0
220.0,-0.035,4.16333634234e-19,4.81585616667e-14,0
220.0,-0.035,0.005,2.10628063363e-14,0
220.0,-0.04,0.01,-4.66042951086e-14,0
220.0,-0.04,0.015,-7.6044755486e-14,0
220.0,-0.035,0.01,-8.58960386549e-15,0
220.0,-0.035,0.015,-3.3669972928e-14,0
220.0,-0.04,0.02,-9.14935907241e-14,0
220.0,-0.04,0.025,-8.56394705424e-14,0
220.0,-0.035,0.02,-4.29939965591e-14,0
220.0,-0.035,0.025,-3.75657387063e-14,0
220.0,-0.04,0.03,-6.27717109592e-14,0
220.0,-0.04,0.035,-3.1292470565e-14,0
220.0,-0.035,0.03,-1.82306643166e-14,0
220.0,-0.035,0.035,9.7631258078e-15,0
220.0,-0.04,0.04,9.31763708628e-15,0
220.0,-0.04,0.045,5.76465806878e-14,0
220.0,-0.035,0.04,4.62503446117e-14,0
220.0,-0.035,0.045,9.05250817579e-14,0
220.0,-0.04,0.05,1.14112055892e-13,0
220.0,-0.04,0.055,1.78708527715e-13,0
220.0,-0.035,0.05,1.43250805806e-13,0
220.0,-0.035,0.055,2.04189492089e-13,0
220.0,-0.04,0.06,2.56388042361e-13,0
220.0,-0.04,0.065,3.40434503628e-13,0
220.0,-0.035,0.06,2.77758786197e-13,0
220.0,-0.035,0.065,3.59830677392e-13,0
220.0,-0.04,0.07,4.27020619027e-13,0
220.0,-0.04,0.075,5.18508605981e-13,0
220.0,-0.035,0.07,4.45792483169e-13,0
220.0,-0.035,0.075,5.36790364069e-13,0
220.0,-0.03,-0.075,-2.45088592778e-13,0
220.0,-0.03,-0.07,-2.08363814662e-13,0
220.0,-0.025,-0.075,-2.66815593854e-13,0
220.0,-0.025,-0.07,-2.30297761521e-13,0
220.0,-0.03,-0.065,-1.72743898463e-13,0
220.0,-0.025,-0.065,-1.95022336405e-13,0
220.0,-0.03,-0.06,-1.38413357731e-13,0
220.0,-0.025,-0.06,-1.60889589874e-13,0
220.0,-0.03,-0.055,-1.05756361905e-13,0
220.0,-0.025,-0.055,-1.27970941532e-13,0
220.0,-0.03,-0.05,-7.5050908403e-14,0
220.0,-0.025,-0.05,-9.65067485041e-14,0
220.0,-0.03,-0.045,-4.64820454094e-14,0
220.0,-0.025,-0.045,-6.67459874643e-14,0
220.0,-0.03,-0.04,-2.03656246511e-14,0
220.0,-0.03,-0.035,2.75581219512e-15,0
220.0,-0.025,-0.04,-3.8916852493e-14,0
220.0,-0.025,-0.035,-1.35673682234e-14,0
220.0,-0.03,-0.03,2.23118126692e-14,0
220.0,-0.03,-0.025,3.81055957647e-14,0
220.0,-0.025,-0.03,8.2701447659e-15,0
220.0,-0.025,-0.025,2.608323501e-14,0
220.0,-0.03,-0.02,5.03892460259e-14,0
220.0,-0.025,-0.02,4.01615954592e-14,0
220.0,-0.03,-0.015,5.9642417386e-14,0
220.0,-0.025,-0.015,5.11152412582e-14,0
220.0,-0.03,-0.01,6.47291304928e-14,0
220.0,-0.025,-0.01,5.80826594788e-14,0
220.0,-0.03,-0.005,6.51485626175e-14,0
220.0,-0.025,-0.005,6.03723187567e-14,0
220.0,-0.03,0,5.83501962825e-14,0
220.0,-0.03,0.005,4.31627476383e-14,0
220.0,-0.025,4.16333634234e-19,5.82031496533e-14,0
220.0,-0.025,0.005,5.12418390436e-14,0
220.0,-0.03,0.01,2.10315608959e-14,0
220.0,-0.03,0.015,1.5046716807e-15,0
220.0,-0.025,0.01,3.94917041523e-14,0
220.0,-0.025,0.015,2.81543615756e-14,0
220.0,-0.03,0.02,-4.64086821937e-15,0
220.0,-0.03,0.025,6.08889099366e-16,0
220.0,-0.025,0.02,2.39247114105e-14,0
220.0,-0.025,0.025,2.87877071021e-14,0
220.0,-0.03,0.03,1.67944582691e-14,0
220.0,-0.03,0.035,4.10308958669e-14,0
220.0,-0.025,0.03,4.22051631134e-14,0
220.0,-0.025,0.035,6.24642493716e-14,0
220.0,-0.03,0.04,7.29785654812e-14,0
220.0,-0.03,0.045,1.12243495904e-13,0
220.0,-0.025,0.04,8.92372678096e-14,0
220.0,-0.025,0.045,1.22193216436e-13,0
220.0,-0.03,0.05,1.59945793388e-13,0
220.0,-0.03,0.055,2.160751562e-13,0
220.0,-0.025,0.05,1.62641279649e-13,0
220.0,-0.025,0.055,2.1001481172e-13,0
220.0,-0.03,0.06,2.82350963581e-13,0
220.0,-0.03,0.065,3.55041355771e-13,0
220.0,-0.025,0.06,2.6111539e-13,0
220.0,-0.025,0.065,3.16251214912e-13,0
220.0,-0.03,0.07,4.32425953569e-13,0
220.0,-0.03,0.075,5.15177393786e-13,0
220.0,-0.025,0.07,3.78016871385e-13,0
220.0,-0.025,0.075,4.4332245412e-13,0
220.0,-0.02,-0.075,-2.84981412031e-13,0
220.0,-0.02,-0.07,-2.48759334217e-13,0
220.0,-0.015,-0.075,-2.99246989691e-13,0
220.0,-0.015,-0.07,-2.63287276938e-13,0
220.0,-0.02,-0.065,-2.1407600179e-13,0
220.0,-0.015,-0.065,-2.29370972595e-13,0
220.0,-0.02,-0.06,-1.8046860548e-13,0
220.0,-0.015,-0.06,-1.96983734895e-13,0
220.0,-0.02,-0.055,-1.47601732993e-13,0
220.0,-0.015,-0.055,-1.64721510179e-13,0
220.0,-0.02,-0.05,-1.15663060775e-13,0
220.0,-0.015,-0.05,-1.32781724681e-13,0
220.0,-0.02,-0.045,-8.48632431584e-14,0
220.0,-0.015,-0.045,-1.01353336033e-13,0
220.0,-0.02,-0.04,-5.55573164936e-14,0
220.0,-0.015,-0.04,-7.06985647946e-14,0
220.0,-0.02,-0.035,-2.81002202309e-14,0
220.0,-0.015,-0.035,-4.11479404672e-14,0
220.0,-0.02,-0.03,-3.75886338991e-15,0
220.0,-0.02,-0.025,1.59616161544e-14,0
220.0,-0.015,-0.03,-1.41471289752e-14,0
220.0,-0.015,-0.025,7.5499994166e-15,0
220.0,-0.02,-0.02,3.13386375705e-14,0
220.0,-0.02,-0.015,4.3285827532e-14,0
220.0,-0.015,-0.02,2.38929625855e-14,0
220.0,-0.015,-0.015,3.62438206919e-14,0
220.0,-0.02,-0.01,5.10298132143e-14,0
220.0,-0.015,-0.01,4.37352623106e-14,0
220.0,-0.02,-0.005,5.42723437671e-14,0
220.0,-0.015,-0.005,4.6769359577e-14,0
220.0,-0.02,0,5.41793024288e-14,0
220.0,-0.015,4.16333634234e-19,4.76819284623e-14,0
220.0,-0.02,0.005,5.17971486085e-14,0
220.0,-0.015,0.005,4.91673960851e-14,0
220.0,-0.02,0.01,4.74348751371e-14,0
220.0,-0.02,0.015,4.34780447206e-14,0
220.0,-0.015,0.01,5.07648686801e-14,0
220.0,-0.015,0.015,5.24572441928e-14,0
220.0,-0.02,0.02,4.28209710544e-14,0
220.0,-0.02,0.025,4.77269995464e-14,0
220.0,-0.015,0.02,5.47786799487e-14,0
220.0,-0.015,0.025,5.9155453634e-14,0
220.0,-0.02,0.03,5.85046783291e-14,0
220.0,-0.02,0.035,7.47177000384e-14,0
220.0,-0.015,0.03,6.69146715451e-14,0
220.0,-0.015,0.035,7.90315771205e-14,0
220.0,-0.02,0.04,9.61863437899e-14,0
220.0,-0.02,0.045,1.21792659929e-13,0
220.0,-0.015,0.04,9.6049226494e-14,0
220.0,-0.015,0.045,1.13697764885e-13,0
220.0,-0.02,0.05,1.50658395094e-13,0
220.0,-0.02,0.055,1.82125885231e-13,0
220.0,-0.015,0.05,1.26372623745e-13,0
220.0,-0.015,0.055,1.40307657579e-13,0
220.0,-0.02,0.06,2.16712053347e-13,0
220.0,-0.02,0.065,2.56487831869e-13,0
220.0,-0.015,0.06,1.60127154431e-13,0
220.0,-0.015,0.065,1.84466066386e-13,0
220.0,-0.02,0.07,3.01973660104e-13,0
220.0,-0.02,0.075,3.53162823967e-13,0
220.0,-0.015,0.07,2.11713396914e-13,0
220.0,-0.015,0.075,2.48308168944e-13,0
220.0,-0.01,-0.075,-3.06583483351e-13,0
220.0,-0.01,-0.07,-2.71048076707e-13,0
220.0,-0.005,-0.075,-3.05232426652e-13,0
220.0,-0.005,-0.07,-2.70156837559e-13,0
220.0,-0.01,-0.065,-2.38765745907e-13,0
220.0,-0.005,-0.065,-2.39041434829e-13,0
220.0,-0.01,-0.06,-2.09638362719e-13,0
220.0,-0.005,-0.06,-2.14533099597e-13,0
220.0,-0.01,-0.055,-1.79460481809e-13,0
220.0,-0.005,-0.055,-1.91490435052e-13,0
220.0,-0.01,-0.05,-1.48302847599e-13,0
220.0,-0.005,-0.05,-1.62659698178e-13,0
220.0,-0.01,-0.045,-1.16811344087e-13,0
220.0,-0.005,-0.045,-1.31915458609e-13,0
220.0,-0.01,-0.04,-8.49725541541e-14,0
220.0,-0.005,-0.04,-9.92314551135e-14,0
220.0,-0.01,-0.035,-5.31937425204e-14,0
220.0,-0.005,-0.035,-6.53129024524e-14,0
220.0,-0.01,-0.03,-2.32826845979e-14,0
220.0,-0.005,-0.03,-3.2007169032e-14,0
220.0,-0.01,-0.025,5.6934738241e-16,0
220.0,-0.005,-0.025,-5.53153185812e-15,0
220.0,-0.01,-0.02,1.7775274178e-14,0
220.0,-0.01,-0.015,3.01553853686e-14,0
220.0,-0.005,-0.02,1.29120173262e-14,0
220.0,-0.005,-0.015,2.56398533117e-14,0
220.0,-0.0117873230072,-0.0115873794689,3.74549160581e-14,0
220.0,-0.00939961996336,-0.005,3.59803878916e-14,0
220.0,-0.00792797428371,-0.00964253216809,3.38891518111e-14,0
220.0,-0.005,-0.00939961996336,3.03665984076e-14,0
220.0,-0.0108753492546,-0.00150606400588,3.86908948763e-14,0
220.0,-0.00818101620308,-0.00211452602544,3.11774036015e-14,0
220.0,-0.00651817360753,-0.000255934956239,2.34677502169e-14,0
220.0,-0.005,6.71033969428e-08,1.18132162988e-14,0
220.0,-0.0107292118043,0.00160660295843,3.92271743125e-14,0
220.0,-0.0080188992252,0.000768320427092,3.03023214906e-14,0
220.0,-0.00939946851065,0.005,3.9627627726e-14,0
220.0,-0.00802129342231,0.00264911934363,3.23164607683e-14,0
220.0,-0.00887989370213,0.00887989479405,4.61770998277e-14,0
220.0,-0.01,0.015,5.64081310822e-14,0
220.0,-0.005,0.00939947397025,4.43002453321e-14,0
220.0,-0.005,0.015,5.58150144516e-14,0
220.0,-0.01,0.02,6.06635602681e-14,0
220.0,-0.01,0.025,6.31278995935e-14,0
220.0,-0.005,0.02,5.95027127803e-14,0
220.0,-0.005,0.025,5.91624734076e-14,0
220.0,-0.01,0.03,6.6465658415e-14,0
220.0,-0.01,0.035,7.22149395677e-14,0
220.0,-0.005,0.03,5.73288684801e-14,0
220.0,-0.005,0.035,5.47977129801e-14,0
220.0,-0.01,0.04,8.03219693179e-14,0
220.0,-0.01,0.045,8.38741001293e-14,0
220.0,-0.005,0.04,4.94988158238e-14,0
220.0,-0.005,0.045,3.60763891627e-14,0
220.0,-0.01,0.05,7.93026208903e-14,0
220.0,-0.01,0.055,7.48528225876e-14,0
220.0,-0.005,0.05,1.4346917531e-14,0
220.0,-0.005,0.055,-9.29408766398e-15,0
220.0,-0.01,0.06,7.69668159478e-14,0
220.0,-0.01,0.065,8.27807819746e-14,0
220.0,-0.005,0.06,-2.74861962244e-14,0
220.0,-0.005,0.065,-4.18169029366e-14,0
220.0,-0.01,0.07,8.995497293e-14,0
220.0,-0.01,0.075,1.01950111404e-13,0
220.0,-0.005,0.07,-5.54196394476e-14,0
220.0,-0.005,0.075,-7.11852532372e-14,0
220.0,0,-0.075,-2.61350267053e-13,0
220.0,0,-0.07,-2.33532644741e-13,0
220.0,0.005,-0.075,-1.69197502605e-13,0
220.0,0.005,-0.07,-1.61795805901e-13,0
220.0,0,-0.065,-2.11525582717e-13,0
220.0,0.005,-0.065,-1.57637693929e-13,0
220.0,0,-0.06,-1.99699605716e-13,0
220.0,0.005,-0.06,-1.64108358976e-13,0
220.0,0,-0.055,-1.90225192712e-13,0
220.0,0.005,-0.055,-1.69806897244e-13,0
220.0,0,-0.05,-1.72141775859e-13,0
220.0,0.005,-0.05,-1.66578481223e-13,0
220.0,0,-0.045,-1.46541568597e-13,0
220.0,0.005,-0.045,-1.52593465267e-13,0
220.0,0,-0.04,-1.15084692222e-13,0
220.0,0.005,-0.04,-1.28239356548e-13,0
220.0,0,-0.035,-7.91087585421e-14,0
220.0,0.005,-0.035,-9.48609851104e-14,0
220.0,0,-0.03,-4.26570858468e-14,0
220.0,0.005,-0.03,-5.88909394869e-14,0
220.0,0,-0.025,-1.2642410401e-14,0
220.0,0.005,-0.025,-2.50714137121e-14,0
220.0,0,-0.02,8.21531616361e-15,0
220.0,0.005,-0.02,1.9830417254e-15,0
220.0,0,-0.015,2.24547923523e-14,0
220.0,0.005,-0.015,1.98712592492e-14,0
220.0,-0.0021196717084,-0.00776771017156,2.59213561159e-14,0
220.0,-0.00084550708518,-0.00631514607954,2.07331296163e-14,0
220.0,6.71033969406e-08,-0.005,1.16701274719e-14,0
220.0,-0.00139054260708,-0.0110960807567,2.73938642351e-14,0
220.0,0.00132468676756,-0.00775008274642,2.48439796203e-14,0
220.0,0.00160394440688,-0.0116908851489,2.60447000633e-14,0
220.0,0.005,-0.00939946851065,2.76670550243e-14,0
220.0,0.005,0.005,2.83218499282e-14,0
220.0,-0.000107646311398,0.00617659695633,2.58125805722e-14,0
220.0,-0.00190846935279,0.0076427502668,3.61749660299e-14,0
220.0,0.00131146485568,0.00777290068297,3.56783024653e-14,0
220.0,0.00295884413402,0.00640276348073,2.97932648928e-14,0
220.0,-1.21517769428e-05,0.0108932602996,4.61258963001e-14,0
220.0,0,0.015,5.27540357964e-14,0
220.0,0.005,0.00939942566771,4.15284568829e-14,0
220.0,0.005,0.015,5.04388098358e-14,0
220.0,0,0.02,5.49833920355e-14,0
220.0,0,0.025,5.18884782812e-14,0
220.0,0.005,0.02,5.13922519205e-14,0
220.0,0.005,0.025,4.48890259899e-14,0
220.0,0,0.03,4.42407378095e-14,0
220.0,0,0.035,3.33819821925e-14,0
220.0,0.005,0.03,3.17621063532e-14,0
220.0,0.005,0.035,1.39040821993e-14,0
220.0,0,0.04,1.57645329663e-14,0
220.0,0,0.045,-1.17110243943e-14,0
220.0,0.005,0.04,-1.15954495445e-14,0
220.0,0.005,0.045,-4.75142205312e-14,0
220.0,0,0.05,-4.61043515125e-14,0
220.0,0,0.055,-8.51996349155e-14,0
220.0,0.005,0.05,-9.10831153138e-14,0
220.0,0.005,0.055,-1.40356245381e-13,0
220.0,0,0.06,-1.25649572964e-13,0
220.0,0,0.065,-1.62237531892e-13,0
220.0,0.005,0.06,-1.9486796544e-13,0
220.0,0.005,0.065,-2.52484689608e-13,0
220.0,0,0.07,-1.93842927721e-13,0
220.0,0,0.075,-2.30931695162e-13,0
220.0,0.005,0.07,-3.06925121765e-13,0
220.0,0.005,0.075,-3.66602675111e-13,0
220.0,0.01,-0.075,-6.31044849415e-14,0
220.0,0.01,-0.07,-8.58416542324e-14,0
220.0,0.015,-0.075,3.33032335822e-14,0
220.0,0.015,-0.07,-1.31581688738e-14,0
220.0,0.01,-0.065,-1.05745154144e-13,0
220.0,0.015,-0.065,-5.24247511672e-14,0
220.0,0.01,-0.06,-1.22383103003e-13,0
220.0,0.015,-0.06,-8.06210242724e-14,0
220.0,0.01,-0.055,-1.37833681726e-13,0
220.0,0.015,-0.055,-1.06620710829e-13,0
220.0,0.01,-0.05,-1.49767967661e-13,0
220.0,0.015,-0.05,-1.32831747566e-13,0
220.0,0.01,-0.045,-1.52315892693e-13,0
220.0,0.015,-0.045,-1.53995482047e-13,0
220.0,0.01,-0.04,-1.39352894308e-13,0
220.0,0.015,-0.04,-1.54003066931e-13,0
220.0,0.01,-0.035,-1.12881203773e-13,0
220.0,0.015,-0.035,-1.3389637354e-13,0
220.0,0.01,-0.03,-8.04012334634e-14,0
220.0,0.015,-0.03,-1.05402892229e-13,0
220.0,0.01,-0.025,-4.66409775491e-14,0
220.0,0.015,-0.025,-7.39799379619e-14,0
220.0,0.01,-0.02,-1.2299473467e-14,0
220.0,0.01,-0.015,1.23072344677e-14,0
220.0,0.015,-0.02,-3.64048266809e-14,0
220.0,0.015,-0.015,-5.48695651879e-15,0
220.0,0.00999280436795,-0.0116358337096,2.09441278829e-14,0
220.0,0.0105889214373,-0.00845762197625,2.68697842179e-14,0
220.0,0.015,-0.01,1.37697250039e-14,0
220.0,0.00939947397025,-0.005,3.10329183743e-14,0
220.0,0.015,-0.005,3.02476238635e-14,0
220.0,0.00658051136513,-0.00296146438142,2.59602456173e-14,0
220.0,0.00636794669772,-3.54305826484e-06,2.26403771262e-14,0
220.0,0.00795807888052,-0.00113999998936,2.87234369748e-14,0
220.0,0.00758147027913,0.00183630393596,2.92295766284e-14,0
220.0,0.0112534647756,-1.47536350887e-07,3.61722456788e-14,0
220.0,0.015,4.16333634234e-19,4.03158557421e-14,0
220.0,0.00939942566771,0.005,3.85208897605e-14,0
220.0,0.015,0.005,4.65178470262e-14,0
220.0,0.00999018807453,0.0109670628501,4.77294006294e-14,0
220.0,0.01,0.015,5.09821858221e-14,0
220.0,0.015,0.01,5.12053544596e-14,0
220.0,0.015,0.015,5.34266282116e-14,0
220.0,0.01,0.02,4.93744748358e-14,0
220.0,0.01,0.025,3.95903197302e-14,0
220.0,0.015,0.02,4.96117699226e-14,0
220.0,0.015,0.025,3.73573050112e-14,0
220.0,0.01,0.03,2.27582226837e-14,0
220.0,0.01,0.035,2.26018228563e-16,0
220.0,0.015,0.03,1.78819305499e-14,0
220.0,0.015,0.035,-8.62180613754e-15,0
220.0,0.01,0.04,-3.15027539248e-14,0
220.0,0.01,0.045,-7.25360996727e-14,0
220.0,0.015,0.04,-4.51875042323e-14,0
220.0,0.015,0.045,-8.98102552144e-14,0
220.0,0.01,0.05,-1.20789507388e-13,0
220.0,0.01,0.055,-1.75710659534e-13,0
220.0,0.015,0.05,-1.42085929727e-13,0
220.0,0.015,0.055,-2.02786559013e-13,0
220.0,0.01,0.06,-2.37254057458e-13,0
220.0,0.01,0.065,-3.04669311034e-13,0
220.0,0.015,0.06,-2.72231756712e-13,0
220.0,0.015,0.065,-3.47281226902e-13,0
220.0,0.01,0.07,-3.84784130883e-13,0
220.0,0.01,0.075,-4.70456630003e-13,0
220.0,0.015,0.07,-4.35152284978e-13,0
220.0,0.015,0.075,-5.30979968252e-13,0
220.0,0.02,-0.075,1.09212797991e-13,0
220.0,0.02,-0.07,5.45996478598e-14,0
220.0,0.025,-0.075,1.78037164909e-13,0
220.0,0.025,-0.07,1.16307180142e-13,0
220.0,0.02,-0.065,4.36139516281e-15,0
220.0,0.025,-0.065,5.74393665237e-14,0
220.0,0.02,-0.06,-3.99323678007e-14,0
220.0,0.025,-0.06,2.28858319684e-16,0
220.0,0.02,-0.055,-8.02857222247e-14,0
220.0,0.025,-0.055,-5.38429864502e-14,0
220.0,0.02,-0.05,-1.17048007213e-13,0
220.0,0.025,-0.05,-1.01841539613e-13,0
220.0,0.02,-0.045,-1.50962556084e-13,0
220.0,0.025,-0.045,-1.4691693778e-13,0
220.0,0.02,-0.04,-1.68014652349e-13,0
220.0,0.025,-0.04,-1.80836214532e-13,0
220.0,0.02,-0.035,-1.58164600253e-13,0
220.0,0.025,-0.035,-1.8527725615e-13,0
220.0,0.02,-0.03,-1.34528824597e-13,0
220.0,0.025,-0.03,-1.68363371482e-13,0
220.0,0.02,-0.025,-1.06039605999e-13,0
220.0,0.025,-0.025,-1.43967613994e-13,0
220.0,0.02,-0.02,-6.73644988391e-14,0
220.0,0.025,-0.02,-1.06464378056e-13,0
220.0,0.02,-0.015,-3.10408353356e-14,0
220.0,0.025,-0.015,-6.35273918987e-14,0
220.0,0.02,-0.01,-5.15930781343e-15,0
220.0,0.025,-0.01,-2.99901782039e-14,0
220.0,0.02,-0.005,1.96584862325e-14,0
220.0,0.025,-0.005,1.3077590141e-15,0
220.0,0.02,0,3.91938040398e-14,0
220.0,0.025,4.16333634234e-19,3.10326436707e-14,0
220.0,0.02,0.005,5.01387832211e-14,0
220.0,0.025,0.005,5.11345282745e-14,0
220.0,0.02,0.01,5.54335604557e-14,0
220.0,0.025,0.01,5.94454372175e-14,0
220.0,0.02,0.015,5.72139954026e-14,0
220.0,0.025,0.015,6.2594076738e-14,0
220.0,0.02,0.02,5.26764660042e-14,0
220.0,0.02,0.025,3.94945286414e-14,0
220.0,0.025,0.02,5.92763663366e-14,0
220.0,0.025,0.025,4.65212410074e-14,0
220.0,0.02,0.03,1.82533687397e-14,0
220.0,0.02,0.035,-1.1460921961e-14,0
220.0,0.025,0.03,2.40785184289e-14,0
220.0,0.025,0.035,-7.21396389856e-15,0
220.0,0.02,0.04,-5.02958335382e-14,0
220.0,0.02,0.045,-9.67909608626e-14,0
220.0,0.025,0.04,-4.72151481068e-14,0
220.0,0.025,0.045,-9.45700032748e-14,0
220.0,0.02,0.05,-1.52418615789e-13,0
220.0,0.02,0.055,-2.17148176686e-13,0
220.0,0.025,0.05,-1.51908973031e-13,0
220.0,0.025,0.055,-2.20062889612e-13,0
220.0,0.02,0.06,-2.93856494527e-13,0
220.0,0.02,0.065,-3.75830387309e-13,0
220.0,0.025,0.06,-2.98868448036e-13,0
220.0,0.025,0.065,-3.83463281717e-13,0
220.0,0.02,0.07,-4.63437350537e-13,0
220.0,0.02,0.075,-5.5857274872e-13,0
220.0,0.025,0.07,-4.72787658179e-13,0
220.0,0.025,0.075,-5.67865333587e-13,0
220.0,0.03,-0.075,2.37585581294e-13,0
220.0,0.03,-0.07,1.7085575599e-13,0
220.0,0.035,-0.075,2.94205784432e-13,0
220.0,0.035,-0.07,2.22684671307e-13,0
220.0,0.03,-0.065,1.04708529181e-13,0
220.0,0.035,-0.065,1.49355907252e-13,0
220.0,0.03,-0.06,3.90342618961e-14,0
220.0,0.035,-0.06,7.52533351719e-14,0
220.0,0.03,-0.055,-2.47939219183e-14,0
220.0,0.035,-0.055,2.78328521587e-15,0
220.0,0.03,-0.05,-8.59705300213e-14,0
220.0,0.035,-0.05,-6.90612104531e-14,0
220.0,0.03,-0.045,-1.44867799194e-13,0
220.0,0.035,-0.045,-1.39453183929e-13,0
220.0,0.03,-0.04,-1.94031326367e-13,0
220.0,0.035,-0.04,-2.01394230924e-13,0
220.0,0.03,-0.035,-2.14251126091e-13,0
220.0,0.035,-0.035,-2.42684357855e-13,0
220.0,0.03,-0.03,-2.07614693759e-13,0
220.0,0.035,-0.03,-2.51837709408e-13,0
220.0,0.03,-0.025,-1.89662064865e-13,0
220.0,0.035,-0.025,-2.41545801655e-13,0
220.0,0.03,-0.02,-1.57560828397e-13,0
220.0,0.035,-0.02,-2.15256173746e-13,0
220.0,0.03,-0.015,-1.15077145903e-13,0
220.0,0.035,-0.015,-1.77031383822e-13,0
220.0,0.03,-0.01,-7.17319518167e-14,0
220.0,0.035,-0.01,-1.27485512702e-13,0
220.0,0.03,-0.005,-2.88458091341e-14,0
220.0,0.035,-0.005,-7.16376808636e-14,0
220.0,0.03,0,1.16913326099e-14,0
220.0,0.035,4.16333634234e-19,-1.74883351947e-14,0
220.0,0.03,0.005,4.32899266528e-14,0
220.0,0.035,0.005,2.84087716969e-14,0
220.0,0.03,0.01,6.13860160941e-14,0
220.0,0.035,0.01,6.05847671383e-14,0
220.0,0.03,0.015,6.89019989379e-14,0
220.0,0.035,0.015,7.60214683765e-14,0
220.0,0.03,0.02,6.90261402009e-14,0
220.0,0.035,0.02,8.08231596242e-14,0
220.0,0.03,0.025,5.83836579802e-14,0
220.0,0.035,0.025,7.43922110297e-14,0
220.0,0.03,0.03,3.59678842323e-14,0
220.0,0.03,0.035,4.70671484704e-15,0
220.0,0.035,0.03,5.45547958378e-14,0
220.0,0.035,0.035,2.44003468599e-14,0
220.0,0.03,0.04,-3.54477317898e-14,0
220.0,0.03,0.045,-8.29197078156e-14,0
220.0,0.035,0.04,-1.55880578523e-14,0
220.0,0.035,0.045,-6.26783792028e-14,0
220.0,0.03,0.05,-1.40816714602e-13,0
220.0,0.03,0.055,-2.10429533557e-13,0
220.0,0.035,0.05,-1.20165579394e-13,0
220.0,0.035,0.055,-1.9059309947e-13,0
220.0,0.03,0.06,-2.89275579196e-13,0
220.0,0.03,0.065,-3.74841841162e-13,0
220.0,0.035,0.06,-2.70734886981e-13,0
220.0,0.035,0.065,-3.57521719792e-13,0
220.0,0.03,0.07,-4.6595737066e-13,0
220.0,0.03,0.075,-5.61677118025e-13,0
220.0,0.035,0.07,-4.49988972495e-13,0
220.0,0.035,0.075,-5.47059284799e-13,0
220.0,0.04,-0.075,3.55162346365e-13,0
220.0,0.04,-0.07,2.72306267991e-13,0
220.0,0.045,-0.075,4.09577361618e-13,0
220.0,0.045,-0.07,3.15972977274e-13,0
220.0,0.04,-0.065,1.89457865816e-13,0
220.0,0.045,-0.065,2.24707279652e-13,0
220.0,0.04,-0.06,1.07132476182e-13,0
220.0,0.045,-0.06,1.35353771223e-13,0
220.0,0.04,-0.055,2.64978716472e-14,0
220.0,0.045,-0.055,4.79892346677e-14,0
220.0,0.04,-0.05,-5.23124850131e-14,0
220.0,0.045,-0.05,-3.68209737722e-14,0
220.0,0.04,-0.045,-1.29318081941e-13,0
220.0,0.045,-0.045,-1.19263657882e-13,0
220.0,0.04,-0.04,-2.00679796258e-13,0
220.0,0.045,-0.04,-1.98119842957e-13,0
220.0,0.04,-0.035,-2.61216055267e-13,0
220.0,0.045,-0.035,-2.70751664204e-13,0
220.0,0.04,-0.03,-2.95761501008e-13,0
220.0,0.045,-0.03,-3.24388394281e-13,0
220.0,0.04,-0.025,-2.97305034058e-13,0
220.0,0.045,-0.025,-3.47330124108e-13,0
220.0,0.04,-0.02,-2.74533510777e-13,0
220.0,0.045,-0.02,-3.34000203334e-13,0
220.0,0.04,-0.015,-2.37945586513e-13,0
220.0,0.045,-0.015,-2.9323277362e-13,0
220.0,0.04,-0.01,-1.82309145463e-13,0
220.0,0.045,-0.01,-2.28833028043e-13,0
220.0,0.04,-0.005,-1.15911017398e-13,0
220.0,0.045,-0.005,-1.56276446898e-13,0
220.0,0.04,0,-4.89576064005e-14,0
220.0,0.045,4.16333634234e-19,-7.89823253289e-14,0
220.0,0.04,0.005,1.28904756628e-14,0
220.0,0.045,0.005,-1.36961849511e-15,0
220.0,0.04,0.01,6.12022498059e-14,0
220.0,0.045,0.01,6.36108344803e-14,0
220.0,0.04,0.015,8.75768422755e-14,0
220.0,0.045,0.015,1.01454654959e-13,0
220.0,0.04,0.02,9.71361507948e-14,0
220.0,0.045,0.02,1.18315726448e-13,0
220.0,0.04,0.025,9.64365694685e-14,0
220.0,0.045,0.025,1.26547440074e-13,0
220.0,0.04,0.03,8.17291146912e-14,0
220.0,0.045,0.03,1.18832063239e-13,0
220.0,0.04,0.035,5.46865016046e-14,0
220.0,0.045,0.035,9.76843237244e-14,0
220.0,0.04,0.04,1.67340261633e-14,0
220.0,0.04,0.045,-2.94388518214e-14,0
220.0,0.045,0.04,6.37129267957e-14,0
220.0,0.045,0.045,2.0178868654e-14,0
220.0,0.04,0.05,-8.65640450993e-14,0
220.0,0.04,0.055,-1.57963592665e-13,0
220.0,0.045,0.05,-3.6973211883e-14,0
220.0,0.045,0.055,-1.09718269671e-13,0
220.0,0.04,0.06,-2.39839875796e-13,0
220.0,0.04,0.065,-3.28588726849e-13,0
220.0,0.045,0.06,-1.93826127558e-13,0
220.0,0.045,0.065,-2.85336010636e-13,0
220.0,0.04,0.07,-4.23185638909e-13,0
220.0,0.04,0.075,-5.22558931417e-13,0
220.0,0.045,0.07,-3.8520438681e-13,0
220.0,0.045,0.075,-4.8849629839e-13,0
220.0,0.05,-0.075,4.52193238324e-13,0
220.0,0.05,-0.07,3.53141046204e-13,0
220.0,0.055,-0.075,4.89992739906e-13,0
220.0,0.055,-0.07,3.86622069943e-13,0
220.0,0.05,-0.065,2.55956379521e-13,0
220.0,0.055,-0.065,2.84737417245e-13,0
220.0,0.05,-0.06,1.60909553352e-13,0
220.0,0.055,-0.06,1.84689223616e-13,0
220.0,0.05,-0.055,6.76831327501e-14,0
220.0,0.055,-0.055,8.59066579125e-14,0
220.0,0.05,-0.05,-2.29701342269e-14,0
220.0,0.055,-0.05,-1.05028336046e-14,0
220.0,0.05,-0.045,-1.1118975455e-13,0
220.0,0.055,-0.045,-1.04759339533e-13,0
220.0,0.05,-0.04,-1.95957226909e-13,0
220.0,0.055,-0.04,-1.95866159533e-13,0
220.0,0.05,-0.035,-2.75642142707e-13,0
220.0,0.055,-0.035,-2.81911244066e-13,0
220.0,0.05,-0.03,-3.40507373754e-13,0
220.0,0.055,-0.03,-3.56587418116e-13,0
220.0,0.05,-0.025,-3.83025729908e-13,0
220.0,0.055,-0.025,-4.11130559872e-13,0
220.0,0.05,-0.02,-3.86299929428e-13,0
220.0,0.055,-0.02,-4.26666067831e-13,0
220.0,0.05,-0.015,-3.4083484636e-13,0
220.0,0.055,-0.015,-3.85461736672e-13,0
220.0,0.05,-0.01,-2.70355857458e-13,0
220.0,0.055,-0.01,-3.11963165044e-13,0
220.0,0.05,-0.005,-1.9433551507e-13,0
220.0,0.055,-0.005,-2.29007188041e-13,0
220.0,0.05,0,-1.07129613334e-13,0
220.0,0.055,4.16333634234e-19,-1.29584694952e-13,0
220.0,0.05,0.005,-1.38265134954e-14,0
220.0,0.055,0.005,-2.37263715693e-14,0
220.0,0.05,0.01,6.81425005112e-14,0
220.0,0.055,0.01,7.205516218e-14,0
220.0,0.05,0.015,1.19333335098e-13,0
220.0,0.055,0.015,1.3903996146e-13,0
220.0,0.05,0.02,1.438493969e-13,0
220.0,0.055,0.02,1.73046299603e-13,0
220.0,0.05,0.025,1.62270401598e-13,0
220.0,0.055,0.025,2.00756092201e-13,0
220.0,0.05,0.03,1.68287279395e-13,0
220.0,0.055,0.03,2.24774062372e-13,0
220.0,0.05,0.035,1.5521192584e-13,0
220.0,0.055,0.035,2.22770871677e-13,0
220.0,0.05,0.04,1.23297424457e-13,0
220.0,0.055,0.04,1.93103593619e-13,0
220.0,0.05,0.045,8.19341720517e-14,0
220.0,0.055,0.045,1.53535865187e-13,0
220.0,0.05,0.05,2.5208635408e-14,0
220.0,0.05,0.055,-4.87305391903e-14,0
220.0,0.055,0.05,9.86137270962e-14,0
220.0,0.055,0.055,2.28586030866e-14,0
220.0,0.05,0.06,-1.34005036372e-13,0
220.0,0.05,0.065,-2.26137235738e-13,0
220.0,0.055,0.06,-6.35268295807e-14,0
220.0,0.055,0.065,-1.54468948362e-13,0
220.0,0.05,0.07,-3.29832388576e-13,0
220.0,0.05,0.075,-4.39803779174e-13,0
220.0,0.055,0.07,-2.53123347782e-13,0
220.0,0.055,0.075,-3.62975920997e-13,0
220.0,0.06,-0.075,5.2420392994e-13,0
220.0,0.06,-0.07,4.17198228108e-13,0
220.0,0.065,-0.075,5.561446635e-13,0
220.0,0.065,-0.07,4.46106568251e-13,0
220.0,0.06,-0.065,3.11406894766e-13,0
220.0,0.065,-0.065,3.36912300122e-13,0
220.0,0.06,-0.06,2.07436484308e-13,0
220.0,0.065,-0.06,2.29664185468e-13,0
220.0,0.06,-0.055,1.04009564122e-13,0
220.0,0.065,-0.055,1.22159432371e-13,0
220.0,0.06,-0.05,1.26593663873e-15,0
220.0,0.065,-0.05,1.2568095876e-14,0
220.0,0.06,-0.045,-1.00311200085e-13,0
220.0,0.065,-0.045,-9.75783754164e-14,0
220.0,0.06,-0.04,-1.98990141084e-13,0
220.0,0.065,-0.04,-2.06113854645e-13,0
220.0,0.06,-0.035,-2.91732134567e-13,0
220.0,0.065,-0.035,-3.06403562692e-13,0
220.0,0.06,-0.03,-3.73983938238e-13,0
220.0,0.065,-0.03,-3.93258021769e-13,0
220.0,0.06,-0.025,-4.38739569374e-13,0
220.0,0.065,-0.025,-4.67063667886e-13,0
220.0,0.06,-0.02,-4.62712859768e-13,0
220.0,0.065,-0.02,-4.98006931026e-13,0
220.0,0.06,-0.015,-4.2655252667e-13,0
220.0,0.065,-0.015,-4.55949369958e-13,0
220.0,0.06,-0.01,-3.46589810127e-13,0
220.0,0.065,-0.01,-3.63340522529e-13,0
220.0,0.06,-0.005,-2.49457504733e-13,0
220.0,0.065,-0.005,-2.58636380373e-13,0
220.0,0.06,0,-1.41055716885e-13,0
220.0,0.065,4.16333634234e-19,-1.46065356766e-13,0
220.0,0.06,0.005,-2.93388292312e-14,0
220.0,0.065,0.005,-2.93180793303e-14,0
220.0,0.06,0.01,7.29314061242e-14,0
220.0,0.065,0.01,8.1875432432e-14,0
220.0,0.06,0.015,1.53121289538e-13,0
220.0,0.065,0.015,1.76508187411e-13,0
220.0,0.06,0.02,2.10136393313e-13,0
220.0,0.065,0.02,2.56683495171e-13,0
220.0,0.06,0.025,2.57235819104e-13,0
220.0,0.065,0.025,3.2524223272e-13,0
220.0,0.06,0.03,2.96504639719e-13,0
220.0,0.065,0.03,3.81140418459e-13,0
220.0,0.06,0.035,3.12403154891e-13,0
220.0,0.065,0.035,4.21508849977e-13,0
220.0,0.06,0.04,2.95194000349e-13,0
220.0,0.065,0.04,4.2412510613e-13,0
220.0,0.06,0.045,2.54488850268e-13,0
220.0,0.065,0.045,3.86595593855e-13,0
220.0,0.06,0.05,1.97899257076e-13,0
220.0,0.065,0.05,3.2891721785e-13,0
220.0,0.06,0.055,1.26893297668e-13,0
220.0,0.065,0.055,2.66280168204e-13,0
220.0,0.06,0.06,4.26996599923e-14,0
220.0,0.06,0.065,-4.9289825822e-14,0
220.0,0.065,0.06,1.85613197428e-13,0
220.0,0.065,0.065,9.0622219119e-14,0
220.0,0.06,0.07,-1.4717959986e-13,0
220.0,0.06,0.075,-2.5510714721e-13,0
220.0,0.065,0.07,-1.12827703677e-14,0
220.0,0.065,0.075,-1.19294605959e-13,0
220.0,0.07,-0.075,5.86666268228e-13,0
220.0,0.07,-0.07,4.74000427497e-13,0
220.0,0.075,-0.075,6.15121011371e-13,0
220.0,0.075,-0.07,5.00618017297e-13,0
220.0,0.07,-0.065,3.62131829362e-13,0
220.0,0.075,-0.065,3.86328623247e-13,0
220.0,0.07,-0.06,2.51970379928e-13,0
220.0,0.075,-0.06,2.74419724415e-13,0
220.0,0.07,-0.055,1.41547185708e-13,0
220.0,0.075,-0.055,1.62228618599e-13,0
220.0,0.07,-0.05,2.41996857626e-14,0
220.0,0.075,-0.05,3.5962790624e-14,0
220.0,0.07,-0.045,-9.93806496686e-14,0
220.0,0.075,-0.045,-1.03389179179e-13,0
220.0,0.07,-0.04,-2.22208621283e-13,0
220.0,0.075,-0.04,-2.42660740933e-13,0
220.0,0.07,-0.035,-3.29955429152e-13,0
220.0,0.075,-0.035,-3.5795531444e-13,0
220.0,0.07,-0.03,-4.17313750558e-13,0
220.0,0.075,-0.03,-4.45875660835e-13,0
220.0,0.07,-0.025,-4.94592970916e-13,0
220.0,0.075,-0.025,-5.25276602177e-13,0
220.0,0.07,-0.02,-5.25865923808e-13,0
220.0,0.075,-0.02,-5.56651489839e-13,0
220.0,0.07,-0.015,-4.74185339338e-13,0
220.0,0.075,-0.015,-4.9363971243e-13,0
220.0,0.07,-0.01,-3.75031915748e-13,0
220.0,0.075,-0.01,-3.89687912246e-13,0
220.0,0.07,-0.005,-2.66442197316e-13,0
220.0,0.075,-0.005,-2.76694140914e-13,0
220.0,0.07,0,-1.49851584036e-13,0
220.0,0.075,0,-1.55518311036e-13,0
220.0,0.07,0.005,-2.77742971851e-14,0
220.0,0.075,0.005,-2.76801636096e-14,0
220.0,0.07,0.01,1.00302585557e-13,0
220.0,0.075,0.01,1.23505965103e-13,0
220.0,0.07,0.015,2.16937762792e-13,0
220.0,0.075,0.015,2.6597035806e-13,0
220.0,0.07,0.02,3.12805941991e-13,0
220.0,0.075,0.02,3.7485092104e-13,0
220.0,0.07,0.025,3.96596715786e-13,0
220.0,0.075,0.025,4.71768558516e-13,0
220.0,0.07,0.03,4.67693542102e-13,0
220.0,0.075,0.03,5.57121149319e-13,0
220.0,0.07,0.035,5.26425072514e-13,0
220.0,0.075,0.035,6.308507406e-13,0
220.0,0.07,0.04,5.54707264148e-13,0
220.0,0.075,0.04,6.8657502016e-13,0
220.0,0.07,0.045,5.30523998916e-13,0
220.0,0.075,0.045,6.76823789246e-13,0
220.0,0.07,0.05,4.7445306574e-13,0
220.0,0.075,0.05,6.21922431945e-13,0
220.0,0.07,0.055,4.14604973599e-13,0
220.0,0.075,0.055,5.63914078603e-13,0
220.0,0.07,0.06,3.38790889464e-13,0
220.0,0.075,0.06,4.94790983345e-13,0
220.0,0.07,0.065,2.44843826057e-13,0
220.0,0.075,0.065,4.04081151449e-13,0
220.0,0.07,0.07,1.4174842204e-13,0
220.0,0.07,0.075,3.38344855044e-14,0
220.0,0.075,0.07,3.007835089e-13,0
220.0,0.075,0.075,1.93051089856e-13,0
260.0,-0.00382671281566,-0.00202612167119,0,0
260.0,-0.005,-0.005,-7.16043961261e-14,0
260.0,-0.00197892066871,-0.00385133392306,0,0
260.0,-0.005,-0.00190753787223,-5.69623303278e-16,0
260.0,-0.00433,0,0,0
260.0,-0.00190753787223,-0.005,-5.75066189567e-15,0
260.0,0,-0.00433,0,0
260.0,-0.005,0.00190775150599,1.37400707691e-14,0
260.0,-0.00385133392306,0.00197892066871,0,0
260.0,0.00190775150599,-0.005,-2.909440822e-15,0
260.0,0.00202612167119,-0.00382671281566,0,0
260.0,-0.00202612167119,0.00382671281566,0,0
260.0,-0.005,0.005,3.88618596398e-14,0
260.0,-0.0019094272225,0.005,1.8649335495e-14,0
260.0,0,0.00433,0,0
260.0,0.00147766755988,0.00407006125046,0,0
260.0,8.32667268469e-19,0.005,1.25756577358e-14,0
260.0,0.00433,0,0,0
260.0,0.005,1.38777878078e-18,1.46681219657e-14,0
260.0,0.00407006125046,0.00147766755988,0,0
260.0,0.005,-0.005,-3.34694555357e-14,0
260.0,0.00385133392306,-0.00197892066871,0,0
260.0,0.005,-0.0019094272225,1.14430228632e-14,0
260.0,0.00306177236254,0.00306177236254,0,0
260.0,0.0019094272225,0.005,2.45424076742e-14,0
260.0,0.005,0.0019094272225,3.18711967745e-14,0
260.0,-0.000885,-0.0015328649647,1.27151482793e-12,0
260.0,-0.0015328649647,-0.000885,1.27163720896e-12,0
260.0,-0.00186450691264,-0.00187567167242,8.43021925964e-13,0
260.0,-0.00177,0,1.27132894419e-12,0
260.0,-0.00268433516245,-0.000738983120158,7.59103804294e-13,0
260.0,0,-0.00177,1.27147646655e-12,0
260.0,-0.000718432264205,-0.00269192408424,7.57397644447e-13,0
260.0,-0.0015328649647,0.000885,1.26982447496e-12,0
260.0,-0.00265321485144,0.000647311733689,7.8988664447e-13,0
260.0,-0.000885,0.0015328649647,1.26819697052e-12,0
260.0,-0.00194719253591,0.00178443766524,8.43948231231e-13,0
260.0,0,0.00177,1.26409081815e-12,0
260.0,-0.000802720381054,0.00273415977115,7.17497491124e-13,0
260.0,0.000885,-0.0015328649647,1.27016530923e-12,0
260.0,0.00075154031863,-0.00270385456952,7.45287706119e-13,0
260.0,0.00177,0,1.26243058393e-12,0
260.0,0.0015328649647,-0.000885,1.26801289552e-12,0
260.0,0.00271471102228,-0.000564731152102,7.60911428017e-13,0
260.0,0.00192394637685,-0.00189207206672,8.10092903631e-13,0
260.0,0.00231817117671,0.00040530921667,9.87906859207e-13,0
260.0,0.0015328649647,0.000885,1.26069695035e-12,0
260.0,0.000885,0.0015328649647,1.26140200833e-12,0
260.0,0.000427053001345,0.00287092483521,6.82187107341e-13,0
260.0,0.00187618296239,0.00184774001435,8.33337228217e-13,0
260.0,0.00312733402203,0.000607809752493,5.19197276758e-13,0
260.0,0.00276214303706,0.00136595635004,5.76857386211e-13,0
260.0,0.0014100336009,0.00268674970267,6.04769584024e-13,0
260.0,-0.075,-0.075,1.31424603229e-11,0
260.0,-0.07,-0.075,1.27277996756e-11,0
260.0,-0.075,-0.07,1.03278401846e-11,0
260.0,-0.07,-0.07,9.98032664765e-12,0
260.0,-0.075,-0.065,7.42943173146e-12,0
260.0,-0.07,-0.065,7.18544772264e-12,0
260.0,-0.065,-0.075,1.22678383978e-11,0
260.0,-0.065,-0.07,9.63151540959e-12,0
260.0,-0.065,-0.065,6.96571080187e-12,0
260.0,-0.075,-0.06,4.27582257219e-12,0
260.0,-0.07,-0.06,4.31198795613e-12,0
260.0,-0.065,-0.06,4.30937844666e-12,0
260.0,-0.075,-0.055,1.29239945951e-12,0
260.0,-0.07,-0.055,1.63085754244e-12,0
260.0,-0.065,-0.055,1.86166180036e-12,0
260.0,-0.075,-0.05,-1.22784677662e-12,0
260.0,-0.07,-0.05,-7.3181197835e-13,0
260.0,-0.065,-0.05,-3.20694512574e-13,0
260.0,-0.075,-0.045,-3.60112078911e-12,0
260.0,-0.07,-0.045,-2.96699398484e-12,0
260.0,-0.065,-0.045,-2.40830309922e-12,0
260.0,-0.075,-0.04,-5.83976735453e-12,0
260.0,-0.07,-0.04,-5.10164578664e-12,0
260.0,-0.075,-0.035,-8.00152337644e-12,0
260.0,-0.07,-0.035,-7.14101147572e-12,0
260.0,-0.065,-0.04,-4.40862162381e-12,0
260.0,-0.065,-0.035,-6.27150527452e-12,0
260.0,-0.075,-0.03,-1.02255074716e-11,0
260.0,-0.07,-0.03,-9.04024658094e-12,0
260.0,-0.075,-0.025,-1.20601839252e-11,0
260.0,-0.07,-0.025,-1.05557009738e-11,0
260.0,-0.065,-0.03,-7.90888474001e-12,0
260.0,-0.065,-0.025,-9.17556037287e-12,0
260.0,-0.075,-0.02,-1.31039906489e-11,0
260.0,-0.07,-0.02,-1.14911176649e-11,0
260.0,-0.075,-0.015,-1.30610260251e-11,0
260.0,-0.07,-0.015,-1.1624211254e-11,0
260.0,-0.065,-0.02,-1.00209939642e-11,0
260.0,-0.065,-0.015,-1.0370325529e-11,0
260.0,-0.075,-0.01,-1.16514098106e-11,0
260.0,-0.07,-0.01,-1.06350177104e-11,0
260.0,-0.075,-0.005,-8.84545311811e-12,0
260.0,-0.07,-0.005,-8.39752306019e-12,0
260.0,-0.065,-0.01,-9.81072183693e-12,0
260.0,-0.065,-0.005,-8.08355729133e-12,0
260.0,-0.075,0,-5.18870615257e-12,0
260.0,-0.07,0,-5.26758239385e-12,0
260.0,-0.075,0.005,-1.11730349899e-12,0
260.0,-0.07,0.005,-1.72485199417e-12,0
260.0,-0.065,4.16333634234e-19,-5.42887655385e-12,0
260.0,-0.065,0.005,-2.31339941841e-12,0
260.0,-0.075,0.01,2.86527204777e-12,0
260.0,-0.07,0.01,1.76566131648e-12,0
260.0,-0.075,0.015,5.92275935651e-12,0
260.0,-0.07,0.015,4.55598771559e-12,0
260.0,-0.065,0.01,7.8750221136e-13,0
260.0,-0.065,0.015,3.3451355632e-12,0
260.0,-0.075,0.02,8.03948527304e-12,0
260.0,-0.07,0.02,6.59417203748e-12,0
260.0,-0.075,0.025,9.87408194184e-12,0
260.0,-0.07,0.025,8.3065293124e-12,0
260.0,-0.065,0.02,5.30879929906e-12,0
260.0,-0.065,0.025,6.90945263906e-12,0
260.0,-0.075,0.03,1.12666733245e-11,0
260.0,-0.07,0.03,9.49735169025e-12,0
260.0,-0.075,0.035,1.20743267607e-11,0
260.0,-0.07,0.035,1.00647524257e-11,0
260.0,-0.065,0.03,7.90598009151e-12,0
260.0,-0.065,0.035,8.12295838643e-12,0
260.0,-0.075,0.04,1.2002231679e-11,0
260.0,-0.07,0.04,9.73441807151e-12,0
260.0,-0.075,0.045,1.087900598e-11,0
260.0,-0.07,0.045,8.64251155622e-12,0
260.0,-0.065,0.04,7.53222327616e-12,0
260.0,-0.065,0.045,6.50657546957e-12,0
260.0,-0.075,0.05,9.43758955505e-12,0
260.0,-0.07,0.05,7.29484886814e-12,0
260.0,-0.075,0.055,7.93991132192e-12,0
260.0,-0.07,0.055,5.85929545034e-12,0
260.0,-0.065,0.05,5.24332259442e-12,0
260.0,-0.065,0.055,3.85164898609e-12,0
260.0,-0.075,0.06,6.39365686862e-12,0
260.0,-0.07,0.06,4.34198321557e-12,0
260.0,-0.075,0.065,4.81622425869e-12,0
260.0,-0.07,0.065,2.76571179652e-12,0
260.0,-0.065,0.06,2.34971050253e-12,0
260.0,-0.065,0.065,7.62486265489e-13,0
260.0,-0.075,0.07,3.18978352517e-12,0
260.0,-0.07,0.07,1.1250616801e-12,0
260.0,-0.075,0.075,1.51255917876e-12,0
260.0,-0.07,0.075,-5.65748490394e-13,0
260.0,-0.065,0.07,-8.95347055727e-13,0
260.0,-0.065,0.075,-2.60433099181e-12,0
260.0,-0.06,-0.075,1.18143539599e-11,0
260.0,-0.06,-0.07,9.27960469544e-12,0
260.0,-0.06,-0.065,6.76478806572e-12,0
260.0,-0.055,-0.075,1.12995993398e-11,0
260.0,-0.055,-0.07,8.88154102402e-12,0
260.0,-0.055,-0.065,6.52866794618e-12,0
260.0,-0.06,-0.06,4.31631512003e-12,0
260.0,-0.06,-0.055,2.05933960124e-12,0
260.0,-0.055,-0.06,4.27200066547e-12,0
260.0,-0.055,-0.055,2.19498690513e-12,0
260.0,-0.06,-0.05,-5.42333729947e-16,0
260.0,-0.055,-0.05,2.57550068347e-13,0
260.0,-0.06,-0.045,-1.96236590771e-12,0
260.0,-0.055,-0.045,-1.56918074567e-12,0
260.0,-0.06,-0.04,-3.77660932626e-12,0
260.0,-0.055,-0.04,-3.19514577045e-12,0
260.0,-0.06,-0.035,-5.43235879314e-12,0
260.0,-0.055,-0.035,-4.66171416754e-12,0
260.0,-0.06,-0.03,-6.85993540492e-12,0
260.0,-0.06,-0.025,-7.95125189122e-12,0
260.0,-0.055,-0.03,-5.9206176371e-12,0
260.0,-0.055,-0.025,-6.86174914453e-12,0
260.0,-0.06,-0.02,-8.70148095674e-12,0
260.0,-0.06,-0.015,-9.13654290042e-12,0
260.0,-0.055,-0.02,-7.51725405826e-12,0
260.0,-0.055,-0.015,-7.97748449181e-12,0
260.0,-0.06,-0.01,-8.93081517617e-12,0
260.0,-0.06,-0.005,-7.708661597e-12,0
260.0,-0.055,-0.01,-7.93015252304e-12,0
260.0,-0.055,-0.005,-7.11895781548e-12,0
260.0,-0.06,0,-5.52291327643e-12,0
260.0,-0.06,0.005,-2.79086892355e-12,0
260.0,-0.055,4.16333634234e-19,-5.35381133107e-12,0
260.0,-0.055,0.005,-2.97284460869e-12,0
260.0,-0.06,0.01,-2.66681227498e-14,0
260.0,-0.06,0.015,2.3804047327e-12,0
260.0,-0.055,0.01,-5.62650354599e-13,0
260.0,-0.055,0.015,1.63278522297e-12,0
260.0,-0.06,0.02,4.31350953517e-12,0
260.0,-0.06,0.025,5.69297383145e-12,0
260.0,-0.055,0.02,3.45728135726e-12,0
260.0,-0.055,0.025,4.54336169409e-12,0
260.0,-0.06,0.03,6.33877379926e-12,0
260.0,-0.06,0.035,6.22035866112e-12,0
260.0,-0.055,0.03,4.77688144992e-12,0
260.0,-0.055,0.035,4.47129441537e-12,0
260.0,-0.06,0.04,5.53271730944e-12,0
260.0,-0.06,0.045,4.56187982413e-12,0
260.0,-0.055,0.04,3.7317205019e-12,0
260.0,-0.055,0.045,2.76545478749e-12,0
260.0,-0.06,0.05,3.33329392255e-12,0
260.0,-0.06,0.055,1.95006937559e-12,0
260.0,-0.055,0.05,1.54232161546e-12,0
260.0,-0.055,0.055,1.39702897827e-13,0
260.0,-0.06,0.06,4.37060922025e-13,0
260.0,-0.06,0.065,-1.17169314581e-12,0
260.0,-0.055,0.06,-1.4028871947e-12,0
260.0,-0.055,0.065,-3.0531842794e-12,0
260.0,-0.06,0.07,-2.85969929957e-12,0
260.0,-0.06,0.075,-4.59486619441e-12,0
260.0,-0.055,0.07,-4.80055654105e-12,0
260.0,-0.055,0.075,-6.59655500577e-12,0
260.0,-0.05,-0.075,1.03328055791e-11,0
260.0,-0.05,-0.07,8.24443943074e-12,0
260.0,-0.045,-0.075,9.17308023501e-12,0
260.0,-0.045,-0.07,7.43567786979e-12,0
260.0,-0.05,-0.065,6.17610421437e-12,0
260.0,-0.045,-0.065,5.64932485115e-12,0
260.0,-0.05,-0.06,4.14340740846e-12,0
260.0,-0.05,-0.055,2.22641412432e-12,0
260.0,-0.045,-0.06,3.85627279621e-12,0
260.0,-0.045,-0.055,2.12973434592e-12,0
260.0,-0.05,-0.05,4.44158911997e-13,0
260.0,-0.05,-0.045,-1.20862422684e-12,0
260.0,-0.045,-0.05,5.25546472878e-13,0
260.0,-0.045,-0.045,-9.46167907838e-13,0
260.0,-0.05,-0.04,-2.68152658483e-12,0
260.0,-0.045,-0.04,-2.27210298687e-12,0
260.0,-0.05,-0.035,-3.99437177598e-12,0
260.0,-0.045,-0.035,-3.42588725687e-12,0
260.0,-0.05,-0.03,-5.0872844908e-12,0
260.0,-0.045,-0.03,-4.353087442e-12,0
260.0,-0.05,-0.025,-5.90675123052e-12,0
260.0,-0.045,-0.025,-5.05444152911e-12,0
260.0,-0.05,-0.02,-6.49904872302e-12,0
260.0,-0.05,-0.015,-6.93390954543e-12,0
260.0,-0.045,-0.02,-5.57006732053e-12,0
260.0,-0.045,-0.015,-5.94646638717e-12,0
260.0,-0.05,-0.01,-6.90502270369e-12,0
260.0,-0.05,-0.005,-6.26236180632e-12,0
260.0,-0.045,-0.01,-5.94103478687e-12,0
260.0,-0.045,-0.005,-5.34960931028e-12,0
260.0,-0.05,0,-4.81359278326e-12,0
260.0,-0.05,0.005,-2.79297255357e-12,0
260.0,-0.045,4.16333634234e-19,-4.08937860144e-12,0
260.0,-0.045,0.005,-2.400228996e-12,0
260.0,-0.05,0.01,-8.38262071855e-13,0
260.0,-0.05,0.015,9.83583522376e-13,0
260.0,-0.045,0.01,-9.14162882433e-13,0
260.0,-0.045,0.015,5.02824746264e-13,0
260.0,-0.05,0.02,2.57455672745e-12,0
260.0,-0.05,0.025,3.37011322853e-12,0
260.0,-0.045,0.02,1.80662234422e-12,0
260.0,-0.045,0.025,2.33663343584e-12,0
260.0,-0.05,0.03,3.3627208976e-12,0
260.0,-0.05,0.035,2.96029037537e-12,0
260.0,-0.045,0.03,2.13359589073e-12,0
260.0,-0.045,0.035,1.64961544252e-12,0
260.0,-0.05,0.04,2.19268945637e-12,0
260.0,-0.05,0.045,1.21210954119e-12,0
260.0,-0.045,0.04,8.74869428304e-13,0
260.0,-0.045,0.045,-1.20584086394e-13,0
260.0,-0.05,0.05,-4.31260626735e-14,0
260.0,-0.05,0.055,-1.50068385934e-12,0
260.0,-0.045,0.05,-1.3854615067e-12,0
260.0,-0.045,0.055,-2.8875002255e-12,0
260.0,-0.05,0.06,-3.10402679784e-12,0
260.0,-0.05,0.065,-4.83932825957e-12,0
260.0,-0.045,0.06,-4.60670193091e-12,0
260.0,-0.045,0.065,-6.4606950143e-12,0
260.0,-0.05,0.07,-6.68988093733e-12,0
260.0,-0.05,0.075,-8.61283085088e-12,0
260.0,-0.045,0.07,-8.43702270645e-12,0
260.0,-0.045,0.075,-1.05022521444e-11,0
260.0,-0.04,-0.075,8.31060161811e-12,0
260.0,-0.04,-0.07,6.68692298122e-12,0
260.0,-0.035,-0.075,7.46165800251e-12,0
260.0,-0.035,-0.07,5.93937348098e-12,0
260.0,-0.04,-0.065,5.05671523129e-12,0
260.0,-0.035,-0.065,4.43174338694e-12,0
260.0,-0.04,-0.06,3.44856714715e-12,0
260.0,-0.035,-0.06,2.97421819408e-12,0
260.0,-0.04,-0.055,1.91219583785e-12,0
260.0,-0.035,-0.055,1.60068451147e-12,0
260.0,-0.04,-0.05,4.81891491753e-13,0
260.0,-0.04,-0.045,-8.22563222257e-13,0
260.0,-0.035,-0.05,3.28793869919e-13,0
260.0,-0.035,-0.045,-8.12782897598e-13,0
260.0,-0.04,-0.04,-1.98083158278e-12,0
260.0,-0.04,-0.035,-2.96405525153e-12,0
260.0,-0.035,-0.04,-1.80368159271e-12,0
260.0,-0.035,-0.035,-2.62105725586e-12,0
260.0,-0.04,-0.03,-3.74262240194e-12,0
260.0,-0.035,-0.03,-3.24990871443e-12,0
260.0,-0.04,-0.025,-4.32604862232e-12,0
260.0,-0.035,-0.025,-3.69424233915e-12,0
260.0,-0.04,-0.02,-4.7150343094e-12,0
260.0,-0.035,-0.02,-3.93442109275e-12,0
260.0,-0.04,-0.015,-4.94799501321e-12,0
260.0,-0.035,-0.015,-4.00620605604e-12,0
260.0,-0.04,-0.01,-4.90217672106e-12,0
260.0,-0.04,-0.005,-4.4184350896e-12,0
260.0,-0.035,-0.01,-3.86053279838e-12,0
260.0,-0.035,-0.005,-3.5009799029e-12,0
260.0,-0.04,0,-3.44540542013e-12,0
260.0,-0.04,0.005,-2.14589800132e-12,0
260.0,-0.035,4.16333634234e-19,-2.82759511526e-12,0
260.0,-0.035,0.005,-1.8739009157e-12,0
260.0,-0.04,0.01,-8.58089844963e-13,0
260.0,-0.04,0.015,3.51196839349e-13,0
260.0,-0.035,0.01,-7.53633439684e-13,0
260.0,-0.035,0.015,2.22512740187e-13,0
260.0,-0.04,0.02,1.2137523975e-12,0
260.0,-0.04,0.025,1.43888887078e-12,0
260.0,-0.035,0.02,6.80369436763e-13,0
260.0,-0.035,0.025,7.08867600756e-13,0
260.0,-0.04,0.03,1.14523054458e-12,0
260.0,-0.04,0.035,6.07648152407e-13,0
260.0,-0.035,0.03,3.94143994036e-13,0
260.0,-0.035,0.035,-1.59515556873e-13,0
260.0,-0.04,0.04,-1.7839761493e-13,0
260.0,-0.04,0.045,-1.18967335526e-12,0
260.0,-0.035,0.04,-9.49181048784e-13,0
260.0,-0.035,0.045,-1.96813903644e-12,0
260.0,-0.04,0.05,-2.45261391161e-12,0
260.0,-0.04,0.055,-3.95818078168e-12,0
260.0,-0.035,0.05,-3.24469048063e-12,0
260.0,-0.035,0.055,-4.77355668012e-12,0
260.0,-0.04,0.06,-5.82077510891e-12,0
260.0,-0.04,0.065,-7.8618173417e-12,0
260.0,-0.035,0.06,-6.72997221116e-12,0
260.0,-0.035,0.065,-8.94694636528e-12,0
260.0,-0.04,0.07,-9.95804214622e-12,0
260.0,-0.04,0.075,-1.21511945157e-11,0
260.0,-0.035,0.07,-1.11841425724e-11,0
260.0,-0.035,0.075,-1.34967186665e-11,0
260.0,-0.03,-0.075,6.6074461126e-12,0
260.0,-0.03,-0.07,5.16660236676e-12,0
260.0,-0.025,-0.075,5.7134016196e-12,0
260.0,-0.025,-0.07,4.34105598962e-12,0
260.0,-0.03,-0.065,3.75855724459e-12,0
260.0,-0.025,-0.065,3.01610525203e-12,0
260.0,-0.03,-0.06,2.41617258395e-12,0
260.0,-0.025,-0.06,1.77170761473e-12,0
260.0,-0.03,-0.055,1.17665828087e-12,0
260.0,-0.025,-0.055,6.54066899107e-13,0
260.0,-0.03,-0.05,5.99329744694e-14,0
260.0,-0.025,-0.05,-3.13632271368e-13,0
260.0,-0.03,-0.045,-9.1717569969e-13,0
260.0,-0.025,-0.045,-1.12988919686e-12,0
260.0,-0.03,-0.04,-1.736128228e-12,0
260.0,-0.03,-0.035,-2.38742927451e-12,0
260.0,-0.025,-0.04,-1.77639647683e-12,0
260.0,-0.025,-0.035,-2.26412897376e-12,0
260.0,-0.03,-0.03,-2.8642042098e-12,0
260.0,-0.03,-0.025,-3.15389659264e-12,0
260.0,-0.025,-0.03,-2.58813703745e-12,0
260.0,-0.025,-0.025,-2.72079679319e-12,0
260.0,-0.03,-0.02,-3.25580550529e-12,0
260.0,-0.025,-0.02,-2.67778760488e-12,0
260.0,-0.03,-0.015,-3.20942140791e-12,0
260.0,-0.025,-0.015,-2.51188871026e-12,0
260.0,-0.03,-0.01,-2.98097881207e-12,0
260.0,-0.025,-0.01,-2.20823854617e-12,0
260.0,-0.03,-0.005,-2.60034862944e-12,0
260.0,-0.025,-0.005,-1.79586913511e-12,0
260.0,-0.03,0,-2.05561826521e-12,0
260.0,-0.03,0.005,-1.37477758737e-12,0
260.0,-0.025,4.16333634234e-19,-1.32952438439e-12,0
260.0,-0.025,0.005,-8.72145965581e-13,0
260.0,-0.03,0.01,-5.8574579225e-13,0
260.0,-0.03,0.015,3.993297353e-14,0
260.0,-0.025,0.01,-4.19156901627e-13,0
260.0,-0.025,0.015,-7.69791463265e-14,0
260.0,-0.03,0.02,2.83881457482e-13,0
260.0,-0.03,0.025,2.28465697253e-13,0
260.0,-0.025,0.02,6.8869085312e-14,0
260.0,-0.025,0.025,-2.88547384876e-14,0
260.0,-0.03,0.03,-1.0158505759e-13,0
260.0,-0.03,0.035,-6.52837237571e-13,0
260.0,-0.025,0.03,-3.54344493264e-13,0
260.0,-0.025,0.035,-8.79571409747e-13,0
260.0,-0.03,0.04,-1.42835805919e-12,0
260.0,-0.03,0.045,-2.42772189698e-12,0
260.0,-0.025,0.04,-1.61315808947e-12,0
260.0,-0.025,0.045,-2.55450072244e-12,0
260.0,-0.03,0.05,-3.69525325421e-12,0
260.0,-0.03,0.055,-5.24193936435e-12,0
260.0,-0.025,0.05,-3.76721801436e-12,0
260.0,-0.025,0.055,-5.26349608053e-12,0
260.0,-0.03,0.06,-7.20379002959e-12,0
260.0,-0.03,0.065,-9.41626186398e-12,0
260.0,-0.025,0.06,-7.03809095313e-12,0
260.0,-0.025,0.065,-9.01961878265e-12,0
260.0,-0.03,0.07,-1.17045848271e-11,0
260.0,-0.03,0.075,-1.41145553798e-11,0
260.0,-0.025,0.07,-1.11772667577e-11,0
260.0,-0.025,0.075,-1.3470664281e-11,0
260.0,-0.02,-0.075,4.75301139331e-12,0
260.0,-0.02,-0.07,3.43353099298e-12,0
260.0,-0.015,-0.075,3.72327793165e-12,0
260.0,-0.015,-0.07,2.43696860075e-12,0
260.0,-0.02,-0.065,2.16688768514e-12,0
260.0,-0.015,-0.065,1.21103396883e-12,0
260.0,-0.02,-0.06,1.00786506168e-12,0
260.0,-0.015,-0.06,1.29178340385e-13,0
260.0,-0.02,-0.055,2.02797552563e-14,0
260.0,-0.015,-0.055,-7.3624834344e-13,0
260.0,-0.02,-0.05,-7.91186765772e-13,0
260.0,-0.015,-0.05,-1.38513637715e-12,0
260.0,-0.02,-0.045,-1.4436290883e-12,0
260.0,-0.015,-0.045,-1.87433331454e-12,0
260.0,-0.02,-0.04,-1.93161992587e-12,0
260.0,-0.015,-0.04,-2.20764759196e-12,0
260.0,-0.02,-0.035,-2.26750081951e-12,0
260.0,-0.015,-0.035,-2.38516980282e-12,0
260.0,-0.02,-0.03,-2.42548352874e-12,0
260.0,-0.02,-0.025,-2.38750017581e-12,0
260.0,-0.015,-0.03,-2.36691741572e-12,0
260.0,-0.015,-0.025,-2.15607178773e-12,0
260.0,-0.02,-0.02,-2.20136963408e-12,0
260.0,-0.02,-0.015,-1.92392441134e-12,0
260.0,-0.015,-0.02,-1.83088468541e-12,0
260.0,-0.015,-0.015,-1.45356121986e-12,0
260.0,-0.02,-0.01,-1.56992101285e-12,0
260.0,-0.015,-0.01,-1.05463870554e-12,0
260.0,-0.02,-0.005,-1.18886172123e-12,0
260.0,-0.015,-0.005,-6.99383286054e-13,0
260.0,-0.02,0,-8.31919290188e-13,0
260.0,-0.015,4.16333634234e-19,-4.26549418039e-13,0
260.0,-0.02,0.005,-5.10677420006e-13,0
260.0,-0.015,0.005,-2.17601544675e-13,0
260.0,-0.02,0.01,-2.35455548015e-13,0
260.0,-0.02,0.015,-4.03734269045e-14,0
260.0,-0.015,0.01,-5.04003978915e-14,0
260.0,-0.015,0.015,6.92882848482e-14,0
260.0,-0.02,0.02,2.76119850663e-14,0
260.0,-0.02,0.025,-8.57787899431e-14,0
260.0,-0.015,0.02,1.09900316054e-13,0
260.0,-0.015,0.025,2.25957946285e-14,0
260.0,-0.02,0.03,-3.81254751016e-13,0
260.0,-0.02,0.035,-8.59039862409e-13,0
260.0,-0.015,0.03,-2.08558834982e-13,0
260.0,-0.015,0.035,-6.15032390507e-13,0
260.0,-0.02,0.04,-1.5316934548e-12,0
260.0,-0.02,0.045,-2.37983156029e-12,0
260.0,-0.015,0.04,-1.23805883419e-12,0
260.0,-0.015,0.045,-1.97087296296e-12,0
260.0,-0.02,0.05,-3.44566182843e-12,0
260.0,-0.02,0.055,-4.74909509588e-12,0
260.0,-0.015,0.05,-2.78485815012e-12,0
260.0,-0.015,0.055,-3.83995998657e-12,0
260.0,-0.02,0.06,-6.27785554131e-12,0
260.0,-0.02,0.065,-8.02506906148e-12,0
260.0,-0.015,0.06,-5.16030035373e-12,0
260.0,-0.015,0.065,-6.67286776627e-12,0
260.0,-0.02,0.07,-9.9664304489e-12,0
260.0,-0.02,0.075,-1.2077840621e-11,0
260.0,-0.015,0.07,-8.32954482885e-12,0
260.0,-0.015,0.075,-1.02198087947e-11,0
260.0,-0.01,-0.075,2.56438663171e-12,0
260.0,-0.01,-0.07,1.30883712349e-12,0
260.0,-0.005,-0.075,1.27669182462e-12,0
260.0,-0.005,-0.07,4.28587306277e-14,0
260.0,-0.01,-0.065,1.22043857736e-13,0
260.0,-0.005,-0.065,-1.12585279304e-12,0
260.0,-0.01,-0.06,-8.93111094616e-13,0
260.0,-0.005,-0.06,-2.06202581318e-12,0
260.0,-0.01,-0.055,-1.62229483388e-12,0
260.0,-0.005,-0.055,-2.60023167484e-12,0
260.0,-0.01,-0.05,-2.11153679216e-12,0
260.0,-0.005,-0.05,-2.96509294734e-12,0
260.0,-0.01,-0.045,-2.45267076203e-12,0
260.0,-0.005,-0.045,-3.17402501262e-12,0
260.0,-0.01,-0.04,-2.62552555253e-12,0
260.0,-0.005,-0.04,-3.18905585521e-12,0
260.0,-0.01,-0.035,-2.62120565622e-12,0
260.0,-0.005,-0.035,-3.00141072826e-12,0
260.0,-0.01,-0.03,-2.4042202357e-12,0
260.0,-0.005,-0.03,-2.5553044126e-12,0
260.0,-0.01,-0.025,-2.01403432331e-12,0
260.0,-0.005,-0.025,-1.96460307694e-12,0
260.0,-0.01,-0.02,-1.564108532e-12,0
260.0,-0.01,-0.015,-1.10058732496e-12,0
260.0,-0.005,-0.02,-1.40035435778e-12,0
260.0,-0.005,-0.015,-8.61542685063e-13,0
260.0,-0.0117873230072,-0.0115873794689,-9.2247252908e-13,0
260.0,-0.00939961996336,-0.005,-2.92374569015e-13,0
260.0,-0.00792797428371,-0.00964253216809,-5.07670274055e-13,0
260.0,-0.005,-0.00939961996336,-3.44194139178e-13,0
260.0,-0.0108753492546,-0.00150606400588,-2.31069108496e-13,0
260.0,-0.00818101620308,-0.00211452602544,-1.098379194e-13,0
260.0,-0.00651817360753,-0.000255934956239,-1.48124775947e-14,0
260.0,-0.005,6.71033969428e-08,6.75119995769e-15,0
260.0,-0.0107292118043,0.00160660295843,-1.27843204887e-13,0
260.0,-0.0080188992252,0.000768320427092,-4.27726553629e-14,0
260.0,-0.00939946851065,0.005,-4.49914613266e-15,0
260.0,-0.00802129342231,0.00264911934363,-1.47915142778e-14,0
260.0,-0.00887989370213,0.00887989479405,7.2709206914e-14,0
260.0,-0.01,0.015,1.81287498231e-13,0
260.0,-0.005,0.00939947397025,1.23285346112e-13,0
260.0,-0.005,0.015,3.2992678271e-13,0
260.0,-0.01,0.02,2.74290074309e-13,0
260.0,-0.01,0.025,2.95044659495e-13,0
260.0,-0.005,0.02,5.5644494133e-13,0
260.0,-0.005,0.025,7.36549923637e-13,0
260.0,-0.01,0.03,1.90239307903e-13,0
260.0,-0.01,0.035,-5.58347062972e-14,0
260.0,-0.005,0.03,7.95520658919e-13,0
260.0,-0.005,0.035,7.62350604326e-13,0
260.0,-0.01,0.04,-4.91381350001e-13,0
260.0,-0.01,0.045,-1.00315835039e-12,0
260.0,-0.005,0.04,6.25470778872e-13,0
260.0,-0.005,0.045,3.97174242017e-13,0
260.0,-0.01,0.05,-1.55157274965e-12,0
260.0,-0.01,0.055,-2.30479802059e-12,0
260.0,-0.005,0.05,1.08399407937e-13,0
260.0,-0.005,0.055,-3.02053024223e-13,0
260.0,-0.01,0.06,-3.35039118996e-12,0
260.0,-0.01,0.065,-4.5800933231e-12,0
260.0,-0.005,0.06,-9.90055490168e-13,0
260.0,-0.005,0.065,-1.88561720102e-12,0
260.0,-0.01,0.07,-5.91269191916e-12,0
260.0,-0.01,0.075,-7.38969033414e-12,0
260.0,-0.005,0.07,-2.87463806158e-12,0
260.0,-0.005,0.075,-3.85971548748e-12,0
260.0,0,-0.075,-4.97722259125e-13,0
260.0,0,-0.07,-1.58774877757e-12,0
260.0,0.005,-0.075,-2.40819816828e-12,0
260.0,0.005,-0.07,-3.19238485071e-12,0
260.0,0,-0.065,-2.65277776557e-12,0
260.0,0.005,-0.065,-3.99039123888e-12,0
260.0,0,-0.06,-3.43931718559e-12,0
260.0,0.005,-0.06,-4.58165321185e-12,0
260.0,0,-0.055,-3.93257047071e-12,0
260.0,0.005,-0.055,-5.10786715444e-12,0
260.0,0,-0.05,-4.23008361035e-12,0
260.0,0.005,-0.05,-5.46413110885e-12,0
260.0,0,-0.045,-4.30911568822e-12,0
260.0,0.005,-0.045,-5.51276364951e-12,0
260.0,0,-0.04,-4.11764983597e-12,0
260.0,0.005,-0.04,-5.19119690717e-12,0
260.0,0,-0.035,-3.63159616364e-12,0
260.0,0.005,-0.035,-4.47540872298e-12,0
260.0,0,-0.03,-2.87481056413e-12,0
260.0,0.005,-0.03,-3.49193648392e-12,0
260.0,0,-0.025,-2.06714238933e-12,0
260.0,0.005,-0.025,-2.44472879507e-12,0
260.0,0,-0.02,-1.38328619411e-12,0
260.0,0.005,-0.02,-1.53667730948e-12,0
260.0,0,-0.015,-7.6951159732e-13,0
260.0,0.005,-0.015,-8.33518470887e-13,0
260.0,-0.0021196717084,-0.00776771017156,-1.38740404605e-13,0
260.0,-0.00084550708518,-0.00631514607954,-4.16357849522e-14,0
260.0,6.71033969406e-08,-0.005,1.1479145033e-15,0
260.0,-0.00139054260708,-0.0110960807567,-3.91734611883e-13,0
260.0,0.00132468676756,-0.00775008274642,-1.16711222489e-13,0
260.0,0.00160394440688,-0.0116908851489,-4.36523216259e-13,0
260.0,0.005,-0.00939946851065,-2.79341233642e-13,0
260.0,0.005,0.005,1.30212493566e-13,0
260.0,-0.000107646311398,0.00617659695633,4.35376454333e-14,0
260.0,-0.00190846935279,0.0076427502668,8.67537671615e-14,0
260.0,0.00131146485568,0.00777290068297,1.35691575494e-13,0
260.0,0.00295884413402,0.00640276348073,1.06005537227e-13,0
260.0,-1.21517769428e-05,0.0108932602996,2.96641509752e-13,0
260.0,0,0.015,5.98683604637e-13,0
260.0,0.005,0.00939942566771,4.47746424333e-13,0
260.0,0.005,0.015,9.79204108811e-13,0
260.0,0,0.02,9.60830315959e-13,0
260.0,0,0.025,1.26232841613e-12,0
260.0,0.005,0.02,1.44083691508e-12,0
260.0,0.005,0.025,1.83814537719e-12,0
260.0,0,0.03,1.48638147215e-12,0
260.0,0,0.035,1.65039632377e-12,0
260.0,0.005,0.03,2.17185430967e-12,0
260.0,0.005,0.035,2.46614394637e-12,0
260.0,0,0.04,1.76987723451e-12,0
260.0,0,0.045,1.76247901594e-12,0
260.0,0.005,0.04,2.70058646281e-12,0
260.0,0.005,0.045,2.79102130345e-12,0
260.0,0,0.05,1.65117709024e-12,0
260.0,0,0.055,1.50822824094e-12,0
260.0,0.005,0.05,2.80468499396e-12,0
260.0,0.005,0.055,2.81135781439e-12,0
260.0,0,0.06,1.24702325642e-12,0
260.0,0,0.065,7.67110755525e-13,0
260.0,0.005,0.06,2.80304467938e-12,0
260.0,0.005,0.065,2.74974904619e-12,0
260.0,0,0.07,8.2770946379e-14,0
260.0,0,0.075,-5.22890335387e-13,0
260.0,0.005,0.07,2.48841611366e-12,0
260.0,0.005,0.075,2.28043346625e-12,0
260.0,0.01,-0.075,-3.71835159665e-12,0
260.0,0.01,-0.07,-4.22666189503e-12,0
260.0,0.015,-0.075,-4.06028171791e-12,0
260.0,0.015,-0.07,-4.6037350144e-12,0
260.0,0.01,-0.065,-4.72438483252e-12,0
260.0,0.015,-0.065,-5.17677882809e-12,0
260.0,0.01,-0.06,-5.25671675908e-12,0
260.0,0.015,-0.06,-5.75049385999e-12,0
260.0,0.01,-0.055,-5.81414770904e-12,0
260.0,0.015,-0.055,-6.3092436512e-12,0
260.0,0.01,-0.05,-6.27579306642e-12,0
260.0,0.015,-0.05,-6.83194038786e-12,0
260.0,0.01,-0.045,-6.4387707506e-12,0
260.0,0.015,-0.045,-7.23068357106e-12,0
260.0,0.01,-0.04,-6.13587296481e-12,0
260.0,0.015,-0.04,-7.07453228669e-12,0
260.0,0.01,-0.035,-5.37569217613e-12,0
260.0,0.015,-0.035,-6.30422883292e-12,0
260.0,0.01,-0.03,-4.35063417741e-12,0
260.0,0.015,-0.03,-5.2670703471e-12,0
260.0,0.01,-0.025,-3.23350670003e-12,0
260.0,0.015,-0.025,-4.16010712935e-12,0
260.0,0.01,-0.02,-2.06371966201e-12,0
260.0,0.01,-0.015,-1.15062788905e-12,0
260.0,0.015,-0.02,-2.86979587019e-12,0
260.0,0.015,-0.015,-1.74447711615e-12,0
260.0,0.00999280436795,-0.0116358337096,-7.46316557999e-13,0
260.0,0.0105889214373,-0.00845762197625,-4.51774009952e-13,0
260.0,0.015,-0.01,-9.69000345287e-13,0
260.0,0.00939947397025,-0.005,-1.35927451649e-13,0
260.0,0.015,-0.005,-3.01471137952e-13,0
260.0,0.00658051136513,-0.00296146438142,-5.59038085036e-15,0
260.0,0.00636794669772,-3.54305826484e-06,4.00625145566e-14,0
260.0,0.00795807888052,-0.00113999998936,3.84321556674e-14,0
260.0,0.00758147027913,0.00183630393596,1.21819812418e-13,0
260.0,0.0112534647756,-1.47536350887e-07,1.44020936603e-13,0
260.0,0.015,4.16333634234e-19,2.20246374429e-13,0
260.0,0.00939942566771,0.005,4.01966790135e-13,0
260.0,0.015,0.005,7.4758507133e-13,0
260.0,0.00999018807453,0.0109670628501,1.01256574902e-12,0
260.0,0.01,0.015,1.44969566435e-12,0
260.0,0.015,0.01,1.33839142421e-12,0
260.0,0.015,0.015,1.9568226096e-12,0
260.0,0.01,0.02,1.9815563332e-12,0
260.0,0.01,0.025,2.44301490909e-12,0
260.0,0.015,0.02,2.5559494887e-12,0
260.0,0.015,0.025,3.06325712637e-12,0
260.0,0.01,0.03,2.82388911572e-12,0
260.0,0.01,0.035,3.15461212733e-12,0
260.0,0.015,0.03,3.4614379501e-12,0
260.0,0.015,0.035,3.77409009333e-12,0
260.0,0.01,0.04,3.40231554586e-12,0
260.0,0.01,0.045,3.52954973837e-12,0
260.0,0.015,0.04,3.98663776926e-12,0
260.0,0.015,0.045,4.13344736476e-12,0
260.0,0.01,0.05,3.59802603799e-12,0
260.0,0.01,0.055,3.66580042716e-12,0
260.0,0.015,0.05,4.24963124439e-12,0
260.0,0.015,0.055,4.38193613331e-12,0
260.0,0.01,0.06,3.73686017574e-12,0
260.0,0.01,0.065,3.8320876335e-12,0
260.0,0.015,0.06,4.52459288404e-12,0
260.0,0.015,0.065,4.634070747e-12,0
260.0,0.01,0.07,4.02591724131e-12,0
260.0,0.01,0.075,4.21362574952e-12,0
260.0,0.015,0.07,4.7583845703e-12,0
260.0,0.015,0.075,4.92955154719e-12,0
260.0,0.02,-0.075,-3.66040556251e-12,0
260.0,0.02,-0.07,-4.33010660665e-12,0
260.0,0.025,-0.075,-2.8131201878e-12,0
260.0,0.025,-0.07,-3.59824318548e-12,0
260.0,0.02,-0.065,-5.10181513698e-12,0
260.0,0.025,-0.065,-4.47012066101e-12,0
260.0,0.02,-0.06,-5.85140286962e-12,0
260.0,0.025,-0.06,-5.38576878876e-12,0
260.0,0.02,-0.055,-6.48009492824e-12,0
260.0,0.025,-0.055,-6.25594826342e-12,0
260.0,0.02,-0.05,-7.0732965424e-12,0
260.0,0.025,-0.05,-7.0547097746e-12,0
260.0,0.02,-0.045,-7.67631083344e-12,0
260.0,0.025,-0.045,-7.85105309822e-12,0
260.0,0.02,-0.04,-7.81900704229e-12,0
260.0,0.025,-0.04,-8.28699328786e-12,0
260.0,0.02,-0.035,-7.15755065043e-12,0
260.0,0.025,-0.035,-7.86624743423e-12,0
260.0,0.02,-0.03,-6.1574000195e-12,0
260.0,0.025,-0.03,-6.96960196129e-12,0
260.0,0.02,-0.025,-5.08055737789e-12,0
260.0,0.025,-0.025,-5.94740897391e-12,0
260.0,0.02,-0.02,-3.73850477642e-12,0
260.0,0.025,-0.02,-4.62305645881e-12,0
260.0,0.02,-0.015,-2.4374555949e-12,0
260.0,0.025,-0.015,-3.16828712421e-12,0
260.0,0.02,-0.01,-1.4583280512e-12,0
260.0,0.025,-0.01,-1.97978203702e-12,0
260.0,0.02,-0.005,-5.3537323404e-13,0
260.0,0.025,-0.005,-8.38426717092e-13,0
260.0,0.02,0,3.04737713507e-13,0
260.0,0.025,4.16333634234e-19,3.55493703716e-13,0
260.0,0.02,0.005,1.07298298232e-12,0
260.0,0.025,0.005,1.42868176922e-12,0
260.0,0.02,0.01,1.80017954498e-12,0
260.0,0.025,0.01,2.29218041929e-12,0
260.0,0.02,0.015,2.51025409632e-12,0
260.0,0.025,0.015,3.09399027353e-12,0
260.0,0.02,0.02,3.16387762004e-12,0
260.0,0.02,0.025,3.68601847494e-12,0
260.0,0.025,0.02,3.79092056181e-12,0
260.0,0.025,0.025,4.28546061753e-12,0
260.0,0.02,0.03,4.05440431101e-12,0
260.0,0.02,0.035,4.28977884061e-12,0
260.0,0.025,0.03,4.55515131023e-12,0
260.0,0.025,0.035,4.70322897528e-12,0
260.0,0.02,0.04,4.4363379712e-12,0
260.0,0.02,0.045,4.56713807573e-12,0
260.0,0.025,0.04,4.78027451844e-12,0
260.0,0.025,0.045,4.84954250447e-12,0
260.0,0.02,0.05,4.69292693247e-12,0
260.0,0.02,0.055,4.82908889631e-12,0
260.0,0.025,0.05,4.89944508924e-12,0
260.0,0.025,0.055,4.8993879886e-12,0
260.0,0.02,0.06,4.94202042976e-12,0
260.0,0.02,0.065,4.89402817837e-12,0
260.0,0.025,0.06,4.77233244086e-12,0
260.0,0.025,0.065,4.54449698398e-12,0
260.0,0.02,0.07,4.79439477313e-12,0
260.0,0.02,0.075,4.81421144712e-12,0
260.0,0.025,0.07,4.33067092771e-12,0
260.0,0.025,0.075,4.20467932901e-12,0
260.0,0.03,-0.075,-1.66182302659e-12,0
260.0,0.03,-0.07,-2.51560340024e-12,0
260.0,0.035,-0.075,-3.27248539239e-13,0
260.0,0.035,-0.07,-1.22603808698e-12,0
260.0,0.03,-0.065,-3.45853321901e-12,0
260.0,0.035,-0.065,-2.21683575456e-12,0
260.0,0.03,-0.06,-4.48427127816e-12,0
260.0,0.035,-0.06,-3.32511050044e-12,0
260.0,0.03,-0.055,-5.56135646663e-12,0
260.0,0.035,-0.055,-4.50423974757e-12,0
260.0,0.03,-0.05,-6.63691424375e-12,0
260.0,0.035,-0.05,-5.72659795972e-12,0
260.0,0.03,-0.045,-7.69381813279e-12,0
260.0,0.035,-0.045,-6.95341749045e-12,0
260.0,0.03,-0.04,-8.42837395567e-12,0
260.0,0.035,-0.04,-7.98800868022e-12,0
260.0,0.03,-0.035,-8.35321900309e-12,0
260.0,0.035,-0.035,-8.488759126e-12,0
260.0,0.03,-0.03,-7.65442411683e-12,0
260.0,0.035,-0.03,-8.17748562467e-12,0
260.0,0.03,-0.025,-6.73885917341e-12,0
260.0,0.035,-0.025,-7.37202495837e-12,0
260.0,0.03,-0.02,-5.50691811835e-12,0
260.0,0.035,-0.02,-6.19084464927e-12,0
260.0,0.03,-0.015,-4.05541597334e-12,0
260.0,0.035,-0.015,-4.78495172944e-12,0
260.0,0.03,-0.01,-2.60152654547e-12,0
260.0,0.035,-0.01,-3.16209095334e-12,0
260.0,0.03,-0.005,-1.11854637911e-12,0
260.0,0.035,-0.005,-1.35887850088e-12,0
260.0,0.03,0,4.08533824288e-13,0
260.0,0.035,4.16333634234e-19,4.90611409274e-13,0
260.0,0.03,0.005,1.8150763996e-12,0
260.0,0.035,0.005,2.22361529168e-12,0
260.0,0.03,0.01,2.96729851495e-12,0
260.0,0.035,0.01,3.65490132735e-12,0
260.0,0.03,0.015,3.85935604621e-12,0
260.0,0.035,0.015,4.57368037546e-12,0
260.0,0.03,0.02,4.46868973445e-12,0
260.0,0.035,0.02,4.99988577101e-12,0
260.0,0.03,0.025,4.81562962362e-12,0
260.0,0.035,0.025,5.21647878232e-12,0
260.0,0.03,0.03,4.96148640331e-12,0
260.0,0.03,0.035,5.01813873758e-12,0
260.0,0.035,0.03,5.28265008509e-12,0
260.0,0.035,0.035,5.24894771963e-12,0
260.0,0.03,0.04,5.00668578274e-12,0
260.0,0.03,0.045,4.97087665014e-12,0
260.0,0.035,0.04,5.13054146273e-12,0
260.0,0.035,0.045,4.94139426392e-12,0
260.0,0.03,0.05,4.85156615286e-12,0
260.0,0.03,0.055,4.57150441842e-12,0
260.0,0.035,0.05,4.58098001773e-12,0
260.0,0.035,0.055,4.01450680195e-12,0
260.0,0.03,0.06,4.17981207395e-12,0
260.0,0.03,0.065,3.79054046382e-12,0
260.0,0.035,0.06,3.37544826992e-12,0
260.0,0.035,0.065,2.79407515761e-12,0
260.0,0.03,0.07,3.46227653615e-12,0
260.0,0.03,0.075,3.23054261577e-12,0
260.0,0.035,0.07,2.32100382416e-12,0
260.0,0.035,0.075,1.98660461242e-12,0
260.0,0.04,-0.075,1.50024816481e-12,0
260.0,0.04,-0.07,4.24769210496e-13,0
260.0,0.045,-0.075,3.70697642369e-12,0
260.0,0.045,-0.07,2.368223064e-12,0
260.0,0.04,-0.065,-7.10089019734e-13,0
260.0,0.045,-0.065,1.02326409761e-12,0
260.0,0.04,-0.06,-1.93014917961e-12,0
260.0,0.045,-0.06,-3.49098789731e-13,0
260.0,0.04,-0.055,-3.19848454003e-12,0
260.0,0.045,-0.055,-1.7420531006e-12,0
260.0,0.04,-0.05,-4.49919039986e-12,0
260.0,0.045,-0.05,-3.1394672898e-12,0
260.0,0.04,-0.045,-5.82144693428e-12,0
260.0,0.045,-0.045,-4.53570501395e-12,0
260.0,0.04,-0.04,-7.04176167064e-12,0
260.0,0.045,-0.04,-5.86603402883e-12,0
260.0,0.04,-0.035,-8.00461950308e-12,0
260.0,0.045,-0.035,-7.05158323804e-12,0
260.0,0.04,-0.03,-8.31313958363e-12,0
260.0,0.045,-0.03,-7.77714751869e-12,0
260.0,0.04,-0.025,-7.74463453036e-12,0
260.0,0.045,-0.025,-7.73307967923e-12,0
260.0,0.04,-0.02,-6.59578629034e-12,0
260.0,0.045,-0.02,-6.81315738426e-12,0
260.0,0.04,-0.015,-5.20072578102e-12,0
260.0,0.045,-0.015,-5.31825117405e-12,0
260.0,0.04,-0.01,-3.46177894904e-12,0
260.0,0.045,-0.01,-3.44427829298e-12,0
260.0,0.04,-0.005,-1.4828550421e-12,0
260.0,0.045,-0.005,-1.44149286582e-12,0
260.0,0.04,0,5.89238954284e-13,0
260.0,0.045,4.16333634234e-19,7.12311578332e-13,0
260.0,0.04,0.005,2.55445152561e-12,0
260.0,0.045,0.005,2.79132346569e-12,0
260.0,0.04,0.01,4.12991109505e-12,0
260.0,0.045,0.01,4.43557151839e-12,0
260.0,0.04,0.015,4.99888945506e-12,0
260.0,0.045,0.015,5.2743016098e-12,0
260.0,0.04,0.02,5.32424412405e-12,0
260.0,0.045,0.02,5.54364296612e-12,0
260.0,0.04,0.025,5.50121320015e-12,0
260.0,0.045,0.025,5.69945518721e-12,0
260.0,0.04,0.03,5.50658317088e-12,0
260.0,0.045,0.03,5.6397600966e-12,0
260.0,0.04,0.035,5.35690251402e-12,0
260.0,0.045,0.035,5.27896917805e-12,0
260.0,0.04,0.04,5.04312063925e-12,0
260.0,0.04,0.045,4.59546215593e-12,0
260.0,0.045,0.04,4.64264955649e-12,0
260.0,0.045,0.045,3.88231607694e-12,0
260.0,0.04,0.05,3.96607612554e-12,0
260.0,0.04,0.055,3.11782743468e-12,0
260.0,0.045,0.05,2.9461418637e-12,0
260.0,0.045,0.055,1.77643975816e-12,0
260.0,0.04,0.06,2.21664239291e-12,0
260.0,0.04,0.065,1.42470804013e-12,0
260.0,0.045,0.06,6.05384820024e-13,0
260.0,0.045,0.065,-4.01462115915e-13,0
260.0,0.04,0.07,8.09931197576e-13,0
260.0,0.04,0.075,3.77610807222e-13,0
260.0,0.045,0.07,-1.08895981054e-12,0
260.0,0.045,0.075,-1.57500663332e-12,0
260.0,0.05,-0.075,5.89620134023e-12,0
260.0,0.05,-0.07,4.38818920272e-12,0
260.0,0.055,-0.075,8.09569543872e-12,0
260.0,0.055,-0.07,6.44631270258e-12,0
260.0,0.05,-0.065,2.87435124498e-12,0
260.0,0.055,-0.065,4.79439955757e-12,0
260.0,0.05,-0.06,1.35739386031e-12,0
260.0,0.055,-0.06,3.14435203174e-12,0
260.0,0.05,-0.055,-1.65901788407e-13,0
260.0,0.055,-0.055,1.48914747487e-12,0
260.0,0.05,-0.05,-1.67409687166e-12,0
260.0,0.055,-0.05,-1.4165373554e-13,0
260.0,0.05,-0.045,-3.15882139254e-12,0
260.0,0.055,-0.045,-1.73888613937e-12,0
260.0,0.05,-0.04,-4.57536243778e-12,0
260.0,0.055,-0.04,-3.26596839474e-12,0
260.0,0.05,-0.035,-5.88192877631e-12,0
260.0,0.055,-0.035,-4.67826187151e-12,0
260.0,0.05,-0.03,-6.82516293546e-12,0
260.0,0.055,-0.03,-5.7969572903e-12,0
260.0,0.05,-0.025,-7.22307539926e-12,0
260.0,0.055,-0.025,-6.43597841896e-12,0
260.0,0.05,-0.02,-6.71032330641e-12,0
260.0,0.055,-0.02,-6.23376013603e-12,0
260.0,0.05,-0.015,-5.18760013052e-12,0
260.0,0.055,-0.015,-4.93193837755e-12,0
260.0,0.05,-0.01,-3.25689767873e-12,0
260.0,0.055,-0.01,-3.03695567411e-12,0
260.0,0.05,-0.005,-1.26129209264e-12,0
260.0,0.055,-0.005,-1.03417747963e-12,0
260.0,0.05,0,8.75130580144e-13,0
260.0,0.055,4.16333634234e-19,1.03249661427e-12,0
260.0,0.05,0.005,2.95585924584e-12,0
260.0,0.055,0.005,3.02760926083e-12,0
260.0,0.05,0.01,4.6032186904e-12,0
260.0,0.055,0.01,4.65166190534e-12,0
260.0,0.05,0.015,5.42998085664e-12,0
260.0,0.055,0.015,5.50902935564e-12,0
260.0,0.05,0.02,5.66665573549e-12,0
260.0,0.055,0.02,5.73389204445e-12,0
260.0,0.05,0.025,5.80220265322e-12,0
260.0,0.055,0.025,5.77211562127e-12,0
260.0,0.05,0.03,5.62335644228e-12,0
260.0,0.055,0.03,5.33056403032e-12,0
260.0,0.05,0.035,4.95147506166e-12,0
260.0,0.055,0.035,4.40743663773e-12,0
260.0,0.05,0.04,4.01965738382e-12,0
260.0,0.055,0.04,3.29110602645e-12,0
260.0,0.05,0.045,2.98236014997e-12,0
260.0,0.055,0.045,1.96576014348e-12,0
260.0,0.05,0.05,1.6211523702e-12,0
260.0,0.05,0.055,2.87226252017e-14,0
260.0,0.055,0.05,1.83146281138e-14,0
260.0,0.055,0.055,-2.05495594933e-12,0
260.0,0.05,0.06,-1.41148176865e-12,0
260.0,0.05,0.065,-2.67543683931e-12,0
260.0,0.055,0.06,-3.75266592887e-12,0
260.0,0.055,0.065,-5.35098619706e-12,0
260.0,0.05,0.07,-3.68481100163e-12,0
260.0,0.05,0.075,-4.53352583048e-12,0
260.0,0.055,0.07,-7.2119536159e-12,0
260.0,0.055,0.075,-8.86710376797e-12,0
260.0,0.06,-0.075,1.02917242931e-11,0
260.0,0.06,-0.07,8.5184490018e-12,0
260.0,0.065,-0.075,1.24792221139e-11,0
260.0,0.065,-0.07,1.05993995374e-11,0
260.0,0.06,-0.065,6.74748694357e-12,0
260.0,0.065,-0.065,8.72071035269e-12,0
260.0,0.06,-0.06,4.99249288333e-12,0
260.0,0.065,-0.06,6.87947891105e-12,0
260.0,0.06,-0.055,3.22688533636e-12,0
260.0,0.065,-0.055,5.02117676115e-12,0
260.0,0.06,-0.05,1.45888471014e-12,0
260.0,0.065,-0.05,3.10510453768e-12,0
260.0,0.06,-0.045,-2.84497672221e-13,0
260.0,0.065,-0.045,1.18835386275e-12,0
260.0,0.06,-0.04,-1.9512807081e-12,0
260.0,0.065,-0.04,-6.66412081945e-13,0
260.0,0.06,-0.035,-3.4730898516e-12,0
260.0,0.065,-0.035,-2.31738349622e-12,0
260.0,0.06,-0.03,-4.72775941245e-12,0
260.0,0.065,-0.03,-3.67012257805e-12,0
260.0,0.06,-0.025,-5.57756611592e-12,0
260.0,0.065,-0.025,-4.74830182195e-12,0
260.0,0.06,-0.02,-5.57197697265e-12,0
260.0,0.065,-0.02,-4.96269363233e-12,0
260.0,0.06,-0.015,-4.46592356645e-12,0
260.0,0.065,-0.015,-3.93849912082e-12,0
260.0,0.06,-0.01,-2.70782527928e-12,0
260.0,0.065,-0.01,-2.29063407442e-12,0
260.0,0.06,-0.005,-7.79848249909e-13,0
260.0,0.065,-0.005,-5.19630799596e-13,0
260.0,0.06,0,1.16379919828e-12,0
260.0,0.065,4.16333634234e-19,1.29053368076e-12,0
260.0,0.06,0.005,3.04818115534e-12,0
260.0,0.065,0.005,3.06337856705e-12,0
260.0,0.06,0.01,4.6011330351e-12,0
260.0,0.065,0.01,4.50487960456e-12,0
260.0,0.06,0.015,5.43483112614e-12,0
260.0,0.065,0.015,5.10521285689e-12,0
260.0,0.06,0.02,5.55389570224e-12,0
260.0,0.065,0.02,4.90128490523e-12,0
260.0,0.06,0.025,5.27163734814e-12,0
260.0,0.065,0.025,4.30601647397e-12,0
260.0,0.06,0.03,4.56512169295e-12,0
260.0,0.065,0.03,3.34944612656e-12,0
260.0,0.06,0.035,3.49567504317e-12,0
260.0,0.065,0.035,2.04034516447e-12,0
260.0,0.06,0.04,2.13694632334e-12,0
260.0,0.065,0.04,2.64362973866e-13,0
260.0,0.06,0.045,2.67204699552e-13,0
260.0,0.065,0.045,-2.29169928404e-12,0
260.0,0.06,0.05,-2.31533287781e-12,0
260.0,0.065,0.05,-5.48034591916e-12,0
260.0,0.06,0.055,-4.95647711463e-12,0
260.0,0.065,0.055,-8.68801422446e-12,0
260.0,0.06,0.06,-7.20753657476e-12,0
260.0,0.06,0.065,-9.46577691554e-12,0
260.0,0.065,0.06,-1.16099172329e-11,0
260.0,0.065,0.065,-1.4574452087e-11,0
260.0,0.06,0.07,-1.20023869458e-11,0
260.0,0.06,0.075,-1.44041556983e-11,0
260.0,0.065,0.07,-1.7653889945e-11,0
260.0,0.065,0.075,-2.06953002342e-11,0
260.0,0.07,-0.075,1.46622484064e-11,0
260.0,0.07,-0.07,1.26873087102e-11,0
260.0,0.075,-0.075,1.67928218255e-11,0
260.0,0.075,-0.07,1.47534775948e-11,0
260.0,0.07,-0.065,1.07220085488e-11,0
260.0,0.075,-0.065,1.2711000446e-11,0
260.0,0.07,-0.06,8.80394492765e-12,0
260.0,0.075,-0.06,1.07464157035e-11,0
260.0,0.07,-0.055,6.8837658736e-12,0
260.0,0.075,-0.055,8.79117753851e-12,0
260.0,0.07,-0.05,4.82040213938e-12,0
260.0,0.075,-0.05,6.56650701582e-12,0
260.0,0.07,-0.045,2.63753975539e-12,0
260.0,0.075,-0.045,4.07457341293e-12,0
260.0,0.07,-0.04,4.93891981631e-13,0
260.0,0.075,-0.04,1.58179961626e-12,0
260.0,0.07,-0.035,-1.31987544467e-12,0
260.0,0.075,-0.035,-4.18453031411e-13,0
260.0,0.07,-0.03,-2.71868681493e-12,0
260.0,0.075,-0.03,-1.8581058318e-12,0
260.0,0.07,-0.025,-3.93510034533e-12,0
260.0,0.075,-0.025,-3.17414883644e-12,0
260.0,0.07,-0.02,-4.41409088018e-12,0
260.0,0.075,-0.02,-3.97461170107e-12,0
260.0,0.07,-0.015,-3.57338936186e-12,0
260.0,0.075,-0.015,-3.29090545857e-12,0
260.0,0.07,-0.01,-1.97894214435e-12,0
260.0,0.075,-0.01,-1.71874011459e-12,0
260.0,0.07,-0.005,-2.81379186147e-13,0
260.0,0.075,-0.005,-5.85473896584e-14,0
260.0,0.07,0,1.45187132686e-12,0
260.0,0.075,0,1.63377438201e-12,0
260.0,0.07,0.005,3.14844128631e-12,0
260.0,0.075,0.005,3.29013409495e-12,0
260.0,0.07,0.01,4.36256038781e-12,0
260.0,0.075,0.01,4.30254286382e-12,0
260.0,0.07,0.015,4.59280800078e-12,0
260.0,0.075,0.015,4.14824139774e-12,0
260.0,0.07,0.02,4.11349967651e-12,0
260.0,0.075,0.02,3.4354271633e-12,0
260.0,0.07,0.025,3.29367413541e-12,0
260.0,0.075,0.025,2.40530394681e-12,0
260.0,0.07,0.03,2.07821901384e-12,0
260.0,0.075,0.03,9.45626216225e-13,0
260.0,0.07,0.035,4.65290576331e-13,0
260.0,0.075,0.035,-9.58584870968e-13,0
260.0,0.07,0.04,-2.06429398793e-12,0
260.0,0.075,0.04,-4.38028722101e-12,0
260.0,0.07,0.045,-5.43352884459e-12,0
260.0,0.075,0.045,-8.64928004489e-12,0
260.0,0.07,0.05,-8.87376983383e-12,0
260.0,0.075,0.05,-1.22641962495e-11,0
260.0,0.07,0.055,-1.23103899428e-11,0
260.0,0.075,0.055,-1.58538830174e-11,0
260.0,0.07,0.06,-1.59606142727e-11,0
260.0,0.075,0.06,-2.01762820563e-11,0
260.0,0.07,0.065,-1.97558734957e-11,0
260.0,0.075,0.065,-2.48219616536e-11,0
260.0,0.07,0.07,-2.3474828602e-11,0
260.0,0.07,0.075,-2.70576408792e-11,0
260.0,0.075,0.07,-2.91791485221e-11,0
260.0,0.075,0.075,-3.31505577967e-11,0
300.0,-0.00382671281566,-0.00202612167119,0,0
300.0,-0.005,-0.005,2.60971980896e-14,0
300.0,-0.00197892066871,-0.00385133392306,0,0
300.0,-0.005,-0.00190753787223,1.56614111961e-14,0
300.0,-0.00433,0,0,0
300.0,-0.00190753787223,-0.005,1.54556154095e-14,0
300.0,0,-0.00433,0,0
300.0,-0.005,0.00190775150599,1.59708850578e-14,0
300.0,-0.00385133392306,0.00197892066871,0,0
300.0,0.00190775150599,-0.005,1.55377069802e-14,0
300.0,0.00202612167119,-0.00382671281566,0,0
300.0,-0.00202612167119,0.00382671281566,0,0
300.0,-0.005,0.005,2.81881057596e-14,0
300.0,-0.0019094272225,0.005,1.57623861892e-14,0
300.0,0,0.00433,0,0
300.0,0.00147766755988,0.00407006125046,0,0
300.0,8.32667268469e-19,0.005,1.1287028899e-14,0
300.0,0.00433,0,0,0
300.0,0.005,1.38777878078e-18,1.18437924366e-14,0
300.0,0.00407006125046,0.00147766755988,0,0
300.0,0.005,-0.005,2.71316041521e-14,0
300.0,0.00385133392306,-0.00197892066871,0,0
300.0,0.005,-0.0019094272225,1.58218129339e-14,0
300.0,0.00306177236254,0.00306177236254,0,0
300.0,0.0019094272225,0.005,1.59740243973e-14,0
300.0,0.005,0.0019094272225,1.62835304961e-14,0
300.0,-0.000885,-0.0015328649647,1.27152166593e-12,0
300.0,-0.0015328649647,-0.000885,1.27164404862e-12,0
300.0,-0.00186450691264,-0.00187567167242,8.4302642415e-13,0
300.0,-0.00177,0,1.27133577865e-12,0
300.0,-0.00268433516245,-0.000738983120158,7.59107848076e-13,0
300.0,0,-0.00177,1.27148329872e-12,0
300.0,-0.000718432264205,-0.00269192408424,7.57401677561e-13,0
300.0,-0.0015328649647,0.000885,1.26983129567e-12,0
300.0,-0.00265321485144,0.000647311733689,7.89890851532e-13,0
300.0,-0.000885,0.0015328649647,1.26820376942e-12,0
300.0,-0.00194719253591,0.00178443766524,8.43952725467e-13,0
300.0,0,0.00177,1.26409757924e-12,0
300.0,-0.000802720381054,0.00273415977115,7.17501294751e-13,0
300.0,0.000885,-0.0015328649647,1.27017212793e-12,0
300.0,0.00075154031863,-0.00270385456952,7.45291670807e-13,0
300.0,0.00177,0,1.26243733565e-12,0
300.0,0.0015328649647,-0.000885,1.26801969069e-12,0
300.0,0.00271471102228,-0.000564731152102,7.60915462093e-13,0
300.0,0.00192394637685,-0.00189207206672,8.10097212865e-13,0
300.0,0.00231817117671,0.00040530921667,9.87912100898e-13,0
300.0,0.0015328649647,0.000885,1.2607036789e-12,0
300.0,0.000885,0.0015328649647,1.26140874112e-12,0
300.0,0.000427053001345,0.00287092483521,6.82190712524e-13,0
300.0,0.00187618296239,0.00184774001435,8.33341634382e-13,0
300.0,0.00312733402203,0.000607809752493,5.1920000572e-13,0
300.0,0.00276214303706,0.00136595635004,5.76860422651e-13,0
300.0,0.0014100336009,0.00268674970267,6.04772769215e-13,0
300.0,-0.075,-0.075,1.2094897876e-13,0
300.0,-0.07,-0.075,1.13714056021e-13,0
300.0,-0.075,-0.07,9.78014472503e-14,0
300.0,-0.07,-0.07,9.15767264238e-14,0
300.0,-0.075,-0.065,7.3251817794e-14,0
300.0,-0.07,-0.065,6.85358146025e-14,0
300.0,-0.065,-0.075,1.05766294891e-13,0
300.0,-0.065,-0.07,8.53677084249e-14,0
300.0,-0.065,-0.065,6.433236522e-14,0
300.0,-0.075,-0.06,4.38971424937e-14,0
300.0,-0.07,-0.06,4.32464737195e-14,0
300.0,-0.065,-0.06,4.23950997466e-14,0
300.0,-0.075,-0.055,1.45166739651e-14,0
300.0,-0.07,-0.055,1.84336392214e-14,0
300.0,-0.065,-0.055,2.11972763418e-14,0
300.0,-0.075,-0.05,-1.00667220847e-14,0
300.0,-0.07,-0.05,-3.55438031156e-15,0
300.0,-0.065,-0.05,2.13987805521e-15,0
300.0,-0.075,-0.045,-3.40119962017e-14,0
300.0,-0.07,-0.045,-2.50122095356e-14,0
300.0,-0.065,-0.045,-1.65993534709e-14,0
300.0,-0.075,-0.04,-5.77731632568e-14,0
300.0,-0.07,-0.04,-4.68491019331e-14,0
300.0,-0.075,-0.035,-8.22793801283e-14,0
300.0,-0.07,-0.035,-6.9320586622e-14,0
300.0,-0.065,-0.04,-3.58730686703e-14,0
300.0,-0.065,-0.035,-5.53966409904e-14,0
300.0,-0.075,-0.03,-1.16270559026e-13,0
300.0,-0.07,-0.03,-9.61030042958e-14,0
300.0,-0.075,-0.025,-1.57818638482e-13,0
300.0,-0.07,-0.025,-1.26725423681e-13,0
300.0,-0.065,-0.03,-7.60895508025e-14,0
300.0,-0.065,-0.025,-9.75398888703e-14,0
300.0,-0.075,-0.02,-2.0087478179e-13,0
300.0,-0.07,-0.02,-1.58242978345e-13,0
300.0,-0.075,-0.015,-2.42781010372e-13,0
300.0,-0.07,-0.015,-1.89416086458e-13,0
300.0,-0.065,-0.02,-1.18840527144e-13,0
300.0,-0.065,-0.015,-1.39507228895e-13,0
300.0,-0.075,-0.01,-2.78516075348e-13,0
300.0,-0.07,-0.01,-2.17990752645e-13,0
300.0,-0.075,-0.005,-2.99396397493e-13,0
300.0,-0.07,-0.005,-2.35648588566e-13,0
300.0,-0.065,-0.01,-1.61322886069e-13,0
300.0,-0.065,-0.005,-1.76017385211e-13,0
300.0,-0.075,0,-3.00739139013e-13,0
300.0,-0.07,0,-2.37673866524e-13,0
300.0,-0.075,0.005,-2.83788601647e-13,0
300.0,-0.07,0.005,-2.24350981486e-13,0
300.0,-0.065,4.16333634234e-19,-1.78536302523e-13,0
300.0,-0.065,0.005,-1.6789456305e-13,0
300.0,-0.075,0.01,-2.48722150529e-13,0
300.0,-0.07,0.01,-1.96211916334e-13,0
300.0,-0.075,0.015,-2.02935916136e-13,0
300.0,-0.07,0.015,-1.57670248329e-13,0
300.0,-0.065,0.01,-1.448423051e-13,0
300.0,-0.065,0.015,-1.11998855409e-13,0
300.0,-0.075,0.02,-1.58136488947e-13,0
300.0,-0.07,0.02,-1.15987893206e-13,0
300.0,-0.075,0.025,-1.12340447977e-13,0
300.0,-0.07,0.025,-7.39996666376e-14,0
300.0,-0.065,0.02,-7.35718142717e-14,0
300.0,-0.065,0.025,-3.53415630826e-14,0
300.0,-0.075,0.03,-6.60316002221e-14,0
300.0,-0.07,0.03,-3.39532558705e-14,0
300.0,-0.075,0.035,-2.31935619494e-14,0
300.0,-0.07,0.035,1.24002098054e-15,0
300.0,-0.065,0.03,-2.19465501526e-15,0
300.0,-0.065,0.035,2.17230479569e-14,0
300.0,-0.075,0.04,1.47868977748e-14,0
300.0,-0.07,0.04,2.42870950209e-14,0
300.0,-0.075,0.045,3.32544029943e-14,0
300.0,-0.07,0.045,3.27117595677e-14,0
300.0,-0.065,0.04,3.08279353908e-14,0
300.0,-0.065,0.045,3.25555826162e-14,0
300.0,-0.075,0.05,3.6040564335e-14,0
300.0,-0.07,0.05,3.29185404664e-14,0
300.0,-0.075,0.055,3.52252815096e-14,0
300.0,-0.07,0.055,3.06850166792e-14,0
300.0,-0.065,0.05,3.0190875391e-14,0
300.0,-0.065,0.055,2.65016106223e-14,0
300.0,-0.075,0.06,3.21606763081e-14,0
300.0,-0.07,0.06,2.69127209265e-14,0
300.0,-0.075,0.065,2.82720257556e-14,0
300.0,-0.07,0.065,2.24349469141e-14,0
300.0,-0.065,0.06,2.17963500378e-14,0
300.0,-0.065,0.065,1.63970618019e-14,0
300.0,-0.075,0.07,2.40834471624e-14,0
300.0,-0.07,0.07,1.74245859969e-14,0
300.0,-0.075,0.075,1.9190340055e-14,0
300.0,-0.07,0.075,1.18766957788e-14,0
300.0,-0.065,0.07,1.05326284019e-14,0
300.0,-0.065,0.075,4.15364074541e-15,0
300.0,-0.06,-0.075,9.77872421768e-14,0
300.0,-0.06,-0.07,7.90281170075e-14,0
300.0,-0.06,-0.065,6.04251762012e-14,0
300.0,-0.055,-0.075,8.8664116732e-14,0
300.0,-0.055,-0.07,7.18754258759e-14,0
300.0,-0.055,-0.065,5.60464861187e-14,0
300.0,-0.06,-0.06,4.18833173868e-14,0
300.0,-0.06,-0.055,2.39788539114e-14,0
300.0,-0.055,-0.06,4.09195265322e-14,0
300.0,-0.055,-0.055,2.61891988641e-14,0
300.0,-0.06,-0.05,7.03666968816e-15,0
300.0,-0.055,-0.05,1.14486941461e-14,0
300.0,-0.06,-0.045,-9.44303010578e-15,0
300.0,-0.055,-0.045,-2.71344833521e-15,0
300.0,-0.06,-0.04,-2.53705097544e-14,0
300.0,-0.055,-0.04,-1.54277840084e-14,0
300.0,-0.06,-0.035,-4.10582892727e-14,0
300.0,-0.055,-0.035,-2.74651586349e-14,0
300.0,-0.06,-0.03,-5.68203082948e-14,0
300.0,-0.06,-0.025,-7.20344421135e-14,0
300.0,-0.055,-0.03,-3.9223720213e-14,0
300.0,-0.055,-0.025,-4.98410335127e-14,0
300.0,-0.06,-0.02,-8.58087895432e-14,0
300.0,-0.06,-0.015,-9.84778595859e-14,0
300.0,-0.055,-0.02,-5.83387019943e-14,0
300.0,-0.055,-0.015,-6.55395393525e-14,0
300.0,-0.06,-0.01,-1.11864265952e-13,0
300.0,-0.06,-0.005,-1.21497344271e-13,0
300.0,-0.055,-0.01,-7.24466253423e-14,0
300.0,-0.055,-0.005,-7.58747282073e-14,0
300.0,-0.06,0,-1.22733709515e-13,0
300.0,-0.06,0.005,-1.12820431754e-13,0
300.0,-0.055,4.16333634234e-19,-7.31149330531e-14,0
300.0,-0.055,0.005,-6.14294883907e-14,0
300.0,-0.06,0.01,-9.23744938629e-14,0
300.0,-0.06,0.015,-6.3743501574e-14,0
300.0,-0.055,0.01,-4.28032638465e-14,0
300.0,-0.055,0.015,-1.86222240874e-14,0
300.0,-0.06,0.02,-2.99793894598e-14,0
300.0,-0.06,0.025,1.31234830758e-15,0
300.0,-0.055,0.02,8.20075742847e-15,0
300.0,-0.055,0.025,2.90408714661e-14,0
300.0,-0.06,0.03,2.259985223e-14,0
300.0,-0.06,0.035,3.23857064113e-14,0
300.0,-0.055,0.03,3.70193943892e-14,0
300.0,-0.055,0.035,3.85370332932e-14,0
300.0,-0.06,0.04,3.35304057089e-14,0
300.0,-0.06,0.045,3.16560170063e-14,0
300.0,-0.055,0.04,3.54209207565e-14,0
300.0,-0.055,0.045,3.0944070997e-14,0
300.0,-0.06,0.05,2.76880953019e-14,0
300.0,-0.06,0.055,2.26886718521e-14,0
300.0,-0.055,0.05,2.55332763582e-14,0
300.0,-0.055,0.055,1.90891456285e-14,0
300.0,-0.06,0.06,1.67977835901e-14,0
300.0,-0.06,0.065,1.03364711885e-14,0
300.0,-0.055,0.06,1.17885387119e-14,0
300.0,-0.055,0.065,4.02270488771e-15,0
300.0,-0.06,0.07,3.45007997628e-15,0
300.0,-0.06,0.075,-3.57505517981e-15,0
300.0,-0.055,0.07,-4.22642324492e-15,0
300.0,-0.055,0.075,-1.223926485e-14,0
300.0,-0.05,-0.075,7.21536115052e-14,0
300.0,-0.05,-0.07,6.08411099569e-14,0
300.0,-0.045,-0.075,5.29570622877e-14,0
300.0,-0.045,-0.07,4.73327514009e-14,0
300.0,-0.05,-0.065,4.96877061261e-14,0
300.0,-0.045,-0.065,4.07002631844e-14,0
300.0,-0.05,-0.06,3.83889667555e-14,0
300.0,-0.05,-0.055,2.67136565366e-14,0
300.0,-0.045,-0.06,3.31575793696e-14,0
300.0,-0.045,-0.055,2.48502957998e-14,0
300.0,-0.05,-0.05,1.49547424402e-14,0
300.0,-0.05,-0.045,3.79458030627e-15,0
300.0,-0.045,-0.05,1.66078214446e-14,0
300.0,-0.045,-0.045,8.80174636735e-15,0
300.0,-0.05,-0.04,-6.27383451716e-15,0
300.0,-0.045,-0.04,1.4971478547e-15,0
300.0,-0.05,-0.035,-1.53455441409e-14,0
300.0,-0.045,-0.035,-4.70914752358e-15,0
300.0,-0.05,-0.03,-2.33683201512e-14,0
300.0,-0.045,-0.03,-9.36529864162e-15,0
300.0,-0.05,-0.025,-3.0347938077e-14,0
300.0,-0.045,-0.025,-1.28267289511e-14,0
300.0,-0.05,-0.02,-3.6113139991e-14,0
300.0,-0.05,-0.015,-4.05536236194e-14,0
300.0,-0.045,-0.02,-1.57442217001e-14,0
300.0,-0.045,-0.015,-1.75870869417e-14,0
300.0,-0.05,-0.01,-4.2483563648e-14,0
300.0,-0.05,-0.005,-4.0712689477e-14,0
300.0,-0.045,-0.01,-1.60517911968e-14,0
300.0,-0.045,-0.005,-1.07184490486e-14,0
300.0,-0.05,0,-3.21990291459e-14,0
300.0,-0.05,0.005,-1.76994476296e-14,0
300.0,-0.045,4.16333634234e-19,1.39937937967e-16,0
300.0,-0.045,0.005,1.41626545833e-14,0
300.0,-0.05,0.01,-1.55367532879e-15,0
300.0,-0.05,0.015,1.63955553714e-14,0
300.0,-0.045,0.01,2.67429514544e-14,0
300.0,-0.045,0.015,3.91728133521e-14,0
300.0,-0.05,0.02,3.44372715291e-14,0
300.0,-0.05,0.025,4.44204291052e-14,0
300.0,-0.045,0.02,5.12952476336e-14,0
300.0,-0.045,0.025,5.49873766197e-14,0
300.0,-0.05,0.03,4.50831270293e-14,0
300.0,-0.05,0.035,4.22705716679e-14,0
300.0,-0.045,0.03,5.11190117495e-14,0
300.0,-0.045,0.035,4.55179392972e-14,0
300.0,-0.05,0.04,3.71083167046e-14,0
300.0,-0.05,0.045,3.10678175899e-14,0
300.0,-0.045,0.04,3.87493668507e-14,0
300.0,-0.045,0.045,3.10528633483e-14,0
300.0,-0.05,0.05,2.37613663874e-14,0
300.0,-0.05,0.055,1.51809346345e-14,0
300.0,-0.045,0.05,2.15545044329e-14,0
300.0,-0.045,0.055,1.0592140508e-14,0
300.0,-0.05,0.06,5.93585581111e-15,0
300.0,-0.05,0.065,-3.9108043828e-15,0
300.0,-0.045,0.06,-1.03579601405e-15,0
300.0,-0.045,0.065,-1.39604965358e-14,0
300.0,-0.05,0.07,-1.4363697675e-14,0
300.0,-0.05,0.075,-2.45143376643e-14,0
300.0,-0.045,0.07,-2.80627407949e-14,0
300.0,-0.045,0.075,-4.14556320586e-14,0
300.0,-0.04,-0.075,3.87104347648e-14,0
300.0,-0.04,-0.07,3.49961603996e-14,0
300.0,-0.035,-0.075,2.4586697262e-14,0
300.0,-0.035,-0.07,2.27317761303e-14,0
300.0,-0.04,-0.065,3.09222731432e-14,0
300.0,-0.035,-0.065,2.08118872586e-14,0
300.0,-0.04,-0.06,2.63974389441e-14,0
300.0,-0.035,-0.06,1.8883344139e-14,0
300.0,-0.04,-0.055,2.14184295529e-14,0
300.0,-0.035,-0.055,1.6863312393e-14,0
300.0,-0.04,-0.05,1.63604015001e-14,0
300.0,-0.04,-0.045,1.16804031647e-14,0
300.0,-0.035,-0.05,1.47428663589e-14,0
300.0,-0.035,-0.045,1.30010587456e-14,0
300.0,-0.04,-0.04,7.47612963624e-15,0
300.0,-0.04,-0.035,4.13640255951e-15,0
300.0,-0.035,-0.04,1.17045617725e-14,0
300.0,-0.035,-0.035,1.10260372543e-14,0
300.0,-0.04,-0.03,2.05908065648e-15,0
300.0,-0.035,-0.03,1.1171127893e-14,0
300.0,-0.04,-0.025,1.26092636931e-15,0
300.0,-0.035,-0.025,1.22911060337e-14,0
300.0,-0.04,-0.02,1.60401646341e-15,0
300.0,-0.035,-0.02,1.47431029375e-14,0
300.0,-0.04,-0.015,3.10629909007e-15,0
300.0,-0.035,-0.015,1.85447828218e-14,0
300.0,-0.04,-0.01,7.64804302404e-15,0
300.0,-0.04,-0.005,1.49189672461e-14,0
300.0,-0.035,-0.01,2.49471948693e-14,0
300.0,-0.035,-0.005,3.29794746708e-14,0
300.0,-0.04,0,2.42671464722e-14,0
300.0,-0.04,0.005,3.46095126661e-14,0
300.0,-0.035,4.16333634234e-19,4.20744409135e-14,0
300.0,-0.035,0.005,5.16154961355e-14,0
300.0,-0.04,0.01,4.51840143921e-14,0
300.0,-0.04,0.015,5.57172202297e-14,0
300.0,-0.035,0.01,6.1115511765e-14,0
300.0,-0.035,0.015,6.86262114099e-14,0
300.0,-0.04,0.02,6.26965279319e-14,0
300.0,-0.04,0.025,6.141769861e-14,0
300.0,-0.035,0.02,6.98441359616e-14,0
300.0,-0.035,0.025,6.56823796749e-14,0
300.0,-0.04,0.03,5.55222435305e-14,0
300.0,-0.04,0.035,4.8370020671e-14,0
300.0,-0.035,0.03,5.88803601731e-14,0
300.0,-0.035,0.035,5.05263706561e-14,0
300.0,-0.04,0.04,3.9951446279e-14,0
300.0,-0.04,0.045,3.02097260172e-14,0
300.0,-0.035,0.04,4.05684272939e-14,0
300.0,-0.035,0.045,2.89729718759e-14,0
300.0,-0.04,0.05,1.86931971264e-14,0
300.0,-0.04,0.055,5.72579301486e-15,0
300.0,-0.035,0.05,1.53575828589e-14,0
300.0,-0.035,0.055,-7.96205454249e-17,0
300.0,-0.04,0.06,-9.62354824877e-15,0
300.0,-0.04,0.065,-2.75196079528e-14,0
300.0,-0.035,0.06,-2.02925605698e-14,0
300.0,-0.035,0.065,-4.3981612374e-14,0
300.0,-0.04,0.07,-4.55415812254e-14,0
300.0,-0.04,0.075,-6.23991309315e-14,0
300.0,-0.035,0.07,-6.60899186658e-14,0
300.0,-0.035,0.075,-8.64676958031e-14,0
300.0,-0.03,-0.075,1.03660032133e-14,0
300.0,-0.03,-0.07,1.01471924324e-14,0
300.0,-0.025,-0.075,-4.64132466117e-15,0
300.0,-0.025,-0.07,-3.2720787709e-15,0
300.0,-0.03,-0.065,1.01763390737e-14,0
300.0,-0.025,-0.065,-1.31553855406e-15,0
300.0,-0.03,-0.06,1.04173505148e-14,0
300.0,-0.025,-0.06,1.05815298839e-15,0
300.0,-0.03,-0.055,1.09138067898e-14,0
300.0,-0.025,-0.055,3.96226969626e-15,0
300.0,-0.03,-0.05,1.16693914655e-14,0
300.0,-0.025,-0.05,7.44285293835e-15,0
300.0,-0.03,-0.045,1.27759552313e-14,0
300.0,-0.025,-0.045,1.12378409465e-14,0
300.0,-0.03,-0.04,1.42922071065e-14,0
300.0,-0.03,-0.035,1.6121474593e-14,0
300.0,-0.025,-0.04,1.54003347483e-14,0
300.0,-0.025,-0.035,1.96571160092e-14,0
300.0,-0.03,-0.03,1.82406458913e-14,0
300.0,-0.03,-0.025,2.08527625831e-14,0
300.0,-0.025,-0.03,2.36389261723e-14,0
300.0,-0.025,-0.025,2.74366700694e-14,0
300.0,-0.03,-0.02,2.43184561767e-14,0
300.0,-0.025,-0.02,3.14224778589e-14,0
300.0,-0.03,-0.015,2.89337331439e-14,0
300.0,-0.025,-0.015,3.60672722994e-14,0
300.0,-0.03,-0.01,3.54111031741e-14,0
300.0,-0.025,-0.01,4.18256614831e-14,0
300.0,-0.03,-0.005,4.34985405545e-14,0
300.0,-0.025,-0.005,4.87744927047e-14,0
300.0,-0.03,0,5.30956426229e-14,0
300.0,-0.03,0.005,6.2492080843e-14,0
300.0,-0.025,4.16333634234e-19,5.65216497483e-14,0
300.0,-0.025,0.005,6.41239715121e-14,0
300.0,-0.03,0.01,7.03909928881e-14,0
300.0,-0.03,0.015,7.4146026662e-14,0
300.0,-0.025,0.01,7.07968901303e-14,0
300.0,-0.025,0.015,7.44019621843e-14,0
300.0,-0.03,0.02,7.29178769028e-14,0
300.0,-0.03,0.025,6.84394347584e-14,0
300.0,-0.025,0.02,7.40530447392e-14,0
300.0,-0.025,0.025,6.99492146603e-14,0
300.0,-0.03,0.03,6.11743655368e-14,0
300.0,-0.03,0.035,5.19544777288e-14,0
300.0,-0.025,0.03,6.25945393631e-14,0
300.0,-0.025,0.035,5.27888562266e-14,0
300.0,-0.03,0.04,4.0662873585e-14,0
300.0,-0.03,0.045,2.73207604331e-14,0
300.0,-0.025,0.04,4.03465793261e-14,0
300.0,-0.025,0.045,2.53686921765e-14,0
300.0,-0.03,0.05,1.12842226542e-14,0
300.0,-0.03,0.055,-7.63297660772e-15,0
300.0,-0.025,0.05,6.5544544179e-15,0
300.0,-0.025,0.055,-1.71062371834e-14,0
300.0,-0.03,0.06,-3.29484572948e-14,0
300.0,-0.03,0.065,-6.26560527578e-14,0
300.0,-0.025,0.06,-4.79576685344e-14,0
300.0,-0.025,0.065,-8.31624207338e-14,0
300.0,-0.03,0.07,-9.1906250838e-14,0
300.0,-0.03,0.075,-1.20692355703e-13,0
300.0,-0.025,0.07,-1.1943434804e-13,0
300.0,-0.025,0.075,-1.57247876284e-13,0
300.0,-0.02,-0.075,-2.08770665368e-14,0
300.0,-0.02,-0.07,-1.81014518699e-14,0
300.0,-0.015,-0.075,-3.84543817816e-14,0
300.0,-0.015,-0.07,-3.45338418327e-14,0
300.0,-0.02,-0.065,-1.44756740488e-14,0
300.0,-0.015,-0.065,-2.93601224529e-14,0
300.0,-0.02,-0.06,-9.75452866589e-15,0
300.0,-0.015,-0.06,-2.19280205241e-14,0
300.0,-0.02,-0.055,-4.0502414467e-15,0
300.0,-0.015,-0.055,-1.31253569974e-14,0
300.0,-0.02,-0.05,2.26045947071e-15,0
300.0,-0.015,-0.05,-3.90771754425e-15,0
300.0,-0.02,-0.045,8.7521825915e-15,0
300.0,-0.015,-0.045,5.3066212803e-15,0
300.0,-0.02,-0.04,1.52627102309e-14,0
300.0,-0.015,-0.04,1.4145828727e-14,0
300.0,-0.02,-0.035,2.16707791801e-14,0
300.0,-0.015,-0.035,2.26080184284e-14,0
300.0,-0.02,-0.03,2.74893982683e-14,0
300.0,-0.02,-0.025,3.219561255e-14,0
300.0,-0.015,-0.03,3.01182854918e-14,0
300.0,-0.015,-0.025,3.54890932173e-14,0
300.0,-0.02,-0.02,3.61664749728e-14,0
300.0,-0.02,-0.015,4.00734253503e-14,0
300.0,-0.015,-0.02,3.89943582041e-14,0
300.0,-0.015,-0.015,4.15434998373e-14,0
300.0,-0.02,-0.01,4.41159941128e-14,0
300.0,-0.015,-0.01,4.31392550424e-14,0
300.0,-0.02,-0.005,4.86020100504e-14,0
300.0,-0.015,-0.005,4.46523651509e-14,0
300.0,-0.02,0,5.39532439629e-14,0
300.0,-0.015,4.16333634234e-19,4.76511017186e-14,0
300.0,-0.02,0.005,6.03606528524e-14,0
300.0,-0.015,0.005,5.333291521e-14,0
300.0,-0.02,0.01,6.69965120438e-14,0
300.0,-0.02,0.015,7.20324730044e-14,0
300.0,-0.015,0.01,6.12183629369e-14,0
300.0,-0.015,0.015,6.86698556559e-14,0
300.0,-0.02,0.02,7.35760243668e-14,0
300.0,-0.02,0.025,7.04837510264e-14,0
300.0,-0.015,0.02,7.25016835281e-14,0
300.0,-0.015,0.025,7.06547821066e-14,0
300.0,-0.02,0.03,6.34476337609e-14,0
300.0,-0.02,0.035,5.33979517235e-14,0
300.0,-0.015,0.03,6.41964845001e-14,0
300.0,-0.015,0.035,5.43855888793e-14,0
300.0,-0.02,0.04,4.00654132636e-14,0
300.0,-0.02,0.045,2.35424758559e-14,0
300.0,-0.015,0.04,4.03809136217e-14,0
300.0,-0.015,0.045,2.21584451989e-14,0
300.0,-0.02,0.05,1.37740223168e-15,0
300.0,-0.02,0.055,-2.79770338122e-14,0
300.0,-0.015,0.05,-3.67164455966e-15,0
300.0,-0.015,0.055,-3.76839228754e-14,0
300.0,-0.02,0.06,-6.32540216848e-14,0
300.0,-0.02,0.065,-1.02158261125e-13,0
300.0,-0.015,0.06,-7.67635936605e-14,0
300.0,-0.015,0.065,-1.19192416885e-13,0
300.0,-0.02,0.07,-1.43354914462e-13,0
300.0,-0.02,0.075,-1.85852432429e-13,0
300.0,-0.015,0.07,-1.64437679824e-13,0
300.0,-0.015,0.075,-2.1063792082e-13,0
300.0,-0.01,-0.075,-5.8778709799e-14,0
300.0,-0.01,-0.07,-5.35734274721e-14,0
300.0,-0.005,-0.075,-8.14196158301e-14,0
300.0,-0.005,-0.07,-7.52320157674e-14,0
300.0,-0.01,-0.065,-4.69167486178e-14,0
300.0,-0.005,-0.065,-6.73977321529e-14,0
300.0,-0.01,-0.06,-3.59786865503e-14,0
300.0,-0.005,-0.06,-5.2655759238e-14,0
300.0,-0.01,-0.055,-2.2931474401e-14,0
300.0,-0.005,-0.055,-3.37012601841e-14,0
300.0,-0.01,-0.05,-1.10592692128e-14,0
300.0,-0.005,-0.05,-1.90558879632e-14,0
300.0,-0.01,-0.045,6.98042412499e-16,0
300.0,-0.005,-0.045,-4.75005961845e-15,0
300.0,-0.01,-0.04,1.2018159764e-14,0
300.0,-0.005,-0.04,9.076640803e-15,0
300.0,-0.01,-0.035,2.27203504235e-14,0
300.0,-0.005,-0.035,2.20503503918e-14,0
300.0,-0.01,-0.03,3.20026679764e-14,0
300.0,-0.005,-0.03,3.35070495583e-14,0
300.0,-0.01,-0.025,3.79589229771e-14,0
300.0,-0.005,-0.025,4.03086286077e-14,0
300.0,-0.01,-0.02,4.07091839661e-14,0
300.0,-0.01,-0.015,4.13517294088e-14,0
300.0,-0.005,-0.02,4.24403301119e-14,0
300.0,-0.005,-0.015,4.12191751629e-14,0
300.0,-0.0117873230072,-0.0115873794689,4.13770353657e-14,0
300.0,-0.00939961996336,-0.005,3.5893516276e-14,0
300.0,-0.00792797428371,-0.00964253216809,3.77344041592e-14,0
300.0,-0.005,-0.00939961996336,3.49142582304e-14,0
300.0,-0.0108753492546,-0.00150606400588,3.82473624284e-14,0
300.0,-0.00818101620308,-0.00211452602544,3.08896269545e-14,0
300.0,-0.00651817360753,-0.000255934956239,2.33664004222e-14,0
300.0,-0.005,6.71033969428e-08,1.17825959257e-14,0
300.0,-0.0107292118043,0.00160660295843,3.96915852414e-14,0
300.0,-0.0080188992252,0.000768320427092,3.03193003454e-14,0
300.0,-0.00939946851065,0.005,4.09315699822e-14,0
300.0,-0.00802129342231,0.00264911934363,3.26856084511e-14,0
300.0,-0.00887989370213,0.00887989479405,4.89686180442e-14,0
300.0,-0.01,0.015,6.41764034195e-14,0
300.0,-0.005,0.00939947397025,4.56820641167e-14,0
300.0,-0.005,0.015,6.07175706764e-14,0
300.0,-0.01,0.02,7.02973807689e-14,0
300.0,-0.01,0.025,7.02887415803e-14,0
300.0,-0.005,0.02,6.79648771679e-14,0
300.0,-0.005,0.025,6.96128928803e-14,0
300.0,-0.01,0.03,6.48430609512e-14,0
300.0,-0.01,0.035,5.58226978579e-14,0
300.0,-0.005,0.03,6.54470267937e-14,0
300.0,-0.005,0.035,5.69079977777e-14,0
300.0,-0.01,0.04,4.12549052961e-14,0
300.0,-0.01,0.045,1.96733196745e-14,0
300.0,-0.005,0.04,4.15511498217e-14,0
300.0,-0.005,0.045,1.70113954695e-14,0
300.0,-0.01,0.05,-9.61864537069e-15,0
300.0,-0.01,0.055,-4.58762719126e-14,0
300.0,-0.005,0.05,-1.43993110269e-14,0
300.0,-0.005,0.055,-5.09758899907e-14,0
300.0,-0.01,0.06,-8.74911578356e-14,0
300.0,-0.01,0.065,-1.3298505623e-13,0
300.0,-0.005,0.06,-9.299834859e-14,0
300.0,-0.005,0.065,-1.39292242558e-13,0
300.0,-0.01,0.07,-1.81187536788e-13,0
300.0,-0.01,0.075,-2.31395430861e-13,0
300.0,-0.005,0.07,-1.88708919941e-13,0
300.0,-0.005,0.075,-2.40941480677e-13,0
300.0,0,-0.075,-1.16163935699e-13,0
300.0,0,-0.07,-1.04958708444e-13,0
300.0,0.005,-0.075,-1.54538204197e-13,0
300.0,0.005,-0.07,-1.34697374594e-13,0
300.0,0,-0.065,-9.26574863737e-14,0
300.0,0.005,-0.065,-1.1498322343e-13,0
300.0,0,-0.06,-7.38956941062e-14,0
300.0,0.005,-0.06,-9.15336899876e-14,0
300.0,0,-0.055,-5.185246564e-14,0
300.0,0.005,-0.055,-6.81070232227e-14,0
300.0,0,-0.05,-3.21458570512e-14,0
300.0,0.005,-0.05,-4.56068532939e-14,0
300.0,0,-0.045,-1.37858225808e-14,0
300.0,0.005,-0.045,-2.39465413944e-14,0
300.0,0,-0.04,3.68875709563e-15,0
300.0,0.005,-0.04,-3.07721289876e-15,0
300.0,0,-0.035,1.99218513766e-14,0
300.0,0.005,-0.035,1.60365140143e-14,0
300.0,0,-0.03,3.4217080425e-14,0
300.0,0.005,-0.03,3.28429406974e-14,0
300.0,0,-0.025,4.30327709196e-14,0
300.0,0.005,-0.025,4.52204902481e-14,0
300.0,0,-0.02,4.50382428044e-14,0
300.0,0.005,-0.02,4.89328396212e-14,0
300.0,0,-0.015,4.25594011495e-14,0
300.0,0.005,-0.015,4.65212987357e-14,0
300.0,-0.0021196717084,-0.00776771017156,2.87878742765e-14,0
300.0,-0.00084550708518,-0.00631514607954,2.20022849239e-14,0
300.0,6.71033969406e-08,-0.005,1.19183969637e-14,0
300.0,-0.00139054260708,-0.0110960807567,3.6473077295e-14,0
300.0,0.00132468676756,-0.00775008274642,2.87138625145e-14,0
300.0,0.00160394440688,-0.0116908851489,3.87418397523e-14,0
300.0,0.005,-0.00939946851065,3.81035086036e-14,0
300.0,0.005,0.005,2.98835218811e-14,0
300.0,-0.000107646311398,0.00617659695633,2.58685317897e-14,0
300.0,-0.00190846935279,0.0076427502668,3.65646749459e-14,0
300.0,0.00131146485568,0.00777290068297,3.65485296758e-14,0
300.0,0.00295884413402,0.00640276348073,3.05257807377e-14,0
300.0,-1.21517769428e-05,0.0108932602996,4.8911403829e-14,0
300.0,0,0.015,6.00620985766e-14,0
300.0,0.005,0.00939942566771,4.71396382119e-14,0
300.0,0.005,0.015,6.36736553489e-14,0
300.0,0,0.02,6.83543840697e-14,0
300.0,0,0.025,7.05154437042e-14,0
300.0,0.005,0.02,7.24188341261e-14,0
300.0,0.005,0.025,7.40905648639e-14,0
300.0,0,0.03,6.66643372101e-14,0
300.0,0,0.035,5.81092216726e-14,0
300.0,0.005,0.03,6.94663353247e-14,0
300.0,0.005,0.035,6.03850748342e-14,0
300.0,0,0.04,4.22075657111e-14,0
300.0,0,0.045,1.64788713937e-14,0
300.0,0.005,0.04,4.42190429079e-14,0
300.0,0.005,0.045,1.83794090666e-14,0
300.0,0,0.05,-1.55227409606e-14,0
300.0,0,0.055,-5.18681374279e-14,0
300.0,0.005,0.05,-1.32801851312e-14,0
300.0,0.005,0.055,-4.87369478768e-14,0
300.0,0,0.06,-9.26628070381e-14,0
300.0,0,0.065,-1.37324593189e-13,0
300.0,0.005,0.06,-8.77372505933e-14,0
300.0,0.005,0.065,-1.29440101217e-13,0
300.0,0,0.07,-1.86479157831e-13,0
300.0,0,0.075,-2.38845621974e-13,0
300.0,0.005,0.07,-1.77703455461e-13,0
300.0,0.005,0.075,-2.29368255349e-13,0
300.0,0.01,-0.075,-1.80236692475e-13,0
300.0,0.01,-0.07,-1.528967326e-13,0
300.0,0.015,-0.075,-1.8704745223e-13,0
300.0,0.015,-0.07,-1.58782438524e-13,0
300.0,0.01,-0.065,-1.25887591591e-13,0
300.0,0.015,-0.065,-1.31729193667e-13,0
300.0,0.01,-0.06,-1.00648201717e-13,0
300.0,0.015,-0.06,-1.06178457762e-13,0
300.0,0.01,-0.055,-7.68054314545e-14,0
300.0,0.015,-0.055,-8.16054889969e-14,0
300.0,0.01,-0.05,-5.38526604928e-14,0
300.0,0.015,-0.05,-5.82080438462e-14,0
300.0,0.01,-0.045,-3.09751685469e-14,0
300.0,0.015,-0.045,-3.54657233515e-14,0
300.0,0.01,-0.04,-8.23337305046e-15,0
300.0,0.015,-0.04,-1.18137835487e-14,0
300.0,0.01,-0.035,1.28330644562e-14,0
300.0,0.015,-0.035,1.078607012e-14,0
300.0,0.01,-0.03,3.11639432037e-14,0
300.0,0.015,-0.03,3.04696345487e-14,0
300.0,0.01,-0.025,4.66067836435e-14,0
300.0,0.015,-0.025,4.80236111721e-14,0
300.0,0.01,-0.02,5.40142017035e-14,0
300.0,0.01,-0.015,5.31427670132e-14,0
300.0,0.015,-0.02,5.94125348252e-14,0
300.0,0.015,-0.015,6.20935517453e-14,0
300.0,0.00999280436795,-0.0116358337096,5.05048129587e-14,0
300.0,0.0105889214373,-0.00845762197625,4.88407096706e-14,0
300.0,0.015,-0.01,6.12792184704e-14,0
300.0,0.00939947397025,-0.005,4.18294345803e-14,0
300.0,0.015,-0.005,6.04095949397e-14,0
300.0,0.00658051136513,-0.00296146438142,2.86290366945e-14,0
300.0,0.00636794669772,-3.54305826484e-06,2.39717294256e-14,0
300.0,0.00795807888052,-0.00113999998936,3.27726570282e-14,0
300.0,0.00758147027913,0.00183630393596,3.24905772285e-14,0
300.0,0.0112534647756,-1.47536350887e-07,4.728285158e-14,0
300.0,0.015,4.16333634234e-19,6.13989463108e-14,0
300.0,0.00939942566771,0.005,4.69688436934e-14,0
300.0,0.015,0.005,6.74444536561e-14,0
300.0,0.00999018807453,0.0109670628501,6.40764762829e-14,0
300.0,0.01,0.015,7.31211083561e-14,0
300.0,0.015,0.01,7.66492322266e-14,0
300.0,0.015,0.015,8.5379177498e-14,0
300.0,0.01,0.02,8.01194608455e-14,0
300.0,0.01,0.025,8.03649550893e-14,0
300.0,0.015,0.02,9.02841019635e-14,0
300.0,0.015,0.025,8.88722060051e-14,0
300.0,0.01,0.03,7.45700740444e-14,0
300.0,0.01,0.035,6.43701597651e-14,0
300.0,0.015,0.03,8.17743134841e-14,0
300.0,0.015,0.035,6.96894335611e-14,0
300.0,0.01,0.04,4.73159986025e-14,0
300.0,0.01,0.045,2.23635353065e-14,0
300.0,0.015,0.04,5.13610680203e-14,0
300.0,0.015,0.045,2.76910613524e-14,0
300.0,0.01,0.05,-8.11099954644e-15,0
300.0,0.01,0.055,-4.23914766941e-14,0
300.0,0.015,0.05,-1.19933854544e-15,0
300.0,0.015,0.055,-3.40769487971e-14,0
300.0,0.01,0.06,-8.03663231177e-14,0
300.0,0.01,0.065,-1.2101382759e-13,0
300.0,0.015,0.06,-7.14417815756e-14,0
300.0,0.015,0.065,-1.11578388446e-13,0
300.0,0.01,0.07,-1.66469081768e-13,0
300.0,0.01,0.075,-2.14108587461e-13,0
300.0,0.015,0.07,-1.53391000596e-13,0
300.0,0.015,0.075,-1.9564626021e-13,0
300.0,0.02,-0.075,-1.79920746083e-13,0
300.0,0.02,-0.07,-1.5347588078e-13,0
300.0,0.025,-0.075,-1.64964076555e-13,0
300.0,0.025,-0.07,-1.40475651046e-13,0
300.0,0.02,-0.065,-1.29006481531e-13,0
300.0,0.025,-0.065,-1.17513950231e-13,0
300.0,0.02,-0.06,-1.05135236765e-13,0
300.0,0.025,-0.06,-9.59389912404e-14,0
300.0,0.02,-0.055,-8.09595153039e-14,0
300.0,0.025,-0.055,-7.48855065789e-14,0
300.0,0.02,-0.05,-5.79816063709e-14,0
300.0,0.025,-0.05,-5.42002529268e-14,0
300.0,0.02,-0.045,-3.64274623216e-14,0
300.0,0.025,-0.045,-3.45456105534e-14,0
300.0,0.02,-0.04,-1.33970812628e-14,0
300.0,0.025,-0.04,-1.3119274305e-14,0
300.0,0.02,-0.035,9.95320229535e-15,0
300.0,0.025,-0.035,9.78185165425e-15,0
300.0,0.02,-0.03,3.0587446493e-14,0
300.0,0.025,-0.03,3.09900603014e-14,0
300.0,0.02,-0.025,4.98755536352e-14,0
300.0,0.025,-0.025,5.13695681091e-14,0
300.0,0.02,-0.02,6.50514408307e-14,0
300.0,0.025,-0.02,6.93854586962e-14,0
300.0,0.02,-0.015,7.17922434054e-14,0
300.0,0.025,-0.015,8.06411961433e-14,0
300.0,0.02,-0.01,7.38768540387e-14,0
300.0,0.025,-0.01,8.55625655631e-14,0
300.0,0.02,-0.005,7.59309597527e-14,0
300.0,0.025,-0.005,8.972647196e-14,0
300.0,0.02,0,7.92508306121e-14,0
300.0,0.025,4.16333634234e-19,9.5246702856e-14,0
300.0,0.02,0.005,8.51785438054e-14,0
300.0,0.025,0.005,1.01750682185e-13,0
300.0,0.02,0.01,9.2528963014e-14,0
300.0,0.025,0.01,1.08247854099e-13,0
300.0,0.02,0.015,9.90653576513e-14,0
300.0,0.025,0.015,1.13385550368e-13,0
300.0,0.02,0.02,1.01966550541e-13,0
300.0,0.02,0.025,9.8881081881e-14,0
300.0,0.025,0.02,1.14314064541e-13,0
300.0,0.025,0.025,1.08398355689e-13,0
300.0,0.02,0.03,8.99968197234e-14,0
300.0,0.02,0.035,7.56733090257e-14,0
300.0,0.025,0.03,9.69693788891e-14,0
300.0,0.025,0.035,8.15866719647e-14,0
300.0,0.02,0.04,5.65903822578e-14,0
300.0,0.02,0.045,3.40388233302e-14,0
300.0,0.025,0.04,6.27945837195e-14,0
300.0,0.025,0.045,4.15399556261e-14,0
300.0,0.02,0.05,6.89010535399e-15,0
300.0,0.02,0.055,-2.4226333709e-14,0
300.0,0.025,0.05,1.59177797389e-14,0
300.0,0.025,0.055,-1.43958427385e-14,0
300.0,0.02,0.06,-6.03564391489e-14,0
300.0,0.02,0.065,-9.89379115211e-14,0
300.0,0.025,0.06,-4.83172504036e-14,0
300.0,0.025,0.065,-8.42212020734e-14,0
300.0,0.02,0.07,-1.37952909235e-13,0
300.0,0.02,0.075,-1.77429573328e-13,0
300.0,0.025,0.07,-1.21286400533e-13,0
300.0,0.025,0.075,-1.58495257164e-13,0
300.0,0.03,-0.075,-1.45088237955e-13,0
300.0,0.03,-0.07,-1.21907798536e-13,0
300.0,0.035,-0.075,-1.22244334563e-13,0
300.0,0.035,-0.07,-1.00050565807e-13,0
300.0,0.03,-0.065,-1.00403143108e-13,0
300.0,0.035,-0.065,-7.98191015742e-14,0
300.0,0.03,-0.06,-8.0848902896e-14,0
300.0,0.035,-0.06,-6.24628721785e-14,0
300.0,0.03,-0.055,-6.28402848687e-14,0
300.0,0.035,-0.055,-4.68124941826e-14,0
300.0,0.03,-0.05,-4.58893040688e-14,0
300.0,0.035,-0.05,-3.28620591936e-14,0
300.0,0.03,-0.045,-2.96055910704e-14,0
300.0,0.035,-0.045,-1.9661404477e-14,0
300.0,0.03,-0.04,-1.09710371238e-14,0
300.0,0.035,-0.04,-5.09761557052e-15,0
300.0,0.03,-0.035,1.01068448467e-14,0
300.0,0.035,-0.035,1.13984123656e-14,0
300.0,0.03,-0.03,3.10791534383e-14,0
300.0,0.035,-0.03,3.05188171654e-14,0
300.0,0.03,-0.025,5.15460849679e-14,0
300.0,0.035,-0.025,4.94699475363e-14,0
300.0,0.03,-0.02,6.99294516808e-14,0
300.0,0.035,-0.02,6.56453735857e-14,0
300.0,0.03,-0.015,8.41144419204e-14,0
300.0,0.035,-0.015,7.97987079813e-14,0
300.0,0.03,-0.01,9.31327304487e-14,0
300.0,0.035,-0.01,9.09657441318e-14,0
300.0,0.03,-0.005,9.9547635331e-14,0
300.0,0.035,-0.005,9.8714476145e-14,0
300.0,0.03,0,1.0629445263e-13,0
300.0,0.035,4.16333634234e-19,1.06118857124e-13,0
300.0,0.03,0.005,1.13489049186e-13,0
300.0,0.035,0.005,1.1351067693e-13,0
300.0,0.03,0.01,1.19998384789e-13,0
300.0,0.035,0.01,1.19574007058e-13,0
300.0,0.03,0.015,1.24171123072e-13,0
300.0,0.035,0.015,1.21860778303e-13,0
300.0,0.03,0.02,1.22712143633e-13,0
300.0,0.035,0.02,1.19778436262e-13,0
300.0,0.03,0.025,1.13889067315e-13,0
300.0,0.035,0.025,1.13010374049e-13,0
300.0,0.03,0.03,1.01520080586e-13,0
300.0,0.03,0.035,8.67522530486e-14,0
300.0,0.035,0.03,1.02854326014e-13,0
300.0,0.035,0.035,9.07575057953e-14,0
300.0,0.03,0.04,6.9241044177e-14,0
300.0,0.03,0.045,4.96099158475e-14,0
300.0,0.035,0.04,7.55384984586e-14,0
300.0,0.035,0.045,5.78946482344e-14,0
300.0,0.03,0.05,2.5825826587e-14,0
300.0,0.03,0.055,-3.11071729835e-15,0
300.0,0.035,0.05,3.62273126562e-14,0
300.0,0.035,0.055,8.99178389927e-15,0
300.0,0.03,0.06,-3.52513145558e-14,0
300.0,0.03,0.065,-6.91689900429e-14,0
300.0,0.035,0.06,-2.14711679447e-14,0
300.0,0.035,0.065,-5.35203756467e-14,0
300.0,0.03,0.07,-1.04287225814e-13,0
300.0,0.03,0.075,-1.39920040501e-13,0
300.0,0.035,0.07,-8.68806416798e-14,0
300.0,0.035,0.075,-1.21066399476e-13,0
300.0,0.04,-0.075,-9.07983328569e-14,0
300.0,0.04,-0.07,-7.25986950107e-14,0
300.0,0.045,-0.075,-5.39632651401e-14,0
300.0,0.045,-0.07,-4.15225836172e-14,0
300.0,0.04,-0.065,-5.58171024008e-14,0
300.0,0.045,-0.065,-2.94685228796e-14,0
300.0,0.04,-0.06,-4.15630728493e-14,0
300.0,0.045,-0.06,-1.8776736083e-14,0
300.0,0.04,-0.055,-2.86448427721e-14,0
300.0,0.045,-0.055,-8.95430611498e-15,0
300.0,0.04,-0.05,-1.70030064403e-14,0
300.0,0.045,-0.05,1.90061220312e-17,0
300.0,0.04,-0.045,-6.20005517751e-15,0
300.0,0.045,-0.045,8.13602762249e-15,0
300.0,0.04,-0.04,4.44150293068e-15,0
300.0,0.045,-0.04,1.48895365352e-14,0
300.0,0.04,-0.035,1.53508055946e-14,0
300.0,0.045,-0.035,2.07065626405e-14,0
300.0,0.04,-0.03,2.91123466009e-14,0
300.0,0.045,-0.03,2.75300248745e-14,0
300.0,0.04,-0.025,4.34410206917e-14,0
300.0,0.045,-0.025,3.43580565196e-14,0
300.0,0.04,-0.02,5.62226631561e-14,0
300.0,0.045,-0.02,4.25045746023e-14,0
300.0,0.04,-0.015,6.85909656153e-14,0
300.0,0.045,-0.015,4.93389681809e-14,0
300.0,0.04,-0.01,7.79477975274e-14,0
300.0,0.045,-0.01,5.2669359557e-14,0
300.0,0.04,-0.005,8.43902827633e-14,0
300.0,0.045,-0.005,5.59429735921e-14,0
300.0,0.04,0,9.14853568306e-14,0
300.0,0.045,4.16333634234e-19,6.30855601889e-14,0
300.0,0.04,0.005,9.92371899951e-14,0
300.0,0.045,0.005,7.18101679218e-14,0
300.0,0.04,0.01,1.05074519817e-13,0
300.0,0.045,0.01,7.91518857515e-14,0
300.0,0.04,0.015,1.06763206275e-13,0
300.0,0.045,0.015,8.31478254761e-14,0
300.0,0.04,0.02,1.06634532761e-13,0
300.0,0.045,0.02,8.70863401719e-14,0
300.0,0.04,0.025,1.04915674143e-13,0
300.0,0.045,0.025,9.16330260394e-14,0
300.0,0.04,0.03,9.94614787479e-14,0
300.0,0.045,0.03,9.2378473579e-14,0
300.0,0.04,0.035,9.10668630497e-14,0
300.0,0.045,0.035,8.74283269297e-14,0
300.0,0.04,0.04,7.9683125154e-14,0
300.0,0.04,0.045,6.54862610047e-14,0
300.0,0.045,0.04,7.97196070704e-14,0
300.0,0.045,0.045,7.01242947738e-14,0
300.0,0.04,0.05,4.63907638471e-14,0
300.0,0.04,0.055,2.11606192566e-14,0
300.0,0.045,0.05,5.51350050981e-14,0
300.0,0.045,0.055,3.29074689085e-14,0
300.0,0.04,0.06,-7.20410338709e-15,0
300.0,0.04,0.065,-3.70656329817e-14,0
300.0,0.045,0.06,7.19120653366e-15,0
300.0,0.045,0.065,-1.98680821486e-14,0
300.0,0.04,0.07,-6.85976216127e-14,0
300.0,0.04,0.075,-1.01255657913e-13,0
300.0,0.045,0.07,-4.9442202089e-14,0
300.0,0.045,0.075,-8.07361554493e-14,0
300.0,0.05,-0.075,-1.92791630276e-14,0
300.0,0.05,-0.07,-1.04799710398e-14,0
300.0,0.055,-0.075,1.45930447815e-14,0
300.0,0.055,-0.07,2.04526265121e-14,0
300.0,0.05,-0.065,-2.16095897388e-15,0
300.0,0.055,-0.065,2.57955508702e-14,0
300.0,0.05,-0.06,5.2917803838e-15,0
300.0,0.055,-0.06,3.03175364018e-14,0
300.0,0.05,-0.055,1.2044552758e-14,0
300.0,0.055,-0.055,3.41096085252e-14,0
300.0,0.05,-0.05,1.79801111142e-14,0
300.0,0.055,-0.05,3.69370740192e-14,0
300.0,0.05,-0.045,2.26765835718e-14,0
300.0,0.055,-0.045,3.80110887769e-14,0
300.0,0.05,-0.04,2.55789581031e-14,0
300.0,0.055,-0.04,3.64697898946e-14,0
300.0,0.05,-0.035,2.69370466164e-14,0
300.0,0.055,-0.035,3.24670089265e-14,0
300.0,0.05,-0.03,2.64461323092e-14,0
300.0,0.055,-0.03,2.33279144106e-14,0
300.0,0.05,-0.025,2.45148498922e-14,0
300.0,0.055,-0.025,1.10539584334e-14,0
300.0,0.05,-0.02,2.23976707639e-14,0
300.0,0.055,-0.02,-2.56603370769e-15,0
300.0,0.05,-0.015,1.97685865269e-14,0
300.0,0.055,-0.015,-1.36793993048e-14,0
300.0,0.05,-0.01,1.8606580924e-14,0
300.0,0.055,-0.01,-1.86980083708e-14,0
300.0,0.05,-0.005,1.93414838971e-14,0
300.0,0.055,-0.005,-2.19423806633e-14,0
300.0,0.05,0,2.46628760259e-14,0
300.0,0.055,4.16333634234e-19,-2.33569828085e-14,0
300.0,0.05,0.005,3.33945723766e-14,0
300.0,0.055,0.005,-1.80255640637e-14,0
300.0,0.05,0.01,4.36123566061e-14,0
300.0,0.055,0.01,-3.83206552502e-15,0
300.0,0.05,0.015,5.22327060247e-14,0
300.0,0.055,0.015,1.46201143355e-14,0
300.0,0.05,0.02,6.02023017032e-14,0
300.0,0.055,0.02,2.77842444832e-14,0
300.0,0.05,0.025,6.99023468797e-14,0
300.0,0.055,0.025,4.12824873462e-14,0
300.0,0.05,0.03,7.9518423112e-14,0
300.0,0.055,0.03,5.90996815993e-14,0
300.0,0.05,0.035,8.10486733629e-14,0
300.0,0.055,0.035,7.13726115843e-14,0
300.0,0.05,0.04,7.660955932e-14,0
300.0,0.055,0.04,7.1304236092e-14,0
300.0,0.05,0.045,7.11486903225e-14,0
300.0,0.055,0.045,6.91907770151e-14,0
300.0,0.05,0.05,6.18435965444e-14,0
300.0,0.05,0.055,4.43665074589e-14,0
300.0,0.055,0.05,6.60550186897e-14,0
300.0,0.055,0.055,5.5531822745e-14,0
300.0,0.05,0.06,2.15366233632e-14,0
300.0,0.05,0.065,-2.64995637021e-15,0
300.0,0.055,0.06,3.59643028817e-14,0
300.0,0.055,0.065,1.43251072057e-14,0
300.0,0.05,0.07,-2.8658162468e-14,0
300.0,0.05,0.075,-5.57070398487e-14,0
300.0,0.055,0.07,-6.62969696327e-15,0
300.0,0.055,0.075,-2.75135468334e-14,0
300.0,0.06,-0.075,4.77386252459e-14,0
300.0,0.06,-0.07,5.11209621615e-14,0
300.0,0.065,-0.075,8.02793041231e-14,0
300.0,0.065,-0.07,8.16585842545e-14,0
300.0,0.06,-0.065,5.40118101324e-14,0
300.0,0.065,-0.065,8.24831333513e-14,0
300.0,0.06,-0.06,5.62913756631e-14,0
300.0,0.065,-0.06,8.3048838768e-14,0
300.0,0.06,-0.055,5.77342045522e-14,0
300.0,0.065,-0.055,8.26322635553e-14,0
300.0,0.06,-0.05,5.72789745332e-14,0
300.0,0.065,-0.05,7.88138349248e-14,0
300.0,0.06,-0.045,5.39623808851e-14,0
300.0,0.065,-0.045,7.05422708159e-14,0
300.0,0.06,-0.04,4.67441038908e-14,0
300.0,0.065,-0.04,5.59896157824e-14,0
300.0,0.06,-0.035,3.4884068653e-14,0
300.0,0.065,-0.035,3.34928896431e-14,0
300.0,0.06,-0.03,1.52257470249e-14,0
300.0,0.065,-0.03,1.42540324213e-15,0
300.0,0.06,-0.025,-9.04902511956e-15,0
300.0,0.065,-0.025,-3.43805761666e-14,0
300.0,0.06,-0.02,-3.25161646531e-14,0
300.0,0.065,-0.02,-6.98617941294e-14,0
300.0,0.06,-0.015,-5.12156280877e-14,0
300.0,0.065,-0.015,-9.90853010647e-14,0
300.0,0.06,-0.01,-6.46728365936e-14,0
300.0,0.065,-0.01,-1.20969174177e-13,0
300.0,0.06,-0.005,-7.53914074808e-14,0
300.0,0.065,-0.005,-1.37696671297e-13,0
300.0,0.06,0,-8.27420776872e-14,0
300.0,0.065,4.16333634234e-19,-1.48966062127e-13,0
300.0,0.06,0.005,-8.25328722623e-14,0
300.0,0.065,0.005,-1.5439990341e-13,0
300.0,0.06,0.01,-6.94538378244e-14,0
300.0,0.065,0.01,-1.45349399144e-13,0
300.0,0.06,0.015,-4.65564378474e-14,0
300.0,0.065,0.015,-1.22158039063e-13,0
300.0,0.06,0.02,-2.37057385472e-14,0
300.0,0.065,0.02,-9.27777156839e-14,0
300.0,0.06,0.025,-1.21948708047e-15,0
300.0,0.065,0.025,-6.18993646671e-14,0
300.0,0.06,0.03,2.33269561515e-14,0
300.0,0.065,0.03,-3.00033716499e-14,0
300.0,0.06,0.035,4.4949317297e-14,0
300.0,0.065,0.035,1.12507852041e-15,0
300.0,0.06,0.04,5.46667844317e-14,0
300.0,0.065,0.04,2.28537826225e-14,0
300.0,0.06,0.045,5.81067345764e-14,0
300.0,0.065,0.045,3.44064101215e-14,0
300.0,0.06,0.05,6.13117187669e-14,0
300.0,0.065,0.05,4.41467695648e-14,0
300.0,0.06,0.055,5.99977760525e-14,0
300.0,0.065,0.055,5.24888818655e-14,0
300.0,0.06,0.06,4.79365770163e-14,0
300.0,0.06,0.065,3.12368222051e-14,0
300.0,0.065,0.06,5.06737983291e-14,0
300.0,0.065,0.065,4.20878142406e-14,0
300.0,0.06,0.07,1.50362753913e-14,0
300.0,0.06,0.075,-1.98203945508e-17,0
300.0,0.065,0.07,3.21346424653e-14,0
300.0,0.065,0.075,2.30203848522e-14,0
300.0,0.07,-0.075,1.12555459931e-13,0
300.0,0.07,-0.07,1.12235330662e-13,0
300.0,0.075,-0.075,1.43969168304e-13,0
300.0,0.075,-0.07,1.42565356351e-13,0
300.0,0.07,-0.065,1.11498443289e-13,0
300.0,0.075,-0.065,1.40491262341e-13,0
300.0,0.07,-0.06,1.10626128057e-13,0
300.0,0.075,-0.06,1.38775178087e-13,0
300.0,0.07,-0.055,1.08981263621e-13,0
300.0,0.075,-0.055,1.36520071429e-13,0
300.0,0.07,-0.05,1.01887910878e-13,0
300.0,0.075,-0.05,1.25899145558e-13,0
300.0,0.07,-0.045,8.60065536703e-14,0
300.0,0.075,-0.045,1.0135296418e-13,0
300.0,0.07,-0.04,6.02312351214e-14,0
300.0,0.075,-0.04,6.15866767904e-14,0
300.0,0.07,-0.035,2.49010907224e-14,0
300.0,0.075,-0.035,1.305544825e-14,0
300.0,0.07,-0.03,-1.53539411288e-14,0
300.0,0.075,-0.03,-3.18758061499e-14,0
300.0,0.07,-0.025,-5.86120730235e-14,0
300.0,0.075,-0.025,-8.05845021026e-14,0
300.0,0.07,-0.02,-1.11708413072e-13,0
300.0,0.075,-0.02,-1.54590831077e-13,0
300.0,0.07,-0.015,-1.57015584745e-13,0
300.0,0.075,-0.015,-2.1846315021e-13,0
300.0,0.07,-0.01,-1.83145345597e-13,0
300.0,0.075,-0.01,-2.47934125179e-13,0
300.0,0.07,-0.005,-2.03345997922e-13,0
300.0,0.075,-0.005,-2.71089117879e-13,0
300.0,0.07,0,-2.17491979012e-13,0
300.0,0.075,0,-2.87788364956e-13,0
300.0,0.07,0.005,-2.26246199196e-13,0
300.0,0.075,0.005,-2.98868195357e-13,0
300.0,0.07,0.01,-2.2074725235e-13,0
300.0,0.075,0.01,-2.96459138043e-13,0
300.0,0.07,0.015,-1.96595882218e-13,0
300.0,0.075,0.015,-2.70822803401e-13,0
300.0,0.07,0.02,-1.63749124203e-13,0
300.0,0.075,0.02,-2.35031216919e-13,0
300.0,0.07,0.025,-1.28307436391e-13,0
300.0,0.075,0.025,-1.9551945895e-13,0
300.0,0.07,0.03,-9.07056614332e-14,0
300.0,0.075,0.03,-1.52518849907e-13,0
300.0,0.07,0.035,-5.18545542345e-14,0
300.0,0.075,0.035,-1.06959115834e-13,0
300.0,0.07,0.04,-1.47606956165e-14,0
300.0,0.075,0.04,-5.25780003277e-14,0
300.0,0.07,0.045,9.67818059876e-15,0
300.0,0.075,0.045,-1.39602333035e-14,0
300.0,0.07,0.05,2.26177153886e-14,0
300.0,0.075,0.05,1.26941930501e-15,0
300.0,0.07,0.055,3.43927525916e-14,0
300.0,0.075,0.055,1.51328042e-14,0
300.0,0.07,0.06,4.29782276779e-14,0
300.0,0.075,0.06,3.25630045376e-14,0
300.0,0.07,0.065,4.53016369575e-14,0
300.0,0.075,0.065,4.53429488747e-14,0
300.0,0.07,0.07,4.31595945549e-14,0
300.0,0.07,0.075,3.94562318533e-14,0
300.0,0.075,0.07,5.0589279925e-14,0
300.0,0.075,0.075,5.07631810142e-14,0
340.0,-0.00382671281566,-0.00202612167119,0,0
340.0,-0.005,-0.005,3.15463596436e-14,0
340.0,-0.00197892066871,-0.00385133392306,0,0
340.0,-0.005,-0.00190753787223,1.68055491134e-14,0
340.0,-0.00433,0,0,0
340.0,-0.00190753787223,-0.005,1.63161047446e-14,0
340.0,0,-0.00433,0,0
340.0,-0.005,0.00190775150599,1.64747379372e-14,0
340.0,-0.00385133392306,0.00197892066871,0,0
340.0,0.00190775150599,-0.005,1.56691214009e-14,0
340.0,0.00202612167119,-0.00382671281566,0,0
340.0,-0.00202612167119,0.00382671281566,0,0
340.0,-0.005,0.005,2.87985152378e-14,0
340.0,-0.0019094272225,0.005,1.56866154646e-14,0
340.0,0,0.00433,0,0
340.0,0.00147766755988,0.00407006125046,0,0
340.0,8.32667268469e-19,0.005,1.12910799489e-14,0
340.0,0.00433,0,0,0
340.0,0.005,1.38777878078e-18,1.23419213825e-14,0
340.0,0.00407006125046,0.00147766755988,0,0
340.0,0.005,-0.005,2.79545450632e-14,0
340.0,0.00385133392306,-0.00197892066871,0,0
340.0,0.005,-0.0019094272225,1.62613699635e-14,0
340.0,0.00306177236254,0.00306177236254,0,0
340.0,0.0019094272225,0.005,1.64339255928e-14,0
340.0,0.005,0.0019094272225,1.78379227341e-14,0
340.0,-0.000885,-0.0015328649647,1.27152948087e-12,0
340.0,-0.0015328649647,-0.000885,1.27165186546e-12,0
340.0,-0.00186450691264,-0.00187567167242,8.43031564992e-13,0
340.0,-0.00177,0,1.27134358954e-12,0
340.0,-0.00268433516245,-0.000738983120158,7.59112469595e-13,0
340.0,0,-0.00177,1.271491107e-12,0
340.0,-0.000718432264205,-0.00269192408424,7.57406286886e-13,0
340.0,-0.0015328649647,0.000885,1.26983909086e-12,0
340.0,-0.00265321485144,0.000647311733689,7.89895659658e-13,0
340.0,-0.000885,0.0015328649647,1.26821153969e-12,0
340.0,-0.00194719253591,0.00178443766524,8.43957861795e-13,0
340.0,0,0.00177,1.26410530628e-12,0
340.0,-0.000802720381054,0.00273415977115,7.17505641804e-13,0
340.0,0.000885,-0.0015328649647,1.27017992082e-12,0
340.0,0.00075154031863,-0.00270385456952,7.45296201931e-13,0
340.0,0.00177,0,1.26244505199e-12,0
340.0,0.0015328649647,-0.000885,1.26802745669e-12,0
340.0,0.00271471102228,-0.000564731152102,7.60920072518e-13,0
340.0,0.00192394637685,-0.00189207206672,8.10102137761e-13,0
340.0,0.00231817117671,0.00040530921667,9.87918091471e-13,0
340.0,0.0015328649647,0.000885,1.26071136877e-12,0
340.0,0.000885,0.0015328649647,1.26141643581e-12,0
340.0,0.000427053001345,0.00287092483521,6.82194832781e-13,0
340.0,0.00187618296239,0.00184774001435,8.33346670058e-13,0
340.0,0.00312733402203,0.000607809752493,5.1920312457e-13,0
340.0,0.00276214303706,0.00136595635004,5.76863892908e-13,0
340.0,0.0014100336009,0.00268674970267,6.04776409476e-13,0
340.0,-0.075,-0.075,-7.15764902852e-13,0
340.0,-0.07,-0.075,-5.7204045209e-13,0
340.0,-0.075,-0.07,-6.59806132103e-13,0
340.0,-0.07,-0.07,-5.20452722234e-13,0
340.0,-0.075,-0.065,-5.97191263532e-13,0
340.0,-0.07,-0.065,-4.63809331139e-13,0
340.0,-0.065,-0.075,-4.28464732992e-13,0
340.0,-0.065,-0.07,-3.8431855594e-13,0
340.0,-0.065,-0.065,-3.35682802528e-13,0
340.0,-0.075,-0.06,-5.14055976386e-13,0
340.0,-0.07,-0.06,-3.96914008405e-13,0
340.0,-0.065,-0.06,-2.82626956472e-13,0
340.0,-0.075,-0.055,-4.3211962265e-13,0
340.0,-0.07,-0.055,-3.3305745126e-13,0
340.0,-0.065,-0.055,-2.33744977196e-13,0
340.0,-0.075,-0.05,-3.74545694666e-13,0
340.0,-0.07,-0.05,-2.84085359992e-13,0
340.0,-0.065,-0.05,-1.9454958996e-13,0
340.0,-0.075,-0.045,-3.24602001953e-13,0
340.0,-0.07,-0.045,-2.40356618456e-13,0
340.0,-0.065,-0.045,-1.57065717066e-13,0
340.0,-0.075,-0.04,-2.80299831522e-13,0
340.0,-0.07,-0.04,-1.99496243975e-13,0
340.0,-0.075,-0.035,-2.40285856557e-13,0
340.0,-0.07,-0.035,-1.61336840958e-13,0
340.0,-0.065,-0.04,-1.19988416517e-13,0
340.0,-0.065,-0.035,-8.49653431145e-14,0
340.0,-0.075,-0.03,-2.08881314551e-13,0
340.0,-0.07,-0.03,-1.29763265533e-13,0
340.0,-0.075,-0.025,-1.97252281422e-13,0
340.0,-0.07,-0.025,-1.13498227642e-13,0
340.0,-0.065,-0.03,-5.45681136629e-14,0
340.0,-0.065,-0.025,-3.52964024462e-14,0
340.0,-0.075,-0.02,-2.13906129226e-13,0
340.0,-0.07,-0.02,-1.18147197791e-13,0
340.0,-0.075,-0.015,-2.66122764396e-13,0
340.0,-0.07,-0.015,-1.49718697575e-13,0
340.0,-0.065,-0.02,-2.93081332104e-14,0
340.0,-0.065,-0.015,-3.85676740091e-14,0
340.0,-0.075,-0.01,-3.51565172211e-13,0
340.0,-0.07,-0.01,-2.12822279798e-13,0
340.0,-0.075,-0.005,-4.52003363895e-13,0
340.0,-0.07,-0.005,-2.92844368991e-13,0
340.0,-0.065,-0.01,-7.86461004271e-14,0
340.0,-0.065,-0.005,-1.39568992699e-13,0
340.0,-0.075,0,-5.3917978098e-13,0
340.0,-0.07,0,-3.6794572546e-13,0
340.0,-0.075,0.005,-6.00368538593e-13,0
340.0,-0.07,0.005,-4.23686286579e-13,0
340.0,-0.065,4.16333634234e-19,-2.03075426902e-13,0
340.0,-0.065,0.005,-2.53672969278e-13,0
340.0,-0.075,0.01,-6.21879153609e-13,0
340.0,-0.07,0.01,-4.48535658901e-13,0
340.0,-0.075,0.015,-5.97945595013e-13,0
340.0,-0.07,0.015,-4.34667920309e-13,0
340.0,-0.065,0.01,-2.80454132414e-13,0
340.0,-0.065,0.015,-2.744530443e-13,0
340.0,-0.075,0.02,-5.52787320713e-13,0
340.0,-0.07,0.02,-3.95034090073e-13,0
340.0,-0.075,0.025,-4.96972339517e-13,0
340.0,-0.07,0.025,-3.45716549178e-13,0
340.0,-0.065,0.02,-2.41020276736e-13,0
340.0,-0.065,0.025,-1.98578470629e-13,0
340.0,-0.075,0.03,-4.27276359006e-13,0
340.0,-0.07,0.03,-2.86901229026e-13,0
340.0,-0.075,0.035,-3.50452345102e-13,0
340.0,-0.07,0.035,-2.23502005214e-13,0
340.0,-0.065,0.03,-1.52903648386e-13,0
340.0,-0.065,0.035,-1.10009525291e-13,0
340.0,-0.075,0.04,-2.61771832161e-13,0
340.0,-0.07,0.04,-1.67809389337e-13,0
340.0,-0.075,0.045,-1.9606103294e-13,0
340.0,-0.07,0.045,-1.30589245564e-13,0
340.0,-0.065,0.04,-8.47622340206e-14,0
340.0,-0.065,0.045,-6.7754227018e-14,0
340.0,-0.075,0.05,-1.64365730938e-13,0
340.0,-0.07,0.05,-1.08730039367e-13,0
340.0,-0.075,0.055,-1.41401760196e-13,0
340.0,-0.07,0.055,-9.13550651724e-14,0
340.0,-0.065,0.05,-5.52447281143e-14,0
340.0,-0.065,0.055,-4.28847722174e-14,0
340.0,-0.075,0.06,-1.23336219781e-13,0
340.0,-0.07,0.06,-7.59441417171e-14,0
340.0,-0.075,0.065,-1.06822431859e-13,0
340.0,-0.07,0.065,-6.08310251065e-14,0
340.0,-0.065,0.06,-3.02735881595e-14,0
340.0,-0.065,0.065,-1.70836745721e-14,0
340.0,-0.075,0.07,-9.03767330932e-14,0
340.0,-0.07,0.07,-4.54715118831e-14,0
340.0,-0.075,0.075,-7.41498454717e-14,0
340.0,-0.07,0.075,-2.99684060111e-14,0
340.0,-0.065,0.07,-3.01822160561e-15,0
340.0,-0.065,0.075,1.12758443169e-14,0
340.0,-0.06,-0.075,-2.90398718039e-13,0
340.0,-0.06,-0.07,-2.53320808978e-13,0
340.0,-0.06,-0.065,-2.14797125659e-13,0
340.0,-0.055,-0.075,-1.53248584304e-13,0
340.0,-0.055,-0.07,-1.24785860532e-13,0
340.0,-0.055,-0.065,-9.72329262781e-14,0
340.0,-0.06,-0.06,-1.76132471829e-13,0
340.0,-0.06,-0.055,-1.40987273299e-13,0
340.0,-0.055,-0.06,-7.27853844174e-14,0
340.0,-0.055,-0.055,-5.09256250227e-14,0
340.0,-0.06,-0.05,-1.09014885986e-13,0
340.0,-0.055,-0.05,-2.74907491316e-14,0
340.0,-0.06,-0.045,-7.65545196558e-14,0
340.0,-0.055,-0.045,-2.61405128443e-15,0
340.0,-0.06,-0.04,-4.46986444045e-14,0
340.0,-0.055,-0.04,2.1030949336e-14,0
340.0,-0.06,-0.035,-1.48290754366e-14,0
340.0,-0.055,-0.035,4.45394458111e-14,0
340.0,-0.06,-0.03,1.13096499091e-14,0
340.0,-0.06,-0.025,3.05426663968e-14,0
340.0,-0.055,-0.03,6.64708851502e-14,0
340.0,-0.055,-0.025,8.35863173375e-14,0
340.0,-0.06,-0.02,4.22454027695e-14,0
340.0,-0.06,-0.015,4.68347882884e-14,0
340.0,-0.055,-0.02,9.68902907984e-14,0
340.0,-0.055,-0.015,1.08032433853e-13,0
340.0,-0.06,-0.01,3.2069419777e-14,0
340.0,-0.06,-0.005,-4.15735109217e-15,0
340.0,-0.055,-0.01,1.08648557255e-13,0
340.0,-0.055,-0.005,9.6691427379e-14,0
340.0,-0.06,0,-5.12588590665e-14,0
340.0,-0.06,0.005,-9.2681516188e-14,0
340.0,-0.055,4.16333634234e-19,7.10011418782e-14,0
340.0,-0.055,0.005,4.37559992288e-14,0
340.0,-0.06,0.01,-1.16372278043e-13,0
340.0,-0.06,0.015,-1.16301311925e-13,0
340.0,-0.055,0.01,2.57261181289e-14,0
340.0,-0.055,0.015,2.09092616753e-14,0
340.0,-0.06,0.02,-9.40765887651e-14,0
340.0,-0.06,0.025,-6.43322827082e-14,0
340.0,-0.055,0.02,2.80365079759e-14,0
340.0,-0.055,0.025,3.78522864167e-14,0
340.0,-0.06,0.03,-4.10434027397e-14,0
340.0,-0.06,0.035,-2.72674942183e-14,0
340.0,-0.055,0.03,3.78698205779e-14,0
340.0,-0.055,0.035,3.58080030837e-14,0
340.0,-0.06,0.04,-2.02699212628e-14,0
340.0,-0.06,0.045,-1.38075765316e-14,0
340.0,-0.055,0.04,3.43167279247e-14,0
340.0,-0.055,0.045,3.54079166128e-14,0
340.0,-0.06,0.05,-6.15775799192e-15,0
340.0,-0.06,0.055,2.80736955088e-15,0
340.0,-0.055,0.05,4.0082524093e-14,0
340.0,-0.055,0.055,4.62317356571e-14,0
340.0,-0.06,0.06,1.28125455673e-14,0
340.0,-0.06,0.065,2.39080929864e-14,0
340.0,-0.055,0.06,5.34881371381e-14,0
340.0,-0.055,0.065,6.22843097022e-14,0
340.0,-0.06,0.07,3.614386542e-14,0
340.0,-0.06,0.075,4.94968560901e-14,0
340.0,-0.055,0.07,7.24633194265e-14,0
340.0,-0.055,0.075,8.48715787266e-14,0
340.0,-0.05,-0.075,-1.76878968206e-14,0
340.0,-0.05,-0.07,-6.79568368969e-15,0
340.0,-0.045,-0.075,6.69784547183e-14,0
340.0,-0.045,-0.07,6.85386850697e-14,0
340.0,-0.05,-0.065,7.62596206763e-15,0
340.0,-0.045,-0.065,7.38588203287e-14,0
340.0,-0.05,-0.06,1.94273802513e-14,0
340.0,-0.05,-0.055,2.9295524168e-14,0
340.0,-0.045,-0.06,7.97661393783e-14,0
340.0,-0.045,-0.055,8.52671279206e-14,0
340.0,-0.05,-0.05,4.24577533961e-14,0
340.0,-0.05,-0.045,5.76361507823e-14,0
340.0,-0.045,-0.05,9.33543425269e-14,0
340.0,-0.045,-0.045,1.04195061975e-13,0
340.0,-0.05,-0.04,7.43114480665e-14,0
340.0,-0.045,-0.04,1.17294496426e-13,0
340.0,-0.05,-0.035,9.29661829397e-14,0
340.0,-0.045,-0.035,1.32085048358e-13,0
340.0,-0.05,-0.03,1.10659946766e-13,0
340.0,-0.045,-0.03,1.46242681569e-13,0
340.0,-0.05,-0.025,1.24618893228e-13,0
340.0,-0.045,-0.025,1.59002860116e-13,0
340.0,-0.05,-0.02,1.36902871738e-13,0
340.0,-0.05,-0.015,1.49646524582e-13,0
340.0,-0.045,-0.02,1.71196181964e-13,0
340.0,-0.045,-0.015,1.84145726382e-13,0
340.0,-0.05,-0.01,1.57815265607e-13,0
340.0,-0.05,-0.005,1.58935516748e-13,0
340.0,-0.045,-0.01,1.95629632391e-13,0
340.0,-0.045,-0.005,2.00692797243e-13,0
340.0,-0.05,0,1.53117621203e-13,0
340.0,-0.05,0.005,1.41145574273e-13,0
340.0,-0.045,4.16333634234e-19,1.9909628927e-13,0
340.0,-0.045,0.005,1.90644642287e-13,0
340.0,-0.05,0.01,1.29084303106e-13,0
340.0,-0.05,0.015,1.20146588038e-13,0
340.0,-0.045,0.01,1.81710685334e-13,0
340.0,-0.045,0.015,1.72764222893e-13,0
340.0,-0.05,0.02,1.11737336857e-13,0
340.0,-0.05,0.025,1.01961424988e-13,0
340.0,-0.045,0.02,1.60757202492e-13,0
340.0,-0.045,0.025,1.4537520987e-13,0
340.0,-0.05,0.03,9.16785434452e-14,0
340.0,-0.05,0.035,8.30593415281e-14,0
340.0,-0.045,0.03,1.32220865684e-13,0
340.0,-0.045,0.035,1.21485288145e-13,0
340.0,-0.05,0.04,7.84143199811e-14,0
340.0,-0.05,0.045,7.75037531126e-14,0
340.0,-0.045,0.04,1.14608782715e-13,0
340.0,-0.045,0.045,1.1103878868e-13,0
340.0,-0.05,0.05,8.00524454261e-14,0
340.0,-0.05,0.055,8.314184219e-14,0
340.0,-0.045,0.05,1.09475414723e-13,0
340.0,-0.045,0.055,1.09121300854e-13,0
340.0,-0.05,0.06,8.71207920274e-14,0
340.0,-0.05,0.065,9.24466869725e-14,0
340.0,-0.045,0.06,1.10551155904e-13,0
340.0,-0.045,0.065,1.10083126094e-13,0
340.0,-0.05,0.07,9.91105168675e-14,0
340.0,-0.05,0.075,1.09028547127e-13,0
340.0,-0.045,0.07,1.0903740866e-13,0
340.0,-0.045,0.075,1.13226693306e-13,0
340.0,-0.04,-0.075,1.03070419347e-13,0
340.0,-0.04,-0.07,1.0400088319e-13,0
340.0,-0.035,-0.075,1.27170868344e-13,0
340.0,-0.035,-0.07,1.28207723632e-13,0
340.0,-0.04,-0.065,1.08359267677e-13,0
340.0,-0.035,-0.065,1.32487577009e-13,0
340.0,-0.04,-0.06,1.14344236034e-13,0
340.0,-0.035,-0.06,1.38777284144e-13,0
340.0,-0.04,-0.055,1.20771832325e-13,0
340.0,-0.035,-0.055,1.45972022956e-13,0
340.0,-0.04,-0.05,1.28584177685e-13,0
340.0,-0.04,-0.045,1.3844501879e-13,0
340.0,-0.035,-0.05,1.53995594728e-13,0
340.0,-0.035,-0.045,1.62987716684e-13,0
340.0,-0.04,-0.04,1.49503645751e-13,0
340.0,-0.04,-0.035,1.60794488085e-13,0
340.0,-0.035,-0.04,1.72097792775e-13,0
340.0,-0.035,-0.035,1.80442729626e-13,0
340.0,-0.04,-0.03,1.71752231574e-13,0
340.0,-0.035,-0.03,1.87817521956e-13,0
340.0,-0.04,-0.025,1.82947418448e-13,0
340.0,-0.035,-0.025,1.94724310485e-13,0
340.0,-0.04,-0.02,1.93878629011e-13,0
340.0,-0.035,-0.02,2.00309246904e-13,0
340.0,-0.04,-0.015,2.04707203933e-13,0
340.0,-0.035,-0.015,2.05141825068e-13,0
340.0,-0.04,-0.01,2.1468710469e-13,0
340.0,-0.04,-0.005,2.1913938467e-13,0
340.0,-0.035,-0.01,2.09718343699e-13,0
340.0,-0.035,-0.005,2.12357826806e-13,0
340.0,-0.04,0,2.16417500036e-13,0
340.0,-0.04,0.005,2.07194030258e-13,0
340.0,-0.035,4.16333634234e-19,2.14075358516e-13,0
340.0,-0.035,0.005,2.12819707382e-13,0
340.0,-0.04,0.01,1.99171898707e-13,0
340.0,-0.04,0.015,1.92795336348e-13,0
340.0,-0.035,0.01,2.0808908212e-13,0
340.0,-0.035,0.015,2.0237617955e-13,0
340.0,-0.04,0.02,1.85538592568e-13,0
340.0,-0.04,0.025,1.71980068361e-13,0
340.0,-0.035,0.02,1.96277210948e-13,0
340.0,-0.035,0.025,1.8648347657e-13,0
340.0,-0.04,0.03,1.59324341935e-13,0
340.0,-0.04,0.035,1.49010877317e-13,0
340.0,-0.035,0.03,1.75836056168e-13,0
340.0,-0.035,0.035,1.65814288897e-13,0
340.0,-0.04,0.04,1.40565452872e-13,0
340.0,-0.04,0.045,1.33541123612e-13,0
340.0,-0.035,0.04,1.55790491355e-13,0
340.0,-0.035,0.045,1.45714423245e-13,0
340.0,-0.04,0.05,1.27394004248e-13,0
340.0,-0.04,0.055,1.22830821349e-13,0
340.0,-0.035,0.05,1.35080775384e-13,0
340.0,-0.035,0.055,1.24586155906e-13,0
340.0,-0.04,0.06,1.18616445524e-13,0
340.0,-0.04,0.065,1.08234374833e-13,0
340.0,-0.035,0.06,1.08473242916e-13,0
340.0,-0.035,0.065,8.51232195567e-14,0
340.0,-0.04,0.07,9.81012879341e-14,0
340.0,-0.04,0.075,9.51244866402e-14,0
340.0,-0.035,0.07,6.60378811666e-14,0
340.0,-0.035,0.075,5.51164439843e-14,0
340.0,-0.03,-0.075,1.3948804829e-13,0
340.0,-0.03,-0.07,1.41250437597e-13,0
340.0,-0.025,-0.075,1.40899586948e-13,0
340.0,-0.025,-0.07,1.44010480493e-13,0
340.0,-0.03,-0.065,1.46245070098e-13,0
340.0,-0.025,-0.065,1.51022130699e-13,0
340.0,-0.03,-0.06,1.53265997119e-13,0
340.0,-0.025,-0.06,1.59974149179e-13,0
340.0,-0.03,-0.055,1.61364535832e-13,0
340.0,-0.025,-0.055,1.6888852643e-13,0
340.0,-0.03,-0.05,1.69834892351e-13,0
340.0,-0.025,-0.05,1.77308577478e-13,0
340.0,-0.03,-0.045,1.78151212607e-13,0
340.0,-0.025,-0.045,1.8460518229e-13,0
340.0,-0.03,-0.04,1.85475079549e-13,0
340.0,-0.03,-0.035,1.90994051085e-13,0
340.0,-0.025,-0.04,1.90162605e-13,0
340.0,-0.025,-0.035,1.93630194195e-13,0
340.0,-0.03,-0.03,1.94477943995e-13,0
340.0,-0.03,-0.025,1.9582975564e-13,0
340.0,-0.025,-0.03,1.93984610942e-13,0
340.0,-0.025,-0.025,1.90245125969e-13,0
340.0,-0.03,-0.02,1.95217141235e-13,0
340.0,-0.025,-0.02,1.83604336583e-13,0
340.0,-0.03,-0.015,1.94149215115e-13,0
340.0,-0.025,-0.015,1.7624836607e-13,0
340.0,-0.03,-0.01,1.92287308111e-13,0
340.0,-0.025,-0.01,1.67960688004e-13,0
340.0,-0.03,-0.005,1.90510141513e-13,0
340.0,-0.025,-0.005,1.60637867409e-13,0
340.0,-0.03,0,1.91082799102e-13,0
340.0,-0.03,0.005,1.93961962414e-13,0
340.0,-0.025,4.16333634234e-19,1.56422592776e-13,0
340.0,-0.025,0.005,1.58520245284e-13,0
340.0,-0.03,0.01,1.96101830024e-13,0
340.0,-0.03,0.015,1.96206795498e-13,0
340.0,-0.025,0.01,1.66670158298e-13,0
340.0,-0.025,0.015,1.77261029566e-13,0
340.0,-0.03,0.02,1.94077233261e-13,0
340.0,-0.03,0.025,1.89572433258e-13,0
340.0,-0.025,0.02,1.83651759783e-13,0
340.0,-0.025,0.025,1.84768607815e-13,0
340.0,-0.03,0.03,1.82035615393e-13,0
340.0,-0.03,0.035,1.72684489408e-13,0
340.0,-0.025,0.03,1.80325081579e-13,0
340.0,-0.025,0.035,1.71496538022e-13,0
340.0,-0.03,0.04,1.61042672652e-13,0
340.0,-0.03,0.045,1.47259815955e-13,0
340.0,-0.025,0.04,1.57616647198e-13,0
340.0,-0.025,0.045,1.39041493538e-13,0
340.0,-0.03,0.05,1.30166003231e-13,0
340.0,-0.03,0.055,1.09514505453e-13,0
340.0,-0.025,0.05,1.12568787527e-13,0
340.0,-0.025,0.055,7.49025968157e-14,0
340.0,-0.03,0.06,7.67988395695e-14,0
340.0,-0.03,0.065,3.36769273042e-14,0
340.0,-0.025,0.06,1.78032544874e-14,0
340.0,-0.025,0.065,-5.07029032712e-14,0
340.0,-0.03,0.07,-7.52800607168e-15,0
340.0,-0.03,0.075,-4.41947558148e-14,0
340.0,-0.025,0.07,-1.19740498861e-13,0
340.0,-0.025,0.075,-1.91308549265e-13,0
340.0,-0.02,-0.075,1.30451707828e-13,0
340.0,-0.02,-0.07,1.35030896628e-13,0
340.0,-0.015,-0.075,1.08329564397e-13,0
340.0,-0.015,-0.07,1.1389071625e-13,0
340.0,-0.02,-0.065,1.44385020642e-13,0
340.0,-0.015,-0.065,1.25579404889e-13,0
340.0,-0.02,-0.06,1.56296066596e-13,0
340.0,-0.015,-0.06,1.4201016254e-13,0
340.0,-0.02,-0.055,1.66990333736e-13,0
340.0,-0.015,-0.055,1.55099109207e-13,0
340.0,-0.02,-0.05,1.75920974068e-13,0
340.0,-0.015,-0.05,1.6560533941e-13,0
340.0,-0.02,-0.045,1.82900612726e-13,0
340.0,-0.015,-0.045,1.7404767519e-13,0
340.0,-0.02,-0.04,1.87442727233e-13,0
340.0,-0.015,-0.04,1.79050378545e-13,0
340.0,-0.02,-0.035,1.89547750248e-13,0
340.0,-0.015,-0.035,1.8022040479e-13,0
340.0,-0.02,-0.03,1.87020218567e-13,0
340.0,-0.02,-0.025,1.78413066948e-13,0
340.0,-0.015,-0.03,1.74998134113e-13,0
340.0,-0.015,-0.025,1.62143639498e-13,0
340.0,-0.02,-0.02,1.66242555676e-13,0
340.0,-0.02,-0.015,1.5288454681e-13,0
340.0,-0.015,-0.02,1.45383207363e-13,0
340.0,-0.015,-0.015,1.27053528521e-13,0
340.0,-0.02,-0.01,1.38957709455e-13,0
340.0,-0.015,-0.01,1.08339107185e-13,0
340.0,-0.02,-0.005,1.27506058331e-13,0
340.0,-0.015,-0.005,9.32353503628e-14,0
340.0,-0.02,0,1.21876922121e-13,0
340.0,-0.015,4.16333634234e-19,8.58817774429e-14,0
340.0,-0.02,0.005,1.23909472973e-13,0
340.0,-0.015,0.005,8.75929506492e-14,0
340.0,-0.02,0.01,1.35405398971e-13,0
340.0,-0.02,0.015,1.52487196079e-13,0
340.0,-0.015,0.01,1.02504558205e-13,0
340.0,-0.015,0.015,1.2649513523e-13,0
340.0,-0.02,0.02,1.67367822771e-13,0
340.0,-0.02,0.025,1.74695067344e-13,0
340.0,-0.015,0.02,1.49683632422e-13,0
340.0,-0.015,0.025,1.63215349533e-13,0
340.0,-0.02,0.03,1.73551811981e-13,0
340.0,-0.02,0.035,1.65284237161e-13,0
340.0,-0.015,0.03,1.65271169197e-13,0
340.0,-0.015,0.035,1.5794602571e-13,0
340.0,-0.02,0.04,1.48857876052e-13,0
340.0,-0.02,0.045,1.24203208634e-13,0
340.0,-0.015,0.04,1.38901784209e-13,0
340.0,-0.015,0.045,1.06433728999e-13,0
340.0,-0.02,0.05,8.34772536751e-14,0
340.0,-0.02,0.055,2.11686124402e-14,0
340.0,-0.015,0.05,4.7344398781e-14,0
340.0,-0.015,0.055,-3.78868681677e-14,0
340.0,-0.02,0.06,-5.834587072e-14,0
340.0,-0.02,0.065,-1.46774371845e-13,0
340.0,-0.015,0.06,-1.37077420612e-13,0
340.0,-0.015,0.065,-2.45384049616e-13,0
340.0,-0.02,0.07,-2.39841815496e-13,0
340.0,-0.02,0.075,-3.33830102262e-13,0
340.0,-0.015,0.07,-3.6222143756e-13,0
340.0,-0.015,0.075,-4.7740588156e-13,0
340.0,-0.01,-0.075,6.75886764415e-14,0
340.0,-0.01,-0.07,7.40227420878e-14,0
340.0,-0.005,-0.075,6.97246994075e-15,0
340.0,-0.005,-0.07,1.36303958e-14,0
340.0,-0.01,-0.065,8.82595214977e-14,0
340.0,-0.005,-0.065,2.78254710094e-14,0
340.0,-0.01,-0.06,1.12580895283e-13,0
340.0,-0.005,-0.06,5.9085492161e-14,0
340.0,-0.01,-0.055,1.33159516737e-13,0
340.0,-0.005,-0.055,9.92114808256e-14,0
340.0,-0.01,-0.05,1.46783657513e-13,0
340.0,-0.005,-0.05,1.20592411206e-13,0
340.0,-0.01,-0.045,1.58211581546e-13,0
340.0,-0.005,-0.045,1.37101176952e-13,0
340.0,-0.01,-0.04,1.65117128237e-13,0
340.0,-0.005,-0.04,1.47322487604e-13,0
340.0,-0.01,-0.035,1.66344125776e-13,0
340.0,-0.005,-0.035,1.49765700363e-13,0
340.0,-0.01,-0.03,1.5935003869e-13,0
340.0,-0.005,-0.03,1.42608286607e-13,0
340.0,-0.01,-0.025,1.43639878147e-13,0
340.0,-0.005,-0.025,1.25508055983e-13,0
340.0,-0.01,-0.02,1.23816307446e-13,0
340.0,-0.01,-0.015,1.0188141599e-13,0
340.0,-0.005,-0.02,1.04480373752e-13,0
340.0,-0.005,-0.015,8.0867640251e-14,0
340.0,-0.0117873230072,-0.0115873794689,9.60025637358e-14,0
340.0,-0.00939961996336,-0.005,5.66089383871e-14,0
340.0,-0.00792797428371,-0.00964253216809,6.70116937083e-14,0
340.0,-0.005,-0.00939961996336,5.29056684826e-14,0
340.0,-0.0108753492546,-0.00150606400588,5.84691121947e-14,0
340.0,-0.00818101620308,-0.00211452602544,4.09680192564e-14,0
340.0,-0.00651817360753,-0.000255934956239,2.66110880665e-14,0
340.0,-0.005,6.71033969428e-08,1.22587519698e-14,0
340.0,-0.0107292118043,0.00160660295843,5.58978924141e-14,0
340.0,-0.0080188992252,0.000768320427092,3.71861384325e-14,0
340.0,-0.00939946851065,0.005,5.05524647922e-14,0
340.0,-0.00802129342231,0.00264911934363,3.88636390611e-14,0
340.0,-0.00887989370213,0.00887989479405,6.19978594306e-14,0
340.0,-0.01,0.015,1.02665875622e-13,0
340.0,-0.005,0.00939947397025,5.39322149795e-14,0
340.0,-0.005,0.015,9.3887575173e-14,0
340.0,-0.01,0.02,1.32900478261e-13,0
340.0,-0.01,0.025,1.53811882532e-13,0
340.0,-0.005,0.02,1.27636952006e-13,0
340.0,-0.005,0.025,1.51733951029e-13,0
340.0,-0.01,0.03,1.59084043205e-13,0
340.0,-0.01,0.035,1.52543320203e-13,0
340.0,-0.005,0.03,1.59430587892e-13,0
340.0,-0.005,0.035,1.51871147514e-13,0
340.0,-0.01,0.04,1.2902301402e-13,0
340.0,-0.01,0.045,8.01768798552e-14,0
340.0,-0.005,0.04,1.21168156847e-13,0
340.0,-0.005,0.045,5.57960702454e-14,0
340.0,-0.01,0.05,1.32133210892e-15,0
340.0,-0.01,0.055,-1.00980638912e-13,0
340.0,-0.005,0.05,-3.92004139043e-14,0
340.0,-0.005,0.055,-1.54092680809e-13,0
340.0,-0.01,0.06,-2.1822110919e-13,0
340.0,-0.01,0.065,-3.47723126393e-13,0
340.0,-0.005,0.06,-2.85262192784e-13,0
340.0,-0.005,0.065,-4.30050720254e-13,0
340.0,-0.01,0.07,-4.87087828074e-13,0
340.0,-0.01,0.075,-6.32130300794e-13,0
340.0,-0.005,0.07,-5.86740553121e-13,0
340.0,-0.005,0.075,-7.56355998588e-13,0
340.0,0,-0.075,-1.38716346928e-13,0
340.0,0,-0.07,-1.17385676512e-13,0
340.0,0.005,-0.075,-3.54575762938e-13,0
340.0,0.005,-0.07,-2.92420785666e-13,0
340.0,0,-0.065,-9.05308247117e-14,0
340.0,0.005,-0.065,-2.3202286156e-13,0
340.0,0,-0.06,-4.17521834118e-14,0
340.0,0.005,-0.06,-1.55261059635e-13,0
340.0,0,-0.055,1.76293943853e-14,0
340.0,0.005,-0.055,-8.0167666332e-14,0
340.0,0,-0.05,6.20520052033e-14,0
340.0,0.005,-0.05,-1.65273283771e-14,0
340.0,0,-0.045,9.34845001214e-14,0
340.0,0.005,-0.045,3.33932910065e-14,0
340.0,0,-0.04,1.13743560317e-13,0
340.0,0.005,-0.04,6.99206988799e-14,0
340.0,0,-0.035,1.22667106799e-13,0
340.0,0.005,-0.035,9.10924103628e-14,0
340.0,0,-0.03,1.21666549973e-13,0
340.0,0.005,-0.03,1.02137000346e-13,0
340.0,0,-0.025,1.1012365871e-13,0
340.0,0.005,-0.025,1.02342752869e-13,0
340.0,0,-0.02,9.0867515002e-14,0
340.0,0.005,-0.02,8.54921063342e-14,0
340.0,0,-0.015,6.80021470733e-14,0
340.0,0.005,-0.015,6.46125514197e-14,0
340.0,-0.0021196717084,-0.00776771017156,3.5261342483e-14,0
340.0,-0.00084550708518,-0.00631514607954,2.40356837266e-14,0
340.0,6.71033969406e-08,-0.005,1.21537547592e-14,0
340.0,-0.00139054260708,-0.0110960807567,5.14212473047e-14,0
340.0,0.00132468676756,-0.00775008274642,3.19710197137e-14,0
340.0,0.00160394440688,-0.0116908851489,5.10475917087e-14,0
340.0,0.005,-0.00939946851065,4.34886054423e-14,0
340.0,0.005,0.005,3.80485903997e-14,0
340.0,-0.000107646311398,0.00617659695633,2.67390510859e-14,0
340.0,-0.00190846935279,0.0076427502668,3.96636942297e-14,0
340.0,0.00131146485568,0.00777290068297,4.30046768622e-14,0
340.0,0.00295884413402,0.00640276348073,3.56310787506e-14,0
340.0,-1.21517769428e-05,0.0108932602996,6.71274292985e-14,0
340.0,0,0.015,1.02936165281e-13,0
340.0,0.005,0.00939942566771,7.72643110913e-14,0
340.0,0.005,0.015,1.30950410305e-13,0
340.0,0,0.02,1.4097430564e-13,0
340.0,0,0.025,1.64604308214e-13,0
340.0,0.005,0.02,1.70918511456e-13,0
340.0,0.005,0.025,1.93084481758e-13,0
340.0,0,0.03,1.70419427829e-13,0
340.0,0,0.035,1.59862844689e-13,0
340.0,0.005,0.03,1.94991637742e-13,0
340.0,0.005,0.035,1.80715364168e-13,0
340.0,0,0.04,1.22939692796e-13,0
340.0,0,0.045,4.70509784947e-14,0
340.0,0.005,0.04,1.39049472196e-13,0
340.0,0.005,0.045,5.72224547841e-14,0
340.0,0,0.05,-5.69488067342e-14,0
340.0,0,0.055,-1.80374058376e-13,0
340.0,0.005,0.05,-5.11457567964e-14,0
340.0,0.005,0.055,-1.77546705053e-13,0
340.0,0,0.06,-3.21434888723e-13,0
340.0,0,0.065,-4.74393511798e-13,0
340.0,0.005,0.06,-3.2073462524e-13,0
340.0,0.005,0.065,-4.76109859135e-13,0
340.0,0,0.07,-6.4138589556e-13,0
340.0,0,0.075,-8.24484552508e-13,0
340.0,0.005,0.07,-6.54286276279e-13,0
340.0,0.005,0.075,-8.48680269565e-13,0
340.0,0.01,-0.075,-5.46011459005e-13,0
340.0,0.01,-0.07,-4.35785401581e-13,0
340.0,0.015,-0.075,-6.5816247866e-13,0
340.0,0.015,-0.07,-5.29270173386e-13,0
340.0,0.01,-0.065,-3.31371771732e-13,0
340.0,0.015,-0.065,-4.11682744136e-13,0
340.0,0.01,-0.06,-2.40381667533e-13,0
340.0,0.015,-0.06,-3.10752004137e-13,0
340.0,0.01,-0.055,-1.5713315255e-13,0
340.0,0.015,-0.055,-2.16904202224e-13,0
340.0,0.01,-0.05,-8.18931167252e-14,0
340.0,0.015,-0.05,-1.29569327706e-13,0
340.0,0.01,-0.045,-1.57333384318e-14,0
340.0,0.015,-0.045,-5.01649571279e-14,0
340.0,0.01,-0.04,3.66561620306e-14,0
340.0,0.015,-0.04,1.52222193179e-14,0
340.0,0.01,-0.035,7.19299444528e-14,0
340.0,0.015,-0.035,6.22881584591e-14,0
340.0,0.01,-0.03,9.35371849878e-14,0
340.0,0.015,-0.03,9.41003134754e-14,0
340.0,0.01,-0.025,1.05371432322e-13,0
340.0,0.015,-0.025,1.17039205007e-13,0
340.0,0.01,-0.02,9.47331166711e-14,0
340.0,0.01,-0.015,7.60858646968e-14,0
340.0,0.015,-0.02,1.19049713292e-13,0
340.0,0.015,-0.015,1.09654274847e-13,0
340.0,0.00999280436795,-0.0116358337096,6.90981329171e-14,0
340.0,0.0105889214373,-0.00845762197625,6.66676244315e-14,0
340.0,0.015,-0.01,1.06277498242e-13,0
340.0,0.00939947397025,-0.005,5.37910409393e-14,0
340.0,0.015,-0.005,1.05417619574e-13,0
340.0,0.00658051136513,-0.00296146438142,3.16649537362e-14,0
340.0,0.00636794669772,-3.54305826484e-06,2.74754086423e-14,0
340.0,0.00795807888052,-0.00113999998936,4.11983339372e-14,0
340.0,0.00758147027913,0.00183630393596,4.3873121283e-14,0
340.0,0.0112534647756,-1.47536350887e-07,7.5943814988e-14,0
340.0,0.015,4.16333634234e-19,1.15821952922e-13,0
340.0,0.00939942566771,0.005,8.23482964086e-14,0
340.0,0.015,0.005,1.4800842992e-13,0
340.0,0.00999018807453,0.0109670628501,1.41796267711e-13,0
340.0,0.01,0.015,1.785730913e-13,0
340.0,0.015,0.01,1.92499448321e-13,0
340.0,0.015,0.015,2.36975151179e-13,0
340.0,0.01,0.02,2.16065492278e-13,0
340.0,0.01,0.025,2.34850536585e-13,0
340.0,0.015,0.02,2.72223542324e-13,0
340.0,0.015,0.025,2.87301084529e-13,0
340.0,0.01,0.03,2.32645316384e-13,0
340.0,0.01,0.035,2.12845364413e-13,0
340.0,0.015,0.03,2.80652928665e-13,0
340.0,0.015,0.035,2.52675538948e-13,0
340.0,0.01,0.04,1.64344405837e-13,0
340.0,0.01,0.045,8.20102232761e-14,0
340.0,0.015,0.04,1.96238005278e-13,0
340.0,0.015,0.045,1.15454853163e-13,0
340.0,0.01,0.05,-2.52765163593e-14,0
340.0,0.01,0.055,-1.50951699129e-13,0
340.0,0.015,0.05,1.10812878169e-14,0
340.0,0.015,0.055,-1.13170976092e-13,0
340.0,0.01,0.06,-2.94675908703e-13,0
340.0,0.01,0.065,-4.52088983682e-13,0
340.0,0.015,0.06,-2.59652805795e-13,0
340.0,0.015,0.065,-4.20447181249e-13,0
340.0,0.01,0.07,-6.35782105789e-13,0
340.0,0.01,0.075,-8.31542204246e-13,0
340.0,0.015,0.07,-5.97464119469e-13,0
340.0,0.015,0.075,-7.81013636678e-13,0
340.0,0.02,-0.075,-6.95400632472e-13,0
340.0,0.02,-0.07,-5.69383570202e-13,0
340.0,0.025,-0.075,-6.91191880903e-13,0
340.0,0.025,-0.07,-5.68919700928e-13,0
340.0,0.02,-0.065,-4.56217553381e-13,0
340.0,0.025,-0.065,-4.56372143845e-13,0
340.0,0.02,-0.06,-3.50808756261e-13,0
340.0,0.025,-0.06,-3.51876766874e-13,0
340.0,0.02,-0.055,-2.47723284615e-13,0
340.0,0.025,-0.055,-2.52700680153e-13,0
340.0,0.02,-0.05,-1.54265273692e-13,0
340.0,0.025,-0.05,-1.61079637492e-13,0
340.0,0.02,-0.045,-7.03389457685e-14,0
340.0,0.025,-0.045,-7.71458907112e-14,0
340.0,0.02,-0.04,4.88932980618e-15,0
340.0,0.025,-0.04,4.60961688586e-15,0
340.0,0.02,-0.035,6.34079985176e-14,0
340.0,0.025,-0.035,7.2972693158e-14,0
340.0,0.02,-0.03,1.04129283441e-13,0
340.0,0.025,-0.03,1.22014857217e-13,0
340.0,0.02,-0.025,1.37289577571e-13,0
340.0,0.025,-0.025,1.64274226702e-13,0
340.0,0.02,-0.02,1.54519859269e-13,0
340.0,0.025,-0.02,1.96208284474e-13,0
340.0,0.02,-0.015,1.57376573898e-13,0
340.0,0.025,-0.015,2.11883456507e-13,0
340.0,0.02,-0.01,1.60224222933e-13,0
340.0,0.025,-0.01,2.19919649459e-13,0
340.0,0.02,-0.005,1.65043293258e-13,0
340.0,0.025,-0.005,2.31028096806e-13,0
340.0,0.02,0,1.81704693677e-13,0
340.0,0.025,4.16333634234e-19,2.56128797325e-13,0
340.0,0.02,0.005,2.17901398245e-13,0
340.0,0.025,0.005,2.95008448669e-13,0
340.0,0.02,0.01,2.62787183987e-13,0
340.0,0.025,0.01,3.397555902e-13,0
340.0,0.02,0.015,3.06156253829e-13,0
340.0,0.025,0.015,3.82929077109e-13,0
340.0,0.02,0.02,3.3886347468e-13,0
340.0,0.02,0.025,3.49869062786e-13,0
340.0,0.025,0.02,4.13001684196e-13,0
340.0,0.025,0.025,4.1587443238e-13,0
340.0,0.02,0.03,3.36303252696e-13,0
340.0,0.02,0.035,2.97682093175e-13,0
340.0,0.025,0.03,3.9070604426e-13,0
340.0,0.025,0.035,3.4504795178e-13,0
340.0,0.02,0.04,2.35814373448e-13,0
340.0,0.02,0.045,1.56987641028e-13,0
340.0,0.025,0.04,2.81721024073e-13,0
340.0,0.025,0.045,2.05493389409e-13,0
340.0,0.02,0.05,5.61408416794e-14,0
340.0,0.02,0.055,-6.46788794387e-14,0
340.0,0.025,0.05,1.07324669696e-13,0
340.0,0.025,0.055,-1.55115331126e-14,0
340.0,0.02,0.06,-2.12320944919e-13,0
340.0,0.02,0.065,-3.75476840749e-13,0
340.0,0.025,0.06,-1.61171996679e-13,0
340.0,0.025,0.065,-3.20142404394e-13,0
340.0,0.02,0.07,-5.45399472415e-13,0
340.0,0.02,0.075,-7.19851791863e-13,0
340.0,0.025,0.07,-4.85979065453e-13,0
340.0,0.025,0.075,-6.53893407302e-13,0
340.0,0.03,-0.075,-6.56037866637e-13,0
340.0,0.03,-0.07,-5.35857175941e-13,0
340.0,0.035,-0.075,-6.04544462695e-13,0
340.0,0.035,-0.07,-4.84798862376e-13,0
340.0,0.03,-0.065,-4.24254844509e-13,0
340.0,0.035,-0.065,-3.72895316977e-13,0
340.0,0.03,-0.06,-3.22571300329e-13,0
340.0,0.035,-0.06,-2.74361205197e-13,0
340.0,0.03,-0.055,-2.30237275557e-13,0
340.0,0.035,-0.055,-1.85863149039e-13,0
340.0,0.03,-0.05,-1.45528930407e-13,0
340.0,0.035,-0.05,-1.06151028479e-13,0
340.0,0.03,-0.045,-6.60683921857e-14,0
340.0,0.035,-0.045,-3.13189157762e-14,0
340.0,0.03,-0.04,1.59627296014e-14,0
340.0,0.035,-0.04,4.31510706051e-14,0
340.0,0.03,-0.035,8.90323349835e-14,0
340.0,0.035,-0.035,1.1194087906e-13,0
340.0,0.03,-0.03,1.45458661314e-13,0
340.0,0.035,-0.03,1.71501423926e-13,0
340.0,0.03,-0.025,1.9541279282e-13,0
340.0,0.035,-0.025,2.2341644383e-13,0
340.0,0.03,-0.02,2.36962130644e-13,0
340.0,0.035,-0.02,2.65814230038e-13,0
340.0,0.03,-0.015,2.66221025e-13,0
340.0,0.035,-0.015,3.02285839915e-13,0
340.0,0.03,-0.01,2.85127397126e-13,0
340.0,0.035,-0.01,3.3141654254e-13,0
340.0,0.03,-0.005,3.03839509785e-13,0
340.0,0.035,-0.005,3.55043198579e-13,0
340.0,0.03,0,3.33818429342e-13,0
340.0,0.035,4.16333634234e-19,3.85927279254e-13,0
340.0,0.03,0.005,3.75011382466e-13,0
340.0,0.035,0.005,4.26612045303e-13,0
340.0,0.03,0.01,4.22041390393e-13,0
340.0,0.035,0.01,4.70712547808e-13,0
340.0,0.03,0.015,4.6463217127e-13,0
340.0,0.035,0.015,5.0328246177e-13,0
340.0,0.03,0.02,4.84142550336e-13,0
340.0,0.035,0.02,5.12971232773e-13,0
340.0,0.03,0.025,4.71069671403e-13,0
340.0,0.035,0.025,5.00807422731e-13,0
340.0,0.03,0.03,4.37885141833e-13,0
340.0,0.03,0.035,3.91512016934e-13,0
340.0,0.035,0.03,4.73040138759e-13,0
340.0,0.035,0.035,4.34350344037e-13,0
340.0,0.03,0.04,3.3046616528e-13,0
340.0,0.03,0.045,2.57875624438e-13,0
340.0,0.035,0.04,3.79648488654e-13,0
340.0,0.035,0.045,3.1160161738e-13,0
340.0,0.03,0.05,1.62556097142e-13,0
340.0,0.03,0.055,3.78128775401e-14,0
340.0,0.035,0.05,2.19277531425e-13,0
340.0,0.035,0.055,9.41040919308e-14,0
340.0,0.03,0.06,-1.06869732988e-13,0
340.0,0.03,0.065,-2.6210739934e-13,0
340.0,0.035,0.06,-5.02667748541e-14,0
340.0,0.035,0.065,-2.02887850708e-13,0
340.0,0.03,0.07,-4.23685646702e-13,0
340.0,0.03,0.075,-5.87573351324e-13,0
340.0,0.035,0.07,-3.61121925675e-13,0
340.0,0.035,0.075,-5.21691835196e-13,0
340.0,0.04,-0.075,-5.14518069444e-13,0
340.0,0.04,-0.07,-4.03695188826e-13,0
340.0,0.045,-0.075,-3.89965735279e-13,0
340.0,0.045,-0.07,-2.97797226534e-13,0
340.0,0.04,-0.065,-2.99817987566e-13,0
340.0,0.045,-0.065,-2.09679389138e-13,0
340.0,0.04,-0.06,-2.08970570147e-13,0
340.0,0.045,-0.06,-1.30167467022e-13,0
340.0,0.04,-0.055,-1.26304226011e-13,0
340.0,0.045,-0.055,-5.67219523218e-14,0
340.0,0.04,-0.05,-5.14798257772e-14,0
340.0,0.045,-0.05,1.04112488804e-14,0
340.0,0.04,-0.045,1.77531242714e-14,0
340.0,0.045,-0.045,7.16016507953e-14,0
340.0,0.04,-0.04,8.21700472584e-14,0
340.0,0.045,-0.04,1.24444577427e-13,0
340.0,0.04,-0.035,1.4049231498e-13,0
340.0,0.045,-0.035,1.69288897248e-13,0
340.0,0.04,-0.03,1.9509736673e-13,0
340.0,0.045,-0.03,2.08652433284e-13,0
340.0,0.04,-0.025,2.38560008742e-13,0
340.0,0.045,-0.025,2.353566876e-13,0
340.0,0.04,-0.02,2.72937323495e-13,0
340.0,0.045,-0.02,2.56662483543e-13,0
340.0,0.04,-0.015,3.07808993665e-13,0
340.0,0.045,-0.015,2.70797924485e-13,0
340.0,0.04,-0.01,3.34511529304e-13,0
340.0,0.045,-0.01,2.74113391624e-13,0
340.0,0.04,-0.005,3.52925538e-13,0
340.0,0.045,-0.005,2.78709220705e-13,0
340.0,0.04,0,3.79863312685e-13,0
340.0,0.045,4.16333634234e-19,3.05234566547e-13,0
340.0,0.04,0.005,4.18428692026e-13,0
340.0,0.045,0.005,3.45461613542e-13,0
340.0,0.04,0.01,4.55992488139e-13,0
340.0,0.045,0.01,3.84055026504e-13,0
340.0,0.04,0.015,4.78482702779e-13,0
340.0,0.045,0.015,4.11127574174e-13,0
340.0,0.04,0.02,4.92500136143e-13,0
340.0,0.045,0.02,4.40483605246e-13,0
340.0,0.04,0.025,4.99206250439e-13,0
340.0,0.045,0.025,4.72742547996e-13,0
340.0,0.04,0.03,4.88498687674e-13,0
340.0,0.045,0.03,4.8702520261e-13,0
340.0,0.04,0.035,4.62268712691e-13,0
340.0,0.045,0.035,4.71426047811e-13,0
340.0,0.04,0.04,4.19054309744e-13,0
340.0,0.04,0.045,3.59552307038e-13,0
340.0,0.045,0.04,4.36958935884e-13,0
340.0,0.045,0.045,3.90368638151e-13,0
340.0,0.04,0.05,2.71685900822e-13,0
340.0,0.04,0.055,1.47600408274e-13,0
340.0,0.045,0.05,3.12986604689e-13,0
340.0,0.045,0.055,1.93578080516e-13,0
340.0,0.04,0.06,4.99579807468e-15,0
340.0,0.04,0.065,-1.44112097098e-13,0
340.0,0.045,0.06,5.50604311874e-14,0
340.0,0.045,0.065,-8.78960516583e-14,0
340.0,0.04,0.07,-2.98622093127e-13,0
340.0,0.04,0.075,-4.55577319921e-13,0
340.0,0.045,0.07,-2.37248493227e-13,0
340.0,0.045,0.075,-3.9059860241e-13,0
340.0,0.05,-0.075,-2.6391709547e-13,0
340.0,0.05,-0.07,-1.8512891525e-13,0
340.0,0.055,-0.075,-1.3703731318e-13,0
340.0,0.055,-0.07,-6.92666416967e-14,0
340.0,0.05,-0.065,-1.10474976004e-13,0
340.0,0.055,-0.065,-5.45030781302e-15,0
340.0,0.05,-0.06,-4.20919713951e-14,0
340.0,0.055,-0.06,5.25883534399e-14,0
340.0,0.05,-0.055,2.12660169252e-14,0
340.0,0.055,-0.055,1.05960099932e-13,0
340.0,0.05,-0.05,7.86314077592e-14,0
340.0,0.055,-0.05,1.52871993279e-13,0
340.0,0.05,-0.045,1.28467394935e-13,0
340.0,0.055,-0.045,1.90179482064e-13,0
340.0,0.05,-0.04,1.68141072549e-13,0
340.0,0.055,-0.04,2.13848072088e-13,0
340.0,0.05,-0.035,1.98107177677e-13,0
340.0,0.055,-0.035,2.23859543463e-13,0
340.0,0.05,-0.03,2.13640390002e-13,0
340.0,0.055,-0.03,2.06975222809e-13,0
340.0,0.05,-0.025,2.14444141571e-13,0
340.0,0.055,-0.025,1.69140588926e-13,0
340.0,0.05,-0.02,2.02249429511e-13,0
340.0,0.055,-0.02,1.16140469666e-13,0
340.0,0.05,-0.015,1.78271908366e-13,0
340.0,0.055,-0.015,6.30880253302e-14,0
340.0,0.05,-0.01,1.61940198485e-13,0
340.0,0.055,-0.01,3.13522479966e-14,0
340.0,0.05,-0.005,1.55581254931e-13,0
340.0,0.055,-0.005,6.5101722254e-15,0
340.0,0.05,0,1.7520067975e-13,0
340.0,0.055,4.16333634234e-19,-8.25433635039e-15,0
340.0,0.05,0.005,2.13780434625e-13,0
340.0,0.055,0.005,1.11467359939e-14,0
340.0,0.05,0.01,2.61157933804e-13,0
340.0,0.055,0.01,7.54140325433e-14,0
340.0,0.05,0.015,3.05498162242e-13,0
340.0,0.055,0.015,1.6486820284e-13,0
340.0,0.05,0.02,3.51742706194e-13,0
340.0,0.055,0.02,2.34467429231e-13,0
340.0,0.05,0.025,4.06077594024e-13,0
340.0,0.055,0.025,3.04242207142e-13,0
340.0,0.05,0.03,4.57257909923e-13,0
340.0,0.055,0.03,3.86098667674e-13,0
340.0,0.05,0.035,4.63464177173e-13,0
340.0,0.055,0.035,4.34932338353e-13,0
340.0,0.05,0.04,4.36846478997e-13,0
340.0,0.055,0.04,4.24255085581e-13,0
340.0,0.05,0.045,4.02534787059e-13,0
340.0,0.055,0.045,3.98687235285e-13,0
340.0,0.05,0.05,3.40485176037e-13,0
340.0,0.05,0.055,2.31512698335e-13,0
340.0,0.055,0.05,3.50927337498e-13,0
340.0,0.055,0.055,2.61726073026e-13,0
340.0,0.05,0.06,9.88811517803e-14,0
340.0,0.05,0.065,-3.75143583993e-14,0
340.0,0.055,0.06,1.37438475395e-13,0
340.0,0.055,0.065,4.72857349988e-15,0
340.0,0.05,0.07,-1.79473642128e-13,0
340.0,0.05,0.075,-3.23962107127e-13,0
340.0,0.055,0.07,-1.33955421878e-13,0
340.0,0.055,0.075,-2.69683231149e-13,0
340.0,0.06,-0.075,-1.01631290974e-14,0
340.0,0.06,-0.07,4.81920226072e-14,0
340.0,0.065,-0.075,1.15965764757e-13,0
340.0,0.065,-0.07,1.66680540222e-13,0
340.0,0.06,-0.065,1.02962159489e-13,0
340.0,0.065,-0.065,2.13798756124e-13,0
340.0,0.06,-0.06,1.53033612146e-13,0
340.0,0.065,-0.06,2.5790105482e-13,0
340.0,0.06,-0.055,1.98467119536e-13,0
340.0,0.065,-0.055,2.97252735375e-13,0
340.0,0.06,-0.05,2.34259945695e-13,0
340.0,0.065,-0.05,3.21612998181e-13,0
340.0,0.06,-0.045,2.55882587733e-13,0
340.0,0.065,-0.045,3.25319326137e-13,0
340.0,0.06,-0.04,2.58155485384e-13,0
340.0,0.065,-0.04,2.99290649293e-13,0
340.0,0.06,-0.035,2.36647001709e-13,0
340.0,0.065,-0.035,2.33380916638e-13,0
340.0,0.06,-0.03,1.76487562833e-13,0
340.0,0.065,-0.03,1.19217630524e-13,0
340.0,0.06,-0.025,8.98191582169e-14,0
340.0,0.065,-0.025,-1.68295066435e-14,0
340.0,0.06,-0.02,-2.19285649723e-15,0
340.0,0.065,-0.02,-1.61982591721e-13,0
340.0,0.06,-0.015,-8.43997845902e-14,0
340.0,0.065,-0.015,-2.93739344811e-13,0
340.0,0.06,-0.01,-1.52541925123e-13,0
340.0,0.065,-0.01,-4.00917708501e-13,0
340.0,0.06,-0.005,-2.1235805807e-13,0
340.0,0.065,-0.005,-4.8733557298e-13,0
340.0,0.06,0,-2.57060101612e-13,0
340.0,0.065,4.16333634234e-19,-5.49774200169e-13,0
340.0,0.06,0.005,-2.6410199253e-13,0
340.0,0.065,0.005,-5.84994525323e-13,0
340.0,0.06,0.01,-2.05722717131e-13,0
340.0,0.065,0.01,-5.47945857726e-13,0
340.0,0.06,0.015,-9.60531019482e-14,0
340.0,0.065,0.015,-4.41175838452e-13,0
340.0,0.06,0.02,1.44700307591e-14,0
340.0,0.065,0.02,-3.07455994917e-13,0
340.0,0.06,0.025,1.19817179308e-13,0
340.0,0.065,0.025,-1.69490550778e-13,0
340.0,0.06,0.03,2.27725073693e-13,0
340.0,0.065,0.03,-3.09633398029e-14,0
340.0,0.06,0.035,3.1726021851e-13,0
340.0,0.065,0.035,9.90889421347e-14,0
340.0,0.06,0.04,3.46926746338e-13,0
340.0,0.065,0.04,1.77400623659e-13,0
340.0,0.06,0.045,3.34784626411e-13,0
340.0,0.065,0.045,1.88774456423e-13,0
340.0,0.06,0.05,3.02335707166e-13,0
340.0,0.065,0.05,1.74071897991e-13,0
340.0,0.06,0.055,2.44433550986e-13,0
340.0,0.065,0.055,1.51066774736e-13,0
340.0,0.06,0.06,1.42085288879e-13,0
340.0,0.06,0.065,1.52509573909e-14,0
340.0,0.065,0.06,8.2089301657e-14,0
340.0,0.065,0.065,-2.45431573891e-14,0
340.0,0.06,0.07,-1.18154887224e-13,0
340.0,0.06,0.075,-2.44573408997e-13,0
340.0,0.065,0.07,-1.42784930607e-13,0
340.0,0.065,0.075,-2.57132047883e-13,0
340.0,0.07,-0.075,2.42188073447e-13,0
340.0,0.07,-0.07,2.86390927163e-13,0
340.0,0.075,-0.075,3.65809984746e-13,0
340.0,0.075,-0.07,4.05964580752e-13,0
340.0,0.07,-0.065,3.27731060896e-13,0
340.0,0.075,-0.065,4.42417885028e-13,0
340.0,0.07,-0.06,3.66890811485e-13,0
340.0,0.075,-0.06,4.78668698888e-13,0
340.0,0.07,-0.055,4.02332710613e-13,0
340.0,0.075,-0.055,5.12365428509e-13,0
340.0,0.07,-0.05,4.16116682387e-13,0
340.0,0.075,-0.05,5.14942277897e-13,0
340.0,0.07,-0.045,3.9202119703e-13,0
340.0,0.075,-0.045,4.5922889177e-13,0
340.0,0.07,-0.04,3.21548533603e-13,0
340.0,0.075,-0.04,3.32627595596e-13,0
340.0,0.07,-0.035,2.00826258341e-13,0
340.0,0.075,-0.035,1.55233904584e-13,0
340.0,0.07,-0.03,4.94225837917e-14,0
340.0,0.075,-0.03,-1.75289797719e-14,0
340.0,0.07,-0.025,-1.2019467828e-13,0
340.0,0.075,-0.025,-2.12017102258e-13,0
340.0,0.07,-0.02,-3.46754260217e-13,0
340.0,0.075,-0.02,-5.35322166928e-13,0
340.0,0.07,-0.015,-5.54103593484e-13,0
340.0,0.075,-0.015,-8.2991667876e-13,0
340.0,0.07,-0.01,-6.81279552156e-13,0
340.0,0.075,-0.01,-9.72970470309e-13,0
340.0,0.07,-0.005,-7.83674999358e-13,0
340.0,0.075,-0.005,-1.08953045109e-12,0
340.0,0.07,0,-8.59689795298e-13,0
340.0,0.075,0,-1.1780696611e-12,0
340.0,0.07,0.005,-9.11636946731e-13,0
340.0,0.075,0.005,-1.24231604565e-12,0
340.0,0.07,0.01,-8.96201232111e-13,0
340.0,0.075,0.01,-1.24766488226e-12,0
340.0,0.07,0.015,-7.91666056953e-13,0
340.0,0.075,0.015,-1.14273551259e-12,0
340.0,0.07,0.02,-6.46389137539e-13,0
340.0,0.075,0.02,-9.86842893973e-13,0
340.0,0.07,0.025,-4.91239352811e-13,0
340.0,0.075,0.025,-8.158308487e-13,0
340.0,0.07,0.03,-3.30232473132e-13,0
340.0,0.075,0.03,-6.3332868064e-13,0
340.0,0.07,0.035,-1.69048756665e-13,0
340.0,0.075,0.035,-4.45509497588e-13,0
340.0,0.07,0.04,-3.26686719099e-14,0
340.0,0.075,0.04,-2.43951977475e-13,0
340.0,0.07,0.045,2.35105257907e-14,0
340.0,0.075,0.045,-1.3782057365e-13,0
340.0,0.07,0.05,1.9000702862e-14,0
340.0,0.075,0.05,-1.34877769609e-13,0
340.0,0.07,0.055,7.93374631179e-15,0
340.0,0.075,0.055,-1.39022102986e-13,0
340.0,0.07,0.06,-2.7741174985e-14,0
340.0,0.075,0.06,-1.47349406144e-13,0
340.0,0.07,0.065,-1.02371728988e-13,0
340.0,0.075,0.065,-1.92263703104e-13,0
340.0,0.07,0.07,-1.99478616613e-13,0
340.0,0.07,0.075,-3.01758563613e-13,0
340.0,0.075,0.07,-2.70011508772e-13,0
340.0,0.075,0.075,-3.63638391137e-13,0
380.0,-0.00382671281566,-0.00202612167119,0,0
380.0,-0.005,-0.005,2.84538202317e-14,0
380.0,-0.00197892066871,-0.00385133392306,0,0
380.0,-0.005,-0.00190753787223,1.63631829971e-14,0
380.0,-0.00433,0,0,0
380.0,-0.00190753787223,-0.005,1.57147866308e-14,0
380.0,0,-0.00433,0,0
380.0,-0.005,0.00190775150599,1.66170052761e-14,0
380.0,-0.00385133392306,0.00197892066871,0,0
380.0,0.00190775150599,-0.005,1.53087559621e-14,0
380.0,0.00202612167119,-0.00382671281566,0,0
380.0,-0.00202612167119,0.00382671281566,0,0
380.0,-0.005,0.005,2.96965841838e-14,0
380.0,-0.0019094272225,0.005,1.58007722141e-14,0
380.0,0,0.00433,0,0
380.0,0.00147766755988,0.00407006125046,0,0
380.0,8.32667268469e-19,0.005,1.13117246925e-14,0
380.0,0.00433,0,0,0
380.0,0.005,1.38777878078e-18,1.13050050641e-14,0
380.0,0.00407006125046,0.00147766755988,0,0
380.0,0.005,-0.005,2.47672474658e-14,0
380.0,0.00385133392306,-0.00197892066871,0,0
380.0,0.005,-0.0019094272225,1.50514031563e-14,0
380.0,0.00306177236254,0.00306177236254,0,0
380.0,0.0019094272225,0.005,1.57935732221e-14,0
380.0,0.005,0.0019094272225,1.49743701521e-14,0
380.0,-0.000885,-0.0015328649647,1.2715382728e-12,0
380.0,-0.0015328649647,-0.000885,1.27166065952e-12,0
380.0,-0.00186450691264,-0.00187567167242,8.43037348515e-13,0
380.0,-0.00177,0,1.27135237691e-12,0
380.0,-0.00268433516245,-0.000738983120158,7.59117668871e-13,0
380.0,0,-0.00177,1.27149989143e-12,0
380.0,-0.000718432264205,-0.00269192408424,7.57411472444e-13,0
380.0,-0.0015328649647,0.000885,1.26984786057e-12,0
380.0,-0.00265321485144,0.000647311733689,7.8990106887e-13,0
380.0,-0.000885,0.0015328649647,1.26822028134e-12,0
380.0,-0.00194719253591,0.00178443766524,8.43963640239e-13,0
380.0,0,0.00177,1.26411399933e-12,0
380.0,-0.000802720381054,0.00273415977115,7.17510532302e-13,0
380.0,0.000885,-0.0015328649647,1.27018868794e-12,0
380.0,0.00075154031863,-0.00270385456952,7.45301299513e-13,0
380.0,0.00177,0,1.26245373299e-12,0
380.0,0.0015328649647,-0.000885,1.26803619355e-12,0
380.0,0.00271471102228,-0.000564731152102,7.60925259313e-13,0
380.0,0.00192394637685,-0.00189207206672,8.10107678339e-13,0
380.0,0.00231817117671,0.00040530921667,9.87924830952e-13,0
380.0,0.0015328649647,0.000885,1.26072001998e-12,0
380.0,0.000885,0.0015328649647,1.26142509246e-12,0
380.0,0.000427053001345,0.00287092483521,6.82199468129e-13,0
380.0,0.00187618296239,0.00184774001435,8.33352335265e-13,0
380.0,0.00312733402203,0.000607809752493,5.19206633321e-13,0
380.0,0.00276214303706,0.00136595635004,5.76867796997e-13,0
380.0,0.0014100336009,0.00268674970267,6.04780504822e-13,0
380.0,-0.075,-0.075,1.62339890552e-13,0
380.0,-0.07,-0.075,9.98102002147e-14,0
380.0,-0.075,-0.07,1.82145649977e-13,0
380.0,-0.07,-0.07,1.21286222262e-13,0
380.0,-0.075,-0.065,1.98669462395e-13,0
380.0,-0.07,-0.065,1.39877057468e-13,0
380.0,-0.065,-0.075,3.75309970259e-14,0
380.0,-0.065,-0.07,6.21214535111e-14,0
380.0,-0.065,-0.065,8.4019671788e-14,0
380.0,-0.075,-0.06,2.02358791212e-13,0
380.0,-0.07,-0.06,1.49677713155e-13,0
380.0,-0.065,-0.06,9.97705016349e-14,0
380.0,-0.075,-0.055,1.94644870546e-13,0
380.0,-0.07,-0.055,1.50198144396e-13,0
380.0,-0.065,-0.055,1.07346514783e-13,0
380.0,-0.075,-0.05,1.87254045319e-13,0
380.0,-0.07,-0.05,1.48281321411e-13,0
380.0,-0.065,-0.05,1.11362771002e-13,0
380.0,-0.075,-0.045,1.75375378025e-13,0
380.0,-0.07,-0.045,1.42136550552e-13,0
380.0,-0.065,-0.045,1.11326060739e-13,0
380.0,-0.075,-0.04,1.57024407946e-13,0
380.0,-0.07,-0.04,1.28228042651e-13,0
380.0,-0.075,-0.035,1.30974021138e-13,0
380.0,-0.07,-0.035,1.05753930693e-13,0
380.0,-0.065,-0.04,1.03141069235e-13,0
380.0,-0.065,-0.035,8.58014730799e-14,0
380.0,-0.075,-0.03,6.10376305103e-14,0
380.0,-0.07,-0.03,5.4274818446e-14,0
380.0,-0.075,-0.025,-6.48473788663e-14,0
380.0,-0.07,-0.025,-3.40112143257e-14,0
380.0,-0.065,-0.03,5.07415618309e-14,0
380.0,-0.065,-0.025,-4.93315100994e-15,0
380.0,-0.075,-0.02,-2.30585146341e-13,0
380.0,-0.07,-0.02,-1.49948794723e-13,0
380.0,-0.075,-0.015,-4.27560512867e-13,0
380.0,-0.07,-0.015,-2.91049543938e-13,0
380.0,-0.065,-0.02,-7.70234265382e-14,0
380.0,-0.065,-0.015,-1.63559256113e-13,0
380.0,-0.075,-0.01,-6.34568603648e-13,0
380.0,-0.07,-0.01,-4.51096141563e-13,0
380.0,-0.075,-0.005,-8.06126219663e-13,0
380.0,-0.07,-0.005,-5.91053784455e-13,0
380.0,-0.065,-0.01,-2.79425679832e-13,0
380.0,-0.065,-0.005,-3.91337212128e-13,0
380.0,-0.075,0,-9.04387576127e-13,0
380.0,-0.07,0,-6.78455080303e-13,0
380.0,-0.075,0.005,-9.24679984401e-13,0
380.0,-0.07,0.005,-7.02654890495e-13,0
380.0,-0.065,4.16333634234e-19,-4.68597317909e-13,0
380.0,-0.065,0.005,-4.94785899786e-13,0
380.0,-0.075,0.01,-8.54073207667e-13,0
380.0,-0.07,0.01,-6.53769220248e-13,0
380.0,-0.075,0.015,-7.08721210832e-13,0
380.0,-0.07,0.015,-5.37947176875e-13,0
380.0,-0.065,0.01,-4.6096081209e-13,0
380.0,-0.065,0.015,-3.67370883084e-13,0
380.0,-0.075,0.02,-5.48674284358e-13,0
380.0,-0.07,0.02,-3.91702201642e-13,0
380.0,-0.075,0.025,-3.81495953593e-13,0
380.0,-0.07,0.025,-2.40436328328e-13,0
380.0,-0.065,0.02,-2.35599305285e-13,0
380.0,-0.065,0.025,-1.00182969087e-13,0
380.0,-0.075,0.03,-2.06861165403e-13,0
380.0,-0.07,0.03,-9.14823866205e-14,0
380.0,-0.075,0.035,-4.14055906329e-14,0
380.0,-0.07,0.035,4.29097089704e-14,0
380.0,-0.065,0.03,2.06064942987e-14,0
380.0,-0.065,0.035,1.099705377e-13,0
380.0,-0.075,0.04,1.11775654404e-13,0
380.0,-0.07,0.04,1.33894885807e-13,0
380.0,-0.075,0.045,1.8914257034e-13,0
380.0,-0.07,0.045,1.67358630572e-13,0
380.0,-0.065,0.04,1.44047418519e-13,0
380.0,-0.065,0.045,1.48144427589e-13,0
380.0,-0.075,0.05,1.98495068105e-13,0
380.0,-0.07,0.05,1.64837075341e-13,0
380.0,-0.075,0.055,1.89817679959e-13,0
380.0,-0.07,0.055,1.4981969344e-13,0
380.0,-0.065,0.05,1.33835821145e-13,0
380.0,-0.065,0.055,1.1241004519e-13,0
380.0,-0.075,0.06,1.69752524964e-13,0
380.0,-0.07,0.06,1.26626374829e-13,0
380.0,-0.075,0.065,1.45016382515e-13,0
380.0,-0.07,0.065,9.91572974817e-14,0
380.0,-0.065,0.06,8.51494380006e-14,0
380.0,-0.065,0.065,5.35450810947e-14,0
380.0,-0.075,0.07,1.17716650191e-13,0
380.0,-0.07,0.07,6.80171238182e-14,0
380.0,-0.075,0.075,8.63563543529e-14,0
380.0,-0.07,0.075,3.36965089277e-14,0
380.0,-0.065,0.07,1.86868461855e-14,0
380.0,-0.065,0.075,-1.91221235427e-14,0
380.0,-0.06,-0.075,-2.26146351722e-14,0
380.0,-0.06,-0.07,5.10708410673e-15,0
380.0,-0.06,-0.065,3.16008133195e-14,0
380.0,-0.055,-0.075,-8.27668977808e-14,0
380.0,-0.055,-0.07,-5.10348989167e-14,0
380.0,-0.055,-0.065,-1.90741799777e-14,0
380.0,-0.06,-0.06,5.43332387941e-14,0
380.0,-0.06,-0.055,6.96114065783e-14,0
380.0,-0.055,-0.06,1.14820860873e-14,0
380.0,-0.055,-0.055,3.42941304904e-14,0
380.0,-0.06,-0.05,7.82855176854e-14,0
380.0,-0.055,-0.05,4.84268662019e-14,0
380.0,-0.06,-0.045,8.28678302811e-14,0
380.0,-0.055,-0.045,5.82372332058e-14,0
380.0,-0.06,-0.04,8.12714795623e-14,0
380.0,-0.055,-0.04,6.35064497882e-14,0
380.0,-0.06,-0.035,7.21547048784e-14,0
380.0,-0.055,-0.035,6.30422069029e-14,0
380.0,-0.06,-0.03,5.13662839979e-14,0
380.0,-0.06,-0.025,1.78301917296e-14,0
380.0,-0.055,-0.03,5.36405445405e-14,0
380.0,-0.055,-0.025,3.55223879252e-14,0
380.0,-0.06,-0.02,-2.32741052332e-14,0
380.0,-0.06,-0.015,-7.1013235744e-14,0
380.0,-0.055,-0.02,1.50556748519e-14,0
380.0,-0.055,-0.015,-7.10390384195e-15,0
380.0,-0.06,-0.01,-1.38768045392e-13,0
380.0,-0.06,-0.005,-2.14576749982e-13,0
380.0,-0.055,-0.01,-4.17121670041e-14,0
380.0,-0.055,-0.005,-8.05700741855e-14,0
380.0,-0.06,0,-2.74566161542e-13,0
380.0,-0.06,0.005,-2.9485206676e-13,0
380.0,-0.055,4.16333634234e-19,-1.13033358159e-13,0
380.0,-0.055,0.005,-1.17338505005e-13,0
380.0,-0.06,0.01,-2.65571129923e-13,0
380.0,-0.06,0.015,-1.89150847328e-13,0
380.0,-0.055,0.01,-8.84246524858e-14,0
380.0,-0.055,0.015,-2.82974982221e-14,0
380.0,-0.06,0.02,-7.95754628967e-14,0
380.0,-0.06,0.025,2.79434897681e-14,0
380.0,-0.055,0.02,5.09783127232e-14,0
380.0,-0.055,0.025,1.16734618593e-13,0
380.0,-0.06,0.03,1.02459022428e-13,0
380.0,-0.06,0.035,1.35896746038e-13,0
380.0,-0.055,0.03,1.41071348718e-13,0
380.0,-0.055,0.035,1.42659827268e-13,0
380.0,-0.06,0.04,1.37488440127e-13,0
380.0,-0.06,0.045,1.26311132147e-13,0
380.0,-0.055,0.04,1.27238217466e-13,0
380.0,-0.055,0.045,1.05797383023e-13,0
380.0,-0.06,0.05,1.0504988537e-13,0
380.0,-0.06,0.055,7.80078246912e-14,0
380.0,-0.055,0.05,7.86430667431e-14,0
380.0,-0.055,0.055,4.56323680602e-14,0
380.0,-0.06,0.06,4.57071707963e-14,0
380.0,-0.06,0.065,9.62085063781e-15,0
380.0,-0.055,0.06,7.49607210522e-15,0
380.0,-0.055,0.065,-3.4097752759e-14,0
380.0,-0.06,0.07,-2.95363649394e-14,0
380.0,-0.06,0.075,-7.01789701105e-14,0
380.0,-0.055,0.07,-7.91183053143e-14,0
380.0,-0.055,0.075,-1.24351160311e-13,0
380.0,-0.05,-0.075,-1.4233467616e-13,0
380.0,-0.05,-0.07,-1.02980737498e-13,0
380.0,-0.045,-0.075,-1.78657719353e-13,0
380.0,-0.045,-0.07,-1.3589777348e-13,0
380.0,-0.05,-0.065,-6.53511534964e-14,0
380.0,-0.045,-0.065,-9.49989885596e-14,0
380.0,-0.05,-0.06,-2.84551458375e-14,0
380.0,-0.05,-0.055,2.01210006507e-15,0
380.0,-0.045,-0.06,-5.62429959308e-14,0
380.0,-0.045,-0.055,-2.23866916154e-14,0
380.0,-0.05,-0.05,2.35077911377e-14,0
380.0,-0.05,-0.045,3.9907811576e-14,0
380.0,-0.045,-0.05,4.74216360335e-15,0
380.0,-0.045,-0.045,2.60869117247e-14,0
380.0,-0.05,-0.04,5.08829648283e-14,0
380.0,-0.045,-0.04,4.17755060979e-14,0
380.0,-0.05,-0.035,5.71263066564e-14,0
380.0,-0.045,-0.035,5.32470343683e-14,0
380.0,-0.05,-0.03,5.74574143112e-14,0
380.0,-0.045,-0.03,6.10203951317e-14,0
380.0,-0.05,-0.025,5.09654027136e-14,0
380.0,-0.045,-0.025,6.4460467961e-14,0
380.0,-0.05,-0.02,4.04982295846e-14,0
380.0,-0.05,-0.015,2.94149306866e-14,0
380.0,-0.045,-0.02,6.29776531186e-14,0
380.0,-0.045,-0.015,6.04883010879e-14,0
380.0,-0.05,-0.01,1.6174705057e-14,0
380.0,-0.05,-0.005,3.18085516524e-15,0
380.0,-0.045,-0.01,6.15996919491e-14,0
380.0,-0.045,-0.005,6.41968178139e-14,0
380.0,-0.05,0,2.36746926777e-15,0
380.0,-0.05,0.005,1.84502837642e-14,0
380.0,-0.045,4.16333634234e-19,7.69165122413e-14,0
380.0,-0.045,0.005,9.8636090568e-14,0
380.0,-0.05,0.01,4.66511447259e-14,0
380.0,-0.05,0.015,8.70253338928e-14,0
380.0,-0.045,0.01,1.22335219702e-13,0
380.0,-0.045,0.015,1.47121394411e-13,0
380.0,-0.05,0.02,1.31902218476e-13,0
380.0,-0.05,0.025,1.55912278198e-13,0
380.0,-0.045,0.02,1.72248702104e-13,0
380.0,-0.045,0.025,1.74921128852e-13,0
380.0,-0.05,0.03,1.53593477742e-13,0
380.0,-0.05,0.035,1.39404934321e-13,0
380.0,-0.045,0.03,1.57613586755e-13,0
380.0,-0.045,0.035,1.34367229685e-13,0
380.0,-0.05,0.04,1.1640797015e-13,0
380.0,-0.05,0.045,8.93018255311e-14,0
380.0,-0.045,0.04,1.06235192417e-13,0
380.0,-0.045,0.045,7.38194804279e-14,0
380.0,-0.05,0.05,5.53532292152e-14,0
380.0,-0.05,0.055,1.4566563361e-14,0
380.0,-0.045,0.05,3.32445376318e-14,0
380.0,-0.045,0.055,-1.48874849627e-14,0
380.0,-0.05,0.06,-3.10202861205e-14,0
380.0,-0.05,0.065,-8.08296147945e-14,0
380.0,-0.045,0.06,-6.94769885046e-14,0
380.0,-0.045,0.065,-1.30083522138e-13,0
380.0,-0.05,0.07,-1.34474800743e-13,0
380.0,-0.05,0.075,-1.88703334943e-13,0
380.0,-0.045,0.07,-1.95625464768e-13,0
380.0,-0.045,0.075,-2.61329704554e-13,0
380.0,-0.04,-0.075,-1.94015636244e-13,0
380.0,-0.04,-0.07,-1.51218768727e-13,0
380.0,-0.035,-0.075,-2.04286253781e-13,0
380.0,-0.035,-0.07,-1.61653349804e-13,0
380.0,-0.04,-0.065,-1.10283730763e-13,0
380.0,-0.035,-0.065,-1.20892551501e-13,0
380.0,-0.04,-0.06,-7.17948775694e-14,0
380.0,-0.035,-0.06,-8.26526881776e-14,0
380.0,-0.04,-0.055,-3.75402183956e-14,0
380.0,-0.035,-0.055,-4.80474712088e-14,0
380.0,-0.04,-0.05,-8.47389095302e-15,0
380.0,-0.04,-0.045,1.57466520761e-14,0
380.0,-0.035,-0.05,-1.77915515573e-14,0
380.0,-0.035,-0.045,8.29978263195e-15,0
380.0,-0.04,-0.04,3.51716618502e-14,0
380.0,-0.04,-0.035,5.05919826583e-14,0
380.0,-0.035,-0.04,3.01994216328e-14,0
380.0,-0.035,-0.035,4.82306839239e-14,0
380.0,-0.04,-0.03,6.27355522276e-14,0
380.0,-0.035,-0.03,6.29454767831e-14,0
380.0,-0.04,-0.025,7.21954587384e-14,0
380.0,-0.035,-0.025,7.51181398725e-14,0
380.0,-0.04,-0.02,7.89797970462e-14,0
380.0,-0.035,-0.02,8.56768780302e-14,0
380.0,-0.04,-0.015,8.48438073803e-14,0
380.0,-0.035,-0.015,9.59047154716e-14,0
380.0,-0.04,-0.01,9.48900298708e-14,0
380.0,-0.04,-0.005,1.06323279758e-13,0
380.0,-0.035,-0.01,1.09123192211e-13,0
380.0,-0.035,-0.005,1.23857537839e-13,0
380.0,-0.04,0,1.19534812946e-13,0
380.0,-0.04,0.005,1.35370778391e-13,0
380.0,-0.035,4.16333634234e-19,1.41007063289e-13,0
380.0,-0.035,0.005,1.6015055815e-13,0
380.0,-0.04,0.01,1.54959518491e-13,0
380.0,-0.04,0.015,1.75566566441e-13,0
380.0,-0.035,0.01,1.78466351137e-13,0
380.0,-0.035,0.015,1.91564416502e-13,0
380.0,-0.04,0.02,1.8833579881e-13,0
380.0,-0.04,0.025,1.78265051217e-13,0
380.0,-0.035,0.02,1.89913674938e-13,0
380.0,-0.035,0.025,1.73755218142e-13,0
380.0,-0.04,0.03,1.55284196592e-13,0
380.0,-0.04,0.035,1.28043956996e-13,0
380.0,-0.035,0.03,1.4939258588e-13,0
380.0,-0.035,0.035,1.20094992408e-13,0
380.0,-0.04,0.04,9.58427260516e-14,0
380.0,-0.04,0.045,5.80993566435e-14,0
380.0,-0.035,0.04,8.51378927024e-14,0
380.0,-0.035,0.045,4.38515498354e-14,0
380.0,-0.04,0.05,1.24893022574e-14,0
380.0,-0.04,0.055,-4.0427412352e-14,0
380.0,-0.035,0.05,-5.97050026948e-15,0
380.0,-0.035,0.055,-6.41016563847e-14,0
380.0,-0.04,0.06,-1.06885054648e-13,0
380.0,-0.04,0.065,-1.8282753342e-13,0
380.0,-0.035,0.06,-1.42565004371e-13,0
380.0,-0.035,0.065,-2.33961546402e-13,0
380.0,-0.04,0.07,-2.59673667584e-13,0
380.0,-0.04,0.075,-3.36333663572e-13,0
380.0,-0.035,0.07,-3.22149490768e-13,0
380.0,-0.035,0.075,-4.08802707452e-13,0
380.0,-0.03,-0.075,-2.09306624374e-13,0
380.0,-0.03,-0.07,-1.6704456434e-13,0
380.0,-0.025,-0.075,-2.09396680983e-13,0
380.0,-0.025,-0.07,-1.67710758994e-13,0
380.0,-0.03,-0.065,-1.2668880573e-13,0
380.0,-0.025,-0.065,-1.28138566246e-13,0
380.0,-0.03,-0.06,-8.88156237263e-14,0
380.0,-0.025,-0.06,-9.09898964775e-14,0
380.0,-0.03,-0.055,-5.43285279655e-14,0
380.0,-0.025,-0.055,-5.69274083894e-14,0
380.0,-0.03,-0.05,-2.36321317769e-14,0
380.0,-0.025,-0.05,-2.64614080923e-14,0
380.0,-0.03,-0.045,3.29562003197e-15,0
380.0,-0.025,-0.045,4.62583104523e-16,0
380.0,-0.03,-0.04,2.64872893368e-14,0
380.0,-0.03,-0.035,4.59881980704e-14,0
380.0,-0.025,-0.04,2.38842564263e-14,0
380.0,-0.025,-0.035,4.40012403825e-14,0
380.0,-0.03,-0.03,6.19995963702e-14,0
380.0,-0.03,-0.025,7.49839485299e-14,0
380.0,-0.025,-0.03,6.04762586717e-14,0
380.0,-0.025,-0.025,7.30900586115e-14,0
380.0,-0.03,-0.02,8.59681914998e-14,0
380.0,-0.025,-0.02,8.29121448088e-14,0
380.0,-0.03,-0.015,9.66211800356e-14,0
380.0,-0.025,-0.015,9.18882194362e-14,0
380.0,-0.03,-0.01,1.08592065153e-13,0
380.0,-0.025,-0.01,1.00960232468e-13,0
380.0,-0.03,-0.005,1.22434768127e-13,0
380.0,-0.025,-0.005,1.11352999444e-13,0
380.0,-0.03,0,1.40777322028e-13,0
380.0,-0.03,0.005,1.61340385257e-13,0
380.0,-0.025,4.16333634234e-19,1.24203873069e-13,0
380.0,-0.025,0.005,1.39747292555e-13,0
380.0,-0.03,0.01,1.78992602904e-13,0
380.0,-0.03,0.015,1.85892817208e-13,0
380.0,-0.025,0.01,1.56047532099e-13,0
380.0,-0.025,0.015,1.65688802363e-13,0
380.0,-0.03,0.02,1.79380505457e-13,0
380.0,-0.03,0.025,1.63866412126e-13,0
380.0,-0.025,0.02,1.63396755716e-13,0
380.0,-0.025,0.025,1.50365903118e-13,0
380.0,-0.03,0.03,1.40094790449e-13,0
380.0,-0.03,0.035,1.10555091579e-13,0
380.0,-0.025,0.03,1.28326917815e-13,0
380.0,-0.025,0.035,9.98941850173e-14,0
380.0,-0.03,0.04,7.45956263275e-14,0
380.0,-0.03,0.045,3.17373798318e-14,0
380.0,-0.025,0.04,6.46490794003e-14,0
380.0,-0.025,0.045,2.24181567097e-14,0
380.0,-0.03,0.05,-2.11477588396e-14,0
380.0,-0.03,0.055,-8.5019047075e-14,0
380.0,-0.025,0.05,-3.13219385375e-14,0
380.0,-0.025,0.055,-9.92115081072e-14,0
380.0,-0.03,0.06,-1.70989941335e-13,0
380.0,-0.03,0.065,-2.70569447759e-13,0
380.0,-0.025,0.06,-1.84764668691e-13,0
380.0,-0.025,0.065,-2.816351931e-13,0
380.0,-0.03,0.07,-3.70443340282e-13,0
380.0,-0.03,0.075,-4.7217211968e-13,0
380.0,-0.025,0.07,-3.84640324446e-13,0
380.0,-0.025,0.075,-4.92615289875e-13,0
380.0,-0.02,-0.075,-2.03841569367e-13,0
380.0,-0.02,-0.07,-1.62836300913e-13,0
380.0,-0.015,-0.075,-1.92480159866e-13,0
380.0,-0.015,-0.07,-1.52029581429e-13,0
380.0,-0.02,-0.065,-1.24288345682e-13,0
380.0,-0.015,-0.065,-1.14618526198e-13,0
380.0,-0.02,-0.06,-8.82866962977e-14,0
380.0,-0.015,-0.06,-8.06695094642e-14,0
380.0,-0.02,-0.055,-5.55026804244e-14,0
380.0,-0.015,-0.055,-5.00195458265e-14,0
380.0,-0.02,-0.05,-2.62959954135e-14,0
380.0,-0.015,-0.05,-2.32308220978e-14,0
380.0,-0.02,-0.045,-3.0903649968e-16,0
380.0,-0.015,-0.045,8.30418613012e-16,0
380.0,-0.02,-0.04,2.24575934992e-14,0
380.0,-0.015,-0.04,2.22640782716e-14,0
380.0,-0.02,-0.035,4.23336586772e-14,0
380.0,-0.015,-0.035,4.10375090616e-14,0
380.0,-0.02,-0.03,5.83749559308e-14,0
380.0,-0.02,-0.025,6.947251566e-14,0
380.0,-0.015,-0.03,5.5726232938e-14,0
380.0,-0.015,-0.025,6.45765083057e-14,0
380.0,-0.02,-0.02,7.695167766e-14,0
380.0,-0.02,-0.015,8.28447444107e-14,0
380.0,-0.015,-0.02,6.91336655801e-14,0
380.0,-0.015,-0.015,7.14361069723e-14,0
380.0,-0.02,-0.01,8.76245389445e-14,0
380.0,-0.015,-0.01,7.14861125241e-14,0
380.0,-0.02,-0.005,9.29657808687e-14,0
380.0,-0.015,-0.005,7.14847714048e-14,0
380.0,-0.02,0,1.01074262443e-13,0
380.0,-0.015,4.16333634234e-19,7.49266123595e-14,0
380.0,-0.02,0.005,1.13154224022e-13,0
380.0,-0.015,0.005,8.38911879671e-14,0
380.0,-0.02,0.01,1.28345416221e-13,0
380.0,-0.02,0.015,1.40661482907e-13,0
380.0,-0.015,0.01,9.95802953907e-14,0
380.0,-0.015,0.015,1.15521683593e-13,0
380.0,-0.02,0.02,1.43545179132e-13,0
380.0,-0.02,0.025,1.34086584662e-13,0
380.0,-0.015,0.02,1.22743780764e-13,0
380.0,-0.015,0.025,1.16200228824e-13,0
380.0,-0.02,0.03,1.14728451639e-13,0
380.0,-0.02,0.035,8.87827935443e-14,0
380.0,-0.015,0.03,9.97892473105e-14,0
380.0,-0.015,0.035,7.78021155845e-14,0
380.0,-0.02,0.04,5.57452435893e-14,0
380.0,-0.02,0.045,1.60871335619e-14,0
380.0,-0.015,0.04,4.82083722686e-14,0
380.0,-0.015,0.045,1.18128104511e-14,0
380.0,-0.02,0.05,-3.52308229674e-14,0
380.0,-0.02,0.055,-1.0166253536e-13,0
380.0,-0.015,0.05,-3.33707594708e-14,0
380.0,-0.015,0.055,-9.31991468911e-14,0
380.0,-0.02,0.06,-1.8144265404e-13,0
380.0,-0.02,0.065,-2.7144912948e-13,0
380.0,-0.015,0.06,-1.66039965733e-13,0
380.0,-0.015,0.065,-2.47435477684e-13,0
380.0,-0.02,0.07,-3.6937437978e-13,0
380.0,-0.02,0.075,-4.73941454782e-13,0
380.0,-0.015,0.07,-3.34647896724e-13,0
380.0,-0.015,0.075,-4.31121849156e-13,0
380.0,-0.01,-0.075,-1.7130073581e-13,0
380.0,-0.01,-0.07,-1.31701147046e-13,0
380.0,-0.005,-0.075,-1.38743335393e-13,0
380.0,-0.005,-0.07,-1.00169859068e-13,0
380.0,-0.01,-0.065,-9.64277790446e-14,0
380.0,-0.005,-0.065,-6.63641684022e-14,0
380.0,-0.01,-0.06,-6.65636758328e-14,0
380.0,-0.005,-0.06,-4.29246886901e-14,0
380.0,-0.01,-0.055,-4.05902604468e-14,0
380.0,-0.005,-0.055,-2.80246461405e-14,0
380.0,-0.01,-0.05,-1.75313275915e-14,0
380.0,-0.005,-0.05,-9.76819312207e-15,0
380.0,-0.01,-0.045,3.76707970275e-15,0
380.0,-0.005,-0.045,7.87471117105e-15,0
380.0,-0.01,-0.04,2.30593295981e-14,0
380.0,-0.005,-0.04,2.4400806113e-14,0
380.0,-0.01,-0.035,3.99062529897e-14,0
380.0,-0.005,-0.035,3.88495629028e-14,0
380.0,-0.01,-0.03,5.24515835938e-14,0
380.0,-0.005,-0.03,4.86726293564e-14,0
380.0,-0.01,-0.025,5.8721560653e-14,0
380.0,-0.005,-0.025,5.2072266866e-14,0
380.0,-0.01,-0.02,6.05445539713e-14,0
380.0,-0.01,-0.015,5.94907526396e-14,0
380.0,-0.005,-0.02,5.22733343589e-14,0
380.0,-0.005,-0.015,4.93501893101e-14,0
380.0,-0.0117873230072,-0.0115873794689,6.19454561629e-14,0
380.0,-0.00939961996336,-0.005,4.65110018638e-14,0
380.0,-0.00792797428371,-0.00964253216809,4.83550194132e-14,0
380.0,-0.005,-0.00939961996336,4.03068711536e-14,0
380.0,-0.0108753492546,-0.00150606400588,5.16276360863e-14,0
380.0,-0.00818101620308,-0.00211452602544,3.71934131964e-14,0
380.0,-0.00651817360753,-0.000255934956239,2.58368893821e-14,0
380.0,-0.005,6.71033969428e-08,1.21877374103e-14,0
380.0,-0.0107292118043,0.00160660295843,5.29451553127e-14,0
380.0,-0.0080188992252,0.000768320427092,3.59413544554e-14,0
380.0,-0.00939946851065,0.005,5.14124371528e-14,0
380.0,-0.00802129342231,0.00264911934363,3.87414566697e-14,0
380.0,-0.00887989370213,0.00887989479405,6.23562552834e-14,0
380.0,-0.01,0.015,8.99761363042e-14,0
380.0,-0.005,0.00939947397025,5.07510671612e-14,0
380.0,-0.005,0.015,6.79640290461e-14,0
380.0,-0.01,0.02,9.8894451987e-14,0
380.0,-0.01,0.025,9.49620319791e-14,0
380.0,-0.005,0.02,7.26246536226e-14,0
380.0,-0.005,0.025,6.91925620102e-14,0
380.0,-0.01,0.03,8.14968220372e-14,0
380.0,-0.01,0.035,6.4365268574e-14,0
380.0,-0.005,0.03,5.89849444612e-14,0
380.0,-0.005,0.035,4.58127588274e-14,0
380.0,-0.01,0.04,3.9824999059e-14,0
380.0,-0.01,0.045,9.30859433836e-15,0
380.0,-0.005,0.04,2.75750939935e-14,0
380.0,-0.005,0.045,6.37346393522e-15,0
380.0,-0.01,0.05,-2.54603212045e-14,0
380.0,-0.01,0.055,-6.98647552349e-14,0
380.0,-0.005,0.05,-1.27661386597e-14,0
380.0,-0.005,0.055,-3.46454560079e-14,0
380.0,-0.01,0.06,-1.27348535716e-13,0
380.0,-0.01,0.065,-1.92740421972e-13,0
380.0,-0.005,0.06,-6.72970676241e-14,0
380.0,-0.005,0.065,-1.07928658989e-13,0
380.0,-0.01,0.07,-2.61579249148e-13,0
380.0,-0.01,0.075,-3.36483367188e-13,0
380.0,-0.005,0.07,-1.51852170574e-13,0
380.0,-0.005,0.075,-1.96148635292e-13,0
380.0,0,-0.075,-5.59766281129e-14,0
380.0,0,-0.07,-2.99905371676e-14,0
380.0,0.005,-0.075,6.68172767795e-14,0
380.0,0.005,-0.07,6.3215462821e-14,0
380.0,0,-0.065,-8.26446947932e-15,0
380.0,0.005,-0.065,5.89839666123e-14,0
380.0,0,-0.06,-2.13948201983e-15,0
380.0,0.005,-0.06,4.0800329656e-14,0
380.0,0,-0.055,-3.40976181825e-15,0
380.0,0.005,-0.055,2.28226304775e-14,0
380.0,0,-0.05,1.04024257216e-15,0
380.0,0.005,-0.05,1.17640245828e-14,0
380.0,0,-0.045,9.87833159491e-15,0
380.0,0.005,-0.045,7.48693350498e-15,0
380.0,0,-0.04,2.06526118171e-14,0
380.0,0.005,-0.04,8.77772533393e-15,0
380.0,0,-0.035,3.2029446549e-14,0
380.0,0.005,-0.035,1.49080753764e-14,0
380.0,0,-0.03,3.99833704413e-14,0
380.0,0.005,-0.03,2.1838713572e-14,0
380.0,0,-0.025,4.28550589943e-14,0
380.0,0.005,-0.025,2.79890097266e-14,0
380.0,0,-0.02,4.38022390563e-14,0
380.0,0.005,-0.02,3.35933779482e-14,0
380.0,0,-0.015,4.1720824247e-14,0
380.0,0.005,-0.015,3.55725776184e-14,0
380.0,-0.0021196717084,-0.00776771017156,3.01387953791e-14,0
380.0,-0.00084550708518,-0.00631514607954,2.22745582264e-14,0
380.0,6.71033969406e-08,-0.005,1.19237636049e-14,0
380.0,-0.00139054260708,-0.0110960807567,3.7846046179e-14,0
380.0,0.00132468676756,-0.00775008274642,2.77799182356e-14,0
380.0,0.00160394440688,-0.0116908851489,3.6077134322e-14,0
380.0,0.005,-0.00939946851065,3.17829754571e-14,0
380.0,0.005,0.005,2.41911913351e-14,0
380.0,-0.000107646311398,0.00617659695633,2.57792184055e-14,0
380.0,-0.00190846935279,0.0076427502668,3.70499399633e-14,0
380.0,0.00131146485568,0.00777290068297,3.42005311722e-14,0
380.0,0.00295884413402,0.00640276348073,2.78593869117e-14,0
380.0,-1.21517769428e-05,0.0108932602996,4.43971732543e-14,0
380.0,0,0.015,4.8243619289e-14,0
380.0,0.005,0.00939942566771,2.9068631547e-14,0
380.0,0.005,0.015,2.65223247646e-14,0
380.0,0,0.02,4.70559824969e-14,0
380.0,0,0.025,4.17001460183e-14,0
380.0,0.005,0.02,2.05671679071e-14,0
380.0,0.005,0.025,1.30601783745e-14,0
380.0,0,0.03,3.33200924837e-14,0
380.0,0,0.035,2.35724777962e-14,0
380.0,0.005,0.03,5.68655982307e-15,0
380.0,0.005,0.035,-9.40309263485e-16,0
380.0,0,0.04,1.19029263376e-14,0
380.0,0,0.045,2.82725496963e-15,0
380.0,0.005,0.04,-6.02810135438e-15,0
380.0,0.005,0.045,-4.48533858462e-15,0
380.0,0,0.05,-1.32039008784e-15,0
380.0,0,0.055,-3.60159506531e-15,0
380.0,0.005,0.05,3.77465616504e-15,0
380.0,0.005,0.055,1.63428466334e-14,0
380.0,0,0.06,-6.94342755546e-15,0
380.0,0,0.065,-1.67686227655e-14,0
380.0,0.005,0.06,3.31366419379e-14,0
380.0,0.005,0.065,5.24688756784e-14,0
380.0,0,0.07,-3.6172609722e-14,0
380.0,0,0.075,-5.35336051546e-14,0
380.0,0.005,0.07,6.29481275683e-14,0
380.0,0.005,0.075,7.53037293406e-14,0
380.0,0.01,-0.075,1.77387250184e-13,0
380.0,0.01,-0.07,1.37535605808e-13,0
380.0,0.015,-0.075,2.47449626942e-13,0
380.0,0.015,-0.07,1.87853313985e-13,0
380.0,0.01,-0.065,1.01018259821e-13,0
380.0,0.015,-0.065,1.35858413705e-13,0
380.0,0.01,-0.06,7.08779130882e-14,0
380.0,0.015,-0.06,9.55096325061e-14,0
380.0,0.01,-0.055,4.36503231976e-14,0
380.0,0.015,-0.055,5.82390066655e-14,0
380.0,0.01,-0.05,1.9551718893e-14,0
380.0,0.015,-0.05,2.18712510884e-14,0
380.0,0.01,-0.045,9.98751838139e-16,0
380.0,0.015,-0.045,-1.04460457083e-14,0
380.0,0.01,-0.04,-8.21926231129e-15,0
380.0,0.015,-0.04,-2.96696805062e-14,0
380.0,0.01,-0.035,-8.79361733583e-15,0
380.0,0.015,-0.035,-3.61364810761e-14,0
380.0,0.01,-0.03,-4.66272202067e-15,0
380.0,0.015,-0.03,-3.55631059008e-14,0
380.0,0.01,-0.025,1.59555312656e-15,0
380.0,0.015,-0.025,-3.18719968414e-14,0
380.0,0.01,-0.02,1.34776248319e-14,0
380.0,0.01,-0.015,2.26242262258e-14,0
380.0,0.015,-0.02,-1.84021990631e-14,0
380.0,0.015,-0.015,-4.28184587208e-15,0
380.0,0.00999280436795,-0.0116358337096,2.39028223898e-14,0
380.0,0.0105889214373,-0.00845762197625,2.3347871336e-14,0
380.0,0.015,-0.01,2.65284568137e-15,0
380.0,0.00939947397025,-0.005,2.56803431434e-14,0
380.0,0.015,-0.005,8.7708739763e-15,0
380.0,0.00658051136513,-0.00296146438142,2.41783228279e-14,0
380.0,0.00636794669772,-3.54305826484e-06,2.03940502552e-14,0
380.0,0.00795807888052,-0.00113999998936,2.36203760625e-14,0
380.0,0.00758147027913,0.00183630393596,2.24447896505e-14,0
380.0,0.0112534647756,-1.47536350887e-07,1.93816081979e-14,0
380.0,0.015,4.16333634234e-19,8.70354029978e-15,0
380.0,0.00939942566771,0.005,1.88393633496e-14,0
380.0,0.015,0.005,-2.7334044498e-16,0
380.0,0.00999018807453,0.0109670628501,8.92475606558e-15,0
380.0,0.01,0.015,1.95596026552e-15,0
380.0,0.015,0.01,-1.29509049289e-14,0
380.0,0.015,0.015,-2.59550391826e-14,0
380.0,0.01,0.02,-7.73897428868e-15,0
380.0,0.01,0.025,-1.67546235671e-14,0
380.0,0.015,0.02,-3.89350453175e-14,0
380.0,0.015,0.025,-4.89982698151e-14,0
380.0,0.01,0.03,-2.31343216454e-14,0
380.0,0.01,0.035,-2.64360063221e-14,0
380.0,0.015,0.03,-5.42658808203e-14,0
380.0,0.015,0.035,-5.37037818449e-14,0
380.0,0.01,0.04,-2.3789619132e-14,0
380.0,0.01,0.045,-1.38200415583e-14,0
380.0,0.015,0.04,-4.41172951828e-14,0
380.0,0.015,0.045,-2.74242197503e-14,0
380.0,0.01,0.05,2.31608141171e-15,0
380.0,0.01,0.055,2.41584833867e-14,0
380.0,0.015,0.05,-4.39410442566e-15,0
380.0,0.015,0.055,2.63339170673e-14,0
380.0,0.01,0.06,5.19495076169e-14,0
380.0,0.01,0.065,8.5193616893e-14,0
380.0,0.015,0.06,6.57356992765e-14,0
380.0,0.015,0.065,1.11748763299e-13,0
380.0,0.01,0.07,1.3062066594e-13,0
380.0,0.01,0.075,1.8176260883e-13,0
380.0,0.015,0.07,1.76120871817e-13,0
380.0,0.015,0.075,2.50677795435e-13,0
380.0,0.02,-0.075,2.78393412697e-13,0
380.0,0.02,-0.07,2.15794848015e-13,0
380.0,0.025,-0.075,2.92157166578e-13,0
380.0,0.025,-0.07,2.27522124214e-13,0
380.0,0.02,-0.065,1.59569188803e-13,0
380.0,0.025,-0.065,1.67130447264e-13,0
380.0,0.02,-0.06,1.08939724556e-13,0
380.0,0.025,-0.06,1.10095191777e-13,0
380.0,0.02,-0.055,6.09176527442e-14,0
380.0,0.025,-0.055,5.63647304393e-14,0
380.0,0.02,-0.05,1.71856072867e-14,0
380.0,0.025,-0.05,7.75942885318e-15,0
380.0,0.02,-0.045,-2.28466103036e-14,0
380.0,0.025,-0.045,-3.75280217308e-14,0
380.0,0.02,-0.04,-5.34503785691e-14,0
380.0,0.025,-0.04,-7.8057821569e-14,0
380.0,0.02,-0.035,-6.74871249583e-14,0
380.0,0.025,-0.035,-1.00832227298e-13,0
380.0,0.02,-0.03,-7.05750242077e-14,0
380.0,0.025,-0.03,-1.08408511655e-13,0
380.0,0.02,-0.025,-6.99345868049e-14,0
380.0,0.025,-0.025,-1.11237915998e-13,0
380.0,0.02,-0.02,-5.81815220465e-14,0
380.0,0.025,-0.02,-1.0360469381e-13,0
380.0,0.02,-0.015,-4.18738513616e-14,0
380.0,0.025,-0.015,-8.6463126248e-14,0
380.0,0.02,-0.01,-3.1335619284e-14,0
380.0,0.025,-0.01,-7.23554645184e-14,0
380.0,0.02,-0.005,-2.14468527339e-14,0
380.0,0.025,-0.005,-6.10378347111e-14,0
380.0,0.02,0,-1.87065137071e-14,0
380.0,0.025,4.16333634234e-19,-5.70840912247e-14,0
380.0,0.02,0.005,-2.83439607289e-14,0
380.0,0.025,0.005,-6.44673156946e-14,0
380.0,0.02,0.01,-4.37268327325e-14,0
380.0,0.025,0.01,-8.01315138665e-14,0
380.0,0.02,0.015,-5.98058776815e-14,0
380.0,0.025,0.015,-9.83134511854e-14,0
380.0,0.02,0.02,-7.49648164453e-14,0
380.0,0.02,0.025,-8.53146689403e-14,0
380.0,0.025,0.02,-1.15294491528e-13,0
380.0,0.025,0.025,-1.24761533594e-13,0
380.0,0.02,0.03,-8.81899506488e-14,0
380.0,0.02,0.035,-8.23048069592e-14,0
380.0,0.025,0.03,-1.23200955067e-13,0
380.0,0.025,0.035,-1.12945022796e-13,0
380.0,0.02,0.04,-6.77919976066e-14,0
380.0,0.02,0.045,-4.7012764841e-14,0
380.0,0.025,0.04,-9.50420879938e-14,0
380.0,0.025,0.045,-7.11250674121e-14,0
380.0,0.02,0.05,-1.79675755207e-14,0
380.0,0.02,0.055,1.99752495642e-14,0
380.0,0.025,0.05,-3.69217184447e-14,0
380.0,0.025,0.055,1.031159498e-14,0
380.0,0.02,0.06,7.2409678834e-14,0
380.0,0.02,0.065,1.35484477933e-13,0
380.0,0.025,0.06,7.41100271643e-14,0
380.0,0.025,0.065,1.48089592282e-13,0
380.0,0.02,0.07,2.08111224209e-13,0
380.0,0.02,0.075,2.87863353246e-13,0
380.0,0.025,0.07,2.27581674367e-13,0
380.0,0.025,0.075,3.12247322797e-13,0
380.0,0.03,-0.075,2.91853420493e-13,0
380.0,0.03,-0.07,2.25819172383e-13,0
380.0,0.035,-0.075,2.85574244344e-13,0
380.0,0.035,-0.07,2.17826984661e-13,0
380.0,0.03,-0.065,1.62668537232e-13,0
380.0,0.035,-0.065,1.51928944081e-13,0
380.0,0.03,-0.06,1.0289685924e-13,0
380.0,0.035,-0.06,9.05144663701e-14,0
380.0,0.03,-0.055,4.67675117214e-14,0
380.0,0.035,-0.055,3.28820885915e-14,0
380.0,0.03,-0.05,-5.73356426395e-15,0
380.0,0.035,-0.05,-2.15046870631e-14,0
380.0,0.03,-0.045,-5.57394594447e-14,0
380.0,0.035,-0.045,-7.39012349098e-14,0
380.0,0.03,-0.04,-1.02951698247e-13,0
380.0,0.035,-0.04,-1.23780235764e-13,0
380.0,0.03,-0.035,-1.33573541671e-13,0
380.0,0.035,-0.035,-1.62298853006e-13,0
380.0,0.03,-0.03,-1.46796914511e-13,0
380.0,0.035,-0.03,-1.82831465985e-13,0
380.0,0.03,-0.025,-1.53872012517e-13,0
380.0,0.035,-0.025,-1.9162009787e-13,0
380.0,0.03,-0.02,-1.5142593053e-13,0
380.0,0.035,-0.02,-1.90098959082e-13,0
380.0,0.03,-0.015,-1.39505127553e-13,0
380.0,0.035,-0.015,-1.83127384444e-13,0
380.0,0.03,-0.01,-1.24346258643e-13,0
380.0,0.035,-0.01,-1.71013286123e-13,0
380.0,0.03,-0.005,-1.10939652291e-13,0
380.0,0.035,-0.005,-1.55873037685e-13,0
380.0,0.03,0,-1.04956272038e-13,0
380.0,0.035,4.16333634234e-19,-1.46400167169e-13,0
380.0,0.03,0.005,-1.0947996587e-13,0
380.0,0.035,0.005,-1.47568963098e-13,0
380.0,0.03,0.01,-1.24316038732e-13,0
380.0,0.035,0.01,-1.59254091549e-13,0
380.0,0.03,0.015,-1.44186345134e-13,0
380.0,0.035,0.015,-1.76135215172e-13,0
380.0,0.03,0.02,-1.59507512738e-13,0
380.0,0.035,0.02,-1.89262699756e-13,0
380.0,0.03,0.025,-1.63124634075e-13,0
380.0,0.035,0.025,-1.92981438711e-13,0
380.0,0.03,0.03,-1.57417772886e-13,0
380.0,0.03,0.035,-1.45090004446e-13,0
380.0,0.035,0.03,-1.88794946367e-13,0
380.0,0.035,0.035,-1.77836619372e-13,0
380.0,0.03,0.04,-1.25293830952e-13,0
380.0,0.03,0.045,-9.90581020739e-14,0
380.0,0.035,0.04,-1.57874685788e-13,0
380.0,0.035,0.045,-1.29809182406e-13,0
380.0,0.03,0.05,-5.96071865646e-14,0
380.0,0.03,0.055,-1.96317754064e-15,0
380.0,0.035,0.05,-8.52179004051e-14,0
380.0,0.035,0.055,-1.86583059897e-14,0
380.0,0.03,0.06,7.00764770117e-14,0
380.0,0.03,0.065,1.50356250733e-13,0
380.0,0.035,0.06,6.18470987428e-14,0
380.0,0.035,0.065,1.48854575908e-13,0
380.0,0.03,0.07,2.35888330785e-13,0
380.0,0.03,0.075,3.24552848061e-13,0
380.0,0.035,0.07,2.40064099028e-13,0
380.0,0.035,0.075,3.33110529738e-13,0
380.0,0.04,-0.075,2.68235506958e-13,0
380.0,0.04,-0.07,1.99884000088e-13,0
380.0,0.045,-0.075,2.3788389531e-13,0
380.0,0.045,-0.07,1.73082079002e-13,0
380.0,0.04,-0.065,1.33886009317e-13,0
380.0,0.045,-0.065,1.10528991003e-13,0
380.0,0.04,-0.06,7.32341263275e-14,0
380.0,0.045,-0.06,5.23206273637e-14,0
380.0,0.04,-0.055,1.59308742854e-14,0
380.0,0.045,-0.055,-3.03839068524e-15,0
380.0,0.04,-0.05,-3.80885097686e-14,0
380.0,0.045,-0.05,-5.51668726589e-14,0
380.0,0.04,-0.045,-8.99752152279e-14,0
380.0,0.045,-0.045,-1.04366315726e-13,0
380.0,0.04,-0.04,-1.38439945225e-13,0
380.0,0.045,-0.04,-1.48457001828e-13,0
380.0,0.04,-0.035,-1.7982263589e-13,0
380.0,0.045,-0.035,-1.85917625594e-13,0
380.0,0.04,-0.03,-2.08214204199e-13,0
380.0,0.045,-0.03,-2.1291317563e-13,0
380.0,0.04,-0.025,-2.15680018704e-13,0
380.0,0.045,-0.025,-2.20069982638e-13,0
380.0,0.04,-0.02,-2.1013233233e-13,0
380.0,0.045,-0.02,-2.10986629341e-13,0
380.0,0.04,-0.015,-2.03422098317e-13,0
380.0,0.045,-0.015,-1.92058734889e-13,0
380.0,0.04,-0.01,-1.90734454073e-13,0
380.0,0.045,-0.01,-1.67027268335e-13,0
380.0,0.04,-0.005,-1.72126581717e-13,0
380.0,0.045,-0.005,-1.42767307969e-13,0
380.0,0.04,0,-1.58708458006e-13,0
380.0,0.045,4.16333634234e-19,-1.31025993312e-13,0
380.0,0.04,0.005,-1.57695381421e-13,0
380.0,0.045,0.005,-1.33401790356e-13,0
380.0,0.04,0.01,-1.66375392584e-13,0
380.0,0.045,0.01,-1.4505335543e-13,0
380.0,0.04,0.015,-1.79975796729e-13,0
380.0,0.045,0.015,-1.63418509991e-13,0
380.0,0.04,0.02,-1.97151160253e-13,0
380.0,0.045,0.02,-1.9072688627e-13,0
380.0,0.04,0.025,-2.10915386493e-13,0
380.0,0.045,0.025,-2.19208303206e-13,0
380.0,0.04,0.03,-2.14781716049e-13,0
380.0,0.045,0.03,-2.36516560864e-13,0
380.0,0.04,0.035,-2.08474989517e-13,0
380.0,0.045,0.035,-2.3590254553e-13,0
380.0,0.04,0.04,-1.9061387738e-13,0
380.0,0.04,0.045,-1.61483728437e-13,0
380.0,0.045,0.04,-2.19479804117e-13,0
380.0,0.045,0.045,-1.91742439337e-13,0
380.0,0.04,0.05,-1.12748874585e-13,0
380.0,0.04,0.055,-3.84937291696e-14,0
380.0,0.045,0.05,-1.40993036852e-13,0
380.0,0.045,0.055,-6.0328969642e-14,0
380.0,0.04,0.06,5.01838588442e-14,0
380.0,0.04,0.065,1.44251987577e-13,0
380.0,0.045,0.06,3.56520460601e-14,0
380.0,0.045,0.065,1.36312129559e-13,0
380.0,0.04,0.07,2.41179454771e-13,0
380.0,0.04,0.075,3.3913452932e-13,0
380.0,0.045,0.07,2.39917694804e-13,0
380.0,0.045,0.075,3.43053947443e-13,0
380.0,0.05,-0.075,2.04781275268e-13,0
380.0,0.05,-0.07,1.43449358294e-13,0
380.0,0.055,-0.075,1.71152560221e-13,0
380.0,0.055,-0.07,1.1272810498e-13,0
380.0,0.05,-0.065,8.44402686289e-14,0
380.0,0.055,-0.065,5.66196386425e-14,0
380.0,0.05,-0.06,2.9053010954e-14,0
380.0,0.055,-0.06,4.03692469738e-15,0
380.0,0.05,-0.055,-2.36728672419e-14,0
380.0,0.055,-0.055,-4.59832068613e-14,0
380.0,0.05,-0.05,-7.27804614393e-14,0
380.0,0.055,-0.05,-9.17516145627e-14,0
380.0,0.05,-0.045,-1.17365563442e-13,0
380.0,0.055,-0.045,-1.31330803274e-13,0
380.0,0.05,-0.04,-1.55253315909e-13,0
380.0,0.055,-0.04,-1.6180247077e-13,0
380.0,0.05,-0.035,-1.85979640553e-13,0
380.0,0.055,-0.035,-1.82397795273e-13,0
380.0,0.05,-0.03,-2.02689538108e-13,0
380.0,0.055,-0.03,-1.82515620828e-13,0
380.0,0.05,-0.025,-2.02304532383e-13,0
380.0,0.055,-0.025,-1.63009320033e-13,0
380.0,0.05,-0.02,-1.81216892775e-13,0
380.0,0.055,-0.02,-1.24393343446e-13,0
380.0,0.05,-0.015,-1.42240966038e-13,0
380.0,0.055,-0.015,-7.55523794617e-14,0
380.0,0.05,-0.01,-1.07167723695e-13,0
380.0,0.055,-0.01,-3.46770697062e-14,0
380.0,0.05,-0.005,-7.87127360208e-14,0
380.0,0.055,-0.005,1.49641044418e-15,0
380.0,0.05,0,-6.84711185711e-14,0
380.0,0.055,4.16333634234e-19,2.53051462056e-14,0
380.0,0.05,0.005,-7.57121111301e-14,0
380.0,0.055,0.005,2.27275359211e-14,0
380.0,0.05,0.01,-9.69100967216e-14,0
380.0,0.055,0.01,-1.33105819663e-14,0
380.0,0.05,0.015,-1.28046514216e-13,0
380.0,0.055,0.015,-7.41414083703e-14,0
380.0,0.05,0.02,-1.66742140983e-13,0
380.0,0.055,0.02,-1.28583256192e-13,0
380.0,0.05,0.025,-2.09602697758e-13,0
380.0,0.055,0.025,-1.83556389221e-13,0
380.0,0.05,0.03,-2.49904987138e-13,0
380.0,0.055,0.03,-2.46224487142e-13,0
380.0,0.05,0.035,-2.61208385229e-13,0
380.0,0.055,0.035,-2.8090055332e-13,0
380.0,0.05,0.04,-2.45723614099e-13,0
380.0,0.055,0.04,-2.71667491084e-13,0
380.0,0.05,0.045,-2.20048189814e-13,0
380.0,0.055,0.045,-2.46844197143e-13,0
380.0,0.05,0.05,-1.68114894182e-13,0
380.0,0.05,0.055,-8.22092532892e-14,0
380.0,0.055,0.05,-1.92596913933e-13,0
380.0,0.055,0.055,-1.0413811255e-13,0
380.0,0.05,0.06,1.86597284665e-14,0
380.0,0.05,0.065,1.23777840858e-13,0
380.0,0.055,0.06,6.08077846637e-17,0
380.0,0.055,0.065,1.10214341926e-13,0
380.0,0.05,0.07,2.3732766796e-13,0
380.0,0.05,0.075,3.54465785372e-13,0
380.0,0.055,0.07,2.37717462128e-13,0
380.0,0.055,0.075,3.715336552e-13,0
380.0,0.06,-0.075,1.37333361345e-13,0
380.0,0.06,-0.07,8.13807095011e-14,0
380.0,0.065,-0.075,1.03726894134e-13,0
380.0,0.065,-0.07,4.96607323406e-14,0
380.0,0.06,-0.065,2.76850784376e-14,0
380.0,0.065,-0.065,-2.12495978059e-15,0
380.0,0.06,-0.06,-2.2704771419e-14,0
380.0,0.065,-0.06,-5.1000016528e-14,0
380.0,0.06,-0.055,-7.05799752168e-14,0
380.0,0.065,-0.055,-9.73360779172e-14,0
380.0,0.06,-0.05,-1.1276029779e-13,0
380.0,0.065,-0.05,-1.35787998687e-13,0
380.0,0.06,-0.045,-1.45937634192e-13,0
380.0,0.065,-0.045,-1.61540076826e-13,0
380.0,0.06,-0.04,-1.66129908785e-13,0
380.0,0.065,-0.04,-1.67934241379e-13,0
380.0,0.06,-0.035,-1.69607910772e-13,0
380.0,0.065,-0.035,-1.46637877388e-13,0
380.0,0.06,-0.03,-1.45741851104e-13,0
380.0,0.065,-0.03,-9.18909001381e-14,0
380.0,0.06,-0.025,-1.0010933162e-13,0
380.0,0.065,-0.025,-2.00429037671e-14,0
380.0,0.06,-0.02,-4.16782142442e-14,0
380.0,0.065,-0.02,6.66668549285e-14,0
380.0,0.06,-0.015,1.94085893299e-14,0
380.0,0.065,-0.015,1.52773439945e-13,0
380.0,0.06,-0.01,7.40482683595e-14,0
380.0,0.065,-0.01,2.21489112375e-13,0
380.0,0.06,-0.005,1.22069093863e-13,0
380.0,0.065,-0.005,2.76589429788e-13,0
380.0,0.06,0,1.56336150991e-13,0
380.0,0.065,4.16333634234e-19,3.15087763894e-13,0
380.0,0.06,0.005,1.64010658353e-13,0
380.0,0.065,0.005,3.34147549559e-13,0
380.0,0.06,0.01,1.26535636384e-13,0
380.0,0.065,0.01,3.02491331694e-13,0
380.0,0.06,0.015,4.85927221012e-14,0
380.0,0.065,0.015,2.16298504169e-13,0
380.0,0.06,0.02,-3.73136522036e-14,0
380.0,0.065,0.02,1.05511394749e-13,0
380.0,0.06,0.025,-1.21871726496e-13,0
380.0,0.065,0.025,-7.62919560275e-15,0
380.0,0.06,0.03,-2.05967906334e-13,0
380.0,0.065,0.03,-1.17335877019e-13,0
380.0,0.06,0.035,-2.69944959373e-13,0
380.0,0.065,0.035,-2.15553965711e-13,0
380.0,0.06,0.04,-2.85205661722e-13,0
380.0,0.065,0.04,-2.64757679201e-13,0
380.0,0.06,0.045,-2.59400280778e-13,0
380.0,0.065,0.045,-2.46138757118e-13,0
380.0,0.06,0.05,-2.02674003394e-13,0
380.0,0.065,0.05,-1.90146109017e-13,0
380.0,0.06,0.055,-1.22876956962e-13,0
380.0,0.065,0.055,-1.25195692836e-13,0
380.0,0.06,0.06,-1.81301603579e-14,0
380.0,0.06,0.065,1.06594393289e-13,0
380.0,0.065,0.06,-2.49804197449e-14,0
380.0,0.065,0.065,1.10215074407e-13,0
380.0,0.06,0.07,2.47597652376e-13,0
380.0,0.06,0.075,3.93631467542e-13,0
380.0,0.065,0.07,2.61845472746e-13,0
380.0,0.065,0.075,4.17876704766e-13,0
380.0,0.07,-0.075,6.99571588186e-14,0
380.0,0.07,-0.07,1.74044522868e-14,0
380.0,0.075,-0.075,3.64249703948e-14,0
380.0,0.075,-0.07,-1.53157702669e-14,0
380.0,0.07,-0.065,-3.30538631773e-14,0
380.0,0.075,-0.065,-6.47318298728e-14,0
380.0,0.07,-0.06,-8.07841831411e-14,0
380.0,0.075,-0.06,-1.11810641793e-13,0
380.0,0.07,-0.055,-1.2614848271e-13,0
380.0,0.075,-0.055,-1.56884700764e-13,0
380.0,0.07,-0.05,-1.61063815419e-13,0
380.0,0.075,-0.05,-1.8793979143e-13,0
380.0,0.07,-0.045,-1.74855520025e-13,0
380.0,0.075,-0.045,-1.88052420188e-13,0
380.0,0.07,-0.04,-1.59289406469e-13,0
380.0,0.075,-0.04,-1.44690718038e-13,0
380.0,0.07,-0.035,-1.07818272467e-13,0
380.0,0.075,-0.035,-6.25524049664e-14,0
380.0,0.07,-0.03,-3.17330954926e-14,0
380.0,0.075,-0.03,2.5499563276e-14,0
380.0,0.07,-0.025,5.77659254207e-14,0
380.0,0.075,-0.025,1.28055987704e-13,0
380.0,0.07,-0.02,1.86143795578e-13,0
380.0,0.075,-0.02,3.05614972332e-13,0
380.0,0.07,-0.015,3.08339945471e-13,0
380.0,0.075,-0.015,4.7099187414e-13,0
380.0,0.07,-0.01,3.84388765762e-13,0
380.0,0.075,-0.01,5.53719421857e-13,0
380.0,0.07,-0.005,4.44900370012e-13,0
380.0,0.075,-0.005,6.19584340495e-13,0
380.0,0.07,0,4.87316243464e-13,0
380.0,0.075,0,6.66241127367e-13,0
380.0,0.07,0.005,5.12000609025e-13,0
380.0,0.075,0.005,6.94878392542e-13,0
380.0,0.07,0.01,4.81835130761e-13,0
380.0,0.075,0.01,6.64233577838e-13,0
380.0,0.07,0.015,3.82516852486e-13,0
380.0,0.075,0.015,5.47708581894e-13,0
380.0,0.07,0.02,2.55748116968e-13,0
380.0,0.075,0.02,4.06109964288e-13,0
380.0,0.07,0.025,1.25017081869e-13,0
380.0,0.075,0.025,2.58632410971e-13,0
380.0,0.07,0.03,-5.09179605368e-15,0
380.0,0.075,0.03,1.08619213951e-13,0
380.0,0.07,0.035,-1.29320657441e-13,0
380.0,0.075,0.035,-3.77052056748e-14,0
380.0,0.07,0.04,-2.19062566367e-13,0
380.0,0.075,0.04,-1.72792662283e-13,0
380.0,0.07,0.045,-2.24839038603e-13,0
380.0,0.075,0.045,-2.06708547013e-13,0
380.0,0.07,0.05,-1.72473777564e-13,0
380.0,0.075,0.05,-1.57227549232e-13,0
380.0,0.07,0.055,-1.12647980321e-13,0
380.0,0.075,0.055,-1.00336737048e-13,0
380.0,0.07,0.06,-1.88316433733e-14,0
380.0,0.075,0.06,-1.34986645379e-14,0
380.0,0.07,0.065,1.17998557932e-13,0
380.0,0.075,0.065,1.23522522833e-13,0
380.0,0.07,0.07,2.75488682369e-13,0
380.0,0.07,0.075,4.38372151841e-13,0
380.0,0.075,0.07,2.86144595622e-13,0
380.0,0.075,0.075,4.53599755392e-13,0
420.0,-0.00382671281566,-0.00202612167119,0,0
420.0,-0.005,-0.005,2.37464022405e-14,0
420.0,-0.00197892066871,-0.00385133392306,0,0
420.0,-0.005,-0.00190753787223,1.5026340555e-14,0
420.0,-0.00433,0,0,0
420.0,-0.00190753787223,-0.005,1.51608923049e-14,0
420.0,0,-0.00433,0,0
420.0,-0.005,0.00190775150599,1.53188121757e-14,0
420.0,-0.00385133392306,0.00197892066871,0,0
420.0,0.00190775150599,-0.005,1.55625498155e-14,0
420.0,0.00202612167119,-0.00382671281566,0,0
420.0,-0.00202612167119,0.00382671281566,0,0
420.0,-0.005,0.005,2.64031486627e-14,0
420.0,-0.0019094272225,0.005,1.56834148496e-14,0
420.0,0,0.00433,0,0
420.0,0.00147766755988,0.00407006125046,0,0
420.0,8.32667268469e-19,0.005,1.12428089075e-14,0
420.0,0.00433,0,0,0
420.0,0.005,1.38777878078e-18,1.18734088147e-14,0
420.0,0.00407006125046,0.00147766755988,0,0
420.0,0.005,-0.005,2.7582301624e-14,0
420.0,0.00385133392306,-0.00197892066871,0,0
420.0,0.005,-0.0019094272225,1.59647917375e-14,0
420.0,0.00306177236254,0.00306177236254,0,0
420.0,0.0019094272225,0.005,1.57144906317e-14,0
420.0,0.005,0.0019094272225,1.61027976543e-14,0
420.0,-0.000885,-0.0015328649647,1.27154804175e-12,0
420.0,-0.0015328649647,-0.000885,1.27167043084e-12,0
420.0,-0.00186450691264,-0.00187567167242,8.43043774745e-13,0
420.0,-0.00177,0,1.27136214079e-12,0
420.0,-0.00268433516245,-0.000738983120158,7.59123445928e-13,0
420.0,0,-0.00177,1.27150965205e-12,0
420.0,-0.000718432264205,-0.00269192408424,7.57417234259e-13,0
420.0,-0.0015328649647,0.000885,1.26985760483e-12,0
420.0,-0.00265321485144,0.000647311733689,7.89907079192e-13,0
420.0,-0.000885,0.0015328649647,1.26822999444e-12,0
420.0,-0.00194719253591,0.00178443766524,8.43970060825e-13,0
420.0,0,0.00177,1.2641236584e-12,0
420.0,-0.000802720381054,0.00273415977115,7.17515966267e-13,0
420.0,0.000885,-0.0015328649647,1.27019842932e-12,0
420.0,0.00075154031863,-0.00270385456952,7.45306963574e-13,0
420.0,0.00177,0,1.26246337869e-12,0
420.0,0.0015328649647,-0.000885,1.26804590131e-12,0
420.0,0.00271471102228,-0.000564731152102,7.60931022502e-13,0
420.0,0.00192394637685,-0.00189207206672,8.10113834627e-13,0
420.0,0.00231817117671,0.00040530921667,9.87932319373e-13,0
420.0,0.0015328649647,0.000885,1.26072963258e-12,0
420.0,0.000885,0.0015328649647,1.2614347111e-12,0
420.0,0.000427053001345,0.00287092483521,6.8220461859e-13,0
420.0,0.00187618296239,0.00184774001435,8.33358630031e-13,0
420.0,0.00312733402203,0.000607809752493,5.1921053199e-13,0
420.0,0.00276214303706,0.00136595635004,5.76872134937e-13,0
420.0,0.0014100336009,0.00268674970267,6.04785055272e-13,0
420.0,-0.075,-0.075,2.95318607364e-13,0
420.0,-0.07,-0.075,2.6378616936e-13,0
420.0,-0.075,-0.07,2.30001121637e-13,0
420.0,-0.07,-0.07,2.01442903485e-13,0
420.0,-0.075,-0.065,1.61073064659e-13,0
420.0,-0.07,-0.065,1.37008327607e-13,0
420.0,-0.065,-0.075,2.3099876773e-13,0
420.0,-0.065,-0.07,1.73441256567e-13,0
420.0,-0.065,-0.065,1.14494165852e-13,0
420.0,-0.075,-0.06,8.2958790149e-14,0
420.0,-0.07,-0.06,7.03680931546e-14,0
420.0,-0.065,-0.06,5.67784903675e-14,0
420.0,-0.075,-0.055,1.56706745819e-14,0
420.0,-0.07,-0.055,1.44006486371e-14,0
420.0,-0.065,-0.055,9.66458514969e-15,0
420.0,-0.075,-0.05,-2.9508704994e-14,0
420.0,-0.07,-0.05,-2.6165645184e-14,0
420.0,-0.065,-0.05,-2.54633689262e-14,0
420.0,-0.075,-0.045,-6.55603470614e-14,0
420.0,-0.07,-0.045,-5.94129409577e-14,0
420.0,-0.065,-0.045,-5.57997719387e-14,0
420.0,-0.075,-0.04,-9.28226056855e-14,0
420.0,-0.07,-0.04,-8.53034633929e-14,0
420.0,-0.075,-0.035,-1.12894703043e-13,0
420.0,-0.07,-0.035,-1.03941595966e-13,0
420.0,-0.065,-0.04,-8.01216211227e-14,0
420.0,-0.065,-0.035,-9.64210229201e-14,0
420.0,-0.075,-0.03,-1.07717139428e-13,0
420.0,-0.07,-0.03,-1.02366478973e-13,0
420.0,-0.075,-0.025,-5.94134560051e-14,0
420.0,-0.07,-0.025,-7.00324946513e-14,0
420.0,-0.065,-0.03,-9.79462432911e-14,0
420.0,-0.065,-0.025,-7.94451919097e-14,0
420.0,-0.075,-0.02,3.01865429908e-14,0
420.0,-0.07,-0.02,-8.84204873875e-15,0
420.0,-0.075,-0.015,1.58165558232e-13,0
420.0,-0.07,-0.015,8.13076154155e-14,0
420.0,-0.065,-0.02,-4.29593967779e-14,0
420.0,-0.065,-0.015,1.02080601192e-14,0
420.0,-0.075,-0.01,3.10113743548e-13,0
420.0,-0.07,-0.01,1.96945018641e-13,0
420.0,-0.075,-0.005,4.5144214339e-13,0
420.0,-0.07,-0.005,3.09777938774e-13,0
420.0,-0.065,-0.01,9.17251017873e-14,0
420.0,-0.065,-0.005,1.79358805787e-13,0
420.0,-0.075,0,5.48274793963e-13,0
420.0,-0.07,0,3.92469158621e-13,0
420.0,-0.075,0.005,5.93079394171e-13,0
420.0,-0.07,0.005,4.33033650101e-13,0
420.0,-0.065,4.16333634234e-19,2.48671440999e-13,0
420.0,-0.065,0.005,2.84136385385e-13,0
420.0,-0.075,0.01,5.72795484228e-13,0
420.0,-0.07,0.01,4.2116805041e-13,0
420.0,-0.075,0.015,4.92557150992e-13,0
420.0,-0.07,0.015,3.57407584976e-13,0
420.0,-0.065,0.01,2.76370135781e-13,0
420.0,-0.065,0.015,2.2359956307e-13,0
420.0,-0.075,0.02,3.94581423175e-13,0
420.0,-0.07,0.02,2.6785234612e-13,0
420.0,-0.075,0.025,2.90649240812e-13,0
420.0,-0.07,0.025,1.73842922726e-13,0
420.0,-0.065,0.02,1.42445211037e-13,0
420.0,-0.065,0.025,5.80292382149e-14,0
420.0,-0.075,0.03,1.81265212099e-13,0
420.0,-0.07,0.03,8.07218816657e-14,0
420.0,-0.075,0.035,7.87395178339e-14,0
420.0,-0.07,0.035,-2.09676585261e-15,0
420.0,-0.065,0.03,-1.72216427017e-14,0
420.0,-0.065,0.035,-7.06960093016e-14,0
420.0,-0.075,0.04,-1.29889451529e-14,0
420.0,-0.07,0.04,-5.34838937876e-14,0
420.0,-0.075,0.045,-5.1810664056e-14,0
420.0,-0.07,0.045,-6.37872896995e-14,0
420.0,-0.065,0.04,-8.46792306151e-14,0
420.0,-0.065,0.045,-7.61735314994e-14,0
420.0,-0.075,0.05,-4.4070024702e-14,0
420.0,-0.07,0.05,-4.88180111014e-14,0
420.0,-0.075,0.055,-2.2741081562e-14,0
420.0,-0.07,0.055,-2.431523685e-14,0
420.0,-0.065,0.05,-5.44210169865e-14,0
420.0,-0.065,0.055,-2.69762649721e-14,0
420.0,-0.075,0.06,6.60359137673e-15,0
420.0,-0.07,0.06,6.19482286815e-15,0
420.0,-0.075,0.065,3.9637921528e-14,0
420.0,-0.07,0.065,3.99813018486e-14,0
420.0,-0.065,0.06,5.03915185131e-15,0
420.0,-0.065,0.065,4.01993031108e-14,0
420.0,-0.075,0.07,7.68133600458e-14,0
420.0,-0.07,0.07,7.7135711663e-14,0
420.0,-0.075,0.075,1.16239474494e-13,0
420.0,-0.07,0.075,1.16122192397e-13,0
420.0,-0.065,0.07,7.76307746638e-14,0
420.0,-0.065,0.075,1.16556447439e-13,0
420.0,-0.06,-0.075,1.99829869841e-13,0
420.0,-0.06,-0.07,1.46549427456e-13,0
420.0,-0.06,-0.065,9.37516794029e-14,0
420.0,-0.055,-0.075,1.67578176326e-13,0
420.0,-0.055,-0.07,1.19142056466e-13,0
420.0,-0.055,-0.065,7.26532093631e-14,0
420.0,-0.06,-0.06,4.42969245227e-14,0
420.0,-0.06,-0.055,4.16599059684e-15,0
420.0,-0.055,-0.06,3.06308054718e-14,0
420.0,-0.055,-0.055,-2.78471176871e-15,0
420.0,-0.06,-0.05,-2.72591172755e-14,0
420.0,-0.055,-0.05,-3.04237730898e-14,0
420.0,-0.06,-0.045,-5.48999214607e-14,0
420.0,-0.055,-0.045,-5.45944317181e-14,0
420.0,-0.06,-0.04,-7.64129004258e-14,0
420.0,-0.055,-0.04,-7.25328889604e-14,0
420.0,-0.06,-0.035,-9.06434494513e-14,0
420.0,-0.055,-0.035,-8.50157862625e-14,0
420.0,-0.06,-0.03,-9.40822415095e-14,0
420.0,-0.06,-0.025,-8.40994683827e-14,0
420.0,-0.055,-0.03,-8.96476464469e-14,0
420.0,-0.055,-0.025,-8.44976972435e-14,0
420.0,-0.06,-0.02,-6.38495598235e-14,0
420.0,-0.06,-0.015,-3.53003206554e-14,0
420.0,-0.055,-0.02,-7.38892426225e-14,0
420.0,-0.055,-0.015,-6.02834527866e-14,0
420.0,-0.06,-0.01,1.09597266521e-14,0
420.0,-0.06,-0.005,6.87060484622e-14,0
420.0,-0.055,-0.01,-3.65680338013e-14,0
420.0,-0.055,-0.005,-6.86769492457e-15,0
420.0,-0.06,0,1.20017641362e-13,0
420.0,-0.06,0.005,1.45038942849e-13,0
420.0,-0.055,4.16333634234e-19,2.0843650244e-14,0
420.0,-0.055,0.005,2.93793908277e-14,0
420.0,-0.06,0.01,1.34437715782e-13,0
420.0,-0.06,0.015,8.92710958288e-14,0
420.0,-0.055,0.01,1.32655687109e-14,0
420.0,-0.055,0.015,-2.51314269589e-14,0
420.0,-0.06,0.02,2.06664559294e-14,0
420.0,-0.06,0.025,-4.67368064065e-14,0
420.0,-0.055,0.02,-7.5976100802e-14,0
420.0,-0.055,0.025,-1.16827449759e-13,0
420.0,-0.06,0.03,-9.15798907077e-14,0
420.0,-0.06,0.035,-1.07549886841e-13,0
420.0,-0.055,0.03,-1.29403787487e-13,0
420.0,-0.055,0.035,-1.25842714178e-13,0
420.0,-0.06,0.04,-1.01227113894e-13,0
420.0,-0.06,0.045,-8.48242296427e-14,0
420.0,-0.055,0.04,-1.11353385618e-13,0
420.0,-0.055,0.045,-9.234621124e-14,0
420.0,-0.06,0.05,-6.00868999371e-14,0
420.0,-0.06,0.055,-3.0554182226e-14,0
420.0,-0.055,0.05,-6.67151379748e-14,0
420.0,-0.055,0.055,-3.52447558155e-14,0
420.0,-0.06,0.06,3.28916178242e-15,0
420.0,-0.06,0.065,4.01082520417e-14,0
420.0,-0.055,0.06,9.44584715627e-16,0
420.0,-0.055,0.065,4.01608564345e-14,0
420.0,-0.06,0.07,7.91463379422e-14,0
420.0,-0.06,0.075,1.19079603165e-13,0
420.0,-0.055,0.07,8.18593882584e-14,0
420.0,-0.055,0.075,1.23815374603e-13,0
420.0,-0.05,-0.075,1.25545469529e-13,0
420.0,-0.05,-0.07,8.91594512608e-14,0
420.0,-0.045,-0.075,9.11750188013e-14,0
420.0,-0.045,-0.07,6.53793519071e-14,0
420.0,-0.05,-0.065,5.26395060803e-14,0
420.0,-0.045,-0.065,3.78698306325e-14,0
420.0,-0.05,-0.06,1.86598103472e-14,0
420.0,-0.05,-0.055,-9.4678689173e-15,0
420.0,-0.045,-0.06,1.08035665768e-14,0
420.0,-0.045,-0.055,-1.3244493218e-14,0
420.0,-0.05,-0.05,-3.3051905565e-14,0
420.0,-0.05,-0.045,-5.30616647245e-14,0
420.0,-0.045,-0.05,-3.36713552775e-14,0
420.0,-0.045,-0.045,-5.07248899256e-14,0
420.0,-0.05,-0.04,-6.82691920138e-14,0
420.0,-0.045,-0.04,-6.41005822276e-14,0
420.0,-0.05,-0.035,-7.95135059276e-14,0
420.0,-0.045,-0.035,-7.38224311264e-14,0
420.0,-0.05,-0.03,-8.47027007843e-14,0
420.0,-0.045,-0.03,-7.88153001842e-14,0
420.0,-0.05,-0.025,-8.24113981737e-14,0
420.0,-0.045,-0.025,-7.89709935018e-14,0
420.0,-0.05,-0.02,-7.55707681021e-14,0
420.0,-0.05,-0.015,-6.74019913939e-14,0
420.0,-0.045,-0.02,-7.5205208655e-14,0
420.0,-0.045,-0.015,-7.02508884777e-14,0
420.0,-0.05,-0.01,-5.62228054879e-14,0
420.0,-0.05,-0.005,-4.35374679264e-14,0
420.0,-0.045,-0.01,-6.60745860068e-14,0
420.0,-0.045,-0.005,-6.17390156297e-14,0
420.0,-0.05,0,-3.91737128721e-14,0
420.0,-0.05,0.005,-4.85973499148e-14,0
420.0,-0.045,4.16333634234e-19,-6.54969862709e-14,0
420.0,-0.045,0.005,-8.07407418178e-14,0
420.0,-0.05,0.01,-6.96772066779e-14,0
420.0,-0.05,0.015,-9.96311180898e-14,0
420.0,-0.045,0.01,-1.03061529575e-13,0
420.0,-0.045,0.015,-1.26954158021e-13,0
420.0,-0.05,0.02,-1.30310680826e-13,0
420.0,-0.05,0.025,-1.45452849228e-13,0
420.0,-0.045,0.02,-1.49069575361e-13,0
420.0,-0.045,0.025,-1.54312224782e-13,0
420.0,-0.05,0.03,-1.43290444942e-13,0
420.0,-0.05,0.035,-1.3260530975e-13,0
420.0,-0.045,0.03,-1.46679767944e-13,0
420.0,-0.045,0.035,-1.34304707962e-13,0
420.0,-0.05,0.04,-1.15925406271e-13,0
420.0,-0.05,0.045,-9.70886966886e-14,0
420.0,-0.045,0.04,-1.17473893818e-13,0
420.0,-0.045,0.045,-9.80208700771e-14,0
420.0,-0.05,0.05,-7.22402511941e-14,0
420.0,-0.05,0.055,-3.94538427972e-14,0
420.0,-0.045,0.05,-7.30248244954e-14,0
420.0,-0.045,0.055,-4.10056934525e-14,0
420.0,-0.05,0.06,-5.19105488804e-16,0
420.0,-0.05,0.065,4.25878173588e-14,0
420.0,-0.045,0.06,1.15076172543e-17,0
420.0,-0.045,0.065,4.84535695267e-14,0
420.0,-0.05,0.07,8.85695975373e-14,0
420.0,-0.05,0.075,1.34684872152e-13,0
420.0,-0.045,0.07,1.00760852713e-13,0
420.0,-0.045,0.075,1.52387619128e-13,0
420.0,-0.04,-0.075,7.50075829558e-14,0
420.0,-0.04,-0.07,5.19485354953e-14,0
420.0,-0.035,-0.075,6.17516372059e-14,0
420.0,-0.035,-0.07,4.09236582362e-14,0
420.0,-0.04,-0.065,2.81494442129e-14,0
420.0,-0.035,-0.065,1.98232777833e-14,0
420.0,-0.04,-0.06,4.96508423872e-15,0
420.0,-0.035,-0.06,-3.14312255598e-16,0
420.0,-0.04,-0.055,-1.57843196865e-14,0
420.0,-0.035,-0.055,-1.82723481802e-14,0
420.0,-0.04,-0.05,-3.35401226667e-14,0
420.0,-0.04,-0.045,-4.83265312741e-14,0
420.0,-0.035,-0.05,-3.35868755481e-14,0
420.0,-0.035,-0.045,-4.59568866013e-14,0
420.0,-0.04,-0.04,-5.97111980516e-14,0
420.0,-0.04,-0.035,-6.74375848703e-14,0
420.0,-0.035,-0.04,-5.49986852918e-14,0
420.0,-0.035,-0.035,-6.05110304298e-14,0
420.0,-0.04,-0.03,-7.13881708848e-14,0
420.0,-0.035,-0.03,-6.27056966665e-14,0
420.0,-0.04,-0.025,-7.22398810393e-14,0
420.0,-0.035,-0.025,-6.22557963596e-14,0
420.0,-0.04,-0.02,-7.02375602537e-14,0
420.0,-0.035,-0.02,-5.94099278213e-14,0
420.0,-0.04,-0.015,-6.68719222097e-14,0
420.0,-0.035,-0.015,-5.5312275145e-14,0
420.0,-0.04,-0.01,-6.42760783446e-14,0
420.0,-0.04,-0.005,-6.27455769638e-14,0
420.0,-0.035,-0.01,-5.14368995621e-14,0
420.0,-0.035,-0.005,-4.93158924704e-14,0
420.0,-0.04,0,-6.72682362379e-14,0
420.0,-0.04,0.005,-8.10560035137e-14,0
420.0,-0.035,4.16333634234e-19,-5.58424031501e-14,0
420.0,-0.035,0.005,-7.30798652928e-14,0
420.0,-0.04,0.01,-1.02455430597e-13,0
420.0,-0.04,0.015,-1.25696546085e-13,0
420.0,-0.035,0.01,-9.50567570808e-14,0
420.0,-0.035,0.015,-1.15707580249e-13,0
420.0,-0.04,0.02,-1.45468185904e-13,0
420.0,-0.04,0.025,-1.48626747822e-13,0
420.0,-0.035,0.02,-1.29960931284e-13,0
420.0,-0.035,0.025,-1.34069731467e-13,0
420.0,-0.04,0.03,-1.41059654474e-13,0
420.0,-0.04,0.035,-1.30175176438e-13,0
420.0,-0.035,0.03,-1.29739454577e-13,0
420.0,-0.035,0.035,-1.21174014938e-13,0
420.0,-0.04,0.04,-1.14735551047e-13,0
420.0,-0.04,0.045,-9.50550538681e-14,0
420.0,-0.035,0.04,-1.07543490013e-13,0
420.0,-0.035,0.045,-8.88700257513e-14,0
420.0,-0.04,0.05,-6.96794408821e-14,0
420.0,-0.04,0.055,-3.89725547639e-14,0
420.0,-0.035,0.05,-6.36480337251e-14,0
420.0,-0.035,0.055,-3.24290026377e-14,0
420.0,-0.04,0.06,4.44874780856e-15,0
420.0,-0.04,0.065,6.03339843066e-14,0
420.0,-0.035,0.06,1.49549058239e-14,0
420.0,-0.035,0.065,7.71110842892e-14,0
420.0,-0.04,0.07,1.18493850953e-13,0
420.0,-0.04,0.075,1.75317181561e-13,0
420.0,-0.035,0.07,1.40178232318e-13,0
420.0,-0.035,0.075,2.01461792208e-13,0
420.0,-0.03,-0.075,5.08985734298e-14,0
420.0,-0.03,-0.07,3.16968000731e-14,0
420.0,-0.025,-0.075,4.14722310231e-14,0
420.0,-0.025,-0.07,2.34771061741e-14,0
420.0,-0.03,-0.065,1.25841397583e-14,0
420.0,-0.025,-0.065,5.71445033791e-15,0
420.0,-0.03,-0.06,-5.35940856868e-15,0
420.0,-0.025,-0.06,-1.06391607054e-14,0
420.0,-0.03,-0.055,-2.10167108733e-14,0
420.0,-0.025,-0.055,-2.41321335532e-14,0
420.0,-0.03,-0.05,-3.38337437099e-14,0
420.0,-0.025,-0.05,-3.42667566187e-14,0
420.0,-0.03,-0.045,-4.35454134494e-14,0
420.0,-0.025,-0.045,-4.10953951822e-14,0
420.0,-0.03,-0.04,-4.98840417488e-14,0
420.0,-0.03,-0.035,-5.28705493487e-14,0
420.0,-0.025,-0.04,-4.44618440702e-14,0
420.0,-0.025,-0.035,-4.48514159628e-14,0
420.0,-0.03,-0.03,-5.28586683812e-14,0
420.0,-0.03,-0.025,-5.02467924851e-14,0
420.0,-0.025,-0.03,-4.25306603779e-14,0
420.0,-0.025,-0.025,-3.76245359755e-14,0
420.0,-0.03,-0.02,-4.56103306386e-14,0
420.0,-0.025,-0.02,-3.10425976384e-14,0
420.0,-0.03,-0.015,-4.00786334621e-14,0
420.0,-0.025,-0.015,-2.38480782622e-14,0
420.0,-0.03,-0.01,-3.46216231673e-14,0
420.0,-0.025,-0.01,-1.6876268475e-14,0
420.0,-0.03,-0.005,-3.09813596714e-14,0
420.0,-0.025,-0.005,-1.22373248086e-14,0
420.0,-0.03,0,-3.51373977106e-14,0
420.0,-0.03,0.005,-5.01995551421e-14,0
420.0,-0.025,4.16333634234e-19,-1.28300609912e-14,0
420.0,-0.025,0.005,-2.19312154678e-14,0
420.0,-0.03,0.01,-7.19618662585e-14,0
420.0,-0.03,0.015,-9.28711626725e-14,0
420.0,-0.025,0.01,-4.03010283157e-14,0
420.0,-0.025,0.015,-6.29049895962e-14,0
420.0,-0.03,0.02,-1.06671312131e-13,0
420.0,-0.03,0.025,-1.13802646717e-13,0
420.0,-0.025,0.02,-8.05267574387e-14,0
420.0,-0.025,0.025,-9.09196592874e-14,0
420.0,-0.03,0.03,-1.13394109151e-13,0
420.0,-0.03,0.035,-1.07816081597e-13,0
420.0,-0.025,0.03,-9.39904095489e-14,0
420.0,-0.025,0.035,-9.14112303079e-14,0
420.0,-0.03,0.04,-9.65626398244e-14,0
420.0,-0.03,0.045,-7.95877491379e-14,0
420.0,-0.025,0.04,-8.27538794893e-14,0
420.0,-0.025,0.045,-6.80478312496e-14,0
420.0,-0.03,0.05,-5.45074961923e-14,0
420.0,-0.03,0.055,-2.08685893591e-14,0
420.0,-0.025,0.05,-4.33607165022e-14,0
420.0,-0.025,0.055,-5.9642958303e-15,0
420.0,-0.03,0.06,3.03705897649e-14,0
420.0,-0.03,0.065,9.58294483207e-14,0
420.0,-0.025,0.06,4.78898152935e-14,0
420.0,-0.025,0.065,1.1309496396e-13,0
420.0,-0.03,0.07,1.64416137483e-13,0
420.0,-0.03,0.075,2.33357030987e-13,0
420.0,-0.025,0.07,1.84130448598e-13,0
420.0,-0.025,0.075,2.58179900761e-13,0
420.0,-0.02,-0.075,3.30478663423e-14,0
420.0,-0.02,-0.07,1.59130424687e-14,0
420.0,-0.015,-0.075,2.54391515633e-14,0
420.0,-0.015,-0.07,8.86508910014e-15,0
420.0,-0.02,-0.065,-1.02981703971e-15,0
420.0,-0.015,-0.065,-7.57575951208e-15,0
420.0,-0.02,-0.06,-1.61755903654e-14,0
420.0,-0.015,-0.06,-2.18559552069e-14,0
420.0,-0.02,-0.055,-2.74287600192e-14,0
420.0,-0.015,-0.055,-3.09735064509e-14,0
420.0,-0.02,-0.05,-3.4718177614e-14,0
420.0,-0.015,-0.05,-3.54104605461e-14,0
420.0,-0.02,-0.045,-3.85978219057e-14,0
420.0,-0.015,-0.045,-3.65752049987e-14,0
420.0,-0.02,-0.04,-3.91702245674e-14,0
420.0,-0.015,-0.04,-3.45387162223e-14,0
420.0,-0.02,-0.035,-3.69950192952e-14,0
420.0,-0.015,-0.035,-2.95768196199e-14,0
420.0,-0.02,-0.03,-3.19908647257e-14,0
420.0,-0.02,-0.025,-2.46815953374e-14,0
420.0,-0.015,-0.03,-2.16038159499e-14,0
420.0,-0.015,-0.025,-1.20021537143e-14,0
420.0,-0.02,-0.02,-1.64111584103e-14,0
420.0,-0.02,-0.015,-7.95921782587e-15,0
420.0,-0.015,-0.02,-2.64893038924e-15,0
420.0,-0.015,-0.015,6.13964533752e-15,0
420.0,-0.02,-0.01,-2.73572834974e-16,0
420.0,-0.015,-0.01,1.33848522576e-14,0
420.0,-0.02,-0.005,4.69229875609e-15,0
420.0,-0.015,-0.005,1.7971235586e-14,0
420.0,-0.02,0,5.14914802315e-15,0
420.0,-0.015,4.16333634234e-19,1.95352185071e-14,0
420.0,-0.02,0.005,-2.71057529701e-16,0
420.0,-0.015,0.005,1.85307005165e-14,0
420.0,-0.02,0.01,-1.45362458566e-14,0
420.0,-0.02,0.015,-3.46542472814e-14,0
420.0,-0.015,0.01,8.90193101162e-15,0
420.0,-0.015,0.015,-8.66235055004e-15,0
420.0,-0.02,0.02,-5.3731794407e-14,0
420.0,-0.02,0.025,-6.68817072913e-14,0
420.0,-0.015,0.02,-2.8168036839e-14,0
420.0,-0.015,0.025,-4.32685585538e-14,0
420.0,-0.02,0.03,-7.3104725569e-14,0
420.0,-0.02,0.035,-7.36224193866e-14,0
420.0,-0.015,0.03,-5.21889467475e-14,0
420.0,-0.015,0.035,-5.60392513324e-14,0
420.0,-0.02,0.04,-6.76729727041e-14,0
420.0,-0.02,0.045,-5.54102747516e-14,0
420.0,-0.015,0.04,-5.30011767258e-14,0
420.0,-0.015,0.045,-4.25660964136e-14,0
420.0,-0.02,0.05,-3.15479503686e-14,0
420.0,-0.02,0.055,8.34966149417e-15,0
420.0,-0.015,0.05,-2.03245988456e-14,0
420.0,-0.015,0.055,1.87751691478e-14,0
420.0,-0.02,0.06,6.21077468534e-14,0
420.0,-0.02,0.065,1.25502898037e-13,0
420.0,-0.015,0.06,7.12173107532e-14,0
420.0,-0.015,0.065,1.32582083288e-13,0
420.0,-0.02,0.07,1.95865657485e-13,0
420.0,-0.02,0.075,2.70326906772e-13,0
420.0,-0.015,0.07,2.00578528654e-13,0
420.0,-0.015,0.075,2.73823031224e-13,0
420.0,-0.01,-0.075,1.8627632374e-14,0
420.0,-0.01,-0.07,2.60149005002e-15,0
420.0,-0.005,-0.075,1.27552942433e-14,0
420.0,-0.005,-0.07,-2.80708783743e-15,0
420.0,-0.01,-0.065,-1.33484420677e-14,0
420.0,-0.005,-0.065,-1.81952533312e-14,0
420.0,-0.01,-0.06,-2.72853019454e-14,0
420.0,-0.005,-0.06,-3.1260399035e-14,0
420.0,-0.01,-0.055,-3.48189895219e-14,0
420.0,-0.005,-0.055,-3.81283132417e-14,0
420.0,-0.01,-0.05,-3.67631506721e-14,0
420.0,-0.005,-0.05,-3.90130940012e-14,0
420.0,-0.01,-0.045,-3.56648750653e-14,0
420.0,-0.005,-0.045,-3.62259556858e-14,0
420.0,-0.01,-0.04,-3.10306505445e-14,0
420.0,-0.005,-0.04,-2.91639305986e-14,0
420.0,-0.01,-0.035,-2.29194253139e-14,0
420.0,-0.005,-0.035,-1.79049059034e-14,0
420.0,-0.01,-0.03,-1.16286817095e-14,0
420.0,-0.005,-0.03,-2.75036388452e-15,0
420.0,-0.01,-0.025,4.83632354482e-17,0
420.0,-0.005,-0.025,1.12454530982e-14,0
420.0,-0.01,-0.02,9.7144076952e-15,0
420.0,-0.01,-0.015,1.76217509459e-14,0
420.0,-0.005,-0.02,2.07660979326e-14,0
420.0,-0.005,-0.015,2.69333119665e-14,0
420.0,-0.0117873230072,-0.0115873794689,1.82072006703e-14,0
420.0,-0.00939961996336,-0.005,2.53512781099e-14,0
420.0,-0.00792797428371,-0.00964253216809,2.56367216756e-14,0
420.0,-0.005,-0.00939961996336,2.80176335342e-14,0
420.0,-0.0108753492546,-0.00150606400588,2.48834349698e-14,0
420.0,-0.00818101620308,-0.00211452602544,2.47540538726e-14,0
420.0,-0.00651817360753,-0.000255934956239,2.09630440747e-14,0
420.0,-0.005,6.71033969428e-08,1.14038114012e-14,0
420.0,-0.0107292118043,0.00160660295843,2.57790130637e-14,0
420.0,-0.0080188992252,0.000768320427092,2.46169217953e-14,0
420.0,-0.00939946851065,0.005,2.9022634222e-14,0
420.0,-0.00802129342231,0.00264911934363,2.62473343598e-14,0
420.0,-0.00887989370213,0.00887989479405,2.9887134557e-14,0
420.0,-0.01,0.015,1.40171022126e-14,0
420.0,-0.005,0.00939947397025,3.45368143076e-14,0
420.0,-0.005,0.015,2.68031852986e-14,0
420.0,-0.01,0.02,-3.96614813138e-15,0
420.0,-0.01,0.025,-2.10621978983e-14,0
420.0,-0.005,0.02,1.26174163944e-14,0
420.0,-0.005,0.025,-3.09766531676e-15,0
420.0,-0.01,0.03,-3.21623272706e-14,0
420.0,-0.01,0.035,-3.87871889845e-14,0
420.0,-0.005,0.03,-1.56022822521e-14,0
420.0,-0.005,0.035,-2.40262574728e-14,0
420.0,-0.01,0.04,-3.87957008102e-14,0
420.0,-0.01,0.045,-2.98184086042e-14,0
420.0,-0.005,0.04,-2.65568710794e-14,0
420.0,-0.005,0.045,-2.00534914949e-14,0
420.0,-0.01,0.05,-1.00456083492e-14,0
420.0,-0.01,0.055,2.29352901988e-14,0
420.0,-0.005,0.05,-5.14985572111e-15,0
420.0,-0.005,0.055,1.82601415584e-14,0
420.0,-0.01,0.06,6.94536253034e-14,0
420.0,-0.01,0.065,1.25805173909e-13,0
420.0,-0.005,0.06,5.39808024486e-14,0
420.0,-0.005,0.065,1.00290684196e-13,0
420.0,-0.01,0.07,1.88133687587e-13,0
420.0,-0.01,0.075,2.55538726445e-13,0
420.0,-0.005,0.07,1.53215426871e-13,0
420.0,-0.005,0.075,2.09898264598e-13,0
420.0,0,-0.075,1.18485549599e-14,0
420.0,0,-0.07,-3.682255156e-15,0
420.0,0.005,-0.075,1.92489149747e-14,0
420.0,0.005,-0.07,1.82125994057e-15,0
420.0,0,-0.065,-1.88962405876e-14,0
420.0,0.005,-0.065,-1.44104299138e-14,0
420.0,0,-0.06,-3.19370322326e-14,0
420.0,0.005,-0.06,-2.8678666388e-14,0
420.0,0,-0.055,-4.10761930435e-14,0
420.0,0.005,-0.055,-4.11199198906e-14,0
420.0,0,-0.05,-4.42044885014e-14,0
420.0,0.005,-0.05,-4.81143142286e-14,0
420.0,0,-0.045,-4.11351105063e-14,0
420.0,0.005,-0.045,-4.6954988905e-14,0
420.0,0,-0.04,-3.16078386209e-14,0
420.0,0.005,-0.04,-3.71259792975e-14,0
420.0,0,-0.035,-1.57989457395e-14,0
420.0,0.005,-0.035,-1.87388972826e-14,0
420.0,0,-0.03,4.18546859784e-15,0
420.0,0.005,-0.03,4.29591345959e-15,0
420.0,0,-0.025,2.09767640561e-14,0
420.0,0.005,-0.025,2.57571168405e-14,0
420.0,0,-0.02,3.0250826356e-14,0
420.0,0.005,-0.02,3.82107945106e-14,0
420.0,0,-0.015,3.45253887867e-14,0
420.0,0.005,-0.015,4.21193974903e-14,0
420.0,-0.0021196717084,-0.00776771017156,2.65367564092e-14,0
420.0,-0.00084550708518,-0.00631514607954,2.13570082289e-14,0
420.0,6.71033969406e-08,-0.005,1.1857788868e-14,0
420.0,-0.00139054260708,-0.0110960807567,3.1515468421e-14,0
420.0,0.00132468676756,-0.00775008274642,2.79303481337e-14,0
420.0,0.00160394440688,-0.0116908851489,3.53036691042e-14,0
420.0,0.005,-0.00939946851065,3.77107527631e-14,0
420.0,0.005,0.005,2.77058704346e-14,0
420.0,-0.000107646311398,0.00617659695633,2.50756408154e-14,0
420.0,-0.00190846935279,0.0076427502668,3.3163007802e-14,0
420.0,0.00131146485568,0.00777290068297,3.2701246946e-14,0
420.0,0.00295884413402,0.00640276348073,2.82800180706e-14,0
420.0,-1.21517769428e-05,0.0108932602996,3.64217117958e-14,0
420.0,0,0.015,3.18067028848e-14,0
420.0,0.005,0.00939942566771,3.58635241449e-14,0
420.0,0.005,0.015,3.4436997206e-14,0
420.0,0,0.02,2.06817795906e-14,0
420.0,0,0.025,7.67083869881e-15,0
420.0,0.005,0.02,2.56754977793e-14,0
420.0,0.005,0.025,1.32337575613e-14,0
420.0,0,0.03,-4.55847442121e-15,0
420.0,0,0.035,-1.4181973996e-14,0
420.0,0.005,0.03,4.8075665213e-16,0
420.0,0.005,0.035,-1.08200998393e-14,0
420.0,0,0.04,-1.91636268862e-14,0
420.0,0,0.045,-1.66515259329e-14,0
420.0,0.005,0.04,-1.78404246888e-14,0
420.0,0.005,0.045,-1.83783258349e-14,0
420.0,0,0.05,-7.18777287337e-15,0
420.0,0,0.055,8.4137799055e-15,0
420.0,0.005,0.05,-1.34215966721e-14,0
420.0,0.005,0.055,-3.6647678168e-15,0
420.0,0,0.06,3.15467121251e-14,0
420.0,0,0.065,6.39307780807e-14,0
420.0,0.005,0.06,1.09041056427e-14,0
420.0,0.005,0.065,2.98519190323e-14,0
420.0,0,0.07,1.06961534297e-13,0
420.0,0,0.075,1.53607539135e-13,0
420.0,0.005,0.07,6.1745180827e-14,0
420.0,0.005,0.075,9.82776659144e-14,0
420.0,0.01,-0.075,3.23806428094e-14,0
420.0,0.01,-0.07,1.10321177614e-14,0
420.0,0.015,-0.075,4.80077024679e-14,0
420.0,0.015,-0.07,2.25612962412e-14,0
420.0,0.01,-0.065,-8.10927798483e-15,0
420.0,0.015,-0.065,-5.3551014873e-16,0
420.0,0.01,-0.06,-2.4014093864e-14,0
420.0,0.015,-0.06,-1.93067530451e-14,0
420.0,0.01,-0.055,-3.83641614169e-14,0
420.0,0.015,-0.055,-3.57156245212e-14,0
420.0,0.01,-0.05,-4.87469719186e-14,0
420.0,0.015,-0.05,-4.92005634926e-14,0
420.0,0.01,-0.045,-5.17254834251e-14,0
420.0,0.015,-0.045,-5.81241820058e-14,0
420.0,0.01,-0.04,-4.39708755418e-14,0
420.0,0.015,-0.04,-5.37675527183e-14,0
420.0,0.01,-0.035,-2.57100029239e-14,0
420.0,0.015,-0.035,-3.53849030884e-14,0
420.0,0.01,-0.03,-1.85872853548e-15,0
420.0,0.015,-0.03,-1.02686585156e-14,0
420.0,0.01,-0.025,2.28958557895e-14,0
420.0,0.015,-0.025,1.64125241642e-14,0
420.0,0.01,-0.02,4.21784222145e-14,0
420.0,0.01,-0.015,4.97065214945e-14,0
420.0,0.015,-0.02,4.19805641973e-14,0
420.0,0.015,-0.015,5.60776833691e-14,0
420.0,0.00999280436795,-0.0116358337096,4.95250681922e-14,0
420.0,0.0105889214373,-0.00845762197625,4.95109707557e-14,0
420.0,0.015,-0.01,6.00459112646e-14,0
420.0,0.00939947397025,-0.005,4.29343203959e-14,0
420.0,0.015,-0.005,6.15384426305e-14,0
420.0,0.00658051136513,-0.00296146438142,2.91343847032e-14,0
420.0,0.00636794669772,-3.54305826484e-06,2.39760703624e-14,0
420.0,0.00795807888052,-0.00113999998936,3.29847061979e-14,0
420.0,0.00758147027913,0.00183630393596,3.14320066999e-14,0
420.0,0.0112534647756,-1.47536350887e-07,4.64201506816e-14,0
420.0,0.015,4.16333634234e-19,6.01119593279e-14,0
420.0,0.00939942566771,0.005,4.08327604816e-14,0
420.0,0.015,0.005,5.7664005821e-14,0
420.0,0.00999018807453,0.0109670628501,4.26568223924e-14,0
420.0,0.01,0.015,3.88857652458e-14,0
420.0,0.015,0.01,5.30631494594e-14,0
420.0,0.015,0.015,4.51917323545e-14,0
420.0,0.01,0.02,2.91777260392e-14,0
420.0,0.01,0.025,1.55063110346e-14,0
420.0,0.015,0.02,3.25942370291e-14,0
420.0,0.015,0.025,1.64825095176e-14,0
420.0,0.01,0.03,1.31020269657e-15,0
420.0,0.01,0.035,-1.13718928641e-14,0
420.0,0.015,0.03,2.26535199219e-16,0
420.0,0.015,0.035,-1.43007433762e-14,0
420.0,0.01,0.04,-2.07526515843e-14,0
420.0,0.01,0.045,-2.47456298894e-14,0
420.0,0.015,0.04,-2.57547221159e-14,0
420.0,0.015,0.045,-3.29204723248e-14,0
420.0,0.01,0.05,-2.30778574852e-14,0
420.0,0.01,0.055,-1.66839982016e-14,0
420.0,0.015,0.05,-3.43516088976e-14,0
420.0,0.015,0.055,-3.09293605653e-14,0
420.0,0.01,0.06,-5.52006185366e-15,0
420.0,0.01,0.065,8.95533829717e-15,0
420.0,0.015,0.06,-2.19123396466e-14,0
420.0,0.015,0.065,-8.41534053923e-15,0
420.0,0.01,0.07,2.86370411974e-14,0
420.0,0.01,0.075,5.22809976012e-14,0
420.0,0.015,0.07,8.51623302709e-15,0
420.0,0.015,0.075,2.63075631491e-14,0
420.0,0.02,-0.075,6.21419136015e-14,0
420.0,0.02,-0.07,3.49423852204e-14,0
420.0,0.025,-0.075,7.54391435455e-14,0
420.0,0.025,-0.07,4.66164465682e-14,0
420.0,0.02,-0.065,9.05902988645e-15,0
420.0,0.025,-0.065,1.87673310817e-14,0
420.0,0.02,-0.06,-1.41376765766e-14,0
420.0,0.025,-0.06,-7.54267261512e-15,0
420.0,0.02,-0.055,-3.38726629656e-14,0
420.0,0.025,-0.055,-3.10356062879e-14,0
420.0,0.02,-0.05,-4.98702499965e-14,0
420.0,0.025,-0.05,-5.04804527539e-14,0
420.0,0.02,-0.045,-6.32351890574e-14,0
420.0,0.025,-0.045,-6.72469834461e-14,0
420.0,0.02,-0.04,-6.41843177197e-14,0
420.0,0.025,-0.04,-7.35356448262e-14,0
420.0,0.02,-0.035,-4.67178736737e-14,0
420.0,0.025,-0.035,-5.93876289197e-14,0
420.0,0.02,-0.03,-2.06908678573e-14,0
420.0,0.025,-0.03,-3.33209172687e-14,0
420.0,0.02,-0.025,8.00598867861e-15,0
420.0,0.025,-0.025,-3.05331332236e-15,0
420.0,0.02,-0.02,3.9683685094e-14,0
420.0,0.025,-0.02,3.36319332189e-14,0
420.0,0.02,-0.015,6.1412143566e-14,0
420.0,0.025,-0.015,6.49828752297e-14,0
420.0,0.02,-0.01,7.03231282023e-14,0
420.0,0.025,-0.01,8.00501643408e-14,0
420.0,0.02,-0.005,7.65239806997e-14,0
420.0,0.025,-0.005,9.03528871947e-14,0
420.0,0.02,0,7.78884952963e-14,0
420.0,0.025,4.16333634234e-19,9.49444985341e-14,0
420.0,0.02,0.005,7.33507464143e-14,0
420.0,0.025,0.005,8.92524276698e-14,0
420.0,0.02,0.01,6.45255887009e-14,0
420.0,0.025,0.01,7.71027895455e-14,0
420.0,0.02,0.015,5.22672123364e-14,0
420.0,0.025,0.015,6.0414337528e-14,0
420.0,0.02,0.02,3.56195212476e-14,0
420.0,0.02,0.025,1.59626427333e-14,0
420.0,0.025,0.02,3.82151786482e-14,0
420.0,0.025,0.025,1.30607716187e-14,0
420.0,0.02,0.03,-3.63101536639e-15,0
420.0,0.02,0.035,-2.05246356985e-14,0
420.0,0.025,0.03,-1.01412782981e-14,0
420.0,0.025,0.035,-2.90930311771e-14,0
420.0,0.02,0.04,-3.33901265653e-14,0
420.0,0.02,0.045,-4.24490830421e-14,0
420.0,0.025,0.04,-4.3185773321e-14,0
420.0,0.025,0.045,-5.35290799442e-14,0
420.0,0.02,0.05,-4.6097939771e-14,0
420.0,0.02,0.055,-4.44911359729e-14,0
420.0,0.025,0.05,-5.76853601534e-14,0
420.0,0.025,0.055,-5.41361277755e-14,0
420.0,0.02,0.06,-3.57891259354e-14,0
420.0,0.02,0.065,-2.01139776585e-14,0
420.0,0.025,0.06,-4.20640956147e-14,0
420.0,0.025,0.065,-2.41327515429e-14,0
420.0,0.02,0.07,-1.30705300697e-15,0
420.0,0.02,0.075,1.6868955711e-14,0
420.0,0.025,0.07,-3.91565731933e-15,0
420.0,0.025,0.075,1.5982859031e-14,0
420.0,0.03,-0.075,8.7126533974e-14,0
420.0,0.03,-0.07,5.70815682071e-14,0
420.0,0.035,-0.075,9.84289085149e-14,0
420.0,0.035,-0.07,6.70332449542e-14,0
420.0,0.03,-0.065,2.75910344746e-14,0
420.0,0.035,-0.065,3.57428788416e-14,0
420.0,0.03,-0.06,-6.21520315452e-16,0
420.0,0.035,-0.06,5.7471833375e-15,0
420.0,0.03,-0.055,-2.67373600226e-14,0
420.0,0.035,-0.055,-2.22311861648e-14,0
420.0,0.03,-0.05,-4.9996162155e-14,0
420.0,0.035,-0.05,-4.78441326306e-14,0
420.0,0.03,-0.045,-7.05408696369e-14,0
420.0,0.035,-0.045,-7.10591806135e-14,0
420.0,0.03,-0.04,-8.18660469693e-14,0
420.0,0.035,-0.04,-8.65587717415e-14,0
420.0,0.03,-0.035,-7.30823031614e-14,0
420.0,0.035,-0.035,-8.63745308244e-14,0
420.0,0.03,-0.03,-4.85815901589e-14,0
420.0,0.035,-0.03,-6.63147788304e-14,0
420.0,0.03,-0.025,-1.73375465708e-14,0
420.0,0.035,-0.025,-3.43920711558e-14,0
420.0,0.03,-0.02,2.12949003034e-14,0
420.0,0.035,-0.02,6.5529794757e-15,0
420.0,0.03,-0.015,5.99026931894e-14,0
420.0,0.035,-0.015,5.01234186405e-14,0
420.0,0.03,-0.01,8.77867756787e-14,0
420.0,0.035,-0.01,8.94135322466e-14,0
420.0,0.03,-0.005,1.06106762287e-13,0
420.0,0.035,-0.005,1.18307475811e-13,0
420.0,0.03,0,1.14401281436e-13,0
420.0,0.035,4.16333634234e-19,1.32394131675e-13,0
420.0,0.03,0.005,1.09250467733e-13,0
420.0,0.035,0.005,1.28361068171e-13,0
420.0,0.03,0.01,9.32234430776e-14,0
420.0,0.035,0.01,1.07585843973e-13,0
420.0,0.03,0.015,6.88296853777e-14,0
420.0,0.035,0.015,7.41991462027e-14,0
420.0,0.03,0.02,3.75452825316e-14,0
420.0,0.035,0.02,3.49748236873e-14,0
420.0,0.03,0.025,6.32615565546e-15,0
420.0,0.035,0.025,-1.03840535679e-15,0
420.0,0.03,0.03,-1.9052559193e-14,0
420.0,0.03,0.035,-3.97883837142e-14,0
420.0,0.035,0.03,-2.97705477222e-14,0
420.0,0.035,0.035,-5.27183443875e-14,0
420.0,0.03,0.04,-5.49604484452e-14,0
420.0,0.03,0.045,-6.58289255588e-14,0
420.0,0.035,0.04,-6.87166628517e-14,0
420.0,0.035,0.045,-7.92890482787e-14,0
420.0,0.03,0.05,-6.89174419356e-14,0
420.0,0.03,0.055,-6.06349630095e-14,0
420.0,0.035,0.05,-8.01423322653e-14,0
420.0,0.035,0.055,-6.66978262971e-14,0
420.0,0.03,0.06,-4.36677297099e-14,0
420.0,0.03,0.065,-2.26885938868e-14,0
420.0,0.035,0.06,-4.38505674276e-14,0
420.0,0.035,0.065,-1.80566762265e-14,0
420.0,0.03,0.07,-1.974361032e-16,0
420.0,0.03,0.075,2.17132600199e-14,0
420.0,0.035,0.07,8.15252367527e-15,0
420.0,0.035,0.075,3.28328329003e-14,0
420.0,0.04,-0.075,1.11599466433e-13,0
420.0,0.04,-0.07,7.68091816424e-14,0
420.0,0.045,-0.075,1.23419156385e-13,0
420.0,0.045,-0.07,8.55641436267e-14,0
420.0,0.04,-0.065,4.29796532524e-14,0
420.0,0.045,-0.065,4.95328116501e-14,0
420.0,0.04,-0.06,1.12888218402e-14,0
420.0,0.045,-0.06,1.60497844997e-14,0
420.0,0.04,-0.055,-1.83381000952e-14,0
420.0,0.045,-0.055,-1.52209436901e-14,0
420.0,0.04,-0.05,-4.53081025828e-14,0
420.0,0.045,-0.05,-4.34884277881e-14,0
420.0,0.04,-0.045,-6.98107895659e-14,0
420.0,0.045,-0.045,-6.85610397148e-14,0
420.0,0.04,-0.04,-8.76499531473e-14,0
420.0,0.045,-0.04,-8.76814479462e-14,0
420.0,0.04,-0.035,-9.53369832627e-14,0
420.0,0.045,-0.035,-9.91281416533e-14,0
420.0,0.04,-0.03,-8.4331867027e-14,0
420.0,0.045,-0.03,-9.43410938365e-14,0
420.0,0.04,-0.025,-5.20568832252e-14,0
420.0,0.045,-0.025,-6.71189274888e-14,0
420.0,0.04,-0.02,-8.11702710672e-15,0
420.0,0.045,-0.02,-2.21652143197e-14,0
420.0,0.04,-0.015,3.86443418166e-14,0
420.0,0.045,-0.015,2.8690952667e-14,0
420.0,0.04,-0.01,8.52938125838e-14,0
420.0,0.045,-0.01,7.82982162889e-14,0
420.0,0.04,-0.005,1.24242377793e-13,0
420.0,0.045,-0.005,1.23800788661e-13,0
420.0,0.04,0,1.44835152403e-13,0
420.0,0.045,4.16333634234e-19,1.50792500115e-13,0
420.0,0.04,0.005,1.41830297625e-13,0
420.0,0.045,0.005,1.49159838541e-13,0
420.0,0.04,0.01,1.16494612064e-13,0
420.0,0.045,0.01,1.21926013577e-13,0
420.0,0.04,0.015,7.58907251499e-14,0
420.0,0.045,0.015,7.71524384817e-14,0
420.0,0.04,0.02,3.1990248905e-14,0
420.0,0.045,0.02,2.83391201655e-14,0
420.0,0.04,0.025,-8.84835938963e-15,0
420.0,0.045,0.025,-1.85620959444e-14,0
420.0,0.04,0.03,-4.23748154303e-14,0
420.0,0.045,0.03,-5.79780865245e-14,0
420.0,0.04,0.035,-6.80371319564e-14,0
420.0,0.045,0.035,-8.66611201484e-14,0
420.0,0.04,0.04,-8.47981133414e-14,0
420.0,0.04,0.045,-9.38011851408e-14,0
420.0,0.045,0.04,-1.02344138286e-13,0
420.0,0.045,0.045,-1.09051945096e-13,0
420.0,0.04,0.05,-9.10296393784e-14,0
420.0,0.04,0.055,-7.09320155056e-14,0
420.0,0.045,0.05,-1.00567429519e-13,0
420.0,0.045,0.055,-7.11709677915e-14,0
420.0,0.04,0.06,-4.02823609601e-14,0
420.0,0.04,0.065,-7.9300800053e-15,0
420.0,0.045,0.06,-3.11223130513e-14,0
420.0,0.045,0.065,9.11295339256e-15,0
420.0,0.04,0.07,2.30710967879e-14,0
420.0,0.04,0.075,5.13558482264e-14,0
420.0,0.045,0.07,4.50627200098e-14,0
420.0,0.045,0.075,7.72224419325e-14,0
420.0,0.05,-0.075,1.32299436429e-13,0
420.0,0.05,-0.07,9.28548287692e-14,0
420.0,0.055,-0.075,1.40132168336e-13,0
420.0,0.055,-0.07,9.91689717718e-14,0
420.0,0.05,-0.065,5.51350549685e-14,0
420.0,0.055,-0.065,5.98622653428e-14,0
420.0,0.05,-0.06,1.99599535063e-14,0
420.0,0.055,-0.06,2.29844231482e-14,0
420.0,0.05,-0.055,-1.30585597927e-14,0
420.0,0.055,-0.055,-1.20360418741e-14,0
420.0,0.05,-0.05,-4.2776574243e-14,0
420.0,0.055,-0.05,-4.35357032293e-14,0
420.0,0.05,-0.045,-6.85424138962e-14,0
420.0,0.055,-0.045,-7.05436301031e-14,0
420.0,0.05,-0.04,-8.82615112622e-14,0
420.0,0.055,-0.04,-9.09500264413e-14,0
420.0,0.05,-0.035,-1.00841064934e-13,0
420.0,0.055,-0.035,-1.03395849092e-13,0
420.0,0.05,-0.03,-9.76716417431e-14,0
420.0,0.055,-0.03,-1.00160131158e-13,0
420.0,0.05,-0.025,-7.57741567139e-14,0
420.0,0.055,-0.025,-7.87087663944e-14,0
420.0,0.05,-0.02,-3.2728853862e-14,0
420.0,0.055,-0.02,-3.72103520838e-14,0
420.0,0.05,-0.015,2.18739748072e-14,0
420.0,0.055,-0.015,1.68432927619e-14,0
420.0,0.05,-0.01,7.24455156233e-14,0
420.0,0.055,-0.01,6.79466125794e-14,0
420.0,0.05,-0.005,1.19244644351e-13,0
420.0,0.055,-0.005,1.14082516485e-13,0
420.0,0.05,0,1.49760258042e-13,0
420.0,0.055,4.16333634234e-19,1.44494960929e-13,0
420.0,0.05,0.005,1.51474771283e-13,0
420.0,0.055,0.005,1.50497849213e-13,0
420.0,0.05,0.01,1.24838082952e-13,0
420.0,0.055,0.01,1.26979952865e-13,0
420.0,0.05,0.015,7.72828849513e-14,0
420.0,0.055,0.015,7.74666082857e-14,0
420.0,0.05,0.02,2.44645721986e-14,0
420.0,0.055,0.02,2.05487008147e-14,0
420.0,0.05,0.025,-2.80478829476e-14,0
420.0,0.055,0.025,-3.70420223649e-14,0
420.0,0.05,0.03,-7.722148159e-14,0
420.0,0.055,0.03,-9.55909986377e-14,0
420.0,0.05,0.035,-1.09675279869e-13,0
420.0,0.055,0.035,-1.339434033e-13,0
420.0,0.05,0.04,-1.22409645751e-13,0
420.0,0.055,0.04,-1.46312008951e-13,0
420.0,0.05,0.045,-1.26001791159e-13,0
420.0,0.055,0.045,-1.45523396482e-13,0
420.0,0.05,0.05,-1.08106632028e-13,0
420.0,0.05,0.055,-6.60806787787e-14,0
420.0,0.055,0.05,-1.13611106706e-13,0
420.0,0.055,0.055,-5.6657919757e-14,0
420.0,0.05,0.06,-1.66883833772e-14,0
420.0,0.05,0.065,3.25154453527e-14,0
420.0,0.055,0.06,2.01393794998e-15,0
420.0,0.055,0.065,6.31934547904e-14,0
420.0,0.05,0.07,8.33335746389e-14,0
420.0,0.05,0.075,1.35037255026e-13,0
420.0,0.055,0.07,1.46432208712e-13,0
420.0,0.055,0.075,2.33184459611e-13,0
420.0,0.06,-0.075,1.46981740777e-13,0
420.0,0.06,-0.07,1.04510317627e-13,0
420.0,0.065,-0.075,1.53203945158e-13,0
420.0,0.065,-0.07,1.09232407688e-13,0
420.0,0.06,-0.065,6.36157333945e-14,0
420.0,0.065,-0.065,6.66801181471e-14,0
420.0,0.06,-0.06,2.51856345058e-14,0
420.0,0.065,-0.06,2.66650946771e-14,0
420.0,0.06,-0.055,-1.18305659546e-14,0
420.0,0.065,-0.055,-1.2412703352e-14,0
420.0,0.06,-0.05,-4.57530822845e-14,0
420.0,0.065,-0.05,-4.93596858245e-14,0
420.0,0.06,-0.045,-7.47324775963e-14,0
420.0,0.065,-0.045,-8.11280135651e-14,0
420.0,0.06,-0.04,-9.60436440031e-14,0
420.0,0.065,-0.04,-1.04078385601e-13,0
420.0,0.06,-0.035,-1.06735101866e-13,0
420.0,0.065,-0.035,-1.11943030692e-13,0
420.0,0.06,-0.03,-1.0085455192e-13,0
420.0,0.065,-0.03,-1.00903328922e-13,0
420.0,0.06,-0.025,-7.80749807099e-14,0
420.0,0.065,-0.025,-7.71983149769e-14,0
420.0,0.06,-0.02,-3.65939805381e-14,0
420.0,0.065,-0.02,-3.3577488814e-14,0
420.0,0.06,-0.015,1.62806761446e-14,0
420.0,0.065,-0.015,2.06326577769e-14,0
420.0,0.06,-0.01,6.62063270507e-14,0
420.0,0.065,-0.01,6.6393336012e-14,0
420.0,0.06,-0.005,1.08837585719e-13,0
420.0,0.065,-0.005,1.05555472475e-13,0
420.0,0.06,0,1.38489288431e-13,0
420.0,0.065,4.16333634234e-19,1.35516280788e-13,0
420.0,0.06,0.005,1.50569035847e-13,0
420.0,0.065,0.005,1.54012451048e-13,0
420.0,0.06,0.01,1.32264499922e-13,0
420.0,0.065,0.01,1.39997135027e-13,0
420.0,0.06,0.015,8.2641048045e-14,0
420.0,0.065,0.015,8.68178209544e-14,0
420.0,0.06,0.02,1.83349402822e-14,0
420.0,0.065,0.02,1.5711980799e-14,0
420.0,0.06,0.025,-4.86340626878e-14,0
420.0,0.065,0.025,-5.74598194975e-14,0
420.0,0.06,0.03,-1.13060942437e-13,0
420.0,0.065,0.03,-1.26427518223e-13,0
420.0,0.06,0.035,-1.61399764636e-13,0
420.0,0.065,0.035,-1.84660454545e-13,0
420.0,0.06,0.04,-1.80734935903e-13,0
420.0,0.065,0.04,-2.10321863503e-13,0
420.0,0.06,0.045,-1.65912733196e-13,0
420.0,0.065,0.045,-1.79535413139e-13,0
420.0,0.06,0.05,-1.12878072102e-13,0
420.0,0.065,0.05,-1.04970046943e-13,0
420.0,0.06,0.055,-4.22682213752e-14,0
420.0,0.065,0.055,-2.30077766272e-14,0
420.0,0.06,0.06,3.42540129365e-14,0
420.0,0.06,0.065,1.26613921416e-13,0
420.0,0.065,0.06,7.59392639839e-14,0
420.0,0.065,0.065,2.03888785719e-13,0
420.0,0.06,0.07,2.41645155892e-13,0
420.0,0.06,0.075,3.61751056896e-13,0
420.0,0.065,0.07,3.49951354729e-13,0
420.0,0.065,0.075,5.0169397654e-13,0
420.0,0.07,-0.075,1.58842546669e-13,0
420.0,0.07,-0.07,1.13408213204e-13,0
420.0,0.075,-0.075,1.63177120581e-13,0
420.0,0.075,-0.07,1.16598296593e-13,0
420.0,0.07,-0.065,6.93649371684e-14,0
420.0,0.075,-0.065,7.110523356e-14,0
420.0,0.07,-0.06,2.77528393523e-14,0
420.0,0.075,-0.06,2.84763562058e-14,0
420.0,0.07,-0.055,-1.29746419041e-14,0
420.0,0.075,-0.055,-1.34187735312e-14,0
420.0,0.07,-0.05,-5.3963076953e-14,0
420.0,0.075,-0.05,-5.93998112009e-14,0
420.0,0.07,-0.045,-9.06763319368e-14,0
420.0,0.075,-0.045,-1.02323211657e-13,0
420.0,0.07,-0.04,-1.15955226816e-13,0
420.0,0.075,-0.04,-1.29726628399e-13,0
420.0,0.07,-0.035,-1.19852973785e-13,0
420.0,0.075,-0.035,-1.29417313516e-13,0
420.0,0.07,-0.03,-1.0404501116e-13,0
420.0,0.075,-0.03,-1.10928386822e-13,0
420.0,0.07,-0.025,-7.90030658573e-14,0
420.0,0.075,-0.025,-8.43821843448e-14,0
420.0,0.07,-0.02,-3.15791599555e-14,0
420.0,0.075,-0.02,-3.16399031356e-14,0
420.0,0.07,-0.015,2.466538286e-14,0
420.0,0.075,-0.015,2.9448484781e-14,0
420.0,0.07,-0.01,6.91144560197e-14,0
420.0,0.075,-0.01,7.40945622385e-14,0
420.0,0.07,-0.005,1.07759361416e-13,0
420.0,0.075,-0.005,1.13222802971e-13,0
420.0,0.07,0,1.37906255443e-13,0
420.0,0.075,0,1.44142787621e-13,0
420.0,0.07,0.005,1.58731167164e-13,0
420.0,0.075,0.005,1.66660318166e-13,0
420.0,0.07,0.01,1.45999943787e-13,0
420.0,0.075,0.01,1.55153062307e-13,0
420.0,0.07,0.015,8.84160932376e-14,0
420.0,0.075,0.015,9.08922608934e-14,0
420.0,0.07,0.02,1.25199358092e-14,0
420.0,0.075,0.02,9.58115773339e-15,0
420.0,0.07,0.025,-6.45380876114e-14,0
420.0,0.075,0.025,-7.24660704e-14,0
420.0,0.07,0.03,-1.37170808839e-13,0
420.0,0.075,0.03,-1.4998237678e-13,0
420.0,0.07,0.035,-2.00011095656e-13,0
420.0,0.075,0.035,-2.16758706534e-13,0
420.0,0.07,0.04,-2.24229005013e-13,0
420.0,0.075,0.04,-2.38628589357e-13,0
420.0,0.07,0.045,-1.8066144994e-13,0
420.0,0.075,0.045,-1.81847223489e-13,0
420.0,0.07,0.05,-9.95157339857e-14,0
420.0,0.075,0.05,-9.64901274719e-14,0
420.0,0.07,0.055,-1.26278217374e-14,0
420.0,0.075,0.055,-6.32285248945e-15,0
420.0,0.07,0.06,1.10535595753e-13,0
420.0,0.075,0.06,1.36617547257e-13,0
420.0,0.07,0.065,2.73833688655e-13,0
420.0,0.075,0.065,3.33764666336e-13,0
420.0,0.07,0.07,4.51321417395e-13,0
420.0,0.07,0.075,6.29685817222e-13,0
420.0,0.075,0.07,5.41513239657e-13,0
420.0,0.075,0.075,7.38872837921e-13,0
460.0,-0.00382671281566,-0.00202612167119,0,0
460.0,-0.005,-0.005,1.073153547e-14,0
460.0,-0.00197892066871,-0.00385133392306,0,0
460.0,-0.005,-0.00190753787223,1.20342164885e-14,0
460.0,-0.00433,0,0,0
460.0,-0.00190753787223,-0.005,1.21000124904e-14,0
460.0,0,-0.00433,0,0
460.0,-0.005,0.00190775150599,1.47127655994e-14,0
460.0,-0.00385133392306,0.00197892066871,0,0
460.0,0.00190775150599,-0.005,1.11611260757e-14,0
460.0,0.00202612167119,-0.00382671281566,0,0
460.0,-0.00202612167119,0.00382671281566,0,0
460.0,-0.005,0.005,3.95254064803e-14,0
460.0,-0.0019094272225,0.005,1.99942552323e-14,0
460.0,0,0.00433,0,0
460.0,0.00147766755988,0.00407006125046,0,0
460.0,8.32667268469e-19,0.005,1.34706795771e-14,0
460.0,0.00433,0,0,0
460.0,0.005,1.38777878078e-18,1.48159499053e-14,0
460.0,0.00407006125046,0.00147766755988,0,0
460.0,0.005,-0.005,1.52065366302e-14,0
460.0,0.00385133392306,-0.00197892066871,0,0
460.0,0.005,-0.0019094272225,1.65312813736e-14,0
460.0,0.00306177236254,0.00306177236254,0,0
460.0,0.0019094272225,0.005,2.51527066981e-14,0
460.0,0.005,0.0019094272225,2.92386049087e-14,0
460.0,-0.000885,-0.0015328649647,1.27155878777e-12,0
460.0,-0.0015328649647,-0.000885,1.27168117946e-12,0
460.0,-0.00186450691264,-0.00187567167242,8.43050843711e-13,0
460.0,-0.00177,0,1.27137288124e-12,0
460.0,-0.00268433516245,-0.000738983120158,7.59129800792e-13,0
460.0,0,-0.00177,1.27152038891e-12,0
460.0,-0.000718432264205,-0.00269192408424,7.57423572357e-13,0
460.0,-0.0015328649647,0.000885,1.26986832369e-12,0
460.0,-0.00265321485144,0.000647311733689,7.89913690653e-13,0
460.0,-0.000885,0.0015328649647,1.26824067901e-12,0
460.0,-0.00194719253591,0.00178443766524,8.43977123583e-13,0
460.0,0,0.00177,1.26413428356e-12,0
460.0,-0.000802720381054,0.00273415977115,7.17521943723e-13,0
460.0,0.000885,-0.0015328649647,1.27020914502e-12,0
460.0,0.00075154031863,-0.00270385456952,7.4531319414e-13,0
460.0,0.00177,0,1.26247398912e-12,0
460.0,0.0015328649647,-0.000885,1.26805658002e-12,0
460.0,0.00271471102228,-0.000564731152102,7.60937362111e-13,0
460.0,0.00192394637685,-0.00189207206672,8.10120606652e-13,0
460.0,0.00231817117671,0.00040530921667,9.87940556768e-13,0
460.0,0.0015328649647,0.000885,1.26074020661e-12,0
460.0,0.000885,0.0015328649647,1.26144529176e-12,0
460.0,0.000427053001345,0.00287092483521,6.82210284188e-13,0
460.0,0.00187618296239,0.00184774001435,8.33365554385e-13,0
460.0,0.00312733402203,0.000607809752493,5.19214820593e-13,0
460.0,0.00276214303706,0.00136595635004,5.76876906746e-13,0
460.0,0.0014100336009,0.00268674970267,6.04790060847e-13,0
460.0,-0.075,-0.075,-2.3623167293e-12,0
460.0,-0.07,-0.075,-2.10888557527e-12,0
460.0,-0.075,-0.07,-1.81094410107e-12,0
460.0,-0.07,-0.07,-1.58967220227e-12,0
460.0,-0.075,-0.065,-1.21909134106e-12,0
460.0,-0.07,-0.065,-1.04646838133e-12,0
460.0,-0.065,-0.075,-1.83869523942e-12,0
460.0,-0.065,-0.07,-1.37197021076e-12,0
460.0,-0.065,-0.065,-8.89463969388e-13,0
460.0,-0.075,-0.06,-5.12658800804e-13,0
460.0,-0.07,-0.06,-4.653603059e-13,0
460.0,-0.065,-0.06,-4.07040543352e-13,0
460.0,-0.075,-0.055,1.16198870151e-13,0
460.0,-0.07,-0.055,3.54749381286e-14,0
460.0,-0.065,-0.055,-5.68147364998e-15,0
460.0,-0.075,-0.05,5.40762078828e-13,0
460.0,-0.07,-0.05,4.00699798457e-13,0
460.0,-0.065,-0.05,2.91639987091e-13,0
460.0,-0.075,-0.045,8.96380986107e-13,0
460.0,-0.07,-0.045,7.09957383826e-13,0
460.0,-0.065,-0.045,5.51732068644e-13,0
460.0,-0.075,-0.04,1.19010244882e-12,0
460.0,-0.07,-0.04,9.72058258493e-13,0
460.0,-0.075,-0.035,1.44623268602e-12,0
460.0,-0.07,-0.035,1.19123484944e-12,0
460.0,-0.065,-0.04,7.74154824449e-13,0
460.0,-0.065,-0.035,9.41074729768e-13,0
460.0,-0.075,-0.03,1.6804934277e-12,0
460.0,-0.07,-0.03,1.33507636737e-12,0
460.0,-0.075,-0.025,1.773398638e-12,0
460.0,-0.07,-0.025,1.34978081292e-12,0
460.0,-0.065,-0.03,1.01717265465e-12,0
460.0,-0.065,-0.025,9.7664268421e-13,0
460.0,-0.075,-0.02,1.68854666512e-12,0
460.0,-0.07,-0.02,1.23227969661e-12,0
460.0,-0.075,-0.015,1.44887515197e-12,0
460.0,-0.07,-0.015,9.93695540366e-13,0
460.0,-0.065,-0.02,8.3482260513e-13,0
460.0,-0.065,-0.015,6.00039448535e-13,0
460.0,-0.075,-0.01,1.0972695051e-12,0
460.0,-0.07,-0.01,6.54014886368e-13,0
460.0,-0.075,-0.005,7.2136353925e-13,0
460.0,-0.07,-0.005,2.70576800526e-13,0
460.0,-0.065,-0.01,2.59523551781e-13,0
460.0,-0.065,-0.005,-1.55841532458e-13,0
460.0,-0.075,0,4.05863393346e-13,0
460.0,-0.07,0,-7.07720011848e-14,0
460.0,-0.075,0.005,2.23138194796e-13,0
460.0,-0.07,0.005,-2.97753512413e-13,0
460.0,-0.065,4.16333634234e-19,-5.50597234866e-13,0
460.0,-0.065,0.005,-8.4127750784e-13,0
460.0,-0.075,0.01,2.73727303695e-13,0
460.0,-0.07,0.01,-3.22295085023e-13,0
460.0,-0.075,0.015,5.87116773393e-13,0
460.0,-0.07,0.015,-9.53876076563e-14,0
460.0,-0.065,0.01,-9.37116438994e-13,0
460.0,-0.065,0.015,-7.77069702007e-13,0
460.0,-0.075,0.02,9.81466671026e-13,0
460.0,-0.07,0.02,2.65136376853e-13,0
460.0,-0.075,0.025,1.37915187993e-12,0
460.0,-0.07,0.025,6.38806398019e-13,0
460.0,-0.065,0.02,-4.51278531494e-13,0
460.0,-0.065,0.025,-9.7178807509e-14,0
460.0,-0.075,0.03,1.79276089448e-12,0
460.0,-0.07,0.03,1.01928235373e-12,0
460.0,-0.075,0.035,2.217376007e-12,0
460.0,-0.07,0.035,1.39507492813e-12,0
460.0,-0.065,0.03,2.66658825308e-13,0
460.0,-0.065,0.035,6.09708443093e-13,0
460.0,-0.075,0.04,2.6415872202e-12,0
460.0,-0.07,0.04,1.74452650415e-12,0
460.0,-0.075,0.045,2.94234362346e-12,0
460.0,-0.07,0.045,2.00885594907e-12,0
460.0,-0.065,0.04,9.15166183622e-13,0
460.0,-0.065,0.045,1.15567070837e-12,0
460.0,-0.075,0.05,3.1279071976e-12,0
460.0,-0.07,0.05,2.18341086206e-12,0
460.0,-0.075,0.055,3.27565921694e-12,0
460.0,-0.07,0.055,2.31169330786e-12,0
460.0,-0.065,0.05,1.30689743435e-12,0
460.0,-0.065,0.055,1.40395504544e-12,0
460.0,-0.075,0.06,3.37431203891e-12,0
460.0,-0.07,0.06,2.38914754018e-12,0
460.0,-0.075,0.065,3.4507562673e-12,0
460.0,-0.07,0.065,2.43110644044e-12,0
460.0,-0.065,0.06,1.44658278858e-12,0
460.0,-0.065,0.065,1.43827779902e-12,0
460.0,-0.075,0.07,3.54416751089e-12,0
460.0,-0.07,0.07,2.44657937458e-12,0
460.0,-0.075,0.075,3.58704697282e-12,0
460.0,-0.07,0.075,2.41950112867e-12,0
460.0,-0.065,0.07,1.38527816817e-12,0
460.0,-0.065,0.075,1.28649058332e-12,0
460.0,-0.06,-0.075,-1.57957318144e-12,0
460.0,-0.06,-0.07,-1.16007979466e-12,0
460.0,-0.06,-0.065,-7.45914602242e-13,0
460.0,-0.055,-0.075,-1.30154327249e-12,0
460.0,-0.055,-0.07,-9.36019246871e-13,0
460.0,-0.055,-0.065,-5.94071231267e-13,0
460.0,-0.06,-0.06,-3.56014495596e-13,0
460.0,-0.06,-0.055,-3.60596901514e-14,0
460.0,-0.055,-0.06,-2.9081969396e-13,0
460.0,-0.055,-0.055,-4.87190423148e-14,0
460.0,-0.06,-0.05,2.14992569455e-13,0
460.0,-0.055,-0.05,1.57134970562e-13,0
460.0,-0.06,-0.045,4.33706232311e-13,0
460.0,-0.055,-0.045,3.33039522065e-13,0
460.0,-0.06,-0.04,6.02076038241e-13,0
460.0,-0.055,-0.04,4.51781019559e-13,0
460.0,-0.06,-0.035,7.14612725845e-13,0
460.0,-0.055,-0.035,5.22668028142e-13,0
460.0,-0.06,-0.03,7.46155685746e-13,0
460.0,-0.06,-0.025,6.76582615465e-13,0
460.0,-0.055,-0.03,5.27440803933e-13,0
460.0,-0.055,-0.025,4.42849859318e-13,0
460.0,-0.06,-0.02,5.23179670569e-13,0
460.0,-0.06,-0.015,2.99409152487e-13,0
460.0,-0.055,-0.02,2.89901893151e-13,0
460.0,-0.055,-0.015,8.97572817846e-14,0
460.0,-0.06,-0.01,-4.12251877307e-14,0
460.0,-0.06,-0.005,-4.89694894812e-13,0
460.0,-0.055,-0.01,-2.35513724891e-13,0
460.0,-0.055,-0.005,-6.91857942128e-13,0
460.0,-0.06,0,-9.50415052076e-13,0
460.0,-0.06,0.005,-1.30896022822e-12,0
460.0,-0.055,4.16333634234e-19,-1.20161966923e-12,0
460.0,-0.055,0.005,-1.61067160528e-12,0
460.0,-0.06,0.01,-1.46403118868e-12,0
460.0,-0.06,0.015,-1.37568833699e-12,0
460.0,-0.055,0.01,-1.80534353831e-12,0
460.0,-0.055,0.015,-1.76425458587e-12,0
460.0,-0.06,0.02,-1.10295095636e-12,0
460.0,-0.06,0.025,-7.55420759526e-13,0
460.0,-0.055,0.02,-1.52854260265e-12,0
460.0,-0.055,0.025,-1.17922095888e-12,0
460.0,-0.06,0.03,-3.79805144577e-13,0
460.0,-0.06,0.035,-3.99140882036e-14,0
460.0,-0.055,0.03,-8.11786745053e-13,0
460.0,-0.055,0.035,-5.13801141777e-13,0
460.0,-0.06,0.04,2.18972974542e-13,0
460.0,-0.06,0.045,4.14560674394e-13,0
460.0,-0.055,0.04,-3.31925892913e-13,0
460.0,-0.055,0.045,-2.23583114875e-13,0
460.0,-0.06,0.05,5.27889624136e-13,0
460.0,-0.06,0.055,5.77485624225e-13,0
460.0,-0.055,0.05,-1.80561268273e-13,0
460.0,-0.055,0.055,-1.94227705152e-13,0
460.0,-0.06,0.06,5.67436266198e-13,0
460.0,-0.06,0.065,5.06757920156e-13,0
460.0,-0.055,0.06,-2.65446962709e-13,0
460.0,-0.055,0.065,-3.89586466021e-13,0
460.0,-0.06,0.07,3.9869585273e-13,0
460.0,-0.06,0.075,2.58825420393e-13,0
460.0,-0.055,0.07,-5.72132201803e-13,0
460.0,-0.055,0.075,-7.79942641481e-13,0
460.0,-0.05,-0.075,-8.85914215015e-13,0
460.0,-0.05,-0.07,-6.57969132208e-13,0
460.0,-0.045,-0.075,-5.06312798329e-13,0
460.0,-0.045,-0.07,-4.05128509644e-13,0
460.0,-0.05,-0.065,-4.30980863075e-13,0
460.0,-0.045,-0.065,-2.82443054245e-13,0
460.0,-0.05,-0.06,-2.21349462569e-13,0
460.0,-0.05,-0.055,-4.3410290314e-14,0
460.0,-0.045,-0.06,-1.52162871354e-13,0
460.0,-0.045,-0.055,-2.77299473921e-14,0
460.0,-0.05,-0.05,1.12339930956e-13,0
460.0,-0.05,-0.045,2.39999547368e-13,0
460.0,-0.045,-0.05,8.04294723242e-14,0
460.0,-0.045,-0.045,1.66086029759e-13,0
460.0,-0.05,-0.04,3.24716956242e-13,0
460.0,-0.045,-0.04,2.23503073909e-13,0
460.0,-0.05,-0.035,3.69674114558e-13,0
460.0,-0.045,-0.035,2.45376485508e-13,0
460.0,-0.05,-0.03,3.57623670405e-13,0
460.0,-0.045,-0.03,2.19336812359e-13,0
460.0,-0.05,-0.025,2.75047212595e-13,0
460.0,-0.045,-0.025,1.41257011808e-13,0
460.0,-0.05,-0.02,1.33142502383e-13,0
460.0,-0.05,-0.015,-5.16385393888e-14,0
460.0,-0.045,-0.02,1.17614141214e-14,0
460.0,-0.045,-0.015,-1.55627614724e-13,0
460.0,-0.05,-0.01,-3.59978258105e-13,0
460.0,-0.05,-0.005,-7.97358842509e-13,0
460.0,-0.045,-0.01,-4.28291615799e-13,0
460.0,-0.045,-0.005,-8.28419565927e-13,0
460.0,-0.05,0,-1.31304770743e-12,0
460.0,-0.05,0.005,-1.7212302342e-12,0
460.0,-0.045,4.16333634234e-19,-1.28778525894e-12,0
460.0,-0.045,0.005,-1.61697289815e-12,0
460.0,-0.05,0.01,-1.90122354086e-12,0
460.0,-0.05,0.015,-1.89675927018e-12,0
460.0,-0.045,0.01,-1.73056033772e-12,0
460.0,-0.045,0.015,-1.76997538287e-12,0
460.0,-0.05,0.02,-1.68961573561e-12,0
460.0,-0.05,0.025,-1.35612143481e-12,0
460.0,-0.045,0.02,-1.6289608138e-12,0
460.0,-0.045,0.025,-1.35026703574e-12,0
460.0,-0.05,0.03,-1.04601492287e-12,0
460.0,-0.05,0.035,-8.0983142857e-13,0
460.0,-0.045,0.03,-1.12340629841e-12,0
460.0,-0.045,0.035,-9.60537645659e-13,0
460.0,-0.05,0.04,-6.84784912218e-13,0
460.0,-0.05,0.045,-6.54396911924e-13,0
460.0,-0.045,0.04,-8.83183185641e-13,0
460.0,-0.045,0.045,-9.01872573515e-13,0
460.0,-0.05,0.05,-7.24995209416e-13,0
460.0,-0.05,0.055,-8.4396389802e-13,0
460.0,-0.045,0.05,-1.04492387552e-12,0
460.0,-0.045,0.055,-1.28427395266e-12,0
460.0,-0.05,0.06,-1.00486759357e-12,0
460.0,-0.05,0.065,-1.22752361542e-12,0
460.0,-0.045,0.06,-1.5956339804e-12,0
460.0,-0.045,0.065,-1.9422779776e-12,0
460.0,-0.05,0.07,-1.51851110444e-12,0
460.0,-0.05,0.075,-1.85606885898e-12,0
460.0,-0.045,0.07,-2.36160690801e-12,0
460.0,-0.045,0.075,-2.84449619821e-12,0
460.0,-0.04,-0.075,-3.05861983753e-13,0
460.0,-0.04,-0.07,-2.40262385656e-13,0
460.0,-0.035,-0.075,-1.29913591175e-13,0
460.0,-0.035,-0.07,-9.62627272217e-14,0
460.0,-0.04,-0.065,-1.63969177534e-13,0
460.0,-0.035,-0.065,-5.61845174898e-14,0
460.0,-0.04,-0.06,-8.25529153711e-14,0
460.0,-0.035,-0.06,-1.4445426074e-14,0
460.0,-0.04,-0.055,-4.00984972335e-15,0
460.0,-0.035,-0.055,2.54842259595e-14,0
460.0,-0.04,-0.05,6.49164589592e-14,0
460.0,-0.04,-0.045,1.17487722897e-13,0
460.0,-0.035,-0.05,6.12124464041e-14,0
460.0,-0.035,-0.045,8.52345526369e-14,0
460.0,-0.04,-0.04,1.48010663531e-13,0
460.0,-0.04,-0.035,1.49493125754e-13,0
460.0,-0.035,-0.04,9.28264541666e-14,0
460.0,-0.035,-0.035,7.87418723076e-14,0
460.0,-0.04,-0.03,1.14523053279e-13,0
460.0,-0.035,-0.03,3.93176717097e-14,0
460.0,-0.04,-0.025,4.18280341655e-14,0
460.0,-0.035,-0.025,-2.57856537903e-14,0
460.0,-0.04,-0.02,-7.06441578595e-14,0
460.0,-0.035,-0.02,-1.15410770221e-13,0
460.0,-0.04,-0.015,-2.13700412604e-13,0
460.0,-0.035,-0.015,-2.26391928543e-13,0
460.0,-0.04,-0.01,-4.29502938256e-13,0
460.0,-0.04,-0.005,-7.38963202831e-13,0
460.0,-0.035,-0.01,-3.77341728829e-13,0
460.0,-0.035,-0.005,-5.66329216725e-13,0
460.0,-0.04,0,-1.10194848694e-12,0
460.0,-0.04,0.005,-1.34659449131e-12,0
460.0,-0.035,4.16333634234e-19,-8.33647095244e-13,0
460.0,-0.035,0.005,-1.0349873467e-12,0
460.0,-0.04,0.01,-1.4377132335e-12,0
460.0,-0.04,0.015,-1.48570980609e-12,0
460.0,-0.035,0.01,-1.1241008899e-12,0
460.0,-0.035,0.015,-1.15059483871e-12,0
460.0,-0.04,0.02,-1.40241752479e-12,0
460.0,-0.04,0.025,-1.19907106436e-12,0
460.0,-0.035,0.02,-1.06572566736e-12,0
460.0,-0.035,0.025,-9.23086618288e-13,0
460.0,-0.04,0.03,-1.02828824161e-12,0
460.0,-0.04,0.035,-9.2451367436e-13,0
460.0,-0.035,0.03,-7.91001848334e-13,0
460.0,-0.035,0.035,-7.16591123482e-13,0
460.0,-0.04,0.04,-8.95893566776e-13,0
460.0,-0.04,0.045,-9.58556788703e-13,0
460.0,-0.035,0.04,-7.17485664459e-13,0
460.0,-0.035,0.045,-8.13546462405e-13,0
460.0,-0.04,0.05,-1.14067353007e-12,0
460.0,-0.04,0.055,-1.44836199298e-12,0
460.0,-0.035,0.05,-1.03551809978e-12,0
460.0,-0.035,0.055,-1.39288371397e-12,0
460.0,-0.04,0.06,-1.93653490473e-12,0
460.0,-0.04,0.065,-2.47264101147e-12,0
460.0,-0.035,0.06,-2.00406773938e-12,0
460.0,-0.035,0.065,-2.74286587297e-12,0
460.0,-0.04,0.07,-3.02149414897e-12,0
460.0,-0.04,0.075,-3.63679216041e-12,0
460.0,-0.035,0.07,-3.44775165328e-12,0
460.0,-0.035,0.075,-4.1861269163e-12,0
460.0,-0.03,-0.075,2.57127850529e-14,0
460.0,-0.03,-0.07,3.28254647604e-14,0
460.0,-0.025,-0.075,1.73756438495e-13,0
460.0,-0.025,-0.07,1.5592089592e-13,0
460.0,-0.03,-0.065,4.23662049969e-14,0
460.0,-0.025,-0.065,1.3724228059e-13,0
460.0,-0.03,-0.06,5.29045718691e-14,0
460.0,-0.025,-0.06,1.1922766151e-13,0
460.0,-0.03,-0.055,6.15553396404e-14,0
460.0,-0.025,-0.055,9.80915577109e-14,0
460.0,-0.03,-0.05,6.61844892677e-14,0
460.0,-0.025,-0.05,7.29960881327e-14,0
460.0,-0.03,-0.045,6.40279088089e-14,0
460.0,-0.025,-0.045,4.64482052042e-14,0
460.0,-0.03,-0.04,5.17390914471e-14,0
460.0,-0.03,-0.035,2.67136004162e-14,0
460.0,-0.025,-0.04,1.72581914258e-14,0
460.0,-0.025,-0.035,-1.48704645534e-14,0
460.0,-0.03,-0.03,-1.25784835733e-14,0
460.0,-0.03,-0.025,-6.61244757918e-14,0
460.0,-0.025,-0.03,-5.12551789346e-14,0
460.0,-0.025,-0.025,-9.17871271384e-14,0
460.0,-0.03,-0.02,-1.33031717484e-13,0
460.0,-0.025,-0.02,-1.35932542154e-13,0
460.0,-0.03,-0.015,-2.13189112606e-13,0
460.0,-0.025,-0.015,-1.85709836467e-13,0
460.0,-0.03,-0.01,-3.13304227853e-13,0
460.0,-0.025,-0.01,-2.41354450156e-13,0
460.0,-0.03,-0.005,-4.30055369585e-13,0
460.0,-0.025,-0.005,-3.00506235658e-13,0
460.0,-0.03,0,-5.67784835668e-13,0
460.0,-0.03,0.005,-6.89234118335e-13,0
460.0,-0.025,4.16333634234e-19,-3.50644326841e-13,0
460.0,-0.025,0.005,-3.92048114411e-13,0
460.0,-0.03,0.01,-7.65378927869e-13,0
460.0,-0.03,0.015,-7.63661487953e-13,0
460.0,-0.025,0.01,-4.09287054115e-13,0
460.0,-0.025,0.015,-3.58567227474e-13,0
460.0,-0.03,0.02,-6.65447337618e-13,0
460.0,-0.03,0.025,-5.39543531513e-13,0
460.0,-0.025,0.02,-2.36190242944e-13,0
460.0,-0.025,0.025,-8.51346798081e-14,0
460.0,-0.03,0.03,-4.20258184021e-13,0
460.0,-0.03,0.035,-3.51441820588e-13,0
460.0,-0.025,0.03,5.46924788674e-14,0
460.0,-0.025,0.035,1.46708061885e-13,0
460.0,-0.03,0.04,-3.57439137423e-13,0
460.0,-0.03,0.045,-4.59202038373e-13,0
460.0,-0.025,0.04,1.64692301143e-13,0
460.0,-0.025,0.045,9.08930873608e-14,0
460.0,-0.03,0.05,-6.97200066742e-13,0
460.0,-0.03,0.055,-1.08933931548e-12,0
460.0,-0.025,0.05,-1.29674362342e-13,0
460.0,-0.025,0.055,-5.16417103609e-13,0
460.0,-0.03,0.06,-1.73531110185e-12,0
460.0,-0.03,0.065,-2.53690956118e-12,0
460.0,-0.025,0.06,-1.08828366656e-12,0
460.0,-0.025,0.065,-1.79904685786e-12,0
460.0,-0.03,0.07,-3.35522623782e-12,0
460.0,-0.03,0.075,-4.22528317684e-12,0
460.0,-0.025,0.07,-2.59623883762e-12,0
460.0,-0.025,0.075,-3.44770535312e-12,0
460.0,-0.02,-0.075,3.19484899958e-13,0
460.0,-0.02,-0.07,2.78980343084e-13,0
460.0,-0.015,-0.075,4.65932080982e-13,0
460.0,-0.015,-0.07,4.04643843636e-13,0
460.0,-0.02,-0.065,2.34789521974e-13,0
460.0,-0.015,-0.065,3.345882005e-13,0
460.0,-0.02,-0.06,1.83920153444e-13,0
460.0,-0.015,-0.06,2.43439169542e-13,0
460.0,-0.02,-0.055,1.27477607803e-13,0
460.0,-0.015,-0.055,1.42718172054e-13,0
460.0,-0.02,-0.05,7.21728442421e-14,0
460.0,-0.015,-0.05,5.72378198408e-14,0
460.0,-0.02,-0.045,2.3100130107e-14,0
460.0,-0.015,-0.045,-1.16778413764e-14,0
460.0,-0.02,-0.04,-1.88205942794e-14,0
460.0,-0.015,-0.04,-6.3072838606e-14,0
460.0,-0.02,-0.035,-5.47424846637e-14,0
460.0,-0.015,-0.035,-9.96536658559e-14,0
460.0,-0.02,-0.03,-8.5093654822e-14,0
460.0,-0.02,-0.025,-1.09420813245e-13,0
460.0,-0.015,-0.03,-1.20824443939e-13,0
460.0,-0.015,-0.025,-1.26712518117e-13,0
460.0,-0.02,-0.02,-1.29694866061e-13,0
460.0,-0.02,-0.015,-1.49278922284e-13,0
460.0,-0.015,-0.02,-1.22695398188e-13,0
460.0,-0.015,-0.015,-1.1445842126e-13,0
460.0,-0.02,-0.01,-1.67839110274e-13,0
460.0,-0.015,-0.01,-1.02963236134e-13,0
460.0,-0.02,-0.005,-1.86885678058e-13,0
460.0,-0.015,-0.005,-9.31332277076e-14,0
460.0,-0.02,0,-1.99853111943e-13,0
460.0,-0.015,4.16333634234e-19,-8.06879559389e-14,0
460.0,-0.02,0.005,-1.94578190177e-13,0
460.0,-0.015,0.005,-4.444330741e-14,0
460.0,-0.02,0.01,-1.38385282281e-13,0
460.0,-0.02,0.015,-4.56555071052e-16,0
460.0,-0.015,0.01,7.75762963126e-14,0
460.0,-0.015,0.015,3.13708017765e-13,0
460.0,-0.02,0.02,1.96572876007e-13,0
460.0,-0.02,0.025,4.10820063583e-13,0
460.0,-0.015,0.02,6.18293686195e-13,0
460.0,-0.015,0.025,9.23436323778e-13,0
460.0,-0.02,0.03,6.02473939215e-13,0
460.0,-0.02,0.035,7.43261217887e-13,0
460.0,-0.015,0.03,1.18629841588e-12,0
460.0,-0.015,0.035,1.4003207803e-12,0
460.0,-0.02,0.04,8.07356086047e-13,0
460.0,-0.02,0.045,7.89353069264e-13,0
460.0,-0.015,0.04,1.52183344678e-12,0
460.0,-0.015,0.045,1.57522256352e-12,0
460.0,-0.02,0.05,6.37557730325e-13,0
460.0,-0.02,0.055,3.09444616243e-13,0
460.0,-0.015,0.05,1.53089282781e-12,0
460.0,-0.015,0.055,1.27927920835e-12,0
460.0,-0.02,0.06,-1.80430374981e-13,0
460.0,-0.02,0.065,-8.01438005185e-13,0
460.0,-0.015,0.06,8.42816629798e-13,0
460.0,-0.015,0.065,2.85893726609e-13,0
460.0,-0.02,0.07,-1.51820375757e-12,0
460.0,-0.02,0.075,-2.2891137862e-12,0
460.0,-0.015,0.07,-3.44650431426e-13,0
460.0,-0.015,0.075,-1.0200600647e-12,0
460.0,-0.01,-0.075,6.26691895887e-13,0
460.0,-0.01,-0.07,5.38850786595e-13,0
460.0,-0.005,-0.075,7.92081672438e-13,0
460.0,-0.005,-0.07,6.80238801142e-13,0
460.0,-0.01,-0.065,4.40470642147e-13,0
460.0,-0.005,-0.065,5.49252069192e-13,0
460.0,-0.01,-0.06,2.90856599146e-13,0
460.0,-0.005,-0.06,3.23960828371e-13,0
460.0,-0.01,-0.055,1.30372251464e-13,0
460.0,-0.005,-0.055,9.40696964696e-14,0
460.0,-0.01,-0.05,2.06263219505e-14,0
460.0,-0.005,-0.05,-4.03948021328e-14,0
460.0,-0.01,-0.045,-6.54680422497e-14,0
460.0,-0.005,-0.045,-1.44043177128e-13,0
460.0,-0.01,-0.04,-1.25114956681e-13,0
460.0,-0.005,-0.04,-2.10875085612e-13,0
460.0,-0.01,-0.035,-1.59091167691e-13,0
460.0,-0.005,-0.035,-2.40010499113e-13,0
460.0,-0.01,-0.03,-1.66410432801e-13,0
460.0,-0.005,-0.03,-2.280874184e-13,0
460.0,-0.01,-0.025,-1.50266048919e-13,0
460.0,-0.005,-0.025,-1.86129938252e-13,0
460.0,-0.01,-0.02,-1.21932607077e-13,0
460.0,-0.01,-0.015,-8.83073115154e-14,0
460.0,-0.005,-0.02,-1.33939974926e-13,0
460.0,-0.005,-0.015,-7.7380774237e-14,0
460.0,-0.0117873230072,-0.0115873794689,-7.78662852056e-14,0
460.0,-0.00939961996336,-0.005,-2.10976945892e-14,0
460.0,-0.00792797428371,-0.00964253216809,-3.59058745442e-14,0
460.0,-0.005,-0.00939961996336,-1.84558993184e-14,0
460.0,-0.0108753492546,-0.00150606400588,-2.46960979673e-14,0
460.0,-0.00818101620308,-0.00211452602544,1.11455749074e-16,0
460.0,-0.00651817360753,-0.000255934956239,1.28117317654e-14,0
460.0,-0.005,6.71033969428e-08,1.00058960129e-14,0
460.0,-0.0107292118043,0.00160660295843,-8.33164443218e-15,0
460.0,-0.0080188992252,0.000768320427092,9.58538701181e-15,0
460.0,-0.00939946851065,0.005,3.49694200525e-14,0
460.0,-0.00802129342231,0.00264911934363,1.92349462583e-14,0
460.0,-0.00887989370213,0.00887989479405,1.59254825746e-13,0
460.0,-0.01,0.015,5.41415022056e-13,0
460.0,-0.005,0.00939947397025,2.15433684983e-13,0
460.0,-0.005,0.015,6.96296383388e-13,0
460.0,-0.01,0.02,9.82203311435e-13,0
460.0,-0.01,0.025,1.39666739324e-12,0
460.0,-0.005,0.02,1.22943268348e-12,0
460.0,-0.005,0.025,1.73242070305e-12,0
460.0,-0.01,0.03,1.73676819998e-12,0
460.0,-0.01,0.035,2.05716706618e-12,0
460.0,-0.005,0.03,2.16098251011e-12,0
460.0,-0.005,0.035,2.56578903749e-12,0
460.0,-0.01,0.04,2.321653203e-12,0
460.0,-0.01,0.045,2.4755397656e-12,0
460.0,-0.005,0.04,2.94927064084e-12,0
460.0,-0.005,0.045,3.13379295342e-12,0
460.0,-0.01,0.05,2.47906782516e-12,0
460.0,-0.01,0.055,2.27794987073e-12,0
460.0,-0.005,0.05,3.09524875807e-12,0
460.0,-0.005,0.055,2.91987560183e-12,0
460.0,-0.01,0.06,1.87235676263e-12,0
460.0,-0.01,0.065,1.34586905858e-12,0
460.0,-0.005,0.06,2.56017791556e-12,0
460.0,-0.005,0.065,2.0425823682e-12,0
460.0,-0.01,0.07,7.7373816284e-13,0
460.0,-0.01,0.075,2.37926725596e-13,0
460.0,-0.005,0.07,1.48942080011e-12,0
460.0,-0.005,0.075,1.03253968689e-12,0
460.0,0,-0.075,1.0650156253e-12,0
460.0,0,-0.07,8.56708794793e-13,0
460.0,0.005,-0.075,1.33888226169e-12,0
460.0,0.005,-0.07,1.00362630983e-12,0
460.0,0,-0.065,6.27623955333e-13,0
460.0,0.005,-0.065,6.61133378379e-13,0
460.0,0,-0.06,3.2608993541e-13,0
460.0,0.005,-0.06,2.88003230772e-13,0
460.0,0,-0.055,2.80032553443e-14,0
460.0,0.005,-0.055,-7.06403554669e-14,0
460.0,0,-0.05,-1.88367786663e-13,0
460.0,0.005,-0.05,-3.6644860645e-13,0
460.0,0,-0.045,-3.34643636587e-13,0
460.0,0.005,-0.045,-5.66471741759e-13,0
460.0,0,-0.04,-4.11186868258e-13,0
460.0,0.005,-0.04,-6.60037526953e-13,0
460.0,0,-0.035,-4.11413194405e-13,0
460.0,0.005,-0.035,-6.31190167271e-13,0
460.0,0,-0.03,-3.44961020134e-13,0
460.0,0.005,-0.03,-5.10988040399e-13,0
460.0,0,-0.025,-2.53120232116e-13,0
460.0,0.005,-0.025,-3.57426787835e-13,0
460.0,0,-0.02,-1.68168207902e-13,0
460.0,0.005,-0.02,-2.23193099486e-13,0
460.0,0,-0.015,-8.73304382388e-14,0
460.0,0.005,-0.015,-1.16947005084e-13,0
460.0,-0.0021196717084,-0.00776771017156,2.46705163928e-15,0
460.0,-0.00084550708518,-0.00631514607954,1.10579665075e-14,0
460.0,6.71033969406e-08,-0.005,9.79944277455e-15,0
460.0,-0.00139054260708,-0.0110960807567,-3.12229121715e-14,0
460.0,0.00132468676756,-0.00775008274642,1.01043563744e-15,0
460.0,0.00160394440688,-0.0116908851489,-4.5450125961e-14,0
460.0,0.005,-0.00939946851065,-2.38963958546e-14,0
460.0,0.005,0.005,1.19147692661e-13,0
460.0,-0.000107646311398,0.00617659695633,5.14678971918e-14,0
460.0,-0.00190846935279,0.0076427502668,1.19726929487e-13,0
460.0,0.00131146485568,0.00777290068297,1.56894534584e-13,0
460.0,0.00295884413402,0.00640276348073,1.08257419723e-13,0
460.0,-1.21517769428e-05,0.0108932602996,3.92106996114e-13,0
460.0,0,0.015,8.25116621979e-13,0
460.0,0.005,0.00939942566771,4.3017855018e-13,0
460.0,0.005,0.015,9.92809920603e-13,0
460.0,0,0.02,1.39846751593e-12,0
460.0,0,0.025,1.94216826659e-12,0
460.0,0.005,0.02,1.54785326214e-12,0
460.0,0.005,0.025,2.05778394793e-12,0
460.0,0,0.03,2.41296097558e-12,0
460.0,0,0.035,2.83885225038e-12,0
460.0,0.005,0.03,2.471304169e-12,0
460.0,0.005,0.035,2.8252802624e-12,0
460.0,0,0.04,3.21591625922e-12,0
460.0,0,0.045,3.32595107863e-12,0
460.0,0.005,0.04,3.08722293095e-12,0
460.0,0.005,0.045,3.08381809439e-12,0
460.0,0,0.05,3.20101993317e-12,0
460.0,0,0.055,3.0096256509e-12,0
460.0,0.005,0.05,2.8863129327e-12,0
460.0,0.005,0.055,2.61412536387e-12,0
460.0,0,0.06,2.69119846259e-12,0
460.0,0,0.065,2.2050607982e-12,0
460.0,0.005,0.06,2.26025918647e-12,0
460.0,0.005,0.065,1.82744307855e-12,0
460.0,0,0.07,1.65130017407e-12,0
460.0,0,0.075,1.19461761866e-12,0
460.0,0.005,0.07,1.31027898956e-12,0
460.0,0.005,0.075,8.2119587342e-13,0
460.0,0.01,-0.075,1.4964798831e-12,0
460.0,0.01,-0.07,1.05806172062e-12,0
460.0,0.015,-0.075,1.54043470306e-12,0
460.0,0.015,-0.07,1.05392556736e-12,0
460.0,0.01,-0.065,6.29451974537e-13,0
460.0,0.015,-0.065,5.86595496565e-13,0
460.0,0.01,-0.06,2.27848620182e-13,0
460.0,0.015,-0.06,1.58436491326e-13,0
460.0,0.01,-0.055,-1.56453927461e-13,0
460.0,0.015,-0.055,-2.43009467506e-13,0
460.0,0.01,-0.05,-4.96472044218e-13,0
460.0,0.015,-0.05,-6.06522871697e-13,0
460.0,0.01,-0.045,-7.47805444218e-13,0
460.0,0.015,-0.045,-9.16798006819e-13,0
460.0,0.01,-0.04,-8.64548453649e-13,0
460.0,0.015,-0.04,-1.07475849802e-12,0
460.0,0.01,-0.035,-8.27537831305e-13,0
460.0,0.015,-0.035,-1.026217568e-12,0
460.0,0.01,-0.03,-6.85893749408e-13,0
460.0,0.015,-0.03,-8.5352194071e-13,0
460.0,0.01,-0.025,-5.0844750876e-13,0
460.0,0.015,-0.025,-6.50399630688e-13,0
460.0,0.01,-0.02,-3.18005437765e-13,0
460.0,0.01,-0.015,-1.53252671065e-13,0
460.0,0.015,-0.02,-3.98630823359e-13,0
460.0,0.015,-0.015,-1.48612771102e-13,0
460.0,0.00999280436795,-0.0116358337096,-6.50080777786e-14,0
460.0,0.0105889214373,-0.00845762197625,1.18911487558e-14,0
460.0,0.015,-0.01,4.46368109682e-14,0
460.0,0.00939947397025,-0.005,5.71224109297e-14,0
460.0,0.015,-0.005,2.11582374853e-13,0
460.0,0.00658051136513,-0.00296146438142,3.42154152616e-14,0
460.0,0.00636794669772,-3.54305826484e-06,4.54932515328e-14,0
460.0,0.00795807888052,-0.00113999998936,7.62331338467e-14,0
460.0,0.00758147027913,0.00183630393596,1.1757435177e-13,0
460.0,0.0112534647756,-1.47536350887e-07,2.20230985645e-13,0
460.0,0.015,4.16333634234e-19,3.83914144213e-13,0
460.0,0.00939942566771,0.005,3.48571212271e-13,0
460.0,0.015,0.005,6.66774859592e-13,0
460.0,0.00999018807453,0.0109670628501,8.40194604875e-13,0
460.0,0.01,0.015,1.2124068886e-12,0
460.0,0.015,0.01,1.04222765372e-12,0
460.0,0.015,0.015,1.4493380557e-12,0
460.0,0.01,0.02,1.68634334048e-12,0
460.0,0.01,0.025,2.09424411823e-12,0
460.0,0.015,0.02,1.83164582591e-12,0
460.0,0.015,0.025,2.12310619054e-12,0
460.0,0.01,0.03,2.40685716491e-12,0
460.0,0.01,0.035,2.64744181538e-12,0
460.0,0.015,0.03,2.31736806627e-12,0
460.0,0.015,0.035,2.3962158275e-12,0
460.0,0.01,0.04,2.72542369953e-12,0
460.0,0.01,0.045,2.58551351218e-12,0
460.0,0.015,0.04,2.27943129637e-12,0
460.0,0.015,0.045,2.03031743641e-12,0
460.0,0.01,0.05,2.31199970668e-12,0
460.0,0.01,0.055,1.9664839417e-12,0
460.0,0.015,0.05,1.69332226047e-12,0
460.0,0.015,0.055,1.2863299862e-12,0
460.0,0.01,0.06,1.54780602104e-12,0
460.0,0.01,0.065,1.07456571436e-12,0
460.0,0.015,0.06,7.98945666721e-13,0
460.0,0.015,0.065,2.18877560359e-13,0
460.0,0.01,0.07,5.13649189208e-13,0
460.0,0.01,0.075,-1.03309358704e-13,0
460.0,0.015,0.07,-5.10573656794e-13,0
460.0,0.015,0.075,-1.3107899494e-12,0
460.0,0.02,-0.075,1.51943102437e-12,0
460.0,0.02,-0.07,1.02734191027e-12,0
460.0,0.025,-0.075,1.4820861777e-12,0
460.0,0.025,-0.07,9.91770949649e-13,0
460.0,0.02,-0.065,5.45313455756e-13,0
460.0,0.025,-0.065,5.07752822857e-13,0
460.0,0.02,-0.06,8.94560663505e-14,0
460.0,0.025,-0.06,4.52661223939e-14,0
460.0,0.02,-0.055,-3.24783068821e-13,0
460.0,0.025,-0.055,-3.81042212912e-13,0
460.0,0.02,-0.05,-6.95646326349e-13,0
460.0,0.025,-0.05,-7.66073152682e-13,0
460.0,0.02,-0.045,-1.03900536191e-12,0
460.0,0.025,-0.045,-1.12183296951e-12,0
460.0,0.02,-0.04,-1.24885775587e-12,0
460.0,0.025,-0.04,-1.35880350979e-12,0
460.0,0.02,-0.035,-1.19457331518e-12,0
460.0,0.025,-0.035,-1.31426150155e-12,0
460.0,0.02,-0.03,-9.90999025135e-13,0
460.0,0.025,-0.03,-1.08960089909e-12,0
460.0,0.02,-0.025,-7.53901467837e-13,0
460.0,0.025,-0.025,-8.09406234889e-13,0
460.0,0.02,-0.02,-4.24998590175e-13,0
460.0,0.025,-0.02,-4.01230676437e-13,0
460.0,0.02,-0.015,-7.85273601886e-14,0
460.0,0.025,-0.015,4.60643336538e-14,0
460.0,0.02,-0.01,1.85434442046e-13,0
460.0,0.025,-0.01,3.79677366052e-13,0
460.0,0.02,-0.005,4.29035356394e-13,0
460.0,0.025,-0.005,7.02216607878e-13,0
460.0,0.02,0,6.86565804105e-13,0
460.0,0.025,4.16333634234e-19,1.06082180335e-12,0
460.0,0.02,0.005,1.00953160871e-12,0
460.0,0.025,0.005,1.40305419412e-12,0
460.0,0.02,0.01,1.36446699955e-12,0
460.0,0.025,0.01,1.71934799427e-12,0
460.0,0.02,0.015,1.70727973595e-12,0
460.0,0.025,0.015,1.98665362757e-12,0
460.0,0.02,0.02,1.98343699327e-12,0
460.0,0.02,0.025,2.13458049269e-12,0
460.0,0.025,0.02,2.12430630116e-12,0
460.0,0.025,0.025,2.06781496134e-12,0
460.0,0.02,0.03,2.14867965104e-12,0
460.0,0.02,0.035,2.01926114055e-12,0
460.0,0.025,0.03,1.8572543031e-12,0
460.0,0.025,0.035,1.5681784027e-12,0
460.0,0.02,0.04,1.76419399323e-12,0
460.0,0.02,0.045,1.44268747318e-12,0
460.0,0.025,0.04,1.22178647432e-12,0
460.0,0.025,0.045,8.36032273925e-13,0
460.0,0.02,0.05,1.04234721389e-12,0
460.0,0.02,0.055,5.69238378013e-13,0
460.0,0.025,0.05,3.75236367946e-13,0
460.0,0.025,0.055,-1.83854715122e-13,0
460.0,0.02,0.06,-4.0995566688e-14,0
460.0,0.02,0.065,-7.51150160234e-13,0
460.0,0.025,0.06,-8.67451064606e-13,0
460.0,0.025,0.065,-1.60502806963e-12,0
460.0,0.02,0.07,-1.53528873718e-12,0
460.0,0.02,0.075,-2.38332177539e-12,0
460.0,0.025,0.07,-2.39645927022e-12,0
460.0,0.025,0.075,-3.25787654762e-12,0
460.0,0.03,-0.075,1.44182710033e-12,0
460.0,0.03,-0.07,9.5506192833e-13,0
460.0,0.035,-0.075,1.4008319419e-12,0
460.0,0.035,-0.07,9.17025914934e-13,0
460.0,0.03,-0.065,4.774354589e-13,0
460.0,0.035,-0.065,4.47533252099e-13,0
460.0,0.03,-0.06,2.18125832033e-14,0
460.0,0.035,-0.06,9.346035627e-15,0
460.0,0.03,-0.055,-4.06149741901e-13,0
460.0,0.035,-0.055,-4.01583307765e-13,0
460.0,0.03,-0.05,-7.96498832758e-13,0
460.0,0.035,-0.05,-7.71942800808e-13,0
460.0,0.03,-0.045,-1.15171049054e-12,0
460.0,0.035,-0.045,-1.10750010204e-12,0
460.0,0.03,-0.04,-1.40018292139e-12,0
460.0,0.035,-0.04,-1.35240527262e-12,0
460.0,0.03,-0.035,-1.3848043926e-12,0
460.0,0.035,-0.035,-1.39551659273e-12,0
460.0,0.03,-0.03,-1.14941220047e-12,0
460.0,0.035,-0.03,-1.18263808678e-12,0
460.0,0.03,-0.025,-8.14549780683e-13,0
460.0,0.035,-0.025,-7.8056019922e-13,0
460.0,0.03,-0.02,-3.30699552346e-13,0
460.0,0.035,-0.02,-1.9331555995e-13,0
460.0,0.03,-0.015,2.19373762813e-13,0
460.0,0.035,-0.015,4.68298868172e-13,0
460.0,0.03,-0.01,7.10614035586e-13,0
460.0,0.035,-0.01,1.11893127859e-12,0
460.0,0.03,-0.005,1.16682503451e-12,0
460.0,0.035,-0.005,1.70990663405e-12,0
460.0,0.03,0,1.60364080746e-12,0
460.0,0.035,4.16333634234e-19,2.19154924935e-12,0
460.0,0.03,0.005,1.95550981571e-12,0
460.0,0.035,0.005,2.50124957967e-12,0
460.0,0.03,0.01,2.20776657592e-12,0
460.0,0.035,0.01,2.59976299288e-12,0
460.0,0.03,0.015,2.306774171e-12,0
460.0,0.035,0.015,2.41971114796e-12,0
460.0,0.03,0.02,2.15548167351e-12,0
460.0,0.035,0.02,1.95939484527e-12,0
460.0,0.03,0.025,1.82926786967e-12,0
460.0,0.035,0.025,1.45189623945e-12,0
460.0,0.03,0.03,1.45731890651e-12,0
460.0,0.03,0.035,1.06481741668e-12,0
460.0,0.035,0.03,9.78210489346e-13,0
460.0,0.035,0.035,5.17192545554e-13,0
460.0,0.03,0.04,6.54861585055e-13,0
460.0,0.03,0.045,2.21889146811e-13,0
460.0,0.035,0.04,7.00388253649e-14,0
460.0,0.035,0.045,-3.90930596748e-13,0
460.0,0.03,0.05,-2.84000586217e-13,0
460.0,0.03,0.055,-8.75574627922e-13,0
460.0,0.035,0.05,-9.15917804462e-13,0
460.0,0.035,0.055,-1.49143368484e-12,0
460.0,0.03,0.06,-1.53284103397e-12,0
460.0,0.03,0.065,-2.25171120594e-12,0
460.0,0.035,0.06,-2.09069282415e-12,0
460.0,0.035,0.065,-2.75173292857e-12,0
460.0,0.03,0.07,-3.03908044578e-12,0
460.0,0.03,0.075,-3.8983555575e-12,0
460.0,0.035,0.07,-3.5039792743e-12,0
460.0,0.035,0.075,-4.35231563894e-12,0
460.0,0.04,-0.075,1.35398883731e-12,0
460.0,0.04,-0.07,8.8275163661e-13,0
460.0,0.045,-0.075,1.32043447384e-12,0
460.0,0.045,-0.07,8.67951081619e-13,0
460.0,0.04,-0.065,4.29443151939e-13,0
460.0,0.045,-0.065,4.33390063561e-13,0
460.0,0.04,-0.06,1.49928798211e-14,0
460.0,0.045,-0.06,3.42978066989e-14,0
460.0,0.04,-0.055,-3.71707820922e-13,0
460.0,0.045,-0.055,-3.36766495508e-13,0
460.0,0.04,-0.05,-7.20510039977e-13,0
460.0,0.045,-0.05,-6.68495866604e-13,0
460.0,0.04,-0.045,-1.0353557238e-12,0
460.0,0.045,-0.045,-9.5481803669e-13,0
460.0,0.04,-0.04,-1.25669364568e-12,0
460.0,0.045,-0.04,-1.14504063397e-12,0
460.0,0.04,-0.035,-1.33707778717e-12,0
460.0,0.045,-0.035,-1.21763609605e-12,0
460.0,0.04,-0.03,-1.17171111579e-12,0
460.0,0.045,-0.03,-1.06073568705e-12,0
460.0,0.04,-0.025,-6.95471689215e-13,0
460.0,0.045,-0.025,-5.84412880131e-13,0
460.0,0.04,-0.02,-2.19582895451e-14,0
460.0,0.045,-0.02,1.32664170826e-13,0
460.0,0.04,-0.015,7.12374657805e-13,0
460.0,0.045,-0.015,9.16083310337e-13,0
460.0,0.04,-0.01,1.45500413061e-12,0
460.0,0.045,-0.01,1.63809792564e-12,0
460.0,0.04,-0.005,2.11792376773e-12,0
460.0,0.045,-0.005,2.29338139423e-12,0
460.0,0.04,0,2.60087699898e-12,0
460.0,0.045,4.16333634234e-19,2.75686137547e-12,0
460.0,0.04,0.005,2.80210274508e-12,0
460.0,0.045,0.005,2.82397617244e-12,0
460.0,0.04,0.01,2.66551972083e-12,0
460.0,0.045,0.01,2.49111787841e-12,0
460.0,0.04,0.015,2.19873505918e-12,0
460.0,0.045,0.015,1.84555809038e-12,0
460.0,0.04,0.02,1.58594143087e-12,0
460.0,0.045,0.02,1.12232247295e-12,0
460.0,0.04,0.025,9.81650528681e-13,0
460.0,0.045,0.025,4.26139152858e-13,0
460.0,0.04,0.03,4.22719869618e-13,0
460.0,0.045,0.03,-2.05287154861e-13,0
460.0,0.04,0.035,-8.96954362105e-14,0
460.0,0.045,0.035,-7.69387823371e-13,0
460.0,0.04,0.04,-5.5560410864e-13,0
460.0,0.04,0.045,-1.00814214974e-12,0
460.0,0.045,0.04,-1.21169060215e-12,0
460.0,0.045,0.045,-1.59524231236e-12,0
460.0,0.04,0.05,-1.49377786985e-12,0
460.0,0.04,0.055,-1.97339131281e-12,0
460.0,0.045,0.05,-1.93922846556e-12,0
460.0,0.045,0.055,-2.20670646123e-12,0
460.0,0.04,0.06,-2.44207132399e-12,0
460.0,0.04,0.065,-3.00026081785e-12,0
460.0,0.045,0.06,-2.4753859504e-12,0
460.0,0.045,0.065,-2.88482520551e-12,0
460.0,0.04,0.07,-3.69662040924e-12,0
460.0,0.04,0.075,-4.52929464421e-12,0
460.0,0.045,0.07,-3.56922796299e-12,0
460.0,0.045,0.075,-4.40218674679e-12,0
460.0,0.05,-0.075,1.31517601226e-12,0
460.0,0.05,-0.07,8.72711509653e-13,0
460.0,0.055,-0.075,1.32509793781e-12,0
460.0,0.055,-0.07,8.8613335162e-13,0
460.0,0.05,-0.065,4.49187863011e-13,0
460.0,0.055,-0.065,4.67078795858e-13,0
460.0,0.05,-0.06,5.8468602773e-14,0
460.0,0.055,-0.06,7.97735640407e-14,0
460.0,0.05,-0.055,-3.04506139824e-13,0
460.0,0.055,-0.055,-2.82043473089e-13,0
460.0,0.05,-0.05,-6.22834537324e-13,0
460.0,0.055,-0.05,-5.94683765132e-13,0
460.0,0.05,-0.045,-8.81637708141e-13,0
460.0,0.055,-0.045,-8.36947746413e-13,0
460.0,0.05,-0.04,-1.043646173e-12,0
460.0,0.055,-0.04,-9.73473077204e-13,0
460.0,0.05,-0.035,-1.09490097072e-12,0
460.0,0.055,-0.035,-9.88664476241e-13,0
460.0,0.05,-0.03,-9.0880289099e-13,0
460.0,0.055,-0.03,-7.62963346777e-13,0
460.0,0.05,-0.025,-4.53269308971e-13,0
460.0,0.055,-0.025,-2.84104703008e-13,0
460.0,0.05,-0.02,2.63021210109e-13,0
460.0,0.055,-0.02,4.16674372252e-13,0
460.0,0.05,-0.015,1.04471718522e-12,0
460.0,0.055,-0.015,1.15485644121e-12,0
460.0,0.05,-0.01,1.71229976852e-12,0
460.0,0.055,-0.01,1.77230097093e-12,0
460.0,0.05,-0.005,2.32140365101e-12,0
460.0,0.055,-0.005,2.27371682969e-12,0
460.0,0.05,0,2.69339507526e-12,0
460.0,0.055,4.16333634234e-19,2.43605960394e-12,0
460.0,0.05,0.005,2.62145255488e-12,0
460.0,0.055,0.005,2.22423701532e-12,0
460.0,0.05,0.01,2.13561247062e-12,0
460.0,0.055,0.01,1.65895608113e-12,0
460.0,0.05,0.015,1.3730889374e-12,0
460.0,0.055,0.015,8.35396518484e-13,0
460.0,0.05,0.02,5.78026304776e-13,0
460.0,0.055,0.02,-1.81587409051e-14,0
460.0,0.05,0.025,-1.98398220897e-13,0
460.0,0.055,0.025,-8.67638310241e-13,0
460.0,0.05,0.03,-9.41110688189e-13,0
460.0,0.055,0.03,-1.70928369116e-12,0
460.0,0.05,0.035,-1.52012915461e-12,0
460.0,0.055,0.035,-2.28256365092e-12,0
460.0,0.05,0.04,-1.88475383797e-12,0
460.0,0.055,0.04,-2.58590170592e-12,0
460.0,0.05,0.045,-2.15633756663e-12,0
460.0,0.055,0.045,-2.7062838353e-12,0
460.0,0.05,0.05,-2.22135880848e-12,0
460.0,0.05,0.055,-2.14083841118e-12,0
460.0,0.055,0.05,-2.32438616297e-12,0
460.0,0.055,0.055,-1.79214455817e-12,0
460.0,0.05,0.06,-2.16378640504e-12,0
460.0,0.05,0.065,-2.33736973463e-12,0
460.0,0.055,0.06,-1.55040180962e-12,0
460.0,0.055,0.065,-1.36257502252e-12,0
460.0,0.05,0.07,-2.72915757386e-12,0
460.0,0.05,0.075,-3.22265855764e-12,0
460.0,0.055,0.07,-7.74144678467e-13,0
460.0,0.055,0.075,-3.31112402521e-13,0
460.0,0.06,-0.075,1.34320775053e-12,0
460.0,0.06,-0.07,9.02945905278e-13,0
460.0,0.065,-0.075,1.36659308239e-12,0
460.0,0.065,-0.07,9.2068090787e-13,0
460.0,0.06,-0.065,4.82551849749e-13,0
460.0,0.065,-0.065,4.93899354465e-13,0
460.0,0.06,-0.06,9.37320474621e-14,0
460.0,0.065,-0.06,9.83920166405e-14,0
460.0,0.06,-0.055,-2.73465789213e-13,0
460.0,0.065,-0.055,-2.79456673073e-13,0
460.0,0.06,-0.05,-5.89314846722e-13,0
460.0,0.065,-0.05,-6.07708997132e-13,0
460.0,0.06,-0.045,-8.22938188901e-13,0
460.0,0.065,-0.045,-8.42592509067e-13,0
460.0,0.06,-0.04,-9.34740401041e-13,0
460.0,0.065,-0.04,-9.35587729169e-13,0
460.0,0.06,-0.035,-8.89992682915e-13,0
460.0,0.065,-0.035,-8.19597383399e-13,0
460.0,0.06,-0.03,-6.03964100306e-13,0
460.0,0.065,-0.03,-4.59604308932e-13,0
460.0,0.06,-0.025,-9.44774594817e-14,0
460.0,0.065,-0.025,5.02316468323e-14,0
460.0,0.06,-0.02,6.00470264604e-13,0
460.0,0.065,-0.02,7.31277013385e-13,0
460.0,0.06,-0.015,1.28288889562e-12,0
460.0,0.065,-0.015,1.30720534209e-12,0
460.0,0.06,-0.01,1.74472136164e-12,0
460.0,0.065,-0.01,1.5309546675e-12,0
460.0,0.06,-0.005,2.00225348894e-12,0
460.0,0.065,-0.005,1.60676758108e-12,0
460.0,0.06,0,1.9920151127e-12,0
460.0,0.065,4.16333634234e-19,1.51926821925e-12,0
460.0,0.06,0.005,1.73186827839e-12,0
460.0,0.065,0.005,1.25683344316e-12,0
460.0,0.06,0.01,1.13859313882e-12,0
460.0,0.065,0.01,6.31346972403e-13,0
460.0,0.06,0.015,2.54677321562e-13,0
460.0,0.065,0.015,-3.45173484077e-13,0
460.0,0.06,0.02,-7.10243352187e-13,0
460.0,0.065,0.02,-1.37930742602e-12,0
460.0,0.06,0.025,-1.64550931759e-12,0
460.0,0.065,0.025,-2.32968328187e-12,0
460.0,0.06,0.03,-2.49063860512e-12,0
460.0,0.065,0.03,-3.11031165678e-12,0
460.0,0.06,0.035,-3.08420418837e-12,0
460.0,0.065,0.035,-3.64348936605e-12,0
460.0,0.06,0.04,-3.32851137679e-12,0
460.0,0.065,0.04,-3.6695808664e-12,0
460.0,0.06,0.045,-3.01770360296e-12,0
460.0,0.065,0.045,-2.72905041262e-12,0
460.0,0.06,0.05,-1.95711235571e-12,0
460.0,0.065,0.05,-9.3740907795e-13,0
460.0,0.06,0.055,-7.77264250852e-13,0
460.0,0.065,0.055,9.26190531878e-13,0
460.0,0.06,0.06,1.19624183998e-13,0
460.0,0.06,0.065,1.19408933518e-12,0
460.0,0.065,0.06,2.70277387537e-12,0
460.0,0.065,0.065,4.84120965927e-12,0
460.0,0.06,0.07,2.72897499046e-12,0
460.0,0.06,0.075,4.18286615814e-12,0
460.0,0.065,0.07,7.27163276302e-12,0
460.0,0.065,0.075,9.70941069935e-12,0
460.0,0.07,-0.075,1.38991988673e-12,0
460.0,0.07,-0.07,9.3608312685e-13,0
460.0,0.075,-0.075,1.40451925032e-12,0
460.0,0.075,-0.07,9.42905146119e-13,0
460.0,0.07,-0.065,5.00820929222e-13,0
460.0,0.075,-0.065,4.98055664103e-13,0
460.0,0.07,-0.06,9.59159032907e-14,0
460.0,0.075,-0.06,8.64482244347e-14,0
460.0,0.07,-0.055,-2.9272891967e-13,0
460.0,0.075,-0.055,-3.11703105485e-13,0
460.0,0.07,-0.05,-6.46855913051e-13,0
460.0,0.075,-0.05,-7.03692314921e-13,0
460.0,0.07,-0.045,-8.98539017724e-13,0
460.0,0.075,-0.045,-9.84783575987e-13,0
460.0,0.07,-0.04,-9.71986844193e-13,0
460.0,0.075,-0.04,-1.03187646809e-12,0
460.0,0.07,-0.035,-7.79620754081e-13,0
460.0,0.075,-0.035,-7.61898617692e-13,0
460.0,0.07,-0.03,-3.71479225218e-13,0
460.0,0.075,-0.03,-3.28189633513e-13,0
460.0,0.07,-0.025,1.27870024267e-13,0
460.0,0.075,-0.025,1.68302923267e-13,0
460.0,0.07,-0.02,7.30722179616e-13,0
460.0,0.075,-0.02,6.88267467925e-13,0
460.0,0.07,-0.015,1.14438522145e-12,0
460.0,0.075,-0.015,9.67860593273e-13,0
460.0,0.07,-0.01,1.26392885416e-12,0
460.0,0.075,-0.01,1.03171680387e-12,0
460.0,0.07,-0.005,1.27105583953e-12,0
460.0,0.075,-0.005,9.90413427518e-13,0
460.0,0.07,0,1.13320787303e-12,0
460.0,0.075,0,8.13228999384e-13,0
460.0,0.07,0.005,8.50767159765e-13,0
460.0,0.075,0.005,5.09359011584e-13,0
460.0,0.07,0.01,1.60799116592e-13,0
460.0,0.075,0.01,-2.59875776236e-13,0
460.0,0.07,0.015,-8.96427012421e-13,0
460.0,0.075,0.015,-1.44717531649e-12,0
460.0,0.07,0.02,-1.95629508914e-12,0
460.0,0.075,0.02,-2.55452406537e-12,0
460.0,0.07,0.025,-2.89327209222e-12,0
460.0,0.075,0.025,-3.49639330633e-12,0
460.0,0.07,0.03,-3.59918909282e-12,0
460.0,0.075,0.03,-4.15304735662e-12,0
460.0,0.07,0.035,-3.99464946193e-12,0
460.0,0.075,0.035,-4.41251713657e-12,0
460.0,0.07,0.04,-3.46267880557e-12,0
460.0,0.075,0.04,-3.21595127287e-12,0
460.0,0.07,0.045,-1.76949103791e-12,0
460.0,0.075,0.045,-7.31545101026e-13,0
460.0,0.07,0.05,3.00021541078e-13,0
460.0,0.075,0.05,1.51958393102e-12,0
460.0,0.07,0.055,2.42761582119e-12,0
460.0,0.075,0.055,3.81976424126e-12,0
460.0,0.07,0.06,5.18083377172e-12,0
460.0,0.075,0.06,7.45712746509e-12,0
460.0,0.07,0.065,8.54421985017e-12,0
460.0,0.075,0.065,1.20609905242e-11,0
460.0,0.07,0.07,1.19898128027e-11,0
460.0,0.07,0.075,1.52937401317e-11,0
460.0,0.075,0.07,1.65075702371e-11,0
460.0,0.075,0.075,2.04367353309e-11,0
500.0,-0.00382671281566,-0.00202612167119,0,0
500.0,-0.005,-0.005,2.72959138352e-14,0
500.0,-0.00197892066871,-0.00385133392306,0,0
500.0,-0.005,-0.00190753787223,1.59188853747e-14,0
500.0,-0.00433,0,0,0
500.0,-0.00190753787223,-0.005,1.57274275661e-14,0
500.0,0,-0.00433,0,0
500.0,-0.005,0.00190775150599,1.61161275658e-14,0
500.0,-0.00385133392306,0.00197892066871,0,0
500.0,0.00190775150599,-0.005,1.56985270857e-14,0
500.0,0.00202612167119,-0.00382671281566,0,0
500.0,-0.00202612167119,0.00382671281566,0,0
500.0,-0.005,0.005,2.84104254321e-14,0
500.0,-0.0019094272225,0.005,1.57760774699e-14,0
500.0,0,0.00433,0,0
500.0,0.00147766755988,0.00407006125046,0,0
500.0,8.32667268469e-19,0.005,1.13127143946e-14,0
500.0,0.00433,0,0,0
500.0,0.005,1.38777878078e-18,1.1544932917e-14,0
500.0,0.00407006125046,0.00147766755988,0,0
500.0,0.005,-0.005,2.67483438552e-14,0
500.0,0.00385133392306,-0.00197892066871,0,0
500.0,0.005,-0.0019094272225,1.54661288921e-14,0
500.0,0.00306177236254,0.00306177236254,0,0
500.0,0.0019094272225,0.005,1.59154751876e-14,0
500.0,0.005,0.0019094272225,1.55752779317e-14,0
500.0,-0.000885,-0.0015328649647,1.2715705109e-12,0
500.0,-0.0015328649647,-0.000885,1.27169290544e-12,0
500.0,-0.00186450691264,-0.00187567167242,8.43058555446e-13,0
500.0,-0.00177,0,1.27138459829e-12,0
500.0,-0.00268433516245,-0.000738983120158,7.59136733493e-13,0
500.0,0,-0.00177,1.27153210205e-12,0
500.0,-0.000718432264205,-0.00269192408424,7.57430486767e-13,0
500.0,-0.0015328649647,0.000885,1.26988001719e-12,0
500.0,-0.00265321485144,0.000647311733689,7.89920903282e-13,0
500.0,-0.000885,0.0015328649647,1.26825233512e-12,0
500.0,-0.00194719253591,0.00178443766524,8.43984828545e-13,0
500.0,0,0.00177,1.26414587484e-12,0
500.0,-0.000802720381054,0.00273415977115,7.17528464699e-13,0
500.0,0.000885,-0.0015328649647,1.27022083507e-12,0
500.0,0.00075154031863,-0.00270385456952,7.45319991242e-13,0
500.0,0.00177,0,1.26248556434e-12,0
500.0,0.0015328649647,-0.000885,1.26806822973e-12,0
500.0,0.00271471102228,-0.000564731152102,7.60944278169e-13,0
500.0,0.00192394637685,-0.00189207206672,8.10127994445e-13,0
500.0,0.00231817117671,0.00040530921667,9.87949543174e-13,0
500.0,0.0015328649647,0.000885,1.26075174211e-12,0
500.0,0.000885,0.0015328649647,1.26145683451e-12,0
500.0,0.000427053001345,0.00287092483521,6.82216464949e-13,0
500.0,0.00187618296239,0.00184774001435,8.33373108356e-13,0
500.0,0.00312733402203,0.000607809752493,5.19219499152e-13,0
500.0,0.00276214303706,0.00136595635004,5.76882112447e-13,0
500.0,0.0014100336009,0.00268674970267,6.04795521569e-13,0
500.0,-0.075,-0.075,5.46968832505e-13,0
500.0,-0.07,-0.075,4.68900843422e-13,0
500.0,-0.075,-0.07,4.27621077041e-13,0
500.0,-0.07,-0.07,3.5746694293e-13,0
500.0,-0.075,-0.065,2.98235874603e-13,0
500.0,-0.07,-0.065,2.39913084808e-13,0
500.0,-0.065,-0.075,3.87712037828e-13,0
500.0,-0.065,-0.07,2.89097772986e-13,0
500.0,-0.065,-0.065,1.86283008912e-13,0
500.0,-0.075,-0.06,1.41595767552e-13,0
500.0,-0.07,-0.06,1.13436144933e-13,0
500.0,-0.065,-0.06,8.37054762314e-14,0
500.0,-0.075,-0.055,5.35405300867e-15,0
500.0,-0.07,-0.055,7.49645779425e-15,0
500.0,-0.065,-0.055,1.52665693023e-15,0
500.0,-0.075,-0.05,-7.99565060231e-14,0
500.0,-0.07,-0.05,-6.45858293321e-14,0
500.0,-0.065,-0.05,-5.52901546268e-14,0
500.0,-0.075,-0.045,-1.47164716273e-13,0
500.0,-0.07,-0.045,-1.22379751256e-13,0
500.0,-0.065,-0.045,-1.03140843967e-13,0
500.0,-0.075,-0.04,-1.9823531041e-13,0
500.0,-0.07,-0.04,-1.6772432623e-13,0
500.0,-0.075,-0.035,-2.38421931838e-13,0
500.0,-0.07,-0.035,-2.01798224995e-13,0
500.0,-0.065,-0.04,-1.41423702226e-13,0
500.0,-0.065,-0.035,-1.66415932497e-13,0
500.0,-0.075,-0.03,-2.5452268386e-13,0
500.0,-0.07,-0.03,-2.09991687003e-13,0
500.0,-0.075,-0.025,-2.19112264249e-13,0
500.0,-0.07,-0.025,-1.78765745616e-13,0
500.0,-0.065,-0.03,-1.68735970554e-13,0
500.0,-0.065,-0.025,-1.42318021479e-13,0
500.0,-0.075,-0.02,-1.34105321425e-13,0
500.0,-0.07,-0.02,-1.12649029457e-13,0
500.0,-0.075,-0.015,-1.08316101521e-14,0
500.0,-0.07,-0.015,-1.75850253444e-14,0
500.0,-0.065,-0.02,-9.26075783588e-14,0
500.0,-0.065,-0.015,-2.42160046611e-14,0
500.0,-0.075,-0.01,1.28463427573e-13,0
500.0,-0.07,-0.01,9.5219395473e-14,0
500.0,-0.075,-0.005,2.45277994291e-13,0
500.0,-0.07,-0.005,1.94808234553e-13,0
500.0,-0.065,-0.01,6.60033681722e-14,0
500.0,-0.065,-0.005,1.53140300587e-13,0
500.0,-0.075,0,3.11345956063e-13,0
500.0,-0.07,0,2.55935090985e-13,0
500.0,-0.075,0.005,3.22336820918e-13,0
500.0,-0.07,0.005,2.70190311445e-13,0
500.0,-0.065,4.16333634234e-19,2.11827362576e-13,0
500.0,-0.065,0.005,2.29048213839e-13,0
500.0,-0.075,0.01,2.69899436081e-13,0
500.0,-0.07,0.01,2.30941140583e-13,0
500.0,-0.075,0.015,1.69095212646e-13,0
500.0,-0.07,0.015,1.47065971739e-13,0
500.0,-0.065,0.01,1.98079766024e-13,0
500.0,-0.065,0.015,1.24431248194e-13,0
500.0,-0.075,0.02,6.35857984816e-14,0
500.0,-0.07,0.02,4.85765088555e-14,0
500.0,-0.075,0.025,-3.84794829763e-14,0
500.0,-0.07,0.025,-4.61753113673e-14,0
500.0,-0.065,0.02,3.17224589347e-14,0
500.0,-0.065,0.025,-5.72940278724e-14,0
500.0,-0.075,0.03,-1.3108129758e-13,0
500.0,-0.07,0.03,-1.27669985454e-13,0
500.0,-0.075,0.035,-2.02145247366e-13,0
500.0,-0.07,0.035,-1.8593751202e-13,0
500.0,-0.065,0.03,-1.28908429093e-13,0
500.0,-0.065,0.035,-1.69076400613e-13,0
500.0,-0.075,0.04,-2.35411020838e-13,0
500.0,-0.07,0.04,-2.01766012228e-13,0
500.0,-0.075,0.045,-2.12259949846e-13,0
500.0,-0.07,0.045,-1.75001772816e-13,0
500.0,-0.065,0.04,-1.68233307826e-13,0
500.0,-0.065,0.045,-1.41460146156e-13,0
500.0,-0.075,0.05,-1.62418064721e-13,0
500.0,-0.07,0.05,-1.29058581448e-13,0
500.0,-0.075,0.055,-1.02952498344e-13,0
500.0,-0.07,0.055,-7.40476484692e-14,0
500.0,-0.065,0.05,-9.96534132082e-14,0
500.0,-0.065,0.055,-4.87255051065e-14,0
500.0,-0.075,0.06,-3.79767728103e-14,0
500.0,-0.07,0.06,-1.22606593709e-14,0
500.0,-0.075,0.065,3.07000207698e-14,0
500.0,-0.07,0.065,5.43479565435e-14,0
500.0,-0.065,0.06,9.94518035267e-15,0
500.0,-0.065,0.065,7.43259155524e-14,0
500.0,-0.075,0.07,1.07876725669e-13,0
500.0,-0.07,0.07,1.27293124993e-13,0
500.0,-0.075,0.075,1.87778232934e-13,0
500.0,-0.07,0.075,2.02956802908e-13,0
500.0,-0.065,0.07,1.43487675592e-13,0
500.0,-0.065,0.075,2.14653441514e-13,0
500.0,-0.06,-0.075,3.1096111402e-13,0
500.0,-0.06,-0.07,2.23795994978e-13,0
500.0,-0.06,-0.065,1.37459836265e-13,0
500.0,-0.055,-0.075,2.31427687636e-13,0
500.0,-0.055,-0.07,1.57209946399e-13,0
500.0,-0.055,-0.065,8.79580997704e-14,0
500.0,-0.06,-0.06,5.72480332183e-14,0
500.0,-0.06,-0.055,-5.445250904e-15,0
500.0,-0.055,-0.06,2.85307088384e-14,0
500.0,-0.055,-0.055,-1.53891422621e-14,0
500.0,-0.06,-0.05,-5.17070046763e-14,0
500.0,-0.055,-0.05,-5.10463362812e-14,0
500.0,-0.06,-0.045,-9.09915181575e-14,0
500.0,-0.055,-0.045,-8.07309215318e-14,0
500.0,-0.06,-0.04,-1.19193398164e-13,0
500.0,-0.055,-0.04,-9.87158179443e-14,0
500.0,-0.06,-0.035,-1.34906158147e-13,0
500.0,-0.055,-0.035,-1.07062228793e-13,0
500.0,-0.06,-0.03,-1.32887823666e-13,0
500.0,-0.06,-0.025,-1.097368443e-13,0
500.0,-0.055,-0.03,-1.02279597864e-13,0
500.0,-0.055,-0.025,-8.11042184277e-14,0
500.0,-0.06,-0.02,-7.10599278946e-14,0
500.0,-0.06,-0.015,-2.11456045477e-14,0
500.0,-0.055,-0.02,-4.97389228299e-14,0
500.0,-0.055,-0.015,-1.27019438914e-14,0
500.0,-0.06,-0.01,4.58558738323e-14,0
500.0,-0.06,-0.005,1.18520617366e-13,0
500.0,-0.055,-0.01,3.80109679274e-14,0
500.0,-0.055,-0.005,9.58956754869e-14,0
500.0,-0.06,0,1.73559138548e-13,0
500.0,-0.06,0.005,1.91046245058e-13,0
500.0,-0.055,4.16333634234e-19,1.42979738697e-13,0
500.0,-0.055,0.005,1.56322337398e-13,0
500.0,-0.06,0.01,1.6372619112e-13,0
500.0,-0.06,0.015,9.80687978522e-14,0
500.0,-0.055,0.01,1.31006126338e-13,0
500.0,-0.055,0.015,7.29974141639e-14,0
500.0,-0.06,0.02,1.22457705985e-14,0
500.0,-0.06,0.025,-6.77863872735e-14,0
500.0,-0.055,0.02,-2.52315466691e-15,0
500.0,-0.055,0.025,-6.74912882679e-14,0
500.0,-0.06,0.03,-1.22576666704e-13,0
500.0,-0.06,0.035,-1.43754346289e-13,0
500.0,-0.055,0.03,-1.02434539814e-13,0
500.0,-0.055,0.035,-1.14502409995e-13,0
500.0,-0.06,0.04,-1.37012027208e-13,0
500.0,-0.06,0.045,-1.14255326555e-13,0
500.0,-0.055,0.04,-1.08034972977e-13,0
500.0,-0.055,0.045,-9.0866744401e-14,0
500.0,-0.06,0.05,-7.60508332506e-14,0
500.0,-0.06,0.055,-2.82538618672e-14,0
500.0,-0.055,0.05,-5.75266409407e-14,0
500.0,-0.055,0.055,-1.24636909049e-14,0
500.0,-0.06,0.06,2.79279282177e-14,0
500.0,-0.06,0.065,9.03093801009e-14,0
500.0,-0.055,0.06,4.17713898241e-14,0
500.0,-0.055,0.065,1.02884974999e-13,0
500.0,-0.06,0.07,1.57645825112e-13,0
500.0,-0.06,0.075,2.27772606872e-13,0
500.0,-0.055,0.07,1.69461852745e-13,0
500.0,-0.055,0.075,2.39652578994e-13,0
500.0,-0.05,-0.075,1.28213308265e-13,0
500.0,-0.05,-0.07,8.50464298769e-14,0
500.0,-0.045,-0.075,4.85079881339e-14,0
500.0,-0.045,-0.07,3.14659398629e-14,0
500.0,-0.05,-0.065,4.14229614395e-14,0
500.0,-0.045,-0.065,1.00332025727e-14,0
500.0,-0.05,-0.06,3.39861236468e-15,0
500.0,-0.05,-0.055,-2.55432854727e-14,0
500.0,-0.045,-0.06,-1.17659640317e-14,0
500.0,-0.045,-0.055,-3.06810898195e-14,0
500.0,-0.05,-0.05,-4.98794349826e-14,0
500.0,-0.05,-0.045,-6.8840083878e-14,0
500.0,-0.045,-0.05,-4.59859823807e-14,0
500.0,-0.045,-0.045,-5.7069992451e-14,0
500.0,-0.05,-0.04,-7.96936883697e-14,0
500.0,-0.045,-0.04,-6.29248746653e-14,0
500.0,-0.05,-0.035,-8.34600016791e-14,0
500.0,-0.045,-0.035,-6.26536578021e-14,0
500.0,-0.05,-0.03,-7.68069178824e-14,0
500.0,-0.045,-0.03,-5.41556259292e-14,0
500.0,-0.05,-0.025,-5.78352253807e-14,0
500.0,-0.045,-0.025,-3.7246358513e-14,0
500.0,-0.05,-0.02,-3.03375998878e-14,0
500.0,-0.05,-0.015,1.5313315513e-15,0
500.0,-0.045,-0.02,-1.30113654481e-14,0
500.0,-0.045,-0.015,1.51736065047e-14,0
500.0,-0.05,-0.01,4.26318731891e-14,0
500.0,-0.05,-0.005,8.93733269058e-14,0
500.0,-0.045,-0.01,4.95664492657e-14,0
500.0,-0.045,-0.005,8.86633064524e-14,0
500.0,-0.05,0,1.24902983342e-13,0
500.0,-0.05,0.005,1.29974695708e-13,0
500.0,-0.045,4.16333634234e-19,1.16573041652e-13,0
500.0,-0.045,0.005,1.14785130254e-13,0
500.0,-0.05,0.01,1.04836151371e-13,0
500.0,-0.05,0.015,5.8179188015e-14,0
500.0,-0.045,0.01,8.90064469212e-14,0
500.0,-0.045,0.015,5.50381420256e-14,0
500.0,-0.05,0.02,-3.33916203265e-15,0
500.0,-0.05,0.025,-5.29132943559e-14,0
500.0,-0.045,0.02,5.5664458091e-15,0
500.0,-0.045,0.025,-3.46837452484e-14,0
500.0,-0.05,0.03,-7.78368193225e-14,0
500.0,-0.05,0.035,-8.74673982178e-14,0
500.0,-0.045,0.03,-5.36874688444e-14,0
500.0,-0.045,0.035,-6.30640594386e-14,0
500.0,-0.05,0.04,-8.26058558908e-14,0
500.0,-0.05,0.045,-7.01261865688e-14,0
500.0,-0.045,0.04,-6.13495288372e-14,0
500.0,-0.045,0.045,-5.23407168878e-14,0
500.0,-0.05,0.05,-4.39050779269e-14,0
500.0,-0.05,0.055,-3.76380021754e-15,0
500.0,-0.045,0.05,-3.34523460746e-14,0
500.0,-0.045,0.055,-2.64093587309e-15,0
500.0,-0.05,0.06,4.78432110463e-14,0
500.0,-0.05,0.065,1.07685955524e-13,0
500.0,-0.045,0.06,4.48457985028e-14,0
500.0,-0.045,0.065,1.01868240829e-13,0
500.0,-0.05,0.07,1.73337239325e-13,0
500.0,-0.05,0.075,2.43253441145e-13,0
500.0,-0.045,0.07,1.63663009105e-13,0
500.0,-0.045,0.075,2.30398525761e-13,0
500.0,-0.04,-0.075,1.63169034061e-14,0
500.0,-0.04,-0.07,5.63767745453e-15,0
500.0,-0.035,-0.075,-8.16459744981e-15,0
500.0,-0.035,-0.07,-1.36702245802e-14,0
500.0,-0.04,-0.065,-7.40603190677e-15,0
500.0,-0.035,-0.065,-2.06652867176e-14,0
500.0,-0.04,-0.06,-2.08016015477e-14,0
500.0,-0.035,-0.06,-2.75563387702e-14,0
500.0,-0.04,-0.055,-3.2364363312e-14,0
500.0,-0.035,-0.055,-3.31022170821e-14,0
500.0,-0.04,-0.05,-4.12877683315e-14,0
500.0,-0.04,-0.045,-4.69190283847e-14,0
500.0,-0.035,-0.05,-3.68415716684e-14,0
500.0,-0.035,-0.045,-3.78173866492e-14,0
500.0,-0.04,-0.04,-4.82694138668e-14,0
500.0,-0.04,-0.035,-4.43612714998e-14,0
500.0,-0.035,-0.04,-3.5252106071e-14,0
500.0,-0.035,-0.035,-2.84815305683e-14,0
500.0,-0.04,-0.03,-3.43541028251e-14,0
500.0,-0.035,-0.03,-1.73280202862e-14,0
500.0,-0.04,-0.025,-1.86314177909e-14,0
500.0,-0.035,-0.025,-2.26202944156e-15,0
500.0,-0.04,-0.02,2.56200921054e-15,0
500.0,-0.035,-0.02,1.61398019521e-14,0
500.0,-0.04,-0.015,2.70776797378e-14,0
500.0,-0.035,-0.015,3.68280123441e-14,0
500.0,-0.04,-0.01,5.64957344941e-14,0
500.0,-0.04,-0.005,8.82793639096e-14,0
500.0,-0.035,-0.01,6.05261203517e-14,0
500.0,-0.035,-0.005,8.4410908053e-14,0
500.0,-0.04,0,1.11206392072e-13,0
500.0,-0.04,0.005,1.08237218614e-13,0
500.0,-0.035,4.16333634234e-19,1.03999614626e-13,0
500.0,-0.035,0.005,1.02723660555e-13,0
500.0,-0.04,0.01,8.39699198234e-14,0
500.0,-0.04,0.015,5.4224277686e-14,0
500.0,-0.035,0.01,8.14755290829e-14,0
500.0,-0.035,0.015,5.52997683709e-14,0
500.0,-0.04,0.02,1.6521008667e-14,0
500.0,-0.04,0.025,-1.49294157015e-14,0
500.0,-0.035,0.02,2.80981570692e-14,0
500.0,-0.035,0.025,3.87285220969e-15,0
500.0,-0.04,0.03,-3.19026160049e-14,0
500.0,-0.04,0.035,-4.22109439334e-14,0
500.0,-0.035,0.03,-1.33975431837e-14,0
500.0,-0.035,0.035,-2.5480691777e-14,0
500.0,-0.04,0.04,-4.45180385308e-14,0
500.0,-0.04,0.045,-3.99844994832e-14,0
500.0,-0.035,0.04,-3.16154621105e-14,0
500.0,-0.035,0.045,-3.20813962132e-14,0
500.0,-0.04,0.05,-2.74871747589e-14,0
500.0,-0.04,0.055,-6.74439872906e-15,0
500.0,-0.035,0.05,-2.59164738178e-14,0
500.0,-0.035,0.055,-1.3360554565e-14,0
500.0,-0.04,0.06,3.14844162241e-14,0
500.0,-0.04,0.065,8.25419668638e-14,0
500.0,-0.035,0.06,1.13675327554e-14,0
500.0,-0.035,0.065,5.02212731456e-14,0
500.0,-0.04,0.07,1.38311983032e-13,0
500.0,-0.04,0.075,1.99625709143e-13,0
500.0,-0.035,0.07,9.80618093232e-14,0
500.0,-0.035,0.075,1.51922876429e-13,0
500.0,-0.03,-0.075,-2.60421204983e-14,0
500.0,-0.03,-0.07,-2.77108819718e-14,0
500.0,-0.025,-0.075,-3.97990211703e-14,0
500.0,-0.025,-0.07,-3.83699638285e-14,0
500.0,-0.03,-0.065,-3.01782237981e-14,0
500.0,-0.025,-0.065,-3.73903968445e-14,0
500.0,-0.03,-0.06,-3.23993929825e-14,0
500.0,-0.025,-0.06,-3.5999682079e-14,0
500.0,-0.03,-0.055,-3.3346937816e-14,0
500.0,-0.025,-0.055,-3.28374845439e-14,0
500.0,-0.03,-0.05,-3.24617387856e-14,0
500.0,-0.025,-0.05,-2.76680595513e-14,0
500.0,-0.03,-0.045,-2.92843308672e-14,0
500.0,-0.025,-0.045,-2.07410340291e-14,0
500.0,-0.03,-0.04,-2.33184997317e-14,0
500.0,-0.03,-0.035,-1.43643633734e-14,0
500.0,-0.025,-0.04,-1.19017327313e-14,0
500.0,-0.025,-0.035,-1.41362859392e-15,0
500.0,-0.03,-0.03,-2.62467441249e-15,0
500.0,-0.03,-0.025,1.14101842911e-14,0
500.0,-0.025,-0.03,1.04898067791e-14,0
500.0,-0.025,-0.025,2.31829600955e-14,0
500.0,-0.03,-0.02,2.71510463216e-14,0
500.0,-0.025,-0.02,3.60275297975e-14,0
500.0,-0.03,-0.015,4.42107612653e-14,0
500.0,-0.025,-0.015,4.91854433576e-14,0
500.0,-0.03,-0.01,6.23423574756e-14,0
500.0,-0.025,-0.01,6.19291424473e-14,0
500.0,-0.03,-0.005,8.0004239024e-14,0
500.0,-0.025,-0.005,7.30529682355e-14,0
500.0,-0.03,0,9.30748545056e-14,0
500.0,-0.03,0.005,9.38019809403e-14,0
500.0,-0.025,4.16333634234e-19,8.02682102773e-14,0
500.0,-0.025,0.005,8.24446161301e-14,0
500.0,-0.03,0.01,8.09197299981e-14,0
500.0,-0.03,0.015,6.09481229017e-14,0
500.0,-0.025,0.01,7.77760309905e-14,0
500.0,-0.025,0.015,6.5461573641e-14,0
500.0,-0.03,0.02,3.93490740838e-14,0
500.0,-0.03,0.025,1.89270230945e-14,0
500.0,-0.025,0.02,4.84836945664e-14,0
500.0,-0.025,0.025,3.07073970899e-14,0
500.0,-0.03,0.03,1.70088735064e-15,0
500.0,-0.03,0.035,-1.20868275007e-14,0
500.0,-0.025,0.03,1.38043078898e-14,0
500.0,-0.025,0.035,-1.45801978724e-15,0
500.0,-0.03,0.04,-2.18746228672e-14,0
500.0,-0.03,0.045,-2.7544441172e-14,0
500.0,-0.025,0.04,-1.4661809693e-14,0
500.0,-0.025,0.045,-2.5617787283e-14,0
500.0,-0.03,0.05,-2.81244831807e-14,0
500.0,-0.03,0.055,-2.37885380628e-14,0
500.0,-0.025,0.05,-3.33938138885e-14,0
500.0,-0.025,0.055,-3.78125777988e-14,0
500.0,-0.03,0.06,-1.31152562771e-14,0
500.0,-0.03,0.065,6.67091430809e-15,0
500.0,-0.025,0.06,-4.12329579001e-14,0
500.0,-0.025,0.065,-4.14959344828e-14,0
500.0,-0.03,0.07,3.46396590116e-14,0
500.0,-0.03,0.075,6.51583822465e-14,0
500.0,-0.025,0.07,-3.67522773039e-14,0
500.0,-0.025,0.075,-3.41793880994e-14,0
500.0,-0.02,-0.075,-5.02557581191e-14,0
500.0,-0.02,-0.07,-4.63568488137e-14,0
500.0,-0.015,-0.075,-5.80054084765e-14,0
500.0,-0.015,-0.07,-5.20842890348e-14,0
500.0,-0.02,-0.065,-4.27845864581e-14,0
500.0,-0.015,-0.065,-4.62506883179e-14,0
500.0,-0.02,-0.06,-3.79542150849e-14,0
500.0,-0.015,-0.06,-3.7997973256e-14,0
500.0,-0.02,-0.055,-3.06056106823e-14,0
500.0,-0.015,-0.055,-2.61611616422e-14,0
500.0,-0.02,-0.05,-2.15217467571e-14,0
500.0,-0.015,-0.05,-1.37082933783e-14,0
500.0,-0.02,-0.045,-1.14416145396e-14,0
500.0,-0.015,-0.045,-1.29338076471e-15,0
500.0,-0.02,-0.04,-5.56910649858e-16,0
500.0,-0.015,-0.04,1.09624632497e-14,0
500.0,-0.02,-0.035,1.09144881419e-14,0
500.0,-0.015,-0.035,2.29462992593e-14,0
500.0,-0.02,-0.03,2.25675328956e-14,0
500.0,-0.02,-0.025,3.32863898084e-14,0
500.0,-0.015,-0.03,3.38785620207e-14,0
500.0,-0.015,-0.025,4.20957632966e-14,0
500.0,-0.02,-0.02,4.2709538308e-14,0
500.0,-0.02,-0.015,5.14348761275e-14,0
500.0,-0.015,-0.02,4.76138341572e-14,0
500.0,-0.015,-0.015,5.1575220858e-14,0
500.0,-0.02,-0.01,5.87749509291e-14,0
500.0,-0.015,-0.01,5.33865255162e-14,0
500.0,-0.02,-0.005,6.45848616738e-14,0
500.0,-0.015,-0.005,5.4185148032e-14,0
500.0,-0.02,0,6.90032621212e-14,0
500.0,-0.015,4.16333634234e-19,5.59356953368e-14,0
500.0,-0.02,0.005,7.19736062929e-14,0
500.0,-0.015,0.005,5.98922045798e-14,0
500.0,-0.02,0.01,7.15826622471e-14,0
500.0,-0.02,0.015,6.58275490016e-14,0
500.0,-0.015,0.01,6.40722662246e-14,0
500.0,-0.015,0.015,6.4733225498e-14,0
500.0,-0.02,0.02,5.46799894922e-14,0
500.0,-0.02,0.025,3.98324262969e-14,0
500.0,-0.015,0.02,5.90027057545e-14,0
500.0,-0.015,0.025,4.69635687471e-14,0
500.0,-0.02,0.03,2.35536167174e-14,0
500.0,-0.02,0.035,7.22823912177e-15,0
500.0,-0.015,0.03,3.17151612406e-14,0
500.0,-0.015,0.035,1.50231703127e-14,0
500.0,-0.02,0.04,-8.9171180005e-15,0
500.0,-0.02,0.045,-2.4719314483e-14,0
500.0,-0.015,0.04,-3.657657808e-15,0
500.0,-0.015,0.045,-2.36875654682e-14,0
500.0,-0.02,0.05,-4.05797716809e-14,0
500.0,-0.02,0.055,-5.57687366497e-14,0
500.0,-0.015,0.05,-4.75074631582e-14,0
500.0,-0.015,0.055,-7.27142855399e-14,0
500.0,-0.02,0.06,-7.01851005633e-14,0
500.0,-0.02,0.065,-8.32698574489e-14,0
500.0,-0.015,0.06,-9.67784725893e-14,0
500.0,-0.015,0.065,-1.20138831766e-13,0
500.0,-0.02,0.07,-9.51667535953e-14,0
500.0,-0.02,0.075,-1.07911488678e-13,0
500.0,-0.015,0.07,-1.4439275973e-13,0
500.0,-0.015,0.075,-1.68938468e-13,0
500.0,-0.01,-0.075,-6.31595777657e-14,0
500.0,-0.01,-0.07,-5.49236599337e-14,0
500.0,-0.005,-0.075,-6.46456576903e-14,0
500.0,-0.005,-0.07,-5.45446685004e-14,0
500.0,-0.01,-0.065,-4.69501453613e-14,0
500.0,-0.005,-0.065,-4.39404132342e-14,0
500.0,-0.01,-0.06,-3.46658651688e-14,0
500.0,-0.005,-0.06,-2.69604015785e-14,0
500.0,-0.01,-0.055,-1.86055794019e-14,0
500.0,-0.005,-0.055,-8.47439637073e-15,0
500.0,-0.01,-0.05,-4.08900935284e-15,0
500.0,-0.005,-0.05,7.04958696022e-15,0
500.0,-0.01,-0.045,9.85767560067e-15,0
500.0,-0.005,-0.045,2.19319663925e-14,0
500.0,-0.01,-0.04,2.30291206537e-14,0
500.0,-0.005,-0.04,3.56448349586e-14,0
500.0,-0.01,-0.035,3.50828141581e-14,0
500.0,-0.005,-0.035,4.74157718181e-14,0
500.0,-0.01,-0.03,4.47250139526e-14,0
500.0,-0.005,-0.03,5.53078886041e-14,0
500.0,-0.01,-0.025,4.99016186463e-14,0
500.0,-0.005,-0.025,5.70711910018e-14,0
500.0,-0.01,-0.02,5.13394758577e-14,0
500.0,-0.01,-0.015,5.03690729296e-14,0
500.0,-0.005,-0.02,5.49230072553e-14,0
500.0,-0.005,-0.015,4.96410936139e-14,0
500.0,-0.0117873230072,-0.0115873794689,4.98404253872e-14,0
500.0,-0.00939961996336,-0.005,4.00159151789e-14,0
500.0,-0.00792797428371,-0.00964253216809,4.3224500547e-14,0
500.0,-0.005,-0.00939961996336,3.89036302293e-14,0
500.0,-0.0108753492546,-0.00150606400588,4.25926614495e-14,0
500.0,-0.00818101620308,-0.00211452602544,3.3064944229e-14,0
500.0,-0.00651817360753,-0.000255934956239,2.41184848594e-14,0
500.0,-0.005,6.71033969428e-08,1.19014090474e-14,0
500.0,-0.0107292118043,0.00160660295843,4.32592657113e-14,0
500.0,-0.0080188992252,0.000768320427092,3.18964460908e-14,0
500.0,-0.00939946851065,0.005,4.29926354939e-14,0
500.0,-0.00802129342231,0.00264911934363,3.41258788118e-14,0
500.0,-0.00887989370213,0.00887989479405,5.02331956018e-14,0
500.0,-0.01,0.015,6.16831193636e-14,0
500.0,-0.005,0.00939947397025,4.57541797034e-14,0
500.0,-0.005,0.015,5.71799838756e-14,0
500.0,-0.01,0.02,6.08627808082e-14,0
500.0,-0.01,0.025,5.18376050725e-14,0
500.0,-0.005,0.02,5.82914709372e-14,0
500.0,-0.005,0.025,5.24539726226e-14,0
500.0,-0.01,0.03,3.82251587e-14,0
500.0,-0.01,0.035,2.30169081223e-14,0
500.0,-0.005,0.03,4.16377494599e-14,0
500.0,-0.005,0.035,2.86483700541e-14,0
500.0,-0.01,0.04,2.96560812414e-15,0
500.0,-0.01,0.045,-2.14800905772e-14,0
500.0,-0.005,0.04,9.59875739412e-15,0
500.0,-0.005,0.045,-1.54939111363e-14,0
500.0,-0.01,0.05,-4.94588309097e-14,0
500.0,-0.01,0.055,-7.95684558552e-14,0
500.0,-0.005,0.05,-4.21603225493e-14,0
500.0,-0.005,0.055,-7.0817683555e-14,0
500.0,-0.01,0.06,-1.10473894168e-13,0
500.0,-0.01,0.065,-1.41878469947e-13,0
500.0,-0.005,0.06,-1.02487065872e-13,0
500.0,-0.005,0.065,-1.3552769927e-13,0
500.0,-0.01,0.07,-1.74388935079e-13,0
500.0,-0.01,0.075,-2.10536125833e-13,0
500.0,-0.005,0.07,-1.70704189533e-13,0
500.0,-0.005,0.075,-2.10556612763e-13,0
500.0,0,-0.075,-5.89877926425e-14,0
500.0,0,-0.07,-4.55804140012e-14,0
500.0,0.005,-0.075,-4.31687420362e-14,0
500.0,0.005,-0.07,-2.99554755691e-14,0
500.0,0,-0.065,-3.06041386629e-14,0
500.0,0.005,-0.065,-1.47660763648e-14,0
500.0,0,-0.06,-1.30558360891e-14,0
500.0,0.005,-0.06,1.12283902326e-16,0
500.0,0,-0.055,4.45932917294e-15,0
500.0,0.005,-0.055,1.51468899403e-14,0
500.0,0,-0.05,2.06868247554e-14,0
500.0,0.005,-0.05,3.0496368717e-14,0
500.0,0,-0.045,3.60640016986e-14,0
500.0,0.005,-0.045,4.48656400405e-14,0
500.0,0,-0.04,4.96720749182e-14,0
500.0,0.005,-0.04,5.70499942102e-14,0
500.0,0,-0.035,6.01724059834e-14,0
500.0,0.005,-0.035,6.51666692132e-14,0
500.0,0,-0.03,6.51838461626e-14,0
500.0,0.005,-0.03,6.82982005881e-14,0
500.0,0,-0.025,6.36675239738e-14,0
500.0,0.005,-0.025,6.70627266325e-14,0
500.0,0,-0.02,5.85601970406e-14,0
500.0,0.005,-0.02,6.16761531479e-14,0
500.0,0,-0.015,5.02933042405e-14,0
500.0,0.005,-0.015,5.27277595611e-14,0
500.0,-0.0021196717084,-0.00776771017156,3.06535069021e-14,0
500.0,-0.00084550708518,-0.00631514607954,2.27388662363e-14,0
500.0,6.71033969406e-08,-0.005,1.20565358009e-14,0
500.0,-0.00139054260708,-0.0110960807567,4.08213045714e-14,0
500.0,0.00132468676756,-0.00775008274642,3.00306005582e-14,0
500.0,0.00160394440688,-0.0116908851489,4.29322313117e-14,0
500.0,0.005,-0.00939946851065,3.93003105985e-14,0
500.0,0.005,0.005,2.7029555705e-14,0
500.0,-0.000107646311398,0.00617659695633,2.58516917859e-14,0
500.0,-0.00190846935279,0.0076427502668,3.64557081485e-14,0
500.0,0.00131146485568,0.00777290068297,3.54843979487e-14,0
500.0,0.00295884413402,0.00640276348073,2.93323323455e-14,0
500.0,-1.21517769428e-05,0.0108932602996,4.60437405895e-14,0
500.0,0,0.015,5.19876317962e-14,0
500.0,0.005,0.00939942566771,3.84131992513e-14,0
500.0,0.005,0.015,4.56157277951e-14,0
500.0,0,0.02,5.30340309334e-14,0
500.0,0,0.025,4.9046932732e-14,0
500.0,0.005,0.02,4.66103912144e-14,0
500.0,0.005,0.025,4.31567724454e-14,0
500.0,0,0.03,4.10984026448e-14,0
500.0,0,0.035,3.07827821276e-14,0
500.0,0.005,0.03,3.68995781308e-14,0
500.0,0.005,0.035,2.88774996039e-14,0
500.0,0,0.04,1.45136762869e-14,0
500.0,0,0.045,-7.08954083428e-15,0
500.0,0.005,0.04,1.66610525819e-14,0
500.0,0.005,0.045,3.93004485775e-16,0
500.0,0,0.05,-2.95357051825e-14,0
500.0,0,0.055,-5.3327135897e-14,0
500.0,0.005,0.05,-1.66467330852e-14,0
500.0,0.005,0.055,-3.44534121973e-14,0
500.0,0,0.06,-7.93687796296e-14,0
500.0,0,0.065,-1.07523969928e-13,0
500.0,0.005,0.06,-5.30501145166e-14,0
500.0,0.005,0.065,-7.22717440505e-14,0
500.0,0,0.07,-1.40536445975e-13,0
500.0,0,0.075,-1.77198718139e-13,0
500.0,0.005,0.07,-9.86353051222e-14,0
500.0,0.005,0.075,-1.27302863448e-13,0
500.0,0.01,-0.075,-2.47903447445e-14,0
500.0,0.01,-0.07,-1.57822348758e-14,0
500.0,0.015,-0.075,-1.10304774459e-14,0
500.0,0.015,-0.07,-4.98961917322e-15,0
500.0,0.01,-0.065,-5.18398683414e-15,0
500.0,0.015,-0.065,2.81037894374e-15,0
500.0,0.01,-0.06,7.42709208108e-15,0
500.0,0.015,-0.06,1.31773266427e-14,0
500.0,0.01,-0.055,2.06825667311e-14,0
500.0,0.015,-0.055,2.37745863705e-14,0
500.0,0.01,-0.05,3.37651113091e-14,0
500.0,0.015,-0.05,3.34226278491e-14,0
500.0,0.01,-0.045,4.57278551808e-14,0
500.0,0.015,-0.045,4.27276168798e-14,0
500.0,0.01,-0.04,5.57728849535e-14,0
500.0,0.015,-0.04,5.16101236221e-14,0
500.0,0.01,-0.035,6.17237316457e-14,0
500.0,0.015,-0.035,5.555729783e-14,0
500.0,0.01,-0.03,6.36484229717e-14,0
500.0,0.015,-0.03,5.54331140682e-14,0
500.0,0.01,-0.025,6.37583301122e-14,0
500.0,0.015,-0.025,5.46109152608e-14,0
500.0,0.01,-0.02,6.05448326812e-14,0
500.0,0.01,-0.015,5.26307715651e-14,0
500.0,0.015,-0.02,5.19273185997e-14,0
500.0,0.015,-0.015,4.53165516062e-14,0
500.0,0.00999280436795,-0.0116358337096,4.6299337524e-14,0
500.0,0.0105889214373,-0.00845762197625,4.08213140669e-14,0
500.0,0.015,-0.01,3.87367596892e-14,0
500.0,0.00939947397025,-0.005,3.50985452904e-14,0
500.0,0.015,-0.005,3.46897172366e-14,0
500.0,0.00658051136513,-0.00296146438142,2.66933707762e-14,0
500.0,0.00636794669772,-3.54305826484e-06,2.20523833412e-14,0
500.0,0.00795807888052,-0.00113999998936,2.80495758291e-14,0
500.0,0.00758147027913,0.00183630393596,2.70735720635e-14,0
500.0,0.0112534647756,-1.47536350887e-07,3.2241285449e-14,0
500.0,0.015,4.16333634234e-19,3.22739240142e-14,0
500.0,0.00939942566771,0.005,3.21297705554e-14,0
500.0,0.015,0.005,3.03626066726e-14,0
500.0,0.00999018807453,0.0109670628501,3.65952832553e-14,0
500.0,0.01,0.015,3.87769432296e-14,0
500.0,0.015,0.01,3.00034427993e-14,0
500.0,0.015,0.015,3.0393298049e-14,0
500.0,0.01,0.02,3.89476356849e-14,0
500.0,0.01,0.025,3.58203130939e-14,0
500.0,0.015,0.02,2.96736876701e-14,0
500.0,0.015,0.025,2.72465610887e-14,0
500.0,0.01,0.03,3.07206245467e-14,0
500.0,0.01,0.035,2.47015133038e-14,0
500.0,0.015,0.03,2.36679998707e-14,0
500.0,0.015,0.035,1.96788537774e-14,0
500.0,0.01,0.04,1.6977774908e-14,0
500.0,0.01,0.045,6.70317391339e-15,0
500.0,0.015,0.04,1.59942461644e-14,0
500.0,0.015,0.045,1.13819739213e-14,0
500.0,0.01,0.05,-5.21739377772e-15,0
500.0,0.01,0.055,-1.77395979569e-14,0
500.0,0.015,0.05,4.8416765681e-15,0
500.0,0.015,0.055,-1.95615965468e-15,0
500.0,0.01,0.06,-3.08173870826e-14,0
500.0,0.01,0.065,-4.38735997568e-14,0
500.0,0.015,0.06,-9.28195214469e-15,0
500.0,0.015,0.065,-1.62155927341e-14,0
500.0,0.01,0.07,-5.62857759464e-14,0
500.0,0.01,0.075,-6.78188542177e-14,0
500.0,0.015,0.07,-1.7101780476e-14,0
500.0,0.015,0.075,-1.37819938591e-14,0
500.0,0.02,-0.075,-3.75716491748e-15,0
500.0,0.02,-0.07,1.4770297613e-15,0
500.0,0.025,-0.075,5.80225343685e-16,0
500.0,0.025,-0.07,4.7658180656e-15,0
500.0,0.02,-0.065,8.06242302276e-15,0
500.0,0.025,-0.065,9.63700157104e-15,0
500.0,0.02,-0.06,1.55353609734e-14,0
500.0,0.025,-0.06,1.44443919349e-14,0
500.0,0.02,-0.055,2.26463316896e-14,0
500.0,0.025,-0.055,1.90048981904e-14,0
500.0,0.02,-0.05,2.96537371085e-14,0
500.0,0.025,-0.05,2.39237497419e-14,0
500.0,0.02,-0.045,3.69010555074e-14,0
500.0,0.025,-0.045,2.88181218006e-14,0
500.0,0.02,-0.04,4.35825956933e-14,0
500.0,0.025,-0.04,3.18126939478e-14,0
500.0,0.02,-0.035,4.5007188808e-14,0
500.0,0.025,-0.035,3.02257688053e-14,0
500.0,0.02,-0.03,4.2678454295e-14,0
500.0,0.025,-0.03,2.56649286922e-14,0
500.0,0.02,-0.025,4.02950199711e-14,0
500.0,0.025,-0.025,2.06383533973e-14,0
500.0,0.02,-0.02,3.64871719965e-14,0
500.0,0.025,-0.02,1.40729838564e-14,0
500.0,0.02,-0.015,3.02925533823e-14,0
500.0,0.025,-0.015,8.13541386553e-15,0
500.0,0.02,-0.01,2.52553948885e-14,0
500.0,0.025,-0.01,4.32456569873e-15,0
500.0,0.02,-0.005,2.28217308392e-14,0
500.0,0.025,-0.005,1.50417222911e-15,0
500.0,0.02,0,2.17836944862e-14,0
500.0,0.025,4.16333634234e-19,1.60359245685e-16,0
500.0,0.02,0.005,1.98214036547e-14,0
500.0,0.025,0.005,8.61464534681e-16,0
500.0,0.02,0.01,1.82847608641e-14,0
500.0,0.025,0.01,5.34264696263e-16,0
500.0,0.02,0.015,1.75664100145e-14,0
500.0,0.025,0.015,-7.91558576941e-17,0
500.0,0.02,0.02,1.67026504121e-14,0
500.0,0.02,0.025,1.55974986421e-14,0
500.0,0.025,0.02,-3.1276264768e-16,0
500.0,0.025,0.025,2.27133633028e-16,0
500.0,0.02,0.03,1.4718216094e-14,0
500.0,0.02,0.035,1.39696936866e-14,0
500.0,0.025,0.03,3.21775303154e-15,0
500.0,0.025,0.035,6.58409058202e-15,0
500.0,0.02,0.04,1.35938264909e-14,0
500.0,0.02,0.045,1.31337291763e-14,0
500.0,0.025,0.04,9.79147080437e-15,0
500.0,0.025,0.045,1.3156282129e-14,0
500.0,0.02,0.05,1.19604052748e-14,0
500.0,0.02,0.055,1.07579349989e-14,0
500.0,0.025,0.05,1.63537173528e-14,0
500.0,0.025,0.055,1.98656360186e-14,0
500.0,0.02,0.06,1.07444834702e-14,0
500.0,0.02,0.065,1.19688085753e-14,0
500.0,0.025,0.06,2.57865572064e-14,0
500.0,0.025,0.065,3.29546674083e-14,0
500.0,0.02,0.07,1.64394817193e-14,0
500.0,0.02,0.075,2.44218186407e-14,0
500.0,0.025,0.07,4.13933299201e-14,0
500.0,0.025,0.075,5.28498092041e-14,0
500.0,0.03,-0.075,1.97326217857e-15,0
500.0,0.03,-0.07,5.33768313286e-15,0
500.0,0.035,-0.075,2.5333377494e-15,0
500.0,0.035,-0.07,5.12645177753e-15,0
500.0,0.03,-0.065,8.75110790658e-15,0
500.0,0.035,-0.065,7.20934602782e-15,0
500.0,0.03,-0.06,1.1833554432e-14,0
500.0,0.035,-0.06,8.73121266642e-15,0
500.0,0.03,-0.055,1.45312595252e-14,0
500.0,0.035,-0.055,9.695193288e-15,0
500.0,0.03,-0.05,1.67092690751e-14,0
500.0,0.035,-0.05,9.43536663037e-15,0
500.0,0.03,-0.045,1.8227990489e-14,0
500.0,0.035,-0.045,7.99711088237e-15,0
500.0,0.03,-0.04,1.74812702124e-14,0
500.0,0.035,-0.04,3.77424731572e-15,0
500.0,0.03,-0.035,1.31136707117e-14,0
500.0,0.035,-0.035,-3.86160474926e-15,0
500.0,0.03,-0.03,5.76271556452e-15,0
500.0,0.035,-0.03,-1.43613127155e-14,0
500.0,0.03,-0.025,-3.61566511773e-15,0
500.0,0.035,-0.025,-2.8554347746e-14,0
500.0,0.03,-0.02,-1.58893707073e-14,0
500.0,0.035,-0.02,-4.78801045602e-14,0
500.0,0.03,-0.015,-2.7539653111e-14,0
500.0,0.035,-0.015,-6.87963085192e-14,0
500.0,0.03,-0.01,-3.55802664666e-14,0
500.0,0.035,-0.01,-8.65386768055e-14,0
500.0,0.03,-0.005,-4.08951531712e-14,0
500.0,0.035,-0.005,-9.75357207564e-14,0
500.0,0.03,0,-4.2727104364e-14,0
500.0,0.035,4.16333634234e-19,-1.0009460812e-13,0
500.0,0.03,0.005,-3.98562913682e-14,0
500.0,0.035,0.005,-9.4754601455e-14,0
500.0,0.03,0.01,-3.66001483671e-14,0
500.0,0.035,0.01,-8.45543455671e-14,0
500.0,0.03,0.015,-3.31054895079e-14,0
500.0,0.035,0.015,-7.16070836503e-14,0
500.0,0.03,0.02,-2.61142034187e-14,0
500.0,0.035,0.02,-5.39810457705e-14,0
500.0,0.03,0.025,-1.79315247266e-14,0
500.0,0.035,0.025,-3.69527912464e-14,0
500.0,0.03,0.03,-9.92990920476e-15,0
500.0,0.03,0.035,-2.3475849376e-15,0
500.0,0.035,0.03,-2.37449973049e-14,0
500.0,0.035,0.035,-1.19168937991e-14,0
500.0,0.03,0.04,4.49070386734e-15,0
500.0,0.03,0.045,1.12865066194e-14,0
500.0,0.035,0.04,-1.76073331014e-15,0
500.0,0.035,0.045,8.01745010586e-15,0
500.0,0.03,0.05,1.85377320535e-14,0
500.0,0.03,0.055,2.62748728273e-14,0
500.0,0.035,0.05,1.88959048149e-14,0
500.0,0.035,0.055,3.0052008294e-14,0
500.0,0.03,0.06,3.51641688176e-14,0
500.0,0.03,0.065,4.54110789995e-14,0
500.0,0.035,0.06,4.13728936386e-14,0
500.0,0.035,0.065,5.37839780188e-14,0
500.0,0.03,0.07,5.71909902314e-14,0
500.0,0.03,0.075,7.09319934563e-14,0
500.0,0.035,0.07,6.77661490004e-14,0
500.0,0.035,0.075,8.34568648591e-14,0
500.0,0.04,-0.075,2.30589030266e-15,0
500.0,0.04,-0.07,3.72502628167e-15,0
500.0,0.045,-0.075,8.34459324444e-17,0
500.0,0.045,-0.07,9.70612341672e-16,0
500.0,0.04,-0.065,4.68482539125e-15,0
500.0,0.045,-0.065,1.51765704938e-15,0
500.0,0.04,-0.06,5.12662686695e-15,0
500.0,0.045,-0.06,1.56738113059e-15,0
500.0,0.04,-0.055,4.88290992519e-15,0
500.0,0.045,-0.055,8.45020921846e-16,0
500.0,0.04,-0.05,3.45961702961e-15,0
500.0,0.045,-0.05,-1.04483409024e-15,0
500.0,0.04,-0.045,6.08094478194e-16,0
500.0,0.045,-0.045,-4.59104889446e-15,0
500.0,0.04,-0.04,-5.69203460425e-15,0
500.0,0.045,-0.04,-1.13290443959e-14,0
500.0,0.04,-0.035,-1.55267309785e-14,0
500.0,0.045,-0.035,-2.13133104277e-14,0
500.0,0.04,-0.03,-3.02177452214e-14,0
500.0,0.045,-0.03,-3.79543933924e-14,0
500.0,0.04,-0.025,-4.97027301515e-14,0
500.0,0.045,-0.025,-6.11878374586e-14,0
500.0,0.04,-0.02,-7.34727255911e-14,0
500.0,0.045,-0.02,-8.83615546029e-14,0
500.0,0.04,-0.015,-1.00541224891e-13,0
500.0,0.045,-0.015,-1.15511875953e-13,0
500.0,0.04,-0.01,-1.26715605754e-13,0
500.0,0.045,-0.01,-1.40156299048e-13,0
500.0,0.04,-0.005,-1.4439924454e-13,0
500.0,0.045,-0.005,-1.61647460564e-13,0
500.0,0.04,0,-1.48602675253e-13,0
500.0,0.045,4.16333634234e-19,-1.72278706046e-13,0
500.0,0.04,0.005,-1.40252978661e-13,0
500.0,0.045,0.005,-1.65164390253e-13,0
500.0,0.04,0.01,-1.21262209358e-13,0
500.0,0.045,0.01,-1.4233594385e-13,0
500.0,0.04,0.015,-9.68365047925e-14,0
500.0,0.045,0.015,-1.12696268291e-13,0
500.0,0.04,0.02,-7.43986384356e-14,0
500.0,0.045,0.02,-8.83690485573e-14,0
500.0,0.04,0.025,-5.42331653314e-14,0
500.0,0.045,0.025,-6.70052578743e-14,0
500.0,0.04,0.03,-3.7105110449e-14,0
500.0,0.045,0.03,-4.81034843933e-14,0
500.0,0.04,0.035,-2.20405509246e-14,0
500.0,0.045,0.035,-3.06541811493e-14,0
500.0,0.04,0.04,-8.67060722462e-15,0
500.0,0.04,0.045,4.06562700236e-15,0
500.0,0.045,0.04,-1.51157535214e-14,0
500.0,0.045,0.045,-6.82889680227e-16,0
500.0,0.04,0.05,1.74143552364e-14,0
500.0,0.04,0.055,3.04159718635e-14,0
500.0,0.045,0.05,1.33321775269e-14,0
500.0,0.045,0.055,2.61128431934e-14,0
500.0,0.04,0.06,4.29420844661e-14,0
500.0,0.04,0.065,5.67607622374e-14,0
500.0,0.045,0.06,3.84800402808e-14,0
500.0,0.045,0.065,5.28374163694e-14,0
500.0,0.04,0.07,7.23395748309e-14,0
500.0,0.04,0.075,8.98267745151e-14,0
500.0,0.045,0.07,7.06342139884e-14,0
500.0,0.045,0.075,8.97308334984e-14,0
500.0,0.05,-0.075,-3.15630653851e-15,0
500.0,0.05,-0.07,-2.19850461555e-15,0
500.0,0.055,-0.075,-6.40446014239e-15,0
500.0,0.055,-0.07,-5.16775481281e-15,0
500.0,0.05,-0.065,-1.57252737465e-15,0
500.0,0.055,-0.065,-4.24003818928e-15,0
500.0,0.05,-0.06,-1.44508909618e-15,0
500.0,0.055,-0.06,-3.72085070462e-15,0
500.0,0.05,-0.055,-2.03252656162e-15,0
500.0,0.055,-0.055,-3.76975691193e-15,0
500.0,0.05,-0.05,-3.76641464282e-15,0
500.0,0.055,-0.05,-4.8244408242e-15,0
500.0,0.05,-0.045,-7.06303373903e-15,0
500.0,0.055,-0.045,-7.15245718388e-15,0
500.0,0.05,-0.04,-1.28937447901e-14,0
500.0,0.055,-0.04,-1.14215749883e-14,0
500.0,0.05,-0.035,-2.1781969028e-14,0
500.0,0.055,-0.035,-1.8229493286e-14,0
500.0,0.05,-0.03,-3.72718923382e-14,0
500.0,0.055,-0.03,-2.95804345954e-14,0
500.0,0.05,-0.025,-5.94533408879e-14,0
500.0,0.055,-0.025,-4.6605580975e-14,0
500.0,0.05,-0.02,-8.60766501802e-14,0
500.0,0.055,-0.02,-6.93785606332e-14,0
500.0,0.05,-0.015,-1.09162573636e-13,0
500.0,0.055,-0.015,-9.24038960164e-14,0
500.0,0.05,-0.01,-1.30034611952e-13,0
500.0,0.055,-0.01,-1.12315750965e-13,0
500.0,0.05,-0.005,-1.51391169193e-13,0
500.0,0.055,-0.005,-1.29145308956e-13,0
500.0,0.05,0,-1.67765888384e-13,0
500.0,0.055,4.16333634234e-19,-1.37603772205e-13,0
500.0,0.05,0.005,-1.65991533525e-13,0
500.0,0.055,0.005,-1.37052643501e-13,0
500.0,0.05,0.01,-1.46170470327e-13,0
500.0,0.055,0.01,-1.27753260453e-13,0
500.0,0.05,0.015,-1.17629796474e-13,0
500.0,0.055,0.015,-1.120531883e-13,0
500.0,0.05,0.02,-9.39608149947e-14,0
500.0,0.055,0.02,-9.19375231687e-14,0
500.0,0.05,0.025,-7.3272373994e-14,0
500.0,0.055,0.025,-7.20568849061e-14,0
500.0,0.05,0.03,-5.44345429146e-14,0
500.0,0.055,0.03,-5.34002122554e-14,0
500.0,0.05,0.035,-3.55548140065e-14,0
500.0,0.055,0.035,-3.6676771191e-14,0
500.0,0.05,0.04,-1.94981857431e-14,0
500.0,0.055,0.04,-2.12707669358e-14,0
500.0,0.05,0.045,-5.09238285814e-15,0
500.0,0.055,0.045,-7.79957474822e-15,0
500.0,0.05,0.05,7.11981046774e-15,0
500.0,0.05,0.055,1.75100599363e-14,0
500.0,0.055,0.05,-8.48792648316e-17,0
500.0,0.055,0.055,5.47484058562e-15,0
500.0,0.05,0.06,2.82961327608e-14,0
500.0,0.05,0.065,4.10107034944e-14,0
500.0,0.055,0.06,1.38237857665e-14,0
500.0,0.055,0.065,2.26237320131e-14,0
500.0,0.05,0.07,5.66716859528e-14,0
500.0,0.05,0.075,7.31133152839e-14,0
500.0,0.055,0.07,2.58756094621e-14,0
500.0,0.055,0.075,3.03367880187e-14,0
500.0,0.06,-0.075,-9.4371854002e-15,0
500.0,0.06,-0.07,-7.79201224733e-15,0
500.0,0.065,-0.075,-1.22209894935e-14,0
500.0,0.065,-0.07,-1.01176472173e-14,0
500.0,0.06,-0.065,-6.37891042783e-15,0
500.0,0.065,-0.065,-8.13169094484e-15,0
500.0,0.06,-0.06,-5.30306887972e-15,0
500.0,0.065,-0.06,-6.38934483638e-15,0
500.0,0.06,-0.055,-4.52672393553e-15,0
500.0,0.065,-0.055,-4.60084357285e-15,0
500.0,0.06,-0.05,-4.19500224905e-15,0
500.0,0.065,-0.05,-2.15716014398e-15,0
500.0,0.06,-0.045,-4.36448622701e-15,0
500.0,0.065,-0.045,1.07276687695e-15,0
500.0,0.06,-0.04,-5.50717171773e-15,0
500.0,0.065,-0.04,5.34429823538e-15,0
500.0,0.06,-0.035,-8.18604619945e-15,0
500.0,0.065,-0.035,1.00254498746e-14,0
500.0,0.06,-0.03,-1.27758306331e-14,0
500.0,0.065,-0.03,1.45247873907e-14,0
500.0,0.06,-0.025,-2.11056360367e-14,0
500.0,0.065,-0.025,1.68305637375e-14,0
500.0,0.06,-0.02,-3.68460971771e-14,0
500.0,0.065,-0.02,1.23924905419e-14,0
500.0,0.06,-0.015,-5.56826887341e-14,0
500.0,0.065,-0.015,5.67969343689e-15,0
500.0,0.06,-0.01,-6.93844282035e-14,0
500.0,0.065,-0.01,2.72959613105e-15,0
500.0,0.06,-0.005,-7.71492495587e-14,0
500.0,0.065,-0.005,2.24817710357e-16,0
500.0,0.06,0,-7.93372443977e-14,0
500.0,0.065,4.16333634234e-19,-1.90406206203e-15,0
500.0,0.06,0.005,-7.985859228e-14,0
500.0,0.065,0.005,-3.88758119378e-15,0
500.0,0.06,0.01,-7.77417774836e-14,0
500.0,0.065,0.01,-4.31761007986e-15,0
500.0,0.06,0.015,-7.19697560143e-14,0
500.0,0.065,0.015,-7.00737333379e-16,0
500.0,0.06,0.02,-6.05758853679e-14,0
500.0,0.065,0.02,4.20936624939e-15,0
500.0,0.06,0.025,-4.64896693542e-14,0
500.0,0.065,0.025,9.47932423103e-15,0
500.0,0.06,0.03,-3.26955483752e-14,0
500.0,0.065,0.03,1.35164384795e-14,0
500.0,0.06,0.035,-2.14103711886e-14,0
500.0,0.065,0.035,1.50524046084e-14,0
500.0,0.06,0.04,-9.71387068216e-15,0
500.0,0.065,0.04,1.64020362816e-14,0
500.0,0.06,0.045,-2.63430560009e-15,0
500.0,0.065,0.045,1.07261089514e-14,0
500.0,0.06,0.05,-6.09944054165e-15,0
500.0,0.065,0.05,-7.09687307694e-15,0
500.0,0.06,0.055,-1.14104600165e-14,0
500.0,0.065,0.055,-2.59937499057e-14,0
500.0,0.06,0.06,-1.17241085046e-14,0
500.0,0.06,0.065,-1.45049814086e-14,0
500.0,0.065,0.06,-4.12102626049e-14,0
500.0,0.065,0.065,-6.07596692281e-14,0
500.0,0.06,0.07,-2.43747617245e-14,0
500.0,0.06,0.075,-3.44733998466e-14,0
500.0,0.065,0.07,-8.48708214818e-14,0
500.0,0.065,0.075,-1.10229619574e-13,0
500.0,0.07,-0.075,-1.47718764796e-14,0
500.0,0.07,-0.07,-1.22037675163e-14,0
500.0,0.075,-0.075,-1.69418386207e-14,0
500.0,0.075,-0.07,-1.40142497438e-14,0
500.0,0.07,-0.065,-9.67960772326e-15,0
500.0,0.075,-0.065,-1.09473500223e-14,0
500.0,0.07,-0.06,-7.23186661312e-15,0
500.0,0.075,-0.06,-8.02962742348e-15,0
500.0,0.07,-0.055,-4.51355485456e-15,0
500.0,0.075,-0.055,-4.65834626811e-15,0
500.0,0.07,-0.05,1.24803999025e-15,0
500.0,0.075,-0.05,5.56586605951e-15,0
500.0,0.07,-0.045,1.13299304737e-14,0
500.0,0.075,-0.045,2.43125316764e-14,0
500.0,0.07,-0.04,2.49521380318e-14,0
500.0,0.075,-0.04,4.93113928306e-14,0
500.0,0.07,-0.035,3.85947977651e-14,0
500.0,0.075,-0.035,7.16561617457e-14,0
500.0,0.07,-0.03,4.88495709088e-14,0
500.0,0.075,-0.03,8.50440900406e-14,0
500.0,0.07,-0.025,5.82756599974e-14,0
500.0,0.075,-0.025,9.93081826922e-14,0
500.0,0.07,-0.02,7.11853408012e-14,0
500.0,0.075,-0.02,1.3167450094e-13,0
500.0,0.07,-0.015,8.10518656228e-14,0
500.0,0.075,-0.015,1.59005401236e-13,0
500.0,0.07,-0.01,8.28761872627e-14,0
500.0,0.075,-0.01,1.6394955665e-13,0
500.0,0.07,-0.005,8.28867922177e-14,0
500.0,0.075,-0.005,1.6587716645e-13,0
500.0,0.07,0,8.16489141163e-14,0
500.0,0.075,0,1.65602562067e-13,0
500.0,0.07,0.005,7.94780084527e-14,0
500.0,0.075,0.005,1.63474114125e-13,0
500.0,0.07,0.01,7.70561731065e-14,0
500.0,0.075,0.01,1.58438768471e-13,0
500.0,0.07,0.015,7.64384502277e-14,0
500.0,0.075,0.015,1.53075606793e-13,0
500.0,0.07,0.02,7.68585671414e-14,0
500.0,0.075,0.02,1.49808062209e-13,0
500.0,0.07,0.025,7.61761286952e-14,0
500.0,0.075,0.025,1.44316534667e-13,0
500.0,0.07,0.03,7.25209139354e-14,0
500.0,0.075,0.03,1.34264477529e-13,0
500.0,0.07,0.035,6.44063441083e-14,0
500.0,0.075,0.035,1.18144515011e-13,0
500.0,0.07,0.04,4.56243787638e-14,0
500.0,0.075,0.04,7.61143922337e-14,0
500.0,0.07,0.045,2.01014883406e-14,0
500.0,0.075,0.045,2.82272915055e-14,0
500.0,0.07,0.05,-3.70550929415e-15,0
500.0,0.075,0.05,3.01875509733e-16,0
500.0,0.07,0.055,-2.8084325175e-14,0
500.0,0.075,0.055,-2.75173020818e-14,0
500.0,0.07,0.06,-6.14255786203e-14,0
500.0,0.075,0.06,-7.66451441444e-14,0
500.0,0.07,0.065,-1.02454355157e-13,0
500.0,0.075,0.065,-1.39290381931e-13,0
500.0,0.07,0.07,-1.43783089266e-13,0
500.0,0.07,0.075,-1.83096873897e-13,0
500.0,0.075,0.07,-1.97738001427e-13,0
500.0,0.075,0.075,-2.47307043562e-13,0
560.0,-0.00382671281566,-0.00202612167119,0,0
560.0,-0.005,-0.005,-6.01604287097e-15,0
560.0,-0.00197892066871,-0.00385133392306,0,0
560.0,-0.005,-0.00190753787223,9.79649818562e-15,0
560.0,-0.00433,0,0,0
560.0,-0.00190753787223,-0.005,9.23980614593e-15,0
560.0,0,-0.00433,0,0
560.0,-0.005,0.00190775150599,1.51764688456e-14,0
560.0,-0.00385133392306,0.00197892066871,0,0
560.0,0.00190775150599,-0.005,1.44905861568e-14,0
560.0,0.00202612167119,-0.00382671281566,0,0
560.0,-0.00202612167119,0.00382671281566,0,0
560.0,-0.005,0.005,3.22006712608e-14,0
560.0,-0.0019094272225,0.005,1.65671333836e-14,0
560.0,0,0.00433,0,0
560.0,0.00147766755988,0.00407006125046,0,0
560.0,8.32667268469e-19,0.005,1.12012912137e-14,0
560.0,0.00433,0,0,0
560.0,0.005,1.38777878078e-18,1.24137979808e-14,0
560.0,0.00407006125046,0.00147766755988,0,0
560.0,0.005,-0.005,3.23856201574e-14,0
560.0,0.00385133392306,-0.00197892066871,0,0
560.0,0.005,-0.0019094272225,1.78364197998e-14,0
560.0,0.00306177236254,0.00306177236254,0,0
560.0,0.0019094272225,0.005,1.48668668828e-14,0
560.0,0.005,0.0019094272225,1.57166043312e-14,0
560.0,-0.000885,-0.0015328649647,1.27158992782e-12,0
560.0,-0.0015328649647,-0.000885,1.27171232707e-12,0
560.0,-0.00186450691264,-0.00187567167242,8.43071328318e-13,0
560.0,-0.00177,0,1.27140400514e-12,0
560.0,-0.00268433516245,-0.000738983120158,7.59148216059e-13,0
560.0,0,-0.00177,1.27155150241e-12,0
560.0,-0.000718432264205,-0.00269192408424,7.57441939037e-13,0
560.0,-0.0015328649647,0.000885,1.26989938503e-12,0
560.0,-0.00265321485144,0.000647311733689,7.89932849489e-13,0
560.0,-0.000885,0.0015328649647,1.26827164101e-12,0
560.0,-0.00194719253591,0.00178443766524,8.43997590198e-13,0
560.0,0,0.00177,1.26416507336e-12,0
560.0,-0.000802720381054,0.00273415977115,7.17539265328e-13,0
560.0,0.000885,-0.0015328649647,1.2702401972e-12,0
560.0,0.00075154031863,-0.00270385456952,7.45331249214e-13,0
560.0,0.00177,0,1.26250473626e-12,0
560.0,0.0015328649647,-0.000885,1.26808752503e-12,0
560.0,0.00271471102228,-0.000564731152102,7.60955733167e-13,0
560.0,0.00192394637685,-0.00189207206672,8.10140230775e-13,0
560.0,0.00231817117671,0.00040530921667,9.87964427269e-13,0
560.0,0.0015328649647,0.000885,1.26077084825e-12,0
560.0,0.000885,0.0015328649647,1.26147595266e-12,0
560.0,0.000427053001345,0.00287092483521,6.82226702081e-13,0
560.0,0.00187618296239,0.00184774001435,8.33385619925e-13,0
560.0,0.00312733402203,0.000607809752493,5.19227248201e-13,0
560.0,0.00276214303706,0.00136595635004,5.76890734598e-13,0
560.0,0.0014100336009,0.00268674970267,6.04804566109e-13,0
560.0,-0.075,-0.075,-2.37053385682e-12,0
560.0,-0.07,-0.075,-1.98653221077e-12,0
560.0,-0.075,-0.07,-1.85252795802e-12,0
560.0,-0.07,-0.07,-1.517095753e-12,0
560.0,-0.075,-0.065,-1.2696916517e-12,0
560.0,-0.07,-0.065,-1.00673831994e-12,0
560.0,-0.065,-0.075,-1.57965822379e-12,0
560.0,-0.065,-0.07,-1.19009368487e-12,0
560.0,-0.065,-0.065,-7.72277552354e-13,0
560.0,-0.075,-0.06,-4.92475942083e-13,0
560.0,-0.07,-0.06,-4.15489576326e-13,0
560.0,-0.065,-0.06,-3.31177215484e-13,0
560.0,-0.075,-0.055,2.2719790846e-13,0
560.0,-0.07,-0.055,1.11869831603e-13,0
560.0,-0.065,-0.055,4.58086274345e-14,0
560.0,-0.075,-0.05,6.90016422241e-13,0
560.0,-0.07,-0.05,4.83080379743e-13,0
560.0,-0.065,-0.05,3.13632276542e-13,0
560.0,-0.075,-0.045,1.08148206521e-12,0
560.0,-0.07,-0.045,7.99894862893e-13,0
560.0,-0.065,-0.045,5.50630970288e-13,0
560.0,-0.075,-0.04,1.41514828335e-12,0
560.0,-0.07,-0.04,1.08205020462e-12,0
560.0,-0.075,-0.035,1.72692801568e-12,0
560.0,-0.07,-0.035,1.33770845797e-12,0
560.0,-0.065,-0.04,7.67859792871e-13,0
560.0,-0.065,-0.035,9.45807317919e-13,0
560.0,-0.075,-0.03,2.08348950882e-12,0
560.0,-0.07,-0.03,1.5551824209e-12,0
560.0,-0.075,-0.025,2.31864240964e-12,0
560.0,-0.07,-0.025,1.66655813794e-12,0
560.0,-0.065,-0.03,1.05614881195e-12,0
560.0,-0.065,-0.025,1.07749742749e-12,0
560.0,-0.075,-0.02,2.32392228768e-12,0
560.0,-0.07,-0.02,1.63432639009e-12,0
560.0,-0.075,-0.015,2.08031500518e-12,0
560.0,-0.07,-0.015,1.44057323422e-12,0
560.0,-0.065,-0.02,1.01219885988e-12,0
560.0,-0.065,-0.015,8.59217597634e-13,0
560.0,-0.075,-0.01,1.59584079095e-12,0
560.0,-0.07,-0.01,1.07931306856e-12,0
560.0,-0.075,-0.005,9.60067533765e-13,0
560.0,-0.07,-0.005,5.95617651784e-13,0
560.0,-0.065,-0.01,5.93665552168e-13,0
560.0,-0.065,-0.005,2.275832176e-13,0
560.0,-0.075,0,3.27038263026e-13,0
560.0,-0.07,0,9.56588596464e-14,0
560.0,-0.075,0.005,-2.25322901397e-13,0
560.0,-0.07,0.005,-3.25933329057e-13,0
560.0,-0.065,4.16333634234e-19,-1.56895738975e-13,0
560.0,-0.065,0.005,-4.62243572617e-13,0
560.0,-0.075,0.01,-5.88846150844e-13,0
560.0,-0.07,0.01,-5.77077483013e-13,0
560.0,-0.075,0.015,-6.49947946909e-13,0
560.0,-0.07,0.015,-5.8603148639e-13,0
560.0,-0.065,0.01,-6.02855082821e-13,0
560.0,-0.065,0.015,-5.41877359729e-13,0
560.0,-0.075,0.02,-5.13303413437e-13,0
560.0,-0.07,0.02,-4.40714352753e-13,0
560.0,-0.075,0.025,-3.47360464783e-13,0
560.0,-0.07,0.025,-2.69331220852e-13,0
560.0,-0.065,0.02,-3.76595149284e-13,0
560.0,-0.065,0.025,-1.89745129728e-13,0
560.0,-0.075,0.03,-1.66194020562e-13,0
560.0,-0.07,0.03,-8.91896922879e-14,0
560.0,-0.075,0.035,8.05590432601e-15,0
560.0,-0.07,0.035,7.19348335784e-14,0
560.0,-0.065,0.03,-3.68224529599e-15,0
560.0,-0.065,0.035,1.38787265873e-13,0
560.0,-0.075,0.04,1.40656268876e-13,0
560.0,-0.07,0.04,1.67323130596e-13,0
560.0,-0.075,0.045,1.68720985533e-13,0
560.0,-0.07,0.045,1.74919993424e-13,0
560.0,-0.065,0.04,1.95910236993e-13,0
560.0,-0.065,0.045,1.89219735662e-13,0
560.0,-0.075,0.05,1.21141124965e-13,0
560.0,-0.07,0.05,1.26436555541e-13,0
560.0,-0.075,0.055,4.33104526385e-14,0
560.0,-0.07,0.055,5.0966927563e-14,0
560.0,-0.065,0.05,1.39097188781e-13,0
560.0,-0.065,0.055,6.48555965978e-14,0
560.0,-0.075,0.06,-5.44698279835e-14,0
560.0,-0.07,0.06,-4.4374805114e-14,0
560.0,-0.075,0.065,-1.64007644957e-13,0
560.0,-0.07,0.065,-1.52460064275e-13,0
560.0,-0.065,0.06,-2.94138811154e-14,0
560.0,-0.065,0.065,-1.37757628461e-13,0
560.0,-0.075,0.07,-2.9389216052e-13,0
560.0,-0.07,0.07,-2.75754428124e-13,0
560.0,-0.075,0.075,-4.31647249757e-13,0
560.0,-0.07,0.075,-4.06299471106e-13,0
560.0,-0.065,0.07,-2.5672133689e-13,0
560.0,-0.065,0.075,-3.81583661003e-13,0
560.0,-0.06,-0.075,-1.19192553299e-12,0
560.0,-0.06,-0.07,-8.74127924667e-13,0
560.0,-0.06,-0.065,-5.60074307348e-13,0
560.0,-0.055,-0.075,-7.78205950784e-13,0
560.0,-0.055,-0.07,-5.42192712867e-13,0
560.0,-0.055,-0.065,-3.38812129707e-13,0
560.0,-0.06,-0.06,-2.61066973961e-13,0
560.0,-0.06,-0.055,-1.25842343086e-14,0
560.0,-0.055,-0.06,-1.77759307711e-13,0
560.0,-0.055,-0.055,-5.29948966001e-14,0
560.0,-0.06,-0.05,1.8296051957e-13,0
560.0,-0.055,-0.05,7.1778083607e-14,0
560.0,-0.06,-0.045,3.54299602561e-13,0
560.0,-0.055,-0.045,1.79716040075e-13,0
560.0,-0.06,-0.04,4.88503514956e-13,0
560.0,-0.055,-0.04,2.44390558675e-13,0
560.0,-0.06,-0.035,5.84998986401e-13,0
560.0,-0.055,-0.035,2.78213064928e-13,0
560.0,-0.06,-0.03,6.26331228373e-13,0
560.0,-0.06,-0.025,5.98622928076e-13,0
560.0,-0.055,-0.03,2.74377620726e-13,0
560.0,-0.055,-0.025,2.20307432696e-13,0
560.0,-0.06,-0.02,5.10927096495e-13,0
560.0,-0.06,-0.015,3.71252213398e-13,0
560.0,-0.055,-0.02,1.25226936226e-13,0
560.0,-0.055,-0.015,3.12880299846e-15,0
560.0,-0.06,-0.01,1.62167120071e-13,0
560.0,-0.06,-0.005,-1.15318416876e-13,0
560.0,-0.055,-0.01,-1.70962370273e-13,0
560.0,-0.055,-0.005,-3.8514111849e-13,0
560.0,-0.06,0,-3.99547457081e-13,0
560.0,-0.06,0.005,-5.95398966491e-13,0
560.0,-0.055,4.16333634234e-19,-5.91962644394e-13,0
560.0,-0.055,0.005,-6.91445479656e-13,0
560.0,-0.06,0.01,-6.33622562879e-13,0
560.0,-0.06,0.015,-5.09654105764e-13,0
560.0,-0.055,0.01,-6.39966067109e-13,0
560.0,-0.055,0.015,-4.55456919332e-13,0
560.0,-0.06,0.02,-2.9917556198e-13,0
560.0,-0.06,0.025,-8.49419383673e-14,0
560.0,-0.055,0.02,-2.02447306977e-13,0
560.0,-0.055,0.025,2.09878457532e-14,0
560.0,-0.06,0.03,8.81863977092e-14,0
560.0,-0.06,0.035,1.90987134934e-13,0
560.0,-0.055,0.03,1.54321623145e-13,0
560.0,-0.055,0.035,2.24076263725e-13,0
560.0,-0.06,0.04,2.20730458828e-13,0
560.0,-0.06,0.045,2.09993527633e-13,0
560.0,-0.055,0.04,2.42471422551e-13,0
560.0,-0.055,0.045,2.35648417458e-13,0
560.0,-0.06,0.05,1.60033071463e-13,0
560.0,-0.06,0.055,8.57244012771e-14,0
560.0,-0.055,0.05,1.90400091631e-13,0
560.0,-0.055,0.055,1.14765445117e-13,0
560.0,-0.06,0.06,-9.90012152734e-15,0
560.0,-0.06,0.065,-1.20448094576e-13,0
560.0,-0.055,0.06,1.49903899e-14,0
560.0,-0.055,0.065,-1.01294957806e-13,0
560.0,-0.06,0.07,-2.42242881904e-13,0
560.0,-0.06,0.075,-3.69020929345e-13,0
560.0,-0.055,0.07,-2.30603015074e-13,0
560.0,-0.055,0.075,-3.63681181554e-13,0
560.0,-0.05,-0.075,-1.85721630618e-13,0
560.0,-0.05,-0.07,-1.47240204324e-13,0
560.0,-0.045,-0.075,3.09192387245e-13,0
560.0,-0.045,-0.07,1.7746570365e-13,0
560.0,-0.05,-0.065,-1.08358314829e-13,0
560.0,-0.045,-0.065,7.56038606202e-14,0
560.0,-0.05,-0.06,-8.76557868387e-14,0
560.0,-0.05,-0.055,-6.67729138315e-14,0
560.0,-0.045,-0.06,-5.13028408086e-15,0
560.0,-0.045,-0.055,-5.77092933715e-14,0
560.0,-0.05,-0.05,-2.13823382197e-14,0
560.0,-0.05,-0.045,1.82985800291e-14,0
560.0,-0.045,-0.05,-8.8484200992e-14,0
560.0,-0.045,-0.045,-1.11544671432e-13,0
560.0,-0.05,-0.04,3.7026236256e-14,0
560.0,-0.045,-0.04,-1.34010709315e-13,0
560.0,-0.05,-0.035,3.28099723573e-14,0
560.0,-0.045,-0.035,-1.68922068825e-13,0
560.0,-0.05,-0.03,6.31162007729e-16,0
560.0,-0.045,-0.03,-2.22746806409e-13,0
560.0,-0.05,-0.025,-6.04446628832e-14,0
560.0,-0.045,-0.025,-2.93851422187e-13,0
560.0,-0.05,-0.02,-1.49517635916e-13,0
560.0,-0.05,-0.015,-2.62786841751e-13,0
560.0,-0.045,-0.02,-3.81851692376e-13,0
560.0,-0.045,-0.015,-4.85081926486e-13,0
560.0,-0.05,-0.01,-4.15084017781e-13,0
560.0,-0.05,-0.005,-5.89698370852e-13,0
560.0,-0.045,-0.01,-6.0962615813e-13,0
560.0,-0.045,-0.005,-7.34448029774e-13,0
560.0,-0.05,0,-7.25927329512e-13,0
560.0,-0.05,0.005,-7.34307152695e-13,0
560.0,-0.045,4.16333634234e-19,-7.86780173221e-13,0
560.0,-0.045,0.005,-7.01771543326e-13,0
560.0,-0.05,0.01,-6.0125999057e-13,0
560.0,-0.05,0.015,-3.79526865383e-13,0
560.0,-0.045,0.01,-5.09996469287e-13,0
560.0,-0.045,0.015,-2.89458099422e-13,0
560.0,-0.05,0.02,-1.13974915167e-13,0
560.0,-0.05,0.025,9.04105609599e-14,0
560.0,-0.045,0.02,-3.8727168538e-14,0
560.0,-0.045,0.025,1.39255611062e-13,0
560.0,-0.05,0.03,1.90888801458e-13,0
560.0,-0.05,0.035,2.45310161941e-13,0
560.0,-0.045,0.03,2.15318576033e-13,0
560.0,-0.045,0.035,2.61666705373e-13,0
560.0,-0.05,0.04,2.60667045474e-13,0
560.0,-0.05,0.045,2.59518724839e-13,0
560.0,-0.045,0.04,2.78351128931e-13,0
560.0,-0.045,0.045,2.77254299314e-13,0
560.0,-0.05,0.05,2.24678522976e-13,0
560.0,-0.05,0.055,1.50041224992e-13,0
560.0,-0.045,0.05,2.47633687549e-13,0
560.0,-0.045,0.055,1.82735672461e-13,0
560.0,-0.05,0.06,4.36887643386e-14,0
560.0,-0.05,0.065,-8.47872240417e-14,0
560.0,-0.045,0.06,7.19856981558e-14,0
560.0,-0.045,0.065,-7.45924363852e-14,0
560.0,-0.05,0.07,-2.28563781506e-13,0
560.0,-0.05,0.075,-3.75845455887e-13,0
560.0,-0.045,0.07,-2.40294398236e-13,0
560.0,-0.045,0.075,-4.06231496369e-13,0
560.0,-0.04,-0.075,5.33551869682e-13,0
560.0,-0.04,-0.07,3.58209230595e-13,0
560.0,-0.035,-0.075,7.17861236611e-13,0
560.0,-0.035,-0.07,5.04804746315e-13,0
560.0,-0.04,-0.065,2.00746200862e-13,0
560.0,-0.035,-0.065,3.05300219183e-13,0
560.0,-0.04,-0.06,6.31658462405e-14,0
560.0,-0.035,-0.06,1.22522451032e-13,0
560.0,-0.04,-0.055,-4.69352263698e-14,0
560.0,-0.035,-0.055,-3.49150098089e-14,0
560.0,-0.04,-0.05,-1.32015618811e-13,0
560.0,-0.04,-0.045,-2.03774536378e-13,0
560.0,-0.035,-0.05,-1.63599317145e-13,0
560.0,-0.035,-0.045,-2.72682339932e-13,0
560.0,-0.04,-0.04,-2.65577727922e-13,0
560.0,-0.04,-0.035,-3.25219328247e-13,0
560.0,-0.035,-0.04,-3.63937571181e-13,0
560.0,-0.035,-0.035,-4.40662742693e-13,0
560.0,-0.04,-0.03,-3.90092277724e-13,0
560.0,-0.035,-0.03,-5.08031140804e-13,0
560.0,-0.04,-0.025,-4.65146565037e-13,0
560.0,-0.035,-0.025,-5.70371465075e-13,0
560.0,-0.04,-0.02,-5.47139142985e-13,0
560.0,-0.035,-0.02,-6.23722928645e-13,0
560.0,-0.04,-0.015,-6.31867927476e-13,0
560.0,-0.035,-0.015,-6.68431047551e-13,0
560.0,-0.04,-0.01,-7.16287988844e-13,0
560.0,-0.04,-0.005,-7.71551901819e-13,0
560.0,-0.035,-0.01,-7.00088342018e-13,0
560.0,-0.035,-0.005,-6.97098734059e-13,0
560.0,-0.04,0,-7.47633044549e-13,0
560.0,-0.04,0.005,-6.05703215939e-13,0
560.0,-0.035,4.16333634234e-19,-6.41442296655e-13,0
560.0,-0.035,0.005,-4.94455460239e-13,0
560.0,-0.04,0.01,-4.04069403011e-13,0
560.0,-0.04,0.015,-1.89222830422e-13,0
560.0,-0.035,0.01,-2.97066038957e-13,0
560.0,-0.035,0.015,-9.44576718229e-14,0
560.0,-0.04,0.02,2.35031782142e-14,0
560.0,-0.04,0.025,1.63962865488e-13,0
560.0,-0.035,0.02,6.54426712077e-14,0
560.0,-0.035,0.025,1.72424584994e-13,0
560.0,-0.04,0.03,2.28801382595e-13,0
560.0,-0.04,0.035,2.72533284317e-13,0
560.0,-0.035,0.03,2.35717247809e-13,0
560.0,-0.035,0.035,2.77100790483e-13,0
560.0,-0.04,0.04,2.91308552882e-13,0
560.0,-0.04,0.045,2.88742651798e-13,0
560.0,-0.035,0.04,2.95734658127e-13,0
560.0,-0.035,0.045,2.92808312414e-13,0
560.0,-0.04,0.05,2.59550525813e-13,0
560.0,-0.04,0.055,2.04877480955e-13,0
560.0,-0.035,0.05,2.63167325335e-13,0
560.0,-0.035,0.055,2.08528421129e-13,0
560.0,-0.04,0.06,9.10917745621e-14,0
560.0,-0.04,0.065,-8.16511537731e-14,0
560.0,-0.035,0.06,8.56516825923e-14,0
560.0,-0.035,0.065,-1.05930790304e-13,0
560.0,-0.04,0.07,-2.67840118592e-13,0
560.0,-0.04,0.075,-4.5085853277e-13,0
560.0,-0.035,0.07,-3.07718189248e-13,0
560.0,-0.035,0.075,-5.04274462989e-13,0
560.0,-0.03,-0.075,8.65973284392e-13,0
560.0,-0.03,-0.07,6.22920288116e-13,0
560.0,-0.025,-0.075,9.93215329077e-13,0
560.0,-0.025,-0.07,7.23078644938e-13,0
560.0,-0.03,-0.065,3.89367631858e-13,0
560.0,-0.025,-0.065,4.5884768739e-13,0
560.0,-0.03,-0.06,1.72200724632e-13,0
560.0,-0.025,-0.06,2.10636584532e-13,0
560.0,-0.03,-0.055,-2.05340091734e-14,0
560.0,-0.025,-0.055,-1.20160615988e-14,0
560.0,-0.03,-0.05,-1.84980975701e-13,0
560.0,-0.025,-0.05,-2.03140418122e-13,0
560.0,-0.03,-0.045,-3.22531322837e-13,0
560.0,-0.025,-0.045,-3.59659718385e-13,0
560.0,-0.03,-0.04,-4.3396754652e-13,0
560.0,-0.03,-0.035,-5.19701376909e-13,0
560.0,-0.025,-0.04,-4.81710338142e-13,0
560.0,-0.025,-0.035,-5.71281271831e-13,0
560.0,-0.03,-0.03,-5.81265906456e-13,0
560.0,-0.03,-0.025,-6.19910184375e-13,0
560.0,-0.025,-0.03,-6.24733209914e-13,0
560.0,-0.025,-0.025,-6.37192349028e-13,0
560.0,-0.03,-0.02,-6.37488139908e-13,0
560.0,-0.025,-0.02,-6.18239279893e-13,0
560.0,-0.03,-0.015,-6.43248509826e-13,0
560.0,-0.025,-0.015,-5.83631018025e-13,0
560.0,-0.03,-0.01,-6.24622285903e-13,0
560.0,-0.025,-0.01,-5.23114597793e-13,0
560.0,-0.03,-0.005,-5.79220945252e-13,0
560.0,-0.025,-0.005,-4.36960365552e-13,0
560.0,-0.03,0,-4.87721826528e-13,0
560.0,-0.03,0.005,-3.49919132851e-13,0
560.0,-0.025,4.16333634234e-19,-3.26644247405e-13,0
560.0,-0.025,0.005,-2.10785117475e-13,0
560.0,-0.03,0.01,-1.84685857033e-13,0
560.0,-0.03,0.015,-2.81172568326e-14,0
560.0,-0.025,0.01,-9.2052565888e-14,0
560.0,-0.025,0.015,1.6466941867e-14,0
560.0,-0.03,0.02,8.97744635423e-14,0
560.0,-0.03,0.025,1.77848036037e-13,0
560.0,-0.025,0.02,1.09091779024e-13,0
560.0,-0.025,0.025,1.78284676766e-13,0
560.0,-0.03,0.03,2.34833921817e-13,0
560.0,-0.03,0.035,2.72105194147e-13,0
560.0,-0.025,0.03,2.24533458879e-13,0
560.0,-0.025,0.035,2.54938967773e-13,0
560.0,-0.03,0.04,2.88773959508e-13,0
560.0,-0.03,0.045,2.85160323365e-13,0
560.0,-0.025,0.04,2.68267419015e-13,0
560.0,-0.025,0.045,2.64023705608e-13,0
560.0,-0.03,0.05,2.5236007087e-13,0
560.0,-0.03,0.055,1.87712866547e-13,0
560.0,-0.025,0.05,2.27250399181e-13,0
560.0,-0.025,0.055,1.44465567509e-13,0
560.0,-0.03,0.06,5.28222238519e-14,0
560.0,-0.03,0.065,-1.44739822802e-13,0
560.0,-0.025,0.06,-1.95686729003e-15,0
560.0,-0.025,0.065,-1.93860056269e-13,0
560.0,-0.03,0.07,-3.60128056481e-13,0
560.0,-0.03,0.075,-5.75834402333e-13,0
560.0,-0.025,0.07,-4.09487978205e-13,0
560.0,-0.025,0.075,-6.33282332021e-13,0
560.0,-0.02,-0.075,1.10218453017e-12,0
560.0,-0.02,-0.07,8.08845837852e-13,0
560.0,-0.015,-0.075,1.19430581221e-12,0
560.0,-0.015,-0.07,8.80991916294e-13,0
560.0,-0.02,-0.065,5.18984762854e-13,0
560.0,-0.015,-0.065,5.67684128294e-13,0
560.0,-0.02,-0.06,2.37219822055e-13,0
560.0,-0.015,-0.06,2.50047635722e-13,0
560.0,-0.02,-0.055,-1.47605919279e-14,0
560.0,-0.015,-0.055,-3.2960425719e-14,0
560.0,-0.02,-0.05,-2.24489413472e-13,0
560.0,-0.015,-0.05,-2.5273224349e-13,0
560.0,-0.02,-0.045,-3.92069561229e-13,0
560.0,-0.015,-0.045,-4.25260258489e-13,0
560.0,-0.02,-0.04,-5.16659458147e-13,0
560.0,-0.015,-0.04,-5.4838289852e-13,0
560.0,-0.02,-0.035,-6.04243705111e-13,0
560.0,-0.015,-0.035,-6.25477266258e-13,0
560.0,-0.02,-0.03,-6.43248470211e-13,0
560.0,-0.02,-0.025,-6.24713912684e-13,0
560.0,-0.015,-0.03,-6.41656543418e-13,0
560.0,-0.015,-0.025,-5.88617848486e-13,0
560.0,-0.02,-0.02,-5.69043185097e-13,0
560.0,-0.02,-0.015,-4.97380457511e-13,0
560.0,-0.015,-0.02,-4.99087583655e-13,0
560.0,-0.015,-0.015,-3.97430160351e-13,0
560.0,-0.02,-0.01,-4.06480328068e-13,0
560.0,-0.015,-0.01,-2.87294100134e-13,0
560.0,-0.02,-0.005,-3.05514874182e-13,0
560.0,-0.015,-0.005,-1.83949179935e-13,0
560.0,-0.02,0,-2.05891577169e-13,0
560.0,-0.015,4.16333634234e-19,-9.92452382483e-14,0
560.0,-0.02,0.005,-1.11787207142e-13,0
560.0,-0.015,0.005,-2.93557340468e-14,0
560.0,-0.02,0.01,-2.45675996397e-14,0
560.0,-0.02,0.015,5.37150898204e-14,0
560.0,-0.015,0.01,3.04197988404e-14,0
560.0,-0.015,0.015,8.04172059201e-14,0
560.0,-0.02,0.02,1.20211126967e-13,0
560.0,-0.02,0.025,1.68458821956e-13,0
560.0,-0.015,0.02,1.20625239974e-13,0
560.0,-0.015,0.025,1.44527305714e-13,0
560.0,-0.02,0.03,2.01135094443e-13,0
560.0,-0.02,0.035,2.23957056373e-13,0
560.0,-0.015,0.03,1.61534236954e-13,0
560.0,-0.015,0.035,1.77947130657e-13,0
560.0,-0.02,0.04,2.34204996761e-13,0
560.0,-0.02,0.045,2.29723462855e-13,0
560.0,-0.015,0.04,1.89439474045e-13,0
560.0,-0.015,0.045,1.82734940381e-13,0
560.0,-0.02,0.05,1.88289037529e-13,0
560.0,-0.02,0.055,9.05235710843e-14,0
560.0,-0.015,0.05,1.36873403928e-13,0
560.0,-0.015,0.055,3.83017262358e-14,0
560.0,-0.02,0.06,-5.69495600288e-14,0
560.0,-0.02,0.065,-2.37863103823e-13,0
560.0,-0.015,0.06,-1.01632316317e-13,0
560.0,-0.015,0.065,-2.68761457332e-13,0
560.0,-0.02,0.07,-4.4242826164e-13,0
560.0,-0.02,0.075,-6.59785873188e-13,0
560.0,-0.015,0.07,-4.53976483669e-13,0
560.0,-0.015,0.075,-6.56247983545e-13,0
560.0,-0.01,-0.075,1.26711295116e-12,0
560.0,-0.01,-0.07,9.3129024785e-13,0
560.0,-0.005,-0.075,1.30111430037e-12,0
560.0,-0.005,-0.07,9.49101139335e-13,0
560.0,-0.01,-0.065,6.00751292923e-13,0
560.0,-0.005,-0.065,5.98349936369e-13,0
560.0,-0.01,-0.06,2.41214545085e-13,0
560.0,-0.005,-0.06,2.09538119985e-13,0
560.0,-0.01,-0.055,-7.56546001242e-14,0
560.0,-0.005,-0.055,-1.22887104306e-13,0
560.0,-0.01,-0.05,-2.9191516826e-13,0
560.0,-0.005,-0.05,-3.41922576176e-13,0
560.0,-0.01,-0.045,-4.63771289964e-13,0
560.0,-0.005,-0.045,-5.1106462394e-13,0
560.0,-0.01,-0.04,-5.8055293461e-13,0
560.0,-0.005,-0.04,-6.17822524922e-13,0
560.0,-0.01,-0.035,-6.39171112484e-13,0
560.0,-0.005,-0.035,-6.53075508422e-13,0
560.0,-0.01,-0.03,-6.23174303796e-13,0
560.0,-0.005,-0.03,-5.9690058208e-13,0
560.0,-0.01,-0.025,-5.33818701703e-13,0
560.0,-0.005,-0.025,-4.65796463596e-13,0
560.0,-0.01,-0.02,-4.16693865329e-13,0
560.0,-0.01,-0.015,-2.95207132851e-13,0
560.0,-0.005,-0.02,-3.2994933801e-13,0
560.0,-0.005,-0.015,-2.00080424162e-13,0
560.0,-0.0117873230072,-0.0115873794689,-2.5160162109e-13,0
560.0,-0.00939961996336,-0.005,-7.03805347069e-14,0
560.0,-0.00792797428371,-0.00964253216809,-1.29387555435e-13,0
560.0,-0.005,-0.00939961996336,-7.5121373138e-14,0
560.0,-0.0108753492546,-0.00150606400588,-4.87108755496e-14,0
560.0,-0.00818101620308,-0.00211452602544,-1.6088560383e-14,0
560.0,-0.00651817360753,-0.000255934956239,1.02195197053e-14,0
560.0,-0.005,6.71033969428e-08,9.9317068619e-15,0
560.0,-0.0107292118043,0.00160660295843,-1.38876204392e-14,0
560.0,-0.0080188992252,0.000768320427092,6.03772898064e-15,0
560.0,-0.00939946851065,0.005,2.79179683463e-14,0
560.0,-0.00802129342231,0.00264911934363,1.74578574117e-14,0
560.0,-0.00887989370213,0.00887989479405,5.49293550272e-14,0
560.0,-0.01,0.015,8.14410724896e-14,0
560.0,-0.005,0.00939947397025,5.08099155876e-14,0
560.0,-0.005,0.015,4.86594860398e-14,0
560.0,-0.01,0.02,9.15882514571e-14,0
560.0,-0.01,0.025,9.22533653755e-14,0
560.0,-0.005,0.02,3.22915660169e-14,0
560.0,-0.005,0.025,1.50269572495e-14,0
560.0,-0.01,0.03,9.35358507923e-14,0
560.0,-0.01,0.035,9.70275667689e-14,0
560.0,-0.005,0.03,7.95370715493e-16,0
560.0,-0.005,0.035,-1.36303331267e-14,0
560.0,-0.01,0.04,9.7488214309e-14,0
560.0,-0.01,0.045,8.24730767332e-14,0
560.0,-0.005,0.04,-3.24397634935e-14,0
560.0,-0.005,0.045,-5.12194887061e-14,0
560.0,-0.01,0.05,4.30719180255e-14,0
560.0,-0.01,0.055,-2.71304367034e-14,0
560.0,-0.005,0.05,-6.55580409055e-14,0
560.0,-0.005,0.055,-8.76161883534e-14,0
560.0,-0.01,0.06,-1.32155284619e-13,0
560.0,-0.01,0.065,-2.61700283551e-13,0
560.0,-0.005,0.06,-1.31957937062e-13,0
560.0,-0.005,0.065,-1.95542593721e-13,0
560.0,-0.01,0.07,-4.03096958065e-13,0
560.0,-0.01,0.075,-5.58017913801e-13,0
560.0,-0.005,0.07,-2.69458045832e-13,0
560.0,-0.005,0.075,-3.50477711456e-13,0
560.0,0,-0.075,1.20845934799e-12,0
560.0,0,-0.07,8.40999105134e-13,0
560.0,0.005,-0.075,9.43229206703e-13,0
560.0,0.005,-0.07,6.18932431353e-13,0
560.0,0,-0.065,4.78283717847e-13,0
560.0,0.005,-0.065,3.02432203523e-13,0
560.0,0,-0.06,1.36340896904e-13,0
560.0,0.005,-0.06,4.85552589593e-14,0
560.0,0,-0.055,-1.60662431123e-13,0
560.0,0.005,-0.055,-1.89926644651e-13,0
560.0,0,-0.05,-3.89918740266e-13,0
560.0,0.005,-0.05,-3.99858822927e-13,0
560.0,0,-0.045,-5.5409975602e-13,0
560.0,0.005,-0.045,-5.4063146528e-13,0
560.0,0,-0.04,-6.38938158436e-13,0
560.0,0.005,-0.04,-5.97604916431e-13,0
560.0,0,-0.035,-6.35608013102e-13,0
560.0,0.005,-0.035,-5.57856914528e-13,0
560.0,0,-0.03,-5.3583564062e-13,0
560.0,0.005,-0.03,-4.42646182927e-13,0
560.0,0,-0.025,-3.81180026572e-13,0
560.0,0.005,-0.025,-2.94765843751e-13,0
560.0,0,-0.02,-2.41230723818e-13,0
560.0,0.005,-0.02,-1.52561096416e-13,0
560.0,0,-0.015,-1.17433437687e-13,0
560.0,0.005,-0.015,-4.23637491534e-14,0
560.0,-0.0021196717084,-0.00776771017156,-1.42351572031e-14,0
560.0,-0.00084550708518,-0.00631514607954,7.40410549991e-15,0
560.0,6.71033969406e-08,-0.005,9.81891426063e-15,0
560.0,-0.00139054260708,-0.0110960807567,-6.00032310676e-14,0
560.0,0.00132468676756,-0.00775008274642,7.9900275836e-15,0
560.0,0.00160394440688,-0.0116908851489,-3.57458426501e-14,0
560.0,0.005,-0.00939946851065,2.41043497433e-14,0
560.0,0.005,0.005,2.05371943094e-14,0
560.0,-0.000107646311398,0.00617659695633,2.44809531444e-14,0
560.0,-0.00190846935279,0.0076427502668,3.56506169985e-14,0
560.0,0.00131146485568,0.00777290068297,2.53781826878e-14,0
560.0,0.00295884413402,0.00640276348073,2.16585030086e-14,0
560.0,-1.21517769428e-05,0.0108932602996,2.36807975101e-14,0
560.0,0,0.015,1.86762463885e-15,0
560.0,0.005,0.00939942566771,2.39323030678e-15,0
560.0,0.005,0.015,-4.33042806497e-14,0
560.0,0,0.02,-3.10222386667e-14,0
560.0,0,0.025,-6.37385356025e-14,0
560.0,0.005,0.02,-8.91349635883e-14,0
560.0,0.005,0.025,-1.32441488125e-13,0
560.0,0,0.03,-9.36345129165e-14,0
560.0,0,0.035,-1.22692380916e-13,0
560.0,0.005,0.03,-1.69602001962e-13,0
560.0,0.005,0.035,-2.02927353183e-13,0
560.0,0,0.04,-1.51181741268e-13,0
560.0,0,0.045,-1.55659150256e-13,0
560.0,0.005,0.04,-2.25557009574e-13,0
560.0,0.005,0.045,-2.11238099188e-13,0
560.0,0,0.05,-1.38708109423e-13,0
560.0,0,0.055,-1.20117419058e-13,0
560.0,0.005,0.05,-1.70196549974e-13,0
560.0,0.005,0.055,-1.17431845526e-13,0
560.0,0,0.06,-9.91839197561e-14,0
560.0,0,0.065,-8.55582678362e-14,0
560.0,0.005,0.06,-5.12369501468e-14,0
560.0,0.005,0.065,2.52095516997e-14,0
560.0,0,0.07,-9.28529049196e-14,0
560.0,0,0.075,-1.05984782958e-13,0
560.0,0.005,0.07,8.58979750956e-14,0
560.0,0.005,0.075,1.43752134547e-13,0
560.0,0.01,-0.075,6.28292358382e-13,0
560.0,0.01,-0.07,4.11160957806e-13,0
560.0,0.015,-0.075,3.75189690193e-13,0
560.0,0.015,-0.07,2.44154336187e-13,0
560.0,0.01,-0.065,1.91253270696e-13,0
560.0,0.015,-0.065,9.25686882924e-14,0
560.0,0.01,-0.06,-1.91628226052e-14,0
560.0,0.015,-0.06,-8.0549073738e-14,0
560.0,0.01,-0.055,-2.19790712756e-13,0
560.0,0.015,-0.055,-2.38872973234e-13,0
560.0,0.01,-0.05,-3.85115706802e-13,0
560.0,0.015,-0.05,-3.55214384876e-13,0
560.0,0.01,-0.045,-4.92408980769e-13,0
560.0,0.015,-0.045,-4.38112282831e-13,0
560.0,0.01,-0.04,-5.24242167427e-13,0
560.0,0.015,-0.04,-4.55680874639e-13,0
560.0,0.01,-0.035,-4.64818603121e-13,0
560.0,0.015,-0.035,-3.74313465815e-13,0
560.0,0.01,-0.03,-3.42960283171e-13,0
560.0,0.015,-0.03,-2.3836823954e-13,0
560.0,0.01,-0.025,-1.99948344148e-13,0
560.0,0.015,-0.025,-9.00599608468e-14,0
560.0,0.01,-0.02,-5.22799227502e-14,0
560.0,0.01,-0.015,4.60704906284e-14,0
560.0,0.015,-0.02,6.08390144341e-14,0
560.0,0.015,-0.015,1.46766822448e-13,0
560.0,0.00999280436795,-0.0116358337096,7.01805212036e-14,0
560.0,0.0105889214373,-0.00845762197625,8.75532123412e-14,0
560.0,0.015,-0.01,1.55637609534e-13,0
560.0,0.00939947397025,-0.005,6.92912470217e-14,0
560.0,0.015,-0.005,1.35900810674e-13,0
560.0,0.00658051136513,-0.00296146438142,3.73670122127e-14,0
560.0,0.00636794669772,-3.54305826484e-06,2.65863702171e-14,0
560.0,0.00795807888052,-0.00113999998936,4.22071393858e-14,0
560.0,0.00758147027913,0.00183630393596,3.1271314738e-14,0
560.0,0.0112534647756,-1.47536350887e-07,6.24657741782e-14,0
560.0,0.015,4.16333634234e-19,9.29636742585e-14,0
560.0,0.00939942566771,0.005,2.25897203424e-14,0
560.0,0.015,0.005,3.50187342542e-14,0
560.0,0.00999018807453,0.0109670628501,-3.22809443427e-14,0
560.0,0.01,0.015,-7.87240938343e-14,0
560.0,0.015,0.01,-3.42954784088e-14,0
560.0,0.015,0.015,-1.092739316e-13,0
560.0,0.01,0.02,-1.38079693569e-13,0
560.0,0.01,0.025,-1.88594575636e-13,0
560.0,0.015,0.02,-1.82913288261e-13,0
560.0,0.015,0.025,-2.41287802242e-13,0
560.0,0.01,0.03,-2.26511353656e-13,0
560.0,0.01,0.035,-2.54323524532e-13,0
560.0,0.015,0.03,-2.78978109833e-13,0
560.0,0.015,0.035,-2.95328163401e-13,0
560.0,0.01,0.04,-2.58294841074e-13,0
560.0,0.01,0.045,-2.2736499701e-13,0
560.0,0.015,0.04,-2.80235071083e-13,0
560.0,0.015,0.045,-2.38209147328e-13,0
560.0,0.01,0.05,-1.71280319577e-13,0
560.0,0.01,0.055,-9.82603360222e-14,0
560.0,0.015,0.05,-1.71763154172e-13,0
560.0,0.015,0.055,-8.30302365613e-14,0
560.0,0.01,0.06,-7.34801243839e-15,0
560.0,0.01,0.065,9.84681603564e-14,0
560.0,0.015,0.06,3.18819488162e-14,0
560.0,0.015,0.065,1.68810003045e-13,0
560.0,0.01,0.07,2.34173733646e-13,0
560.0,0.01,0.075,3.82328277288e-13,0
560.0,0.015,0.07,3.51708182573e-13,0
560.0,0.015,0.075,5.56968545964e-13,0
560.0,0.02,-0.075,2.24521551016e-13,0
560.0,0.02,-0.07,1.22156612749e-13,0
560.0,0.025,-0.075,1.13028063725e-13,0
560.0,0.025,-0.07,3.57675256604e-14,0
560.0,0.02,-0.065,5.02595385548e-15,0
560.0,0.025,-0.065,-4.99205203882e-14,0
560.0,0.02,-0.06,-1.2016657072e-13,0
560.0,0.025,-0.06,-1.31056918884e-13,0
560.0,0.02,-0.055,-2.28389125549e-13,0
560.0,0.025,-0.055,-2.00858630673e-13,0
560.0,0.02,-0.05,-3.11569595928e-13,0
560.0,0.025,-0.05,-2.60396470241e-13,0
560.0,0.02,-0.045,-3.78786811731e-13,0
560.0,0.025,-0.045,-3.06267111345e-13,0
560.0,0.02,-0.04,-3.78116800956e-13,0
560.0,0.025,-0.04,-2.8319089865e-13,0
560.0,0.02,-0.035,-2.73494250057e-13,0
560.0,0.025,-0.035,-1.64944207151e-13,0
560.0,0.02,-0.03,-1.2553917408e-13,0
560.0,0.025,-0.03,-8.84649374431e-15,0
560.0,0.02,-0.025,3.04058687662e-14,0
560.0,0.025,-0.025,1.55050278739e-13,0
560.0,0.02,-0.02,1.83436318731e-13,0
560.0,0.025,-0.02,3.09139026776e-13,0
560.0,0.02,-0.015,2.610738553e-13,0
560.0,0.025,-0.015,3.85801422342e-13,0
560.0,0.02,-0.01,2.57016692186e-13,0
560.0,0.025,-0.01,3.78458085893e-13,0
560.0,0.02,-0.005,2.23419094288e-13,0
560.0,0.025,-0.005,3.33453723432e-13,0
560.0,0.02,0,1.50951763119e-13,0
560.0,0.025,4.16333634234e-19,2.26577378029e-13,0
560.0,0.02,0.005,5.51997679414e-14,0
560.0,0.025,0.005,8.17590989678e-14,0
560.0,0.02,0.01,-4.12529366869e-14,0
560.0,0.025,0.01,-4.36140808382e-14,0
560.0,0.02,0.015,-1.37175850027e-13,0
560.0,0.025,0.015,-1.61192406881e-13,0
560.0,0.02,0.02,-2.24598029019e-13,0
560.0,0.02,0.025,-2.88509593823e-13,0
560.0,0.025,0.02,-2.6211011579e-13,0
560.0,0.025,0.025,-3.25039340849e-13,0
560.0,0.02,0.03,-3.21831118235e-13,0
560.0,0.02,0.035,-3.22283312911e-13,0
560.0,0.025,0.03,-3.46986474528e-13,0
560.0,0.025,0.035,-3.38549450288e-13,0
560.0,0.02,0.04,-2.94072469943e-13,0
560.0,0.02,0.045,-2.46991360176e-13,0
560.0,0.025,0.04,-3.05373425548e-13,0
560.0,0.025,0.045,-2.55443256033e-13,0
560.0,0.02,0.05,-1.73317206174e-13,0
560.0,0.02,0.055,-7.36525221894e-14,0
560.0,0.025,0.05,-1.74968503532e-13,0
560.0,0.025,0.055,-5.65543054327e-14,0
560.0,0.02,0.06,6.95752450927e-14,0
560.0,0.02,0.065,2.44233368555e-13,0
560.0,0.025,0.06,1.0557221796e-13,0
560.0,0.025,0.065,2.93189124483e-13,0
560.0,0.02,0.07,4.41348166944e-13,0
560.0,0.02,0.075,6.54813960304e-13,0
560.0,0.025,0.07,4.96220435707e-13,0
560.0,0.025,0.075,7.11949240267e-13,0
560.0,0.03,-0.075,4.50874525907e-14,0
560.0,0.03,-0.07,-1.54872292313e-14,0
560.0,0.035,-0.075,-7.46833010171e-15,0
560.0,0.035,-0.07,-5.37253440334e-14,0
560.0,0.03,-0.065,-7.57476811053e-14,0
560.0,0.035,-0.065,-9.13492914058e-14,0
560.0,0.03,-0.06,-1.28462614429e-13,0
560.0,0.035,-0.06,-1.18835145714e-13,0
560.0,0.03,-0.055,-1.71708954907e-13,0
560.0,0.035,-0.055,-1.38279750664e-13,0
560.0,0.03,-0.05,-2.01872437064e-13,0
560.0,0.035,-0.05,-1.42075885166e-13,0
560.0,0.03,-0.045,-2.17083280401e-13,0
560.0,0.035,-0.045,-1.31373402659e-13,0
560.0,0.03,-0.04,-1.76690161282e-13,0
560.0,0.035,-0.04,-7.90966466766e-14,0
560.0,0.03,-0.035,-5.85821750392e-14,0
560.0,0.035,-0.035,3.09991109604e-14,0
560.0,0.03,-0.03,1.0130821346e-13,0
560.0,0.035,-0.03,1.9290368602e-13,0
560.0,0.03,-0.025,2.73029414101e-13,0
560.0,0.035,-0.025,3.67206986413e-13,0
560.0,0.03,-0.02,4.29844444659e-13,0
560.0,0.035,-0.02,5.21350663935e-13,0
560.0,0.03,-0.015,5.29619309058e-13,0
560.0,0.035,-0.015,6.4308982656e-13,0
560.0,0.03,-0.01,5.44715644353e-13,0
560.0,0.035,-0.01,6.89053694143e-13,0
560.0,0.03,-0.005,4.80513753818e-13,0
560.0,0.035,-0.005,6.22347600324e-13,0
560.0,0.03,0,3.38887954354e-13,0
560.0,0.035,4.16333634234e-19,4.58028068433e-13,0
560.0,0.03,0.005,1.47492725251e-13,0
560.0,0.035,0.005,2.28126153404e-13,0
560.0,0.03,0.01,-3.57691343502e-14,0
560.0,0.035,0.01,-8.53375357918e-15,0
560.0,0.03,0.015,-1.85712021932e-13,0
560.0,0.035,0.015,-1.82804556801e-13,0
560.0,0.03,0.02,-2.90094484916e-13,0
560.0,0.035,0.02,-2.77920399262e-13,0
560.0,0.03,0.025,-3.43503911323e-13,0
560.0,0.035,0.025,-3.31314495217e-13,0
560.0,0.03,0.03,-3.55846637892e-13,0
560.0,0.03,0.035,-3.45708869334e-13,0
560.0,0.035,0.03,-3.48781104156e-13,0
560.0,0.035,0.035,-3.44507110881e-13,0
560.0,0.03,0.04,-3.12376116014e-13,0
560.0,0.03,0.045,-2.61955328953e-13,0
560.0,0.035,0.04,-3.15564320269e-13,0
560.0,0.035,0.045,-2.65394829247e-13,0
560.0,0.03,0.05,-1.75822785625e-13,0
560.0,0.03,0.055,-4.27226060712e-14,0
560.0,0.035,0.05,-1.75457059867e-13,0
560.0,0.035,0.055,-3.59844982068e-14,0
560.0,0.03,0.06,1.24434439246e-13,0
560.0,0.03,0.065,3.12448922411e-13,0
560.0,0.035,0.06,1.30894548901e-13,0
560.0,0.035,0.065,3.145813951e-13,0
560.0,0.03,0.07,5.16339876839e-13,0
560.0,0.03,0.075,7.3143438459e-13,0
560.0,0.035,0.07,5.14795221741e-13,0
560.0,0.035,0.075,7.27401298075e-13,0
560.0,0.04,-0.075,-5.31133946306e-14,0
560.0,0.04,-0.07,-7.39925334088e-14,0
560.0,0.045,-0.075,-6.4384677834e-14,0
560.0,0.045,-0.07,-6.76482524142e-14,0
560.0,0.04,-0.065,-8.95567828892e-14,0
560.0,0.045,-0.065,-7.02241204295e-14,0
560.0,0.04,-0.06,-9.80131752054e-14,0
560.0,0.045,-0.06,-6.91556381597e-14,0
560.0,0.04,-0.055,-9.98751334214e-14,0
560.0,0.045,-0.055,-6.25906155543e-14,0
560.0,0.04,-0.05,-9.03758368292e-14,0
560.0,0.045,-0.05,-4.69956116016e-14,0
560.0,0.04,-0.045,-6.82031056005e-14,0
560.0,0.045,-0.045,-1.87838776149e-14,0
560.0,0.04,-0.04,-1.03774306778e-14,0
560.0,0.045,-0.04,3.52294512586e-14,0
560.0,0.04,-0.035,8.79319961949e-14,0
560.0,0.045,-0.035,1.15306230433e-13,0
560.0,0.04,-0.03,2.41023078831e-13,0
560.0,0.045,-0.03,2.42217007313e-13,0
560.0,0.04,-0.025,4.10981137741e-13,0
560.0,0.045,-0.025,3.97536194582e-13,0
560.0,0.04,-0.02,5.58809694883e-13,0
560.0,0.045,-0.02,5.46951216477e-13,0
560.0,0.04,-0.015,6.85460946496e-13,0
560.0,0.045,-0.015,6.44913470853e-13,0
560.0,0.04,-0.01,7.40380594389e-13,0
560.0,0.045,-0.01,6.67347735719e-13,0
560.0,0.04,-0.005,6.93351507526e-13,0
560.0,0.045,-0.005,6.4814304263e-13,0
560.0,0.04,0,5.31890833846e-13,0
560.0,0.045,4.16333634234e-19,5.27182758238e-13,0
560.0,0.04,0.005,2.88397718694e-13,0
560.0,0.045,0.005,3.07134881317e-13,0
560.0,0.04,0.01,3.14151714e-14,0
560.0,0.045,0.01,6.59488064713e-14,0
560.0,0.04,0.015,-1.47712978916e-13,0
560.0,0.045,0.015,-1.00994091269e-13,0
560.0,0.04,0.02,-2.34704216116e-13,0
560.0,0.045,0.02,-1.80611255179e-13,0
560.0,0.04,0.025,-2.93816678982e-13,0
560.0,0.045,0.025,-2.42616383474e-13,0
560.0,0.04,0.03,-3.20589738078e-13,0
560.0,0.045,0.03,-2.75992249445e-13,0
560.0,0.04,0.035,-3.2248297235e-13,0
560.0,0.045,0.035,-2.71577395413e-13,0
560.0,0.04,0.04,-2.9954920197e-13,0
560.0,0.04,0.045,-2.53506417211e-13,0
560.0,0.045,0.04,-2.47261528674e-13,0
560.0,0.045,0.045,-2.12617825381e-13,0
560.0,0.04,0.05,-1.66307682806e-13,0
560.0,0.04,0.055,-3.25134824932e-14,0
560.0,0.045,0.05,-1.4548216848e-13,0
560.0,0.045,0.055,-3.44377877066e-14,0
560.0,0.04,0.06,1.22529241438e-13,0
560.0,0.04,0.065,2.93465494944e-13,0
560.0,0.045,0.06,9.59082171265e-14,0
560.0,0.045,0.065,2.42635136586e-13,0
560.0,0.04,0.07,4.84514385756e-13,0
560.0,0.04,0.075,6.91705122837e-13,0
560.0,0.045,0.07,4.23232902383e-13,0
560.0,0.045,0.075,6.2333924193e-13,0
560.0,0.05,-0.075,-4.46205897372e-14,0
560.0,0.05,-0.07,-4.33261777758e-14,0
560.0,0.055,-0.075,-1.28909271555e-14,0
560.0,0.055,-0.07,-1.10376722116e-14,0
560.0,0.05,-0.065,-4.15043345175e-14,0
560.0,0.055,-0.065,-8.67989438728e-15,0
560.0,0.05,-0.06,-3.73455379451e-14,0
560.0,0.055,-0.06,-5.15243449006e-15,0
560.0,0.05,-0.055,-2.90220318339e-14,0
560.0,0.055,-0.055,9.10036437584e-16,0
560.0,0.05,-0.05,-1.31118490592e-14,0
560.0,0.055,-0.05,1.28242225475e-14,0
560.0,0.05,-0.045,1.33297241653e-14,0
560.0,0.055,-0.045,3.2247356254e-14,0
560.0,0.05,-0.04,5.69116438002e-14,0
560.0,0.055,-0.04,6.25562826828e-14,0
560.0,0.05,-0.035,1.19664996624e-13,0
560.0,0.055,-0.035,1.05424805972e-13,0
560.0,0.05,-0.03,2.16217896306e-13,0
560.0,0.055,-0.03,1.6324294409e-13,0
560.0,0.05,-0.025,3.38974271175e-13,0
560.0,0.055,-0.025,2.37681529991e-13,0
560.0,0.05,-0.02,4.60178293147e-13,0
560.0,0.055,-0.02,3.10859643252e-13,0
560.0,0.05,-0.015,5.16673806131e-13,0
560.0,0.055,-0.015,3.49935952746e-13,0
560.0,0.05,-0.01,5.19658644472e-13,0
560.0,0.055,-0.01,3.5273870923e-13,0
560.0,0.05,-0.005,5.08812773245e-13,0
560.0,0.055,-0.005,3.36545796116e-13,0
560.0,0.05,0,4.34712704074e-13,0
560.0,0.055,4.16333634234e-19,2.81642202979e-13,0
560.0,0.05,0.005,2.75191293163e-13,0
560.0,0.055,0.005,1.87164721469e-13,0
560.0,0.05,0.01,8.71513679563e-14,0
560.0,0.055,0.01,7.69141193872e-14,0
560.0,0.05,0.015,-4.96231871278e-14,0
560.0,0.055,0.015,-2.33512962259e-15,0
560.0,0.05,0.02,-1.18275650842e-13,0
560.0,0.055,0.02,-5.35542273118e-14,0
560.0,0.05,0.025,-1.74733889806e-13,0
560.0,0.055,0.025,-9.00206751808e-14,0
560.0,0.05,0.03,-2.01051023124e-13,0
560.0,0.055,0.03,-8.36802829139e-14,0
560.0,0.05,0.035,-1.85660164559e-13,0
560.0,0.055,0.035,-6.51079357361e-14,0
560.0,0.05,0.04,-1.62530425706e-13,0
560.0,0.055,0.04,-5.15857533359e-14,0
560.0,0.05,0.045,-1.43499269478e-13,0
560.0,0.055,0.045,-4.72643253574e-14,0
560.0,0.05,0.05,-1.13764361665e-13,0
560.0,0.05,0.055,-4.63353747714e-14,0
560.0,0.055,0.05,-6.63342672262e-14,0
560.0,0.055,0.055,-6.53615592507e-14,0
560.0,0.05,0.06,5.08474601614e-14,0
560.0,0.05,0.065,1.61608130048e-13,0
560.0,0.055,0.06,-9.08109204075e-15,0
560.0,0.055,0.065,5.36748579749e-14,0
560.0,0.05,0.07,2.90841588473e-13,0
560.0,0.05,0.075,4.2566952625e-13,0
560.0,0.055,0.07,5.5134679078e-14,0
560.0,0.055,0.075,5.08211469987e-14,0
560.0,0.06,-0.075,2.58485182773e-14,0
560.0,0.06,-0.07,2.58215705897e-14,0
560.0,0.065,-0.075,6.8237936638e-14,0
560.0,0.065,-0.07,6.50378755517e-14,0
560.0,0.06,-0.065,2.60034556446e-14,0
560.0,0.065,-0.065,6.15706831265e-14,0
560.0,0.06,-0.06,2.6902632625e-14,0
560.0,0.065,-0.06,5.88367352539e-14,0
560.0,0.06,-0.055,2.86306575588e-14,0
560.0,0.065,-0.055,5.5176354328e-14,0
560.0,0.06,-0.05,3.236595997e-14,0
560.0,0.065,-0.05,4.70371572721e-14,0
560.0,0.06,-0.045,3.84939223305e-14,0
560.0,0.065,-0.045,3.39742503848e-14,0
560.0,0.06,-0.04,4.80785215377e-14,0
560.0,0.065,-0.04,1.29373481807e-14,0
560.0,0.06,-0.035,6.14766695106e-14,0
560.0,0.065,-0.035,-1.61527349937e-14,0
560.0,0.06,-0.03,7.28689292696e-14,0
560.0,0.065,-0.03,-5.54839337539e-14,0
560.0,0.06,-0.025,8.83490321831e-14,0
560.0,0.065,-0.025,-9.37624494725e-14,0
560.0,0.06,-0.02,1.09148018366e-13,0
560.0,0.065,-0.02,-1.23728024762e-13,0
560.0,0.06,-0.015,1.22075403468e-13,0
560.0,0.065,-0.015,-1.45573274092e-13,0
560.0,0.06,-0.01,1.21277211154e-13,0
560.0,0.065,-0.01,-1.52984767371e-13,0
560.0,0.06,-0.005,1.08503515751e-13,0
560.0,0.065,-0.005,-1.50483294266e-13,0
560.0,0.06,0,8.33141612692e-14,0
560.0,0.065,4.16333634234e-19,-1.39095960755e-13,0
560.0,0.06,0.005,4.98504401501e-14,0
560.0,0.065,0.005,-1.17323350272e-13,0
560.0,0.06,0.01,1.22129327444e-14,0
560.0,0.065,0.01,-8.49734744225e-14,0
560.0,0.06,0.015,9.37274031921e-16,0
560.0,0.065,0.015,-1.52124152024e-14,0
560.0,0.06,0.02,1.97353351959e-14,0
560.0,0.065,0.02,9.68148878872e-14,0
560.0,0.06,0.025,5.50818540755e-14,0
560.0,0.065,0.025,2.11974378206e-13,0
560.0,0.06,0.03,1.08369752799e-13,0
560.0,0.065,0.03,3.18361091924e-13,0
560.0,0.06,0.035,1.51246382279e-13,0
560.0,0.065,0.035,4.09135036586e-13,0
560.0,0.06,0.04,1.64245676367e-13,0
560.0,0.065,0.04,4.36364507013e-13,0
560.0,0.06,0.045,1.31195222309e-13,0
560.0,0.065,0.045,3.61181903773e-13,0
560.0,0.06,0.05,4.00744327845e-14,0
560.0,0.065,0.05,1.95721169984e-13,0
560.0,0.06,0.055,-4.86493114442e-14,0
560.0,0.065,0.055,2.01769024192e-14,0
560.0,0.06,0.06,-9.28744133002e-14,0
560.0,0.06,0.065,-1.60741349911e-13,0
560.0,0.065,0.06,-1.59121844325e-13,0
560.0,0.065,0.065,-3.979218855e-13,0
560.0,0.06,0.07,-2.98045770332e-13,0
560.0,0.06,0.075,-4.5287140777e-13,0
560.0,0.065,0.07,-6.86182663205e-13,0
560.0,0.065,0.075,-9.93541682575e-13,0
560.0,0.07,-0.075,1.12509972146e-13,0
560.0,0.07,-0.07,1.05593093413e-13,0
560.0,0.075,-0.075,1.55382456918e-13,0
560.0,0.075,-0.07,1.45613431728e-13,0
560.0,0.07,-0.065,9.83428550054e-14,0
560.0,0.075,-0.065,1.34554572628e-13,0
560.0,0.07,-0.06,9.16153837496e-14,0
560.0,0.075,-0.06,1.25163421088e-13,0
560.0,0.07,-0.055,8.35277587985e-14,0
560.0,0.075,-0.055,1.14143755251e-13,0
560.0,0.07,-0.05,5.89193732918e-14,0
560.0,0.075,-0.05,6.84528024736e-14,0
560.0,0.07,-0.045,1.02766750349e-14,0
560.0,0.075,-0.045,-2.37285947115e-14,0
560.0,0.07,-0.04,-6.01569107724e-14,0
560.0,0.075,-0.04,-1.53813592787e-13,0
560.0,0.07,-0.035,-1.3804237211e-13,0
560.0,0.075,-0.035,-2.79012439293e-13,0
560.0,0.07,-0.03,-2.06078030865e-13,0
560.0,0.075,-0.03,-3.61672992133e-13,0
560.0,0.07,-0.025,-2.72274904787e-13,0
560.0,0.075,-0.025,-4.44721136622e-13,0
560.0,0.07,-0.02,-3.53215388774e-13,0
560.0,0.075,-0.02,-5.77589373459e-13,0
560.0,0.07,-0.015,-4.06553446331e-13,0
560.0,0.075,-0.015,-6.68512638733e-13,0
560.0,0.07,-0.01,-4.11960356635e-13,0
560.0,0.075,-0.01,-6.73333085884e-13,0
560.0,0.07,-0.005,-3.99940739514e-13,0
560.0,0.075,-0.005,-6.52113962194e-13,0
560.0,0.07,0,-3.68051842804e-13,0
560.0,0.075,0,-6.04256823356e-13,0
560.0,0.07,0.005,-3.14121793203e-13,0
560.0,0.075,0.005,-5.25748755523e-13,0
560.0,0.07,0.01,-1.90376900944e-13,0
560.0,0.075,0.01,-2.99708513535e-13,0
560.0,0.07,0.015,-9.56270574854e-15,0
560.0,0.075,0.015,5.96989676981e-15,0
560.0,0.07,0.02,1.69364517595e-13,0
560.0,0.075,0.02,2.44071308047e-13,0
560.0,0.07,0.025,3.38299603567e-13,0
560.0,0.075,0.025,4.61698048142e-13,0
560.0,0.07,0.03,4.90125544292e-13,0
560.0,0.075,0.03,6.56620165805e-13,0
560.0,0.07,0.035,6.18539305945e-13,0
560.0,0.075,0.035,8.14672501496e-13,0
560.0,0.07,0.04,6.59980528835e-13,0
560.0,0.075,0.04,8.69407732369e-13,0
560.0,0.07,0.045,5.49868338343e-13,0
560.0,0.075,0.045,7.33002126571e-13,0
560.0,0.07,0.05,3.59635010476e-13,0
560.0,0.075,0.05,5.28229921163e-13,0
560.0,0.07,0.055,1.55319355014e-13,0
560.0,0.075,0.055,3.06382343672e-13,0
560.0,0.07,0.06,-1.58427273772e-13,0
560.0,0.075,0.06,-1.20108584949e-13,0
560.0,0.07,0.065,-5.81235485853e-13,0
560.0,0.075,0.065,-7.19050714269e-13,0
560.0,0.07,0.07,-1.02953518664e-12,0
560.0,0.07,0.075,-1.4691602198e-12,0
560.0,0.075,0.07,-1.31891843405e-12,0
560.0,0.075,0.075,-1.8522038767e-12,0
620.0,-0.00382671281566,-0.00202612167119,0,0
620.0,-0.005,-0.005,2.40393569135e-14,0
620.0,-0.00197892066871,-0.00385133392306,0,0
620.0,-0.005,-0.00190753787223,1.52538682922e-14,0
620.0,-0.00433,0,0,0
620.0,-0.00190753787223,-0.005,1.50675826098e-14,0
620.0,0,-0.00433,0,0
620.0,-0.005,0.00190775150599,1.57275559321e-14,0
620.0,-0.00385133392306,0.00197892066871,0,0
620.0,0.00190775150599,-0.005,1.54896190967e-14,0
620.0,0.00202612167119,-0.00382671281566,0,0
620.0,-0.00202612167119,0.00382671281566,0,0
620.0,-0.005,0.005,2.76574449116e-14,0
620.0,-0.0019094272225,0.005,1.57436564717e-14,0
620.0,0,0.00433,0,0
620.0,0.00147766755988,0.00407006125046,0,0
620.0,8.32667268469e-19,0.005,1.12471561338e-14,0
620.0,0.00433,0,0,0
620.0,0.005,1.38777878078e-18,1.18713249563e-14,0
620.0,0.00407006125046,0.00147766755988,0,0
620.0,0.005,-0.005,2.77230897517e-14,0
620.0,0.00385133392306,-0.00197892066871,0,0
620.0,0.005,-0.0019094272225,1.60334387977e-14,0
620.0,0.00306177236254,0.00306177236254,0,0
620.0,0.0019094272225,0.005,1.56899428579e-14,0
620.0,0.005,0.0019094272225,1.5994319179e-14,0
620.0,-0.000885,-0.0015328649647,1.27161154357e-12,0
620.0,-0.0015328649647,-0.000885,1.27173394807e-12,0
620.0,-0.00186450691264,-0.00187567167242,8.43085547631e-13,0
620.0,-0.00177,0,1.27142560968e-12,0
620.0,-0.00268433516245,-0.000738983120158,7.59160998948e-13,0
620.0,0,-0.00177,1.27157309973e-12,0
620.0,-0.000718432264205,-0.00269192408424,7.574546882e-13,0
620.0,-0.0015328649647,0.000885,1.26992094614e-12,0
620.0,-0.00265321485144,0.000647311733689,7.89946148524e-13,0
620.0,-0.000885,0.0015328649647,1.26829313316e-12,0
620.0,-0.00194719253591,0.00178443766524,8.44011797022e-13,0
620.0,0,0.00177,1.26418644599e-12,0
620.0,-0.000802720381054,0.00273415977115,7.17551289053e-13,0
620.0,0.000885,-0.0015328649647,1.27026175195e-12,0
620.0,0.00075154031863,-0.00270385456952,7.45343782076e-13,0
620.0,0.00177,0,1.26252607927e-12,0
620.0,0.0015328649647,-0.000885,1.26810900539e-12,0
620.0,0.00271471102228,-0.000564731152102,7.60968485366e-13,0
620.0,0.00192394637685,-0.00189207206672,8.10153852785e-13,0
620.0,0.00231817117671,0.00040530921667,9.87980996886e-13,0
620.0,0.0015328649647,0.000885,1.26079211803e-12,0
620.0,0.000885,0.0015328649647,1.2614972358e-12,0
620.0,0.000427053001345,0.00287092483521,6.82238098497e-13,0
620.0,0.00187618296239,0.00184774001435,8.33399548342e-13,0
620.0,0.00312733402203,0.000607809752493,5.19235874777e-13,0
620.0,0.00276214303706,0.00136595635004,5.76900333148e-13,0
620.0,0.0014100336009,0.00268674970267,6.0481463488e-13,0
620.0,-0.075,-0.075,-2.27653512146e-13,0
620.0,-0.07,-0.075,-1.86080244907e-13,0
620.0,-0.075,-0.07,-1.75232431822e-13,0
620.0,-0.07,-0.07,-1.38444851505e-13,0
620.0,-0.075,-0.065,-1.16719402856e-13,0
620.0,-0.07,-0.065,-8.70594797057e-14,0
620.0,-0.065,-0.075,-1.42882487199e-13,0
620.0,-0.065,-0.07,-1.02923422478e-13,0
620.0,-0.065,-0.065,-6.04069372269e-14,0
620.0,-0.075,-0.06,-4.18007534038e-14,0
620.0,-0.07,-0.06,-3.00311334002e-14,0
620.0,-0.065,-0.06,-1.75817136137e-14,0
620.0,-0.075,-0.055,2.20724549681e-14,0
620.0,-0.07,-0.055,1.6180352335e-14,0
620.0,-0.065,-0.055,1.4862367592e-14,0
620.0,-0.075,-0.05,5.72901571538e-14,0
620.0,-0.07,-0.05,4.39272401139e-14,0
620.0,-0.065,-0.05,3.40727659303e-14,0
620.0,-0.075,-0.045,8.27779850411e-14,0
620.0,-0.07,-0.045,6.41436992625e-14,0
620.0,-0.065,-0.045,4.87196393359e-14,0
620.0,-0.075,-0.04,9.9993300009e-14,0
620.0,-0.07,-0.04,7.81168054211e-14,0
620.0,-0.075,-0.035,1.12365743615e-13,0
620.0,-0.07,-0.035,8.6846466817e-14,0
620.0,-0.065,-0.04,5.87059261333e-14,0
620.0,-0.065,-0.035,6.22887529299e-14,0
620.0,-0.075,-0.03,1.1809590289e-13,0
620.0,-0.07,-0.03,8.52856447198e-14,0
620.0,-0.075,-0.025,1.07639036411e-13,0
620.0,-0.07,-0.025,7.04188092981e-14,0
620.0,-0.065,-0.03,5.56635388131e-14,0
620.0,-0.065,-0.025,3.83825078724e-14,0
620.0,-0.075,-0.02,8.5236866273e-14,0
620.0,-0.07,-0.02,4.71779580849e-14,0
620.0,-0.075,-0.015,6.03211995181e-14,0
620.0,-0.07,-0.015,2.16004110627e-14,0
620.0,-0.065,-0.02,1.47574795461e-14,0
620.0,-0.065,-0.015,-1.19599792404e-14,0
620.0,-0.075,-0.01,4.194111097e-14,0
620.0,-0.07,-0.01,7.22033465804e-16,0
620.0,-0.075,-0.005,3.8168310654e-14,0
620.0,-0.07,-0.005,-8.75708434811e-15,0
620.0,-0.065,-0.01,-3.74723257767e-14,0
620.0,-0.065,-0.005,-5.46961303606e-14,0
620.0,-0.075,0,4.79893210617e-14,0
620.0,-0.07,0,-4.81592126485e-15,0
620.0,-0.075,0.005,6.82943941725e-14,0
620.0,-0.07,0.005,1.04398604135e-14,0
620.0,-0.065,4.16333634234e-19,-5.85097260391e-14,0
620.0,-0.065,0.005,-4.87428954489e-14,0
620.0,-0.075,0.01,9.48768236305e-14,0
620.0,-0.07,0.01,3.40636987893e-14,0
620.0,-0.075,0.015,1.1794346821e-13,0
620.0,-0.07,0.015,5.75064208926e-14,0
620.0,-0.065,0.01,-2.71868419562e-14,0
620.0,-0.065,0.015,-1.80041548177e-15,0
620.0,-0.075,0.02,1.33230473989e-13,0
620.0,-0.07,0.02,7.43106693593e-14,0
620.0,-0.075,0.025,1.41776259528e-13,0
620.0,-0.07,0.025,8.51254516767e-14,0
620.0,-0.065,0.02,1.79371412821e-14,0
620.0,-0.065,0.025,3.24484055235e-14,0
620.0,-0.075,0.03,1.38202686723e-13,0
620.0,-0.07,0.03,8.55950270649e-14,0
620.0,-0.075,0.035,1.22130454323e-13,0
620.0,-0.07,0.035,7.45895790626e-14,0
620.0,-0.065,0.03,3.91578712814e-14,0
620.0,-0.065,0.035,3.58134128051e-14,0
620.0,-0.075,0.04,8.33789747887e-14,0
620.0,-0.07,0.04,5.25204127376e-14,0
620.0,-0.075,0.045,4.06454339728e-14,0
620.0,-0.07,0.045,2.82874652408e-14,0
620.0,-0.065,0.04,2.77939585255e-14,0
620.0,-0.065,0.045,1.70931502003e-14,0
620.0,-0.075,0.05,1.38361288677e-14,0
620.0,-0.07,0.05,9.5684101171e-15,0
620.0,-0.075,0.055,-8.56406031831e-15,0
620.0,-0.07,0.055,-7.40291439823e-15,0
620.0,-0.065,0.05,6.19474645186e-15,0
620.0,-0.065,0.055,-5.81512824875e-15,0
620.0,-0.075,0.06,-2.78694029184e-14,0
620.0,-0.07,0.06,-2.35636184257e-14,0
620.0,-0.075,0.065,-4.63886969817e-14,0
620.0,-0.07,0.065,-3.97175749514e-14,0
620.0,-0.065,0.06,-1.86313454692e-14,0
620.0,-0.065,0.065,-3.18502559422e-14,0
620.0,-0.075,0.07,-6.74560477506e-14,0
620.0,-0.07,0.07,-5.67939181281e-14,0
620.0,-0.075,0.075,-8.76449360485e-14,0
620.0,-0.07,0.075,-7.34648002639e-14,0
620.0,-0.065,0.07,-4.54415010683e-14,0
620.0,-0.065,0.075,-5.84324080095e-14,0
620.0,-0.06,-0.075,-1.02752416543e-13,0
620.0,-0.06,-0.07,-6.95350272113e-14,0
620.0,-0.06,-0.065,-3.66658905881e-14,0
620.0,-0.055,-0.075,-6.14715003443e-14,0
620.0,-0.055,-0.07,-3.57414525909e-14,0
620.0,-0.055,-0.065,-1.27543774209e-14,0
620.0,-0.06,-0.06,-6.86629375078e-15,0
620.0,-0.06,-0.055,1.43688641833e-14,0
620.0,-0.055,-0.06,4.91907921553e-15,0
620.0,-0.055,-0.055,1.53909709755e-14,0
620.0,-0.06,-0.05,2.77294045765e-14,0
620.0,-0.055,-0.05,2.31178544393e-14,0
620.0,-0.06,-0.045,3.77146746569e-14,0
620.0,-0.055,-0.045,2.8386742312e-14,0
620.0,-0.06,-0.04,4.24027950904e-14,0
620.0,-0.055,-0.04,2.86193375173e-14,0
620.0,-0.06,-0.035,4.12788115187e-14,0
620.0,-0.055,-0.035,2.45707067561e-14,0
620.0,-0.06,-0.03,3.2083528126e-14,0
620.0,-0.06,-0.025,1.44557551407e-14,0
620.0,-0.055,-0.03,1.46481841293e-14,0
620.0,-0.055,-0.025,-1.93942775275e-15,0
620.0,-0.06,-0.02,-8.22008282611e-15,0
620.0,-0.06,-0.015,-3.41378361999e-14,0
620.0,-0.055,-0.02,-2.22807857643e-14,0
620.0,-0.055,-0.015,-4.503295317e-14,0
620.0,-0.06,-0.01,-6.36622432534e-14,0
620.0,-0.06,-0.005,-8.97730884883e-14,0
620.0,-0.055,-0.01,-7.42467477256e-14,0
620.0,-0.055,-0.005,-1.05716314519e-13,0
620.0,-0.06,0,-1.03549696615e-13,0
620.0,-0.06,0.005,-1.01113655094e-13,0
620.0,-0.055,4.16333634234e-19,-1.28795365754e-13,0
620.0,-0.055,0.005,-1.33572586274e-13,0
620.0,-0.06,0.01,-8.33503939473e-14,0
620.0,-0.06,0.015,-5.69274049145e-14,0
620.0,-0.055,0.01,-1.2033500954e-13,0
620.0,-0.055,0.015,-9.36528654121e-14,0
620.0,-0.06,0.02,-3.07507901141e-14,0
620.0,-0.06,0.025,-9.48731188174e-15,0
620.0,-0.055,0.02,-6.09432467721e-14,0
620.0,-0.055,0.025,-3.22418458456e-14,0
620.0,-0.06,0.03,5.5434107305e-15,0
620.0,-0.06,0.035,1.33037163704e-14,0
620.0,-0.055,0.03,-1.26548812395e-14,0
620.0,-0.055,0.035,-3.65531099992e-16,0
620.0,-0.06,0.04,1.42395149656e-14,0
620.0,-0.06,0.045,1.13741091169e-14,0
620.0,-0.055,0.04,5.40315888468e-15,0
620.0,-0.055,0.045,7.71218120923e-15,0
620.0,-0.06,0.05,4.94515031627e-15,0
620.0,-0.06,0.055,-3.40574163613e-15,0
620.0,-0.055,0.05,5.19607291278e-15,0
620.0,-0.055,0.055,4.96284124887e-17,0
620.0,-0.06,0.06,-1.31025405468e-14,0
620.0,-0.06,0.065,-2.36242134811e-14,0
620.0,-0.055,0.06,-6.67945441257e-15,0
620.0,-0.055,0.065,-1.45231582725e-14,0
620.0,-0.06,0.07,-3.46565750709e-14,0
620.0,-0.06,0.075,-4.59645333661e-14,0
620.0,-0.055,0.07,-2.28525626286e-14,0
620.0,-0.055,0.075,-3.21630685616e-14,0
620.0,-0.05,-0.075,-8.73448055681e-15,0
620.0,-0.05,-0.07,-3.03386468548e-16,0
620.0,-0.045,-0.075,2.82538047517e-14,0
620.0,-0.045,-0.07,2.27963316911e-14,0
620.0,-0.05,-0.065,8.42925776455e-15,0
620.0,-0.045,-0.065,1.96666194757e-14,0
620.0,-0.05,-0.06,1.40649632125e-14,0
620.0,-0.05,-0.055,1.64011862323e-14,0
620.0,-0.045,-0.06,1.72541180015e-14,0
620.0,-0.045,-0.055,1.52227444041e-14,0
620.0,-0.05,-0.05,1.86830008198e-14,0
620.0,-0.05,-0.045,1.93808841387e-14,0
620.0,-0.045,-0.05,1.34949774652e-14,0
620.0,-0.045,-0.045,1.12175214974e-14,0
620.0,-0.05,-0.04,1.71666033259e-14,0
620.0,-0.045,-0.04,7.68637117606e-15,0
620.0,-0.05,-0.035,1.21088860754e-14,0
620.0,-0.045,-0.035,2.28441079222e-15,0
620.0,-0.05,-0.03,2.96896280403e-15,0
620.0,-0.045,-0.03,-5.68804119573e-15,0
620.0,-0.05,-0.025,-1.08615377978e-14,0
620.0,-0.045,-0.025,-1.66914918704e-14,0
620.0,-0.05,-0.02,-2.84142592106e-14,0
620.0,-0.05,-0.015,-4.8602995765e-14,0
620.0,-0.045,-0.02,-3.12704604974e-14,0
620.0,-0.045,-0.015,-4.82106974825e-14,0
620.0,-0.05,-0.01,-7.5254817893e-14,0
620.0,-0.05,-0.005,-1.05931469995e-13,0
620.0,-0.045,-0.01,-7.04762852472e-14,0
620.0,-0.045,-0.005,-9.63580331927e-14,0
620.0,-0.05,0,-1.32151784329e-13,0
620.0,-0.05,0.005,-1.40114504778e-13,0
620.0,-0.045,4.16333634234e-19,-1.1696277136e-13,0
620.0,-0.045,0.005,-1.20440540318e-13,0
620.0,-0.05,0.01,-1.29329194607e-13,0
620.0,-0.05,0.015,-1.05989056387e-13,0
620.0,-0.045,0.01,-1.09821498274e-13,0
620.0,-0.045,0.015,-9.375272064e-14,0
620.0,-0.05,0.02,-7.09164220104e-14,0
620.0,-0.05,0.025,-3.87597803102e-14,0
620.0,-0.045,0.02,-6.4687329782e-14,0
620.0,-0.045,0.025,-3.65866028994e-14,0
620.0,-0.05,0.03,-1.97870639387e-14,0
620.0,-0.05,0.035,-6.8357965699e-15,0
620.0,-0.045,0.03,-2.15551267995e-14,0
620.0,-0.045,0.035,-9.99834944178e-15,0
620.0,-0.05,0.04,4.69494308806e-16,0
620.0,-0.05,0.045,5.26323755075e-15,0
620.0,-0.045,0.04,-1.95543304139e-15,0
620.0,-0.045,0.045,4.17848142167e-15,0
620.0,-0.05,0.05,6.71634190213e-15,0
620.0,-0.05,0.055,5.31958009699e-15,0
620.0,-0.045,0.05,8.80032847005e-15,0
620.0,-0.045,0.055,1.17538288443e-14,0
620.0,-0.05,0.06,1.89784690486e-15,0
620.0,-0.05,0.065,-2.59462996677e-15,0
620.0,-0.045,0.06,1.24013541783e-14,0
620.0,-0.045,0.065,1.20368765025e-14,0
620.0,-0.05,0.07,-7.4996618373e-15,0
620.0,-0.05,0.075,-1.32001347822e-14,0
620.0,-0.045,0.07,1.1740695507e-14,0
620.0,-0.045,0.075,1.0765204888e-14,0
620.0,-0.04,-0.075,3.86727446789e-14,0
620.0,-0.04,-0.07,3.00989868779e-14,0
620.0,-0.035,-0.075,4.48701371488e-14,0
620.0,-0.035,-0.07,3.37701396525e-14,0
620.0,-0.04,-0.065,2.30171328251e-14,0
620.0,-0.035,-0.065,2.38617093813e-14,0
620.0,-0.04,-0.06,1.70429051604e-14,0
620.0,-0.035,-0.06,1.51624216682e-14,0
620.0,-0.04,-0.055,1.21094973654e-14,0
620.0,-0.035,-0.055,7.95486647127e-15,0
620.0,-0.04,-0.05,8.03281016984e-15,0
620.0,-0.04,-0.045,4.15169133073e-15,0
620.0,-0.035,-0.05,2.27558486012e-15,0
620.0,-0.035,-0.045,-2.4487718372e-15,0
620.0,-0.04,-0.04,-4.24585571156e-17,0
620.0,-0.04,-0.035,-5.09802422664e-15,0
620.0,-0.035,-0.04,-6.60844489714e-15,0
620.0,-0.035,-0.035,-1.06587553386e-14,0
620.0,-0.04,-0.03,-1.15533307693e-14,0
620.0,-0.035,-0.03,-1.50258006248e-14,0
620.0,-0.04,-0.025,-1.97928987914e-14,0
620.0,-0.035,-0.025,-1.99280056176e-14,0
620.0,-0.04,-0.02,-2.99786249608e-14,0
620.0,-0.035,-0.02,-2.4793471676e-14,0
620.0,-0.04,-0.015,-4.14020031291e-14,0
620.0,-0.035,-0.015,-2.95592493117e-14,0
620.0,-0.04,-0.01,-5.55534818248e-14,0
620.0,-0.04,-0.005,-7.18987853999e-14,0
620.0,-0.035,-0.01,-3.44037313376e-14,0
620.0,-0.035,-0.005,-3.96493254333e-14,0
620.0,-0.04,0,-8.62164359721e-14,0
620.0,-0.04,0.005,-8.74906463825e-14,0
620.0,-0.035,4.16333634234e-19,-4.92907089388e-14,0
620.0,-0.035,0.005,-5.246519537e-14,0
620.0,-0.04,0.01,-7.79649481625e-14,0
620.0,-0.04,0.015,-6.54162479586e-14,0
620.0,-0.035,0.01,-4.57890887413e-14,0
620.0,-0.035,0.015,-3.6409448645e-14,0
620.0,-0.04,0.02,-4.74662196332e-14,0
620.0,-0.04,0.025,-2.99204750333e-14,0
620.0,-0.035,0.02,-2.81272538095e-14,0
620.0,-0.035,0.025,-2.05723098719e-14,0
620.0,-0.04,0.03,-1.88047019707e-14,0
620.0,-0.04,0.035,-9.5936707845e-15,0
620.0,-0.035,0.03,-1.33927515633e-14,0
620.0,-0.035,0.035,-6.83611165474e-15,0
620.0,-0.04,0.04,-2.00060448455e-15,0
620.0,-0.04,0.045,4.73802182071e-15,0
620.0,-0.035,0.04,-5.94317940471e-16,0
620.0,-0.035,0.045,5.81074558634e-15,0
620.0,-0.04,0.05,1.11243614201e-14,0
620.0,-0.04,0.055,1.73092873175e-14,0
620.0,-0.035,0.05,1.30259001372e-14,0
620.0,-0.035,0.055,2.12799637782e-14,0
620.0,-0.04,0.06,2.36047649464e-14,0
620.0,-0.04,0.065,2.88650212151e-14,0
620.0,-0.035,0.06,3.30272431098e-14,0
620.0,-0.035,0.065,4.49220953236e-14,0
620.0,-0.04,0.07,3.30486879234e-14,0
620.0,-0.04,0.075,3.6767915706e-14,0
620.0,-0.035,0.07,5.39996260956e-14,0
620.0,-0.035,0.075,6.22133380461e-14,0
620.0,-0.03,-0.075,4.76028852321e-14,0
620.0,-0.03,-0.07,3.45197468559e-14,0
620.0,-0.025,-0.075,4.84514534548e-14,0
620.0,-0.025,-0.07,3.34807488045e-14,0
620.0,-0.03,-0.065,2.23515562985e-14,0
620.0,-0.025,-0.065,1.91495939739e-14,0
620.0,-0.03,-0.06,1.16059418046e-14,0
620.0,-0.025,-0.06,6.46925886529e-15,0
620.0,-0.03,-0.055,2.74653964012e-15,0
620.0,-0.025,-0.055,-3.8902445906e-15,0
620.0,-0.03,-0.05,-4.09995178675e-15,0
620.0,-0.025,-0.05,-1.15440254745e-14,0
620.0,-0.03,-0.045,-9.11306899487e-15,0
620.0,-0.025,-0.045,-1.64099435964e-14,0
620.0,-0.03,-0.04,-1.25698773195e-14,0
620.0,-0.03,-0.035,-1.49227114422e-14,0
620.0,-0.025,-0.04,-1.85920300204e-14,0
620.0,-0.025,-0.035,-1.87358655915e-14,0
620.0,-0.03,-0.03,-1.65927694574e-14,0
620.0,-0.03,-0.025,-1.76210875562e-14,0
620.0,-0.025,-0.03,-1.74309183183e-14,0
620.0,-0.025,-0.025,-1.46357339548e-14,0
620.0,-0.03,-0.02,-1.7822283874e-14,0
620.0,-0.025,-0.02,-1.06487275487e-14,0
620.0,-0.03,-0.015,-1.74997321934e-14,0
620.0,-0.025,-0.015,-6.06073774602e-15,0
620.0,-0.03,-0.01,-1.62478776147e-14,0
620.0,-0.025,-0.01,-4.06795383661e-16,0
620.0,-0.03,-0.005,-1.4541654523e-14,0
620.0,-0.025,-0.005,5.71898019302e-15,0
620.0,-0.03,0,-1.38900101315e-14,0
620.0,-0.03,0.005,-1.39071535584e-14,0
620.0,-0.025,4.16333634234e-19,1.16754510632e-14,0
620.0,-0.025,0.005,1.43633780654e-14,0
620.0,-0.03,0.01,-1.27218863007e-14,0
620.0,-0.03,0.015,-1.20430295614e-14,0
620.0,-0.025,0.01,1.29268565988e-14,0
620.0,-0.025,0.015,8.17146719283e-15,0
620.0,-0.03,0.02,-1.10260334626e-14,0
620.0,-0.03,0.025,-9.18795032187e-15,0
620.0,-0.025,0.02,4.32060179391e-15,0
620.0,-0.025,0.025,1.69340829599e-15,0
620.0,-0.03,0.03,-6.39698626118e-15,0
620.0,-0.03,0.035,-3.05826334584e-15,0
620.0,-0.025,0.03,4.10712421433e-16,0
620.0,-0.025,0.035,3.5342403723e-16,0
620.0,-0.03,0.04,9.80121898828e-16,0
620.0,-0.03,0.045,6.04220057542e-15,0
620.0,-0.025,0.04,1.6019726944e-15,0
620.0,-0.025,0.045,4.40994761226e-15,0
620.0,-0.03,0.05,1.30724616841e-14,0
620.0,-0.03,0.055,2.24936113888e-14,0
620.0,-0.025,0.05,9.99962243568e-15,0
620.0,-0.025,0.055,1.88546417046e-14,0
620.0,-0.03,0.06,3.67395584255e-14,0
620.0,-0.03,0.065,5.26119770285e-14,0
620.0,-0.025,0.06,3.14429445974e-14,0
620.0,-0.025,0.065,4.64347681334e-14,0
620.0,-0.03,0.07,6.71123500201e-14,0
620.0,-0.03,0.075,8.22588527777e-14,0
620.0,-0.025,0.07,6.28622680637e-14,0
620.0,-0.025,0.075,8.09408129183e-14,0
620.0,-0.02,-0.075,4.80491845641e-14,0
620.0,-0.02,-0.07,3.12905719883e-14,0
620.0,-0.015,-0.075,4.70741537096e-14,0
620.0,-0.015,-0.07,2.85329088741e-14,0
620.0,-0.02,-0.065,1.47653889036e-14,0
620.0,-0.015,-0.065,9.5612583086e-15,0
620.0,-0.02,-0.06,-5.58354396212e-16,0
620.0,-0.015,-0.06,-9.35584228445e-15,0
620.0,-0.02,-0.055,-1.2701048439e-14,0
620.0,-0.015,-0.055,-2.41984036654e-14,0
620.0,-0.02,-0.05,-2.07760252092e-14,0
620.0,-0.015,-0.05,-3.23060088783e-14,0
620.0,-0.02,-0.045,-2.49830396036e-14,0
620.0,-0.015,-0.045,-3.54722464183e-14,0
620.0,-0.02,-0.04,-2.55074944687e-14,0
620.0,-0.015,-0.04,-3.39912456542e-14,0
620.0,-0.02,-0.035,-2.31810498817e-14,0
620.0,-0.015,-0.035,-2.85855051368e-14,0
620.0,-0.02,-0.03,-1.82707107898e-14,0
620.0,-0.02,-0.025,-1.14106662086e-14,0
620.0,-0.015,-0.03,-1.94490822992e-14,0
620.0,-0.015,-0.025,-8.37119390158e-15,0
620.0,-0.02,-0.02,-3.74602236937e-15,0
620.0,-0.02,-0.015,4.06044809787e-15,0
620.0,-0.015,-0.02,2.35800072478e-15,0
620.0,-0.015,-0.015,1.21468011734e-14,0
620.0,-0.02,-0.01,1.19161273177e-14,0
620.0,-0.015,-0.01,2.04599287218e-14,0
620.0,-0.02,-0.005,1.89096414056e-14,0
620.0,-0.015,-0.005,2.6754310553e-14,0
620.0,-0.02,0,2.4433044901e-14,0
620.0,-0.015,4.16333634234e-19,3.16240242178e-14,0
620.0,-0.02,0.005,2.79206576762e-14,0
620.0,-0.015,0.005,3.62798441897e-14,0
620.0,-0.02,0.01,2.73285938675e-14,0
620.0,-0.02,0.015,2.29123524765e-14,0
620.0,-0.015,0.01,3.76221135414e-14,0
620.0,-0.015,0.015,3.40277165432e-14,0
620.0,-0.02,0.02,1.685851025e-14,0
620.0,-0.02,0.025,1.07136141967e-14,0
620.0,-0.015,0.02,2.65464629812e-14,0
620.0,-0.015,0.025,1.72314670852e-14,0
620.0,-0.02,0.03,5.73253069129e-15,0
620.0,-0.02,0.035,2.25115324322e-15,0
620.0,-0.015,0.03,8.8201894288e-15,0
620.0,-0.015,0.035,2.04180485029e-15,0
620.0,-0.02,0.04,5.33550766084e-16,0
620.0,-0.02,0.045,4.67656966541e-16,0
620.0,-0.015,0.04,-2.41018295906e-15,0
620.0,-0.015,0.045,-5.61988609698e-15,0
620.0,-0.02,0.05,2.92592820074e-15,0
620.0,-0.02,0.055,8.90345767337e-15,0
620.0,-0.015,0.05,-7.87018535805e-15,0
620.0,-0.015,0.055,-5.64862567463e-15,0
620.0,-0.02,0.06,1.84113272739e-14,0
620.0,-0.02,0.065,3.10210143802e-14,0
620.0,-0.015,0.06,1.30486689907e-15,0
620.0,-0.015,0.065,1.14808762071e-14,0
620.0,-0.02,0.07,4.6113578014e-14,0
620.0,-0.02,0.075,6.31604082436e-14,0
620.0,-0.015,0.07,2.39342478943e-14,0
620.0,-0.015,0.075,3.8742869588e-14,0
620.0,-0.01,-0.075,4.6990113852e-14,0
620.0,-0.01,-0.07,2.61241105044e-14,0
620.0,-0.005,-0.075,4.73153416803e-14,0
620.0,-0.005,-0.07,2.44923421078e-14,0
620.0,-0.01,-0.065,4.45892286123e-15,0
620.0,-0.005,-0.065,-1.12681392845e-16,0
620.0,-0.01,-0.06,-2.05188887245e-14,0
620.0,-0.005,-0.06,-3.14888572014e-14,0
620.0,-0.01,-0.055,-3.92411022869e-14,0
620.0,-0.005,-0.055,-5.52825258236e-14,0
620.0,-0.01,-0.05,-4.66406605841e-14,0
620.0,-0.005,-0.05,-6.35119754147e-14,0
620.0,-0.01,-0.045,-4.87575987618e-14,0
620.0,-0.005,-0.045,-6.50191912361e-14,0
620.0,-0.01,-0.04,-4.49376181951e-14,0
620.0,-0.005,-0.04,-5.87709452229e-14,0
620.0,-0.01,-0.035,-3.55463415485e-14,0
620.0,-0.005,-0.035,-4.49657018619e-14,0
620.0,-0.01,-0.03,-2.10978052534e-14,0
620.0,-0.005,-0.03,-2.3704699111e-14,0
620.0,-0.01,-0.025,-5.38961998022e-15,0
620.0,-0.005,-0.025,-2.25243499171e-15,0
620.0,-0.01,-0.02,7.77056108181e-15,0
620.0,-0.01,-0.015,1.82607668209e-14,0
620.0,-0.005,-0.02,1.30698929321e-14,0
620.0,-0.005,-0.015,2.35491078702e-14,0
620.0,-0.0117873230072,-0.0115873794689,2.17132195525e-14,0
620.0,-0.00939961996336,-0.005,2.83323184445e-14,0
620.0,-0.00792797428371,-0.00964253216809,2.65782720171e-14,0
620.0,-0.005,-0.00939961996336,2.7494609808e-14,0
620.0,-0.0108753492546,-0.00150606400588,3.03524466379e-14,0
620.0,-0.00818101620308,-0.00211452602544,2.71026872889e-14,0
620.0,-0.00651817360753,-0.000255934956239,2.20945475326e-14,0
620.0,-0.005,6.71033969428e-08,1.15995289752e-14,0
620.0,-0.0107292118043,0.00160660295843,3.26182763078e-14,0
620.0,-0.0080188992252,0.000768320427092,2.74489985162e-14,0
620.0,-0.00939946851065,0.005,3.59128516928e-14,0
620.0,-0.00802129342231,0.00264911934363,2.98089130999e-14,0
620.0,-0.00887989370213,0.00887989479405,4.10779820299e-14,0
620.0,-0.01,0.015,4.06946052954e-14,0
620.0,-0.005,0.00939947397025,4.02358886908e-14,0
620.0,-0.005,0.015,4.02932544009e-14,0
620.0,-0.01,0.02,3.21647381685e-14,0
620.0,-0.01,0.025,1.98803953492e-14,0
620.0,-0.005,0.02,3.11019964334e-14,0
620.0,-0.005,0.025,1.79478496878e-14,0
620.0,-0.01,0.03,8.52428238026e-15,0
620.0,-0.01,0.035,-1.72307063052e-15,0
620.0,-0.005,0.03,4.33140193e-15,0
620.0,-0.005,0.035,-9.12947820719e-15,0
620.0,-0.01,0.04,-1.12870385966e-14,0
620.0,-0.01,0.045,-1.97154510594e-14,0
620.0,-0.005,0.04,-2.39548305823e-14,0
620.0,-0.005,0.045,-3.64292863377e-14,0
620.0,-0.01,0.05,-2.56717019816e-14,0
620.0,-0.01,0.055,-2.67681654437e-14,0
620.0,-0.005,0.05,-4.37015905947e-14,0
620.0,-0.005,0.055,-4.7134028142e-14,0
620.0,-0.01,0.06,-2.22974593335e-14,0
620.0,-0.01,0.065,-1.41863132837e-14,0
620.0,-0.005,0.06,-4.52622833062e-14,0
620.0,-0.005,0.065,-3.85534285011e-14,0
620.0,-0.01,0.07,-4.16161695818e-15,0
620.0,-0.01,0.075,6.37976011426e-15,0
620.0,-0.005,0.07,-3.0023433872e-14,0
620.0,-0.005,0.075,-2.31332423604e-14,0
620.0,0,-0.075,6.37218479632e-14,0
620.0,0,-0.07,3.2426423239e-14,0
620.0,0.005,-0.075,9.46036268953e-14,0
620.0,0.005,-0.07,5.08647954769e-14,0
620.0,0,-0.065,-1.22152618588e-15,0
620.0,0.005,-0.065,7.49846558692e-15,0
620.0,0,-0.06,-3.79330313231e-14,0
620.0,0.005,-0.06,-3.41995921423e-14,0
620.0,0,-0.055,-6.92290055727e-14,0
620.0,0.005,-0.055,-7.23709108363e-14,0
620.0,0,-0.05,-8.63404078812e-14,0
620.0,0.005,-0.05,-9.90507692272e-14,0
620.0,0,-0.045,-9.03184917434e-14,0
620.0,0.005,-0.045,-1.0814302447e-13,0
620.0,0,-0.04,-8.1323871303e-14,0
620.0,0.005,-0.04,-9.93116941508e-14,0
620.0,0,-0.035,-5.98315074156e-14,0
620.0,0.005,-0.035,-7.25998660746e-14,0
620.0,0,-0.03,-2.85510320389e-14,0
620.0,0.005,-0.03,-3.5361685952e-14,0
620.0,0,-0.025,8.17052800171e-16,0
620.0,0.005,-0.025,1.26532606271e-15,0
620.0,0,-0.02,1.87674082243e-14,0
620.0,0.005,-0.02,2.5311135374e-14,0
620.0,0,-0.015,2.92354974154e-14,0
620.0,0.005,-0.015,3.71397475076e-14,0
620.0,-0.0021196717084,-0.00776771017156,2.58578312309e-14,0
620.0,-0.00084550708518,-0.00631514607954,2.10189780415e-14,0
620.0,6.71033969406e-08,-0.005,1.17822888903e-14,0
620.0,-0.00139054260708,-0.0110960807567,2.93003658319e-14,0
620.0,0.00132468676756,-0.00775008274642,2.71838143759e-14,0
620.0,0.00160394440688,-0.0116908851489,3.25706457673e-14,0
620.0,0.005,-0.00939946851065,3.68014341015e-14,0
620.0,0.005,0.005,2.70554282256e-14,0
620.0,-0.000107646311398,0.00617659695633,2.5218387105e-14,0
620.0,-0.00190846935279,0.0076427502668,3.4407843738e-14,0
620.0,0.00131146485568,0.00777290068297,3.28853675925e-14,0
620.0,0.00295884413402,0.00640276348073,2.80278516067e-14,0
620.0,-1.21517769428e-05,0.0108932602996,3.84405144336e-14,0
620.0,0,0.015,3.58096066903e-14,0
620.0,0.005,0.00939942566771,3.39101502023e-14,0
620.0,0.005,0.015,3.08605602098e-14,0
620.0,0,0.02,2.61587383199e-14,0
620.0,0,0.025,1.28230203645e-14,0
620.0,0.005,0.02,2.09245048801e-14,0
620.0,0.005,0.025,6.83651199893e-15,0
620.0,0,0.03,-2.09138814641e-15,0
620.0,0,0.035,-1.74431633334e-14,0
620.0,0.005,0.03,-8.47246796151e-15,0
620.0,0.005,0.035,-2.40177939233e-14,0
620.0,0,0.04,-3.44465439852e-14,0
620.0,0,0.045,-4.70517183646e-14,0
620.0,0.005,0.04,-3.91474337901e-14,0
620.0,0.005,0.045,-4.89313377709e-14,0
620.0,0,0.05,-5.32885287965e-14,0
620.0,0,0.055,-5.72234324282e-14,0
620.0,0.005,0.05,-5.34001187116e-14,0
620.0,0.005,0.055,-5.53096128466e-14,0
620.0,0,0.06,-5.71995854276e-14,0
620.0,0,0.065,-5.18979746096e-14,0
620.0,0.005,0.06,-5.42907713646e-14,0
620.0,0.005,0.065,-5.02691794419e-14,0
620.0,0,0.07,-4.39503011776e-14,0
620.0,0,0.075,-3.81639948686e-14,0
620.0,0.005,0.07,-4.34457821362e-14,0
620.0,0.005,0.075,-3.69018572758e-14,0
620.0,0.01,-0.075,1.25746654556e-13,0
620.0,0.01,-0.07,7.13240060507e-14,0
620.0,0.015,-0.075,1.48550814271e-13,0
620.0,0.015,-0.07,8.91245740479e-14,0
620.0,0.01,-0.065,1.9989364771e-14,0
620.0,0.015,-0.065,3.32905255766e-14,0
620.0,0.01,-0.06,-2.4386568784e-14,0
620.0,0.015,-0.06,-1.47266237573e-14,0
620.0,0.01,-0.055,-6.51740304674e-14,0
620.0,0.015,-0.055,-5.68966405459e-14,0
620.0,0.01,-0.05,-9.68715935229e-14,0
620.0,0.015,-0.05,-9.06849304539e-14,0
620.0,0.01,-0.045,-1.12606644157e-13,0
620.0,0.015,-0.045,-1.14695190955e-13,0
620.0,0.01,-0.04,-1.06850439395e-13,0
620.0,0.015,-0.04,-1.14516726515e-13,0
620.0,0.01,-0.035,-7.95595455953e-14,0
620.0,0.015,-0.035,-8.58181659617e-14,0
620.0,0.01,-0.03,-4.07558085787e-14,0
620.0,0.015,-0.03,-4.43617969617e-14,0
620.0,0.01,-0.025,-7.42223534723e-16,0
620.0,0.015,-0.025,-1.39699214841e-15,0
620.0,0.01,-0.02,3.27412563976e-14,0
620.0,0.01,-0.015,4.9055330074e-14,0
620.0,0.015,-0.02,4.02104593515e-14,0
620.0,0.015,-0.015,6.2835321086e-14,0
620.0,0.00999280436795,-0.0116358337096,5.06102097178e-14,0
620.0,0.0105889214373,-0.00845762197625,5.16290212917e-14,0
620.0,0.015,-0.01,6.64916407509e-14,0
620.0,0.00939947397025,-0.005,4.41217780162e-14,0
620.0,0.015,-0.005,6.50699008017e-14,0
620.0,0.00658051136513,-0.00296146438142,2.94335547132e-14,0
620.0,0.00636794669772,-3.54305826484e-06,2.39209558353e-14,0
620.0,0.00795807888052,-0.00113999998936,3.30793611191e-14,0
620.0,0.00758147027913,0.00183630393596,3.07727019047e-14,0
620.0,0.0112534647756,-1.47536350887e-07,4.58119904602e-14,0
620.0,0.015,4.16333634234e-19,5.89907122885e-14,0
620.0,0.00939942566771,0.005,3.78131868708e-14,0
620.0,0.015,0.005,5.05479159109e-14,0
620.0,0.00999018807453,0.0109670628501,3.49392033118e-14,0
620.0,0.01,0.015,2.85091864282e-14,0
620.0,0.015,0.01,3.99655210375e-14,0
620.0,0.015,0.015,2.71953374169e-14,0
620.0,0.01,0.02,1.63128917319e-14,0
620.0,0.01,0.025,1.26593170202e-15,0
620.0,0.015,0.02,1.16670266854e-14,0
620.0,0.015,0.025,-4.68473219206e-15,0
620.0,0.01,0.03,-1.3898783088e-14,0
620.0,0.01,0.035,-2.80562839228e-14,0
620.0,0.015,0.03,-1.94223915172e-14,0
620.0,0.015,0.035,-3.12910378608e-14,0
620.0,0.01,0.04,-3.91261189746e-14,0
620.0,0.01,0.045,-4.5190056531e-14,0
620.0,0.015,0.04,-3.79788068391e-14,0
620.0,0.015,0.045,-4.06961401759e-14,0
620.0,0.01,0.05,-4.72594623734e-14,0
620.0,0.01,0.055,-4.66095533167e-14,0
620.0,0.015,0.05,-4.03711943672e-14,0
620.0,0.015,0.055,-3.71379448002e-14,0
620.0,0.01,0.06,-4.31367989101e-14,0
620.0,0.01,0.065,-3.74659558913e-14,0
620.0,0.015,0.06,-3.07457097548e-14,0
620.0,0.015,0.065,-2.04331285255e-14,0
620.0,0.01,0.07,-2.81499341719e-14,0
620.0,0.01,0.075,-1.59539026104e-14,0
620.0,0.015,0.07,-2.77999805138e-15,0
620.0,0.015,0.075,1.83449228649e-14,0
620.0,0.02,-0.075,1.60890854877e-13,0
620.0,0.02,-0.07,1.0193016619e-13,0
620.0,0.025,-0.075,1.66642316445e-13,0
620.0,0.025,-0.07,1.09207747742e-13,0
620.0,0.02,-0.065,4.58384130564e-14,0
620.0,0.025,-0.065,5.43075171744e-14,0
620.0,0.02,-0.06,-5.16513320969e-15,0
620.0,0.025,-0.06,4.26838671012e-15,0
620.0,0.02,-0.055,-4.84732488936e-14,0
620.0,0.025,-0.055,-3.8993250502e-14,0
620.0,0.02,-0.05,-8.26839681193e-14,0
620.0,0.025,-0.05,-7.41909031453e-14,0
620.0,0.02,-0.045,-1.11156082884e-13,0
620.0,0.025,-0.045,-1.03440801963e-13,0
620.0,0.02,-0.04,-1.17325878033e-13,0
620.0,0.025,-0.04,-1.13130444122e-13,0
620.0,0.02,-0.035,-8.85699877373e-14,0
620.0,0.025,-0.035,-8.74047182084e-14,0
620.0,0.02,-0.03,-4.51191721747e-14,0
620.0,0.025,-0.03,-4.35260646037e-14,0
620.0,0.02,-0.025,5.21037443189e-16,0
620.0,0.025,-0.025,4.31502186896e-15,0
620.0,0.02,-0.02,4.82871813838e-14,0
620.0,0.025,-0.02,5.53283729267e-14,0
620.0,0.02,-0.015,7.71434069582e-14,0
620.0,0.025,-0.015,9.06343671384e-14,0
620.0,0.02,-0.01,8.34491799706e-14,0
620.0,0.025,-0.01,1.01142848667e-13,0
620.0,0.02,-0.005,8.39873798917e-14,0
620.0,0.025,-0.005,1.02337059015e-13,0
620.0,0.02,0,7.57813495785e-14,0
620.0,0.025,4.16333634234e-19,8.98604691077e-14,0
620.0,0.02,0.005,6.01564832722e-14,0
620.0,0.025,0.005,6.61476560617e-14,0
620.0,0.02,0.01,4.26295601433e-14,0
620.0,0.025,0.01,4.27416656233e-14,0
620.0,0.02,0.015,2.4249517557e-14,0
620.0,0.025,0.015,1.90019625405e-14,0
620.0,0.02,0.02,5.11067455463e-15,0
620.0,0.02,0.025,-1.22465849397e-14,0
620.0,0.025,0.02,-4.01749703773e-15,0
620.0,0.025,0.025,-2.22846521976e-14,0
620.0,0.02,0.03,-2.54330596997e-14,0
620.0,0.02,0.035,-3.34720145812e-14,0
620.0,0.025,0.03,-3.19061553826e-14,0
620.0,0.025,0.035,-3.58135979715e-14,0
620.0,0.02,0.04,-3.64083071507e-14,0
620.0,0.02,0.045,-3.63428488925e-14,0
620.0,0.025,0.04,-3.53094136063e-14,0
620.0,0.025,0.045,-3.20368363044e-14,0
620.0,0.02,0.05,-3.30008065459e-14,0
620.0,0.02,0.055,-2.64581729218e-14,0
620.0,0.025,0.05,-2.50425265355e-14,0
620.0,0.025,0.055,-1.32771099865e-14,0
620.0,0.02,0.06,-1.40990753094e-14,0
620.0,0.02,0.065,3.86952126533e-15,0
620.0,0.025,0.06,5.09555321077e-15,0
620.0,0.025,0.065,2.7047215609e-14,0
620.0,0.02,0.07,2.60680363744e-14,0
620.0,0.02,0.075,5.05392509445e-14,0
620.0,0.025,0.07,5.12452375865e-14,0
620.0,0.025,0.075,7.77997832681e-14,0
620.0,0.03,-0.075,1.67638209028e-13,0
620.0,0.03,-0.07,1.11445667269e-13,0
620.0,0.035,-0.075,1.65565020578e-13,0
620.0,0.035,-0.07,1.09992746818e-13,0
620.0,0.03,-0.065,5.83533565906e-14,0
620.0,0.035,-0.065,5.82456261947e-14,0
620.0,0.03,-0.06,1.07011045552e-14,0
620.0,0.035,-0.06,1.38801536068e-14,0
620.0,0.03,-0.055,-3.06047317001e-14,0
620.0,0.035,-0.055,-2.40934448334e-14,0
620.0,0.03,-0.05,-6.45775696599e-14,0
620.0,0.035,-0.05,-5.44569949105e-14,0
620.0,0.03,-0.045,-9.22166313993e-14,0
620.0,0.035,-0.045,-7.88021448538e-14,0
620.0,0.03,-0.04,-1.03750738018e-13,0
620.0,0.035,-0.04,-9.01379616254e-14,0
620.0,0.03,-0.035,-8.33978650106e-14,0
620.0,0.035,-0.035,-7.73711670757e-14,0
620.0,0.03,-0.03,-4.06913786126e-14,0
620.0,0.035,-0.03,-3.80044875604e-14,0
620.0,0.03,-0.025,8.54843798043e-15,0
620.0,0.035,-0.025,1.26224571001e-14,0
620.0,0.03,-0.02,5.97002375739e-14,0
620.0,0.035,-0.02,6.30766888477e-14,0
620.0,0.03,-0.015,1.00607791418e-13,0
620.0,0.035,-0.015,1.05878522064e-13,0
620.0,0.03,-0.01,1.19829908682e-13,0
620.0,0.035,-0.01,1.28459306279e-13,0
620.0,0.03,-0.005,1.18336169277e-13,0
620.0,0.035,-0.005,1.22820178056e-13,0
620.0,0.03,0,9.82153856286e-14,0
620.0,0.035,4.16333634234e-19,9.46391466008e-14,0
620.0,0.03,0.005,6.48917184319e-14,0
620.0,0.035,0.005,5.03893057886e-14,0
620.0,0.03,0.01,2.94625771354e-14,0
620.0,0.035,0.01,3.11396717561e-15,0
620.0,0.03,0.015,-6.11863603665e-16,0
620.0,0.035,0.015,-3.01390179837e-14,0
620.0,0.03,0.02,-2.19830499013e-14,0
620.0,0.035,0.02,-4.30611388717e-14,0
620.0,0.03,0.025,-3.51057022032e-14,0
620.0,0.035,0.025,-4.81039975975e-14,0
620.0,0.03,0.03,-3.92214295939e-14,0
620.0,0.03,0.035,-3.88663464866e-14,0
620.0,0.035,0.03,-4.74546191861e-14,0
620.0,0.035,0.035,-4.24887161574e-14,0
620.0,0.03,0.04,-3.46851152255e-14,0
620.0,0.03,0.045,-2.78643189901e-14,0
620.0,0.035,0.04,-3.44006992943e-14,0
620.0,0.035,0.045,-2.34693725807e-14,0
620.0,0.03,0.05,-1.64270813342e-14,0
620.0,0.03,0.055,4.50807500765e-16,0
620.0,0.035,0.05,-7.19961952439e-15,0
620.0,0.035,0.055,1.34161353036e-14,0
620.0,0.03,0.06,2.13066301001e-14,0
620.0,0.03,0.065,4.46968115853e-14,0
620.0,0.035,0.06,3.53256201104e-14,0
620.0,0.035,0.065,5.87562019089e-14,0
620.0,0.03,0.07,7.02692163382e-14,0
620.0,0.03,0.075,9.78337746126e-14,0
620.0,0.035,0.07,8.44442738736e-14,0
620.0,0.035,0.075,1.12374798379e-13,0
620.0,0.04,-0.075,1.53536239753e-13,0
620.0,0.04,-0.07,1.01621387814e-13,0
620.0,0.045,-0.075,1.33022830787e-13,0
620.0,0.045,-0.07,8.8227489777e-14,0
620.0,0.04,-0.065,5.38178022803e-14,0
620.0,0.045,-0.065,4.6759592759e-14,0
620.0,0.04,-0.06,1.42911552603e-14,0
620.0,0.045,-0.06,1.19889392248e-14,0
620.0,0.04,-0.055,-1.95058572753e-14,0
620.0,0.045,-0.055,-1.77921661284e-14,0
620.0,0.04,-0.05,-4.65044715876e-14,0
620.0,0.045,-0.05,-4.14222610093e-14,0
620.0,0.04,-0.045,-6.7742655654e-14,0
620.0,0.045,-0.045,-5.85061454321e-14,0
620.0,0.04,-0.04,-7.63731355437e-14,0
620.0,0.045,-0.04,-6.38813346727e-14,0
620.0,0.04,-0.035,-6.82679215534e-14,0
620.0,0.045,-0.035,-5.63736099077e-14,0
620.0,0.04,-0.03,-3.54131334295e-14,0
620.0,0.045,-0.03,-2.86082333059e-14,0
620.0,0.04,-0.025,1.58832130321e-14,0
620.0,0.045,-0.025,1.89975169164e-14,0
620.0,0.04,-0.02,6.616728865e-14,0
620.0,0.045,-0.02,7.0633198455e-14,0
620.0,0.04,-0.015,1.07039075527e-13,0
620.0,0.045,-0.015,1.05337316035e-13,0
620.0,0.04,-0.01,1.23330680641e-13,0
620.0,0.045,-0.01,1.08766006945e-13,0
620.0,0.04,-0.005,1.1391578511e-13,0
620.0,0.045,-0.005,9.75706689023e-14,0
620.0,0.04,0,8.07810056976e-14,0
620.0,0.045,4.16333634234e-19,6.23255728588e-14,0
620.0,0.04,0.005,2.86550889857e-14,0
620.0,0.045,0.005,4.43480483336e-15,0
620.0,0.04,0.01,-2.44198967156e-14,0
620.0,0.045,0.01,-5.06097449155e-14,0
620.0,0.04,0.015,-5.4743862569e-14,0
620.0,0.045,0.015,-7.73185728206e-14,0
620.0,0.04,0.02,-6.141664671e-14,0
620.0,0.045,0.02,-7.90576959077e-14,0
620.0,0.04,0.025,-6.17003160954e-14,0
620.0,0.045,0.025,-7.52323767613e-14,0
620.0,0.04,0.03,-5.62198312415e-14,0
620.0,0.045,0.03,-6.43122077318e-14,0
620.0,0.04,0.035,-4.62038960748e-14,0
620.0,0.045,0.035,-4.6610455718e-14,0
620.0,0.04,0.04,-3.23468778367e-14,0
620.0,0.04,0.045,-1.57256995453e-14,0
620.0,0.045,0.04,-2.5314390594e-14,0
620.0,0.045,0.045,-3.75130641067e-15,0
620.0,0.04,0.05,4.44306469775e-15,0
620.0,0.04,0.055,2.58020173064e-14,0
620.0,0.045,0.05,1.74257653739e-14,0
620.0,0.045,0.055,3.58413614573e-14,0
620.0,0.04,0.06,4.58026631302e-14,0
620.0,0.04,0.065,6.71351491979e-14,0
620.0,0.045,0.06,5.07283156193e-14,0
620.0,0.045,0.065,6.73120810085e-14,0
620.0,0.04,0.07,9.14021277252e-14,0
620.0,0.04,0.075,1.18805779348e-13,0
620.0,0.045,0.07,8.97119965148e-14,0
620.0,0.045,0.075,1.15524366254e-13,0
620.0,0.05,-0.075,1.13822824892e-13,0
620.0,0.05,-0.07,7.4060095411e-14,0
620.0,0.055,-0.075,9.50230403818e-14,0
620.0,0.055,-0.07,5.91217704083e-14,0
620.0,0.05,-0.065,3.77268458478e-14,0
620.0,0.055,-0.065,2.65849193717e-14,0
620.0,0.05,-0.06,6.94116697695e-15,0
620.0,0.055,-0.06,-8.50150359476e-16,0
620.0,0.05,-0.055,-1.94149612687e-14,0
620.0,0.055,-0.055,-2.44018494312e-14,0
620.0,0.05,-0.05,-3.96985157498e-14,0
620.0,0.055,-0.05,-4.17789889948e-14,0
620.0,0.05,-0.045,-5.25390297981e-14,0
620.0,0.055,-0.045,-5.09637299523e-14,0
620.0,0.05,-0.04,-5.46340857127e-14,0
620.0,0.055,-0.04,-4.91798353053e-14,0
620.0,0.05,-0.035,-4.559381047e-14,0
620.0,0.055,-0.035,-3.63290617855e-14,0
620.0,0.05,-0.03,-1.77532383268e-14,0
620.0,0.055,-0.03,-5.60692552885e-15,0
620.0,0.05,-0.025,2.67513059125e-14,0
620.0,0.055,-0.025,3.93419364798e-14,0
620.0,0.05,-0.02,7.57278676562e-14,0
620.0,0.055,-0.02,8.23196856856e-14,0
620.0,0.05,-0.015,1.01142822475e-13,0
620.0,0.055,-0.015,9.83326876721e-14,0
620.0,0.05,-0.01,9.67240425216e-14,0
620.0,0.055,-0.01,8.83048593869e-14,0
620.0,0.05,-0.005,8.23395969667e-14,0
620.0,0.055,-0.005,6.62049876241e-14,0
620.0,0.05,0,4.17057992792e-14,0
620.0,0.055,4.16333634234e-19,1.88990669318e-14,0
620.0,0.05,0.005,-1.97583896479e-14,0
620.0,0.055,0.005,-4.21269949891e-14,0
620.0,0.05,0.01,-7.39345198629e-14,0
620.0,0.055,0.01,-9.36520881708e-14,0
620.0,0.05,0.015,-9.7160593598e-14,0
620.0,0.055,0.015,-1.14709988096e-13,0
620.0,0.05,0.02,-9.5630608024e-14,0
620.0,0.055,0.02,-1.1115650544e-13,0
620.0,0.05,0.025,-8.91435625377e-14,0
620.0,0.055,0.025,-9.92619422802e-14,0
620.0,0.05,0.03,-6.91242377084e-14,0
620.0,0.055,0.03,-6.50981342086e-14,0
620.0,0.05,0.035,-3.88311402861e-14,0
620.0,0.055,0.035,-2.33113927425e-14,0
620.0,0.05,0.04,-1.21262527316e-14,0
620.0,0.055,0.04,6.96995910802e-15,0
620.0,0.05,0.045,1.16892211442e-14,0
620.0,0.055,0.045,3.21515062608e-14,0
620.0,0.05,0.05,3.04710585561e-14,0
620.0,0.05,0.055,4.20646777017e-14,0
620.0,0.055,0.05,4.53370966178e-14,0
620.0,0.055,0.055,4.58453493342e-14,0
620.0,0.05,0.06,4.97068603409e-14,0
620.0,0.05,0.065,5.78788409181e-14,0
620.0,0.055,0.06,4.43334339464e-14,0
620.0,0.055,0.065,3.86009522272e-14,0
620.0,0.05,0.07,6.51112165114e-14,0
620.0,0.05,0.075,6.97951291273e-14,0
620.0,0.055,0.07,3.36701012143e-15,0
620.0,0.055,0.075,-3.85967253304e-14,0
620.0,0.06,-0.075,7.62764706605e-14,0
620.0,0.06,-0.07,4.34195403944e-14,0
620.0,0.065,-0.075,5.77021805119e-14,0
620.0,0.065,-0.07,2.70217815888e-14,0
620.0,0.06,-0.065,1.37120122574e-14,0
620.0,0.065,-0.065,-6.39397793278e-16,0
620.0,0.06,-0.06,-1.14396486261e-14,0
620.0,0.065,-0.06,-2.44752019215e-14,0
620.0,0.06,-0.055,-3.3175198613e-14,0
620.0,0.065,-0.055,-4.52922865368e-14,0
620.0,0.06,-0.05,-4.80337870592e-14,0
620.0,0.065,-0.05,-5.80604871466e-14,0
620.0,0.06,-0.045,-5.32010675248e-14,0
620.0,0.065,-0.045,-5.91173449783e-14,0
620.0,0.06,-0.04,-4.63070856259e-14,0
620.0,0.065,-0.04,-4.56446965484e-14,0
620.0,0.06,-0.035,-2.64618433021e-14,0
620.0,0.065,-0.035,-1.6086185315e-14,0
620.0,0.06,-0.03,9.96634835137e-15,0
620.0,0.065,-0.03,2.78420988822e-14,0
620.0,0.06,-0.025,5.6974969344e-14,0
620.0,0.065,-0.025,7.71532384166e-14,0
620.0,0.06,-0.02,9.6278097199e-14,0
620.0,0.065,-0.02,1.16002572119e-13,0
620.0,0.06,-0.015,1.05673340702e-13,0
620.0,0.065,-0.015,1.16586761344e-13,0
620.0,0.06,-0.01,8.44150518748e-14,0
620.0,0.065,-0.01,8.06294337223e-14,0
620.0,0.06,-0.005,4.76197539492e-14,0
620.0,0.065,-0.005,3.52404488429e-14,0
620.0,0.06,0,-3.23300852358e-15,0
620.0,0.065,4.16333634234e-19,-1.66712424003e-14,0
620.0,0.06,0.005,-6.06840769715e-14,0
620.0,0.065,0.005,-7.13499052446e-14,0
620.0,0.06,0.01,-1.08405201142e-13,0
620.0,0.065,0.01,-1.15838967423e-13,0
620.0,0.06,0.015,-1.27483487059e-13,0
620.0,0.065,0.015,-1.26113970246e-13,0
620.0,0.06,0.02,-1.16960205015e-13,0
620.0,0.065,0.02,-1.0176950337e-13,0
620.0,0.06,0.025,-8.85588432773e-14,0
620.0,0.065,0.025,-6.01267720231e-14,0
620.0,0.06,0.03,-4.21835178023e-14,0
620.0,0.065,0.03,-5.45469011076e-15,0
620.0,0.06,0.035,9.61041545792e-15,0
620.0,0.065,0.035,5.64129316599e-14,0
620.0,0.06,0.04,5.09241956646e-14,0
620.0,0.065,0.04,1.0940682948e-13,0
620.0,0.06,0.045,7.3193627611e-14,0
620.0,0.065,0.045,1.26304533666e-13,0
620.0,0.06,0.05,7.06010483273e-14,0
620.0,0.065,0.05,1.03953588684e-13,0
620.0,0.06,0.055,5.54841452471e-14,0
620.0,0.065,0.055,7.30295121828e-14,0
620.0,0.06,0.06,3.0889809993e-14,0
620.0,0.06,0.065,-1.92321008484e-14,0
620.0,0.065,0.06,1.47168953472e-14,0
620.0,0.065,0.065,-9.12935735225e-14,0
620.0,0.06,0.07,-1.03353963595e-13,0
620.0,0.06,0.075,-1.96823082338e-13,0
620.0,0.065,0.07,-2.2761188087e-13,0
620.0,0.065,0.075,-3.73988202049e-13,0
620.0,0.07,-0.075,3.86940748414e-14,0
620.0,0.07,-0.07,9.70001927051e-15,0
620.0,0.075,-0.075,1.97314037844e-14,0
620.0,0.075,-0.07,-8.41654070124e-15,0
620.0,0.07,-0.065,-1.66274090451e-14,0
620.0,0.075,-0.065,-3.37636226904e-14,0
620.0,0.07,-0.06,-3.96370133085e-14,0
620.0,0.075,-0.06,-5.6330265911e-14,0
620.0,0.07,-0.055,-6.01914521641e-14,0
620.0,0.075,-0.055,-7.70834244803e-14,0
620.0,0.07,-0.05,-7.1902225849e-14,0
620.0,0.075,-0.05,-8.83926741277e-14,0
620.0,0.07,-0.045,-6.73133433069e-14,0
620.0,0.075,-0.045,-7.79560204593e-14,0
620.0,0.07,-0.04,-4.36623344098e-14,0
620.0,0.075,-0.04,-4.18860107824e-14,0
620.0,0.07,-0.035,-3.01425933017e-15,0
620.0,0.075,-0.035,1.05544446896e-14,0
620.0,0.07,-0.03,4.51555900174e-14,0
620.0,0.075,-0.03,6.13902509623e-14,0
620.0,0.07,-0.025,9.57474917441e-14,0
620.0,0.075,-0.025,1.13563194255e-13,0
620.0,0.07,-0.02,1.3191104382e-13,0
620.0,0.075,-0.02,1.47870522486e-13,0
620.0,0.07,-0.015,1.22373164589e-13,0
620.0,0.075,-0.015,1.2839915773e-13,0
620.0,0.07,-0.01,8.00543403696e-14,0
620.0,0.075,-0.01,8.18452712581e-14,0
620.0,0.07,-0.005,3.13661404581e-14,0
620.0,0.075,-0.005,2.99119167492e-14,0
620.0,0.07,0,-2.194258942e-14,0
620.0,0.075,0,-2.56768878305e-14,0
620.0,0.07,0.005,-7.63694654465e-14,0
620.0,0.075,0.005,-8.10221598697e-14,0
620.0,0.07,0.01,-1.15695604592e-13,0
620.0,0.075,0.01,-1.17297190604e-13,0
620.0,0.07,0.015,-1.14355154883e-13,0
620.0,0.075,0.015,-1.05257949766e-13,0
620.0,0.07,0.02,-8.03749648794e-14,0
620.0,0.075,0.02,-6.34281884109e-14,0
620.0,0.07,0.025,-3.14724902062e-14,0
620.0,0.075,0.025,-7.15390362885e-15,0
620.0,0.07,0.03,3.02058079276e-14,0
620.0,0.075,0.03,6.23281410351e-14,0
620.0,0.07,0.035,9.88565895109e-14,0
620.0,0.075,0.035,1.37942767964e-13,0
620.0,0.07,0.04,1.58398635637e-13,0
620.0,0.075,0.04,2.05539486008e-13,0
620.0,0.07,0.045,1.70371981733e-13,0
620.0,0.075,0.045,2.14718386643e-13,0
620.0,0.07,0.05,1.41951143976e-13,0
620.0,0.075,0.05,1.83042718547e-13,0
620.0,0.07,0.055,1.05178822887e-13,0
620.0,0.075,0.055,1.42766702622e-13,0
620.0,0.07,0.06,1.07286001972e-14,0
620.0,0.075,0.06,1.94568591033e-14,0
620.0,0.07,0.065,-1.51567024463e-13,0
620.0,0.075,0.065,-1.96337950341e-13,0
620.0,0.07,0.07,-3.40677371709e-13,0
620.0,0.07,0.075,-5.32577779839e-13,0
620.0,0.075,0.07,-4.35708436419e-13,0
620.0,0.075,0.075,-6.60069074226e-13,0
680.0,-0.00382671281566,-0.00202612167119,0,0
680.0,-0.005,-0.005,2.18583122197e-14,0
680.0,-0.00197892066871,-0.00385133392306,0,0
680.0,-0.005,-0.00190753787223,1.49391537762e-14,0
680.0,-0.00433,0,0,0
680.0,-0.00190753787223,-0.005,1.45925873967e-14,0
680.0,0,-0.00433,0,0
680.0,-0.005,0.00190775150599,1.55171486694e-14,0
680.0,-0.00385133392306,0.00197892066871,0,0
680.0,0.00190775150599,-0.005,1.5321498211e-14,0
680.0,0.00202612167119,-0.00382671281566,0,0
680.0,-0.00202612167119,0.00382671281566,0,0
680.0,-0.005,0.005,2.64386106133e-14,0
680.0,-0.0019094272225,0.005,1.55571155185e-14,0
680.0,0,0.00433,0,0
680.0,0.00147766755988,0.00407006125046,0,0
680.0,8.32667268469e-19,0.005,1.11941263541e-14,0
680.0,0.00433,0,0,0
680.0,0.005,1.38777878078e-18,1.21341475753e-14,0
680.0,0.00407006125046,0.00147766755988,0,0
680.0,0.005,-0.005,2.77018029101e-14,0
680.0,0.00385133392306,-0.00197892066871,0,0
680.0,0.005,-0.0019094272225,1.62287214479e-14,0
680.0,0.00306177236254,0.00306177236254,0,0
680.0,0.0019094272225,0.005,1.58122341852e-14,0
680.0,0.005,0.0019094272225,1.68261431367e-14,0
680.0,-0.000885,-0.0015328649647,1.27163535839e-12,0
680.0,-0.0015328649647,-0.000885,1.27175776866e-12,0
680.0,-0.00186450691264,-0.00187567167242,8.43101213533e-13,0
680.0,-0.00177,0,1.27144941214e-12,0
680.0,-0.00268433516245,-0.000738983120158,7.59175082291e-13,0
680.0,0,-0.00177,1.27159689423e-12,0
680.0,-0.000718432264205,-0.00269192408424,7.57468734385e-13,0
680.0,-0.0015328649647,0.000885,1.26994470075e-12,0
680.0,-0.00265321485144,0.000647311733689,7.89960800522e-13,0
680.0,-0.000885,0.0015328649647,1.2683168118e-12,0
680.0,-0.00194719253591,0.00178443766524,8.44027449162e-13,0
680.0,0,0.00177,1.26420999294e-12,0
680.0,-0.000802720381054,0.00273415977115,7.17564535998e-13,0
680.0,0.000885,-0.0015328649647,1.27028549955e-12,0
680.0,0.00075154031863,-0.00270385456952,7.45357589955e-13,0
680.0,0.00177,0,1.26254959359e-12,0
680.0,0.0015328649647,-0.000885,1.26813267103e-12,0
680.0,0.00271471102228,-0.000564731152102,7.60982534895e-13,0
680.0,0.00192394637685,-0.00189207206672,8.10168860616e-13,0
680.0,0.00231817117671,0.00040530921667,9.87999252195e-13,0
680.0,0.0015328649647,0.000885,1.26081555167e-12,0
680.0,0.000885,0.0015328649647,1.26152068416e-12,0
680.0,0.000427053001345,0.00287092483521,6.82250654314e-13,0
680.0,0.00187618296239,0.00184774001435,8.3341489375e-13,0
680.0,0.00312733402203,0.000607809752493,5.19245378967e-13,0
680.0,0.00276214303706,0.00136595635004,5.76910908194e-13,0
680.0,0.0014100336009,0.00268674970267,6.04825727985e-13,0
680.0,-0.075,-0.075,-4.45537465126e-13,0
680.0,-0.07,-0.075,-3.54946820276e-13,0
680.0,-0.075,-0.07,-3.41464828367e-13,0
680.0,-0.07,-0.07,-2.62039001502e-13,0
680.0,-0.075,-0.065,-2.23050524924e-13,0
680.0,-0.07,-0.065,-1.60215407122e-13,0
680.0,-0.065,-0.075,-2.60723204663e-13,0
680.0,-0.065,-0.07,-1.85686830019e-13,0
680.0,-0.065,-0.065,-1.04585404714e-13,0
680.0,-0.075,-0.06,-6.58136786835e-14,0
680.0,-0.07,-0.06,-4.41804800871e-14,0
680.0,-0.065,-0.06,-2.15349206293e-14,0
680.0,-0.075,-0.055,6.83830170462e-14,0
680.0,-0.07,-0.055,4.98448606114e-14,0
680.0,-0.065,-0.055,4.10996414405e-14,0
680.0,-0.075,-0.05,1.38866679096e-13,0
680.0,-0.07,-0.05,1.0392356501e-13,0
680.0,-0.065,-0.05,7.63620776821e-14,0
680.0,-0.075,-0.045,1.87778636691e-13,0
680.0,-0.07,-0.045,1.41893908197e-13,0
680.0,-0.065,-0.045,1.02557945458e-13,0
680.0,-0.075,-0.04,2.18522867754e-13,0
680.0,-0.07,-0.04,1.66611142073e-13,0
680.0,-0.075,-0.035,2.38275586997e-13,0
680.0,-0.07,-0.035,1.80379094405e-13,0
680.0,-0.065,-0.04,1.1975948966e-13,0
680.0,-0.065,-0.035,1.24716881853e-13,0
680.0,-0.075,-0.03,2.28021336733e-13,0
680.0,-0.07,-0.03,1.66707318776e-13,0
680.0,-0.075,-0.025,1.64139453348e-13,0
680.0,-0.07,-0.025,1.1670425015e-13,0
680.0,-0.065,-0.03,1.0916577707e-13,0
680.0,-0.065,-0.025,7.24910697471e-14,0
680.0,-0.075,-0.02,6.1012486993e-14,0
680.0,-0.07,-0.02,4.28648794274e-14,0
680.0,-0.075,-0.015,-5.89254208078e-14,0
680.0,-0.07,-0.015,-4.19521503563e-14,0
680.0,-0.065,-0.02,2.34732846895e-14,0
680.0,-0.065,-0.015,-3.01266304397e-14,0
680.0,-0.075,-0.01,-1.66907214723e-13,0
680.0,-0.07,-0.01,-1.20440960204e-13,0
680.0,-0.075,-0.005,-2.28160014836e-13,0
680.0,-0.07,-0.005,-1.63644765071e-13,0
680.0,-0.065,-0.01,-8.34928805819e-14,0
680.0,-0.065,-0.005,-1.10544490986e-13,0
680.0,-0.075,0,-2.30822148159e-13,0
680.0,-0.07,0,-1.61529841858e-13,0
680.0,-0.075,0.005,-1.90497592061e-13,0
680.0,-0.07,0.005,-1.24133952574e-13,0
680.0,-0.065,4.16333634234e-19,-1.01768159794e-13,0
680.0,-0.065,0.005,-6.30409613333e-14,0
680.0,-0.075,0.01,-1.23595917554e-13,0
680.0,-0.07,0.01,-6.59784459101e-14,0
680.0,-0.075,0.015,-6.33453339529e-14,0
680.0,-0.07,0.015,-1.35169349873e-14,0
680.0,-0.065,0.01,-8.62235612427e-15,0
680.0,-0.065,0.015,3.92150319696e-14,0
680.0,-0.075,0.02,-2.52233842221e-14,0
680.0,-0.07,0.02,2.16140255409e-14,0
680.0,-0.075,0.025,5.0330842771e-15,0
680.0,-0.07,0.025,4.75690852354e-14,0
680.0,-0.065,0.02,7.18457655828e-14,0
680.0,-0.065,0.025,9.34237258621e-14,0
680.0,-0.075,0.03,2.09317888889e-14,0
680.0,-0.07,0.03,5.76089249232e-14,0
680.0,-0.075,0.035,1.57577900921e-14,0
680.0,-0.07,0.035,4.84583252233e-14,0
680.0,-0.065,0.03,9.60916806695e-14,0
680.0,-0.065,0.035,7.73486037844e-14,0
680.0,-0.075,0.04,-2.06612342785e-14,0
680.0,-0.07,0.04,1.37252698619e-14,0
680.0,-0.075,0.045,-7.63691244955e-14,0
680.0,-0.07,0.045,-3.33243458546e-14,0
680.0,-0.065,0.04,4.07445617608e-14,0
680.0,-0.065,0.045,1.37360724878e-15,0
680.0,-0.075,0.05,-1.24027533916e-13,0
680.0,-0.07,0.05,-7.40257997074e-14,0
680.0,-0.075,0.055,-1.66538329297e-13,0
680.0,-0.07,0.055,-1.09415259687e-13,0
680.0,-0.065,0.05,-3.10241159038e-14,0
680.0,-0.065,0.055,-5.84530091534e-14,0
680.0,-0.075,0.06,-2.01724733013e-13,0
680.0,-0.07,0.06,-1.38738927424e-13,0
680.0,-0.075,0.065,-2.33688138926e-13,0
680.0,-0.07,0.065,-1.63872228623e-13,0
680.0,-0.065,0.06,-8.01644907035e-14,0
680.0,-0.065,0.065,-9.60044033643e-14,0
680.0,-0.075,0.07,-2.70899121142e-13,0
680.0,-0.07,0.07,-1.86900200721e-13,0
680.0,-0.075,0.075,-3.01103452158e-13,0
680.0,-0.07,0.075,-2.04332669465e-13,0
680.0,-0.065,0.07,-1.06671069545e-13,0
680.0,-0.065,0.075,-1.10967945627e-13,0
680.0,-0.06,-0.075,-1.73794776525e-13,0
680.0,-0.06,-0.07,-1.14343191076e-13,0
680.0,-0.06,-0.065,-5.55256540323e-14,0
680.0,-0.055,-0.075,-8.44525851117e-14,0
680.0,-0.055,-0.07,-4.21460980853e-14,0
680.0,-0.055,-0.065,-6.096630716e-15,0
680.0,-0.06,-0.06,-2.55521698481e-15,0
680.0,-0.06,-0.055,3.42325812596e-14,0
680.0,-0.055,-0.06,1.85933621763e-14,0
680.0,-0.055,-0.055,3.03993317949e-14,0
680.0,-0.06,-0.05,5.63528548484e-14,0
680.0,-0.055,-0.05,3.979331258e-14,0
680.0,-0.06,-0.045,7.24462179883e-14,0
680.0,-0.055,-0.045,4.58040426597e-14,0
680.0,-0.06,-0.04,7.93025167315e-14,0
680.0,-0.055,-0.04,4.40577148723e-14,0
680.0,-0.06,-0.035,7.651726473e-14,0
680.0,-0.055,-0.035,3.64253317857e-14,0
680.0,-0.06,-0.03,6.11475943276e-14,0
680.0,-0.06,-0.025,3.39573479296e-14,0
680.0,-0.055,-0.03,2.19136451047e-14,0
680.0,-0.055,-0.025,1.95729264036e-15,0
680.0,-0.06,-0.02,2.00122113905e-15,0
680.0,-0.06,-0.015,-3.08006877599e-14,0
680.0,-0.055,-0.02,-1.80648826017e-14,0
680.0,-0.055,-0.015,-3.66251182303e-14,0
680.0,-0.06,-0.01,-5.97923677149e-14,0
680.0,-0.06,-0.005,-6.96406701262e-14,0
680.0,-0.055,-0.01,-4.92842051548e-14,0
680.0,-0.055,-0.005,-4.49714286922e-14,0
680.0,-0.06,0,-5.18910445175e-14,0
680.0,-0.06,0.005,-9.32820052222e-15,0
680.0,-0.055,4.16333634234e-19,-1.70187083446e-14,0
680.0,-0.055,0.005,3.04254041249e-14,0
680.0,-0.06,0.01,4.33161501835e-14,0
680.0,-0.06,0.015,8.88682793876e-14,0
680.0,-0.055,0.01,7.95786105097e-14,0
680.0,-0.055,0.015,1.19196740604e-13,0
680.0,-0.06,0.02,1.19031582041e-13,0
680.0,-0.06,0.025,1.3076269369e-13,0
680.0,-0.055,0.02,1.41846798923e-13,0
680.0,-0.055,0.025,1.39462865892e-13,0
680.0,-0.06,0.03,1.19330095655e-13,0
680.0,-0.06,0.035,9.11510021706e-14,0
680.0,-0.055,0.03,1.16183831531e-13,0
680.0,-0.055,0.035,8.86770147136e-14,0
680.0,-0.06,0.04,5.86031810845e-14,0
680.0,-0.06,0.045,2.78808976445e-14,0
680.0,-0.055,0.04,6.46111201107e-14,0
680.0,-0.055,0.045,4.50431633802e-14,0
680.0,-0.06,0.05,2.90678395783e-15,0
680.0,-0.06,0.055,-1.60050085226e-14,0
680.0,-0.055,0.05,3.00083554235e-14,0
680.0,-0.055,0.055,2.06608153612e-14,0
680.0,-0.06,0.06,-2.84968489368e-14,0
680.0,-0.06,0.065,-3.51275261122e-14,0
680.0,-0.055,0.06,1.83079319291e-14,0
680.0,-0.055,0.065,2.24327061052e-14,0
680.0,-0.06,0.07,-3.60978326569e-14,0
680.0,-0.06,0.075,-3.33489894757e-14,0
680.0,-0.055,0.07,3.3977484207e-14,0
680.0,-0.055,0.075,4.76023387591e-14,0
680.0,-0.05,-0.075,2.95208046622e-14,0
680.0,-0.05,-0.07,3.30738446451e-14,0
680.0,-0.045,-0.075,1.06863517521e-13,0
680.0,-0.045,-0.07,8.0055803759e-14,0
680.0,-0.05,-0.065,3.70269596111e-14,0
680.0,-0.045,-0.065,5.793831907e-14,0
680.0,-0.05,-0.06,3.41588713614e-14,0
680.0,-0.05,-0.055,2.7026113068e-14,0
680.0,-0.045,-0.06,3.78183667794e-14,0
680.0,-0.045,-0.055,2.11191572428e-14,0
680.0,-0.05,-0.05,2.39996721296e-14,0
680.0,-0.05,-0.045,2.03135701631e-14,0
680.0,-0.045,-0.05,8.31930824506e-15,0
680.0,-0.045,-0.045,-2.47826388721e-15,0
680.0,-0.05,-0.04,1.3815764338e-14,0
680.0,-0.045,-0.04,-1.23579238485e-14,0
680.0,-0.05,-0.035,4.42449995135e-15,0
680.0,-0.045,-0.035,-2.2521712162e-14,0
680.0,-0.05,-0.03,-7.95792775301e-15,0
680.0,-0.045,-0.03,-3.28634924758e-14,0
680.0,-0.05,-0.025,-2.19587796111e-14,0
680.0,-0.045,-0.025,-4.27597373066e-14,0
680.0,-0.05,-0.02,-3.58539064166e-14,0
680.0,-0.05,-0.015,-4.84830070126e-14,0
680.0,-0.045,-0.02,-5.2244450912e-14,0
680.0,-0.045,-0.015,-6.01983140253e-14,0
680.0,-0.05,-0.01,-5.0673518519e-14,0
680.0,-0.05,-0.005,-3.61823143096e-14,0
680.0,-0.045,-0.01,-5.60479195778e-14,0
680.0,-0.045,-0.005,-3.35676801836e-14,0
680.0,-0.05,0,2.50046622561e-15,0
680.0,-0.05,0.005,5.2537461716e-14,0
680.0,-0.045,4.16333634234e-19,1.02313696907e-14,0
680.0,-0.045,0.005,5.56128144848e-14,0
680.0,-0.05,0.01,9.23681474088e-14,0
680.0,-0.05,0.015,1.21762378515e-13,0
680.0,-0.045,0.01,8.16163935197e-14,0
680.0,-0.045,0.015,1.01482314512e-13,0
680.0,-0.05,0.02,1.34378283024e-13,0
680.0,-0.05,0.025,1.21805483822e-13,0
680.0,-0.045,0.02,1.08061705368e-13,0
680.0,-0.045,0.025,9.13116829935e-14,0
680.0,-0.05,0.03,9.70884045238e-14,0
680.0,-0.05,0.035,7.32500463603e-14,0
680.0,-0.045,0.03,6.83553904909e-14,0
680.0,-0.045,0.035,4.83077425995e-14,0
680.0,-0.05,0.04,5.47098643134e-14,0
680.0,-0.05,0.045,4.30852923938e-14,0
680.0,-0.045,0.04,3.34092738828e-14,0
680.0,-0.045,0.045,2.60502039734e-14,0
680.0,-0.05,0.05,4.04664972977e-14,0
680.0,-0.05,0.055,4.45270693396e-14,0
680.0,-0.045,0.05,3.08899742175e-14,0
680.0,-0.045,0.055,4.8178531707e-14,0
680.0,-0.05,0.06,5.60048831456e-14,0
680.0,-0.05,0.065,7.64993509284e-14,0
680.0,-0.045,0.06,7.97916054479e-14,0
680.0,-0.045,0.065,1.20992066063e-13,0
680.0,-0.05,0.07,1.06241973125e-13,0
680.0,-0.05,0.075,1.4053067185e-13,0
680.0,-0.045,0.07,1.7374859492e-13,0
680.0,-0.045,0.075,2.32131599425e-13,0
680.0,-0.04,-0.075,1.25658565396e-13,0
680.0,-0.04,-0.07,9.25099783887e-14,0
680.0,-0.035,-0.075,1.35319938452e-13,0
680.0,-0.035,-0.07,9.74602896114e-14,0
680.0,-0.04,-0.065,6.23621834251e-14,0
680.0,-0.035,-0.065,6.19394074947e-14,0
680.0,-0.04,-0.06,3.50376505124e-14,0
680.0,-0.035,-0.06,2.93450609567e-14,0
680.0,-0.04,-0.055,1.19450553491e-14,0
680.0,-0.035,-0.055,1.34290609189e-15,0
680.0,-0.04,-0.05,-6.59200620745e-15,0
680.0,-0.04,-0.045,-2.19508441833e-14,0
680.0,-0.035,-0.05,-2.12835832044e-14,0
680.0,-0.035,-0.045,-3.9422041507e-14,0
680.0,-0.04,-0.04,-3.44070118958e-14,0
680.0,-0.04,-0.035,-4.45599332848e-14,0
680.0,-0.035,-0.04,-5.31060001521e-14,0
680.0,-0.035,-0.035,-6.24642963939e-14,0
680.0,-0.04,-0.03,-5.27682573725e-14,0
680.0,-0.035,-0.03,-6.80389373291e-14,0
680.0,-0.04,-0.025,-5.96060793319e-14,0
680.0,-0.035,-0.025,-7.04301168959e-14,0
680.0,-0.04,-0.02,-6.42418340599e-14,0
680.0,-0.035,-0.02,-6.86108480636e-14,0
680.0,-0.04,-0.015,-6.60675223875e-14,0
680.0,-0.035,-0.015,-6.28361483863e-14,0
680.0,-0.04,-0.01,-5.74359428415e-14,0
680.0,-0.04,-0.005,-3.27301438918e-14,0
680.0,-0.035,-0.01,-5.01909121782e-14,0
680.0,-0.035,-0.005,-2.9396063709e-14,0
680.0,-0.04,0,6.69716112805e-15,0
680.0,-0.04,0.005,4.19950085507e-14,0
680.0,-0.035,4.16333634234e-19,1.09859508914e-15,0
680.0,-0.035,0.005,2.70312239677e-14,0
680.0,-0.04,0.01,6.19960711896e-14,0
680.0,-0.04,0.015,7.66884664312e-14,0
680.0,-0.035,0.01,4.30448671922e-14,0
680.0,-0.035,0.015,4.98817985897e-14,0
680.0,-0.04,0.02,7.38608685415e-14,0
680.0,-0.04,0.025,5.38075719632e-14,0
680.0,-0.035,0.02,3.62805520103e-14,0
680.0,-0.035,0.025,1.41103257729e-14,0
680.0,-0.04,0.03,3.17432346425e-14,0
680.0,-0.04,0.035,1.31872193422e-14,0
680.0,-0.035,0.03,-8.96060886054e-15,0
680.0,-0.035,0.035,-2.88304221657e-14,0
680.0,-0.04,0.04,3.08086584245e-16,0
680.0,-0.04,0.045,-4.24195734e-15,0
680.0,-0.035,0.04,-4.23232909249e-14,0
680.0,-0.035,0.045,-4.64256641085e-14,0
680.0,-0.04,0.05,4.22167733308e-15,0
680.0,-0.04,0.055,2.71731009809e-14,0
680.0,-0.035,0.05,-3.56618682288e-14,0
680.0,-0.035,0.055,-8.51531549418e-15,0
680.0,-0.04,0.06,8.04048047196e-14,0
680.0,-0.04,0.065,1.52415528125e-13,0
680.0,-0.035,0.06,6.09621014603e-14,0
680.0,-0.035,0.065,1.63170351564e-13,0
680.0,-0.04,0.07,2.28019518543e-13,0
680.0,-0.04,0.075,3.08307050213e-13,0
680.0,-0.035,0.07,2.62881335311e-13,0
680.0,-0.035,0.075,3.6226811785e-13,0
680.0,-0.03,-0.075,1.37498784953e-13,0
680.0,-0.03,-0.07,9.63610699897e-14,0
680.0,-0.025,-0.075,1.35238157672e-13,0
680.0,-0.025,-0.07,9.14624131353e-14,0
680.0,-0.03,-0.065,5.70296556437e-14,0
680.0,-0.025,-0.065,4.89718194552e-14,0
680.0,-0.03,-0.06,2.08550990106e-14,0
680.0,-0.025,-0.06,9.7613086887e-15,0
680.0,-0.03,-0.055,-1.03670081717e-14,0
680.0,-0.025,-0.055,-2.3729098126e-14,0
680.0,-0.03,-0.05,-3.56944801386e-14,0
680.0,-0.025,-0.05,-5.01246507528e-14,0
680.0,-0.03,-0.045,-5.51495130966e-14,0
680.0,-0.025,-0.045,-6.92610790607e-14,0
680.0,-0.03,-0.04,-6.86490279482e-14,0
680.0,-0.03,-0.035,-7.62990856194e-14,0
680.0,-0.025,-0.04,-8.11553629559e-14,0
680.0,-0.025,-0.035,-8.66053669725e-14,0
680.0,-0.03,-0.03,-7.84745963307e-14,0
680.0,-0.03,-0.025,-7.54284354554e-14,0
680.0,-0.025,-0.03,-8.54106429548e-14,0
680.0,-0.025,-0.025,-7.69712819098e-14,0
680.0,-0.03,-0.02,-6.7426226982e-14,0
680.0,-0.025,-0.02,-6.31870196423e-14,0
680.0,-0.03,-0.015,-5.61109343125e-14,0
680.0,-0.025,-0.015,-4.67589482786e-14,0
680.0,-0.03,-0.01,-3.94743015307e-14,0
680.0,-0.025,-0.01,-2.69752594572e-14,0
680.0,-0.03,-0.005,-1.88855978604e-14,0
680.0,-0.025,-0.005,-6.05610320438e-15,0
680.0,-0.03,0,3.57973395977e-15,0
680.0,-0.03,0.005,2.05032497793e-14,0
680.0,-0.025,4.16333634234e-19,1.15704468023e-14,0
680.0,-0.025,0.005,2.09911832457e-14,0
680.0,-0.03,0.01,2.85067228003e-14,0
680.0,-0.03,0.015,2.28975713967e-14,0
680.0,-0.025,0.01,1.90186071951e-14,0
680.0,-0.025,0.015,1.96643955263e-15,0
680.0,-0.03,0.02,2.42345893588e-15,0
680.0,-0.03,0.025,-2.3633202488e-14,0
680.0,-0.025,0.02,-2.50412047726e-14,0
680.0,-0.025,0.025,-5.6753183949e-14,0
680.0,-0.03,0.03,-5.02512372461e-14,0
680.0,-0.03,0.035,-7.37398893427e-14,0
680.0,-0.025,0.03,-8.84613217521e-14,0
680.0,-0.025,0.035,-1.17268285826e-13,0
680.0,-0.03,0.04,-9.05404216013e-14,0
680.0,-0.03,0.045,-9.75133926696e-14,0
680.0,-0.025,0.04,-1.39766108121e-13,0
680.0,-0.025,0.045,-1.52988796599e-13,0
680.0,-0.03,0.05,-8.68041181155e-14,0
680.0,-0.03,0.055,-5.49906820644e-14,0
680.0,-0.025,0.05,-1.4526476015e-13,0
680.0,-0.025,0.055,-1.07963112336e-13,0
680.0,-0.03,0.06,2.16372964521e-14,0
680.0,-0.03,0.065,1.35474023101e-13,0
680.0,-0.025,0.06,-3.07570235477e-14,0
680.0,-0.025,0.065,7.78531748345e-14,0
680.0,-0.03,0.07,2.56627333706e-13,0
680.0,-0.03,0.075,3.8006492183e-13,0
680.0,-0.025,0.07,2.02944060185e-13,0
680.0,-0.025,0.075,3.33867221239e-13,0
680.0,-0.02,-0.075,1.29479927891e-13,0
680.0,-0.02,-0.07,8.36726580256e-14,0
680.0,-0.015,-0.075,1.2110378006e-13,0
680.0,-0.015,-0.07,7.37566871642e-14,0
680.0,-0.02,-0.065,3.86680822922e-14,0
680.0,-0.015,-0.065,2.66407874361e-14,0
680.0,-0.02,-0.06,-3.76586603449e-15,0
680.0,-0.015,-0.06,-1.89718428122e-14,0
680.0,-0.02,-0.055,-3.87133356004e-14,0
680.0,-0.015,-0.055,-5.48045936963e-14,0
680.0,-0.02,-0.05,-6.43980721947e-14,0
680.0,-0.015,-0.05,-7.80462561392e-14,0
680.0,-0.02,-0.045,-8.18218298578e-14,0
680.0,-0.015,-0.045,-9.29860606163e-14,0
680.0,-0.02,-0.04,-9.12122255906e-14,0
680.0,-0.015,-0.04,-9.96453668629e-14,0
680.0,-0.02,-0.035,-9.40417577178e-14,0
680.0,-0.015,-0.035,-9.87298051673e-14,0
680.0,-0.02,-0.03,-8.86673724731e-14,0
680.0,-0.02,-0.025,-7.45139562722e-14,0
680.0,-0.015,-0.03,-8.81337359764e-14,0
680.0,-0.015,-0.025,-6.81291787627e-14,0
680.0,-0.02,-0.02,-5.55566788144e-14,0
680.0,-0.02,-0.015,-3.51659300776e-14,0
680.0,-0.015,-0.02,-4.50328152214e-14,0
680.0,-0.015,-0.015,-2.22867321825e-14,0
680.0,-0.02,-0.01,-1.39429713158e-14,0
680.0,-0.015,-0.01,-1.36589031393e-15,0
680.0,-0.02,-0.005,5.28741070418e-15,0
680.0,-0.015,-0.005,1.51327821605e-14,0
680.0,-0.02,0,1.89490045388e-14,0
680.0,-0.015,4.16333634234e-19,2.54910898071e-14,0
680.0,-0.02,0.005,2.45419423737e-14,0
680.0,-0.015,0.005,2.95057090041e-14,0
680.0,-0.02,0.01,1.59319107541e-14,0
680.0,-0.02,0.015,-8.67353057048e-15,0
680.0,-0.015,0.01,1.79861441356e-14,0
680.0,-0.015,0.015,-1.16615102162e-14,0
680.0,-0.02,0.02,-4.33337371087e-14,0
680.0,-0.02,0.025,-8.16939367369e-14,0
680.0,-0.015,0.02,-5.29102498198e-14,0
680.0,-0.015,0.025,-9.62996619324e-14,0
680.0,-0.02,0.03,-1.19317568243e-13,0
680.0,-0.02,0.035,-1.55091599195e-13,0
680.0,-0.015,0.03,-1.38754851525e-13,0
680.0,-0.015,0.035,-1.83072564896e-13,0
680.0,-0.02,0.04,-1.85056423767e-13,0
680.0,-0.02,0.045,-2.06544399346e-13,0
680.0,-0.015,0.04,-2.23909828224e-13,0
680.0,-0.015,0.045,-2.52972266397e-13,0
680.0,-0.02,0.05,-2.04806949003e-13,0
680.0,-0.02,0.055,-1.64454142763e-13,0
680.0,-0.015,0.05,-2.57796066794e-13,0
680.0,-0.015,0.055,-2.21089438363e-13,0
680.0,-0.02,0.06,-8.83092489971e-14,0
680.0,-0.02,0.065,1.31751635217e-14,0
680.0,-0.015,0.06,-1.48968650726e-13,0
680.0,-0.015,0.065,-5.24144191454e-14,0
680.0,-0.02,0.07,1.32357215024e-13,0
680.0,-0.02,0.075,2.58287060727e-13,0
680.0,-0.015,0.07,6.00490828576e-14,0
680.0,-0.015,0.075,1.77500048616e-13,0
680.0,-0.01,-0.075,1.10054808544e-13,0
680.0,-0.01,-0.07,6.14538499979e-14,0
680.0,-0.005,-0.075,9.51007242081e-14,0
680.0,-0.005,-0.07,4.64310862877e-14,0
680.0,-0.01,-0.065,1.35054113989e-14,0
680.0,-0.005,-0.065,-1.62220011516e-15,0
680.0,-0.01,-0.06,-3.55618783173e-14,0
680.0,-0.005,-0.06,-4.89249687651e-14,0
680.0,-0.01,-0.055,-7.13687494883e-14,0
680.0,-0.005,-0.055,-8.30347610261e-14,0
680.0,-0.01,-0.05,-9.03747653592e-14,0
680.0,-0.005,-0.05,-1.00550802118e-13,0
680.0,-0.01,-0.045,-1.02473675621e-13,0
680.0,-0.005,-0.045,-1.09944792286e-13,0
680.0,-0.01,-0.04,-1.05780018252e-13,0
680.0,-0.005,-0.04,-1.09607993455e-13,0
680.0,-0.01,-0.035,-1.00054840248e-13,0
680.0,-0.005,-0.035,-9.85722607547e-14,0
680.0,-0.01,-0.03,-8.31587305303e-14,0
680.0,-0.005,-0.03,-7.46660442941e-14,0
680.0,-0.01,-0.025,-5.76855718239e-14,0
680.0,-0.005,-0.025,-4.35058408932e-14,0
680.0,-0.01,-0.02,-3.20752207521e-14,0
680.0,-0.01,-0.015,-9.05676526515e-15,0
680.0,-0.005,-0.02,-1.71144894883e-14,0
680.0,-0.005,-0.015,4.25646179247e-15,0
680.0,-0.0117873230072,-0.0115873794689,4.87724289703e-17,0
680.0,-0.00939961996336,-0.005,2.19130520092e-14,0
680.0,-0.00792797428371,-0.00964253216809,1.42271245721e-14,0
680.0,-0.005,-0.00939961996336,1.91241116437e-14,0
680.0,-0.0108753492546,-0.00150606400588,2.58636452446e-14,0
680.0,-0.00818101620308,-0.00211452602544,2.45061619316e-14,0
680.0,-0.00651817360753,-0.000255934956239,2.13190469056e-14,0
680.0,-0.005,6.71033969428e-08,1.14969877371e-14,0
680.0,-0.0107292118043,0.00160660295843,2.90284356462e-14,0
680.0,-0.0080188992252,0.000768320427092,2.57753012823e-14,0
680.0,-0.00939946851065,0.005,3.18274986088e-14,0
680.0,-0.00802129342231,0.00264911934363,2.78378984219e-14,0
680.0,-0.00887989370213,0.00887989479405,2.7975663542e-14,0
680.0,-0.01,0.015,-4.55345686333e-15,0
680.0,-0.005,0.00939947397025,3.00630735803e-14,0
680.0,-0.005,0.015,8.51404036231e-15,0
680.0,-0.01,0.02,-4.6682727274e-14,0
680.0,-0.01,0.025,-9.16303666607e-14,0
680.0,-0.005,0.02,-2.39227739562e-14,0
680.0,-0.005,0.025,-6.23142923694e-14,0
680.0,-0.01,0.03,-1.34431574155e-13,0
680.0,-0.01,0.035,-1.8184327609e-13,0
680.0,-0.005,0.03,-1.02537634438e-13,0
680.0,-0.005,0.035,-1.44871286953e-13,0
680.0,-0.01,0.04,-2.31206361836e-13,0
680.0,-0.01,0.045,-2.64077245337e-13,0
680.0,-0.005,0.04,-1.88978897867e-13,0
680.0,-0.005,0.045,-2.14664676716e-13,0
680.0,-0.01,0.05,-2.69798179853e-13,0
680.0,-0.01,0.055,-2.43100095811e-13,0
680.0,-0.005,0.05,-2.17692776295e-13,0
680.0,-0.005,0.055,-2.02299895315e-13,0
680.0,-0.01,0.06,-1.81778783199e-13,0
680.0,-0.01,0.065,-9.41370914148e-14,0
680.0,-0.005,0.06,-1.59972184396e-13,0
680.0,-0.005,0.065,-8.90797363157e-14,0
680.0,-0.01,0.07,7.06993931035e-15,0
680.0,-0.01,0.075,1.07107910787e-13,0
680.0,-0.005,0.07,-4.51563890446e-15,0
680.0,-0.005,0.075,7.85040960912e-14,0
680.0,0,-0.075,6.83046414881e-14,0
680.0,0,-0.07,2.53094950641e-14,0
680.0,0.005,-0.075,3.84102551751e-14,0
680.0,0.005,-0.07,7.74769520423e-15,0
680.0,0,-0.065,-1.66676173401e-14,0
680.0,0.005,-0.065,-2.06578438669e-14,0
680.0,0,-0.06,-5.05804928634e-14,0
680.0,0.005,-0.06,-3.77185868536e-14,0
680.0,0,-0.055,-7.64964714303e-14,0
680.0,0.005,-0.055,-5.23316127621e-14,0
680.0,0,-0.05,-9.25338826297e-14,0
680.0,0.005,-0.05,-6.32105177587e-14,0
680.0,0,-0.045,-9.88987802793e-14,0
680.0,0.005,-0.045,-6.5530914876e-14,0
680.0,0,-0.04,-9.41712252973e-14,0
680.0,0.005,-0.04,-5.87020843112e-14,0
680.0,0,-0.035,-7.88569994141e-14,0
680.0,0.005,-0.035,-4.32623228831e-14,0
680.0,0,-0.03,-5.32367469629e-14,0
680.0,0.005,-0.03,-2.36777972562e-14,0
680.0,0,-0.025,-2.36893823718e-14,0
680.0,0.005,-0.025,-2.84402741245e-15,0
680.0,0,-0.02,-1.48160519234e-16,0
680.0,0.005,-0.02,1.76460075945e-14,0
680.0,0,-0.015,1.75320993801e-14,0
680.0,0.005,-0.015,3.17119149326e-14,0
680.0,-0.0021196717084,-0.00776771017156,2.25312415409e-14,0
680.0,-0.00084550708518,-0.00631514607954,1.9855399482e-14,0
680.0,6.71033969406e-08,-0.005,1.16013938364e-14,0
680.0,-0.00139054260708,-0.0110960807567,2.18491539566e-14,0
680.0,0.00132468676756,-0.00775008274642,2.54250837103e-14,0
680.0,0.00160394440688,-0.0116908851489,2.69746923819e-14,0
680.0,0.005,-0.00939946851065,3.5200450627e-14,0
680.0,0.005,0.005,3.08977865129e-14,0
680.0,-0.000107646311398,0.00617659695633,2.48374097516e-14,0
680.0,-0.00190846935279,0.0076427502668,3.1780141105e-14,0
680.0,0.00131146485568,0.00777290068297,3.319941904e-14,0
680.0,0.00295884413402,0.00640276348073,2.96489248107e-14,0
680.0,-1.21517769428e-05,0.0108932602996,3.49412229641e-14,0
680.0,0,0.015,2.6764984217e-14,0
680.0,0.005,0.00939942566771,4.50284629149e-14,0
680.0,0.005,0.015,4.91160933988e-14,0
680.0,0,0.02,5.65842953479e-15,0
680.0,0,0.025,-2.339135958e-14,0
680.0,0.005,0.02,3.82601888339e-14,0
680.0,0.005,0.025,1.71122422278e-14,0
680.0,0,0.03,-5.5943722754e-14,0
680.0,0,0.035,-8.90596603616e-14,0
680.0,0.005,0.03,-7.64700770441e-15,0
680.0,0.005,0.035,-3.21089576298e-14,0
680.0,0,0.04,-1.19681667267e-13,0
680.0,0,0.045,-1.37132844977e-13,0
680.0,0.005,0.04,-5.27360783386e-14,0
680.0,0.005,0.045,-6.60546859816e-14,0
680.0,0,0.05,-1.39149143525e-13,0
680.0,0,0.055,-1.28728906564e-13,0
680.0,0.005,0.05,-6.84749352394e-14,0
680.0,0.005,0.055,-5.95591157695e-14,0
680.0,0,0.06,-1.01760071466e-13,0
680.0,0,0.065,-5.30666150118e-14,0
680.0,0.005,0.06,-3.85901360292e-14,0
680.0,0.005,0.065,-7.56116097093e-15,0
680.0,0,0.07,1.47920165298e-14,0
680.0,0,0.075,8.74096238959e-14,0
680.0,0.005,0.07,4.68071505673e-14,0
680.0,0.005,0.075,1.13252474303e-13,0
680.0,0.01,-0.075,1.81026554746e-14,0
680.0,0.01,-0.07,4.26699355921e-15,0
680.0,0.015,-0.075,7.56443125751e-15,0
680.0,0.015,-0.07,6.51341841929e-15,0
680.0,0.01,-0.065,-9.03833929055e-15,0
680.0,0.015,-0.065,3.38732899218e-15,0
680.0,0.01,-0.06,-1.97094152166e-14,0
680.0,0.015,-0.06,-2.14404074727e-15,0
680.0,0.01,-0.055,-2.84542320185e-14,0
680.0,0.015,-0.055,-5.87783612677e-15,0
680.0,0.01,-0.05,-3.27336729664e-14,0
680.0,0.015,-0.05,-4.99481884128e-15,0
680.0,0.01,-0.045,-3.15240352155e-14,0
680.0,0.015,-0.045,-1.10835754257e-15,0
680.0,0.01,-0.04,-2.45849345517e-14,0
680.0,0.015,-0.04,6.1711513907e-15,0
680.0,0.01,-0.035,-1.21676619962e-14,0
680.0,0.015,-0.035,1.60714919904e-14,0
680.0,0.01,-0.03,2.71954900004e-15,0
680.0,0.015,-0.03,2.60441585553e-14,0
680.0,0.01,-0.025,1.86390047822e-14,0
680.0,0.015,-0.025,3.74919959268e-14,0
680.0,0.01,-0.02,3.55609020767e-14,0
680.0,0.01,-0.015,4.66844988406e-14,0
680.0,0.015,-0.02,5.00172308582e-14,0
680.0,0.015,-0.015,5.82413687907e-14,0
680.0,0.00999280436795,-0.0116358337096,4.92143360026e-14,0
680.0,0.0105889214373,-0.00845762197625,5.18057636074e-14,0
680.0,0.015,-0.01,6.40025669002e-14,0
680.0,0.00939947397025,-0.005,4.61013578413e-14,0
680.0,0.015,-0.005,7.04206938956e-14,0
680.0,0.00658051136513,-0.00296146438142,3.03640806741e-14,0
680.0,0.00636794669772,-3.54305826484e-06,2.55580193264e-14,0
680.0,0.00795807888052,-0.00113999998936,3.63572182363e-14,0
680.0,0.00758147027913,0.00183630393596,3.63381942871e-14,0
680.0,0.0112534647756,-1.47536350887e-07,5.70034832685e-14,0
680.0,0.015,4.16333634234e-19,7.8044600043e-14,0
680.0,0.00939942566771,0.005,5.55392903306e-14,0
680.0,0.015,0.005,8.94274571363e-14,0
680.0,0.00999018807453,0.0109670628501,7.28301109902e-14,0
680.0,0.01,0.015,7.69679852289e-14,0
680.0,0.015,0.01,1.0085510897e-13,0
680.0,0.015,0.015,1.07925858415e-13,0
680.0,0.01,0.02,7.22190830756e-14,0
680.0,0.01,0.025,5.64494643031e-14,0
680.0,0.015,0.02,1.06204448368e-13,0
680.0,0.015,0.025,9.34669048141e-14,0
680.0,0.01,0.03,3.55715401811e-14,0
680.0,0.01,0.035,1.49439210763e-14,0
680.0,0.015,0.03,7.41918843453e-14,0
680.0,0.015,0.035,5.38425744261e-14,0
680.0,0.01,0.04,-2.70490875344e-15,0
680.0,0.01,0.045,-1.49175390894e-14,0
680.0,0.015,0.04,3.63530868498e-14,0
680.0,0.015,0.045,2.40867665658e-14,0
680.0,0.01,0.05,-1.77974606375e-14,0
680.0,0.01,0.055,-9.88160287901e-15,0
680.0,0.015,0.05,2.09131684404e-14,0
680.0,0.015,0.055,2.88549443e-14,0
680.0,0.01,0.06,9.678329489e-15,0
680.0,0.01,0.065,3.89109944842e-14,0
680.0,0.015,0.06,4.94626203692e-14,0
680.0,0.015,0.065,7.88174865264e-14,0
680.0,0.01,0.07,8.67332264513e-14,0
680.0,0.01,0.075,1.44110515482e-13,0
680.0,0.015,0.07,1.17295495745e-13,0
680.0,0.015,0.075,1.61228762552e-13,0
680.0,0.02,-0.075,2.94540737237e-15,0
680.0,0.02,-0.07,6.96408913284e-15,0
680.0,0.025,-0.075,-4.27552066187e-15,0
680.0,0.025,-0.07,4.05774784381e-15,0
680.0,0.02,-0.065,1.07795073533e-14,0
680.0,0.025,-0.065,1.26578472229e-14,0
680.0,0.02,-0.06,1.28105642563e-14,0
680.0,0.025,-0.06,2.12558832776e-14,0
680.0,0.02,-0.055,1.42099038497e-14,0
680.0,0.025,-0.055,2.88196884764e-14,0
680.0,0.02,-0.05,1.77691738283e-14,0
680.0,0.025,-0.05,3.57635468742e-14,0
680.0,0.02,-0.045,2.360496031e-14,0
680.0,0.025,-0.045,4.34834715144e-14,0
680.0,0.02,-0.04,3.19451769842e-14,0
680.0,0.025,-0.04,5.08281527772e-14,0
680.0,0.02,-0.035,3.82015152586e-14,0
680.0,0.025,-0.035,5.20672123533e-14,0
680.0,0.02,-0.03,4.28936479996e-14,0
680.0,0.025,-0.03,5.08852910434e-14,0
680.0,0.02,-0.025,4.96688648088e-14,0
680.0,0.025,-0.025,5.10402816745e-14,0
680.0,0.02,-0.02,5.72077109719e-14,0
680.0,0.025,-0.02,5.14501842657e-14,0
680.0,0.02,-0.015,6.26162393068e-14,0
680.0,0.025,-0.015,5.56224246258e-14,0
680.0,0.02,-0.01,7.1294732228e-14,0
680.0,0.025,-0.01,6.79419007144e-14,0
680.0,0.02,-0.005,8.40653443982e-14,0
680.0,0.025,-0.005,8.47572680562e-14,0
680.0,0.02,0,1.01250878323e-13,0
680.0,0.025,4.16333634234e-19,1.1144634716e-13,0
680.0,0.02,0.005,1.18025827264e-13,0
680.0,0.025,0.005,1.39583265754e-13,0
680.0,0.02,0.01,1.30475116078e-13,0
680.0,0.025,0.01,1.56080945761e-13,0
680.0,0.02,0.015,1.38026480465e-13,0
680.0,0.025,0.015,1.64176730866e-13,0
680.0,0.02,0.02,1.36473216683e-13,0
680.0,0.02,0.025,1.2356304239e-13,0
680.0,0.025,0.02,1.59995535088e-13,0
680.0,0.025,0.025,1.40771922753e-13,0
680.0,0.02,0.03,1.02751181954e-13,0
680.0,0.02,0.035,7.94826015159e-14,0
680.0,0.025,0.03,1.15793526603e-13,0
680.0,0.025,0.035,9.0982315805e-14,0
680.0,0.02,0.04,5.99077379364e-14,0
680.0,0.02,0.045,4.71686645925e-14,0
680.0,0.025,0.04,7.01425632916e-14,0
680.0,0.025,0.045,5.56252531712e-14,0
680.0,0.02,0.05,4.3867601103e-14,0
680.0,0.02,0.055,5.10315565501e-14,0
680.0,0.025,0.05,4.98796092392e-14,0
680.0,0.025,0.055,5.40485070901e-14,0
680.0,0.02,0.06,7.09413598945e-14,0
680.0,0.02,0.065,9.5009683405e-14,0
680.0,0.025,0.06,6.6170480953e-14,0
680.0,0.025,0.065,8.28620709631e-14,0
680.0,0.02,0.07,1.22460021608e-13,0
680.0,0.02,0.075,1.57154056478e-13,0
680.0,0.025,0.07,1.04930638764e-13,0
680.0,0.025,0.075,1.32041114934e-13,0
680.0,0.03,-0.075,-1.2864146319e-14,0
680.0,0.03,-0.07,-1.7588733671e-15,0
680.0,0.035,-0.075,-2.36043232261e-14,0
680.0,0.035,-0.07,-1.00724701941e-14,0
680.0,0.03,-0.065,1.02681890763e-14,0
680.0,0.035,-0.065,4.89595534788e-15,0
680.0,0.03,-0.06,2.28316670499e-14,0
680.0,0.035,-0.06,2.05120434712e-14,0
680.0,0.03,-0.055,3.51940266569e-14,0
680.0,0.035,-0.055,3.53125750313e-14,0
680.0,0.03,-0.05,4.63411242014e-14,0
680.0,0.035,-0.05,4.8095345951e-14,0
680.0,0.03,-0.045,5.61938845325e-14,0
680.0,0.035,-0.045,5.83434365331e-14,0
680.0,0.03,-0.04,6.15471166432e-14,0
680.0,0.035,-0.04,6.17147134873e-14,0
680.0,0.03,-0.035,5.74997237151e-14,0
680.0,0.035,-0.035,5.37992554798e-14,0
680.0,0.03,-0.03,4.83047633681e-14,0
680.0,0.035,-0.03,3.67144469709e-14,0
680.0,0.03,-0.025,3.74501641065e-14,0
680.0,0.035,-0.025,1.07358468235e-14,0
680.0,0.03,-0.02,2.362774624e-14,0
680.0,0.035,-0.02,-2.43285778431e-14,0
680.0,0.03,-0.015,1.48903649222e-14,0
680.0,0.035,-0.015,-5.60408113948e-14,0
680.0,0.03,-0.01,2.10349098555e-14,0
680.0,0.035,-0.01,-6.76192544765e-14,0
680.0,0.03,-0.005,4.1996994936e-14,0
680.0,0.035,-0.005,-5.0810444649e-14,0
680.0,0.03,0,7.80854645335e-14,0
680.0,0.035,4.16333634234e-19,-6.29777344046e-15,0
680.0,0.03,0.005,1.21464674031e-13,0
680.0,0.035,0.005,5.3636507905e-14,0
680.0,0.03,0.01,1.53243501383e-13,0
680.0,0.035,0.01,1.06410925968e-13,0
680.0,0.03,0.015,1.66566598369e-13,0
680.0,0.035,0.015,1.29853023711e-13,0
680.0,0.03,0.02,1.61090673017e-13,0
680.0,0.035,0.02,1.30548847068e-13,0
680.0,0.03,0.025,1.38584893106e-13,0
680.0,0.035,0.025,1.17545588154e-13,0
680.0,0.03,0.03,1.12955022207e-13,0
680.0,0.03,0.035,8.82328212332e-14,0
680.0,0.035,0.03,9.61486228846e-14,0
680.0,0.035,0.035,7.35316223054e-14,0
680.0,0.03,0.04,6.63556055336e-14,0
680.0,0.03,0.045,4.91506132071e-14,0
680.0,0.035,0.04,5.09595114677e-14,0
680.0,0.035,0.045,2.98616851844e-14,0
680.0,0.03,0.05,3.83540716852e-14,0
680.0,0.03,0.055,3.55665317682e-14,0
680.0,0.035,0.05,1.2193296499e-14,0
680.0,0.035,0.055,3.37723829687e-15,0
680.0,0.03,0.06,4.07201544073e-14,0
680.0,0.03,0.065,5.28664465254e-14,0
680.0,0.035,0.06,5.02462374166e-15,0
680.0,0.035,0.065,1.40282134367e-14,0
680.0,0.03,0.07,7.10255990992e-14,0
680.0,0.03,0.075,9.3573249589e-14,0
680.0,0.035,0.07,2.87849620236e-14,0
680.0,0.035,0.075,4.77201657292e-14,0
680.0,0.04,-0.075,-4.56110926448e-14,0
680.0,0.04,-0.07,-2.45937378373e-14,0
680.0,0.045,-0.075,-7.36970726155e-14,0
680.0,0.045,-0.07,-4.35497936889e-14,0
680.0,0.04,-0.065,-4.15112583526e-15,0
680.0,0.045,-0.065,-1.6427270725e-14,0
680.0,0.04,-0.06,1.48111264588e-14,0
680.0,0.045,-0.06,7.0766544326e-15,0
680.0,0.04,-0.055,3.17130870098e-14,0
680.0,0.045,-0.055,2.72293208145e-14,0
680.0,0.04,-0.05,4.52574381945e-14,0
680.0,0.045,-0.05,4.24529280926e-14,0
680.0,0.04,-0.045,5.53163275497e-14,0
680.0,0.045,-0.045,5.20545607377e-14,0
680.0,0.04,-0.04,5.62381521958e-14,0
680.0,0.045,-0.04,5.08812474976e-14,0
680.0,0.04,-0.035,4.56601054566e-14,0
680.0,0.045,-0.035,3.68781409667e-14,0
680.0,0.04,-0.03,1.77419180706e-14,0
680.0,0.045,-0.03,-7.00492698942e-16,0
680.0,0.04,-0.025,-2.82753602662e-14,0
680.0,0.045,-0.025,-6.25107735985e-14,0
680.0,0.04,-0.02,-7.9447109889e-14,0
680.0,0.045,-0.02,-1.287369279e-13,0
680.0,0.04,-0.015,-1.27214486555e-13,0
680.0,0.045,-0.015,-1.8295501275e-13,0
680.0,0.04,-0.01,-1.57111781411e-13,0
680.0,0.045,-0.01,-2.14260754076e-13,0
680.0,0.04,-0.005,-1.55084340442e-13,0
680.0,0.045,-0.005,-2.28025540672e-13,0
680.0,0.04,0,-1.09493691192e-13,0
680.0,0.045,4.16333634234e-19,-1.94957610093e-13,0
680.0,0.04,0.005,-3.4571177487e-14,0
680.0,0.045,0.005,-1.15757825456e-13,0
680.0,0.04,0.01,3.95562413232e-14,0
680.0,0.045,0.01,-2.66882603322e-14,0
680.0,0.04,0.015,7.93074900035e-14,0
680.0,0.045,0.015,2.69514071727e-14,0
680.0,0.04,0.02,8.59008721342e-14,0
680.0,0.045,0.02,3.90354405301e-14,0
680.0,0.04,0.025,8.16635510764e-14,0
680.0,0.045,0.025,4.08775910015e-14,0
680.0,0.04,0.03,6.59770020691e-14,0
680.0,0.045,0.03,2.80495266861e-14,0
680.0,0.04,0.035,4.41609405009e-14,0
680.0,0.045,0.035,1.75190357578e-15,0
680.0,0.04,0.04,1.87610739469e-14,0
680.0,0.04,0.045,-7.5214962255e-15,0
680.0,0.045,0.04,-2.93289169952e-14,0
680.0,0.045,0.045,-6.06198135081e-14,0
680.0,0.04,0.05,-3.05197996939e-14,0
680.0,0.04,0.055,-4.18264246175e-14,0
680.0,0.045,0.05,-8.58453234082e-14,0
680.0,0.045,0.055,-9.51263395255e-14,0
680.0,0.04,0.06,-4.04541887832e-14,0
680.0,0.04,0.065,-3.27846848301e-14,0
680.0,0.045,0.06,-9.06054232238e-14,0
680.0,0.045,0.065,-8.26190060148e-14,0
680.0,0.04,0.07,-2.02112234634e-14,0
680.0,0.04,0.075,-4.58686094636e-15,0
680.0,0.045,0.07,-7.19859767284e-14,0
680.0,0.045,0.075,-5.88025835025e-14,0
680.0,0.05,-0.075,-9.79292770054e-14,0
680.0,0.05,-0.07,-6.20438693888e-14,0
680.0,0.055,-0.075,-1.20737130194e-13,0
680.0,0.055,-0.07,-7.94083581612e-14,0
680.0,0.05,-0.065,-2.9265417324e-14,0
680.0,0.055,-0.065,-4.13939166556e-14,0
680.0,0.05,-0.06,-1.0462892247e-15,0
680.0,0.055,-0.06,-8.25629260496e-15,0
680.0,0.05,-0.055,2.32217118116e-14,0
680.0,0.055,-0.055,2.10144231807e-14,0
680.0,0.05,-0.05,4.11197023387e-14,0
680.0,0.055,-0.05,4.28643120785e-14,0
680.0,0.05,-0.045,5.12112633153e-14,0
680.0,0.055,-0.045,5.53083131792e-14,0
680.0,0.05,-0.04,4.93711148518e-14,0
680.0,0.055,-0.04,5.43840758331e-14,0
680.0,0.05,-0.035,3.37725414019e-14,0
680.0,0.055,-0.035,3.77413486508e-14,0
680.0,0.05,-0.03,-9.31235371238e-15,0
680.0,0.055,-0.03,-7.32394275576e-15,0
680.0,0.05,-0.025,-7.88792950021e-14,0
680.0,0.055,-0.025,-7.99504114531e-14,0
680.0,0.05,-0.02,-1.6004673608e-13,0
680.0,0.055,-0.02,-1.68014264515e-13,0
680.0,0.05,-0.015,-2.15341316392e-13,0
680.0,0.055,-0.015,-2.31469307707e-13,0
680.0,0.05,-0.01,-2.40164589009e-13,0
680.0,0.055,-0.01,-2.56235542637e-13,0
680.0,0.05,-0.005,-2.56578472104e-13,0
680.0,0.055,-0.005,-2.63197655643e-13,0
680.0,0.05,0,-2.38474253487e-13,0
680.0,0.055,4.16333634234e-19,-2.3401102545e-13,0
680.0,0.05,0.005,-1.68418132604e-13,0
680.0,0.055,0.005,-1.71616759851e-13,0
680.0,0.05,0.01,-7.84519022971e-14,0
680.0,0.055,0.01,-9.91597020361e-14,0
680.0,0.05,0.015,-1.85809385935e-14,0
680.0,0.055,0.015,-5.24378217507e-14,0
680.0,0.05,0.02,-4.50335520561e-15,0
680.0,0.055,0.02,-3.98835999042e-14,0
680.0,0.05,0.025,-7.09652962818e-16,0
680.0,0.055,0.025,-3.82020715415e-14,0
680.0,0.05,0.03,-1.70728819171e-14,0
680.0,0.055,0.03,-5.95163466424e-14,0
680.0,0.05,0.035,-4.84543834204e-14,0
680.0,0.055,0.035,-9.70189178734e-14,0
680.0,0.05,0.04,-8.26024595941e-14,0
680.0,0.055,0.04,-1.34158853739e-13,0
680.0,0.05,0.045,-1.1685715295e-13,0
680.0,0.055,0.045,-1.69612088952e-13,0
680.0,0.05,0.05,-1.43016392498e-13,0
680.0,0.05,0.055,-1.47264331644e-13,0
680.0,0.055,0.05,-1.92708656801e-13,0
680.0,0.055,0.055,-1.92447756974e-13,0
680.0,0.05,0.06,-1.37658911575e-13,0
680.0,0.05,0.065,-1.26620192135e-13,0
680.0,0.055,0.06,-1.77640304554e-13,0
680.0,0.055,0.065,-1.56309643074e-13,0
680.0,0.05,0.07,-1.12449677033e-13,0
680.0,0.05,0.075,-9.45159240125e-14,0
680.0,0.055,0.07,-1.10260815938e-13,0
680.0,0.055,0.075,-6.49392874006e-14,0
680.0,0.06,-0.075,-1.41692205321e-13,0
680.0,0.06,-0.07,-9.50251934095e-14,0
680.0,0.065,-0.075,-1.61137986683e-13,0
680.0,0.065,-0.07,-1.09308207529e-13,0
680.0,0.06,-0.065,-5.17804736551e-14,0
680.0,0.065,-0.065,-6.06907253306e-14,0
680.0,0.06,-0.06,-1.40522769666e-14,0
680.0,0.065,-0.06,-1.82603526508e-14,0
680.0,0.06,-0.055,2.05626069329e-14,0
680.0,0.065,-0.055,2.20497477347e-14,0
680.0,0.06,-0.05,4.85067473857e-14,0
680.0,0.065,-0.05,5.81872428799e-14,0
680.0,0.06,-0.045,6.62535042815e-14,0
680.0,0.065,-0.045,8.43204558912e-14,0
680.0,0.06,-0.04,6.89469932942e-14,0
680.0,0.065,-0.04,9.49644680223e-14,0
680.0,0.06,-0.035,5.21179353051e-14,0
680.0,0.065,-0.035,8.13891232151e-14,0
680.0,0.06,-0.03,7.53278896976e-15,0
680.0,0.065,-0.03,3.9914246309e-14,0
680.0,0.06,-0.025,-6.15588764136e-14,0
680.0,0.065,-0.025,-1.88523745337e-14,0
680.0,0.06,-0.02,-1.45017340342e-13,0
680.0,0.065,-0.02,-9.13023829442e-14,0
680.0,0.06,-0.015,-2.07490378241e-13,0
680.0,0.065,-0.015,-1.33865892223e-13,0
680.0,0.06,-0.01,-2.24788686266e-13,0
680.0,0.065,-0.01,-1.28111776804e-13,0
680.0,0.06,-0.005,-2.11763622117e-13,0
680.0,0.065,-0.005,-1.05962724835e-13,0
680.0,0.06,0,-1.72772963725e-13,0
680.0,0.065,4.16333634234e-19,-7.06637509813e-14,0
680.0,0.06,0.005,-1.20295847477e-13,0
680.0,0.065,0.005,-2.71850133532e-14,0
680.0,0.06,0.01,-6.66970624186e-14,0
680.0,0.065,0.01,1.81581257613e-14,0
680.0,0.06,0.015,-3.51818032315e-14,0
680.0,0.065,0.015,4.47541454023e-14,0
680.0,0.06,0.02,-2.93573836346e-14,0
680.0,0.065,0.02,4.32590703195e-14,0
680.0,0.06,0.025,-3.84107551581e-14,0
680.0,0.065,0.025,2.42798800243e-14,0
680.0,0.06,0.03,-6.61440963799e-14,0
680.0,0.065,0.03,-1.18026576787e-14,0
680.0,0.06,0.035,-1.10823898889e-13,0
680.0,0.065,0.035,-6.27072923847e-14,0
680.0,0.06,0.04,-1.56949652028e-13,0
680.0,0.065,0.04,-1.1814373125e-13,0
680.0,0.06,0.045,-1.91024032771e-13,0
680.0,0.065,0.045,-1.47036259687e-13,0
680.0,0.06,0.05,-2.02506275482e-13,0
680.0,0.065,0.05,-1.4358186676e-13,0
680.0,0.06,0.055,-1.96932436872e-13,0
680.0,0.065,0.055,-1.32419443677e-13,0
680.0,0.06,0.06,-1.69418707255e-13,0
680.0,0.06,0.065,-1.12428720498e-13,0
680.0,0.065,0.06,-8.84938925763e-14,0
680.0,0.065,0.065,7.23226070154e-15,0
680.0,0.06,0.07,-2.6382248699e-14,0
680.0,0.06,0.075,5.6345313022e-14,0
680.0,0.065,0.07,1.31053537841e-13,0
680.0,0.065,0.075,2.55314721278e-13,0
680.0,0.07,-0.075,-1.79065120071e-13,0
680.0,0.07,-0.07,-1.22250764621e-13,0
680.0,0.075,-0.075,-1.93071488041e-13,0
680.0,0.075,-0.07,-1.32496522291e-13,0
680.0,0.07,-0.065,-6.87961156679e-14,0
680.0,0.075,-0.065,-7.44056939479e-14,0
680.0,0.07,-0.06,-2.1533725898e-14,0
680.0,0.075,-0.06,-2.39829217001e-14,0
680.0,0.07,-0.055,2.38706856747e-14,0
680.0,0.075,-0.055,2.5030176422e-14,0
680.0,0.07,-0.05,7.19438755672e-14,0
680.0,0.075,-0.05,8.84626819901e-14,0
680.0,0.07,-0.045,1.14556031195e-13,0
680.0,0.075,-0.045,1.52077877649e-13,0
680.0,0.07,-0.04,1.38514270999e-13,0
680.0,0.075,-0.04,1.91242994901e-13,0
680.0,0.07,-0.035,1.28120916171e-13,0
680.0,0.075,-0.035,1.82779626891e-13,0
680.0,0.07,-0.03,8.75085572408e-14,0
680.0,0.075,-0.03,1.41970818507e-13,0
680.0,0.07,-0.025,3.64255538126e-14,0
680.0,0.075,-0.025,9.48500775526e-14,0
680.0,0.07,-0.02,-1.55111565967e-14,0
680.0,0.075,-0.02,6.33375598779e-14,0
680.0,0.07,-0.015,-3.30417397787e-14,0
680.0,0.075,-0.015,6.93194581587e-14,0
680.0,0.07,-0.01,-1.65995420785e-14,0
680.0,0.075,-0.01,9.20428872523e-14,0
680.0,0.07,-0.005,9.71211931107e-15,0
680.0,0.075,-0.005,1.22246217714e-13,0
680.0,0.07,0,4.56262191201e-14,0
680.0,0.075,0,1.60475058427e-13,0
680.0,0.07,0.005,8.75764873884e-14,0
680.0,0.075,0.005,2.03807728976e-13,0
680.0,0.07,0.01,1.29798608706e-13,0
680.0,0.075,0.01,2.47774906715e-13,0
680.0,0.07,0.015,1.50856416244e-13,0
680.0,0.075,0.015,2.64621893296e-13,0
680.0,0.07,0.02,1.44232524744e-13,0
680.0,0.075,0.02,2.53391017456e-13,0
680.0,0.07,0.025,1.2064901104e-13,0
680.0,0.075,0.025,2.25512201983e-13,0
680.0,0.07,0.03,7.91603718957e-14,0
680.0,0.075,0.03,1.79056717986e-13,0
680.0,0.07,0.035,2.35167960822e-14,0
680.0,0.075,0.035,1.1913539661e-13,0
680.0,0.07,0.04,-3.67831146293e-14,0
680.0,0.075,0.04,5.15512378522e-14,0
680.0,0.07,0.045,-6.32150736913e-14,0
680.0,0.075,0.045,2.24097061401e-14,0
680.0,0.07,0.05,-5.56655336955e-14,0
680.0,0.075,0.05,3.14256913727e-14,0
680.0,0.07,0.055,-4.15759369732e-14,0
680.0,0.075,0.055,4.77855661078e-14,0
680.0,0.07,0.06,2.45321188519e-14,0
680.0,0.075,0.06,1.35998665719e-13,0
680.0,0.07,0.065,1.5884672713e-13,0
680.0,0.075,0.065,3.11289445533e-13,0
680.0,0.07,0.07,3.21644934031e-13,0
680.0,0.07,0.075,4.83819339914e-13,0
680.0,0.075,0.07,5.13104302036e-13,0
680.0,0.075,0.075,7.03131242402e-13,0
740.0,-0.00382671281566,-0.00202612167119,0,0
740.0,-0.005,-0.005,3.07771851513e-14,0
740.0,-0.00197892066871,-0.00385133392306,0,0
740.0,-0.005,-0.00190753787223,1.59170011955e-14,0
740.0,-0.00433,0,0,0
740.0,-0.00190753787223,-0.005,1.64691219148e-14,0
740.0,0,-0.00433,0,0
740.0,-0.005,0.00190775150599,1.35120052948e-14,0
740.0,-0.00385133392306,0.00197892066871,0,0
740.0,0.00190775150599,-0.005,1.51566577549e-14,0
740.0,0.00202612167119,-0.00382671281566,0,0
740.0,-0.00202612167119,0.00382671281566,0,0
740.0,-0.005,0.005,1.7905118804e-14,0
740.0,-0.0019094272225,0.005,1.4832768858e-14,0
740.0,0,0.00433,0,0
740.0,0.00147766755988,0.00407006125046,0,0
740.0,8.32667268469e-19,0.005,1.10253241542e-14,0
740.0,0.00433,0,0,0
740.0,0.005,1.38777878078e-18,1.26090592232e-14,0
740.0,0.00407006125046,0.00147766755988,0,0
740.0,0.005,-0.005,2.58153494086e-14,0
740.0,0.00385133392306,-0.00197892066871,0,0
740.0,0.005,-0.0019094272225,1.63570116361e-14,0
740.0,0.00306177236254,0.00306177236254,0,0
740.0,0.0019094272225,0.005,1.55871269389e-14,0
740.0,0.005,0.0019094272225,1.80136396966e-14,0
740.0,-0.000885,-0.0015328649647,1.2716613725e-12,0
740.0,-0.0015328649647,-0.000885,1.27178378909e-12,0
740.0,-0.00186450691264,-0.00187567167242,8.43118326184e-13,0
740.0,-0.00177,0,1.27147541277e-12,0
740.0,-0.00268433516245,-0.000738983120158,7.59190466234e-13,0
740.0,0,-0.00177,1.27162288616e-12,0
740.0,-0.000718432264205,-0.00269192408424,7.5748407774e-13,0
740.0,-0.0015328649647,0.000885,1.26997064911e-12,0
740.0,-0.00265321485144,0.000647311733689,7.89976805636e-13,0
740.0,-0.000885,0.0015328649647,1.26834267717e-12,0
740.0,-0.00194719253591,0.00178443766524,8.4404454678e-13,0
740.0,0,0.00177,1.26423571445e-12,0
740.0,-0.000802720381054,0.00273415977115,7.175790063e-13,0
740.0,0.000885,-0.0015328649647,1.27031144026e-12,0
740.0,0.00075154031863,-0.00270385456952,7.45372672995e-13,0
740.0,0.00177,0,1.26257527947e-12,0
740.0,0.0015328649647,-0.000885,1.2681585222e-12,0
740.0,0.00271471102228,-0.000564731152102,7.60997881899e-13,0
740.0,0.00192394637685,-0.00189207206672,8.10185254422e-13,0
740.0,0.00231817117671,0.00040530921667,9.88019193382e-13,0
740.0,0.0015328649647,0.000885,1.2608411494e-12,0
740.0,0.000885,0.0015328649647,1.26154629797e-12,0
740.0,0.000427053001345,0.00287092483521,6.82264369661e-13,0
740.0,0.00187618296239,0.00184774001435,8.33431656306e-13,0
740.0,0.00312733402203,0.000607809752493,5.19255760868e-13,0
740.0,0.00276214303706,0.00136595635004,5.76922459845e-13,0
740.0,0.0014100336009,0.00268674970267,6.04837845538e-13,0
740.0,-0.075,-0.075,1.65828426177e-12,0
740.0,-0.07,-0.075,1.49204514158e-12,0
740.0,-0.075,-0.07,1.02242842527e-12,0
740.0,-0.07,-0.07,9.03088535972e-13,0
740.0,-0.075,-0.065,3.40361790914e-13,0
740.0,-0.07,-0.065,2.93769425233e-13,0
740.0,-0.065,-0.075,1.29803230019e-12,0
740.0,-0.065,-0.07,7.80910021363e-13,0
740.0,-0.065,-0.065,2.56923437478e-13,0
740.0,-0.075,-0.06,-4.21714639935e-13,0
740.0,-0.07,-0.06,-3.05261508777e-13,0
740.0,-0.065,-0.06,-2.17189138062e-13,0
740.0,-0.075,-0.055,-9.36516029758e-13,0
740.0,-0.07,-0.055,-6.89113737757e-13,0
740.0,-0.065,-0.055,-5.00091280376e-13,0
740.0,-0.075,-0.05,-1.1128019512e-12,0
740.0,-0.07,-0.05,-8.3419954183e-13,0
740.0,-0.065,-0.05,-6.02805851402e-13,0
740.0,-0.075,-0.045,-1.14660306745e-12,0
740.0,-0.07,-0.045,-8.67094146316e-13,0
740.0,-0.065,-0.045,-6.29901153012e-13,0
740.0,-0.075,-0.04,-1.05553440236e-12,0
740.0,-0.07,-0.04,-7.88093411419e-13,0
740.0,-0.075,-0.035,-8.72482050254e-13,0
740.0,-0.07,-0.035,-6.15194939451e-13,0
740.0,-0.065,-0.04,-5.61645113668e-13,0
740.0,-0.065,-0.035,-3.94358927509e-13,0
740.0,-0.075,-0.03,-3.49598311715e-13,0
740.0,-0.07,-0.03,-2.11045385621e-13,0
740.0,-0.075,-0.025,4.87739706784e-13,0
740.0,-0.07,-0.025,3.86948326351e-13,0
740.0,-0.065,-0.03,-8.98642860474e-14,0
740.0,-0.065,-0.025,3.0738002257e-13,0
740.0,-0.075,-0.02,1.3080262439e-12,0
740.0,-0.07,-0.02,9.67902790293e-13,0
740.0,-0.075,-0.015,1.84706587271e-12,0
740.0,-0.07,-0.015,1.36045620711e-12,0
740.0,-0.065,-0.02,6.88239844202e-13,0
740.0,-0.065,-0.015,9.607087666e-13,0
740.0,-0.075,-0.01,1.90740186297e-12,0
740.0,-0.07,-0.01,1.40926363646e-12,0
740.0,-0.075,-0.005,1.44196722653e-12,0
740.0,-0.07,-0.005,1.03125914668e-12,0
740.0,-0.065,-0.01,1.00119929869e-12,0
740.0,-0.065,-0.005,6.77289207407e-13,0
740.0,-0.075,0,6.79942844778e-13,0
740.0,-0.07,0,3.8643612559e-13,0
740.0,-0.075,0.005,-1.07439778355e-13,0
740.0,-0.07,0.005,-2.79159533657e-13,0
740.0,-0.065,4.16333634234e-19,1.08328885422e-13,0
740.0,-0.065,0.005,-4.82789215627e-13,0
740.0,-0.075,0.01,-6.48060760535e-13,0
740.0,-0.07,0.01,-7.28902088084e-13,0
740.0,-0.075,0.015,-6.86447649715e-13,0
740.0,-0.07,0.015,-7.52059655152e-13,0
740.0,-0.065,0.01,-8.64159802648e-13,0
740.0,-0.065,0.015,-8.54262197295e-13,0
740.0,-0.075,0.02,-4.06457886816e-13,0
740.0,-0.07,0.02,-4.76398949474e-13,0
740.0,-0.075,0.025,-7.22937138969e-14,0
740.0,-0.07,0.025,-1.41063108228e-13,0
740.0,-0.065,0.02,-5.69069472836e-13,0
740.0,-0.065,0.025,-2.13323420487e-13,0
740.0,-0.075,0.03,2.87525488056e-13,0
740.0,-0.07,0.03,2.14455121604e-13,0
740.0,-0.075,0.035,6.11793239244e-13,0
740.0,-0.07,0.035,5.2049695352e-13,0
740.0,-0.065,0.03,1.61412564323e-13,0
740.0,-0.065,0.035,4.51354484182e-13,0
740.0,-0.075,0.04,7.75933191637e-13,0
740.0,-0.07,0.04,6.60218290734e-13,0
740.0,-0.075,0.045,6.76888190504e-13,0
740.0,-0.07,0.045,5.895659217e-13,0
740.0,-0.065,0.04,5.63273626352e-13,0
740.0,-0.065,0.045,5.2146855602e-13,0
740.0,-0.075,0.05,4.4665565052e-13,0
740.0,-0.07,0.05,4.01390797937e-13,0
740.0,-0.075,0.055,1.47132072268e-13,0
740.0,-0.07,0.055,1.46427057766e-13,0
740.0,-0.065,0.05,3.76760915088e-13,0
740.0,-0.065,0.055,1.63206968673e-13,0
740.0,-0.075,0.06,-1.93166307164e-13,0
740.0,-0.07,0.06,-1.60121964545e-13,0
740.0,-0.075,0.065,-5.64590550381e-13,0
740.0,-0.07,0.065,-5.03714132026e-13,0
740.0,-0.065,0.06,-1.08875159854e-13,0
740.0,-0.065,0.065,-4.21843276525e-13,0
740.0,-0.075,0.07,-1.02852846717e-12,0
740.0,-0.07,0.07,-9.03525074595e-13,0
740.0,-0.075,0.075,-1.50818763791e-12,0
740.0,-0.07,0.075,-1.32031505693e-12,0
740.0,-0.065,0.07,-7.68168399052e-13,0
740.0,-0.065,0.075,-1.12296077374e-12,0
740.0,-0.06,-0.075,1.11716967438e-12,0
740.0,-0.06,-0.07,6.59955082727e-13,0
740.0,-0.06,-0.065,2.19601081589e-13,0
740.0,-0.055,-0.075,9.15731771723e-13,0
740.0,-0.055,-0.07,5.21045663235e-13,0
740.0,-0.055,-0.065,1.60842371058e-13,0
740.0,-0.06,-0.06,-1.50307459253e-13,0
740.0,-0.06,-0.055,-3.59649543118e-13,0
740.0,-0.055,-0.06,-1.19049728112e-13,0
740.0,-0.055,-0.055,-2.53377058534e-13,0
740.0,-0.06,-0.05,-4.31698291439e-13,0
740.0,-0.055,-0.05,-2.97840944354e-13,0
740.0,-0.06,-0.045,-4.44498319723e-13,0
740.0,-0.055,-0.045,-2.94958579857e-13,0
740.0,-0.06,-0.04,-3.75916906707e-13,0
740.0,-0.055,-0.04,-2.28319509688e-13,0
740.0,-0.06,-0.035,-2.29330463511e-13,0
740.0,-0.055,-0.035,-1.09886640218e-13,0
740.0,-0.06,-0.03,-4.15221458044e-15,0
740.0,-0.06,-0.025,2.6536532742e-13,0
740.0,-0.055,-0.03,5.77840725458e-14,0
740.0,-0.055,-0.025,2.40603960237e-13,0
740.0,-0.06,-0.02,5.06739774628e-13,0
740.0,-0.06,-0.015,6.8091964005e-13,0
740.0,-0.055,-0.02,3.88508092059e-13,0
740.0,-0.055,-0.015,4.95097086764e-13,0
740.0,-0.06,-0.01,6.82649550978e-13,0
740.0,-0.06,-0.005,3.95294416387e-13,0
740.0,-0.055,-0.01,4.63942099233e-13,0
740.0,-0.055,-0.005,2.1166883181e-13,0
740.0,-0.06,0,-1.16482561377e-13,0
740.0,-0.06,0.005,-6.52876656076e-13,0
740.0,-0.055,4.16333634234e-19,-2.55092919965e-13,0
740.0,-0.055,0.005,-7.46277097429e-13,0
740.0,-0.06,0.01,-9.78465578744e-13,0
740.0,-0.06,0.015,-9.5961897268e-13,0
740.0,-0.055,0.01,-1.02703707327e-12,0
740.0,-0.055,0.015,-9.99410575816e-13,0
740.0,-0.06,0.02,-6.63345753215e-13,0
740.0,-0.06,0.025,-2.62824764502e-13,0
740.0,-0.055,0.02,-6.97947126232e-13,0
740.0,-0.055,0.025,-2.82625486248e-13,0
740.0,-0.06,0.03,1.2215696631e-13,0
740.0,-0.06,0.035,3.85296223465e-13,0
740.0,-0.055,0.03,6.34951408879e-14,0
740.0,-0.055,0.035,2.99225848254e-13,0
740.0,-0.06,0.04,4.91147189474e-13,0
740.0,-0.06,0.045,4.92010125417e-13,0
740.0,-0.055,0.04,4.22766746825e-13,0
740.0,-0.055,0.045,4.77860150724e-13,0
740.0,-0.06,0.05,3.82471434508e-13,0
740.0,-0.06,0.055,2.02284264874e-13,0
740.0,-0.055,0.05,4.17031185209e-13,0
740.0,-0.055,0.055,2.67872623934e-13,0
740.0,-0.06,0.06,-4.06277061784e-14,0
740.0,-0.06,0.065,-3.28499042237e-13,0
740.0,-0.055,0.06,4.87775177538e-14,0
740.0,-0.055,0.065,-2.20746525654e-13,0
740.0,-0.06,0.07,-6.50639301824e-13,0
740.0,-0.06,0.075,-9.88927753955e-13,0
740.0,-0.055,0.07,-5.27405426182e-13,0
740.0,-0.055,0.075,-8.55545804157e-13,0
740.0,-0.05,-0.075,5.653320026e-13,0
740.0,-0.05,-0.07,3.26861417519e-13,0
740.0,-0.045,-0.075,2.55277232626e-13,0
740.0,-0.045,-0.07,1.59010443887e-13,0
740.0,-0.05,-0.065,9.87354424936e-14,0
740.0,-0.045,-0.065,5.02638029903e-14,0
740.0,-0.05,-0.06,-7.95009556012e-14,0
740.0,-0.05,-0.055,-1.66520020955e-13,0
740.0,-0.045,-0.06,-4.54688553865e-14,0
740.0,-0.045,-0.055,-1.04087768776e-13,0
740.0,-0.05,-0.05,-1.9489220178e-13,0
740.0,-0.05,-0.045,-1.82475014209e-13,0
740.0,-0.045,-0.05,-1.21075868173e-13,0
740.0,-0.045,-0.045,-1.02685900603e-13,0
740.0,-0.05,-0.04,-1.23660496606e-13,0
740.0,-0.045,-0.04,-5.08425437978e-14,0
740.0,-0.05,-0.035,-2.93523683697e-14,0
740.0,-0.045,-0.035,2.55190057289e-14,0
740.0,-0.05,-0.03,9.27150002327e-14,0
740.0,-0.045,-0.03,1.14903650048e-13,0
740.0,-0.05,-0.025,2.20011602947e-13,0
740.0,-0.045,-0.025,2.04515394024e-13,0
740.0,-0.05,-0.02,3.27816179483e-13,0
740.0,-0.05,-0.015,4.05760743806e-13,0
740.0,-0.045,-0.02,2.84021364815e-13,0
740.0,-0.045,-0.015,3.41708864917e-13,0
740.0,-0.05,-0.01,3.44695768622e-13,0
740.0,-0.05,-0.005,9.91378659728e-14,0
740.0,-0.045,-0.01,2.75050772969e-13,0
740.0,-0.045,-0.005,2.90946187073e-14,0
740.0,-0.05,0,-3.3592879542e-13,0
740.0,-0.05,0.005,-7.66698886852e-13,0
740.0,-0.045,4.16333634234e-19,-3.71740904079e-13,0
740.0,-0.045,0.005,-7.14487357457e-13,0
740.0,-0.05,0.01,-9.80555848099e-13,0
740.0,-0.05,0.015,-9.65965950702e-13,0
740.0,-0.045,0.01,-8.41005769868e-13,0
740.0,-0.045,0.015,-8.70922575963e-13,0
740.0,-0.05,0.02,-6.91696749465e-13,0
740.0,-0.05,0.025,-3.07636282249e-13,0
740.0,-0.045,0.02,-6.61678106921e-13,0
740.0,-0.045,0.025,-3.22544120253e-13,0
740.0,-0.05,0.03,-4.21242398688e-15,0
740.0,-0.05,0.035,2.19980926121e-13,0
740.0,-0.045,0.03,-6.43197958389e-14,0
740.0,-0.045,0.035,1.48341876683e-13,0
740.0,-0.05,0.04,3.57079309492e-13,0
740.0,-0.05,0.045,4.52007407021e-13,0
740.0,-0.045,0.04,3.01295465897e-13,0
740.0,-0.045,0.045,4.16247251207e-13,0
740.0,-0.05,0.05,4.58873470306e-13,0
740.0,-0.05,0.055,3.58559743907e-13,0
740.0,-0.045,0.05,4.73321529208e-13,0
740.0,-0.045,0.055,4.4879834312e-13,0
740.0,-0.05,0.06,1.67008577008e-13,0
740.0,-0.05,0.065,-8.71296257694e-14,0
740.0,-0.045,0.06,3.02851093506e-13,0
740.0,-0.045,0.065,6.39943386095e-14,0
740.0,-0.05,0.07,-3.82800820431e-13,0
740.0,-0.05,0.075,-6.9766215586e-13,0
740.0,-0.045,0.07,-2.19768907339e-13,0
740.0,-0.045,0.075,-5.15773692547e-13,0
740.0,-0.04,-0.075,1.39058402666e-13,0
740.0,-0.04,-0.07,7.68902165357e-14,0
740.0,-0.035,-0.075,4.81662137063e-14,0
740.0,-0.035,-0.07,1.15700599572e-14,0
740.0,-0.04,-0.065,1.1053873327e-14,0
740.0,-0.035,-0.065,-2.5693376382e-14,0
740.0,-0.04,-0.06,-4.44804289099e-14,0
740.0,-0.035,-0.06,-5.3013110029e-14,0
740.0,-0.04,-0.055,-7.46216019927e-14,0
740.0,-0.035,-0.055,-6.22926885006e-14,0
740.0,-0.04,-0.05,-7.64200071043e-14,0
740.0,-0.04,-0.045,-5.21342710314e-14,0
740.0,-0.035,-0.05,-5.18438418112e-14,0
740.0,-0.035,-0.045,-2.2271325802e-14,0
740.0,-0.04,-0.04,-4.4035717479e-15,0
740.0,-0.04,-0.035,5.92093647326e-14,0
740.0,-0.035,-0.04,2.37009505776e-14,0
740.0,-0.035,-0.035,7.92944978567e-14,0
740.0,-0.04,-0.03,1.28862448897e-13,0
740.0,-0.035,-0.03,1.3622588902e-13,0
740.0,-0.04,-0.025,1.96035397197e-13,0
740.0,-0.035,-0.025,1.86567625147e-13,0
740.0,-0.04,-0.02,2.49627336349e-13,0
740.0,-0.035,-0.02,2.18664931474e-13,0
740.0,-0.04,-0.015,2.80453152349e-13,0
740.0,-0.035,-0.015,2.25140089509e-13,0
740.0,-0.04,-0.01,2.18797231407e-13,0
740.0,-0.04,-0.005,1.01101366239e-14,0
740.0,-0.035,-0.01,1.70292544101e-13,0
740.0,-0.035,-0.005,3.86429111334e-14,0
740.0,-0.04,0,-3.24978569888e-13,0
740.0,-0.04,0.005,-5.93380351771e-13,0
740.0,-0.035,4.16333634234e-19,-2.22945000207e-13,0
740.0,-0.035,0.005,-4.59299074197e-13,0
740.0,-0.04,0.01,-6.98702902158e-13,0
740.0,-0.04,0.015,-7.38445688909e-13,0
740.0,-0.035,0.01,-5.71196603633e-13,0
740.0,-0.035,0.015,-6.04567678114e-13,0
740.0,-0.04,0.02,-5.96318893282e-13,0
740.0,-0.04,0.025,-3.34025888701e-13,0
740.0,-0.035,0.02,-5.08695898199e-13,0
740.0,-0.035,0.025,-3.32534898284e-13,0
740.0,-0.04,0.03,-1.10360877896e-13,0
740.0,-0.04,0.035,8.86763640149e-14,0
740.0,-0.035,0.03,-1.41563707678e-13,0
740.0,-0.035,0.035,4.03406705929e-14,0
740.0,-0.04,0.04,2.51708972051e-13,0
740.0,-0.04,0.045,3.81179116969e-13,0
740.0,-0.035,0.04,2.02374944282e-13,0
740.0,-0.035,0.045,3.40238222275e-13,0
740.0,-0.04,0.05,4.66777607958e-13,0
740.0,-0.04,0.055,5.04956681191e-13,0
740.0,-0.035,0.05,4.44549446031e-13,0
740.0,-0.035,0.055,5.13779845074e-13,0
740.0,-0.04,0.06,4.27115828693e-13,0
740.0,-0.04,0.065,2.09247965549e-13,0
740.0,-0.035,0.06,4.88633006041e-13,0
740.0,-0.035,0.065,3.18273755926e-13,0
740.0,-0.04,0.07,-6.00142519026e-14,0
740.0,-0.04,0.075,-3.33806752683e-13,0
740.0,-0.035,0.07,7.84089793072e-14,0
740.0,-0.035,0.075,-1.69385154592e-13,0
740.0,-0.03,-0.075,-2.10334869723e-14,0
740.0,-0.03,-0.07,-4.04203329045e-14,0
740.0,-0.025,-0.075,-7.63819796234e-14,0
740.0,-0.025,-0.07,-8.38766007251e-14,0
740.0,-0.03,-0.065,-5.87994841414e-14,0
740.0,-0.025,-0.065,-9.03656920826e-14,0
740.0,-0.03,-0.06,-6.85356605962e-14,0
740.0,-0.025,-0.06,-8.88330343503e-14,0
740.0,-0.03,-0.055,-6.36159227419e-14,0
740.0,-0.025,-0.055,-7.3213602147e-14,0
740.0,-0.03,-0.05,-4.28845795393e-14,0
740.0,-0.025,-0.05,-4.39545618434e-14,0
740.0,-0.03,-0.045,-7.84528577619e-15,0
740.0,-0.025,-0.045,-4.41028361604e-15,0
740.0,-0.03,-0.04,3.79976376617e-14,0
740.0,-0.03,-0.035,8.86561088582e-14,0
740.0,-0.025,-0.04,4.19201164981e-14,0
740.0,-0.025,-0.035,8.97522901512e-14,0
740.0,-0.03,-0.03,1.36491866695e-13,0
740.0,-0.03,-0.025,1.73523657818e-13,0
740.0,-0.025,-0.03,1.32100842755e-13,0
740.0,-0.025,-0.025,1.59902175812e-13,0
740.0,-0.03,-0.02,1.92030124266e-13,0
740.0,-0.025,-0.02,1.69224823362e-13,0
740.0,-0.03,-0.015,1.8893072802e-13,0
740.0,-0.025,-0.015,1.60213098319e-13,0
740.0,-0.03,-0.01,1.40802015e-13,0
740.0,-0.025,-0.01,1.1899656649e-13,0
740.0,-0.03,-0.005,4.36929755292e-14,0
740.0,-0.025,-0.005,4.17290420943e-14,0
740.0,-0.03,0,-1.24681304477e-13,0
740.0,-0.03,0.005,-3.07084907431e-13,0
740.0,-0.025,4.16333634234e-19,-6.25376671086e-14,0
740.0,-0.025,0.005,-1.84211125416e-13,0
740.0,-0.03,0.01,-4.39762096552e-13,0
740.0,-0.03,0.015,-4.90411821603e-13,0
740.0,-0.025,0.01,-3.05813146753e-13,0
740.0,-0.025,0.015,-3.77714611127e-13,0
740.0,-0.03,0.02,-4.31668751573e-13,0
740.0,-0.03,0.025,-3.12771973811e-13,0
740.0,-0.025,0.02,-3.65229765386e-13,0
740.0,-0.025,0.025,-2.8912506968e-13,0
740.0,-0.03,0.03,-1.60077462285e-13,0
740.0,-0.03,0.035,-2.29254188843e-15,0
740.0,-0.025,0.03,-1.7329499249e-13,0
740.0,-0.025,0.035,-4.33912417851e-14,0
740.0,-0.03,0.04,1.48391537822e-13,0
740.0,-0.03,0.045,2.83950094927e-13,0
740.0,-0.025,0.04,8.76913783017e-14,0
740.0,-0.025,0.045,2.10886501715e-13,0
740.0,-0.03,0.05,3.92287354725e-13,0
740.0,-0.03,0.055,4.6512986324e-13,0
740.0,-0.025,0.05,3.08549373996e-13,0
740.0,-0.025,0.055,3.55441741372e-13,0
740.0,-0.03,0.06,4.53148718263e-13,0
740.0,-0.03,0.065,3.26378203901e-13,0
740.0,-0.025,0.06,3.16008440483e-13,0
740.0,-0.025,0.065,2.00829931079e-13,0
740.0,-0.03,0.07,1.31176017921e-13,0
740.0,-0.03,0.075,-7.12560675021e-14,0
740.0,-0.025,0.07,3.54803451487e-14,0
740.0,-0.025,0.075,-1.42348795329e-13,0
740.0,-0.02,-0.075,-1.19471484009e-13,0
740.0,-0.02,-0.07,-1.19080092472e-13,0
740.0,-0.015,-0.075,-1.50324446213e-13,0
740.0,-0.015,-0.07,-1.45087023089e-13,0
740.0,-0.02,-0.065,-1.19195345377e-13,0
740.0,-0.015,-0.065,-1.42150565696e-13,0
740.0,-0.02,-0.06,-1.10508603033e-13,0
740.0,-0.015,-0.06,-1.30470119901e-13,0
740.0,-0.02,-0.055,-8.63510189305e-14,0
740.0,-0.015,-0.055,-1.00032089506e-13,0
740.0,-0.02,-0.05,-5.0685940078e-14,0
740.0,-0.015,-0.05,-6.02719391847e-14,0
740.0,-0.02,-0.045,-7.95928293852e-15,0
740.0,-0.015,-0.045,-1.61756276213e-14,0
740.0,-0.02,-0.04,3.84679669507e-14,0
740.0,-0.015,-0.04,3.0064227543e-14,0
740.0,-0.02,-0.035,8.4771481747e-14,0
740.0,-0.015,-0.035,7.4876942543e-14,0
740.0,-0.02,-0.03,1.2340698139e-13,0
740.0,-0.02,-0.025,1.44590335453e-13,0
740.0,-0.015,-0.03,1.10591143038e-13,0
740.0,-0.015,-0.025,1.26806592691e-13,0
740.0,-0.02,-0.02,1.47822858575e-13,0
740.0,-0.02,-0.015,1.36274087869e-13,0
740.0,-0.015,-0.02,1.26106492051e-13,0
740.0,-0.015,-0.015,1.13834246892e-13,0
740.0,-0.02,-0.01,1.02846270429e-13,0
740.0,-0.015,-0.01,8.75085990882e-14,0
740.0,-0.02,-0.005,4.56480226917e-14,0
740.0,-0.015,-0.005,4.82943314722e-14,0
740.0,-0.02,0,-2.91809151768e-14,0
740.0,-0.015,4.16333634234e-19,8.66780534854e-17,0
740.0,-0.02,0.005,-1.17714021214e-13,0
740.0,-0.015,0.005,-5.60975365963e-14,0
740.0,-0.02,0.01,-2.14427061268e-13,0
740.0,-0.02,0.015,-2.87702716093e-13,0
740.0,-0.015,0.01,-1.34198540529e-13,0
740.0,-0.015,0.015,-2.12984114334e-13,0
740.0,-0.02,0.02,-3.0738129994e-13,0
740.0,-0.02,0.025,-2.66792764339e-13,0
740.0,-0.015,0.02,-2.57719179867e-13,0
740.0,-0.015,0.025,-2.45276699169e-13,0
740.0,-0.02,0.03,-1.84822042263e-13,0
740.0,-0.02,0.035,-8.54598069431e-14,0
740.0,-0.015,0.03,-1.94568413925e-13,0
740.0,-0.015,0.035,-1.28571929705e-13,0
740.0,-0.02,0.04,2.17531873031e-14,0
740.0,-0.02,0.045,1.25403386569e-13,0
740.0,-0.015,0.04,-4.67186335918e-14,0
740.0,-0.015,0.045,3.34994283002e-14,0
740.0,-0.02,0.05,1.97047771226e-13,0
740.0,-0.02,0.055,2.01833585139e-13,0
740.0,-0.015,0.05,6.95498834812e-14,0
740.0,-0.015,0.055,4.03119042624e-14,0
740.0,-0.02,0.06,1.34724311407e-13,0
740.0,-0.02,0.065,1.45146583118e-14,0
740.0,-0.015,0.06,-4.56051247537e-14,0
740.0,-0.015,0.065,-1.76417821294e-13,0
740.0,-0.02,0.07,-1.46871457795e-13,0
740.0,-0.02,0.075,-3.2485705571e-13,0
740.0,-0.015,0.07,-3.44668765182e-13,0
740.0,-0.015,0.075,-5.31473651978e-13,0
740.0,-0.01,-0.075,-1.62351195702e-13,0
740.0,-0.01,-0.07,-1.52867684253e-13,0
740.0,-0.005,-0.075,-1.50227987451e-13,0
740.0,-0.005,-0.07,-1.37773130239e-13,0
740.0,-0.01,-0.065,-1.492029317e-13,0
740.0,-0.005,-0.065,-1.30600370648e-13,0
740.0,-0.01,-0.06,-1.40105445882e-13,0
740.0,-0.005,-0.06,-1.24801855082e-13,0
740.0,-0.01,-0.055,-1.09705050495e-13,0
740.0,-0.005,-0.055,-1.12009073407e-13,0
740.0,-0.01,-0.05,-7.02201599301e-14,0
740.0,-0.005,-0.05,-7.90893181538e-14,0
740.0,-0.01,-0.045,-2.7495943811e-14,0
740.0,-0.005,-0.045,-4.10379501052e-14,0
740.0,-0.01,-0.04,1.70081610323e-14,0
740.0,-0.005,-0.04,2.02239842265e-16,0
740.0,-0.01,-0.035,5.98073101906e-14,0
740.0,-0.005,-0.035,4.02320928476e-14,0
740.0,-0.01,-0.03,9.27477196175e-14,0
740.0,-0.005,-0.03,7.05678028382e-14,0
740.0,-0.01,-0.025,1.05687733662e-13,0
740.0,-0.005,-0.025,8.04478756693e-14,0
740.0,-0.01,-0.02,1.03058862519e-13,0
740.0,-0.01,-0.015,9.16467217855e-14,0
740.0,-0.005,-0.02,7.83786800239e-14,0
740.0,-0.005,-0.015,6.92960320945e-14,0
740.0,-0.0117873230072,-0.0115873794689,8.53717378684e-14,0
740.0,-0.00939961996336,-0.005,4.35848486307e-14,0
740.0,-0.00792797428371,-0.00964253216809,6.19983475376e-14,0
740.0,-0.005,-0.00939961996336,5.03499030262e-14,0
740.0,-0.0108753492546,-0.00150606400588,2.48081369247e-14,0
740.0,-0.00818101620308,-0.00211452602544,2.82367482999e-14,0
740.0,-0.00651817360753,-0.000255934956239,1.97132374458e-14,0
740.0,-0.005,6.71033969428e-08,1.11160403063e-14,0
740.0,-0.0107292118043,0.00160660295843,6.38694527915e-15,0
740.0,-0.0080188992252,0.000768320427092,1.79434924036e-14,0
740.0,-0.00939946851065,0.005,-4.80801452575e-15,0
740.0,-0.00802129342231,0.00264911934363,1.22586904977e-14,0
740.0,-0.00887989370213,0.00887989479405,-3.48816094437e-14,0
740.0,-0.01,0.015,-1.33822789559e-13,0
740.0,-0.005,0.00939947397025,-4.09798925822e-15,0
740.0,-0.005,0.015,-6.46674178935e-14,0
740.0,-0.01,0.02,-1.92855716143e-13,0
740.0,-0.01,0.025,-2.09872162493e-13,0
740.0,-0.005,0.02,-1.16381941468e-13,0
740.0,-0.005,0.025,-1.52344012137e-13,0
740.0,-0.01,0.03,-1.90477188866e-13,0
740.0,-0.01,0.035,-1.6341192294e-13,0
740.0,-0.005,0.03,-1.64158920851e-13,0
740.0,-0.005,0.035,-1.6992931935e-13,0
740.0,-0.01,0.04,-1.22897789833e-13,0
740.0,-0.01,0.045,-8.50576513734e-14,0
740.0,-0.005,0.04,-1.74049245987e-13,0
740.0,-0.005,0.045,-1.76166385617e-13,0
740.0,-0.01,0.05,-8.27886233379e-14,0
740.0,-0.01,0.055,-1.24259291713e-13,0
740.0,-0.005,0.05,-1.92279586232e-13,0
740.0,-0.005,0.055,-2.29244078465e-13,0
740.0,-0.01,0.06,-2.11003104592e-13,0
740.0,-0.01,0.065,-3.39476205501e-13,0
740.0,-0.005,0.06,-2.9495292719e-13,0
740.0,-0.005,0.065,-3.89850663577e-13,0
740.0,-0.01,0.07,-4.98604852248e-13,0
740.0,-0.01,0.075,-6.8467660478e-13,0
740.0,-0.005,0.07,-5.09649387421e-13,0
740.0,-0.005,0.075,-6.58498196464e-13,0
740.0,0,-0.075,-2.35046382153e-14,0
740.0,0,-0.07,-2.69691959308e-14,0
740.0,0.005,-0.075,2.04664378751e-13,0
740.0,0.005,-0.07,1.4908333279e-13,0
740.0,0,-0.065,-3.34351681547e-14,0
740.0,0.005,-0.065,9.86757318024e-14,0
740.0,0,-0.06,-5.49276828326e-14,0
740.0,0.005,-0.06,3.33994995947e-14,0
740.0,0,-0.055,-7.86800979668e-14,0
740.0,0.005,-0.055,-2.69489382187e-14,0
740.0,0,-0.05,-8.02175004088e-14,0
740.0,0.005,-0.05,-6.65978319343e-14,0
740.0,0,-0.045,-6.38218635959e-14,0
740.0,0.005,-0.045,-8.226613583e-14,0
740.0,0,-0.04,-3.61139134499e-14,0
740.0,0.005,-0.04,-7.81384391299e-14,0
740.0,0,-0.035,-1.90644312154e-15,0
740.0,0.005,-0.035,-5.61200119922e-14,0
740.0,0,-0.03,2.87366018885e-14,0
740.0,0.005,-0.03,-2.68836827442e-14,0
740.0,0,-0.025,4.57361438145e-14,0
740.0,0.005,-0.025,1.63418220605e-15,0
740.0,0,-0.02,5.04016419069e-14,0
740.0,0.005,-0.02,2.03398621953e-14,0
740.0,0,-0.015,4.78977142841e-14,0
740.0,0.005,-0.015,2.90966551813e-14,0
740.0,-0.0021196717084,-0.00776771017156,3.4029721344e-14,0
740.0,-0.00084550708518,-0.00631514607954,2.35317999384e-14,0
740.0,6.71033969406e-08,-0.005,1.20704389036e-14,0
740.0,-0.00139054260708,-0.0110960807567,4.44358968064e-14,0
740.0,0.00132468676756,-0.00775008274642,2.84750252222e-14,0
740.0,0.00160394440688,-0.0116908851489,3.77900371211e-14,0
740.0,0.005,-0.00939946851065,3.0996800983e-14,0
740.0,0.005,0.005,3.39495530865e-14,0
740.0,-0.000107646311398,0.00617659695633,2.30347674087e-14,0
740.0,-0.00190846935279,0.0076427502668,2.23542786686e-14,0
740.0,0.00131146485568,0.00777290068297,2.85014624832e-14,0
740.0,0.00295884413402,0.00640276348073,2.89082267971e-14,0
740.0,-1.21517769428e-05,0.0108932602996,1.53952091036e-14,0
740.0,0,0.015,-1.13682910757e-14,0
740.0,0.005,0.00939942566771,4.64728321866e-14,0
740.0,0.005,0.015,3.95079786268e-14,0
740.0,0,0.02,-5.02196090884e-14,0
740.0,0,0.025,-8.77413242696e-14,0
740.0,0.005,0.02,1.34750464596e-14,0
740.0,0.005,0.025,-2.34125690432e-14,0
740.0,0,0.03,-1.19174182152e-13,0
740.0,0,0.035,-1.47998168975e-13,0
740.0,0.005,0.03,-6.31903813e-14,0
740.0,0.005,0.035,-1.03146325717e-13,0
740.0,0,0.04,-1.78592925791e-13,0
740.0,0,0.045,-1.99242413075e-13,0
740.0,0.005,0.04,-1.41190500218e-13,0
740.0,0.005,0.045,-1.66975188489e-13,0
740.0,0,0.05,-2.14790501648e-13,0
740.0,0,0.055,-2.39306730338e-13,0
740.0,0.005,0.05,-1.78888900806e-13,0
740.0,0.005,0.055,-1.82465425982e-13,0
740.0,0,0.06,-2.70016160398e-13,0
740.0,0,0.065,-3.08904970848e-13,0
740.0,0.005,0.06,-1.74456594357e-13,0
740.0,0.005,0.065,-1.55660484275e-13,0
740.0,0,0.07,-3.75721783027e-13,0
740.0,0,0.075,-4.67556342931e-13,0
740.0,0.005,0.07,-1.59999948439e-13,0
740.0,0.005,0.075,-1.75484664266e-13,0
740.0,0.01,-0.075,3.96722795298e-13,0
740.0,0.01,-0.07,2.83454223456e-13,0
740.0,0.015,-0.075,4.74411873668e-13,0
740.0,0.015,-0.07,3.47834172789e-13,0
740.0,0.01,-0.065,1.77057259996e-13,0
740.0,0.015,-0.065,2.30834222547e-13,0
740.0,0.01,-0.06,9.11755914984e-14,0
740.0,0.015,-0.06,1.32796974892e-13,0
740.0,0.01,-0.055,1.55681551567e-14,0
740.0,0.015,-0.055,4.47453781072e-14,0
740.0,0.01,-0.05,-4.71800007129e-14,0
740.0,0.015,-0.05,-3.33416611922e-14,0
740.0,0.01,-0.045,-9.09666458991e-14,0
740.0,0.015,-0.045,-9.97761627205e-14,0
740.0,0.01,-0.04,-1.09154850314e-13,0
740.0,0.015,-0.04,-1.39660760683e-13,0
740.0,0.01,-0.035,-1.01469843759e-13,0
740.0,0.015,-0.035,-1.43538234136e-13,0
740.0,0.01,-0.03,-7.85157380606e-14,0
740.0,0.015,-0.03,-1.26130684793e-13,0
740.0,0.01,-0.025,-5.20790037032e-14,0
740.0,0.015,-0.025,-1.03334195271e-13,0
740.0,0.01,-0.02,-1.9763212264e-14,0
740.0,0.01,-0.015,1.10349499817e-14,0
740.0,0.015,-0.02,-5.97971379031e-14,0
740.0,0.015,-0.015,-3.4491193643e-15,0
740.0,0.00999280436795,-0.0116358337096,2.71636679954e-14,0
740.0,0.0105889214373,-0.00845762197625,4.18290246293e-14,0
740.0,0.015,-0.01,4.43199936819e-14,0
740.0,0.00939947397025,-0.005,4.7080039195e-14,0
740.0,0.015,-0.005,8.7213792841e-14,0
740.0,0.00658051136513,-0.00296146438142,3.10298735681e-14,0
740.0,0.00636794669772,-3.54305826484e-06,2.83494095119e-14,0
740.0,0.00795807888052,-0.00113999998936,4.20676475203e-14,0
740.0,0.00758147027913,0.00183630393596,4.47705112124e-14,0
740.0,0.0112534647756,-1.47536350887e-07,7.81808984697e-14,0
740.0,0.015,4.16333634234e-19,1.20129441803e-13,0
740.0,0.00939942566771,0.005,7.69334804882e-14,0
740.0,0.015,0.005,1.48493597083e-13,0
740.0,0.00999018807453,0.0109670628501,9.94366528332e-14,0
740.0,0.01,0.015,9.72942929312e-14,0
740.0,0.015,0.01,1.64520031025e-13,0
740.0,0.015,0.015,1.64214593836e-13,0
740.0,0.01,0.02,7.64782339197e-14,0
740.0,0.01,0.025,3.86532755838e-14,0
740.0,0.015,0.02,1.42306775095e-13,0
740.0,0.015,0.025,9.95138944064e-14,0
740.0,0.01,0.03,-5.69423717932e-15,0
740.0,0.01,0.035,-4.92428797758e-14,0
740.0,0.015,0.03,4.84896561014e-14,0
740.0,0.015,0.035,-8.9050814502e-16,0
740.0,0.01,0.04,-8.69864803365e-14,0
740.0,0.01,0.045,-1.10932834871e-13,0
740.0,0.015,0.04,-4.13252020535e-14,0
740.0,0.015,0.045,-6.5331321896e-14,0
740.0,0.01,0.05,-1.15675191895e-13,0
740.0,0.01,0.055,-1.01522957331e-13,0
740.0,0.015,0.05,-6.36603637727e-14,0
740.0,0.015,0.055,-3.30097574995e-14,0
740.0,0.01,0.06,-6.64144830159e-14,0
740.0,0.01,0.065,-1.28407428201e-14,0
740.0,0.015,0.06,3.13119263272e-14,0
740.0,0.015,0.065,1.24316187111e-13,0
740.0,0.01,0.07,7.49972087972e-14,0
740.0,0.01,0.075,1.78414284138e-13,0
740.0,0.015,0.07,2.7748371148e-13,0
740.0,0.015,0.075,4.64890637893e-13,0
740.0,0.02,-0.075,4.57835881417e-13,0
740.0,0.02,-0.07,3.4376486826e-13,0
740.0,0.025,-0.075,3.94863064029e-13,0
740.0,0.025,-0.07,2.97512400735e-13,0
740.0,0.02,-0.065,2.40361660763e-13,0
740.0,0.025,-0.065,2.05938139042e-13,0
740.0,0.02,-0.06,1.43615605112e-13,0
740.0,0.025,-0.06,1.22008676049e-13,0
740.0,0.02,-0.055,5.17975347136e-14,0
740.0,0.025,-0.055,4.33258249578e-14,0
740.0,0.02,-0.05,-2.87417863159e-14,0
740.0,0.025,-0.05,-3.05325027708e-14,0
740.0,0.02,-0.045,-1.01582210265e-13,0
740.0,0.025,-0.045,-1.000817936e-13,0
740.0,0.02,-0.04,-1.60713916667e-13,0
740.0,0.025,-0.04,-1.67274744003e-13,0
740.0,0.02,-0.035,-1.78036730759e-13,0
740.0,0.025,-0.035,-1.9756800134e-13,0
740.0,0.02,-0.03,-1.65124733904e-13,0
740.0,0.025,-0.03,-1.92648360952e-13,0
740.0,0.02,-0.025,-1.45514400532e-13,0
740.0,0.025,-0.025,-1.76225576275e-13,0
740.0,0.02,-0.02,-9.21079091843e-14,0
740.0,0.025,-0.02,-1.20321088619e-13,0
740.0,0.02,-0.015,-1.45587949217e-14,0
740.0,0.025,-0.015,-2.7138353433e-14,0
740.0,0.02,-0.01,5.48174429738e-14,0
740.0,0.025,-0.01,6.25396491387e-14,0
740.0,0.02,-0.005,1.23187570387e-13,0
740.0,0.025,-0.005,1.53527011449e-13,0
740.0,0.02,0,1.85841849275e-13,0
740.0,0.025,4.16333634234e-19,2.50568189294e-13,0
740.0,0.02,0.005,2.28096923059e-13,0
740.0,0.025,0.005,3.14129834911e-13,0
740.0,0.02,0.01,2.43990146693e-13,0
740.0,0.025,0.01,3.31885133755e-13,0
740.0,0.02,0.015,2.39921946558e-13,0
740.0,0.025,0.015,3.21718864801e-13,0
740.0,0.02,0.02,2.10263594818e-13,0
740.0,0.02,0.025,1.56502083599e-13,0
740.0,0.025,0.02,2.76447192873e-13,0
740.0,0.025,0.025,1.99624999607e-13,0
740.0,0.02,0.03,9.14621619117e-14,0
740.0,0.02,0.035,3.02658884158e-14,0
740.0,0.025,0.03,1.15256398163e-13,0
740.0,0.025,0.035,4.19631288689e-14,0
740.0,0.02,0.04,-1.57950089116e-14,0
740.0,0.02,0.045,-4.17877823115e-14,0
740.0,0.025,0.04,-1.16618285749e-14,0
740.0,0.025,0.045,-4.35339000599e-14,0
740.0,0.02,0.05,-3.5439240147e-14,0
740.0,0.02,0.055,7.09481716379e-15,0
740.0,0.025,0.05,-3.65950314998e-14,0
740.0,0.025,0.055,2.07321245847e-14,0
740.0,0.02,0.06,1.06083532275e-13,0
740.0,0.02,0.065,2.42611130331e-13,0
740.0,0.025,0.06,1.35657333301e-13,0
740.0,0.025,0.065,2.86870780856e-13,0
740.0,0.02,0.07,4.11234620437e-13,0
740.0,0.02,0.075,6.11379061687e-13,0
740.0,0.025,0.07,4.64916512241e-13,0
740.0,0.025,0.075,6.68773857766e-13,0
740.0,0.03,-0.075,3.07253883852e-13,0
740.0,0.03,-0.07,2.23865174278e-13,0
740.0,0.035,-0.075,2.05104359028e-13,0
740.0,0.035,-0.07,1.36069506244e-13,0
740.0,0.03,-0.065,1.48511212215e-13,0
740.0,0.035,-0.065,7.98174977004e-14,0
740.0,0.03,-0.06,8.26553898931e-14,0
740.0,0.035,-0.06,3.91980486239e-14,0
740.0,0.03,-0.055,2.2233745456e-14,0
740.0,0.035,-0.055,1.63694650947e-15,0
740.0,0.03,-0.05,-3.46832171933e-14,0
740.0,0.035,-0.05,-3.30514499309e-14,0
740.0,0.03,-0.045,-9.13675484577e-14,0
740.0,0.035,-0.045,-7.08024700896e-14,0
740.0,0.03,-0.04,-1.55702034199e-13,0
740.0,0.035,-0.04,-1.23861465441e-13,0
740.0,0.03,-0.035,-1.98332397331e-13,0
740.0,0.035,-0.035,-1.76712764651e-13,0
740.0,0.03,-0.03,-2.06223494412e-13,0
740.0,0.035,-0.03,-2.06250273188e-13,0
740.0,0.03,-0.025,-1.98000089543e-13,0
740.0,0.035,-0.025,-2.09574131258e-13,0
740.0,0.03,-0.02,-1.52848564488e-13,0
740.0,0.035,-0.02,-1.81154029891e-13,0
740.0,0.03,-0.015,-6.97650973734e-14,0
740.0,0.035,-0.015,-1.2261863058e-13,0
740.0,0.03,-0.01,3.83788635902e-14,0
740.0,0.035,-0.01,-1.91985866828e-14,0
740.0,0.03,-0.005,1.64034381039e-13,0
740.0,0.035,-0.005,1.22745332614e-13,0
740.0,0.03,0,2.92595425886e-13,0
740.0,0.035,4.16333634234e-19,2.77263490621e-13,0
740.0,0.03,0.005,3.87610843276e-13,0
740.0,0.035,0.005,4.02054508306e-13,0
740.0,0.03,0.01,4.23189938968e-13,0
740.0,0.035,0.01,4.56495269545e-13,0
740.0,0.03,0.015,4.00281275823e-13,0
740.0,0.035,0.015,4.17622082372e-13,0
740.0,0.03,0.02,3.22077652753e-13,0
740.0,0.035,0.02,3.19164954228e-13,0
740.0,0.03,0.025,2.14193737565e-13,0
740.0,0.035,0.025,2.04219629062e-13,0
740.0,0.03,0.03,1.16359100401e-13,0
740.0,0.03,0.035,3.19421970614e-14,0
740.0,0.035,0.03,9.69344853575e-14,0
740.0,0.035,0.035,1.88654965896e-15,0
740.0,0.03,0.04,-3.1282677418e-14,0
740.0,0.03,0.045,-7.24300496125e-14,0
740.0,0.035,0.04,-7.28065170316e-14,0
740.0,0.035,0.045,-1.26150394404e-13,0
740.0,0.03,0.05,-7.06844579366e-14,0
740.0,0.03,0.055,-7.62805102396e-15,0
740.0,0.035,0.05,-1.35444459626e-13,0
740.0,0.035,0.055,-7.26493669826e-14,0
740.0,0.03,0.06,1.0864472647e-13,0
740.0,0.03,0.065,2.62537466896e-13,0
740.0,0.035,0.06,4.69487667718e-14,0
740.0,0.035,0.065,2.0229982276e-13,0
740.0,0.03,0.07,4.4599113951e-13,0
740.0,0.03,0.075,6.50505921506e-13,0
740.0,0.035,0.07,3.86958362511e-13,0
740.0,0.035,0.075,5.91486757223e-13,0
740.0,0.04,-0.075,3.68298111117e-14,0
740.0,0.04,-0.07,2.01387385369e-14,0
740.0,0.045,-0.075,-1.47281137153e-13,0
740.0,0.045,-0.07,-9.85943144692e-14,0
740.0,0.04,-0.065,6.00186965555e-15,0
740.0,0.045,-0.065,-6.1842598565e-14,0
740.0,0.04,-0.06,-1.34017769428e-16,0
740.0,0.045,-0.06,-3.15665301431e-14,0
740.0,0.04,-0.055,-8.61069236954e-15,0
740.0,0.045,-0.055,-1.01797484606e-14,0
740.0,0.04,-0.05,-2.22727365543e-14,0
740.0,0.045,-0.05,-1.33134485802e-15,0
740.0,0.04,-0.045,-4.38396482791e-14,0
740.0,0.045,-0.045,-5.16121510827e-15,0
740.0,0.04,-0.04,-8.06633393448e-14,0
740.0,0.045,-0.04,-2.45124899467e-14,0
740.0,0.04,-0.035,-1.28357690947e-13,0
740.0,0.045,-0.035,-6.05537708564e-14,0
740.0,0.04,-0.03,-1.80230523406e-13,0
740.0,0.045,-0.03,-1.22026796346e-13,0
740.0,0.04,-0.025,-2.10127479863e-13,0
740.0,0.045,-0.025,-1.89171965382e-13,0
740.0,0.04,-0.02,-2.00385383666e-13,0
740.0,0.045,-0.02,-2.1519080375e-13,0
740.0,0.04,-0.015,-1.62654255045e-13,0
740.0,0.045,-0.015,-1.95286833338e-13,0
740.0,0.04,-0.01,-8.29592051755e-14,0
740.0,0.045,-0.01,-1.39595331234e-13,0
740.0,0.04,-0.005,3.83240634984e-14,0
740.0,0.045,-0.005,-6.00787541307e-14,0
740.0,0.04,0,1.9778982854e-13,0
740.0,0.045,4.16333634234e-19,8.26281288751e-14,0
740.0,0.04,0.005,3.44416609908e-13,0
740.0,0.045,0.005,2.35665930739e-13,0
740.0,0.04,0.01,4.14131504776e-13,0
740.0,0.045,0.01,3.25346228539e-13,0
740.0,0.04,0.015,3.74532250513e-13,0
740.0,0.045,0.015,3.0342499272e-13,0
740.0,0.04,0.02,2.77099301211e-13,0
740.0,0.045,0.02,2.17116232124e-13,0
740.0,0.04,0.025,1.69762553646e-13,0
740.0,0.045,0.025,1.19917202129e-13,0
740.0,0.04,0.03,5.84698971302e-14,0
740.0,0.045,0.03,5.98620989997e-15,0
740.0,0.04,0.035,-4.79184013225e-14,0
740.0,0.045,0.035,-1.13727837387e-13,0
740.0,0.04,0.04,-1.40607364075e-13,0
740.0,0.04,0.045,-2.12707461122e-13,0
740.0,0.045,0.04,-2.23138243812e-13,0
740.0,0.045,0.045,-3.17267423747e-13,0
740.0,0.04,0.05,-2.34302544093e-13,0
740.0,0.04,0.055,-1.72667654977e-13,0
740.0,0.045,0.05,-3.55719333405e-13,0
740.0,0.045,0.055,-2.9644233077e-13,0
740.0,0.04,0.06,-5.05076804263e-14,0
740.0,0.04,0.065,1.03889280963e-13,0
740.0,0.045,0.06,-1.73982522982e-13,0
740.0,0.045,0.065,-2.64470062585e-14,0
740.0,0.04,0.07,2.87287011724e-13,0
740.0,0.04,0.075,4.89994230177e-13,0
740.0,0.045,0.07,1.55068256914e-13,0
740.0,0.045,0.075,3.55197489232e-13,0
740.0,0.05,-0.075,-2.79788071783e-13,0
740.0,0.05,-0.07,-1.91864959291e-13,0
740.0,0.055,-0.075,-3.86437689008e-13,0
740.0,0.055,-0.07,-2.65273402411e-13,0
740.0,0.05,-0.065,-1.15612626702e-13,0
740.0,0.055,-0.065,-1.56132398348e-13,0
740.0,0.05,-0.06,-5.26454144487e-14,0
740.0,0.055,-0.06,-6.27368799987e-14,0
740.0,0.05,-0.055,-1.47639734004e-15,0
740.0,0.055,-0.055,1.87699107831e-14,0
740.0,0.05,-0.05,3.25416306849e-14,0
740.0,0.055,-0.05,7.95137580008e-14,0
740.0,0.05,-0.045,4.93821430486e-14,0
740.0,0.055,-0.045,1.19193957422e-13,0
740.0,0.05,-0.04,4.54167169189e-14,0
740.0,0.055,-0.04,1.3211947569e-13,0
740.0,0.05,-0.035,1.8011766235e-14,0
740.0,0.055,-0.035,1.12488345248e-13,0
740.0,0.05,-0.03,-4.72555503083e-14,0
740.0,0.055,-0.03,4.26722177925e-14,0
740.0,0.05,-0.025,-1.39939027371e-13,0
740.0,0.055,-0.025,-7.13769344327e-14,0
740.0,0.05,-0.02,-2.20559782297e-13,0
740.0,0.055,-0.02,-1.99253790143e-13,0
740.0,0.05,-0.015,-2.353846508e-13,0
740.0,0.055,-0.015,-2.65870522732e-13,0
740.0,0.05,-0.01,-1.92396308848e-13,0
740.0,0.055,-0.01,-2.44141905181e-13,0
740.0,0.05,-0.005,-1.32780413355e-13,0
740.0,0.055,-0.005,-1.97380313294e-13,0
740.0,0.05,0,-2.70512161688e-14,0
740.0,0.055,4.16333634234e-19,-1.23342382395e-13,0
740.0,0.05,0.005,1.08464269522e-13,0
740.0,0.055,0.005,-1.71016566441e-14,0
740.0,0.05,0.01,2.11173368284e-13,0
740.0,0.055,0.01,8.74347330375e-14,0
740.0,0.05,0.015,2.17276652508e-13,0
740.0,0.055,0.015,1.24632860284e-13,0
740.0,0.05,0.02,1.45712849948e-13,0
740.0,0.055,0.02,7.36748216393e-14,0
740.0,0.05,0.025,6.17253839511e-14,0
740.0,0.055,0.025,2.47208356304e-15,0
740.0,0.05,0.03,-5.60141254205e-14,0
740.0,0.055,0.03,-1.012371926e-13,0
740.0,0.05,0.035,-1.84381623357e-13,0
740.0,0.055,0.035,-2.33959467576e-13,0
740.0,0.05,0.04,-3.00488483946e-13,0
740.0,0.055,0.04,-3.60976880908e-13,0
740.0,0.05,0.045,-4.11602891448e-13,0
740.0,0.055,0.045,-4.81295829395e-13,0
740.0,0.05,0.05,-4.7286781005e-13,0
740.0,0.05,0.055,-4.22852894098e-13,0
740.0,0.055,0.05,-5.58723853077e-13,0
740.0,0.055,0.055,-5.34648745241e-13,0
740.0,0.05,0.06,-3.04375630332e-13,0
740.0,0.05,0.065,-1.69529355708e-13,0
740.0,0.055,0.06,-4.27961111806e-13,0
740.0,0.055,0.065,-2.97731128824e-13,0
740.0,0.05,0.07,-5.42712250597e-15,0
740.0,0.05,0.075,1.74186594315e-13,0
740.0,0.055,0.07,-1.38398681185e-13,0
740.0,0.055,0.075,1.92928088182e-14,0
740.0,0.06,-0.075,-4.70367704877e-13,0
740.0,0.06,-0.07,-3.19942023561e-13,0
740.0,0.065,-0.075,-5.37870840261e-13,0
740.0,0.065,-0.07,-3.6205045874e-13,0
740.0,0.06,-0.065,-1.81907503293e-13,0
740.0,0.065,-0.065,-1.97612308761e-13,0
740.0,0.06,-0.06,-6.3179907638e-14,0
740.0,0.065,-0.06,-5.58810201668e-14,0
740.0,0.06,-0.055,4.62919892371e-14,0
740.0,0.065,-0.055,8.0451416799e-14,0
740.0,0.06,-0.05,1.39701279541e-13,0
740.0,0.065,-0.05,2.11675283536e-13,0
740.0,0.06,-0.045,2.10308965277e-13,0
740.0,0.065,-0.045,3.21372196124e-13,0
740.0,0.06,-0.04,2.46374272256e-13,0
740.0,0.065,-0.04,3.91217964098e-13,0
740.0,0.06,-0.035,2.33313503812e-13,0
740.0,0.065,-0.035,3.86067799057e-13,0
740.0,0.06,-0.03,1.52560109547e-13,0
740.0,0.065,-0.03,2.8664877175e-13,0
740.0,0.06,-0.025,1.64940152563e-14,0
740.0,0.065,-0.025,1.3135611196e-13,0
740.0,0.06,-0.02,-1.40575611176e-13,0
740.0,0.065,-0.02,-6.6880255851e-14,0
740.0,0.06,-0.015,-2.48717264661e-13,0
740.0,0.065,-0.015,-2.11968455527e-13,0
740.0,0.06,-0.01,-2.73184552127e-13,0
740.0,0.065,-0.01,-2.61928821046e-13,0
740.0,0.06,-0.005,-2.51392036616e-13,0
740.0,0.065,-0.005,-2.68056082229e-13,0
740.0,0.06,0,-1.98298627188e-13,0
740.0,0.065,4.16333634234e-19,-2.35667707241e-13,0
740.0,0.06,0.005,-1.1799243139e-13,0
740.0,0.065,0.005,-1.74296640781e-13,0
740.0,0.06,0.01,-2.38835892895e-14,0
740.0,0.065,0.01,-7.5867157111e-14,0
740.0,0.06,0.015,3.64206568642e-14,0
740.0,0.065,0.015,2.06307804621e-14,0
740.0,0.06,0.02,4.04283061215e-14,0
740.0,0.065,0.02,8.53692222381e-14,0
740.0,0.06,0.025,1.16093870316e-14,0
740.0,0.065,0.025,1.13816103794e-13,0
740.0,0.06,0.03,-5.29361316459e-14,0
740.0,0.065,0.03,1.0089293234e-13,0
740.0,0.06,0.035,-1.61578957178e-13,0
740.0,0.065,0.035,4.87579352121e-14,0
740.0,0.06,0.04,-2.95700730267e-13,0
740.0,0.065,0.04,-6.14225522065e-14,0
740.0,0.06,0.045,-4.19686377357e-13,0
740.0,0.065,0.045,-1.66170932404e-13,0
740.0,0.06,0.05,-4.96788757825e-13,0
740.0,0.065,0.05,-2.3112645352e-13,0
740.0,0.06,0.055,-5.12654256808e-13,0
740.0,0.065,0.055,-2.81693212012e-13,0
740.0,0.06,0.06,-4.41992784334e-13,0
740.0,0.06,0.065,-3.11858233374e-13,0
740.0,0.065,0.06,-2.60565918387e-13,0
740.0,0.065,0.065,-1.52598904793e-13,0
740.0,0.06,0.07,-1.50816118179e-13,0
740.0,0.06,0.075,-7.07896490927e-15,0
740.0,0.065,0.07,-6.1260043082e-15,0
740.0,0.065,0.075,1.30397092239e-13,0
740.0,0.07,-0.075,-5.93130585551e-13,0
740.0,0.07,-0.07,-3.94467328811e-13,0
740.0,0.075,-0.075,-6.29369451516e-13,0
740.0,0.075,-0.07,-4.14263616533e-13,0
740.0,0.07,-0.065,-2.0797764062e-13,0
740.0,0.075,-0.065,-2.07409429029e-13,0
740.0,0.07,-0.06,-4.41328400457e-14,0
740.0,0.075,-0.06,-2.95042160473e-14,0
740.0,0.07,-0.055,1.15241804422e-13,0
740.0,0.075,-0.055,1.45420410489e-13,0
740.0,0.07,-0.05,2.97157765649e-13,0
740.0,0.075,-0.05,3.88742569188e-13,0
740.0,0.07,-0.045,4.72841894078e-13,0
740.0,0.075,-0.045,6.4409486129e-13,0
740.0,0.07,-0.04,5.86661528872e-13,0
740.0,0.075,-0.04,8.01829157547e-13,0
740.0,0.07,-0.035,5.73000522018e-13,0
740.0,0.075,-0.035,7.71434701319e-13,0
740.0,0.07,-0.03,4.4560327161e-13,0
740.0,0.075,-0.03,6.23918675642e-13,0
740.0,0.07,-0.025,2.72018512586e-13,0
740.0,0.075,-0.025,4.31443725528e-13,0
740.0,0.07,-0.02,1.0573410688e-14,0
740.0,0.075,-0.02,8.73613945344e-14,0
740.0,0.07,-0.015,-1.9333589656e-13,0
740.0,0.075,-0.015,-1.89412627789e-13,0
740.0,0.07,-0.01,-2.52900430587e-13,0
740.0,0.075,-0.01,-2.58582953929e-13,0
740.0,0.07,-0.005,-2.7074087649e-13,0
740.0,0.075,-0.005,-2.84454660574e-13,0
740.0,0.07,0,-2.46293133575e-13,0
740.0,0.075,0,-2.63849633326e-13,0
740.0,0.07,0.005,-1.88144197104e-13,0
740.0,0.075,0.005,-2.0213851917e-13,0
740.0,0.07,0.01,-6.47700656182e-14,0
740.0,0.075,0.01,-3.54213557818e-14,0
740.0,0.07,0.015,8.33571900518e-14,0
740.0,0.075,0.015,1.73333139727e-13,0
740.0,0.07,0.02,1.89552338126e-13,0
740.0,0.075,0.02,3.13866322872e-13,0
740.0,0.07,0.025,2.60090857033e-13,0
740.0,0.075,0.025,4.20938815406e-13,0
740.0,0.07,0.03,2.89966037988e-13,0
740.0,0.075,0.03,4.89163220185e-13,0
740.0,0.07,0.035,2.8431154269e-13,0
740.0,0.075,0.035,5.19819757865e-13,0
740.0,0.07,0.04,2.33431641358e-13,0
740.0,0.075,0.04,5.29914439763e-13,0
740.0,0.07,0.045,1.62689554913e-13,0
740.0,0.075,0.045,4.94543868619e-13,0
740.0,0.07,0.05,1.01860695948e-13,0
740.0,0.075,0.05,4.35541573065e-13,0
740.0,0.07,0.055,4.54456858041e-14,0
740.0,0.075,0.055,3.77223524534e-13,0
740.0,0.07,0.06,3.85697478215e-14,0
740.0,0.075,0.06,3.56121237661e-13,0
740.0,0.07,0.065,1.19323527201e-13,0
740.0,0.075,0.065,4.2229004387e-13,0
740.0,0.07,0.07,2.50306084334e-13,0
740.0,0.07,0.075,3.85857153291e-13,0
740.0,0.075,0.07,5.45495309848e-13,0
740.0,0.075,0.075,6.83788691276e-13,0
820.0,-0.00382671281566,-0.00202612167119,0,0
820.0,-0.005,-0.005,4.44845978899e-14,0
820.0,-0.00197892066871,-0.00385133392306,0,0
820.0,-0.005,-0.00190753787223,2.08029266503e-14,0
820.0,-0.00433,0,0,0
820.0,-0.00190753787223,-0.005,1.65512199649e-14,0
820.0,0,-0.00433,0,0
820.0,-0.005,0.00190775150599,1.47495015723e-14,0
820.0,-0.00385133392306,0.00197892066871,0,0
820.0,0.00190775150599,-0.005,9.56675603094e-15,0
820.0,0.00202612167119,-0.00382671281566,0,0
820.0,-0.00202612167119,0.00382671281566,0,0
820.0,-0.005,0.005,1.38883900632e-14,0
820.0,-0.0019094272225,0.005,1.42194818649e-14,0
820.0,0,0.00433,0,0
820.0,0.00147766755988,0.00407006125046,0,0
820.0,8.32667268469e-19,0.005,1.14285174019e-14,0
820.0,0.00433,0,0,0
820.0,0.005,1.38777878078e-18,2.42472504955e-15,0
820.0,0.00407006125046,0.00147766755988,0,0
820.0,0.005,-0.005,-1.72161178902e-14,0
820.0,0.00385133392306,-0.00197892066871,0,0
820.0,0.005,-0.0019094272225,2.03622298282e-15,0
820.0,0.00306177236254,0.00306177236254,0,0
820.0,0.0019094272225,0.005,1.3061715139e-14,0
820.0,0.005,0.0019094272225,-4.91052218449e-15,0
820.0,-0.000885,-0.0015328649647,1.27169947961e-12,0
820.0,-0.0015328649647,-0.000885,1.27182190543e-12,0
820.0,-0.00186450691264,-0.00187567167242,8.4314339386e-13,0
820.0,-0.00177,0,1.2715135001e-12,0
820.0,-0.00268433516245,-0.000738983120158,7.5921300159e-13,0
820.0,0,-0.00177,1.27166096077e-12,0
820.0,-0.000718432264205,-0.00269192408424,7.57506553638e-13,0
820.0,-0.0015328649647,0.000885,1.27000865988e-12,0
820.0,-0.00265321485144,0.000647311733689,7.90000250919e-13,0
820.0,-0.000885,0.0015328649647,1.26838056636e-12,0
820.0,-0.00194719253591,0.00178443766524,8.44069592431e-13,0
820.0,0,0.00177,1.26427339292e-12,0
820.0,-0.000802720381054,0.00273415977115,7.17600203293e-13,0
820.0,0.000885,-0.0015328649647,1.27034943981e-12,0
820.0,0.00075154031863,-0.00270385456952,7.45394767567e-13,0
820.0,0.00177,0,1.26261290573e-12,0
820.0,0.0015328649647,-0.000885,1.2681963906e-12,0
820.0,0.00271471102228,-0.000564731152102,7.61020363139e-13,0
820.0,0.00192394637685,-0.00189207206672,8.10209269086e-13,0
820.0,0.00231817117671,0.00040530921667,9.88048404468e-13,0
820.0,0.0015328649647,0.000885,1.26087864655e-12,0
820.0,0.000885,0.0015328649647,1.26158381868e-12,0
820.0,0.000427053001345,0.00287092483521,6.82284460748e-13,0
820.0,0.00187618296239,0.00184774001435,8.33456211134e-13,0
820.0,0.00312733402203,0.000607809752493,5.19270968916e-13,0
820.0,0.00276214303706,0.00136595635004,5.76939381415e-13,0
820.0,0.0014100336009,0.00268674970267,6.04855596076e-13,0
820.0,-0.075,-0.075,3.97177129015e-12,0
820.0,-0.07,-0.075,2.55448507416e-12,0
820.0,-0.075,-0.07,3.46317853964e-12,0
820.0,-0.07,-0.07,2.13440161701e-12,0
820.0,-0.075,-0.065,2.8266981706e-12,0
820.0,-0.07,-0.065,1.61992061608e-12,0
820.0,-0.065,-0.075,1.19074407906e-12,0
820.0,-0.065,-0.07,9.06140340395e-13,0
820.0,-0.065,-0.065,5.43928512749e-13,0
820.0,-0.075,-0.06,1.86351376372e-12,0
820.0,-0.07,-0.06,9.77786770754e-13,0
820.0,-0.065,-0.06,1.59189193667e-13,0
820.0,-0.075,-0.055,1.04820495171e-12,0
820.0,-0.07,-0.055,4.95717863052e-13,0
820.0,-0.065,-0.055,-5.9037025953e-14,0
820.0,-0.075,-0.05,7.37677378022e-13,0
820.0,-0.07,-0.05,3.25713549634e-13,0
820.0,-0.065,-0.05,-7.50390406422e-14,0
820.0,-0.075,-0.045,5.70935360749e-13,0
820.0,-0.07,-0.045,2.56944753365e-13,0
820.0,-0.065,-0.045,-4.80507437071e-14,0
820.0,-0.075,-0.04,4.93432138295e-13,0
820.0,-0.07,-0.04,2.36010122183e-13,0
820.0,-0.075,-0.035,4.48893685046e-13,0
820.0,-0.07,-0.035,2.32866542567e-13,0
820.0,-0.065,-0.04,-4.50993424112e-15,0
820.0,-0.065,-0.035,5.54860344907e-14,0
820.0,-0.075,-0.03,2.82960025696e-13,0
820.0,-0.07,-0.03,1.79914993122e-13,0
820.0,-0.075,-0.025,-3.63873868575e-14,0
820.0,-0.07,-0.025,4.03241932901e-14,0
820.0,-0.065,-0.03,1.04874552399e-13,0
820.0,-0.065,-0.025,1.20883604114e-13,0
820.0,-0.075,-0.02,-4.49985356497e-13,0
820.0,-0.07,-0.02,-1.77096495654e-13,0
820.0,-0.075,-0.015,-9.05146783042e-13,0
820.0,-0.07,-0.015,-4.60858116117e-13,0
820.0,-0.065,-0.02,7.95795396538e-14,0
820.0,-0.065,-0.015,-3.06616414084e-14,0
820.0,-0.075,-0.01,-1.28018878195e-12,0
820.0,-0.07,-0.01,-7.67793820693e-13,0
820.0,-0.075,-0.005,-1.39863661448e-12,0
820.0,-0.07,-0.005,-9.45270290541e-13,0
820.0,-0.065,-0.01,-2.63747964644e-13,0
820.0,-0.065,-0.005,-5.03598997445e-13,0
820.0,-0.075,0,-1.19816841484e-12,0
820.0,-0.07,0,-8.94095027186e-13,0
820.0,-0.075,0.005,-7.01719559195e-13,0
820.0,-0.07,0.005,-6.19515794692e-13,0
820.0,-0.065,4.16333634234e-19,-6.18592496045e-13,0
820.0,-0.065,0.005,-5.67343811525e-13,0
820.0,-0.075,0.01,1.54298959553e-14,0
820.0,-0.07,0.01,-1.66031137642e-13,0
820.0,-0.075,0.015,6.61564025146e-13,0
820.0,-0.07,0.015,2.96675335468e-13,0
820.0,-0.065,0.01,-3.53229086674e-13,0
820.0,-0.065,0.015,-4.63110968873e-14,0
820.0,-0.075,0.02,1.03817103484e-12,0
820.0,-0.07,0.02,6.36416285646e-13,0
820.0,-0.075,0.025,1.29161025596e-12,0
820.0,-0.07,0.025,8.79180168219e-13,0
820.0,-0.065,0.02,2.6381945322e-13,0
820.0,-0.065,0.025,5.08219157269e-13,0
820.0,-0.075,0.03,1.34173300269e-12,0
820.0,-0.07,0.03,9.48120737533e-13,0
820.0,-0.075,0.035,1.13924121606e-12,0
820.0,-0.07,0.035,8.05013508658e-13,0
820.0,-0.065,0.03,6.21897539643e-13,0
820.0,-0.065,0.035,5.55341861087e-13,0
820.0,-0.075,0.04,4.78469561878e-13,0
820.0,-0.07,0.04,4.11848734497e-13,0
820.0,-0.075,0.045,-3.25501748749e-13,0
820.0,-0.07,0.045,-7.4222788613e-14,0
820.0,-0.065,0.04,3.74812073717e-13,0
820.0,-0.065,0.045,1.2838256028e-13,0
820.0,-0.075,0.05,-8.75870462377e-13,0
820.0,-0.07,0.05,-4.69431600726e-13,0
820.0,-0.075,0.055,-1.3582320619e-12,0
820.0,-0.07,0.055,-8.3037243618e-13,0
820.0,-0.065,0.05,-1.06486912306e-13,0
820.0,-0.065,0.055,-3.48538645147e-13,0
820.0,-0.075,0.06,-1.7717142383e-12,0
820.0,-0.07,0.06,-1.16095074824e-12,0
820.0,-0.075,0.065,-2.16995777464e-12,0
820.0,-0.07,0.065,-1.47650936945e-12,0
820.0,-0.065,0.06,-5.8650559326e-13,0
820.0,-0.065,0.065,-8.03651985797e-13,0
820.0,-0.075,0.07,-2.67872694727e-12,0
820.0,-0.07,0.07,-1.80815337986e-12,0
820.0,-0.075,0.075,-3.13083194062e-12,0
820.0,-0.07,0.075,-2.10209867228e-12,0
820.0,-0.065,0.07,-9.95786954274e-13,0
820.0,-0.065,0.075,-1.14464849228e-12,0
820.0,-0.06,-0.075,2.04023093805e-14,0
820.0,-0.06,-0.07,-1.52668095821e-13,0
820.0,-0.06,-0.065,-3.52529586759e-13,0
820.0,-0.055,-0.075,-1.03858639913e-12,0
820.0,-0.055,-0.07,-1.10166755356e-12,0
820.0,-0.055,-0.065,-1.15768388847e-12,0
820.0,-0.06,-0.06,-5.02059095571e-13,0
820.0,-0.06,-0.055,-5.09101874679e-13,0
820.0,-0.055,-0.06,-1.10507835324e-12,0
820.0,-0.055,-0.055,-9.15176100163e-13,0
820.0,-0.06,-0.05,-4.22269822239e-13,0
820.0,-0.055,-0.05,-7.22867867459e-13,0
820.0,-0.06,-0.045,-3.24912037545e-13,0
820.0,-0.055,-0.045,-5.36173528957e-13,0
820.0,-0.06,-0.04,-2.05627420853e-13,0
820.0,-0.055,-0.04,-3.2921532661e-13,0
820.0,-0.06,-0.035,-6.60027344296e-14,0
820.0,-0.055,-0.035,-1.19115060123e-13,0
820.0,-0.06,-0.03,7.67073661322e-14,0
820.0,-0.06,-0.025,1.95319176767e-13,0
820.0,-0.055,-0.03,8.43908726602e-14,0
820.0,-0.055,-0.025,2.63939244693e-13,0
820.0,-0.06,-0.02,2.72925912863e-13,0
820.0,-0.06,-0.015,2.98980240221e-13,0
820.0,-0.055,-0.02,4.11233063443e-13,0
820.0,-0.055,-0.015,5.22688176718e-13,0
820.0,-0.06,-0.01,1.82498224778e-13,0
820.0,-0.06,-0.005,-6.61262096755e-14,0
820.0,-0.055,-0.01,4.91286179858e-13,0
820.0,-0.055,-0.005,2.78161125587e-13,0
820.0,-0.06,0,-3.32907950464e-13,0
820.0,-0.06,0.005,-5.09046468375e-13,0
820.0,-0.055,4.16333634234e-19,-7.28894563516e-14,0
820.0,-0.055,0.005,-4.29620266192e-13,0
820.0,-0.06,0.01,-5.23556934014e-13,0
820.0,-0.06,0.015,-3.78330062018e-13,0
820.0,-0.055,0.01,-6.45891754158e-13,0
820.0,-0.055,0.015,-6.59689028042e-13,0
820.0,-0.06,0.02,-1.27176813015e-13,0
820.0,-0.06,0.025,1.36110599227e-13,0
820.0,-0.055,0.02,-4.78512061941e-13,0
820.0,-0.055,0.025,-1.92380104136e-13,0
820.0,-0.06,0.03,3.34482964288e-13,0
820.0,-0.06,0.035,4.16995889135e-13,0
820.0,-0.055,0.03,7.96892195151e-14,0
820.0,-0.055,0.035,2.76738500486e-13,0
820.0,-0.06,0.04,4.05332331829e-13,0
820.0,-0.06,0.045,3.32633069663e-13,0
820.0,-0.055,0.04,4.08106200964e-13,0
820.0,-0.055,0.045,4.99623387842e-13,0
820.0,-0.06,0.05,2.0948889353e-13,0
820.0,-0.06,0.055,6.90559433925e-14,0
820.0,-0.055,0.05,5.03771057409e-13,0
820.0,-0.055,0.055,4.61974589923e-13,0
820.0,-0.06,0.06,-7.68676402528e-14,0
820.0,-0.06,0.065,-2.14401259491e-13,0
820.0,-0.055,0.06,4.01239674245e-13,0
820.0,-0.055,0.065,3.38351047095e-13,0
820.0,-0.06,0.07,-3.33372687471e-13,0
820.0,-0.06,0.075,-4.30360382561e-13,0
820.0,-0.055,0.07,2.92999218159e-13,0
820.0,-0.055,0.075,2.58784219823e-13,0
820.0,-0.05,-0.075,-1.7606428062e-12,0
820.0,-0.05,-0.07,-1.68358915745e-12,0
820.0,-0.045,-0.075,-1.63935561847e-12,0
820.0,-0.045,-0.07,-1.57270620671e-12,0
820.0,-0.05,-0.065,-1.63067942492e-12,0
820.0,-0.045,-0.065,-1.48684060983e-12,0
820.0,-0.05,-0.06,-1.45340419531e-12,0
820.0,-0.05,-0.055,-1.15411708697e-12,0
820.0,-0.045,-0.06,-1.32889508541e-12,0
820.0,-0.045,-0.055,-1.08842572254e-12,0
820.0,-0.05,-0.05,-8.82663032222e-13,0
820.0,-0.05,-0.045,-6.16963770281e-13,0
820.0,-0.045,-0.05,-8.33301154252e-13,0
820.0,-0.045,-0.045,-5.76737320972e-13,0
820.0,-0.05,-0.04,-3.58408633781e-13,0
820.0,-0.045,-0.04,-3.18964704422e-13,0
820.0,-0.05,-0.035,-1.14078185256e-13,0
820.0,-0.045,-0.035,-6.87169539049e-14,0
820.0,-0.05,-0.03,1.21056506029e-13,0
820.0,-0.045,-0.03,1.74671541837e-13,0
820.0,-0.05,-0.025,3.30711554261e-13,0
820.0,-0.045,-0.025,3.9884141631e-13,0
820.0,-0.05,-0.02,5.03263814808e-13,0
820.0,-0.05,-0.015,6.46241093031e-13,0
820.0,-0.045,-0.02,5.90732243604e-13,0
820.0,-0.045,-0.015,7.52130135434e-13,0
820.0,-0.05,-0.01,6.59778702679e-13,0
820.0,-0.05,-0.005,4.9083424766e-13,0
820.0,-0.045,-0.01,8.04265230854e-13,0
820.0,-0.045,-0.005,6.40929781788e-13,0
820.0,-0.05,0,1.09202591566e-13,0
820.0,-0.05,0.005,-3.47380983313e-13,0
820.0,-0.045,4.16333634234e-19,2.1851394302e-13,0
820.0,-0.045,0.005,-2.80090276829e-13,0
820.0,-0.05,0.01,-6.88892992172e-13,0
820.0,-0.05,0.015,-8.52452251389e-13,0
820.0,-0.045,0.01,-6.48670073948e-13,0
820.0,-0.045,0.015,-9.27515065897e-13,0
820.0,-0.05,0.02,-7.35243334763e-13,0
820.0,-0.05,0.025,-4.24012842535e-13,0
820.0,-0.045,0.02,-8.96574089168e-13,0
820.0,-0.045,0.025,-5.91668966502e-13,0
820.0,-0.05,0.03,-1.11467854205e-13,0
820.0,-0.05,0.035,1.49201849267e-13,0
820.0,-0.045,0.03,-2.78540979249e-13,0
820.0,-0.045,0.035,1.09549413287e-14,0
820.0,-0.05,0.04,3.51304587934e-13,0
820.0,-0.05,0.045,5.42856104058e-13,0
820.0,-0.045,0.04,2.59073242861e-13,0
820.0,-0.045,0.045,4.98101340202e-13,0
820.0,-0.05,0.05,6.97087329674e-13,0
820.0,-0.05,0.055,7.78792985804e-13,0
820.0,-0.045,0.05,7.33217325342e-13,0
820.0,-0.045,0.055,9.37776006388e-13,0
820.0,-0.05,0.06,8.07680060025e-13,0
820.0,-0.05,0.065,8.18880393784e-13,0
820.0,-0.045,0.06,1.08457380509e-12,0
820.0,-0.045,0.065,1.13936708582e-12,0
820.0,-0.05,0.07,8.36355869316e-13,0
820.0,-0.05,0.075,8.84866057218e-13,0
820.0,-0.045,0.07,1.16989403304e-12,0
820.0,-0.045,0.075,1.25988741798e-12,0
820.0,-0.04,-0.075,-1.08247053425e-12,0
820.0,-0.04,-0.07,-1.07005196657e-12,0
820.0,-0.035,-0.075,-4.51906620742e-13,0
820.0,-0.035,-0.07,-5.14752553445e-13,0
820.0,-0.04,-0.065,-1.04518769948e-12,0
820.0,-0.035,-0.065,-5.60607466296e-13,0
820.0,-0.04,-0.06,-9.71670128149e-13,0
820.0,-0.035,-0.06,-5.6847405698e-13,0
820.0,-0.04,-0.055,-8.3130682274e-13,0
820.0,-0.035,-0.055,-5.19800883852e-13,0
820.0,-0.04,-0.05,-6.47534218746e-13,0
820.0,-0.04,-0.045,-4.45040621458e-13,0
820.0,-0.035,-0.05,-4.14783989692e-13,0
820.0,-0.035,-0.045,-2.75148201673e-13,0
820.0,-0.04,-0.04,-2.25085171644e-13,0
820.0,-0.04,-0.035,3.6948595248e-15,0
820.0,-0.035,-0.04,-1.06468467786e-13,0
820.0,-0.035,-0.035,8.18968003904e-14,0
820.0,-0.04,-0.03,2.31519758882e-13,0
820.0,-0.035,-0.03,2.77076927187e-13,0
820.0,-0.04,-0.025,4.49517793655e-13,0
820.0,-0.035,-0.025,4.66854178029e-13,0
820.0,-0.04,-0.02,6.43930304234e-13,0
820.0,-0.035,-0.02,6.32248879992e-13,0
820.0,-0.04,-0.015,8.0417279465e-13,0
820.0,-0.035,-0.015,7.60136712344e-13,0
820.0,-0.04,-0.01,8.71932907727e-13,0
820.0,-0.04,-0.005,7.19725048674e-13,0
820.0,-0.035,-0.01,8.0580519167e-13,0
820.0,-0.035,-0.005,7.06021089155e-13,0
820.0,-0.04,0,2.84377765897e-13,0
820.0,-0.04,0.005,-2.23575544272e-13,0
820.0,-0.035,4.16333634234e-19,3.31844297874e-13,0
820.0,-0.035,0.005,-1.59866910501e-13,0
820.0,-0.04,0.01,-5.94329049219e-13,0
820.0,-0.04,0.015,-8.98862101819e-13,0
820.0,-0.035,0.01,-5.51093650593e-13,0
820.0,-0.035,0.015,-8.47094613774e-13,0
820.0,-0.04,0.02,-9.41458031992e-13,0
820.0,-0.04,0.025,-7.01907488186e-13,0
820.0,-0.035,0.02,-9.04487971196e-13,0
820.0,-0.035,0.025,-7.59250308001e-13,0
820.0,-0.04,0.03,-4.16207171082e-13,0
820.0,-0.04,0.035,-1.33969503737e-13,0
820.0,-0.035,0.03,-5.25071193298e-13,0
820.0,-0.035,0.035,-2.69754258959e-13,0
820.0,-0.04,0.04,1.34514219761e-13,0
820.0,-0.04,0.045,3.94522117932e-13,0
820.0,-0.035,0.04,-9.87544550696e-15,0
820.0,-0.035,0.045,2.45796796793e-13,0
820.0,-0.04,0.05,6.49326280393e-13,0
820.0,-0.04,0.055,8.97634548439e-13,0
820.0,-0.035,0.05,4.89937617664e-13,0
820.0,-0.035,0.055,7.17554958005e-13,0
820.0,-0.04,0.06,1.12062191136e-12,0
820.0,-0.04,0.065,1.18596005474e-12,0
820.0,-0.035,0.06,8.80794555426e-13,0
820.0,-0.035,0.065,9.0535909754e-13,0
820.0,-0.04,0.07,1.18976322822e-12,0
820.0,-0.04,0.075,1.27456474108e-12,0
820.0,-0.035,0.07,8.81043230374e-13,0
820.0,-0.035,0.075,9.17804949579e-13,0
820.0,-0.03,-0.075,2.01116763504e-13,0
820.0,-0.03,-0.07,6.12018511637e-14,0
820.0,-0.025,-0.075,8.54320919415e-13,0
820.0,-0.025,-0.07,6.31654126153e-13,0
820.0,-0.03,-0.065,-6.24753107064e-14,0
820.0,-0.025,-0.065,4.24394503949e-13,0
820.0,-0.03,-0.06,-1.48586892806e-13,0
820.0,-0.025,-0.06,2.55605079457e-13,0
820.0,-0.03,-0.055,-1.82964341762e-13,0
820.0,-0.025,-0.055,1.36644217644e-13,0
820.0,-0.03,-0.05,-1.62900440363e-13,0
820.0,-0.025,-0.05,6.97783294004e-14,0
820.0,-0.03,-0.045,-9.57233128051e-14,0
820.0,-0.025,-0.045,5.98986075239e-14,0
820.0,-0.03,-0.04,1.02340857371e-14,0
820.0,-0.03,-0.035,1.45697999812e-13,0
820.0,-0.025,-0.04,9.85089515929e-14,0
820.0,-0.025,-0.035,1.78125143641e-13,0
820.0,-0.03,-0.03,2.97401087859e-13,0
820.0,-0.03,-0.025,4.46734527682e-13,0
820.0,-0.025,-0.03,2.87077805691e-13,0
820.0,-0.025,-0.025,3.98197835901e-13,0
820.0,-0.03,-0.02,5.73985760877e-13,0
820.0,-0.025,-0.02,4.9112632991e-13,0
820.0,-0.03,-0.015,6.69938385134e-13,0
820.0,-0.025,-0.015,5.56349863214e-13,0
820.0,-0.03,-0.01,6.85375802206e-13,0
820.0,-0.025,-0.01,5.51319482542e-13,0
820.0,-0.03,-0.005,5.95697187357e-13,0
820.0,-0.025,-0.005,4.50166593201e-13,0
820.0,-0.03,0,3.21532755036e-13,0
820.0,-0.03,0.005,-7.92798166245e-14,0
820.0,-0.025,4.16333634234e-19,2.48483637737e-13,0
820.0,-0.025,0.005,-3.32645695322e-14,0
820.0,-0.03,0.01,-4.80841887015e-13,0
820.0,-0.03,0.015,-7.69574939888e-13,0
820.0,-0.025,0.01,-3.66551659079e-13,0
820.0,-0.025,0.015,-6.44840161769e-13,0
820.0,-0.03,0.02,-8.40701758252e-13,0
820.0,-0.03,0.025,-7.7165863688e-13,0
820.0,-0.025,0.02,-7.7382878464e-13,0
820.0,-0.025,0.025,-7.58704395378e-13,0
820.0,-0.03,0.03,-5.97394499183e-13,0
820.0,-0.03,0.035,-3.83477356679e-13,0
820.0,-0.025,0.03,-6.35476179706e-13,0
820.0,-0.025,0.035,-4.63746091461e-13,0
820.0,-0.03,0.04,-1.52799367856e-13,0
820.0,-0.03,0.045,7.40162952657e-14,0
820.0,-0.025,0.04,-2.72005251553e-13,0
820.0,-0.025,0.045,-8.74460697786e-14,0
820.0,-0.03,0.05,2.73653514231e-13,0
820.0,-0.03,0.055,4.1931233626e-13,0
820.0,-0.025,0.05,4.64213127571e-14,0
820.0,-0.025,0.055,7.04924102228e-14,0
820.0,-0.03,0.06,4.17130244578e-13,0
820.0,-0.03,0.065,2.70019517596e-13,0
820.0,-0.025,0.06,-1.27667544589e-13,0
820.0,-0.025,0.065,-4.94232296678e-13,0
820.0,-0.03,0.07,6.08949506262e-14,0
820.0,-0.03,0.075,-1.72316964804e-13,0
820.0,-0.025,0.07,-9.62182919995e-13,0
820.0,-0.025,0.075,-1.55090779912e-12,0
820.0,-0.02,-0.075,1.47546149162e-12,0
820.0,-0.02,-0.07,1.17289386525e-12,0
820.0,-0.015,-0.075,2.036653674e-12,0
820.0,-0.015,-0.07,1.65691394332e-12,0
820.0,-0.02,-0.065,8.87579075773e-13,0
820.0,-0.015,-0.065,1.29294175601e-12,0
820.0,-0.02,-0.06,6.20732500722e-13,0
820.0,-0.015,-0.06,9.12479814826e-13,0
820.0,-0.02,-0.055,3.97444808795e-13,0
820.0,-0.015,-0.055,5.58174961166e-13,0
820.0,-0.02,-0.05,2.4051931507e-13,0
820.0,-0.015,-0.05,3.17718340686e-13,0
820.0,-0.02,-0.045,1.5366590058e-13,0
820.0,-0.015,-0.045,1.66919568184e-13,0
820.0,-0.02,-0.04,1.32915518503e-13,0
820.0,-0.015,-0.04,9.81422654138e-14,0
820.0,-0.02,-0.035,1.6448523656e-13,0
820.0,-0.015,-0.035,9.10374725979e-14,0
820.0,-0.02,-0.03,2.33220371741e-13,0
820.0,-0.02,-0.025,3.118844838e-13,0
820.0,-0.015,-0.03,1.28166792721e-13,0
820.0,-0.015,-0.025,1.85298062635e-13,0
820.0,-0.02,-0.02,3.79628773429e-13,0
820.0,-0.02,-0.015,4.24076974209e-13,0
820.0,-0.015,-0.02,2.42839647412e-13,0
820.0,-0.015,-0.015,2.81515507154e-13,0
820.0,-0.02,-0.01,4.11597871004e-13,0
820.0,-0.015,-0.01,2.74943839162e-13,0
820.0,-0.02,-0.005,3.26014719297e-13,0
820.0,-0.015,-0.005,2.15762162441e-13,0
820.0,-0.02,0,1.75032940306e-13,0
820.0,-0.015,4.16333634234e-19,1.15426186276e-13,0
820.0,-0.02,0.005,-3.21849595451e-14,0
820.0,-0.015,0.005,-1.5785952122e-14,0
820.0,-0.02,0.01,-2.92169415473e-13,0
820.0,-0.02,0.015,-5.41551929053e-13,0
820.0,-0.015,0.01,-2.15779857092e-13,0
820.0,-0.015,0.015,-4.4588168838e-13,0
820.0,-0.02,0.02,-7.00015488293e-13,0
820.0,-0.02,0.025,-7.22225600437e-13,0
820.0,-0.015,0.02,-6.24492006934e-13,0
820.0,-0.015,0.025,-6.66052237976e-13,0
820.0,-0.02,0.03,-6.36270085931e-13,0
820.0,-0.02,0.035,-5.02299835391e-13,0
820.0,-0.015,0.03,-5.99496193534e-13,0
820.0,-0.015,0.035,-4.95643544817e-13,0
820.0,-0.02,0.04,-3.46970321274e-13,0
820.0,-0.02,0.045,-1.99757392091e-13,0
820.0,-0.015,0.04,-3.74158419717e-13,0
820.0,-0.015,0.045,-2.43717286238e-13,0
820.0,-0.02,0.05,-1.32088429189e-13,0
820.0,-0.02,0.055,-2.35228140316e-13,0
820.0,-0.015,0.05,-2.02804574891e-13,0
820.0,-0.015,0.055,-3.85430014452e-13,0
820.0,-0.02,0.06,-5.51856617553e-13,0
820.0,-0.02,0.065,-1.05126318389e-12,0
820.0,-0.015,0.06,-7.97966168471e-13,0
820.0,-0.015,0.065,-1.39990951004e-12,0
820.0,-0.02,0.07,-1.70885675992e-12,0
820.0,-0.02,0.075,-2.48603723453e-12,0
820.0,-0.015,0.07,-2.18197592484e-12,0
820.0,-0.015,0.075,-3.0930802476e-12,0
820.0,-0.01,-0.075,2.49227695934e-12,0
820.0,-0.01,-0.07,2.01385780881e-12,0
820.0,-0.005,-0.075,2.74717641606e-12,0
820.0,-0.005,-0.07,2.18295445772e-12,0
820.0,-0.01,-0.065,1.57542949331e-12,0
820.0,-0.005,-0.065,1.63218228146e-12,0
820.0,-0.01,-0.06,1.05755760472e-12,0
820.0,-0.005,-0.06,9.46285206059e-13,0
820.0,-0.01,-0.055,5.58404678905e-13,0
820.0,-0.005,-0.055,4.07830723125e-13,0
820.0,-0.01,-0.05,2.72845543616e-13,0
820.0,-0.005,-0.05,1.06221614985e-13,0
820.0,-0.01,-0.045,7.83705980352e-14,0
820.0,-0.005,-0.045,-1.14781775593e-13,0
820.0,-0.01,-0.04,-2.89027397309e-14,0
820.0,-0.005,-0.04,-2.48880358387e-13,0
820.0,-0.01,-0.035,-6.36526767698e-14,0
820.0,-0.005,-0.035,-3.01375427477e-13,0
820.0,-0.01,-0.03,-4.08095469441e-14,0
820.0,-0.005,-0.03,-2.74774518897e-13,0
820.0,-0.01,-0.025,1.78907966366e-14,0
820.0,-0.005,-0.025,-1.89420041668e-13,0
820.0,-0.01,-0.02,8.61501390836e-14,0
820.0,-0.01,-0.015,1.38718421537e-13,0
820.0,-0.005,-0.02,-8.50482108596e-14,0
820.0,-0.005,-0.015,4.98260238644e-15,0
820.0,-0.0117873230072,-0.0115873794689,1.97559766958e-13,0
820.0,-0.00939961996336,-0.005,1.09612975295e-13,0
820.0,-0.00792797428371,-0.00964253216809,1.07275354727e-13,0
820.0,-0.005,-0.00939961996336,5.445073431e-14,0
820.0,-0.0108753492546,-0.00150606400588,9.27236343279e-14,0
820.0,-0.00818101620308,-0.00211452602544,6.4092663674e-14,0
820.0,-0.00651817360753,-0.000255934956239,3.15412303958e-14,0
820.0,-0.005,6.71033969428e-08,1.31597543507e-14,0
820.0,-0.0107292118043,0.00160660295843,4.81616806575e-14,0
820.0,-0.0080188992252,0.000768320427092,3.88463409035e-14,0
820.0,-0.00939946851065,0.005,-9.87431603348e-16,0
820.0,-0.00802129342231,0.00264911934363,2.46195694202e-14,0
820.0,-0.00887989370213,0.00887989479405,-8.17511063577e-14,0
820.0,-0.01,0.015,-3.26079409675e-13,0
820.0,-0.005,0.00939947397025,-5.22996213394e-14,0
820.0,-0.005,0.015,-2.41775964904e-13,0
820.0,-0.01,0.02,-5.0192436021e-13,0
820.0,-0.01,0.025,-5.63166906276e-13,0
820.0,-0.005,0.02,-3.89480836391e-13,0
820.0,-0.005,0.025,-4.43700153355e-13,0
820.0,-0.01,0.03,-5.03744396849e-13,0
820.0,-0.01,0.035,-3.96754995919e-13,0
820.0,-0.005,0.03,-3.73199946276e-13,0
820.0,-0.005,0.035,-2.1576185251e-13,0
820.0,-0.01,0.04,-2.35947994909e-13,0
820.0,-0.01,0.045,-5.06021639748e-14,0
820.0,-0.005,0.04,4.99617671231e-14,0
820.0,-0.005,0.045,3.33959494102e-13,0
820.0,-0.01,0.05,2.63881233698e-14,0
820.0,-0.01,0.055,-1.25829877883e-13,0
820.0,-0.005,0.05,4.89819858973e-13,0
820.0,-0.005,0.055,4.71679605356e-13,0
820.0,-0.01,0.06,-5.60230991283e-13,0
820.0,-0.01,0.065,-1.22897774073e-12,0
820.0,-0.005,0.06,1.58220652886e-13,0
820.0,-0.005,0.065,-4.4625738565e-13,0
820.0,-0.01,0.07,-2.0674087487e-12,0
820.0,-0.01,0.075,-3.04324657572e-12,0
820.0,-0.005,0.07,-1.23926946483e-12,0
820.0,-0.005,0.075,-2.11556431543e-12,0
820.0,0,-0.075,2.27078300222e-12,0
820.0,0,-0.07,1.60904747444e-12,0
820.0,0.005,-0.075,8.93970417194e-13,0
820.0,0.005,-0.07,4.29395337967e-13,0
820.0,0,-0.065,9.38391022272e-13,0
820.0,0.005,-0.065,-7.49104558297e-14,0
820.0,0,-0.06,3.31114830391e-13,0
820.0,0.005,-0.06,-4.05759177766e-13,0
820.0,0,-0.055,-1.12420217674e-13,0
820.0,0.005,-0.055,-7.10609611743e-13,0
820.0,0,-0.05,-4.15146010251e-13,0
820.0,0.005,-0.05,-9.79989883481e-13,0
820.0,0,-0.045,-6.30574185937e-13,0
820.0,0.005,-0.045,-1.15318974785e-12,0
820.0,0,-0.04,-7.47973952085e-13,0
820.0,0.005,-0.04,-1.22024122261e-12,0
820.0,0,-0.035,-7.61906612211e-13,0
820.0,0.005,-0.035,-1.16682703362e-12,0
820.0,0,-0.03,-6.51625525596e-13,0
820.0,0.005,-0.03,-1.00290841663e-12,0
820.0,0,-0.025,-4.55574929479e-13,0
820.0,0.005,-0.025,-7.55348719206e-13,0
820.0,0,-0.02,-2.74563297742e-13,0
820.0,0.005,-0.02,-4.80369901264e-13,0
820.0,0,-0.015,-1.20975279599e-13,0
820.0,0.005,-0.015,-2.53029898252e-13,0
820.0,-0.0021196717084,-0.00776771017156,2.24692142963e-14,0
820.0,-0.00084550708518,-0.00631514607954,1.64129110578e-14,0
820.0,6.71033969406e-08,-0.005,1.0469694182e-14,0
820.0,-0.00139054260708,-0.0110960807567,-1.6949071268e-14,0
820.0,0.00132468676756,-0.00775008274642,-8.12021852991e-15,0
820.0,0.00160394440688,-0.0116908851489,-8.14534876093e-14,0
820.0,0.005,-0.00939946851065,-9.98371273409e-14,0
820.0,0.005,0.005,-5.55790430774e-14,0
820.0,-0.000107646311398,0.00617659695633,1.88066165877e-14,0
820.0,-0.00190846935279,0.0076427502668,2.91038396153e-15,0
820.0,0.00131146485568,0.00777290068297,-1.30180853403e-14,0
820.0,0.00295884413402,0.00640276348073,-1.11643767873e-14,0
820.0,-1.21517769428e-05,0.0108932602996,-9.67685525066e-14,0
820.0,0,0.015,-2.59033580733e-13,0
820.0,0.005,0.00939942566771,-2.11954825467e-13,0
820.0,0.005,0.015,-4.33450599552e-13,0
820.0,0,0.02,-4.02336606227e-13,0
820.0,0,0.025,-4.14370394667e-13,0
820.0,0.005,0.02,-5.47183178352e-13,0
820.0,0.005,0.025,-4.98283939551e-13,0
820.0,0,0.03,-2.83331680038e-13,0
820.0,0,0.035,-5.04459923282e-14,0
820.0,0.005,0.03,-2.92239771611e-13,0
820.0,0.005,0.035,1.19080910648e-14,0
820.0,0,0.04,3.06419221965e-13,0
820.0,0,0.045,6.58715185175e-13,0
820.0,0.005,0.04,4.03618431033e-13,0
820.0,0.005,0.045,7.78522032435e-13,0
820.0,0,0.05,8.79200557649e-13,0
820.0,0,0.055,9.91675720046e-13,0
820.0,0.005,0.05,1.04797053486e-12,0
820.0,0.005,0.055,1.213819159e-12,0
820.0,0,0.06,8.92186349943e-13,0
820.0,0,0.065,4.92943545011e-13,0
820.0,0.005,0.06,1.23554960715e-12,0
820.0,0.005,0.065,1.09417799185e-12,0
820.0,0,0.07,-1.85430569113e-13,0
820.0,0,0.075,-9.11567366064e-13,0
820.0,0.005,0.07,6.24081134403e-13,0
820.0,0.005,0.075,5.36925830624e-14,0
820.0,0.01,-0.075,-5.0891351254e-13,0
820.0,0.01,-0.07,-5.568770018e-13,0
820.0,0.015,-0.075,-1.24897104806e-12,0
820.0,0.015,-0.07,-1.09870540208e-12,0
820.0,0.01,-0.065,-6.50404705668e-13,0
820.0,0.015,-0.065,-1.03750934797e-12,0
820.0,0.01,-0.06,-8.25613145146e-13,0
820.0,0.015,-0.06,-1.10263685153e-12,0
820.0,0.01,-0.055,-1.04232674089e-12,0
820.0,0.015,-0.055,-1.18929355427e-12,0
820.0,0.01,-0.05,-1.23805504956e-12,0
820.0,0.015,-0.05,-1.25388133806e-12,0
820.0,0.01,-0.045,-1.3522433099e-12,0
820.0,0.015,-0.045,-1.31768498648e-12,0
820.0,0.01,-0.04,-1.37912257305e-12,0
820.0,0.015,-0.04,-1.37100109095e-12,0
820.0,0.01,-0.035,-1.30491701215e-12,0
820.0,0.015,-0.035,-1.30032473641e-12,0
820.0,0.01,-0.03,-1.16275993969e-12,0
820.0,0.015,-0.03,-1.19740485364e-12,0
820.0,0.01,-0.025,-1.00282173868e-12,0
820.0,0.015,-0.025,-1.11870492321e-12,0
820.0,0.01,-0.02,-7.21043063269e-13,0
820.0,0.01,-0.015,-4.54808962216e-13,0
820.0,0.015,-0.02,-9.57468038907e-13,0
820.0,0.015,-0.015,-7.86355483358e-13,0
820.0,0.00999280436795,-0.0116358337096,-3.83739119662e-13,0
820.0,0.0105889214373,-0.00845762197625,-3.63593550661e-13,0
820.0,0.015,-0.01,-7.61046300463e-13,0
820.0,0.00939947397025,-0.005,-2.31562935525e-13,0
820.0,0.015,-0.005,-7.5708425461e-13,0
820.0,0.00658051136513,-0.00296146438142,-4.93309571833e-14,0
820.0,0.00636794669772,-3.54305826484e-06,-3.68580496964e-14,0
820.0,0.00795807888052,-0.00113999998936,-1.2307665948e-13,0
820.0,0.00758147027913,0.00183630393596,-1.3012999652e-13,0
820.0,0.0112534647756,-1.47536350887e-07,-4.14810640925e-13,0
820.0,0.015,4.16333634234e-19,-8.08059768992e-13,0
820.0,0.00939942566771,0.005,-3.77446427561e-13,0
820.0,0.015,0.005,-9.75591621186e-13,0
820.0,0.00999018807453,0.0109670628501,-6.64489008078e-13,0
820.0,0.01,0.015,-7.81607061029e-13,0
820.0,0.015,0.01,-1.14594194307e-12,0
820.0,0.015,0.015,-1.23459201014e-12,0
820.0,0.01,0.02,-8.16421356928e-13,0
820.0,0.01,0.025,-6.78422625726e-13,0
820.0,0.015,0.02,-1.17319306481e-12,0
820.0,0.015,0.025,-9.24419368979e-13,0
820.0,0.01,0.03,-4.00284334126e-13,0
820.0,0.01,0.035,-4.41246163946e-14,0
820.0,0.015,0.03,-5.56992269271e-13,0
820.0,0.015,0.035,-1.28006702039e-13,0
820.0,0.01,0.04,3.74629423527e-13,0
820.0,0.01,0.045,7.66337212123e-13,0
820.0,0.015,0.04,3.2950510389e-13,0
820.0,0.015,0.045,7.42315834489e-13,0
820.0,0.01,0.05,1.0512014798e-12,0
820.0,0.01,0.055,1.22041110556e-12,0
820.0,0.015,0.05,1.04213818197e-12,0
820.0,0.015,0.055,1.21451475578e-12,0
820.0,0.01,0.06,1.24728454786e-12,0
820.0,0.01,0.065,1.15664533841e-12,0
820.0,0.015,0.06,1.21873815452e-12,0
820.0,0.015,0.065,1.02437257384e-12,0
820.0,0.01,0.07,8.55674653355e-13,0
820.0,0.01,0.075,3.7918947613e-13,0
820.0,0.015,0.07,5.34890684393e-13,0
820.0,0.015,0.075,-8.93623974409e-14,0
820.0,0.02,-0.075,-1.31466838988e-12,0
820.0,0.02,-0.07,-1.16721425923e-12,0
820.0,0.025,-0.075,-1.09105836481e-12,0
820.0,0.025,-0.07,-9.54640691648e-13,0
820.0,0.02,-0.065,-1.10442931651e-12,0
820.0,0.025,-0.065,-8.55033415167e-13,0
820.0,0.02,-0.06,-1.08138425852e-12,0
820.0,0.025,-0.06,-7.70289783642e-13,0
820.0,0.02,-0.055,-1.03787455249e-12,0
820.0,0.025,-0.055,-6.87788288423e-13,0
820.0,0.02,-0.05,-1.0149377282e-12,0
820.0,0.025,-0.05,-6.27211289937e-13,0
820.0,0.02,-0.045,-1.03748387855e-12,0
820.0,0.025,-0.045,-5.93897940543e-13,0
820.0,0.02,-0.04,-1.09940554382e-12,0
820.0,0.025,-0.04,-5.9291387635e-13,0
820.0,0.02,-0.035,-1.0719132643e-12,0
820.0,0.025,-0.035,-6.02943930843e-13,0
820.0,0.02,-0.03,-1.03093022791e-12,0
820.0,0.025,-0.03,-6.36179822851e-13,0
820.0,0.02,-0.025,-1.0584628155e-12,0
820.0,0.025,-0.025,-7.55534605761e-13,0
820.0,0.02,-0.02,-1.11452250537e-12,0
820.0,0.025,-0.02,-1.05298932398e-12,0
820.0,0.02,-0.015,-1.14646176508e-12,0
820.0,0.025,-0.015,-1.4164668638e-12,0
820.0,0.02,-0.01,-1.23528475283e-12,0
820.0,0.025,-0.01,-1.67478108028e-12,0
820.0,0.02,-0.005,-1.34870256021e-12,0
820.0,0.025,-0.005,-1.9351587123e-12,0
820.0,0.02,0,-1.51166600957e-12,0
820.0,0.025,4.16333634234e-19,-2.27159274658e-12,0
820.0,0.02,0.005,-1.69175508487e-12,0
820.0,0.025,0.005,-2.49078855653e-12,0
820.0,0.02,0.01,-1.79675645346e-12,0
820.0,0.025,0.01,-2.53177072242e-12,0
820.0,0.02,0.015,-1.78760654048e-12,0
820.0,0.025,0.015,-2.41035752286e-12,0
820.0,0.02,0.02,-1.5977274236e-12,0
820.0,0.02,0.025,-1.21357128459e-12,0
820.0,0.025,0.02,-2.04573493301e-12,0
820.0,0.025,0.025,-1.44998094686e-12,0
820.0,0.02,0.03,-7.12367879303e-13,0
820.0,0.02,0.035,-1.84675223902e-13,0
820.0,0.025,0.03,-7.96444916201e-13,0
820.0,0.025,0.035,-1.91544793688e-13,0
820.0,0.02,0.04,3.04014664059e-13,0
820.0,0.02,0.045,7.25423776736e-13,0
820.0,0.025,0.04,3.20241934607e-13,0
820.0,0.025,0.045,7.40489869391e-13,0
820.0,0.02,0.05,1.01756370989e-12,0
820.0,0.02,0.055,1.15194437529e-12,0
820.0,0.025,0.05,9.86849310998e-13,0
820.0,0.025,0.055,9.72701669116e-13,0
820.0,0.02,0.06,1.01075845353e-12,0
820.0,0.02,0.065,5.59314575705e-13,0
820.0,0.025,0.06,6.05086417208e-13,0
820.0,0.025,0.065,-6.71207474302e-15,0
820.0,0.02,0.07,-1.08275121161e-13,0
820.0,0.02,0.075,-8.49014680244e-13,0
820.0,0.025,0.07,-7.65376075839e-13,0
820.0,0.025,0.075,-1.61677032608e-12,0
820.0,0.03,-0.075,-6.88691431281e-13,0
820.0,0.03,-0.07,-5.65781357523e-13,0
820.0,0.035,-0.075,-2.36035170001e-13,0
820.0,0.035,-0.07,-1.34717430588e-13,0
820.0,0.03,-0.065,-4.58480849001e-13,0
820.0,0.035,-0.065,-4.22558686629e-14,0
820.0,0.03,-0.06,-3.5961036109e-13,0
820.0,0.035,-0.06,3.71811414195e-14,0
820.0,0.03,-0.055,-2.55641449403e-13,0
820.0,0.035,-0.055,1.41227718687e-13,0
820.0,0.03,-0.05,-1.4557681591e-13,0
820.0,0.035,-0.05,2.8088989869e-13,0
820.0,0.03,-0.045,-3.1748995943e-14,0
820.0,0.035,-0.045,4.5667853344e-13,0
820.0,0.03,-0.04,5.73447549228e-14,0
820.0,0.035,-0.04,6.60053536851e-13,0
820.0,0.03,-0.035,6.01199219757e-14,0
820.0,0.035,-0.035,7.84526155089e-13,0
820.0,0.03,-0.03,-1.71581173283e-14,0
820.0,0.035,-0.03,7.47034415612e-13,0
820.0,0.03,-0.025,-1.97278494676e-13,0
820.0,0.035,-0.025,5.75275533347e-13,0
820.0,0.03,-0.02,-5.81011662235e-13,0
820.0,0.035,-0.02,2.04747553578e-13,0
820.0,0.03,-0.015,-1.13127570866e-12,0
820.0,0.035,-0.015,-3.37262142452e-13,0
820.0,0.03,-0.01,-1.69872274921e-12,0
820.0,0.035,-0.01,-1.07089488085e-12,0
820.0,0.03,-0.005,-2.27587130569e-12,0
820.0,0.035,-0.005,-1.91885355583e-12,0
820.0,0.03,0,-2.83904110834e-12,0
820.0,0.035,4.16333634234e-19,-2.74754129454e-12,0
820.0,0.03,0.005,-3.2032906166e-12,0
820.0,0.035,0.005,-3.30022434089e-12,0
820.0,0.03,0.01,-3.24410064097e-12,0
820.0,0.035,0.01,-3.3696159931e-12,0
820.0,0.03,0.015,-2.94894206994e-12,0
820.0,0.035,0.015,-2.89120430288e-12,0
820.0,0.03,0.02,-2.31032899848e-12,0
820.0,0.035,0.02,-2.1345618213e-12,0
820.0,0.03,0.025,-1.47991235199e-12,0
820.0,0.035,0.025,-1.30670075683e-12,0
820.0,0.03,0.03,-7.54256973576e-13,0
820.0,0.03,0.035,-1.1592991691e-13,0
820.0,0.035,0.03,-5.71352219173e-13,0
820.0,0.035,0.035,5.78077006887e-14,0
820.0,0.03,0.04,4.00514415674e-13,0
820.0,0.03,0.045,8.03604941578e-13,0
820.0,0.035,0.04,5.58309722349e-13,0
820.0,0.035,0.045,9.2491340276e-13,0
820.0,0.03,0.05,9.71443904233e-13,0
820.0,0.03,0.055,7.71811566826e-13,0
820.0,0.035,0.05,1.00116374985e-12,0
820.0,0.035,0.055,6.46348184207e-13,0
820.0,0.03,0.06,2.51808169682e-13,0
820.0,0.03,0.065,-4.68262643696e-13,0
820.0,0.035,0.06,-1.19020360195e-14,0
820.0,0.035,0.065,-8.40486362152e-13,0
820.0,0.03,0.07,-1.32776026345e-12,0
820.0,0.03,0.075,-2.26505058361e-12,0
820.0,0.035,0.07,-1.79809690373e-12,0
820.0,0.035,0.075,-2.82483686524e-12,0
820.0,0.04,-0.075,3.39685129041e-13,0
820.0,0.04,-0.07,3.22718200936e-13,0
820.0,0.045,-0.075,8.13004585934e-13,0
820.0,0.045,-0.07,6.6075495755e-13,0
820.0,0.04,-0.065,3.31152142778e-13,0
820.0,0.045,-0.065,5.70824912178e-13,0
820.0,0.04,-0.06,3.55315545765e-13,0
820.0,0.045,-0.06,5.39948263437e-13,0
820.0,0.04,-0.055,4.24941525037e-13,0
820.0,0.045,-0.055,5.74058603677e-13,0
820.0,0.04,-0.05,5.54247885318e-13,0
820.0,0.045,-0.05,6.8281695791e-13,0
820.0,0.04,-0.045,7.54023802465e-13,0
820.0,0.045,-0.045,8.76637449478e-13,0
820.0,0.04,-0.04,1.03433306346e-12,0
820.0,0.045,-0.04,1.16687899298e-12,0
820.0,0.04,-0.035,1.32474634905e-12,0
820.0,0.045,-0.035,1.51503577626e-12,0
820.0,0.04,-0.03,1.50332805636e-12,0
820.0,0.045,-0.03,1.87748778227e-12,0
820.0,0.04,-0.025,1.41884151922e-12,0
820.0,0.045,-0.025,2.04712282542e-12,0
820.0,0.04,-0.02,1.07472662022e-12,0
820.0,0.045,-0.02,1.84734222276e-12,0
820.0,0.04,-0.015,5.95358442957e-13,0
820.0,0.045,-0.015,1.38292951573e-12,0
820.0,0.04,-0.01,-9.19941672956e-14,0
820.0,0.045,-0.01,7.8956156026e-13,0
820.0,0.04,-0.005,-9.62674130335e-13,0
820.0,0.045,-0.005,1.07977595989e-13,0
820.0,0.04,0,-1.93432640032e-12,0
820.0,0.045,4.16333634234e-19,-7.87083308929e-13,0
820.0,0.04,0.005,-2.65324014616e-12,0
820.0,0.045,0.005,-1.52684368941e-12,0
820.0,0.04,0.01,-2.79323877104e-12,0
820.0,0.045,0.01,-1.81064328725e-12,0
820.0,0.04,0.015,-2.31357520112e-12,0
820.0,0.045,0.015,-1.50142382441e-12,0
820.0,0.04,0.02,-1.61313688179e-12,0
820.0,0.045,0.02,-9.28238004158e-13,0
820.0,0.04,0.025,-9.0537537476e-13,0
820.0,0.045,0.025,-3.50016915854e-13,0
820.0,0.04,0.03,-2.27865169809e-13,0
820.0,0.045,0.03,2.39689150243e-13,0
820.0,0.04,0.035,3.64224003997e-13,0
820.0,0.045,0.035,7.7162514399e-13,0
820.0,0.04,0.04,8.17827351111e-13,0
820.0,0.04,0.045,1.11184659749e-12,0
820.0,0.045,0.04,1.1244275425e-12,0
820.0,0.045,0.045,1.3393509449e-12,0
820.0,0.04,0.05,1.08895175475e-12,0
820.0,0.04,0.055,6.07113755946e-13,0
820.0,0.045,0.05,1.23830924293e-12,0
820.0,0.045,0.055,6.57750447005e-13,0
820.0,0.04,0.06,-1.66654321456e-13,0
820.0,0.04,0.065,-1.08884071349e-12,0
820.0,0.045,0.06,-1.87331548144e-13,0
820.0,0.045,0.065,-1.15866871491e-12,0
820.0,0.04,0.07,-2.13233430348e-12,0
820.0,0.04,0.075,-3.24967962958e-12,0
820.0,0.045,0.07,-2.29715147745e-12,0
820.0,0.045,0.075,-3.48945618133e-12,0
820.0,0.05,-0.075,1.00550080139e-12,0
820.0,0.05,-0.07,7.91379650326e-13,0
820.0,0.055,-0.075,1.00257858416e-12,0
820.0,0.055,-0.07,7.48564274733e-13,0
820.0,0.05,-0.065,6.43364744893e-13,0
820.0,0.055,-0.065,5.57879941837e-13,0
820.0,0.05,-0.06,5.68477133376e-13,0
820.0,0.055,-0.06,4.44297921507e-13,0
820.0,0.05,-0.055,5.63529044024e-13,0
820.0,0.055,-0.055,3.98728931155e-13,0
820.0,0.05,-0.05,6.3814628841e-13,0
820.0,0.055,-0.05,4.32589357328e-13,0
820.0,0.05,-0.045,7.95479192839e-13,0
820.0,0.055,-0.045,5.39931720213e-13,0
820.0,0.05,-0.04,1.04279615809e-12,0
820.0,0.055,-0.04,7.31263055661e-13,0
820.0,0.05,-0.035,1.3818680115e-12,0
820.0,0.055,-0.035,1.02074100852e-12,0
820.0,0.05,-0.03,1.80135745868e-12,0
820.0,0.055,-0.03,1.41095376421e-12,0
820.0,0.05,-0.025,2.19048717255e-12,0
820.0,0.055,-0.025,1.84385684225e-12,0
820.0,0.05,-0.02,2.28822446516e-12,0
820.0,0.055,-0.02,2.18898770752e-12,0
820.0,0.05,-0.015,1.90886567412e-12,0
820.0,0.055,-0.015,2.16971052929e-12,0
820.0,0.05,-0.01,1.36932823196e-12,0
820.0,0.055,-0.01,1.79447952161e-12,0
820.0,0.05,-0.005,8.30597930538e-13,0
820.0,0.055,-0.005,1.36331061919e-12,0
820.0,0.05,0,2.58020557806e-13,0
820.0,0.055,4.16333634234e-19,1.01328902635e-12,0
820.0,0.05,0.005,-3.10351920092e-13,0
820.0,0.055,0.005,6.67567031711e-13,0
820.0,0.05,0.01,-6.76582747082e-13,0
820.0,0.055,0.01,3.6195896227e-13,0
820.0,0.05,0.015,-5.84254629989e-13,0
820.0,0.055,0.015,3.36129870613e-13,0
820.0,0.05,0.02,-1.32028815493e-13,0
820.0,0.055,0.02,6.77574954652e-13,0
820.0,0.05,0.025,3.41127760877e-13,0
820.0,0.055,0.025,1.05488024575e-12,0
820.0,0.05,0.03,8.23696846634e-13,0
820.0,0.055,0.03,1.31841318758e-12,0
820.0,0.05,0.035,1.18088448753e-12,0
820.0,0.055,0.035,1.46562190973e-12,0
820.0,0.05,0.04,1.40046262563e-12,0
820.0,0.055,0.04,1.60465246866e-12,0
820.0,0.05,0.045,1.55392885571e-12,0
820.0,0.055,0.045,1.67751915106e-12,0
820.0,0.05,0.05,1.39732808837e-12,0
820.0,0.05,0.055,7.64851401132e-13,0
820.0,0.055,0.05,1.46176360243e-12,0
820.0,0.055,0.055,8.72641939729e-13,0
820.0,0.05,0.06,-8.52795815841e-14,0
820.0,0.05,0.065,-1.01136325696e-12,0
820.0,0.055,0.06,8.66683952274e-14,0
820.0,0.055,0.065,-7.11512517765e-13,0
820.0,0.05,0.07,-2.07596127578e-12,0
820.0,0.05,0.075,-3.1556640292e-12,0
820.0,0.055,0.07,-1.29127766334e-12,0
820.0,0.055,0.075,-1.83543263359e-12,0
820.0,0.06,-0.075,8.28067883155e-13,0
820.0,0.06,-0.07,5.51529045975e-13,0
820.0,0.065,-0.075,5.29793715082e-13,0
820.0,0.065,-0.07,2.44549115889e-13,0
820.0,0.06,-0.065,3.31055887342e-13,0
820.0,0.065,-0.065,5.464380696e-15,0
820.0,0.06,-0.06,1.82973368449e-13,0
820.0,0.065,-0.06,-1.788141493e-13,0
820.0,0.06,-0.055,8.82437414373e-14,0
820.0,0.065,-0.055,-3.3422956517e-13,0
820.0,0.06,-0.05,4.99616736205e-14,0
820.0,0.065,-0.05,-4.79172499211e-13,0
820.0,0.06,-0.045,5.7598735135e-14,0
820.0,0.065,-0.045,-6.3053411951e-13,0
820.0,0.06,-0.04,1.28400888902e-13,0
820.0,0.065,-0.04,-7.79744999773e-13,0
820.0,0.06,-0.035,3.00160361909e-13,0
820.0,0.065,-0.035,-8.44023538848e-13,0
820.0,0.06,-0.03,5.83024950419e-13,0
820.0,0.065,-0.03,-7.22178406777e-13,0
820.0,0.06,-0.025,9.55363285894e-13,0
820.0,0.065,-0.025,-4.47649950553e-13,0
820.0,0.06,-0.02,1.34824814241e-12,0
820.0,0.065,-0.02,-2.49619779806e-14,0
820.0,0.06,-0.015,1.57480789837e-12,0
820.0,0.065,-0.015,3.11203580083e-13,0
820.0,0.06,-0.01,1.55223037089e-12,0
820.0,0.065,-0.01,5.56533226148e-13,0
820.0,0.06,-0.005,1.40096059234e-12,0
820.0,0.065,-0.005,7.3082352807e-13,0
820.0,0.06,0,1.25726632988e-12,0
820.0,0.065,4.16333634234e-19,8.60269903213e-13,0
820.0,0.06,0.005,1.14531489612e-12,0
820.0,0.065,0.005,9.83946894377e-13,0
820.0,0.06,0.01,1.0266211798e-12,0
820.0,0.065,0.01,1.03736142349e-12,0
820.0,0.06,0.015,1.03437535276e-12,0
820.0,0.065,0.015,1.03466058292e-12,0
820.0,0.06,0.02,1.18480714832e-12,0
820.0,0.065,0.02,9.76442644486e-13,0
820.0,0.06,0.025,1.31046202522e-12,0
820.0,0.065,0.025,8.57695907074e-13,0
820.0,0.06,0.03,1.31253873305e-12,0
820.0,0.065,0.03,6.56002675949e-13,0
820.0,0.06,0.035,1.26071396477e-12,0
820.0,0.065,0.035,3.79331913223e-13,0
820.0,0.06,0.04,1.22047442629e-12,0
820.0,0.065,0.04,1.08384038632e-13,0
820.0,0.06,0.045,1.150118463e-12,0
820.0,0.065,0.045,-1.04375933088e-13,0
820.0,0.06,0.05,9.75598626166e-13,0
820.0,0.065,0.05,-1.54202760506e-13,0
820.0,0.06,0.055,6.41817523999e-13,0
820.0,0.065,0.055,-1.60336455816e-13,0
820.0,0.06,0.06,1.93316967706e-13,0
820.0,0.06,0.065,-5.35739689596e-14,0
820.0,0.065,0.06,-8.36605117004e-15,0
820.0,0.065,0.065,5.98970492725e-13,0
820.0,0.06,0.07,4.77141205757e-14,0
820.0,0.06,0.075,2.60827032375e-13,0
820.0,0.065,0.07,1.53582335366e-12,0
820.0,0.065,0.075,2.60250235984e-12,0
820.0,0.07,-0.075,1.3949110497e-13,0
820.0,0.07,-0.07,-1.45321266875e-13,0
820.0,0.075,-0.075,-2.96793669821e-13,0
820.0,0.075,-0.07,-5.82880827543e-13,0
820.0,0.07,-0.065,-3.95669549695e-13,0
820.0,0.075,-0.065,-8.45062917364e-13,0
820.0,0.07,-0.06,-6.16826849157e-13,0
820.0,0.075,-0.06,-1.09019015622e-12,0
820.0,0.07,-0.055,-8.38859723665e-13,0
820.0,0.075,-0.055,-1.36338733298e-12,0
820.0,0.07,-0.05,-1.19600869001e-12,0
820.0,0.075,-0.05,-2.01281940092e-12,0
820.0,0.07,-0.045,-1.68441908979e-12,0
820.0,0.075,-0.045,-2.93519455598e-12,0
820.0,0.07,-0.04,-2.17684317993e-12,0
820.0,0.075,-0.04,-3.79263992292e-12,0
820.0,0.07,-0.035,-2.420636257e-12,0
820.0,0.075,-0.035,-4.14340198517e-12,0
820.0,0.07,-0.03,-2.31852171411e-12,0
820.0,0.075,-0.03,-4.01803714876e-12,0
820.0,0.07,-0.025,-2.06651844125e-12,0
820.0,0.075,-0.025,-3.75041277637e-12,0
820.0,0.07,-0.02,-1.51736420555e-12,0
820.0,0.075,-0.02,-2.99043672189e-12,0
820.0,0.07,-0.015,-9.22977296394e-13,0
820.0,0.075,-0.015,-2.09862297708e-12,0
820.0,0.07,-0.01,-5.50032863251e-13,0
820.0,0.075,-0.01,-1.63096717411e-12,0
820.0,0.07,-0.005,-2.31175535117e-13,0
820.0,0.075,-0.005,-1.19900065879e-12,0
820.0,0.07,0,4.39020868053e-14,0
820.0,0.075,0,-8.16314320503e-13,0
820.0,0.07,0.005,2.98298155616e-13,0
820.0,0.075,0.005,-4.84495879135e-13,0
820.0,0.07,0.01,4.92308771761e-13,0
820.0,0.075,0.01,-1.84430365018e-13,0
820.0,0.07,0.015,4.87526887881e-13,0
820.0,0.075,0.015,-1.4936192174e-13,0
820.0,0.07,0.02,3.29693870571e-13,0
820.0,0.075,0.02,-3.50152661488e-13,0
820.0,0.07,0.025,8.94591773308e-14,0
820.0,0.075,0.025,-6.82193274382e-13,0
820.0,0.07,0.03,-2.50338977185e-13,0
820.0,0.075,0.03,-1.14452738846e-12,0
820.0,0.07,0.035,-6.75549476437e-13,0
820.0,0.075,0.035,-1.70133344996e-12,0
820.0,0.07,0.04,-1.18049700663e-12,0
820.0,0.075,0.04,-2.45399449763e-12,0
820.0,0.07,0.045,-1.47958203834e-12,0
820.0,0.075,0.045,-2.86277538778e-12,0
820.0,0.07,0.05,-1.47437961671e-12,0
820.0,0.075,0.05,-2.83061168547e-12,0
820.0,0.07,0.055,-1.37837014723e-12,0
820.0,0.075,0.055,-2.67941825482e-12,0
820.0,0.07,0.06,-6.00436133473e-13,0
820.0,0.075,0.06,-1.39593843028e-12,0
820.0,0.07,0.065,9.53957589221e-13,0
820.0,0.075,0.065,1.05974371294e-12,0
820.0,0.07,0.07,2.78354814017e-12,0
820.0,0.07,0.075,4.61240567213e-12,0
820.0,0.075,0.07,3.73120971965e-12,0
820.0,0.075,0.075,6.10256282219e-12,0
900.0,-0.00382671281566,-0.00202612167119,0,0
900.0,-0.005,-0.005,3.10956130065e-14,0
900.0,-0.00197892066871,-0.00385133392306,0,0
900.0,-0.005,-0.00190753787223,1.8003336725e-14,0
900.0,-0.00433,0,0,0
900.0,-0.00190753787223,-0.005,1.55003973864e-14,0
900.0,0,-0.00433,0,0
900.0,-0.005,0.00190775150599,1.88891227489e-14,0
900.0,-0.00385133392306,0.00197892066871,0,0
900.0,0.00190775150599,-0.005,1.56487152343e-14,0
900.0,0.00202612167119,-0.00382671281566,0,0
900.0,-0.00202612167119,0.00382671281566,0,0
900.0,-0.005,0.005,3.51942746383e-14,0
900.0,-0.0019094272225,0.005,1.58154163617e-14,0
900.0,0,0.00433,0,0
900.0,0.00147766755988,0.00407006125046,0,0
900.0,8.32667268469e-19,0.005,1.11951954484e-14,0
900.0,0.00433,0,0,0
900.0,0.005,1.38777878078e-18,1.13101294165e-14,0
900.0,0.00407006125046,0.00147766755988,0,0
900.0,0.005,-0.005,2.79460590822e-14,0
900.0,0.00385133392306,-0.00197892066871,0,0
900.0,0.005,-0.0019094272225,1.55745580008e-14,0
900.0,0.00306177236254,0.00306177236254,0,0
900.0,0.0019094272225,0.005,1.53095336496e-14,0
900.0,0.005,0.0019094272225,1.44351195315e-14,0
900.0,-0.000885,-0.0015328649647,1.27174149776e-12,0
900.0,-0.0015328649647,-0.000885,1.27186393378e-12,0
900.0,-0.00186450691264,-0.00187567167242,8.43171034311e-13,0
900.0,-0.00177,0,1.27155549647e-12,0
900.0,-0.00268433516245,-0.000738983120158,7.5923784982e-13,0
900.0,0,-0.00177,1.27170294309e-12,0
900.0,-0.000718432264205,-0.00269192408424,7.57531336307e-13,0
900.0,-0.0015328649647,0.000885,1.27005057182e-12,0
900.0,-0.00265321485144,0.000647311733689,7.90026102466e-13,0
900.0,-0.000885,0.0015328649647,1.26842234424e-12,0
900.0,-0.00194719253591,0.00178443766524,8.44097208594e-13,0
900.0,0,0.00177,1.26431493844e-12,0
900.0,-0.000802720381054,0.00273415977115,7.17623575795e-13,0
900.0,0.000885,-0.0015328649647,1.27039133938e-12,0
900.0,0.00075154031863,-0.00270385456952,7.45419129773e-13,0
900.0,0.00177,0,1.26265439368e-12,0
900.0,0.0015328649647,-0.000885,1.26823814554e-12,0
900.0,0.00271471102228,-0.000564731152102,7.61045151693e-13,0
900.0,0.00192394637685,-0.00189207206672,8.10235748447e-13,0
900.0,0.00231817117671,0.00040530921667,9.88080613571e-13,0
900.0,0.0015328649647,0.000885,1.26091999215e-12,0
900.0,0.000885,0.0015328649647,1.26162519025e-12,0
900.0,0.000427053001345,0.00287092483521,6.82306613839e-13,0
900.0,0.00187618296239,0.00184774001435,8.33483286092e-13,0
900.0,0.00312733402203,0.000607809752493,5.19287737808e-13,0
900.0,0.00276214303706,0.00136595635004,5.76958039692e-13,0
900.0,0.0014100336009,0.00268674970267,6.04875168401e-13,0
900.0,-0.075,-0.075,6.57875343187e-14,0
900.0,-0.07,-0.075,8.71883493453e-14,0
900.0,-0.075,-0.07,-1.35978584291e-15,0
900.0,-0.07,-0.07,2.02377884796e-14,0
900.0,-0.075,-0.065,-6.406875003e-14,0
900.0,-0.07,-0.065,-4.16592763614e-14,0
900.0,-0.065,-0.075,1.06776648236e-13,0
900.0,-0.065,-0.07,3.90488419117e-14,0
900.0,-0.065,-0.065,-2.33915897644e-14,0
900.0,-0.075,-0.06,-9.79721218088e-14,0
900.0,-0.07,-0.06,-7.92310530882e-14,0
900.0,-0.065,-0.06,-6.52169514552e-14,0
900.0,-0.075,-0.055,-8.05300968378e-14,0
900.0,-0.07,-0.055,-7.3330220152e-14,0
900.0,-0.065,-0.055,-6.78900885784e-14,0
900.0,-0.075,-0.05,-4.02611049182e-14,0
900.0,-0.07,-0.05,-4.309867594e-14,0
900.0,-0.065,-0.05,-4.69867689281e-14,0
900.0,-0.075,-0.045,1.06000622889e-14,0
900.0,-0.07,-0.045,-2.90069893613e-15,0
900.0,-0.065,-0.045,-1.66984198474e-14,0
900.0,-0.075,-0.04,6.73001189071e-14,0
900.0,-0.07,-0.04,4.58317995743e-14,0
900.0,-0.075,-0.035,1.27512923382e-13,0
900.0,-0.07,-0.035,9.8205334317e-14,0
900.0,-0.065,-0.04,2.41898490872e-14,0
900.0,-0.065,-0.035,6.86515324423e-14,0
900.0,-0.075,-0.03,1.95964784671e-13,0
900.0,-0.07,-0.03,1.46135272041e-13,0
900.0,-0.075,-0.025,2.2681238155e-13,0
900.0,-0.07,-0.025,1.625495794e-13,0
900.0,-0.065,-0.03,1.04101483242e-13,0
900.0,-0.065,-0.025,1.14505894921e-13,0
900.0,-0.075,-0.02,1.91527526292e-13,0
900.0,-0.07,-0.02,1.29124954997e-13,0
900.0,-0.075,-0.015,9.77207924973e-14,0
900.0,-0.07,-0.015,4.39000133575e-14,0
900.0,-0.065,-0.02,8.96888269851e-14,0
900.0,-0.065,-0.015,2.15015277078e-14,0
900.0,-0.075,-0.01,-1.2559369122e-14,0
900.0,-0.07,-0.01,-7.70298063593e-14,0
900.0,-0.075,-0.005,-6.49405739582e-14,0
900.0,-0.07,-0.005,-1.75344968094e-13,0
900.0,-0.065,-0.01,-1.11931832619e-13,0
900.0,-0.065,-0.005,-2.64829972459e-13,0
900.0,-0.075,0,-1.88842875951e-14,0
900.0,-0.07,0,-1.9473074864e-13,0
900.0,-0.075,0.005,1.40164764194e-13,0
900.0,-0.07,0.005,-1.18974133399e-13,0
900.0,-0.065,4.16333634234e-19,-3.64213593538e-13,0
900.0,-0.065,0.005,-3.75770015055e-13,0
900.0,-0.075,0.01,3.87336092367e-13,0
900.0,-0.07,0.01,4.2869892183e-14,0
900.0,-0.075,0.015,6.09245482175e-13,0
900.0,-0.07,0.015,2.17531523589e-13,0
900.0,-0.065,0.01,-2.93171166444e-13,0
900.0,-0.065,0.015,-1.58201972543e-13,0
900.0,-0.075,0.02,7.33413459083e-13,0
900.0,-0.07,0.02,3.38677968178e-13,0
900.0,-0.075,0.025,8.02879800353e-13,0
900.0,-0.07,0.025,4.14296027082e-13,0
900.0,-0.065,0.02,-3.45942495043e-14,0
900.0,-0.065,0.025,5.62595946008e-14,0
900.0,-0.075,0.03,7.7924763197e-13,0
900.0,-0.07,0.03,4.10866210905e-13,0
900.0,-0.075,0.035,6.57636740081e-13,0
900.0,-0.07,0.035,3.22649265981e-13,0
900.0,-0.065,0.03,8.90404768594e-14,0
900.0,-0.065,0.035,5.45466786646e-14,0
900.0,-0.075,0.04,3.73464098797e-13,0
900.0,-0.07,0.04,1.66513297884e-13,0
900.0,-0.075,0.045,9.37110597714e-14,0
900.0,-0.07,0.045,2.67486142778e-14,0
900.0,-0.065,0.04,5.9808891781e-15,0
900.0,-0.065,0.045,-3.41166322453e-14,0
900.0,-0.075,0.05,-3.3532553231e-14,0
900.0,-0.07,0.05,-4.45748542772e-14,0
900.0,-0.075,0.055,-1.0775986287e-13,0
900.0,-0.07,0.055,-8.49349232735e-14,0
900.0,-0.065,0.05,-5.38570870872e-14,0
900.0,-0.065,0.055,-6.49384423155e-14,0
900.0,-0.075,0.06,-1.45237967226e-13,0
900.0,-0.07,0.06,-1.04538866524e-13,0
900.0,-0.075,0.065,-1.6751153726e-13,0
900.0,-0.07,0.065,-1.13189707429e-13,0
900.0,-0.065,0.06,-6.64232243568e-14,0
900.0,-0.065,0.065,-5.86136389368e-14,0
900.0,-0.075,0.07,-1.88319237025e-13,0
900.0,-0.07,0.07,-1.13181115399e-13,0
900.0,-0.075,0.075,-1.95030437211e-13,0
900.0,-0.07,0.075,-1.0343931022e-13,0
900.0,-0.065,0.07,-4.20217648765e-14,0
900.0,-0.065,0.075,-1.6686876447e-14,0
900.0,-0.06,-0.075,1.24834870744e-13,0
900.0,-0.06,-0.07,5.555639538e-14,0
900.0,-0.06,-0.065,-9.57202057305e-15,0
900.0,-0.055,-0.075,1.43273682129e-13,0
900.0,-0.055,-0.07,7.09195465561e-14,0
900.0,-0.055,-0.065,5.56994660538e-16,0
900.0,-0.06,-0.06,-5.69312572254e-14,0
900.0,-0.06,-0.055,-6.84547687568e-14,0
900.0,-0.055,-0.06,-5.50288334633e-14,0
900.0,-0.055,-0.055,-7.32728020517e-14,0
900.0,-0.06,-0.05,-5.30836479022e-14,0
900.0,-0.055,-0.05,-6.25321112515e-14,0
900.0,-0.06,-0.045,-2.8597460594e-14,0
900.0,-0.055,-0.045,-4.13401948598e-14,0
900.0,-0.06,-0.04,5.31673201478e-15,0
900.0,-0.055,-0.04,-1.0618003426e-14,0
900.0,-0.06,-0.035,4.38016369201e-14,0
900.0,-0.055,-0.035,2.50382861417e-14,0
900.0,-0.06,-0.03,7.53140273879e-14,0
900.0,-0.06,-0.025,8.81477267835e-14,0
900.0,-0.055,-0.03,5.76573594373e-14,0
900.0,-0.055,-0.025,7.64023684761e-14,0
900.0,-0.06,-0.02,7.6223825097e-14,0
900.0,-0.06,-0.015,3.28799508287e-14,0
900.0,-0.055,-0.02,7.94812023744e-14,0
900.0,-0.055,-0.015,6.46003590153e-14,0
900.0,-0.06,-0.01,-9.10236641846e-14,0
900.0,-0.06,-0.005,-2.74973432633e-13,0
900.0,-0.055,-0.01,-2.66893877311e-14,0
900.0,-0.055,-0.005,-1.94584165832e-13,0
900.0,-0.06,0,-4.48599200437e-13,0
900.0,-0.06,0.005,-5.48213831713e-13,0
900.0,-0.055,4.16333634234e-19,-4.00944854975e-13,0
900.0,-0.055,0.005,-5.553695633e-13,0
900.0,-0.06,0.01,-5.4250207384e-13,0
900.0,-0.06,0.015,-4.53420168124e-13,0
900.0,-0.055,0.01,-6.07773812759e-13,0
900.0,-0.055,0.015,-5.56570260387e-13,0
900.0,-0.06,0.02,-3.26114449815e-13,0
900.0,-0.06,0.025,-2.0824996682e-13,0
900.0,-0.055,0.02,-4.33074984791e-13,0
900.0,-0.055,0.025,-2.93495381268e-13,0
900.0,-0.06,0.03,-1.24584369488e-13,0
900.0,-0.06,0.035,-7.77085203048e-14,0
900.0,-0.055,0.03,-1.95034748167e-13,0
900.0,-0.055,0.035,-1.27779906532e-13,0
900.0,-0.06,0.04,-6.39652325665e-14,0
900.0,-0.06,0.045,-5.82801894232e-14,0
900.0,-0.055,0.04,-9.25175363903e-14,0
900.0,-0.055,0.045,-6.84212291191e-14,0
900.0,-0.06,0.05,-5.41963708285e-14,0
900.0,-0.06,0.055,-4.68520813421e-14,0
900.0,-0.055,0.05,-5.05938158087e-14,0
900.0,-0.055,0.055,-2.95954935557e-14,0
900.0,-0.06,0.06,-3.2815841905e-14,0
900.0,-0.06,0.065,-1.16264023141e-14,0
900.0,-0.055,0.06,-1.61606322383e-15,0
900.0,-0.055,0.065,3.2935860892e-14,0
900.0,-0.06,0.07,1.71593574571e-14,0
900.0,-0.06,0.075,5.06814816568e-14,0
900.0,-0.055,0.07,7.59781705166e-14,0
900.0,-0.055,0.075,1.21132047924e-13,0
900.0,-0.05,-0.075,1.65772998421e-13,0
900.0,-0.05,-0.07,8.72729538306e-14,0
900.0,-0.045,-0.075,1.80976226432e-13,0
900.0,-0.045,-0.07,9.91911020502e-14,0
900.0,-0.05,-0.065,1.19822600062e-14,0
900.0,-0.045,-0.065,2.21132900738e-14,0
900.0,-0.05,-0.06,-4.9938161999e-14,0
900.0,-0.05,-0.055,-7.66284456714e-14,0
900.0,-0.045,-0.06,-4.09522031023e-14,0
900.0,-0.045,-0.055,-7.4677647544e-14,0
900.0,-0.05,-0.05,-7.31970364554e-14,0
900.0,-0.05,-0.045,-5.52884356876e-14,0
900.0,-0.045,-0.05,-8.14444035169e-14,0
900.0,-0.045,-0.045,-6.91781426542e-14,0
900.0,-0.05,-0.04,-2.5541748599e-14,0
900.0,-0.045,-0.04,-4.13758066211e-14,0
900.0,-0.05,-0.035,1.06330012374e-14,0
900.0,-0.045,-0.035,-3.68975226009e-15,0
900.0,-0.05,-0.03,4.85532710632e-14,0
900.0,-0.045,-0.03,4.0025101928e-14,0
900.0,-0.05,-0.025,7.84290311062e-14,0
900.0,-0.045,-0.025,8.24586419576e-14,0
900.0,-0.05,-0.02,9.487093899e-14,0
900.0,-0.05,-0.015,9.86736599401e-14,0
900.0,-0.045,-0.02,1.14906058741e-13,0
900.0,-0.045,-0.015,1.38502754976e-13,0
900.0,-0.05,-0.01,4.3879400779e-14,0
900.0,-0.05,-0.005,-7.99659866779e-14,0
900.0,-0.045,-0.01,1.27145737317e-13,0
900.0,-0.045,-0.005,5.14229988862e-14,0
900.0,-0.05,0,-2.58706174849e-13,0
900.0,-0.05,0.005,-4.1001675495e-13,0
900.0,-0.045,4.16333634234e-19,-7.07506051746e-14,0
900.0,-0.045,0.005,-1.81955678843e-13,0
900.0,-0.05,0.01,-4.78991926598e-13,0
900.0,-0.05,0.015,-4.71689425073e-13,0
900.0,-0.045,0.01,-2.39690587544e-13,0
900.0,-0.045,0.015,-2.71706829405e-13,0
900.0,-0.05,0.02,-3.75662756106e-13,0
900.0,-0.05,0.025,-2.50808049611e-13,0
900.0,-0.045,0.02,-2.30100980595e-13,0
900.0,-0.045,0.025,-1.53846867502e-13,0
900.0,-0.05,0.03,-1.73982595421e-13,0
900.0,-0.05,0.035,-1.20588412185e-13,0
900.0,-0.045,0.03,-1.17907514443e-13,0
900.0,-0.045,0.035,-8.98201847366e-14,0
900.0,-0.05,0.04,-8.77631506096e-14,0
900.0,-0.05,0.045,-6.33751378165e-14,0
900.0,-0.045,0.04,-6.67300949381e-14,0
900.0,-0.045,0.045,-4.68789891555e-14,0
900.0,-0.05,0.05,-4.04977979793e-14,0
900.0,-0.05,0.055,-1.11183030654e-14,0
900.0,-0.045,0.05,-2.49154042064e-14,0
900.0,-0.045,0.055,5.16828484506e-15,0
900.0,-0.05,0.06,2.82312808592e-14,0
900.0,-0.05,0.065,7.73453920378e-14,0
900.0,-0.045,0.06,5.29714823467e-14,0
900.0,-0.045,0.065,1.14036292019e-13,0
900.0,-0.05,0.07,1.35855973114e-13,0
900.0,-0.05,0.075,1.9897420384e-13,0
900.0,-0.045,0.07,1.84855799954e-13,0
900.0,-0.045,0.075,2.62748608825e-13,0
900.0,-0.04,-0.075,1.89073411065e-13,0
900.0,-0.04,-0.07,1.05822472199e-13,0
900.0,-0.035,-0.075,1.95717845445e-13,0
900.0,-0.035,-0.07,1.09783252652e-13,0
900.0,-0.04,-0.065,2.72779524975e-14,0
900.0,-0.035,-0.065,2.87000695064e-14,0
900.0,-0.04,-0.06,-3.75636081605e-14,0
900.0,-0.035,-0.06,-3.90390637975e-14,0
900.0,-0.04,-0.055,-7.68395671136e-14,0
900.0,-0.035,-0.055,-8.38260944891e-14,0
900.0,-0.04,-0.05,-9.0200238091e-14,0
900.0,-0.04,-0.045,-8.35179382886e-14,0
900.0,-0.035,-0.05,-1.03176641859e-13,0
900.0,-0.035,-0.045,-1.00579347376e-13,0
900.0,-0.04,-0.04,-5.8479872919e-14,0
900.0,-0.04,-0.035,-1.9574729305e-14,0
900.0,-0.035,-0.04,-7.76676012875e-14,0
900.0,-0.035,-0.035,-3.80715741062e-14,0
900.0,-0.04,-0.03,2.83105035348e-14,0
900.0,-0.035,-0.03,1.26459819217e-14,0
900.0,-0.04,-0.025,7.97121773181e-14,0
900.0,-0.035,-0.025,6.94713424813e-14,0
900.0,-0.04,-0.02,1.29869366146e-13,0
900.0,-0.035,-0.02,1.29580549894e-13,0
900.0,-0.04,-0.015,1.76239343312e-13,0
900.0,-0.035,-0.015,1.90405173562e-13,0
900.0,-0.04,-0.01,2.12664804209e-13,0
900.0,-0.04,-0.005,2.02327635582e-13,0
900.0,-0.035,-0.01,2.52853722115e-13,0
900.0,-0.035,-0.005,2.99533580471e-13,0
900.0,-0.04,0,1.30994294942e-13,0
900.0,-0.04,0.005,4.52010001486e-14,0
900.0,-0.035,4.16333634234e-19,2.92762852284e-13,0
900.0,-0.035,0.005,2.48641995699e-13,0
900.0,-0.04,0.01,-9.58481591321e-15,0
900.0,-0.04,0.015,-4.81501803252e-14,0
900.0,-0.035,0.01,1.97274847604e-13,0
900.0,-0.035,0.015,1.47283050663e-13,0
900.0,-0.04,0.02,-5.38912785533e-14,0
900.0,-0.04,0.025,-4.61933875715e-14,0
900.0,-0.035,0.02,1.01603323033e-13,0
900.0,-0.035,0.025,5.82484755476e-14,0
900.0,-0.04,0.03,-4.27226090081e-14,0
900.0,-0.04,0.035,-3.94024722143e-14,0
900.0,-0.035,0.03,3.35041845316e-14,0
900.0,-0.035,0.035,1.53551391918e-14,0
900.0,-0.04,0.04,-3.34973695213e-14,0
900.0,-0.04,0.045,-2.46948538852e-14,0
900.0,-0.035,0.04,3.27267459176e-15,0
900.0,-0.035,0.045,-2.59585790001e-15,0
900.0,-0.04,0.05,-1.00295911213e-14,0
900.0,-0.04,0.055,1.28061603242e-14,0
900.0,-0.035,0.05,-9.51172450974e-17,0
900.0,-0.035,0.055,1.23612264768e-14,0
900.0,-0.04,0.06,6.28596700843e-14,0
900.0,-0.04,0.065,1.32092086805e-13,0
900.0,-0.035,0.06,5.24056744297e-14,0
900.0,-0.035,0.065,1.18564231205e-13,0
900.0,-0.04,0.07,2.07403924536e-13,0
900.0,-0.04,0.075,2.92739316999e-13,0
900.0,-0.035,0.07,1.94386664845e-13,0
900.0,-0.035,0.075,2.79616433478e-13,0
900.0,-0.03,-0.075,2.01138856303e-13,0
900.0,-0.03,-0.07,1.11676789158e-13,0
900.0,-0.025,-0.075,2.07472519289e-13,0
900.0,-0.025,-0.07,1.13007114753e-13,0
900.0,-0.03,-0.065,2.6546076214e-14,0
900.0,-0.025,-0.065,2.12479876714e-14,0
900.0,-0.03,-0.06,-4.5279893662e-14,0
900.0,-0.025,-0.06,-5.73038255246e-14,0
900.0,-0.03,-0.055,-9.50575771318e-14,0
900.0,-0.025,-0.055,-1.11664735504e-13,0
900.0,-0.03,-0.05,-1.19477625499e-13,0
900.0,-0.025,-0.05,-1.38720488836e-13,0
900.0,-0.03,-0.045,-1.19896756319e-13,0
900.0,-0.025,-0.045,-1.40160229264e-13,0
900.0,-0.03,-0.04,-9.83727735272e-14,0
900.0,-0.03,-0.035,-5.88025473182e-14,0
900.0,-0.025,-0.04,-1.19048169371e-13,0
900.0,-0.025,-0.035,-8.04876085346e-14,0
900.0,-0.03,-0.03,-6.58381878472e-15,0
900.0,-0.03,-0.025,5.28501842979e-14,0
900.0,-0.025,-0.03,-2.8249848425e-14,0
900.0,-0.025,-0.025,3.1918229289e-14,0
900.0,-0.03,-0.02,1.15631995291e-13,0
900.0,-0.025,-0.02,9.35870177992e-14,0
900.0,-0.03,-0.015,1.79743510192e-13,0
900.0,-0.025,-0.015,1.5448627841e-13,0
900.0,-0.03,-0.01,2.44202871973e-13,0
900.0,-0.025,-0.01,2.12554177021e-13,0
900.0,-0.03,-0.005,3.03114275479e-13,0
900.0,-0.025,-0.005,2.64155047834e-13,0
900.0,-0.03,0,3.47057621028e-13,0
900.0,-0.03,0.005,3.56185678336e-13,0
900.0,-0.025,4.16333634234e-19,3.06145271465e-13,0
900.0,-0.025,0.005,3.32513140438e-13,0
900.0,-0.03,0.01,3.2466938236e-13,0
900.0,-0.03,0.015,2.60859331675e-13,0
900.0,-0.025,0.01,3.34090885661e-13,0
900.0,-0.025,0.015,3.00855785078e-13,0
900.0,-0.03,0.02,1.96731805178e-13,0
900.0,-0.03,0.025,1.4132816538e-13,0
900.0,-0.025,0.02,2.48652189139e-13,0
900.0,-0.025,0.025,1.92589562967e-13,0
900.0,-0.03,0.03,9.79454609094e-14,0
900.0,-0.03,0.035,6.25131934046e-14,0
900.0,-0.025,0.03,1.39983525075e-13,0
900.0,-0.025,0.035,9.30045309224e-14,0
900.0,-0.03,0.04,3.39184444868e-14,0
900.0,-0.03,0.045,1.22499900637e-14,0
900.0,-0.025,0.04,5.10812916495e-14,0
900.0,-0.025,0.045,1.48654206889e-14,0
900.0,-0.03,0.05,-3.19239420405e-16,0
900.0,-0.03,0.055,-2.2025595849e-15,0
900.0,-0.025,0.05,-1.388773587e-14,0
900.0,-0.025,0.055,-3.26918876583e-14,0
900.0,-0.03,0.06,1.60757881331e-14,0
900.0,-0.03,0.065,5.71117252975e-14,0
900.0,-0.025,0.06,-4.04385774347e-14,0
900.0,-0.025,0.065,-3.36831889897e-14,0
900.0,-0.03,0.07,1.1146601891e-13,0
900.0,-0.03,0.075,1.71073024826e-13,0
900.0,-0.025,0.07,-1.36166253709e-14,0
900.0,-0.025,0.075,5.17784655001e-15,0
900.0,-0.02,-0.075,2.1498594986e-13,0
900.0,-0.02,-0.07,1.15269379452e-13,0
900.0,-0.015,-0.075,2.23779884983e-13,0
900.0,-0.015,-0.07,1.19172399169e-13,0
900.0,-0.02,-0.065,1.62309698094e-14,0
900.0,-0.015,-0.065,1.29126259694e-14,0
900.0,-0.02,-0.06,-7.21017395649e-14,0
900.0,-0.015,-0.06,-8.73470412022e-14,0
900.0,-0.02,-0.055,-1.31210203442e-13,0
900.0,-0.015,-0.055,-1.50850024481e-13,0
900.0,-0.02,-0.05,-1.58367621731e-13,0
900.0,-0.015,-0.05,-1.7524889679e-13,0
900.0,-0.02,-0.045,-1.59615843813e-13,0
900.0,-0.015,-0.045,-1.76142274005e-13,0
900.0,-0.02,-0.04,-1.38365171846e-13,0
900.0,-0.015,-0.04,-1.55533008433e-13,0
900.0,-0.02,-0.035,-1.01264183452e-13,0
900.0,-0.015,-0.035,-1.1880152321e-13,0
900.0,-0.02,-0.03,-4.98189048033e-14,0
900.0,-0.02,-0.025,9.17581655784e-15,0
900.0,-0.015,-0.03,-6.77862338503e-14,0
900.0,-0.015,-0.025,-1.0759093265e-14,0
900.0,-0.02,-0.02,6.65149834379e-14,0
900.0,-0.02,-0.015,1.19188640904e-13,0
900.0,-0.015,-0.02,4.02750116764e-14,0
900.0,-0.015,-0.015,8.25223302869e-14,0
900.0,-0.02,-0.01,1.64295421296e-13,0
900.0,-0.015,-0.01,1.12939502192e-13,0
900.0,-0.02,-0.005,2.01284556913e-13,0
900.0,-0.015,-0.005,1.34176211264e-13,0
900.0,-0.02,0,2.32554097313e-13,0
900.0,-0.015,4.16333634234e-19,1.53535534827e-13,0
900.0,-0.02,0.005,2.6029023651e-13,0
900.0,-0.015,0.005,1.77861475382e-13,0
900.0,-0.02,0.01,2.80848519281e-13,0
900.0,-0.02,0.015,2.81285592605e-13,0
900.0,-0.015,0.01,2.11614759231e-13,0
900.0,-0.015,0.015,2.36266989328e-13,0
900.0,-0.02,0.02,2.55356436202e-13,0
900.0,-0.02,0.025,2.08526209509e-13,0
900.0,-0.015,0.02,2.32815131568e-13,0
900.0,-0.015,0.025,1.9368630052e-13,0
900.0,-0.02,0.03,1.54435137376e-13,0
900.0,-0.02,0.035,1.02360186277e-13,0
900.0,-0.015,0.03,1.42160440451e-13,0
900.0,-0.015,0.035,9.20483549593e-14,0
900.0,-0.02,0.04,5.2278984123e-14,0
900.0,-0.02,0.045,4.54177333081e-15,0
900.0,-0.015,0.04,4.03840951032e-14,0
900.0,-0.015,0.045,-1.64051575151e-14,0
900.0,-0.02,0.05,-4.09529487115e-14,0
900.0,-0.02,0.055,-7.77378872771e-14,0
900.0,-0.015,0.05,-7.66890792019e-14,0
900.0,-0.015,0.055,-1.26089650835e-13,0
900.0,-0.02,0.06,-1.01622447993e-13,0
900.0,-0.02,0.065,-1.13125574888e-13,0
900.0,-0.015,0.06,-1.59105586225e-13,0
900.0,-0.015,0.065,-1.77641591244e-13,0
900.0,-0.02,0.07,-1.1507413104e-13,0
900.0,-0.02,0.075,-1.17401408013e-13,0
900.0,-0.015,0.07,-1.85537838839e-13,0
900.0,-0.015,0.075,-1.96174474917e-13,0
900.0,-0.01,-0.075,2.35782513669e-13,0
900.0,-0.01,-0.07,1.26236433945e-13,0
900.0,-0.005,-0.075,2.4492300184e-13,0
900.0,-0.005,-0.07,1.33802655453e-13,0
900.0,-0.01,-0.065,1.59920004373e-14,0
900.0,-0.005,-0.065,2.28436905142e-14,0
900.0,-0.01,-0.06,-9.73202057851e-14,0
900.0,-0.005,-0.06,-8.77407137123e-14,0
900.0,-0.01,-0.055,-1.66653064355e-13,0
900.0,-0.005,-0.055,-1.63943538929e-13,0
900.0,-0.01,-0.05,-1.8541947465e-13,0
900.0,-0.005,-0.05,-1.86340972405e-13,0
900.0,-0.01,-0.045,-1.860846071e-13,0
900.0,-0.005,-0.045,-1.87760547573e-13,0
900.0,-0.01,-0.04,-1.66080953872e-13,0
900.0,-0.005,-0.04,-1.67833560018e-13,0
900.0,-0.01,-0.035,-1.28931442687e-13,0
900.0,-0.005,-0.035,-1.2888529968e-13,0
900.0,-0.01,-0.03,-7.72373325713e-14,0
900.0,-0.005,-0.03,-7.54326338133e-14,0
900.0,-0.01,-0.025,-2.26173997594e-14,0
900.0,-0.005,-0.025,-2.23475541566e-14,0
900.0,-0.01,-0.02,2.10391202411e-14,0
900.0,-0.01,-0.015,5.23432631115e-14,0
900.0,-0.005,-0.02,1.39110404296e-14,0
900.0,-0.005,-0.015,3.56552553028e-14,0
900.0,-0.0117873230072,-0.0115873794689,7.79120787158e-14,0
900.0,-0.00939961996336,-0.005,6.7580772418e-14,0
900.0,-0.00792797428371,-0.00964253216809,5.5011706095e-14,0
900.0,-0.005,-0.00939961996336,4.02604393345e-14,0
900.0,-0.0108753492546,-0.00150606400588,8.81671947262e-14,0
900.0,-0.00818101620308,-0.00211452602544,5.32449863393e-14,0
900.0,-0.00651817360753,-0.000255934956239,3.31283604708e-14,0
900.0,-0.005,6.71033969428e-08,1.34593826544e-14,0
900.0,-0.0107292118043,0.00160660295843,9.38365082319e-14,0
900.0,-0.0080188992252,0.000768320427092,5.32772323056e-14,0
900.0,-0.00939946851065,0.005,8.68057669278e-14,0
900.0,-0.00802129342231,0.00264911934363,5.8672872022e-14,0
900.0,-0.00887989370213,0.00887989479405,1.0675011787e-13,0
900.0,-0.01,0.015,1.64989088564e-13,0
900.0,-0.005,0.00939947397025,6.68876737347e-14,0
900.0,-0.005,0.015,9.10093616269e-14,0
900.0,-0.01,0.02,1.70884514239e-13,0
900.0,-0.01,0.025,1.42924618594e-13,0
900.0,-0.005,0.02,8.67894217803e-14,0
900.0,-0.005,0.025,6.47849470624e-14,0
900.0,-0.01,0.03,9.72500415234e-14,0
900.0,-0.01,0.035,5.12375015727e-14,0
900.0,-0.005,0.03,2.69828518499e-14,0
900.0,-0.005,0.035,-1.67243086236e-14,0
900.0,-0.01,0.04,-5.07752564711e-15,0
900.0,-0.01,0.045,-6.61136568383e-14,0
900.0,-0.005,0.04,-7.17522647847e-14,0
900.0,-0.005,0.045,-1.18190937271e-13,0
900.0,-0.01,0.05,-1.18318244547e-13,0
900.0,-0.01,0.055,-1.55779908909e-13,0
900.0,-0.005,0.05,-1.36062073394e-13,0
900.0,-0.005,0.055,-1.37932024463e-13,0
900.0,-0.01,0.06,-1.77497400234e-13,0
900.0,-0.01,0.065,-1.81900447261e-13,0
900.0,-0.005,0.06,-1.27923705259e-13,0
900.0,-0.005,0.065,-9.81829513661e-14,0
900.0,-0.01,0.07,-1.72563953998e-13,0
900.0,-0.01,0.075,-1.68665122879e-13,0
900.0,-0.005,0.07,-5.53548359687e-14,0
900.0,-0.005,0.075,-1.15447149665e-14,0
900.0,0,-0.075,2.37825116106e-13,0
900.0,0,-0.07,1.34496708636e-13,0
900.0,0.005,-0.075,2.01252104069e-13,0
900.0,0.005,-0.07,1.20526446043e-13,0
900.0,0,-0.065,3.90117954204e-14,0
900.0,0.005,-0.065,5.34364591438e-14,0
900.0,0,-0.06,-3.80809583153e-14,0
900.0,0.005,-0.06,1.77494541172e-14,0
900.0,0,-0.055,-9.69237952026e-14,0
900.0,0.005,-0.055,-1.06045674036e-14,0
900.0,0,-0.05,-1.25949107054e-13,0
900.0,0.005,-0.05,-2.92530574378e-14,0
900.0,0,-0.045,-1.29963115807e-13,0
900.0,0.005,-0.045,-2.9124735837e-14,0
900.0,0,-0.04,-1.11597061121e-13,0
900.0,0.005,-0.04,-1.42657252927e-14,0
900.0,0,-0.035,-7.83223946807e-14,0
900.0,0.005,-0.035,7.61068472625e-15,0
900.0,0,-0.03,-3.76326615567e-14,0
900.0,0.005,-0.03,2.57643248389e-14,0
900.0,0,-0.025,-1.61102866671e-16,0
900.0,0.005,-0.025,3.79260092867e-14,0
900.0,0,-0.02,2.35953919443e-14,0
900.0,0.005,-0.02,4.69722514562e-14,0
900.0,0,-0.015,3.5708061725e-14,0
900.0,0.005,-0.015,4.99523836698e-14,0
900.0,-0.0021196717084,-0.00776771017156,2.91831776212e-14,0
900.0,-0.00084550708518,-0.00631514607954,2.18313297686e-14,0
900.0,6.71033969406e-08,-0.005,1.18187013633e-14,0
900.0,-0.00139054260708,-0.0110960807567,3.47193684258e-14,0
900.0,0.00132468676756,-0.00775008274642,2.86384912816e-14,0
900.0,0.00160394440688,-0.0116908851489,3.75897189797e-14,0
900.0,0.005,-0.00939946851065,4.08129672967e-14,0
900.0,0.005,0.005,2.0043515624e-14,0
900.0,-0.000107646311398,0.00617659695633,2.51291177343e-14,0
900.0,-0.00190846935279,0.0076427502668,3.83392286011e-14,0
900.0,0.00131146485568,0.00777290068297,3.02199749685e-14,0
900.0,0.00295884413402,0.00640276348073,2.42976856292e-14,0
900.0,-1.21517769428e-05,0.0108932602996,3.88589955901e-14,0
900.0,0,0.015,3.4915335923e-14,0
900.0,0.005,0.00939942566771,1.27513584925e-14,0
900.0,0.005,0.015,-1.001146034e-14,0
900.0,0,0.02,1.79958256723e-14,0
900.0,0,0.025,-9.47101048577e-15,0
900.0,0.005,0.02,-3.62186898742e-14,0
900.0,0.005,0.025,-6.54734326074e-14,0
900.0,0,0.03,-4.4050718428e-14,0
900.0,0,0.035,-8.25670501566e-14,0
900.0,0.005,0.03,-9.39546606618e-14,0
900.0,0.005,0.035,-1.22121649954e-13,0
900.0,0,0.04,-1.23595282482e-13,0
900.0,0,0.045,-1.38635253172e-13,0
900.0,0.005,0.04,-1.43625824098e-13,0
900.0,0.005,0.045,-1.32694039951e-13,0
900.0,0,0.05,-1.22461281994e-13,0
900.0,0,0.055,-9.09361328932e-14,0
900.0,0.005,0.05,-9.44434318725e-14,0
900.0,0.005,0.055,-3.87079264256e-14,0
900.0,0,0.06,-4.02915896774e-14,0
900.0,0,0.065,2.49351732695e-14,0
900.0,0.005,0.06,3.57069956934e-14,0
900.0,0.005,0.065,1.22328644614e-13,0
900.0,0,0.07,9.76223916731e-14,0
900.0,0,0.075,1.79754587074e-13,0
900.0,0.005,0.07,2.24864224668e-13,0
900.0,0.005,0.075,3.41505718787e-13,0
900.0,0.01,-0.075,1.38442801704e-13,0
900.0,0.01,-0.07,9.99270623779e-14,0
900.0,0.015,-0.075,6.37628724144e-14,0
900.0,0.015,-0.07,6.74020813592e-14,0
900.0,0.01,-0.065,6.55709661658e-14,0
900.0,0.015,-0.065,6.60850759727e-14,0
900.0,0.01,-0.06,4.444912931e-14,0
900.0,0.015,-0.06,5.91032117889e-14,0
900.0,0.01,-0.055,3.21900015737e-14,0
900.0,0.015,-0.055,5.81105563543e-14,0
900.0,0.01,-0.05,3.30530919866e-14,0
900.0,0.015,-0.05,7.12347370473e-14,0
900.0,0.01,-0.045,4.39599461106e-14,0
900.0,0.015,-0.045,9.24673232815e-14,0
900.0,0.01,-0.04,5.96596316686e-14,0
900.0,0.015,-0.04,1.16875716495e-13,0
900.0,0.01,-0.035,7.48719747292e-14,0
900.0,0.015,-0.035,1.30576188424e-13,0
900.0,0.01,-0.03,8.48524796676e-14,0
900.0,0.015,-0.03,1.34454277742e-13,0
900.0,0.01,-0.025,9.15627592794e-14,0
900.0,0.015,-0.025,1.38063708249e-13,0
900.0,0.01,-0.02,8.82877054208e-14,0
900.0,0.01,-0.015,7.3675072254e-14,0
900.0,0.015,-0.02,1.25249703002e-13,0
900.0,0.015,-0.015,9.15732832742e-14,0
900.0,0.00999280436795,-0.0116358337096,6.14535141372e-14,0
900.0,0.0105889214373,-0.00845762197625,5.09108764411e-14,0
900.0,0.015,-0.01,6.09844540118e-14,0
900.0,0.00939947397025,-0.005,3.74824495845e-14,0
900.0,0.015,-0.005,3.40593615246e-14,0
900.0,0.00658051136513,-0.00296146438142,2.70778100222e-14,0
900.0,0.00636794669772,-3.54305826484e-06,2.04161427818e-14,0
900.0,0.00795807888052,-0.00113999998936,2.5347311903e-14,0
900.0,0.00758147027913,0.00183630393596,1.99764899847e-14,0
900.0,0.0112534647756,-1.47536350887e-07,1.97005681064e-14,0
900.0,0.015,4.16333634234e-19,9.36574592296e-15,0
900.0,0.00939942566771,0.005,6.95971340801e-15,0
900.0,0.015,0.005,-1.99746793686e-14,0
900.0,0.00999018807453,0.0109670628501,-2.44322697605e-14,0
900.0,0.01,0.015,-4.70403020552e-14,0
900.0,0.015,0.01,-5.08435057882e-14,0
900.0,0.015,0.015,-8.12464479284e-14,0
900.0,0.01,0.02,-7.6042018904e-14,0
900.0,0.01,0.025,-1.01154613375e-13,0
900.0,0.015,0.02,-1.08693970924e-13,0
900.0,0.015,0.025,-1.2781167788e-13,0
900.0,0.01,0.03,-1.21034200666e-13,0
900.0,0.01,0.035,-1.37271456415e-13,0
900.0,0.015,0.03,-1.38675654958e-13,0
900.0,0.015,0.035,-1.39305446821e-13,0
900.0,0.01,0.04,-1.37792903097e-13,0
900.0,0.01,0.045,-1.11572536803e-13,0
900.0,0.015,0.04,-1.21482517595e-13,0
900.0,0.015,0.045,-8.7566567283e-14,0
900.0,0.01,0.05,-6.46514800709e-14,0
900.0,0.01,0.055,-2.38756460144e-15,0
900.0,0.015,0.05,-3.85371152782e-14,0
900.0,0.015,0.055,2.43696388163e-14,0
900.0,0.01,0.06,7.68002204516e-14,0
900.0,0.01,0.065,1.70038397797e-13,0
900.0,0.015,0.06,1.05409635242e-13,0
900.0,0.015,0.065,1.9612587849e-13,0
900.0,0.01,0.07,2.93355868609e-13,0
900.0,0.01,0.075,4.22070969328e-13,0
900.0,0.015,0.07,2.91927238793e-13,0
900.0,0.015,0.075,3.86048827233e-13,0
900.0,0.02,-0.075,1.32015232502e-15,0
900.0,0.02,-0.07,2.14308373688e-14,0
900.0,0.025,-0.075,-5.91418592181e-14,0
900.0,0.025,-0.07,-2.77256372642e-14,0
900.0,0.02,-0.065,3.9976299869e-14,0
900.0,0.025,-0.065,1.11429793778e-15,0
900.0,0.02,-0.06,5.30956255791e-14,0
900.0,0.025,-0.06,2.81491855915e-14,0
900.0,0.02,-0.055,6.47904306783e-14,0
900.0,0.025,-0.055,5.32460615063e-14,0
900.0,0.02,-0.05,8.32830728156e-14,0
900.0,0.025,-0.05,7.80348759427e-14,0
900.0,0.02,-0.045,1.09661390623e-13,0
900.0,0.025,-0.045,1.06676962577e-13,0
900.0,0.02,-0.04,1.45881436768e-13,0
900.0,0.025,-0.04,1.44781804921e-13,0
900.0,0.02,-0.035,1.62484040331e-13,0
900.0,0.025,-0.035,1.63389297948e-13,0
900.0,0.02,-0.03,1.61910526094e-13,0
900.0,0.025,-0.03,1.61257505941e-13,0
900.0,0.02,-0.025,1.62364493456e-13,0
900.0,0.025,-0.025,1.55766316431e-13,0
900.0,0.02,-0.02,1.40125223038e-13,0
900.0,0.025,-0.02,1.26550111653e-13,0
900.0,0.02,-0.015,9.30547590179e-14,0
900.0,0.025,-0.015,7.60777953646e-14,0
900.0,0.02,-0.01,5.29409356314e-14,0
900.0,0.025,-0.01,3.11803236049e-14,0
900.0,0.02,-0.005,1.71403755853e-14,0
900.0,0.025,-0.005,-1.24350210141e-14,0
900.0,0.02,0,-1.80486534287e-14,0
900.0,0.025,4.16333634234e-19,-5.64303082159e-14,0
900.0,0.02,0.005,-5.34491255622e-14,0
900.0,0.025,0.005,-9.15506029396e-14,0
900.0,0.02,0.01,-8.48053555827e-14,0
900.0,0.025,0.01,-1.18741261128e-13,0
900.0,0.02,0.015,-1.1246972952e-13,0
900.0,0.025,0.015,-1.38614337428e-13,0
900.0,0.02,0.02,-1.32872375687e-13,0
900.0,0.02,0.025,-1.41782354892e-13,0
900.0,0.025,0.02,-1.45439389038e-13,0
900.0,0.025,0.025,-1.33908976883e-13,0
900.0,0.02,0.03,-1.38536100157e-13,0
900.0,0.02,0.035,-1.22142797585e-13,0
900.0,0.025,0.03,-1.14375433607e-13,0
900.0,0.025,0.035,-9.00584694046e-14,0
900.0,0.02,0.04,-9.49945853384e-14,0
900.0,0.02,0.045,-6.08399842893e-14,0
900.0,0.025,0.04,-6.22408452963e-14,0
900.0,0.025,0.045,-3.20228490602e-14,0
900.0,0.02,0.05,-1.56318444527e-14,0
900.0,0.02,0.055,3.92934804945e-14,0
900.0,0.025,0.05,4.19874727624e-15,0
900.0,0.025,0.055,4.5116533911e-14,0
900.0,0.02,0.06,1.08074548899e-13,0
900.0,0.02,0.065,1.73255365737e-13,0
900.0,0.025,0.06,8.1840596706e-14,0
900.0,0.025,0.065,1.12687587752e-13,0
900.0,0.02,0.07,2.30847126579e-13,0
900.0,0.02,0.075,2.91014197688e-13,0
900.0,0.025,0.07,1.42647382676e-13,0
900.0,0.025,0.075,1.68926281109e-13,0
900.0,0.03,-0.075,-1.08971241742e-13,0
900.0,0.03,-0.07,-7.14928153458e-14,0
900.0,0.035,-0.075,-1.51298960943e-13,0
900.0,0.035,-0.07,-1.08754264128e-13,0
900.0,0.03,-0.065,-3.61783532635e-14,0
900.0,0.035,-0.065,-6.76883090283e-14,0
900.0,0.03,-0.06,-3.11326302869e-15,0
900.0,0.035,-0.06,-3.17106932888e-14,0
900.0,0.03,-0.055,2.74715615195e-14,0
900.0,0.035,-0.055,-8.43553655863e-16,0
900.0,0.03,-0.05,5.57354433811e-14,0
900.0,0.035,-0.05,2.4860112624e-14,0
900.0,0.03,-0.045,8.37795730108e-14,0
900.0,0.035,-0.045,4.72244446778e-14,0
900.0,0.03,-0.04,1.167747474e-13,0
900.0,0.035,-0.04,6.92672997225e-14,0
900.0,0.03,-0.035,1.35227114158e-13,0
900.0,0.035,-0.035,8.33179779563e-14,0
900.0,0.03,-0.03,1.31351273867e-13,0
900.0,0.035,-0.03,8.07396253264e-14,0
900.0,0.03,-0.025,1.17679298559e-13,0
900.0,0.035,-0.025,5.72012615059e-14,0
900.0,0.03,-0.02,8.0643384977e-14,0
900.0,0.035,-0.02,1.18775552614e-14,0
900.0,0.03,-0.015,2.91338023164e-14,0
900.0,0.035,-0.015,-4.18167358931e-14,0
900.0,0.03,-0.01,-2.25719301889e-14,0
900.0,0.035,-0.01,-9.36980922683e-14,0
900.0,0.03,-0.005,-6.96500036861e-14,0
900.0,0.035,-0.005,-1.30976959381e-13,0
900.0,0.03,0,-1.08042344732e-13,0
900.0,0.035,4.16333634234e-19,-1.48207809654e-13,0
900.0,0.03,0.005,-1.30052717386e-13,0
900.0,0.035,0.005,-1.4161480388e-13,0
900.0,0.03,0.01,-1.37835937833e-13,0
900.0,0.035,0.01,-1.16957547046e-13,0
900.0,0.03,0.015,-1.36219463351e-13,0
900.0,0.035,0.015,-8.60329462624e-14,0
900.0,0.03,0.02,-1.21389324785e-13,0
900.0,0.035,0.02,-5.885211556e-14,0
900.0,0.03,0.025,-9.47699182604e-14,0
900.0,0.035,0.025,-3.37790729182e-14,0
900.0,0.03,0.03,-7.00460280436e-14,0
900.0,0.03,0.035,-4.58779212041e-14,0
900.0,0.035,0.03,-1.17592930438e-14,0
900.0,0.035,0.035,7.33735343219e-15,0
900.0,0.03,0.04,-2.22718920215e-14,0
900.0,0.03,0.045,3.15054310145e-16,0
900.0,0.035,0.04,2.3940289206e-14,0
900.0,0.035,0.045,3.68164647129e-14,0
900.0,0.03,0.05,2.10619399793e-14,0
900.0,0.03,0.055,3.57340089282e-14,0
900.0,0.035,0.05,3.83648269443e-14,0
900.0,0.035,0.055,2.50654709486e-14,0
900.0,0.03,0.06,4.22077215716e-14,0
900.0,0.03,0.065,4.47470334494e-14,0
900.0,0.035,0.06,1.91452640847e-15,0
900.0,0.035,0.065,-2.51873027317e-14,0
900.0,0.03,0.07,4.5882259613e-14,0
900.0,0.03,0.075,4.63499449575e-14,0
900.0,0.035,0.07,-5.32739370022e-14,0
900.0,0.035,0.075,-7.93779249875e-14,0
900.0,0.04,-0.075,-1.77614418481e-13,0
900.0,0.04,-0.07,-1.29504280542e-13,0
900.0,0.045,-0.075,-1.66393989325e-13,0
900.0,0.045,-0.07,-1.23265743414e-13,0
900.0,0.04,-0.065,-8.58126469866e-14,0
900.0,0.045,-0.065,-8.57638948902e-14,0
900.0,0.04,-0.06,-5.17013529647e-14,0
900.0,0.045,-0.06,-5.83939783664e-14,0
900.0,0.04,-0.055,-2.39117293497e-14,0
900.0,0.045,-0.055,-3.73417255231e-14,0
900.0,0.04,-0.05,-2.52662499307e-15,0
900.0,0.045,-0.05,-2.22002506816e-14,0
900.0,0.04,-0.045,1.35234376214e-14,0
900.0,0.045,-0.045,-1.33161014785e-14,0
900.0,0.04,-0.04,2.32531791473e-14,0
900.0,0.045,-0.04,-1.32586466136e-14,0
900.0,0.04,-0.035,2.56799079299e-14,0
900.0,0.045,-0.035,-2.09268623676e-14,0
900.0,0.04,-0.03,1.5801065598e-14,0
900.0,0.045,-0.03,-3.98963292679e-14,0
900.0,0.04,-0.025,-1.31737210327e-14,0
900.0,0.045,-0.025,-7.02502946934e-14,0
900.0,0.04,-0.02,-5.73412960515e-14,0
900.0,0.045,-0.02,-1.09265362015e-13,0
900.0,0.04,-0.015,-1.06709280253e-13,0
900.0,0.045,-0.015,-1.40139758555e-13,0
900.0,0.04,-0.01,-1.44162235969e-13,0
900.0,0.045,-0.01,-1.4660677972e-13,0
900.0,0.04,-0.005,-1.59508453872e-13,0
900.0,0.045,-0.005,-1.39684171895e-13,0
900.0,0.04,0,-1.50434534199e-13,0
900.0,0.045,4.16333634234e-19,-1.13363515273e-13,0
900.0,0.04,0.005,-1.14246073394e-13,0
900.0,0.045,0.005,-5.61543413163e-14,0
900.0,0.04,0.01,-6.05855385498e-14,0
900.0,0.045,0.01,1.12497882329e-14,0
900.0,0.04,0.015,-1.36886215416e-14,0
900.0,0.045,0.015,5.93250119355e-14,0
900.0,0.04,0.02,1.39288238357e-14,0
900.0,0.045,0.02,8.53130994147e-14,0
900.0,0.04,0.025,3.74006492538e-14,0
900.0,0.045,0.025,1.0901857349e-13,0
900.0,0.04,0.03,5.62833940593e-14,0
900.0,0.045,0.03,1.26529463129e-13,0
900.0,0.04,0.035,7.02168718778e-14,0
900.0,0.045,0.035,1.33672398507e-13,0
900.0,0.04,0.04,7.773911664e-14,0
900.0,0.04,0.045,7.76353201362e-14,0
900.0,0.045,0.04,1.29459615432e-13,0
900.0,0.045,0.045,1.1811985024e-13,0
900.0,0.04,0.05,5.99204290677e-14,0
900.0,0.04,0.055,1.90956842385e-14,0
900.0,0.045,0.05,8.53638185237e-14,0
900.0,0.045,0.055,2.14985528361e-14,0
900.0,0.04,0.06,-3.47752969564e-14,0
900.0,0.04,0.065,-9.39019427687e-14,0
900.0,0.045,0.06,-5.97968711012e-14,0
900.0,0.045,0.065,-1.50425162965e-13,0
900.0,0.04,0.07,-1.52741560556e-13,0
900.0,0.04,0.075,-2.09075903868e-13,0
900.0,0.045,0.07,-2.45857124357e-13,0
900.0,0.045,0.075,-3.3260119998e-13,0
900.0,0.05,-0.075,-1.28663517628e-13,0
900.0,0.05,-0.07,-9.55444745047e-14,0
900.0,0.055,-0.075,-7.30612584359e-14,0
900.0,0.055,-0.07,-5.20500436258e-14,0
900.0,0.05,-0.065,-6.8907922532e-14,0
900.0,0.055,-0.065,-3.69640097773e-14,0
900.0,0.05,-0.06,-5.090426653e-14,0
900.0,0.055,-0.06,-2.9844073513e-14,0
900.0,0.05,-0.055,-3.87447224372e-14,0
900.0,0.055,-0.055,-2.82841839614e-14,0
900.0,0.05,-0.05,-3.17618201842e-14,0
900.0,0.055,-0.05,-3.09005353751e-14,0
900.0,0.05,-0.045,-3.05871138963e-14,0
900.0,0.055,-0.045,-3.82292733072e-14,0
900.0,0.05,-0.04,-3.63571667703e-14,0
900.0,0.055,-0.04,-5.03577298832e-14,0
900.0,0.05,-0.035,-4.86406068009e-14,0
900.0,0.055,-0.035,-6.57804433631e-14,0
900.0,0.05,-0.03,-7.02141503558e-14,0
900.0,0.055,-0.03,-8.40843280244e-14,0
900.0,0.05,-0.025,-9.84874780565e-14,0
900.0,0.055,-0.025,-1.00968573558e-13,0
900.0,0.05,-0.02,-1.23461151889e-13,0
900.0,0.055,-0.02,-1.05361505315e-13,0
900.0,0.05,-0.015,-1.25199226377e-13,0
900.0,0.055,-0.015,-9.11156012814e-14,0
900.0,0.05,-0.01,-1.13001689823e-13,0
900.0,0.055,-0.01,-7.14134951904e-14,0
900.0,0.05,-0.005,-9.63725726163e-14,0
900.0,0.055,-0.005,-4.42623631339e-14,0
900.0,0.05,0,-5.53977918439e-14,0
900.0,0.055,4.16333634234e-19,4.45989514813e-15,0
900.0,0.05,0.005,1.22825506487e-14,0
900.0,0.055,0.005,6.71451534536e-14,0
900.0,0.05,0.01,8.05952295229e-14,0
900.0,0.055,0.01,1.29303913149e-13,0
900.0,0.05,0.015,1.2261178136e-13,0
900.0,0.055,0.015,1.69616806771e-13,0
900.0,0.05,0.02,1.46138500614e-13,0
900.0,0.055,0.02,1.92114061946e-13,0
900.0,0.05,0.025,1.710393251e-13,0
900.0,0.055,0.025,2.09932625583e-13,0
900.0,0.05,0.03,1.89627962337e-13,0
900.0,0.055,0.03,2.13454255836e-13,0
900.0,0.05,0.035,1.83112715407e-13,0
900.0,0.055,0.035,2.05500155828e-13,0
900.0,0.05,0.04,1.67905220932e-13,0
900.0,0.055,0.04,1.90092084564e-13,0
900.0,0.05,0.045,1.51327735153e-13,0
900.0,0.055,0.045,1.70581377379e-13,0
900.0,0.05,0.05,1.10555783601e-13,0
900.0,0.05,0.055,3.16566824811e-14,0
900.0,0.055,0.05,1.31420253303e-13,0
900.0,0.055,0.055,5.20632310535e-14,0
900.0,0.05,0.06,-6.65883578431e-14,0
900.0,0.05,0.065,-1.77197549436e-13,0
900.0,0.055,0.06,-5.54218306927e-14,0
900.0,0.055,0.065,-1.76174352135e-13,0
900.0,0.05,0.07,-3.1766622346e-13,0
900.0,0.05,0.075,-4.67336813695e-13,0
900.0,0.055,0.07,-3.33579349374e-13,0
900.0,0.055,0.075,-5.21122783116e-13,0
900.0,0.06,-0.075,-3.17474017582e-15,0
900.0,0.06,-0.07,4.17249224814e-15,0
900.0,0.065,-0.075,7.61314501181e-14,0
900.0,0.065,-0.07,6.95849851224e-14,0
900.0,0.06,-0.065,6.70810683245e-15,0
900.0,0.065,-0.065,5.8911350668e-14,0
900.0,0.06,-0.06,3.93292437439e-15,0
900.0,0.065,-0.06,4.73434054767e-14,0
900.0,0.06,-0.055,-4.03180042002e-15,0
900.0,0.065,-0.055,3.13020804469e-14,0
900.0,0.06,-0.05,-1.74898611773e-14,0
900.0,0.065,-0.05,6.50080851795e-15,0
900.0,0.06,-0.045,-3.49310196011e-14,0
900.0,0.065,-0.045,-2.1746920026e-14,0
900.0,0.06,-0.04,-5.38211396741e-14,0
900.0,0.065,-0.04,-4.79136342558e-14,0
900.0,0.06,-0.035,-7.05597278965e-14,0
900.0,0.065,-0.035,-6.2508155554e-14,0
900.0,0.06,-0.03,-8.05640229945e-14,0
900.0,0.065,-0.03,-6.11718177549e-14,0
900.0,0.06,-0.025,-8.16136491563e-14,0
900.0,0.065,-0.025,-4.90311071002e-14,0
900.0,0.06,-0.02,-6.57603266788e-14,0
900.0,0.065,-0.02,-1.57892885582e-14,0
900.0,0.06,-0.015,-3.62759743663e-14,0
900.0,0.065,-0.015,2.77705517713e-14,0
900.0,0.06,-0.01,-7.75770312589e-15,0
900.0,0.065,-0.01,5.58591073601e-14,0
900.0,0.06,-0.005,2.15066129616e-14,0
900.0,0.065,-0.005,7.55958592516e-14,0
900.0,0.06,0,5.56196202049e-14,0
900.0,0.065,4.16333634234e-19,8.75181346408e-14,0
900.0,0.06,0.005,9.32134675854e-14,0
900.0,0.065,0.005,9.11081445572e-14,0
900.0,0.06,0.01,1.31514735939e-13,0
900.0,0.065,0.01,8.34007886536e-14,0
900.0,0.06,0.015,1.52866702763e-13,0
900.0,0.065,0.015,4.75587266967e-14,0
900.0,0.06,0.02,1.4963633949e-13,0
900.0,0.065,0.02,-6.77665780112e-15,0
900.0,0.06,0.025,1.37863940993e-13,0
900.0,0.065,0.025,-5.00574174804e-14,0
900.0,0.06,0.03,1.25255156601e-13,0
900.0,0.065,0.03,-6.85912322712e-14,0
900.0,0.06,0.035,1.25919109311e-13,0
900.0,0.065,0.035,-5.91658490139e-14,0
900.0,0.06,0.04,1.26871121995e-13,0
900.0,0.065,0.04,-2.12227029865e-14,0
900.0,0.06,0.045,1.26668779792e-13,0
900.0,0.065,0.045,2.84777203672e-14,0
900.0,0.06,0.05,1.2944096885e-13,0
900.0,0.065,0.05,9.22798922537e-14,0
900.0,0.06,0.055,1.04768454039e-13,0
900.0,0.065,0.055,1.47169295278e-13,0
900.0,0.06,0.06,1.85494295409e-14,0
900.0,0.06,0.065,-1.05027941126e-13,0
900.0,0.065,0.06,1.23545245463e-13,0
900.0,0.065,0.065,3.77630774914e-14,0
900.0,0.06,0.07,-2.56644380123e-13,0
900.0,0.06,0.075,-4.3672219851e-13,0
900.0,0.065,0.07,-8.42939935918e-14,0
900.0,0.065,0.075,-2.29209884482e-13,0
900.0,0.07,-0.075,1.625386521e-13,0
900.0,0.07,-0.07,1.41998614787e-13,0
900.0,0.075,-0.075,2.45250166285e-13,0
900.0,0.075,-0.07,2.14982628637e-13,0
900.0,0.07,-0.065,1.19398339095e-13,0
900.0,0.075,-0.065,1.814351835e-13,0
900.0,0.07,-0.06,9.94123362876e-14,0
900.0,0.075,-0.06,1.55944946835e-13,0
900.0,0.07,-0.055,7.7931614409e-14,0
900.0,0.075,-0.055,1.31571019927e-13,0
900.0,0.07,-0.05,4.43200702871e-14,0
900.0,0.075,-0.05,9.04875686442e-14,0
900.0,0.07,-0.045,2.36407051704e-15,0
900.0,0.075,-0.045,3.45827300745e-14,0
900.0,0.07,-0.04,-3.32486737944e-14,0
900.0,0.075,-0.04,-1.26703081772e-14,0
900.0,0.07,-0.035,-4.54201290843e-14,0
900.0,0.075,-0.035,-2.53847356617e-14,0
900.0,0.07,-0.03,-3.58506619735e-14,0
900.0,0.075,-0.03,-1.21763543569e-14,0
900.0,0.07,-0.025,-1.75142088686e-14,0
900.0,0.075,-0.025,9.91226159801e-15,0
900.0,0.07,-0.02,2.91892612838e-14,0
900.0,0.075,-0.02,6.93383212955e-14,0
900.0,0.07,-0.015,7.77117636154e-14,0
900.0,0.075,-0.015,1.25802916463e-13,0
900.0,0.07,-0.01,9.98185924817e-14,0
900.0,0.075,-0.01,1.44419918835e-13,0
900.0,0.07,-0.005,1.10713690376e-13,0
900.0,0.075,-0.005,1.46948171527e-13,0
900.0,0.07,0,1.06802277396e-13,0
900.0,0.075,0,1.30035897981e-13,0
900.0,0.07,0.005,8.61908028852e-14,0
900.0,0.075,0.005,8.9771996548e-14,0
900.0,0.07,0.01,9.31761455353e-15,0
900.0,0.075,0.01,-6.61481747579e-14,0
900.0,0.07,0.015,-1.04512709884e-13,0
900.0,0.075,0.015,-2.68986595511e-13,0
900.0,0.07,0.02,-1.97176268845e-13,0
900.0,0.075,0.02,-3.96765066042e-13,0
900.0,0.07,0.025,-2.62474809629e-13,0
900.0,0.075,0.025,-4.83449893001e-13,0
900.0,0.07,0.03,-2.8803851507e-13,0
900.0,0.075,0.03,-5.17883060293e-13,0
900.0,0.07,0.035,-2.69534735787e-13,0
900.0,0.075,0.035,-4.8967780227e-13,0
900.0,0.07,0.04,-1.71364633617e-13,0
900.0,0.075,0.04,-3.1737911594e-13,0
900.0,0.07,0.045,-4.38993510303e-14,0
900.0,0.075,0.045,-1.0681803644e-13,0
900.0,0.07,0.05,4.57752093087e-14,0
900.0,0.075,0.05,5.65339941957e-16,0
900.0,0.07,0.055,1.30111006053e-13,0
900.0,0.075,0.055,1.0364533473e-13,0
900.0,0.07,0.06,1.92769142565e-13,0
900.0,0.075,0.06,2.53299943188e-13,0
900.0,0.07,0.065,1.94828534296e-13,0
900.0,0.075,0.065,3.5518623374e-13,0
900.0,0.07,0.07,1.35353510152e-13,0
900.0,0.07,0.075,3.90670650895e-14,0
900.0,0.075,0.07,3.63212202199e-13,0
900.0,0.075,0.075,3.05876414231e-13,0
1000.0,-0.00382671281566,-0.00202612167119,0,0
1000.0,-0.005,-0.005,2.64043266988e-14,0
1000.0,-0.00197892066871,-0.00385133392306,0,0
1000.0,-0.005,-0.00190753787223,1.52943186572e-14,0
1000.0,-0.00433,0,0,0
1000.0,-0.00190753787223,-0.005,1.59801621677e-14,0
1000.0,0,-0.00433,0,0
1000.0,-0.005,0.00190775150599,1.4923856107e-14,0
1000.0,-0.00385133392306,0.00197892066871,0,0
1000.0,0.00190775150599,-0.005,1.60071199379e-14,0
1000.0,0.00202612167119,-0.00382671281566,0,0
1000.0,-0.00202612167119,0.00382671281566,0,0
1000.0,-0.005,0.005,2.44328282215e-14,0
1000.0,-0.0019094272225,0.005,1.55061219248e-14,0
1000.0,0,0.00433,0,0
1000.0,0.00147766755988,0.00407006125046,0,0
1000.0,8.32667268469e-19,0.005,1.12394038099e-14,0
1000.0,0.00433,0,0,0
1000.0,0.005,1.38777878078e-18,1.11497668497e-14,0
1000.0,0.00407006125046,0.00147766755988,0,0
1000.0,0.005,-0.005,2.64974171664e-14,0
1000.0,0.00385133392306,-0.00197892066871,0,0
1000.0,0.005,-0.0019094272225,1.50490614259e-14,0
1000.0,0.00306177236254,0.00306177236254,0,0
1000.0,0.0019094272225,0.005,1.54693427466e-14,0
1000.0,0.005,0.0019094272225,1.44795543371e-14,0
1000.0,-0.000885,-0.0015328649647,1.27179952157e-12,0
1000.0,-0.0015328649647,-0.000885,1.27192197167e-12,0
1000.0,-0.00186450691264,-0.00187567167242,8.43209203617e-13,0
1000.0,-0.00177,0,1.27161349017e-12,0
1000.0,-0.00268433516245,-0.000738983120158,7.59272163285e-13,0
1000.0,0,-0.00177,1.27176091741e-12,0
1000.0,-0.000718432264205,-0.00269192408424,7.57565559237e-13,0
1000.0,-0.0015328649647,0.000885,1.27010844894e-12,0
1000.0,-0.00265321485144,0.000647311733689,7.9006180143e-13,0
1000.0,-0.000885,0.0015328649647,1.26848003623e-12,0
1000.0,-0.00194719253591,0.00178443766524,8.44135344354e-13,0
1000.0,0,0.00177,1.26437230956e-12,0
1000.0,-0.000802720381054,0.00273415977115,7.17655851385e-13,0
1000.0,0.000885,-0.0015328649647,1.27044919942e-12,0
1000.0,0.00075154031863,-0.00270385456952,7.45452772073e-13,0
1000.0,0.00177,0,1.2627116853e-12,0
1000.0,0.0015328649647,-0.000885,1.26829580587e-12,0
1000.0,0.00271471102228,-0.000564731152102,7.61079382741e-13,0
1000.0,0.00192394637685,-0.00189207206672,8.1027231437e-13,0
1000.0,0.00231817117671,0.00040530921667,9.88125091814e-13,0
1000.0,0.0015328649647,0.000885,1.26097708717e-12,0
1000.0,0.000885,0.0015328649647,1.26168232114e-12,0
1000.0,0.000427053001345,0.00287092483521,6.82337205516e-13,0
1000.0,0.00187618296239,0.00184774001435,8.3352067448e-13,0
1000.0,0.00312733402203,0.000607809752493,5.19310894326e-13,0
1000.0,0.00276214303706,0.00136595635004,5.76983805301e-13,0
1000.0,0.0014100336009,0.00268674970267,6.04902196239e-13,0
1000.0,-0.075,-0.075,-3.87449789561e-13,0
1000.0,-0.07,-0.075,-3.12778655592e-13,0
1000.0,-0.075,-0.07,-2.37551098436e-13,0
1000.0,-0.07,-0.07,-1.78766570422e-13,0
1000.0,-0.075,-0.065,-7.2650385386e-14,0
1000.0,-0.07,-0.065,-3.7756177404e-14,0
1000.0,-0.065,-0.075,-2.32664047443e-13,0
1000.0,-0.065,-0.07,-1.22279005797e-13,0
1000.0,-0.065,-0.065,-9.18829554748e-15,0
1000.0,-0.075,-0.06,1.13011922668e-13,0
1000.0,-0.07,-0.06,9.7809727553e-14,0
1000.0,-0.065,-0.06,8.73029708229e-14,0
1000.0,-0.075,-0.055,2.16330048861e-13,0
1000.0,-0.07,-0.055,1.65292922966e-13,0
1000.0,-0.065,-0.055,1.26781234315e-13,0
1000.0,-0.075,-0.05,2.17904782802e-13,0
1000.0,-0.07,-0.05,1.62821541592e-13,0
1000.0,-0.065,-0.05,1.1720747291e-13,0
1000.0,-0.075,-0.045,1.80532304592e-13,0
1000.0,-0.07,-0.045,1.3114491088e-13,0
1000.0,-0.065,-0.045,8.92808571698e-14,0
1000.0,-0.075,-0.04,1.15794256075e-13,0
1000.0,-0.07,-0.04,7.48674552462e-14,0
1000.0,-0.075,-0.035,3.43108651118e-14,0
1000.0,-0.07,-0.035,2.69912160013e-15,0
1000.0,-0.065,-0.04,4.12488651198e-14,0
1000.0,-0.065,-0.035,-2.09787301858e-14,0
1000.0,-0.075,-0.03,-1.01609098462e-13,0
1000.0,-0.07,-0.03,-9.51178414523e-14,0
1000.0,-0.075,-0.025,-2.33703273433e-13,0
1000.0,-0.07,-0.025,-1.80015583787e-13,0
1000.0,-0.065,-0.03,-8.90119785995e-14,0
1000.0,-0.065,-0.025,-1.36954222672e-13,0
1000.0,-0.075,-0.02,-2.79849644168e-13,0
1000.0,-0.07,-0.02,-2.02997542139e-13,0
1000.0,-0.075,-0.015,-2.14901154453e-13,0
1000.0,-0.07,-0.015,-1.45225950546e-13,0
1000.0,-0.065,-0.02,-1.43155942981e-13,0
1000.0,-0.065,-0.015,-9.63675158021e-14,0
1000.0,-0.075,-0.01,-7.0683908265e-14,0
1000.0,-0.07,-0.01,-1.95840008671e-14,0
1000.0,-0.075,-0.005,6.53675976423e-14,0
1000.0,-0.07,-0.005,1.09734013307e-13,0
1000.0,-0.065,-0.01,1.7995563312e-14,0
1000.0,-0.065,-0.005,1.53787167334e-13,0
1000.0,-0.075,0,1.18981886509e-13,0
1000.0,-0.07,0,1.73617889133e-13,0
1000.0,-0.075,0.005,7.06348387776e-14,0
1000.0,-0.07,0.005,1.48087742389e-13,0
1000.0,-0.065,4.16333634234e-19,2.3828096027e-13,0
1000.0,-0.065,0.005,2.3582638734e-13,0
1000.0,-0.075,0.01,-6.36831160908e-14,0
1000.0,-0.07,0.01,4.16411340041e-14,0
1000.0,-0.075,0.015,-1.99632672208e-13,0
1000.0,-0.07,0.015,-7.96964869011e-14,0
1000.0,-0.065,0.01,1.48146619878e-13,0
1000.0,-0.065,0.015,3.05110476222e-14,0
1000.0,-0.075,0.02,-2.79388767605e-13,0
1000.0,-0.07,0.02,-1.59730375535e-13,0
1000.0,-0.075,0.025,-3.2247779054e-13,0
1000.0,-0.07,0.025,-2.04413780242e-13,0
1000.0,-0.065,0.02,-5.5577232817e-14,0
1000.0,-0.065,0.025,-1.06904055174e-13,0
1000.0,-0.075,0.03,-3.00152554374e-13,0
1000.0,-0.07,0.03,-1.89199942365e-13,0
1000.0,-0.075,0.035,-2.07837451907e-13,0
1000.0,-0.07,0.035,-1.12470085721e-13,0
1000.0,-0.065,0.03,-1.03085558533e-13,0
1000.0,-0.065,0.035,-4.38022918739e-14,0
1000.0,-0.075,0.04,-1.44778258664e-14,0
1000.0,-0.07,0.04,1.17966997509e-14,0
1000.0,-0.075,0.045,1.64043519248e-13,0
1000.0,-0.07,0.045,1.16100760875e-13,0
1000.0,-0.065,0.04,2.81702900657e-14,0
1000.0,-0.065,0.045,8.11025991076e-14,0
1000.0,-0.075,0.05,2.35136671413e-13,0
1000.0,-0.07,0.05,1.60971585153e-13,0
1000.0,-0.075,0.055,2.58341215865e-13,0
1000.0,-0.07,0.055,1.70554012647e-13,0
1000.0,-0.065,0.05,1.01566875504e-13,0
1000.0,-0.065,0.055,9.87746001947e-14,0
1000.0,-0.075,0.06,2.45093252373e-13,0
1000.0,-0.07,0.06,1.50881790401e-13,0
1000.0,-0.075,0.065,2.1295947436e-13,0
1000.0,-0.07,0.065,1.11287266274e-13,0
1000.0,-0.065,0.06,7.18331487395e-14,0
1000.0,-0.065,0.065,2.29134239781e-14,0
1000.0,-0.075,0.07,1.62463867965e-13,0
1000.0,-0.07,0.07,4.89553546411e-14,0
1000.0,-0.075,0.075,9.02767080454e-14,0
1000.0,-0.07,0.075,-3.04605099206e-14,0
1000.0,-0.065,0.07,-4.69077979782e-14,0
1000.0,-0.065,0.075,-1.30503142609e-13,0
1000.0,-0.06,-0.075,-1.634922099e-13,0
1000.0,-0.06,-0.07,-7.18621931899e-14,0
1000.0,-0.06,-0.065,1.54885488765e-14,0
1000.0,-0.055,-0.075,-9.45483235389e-14,0
1000.0,-0.055,-0.07,-2.12206750869e-14,0
1000.0,-0.055,-0.065,4.29845160355e-14,0
1000.0,-0.06,-0.06,8.07060399034e-14,0
1000.0,-0.06,-0.055,9.98367816808e-14,0
1000.0,-0.055,-0.06,8.17837626926e-14,0
1000.0,-0.055,-0.055,7.95167149988e-14,0
1000.0,-0.06,-0.05,8.40976051574e-14,0
1000.0,-0.055,-0.05,5.8079446364e-14,0
1000.0,-0.06,-0.045,5.60639662256e-14,0
1000.0,-0.055,-0.045,2.94254786957e-14,0
1000.0,-0.06,-0.04,1.43410300437e-14,0
1000.0,-0.055,-0.04,-6.03794135847e-15,0
1000.0,-0.06,-0.035,-3.57085054145e-14,0
1000.0,-0.055,-0.035,-4.42457705641e-14,0
1000.0,-0.06,-0.03,-8.23845327896e-14,0
1000.0,-0.06,-0.025,-1.09023097011e-13,0
1000.0,-0.055,-0.03,-7.69867488252e-14,0
1000.0,-0.055,-0.025,-8.97659881591e-14,0
1000.0,-0.06,-0.02,-1.04603571568e-13,0
1000.0,-0.06,-0.015,-6.66864882535e-14,0
1000.0,-0.055,-0.02,-7.9824492034e-14,0
1000.0,-0.055,-0.015,-5.18193391133e-14,0
1000.0,-0.06,-0.01,3.2084516066e-14,0
1000.0,-0.06,-0.005,1.68420199049e-13,0
1000.0,-0.055,-0.01,2.60942531322e-14,0
1000.0,-0.055,-0.005,1.45819244969e-13,0
1000.0,-0.06,0,2.74000199508e-13,0
1000.0,-0.06,0.005,2.95520813994e-13,0
1000.0,-0.055,4.16333634234e-19,2.56905252085e-13,0
1000.0,-0.055,0.005,2.89906842771e-13,0
1000.0,-0.06,0.01,2.26754735995e-13,0
1000.0,-0.06,0.015,1.13139574206e-13,0
1000.0,-0.055,0.01,2.3594548732e-13,0
1000.0,-0.055,0.015,1.28164746247e-13,0
1000.0,-0.06,0.02,9.8017174618e-15,0
1000.0,-0.06,0.025,-5.09198982815e-14,0
1000.0,-0.055,0.02,1.72690297425e-14,0
1000.0,-0.055,0.025,-4.51164924071e-14,0
1000.0,-0.06,0.03,-5.61089334029e-14,0
1000.0,-0.06,0.035,-2.40375515891e-14,0
1000.0,-0.055,0.03,-4.63487652563e-14,0
1000.0,-0.055,0.035,-2.42495918709e-14,0
1000.0,-0.06,0.04,1.83304156086e-14,0
1000.0,-0.06,0.045,5.01380958331e-14,0
1000.0,-0.055,0.04,4.78921136994e-15,0
1000.0,-0.055,0.045,2.70655528852e-14,0
1000.0,-0.06,0.05,5.98233754524e-14,0
1000.0,-0.06,0.055,4.84668271796e-14,0
1000.0,-0.055,0.05,3.10553472209e-14,0
1000.0,-0.055,0.055,1.32526785112e-14,0
1000.0,-0.06,0.06,1.38016528197e-14,0
1000.0,-0.06,0.065,-4.17944311688e-14,0
1000.0,-0.055,0.06,-2.8641674624e-14,0
1000.0,-0.055,0.065,-9.20940345873e-14,0
1000.0,-0.06,0.07,-1.17020579811e-13,0
1000.0,-0.06,0.075,-2.04608085113e-13,0
1000.0,-0.055,0.07,-1.76740478094e-13,0
1000.0,-0.055,0.075,-2.7368646764e-13,0
1000.0,-0.05,-0.075,-6.09500477147e-15,0
1000.0,-0.05,-0.07,2.7270831062e-14,0
1000.0,-0.045,-0.075,4.51457801794e-14,0
1000.0,-0.045,-0.07,4.73851000233e-14,0
1000.0,-0.05,-0.065,5.78572588301e-14,0
1000.0,-0.045,-0.065,5.03718968753e-14,0
1000.0,-0.05,-0.06,7.02544528022e-14,0
1000.0,-0.05,-0.055,5.74962476668e-14,0
1000.0,-0.045,-0.06,4.74087790724e-14,0
1000.0,-0.045,-0.055,3.57631717129e-14,0
1000.0,-0.05,-0.05,3.61132256408e-14,0
1000.0,-0.05,-0.045,1.00905030584e-14,0
1000.0,-0.045,-0.05,1.79237700585e-14,0
1000.0,-0.045,-0.045,-3.61146864126e-15,0
1000.0,-0.05,-0.04,-1.89061124677e-14,0
1000.0,-0.045,-0.04,-2.69863160538e-14,0
1000.0,-0.05,-0.035,-4.84579647479e-14,0
1000.0,-0.045,-0.035,-4.90994950277e-14,0
1000.0,-0.05,-0.03,-7.13497357806e-14,0
1000.0,-0.045,-0.03,-6.45532728061e-14,0
1000.0,-0.05,-0.025,-7.80471654251e-14,0
1000.0,-0.045,-0.025,-6.91158325176e-14,0
1000.0,-0.05,-0.02,-6.79273710359e-14,0
1000.0,-0.05,-0.015,-4.52857177381e-14,0
1000.0,-0.045,-0.02,-6.1087890024e-14,0
1000.0,-0.045,-0.015,-4.35032020758e-14,0
1000.0,-0.05,-0.01,1.65454915384e-14,0
1000.0,-0.05,-0.005,1.13834119399e-13,0
1000.0,-0.045,-0.01,1.87764727551e-15,0
1000.0,-0.045,-0.005,7.73795619333e-14,0
1000.0,-0.05,0,2.04609764403e-13,0
1000.0,-0.05,0.005,2.25809908301e-13,0
1000.0,-0.045,4.16333634234e-19,1.38905972373e-13,0
1000.0,-0.045,0.005,1.36218061494e-13,0
1000.0,-0.05,0.01,1.7447203218e-13,0
1000.0,-0.05,0.015,8.52423200879e-14,0
1000.0,-0.045,0.01,8.2918152364e-14,0
1000.0,-0.045,0.015,1.77478080916e-14,0
1000.0,-0.05,0.02,-1.33550531712e-14,0
1000.0,-0.05,0.025,-6.4031103286e-14,0
1000.0,-0.045,0.02,-5.75605101757e-14,0
1000.0,-0.045,0.025,-8.74171379647e-14,0
1000.0,-0.05,0.03,-5.54595691342e-14,0
1000.0,-0.05,0.035,-3.15828419165e-14,0
1000.0,-0.045,0.03,-6.63575596224e-14,0
1000.0,-0.045,0.035,-3.72332402402e-14,0
1000.0,-0.05,0.04,-4.2922164913e-15,0
1000.0,-0.05,0.045,1.74699332997e-14,0
1000.0,-0.045,0.04,-6.93546417799e-15,0
1000.0,-0.045,0.045,1.88542466197e-14,0
1000.0,-0.05,0.05,2.20262177113e-14,0
1000.0,-0.05,0.055,2.97303101658e-15,0
1000.0,-0.045,0.05,3.20354083939e-14,0
1000.0,-0.045,0.055,2.30980384163e-14,0
1000.0,-0.05,0.06,-4.41018375703e-14,0
1000.0,-0.05,0.065,-1.16724704954e-13,0
1000.0,-0.045,0.06,-2.64138407247e-14,0
1000.0,-0.045,0.065,-1.03178402967e-13,0
1000.0,-0.05,0.07,-2.11803925183e-13,0
1000.0,-0.05,0.075,-3.22478978885e-13,0
1000.0,-0.045,0.07,-2.01772710117e-13,0
1000.0,-0.045,0.075,-3.17905735748e-13,0
1000.0,-0.04,-0.075,4.25254082204e-14,0
1000.0,-0.04,-0.07,3.98995439267e-14,0
1000.0,-0.035,-0.075,3.31751480617e-14,0
1000.0,-0.035,-0.07,2.85839276422e-14,0
1000.0,-0.04,-0.065,3.70516575098e-14,0
1000.0,-0.035,-0.065,2.34292540038e-14,0
1000.0,-0.04,-0.06,3.0808164128e-14,0
1000.0,-0.035,-0.06,1.61895546208e-14,0
1000.0,-0.04,-0.055,1.95207351586e-14,0
1000.0,-0.035,-0.055,6.33765840796e-15,0
1000.0,-0.04,-0.05,4.40974977298e-15,0
1000.0,-0.04,-0.045,-1.28989215094e-14,0
1000.0,-0.035,-0.05,-5.66023616063e-15,0
1000.0,-0.035,-0.045,-1.84610422029e-14,0
1000.0,-0.04,-0.04,-3.06000008918e-14,0
1000.0,-0.04,-0.035,-4.59237249467e-14,0
1000.0,-0.035,-0.04,-3.05964666898e-14,0
1000.0,-0.035,-0.035,-4.0007861121e-14,0
1000.0,-0.04,-0.03,-5.57921683031e-14,0
1000.0,-0.035,-0.03,-4.51425460128e-14,0
1000.0,-0.04,-0.025,-5.89912259963e-14,0
1000.0,-0.035,-0.025,-4.5530814593e-14,0
1000.0,-0.04,-0.02,-5.3480265081e-14,0
1000.0,-0.035,-0.02,-4.03623505943e-14,0
1000.0,-0.04,-0.015,-4.07730979663e-14,0
1000.0,-0.035,-0.015,-3.07536852368e-14,0
1000.0,-0.04,-0.01,-1.20935072414e-14,0
1000.0,-0.04,-0.005,3.39880888154e-14,0
1000.0,-0.035,-0.01,-1.58534322385e-14,0
1000.0,-0.035,-0.005,1.51041961221e-15,0
1000.0,-0.04,0,7.04452012284e-14,0
1000.0,-0.04,0.005,5.79679615138e-14,0
1000.0,-0.035,4.16333634234e-19,1.3616389285e-14,0
1000.0,-0.035,0.005,-9.81020256782e-15,0
1000.0,-0.04,0.01,6.42908583932e-15,0
1000.0,-0.04,0.015,-5.14713362336e-14,0
1000.0,-0.035,0.01,-5.96457232377e-14,0
1000.0,-0.035,0.015,-1.0632277633e-13,0
1000.0,-0.04,0.02,-1.00046753376e-13,0
1000.0,-0.04,0.025,-1.03200477422e-13,0
1000.0,-0.035,0.02,-1.24591873687e-13,0
1000.0,-0.035,0.025,-1.10424610046e-13,0
1000.0,-0.04,0.03,-7.42843497806e-14,0
1000.0,-0.04,0.035,-3.96380773351e-14,0
1000.0,-0.035,0.03,-7.81108864675e-14,0
1000.0,-0.035,0.035,-3.8260650973e-14,0
1000.0,-0.04,0.04,-2.87729071549e-15,0
1000.0,-0.04,0.045,3.13456384467e-14,0
1000.0,-0.035,0.04,5.80080397567e-15,0
1000.0,-0.035,0.045,4.98389573545e-14,0
1000.0,-0.04,0.05,5.64842063131e-14,0
1000.0,-0.04,0.055,6.70663146688e-14,0
1000.0,-0.035,0.05,8.82869709542e-14,0
1000.0,-0.035,0.055,1.17019249723e-13,0
1000.0,-0.04,0.06,3.3219067057e-14,0
1000.0,-0.04,0.065,-4.37466514153e-14,0
1000.0,-0.035,0.06,1.12853339636e-13,0
1000.0,-0.035,0.065,5.23052562486e-14,0
1000.0,-0.04,0.07,-1.40822654809e-13,0
1000.0,-0.04,0.075,-2.53797268774e-13,0
1000.0,-0.035,0.07,-3.83681322015e-14,0
1000.0,-0.035,0.075,-1.41421576378e-13,0
1000.0,-0.03,-0.075,2.01583165086e-14,0
1000.0,-0.03,-0.07,1.52740638637e-14,0
1000.0,-0.025,-0.075,5.94751763955e-15,0
1000.0,-0.025,-0.07,1.67330064338e-15,0
1000.0,-0.03,-0.065,9.85993844016e-15,0
1000.0,-0.025,-0.065,-3.09197631956e-15,0
1000.0,-0.03,-0.06,3.29144490986e-15,0
1000.0,-0.025,-0.06,-8.30023164768e-15,0
1000.0,-0.03,-0.055,-4.43253104577e-15,0
1000.0,-0.025,-0.055,-1.32535888486e-14,0
1000.0,-0.03,-0.05,-1.27380510288e-14,0
1000.0,-0.025,-0.05,-1.72737653185e-14,0
1000.0,-0.03,-0.045,-2.07368829106e-14,0
1000.0,-0.025,-0.045,-2.00296706633e-14,0
1000.0,-0.03,-0.04,-2.72110040042e-14,0
1000.0,-0.03,-0.035,-3.11413354376e-14,0
1000.0,-0.025,-0.04,-2.08061654661e-14,0
1000.0,-0.025,-0.035,-1.9698702907e-14,0
1000.0,-0.03,-0.03,-3.19737115332e-14,0
1000.0,-0.03,-0.025,-2.94956107818e-14,0
1000.0,-0.025,-0.03,-1.67867676637e-14,0
1000.0,-0.025,-0.025,-1.19287639043e-14,0
1000.0,-0.03,-0.02,-2.39219084077e-14,0
1000.0,-0.025,-0.02,-6.05709058513e-15,0
1000.0,-0.03,-0.015,-1.65019682078e-14,0
1000.0,-0.025,-0.015,-1.41037422211e-16,0
1000.0,-0.03,-0.01,-8.47306121176e-15,0
1000.0,-0.025,-0.01,3.84278342606e-15,0
1000.0,-0.03,-0.005,-3.1419878013e-15,0
1000.0,-0.025,-0.005,1.7824400581e-15,0
1000.0,-0.03,0,-1.29001495574e-14,0
1000.0,-0.03,0.005,-4.52591490865e-14,0
1000.0,-0.025,4.16333634234e-19,-1.2225973393e-14,0
1000.0,-0.025,0.005,-3.95056103149e-14,0
1000.0,-0.03,0.01,-9.04197576197e-14,0
1000.0,-0.03,0.015,-1.22141310951e-13,0
1000.0,-0.025,0.01,-7.71414107094e-14,0
1000.0,-0.025,0.015,-1.08460374817e-13,0
1000.0,-0.03,0.02,-1.26467573928e-13,0
1000.0,-0.03,0.025,-1.1085998412e-13,0
1000.0,-0.025,0.02,-1.18625240051e-13,0
1000.0,-0.025,0.025,-1.05944902523e-13,0
1000.0,-0.03,0.03,-7.76198645904e-14,0
1000.0,-0.03,0.035,-3.45827012511e-14,0
1000.0,-0.025,0.03,-7.42371513354e-14,0
1000.0,-0.025,0.035,-3.06252987686e-14,0
1000.0,-0.03,0.04,1.53184246483e-14,0
1000.0,-0.03,0.045,6.79526674511e-14,0
1000.0,-0.025,0.04,2.21635946483e-14,0
1000.0,-0.025,0.045,8.01477383912e-14,0
1000.0,-0.03,0.05,1.1826659191e-13,0
1000.0,-0.03,0.055,1.61441266017e-13,0
1000.0,-0.025,0.05,1.37418083847e-13,0
1000.0,-0.025,0.055,1.82806864186e-13,0
1000.0,-0.03,0.06,1.80719912836e-13,0
1000.0,-0.03,0.065,1.50668874836e-13,0
1000.0,-0.025,0.06,2.0171037481e-13,0
1000.0,-0.025,0.065,1.86176009592e-13,0
1000.0,-0.03,0.07,8.56670192251e-14,0
1000.0,-0.03,0.075,1.57863339337e-14,0
1000.0,-0.025,0.07,1.44651491458e-13,0
1000.0,-0.025,0.075,1.00728425828e-13,0
1000.0,-0.02,-0.075,-7.80065044407e-15,0
1000.0,-0.02,-0.07,-1.11266035693e-14,0
1000.0,-0.015,-0.075,-1.98330897491e-14,0
1000.0,-0.015,-0.07,-2.21063450928e-14,0
1000.0,-0.02,-0.065,-1.50293716291e-14,0
1000.0,-0.015,-0.065,-2.5118299524e-14,0
1000.0,-0.02,-0.06,-1.8481490506e-14,0
1000.0,-0.015,-0.06,-2.67065467932e-14,0
1000.0,-0.02,-0.055,-1.98726233182e-14,0
1000.0,-0.015,-0.055,-2.40259257647e-14,0
1000.0,-0.02,-0.05,-1.90580315118e-14,0
1000.0,-0.015,-0.05,-1.84615102855e-14,0
1000.0,-0.02,-0.045,-1.6476896567e-14,0
1000.0,-0.015,-0.045,-1.11255007754e-14,0
1000.0,-0.02,-0.04,-1.21552387131e-14,0
1000.0,-0.015,-0.04,-2.32691199536e-15,0
1000.0,-0.02,-0.035,-6.48798811498e-15,0
1000.0,-0.015,-0.035,7.72102436156e-15,0
1000.0,-0.02,-0.03,2.7098009015e-16,0
1000.0,-0.02,-0.025,6.93481339492e-15,0
1000.0,-0.015,-0.03,1.81478985908e-14,0
1000.0,-0.015,-0.025,2.58848772755e-14,0
1000.0,-0.02,-0.02,1.24001579017e-14,0
1000.0,-0.02,-0.015,1.67220043527e-14,0
1000.0,-0.015,-0.02,2.9894467374e-14,0
1000.0,-0.015,-0.015,3.17448508602e-14,0
1000.0,-0.02,-0.01,1.81201737856e-14,0
1000.0,-0.015,-0.01,3.03644500234e-14,0
1000.0,-0.02,-0.005,1.40912897645e-14,0
1000.0,-0.015,-0.005,2.53620433431e-14,0
1000.0,-0.02,0,2.21190693725e-15,0
1000.0,-0.015,4.16333634234e-19,1.6689638862e-14,0
1000.0,-0.02,0.005,-1.91096211033e-14,0
1000.0,-0.015,0.005,3.54927142912e-15,0
1000.0,-0.02,0.01,-5.17025160075e-14,0
1000.0,-0.02,0.015,-8.50225893409e-14,0
1000.0,-0.015,0.01,-2.39627088443e-14,0
1000.0,-0.015,0.015,-5.94920913503e-14,0
1000.0,-0.02,0.02,-1.03225970359e-13,0
1000.0,-0.02,0.025,-9.69209930016e-14,0
1000.0,-0.015,0.02,-8.59175292398e-14,0
1000.0,-0.015,0.025,-8.64640880075e-14,0
1000.0,-0.02,0.03,-6.96231509031e-14,0
1000.0,-0.02,0.035,-2.88059487413e-14,0
1000.0,-0.015,0.03,-6.57078636494e-14,0
1000.0,-0.015,0.035,-3.14757198959e-14,0
1000.0,-0.02,0.04,2.33734470826e-14,0
1000.0,-0.02,0.045,8.20359544314e-14,0
1000.0,-0.015,0.04,1.79810031561e-14,0
1000.0,-0.015,0.045,7.36565129516e-14,0
1000.0,-0.02,0.05,1.38438638861e-13,0
1000.0,-0.02,0.055,1.72947807995e-13,0
1000.0,-0.015,0.05,1.20979071769e-13,0
1000.0,-0.015,0.055,1.43152071263e-13,0
1000.0,-0.02,0.06,1.76997862149e-13,0
1000.0,-0.02,0.065,1.55737927579e-13,0
1000.0,-0.015,0.06,1.34875900738e-13,0
1000.0,-0.015,0.065,9.75789021579e-14,0
1000.0,-0.02,0.07,1.1357184416e-13,0
1000.0,-0.02,0.075,6.87172811805e-14,0
1000.0,-0.015,0.07,3.48420914601e-14,0
1000.0,-0.015,0.075,-2.73440563584e-14,0
1000.0,-0.01,-0.075,-2.80610554859e-14,0
1000.0,-0.01,-0.07,-2.90149712353e-14,0
1000.0,-0.005,-0.075,-3.04269124682e-14,0
1000.0,-0.005,-0.07,-3.03714307653e-14,0
1000.0,-0.01,-0.065,-3.12784845471e-14,0
1000.0,-0.005,-0.065,-3.11878528292e-14,0
1000.0,-0.01,-0.06,-3.15856880486e-14,0
1000.0,-0.005,-0.06,-2.97283926397e-14,0
1000.0,-0.01,-0.055,-2.54825910235e-14,0
1000.0,-0.005,-0.055,-2.38208797365e-14,0
1000.0,-0.01,-0.05,-1.62054184487e-14,0
1000.0,-0.005,-0.05,-1.31266368065e-14,0
1000.0,-0.01,-0.045,-5.10558146567e-15,0
1000.0,-0.005,-0.045,6.39820170588e-16,0
1000.0,-0.01,-0.04,7.8563784019e-15,0
1000.0,-0.005,-0.04,1.70796236224e-14,0
1000.0,-0.01,-0.035,2.21469209588e-14,0
1000.0,-0.005,-0.035,3.4895788742e-14,0
1000.0,-0.01,-0.03,3.57403729269e-14,0
1000.0,-0.005,-0.03,5.12857833402e-14,0
1000.0,-0.01,-0.025,4.34589329361e-14,0
1000.0,-0.005,-0.025,5.83385672492e-14,0
1000.0,-0.01,-0.02,4.4934423445e-14,0
1000.0,-0.01,-0.015,4.32034846564e-14,0
1000.0,-0.005,-0.02,5.71001592939e-14,0
1000.0,-0.005,-0.015,5.12965817763e-14,0
1000.0,-0.0117873230072,-0.0115873794689,3.72454214602e-14,0
1000.0,-0.00939961996336,-0.005,3.07726383111e-14,0
1000.0,-0.00792797428371,-0.00964253216809,3.88470733321e-14,0
1000.0,-0.005,-0.00939961996336,3.88078019811e-14,0
1000.0,-0.0108753492546,-0.00150606400588,2.55125242549e-14,0
1000.0,-0.00818101620308,-0.00211452602544,2.59889023212e-14,0
1000.0,-0.00651817360753,-0.000255934956239,2.07798011552e-14,0
1000.0,-0.005,6.71033969428e-08,1.13466600409e-14,0
1000.0,-0.0107292118043,0.00160660295843,2.19274098889e-14,0
1000.0,-0.0080188992252,0.000768320427092,2.3307290153e-14,0
1000.0,-0.00939946851065,0.005,2.14441808364e-14,0
1000.0,-0.00802129342231,0.00264911934363,2.32272064366e-14,0
1000.0,-0.00887989370213,0.00887989479405,1.32170542194e-14,0
1000.0,-0.01,0.015,-2.86754724004e-14,0
1000.0,-0.005,0.00939947397025,2.31212638525e-14,0
1000.0,-0.005,0.015,-5.95443167183e-15,0
1000.0,-0.01,0.02,-6.0285990348e-14,0
1000.0,-0.01,0.025,-7.1995754819e-14,0
1000.0,-0.005,0.02,-3.5474641613e-14,0
1000.0,-0.005,0.025,-5.44630301728e-14,0
1000.0,-0.01,0.03,-6.1222849539e-14,0
1000.0,-0.01,0.035,-4.00419629644e-14,0
1000.0,-0.005,0.03,-5.52027198527e-14,0
1000.0,-0.005,0.035,-4.58679785451e-14,0
1000.0,-0.01,0.04,-2.20744717766e-15,0
1000.0,-0.01,0.045,3.96338174259e-14,0
1000.0,-0.005,0.04,-2.69935119022e-14,0
1000.0,-0.005,0.045,-6.95325003911e-15,0
1000.0,-0.01,0.05,6.74694138794e-14,0
1000.0,-0.01,0.055,7.33684452261e-14,0
1000.0,-0.005,0.05,-1.68746655345e-15,0
1000.0,-0.005,0.055,-1.49488258849e-14,0
1000.0,-0.01,0.06,4.80970428635e-14,0
1000.0,-0.01,0.065,-1.48104966218e-14,0
1000.0,-0.005,0.06,-5.55494663311e-14,0
1000.0,-0.005,0.065,-1.3502082292e-13,0
1000.0,-0.01,0.07,-1.07673052727e-13,0
1000.0,-0.01,0.075,-2.10647178237e-13,0
1000.0,-0.005,0.07,-2.47362477093e-13,0
1000.0,-0.005,0.075,-3.85417154487e-13,0
1000.0,0,-0.075,-6.42085584209e-15,0
1000.0,0,-0.07,-9.97309646403e-15,0
1000.0,0.005,-0.075,4.129826678e-14,0
1000.0,0.005,-0.07,2.53339871617e-14,0
1000.0,0,-0.065,-1.28563412162e-14,0
1000.0,0.005,-0.065,1.27073056008e-14,0
1000.0,0,-0.06,-1.61297438707e-14,0
1000.0,0.005,-0.06,-4.52272563221e-17,0
1000.0,0,-0.055,-1.74063964209e-14,0
1000.0,0.005,-0.055,-1.00883784597e-14,0
1000.0,0,-0.05,-1.14610891113e-14,0
1000.0,0.005,-0.05,-1.19282739727e-14,0
1000.0,0,-0.045,1.96111314916e-15,0
1000.0,0.005,-0.045,-3.47068134759e-15,0
1000.0,0,-0.04,2.0732560761e-14,0
1000.0,0.005,-0.04,1.26067956712e-14,0
1000.0,0,-0.035,4.19861442456e-14,0
1000.0,0.005,-0.035,3.26032839852e-14,0
1000.0,0,-0.03,6.03095473223e-14,0
1000.0,0.005,-0.03,5.10855446384e-14,0
1000.0,0,-0.025,6.75869900467e-14,0
1000.0,0.005,-0.025,6.3946306007e-14,0
1000.0,0,-0.02,6.45013519156e-14,0
1000.0,0.005,-0.02,6.58647028666e-14,0
1000.0,0,-0.015,5.57274327759e-14,0
1000.0,0.005,-0.015,5.74059227466e-14,0
1000.0,-0.0021196717084,-0.00776771017156,3.19143725713e-14,0
1000.0,-0.00084550708518,-0.00631514607954,2.35437723468e-14,0
1000.0,6.71033969406e-08,-0.005,1.22807547154e-14,0
1000.0,-0.00139054260708,-0.0110960807567,4.39326034541e-14,0
1000.0,0.00132468676756,-0.00775008274642,3.16795944363e-14,0
1000.0,0.00160394440688,-0.0116908851489,4.68176294757e-14,0
1000.0,0.005,-0.00939946851065,4.07725579393e-14,0
1000.0,0.005,0.005,2.12151836677e-14,0
1000.0,-0.000107646311398,0.00617659695633,2.43465034448e-14,0
1000.0,-0.00190846935279,0.0076427502668,2.95201161906e-14,0
1000.0,0.00131146485568,0.00777290068297,2.83473952555e-14,0
1000.0,0.00295884413402,0.00640276348073,2.49636200327e-14,0
1000.0,-1.21517769428e-05,0.0108932602996,2.26311909489e-14,0
1000.0,0,0.015,1.37653899341e-15,0
1000.0,0.005,0.00939942566771,1.58311357195e-14,0
1000.0,0.005,0.015,-5.54062941705e-15,0
1000.0,0,0.02,-2.57411984276e-14,0
1000.0,0,0.025,-4.35394577886e-14,0
1000.0,0.005,0.02,-2.69178511039e-14,0
1000.0,0.005,0.025,-4.01085387062e-14,0
1000.0,0,0.03,-4.84940200169e-14,0
1000.0,0,0.035,-4.53482872698e-14,0
1000.0,0.005,0.03,-4.22304434932e-14,0
1000.0,0.005,0.035,-3.8142278966e-14,0
1000.0,0,0.04,-3.9530582547e-14,0
1000.0,0,0.045,-3.47751508772e-14,0
1000.0,0.005,0.04,-3.31124224689e-14,0
1000.0,0.005,0.045,-3.15063819458e-14,0
1000.0,0,0.05,-4.01526173853e-14,0
1000.0,0,0.055,-6.36859666972e-14,0
1000.0,0.005,0.05,-3.84755288594e-14,0
1000.0,0.005,0.055,-5.99440525607e-14,0
1000.0,0,0.06,-1.11623221108e-13,0
1000.0,0,0.065,-1.86243984375e-13,0
1000.0,0.005,0.06,-9.86046571286e-14,0
1000.0,0.005,0.065,-1.51515108705e-13,0
1000.0,0,0.07,-2.98564001835e-13,0
1000.0,0,0.075,-4.44688508832e-13,0
1000.0,0.005,0.07,-2.54001114052e-13,0
1000.0,0.005,0.075,-3.8811351098e-13,0
1000.0,0.01,-0.075,8.04166907586e-14,0
1000.0,0.01,-0.07,5.12608820769e-14,0
1000.0,0.015,-0.075,9.26744125415e-14,0
1000.0,0.015,-0.07,6.14987508611e-14,0
1000.0,0.01,-0.065,2.5405398185e-14,0
1000.0,0.015,-0.065,3.31997755517e-14,0
1000.0,0.01,-0.06,7.76072436642e-15,0
1000.0,0.015,-0.06,1.19256892278e-14,0
1000.0,0.01,-0.055,-6.11900694332e-15,0
1000.0,0.015,-0.055,-5.08821282488e-15,0
1000.0,0.01,-0.05,-1.39644224157e-14,0
1000.0,0.015,-0.05,-1.74574339191e-14,0
1000.0,0.01,-0.045,-1.32213523783e-14,0
1000.0,0.015,-0.045,-2.48249770272e-14,0
1000.0,0.01,-0.04,-3.24808289543e-15,0
1000.0,0.015,-0.04,-2.17284042749e-14,0
1000.0,0.01,-0.035,1.20592443527e-14,0
1000.0,0.015,-0.035,-1.10164308548e-14,0
1000.0,0.01,-0.03,2.78320400555e-14,0
1000.0,0.015,-0.03,6.64736180389e-16,0
1000.0,0.01,-0.025,4.24189709046e-14,0
1000.0,0.015,-0.025,1.15700046949e-14,0
1000.0,0.01,-0.02,5.23876335622e-14,0
1000.0,0.01,-0.015,4.8001691143e-14,0
1000.0,0.015,-0.02,2.12940667749e-14,0
1000.0,0.015,-0.015,1.94029665439e-14,0
1000.0,0.00999280436795,-0.0116358337096,3.91861021196e-14,0
1000.0,0.0105889214373,-0.00845762197625,2.99038912734e-14,0
1000.0,0.015,-0.01,9.03097914211e-15,0
1000.0,0.00939947397025,-0.005,2.63343196858e-14,0
1000.0,0.015,-0.005,1.32279153257e-15,0
1000.0,0.00658051136513,-0.00296146438142,2.42770603175e-14,0
1000.0,0.00636794669772,-3.54305826484e-06,1.94210385916e-14,0
1000.0,0.00795807888052,-0.00113999998936,2.16847904419e-14,0
1000.0,0.00758147027913,0.00183630393596,1.91167858401e-14,0
1000.0,0.0112534647756,-1.47536350887e-07,1.1550413955e-14,0
1000.0,0.015,4.16333634234e-19,-6.98579798561e-15,0
1000.0,0.00939942566771,0.005,8.91993504852e-15,0
1000.0,0.015,0.005,-2.16010110462e-14,0
1000.0,0.00999018807453,0.0109670628501,-1.11554303113e-14,0
1000.0,0.01,0.015,-2.40461948947e-14,0
1000.0,0.015,0.01,-3.68384646508e-14,0
1000.0,0.015,0.015,-4.86982243711e-14,0
1000.0,0.01,0.02,-3.73716326647e-14,0
1000.0,0.01,0.025,-4.2336340036e-14,0
1000.0,0.015,0.02,-5.38226931164e-14,0
1000.0,0.015,0.025,-4.89854659625e-14,0
1000.0,0.01,0.03,-3.84082505512e-14,0
1000.0,0.01,0.035,-2.92257738401e-14,0
1000.0,0.015,0.03,-3.68407203357e-14,0
1000.0,0.015,0.035,-1.95390498949e-14,0
1000.0,0.01,0.04,-1.64252597428e-14,0
1000.0,0.01,0.045,-6.72191715767e-15,0
1000.0,0.015,0.04,2.09688698936e-15,0
1000.0,0.015,0.045,2.10754865892e-14,0
1000.0,0.01,0.05,-6.58921768615e-15,0
1000.0,0.01,0.055,-1.80476906191e-14,0
1000.0,0.015,0.05,3.10734246001e-14,0
1000.0,0.015,0.055,3.17932996324e-14,0
1000.0,0.01,0.06,-4.38952953294e-14,0
1000.0,0.01,0.065,-8.15664402906e-14,0
1000.0,0.015,0.06,1.82522817552e-14,0
1000.0,0.015,0.065,-5.05496136582e-15,0
1000.0,0.01,0.07,-1.4704217167e-13,0
1000.0,0.01,0.075,-2.27362034781e-13,0
1000.0,0.015,0.07,-3.15409264854e-14,0
1000.0,0.015,0.075,-5.49461136195e-14,0
1000.0,0.02,-0.075,8.46190663335e-14,0
1000.0,0.02,-0.07,5.71814908706e-14,0
1000.0,0.025,-0.075,6.81209058093e-14,0
1000.0,0.025,-0.07,4.52910426826e-14,0
1000.0,0.02,-0.065,3.21297426156e-14,0
1000.0,0.025,-0.065,2.34270738099e-14,0
1000.0,0.02,-0.06,1.00356868475e-14,0
1000.0,0.025,-0.06,4.09678603119e-15,0
1000.0,0.02,-0.055,-8.19096195799e-15,0
1000.0,0.025,-0.055,-1.21165381377e-14,0
1000.0,0.02,-0.05,-2.16057506652e-14,0
1000.0,0.025,-0.05,-2.5179895796e-14,0
1000.0,0.02,-0.045,-3.26371114662e-14,0
1000.0,0.025,-0.045,-3.66353184515e-14,0
1000.0,0.02,-0.04,-3.77102782106e-14,0
1000.0,0.025,-0.04,-4.66313155587e-14,0
1000.0,0.02,-0.035,-3.29898190545e-14,0
1000.0,0.025,-0.035,-4.81732219449e-14,0
1000.0,0.02,-0.03,-2.5891037877e-14,0
1000.0,0.025,-0.03,-4.62166893551e-14,0
1000.0,0.02,-0.025,-2.07745712687e-14,0
1000.0,0.025,-0.025,-4.71677316033e-14,0
1000.0,0.02,-0.02,-1.81574396931e-14,0
1000.0,0.025,-0.02,-5.45904836174e-14,0
1000.0,0.02,-0.015,-2.13200244403e-14,0
1000.0,0.025,-0.015,-6.46672773226e-14,0
1000.0,0.02,-0.01,-3.1594015873e-14,0
1000.0,0.025,-0.01,-7.76630417297e-14,0
1000.0,0.02,-0.005,-4.07475616183e-14,0
1000.0,0.025,-0.005,-9.13272673279e-14,0
1000.0,0.02,0,-5.14211115109e-14,0
1000.0,0.025,4.16333634234e-19,-1.07188567073e-13,0
1000.0,0.02,0.005,-6.49021327117e-14,0
1000.0,0.025,0.005,-1.17230503308e-13,0
1000.0,0.02,0.01,-7.57024151381e-14,0
1000.0,0.025,0.01,-1.21607242705e-13,0
1000.0,0.02,0.015,-8.06032860906e-14,0
1000.0,0.025,0.015,-1.17883644699e-13,0
1000.0,0.02,0.02,-7.57416686774e-14,0
1000.0,0.02,0.025,-5.95622231807e-14,0
1000.0,0.025,0.02,-1.0048851595e-13,0
1000.0,0.025,0.025,-6.8983115981e-14,0
1000.0,0.02,0.03,-3.54233386045e-14,0
1000.0,0.02,0.035,-7.5631102204e-15,0
1000.0,0.025,0.03,-3.23681075615e-14,0
1000.0,0.025,0.035,3.7004696294e-15,0
1000.0,0.02,0.04,2.05240399316e-14,0
1000.0,0.02,0.045,4.64756286054e-14,0
1000.0,0.025,0.04,3.68843996148e-14,0
1000.0,0.025,0.045,6.79360714053e-14,0
1000.0,0.02,0.05,6.6286628918e-14,0
1000.0,0.02,0.055,7.91145587152e-14,0
1000.0,0.025,0.05,9.30036318053e-14,0
1000.0,0.025,0.055,1.08394404276e-13,0
1000.0,0.02,0.06,8.17002551322e-14,0
1000.0,0.02,0.065,6.95301664954e-14,0
1000.0,0.025,0.06,1.1272416606e-13,0
1000.0,0.025,0.065,1.05004300247e-13,0
1000.0,0.02,0.07,5.29180452228e-14,0
1000.0,0.02,0.075,4.493938982e-14,0
1000.0,0.025,0.07,9.37926683291e-14,0
1000.0,0.025,0.075,9.07595671508e-14,0
1000.0,0.03,-0.075,4.85847800488e-14,0
1000.0,0.03,-0.07,2.95180694499e-14,0
1000.0,0.035,-0.075,2.76524466738e-14,0
1000.0,0.035,-0.07,1.23341656663e-14,0
1000.0,0.03,-0.065,1.20823705493e-14,0
1000.0,0.035,-0.065,2.86871504711e-17,0
1000.0,0.03,-0.06,-2.6853781181e-15,0
1000.0,0.035,-0.06,-8.42933767268e-15,0
1000.0,0.03,-0.055,-1.52336514313e-14,0
1000.0,0.035,-0.055,-1.53778054959e-14,0
1000.0,0.03,-0.05,-2.54894410837e-14,0
1000.0,0.035,-0.05,-2.03102945174e-14,0
1000.0,0.03,-0.045,-3.47078903802e-14,0
1000.0,0.035,-0.045,-2.47347914604e-14,0
1000.0,0.03,-0.04,-4.49912297231e-14,0
1000.0,0.035,-0.04,-3.13457307423e-14,0
1000.0,0.03,-0.035,-5.08343157615e-14,0
1000.0,0.035,-0.035,-3.83407878556e-14,0
1000.0,0.03,-0.03,-5.35027779983e-14,0
1000.0,0.035,-0.03,-4.49593979495e-14,0
1000.0,0.03,-0.025,-5.9770100947e-14,0
1000.0,0.035,-0.025,-5.07671300568e-14,0
1000.0,0.03,-0.02,-7.21298100655e-14,0
1000.0,0.035,-0.02,-5.96279667364e-14,0
1000.0,0.03,-0.015,-8.92245535594e-14,0
1000.0,0.035,-0.015,-7.44767280918e-14,0
1000.0,0.03,-0.01,-1.10296025439e-13,0
1000.0,0.035,-0.01,-9.87861263653e-14,0
1000.0,0.03,-0.005,-1.33879437816e-13,0
1000.0,0.035,-0.005,-1.28572174673e-13,0
1000.0,0.03,0,-1.5647112562e-13,0
1000.0,0.035,4.16333634234e-19,-1.5943084624e-13,0
1000.0,0.03,0.005,-1.69358931342e-13,0
1000.0,0.035,0.005,-1.78523967539e-13,0
1000.0,0.03,0.01,-1.67937826797e-13,0
1000.0,0.035,0.01,-1.74847213961e-13,0
1000.0,0.03,0.015,-1.50679707173e-13,0
1000.0,0.035,0.015,-1.45238756545e-13,0
1000.0,0.03,0.02,-1.15641818992e-13,0
1000.0,0.035,0.02,-1.05360053183e-13,0
1000.0,0.03,0.025,-6.86310528708e-14,0
1000.0,0.035,0.025,-5.99791426556e-14,0
1000.0,0.03,0.03,-2.62677231489e-14,0
1000.0,0.03,0.035,1.36759450365e-14,0
1000.0,0.035,0.03,-1.72733707485e-14,0
1000.0,0.035,0.035,2.25917995324e-14,0
1000.0,0.03,0.04,4.94712121119e-14,0
1000.0,0.03,0.045,8.23723117119e-14,0
1000.0,0.035,0.04,5.82776145122e-14,0
1000.0,0.035,0.045,8.91580205173e-14,0
1000.0,0.03,0.05,1.06909871809e-13,0
1000.0,0.03,0.055,1.14645839475e-13,0
1000.0,0.035,0.05,1.07823561046e-13,0
1000.0,0.035,0.055,1.05393111989e-13,0
1000.0,0.03,0.06,1.09434722932e-13,0
1000.0,0.03,0.065,9.96168233852e-14,0
1000.0,0.035,0.06,9.05890027986e-14,0
1000.0,0.035,0.065,7.3913061117e-14,0
1000.0,0.03,0.07,8.98541710679e-14,0
1000.0,0.03,0.075,8.6127873627e-14,0
1000.0,0.035,0.07,5.92393971917e-14,0
1000.0,0.035,0.075,5.1163209275e-14,0
1000.0,0.04,-0.075,-4.40381289673e-15,0
1000.0,0.04,-0.07,-7.86203001577e-15,0
1000.0,0.045,-0.075,-3.46069797009e-14,0
1000.0,0.045,-0.07,-2.47637526246e-14,0
1000.0,0.04,-0.065,-1.06117326797e-14,0
1000.0,0.045,-0.065,-1.7398013828e-14,0
1000.0,0.04,-0.06,-1.13656102022e-14,0
1000.0,0.045,-0.06,-1.13975177264e-14,0
1000.0,0.04,-0.055,-1.17549877639e-14,0
1000.0,0.045,-0.055,-6.31451059715e-15,0
1000.0,0.04,-0.05,-1.1789007105e-14,0
1000.0,0.045,-0.05,-2.11368511473e-15,0
1000.0,0.04,-0.045,-1.18771452761e-14,0
1000.0,0.045,-0.045,1.85693273253e-15,0
1000.0,0.04,-0.04,-1.21566892109e-14,0
1000.0,0.045,-0.04,7.03832747925e-15,0
1000.0,0.04,-0.035,-1.28771605514e-14,0
1000.0,0.045,-0.035,1.33444825899e-14,0
1000.0,0.04,-0.03,-1.48643187235e-14,0
1000.0,0.045,-0.03,2.09680579949e-14,0
1000.0,0.04,-0.025,-1.64701579794e-14,0
1000.0,0.045,-0.025,2.70028272313e-14,0
1000.0,0.04,-0.02,-2.08994638727e-14,0
1000.0,0.045,-0.02,2.72373027356e-14,0
1000.0,0.04,-0.015,-2.97558806729e-14,0
1000.0,0.045,-0.015,2.50528189232e-14,0
1000.0,0.04,-0.01,-4.48536420219e-14,0
1000.0,0.045,-0.01,2.2067909441e-14,0
1000.0,0.04,-0.005,-6.80860290868e-14,0
1000.0,0.045,-0.005,1.43822672789e-14,0
1000.0,0.04,0,-1.02066093157e-13,0
1000.0,0.045,4.16333634234e-19,-1.214777826e-14,0
1000.0,0.04,0.005,-1.29808345236e-13,0
1000.0,0.045,0.005,-4.31371280412e-14,0
1000.0,0.04,0.01,-1.32657135151e-13,0
1000.0,0.045,0.01,-6.22191146448e-14,0
1000.0,0.04,0.015,-1.07992347512e-13,0
1000.0,0.045,0.015,-5.70671878374e-14,0
1000.0,0.04,0.02,-7.60990763986e-14,0
1000.0,0.045,0.02,-3.9185858924e-14,0
1000.0,0.04,0.025,-4.19688461124e-14,0
1000.0,0.045,0.025,-1.9099764881e-14,0
1000.0,0.04,0.03,-5.90445802432e-15,0
1000.0,0.045,0.03,5.91482595248e-15,0
1000.0,0.04,0.035,2.86662633357e-14,0
1000.0,0.045,0.035,2.90896809493e-14,0
1000.0,0.04,0.04,5.79845275738e-14,0
1000.0,0.04,0.045,8.06689396643e-14,0
1000.0,0.045,0.04,4.38085833454e-14,0
1000.0,0.045,0.045,5.36203843907e-14,0
1000.0,0.04,0.05,8.95019796752e-14,0
1000.0,0.04,0.055,7.57000305167e-14,0
1000.0,0.045,0.05,5.11899145538e-14,0
1000.0,0.045,0.055,2.57148321371e-14,0
1000.0,0.04,0.06,4.97258850733e-14,0
1000.0,0.04,0.065,2.32888220218e-14,0
1000.0,0.045,0.06,-1.06061254108e-14,0
1000.0,0.045,0.065,-4.75809210836e-14,0
1000.0,0.04,0.07,2.3187860411e-16,0
1000.0,0.04,0.075,-1.60958023335e-14,0
1000.0,0.045,0.07,-8.10926668194e-14,0
1000.0,0.045,0.075,-1.08380919843e-13,0
1000.0,0.05,-0.075,-5.04705889352e-14,0
1000.0,0.05,-0.07,-3.38282434113e-14,0
1000.0,0.055,-0.075,-5.87131518384e-14,0
1000.0,0.055,-0.07,-3.73217511166e-14,0
1000.0,0.05,-0.065,-1.9869359786e-14,0
1000.0,0.055,-0.065,-1.88543045789e-14,0
1000.0,0.05,-0.06,-8.91633873503e-15,0
1000.0,0.055,-0.06,-4.32667989302e-15,0
1000.0,0.05,-0.055,4.14266841865e-16,0
1000.0,0.055,-0.055,8.21585207174e-15,0
1000.0,0.05,-0.05,8.12207114516e-15,0
1000.0,0.055,-0.05,1.8261850133e-14,0
1000.0,0.05,-0.045,1.50682032784e-14,0
1000.0,0.055,-0.045,2.65263992908e-14,0
1000.0,0.05,-0.04,2.25311518259e-14,0
1000.0,0.055,-0.04,3.40812753047e-14,0
1000.0,0.05,-0.035,3.14315386896e-14,0
1000.0,0.055,-0.035,4.22278808886e-14,0
1000.0,0.05,-0.03,4.3890764103e-14,0
1000.0,0.055,-0.03,5.33194640151e-14,0
1000.0,0.05,-0.025,5.88332668738e-14,0
1000.0,0.055,-0.025,6.89313588902e-14,0
1000.0,0.05,-0.02,7.22356425151e-14,0
1000.0,0.055,-0.02,9.29513499003e-14,0
1000.0,0.05,-0.015,7.63422407675e-14,0
1000.0,0.055,-0.015,1.12879096309e-13,0
1000.0,0.05,-0.01,7.66012514514e-14,0
1000.0,0.055,-0.01,1.20576796601e-13,0
1000.0,0.05,-0.005,7.74607957664e-14,0
1000.0,0.055,-0.005,1.24373885495e-13,0
1000.0,0.05,0,7.13846914157e-14,0
1000.0,0.055,4.16333634234e-19,1.23869122866e-13,0
1000.0,0.05,0.005,4.70963817016e-14,0
1000.0,0.055,0.005,1.07820657081e-13,0
1000.0,0.05,0.01,1.42563477823e-14,0
1000.0,0.055,0.01,7.56988404514e-14,0
1000.0,0.05,0.015,-3.05625744983e-15,0
1000.0,0.055,0.015,4.76469189349e-14,0
1000.0,0.05,0.02,2.2720666664e-15,0
1000.0,0.055,0.02,4.2710697364e-14,0
1000.0,0.05,0.025,9.75368105425e-15,0
1000.0,0.055,0.025,3.95799968686e-14,0
1000.0,0.05,0.03,1.6466656407e-14,0
1000.0,0.055,0.03,2.16333929655e-14,0
1000.0,0.05,0.035,1.9197866511e-14,0
1000.0,0.055,0.035,9.84256618411e-16,0
1000.0,0.05,0.04,1.97106439739e-14,0
1000.0,0.055,0.04,-9.141902667e-15,0
1000.0,0.05,0.045,1.81732154628e-14,0
1000.0,0.055,0.045,-2.10440330711e-14,0
1000.0,0.05,0.05,2.23397516801e-15,0
1000.0,0.05,0.055,-3.32271656498e-14,0
1000.0,0.055,0.05,-4.78818282825e-14,0
1000.0,0.055,0.055,-8.95715245636e-14,0
1000.0,0.05,0.06,-7.67772694438e-14,0
1000.0,0.05,0.065,-1.23774967802e-13,0
1000.0,0.055,0.06,-1.37877260547e-13,0
1000.0,0.055,0.065,-1.89620421472e-13,0
1000.0,0.05,0.07,-1.82927496722e-13,0
1000.0,0.05,0.075,-2.45993206011e-13,0
1000.0,0.055,0.07,-2.56857528352e-13,0
1000.0,0.055,0.075,-3.43115021486e-13,0
1000.0,0.06,-0.075,-6.08527052704e-14,0
1000.0,0.06,-0.07,-3.61585310351e-14,0
1000.0,0.065,-0.075,-5.88292403697e-14,0
1000.0,0.065,-0.07,-3.18550366902e-14,0
1000.0,0.06,-0.065,-1.4687610397e-14,0
1000.0,0.065,-0.065,-8.27444419092e-15,0
1000.0,0.06,-0.06,2.0531409813e-15,0
1000.0,0.065,-0.06,1.00151127056e-14,0
1000.0,0.06,-0.055,1.658118354e-14,0
1000.0,0.065,-0.055,2.58401166274e-14,0
1000.0,0.06,-0.05,2.76152400152e-14,0
1000.0,0.065,-0.05,3.61352979451e-14,0
1000.0,0.06,-0.045,3.4355426203e-14,0
1000.0,0.065,-0.045,3.81742979679e-14,0
1000.0,0.06,-0.04,3.76494553333e-14,0
1000.0,0.065,-0.04,3.09054419299e-14,0
1000.0,0.06,-0.035,3.91793330961e-14,0
1000.0,0.065,-0.035,1.62472216679e-14,0
1000.0,0.06,-0.03,4.0284838056e-14,0
1000.0,0.065,-0.03,-5.31483630409e-16,0
1000.0,0.06,-0.025,4.5356115233e-14,0
1000.0,0.065,-0.025,-1.31199824396e-14,0
1000.0,0.06,-0.02,6.4275366695e-14,0
1000.0,0.065,-0.02,-8.84889616383e-15,0
1000.0,0.06,-0.015,9.07445939783e-14,0
1000.0,0.065,-0.015,8.21360839644e-15,0
1000.0,0.06,-0.01,1.09915902332e-13,0
1000.0,0.065,-0.01,2.9933961307e-14,0
1000.0,0.06,-0.005,1.19759614997e-13,0
1000.0,0.065,-0.005,5.01309898208e-14,0
1000.0,0.06,0,1.23060246329e-13,0
1000.0,0.065,4.16333634234e-19,6.78940337072e-14,0
1000.0,0.06,0.005,1.2074087363e-13,0
1000.0,0.065,0.005,8.28255652094e-14,0
1000.0,0.06,0.01,1.03045368272e-13,0
1000.0,0.065,0.01,8.25357221603e-14,0
1000.0,0.06,0.015,7.99528515562e-14,0
1000.0,0.065,0.015,6.5695228731e-14,0
1000.0,0.06,0.02,6.28146322857e-14,0
1000.0,0.065,0.02,4.38555499021e-14,0
1000.0,0.06,0.025,4.32991263165e-14,0
1000.0,0.065,0.025,1.85210142844e-14,0
1000.0,0.06,0.03,1.26587049484e-14,0
1000.0,0.065,0.03,-9.84747880702e-15,0
1000.0,0.06,0.035,-1.87567537686e-14,0
1000.0,0.065,0.035,-3.72283614024e-14,0
1000.0,0.06,0.04,-4.35559131381e-14,0
1000.0,0.065,0.04,-5.96386130173e-14,0
1000.0,0.06,0.045,-6.3633433996e-14,0
1000.0,0.065,0.045,-6.69048279835e-14,0
1000.0,0.06,0.05,-7.88823242865e-14,0
1000.0,0.065,0.05,-5.57527321878e-14,0
1000.0,0.06,0.055,-1.01662584637e-13,0
1000.0,0.065,0.055,-4.54354908011e-14,0
1000.0,0.06,0.06,-1.39050265876e-13,0
1000.0,0.06,0.065,-1.80358183913e-13,0
1000.0,0.065,0.06,-5.21242248251e-14,0
1000.0,0.065,0.065,-5.88571252551e-14,0
1000.0,0.06,0.07,-2.28732495402e-13,0
1000.0,0.06,0.075,-3.01727197644e-13,0
1000.0,0.065,0.07,-7.18408301822e-14,0
1000.0,0.065,0.075,-1.04801979662e-13,0
1000.0,0.07,-0.075,-5.36777165473e-14,0
1000.0,0.07,-0.07,-2.50372736368e-14,0
1000.0,0.075,-0.075,-4.58576197833e-14,0
1000.0,0.075,-0.07,-1.60481454084e-14,0
1000.0,0.07,-0.065,-1.3331951497e-17,0
1000.0,0.075,-0.065,1.01101990952e-14,0
1000.0,0.07,-0.06,1.95401927748e-14,0
1000.0,0.075,-0.06,3.03335425598e-14,0
1000.0,0.07,-0.055,3.6460501739e-14,0
1000.0,0.075,-0.055,4.79082947092e-14,0
1000.0,0.07,-0.05,4.38521702981e-14,0
1000.0,0.075,-0.05,5.0313413999e-14,0
1000.0,0.07,-0.045,3.32926574498e-14,0
1000.0,0.075,-0.045,2.31820915178e-14,0
1000.0,0.07,-0.04,4.41786718089e-15,0
1000.0,0.075,-0.04,-3.22671997272e-14,0
1000.0,0.07,-0.035,-3.10701562436e-14,0
1000.0,0.075,-0.035,-8.83780827342e-14,0
1000.0,0.07,-0.03,-5.88669849845e-14,0
1000.0,0.075,-0.03,-1.21953285187e-13,0
1000.0,0.07,-0.025,-8.30559733122e-14,0
1000.0,0.075,-0.025,-1.53702359795e-13,0
1000.0,0.07,-0.02,-9.84341320289e-14,0
1000.0,0.075,-0.02,-1.89076759681e-13,0
1000.0,0.07,-0.015,-9.08412447435e-14,0
1000.0,0.075,-0.015,-1.90796693782e-13,0
1000.0,0.07,-0.01,-6.73755828106e-14,0
1000.0,0.075,-0.01,-1.65359580744e-13,0
1000.0,0.07,-0.005,-4.2025663523e-14,0
1000.0,0.075,-0.005,-1.35213879044e-13,0
1000.0,0.07,0,-1.63736217939e-14,0
1000.0,0.075,0,-1.0328478895e-13,0
1000.0,0.07,0.005,8.73174530813e-15,0
1000.0,0.075,0.005,-7.14409795146e-14,0
1000.0,0.07,0.01,2.68076200595e-14,0
1000.0,0.075,0.01,-3.48721509143e-14,0
1000.0,0.07,0.015,2.3700479026e-14,0
1000.0,0.075,0.015,-2.08878028262e-14,0
1000.0,0.07,0.02,6.07895783862e-15,0
1000.0,0.075,0.02,-3.26162090718e-14,0
1000.0,0.07,0.025,-1.52137477966e-14,0
1000.0,0.075,0.025,-4.94226600589e-14,0
1000.0,0.07,0.03,-3.65182233768e-14,0
1000.0,0.075,0.03,-6.46099989455e-14,0
1000.0,0.07,0.035,-5.29511887574e-14,0
1000.0,0.075,0.035,-7.10084695631e-14,0
1000.0,0.07,0.04,-4.78421199435e-14,0
1000.0,0.075,0.04,-3.13192866719e-14,0
1000.0,0.07,0.045,-2.21971239806e-14,0
1000.0,0.075,0.045,2.9068332519e-14,0
1000.0,0.07,0.05,1.75153082454e-15,0
1000.0,0.075,0.05,6.11389177986e-14,0
1000.0,0.07,0.055,2.59798787787e-14,0
1000.0,0.075,0.055,9.52858720156e-14,0
1000.0,0.07,0.06,6.91124805508e-14,0
1000.0,0.075,0.06,1.95857097105e-13,0
1000.0,0.07,0.065,1.25475643795e-13,0
1000.0,0.075,0.065,3.28123062036e-13,0
1000.0,0.07,0.07,1.67833468859e-13,0
1000.0,0.07,0.075,1.85588029085e-13,0
1000.0,0.075,0.07,4.29726468801e-13,0
1000.0,0.075,0.075,4.87664781263e-13,0
1150.0,-0.00382671281566,-0.00202612167119,0,0
1150.0,-0.005,-0.005,7.98465363175e-14,0
1150.0,-0.00197892066871,-0.00385133392306,0,0
1150.0,-0.005,-0.00190753787223,2.34498318617e-14,0
1150.0,-0.00433,0,0,0
1150.0,-0.00190753787223,-0.005,2.86900468588e-14,0
1150.0,0,-0.00433,0,0
1150.0,-0.005,0.00190775150599,1.26041154383e-14,0
1150.0,-0.00385133392306,0.00197892066871,0,0
1150.0,0.00190775150599,-0.005,2.19252354752e-14,0
1150.0,0.00202612167119,-0.00382671281566,0,0
1150.0,-0.00202612167119,0.00382671281566,0,0
1150.0,-0.005,0.005,3.50014618472e-15,0
1150.0,-0.0019094272225,0.005,1.26441674691e-14,0
1150.0,0,0.00433,0,0
1150.0,0.00147766755988,0.00407006125046,0,0
1150.0,8.32667268469e-19,0.005,1.08069743989e-14,0
1150.0,0.00433,0,0,0
1150.0,0.005,1.38777878078e-18,9.64117680324e-15,0
1150.0,0.00407006125046,0.00147766755988,0,0
1150.0,0.005,-0.005,2.98104567383e-14,0
1150.0,0.00385133392306,-0.00197892066871,0,0
1150.0,0.005,-0.0019094272225,1.22833497832e-14,0
1150.0,0.00306177236254,0.00306177236254,0,0
1150.0,0.0019094272225,0.005,1.53303756203e-14,0
1150.0,0.005,0.0019094272225,1.30923426833e-14,0
1150.0,-0.000885,-0.0015328649647,1.27189802142e-12,0
1150.0,-0.0015328649647,-0.000885,1.27202049541e-12,0
1150.0,-0.00186450691264,-0.00187567167242,8.43273998917e-13,0
1150.0,-0.00177,0,1.27171193892e-12,0
1150.0,-0.00268433516245,-0.000738983120158,7.59330412999e-13,0
1150.0,0,-0.00177,1.27185933324e-12,0
1150.0,-0.000718432264205,-0.00269192408424,7.57623655261e-13,0
1150.0,-0.0015328649647,0.000885,1.27020669976e-12,0
1150.0,-0.00265321485144,0.000647311733689,7.90122403132e-13,0
1150.0,-0.000885,0.0015328649647,1.26857797276e-12,0
1150.0,-0.00194719253591,0.00178443766524,8.44200082694e-13,0
1150.0,0,0.00177,1.26446970136e-12,0
1150.0,-0.000802720381054,0.00273415977115,7.17710641629e-13,0
1150.0,0.000885,-0.0015328649647,1.27054742125e-12,0
1150.0,0.00075154031863,-0.00270385456952,7.45509882427e-13,0
1150.0,0.00177,0,1.26280894215e-12,0
1150.0,0.0015328649647,-0.000885,1.26839368864e-12,0
1150.0,0.00271471102228,-0.000564731152102,7.61137492518e-13,0
1150.0,0.00192394637685,-0.00189207206672,8.10334387788e-13,0
1150.0,0.00231817117671,0.00040530921667,9.88200596979e-13,0
1150.0,0.0015328649647,0.000885,1.26107401028e-12,0
1150.0,0.000885,0.0015328649647,1.26177930514e-12,0
1150.0,0.000427053001345,0.00287092483521,6.8238913718e-13,0
1150.0,0.00187618296239,0.00184774001435,8.33584144069e-13,0
1150.0,0.00312733402203,0.000607809752493,5.19350204245e-13,0
1150.0,0.00276214303706,0.00136595635004,5.77027544346e-13,0
1150.0,0.0014100336009,0.00268674970267,6.04948078013e-13,0
1150.0,-0.075,-0.075,-9.43553959916e-14,0
1150.0,-0.07,-0.075,2.02280616581e-13,0
1150.0,-0.075,-0.07,-4.13773724715e-13,0
1150.0,-0.07,-0.07,-1.40213534258e-13,0
1150.0,-0.075,-0.065,-6.60458888169e-13,0
1150.0,-0.07,-0.065,-4.22097485842e-13,0
1150.0,-0.065,-0.075,4.81482006683e-13,0
1150.0,-0.065,-0.07,9.89442256261e-14,0
1150.0,-0.065,-0.065,-2.31753498375e-13,0
1150.0,-0.075,-0.06,-5.65529202459e-13,0
1150.0,-0.07,-0.06,-4.80684197694e-13,0
1150.0,-0.065,-0.06,-4.0741130916e-13,0
1150.0,-0.075,-0.055,-1.12886820871e-13,0
1150.0,-0.07,-0.055,-2.5330156904e-13,0
1150.0,-0.065,-0.055,-3.38843881131e-13,0
1150.0,-0.075,-0.05,3.46264939895e-13,0
1150.0,-0.07,-0.05,6.28181218521e-14,0
1150.0,-0.065,-0.05,-1.63746502332e-13,0
1150.0,-0.075,-0.045,8.27758077056e-13,0
1150.0,-0.07,-0.045,4.06095483064e-13,0
1150.0,-0.065,-0.045,4.51752490435e-14,0
1150.0,-0.075,-0.04,1.28690673224e-12,0
1150.0,-0.07,-0.04,7.64085239561e-13,0
1150.0,-0.075,-0.035,1.73470546586e-12,0
1150.0,-0.07,-0.035,1.10153106648e-12,0
1150.0,-0.065,-0.04,2.92034478202e-13,0
1150.0,-0.065,-0.035,5.03871065009e-13,0
1150.0,-0.075,-0.03,2.23425206677e-12,0
1150.0,-0.07,-0.03,1.34592051875e-12,0
1150.0,-0.075,-0.025,2.32062885142e-12,0
1150.0,-0.07,-0.025,1.30200583032e-12,0
1150.0,-0.065,-0.03,5.81709877959e-13,0
1150.0,-0.065,-0.025,4.81558398634e-13,0
1150.0,-0.075,-0.02,1.81107530021e-12,0
1150.0,-0.07,-0.02,9.16765710507e-13,0
1150.0,-0.075,-0.015,9.11788482942e-13,0
1150.0,-0.07,-0.015,2.91783840011e-13,0
1150.0,-0.065,-0.02,2.08081243085e-13,0
1150.0,-0.065,-0.015,-1.92660468929e-13,0
1150.0,-0.075,-0.01,-1.82957922207e-15,0
1150.0,-0.07,-0.01,-3.35244021127e-13,0
1150.0,-0.075,-0.005,-4.73636497502e-13,0
1150.0,-0.07,-0.005,-6.26718944942e-13,0
1150.0,-0.065,-0.01,-6.33252112913e-13,0
1150.0,-0.065,-0.005,-8.12646908293e-13,0
1150.0,-0.075,0,-3.91924574809e-13,0
1150.0,-0.07,0,-4.81469613851e-13,0
1150.0,-0.075,0.005,-4.70821463726e-15,0
1150.0,-0.07,0.005,-6.45988667609e-14,0
1150.0,-0.065,4.16333634234e-19,-6.12586704332e-13,0
1150.0,-0.065,0.005,-1.38093285594e-13,0
1150.0,-0.075,0.01,3.81827288461e-13,0
1150.0,-0.07,0.01,3.7307964057e-13,0
1150.0,-0.075,0.015,4.25019818412e-13,0
1150.0,-0.07,0.015,5.0704106464e-13,0
1150.0,-0.065,0.01,3.77369174691e-13,0
1150.0,-0.065,0.015,6.08327911986e-13,0
1150.0,-0.075,0.02,2.17806271162e-13,0
1150.0,-0.07,0.02,3.45746231745e-13,0
1150.0,-0.075,0.025,-7.78088687056e-14,0
1150.0,-0.07,0.025,9.07007463631e-14,0
1150.0,-0.065,0.02,5.01201278456e-13,0
1150.0,-0.065,0.025,2.77627774516e-13,0
1150.0,-0.075,0.03,-4.71129993131e-13,0
1150.0,-0.07,0.03,-2.39845598122e-13,0
1150.0,-0.075,0.035,-8.80898145631e-13,0
1150.0,-0.07,0.035,-5.71989862977e-13,0
1150.0,-0.065,0.03,-1.44066446083e-14,0
1150.0,-0.065,0.035,-2.78472648247e-13,0
1150.0,-0.075,0.04,-1.19003922228e-12,0
1150.0,-0.07,0.04,-7.76982092816e-13,0
1150.0,-0.075,0.045,-1.18401089106e-12,0
1150.0,-0.07,0.045,-7.71684415749e-13,0
1150.0,-0.065,0.04,-4.06334495115e-13,0
1150.0,-0.065,0.045,-4.16783784768e-13,0
1150.0,-0.075,0.05,-9.8916146549e-13,0
1150.0,-0.07,0.05,-6.38481891687e-13,0
1150.0,-0.075,0.055,-7.11798677993e-13,0
1150.0,-0.07,0.055,-4.37839942031e-13,0
1150.0,-0.065,0.05,-3.42306943662e-13,0
1150.0,-0.065,0.055,-2.08197292306e-13,0
1150.0,-0.075,0.06,-3.94603148972e-13,0
1150.0,-0.07,0.06,-1.85346821432e-13,0
1150.0,-0.075,0.065,-4.86381135285e-14,0
1150.0,-0.07,0.065,1.06063128218e-13,0
1150.0,-0.065,0.06,-2.3492137407e-14,0
1150.0,-0.065,0.065,1.99331015716e-13,0
1150.0,-0.075,0.07,4.29167106329e-13,0
1150.0,-0.07,0.07,4.70610078257e-13,0
1150.0,-0.075,0.075,9.24877567065e-13,0
1150.0,-0.07,0.075,8.51401585301e-13,0
1150.0,-0.065,0.07,4.58059836155e-13,0
1150.0,-0.065,0.075,7.09167086938e-13,0
1150.0,-0.06,-0.075,7.13930592544e-13,0
1150.0,-0.06,-0.07,2.96996684879e-13,0
1150.0,-0.06,-0.065,-9.04291056044e-14,0
1150.0,-0.055,-0.075,9.26701148723e-13,0
1150.0,-0.055,-0.07,4.74846565793e-13,0
1150.0,-0.055,-0.065,2.65757832664e-14,0
1150.0,-0.06,-0.06,-3.64863833267e-13,0
1150.0,-0.06,-0.055,-4.17137190088e-13,0
1150.0,-0.055,-0.06,-3.48657303415e-13,0
1150.0,-0.055,-0.055,-4.89552823735e-13,0
1150.0,-0.06,-0.05,-3.19496624481e-13,0
1150.0,-0.055,-0.05,-4.45860676466e-13,0
1150.0,-0.06,-0.045,-1.96822466814e-13,0
1150.0,-0.055,-0.045,-3.67010816872e-13,0
1150.0,-0.06,-0.04,-6.23650969595e-14,0
1150.0,-0.055,-0.04,-2.77613072699e-13,0
1150.0,-0.06,-0.035,5.54873528757e-14,0
1150.0,-0.055,-0.035,-1.99984193281e-13,0
1150.0,-0.06,-0.03,8.75538775968e-14,0
1150.0,-0.06,-0.025,8.04631583758e-16,0
1150.0,-0.055,-0.03,-1.7374101314e-13,0
1150.0,-0.055,-0.025,-2.19369706009e-13,0
1150.0,-0.06,-0.02,-1.82418034417e-13,0
1150.0,-0.06,-0.015,-4.46363818947e-13,0
1150.0,-0.055,-0.02,-3.16162114012e-13,0
1150.0,-0.055,-0.015,-4.50370334808e-13,0
1150.0,-0.06,-0.01,-7.51737888712e-13,0
1150.0,-0.06,-0.005,-8.85160958798e-13,0
1150.0,-0.055,-0.01,-6.41296522761e-13,0
1150.0,-0.055,-0.005,-7.58744515856e-13,0
1150.0,-0.06,0,-6.85731378278e-13,0
1150.0,-0.06,0.005,-2.08386708188e-13,0
1150.0,-0.055,4.16333634234e-19,-6.21484716935e-13,0
1150.0,-0.055,0.005,-2.20577677613e-13,0
1150.0,-0.06,0.01,3.1480082005e-13,0
1150.0,-0.06,0.015,6.19311801531e-13,0
1150.0,-0.055,0.01,2.15368514193e-13,0
1150.0,-0.055,0.015,5.01869270883e-13,0
1150.0,-0.06,0.02,6.12516274135e-13,0
1150.0,-0.06,0.025,4.26659718376e-13,0
1150.0,-0.055,0.02,5.64643449068e-13,0
1150.0,-0.055,0.025,4.35353406804e-13,0
1150.0,-0.06,0.03,1.71972798369e-13,0
1150.0,-0.06,0.035,-4.14475511275e-14,0
1150.0,-0.055,0.03,2.64391940582e-13,0
1150.0,-0.055,0.035,1.20454473287e-13,0
1150.0,-0.06,0.04,-1.43486380446e-13,0
1150.0,-0.06,0.045,-1.74999248936e-13,0
1150.0,-0.055,0.04,4.76663242281e-14,0
1150.0,-0.055,0.045,1.61353910374e-14,0
1150.0,-0.06,0.05,-1.33568826914e-13,0
1150.0,-0.06,0.055,-4.56787402756e-14,0
1150.0,-0.055,0.05,3.36312776482e-14,0
1150.0,-0.055,0.055,8.21443847595e-14,0
1150.0,-0.06,0.06,8.12604448537e-14,0
1150.0,-0.06,0.065,2.37202186729e-13,0
1150.0,-0.055,0.06,1.50548452813e-13,0
1150.0,-0.055,0.065,2.34943997585e-13,0
1150.0,-0.06,0.07,4.15451834307e-13,0
1150.0,-0.06,0.075,6.08038938e-13,0
1150.0,-0.055,0.07,3.24293713675e-13,0
1150.0,-0.055,0.075,4.44220729403e-13,0
1150.0,-0.05,-0.075,1.10326196733e-12,0
1150.0,-0.05,-0.07,6.24428632105e-13,0
1150.0,-0.045,-0.075,1.11844399769e-12,0
1150.0,-0.045,-0.07,6.67280321941e-13,0
1150.0,-0.05,-0.065,1.52646629872e-13,0
1150.0,-0.045,-0.065,2.2414566526e-13,0
1150.0,-0.05,-0.06,-2.74962867196e-13,0
1150.0,-0.05,-0.055,-4.93634406242e-13,0
1150.0,-0.045,-0.06,-1.66053974138e-13,0
1150.0,-0.045,-0.055,-4.04520925192e-13,0
1150.0,-0.05,-0.05,-5.05205660953e-13,0
1150.0,-0.05,-0.045,-4.52129293825e-13,0
1150.0,-0.045,-0.05,-4.7717909257e-13,0
1150.0,-0.045,-0.045,-4.55342276914e-13,0
1150.0,-0.05,-0.04,-3.67125938885e-13,0
1150.0,-0.045,-0.04,-3.77281145462e-13,0
1150.0,-0.05,-0.035,-2.88448407598e-13,0
1150.0,-0.045,-0.035,-2.83051551414e-13,0
1150.0,-0.05,-0.03,-2.31268153088e-13,0
1150.0,-0.045,-0.03,-1.92931507004e-13,0
1150.0,-0.05,-0.025,-2.14878439954e-13,0
1150.0,-0.045,-0.025,-1.30149971335e-13,0
1150.0,-0.05,-0.02,-2.50264354439e-13,0
1150.0,-0.05,-0.015,-3.27173835893e-13,0
1150.0,-0.045,-0.02,-1.19322201172e-13,0
1150.0,-0.045,-0.015,-1.47732734759e-13,0
1150.0,-0.05,-0.01,-4.40570376604e-13,0
1150.0,-0.05,-0.005,-5.24865785014e-13,0
1150.0,-0.045,-0.01,-2.03286901632e-13,0
1150.0,-0.045,-0.005,-2.48968584648e-13,0
1150.0,-0.05,0,-4.32652917545e-13,0
1150.0,-0.05,0.005,-1.52558922453e-13,0
1150.0,-0.045,4.16333634234e-19,-2.02798433786e-13,0
1150.0,-0.045,0.005,-5.9789607962e-14,0
1150.0,-0.05,0.01,1.15540794902e-13,0
1150.0,-0.05,0.015,3.07434873684e-13,0
1150.0,-0.045,0.01,2.85120925533e-14,0
1150.0,-0.045,0.015,1.07433308145e-13,0
1150.0,-0.05,0.02,4.00841707702e-13,0
1150.0,-0.05,0.025,3.6230106744e-13,0
1150.0,-0.045,0.02,2.05387805533e-13,0
1150.0,-0.045,0.025,2.36447321598e-13,0
1150.0,-0.05,0.03,2.75121367838e-13,0
1150.0,-0.05,0.035,1.99415022329e-13,0
1150.0,-0.045,0.03,2.29710666839e-13,0
1150.0,-0.045,0.035,2.19684597304e-13,0
1150.0,-0.05,0.04,1.57360984002e-13,0
1150.0,-0.05,0.045,1.42883343036e-13,0
1150.0,-0.045,0.04,2.11881281937e-13,0
1150.0,-0.045,0.045,2.13377657175e-13,0
1150.0,-0.05,0.05,1.52517324528e-13,0
1150.0,-0.05,0.055,1.60954571016e-13,0
1150.0,-0.045,0.05,2.12702319717e-13,0
1150.0,-0.045,0.055,1.85045802577e-13,0
1150.0,-0.05,0.06,1.56212362911e-13,0
1150.0,-0.05,0.065,1.34123087312e-13,0
1150.0,-0.045,0.06,9.68810479093e-14,0
1150.0,-0.045,0.065,-6.79896225162e-14,0
1150.0,-0.05,0.07,9.32761239419e-14,0
1150.0,-0.05,0.075,7.04689202542e-14,0
1150.0,-0.045,0.07,-2.88976745791e-13,0
1150.0,-0.045,0.075,-4.9802982192e-13,0
1150.0,-0.04,-0.075,1.05548162199e-12,0
1150.0,-0.04,-0.07,6.29986365112e-13,0
1150.0,-0.035,-0.075,9.55053885343e-13,0
1150.0,-0.035,-0.07,5.60090436785e-13,0
1150.0,-0.04,-0.065,2.23874115807e-13,0
1150.0,-0.035,-0.065,1.8946097212e-13,0
1150.0,-0.04,-0.06,-1.20664674297e-13,0
1150.0,-0.035,-0.06,-1.13567292315e-13,0
1150.0,-0.04,-0.055,-3.36522701242e-13,0
1150.0,-0.035,-0.055,-3.02451926549e-13,0
1150.0,-0.04,-0.05,-4.17408950579e-13,0
1150.0,-0.04,-0.045,-4.05277560543e-13,0
1150.0,-0.035,-0.05,-3.69654478609e-13,0
1150.0,-0.035,-0.045,-3.39362030076e-13,0
1150.0,-0.04,-0.04,-3.23631393521e-13,0
1150.0,-0.04,-0.035,-2.07334295865e-13,0
1150.0,-0.035,-0.04,-2.35527107704e-13,0
1150.0,-0.035,-0.035,-9.11265519735e-14,0
1150.0,-0.04,-0.03,-8.70397647549e-14,0
1150.0,-0.035,-0.03,5.65848661048e-14,0
1150.0,-0.04,-0.025,1.14608199418e-14,0
1150.0,-0.035,-0.025,1.83073238122e-13,0
1150.0,-0.04,-0.02,7.28235951492e-14,0
1150.0,-0.035,-0.02,2.76268596154e-13,0
1150.0,-0.04,-0.015,1.00495711546e-13,0
1150.0,-0.035,-0.015,3.3846738572e-13,0
1150.0,-0.04,-0.01,1.05438514735e-13,0
1150.0,-0.04,-0.005,6.00957587602e-14,0
1150.0,-0.035,-0.01,3.68310041427e-13,0
1150.0,-0.035,-0.005,3.10098943159e-13,0
1150.0,-0.04,0,-1.84913067986e-14,0
1150.0,-0.04,0.005,-5.34668101912e-14,0
1150.0,-0.035,4.16333634234e-19,1.29388200913e-13,0
1150.0,-0.035,0.005,-5.47221814406e-14,0
1150.0,-0.04,0.01,-3.56026909501e-14,0
1150.0,-0.04,0.015,-1.00606903796e-14,0
1150.0,-0.035,0.01,-1.04053088361e-13,0
1150.0,-0.035,0.015,-1.28245457751e-13,0
1150.0,-0.04,0.02,3.9721595646e-14,0
1150.0,-0.04,0.025,9.40808797469e-14,0
1150.0,-0.035,0.02,-1.22079140034e-13,0
1150.0,-0.035,0.025,-6.64036940349e-14,0
1150.0,-0.04,0.03,1.33439942359e-13,0
1150.0,-0.04,0.035,1.7514963333e-13,0
1150.0,-0.035,0.03,6.52947760662e-15,0
1150.0,-0.035,0.035,8.76159370836e-14,0
1150.0,-0.04,0.04,2.10202088363e-13,0
1150.0,-0.04,0.045,2.35273409737e-13,0
1150.0,-0.035,0.04,1.64902732933e-13,0
1150.0,-0.035,0.045,2.23989759788e-13,0
1150.0,-0.04,0.05,2.33045358602e-13,0
1150.0,-0.04,0.055,1.91697983384e-13,0
1150.0,-0.035,0.05,2.3839236569e-13,0
1150.0,-0.035,0.055,1.88859631003e-13,0
1150.0,-0.04,0.06,-8.51032850559e-15,0
1150.0,-0.04,0.065,-3.59638552249e-13,0
1150.0,-0.035,0.06,-1.07416198023e-13,0
1150.0,-0.035,0.065,-6.17251430231e-13,0
1150.0,-0.04,0.07,-7.36683480892e-13,0
1150.0,-0.04,0.075,-1.11503987529e-12,0
1150.0,-0.035,0.07,-1.12901944984e-12,0
1150.0,-0.035,0.075,-1.63636563926e-12,0
1150.0,-0.03,-0.075,8.2719566102e-13,0
1150.0,-0.03,-0.07,4.58734770256e-13,0
1150.0,-0.025,-0.075,6.78890067144e-13,0
1150.0,-0.025,-0.07,3.3075103256e-13,0
1150.0,-0.03,-0.065,1.1851518527e-13,0
1150.0,-0.025,-0.065,9.36022291055e-15,0
1150.0,-0.03,-0.06,-1.50173612358e-13,0
1150.0,-0.025,-0.06,-2.34742048099e-13,0
1150.0,-0.03,-0.055,-3.05953095904e-13,0
1150.0,-0.025,-0.055,-3.51150341979e-13,0
1150.0,-0.03,-0.05,-3.40909436632e-13,0
1150.0,-0.025,-0.05,-3.36039158968e-13,0
1150.0,-0.03,-0.045,-2.74176429516e-13,0
1150.0,-0.025,-0.045,-2.18505042227e-13,0
1150.0,-0.03,-0.04,-1.32227948684e-13,0
1150.0,-0.03,-0.035,4.57602233957e-14,0
1150.0,-0.025,-0.04,-2.95837358228e-14,0
1150.0,-0.025,-0.035,1.85939800547e-13,0
1150.0,-0.03,-0.03,2.18317682209e-13,0
1150.0,-0.03,-0.025,3.55880846412e-13,0
1150.0,-0.025,-0.03,3.81016970377e-13,0
1150.0,-0.025,-0.025,5.16660009388e-13,0
1150.0,-0.03,-0.02,4.47565866126e-13,0
1150.0,-0.025,-0.02,5.84355546502e-13,0
1150.0,-0.03,-0.015,5.02952314348e-13,0
1150.0,-0.025,-0.015,6.05431443321e-13,0
1150.0,-0.03,-0.01,5.01056406133e-13,0
1150.0,-0.025,-0.01,5.60884358353e-13,0
1150.0,-0.03,-0.005,4.28942290959e-13,0
1150.0,-0.025,-0.005,4.40787966494e-13,0
1150.0,-0.03,0,2.36228284688e-13,0
1150.0,-0.03,0.005,-5.12616543036e-15,0
1150.0,-0.025,4.16333634234e-19,2.48227233985e-13,0
1150.0,-0.025,0.005,1.48174374619e-14,0
1150.0,-0.03,0.01,-1.75456064327e-13,0
1150.0,-0.03,0.015,-2.69724557224e-13,0
1150.0,-0.025,0.01,-2.13890951152e-13,0
1150.0,-0.025,0.015,-3.69507786758e-13,0
1150.0,-0.03,0.02,-2.77655456196e-13,0
1150.0,-0.03,0.025,-2.29408839929e-13,0
1150.0,-0.025,0.02,-4.19555661705e-13,0
1150.0,-0.025,0.025,-3.83227529079e-13,0
1150.0,-0.03,0.03,-1.37532202488e-13,0
1150.0,-0.03,0.035,-2.45828762426e-14,0
1150.0,-0.025,0.03,-2.81626794721e-13,0
1150.0,-0.025,0.035,-1.44270888837e-13,0
1150.0,-0.03,0.04,9.42558193489e-14,0
1150.0,-0.03,0.045,1.98231906705e-13,0
1150.0,-0.025,0.04,1.46858159215e-14,0
1150.0,-0.025,0.045,1.71504689023e-13,0
1150.0,-0.03,0.05,2.45656841583e-13,0
1150.0,-0.03,0.055,2.03192777734e-13,0
1150.0,-0.025,0.05,2.76970346746e-13,0
1150.0,-0.025,0.055,2.67321381054e-13,0
1150.0,-0.03,0.06,-9.18000601222e-14,0
1150.0,-0.03,0.065,-6.09978542539e-13,0
1150.0,-0.025,0.06,7.31416360329e-14,0
1150.0,-0.025,0.065,-2.9518820386e-13,0
1150.0,-0.03,0.07,-1.19284507415e-12,0
1150.0,-0.03,0.075,-1.79739961558e-12,0
1150.0,-0.025,0.07,-7.88608178118e-13,0
1150.0,-0.025,0.075,-1.3127526772e-12,0
1150.0,-0.02,-0.075,5.14425276426e-13,0
1150.0,-0.02,-0.07,1.80022270728e-13,0
1150.0,-0.015,-0.075,3.46762167705e-13,0
1150.0,-0.015,-0.07,1.7706322029e-14,0
1150.0,-0.02,-0.065,-1.34610356963e-13,0
1150.0,-0.015,-0.065,-3.00685979002e-13,0
1150.0,-0.02,-0.06,-3.6479296651e-13,0
1150.0,-0.015,-0.06,-5.2753674424e-13,0
1150.0,-0.02,-0.055,-4.32721830804e-13,0
1150.0,-0.015,-0.055,-5.44937215777e-13,0
1150.0,-0.02,-0.05,-3.52576482081e-13,0
1150.0,-0.015,-0.05,-3.92038863511e-13,0
1150.0,-0.02,-0.045,-1.76044544749e-13,0
1150.0,-0.015,-0.045,-1.55128999284e-13,0
1150.0,-0.02,-0.04,5.95000290398e-14,0
1150.0,-0.015,-0.04,1.27361995114e-13,0
1150.0,-0.02,-0.035,3.11728181304e-13,0
1150.0,-0.015,-0.035,4.16652362294e-13,0
1150.0,-0.02,-0.03,5.28747662367e-13,0
1150.0,-0.02,-0.025,6.47590550968e-13,0
1150.0,-0.015,-0.03,6.49551887067e-13,0
1150.0,-0.015,-0.025,7.39508629783e-13,0
1150.0,-0.02,-0.02,6.71691556765e-13,0
1150.0,-0.02,-0.015,6.40970455254e-13,0
1150.0,-0.015,-0.02,7.08420427206e-13,0
1150.0,-0.015,-0.015,6.17773124527e-13,0
1150.0,-0.02,-0.01,5.43206193019e-13,0
1150.0,-0.015,-0.01,4.71846312774e-13,0
1150.0,-0.02,-0.005,3.87825048232e-13,0
1150.0,-0.015,-0.005,3.00762743078e-13,0
1150.0,-0.02,0,1.98018882442e-13,0
1150.0,-0.015,4.16333634234e-19,1.35031662802e-13,0
1150.0,-0.02,0.005,-1.21030784009e-14,0
1150.0,-0.015,0.005,-3.03322475158e-14,0
1150.0,-0.02,0.01,-2.35736228761e-13,0
1150.0,-0.02,0.015,-4.25997899052e-13,0
1150.0,-0.015,0.01,-2.37907629985e-13,0
1150.0,-0.015,0.015,-4.53559905795e-13,0
1150.0,-0.02,0.02,-5.25833539696e-13,0
1150.0,-0.02,0.025,-5.11084095683e-13,0
1150.0,-0.015,0.02,-5.98112746868e-13,0
1150.0,-0.015,0.025,-5.99785454296e-13,0
1150.0,-0.02,0.03,-4.08877165704e-13,0
1150.0,-0.02,0.035,-2.57653344006e-13,0
1150.0,-0.015,0.03,-5.06212321296e-13,0
1150.0,-0.015,0.035,-3.61096272061e-13,0
1150.0,-0.02,0.04,-6.54423939052e-14,0
1150.0,-0.02,0.045,1.46793091931e-13,0
1150.0,-0.015,0.04,-1.45180772726e-13,0
1150.0,-0.015,0.045,1.18368581967e-13,0
1150.0,-0.02,0.05,3.3838027387e-13,0
1150.0,-0.02,0.055,4.1915672293e-13,0
1150.0,-0.015,0.05,4.0802324371e-13,0
1150.0,-0.015,0.055,6.03811024039e-13,0
1150.0,-0.02,0.06,3.41448387308e-13,0
1150.0,-0.02,0.065,1.21455582009e-13,0
1150.0,-0.015,0.06,6.44550912379e-13,0
1150.0,-0.015,0.065,5.51105892227e-13,0
1150.0,-0.02,0.07,-2.14789512548e-13,0
1150.0,-0.02,0.075,-6.00703794724e-13,0
1150.0,-0.015,0.07,3.66175208267e-13,0
1150.0,-0.015,0.075,1.28713993112e-13,0
1150.0,-0.01,-0.075,1.95549483411e-13,0
1150.0,-0.01,-0.07,-1.31148208253e-13,0
1150.0,-0.005,-0.075,7.68311957412e-14,0
1150.0,-0.005,-0.07,-2.46685174076e-13,0
1150.0,-0.01,-0.065,-4.56388722112e-13,0
1150.0,-0.005,-0.065,-5.68550772415e-13,0
1150.0,-0.01,-0.06,-7.02555792947e-13,0
1150.0,-0.005,-0.06,-8.03192684417e-13,0
1150.0,-0.01,-0.055,-6.73237477144e-13,0
1150.0,-0.005,-0.055,-7.70072839632e-13,0
1150.0,-0.01,-0.05,-4.5195589908e-13,0
1150.0,-0.005,-0.05,-5.24808761957e-13,0
1150.0,-0.01,-0.045,-1.62963547082e-13,0
1150.0,-0.005,-0.045,-1.95773084401e-13,0
1150.0,-0.01,-0.04,1.67426594356e-13,0
1150.0,-0.005,-0.04,1.79659069442e-13,0
1150.0,-0.01,-0.035,4.94436793342e-13,0
1150.0,-0.005,-0.035,5.40650462059e-13,0
1150.0,-0.01,-0.03,7.37154639378e-13,0
1150.0,-0.005,-0.03,7.9457254016e-13,0
1150.0,-0.01,-0.025,7.91372907165e-13,0
1150.0,-0.005,-0.025,8.09281745708e-13,0
1150.0,-0.01,-0.02,7.01976287597e-13,0
1150.0,-0.01,-0.015,5.54337032934e-13,0
1150.0,-0.005,-0.02,6.72112162588e-13,0
1150.0,-0.005,-0.015,4.78091211081e-13,0
1150.0,-0.0117873230072,-0.0115873794689,4.64516264676e-13,0
1150.0,-0.00939961996336,-0.005,1.79776558926e-13,0
1150.0,-0.00792797428371,-0.00964253216809,3.08032595181e-13,0
1150.0,-0.005,-0.00939961996336,2.34984707284e-13,0
1150.0,-0.0108753492546,-0.00150606400588,1.17298562883e-13,0
1150.0,-0.00818101620308,-0.00211452602544,8.34301857894e-14,0
1150.0,-0.00651817360753,-0.000255934956239,3.2913139519e-14,0
1150.0,-0.005,6.71033969428e-08,1.28514293713e-14,0
1150.0,-0.0107292118043,0.00160660295843,4.57473934329e-14,0
1150.0,-0.0080188992252,0.000768320427092,3.78622011393e-14,0
1150.0,-0.00939946851065,0.005,-2.48139846553e-14,0
1150.0,-0.00802129342231,0.00264911934363,1.49459134474e-14,0
1150.0,-0.00887989370213,0.00887989479405,-1.28154444172e-13,0
1150.0,-0.01,0.015,-3.90216312483e-13,0
1150.0,-0.005,0.00939947397025,-7.86676929466e-14,0
1150.0,-0.005,0.015,-2.5341803788e-13,0
1150.0,-0.01,0.02,-5.56163582381e-13,0
1150.0,-0.01,0.025,-5.94181874447e-13,0
1150.0,-0.005,0.02,-3.87397731722e-13,0
1150.0,-0.005,0.025,-4.5742756427e-13,0
1150.0,-0.01,0.03,-5.29038417273e-13,0
1150.0,-0.01,0.035,-4.30256892787e-13,0
1150.0,-0.005,0.03,-4.4530465921e-13,0
1150.0,-0.005,0.035,-3.91897211118e-13,0
1150.0,-0.01,0.04,-2.21140354966e-13,0
1150.0,-0.01,0.045,7.79981636396e-14,0
1150.0,-0.005,0.04,-2.398858608e-13,0
1150.0,-0.005,0.045,4.18627299591e-15,0
1150.0,-0.01,0.05,3.89551405895e-13,0
1150.0,-0.01,0.055,6.41266076023e-13,0
1150.0,-0.005,0.05,2.23997759784e-13,0
1150.0,-0.005,0.055,4.14868366906e-13,0
1150.0,-0.01,0.06,7.80508780497e-13,0
1150.0,-0.01,0.065,8.01928033049e-13,0
1150.0,-0.005,0.06,5.66809646688e-13,0
1150.0,-0.005,0.065,6.2887664398e-13,0
1150.0,-0.01,0.07,7.42174952217e-13,0
1150.0,-0.01,0.075,6.91189243741e-13,0
1150.0,-0.005,0.07,6.41145494089e-13,0
1150.0,-0.005,0.075,6.76832050844e-13,0
1150.0,0,-0.075,2.91826296966e-13,0
1150.0,0,-0.07,-9.78548496495e-14,0
1150.0,0.005,-0.075,8.75467374417e-13,0
1150.0,0.005,-0.07,3.22948294832e-13,0
1150.0,0,-0.065,-4.50939346922e-13,0
1150.0,0.005,-0.065,-1.19310171193e-13,0
1150.0,0,-0.06,-6.93522553289e-13,0
1150.0,0.005,-0.06,-4.09798425843e-13,0
1150.0,0,-0.055,-7.66961253429e-13,0
1150.0,0.005,-0.055,-6.00948799542e-13,0
1150.0,0,-0.05,-6.10592127457e-13,0
1150.0,0.005,-0.05,-5.80306510771e-13,0
1150.0,0,-0.045,-2.7914680423e-13,0
1150.0,0.005,-0.045,-3.25658131769e-13,0
1150.0,0,-0.04,1.32522884825e-13,0
1150.0,0.005,-0.04,4.39320455757e-14,0
1150.0,0,-0.035,5.20821097922e-13,0
1150.0,0.005,-0.035,3.96188474142e-13,0
1150.0,0,-0.03,7.7260803756e-13,0
1150.0,0.005,-0.03,6.31086839542e-13,0
1150.0,0,-0.025,7.87930597373e-13,0
1150.0,0.005,-0.025,7.0804204344e-13,0
1150.0,0,-0.02,6.23642608393e-13,0
1150.0,0.005,-0.02,5.6509450305e-13,0
1150.0,0,-0.015,4.04351916753e-13,0
1150.0,0.005,-0.015,3.395378315e-13,0
1150.0,-0.0021196717084,-0.00776771017156,1.19676973342e-13,0
1150.0,-0.00084550708518,-0.00631514607954,5.66279362933e-14,0
1150.0,6.71033969406e-08,-0.005,1.78906972851e-14,0
1150.0,-0.00139054260708,-0.0110960807567,2.4755687055e-13,0
1150.0,0.00132468676756,-0.00775008274642,9.08023653826e-14,0
1150.0,0.00160394440688,-0.0116908851489,2.37953632544e-13,0
1150.0,0.005,-0.00939946851065,1.2289999474e-13,0
1150.0,0.005,0.005,2.07188979457e-14,0
1150.0,-0.000107646311398,0.00617659695633,1.92533596139e-14,0
1150.0,-0.00190846935279,0.0076427502668,-2.42305875538e-16,0
1150.0,0.00131146485568,0.00777290068297,1.69255674826e-14,0
1150.0,0.00295884413402,0.00640276348073,2.35795881061e-14,0
1150.0,-1.21517769428e-05,0.0108932602996,-3.49238115321e-14,0
1150.0,0,0.015,-1.16802437983e-13,0
1150.0,0.005,0.00939942566771,1.70242300933e-14,0
1150.0,0.005,0.015,-1.39805236839e-14,0
1150.0,0,0.02,-2.11621247727e-13,0
1150.0,0,0.025,-2.73317446406e-13,0
1150.0,0.005,0.02,-6.01560342759e-14,0
1150.0,0.005,0.025,-9.77959591883e-14,0
1150.0,0,0.03,-2.88696528631e-13,0
1150.0,0,0.035,-2.7103410607e-13,0
1150.0,0.005,0.03,-1.16001201177e-13,0
1150.0,0.005,0.035,-1.18387900193e-13,0
1150.0,0,0.04,-1.9054812745e-13,0
1150.0,0,0.045,-6.71131103404e-14,0
1150.0,0.005,0.04,-9.7579563516e-14,0
1150.0,0.005,0.045,-7.86911168256e-14,0
1150.0,0,0.05,3.30440434677e-14,0
1150.0,0,0.055,1.07025658386e-13,0
1150.0,0.005,0.05,-8.20265774467e-14,0
1150.0,0.005,0.055,-1.08437951592e-13,0
1150.0,0,0.06,1.58038324533e-13,0
1150.0,0,0.065,1.82659389998e-13,0
1150.0,0.005,0.06,-1.58849997098e-13,0
1150.0,0.005,0.065,-2.16890601997e-13,0
1150.0,0,0.07,2.06278960883e-13,0
1150.0,0,0.075,2.21649131551e-13,0
1150.0,0.005,0.07,-2.5727871774e-13,0
1150.0,0.005,0.075,-3.23311635332e-13,0
1150.0,0.01,-0.075,1.41380473941e-12,0
1150.0,0.01,-0.07,7.35428501397e-13,0
1150.0,0.015,-0.075,1.59906662222e-12,0
1150.0,0.015,-0.07,9.58533157315e-13,0
1150.0,0.01,-0.065,1.64577035132e-13,0
1150.0,0.015,-0.065,3.89468598464e-13,0
1150.0,0.01,-0.06,-1.75111545355e-13,0
1150.0,0.015,-0.06,-4.49091294082e-15,0
1150.0,0.01,-0.055,-4.08319270943e-13,0
1150.0,0.015,-0.055,-2.66267041128e-13,0
1150.0,0.01,-0.05,-4.65203773279e-13,0
1150.0,0.015,-0.05,-3.68291391661e-13,0
1150.0,0.01,-0.045,-3.22614210364e-13,0
1150.0,0.015,-0.045,-3.37089447503e-13,0
1150.0,0.01,-0.04,-3.4501836506e-14,0
1150.0,0.015,-0.04,-1.14470062251e-13,0
1150.0,0.01,-0.035,2.67919027711e-13,0
1150.0,0.015,-0.035,1.60812945683e-13,0
1150.0,0.01,-0.03,4.79900677143e-13,0
1150.0,0.015,-0.03,3.41043524697e-13,0
1150.0,0.01,-0.025,5.96437228645e-13,0
1150.0,0.015,-0.025,4.49273039757e-13,0
1150.0,0.01,-0.02,4.90357602386e-13,0
1150.0,0.01,-0.015,2.47516208972e-13,0
1150.0,0.015,-0.02,3.46583377683e-13,0
1150.0,0.015,-0.015,1.00304861859e-13,0
1150.0,0.00999280436795,-0.0116358337096,1.26628543043e-13,0
1150.0,0.0105889214373,-0.00845762197625,2.88670936236e-14,0
1150.0,0.015,-0.01,-5.6163084561e-14,0
1150.0,0.00939947397025,-0.005,-2.24722510145e-15,0
1150.0,0.015,-0.005,-1.32277942438e-13,0
1150.0,0.00658051136513,-0.00296146438142,1.37943967046e-14,0
1150.0,0.00636794669772,-3.54305826484e-06,1.15867749926e-14,0
1150.0,0.00795807888052,-0.00113999998936,8.4192917244e-16,0
1150.0,0.00758147027913,0.00183630393596,6.59849641869e-15,0
1150.0,0.0112534647756,-1.47536350887e-07,-4.27191871754e-14,0
1150.0,0.015,4.16333634234e-19,-1.20540314321e-13,0
1150.0,0.00939942566771,0.005,4.32142415397e-16,0
1150.0,0.015,0.005,-6.54724167509e-14,0
1150.0,0.00999018807453,0.0109670628501,2.73640988439e-14,0
1150.0,0.01,0.015,4.59939272568e-14,0
1150.0,0.015,0.01,1.17207411993e-14,0
1150.0,0.015,0.015,9.12024486618e-14,0
1150.0,0.01,0.02,5.60660106354e-14,0
1150.0,0.01,0.025,4.96193366053e-14,0
1150.0,0.015,0.02,1.55919421077e-13,0
1150.0,0.015,0.025,1.83387967132e-13,0
1150.0,0.01,0.03,3.47749379237e-14,0
1150.0,0.01,0.035,1.69793448498e-14,0
1150.0,0.015,0.03,1.73498547281e-13,0
1150.0,0.015,0.035,1.36593942832e-13,0
1150.0,0.01,0.04,-1.14965747997e-14,0
1150.0,0.01,0.045,-5.51905732296e-14,0
1150.0,0.015,0.04,6.90846302502e-14,0
1150.0,0.015,0.045,-1.67726356145e-14,0
1150.0,0.01,0.05,-1.11458849093e-13,0
1150.0,0.01,0.055,-1.84082119151e-13,0
1150.0,0.015,0.05,-1.10029278669e-13,0
1150.0,0.015,0.055,-2.17032308827e-13,0
1150.0,0.01,0.06,-2.74666318655e-13,0
1150.0,0.01,0.065,-3.829730113e-13,0
1150.0,0.015,0.06,-3.41644080652e-13,0
1150.0,0.015,0.065,-4.5799713823e-13,0
1150.0,0.01,0.07,-5.38098093882e-13,0
1150.0,0.01,0.075,-6.92397826819e-13,0
1150.0,0.015,0.07,-5.71205883076e-13,0
1150.0,0.015,0.075,-6.79696482435e-13,0
1150.0,0.02,-0.075,1.47943246086e-12,0
1150.0,0.02,-0.07,9.32542321806e-13,0
1150.0,0.025,-0.075,1.19030136204e-12,0
1150.0,0.025,-0.07,7.45939725654e-13,0
1150.0,0.02,-0.065,4.47275325266e-13,0
1150.0,0.025,-0.065,3.37479171142e-13,0
1150.0,0.02,-0.06,5.3671957385e-14,0
1150.0,0.025,-0.06,1.3722838729e-14,0
1150.0,0.02,-0.055,-2.09313779025e-13,0
1150.0,0.025,-0.055,-2.01690216959e-13,0
1150.0,0.02,-0.05,-3.16687196607e-13,0
1150.0,0.025,-0.05,-3.00365242452e-13,0
1150.0,0.02,-0.045,-3.3637659627e-13,0
1150.0,0.025,-0.045,-3.17560308986e-13,0
1150.0,0.02,-0.04,-1.67347740633e-13,0
1150.0,0.025,-0.04,-1.76674116883e-13,0
1150.0,0.02,-0.035,8.12353689428e-14,0
1150.0,0.025,-0.035,3.51280201809e-14,0
1150.0,0.02,-0.03,2.23239845381e-13,0
1150.0,0.025,-0.03,1.45598104376e-13,0
1150.0,0.02,-0.025,2.97394046707e-13,0
1150.0,0.025,-0.025,1.74535027907e-13,0
1150.0,0.02,-0.02,1.57444971248e-13,0
1150.0,0.025,-0.02,-1.77891010398e-14,0
1150.0,0.02,-0.015,-1.01826363055e-13,0
1150.0,0.025,-0.015,-3.25586983414e-13,0
1150.0,0.02,-0.01,-2.65446308118e-13,0
1150.0,0.025,-0.01,-5.30324484667e-13,0
1150.0,0.02,-0.005,-3.53779813425e-13,0
1150.0,0.025,-0.005,-6.47406263728e-13,0
1150.0,0.02,0,-3.14581046754e-13,0
1150.0,0.025,4.16333634234e-19,-5.83389406759e-13,0
1150.0,0.02,0.005,-1.77816337687e-13,0
1150.0,0.025,0.005,-3.2922763615e-13,0
1150.0,0.02,0.01,-2.46161383092e-14,0
1150.0,0.025,0.01,-8.34202977709e-14,0
1150.0,0.02,0.015,1.23941553304e-13,0
1150.0,0.025,0.015,1.43453698494e-13,0
1150.0,0.02,0.02,2.43580553779e-13,0
1150.0,0.02,0.025,3.0062679245e-13,0
1150.0,0.025,0.02,3.19662577945e-13,0
1150.0,0.025,0.025,3.9083367421e-13,0
1150.0,0.02,0.03,2.89919689368e-13,0
1150.0,0.02,0.035,2.26784643467e-13,0
1150.0,0.025,0.03,3.64381339222e-13,0
1150.0,0.025,0.035,2.85573609489e-13,0
1150.0,0.02,0.04,1.34025278143e-13,0
1150.0,0.02,0.045,3.11844127906e-14,0
1150.0,0.025,0.04,1.81752452863e-13,0
1150.0,0.025,0.045,7.24339164105e-14,0
1150.0,0.02,0.05,-7.95016733534e-14,0
1150.0,0.02,0.055,-1.91993495313e-13,0
1150.0,0.025,0.05,-3.66778898271e-14,0
1150.0,0.025,0.055,-1.27769456608e-13,0
1150.0,0.02,0.06,-3.02732003209e-13,0
1150.0,0.02,0.065,-3.6997206209e-13,0
1150.0,0.025,0.06,-1.72321013694e-13,0
1150.0,0.025,0.065,-1.79049808184e-13,0
1150.0,0.02,0.07,-4.02430451267e-13,0
1150.0,0.02,0.075,-4.37694002372e-13,0
1150.0,0.025,0.07,-1.6148671129e-13,0
1150.0,0.025,0.075,-1.21474171344e-13,0
1150.0,0.03,-0.075,8.39365867416e-13,0
1150.0,0.03,-0.07,4.69690736683e-13,0
1150.0,0.035,-0.075,4.63435285747e-13,0
1150.0,0.035,-0.07,1.5858666167e-13,0
1150.0,0.03,-0.065,1.46659280312e-13,0
1150.0,0.035,-0.065,-7.80232200218e-14,0
1150.0,0.03,-0.06,-9.12803056031e-14,0
1150.0,0.035,-0.06,-2.13332009524e-13,0
1150.0,0.03,-0.055,-2.41056197372e-13,0
1150.0,0.035,-0.055,-2.80703760137e-13,0
1150.0,0.03,-0.05,-2.95596087654e-13,0
1150.0,0.035,-0.05,-2.69717429355e-13,0
1150.0,0.03,-0.045,-2.77725440359e-13,0
1150.0,0.035,-0.045,-2.06747207176e-13,0
1150.0,0.03,-0.04,-1.41646599887e-13,0
1150.0,0.035,-0.04,-6.5507092306e-14,0
1150.0,0.03,-0.035,4.59124887329e-14,0
1150.0,0.035,-0.035,1.17059500453e-13,0
1150.0,0.03,-0.03,1.40862485883e-13,0
1150.0,0.035,-0.03,2.2713171614e-13,0
1150.0,0.03,-0.025,1.27341235624e-13,0
1150.0,0.035,-0.025,2.03329832203e-13,0
1150.0,0.03,-0.02,-9.80600113689e-14,0
1150.0,0.035,-0.02,-3.56936308922e-14,0
1150.0,0.03,-0.015,-4.70025460006e-13,0
1150.0,0.035,-0.015,-4.32617297028e-13,0
1150.0,0.03,-0.01,-8.17288445362e-13,0
1150.0,0.035,-0.01,-9.03186970953e-13,0
1150.0,0.03,-0.005,-1.02182757104e-12,0
1150.0,0.035,-0.005,-1.22121962363e-12,0
1150.0,0.03,0,-9.55131571702e-13,0
1150.0,0.035,4.16333634234e-19,-1.20928889759e-12,0
1150.0,0.03,0.005,-6.12223182493e-13,0
1150.0,0.035,0.005,-8.31144195728e-13,0
1150.0,0.03,0.01,-1.85345324099e-13,0
1150.0,0.035,0.01,-2.65196279471e-13,0
1150.0,0.03,0.015,1.7383189775e-13,0
1150.0,0.035,0.015,1.83431233073e-13,0
1150.0,0.03,0.02,3.84215888069e-13,0
1150.0,0.035,0.02,3.6973044865e-13,0
1150.0,0.03,0.025,4.42109976076e-13,0
1150.0,0.035,0.025,4.23368876378e-13,0
1150.0,0.03,0.03,3.94473974187e-13,0
1150.0,0.03,0.035,3.08949250486e-13,0
1150.0,0.035,0.03,3.80288300998e-13,0
1150.0,0.035,0.035,2.95587556752e-13,0
1150.0,0.03,0.04,2.00877723941e-13,0
1150.0,0.03,0.045,9.16353000588e-14,0
1150.0,0.035,0.04,1.86788664103e-13,0
1150.0,0.035,0.045,7.54700507787e-14,0
1150.0,0.03,0.05,-4.07031143251e-15,0
1150.0,0.03,0.055,-5.48434844796e-14,0
1150.0,0.035,0.05,-6.67348435217e-15,0
1150.0,0.035,0.055,-1.76149412249e-14,0
1150.0,0.03,0.06,-4.77610829606e-14,0
1150.0,0.03,0.065,8.44232498944e-16,0
1150.0,0.035,0.06,4.44098565671e-14,0
1150.0,0.035,0.065,1.53220227977e-13,0
1150.0,0.03,0.07,7.97538002256e-14,0
1150.0,0.03,0.075,1.78269115977e-13,0
1150.0,0.035,0.07,2.95320406072e-13,0
1150.0,0.035,0.075,4.55154510843e-13,0
1150.0,0.04,-0.075,-6.75020961761e-14,0
1150.0,0.04,-0.07,-1.90041297875e-13,0
1150.0,0.045,-0.075,-4.8282927431e-13,0
1150.0,0.045,-0.07,-4.25708979095e-13,0
1150.0,0.04,-0.065,-2.80005003519e-13,0
1150.0,0.045,-0.065,-3.83795760478e-13,0
1150.0,0.04,-0.06,-3.04508728121e-13,0
1150.0,0.045,-0.06,-3.36488316008e-13,0
1150.0,0.04,-0.055,-2.90421964221e-13,0
1150.0,0.045,-0.055,-2.74682444558e-13,0
1150.0,0.04,-0.05,-2.3020448757e-13,0
1150.0,0.045,-0.05,-1.85504842109e-13,0
1150.0,0.04,-0.045,-1.35713380054e-13,0
1150.0,0.045,-0.045,-6.51036833116e-14,0
1150.0,0.04,-0.04,2.9281200556e-14,0
1150.0,0.045,-0.04,1.15365514287e-13,0
1150.0,0.04,-0.035,2.38924336322e-13,0
1150.0,0.045,-0.035,3.41977913873e-13,0
1150.0,0.04,-0.03,4.17314107819e-13,0
1150.0,0.045,-0.03,5.75702552095e-13,0
1150.0,0.04,-0.025,4.17217155053e-13,0
1150.0,0.045,-0.025,6.64133279694e-13,0
1150.0,0.04,-0.02,1.74942526598e-13,0
1150.0,0.045,-0.02,4.7357141937e-13,0
1150.0,0.04,-0.015,-2.09496380632e-13,0
1150.0,0.045,-0.015,1.07348006238e-13,0
1150.0,0.04,-0.01,-6.95527696942e-13,0
1150.0,0.045,-0.01,-3.05501229529e-13,0
1150.0,0.04,-0.005,-1.08756876872e-12,0
1150.0,0.045,-0.005,-6.92332900498e-13,0
1150.0,0.04,0,-1.16197462713e-12,0
1150.0,0.045,4.16333634234e-19,-8.6084664683e-13,0
1150.0,0.04,0.005,-8.35604261067e-13,0
1150.0,0.045,0.005,-6.35053040924e-13,0
1150.0,0.04,0.01,-2.69326349425e-13,0
1150.0,0.045,0.01,-1.9165072349e-13,0
1150.0,0.04,0.015,1.60469462901e-13,0
1150.0,0.045,0.015,1.37596571636e-13,0
1150.0,0.04,0.02,3.03803874408e-13,0
1150.0,0.045,0.02,2.32397931667e-13,0
1150.0,0.04,0.025,3.53935154738e-13,0
1150.0,0.045,0.025,2.6519373706e-13,0
1150.0,0.04,0.03,3.13790918844e-13,0
1150.0,0.045,0.03,2.1049345786e-13,0
1150.0,0.04,0.035,2.20257635252e-13,0
1150.0,0.045,0.035,7.19414289941e-14,0
1150.0,0.04,0.04,9.75869945389e-14,0
1150.0,0.04,0.045,-2.17345158901e-14,0
1150.0,0.045,0.04,-8.27086308495e-14,0
1150.0,0.045,0.045,-2.13964373627e-13,0
1150.0,0.04,0.05,-8.88370806959e-14,0
1150.0,0.04,0.055,-5.12626381438e-14,0
1150.0,0.045,0.05,-2.59635260222e-13,0
1150.0,0.045,0.055,-1.65035331636e-13,0
1150.0,0.04,0.06,7.54827372742e-14,0
1150.0,0.04,0.065,2.51144352334e-13,0
1150.0,0.045,0.06,2.62563023584e-14,0
1150.0,0.045,0.065,2.65181384507e-13,0
1150.0,0.04,0.07,4.59220073776e-13,0
1150.0,0.04,0.075,6.85901233988e-13,0
1150.0,0.045,0.07,5.51203360822e-13,0
1150.0,0.045,0.075,8.37511836435e-13,0
1150.0,0.05,-0.075,-5.86916581431e-13,0
1150.0,0.05,-0.07,-4.70295004236e-13,0
1150.0,0.055,-0.075,-4.97378301368e-13,0
1150.0,0.055,-0.07,-3.73851025434e-13,0
1150.0,0.05,-0.065,-3.7796321271e-13,0
1150.0,0.055,-0.065,-2.75986608932e-13,0
1150.0,0.05,-0.06,-3.04020376419e-13,0
1150.0,0.055,-0.06,-2.09422546151e-13,0
1150.0,0.05,-0.055,-2.28817262322e-13,0
1150.0,0.055,-0.055,-1.51674897569e-13,0
1150.0,0.05,-0.05,-1.33957758413e-13,0
1150.0,0.055,-0.05,-7.8058317557e-14,0
1150.0,0.05,-0.045,-9.15798736413e-15,0
1150.0,0.055,-0.045,2.35809247633e-14,0
1150.0,0.05,-0.04,1.64428559291e-13,0
1150.0,0.055,-0.04,1.696776888e-13,0
1150.0,0.05,-0.035,3.85357059046e-13,0
1150.0,0.055,-0.035,3.65302837818e-13,0
1150.0,0.05,-0.03,6.3462989231e-13,0
1150.0,0.055,-0.03,6.03035041233e-13,0
1150.0,0.05,-0.025,8.24749418644e-13,0
1150.0,0.055,-0.025,8.23887406367e-13,0
1150.0,0.05,-0.02,7.7780797984e-13,0
1150.0,0.055,-0.02,9.09307722714e-13,0
1150.0,0.05,-0.015,4.54929216182e-13,0
1150.0,0.055,-0.015,7.36234805599e-13,0
1150.0,0.05,-0.01,7.92150055238e-14,0
1150.0,0.055,-0.01,4.19026200768e-13,0
1150.0,0.05,-0.005,-2.69175054089e-13,0
1150.0,0.055,-0.005,1.14320597596e-13,0
1150.0,0.05,0,-4.36667153487e-13,0
1150.0,0.055,4.16333634234e-19,-3.66017471685e-14,0
1150.0,0.05,0.005,-3.30201224924e-13,0
1150.0,0.055,0.005,-3.4372754891e-14,0
1150.0,0.05,0.01,-7.5408028515e-14,0
1150.0,0.055,0.01,3.98263366837e-14,0
1150.0,0.05,0.015,1.12395175198e-13,0
1150.0,0.055,0.015,8.62786043799e-14,0
1150.0,0.05,0.02,1.61208428731e-13,0
1150.0,0.055,0.02,9.50742618367e-14,0
1150.0,0.05,0.025,1.70627121718e-13,0
1150.0,0.055,0.025,6.48093781781e-14,0
1150.0,0.05,0.03,5.47570018872e-14,0
1150.0,0.055,0.03,-1.24825498254e-13,0
1150.0,0.05,0.035,-1.44629359544e-13,0
1150.0,0.055,0.035,-3.7182769505e-13,0
1150.0,0.05,0.04,-3.11963600807e-13,0
1150.0,0.055,0.04,-5.51533614639e-13,0
1150.0,0.05,0.045,-4.50036717574e-13,0
1150.0,0.055,0.045,-6.8494689482e-13,0
1150.0,0.05,0.05,-4.73584724468e-13,0
1150.0,0.05,0.055,-3.20418769449e-13,0
1150.0,0.055,0.05,-6.72537598773e-13,0
1150.0,0.055,0.055,-4.7682677435e-13,0
1150.0,0.05,0.06,-8.64554230144e-14,0
1150.0,0.05,0.065,1.76053280488e-13,0
1150.0,0.055,0.06,-2.2520634174e-13,0
1150.0,0.055,0.065,3.41573365513e-14,0
1150.0,0.05,0.07,4.95868338845e-13,0
1150.0,0.05,0.075,8.17263817845e-13,0
1150.0,0.055,0.07,2.70160237073e-13,0
1150.0,0.055,0.075,4.92780262467e-13,0
1150.0,0.06,-0.075,-2.5159382525e-13,0
1150.0,0.06,-0.07,-1.60633720494e-13,0
1150.0,0.065,-0.075,1.01859693513e-13,0
1150.0,0.065,-0.07,1.34658328917e-13,0
1150.0,0.06,-0.065,-9.48592869291e-14,0
1150.0,0.065,-0.065,1.42591106728e-13,0
1150.0,0.06,-0.06,-5.71362835447e-14,0
1150.0,0.065,-0.06,1.39473372664e-13,0
1150.0,0.06,-0.055,-3.54744158132e-14,0
1150.0,0.065,-0.055,1.15434499883e-13,0
1150.0,0.06,-0.05,-1.44470461066e-14,0
1150.0,0.065,-0.05,5.35339001027e-14,0
1150.0,0.06,-0.045,2.0950900744e-14,0
1150.0,0.065,-0.045,-2.03129491474e-14,0
1150.0,0.06,-0.04,9.28779773523e-14,0
1150.0,0.065,-0.04,-8.68340238061e-14,0
1150.0,0.06,-0.035,2.20186820627e-13,0
1150.0,0.065,-0.035,-9.83910371496e-14,0
1150.0,0.06,-0.03,3.9783826078e-13,0
1150.0,0.065,-0.03,-2.40543938866e-14,0
1150.0,0.06,-0.025,5.89754800925e-13,0
1150.0,0.065,-0.025,1.09040625008e-13,0
1150.0,0.06,-0.02,7.11696291917e-13,0
1150.0,0.065,-0.02,2.5277151785e-13,0
1150.0,0.06,-0.015,6.69166382552e-13,0
1150.0,0.065,-0.015,2.72518497323e-13,0
1150.0,0.06,-0.01,4.99113467362e-13,0
1150.0,0.065,-0.01,2.38514902168e-13,0
1150.0,0.06,-0.005,3.05891220182e-13,0
1150.0,0.065,-0.005,1.91112152613e-13,0
1150.0,0.06,0,1.86799401564e-13,0
1150.0,0.065,4.16333634234e-19,1.58782180114e-13,0
1150.0,0.06,0.005,1.51203101484e-13,0
1150.0,0.065,0.005,1.55346575915e-13,0
1150.0,0.06,0.01,1.34614813993e-13,0
1150.0,0.065,0.01,1.50541346425e-13,0
1150.0,0.06,0.015,1.0121315081e-13,0
1150.0,0.065,0.015,1.18108167384e-13,0
1150.0,0.06,0.02,5.03612136635e-14,0
1150.0,0.065,0.02,5.40475565176e-14,0
1150.0,0.06,0.025,-4.57384913466e-14,0
1150.0,0.065,0.025,-4.70305429916e-14,0
1150.0,0.06,0.03,-2.39793410358e-13,0
1150.0,0.065,0.03,-1.88920040924e-13,0
1150.0,0.06,0.035,-4.73285417923e-13,0
1150.0,0.065,0.035,-3.41614569746e-13,0
1150.0,0.06,0.04,-6.58747853054e-13,0
1150.0,0.065,0.04,-4.59478898957e-13,0
1150.0,0.06,0.045,-7.40246422669e-13,0
1150.0,0.065,0.045,-4.27019190069e-13,0
1150.0,0.06,0.05,-6.62503801735e-13,0
1150.0,0.065,0.05,-2.90044818538e-13,0
1150.0,0.06,0.055,-4.79791133877e-13,0
1150.0,0.065,0.055,-1.504832616e-13,0
1150.0,0.06,0.06,-2.65454918596e-13,0
1150.0,0.06,0.065,-1.0662741363e-13,0
1150.0,0.065,0.06,-6.46629122337e-14,0
1150.0,0.065,0.065,-1.09847370476e-13,0
1150.0,0.06,0.07,-3.19132933155e-14,0
1150.0,0.06,0.075,-8.79536225124e-15,0
1150.0,0.065,0.07,-2.62562365449e-13,0
1150.0,0.065,0.075,-4.78155430715e-13,0
1150.0,0.07,-0.075,5.30094922091e-13,0
1150.0,0.07,-0.07,4.89675813132e-13,0
1150.0,0.075,-0.075,9.53011469274e-13,0
1150.0,0.075,-0.07,8.56498395054e-13,0
1150.0,0.07,-0.065,4.32333718167e-13,0
1150.0,0.075,-0.065,7.3312747118e-13,0
1150.0,0.07,-0.06,3.80505901118e-13,0
1150.0,0.075,-0.06,6.45829738376e-13,0
1150.0,0.07,-0.055,3.15754249938e-13,0
1150.0,0.075,-0.055,5.53209218602e-13,0
1150.0,0.07,-0.05,1.36898845228e-13,0
1150.0,0.075,-0.05,2.25669849308e-13,0
1150.0,0.07,-0.045,-1.57193959247e-13,0
1150.0,0.075,-0.045,-3.41170875481e-13,0
1150.0,0.07,-0.04,-4.65211048135e-13,0
1150.0,0.075,-0.04,-9.34134478935e-13,0
1150.0,0.07,-0.035,-6.22215158817e-13,0
1150.0,0.075,-0.035,-1.22454386129e-12,0
1150.0,0.07,-0.03,-5.83702934631e-13,0
1150.0,0.075,-0.03,-1.19148945878e-12,0
1150.0,0.07,-0.025,-4.75265434021e-13,0
1150.0,0.075,-0.025,-1.08500668213e-12,0
1150.0,0.07,-0.02,-2.78657988556e-13,0
1150.0,0.075,-0.02,-7.97611579783e-13,0
1150.0,0.07,-0.015,-1.33631292882e-13,0
1150.0,0.075,-0.015,-5.16970766693e-13,0
1150.0,0.07,-0.01,-1.0273114375e-13,0
1150.0,0.075,-0.01,-4.40584715049e-13,0
1150.0,0.07,-0.005,-7.93712208854e-14,0
1150.0,0.075,-0.005,-3.64344499983e-13,0
1150.0,0.07,0,-4.80459718928e-14,0
1150.0,0.075,0,-2.82273917082e-13,0
1150.0,0.07,0.005,3.30468204261e-15,0
1150.0,0.075,0.005,-1.88192416848e-13,0
1150.0,0.07,0.01,8.68618785284e-14,0
1150.0,0.075,0.01,4.77146834206e-15,0
1150.0,0.07,0.015,1.31590800538e-13,0
1150.0,0.075,0.015,1.56723528101e-13,0
1150.0,0.07,0.02,1.05765547876e-13,0
1150.0,0.075,0.02,1.73747636486e-13,0
1150.0,0.07,0.025,4.42986810097e-14,0
1150.0,0.075,0.025,1.52560549128e-13,0
1150.0,0.07,0.03,-3.91532295442e-14,0
1150.0,0.075,0.03,1.18246755566e-13,0
1150.0,0.07,0.035,-1.15852816299e-13,0
1150.0,0.075,0.035,1.04766874752e-13,0
1150.0,0.07,0.04,-8.03728300624e-14,0
1150.0,0.075,0.04,3.09134037374e-13,0
1150.0,0.07,0.045,8.15888951711e-14,0
1150.0,0.075,0.045,6.09764199963e-13,0
1150.0,0.07,0.05,2.36475128008e-13,0
1150.0,0.075,0.05,7.78201507001e-13,0
1150.0,0.07,0.055,3.68332334501e-13,0
1150.0,0.075,0.055,9.11942715296e-13,0
1150.0,0.07,0.06,3.2688052249e-13,0
1150.0,0.075,0.06,7.9098463158e-13,0
1150.0,0.07,0.065,5.40858946042e-14,0
1150.0,0.075,0.065,3.18082747374e-13,0
1150.0,0.07,0.07,-3.39152031786e-13,0
1150.0,0.07,0.075,-7.65121915053e-13,0
1150.0,0.075,0.07,-2.94744344413e-13,0
1150.0,0.075,0.075,-8.67821820147e-13,0
1300.0,-0.00382671281566,-0.00202612167119,0,0
1300.0,-0.005,-0.005,3.19515010388e-14,0
1300.0,-0.00197892066871,-0.00385133392306,0,0
1300.0,-0.005,-0.00190753787223,1.6777760288e-14,0
1300.0,-0.00433,0,0,0
1300.0,-0.00190753787223,-0.005,1.66250989444e-14,0
1300.0,0,-0.00433,0,0
1300.0,-0.005,0.00190775150599,1.55704774055e-14,0
1300.0,-0.00385133392306,0.00197892066871,0,0
1300.0,0.00190775150599,-0.005,1.60779268106e-14,0
1300.0,0.00202612167119,-0.00382671281566,0,0
1300.0,-0.00202612167119,0.00382671281566,0,0
1300.0,-0.005,0.005,2.3921582054e-14,0
1300.0,-0.0019094272225,0.005,1.50123191045e-14,0
1300.0,0,0.00433,0,0
1300.0,0.00147766755988,0.00407006125046,0,0
1300.0,8.32667268469e-19,0.005,1.10148211826e-14,0
1300.0,0.00433,0,0,0
1300.0,0.005,1.38777878078e-18,1.26156505496e-14,0
1300.0,0.00407006125046,0.00147766755988,0,0
1300.0,0.005,-0.005,2.99698947106e-14,0
1300.0,0.00385133392306,-0.00197892066871,0,0
1300.0,0.005,-0.0019094272225,1.69286607895e-14,0
1300.0,0.00306177236254,0.00306177236254,0,0
1300.0,0.0019094272225,0.005,1.53884736776e-14,0
1300.0,0.005,0.0019094272225,1.74720173268e-14,0
1300.0,-0.000885,-0.0015328649647,1.27201028396e-12,0
1300.0,-0.0015328649647,-0.000885,1.2721327852e-12,0
1300.0,-0.00186450691264,-0.00187567167242,8.43347847588e-13,0
1300.0,-0.00177,0,1.27182414322e-12,0
1300.0,-0.00268433516245,-0.000738983120158,7.5939680151e-13,0
1300.0,0,-0.00177,1.27197150001e-12,0
1300.0,-0.000718432264205,-0.00269192408424,7.57689868605e-13,0
1300.0,-0.0015328649647,0.000885,1.27031867846e-12,0
1300.0,-0.00265321485144,0.000647311733689,7.9019147225e-13,0
1300.0,-0.000885,0.0015328649647,1.26868959323e-12,0
1300.0,-0.00194719253591,0.00178443766524,8.44273866422e-13,0
1300.0,0,0.00177,1.26458070097e-12,0
1300.0,-0.000802720381054,0.00273415977115,7.17773087267e-13,0
1300.0,0.000885,-0.0015328649647,1.27065936689e-12,0
1300.0,0.00075154031863,-0.00270385456952,7.45574972372e-13,0
1300.0,0.00177,0,1.26291978795e-12,0
1300.0,0.0015328649647,-0.000885,1.26850524783e-12,0
1300.0,0.00271471102228,-0.000564731152102,7.61203721497e-13,0
1300.0,0.00192394637685,-0.00189207206672,8.10405134239e-13,0
1300.0,0.00231817117671,0.00040530921667,9.88286651866e-13,0
1300.0,0.0015328649647,0.000885,1.26118447569e-12,0
1300.0,0.000885,0.0015328649647,1.26188983994e-12,0
1300.0,0.000427053001345,0.00287092483521,6.82448324818e-13,0
1300.0,0.00187618296239,0.00184774001435,8.33656481729e-13,0
1300.0,0.00312733402203,0.000607809752493,5.19395006599e-13,0
1300.0,0.00276214303706,0.00136595635004,5.77077394668e-13,0
1300.0,0.0014100336009,0.00268674970267,6.0500037045e-13,0
1300.0,-0.075,-0.075,-9.19338545773e-14,0
1300.0,-0.07,-0.075,1.66863796808e-13,0
1300.0,-0.075,-0.07,-3.41545611033e-13,0
1300.0,-0.07,-0.07,-7.47572937088e-14,0
1300.0,-0.075,-0.065,-5.70074046122e-13,0
1300.0,-0.07,-0.065,-2.8702585921e-13,0
1300.0,-0.065,-0.075,3.70331299183e-13,0
1300.0,-0.065,-0.07,1.40713221857e-13,0
1300.0,-0.065,-0.065,-5.58240091579e-14,0
1300.0,-0.075,-0.06,-6.77633281719e-13,0
1300.0,-0.07,-0.06,-4.02335910474e-13,0
1300.0,-0.065,-0.06,-1.7592387661e-13,0
1300.0,-0.075,-0.055,-5.73600792293e-13,0
1300.0,-0.07,-0.055,-3.59521025522e-13,0
1300.0,-0.065,-0.055,-1.76124705471e-13,0
1300.0,-0.075,-0.05,-4.0971975723e-13,0
1300.0,-0.07,-0.05,-2.48343269615e-13,0
1300.0,-0.065,-0.05,-1.11224087018e-13,0
1300.0,-0.075,-0.045,-2.28300074332e-13,0
1300.0,-0.07,-0.045,-1.18387206193e-13,0
1300.0,-0.065,-0.045,-2.29478306911e-14,0
1300.0,-0.075,-0.04,-5.52542887692e-14,0
1300.0,-0.07,-0.04,1.96586056694e-14,0
1300.0,-0.075,-0.035,1.00203411819e-13,0
1300.0,-0.07,-0.035,1.48213834042e-13,0
1300.0,-0.065,-0.04,8.37520977367e-14,0
1300.0,-0.065,-0.035,1.80087672974e-13,0
1300.0,-0.075,-0.03,2.04272889386e-13,0
1300.0,-0.07,-0.03,2.11385971707e-13,0
1300.0,-0.075,-0.025,1.40751983048e-13,0
1300.0,-0.07,-0.025,1.38928898843e-13,0
1300.0,-0.065,-0.03,2.12267253642e-13,0
1300.0,-0.065,-0.025,1.36583161693e-13,0
1300.0,-0.075,-0.02,-5.20421911057e-14,0
1300.0,-0.07,-0.02,-3.46958876528e-14,0
1300.0,-0.075,-0.015,-2.27164816537e-13,0
1300.0,-0.07,-0.015,-2.09604574126e-13,0
1300.0,-0.065,-0.02,-1.67446555433e-14,0
1300.0,-0.065,-0.015,-1.94634639027e-13,0
1300.0,-0.075,-0.01,-2.30080793531e-13,0
1300.0,-0.07,-0.01,-2.5996732871e-13,0
1300.0,-0.075,-0.005,-1.34179660459e-14,0
1300.0,-0.07,-0.005,-1.18578588704e-13,0
1300.0,-0.065,-0.01,-3.07867628538e-13,0
1300.0,-0.065,-0.005,-2.45780968211e-13,0
1300.0,-0.075,0,2.72061300189e-13,0
1300.0,-0.07,0,1.29316187676e-13,0
1300.0,-0.075,0.005,4.50988048379e-13,0
1300.0,-0.07,0.005,3.38603840579e-13,0
1300.0,-0.065,4.16333634234e-19,-3.10569967847e-14,0
1300.0,-0.065,0.005,2.19327724275e-13,0
1300.0,-0.075,0.01,3.79623618869e-13,0
1300.0,-0.07,0.01,3.79506634865e-13,0
1300.0,-0.075,0.015,7.90311206438e-14,0
1300.0,-0.07,0.015,2.10218999002e-13,0
1300.0,-0.065,0.01,3.7416193751e-13,0
1300.0,-0.065,0.015,3.28967819087e-13,0
1300.0,-0.075,0.02,-2.18333464016e-13,0
1300.0,-0.07,0.02,-3.92316710915e-14,0
1300.0,-0.075,0.025,-4.90883683652e-13,0
1300.0,-0.07,0.025,-2.74206138969e-13,0
1300.0,-0.065,0.02,1.30021009206e-13,0
1300.0,-0.065,0.025,-7.71751480744e-14,0
1300.0,-0.075,0.03,-6.78786696432e-13,0
1300.0,-0.07,0.03,-4.27948866496e-13,0
1300.0,-0.075,0.035,-7.07643314931e-13,0
1300.0,-0.07,0.035,-4.4749216899e-13,0
1300.0,-0.065,0.03,-2.17791557127e-13,0
1300.0,-0.065,0.035,-2.3233419315e-13,0
1300.0,-0.075,0.04,-4.09643241025e-13,0
1300.0,-0.07,0.04,-2.72085521521e-13,0
1300.0,-0.075,0.045,4.35168783159e-14,0
1300.0,-0.07,0.045,-1.40661160795e-14,0
1300.0,-0.065,0.04,-1.4783279872e-13,0
1300.0,-0.065,0.045,-3.55052980859e-14,0
1300.0,-0.075,0.05,3.25923318621e-13,0
1300.0,-0.07,0.05,1.66883813431e-13,0
1300.0,-0.075,0.055,5.25560164237e-13,0
1300.0,-0.07,0.055,2.91370729945e-13,0
1300.0,-0.065,0.05,4.6996256636e-14,0
1300.0,-0.065,0.055,1.04129929905e-13,0
1300.0,-0.075,0.06,6.47818681132e-13,0
1300.0,-0.07,0.06,3.64099232083e-13,0
1300.0,-0.075,0.065,7.37182487272e-13,0
1300.0,-0.07,0.065,4.00631435986e-13,0
1300.0,-0.065,0.06,1.265750651e-13,0
1300.0,-0.065,0.065,1.06261372055e-13,0
1300.0,-0.075,0.07,8.59836637048e-13,0
1300.0,-0.07,0.07,4.09364199753e-13,0
1300.0,-0.075,0.075,9.18646440472e-13,0
1300.0,-0.07,0.075,3.73773141923e-13,0
1300.0,-0.065,0.07,3.82283532598e-14,0
1300.0,-0.065,0.075,-6.84338345365e-14,0
1300.0,-0.06,-0.075,5.0044539121e-13,0
1300.0,-0.06,-0.07,2.80729947242e-13,0
1300.0,-0.06,-0.065,9.21747188581e-14,0
1300.0,-0.055,-0.075,5.69197094304e-13,0
1300.0,-0.055,-0.07,3.60805458814e-13,0
1300.0,-0.055,-0.065,1.8165461273e-13,0
1300.0,-0.06,-0.06,-3.57821012131e-14,0
1300.0,-0.06,-0.055,-6.39654834997e-14,0
1300.0,-0.055,-0.06,5.10684784705e-14,0
1300.0,-0.055,-0.055,1.20321878345e-14,0
1300.0,-0.06,-0.05,-1.90707773921e-14,0
1300.0,-0.055,-0.05,4.25336688451e-14,0
1300.0,-0.06,-0.045,4.93802893411e-14,0
1300.0,-0.055,-0.045,9.23678493599e-14,0
1300.0,-0.06,-0.04,1.28765569466e-13,0
1300.0,-0.055,-0.04,1.45148733726e-13,0
1300.0,-0.06,-0.035,1.94044909913e-13,0
1300.0,-0.055,-0.035,1.86514835509e-13,0
1300.0,-0.06,-0.03,2.02015311161e-13,0
1300.0,-0.06,-0.025,1.27650260007e-13,0
1300.0,-0.055,-0.03,1.8548729859e-13,0
1300.0,-0.055,-0.025,1.17051831341e-13,0
1300.0,-0.06,-0.02,-5.68281388363e-15,0
1300.0,-0.06,-0.015,-1.67637872772e-13,0
1300.0,-0.055,-0.02,5.69356916135e-15,0
1300.0,-0.055,-0.015,-1.28431707166e-13,0
1300.0,-0.06,-0.01,-3.25250549415e-13,0
1300.0,-0.06,-0.005,-3.65578234305e-13,0
1300.0,-0.055,-0.01,-2.95082556676e-13,0
1300.0,-0.055,-0.005,-4.21529696637e-13,0
1300.0,-0.06,0,-2.18715633157e-13,0
1300.0,-0.06,0.005,4.26731869183e-14,0
1300.0,-0.055,4.16333634234e-19,-3.74764269745e-13,0
1300.0,-0.055,0.005,-1.49286685511e-13,0
1300.0,-0.06,0.01,2.74923968646e-13,0
1300.0,-0.06,0.015,3.53527146866e-13,0
1300.0,-0.055,0.01,1.06096734671e-13,0
1300.0,-0.055,0.015,2.65153493501e-13,0
1300.0,-0.06,0.02,2.56282488591e-13,0
1300.0,-0.06,0.025,9.02085133541e-14,0
1300.0,-0.055,0.02,2.75556271319e-13,0
1300.0,-0.055,0.025,1.71204887581e-13,0
1300.0,-0.06,0.03,-4.72856013764e-14,0
1300.0,-0.06,0.035,-1.04405913365e-13,0
1300.0,-0.055,0.03,6.08703402368e-14,0
1300.0,-0.055,0.035,-1.53545730979e-14,0
1300.0,-0.06,0.04,-9.19618060067e-14,0
1300.0,-0.06,0.045,-6.06551190865e-14,0
1300.0,-0.055,0.04,-4.9565798986e-14,0
1300.0,-0.055,0.045,-7.19102985966e-14,0
1300.0,-0.06,0.05,-3.12318639377e-14,0
1300.0,-0.06,0.055,-2.08542206488e-14,0
1300.0,-0.055,0.05,-8.64959622371e-14,0
1300.0,-0.055,0.055,-1.12639608041e-13,0
1300.0,-0.06,0.06,-3.99774369868e-14,0
1300.0,-0.06,0.065,-9.41533562134e-14,0
1300.0,-0.055,0.06,-1.63978052389e-13,0
1300.0,-0.055,0.065,-2.45356855945e-13,0
1300.0,-0.06,0.07,-1.8771797149e-13,0
1300.0,-0.06,0.075,-3.12236153824e-13,0
1300.0,-0.055,0.07,-3.63620255305e-13,0
1300.0,-0.055,0.075,-5.10401976461e-13,0
1300.0,-0.05,-0.075,4.43737191941e-13,0
1300.0,-0.05,-0.07,2.98312277285e-13,0
1300.0,-0.045,-0.075,2.06328647466e-13,0
1300.0,-0.045,-0.07,1.41412400971e-13,0
1300.0,-0.05,-0.065,1.69533396055e-13,0
1300.0,-0.045,-0.065,7.11211515024e-14,0
1300.0,-0.05,-0.06,7.06192126655e-14,0
1300.0,-0.05,-0.055,3.82165571758e-14,0
1300.0,-0.045,-0.06,1.7834543476e-14,0
1300.0,-0.045,-0.055,5.21666470787e-15,0
1300.0,-0.05,-0.05,5.73126655169e-14,0
1300.0,-0.05,-0.045,9.19838682094e-14,0
1300.0,-0.045,-0.05,2.39649512165e-14,0
1300.0,-0.045,-0.045,5.79888480341e-14,0
1300.0,-0.05,-0.04,1.30185699356e-13,0
1300.0,-0.045,-0.04,9.62074600578e-14,0
1300.0,-0.05,-0.035,1.62616135821e-13,0
1300.0,-0.045,-0.035,1.28093654701e-13,0
1300.0,-0.05,-0.03,1.63924317296e-13,0
1300.0,-0.045,-0.03,1.37567096083e-13,0
1300.0,-0.05,-0.025,1.12811369769e-13,0
1300.0,-0.045,-0.025,1.11490139281e-13,0
1300.0,-0.05,-0.02,2.05930846537e-14,0
1300.0,-0.05,-0.015,-9.46740740225e-14,0
1300.0,-0.045,-0.02,4.4054352747e-14,0
1300.0,-0.045,-0.015,-5.00414200821e-14,0
1300.0,-0.05,-0.01,-2.51336528838e-13,0
1300.0,-0.05,-0.005,-4.05465672666e-13,0
1300.0,-0.045,-0.01,-1.92439489459e-13,0
1300.0,-0.045,-0.005,-3.43561071017e-13,0
1300.0,-0.05,0,-4.31891894057e-13,0
1300.0,-0.05,0.005,-2.69860476873e-13,0
1300.0,-0.045,4.16333634234e-19,-3.91064842006e-13,0
1300.0,-0.045,0.005,-2.67493521102e-13,0
1300.0,-0.05,0.01,-4.41294863593e-14,0
1300.0,-0.05,0.015,1.41876833751e-13,0
1300.0,-0.045,0.01,-1.00354032675e-13,0
1300.0,-0.045,0.015,6.18817317855e-14,0
1300.0,-0.05,0.02,2.28525115374e-13,0
1300.0,-0.05,0.025,1.90274304588e-13,0
1300.0,-0.045,0.02,1.79266248307e-13,0
1300.0,-0.045,0.025,1.78102517806e-13,0
1300.0,-0.05,0.03,1.05501365122e-13,0
1300.0,-0.05,0.035,3.56450183062e-14,0
1300.0,-0.045,0.03,1.22586785786e-13,0
1300.0,-0.045,0.035,6.89488151457e-14,0
1300.0,-0.05,0.04,-9.79014083468e-15,0
1300.0,-0.05,0.045,-4.90481411102e-14,0
1300.0,-0.045,0.04,2.69127261461e-14,0
1300.0,-0.045,0.045,-8.34819302361e-15,0
1300.0,-0.05,0.05,-9.08706874211e-14,0
1300.0,-0.05,0.055,-1.3937907009e-13,0
1300.0,-0.045,0.05,-4.11156237552e-14,0
1300.0,-0.045,0.055,-8.17708767056e-14,0
1300.0,-0.05,0.06,-2.08946814013e-13,0
1300.0,-0.05,0.065,-3.03963120111e-13,0
1300.0,-0.045,0.06,-1.5583230776e-13,0
1300.0,-0.045,0.065,-2.28132556599e-13,0
1300.0,-0.05,0.07,-4.27035554149e-13,0
1300.0,-0.05,0.075,-5.85428044589e-13,0
1300.0,-0.045,0.07,-3.11129908948e-13,0
1300.0,-0.045,0.075,-4.35894884574e-13,0
1300.0,-0.04,-0.075,7.34556686594e-14,0
1300.0,-0.04,-0.07,2.8181539321e-14,0
1300.0,-0.035,-0.075,-2.17079902117e-14,0
1300.0,-0.035,-0.07,-5.66165212788e-14,0
1300.0,-0.04,-0.065,-2.02197431443e-14,0
1300.0,-0.035,-0.065,-9.47691121276e-14,0
1300.0,-0.04,-0.06,-5.35002776686e-14,0
1300.0,-0.035,-0.06,-1.19462867328e-13,0
1300.0,-0.04,-0.055,-5.57043674356e-14,0
1300.0,-0.035,-0.055,-1.18058271854e-13,0
1300.0,-0.04,-0.05,-3.22602197287e-14,0
1300.0,-0.04,-0.045,5.69450158549e-15,0
1300.0,-0.035,-0.05,-9.27206288005e-14,0
1300.0,-0.035,-0.045,-5.14351803506e-14,0
1300.0,-0.04,-0.04,4.90153952986e-14,0
1300.0,-0.04,-0.035,8.65069653748e-14,0
1300.0,-0.035,-0.04,-2.15987565343e-15,0
1300.0,-0.035,-0.035,4.41170486915e-14,0
1300.0,-0.04,-0.03,1.06773275048e-13,0
1300.0,-0.035,-0.03,7.70527933714e-14,0
1300.0,-0.04,-0.025,1.03500399863e-13,0
1300.0,-0.035,-0.025,9.09203087527e-14,0
1300.0,-0.04,-0.02,6.9261480177e-14,0
1300.0,-0.035,-0.02,8.39369463057e-14,0
1300.0,-0.04,-0.015,1.06736746201e-14,0
1300.0,-0.035,-0.015,5.87636000487e-14,0
1300.0,-0.04,-0.01,-9.22560334741e-14,0
1300.0,-0.04,-0.005,-2.15808730288e-13,0
1300.0,-0.035,-0.01,9.71708956185e-15,0
1300.0,-0.035,-0.005,-6.33198341316e-14,0
1300.0,-0.04,0,-2.82942335124e-13,0
1300.0,-0.04,0.005,-2.13796026102e-13,0
1300.0,-0.035,4.16333634234e-19,-1.5005293592e-13,0
1300.0,-0.035,0.005,-1.46336783793e-13,0
1300.0,-0.04,0.01,-7.65892887269e-14,0
1300.0,-0.04,0.015,5.72948482118e-14,0
1300.0,-0.035,0.01,-4.3632923913e-14,0
1300.0,-0.035,0.015,5.70106537132e-14,0
1300.0,-0.04,0.02,1.4662770072e-13,0
1300.0,-0.04,0.025,1.50221175894e-13,0
1300.0,-0.035,0.02,1.0142153171e-13,0
1300.0,-0.035,0.025,1.02229694666e-13,0
1300.0,-0.04,0.03,1.12810979917e-13,0
1300.0,-0.04,0.035,7.87596529389e-14,0
1300.0,-0.035,0.03,8.15064300213e-14,0
1300.0,-0.035,0.035,6.38001070875e-14,0
1300.0,-0.04,0.04,5.20951891863e-14,0
1300.0,-0.04,0.045,3.56073704841e-14,0
1300.0,-0.035,0.04,5.58403095581e-14,0
1300.0,-0.035,0.045,6.31595904738e-14,0
1300.0,-0.04,0.05,2.88771996227e-14,0
1300.0,-0.04,0.055,2.81325923979e-14,0
1300.0,-0.035,0.05,9.01778457633e-14,0
1300.0,-0.035,0.055,1.38888686934e-13,0
1300.0,-0.04,0.06,1.86088878057e-14,0
1300.0,-0.04,0.065,5.35087334796e-15,0
1300.0,-0.035,0.06,2.39918846158e-13,0
1300.0,-0.035,0.065,3.24121327577e-13,0
1300.0,-0.04,0.07,-2.52819473504e-14,0
1300.0,-0.04,0.075,-9.09943765914e-14,0
1300.0,-0.035,0.07,3.52700661396e-13,0
1300.0,-0.035,0.075,3.54387233066e-13,0
1300.0,-0.03,-0.075,-6.91070761153e-14,0
1300.0,-0.03,-0.07,-1.03364948485e-13,0
1300.0,-0.025,-0.075,-6.60040878261e-14,0
1300.0,-0.025,-0.07,-1.09189134043e-13,0
1300.0,-0.03,-0.065,-1.42277501356e-13,0
1300.0,-0.025,-0.065,-1.61659628223e-13,0
1300.0,-0.03,-0.06,-1.68603068236e-13,0
1300.0,-0.025,-0.06,-2.01396070875e-13,0
1300.0,-0.03,-0.055,-1.70627397237e-13,0
1300.0,-0.025,-0.055,-2.09951643048e-13,0
1300.0,-0.03,-0.05,-1.47150632428e-13,0
1300.0,-0.025,-0.05,-1.88435406931e-13,0
1300.0,-0.03,-0.045,-1.04082626546e-13,0
1300.0,-0.025,-0.045,-1.44041608997e-13,0
1300.0,-0.03,-0.04,-4.94211689086e-14,0
1300.0,-0.03,-0.035,5.97344752202e-15,0
1300.0,-0.025,-0.04,-8.55866993449e-14,0
1300.0,-0.025,-0.035,-2.36712888817e-14,0
1300.0,-0.03,-0.03,5.12859650136e-14,0
1300.0,-0.03,-0.025,7.97180310236e-14,0
1300.0,-0.025,-0.03,3.16459537377e-14,0
1300.0,-0.025,-0.025,7.09553434564e-14,0
1300.0,-0.03,-0.02,8.98125080268e-14,0
1300.0,-0.025,-0.02,9.18685878591e-14,0
1300.0,-0.03,-0.015,8.53464097008e-14,0
1300.0,-0.025,-0.015,9.9014372537e-14,0
1300.0,-0.03,-0.01,6.28254913164e-14,0
1300.0,-0.025,-0.01,9.20870506262e-14,0
1300.0,-0.03,-0.005,2.55343190551e-14,0
1300.0,-0.025,-0.005,7.36298278106e-14,0
1300.0,-0.03,0,-2.17288674608e-14,0
1300.0,-0.03,0.005,-3.89969238334e-14,0
1300.0,-0.025,4.16333634234e-19,5.34388555341e-14,0
1300.0,-0.025,0.005,3.26202233593e-14,0
1300.0,-0.03,0.01,-2.49700640193e-15,0
1300.0,-0.03,0.015,3.56617967309e-14,0
1300.0,-0.025,0.01,1.71878691306e-14,0
1300.0,-0.025,0.015,3.56569491244e-15,0
1300.0,-0.03,0.02,4.64032326166e-14,0
1300.0,-0.03,0.025,4.17934459846e-14,0
1300.0,-0.025,0.02,-9.92590848597e-15,0
1300.0,-0.025,0.025,-2.47101541247e-14,0
1300.0,-0.03,0.03,2.9415308272e-14,0
1300.0,-0.03,0.035,2.29645159271e-14,0
1300.0,-0.025,0.03,-3.65834118702e-14,0
1300.0,-0.025,0.035,-3.89332798269e-14,0
1300.0,-0.03,0.04,2.98469994316e-14,0
1300.0,-0.03,0.045,5.62830288712e-14,0
1300.0,-0.025,0.04,-2.57596892001e-14,0
1300.0,-0.025,0.045,8.33120113054e-15,0
1300.0,-0.03,0.05,1.12680464046e-13,0
1300.0,-0.03,0.055,2.05141850751e-13,0
1300.0,-0.025,0.05,7.56171729577e-14,0
1300.0,-0.025,0.055,1.78648732459e-13,0
1300.0,-0.03,0.06,3.71842629918e-13,0
1300.0,-0.03,0.065,5.35103339705e-13,0
1300.0,-0.025,0.06,3.1629328923e-13,0
1300.0,-0.025,0.065,4.53412195392e-13,0
1300.0,-0.03,0.07,6.48224121746e-13,0
1300.0,-0.03,0.075,7.58043308845e-13,0
1300.0,-0.025,0.07,5.76975892459e-13,0
1300.0,-0.025,0.075,6.97610943148e-13,0
1300.0,-0.02,-0.075,-8.3677258812e-15,0
1300.0,-0.02,-0.07,-6.55293551018e-14,0
1300.0,-0.015,-0.075,9.93192439678e-14,0
1300.0,-0.015,-0.07,2.67107895902e-14,0
1300.0,-0.02,-0.065,-1.37571048806e-13,0
1300.0,-0.015,-0.065,-6.64018637845e-14,0
1300.0,-0.02,-0.06,-2.01309774959e-13,0
1300.0,-0.015,-0.06,-1.64705690195e-13,0
1300.0,-0.02,-0.055,-2.23433333705e-13,0
1300.0,-0.015,-0.055,-2.0453110434e-13,0
1300.0,-0.02,-0.05,-2.06547158169e-13,0
1300.0,-0.015,-0.05,-1.9536216609e-13,0
1300.0,-0.02,-0.045,-1.64399959556e-13,0
1300.0,-0.015,-0.045,-1.62183772449e-13,0
1300.0,-0.02,-0.04,-1.05874796529e-13,0
1300.0,-0.015,-0.04,-1.0948813163e-13,0
1300.0,-0.02,-0.035,-4.20252061624e-14,0
1300.0,-0.015,-0.035,-4.71628893549e-14,0
1300.0,-0.02,-0.03,1.94445873959e-14,0
1300.0,-0.02,-0.025,6.49637035508e-14,0
1300.0,-0.015,-0.03,1.59514992113e-14,0
1300.0,-0.015,-0.025,6.2256131141e-14,0
1300.0,-0.02,-0.02,9.00400415821e-14,0
1300.0,-0.02,-0.015,1.01199285014e-13,0
1300.0,-0.015,-0.02,8.55541700548e-14,0
1300.0,-0.015,-0.015,9.43545621065e-14,0
1300.0,-0.02,-0.01,9.80927219486e-14,0
1300.0,-0.015,-0.01,8.9418725581e-14,0
1300.0,-0.02,-0.005,8.31935358501e-14,0
1300.0,-0.015,-0.005,7.48776635311e-14,0
1300.0,-0.02,0,6.30309738715e-14,0
1300.0,-0.015,4.16333634234e-19,5.74575517754e-14,0
1300.0,-0.02,0.005,4.04895776139e-14,0
1300.0,-0.015,0.005,3.81756606099e-14,0
1300.0,-0.02,0.01,1.05609724487e-14,0
1300.0,-0.02,0.015,-2.618326959e-14,0
1300.0,-0.015,0.01,2.59077720745e-15,0
1300.0,-0.015,0.015,-4.99606526987e-14,0
1300.0,-0.02,0.02,-6.2041612159e-14,0
1300.0,-0.02,0.025,-8.98263778735e-14,0
1300.0,-0.015,0.02,-1.05547458828e-13,0
1300.0,-0.015,0.025,-1.44140120609e-13,0
1300.0,-0.02,0.03,-1.05882604824e-13,0
1300.0,-0.02,0.035,-1.11092789393e-13,0
1300.0,-0.015,0.03,-1.65131302055e-13,0
1300.0,-0.015,0.035,-1.7904003525e-13,0
1300.0,-0.02,0.04,-1.00311406267e-13,0
1300.0,-0.02,0.045,-7.21811697173e-14,0
1300.0,-0.015,0.04,-1.79328327899e-13,0
1300.0,-0.015,0.045,-1.61791417941e-13,0
1300.0,-0.02,0.05,-1.9212964834e-14,0
1300.0,-0.02,0.055,4.9165785041e-14,0
1300.0,-0.015,0.05,-1.35007353447e-13,0
1300.0,-0.015,0.055,-1.12965405632e-13,0
1300.0,-0.02,0.06,1.17019838103e-13,0
1300.0,-0.02,0.065,1.76557641664e-13,0
1300.0,-0.015,0.06,-1.12772184873e-13,0
1300.0,-0.015,0.065,-1.45403348468e-13,0
1300.0,-0.02,0.07,2.2093737424e-13,0
1300.0,-0.02,0.075,2.65201106516e-13,0
1300.0,-0.015,0.07,-2.24094671897e-13,0
1300.0,-0.015,0.075,-3.02322901094e-13,0
1300.0,-0.01,-0.075,2.7427829938e-13,0
1300.0,-0.01,-0.07,1.8030008333e-13,0
1300.0,-0.005,-0.075,4.89101012874e-13,0
1300.0,-0.005,-0.07,3.7689283658e-13,0
1300.0,-0.01,-0.065,6.86964378836e-14,0
1300.0,-0.005,-0.065,2.51518984259e-13,0
1300.0,-0.01,-0.06,-6.91362423945e-14,0
1300.0,-0.005,-0.06,8.98673967961e-14,0
1300.0,-0.01,-0.055,-1.50846690635e-13,0
1300.0,-0.005,-0.055,-5.42604178747e-14,0
1300.0,-0.01,-0.05,-1.5317398714e-13,0
1300.0,-0.005,-0.05,-8.54794021763e-14,0
1300.0,-0.01,-0.045,-1.34495895218e-13,0
1300.0,-0.005,-0.045,-8.64251094136e-14,0
1300.0,-0.01,-0.04,-9.31605841234e-14,0
1300.0,-0.005,-0.04,-5.98646963734e-14,0
1300.0,-0.01,-0.035,-3.73114039229e-14,0
1300.0,-0.005,-0.035,-1.31888872189e-14,0
1300.0,-0.01,-0.03,2.20558372557e-14,0
1300.0,-0.005,-0.03,3.73713530095e-14,0
1300.0,-0.01,-0.025,6.3381903004e-14,0
1300.0,-0.005,-0.025,6.7661114639e-14,0
1300.0,-0.01,-0.02,8.02170473974e-14,0
1300.0,-0.01,-0.015,8.29511464051e-14,0
1300.0,-0.005,-0.02,7.63376085194e-14,0
1300.0,-0.005,-0.015,7.20097762863e-14,0
1300.0,-0.0117873230072,-0.0115873794689,8.27515770807e-14,0
1300.0,-0.00939961996336,-0.005,5.29953404594e-14,0
1300.0,-0.00792797428371,-0.00964253216809,6.37847384229e-14,0
1300.0,-0.005,-0.00939961996336,5.25653057633e-14,0
1300.0,-0.0108753492546,-0.00150606400588,4.86073221959e-14,0
1300.0,-0.00818101620308,-0.00211452602544,3.79241746714e-14,0
1300.0,-0.00651817360753,-0.000255934956239,2.4933268796e-14,0
1300.0,-0.005,6.71033969428e-08,1.20313635804e-14,0
1300.0,-0.0107292118043,0.00160660295843,4.03010442267e-14,0
1300.0,-0.0080188992252,0.000768320427092,3.16258349706e-14,0
1300.0,-0.00939946851065,0.005,3.04551106296e-14,0
1300.0,-0.00802129342231,0.00264911934363,3.01769607776e-14,0
1300.0,-0.00887989370213,0.00887989479405,1.09353508329e-14,0
1300.0,-0.01,0.015,-5.51175656322e-14,0
1300.0,-0.005,0.00939947397025,1.23133524732e-14,0
1300.0,-0.005,0.015,-4.02670024583e-14,0
1300.0,-0.01,0.02,-1.20062712462e-13,0
1300.0,-0.01,0.025,-1.64442216734e-13,0
1300.0,-0.005,0.02,-9.23663250017e-14,0
1300.0,-0.005,0.025,-1.31428034327e-13,0
1300.0,-0.01,0.03,-1.85594402085e-13,0
1300.0,-0.01,0.035,-2.05060694901e-13,0
1300.0,-0.005,0.03,-1.5166242092e-13,0
1300.0,-0.005,0.035,-1.60675017273e-13,0
1300.0,-0.01,0.04,-2.09138439935e-13,0
1300.0,-0.01,0.045,-1.86303432722e-13,0
1300.0,-0.005,0.04,-1.40465468902e-13,0
1300.0,-0.005,0.045,-8.94117072881e-14,0
1300.0,-0.01,0.05,-1.66673545967e-13,0
1300.0,-0.01,0.055,-1.79058034393e-13,0
1300.0,-0.005,0.05,-5.72296173675e-14,0
1300.0,-0.005,0.055,-6.95537048935e-14,0
1300.0,-0.01,0.06,-2.53340486309e-13,0
1300.0,-0.01,0.065,-4.05021644322e-13,0
1300.0,-0.005,0.06,-1.71326400645e-13,0
1300.0,-0.005,0.065,-3.82987846235e-13,0
1300.0,-0.01,0.07,-6.24731790732e-13,0
1300.0,-0.01,0.075,-8.95061220745e-13,0
1300.0,-0.005,0.07,-6.85542739164e-13,0
1300.0,-0.005,0.075,-1.06142661248e-12,0
1300.0,0,-0.075,7.1611782969e-13,0
1300.0,0,-0.07,5.58088542215e-13,0
1300.0,0.005,-0.075,6.83824184731e-13,0
1300.0,0.005,-0.07,5.30271685799e-13,0
1300.0,0,-0.065,4.18321265243e-13,0
1300.0,0.005,-0.065,3.97522398247e-13,0
1300.0,0,-0.06,2.73726449583e-13,0
1300.0,0.005,-0.06,3.03892870453e-13,0
1300.0,0,-0.055,1.32643605738e-13,0
1300.0,0.005,-0.055,2.10007681069e-13,0
1300.0,0,-0.05,4.57908822716e-14,0
1300.0,0.005,-0.05,1.19324122594e-13,0
1300.0,0,-0.045,3.56622900042e-15,0
1300.0,0.005,-0.045,5.99057506617e-14,0
1300.0,0,-0.04,7.62706617303e-16,0
1300.0,0.005,-0.04,3.44907418831e-14,0
1300.0,0,-0.035,2.48589165839e-14,0
1300.0,0.005,-0.035,3.68199147183e-14,0
1300.0,0,-0.03,5.50140870447e-14,0
1300.0,0.005,-0.03,4.90454682104e-14,0
1300.0,0,-0.025,7.03341430397e-14,0
1300.0,0.005,-0.025,6.0170219826e-14,0
1300.0,0,-0.02,7.22347701098e-14,0
1300.0,0.005,-0.02,6.64523304985e-14,0
1300.0,0,-0.015,6.40653488856e-14,0
1300.0,0.005,-0.015,6.15532354121e-14,0
1300.0,-0.0021196717084,-0.00776771017156,3.62153219982e-14,0
1300.0,-0.00084550708518,-0.00631514607954,2.47183466135e-14,0
1300.0,6.71033969406e-08,-0.005,1.23506888739e-14,0
1300.0,-0.00139054260708,-0.0110960807567,5.15675892423e-14,0
1300.0,0.00132468676756,-0.00775008274642,3.33521753045e-14,0
1300.0,0.00160394440688,-0.0116908851489,5.16478673354e-14,0
1300.0,0.005,-0.00939946851065,4.61178122315e-14,0
1300.0,0.005,0.005,3.03208194607e-14,0
1300.0,-0.000107646311398,0.00617659695633,2.30125979579e-14,0
1300.0,-0.00190846935279,0.0076427502668,2.47242912821e-14,0
1300.0,0.00131146485568,0.00777290068297,2.67557192846e-14,0
1300.0,0.00295884413402,0.00640276348073,2.67800705165e-14,0
1300.0,-1.21517769428e-05,0.0108932602996,1.45539553335e-14,0
1300.0,0,0.015,-1.33183835079e-14,0
1300.0,0.005,0.00939942566771,3.34865961072e-14,0
1300.0,0.005,0.015,1.51048135024e-14,0
1300.0,0,0.02,-5.0354807475e-14,0
1300.0,0,0.025,-7.80095487051e-14,0
1300.0,0.005,0.02,-1.11349135826e-14,0
1300.0,0.005,0.025,-2.98360028004e-14,0
1300.0,0,0.03,-8.76780340435e-14,0
1300.0,0,0.035,-7.89098822665e-14,0
1300.0,0.005,0.03,-2.99682690977e-14,0
1300.0,0.005,0.035,-8.29967520024e-15,0
1300.0,0,0.04,-2.67206305237e-14,0
1300.0,0,0.045,4.55534412749e-14,0
1300.0,0.005,0.04,5.12507036118e-14,0
1300.0,0.005,0.045,1.22329379514e-13,0
1300.0,0,0.05,9.14809172193e-14,0
1300.0,0,0.055,1.09997699452e-13,0
1300.0,0.005,0.05,1.79320446175e-13,0
1300.0,0.005,0.055,2.20404382001e-13,0
1300.0,0,0.06,5.64934271021e-14,0
1300.0,0,0.065,-1.06570607991e-13,0
1300.0,0.005,0.06,2.28591564398e-13,0
1300.0,0.005,0.065,1.88225232636e-13,0
1300.0,0,0.07,-4.00115211362e-13,0
1300.0,0,0.075,-7.54330808361e-13,0
1300.0,0.005,0.07,-5.06871113943e-15,0
1300.0,0.005,0.075,-2.5777628876e-13,0
1300.0,0.01,-0.075,3.29036229119e-13,0
1300.0,0.01,-0.07,2.9066292062e-13,0
1300.0,0.015,-0.075,-9.25698429633e-14,0
1300.0,0.015,-0.07,-1.49829567937e-15,0
1300.0,0.01,-0.065,2.38293559419e-13,0
1300.0,0.015,-0.065,5.01371674361e-14,0
1300.0,0.01,-0.06,1.81335426092e-13,0
1300.0,0.015,-0.06,4.39720259014e-14,0
1300.0,0.01,-0.055,1.23717633452e-13,0
1300.0,0.015,-0.055,2.33962173565e-14,0
1300.0,0.01,-0.05,7.21710829133e-14,0
1300.0,0.015,-0.05,8.57901638795e-15,0
1300.0,0.01,-0.045,3.46936740325e-14,0
1300.0,0.015,-0.045,-5.73918390512e-15,0
1300.0,0.01,-0.04,1.3573139879e-14,0
1300.0,0.015,-0.04,-1.89032350105e-14,0
1300.0,0.01,-0.035,1.03815450779e-14,0
1300.0,0.015,-0.035,-2.21679451612e-14,0
1300.0,0.01,-0.03,1.90054521177e-14,0
1300.0,0.015,-0.03,-1.58429461128e-14,0
1300.0,0.01,-0.025,3.16262801775e-14,0
1300.0,0.015,-0.025,-5.51023150851e-15,0
1300.0,0.01,-0.02,4.97520390309e-14,0
1300.0,0.01,-0.015,6.07937367607e-14,0
1300.0,0.015,-0.02,2.32362890552e-14,0
1300.0,0.015,-0.015,5.68505572087e-14,0
1300.0,0.00999280436795,-0.0116358337096,6.31255254124e-14,0
1300.0,0.0105889214373,-0.00845762197625,6.67840641216e-14,0
1300.0,0.015,-0.01,8.16536461994e-14,0
1300.0,0.00939947397025,-0.005,5.83334938903e-14,0
1300.0,0.015,-0.005,1.03328000389e-13,0
1300.0,0.00658051136513,-0.00296146438142,3.41126663494e-14,0
1300.0,0.00636794669772,-3.54305826484e-06,2.82951283936e-14,0
1300.0,0.00795807888052,-0.00113999998936,4.35043803984e-14,0
1300.0,0.00758147027913,0.00183630393596,4.1781384596e-14,0
1300.0,0.0112534647756,-1.47536350887e-07,7.62172504557e-14,0
1300.0,0.015,4.16333634234e-19,1.14807722909e-13,0
1300.0,0.00939942566771,0.005,6.22382104193e-14,0
1300.0,0.015,0.005,1.15535920556e-13,0
1300.0,0.00999018807453,0.0109670628501,5.99775497277e-14,0
1300.0,0.01,0.015,4.4866119389e-14,0
1300.0,0.015,0.01,1.00793735267e-13,0
1300.0,0.015,0.015,7.46792280695e-14,0
1300.0,0.01,0.02,1.9831981149e-14,0
1300.0,0.01,0.025,9.85573552438e-16,0
1300.0,0.015,0.02,4.13485760275e-14,0
1300.0,0.015,0.025,1.47712144351e-14,0
1300.0,0.01,0.03,5.96005606456e-16,0
1300.0,0.01,0.035,2.24091734883e-14,0
1300.0,0.015,0.03,8.22796892371e-15,0
1300.0,0.015,0.035,2.39175507346e-14,0
1300.0,0.01,0.04,7.25057533658e-14,0
1300.0,0.01,0.045,1.34838228277e-13,0
1300.0,0.015,0.04,6.21145349291e-14,0
1300.0,0.015,0.045,1.15403011889e-13,0
1300.0,0.01,0.05,1.94563424503e-13,0
1300.0,0.01,0.055,2.48017958209e-13,0
1300.0,0.015,0.05,1.77474724484e-13,0
1300.0,0.015,0.055,2.44442780947e-13,0
1300.0,0.01,0.06,2.83382691832e-13,0
1300.0,0.01,0.065,2.99272276752e-13,0
1300.0,0.015,0.06,3.06541509834e-13,0
1300.0,0.015,0.065,3.32555953956e-13,0
1300.0,0.01,0.07,2.67373268993e-13,0
1300.0,0.01,0.075,1.84969580872e-13,0
1300.0,0.015,0.07,3.24123952023e-13,0
1300.0,0.015,0.075,3.0556064815e-13,0
1300.0,0.02,-0.075,-3.35854527634e-13,0
1300.0,0.02,-0.07,-2.13323897675e-13,0
1300.0,0.025,-0.075,-4.46004210671e-13,0
1300.0,0.025,-0.07,-3.14321773029e-13,0
1300.0,0.02,-0.065,-1.2844534079e-13,0
1300.0,0.025,-0.065,-2.13514016805e-13,0
1300.0,0.02,-0.06,-8.04648512661e-14,0
1300.0,0.025,-0.06,-1.40650514504e-13,0
1300.0,0.02,-0.055,-5.22345732063e-14,0
1300.0,0.025,-0.055,-9.05073427806e-14,0
1300.0,0.02,-0.05,-4.16551013729e-14,0
1300.0,0.025,-0.05,-6.70166538901e-14,0
1300.0,0.02,-0.045,-4.30596934956e-14,0
1300.0,0.025,-0.045,-6.09078384084e-14,0
1300.0,0.02,-0.04,-5.16821321026e-14,0
1300.0,0.025,-0.04,-6.66596232919e-14,0
1300.0,0.02,-0.035,-5.36754962926e-14,0
1300.0,0.025,-0.035,-7.11404784673e-14,0
1300.0,0.02,-0.03,-4.94580806106e-14,0
1300.0,0.025,-0.03,-7.38539559525e-14,0
1300.0,0.02,-0.025,-4.30776744294e-14,0
1300.0,0.025,-0.025,-7.46893149928e-14,0
1300.0,0.02,-0.02,-9.45475978589e-15,0
1300.0,0.025,-0.02,-4.93993832943e-14,0
1300.0,0.02,-0.015,4.29431640291e-14,0
1300.0,0.025,-0.015,1.23813259367e-14,0
1300.0,0.02,-0.01,8.88610664334e-14,0
1300.0,0.025,-0.01,8.04147316449e-14,0
1300.0,0.02,-0.005,1.35360839137e-13,0
1300.0,0.025,-0.005,1.47710281382e-13,0
1300.0,0.02,0,1.68906235368e-13,0
1300.0,0.025,4.16333634234e-19,2.05226088842e-13,0
1300.0,0.02,0.005,1.68214192904e-13,0
1300.0,0.025,0.005,2.11713185993e-13,0
1300.0,0.02,0.01,1.39472026054e-13,0
1300.0,0.025,0.01,1.72715485864e-13,0
1300.0,0.02,0.015,9.76198262416e-14,0
1300.0,0.025,0.015,1.11154534562e-13,0
1300.0,0.02,0.02,4.73294202518e-14,0
1300.0,0.02,0.025,5.1465164651e-15,0
1300.0,0.025,0.02,3.50480898519e-14,0
1300.0,0.025,0.025,-3.08398856932e-14,0
1300.0,0.02,0.03,-1.47659367074e-14,0
1300.0,0.02,0.035,-9.31314309154e-15,0
1300.0,0.025,0.03,-6.11685858579e-14,0
1300.0,0.025,0.035,-6.26821899704e-14,0
1300.0,0.02,0.04,1.91644973773e-14,0
1300.0,0.02,0.045,6.35638271716e-14,0
1300.0,0.025,0.04,-4.17631554191e-14,0
1300.0,0.025,0.045,-8.17085843198e-15,0
1300.0,0.02,0.05,1.2038645699e-13,0
1300.0,0.02,0.055,1.81099193052e-13,0
1300.0,0.025,0.05,3.51856121648e-14,0
1300.0,0.025,0.055,7.3315117945e-14,0
1300.0,0.02,0.06,2.31289841483e-13,0
1300.0,0.02,0.065,2.3638580727e-13,0
1300.0,0.025,0.06,8.26938650154e-14,0
1300.0,0.025,0.065,7.18878600774e-14,0
1300.0,0.02,0.07,2.06171555047e-13,0
1300.0,0.02,0.075,1.75207097618e-13,0
1300.0,0.025,0.07,3.88636993575e-14,0
1300.0,0.025,0.075,-1.26840475444e-14,0
1300.0,0.03,-0.075,-4.33568769572e-13,0
1300.0,0.03,-0.07,-3.0418804833e-13,0
1300.0,0.035,-0.075,-3.56772947433e-13,0
1300.0,0.035,-0.07,-2.33626359667e-13,0
1300.0,0.03,-0.065,-2.00797270396e-13,0
1300.0,0.035,-0.065,-1.32646843282e-13,0
1300.0,0.03,-0.06,-1.27600149406e-13,0
1300.0,0.035,-0.06,-7.2913248852e-14,0
1300.0,0.03,-0.055,-8.07494246735e-14,0
1300.0,0.035,-0.055,-3.59455450119e-14,0
1300.0,0.03,-0.05,-5.58453274734e-14,0
1300.0,0.035,-0.05,-1.46184145089e-14,0
1300.0,0.03,-0.045,-4.54426283748e-14,0
1300.0,0.035,-0.045,-1.39027662054e-15,0
1300.0,0.03,-0.04,-4.91258281136e-14,0
1300.0,0.035,-0.04,-1.92790079241e-15,0
1300.0,0.03,-0.035,-6.27959027519e-14,0
1300.0,0.035,-0.035,-2.38878262442e-14,0
1300.0,0.03,-0.03,-7.91132894848e-14,0
1300.0,0.035,-0.03,-6.0592512114e-14,0
1300.0,0.03,-0.025,-9.69962011049e-14,0
1300.0,0.035,-0.025,-9.77418317186e-14,0
1300.0,0.03,-0.02,-9.7943763189e-14,0
1300.0,0.035,-0.02,-1.31225644332e-13,0
1300.0,0.03,-0.015,-6.5176221785e-14,0
1300.0,0.035,-0.015,-1.46342802335e-13,0
1300.0,0.03,-0.01,6.54292695438e-15,0
1300.0,0.035,-0.01,-1.08222279535e-13,0
1300.0,0.03,-0.005,1.00321614478e-13,0
1300.0,0.035,-0.005,-1.60409447988e-14,0
1300.0,0.03,0,1.82891153408e-13,0
1300.0,0.035,4.16333634234e-19,8.89621162302e-14,0
1300.0,0.03,0.005,2.13569861555e-13,0
1300.0,0.035,0.005,1.49519147047e-13,0
1300.0,0.03,0.01,1.73203691933e-13,0
1300.0,0.035,0.01,1.27506857427e-13,0
1300.0,0.03,0.015,8.39617530374e-14,0
1300.0,0.035,0.015,3.58443446156e-14,0
1300.0,0.03,0.02,-1.39801758609e-14,0
1300.0,0.035,0.02,-5.46470180236e-14,0
1300.0,0.03,0.025,-8.50631766522e-14,0
1300.0,0.035,0.025,-1.20307319637e-13,0
1300.0,0.03,0.03,-1.14625004417e-13,0
1300.0,0.03,0.035,-1.22208007277e-13,0
1300.0,0.035,0.03,-1.58101128349e-13,0
1300.0,0.035,0.035,-1.7573292275e-13,0
1300.0,0.03,0.04,-1.08901850741e-13,0
1300.0,0.03,0.045,-8.54875427439e-14,0
1300.0,0.035,0.04,-1.70490260411e-13,0
1300.0,0.035,0.045,-1.52751171505e-13,0
1300.0,0.03,0.05,-5.66519352963e-14,0
1300.0,0.03,0.055,-3.59158600395e-14,0
1300.0,0.035,0.05,-1.31012866633e-13,0
1300.0,0.035,0.055,-1.16340615756e-13,0
1300.0,0.03,0.06,-3.7799544782e-14,0
1300.0,0.03,0.065,-6.37441934682e-14,0
1300.0,0.035,0.06,-1.24536670999e-13,0
1300.0,0.035,0.065,-1.60560978572e-13,0
1300.0,0.03,0.07,-1.13540111476e-13,0
1300.0,0.03,0.075,-1.83606651929e-13,0
1300.0,0.035,0.07,-2.25134227903e-13,0
1300.0,0.035,0.075,-3.14118140636e-13,0
1300.0,0.04,-0.075,-1.07229117803e-13,0
1300.0,0.04,-0.07,-6.07864679372e-14,0
1300.0,0.045,-0.075,2.0790878656e-13,0
1300.0,0.045,-0.07,1.40309044391e-13,0
1300.0,0.04,-0.065,-1.62099796531e-14,0
1300.0,0.045,-0.065,1.0009551771e-13,0
1300.0,0.04,-0.06,5.77269902998e-15,0
1300.0,0.045,-0.06,7.82480325604e-14,0
1300.0,0.04,-0.055,2.0879707207e-14,0
1300.0,0.045,-0.055,6.80305824135e-14,0
1300.0,0.04,-0.05,3.26186574959e-14,0
1300.0,0.045,-0.05,6.85670549791e-14,0
1300.0,0.04,-0.045,4.50845747999e-14,0
1300.0,0.045,-0.045,7.79321381489e-14,0
1300.0,0.04,-0.04,5.07199747551e-14,0
1300.0,0.045,-0.04,8.9429624764e-14,0
1300.0,0.04,-0.035,4.03363237972e-14,0
1300.0,0.045,-0.035,9.30111605657e-14,0
1300.0,0.04,-0.03,-5.75201238865e-15,0
1300.0,0.045,-0.03,5.9964613069e-14,0
1300.0,0.04,-0.025,-7.19529940296e-14,0
1300.0,0.045,-0.025,-1.55096541794e-14,0
1300.0,0.04,-0.02,-1.30017214254e-13,0
1300.0,0.045,-0.02,-1.00086252135e-13,0
1300.0,0.04,-0.015,-1.76833873307e-13,0
1300.0,0.045,-0.015,-1.58452992436e-13,0
1300.0,0.04,-0.01,-1.81810615065e-13,0
1300.0,0.045,-0.01,-1.76941347278e-13,0
1300.0,0.04,-0.005,-1.26112027483e-13,0
1300.0,0.045,-0.005,-1.64041698094e-13,0
1300.0,0.04,0,-1.86578321381e-14,0
1300.0,0.045,4.16333634234e-19,-7.6006289723e-14,0
1300.0,0.04,0.005,7.45357201426e-14,0
1300.0,0.045,0.005,3.58478459187e-14,0
1300.0,0.04,0.01,9.0231601577e-14,0
1300.0,0.045,0.01,8.68806874723e-14,0
1300.0,0.04,0.015,2.96935278727e-14,0
1300.0,0.045,0.015,5.23147582854e-14,0
1300.0,0.04,0.02,-5.11399547663e-14,0
1300.0,0.045,0.02,-2.1459688898e-14,0
1300.0,0.04,0.025,-1.23867140426e-13,0
1300.0,0.045,0.025,-9.88337158484e-14,0
1300.0,0.04,0.03,-1.73731001251e-13,0
1300.0,0.045,0.03,-1.60878550363e-13,0
1300.0,0.04,0.035,-1.9844840128e-13,0
1300.0,0.045,0.035,-1.74621598492e-13,0
1300.0,0.04,0.04,-1.94941481333e-13,0
1300.0,0.04,0.045,-1.74718438333e-13,0
1300.0,0.045,0.04,-1.51849711144e-13,0
1300.0,0.045,0.045,-1.19005670422e-13,0
1300.0,0.04,0.05,-1.49129472109e-13,0
1300.0,0.04,0.055,-1.32218908945e-13,0
1300.0,0.045,0.05,-8.34903239387e-14,0
1300.0,0.045,0.055,-5.77284848009e-14,0
1300.0,0.04,0.06,-1.42105088812e-13,0
1300.0,0.04,0.065,-1.85460930398e-13,0
1300.0,0.045,0.06,-6.74283508417e-14,0
1300.0,0.045,0.065,-1.14514535896e-13,0
1300.0,0.04,0.07,-2.63007651104e-13,0
1300.0,0.04,0.075,-3.70312887318e-13,0
1300.0,0.045,0.07,-2.14234902517e-13,0
1300.0,0.045,0.075,-3.36159664583e-13,0
1300.0,0.05,-0.075,3.92885096232e-13,0
1300.0,0.05,-0.07,2.64444101326e-13,0
1300.0,0.055,-0.075,4.71263979296e-13,0
1300.0,0.055,-0.07,3.0486469921e-13,0
1300.0,0.05,-0.065,1.71236341296e-13,0
1300.0,0.055,-0.065,1.78840333809e-13,0
1300.0,0.05,-0.06,1.17472944628e-13,0
1300.0,0.055,-0.06,1.06141418982e-13,0
1300.0,0.05,-0.055,8.76239196552e-14,0
1300.0,0.055,-0.055,6.59867992772e-14,0
1300.0,0.05,-0.05,7.95201903414e-14,0
1300.0,0.055,-0.05,5.71071193895e-14,0
1300.0,0.05,-0.045,8.81015699915e-14,0
1300.0,0.055,-0.045,7.21299609616e-14,0
1300.0,0.05,-0.04,1.04734630399e-13,0
1300.0,0.055,-0.04,1.01196449807e-13,0
1300.0,0.05,-0.035,1.2091477215e-13,0
1300.0,0.055,-0.035,1.33095943525e-13,0
1300.0,0.05,-0.03,1.08965041968e-13,0
1300.0,0.055,-0.03,1.46485885773e-13,0
1300.0,0.05,-0.025,5.59847820505e-14,0
1300.0,0.055,-0.025,1.19079574353e-13,0
1300.0,0.05,-0.02,-3.70010359798e-14,0
1300.0,0.055,-0.02,3.87532975626e-14,0
1300.0,0.05,-0.015,-1.09318806268e-13,0
1300.0,0.055,-0.015,-4.60487390493e-14,0
1300.0,0.05,-0.01,-1.27533004188e-13,0
1300.0,0.055,-0.01,-7.44853959269e-14,0
1300.0,0.05,-0.005,-1.26593856906e-13,0
1300.0,0.055,-0.005,-7.52786657434e-14,0
1300.0,0.05,0,-6.28474765204e-14,0
1300.0,0.055,4.16333634234e-19,-2.56914495711e-14,0
1300.0,0.05,0.005,4.40468053276e-14,0
1300.0,0.055,0.005,6.35573225257e-14,0
1300.0,0.05,0.01,1.13927541669e-13,0
1300.0,0.055,0.01,1.41999126071e-13,0
1300.0,0.05,0.015,9.87052689754e-14,0
1300.0,0.055,0.015,1.50695984726e-13,0
1300.0,0.05,0.02,3.24364539687e-14,0
1300.0,0.055,0.02,9.74158825539e-14,0
1300.0,0.05,0.025,-3.92629528014e-14,0
1300.0,0.055,0.025,3.7632088949e-14,0
1300.0,0.05,0.03,-9.90026888894e-14,0
1300.0,0.055,0.03,3.02140580554e-16,0
1300.0,0.05,0.035,-1.00279488857e-13,0
1300.0,0.055,0.035,4.99921380604e-15,0
1300.0,0.05,0.04,-5.8695418423e-14,0
1300.0,0.055,0.04,5.41789853051e-14,0
1300.0,0.05,0.045,-1.05291378955e-14,0
1300.0,0.055,0.045,1.19802378914e-13,0
1300.0,0.05,0.05,4.75212736768e-14,0
1300.0,0.05,0.055,8.36796347946e-14,0
1300.0,0.055,0.05,2.06021430744e-13,0
1300.0,0.055,0.055,2.54669327301e-13,0
1300.0,0.05,0.06,7.8767962726e-14,0
1300.0,0.05,0.065,4.73488191891e-14,0
1300.0,0.055,0.06,2.57839218196e-13,0
1300.0,0.055,0.065,2.44226283123e-13,0
1300.0,0.05,0.07,-2.37167561136e-14,0
1300.0,0.05,0.075,-1.11922719518e-13,0
1300.0,0.055,0.07,2.2985834239e-13,0
1300.0,0.055,0.075,2.15994512427e-13,0
1300.0,0.06,-0.075,4.43602870403e-13,0
1300.0,0.06,-0.07,2.59651187529e-13,0
1300.0,0.065,-0.075,3.3085609435e-13,0
1300.0,0.065,-0.07,1.4567360023e-13,0
1300.0,0.06,-0.065,1.18977465512e-13,0
1300.0,0.065,-0.065,4.28427739748e-15,0
1300.0,0.06,-0.06,3.77980364785e-14,0
1300.0,0.065,-0.06,-8.13006172132e-14,0
1300.0,0.06,-0.055,-7.97859150435e-15,0
1300.0,0.065,-0.055,-1.32758903711e-13,0
1300.0,0.06,-0.05,-1.33098024702e-14,0
1300.0,0.065,-0.05,-1.29939245989e-13,0
1300.0,0.06,-0.045,1.59768610441e-14,0
1300.0,0.065,-0.045,-8.07324192403e-14,0
1300.0,0.06,-0.04,6.537892223e-14,0
1300.0,0.065,-0.04,-2.34430198922e-15,0
1300.0,0.06,-0.035,1.18893379046e-13,0
1300.0,0.065,-0.035,7.31593474161e-14,0
1300.0,0.06,-0.03,1.56694288886e-13,0
1300.0,0.065,-0.03,1.27869119698e-13,0
1300.0,0.06,-0.025,1.58055335373e-13,0
1300.0,0.065,-0.025,1.56491841767e-13,0
1300.0,0.06,-0.02,9.86660258367e-14,0
1300.0,0.065,-0.02,1.11922465156e-13,0
1300.0,0.06,-0.015,1.71114637982e-14,0
1300.0,0.065,-0.015,2.75869249701e-14,0
1300.0,0.06,-0.01,-2.76211377375e-14,0
1300.0,0.065,-0.01,-1.85144222216e-14,0
1300.0,0.06,-0.005,-3.65994887516e-14,0
1300.0,0.065,-0.005,-3.64608884391e-14,0
1300.0,0.06,0,-5.99373600267e-15,0
1300.0,0.065,4.16333634234e-19,-2.34354815626e-14,0
1300.0,0.06,0.005,5.80325529482e-14,0
1300.0,0.065,0.005,1.58267057976e-14,0
1300.0,0.06,0.01,1.33347029045e-13,0
1300.0,0.065,0.01,8.39640899847e-14,0
1300.0,0.06,0.015,1.70772072473e-13,0
1300.0,0.065,0.015,1.29791867504e-13,0
1300.0,0.06,0.02,1.53060603951e-13,0
1300.0,0.065,0.02,1.31068451025e-13,0
1300.0,0.06,0.025,1.15223911292e-13,0
1300.0,0.065,0.025,1.10314126241e-13,0
1300.0,0.06,0.03,8.81017743813e-14,0
1300.0,0.065,0.03,8.27759943225e-14,0
1300.0,0.06,0.035,8.82972782163e-14,0
1300.0,0.065,0.035,6.36151457581e-14,0
1300.0,0.06,0.04,1.3678193884e-13,0
1300.0,0.065,0.04,8.72976547602e-14,0
1300.0,0.06,0.045,2.21079262408e-13,0
1300.0,0.065,0.045,1.46655966628e-13,0
1300.0,0.06,0.05,3.05720486188e-13,0
1300.0,0.065,0.05,2.03447665738e-13,0
1300.0,0.06,0.055,3.64149444574e-13,0
1300.0,0.065,0.055,2.58157298308e-13,0
1300.0,0.06,0.06,3.81609626103e-13,0
1300.0,0.06,0.065,3.70314576922e-13,0
1300.0,0.065,0.06,2.8832990303e-13,0
1300.0,0.065,0.065,2.59687564903e-13,0
1300.0,0.06,0.07,3.54289827697e-13,0
1300.0,0.06,0.075,3.70640879127e-13,0
1300.0,0.065,0.07,2.09820930998e-13,0
1300.0,0.065,0.075,1.9483033002e-13,0
1300.0,0.07,-0.075,1.48963624299e-13,0
1300.0,0.07,-0.07,-2.64477185601e-14,0
1300.0,0.075,-0.075,-6.46576863994e-14,0
1300.0,0.075,-0.07,-2.31844320647e-13,0
1300.0,0.07,-0.065,-1.60725765576e-13,0
1300.0,0.075,-0.065,-3.56702663757e-13,0
1300.0,0.07,-0.06,-2.48767805822e-13,0
1300.0,0.075,-0.06,-4.44820333067e-13,0
1300.0,0.07,-0.055,-3.13435005218e-13,0
1300.0,0.075,-0.055,-5.21161375867e-13,0
1300.0,0.07,-0.05,-3.22445787448e-13,0
1300.0,0.075,-0.05,-5.55056279679e-13,0
1300.0,0.07,-0.045,-2.45320282546e-13,0
1300.0,0.075,-0.045,-4.53035124143e-13,0
1300.0,0.07,-0.04,-1.06810204565e-13,0
1300.0,0.075,-0.04,-2.31967715756e-13,0
1300.0,0.07,-0.035,1.57010568263e-14,0
1300.0,0.075,-0.035,-4.10853519861e-14,0
1300.0,0.07,-0.03,8.02590492323e-14,0
1300.0,0.075,-0.03,3.45149064919e-14,0
1300.0,0.07,-0.025,1.22378241379e-13,0
1300.0,0.075,-0.025,8.4455391071e-14,0
1300.0,0.07,-0.02,8.32815875243e-14,0
1300.0,0.075,-0.02,4.63543375803e-14,0
1300.0,0.07,-0.015,-4.79317006463e-15,0
1300.0,0.075,-0.015,-4.78820011051e-14,0
1300.0,0.07,-0.01,-5.16459499852e-14,0
1300.0,0.075,-0.01,-9.69203386521e-14,0
1300.0,0.07,-0.005,-7.39920505431e-14,0
1300.0,0.075,-0.005,-1.23725443392e-13,0
1300.0,0.07,0,-6.82242370937e-14,0
1300.0,0.075,0,-1.22809607391e-13,0
1300.0,0.07,0.005,-4.00921564393e-14,0
1300.0,0.075,0.005,-1.00354056178e-13,0
1300.0,0.07,0.01,1.57900943688e-14,0
1300.0,0.075,0.01,-5.26208406136e-14,0
1300.0,0.07,0.015,5.65692379532e-14,0
1300.0,0.075,0.015,-1.56282331041e-14,0
1300.0,0.07,0.02,5.64836758058e-14,0
1300.0,0.075,0.02,-1.82144233681e-14,0
1300.0,0.07,0.025,3.51762407725e-14,0
1300.0,0.075,0.025,-4.55971962265e-14,0
1300.0,0.07,0.03,-1.26737923881e-15,0
1300.0,0.075,0.03,-9.54083759866e-14,0
1300.0,0.07,0.035,-4.23021412623e-14,0
1300.0,0.075,0.035,-1.6144187688e-13,0
1300.0,0.07,0.04,-7.49972496308e-14,0
1300.0,0.075,0.04,-2.61503496495e-13,0
1300.0,0.07,0.045,-6.88516725615e-14,0
1300.0,0.075,0.045,-3.00451478176e-13,0
1300.0,0.07,0.05,-2.53846174992e-14,0
1300.0,0.075,0.05,-2.63336217906e-13,0
1300.0,0.07,0.055,2.10989445183e-14,0
1300.0,0.075,0.055,-2.25733834138e-13,0
1300.0,0.07,0.06,2.2040583725e-14,0
1300.0,0.075,0.06,-2.86393490621e-13,0
1300.0,0.07,0.065,-5.95189819214e-14,0
1300.0,0.075,0.065,-4.54114199027e-13,0
1300.0,0.07,0.07,-1.69785078447e-13,0
1300.0,0.07,0.075,-2.50443845887e-13,0
1300.0,0.075,0.07,-6.37079964335e-13,0
1300.0,0.075,0.075,-7.7681097697e-13,0
