frequency_hz,x,y,real_uz,imag_uz
200.0,-0.00382671281566,-0.00202612167119,0,0
200.0,-0.005,-0.005,2.6788518951e-14,0
200.0,-0.00197892066871,-0.00385133392306,0,0
200.0,-0.005,-0.00190753787223,1.57289408773e-14,0
200.0,-0.00433,0,0,0
200.0,-0.00190753787223,-0.005,1.55598363593e-14,0
200.0,0,-0.00433,0,0
200.0,-0.005,0.00190775150599,1.57544238484e-14,0
200.0,-0.00385133392306,0.00197892066871,0,0
200.0,0.00190775150599,-0.005,1.54331426976e-14,0
200.0,0.00202612167119,-0.00382671281566,0,0
200.0,-0.00202612167119,0.00382671281566,0,0
200.0,-0.005,0.005,2.68326250876e-14,0
200.0,-0.0019094272225,0.005,1.55600926509e-14,0
200.0,0,0.00433,0,0
200.0,0.00147766755988,0.00407006125046,0,0
200.0,8.32667268469e-19,0.005,1.16475652288e-14,0
200.0,0.00433,0,0,0
200.0,0.005,1.38777878078e-18,1.13828888487e-14,0
200.0,0.00407006125046,0.00147766755988,0,0
200.0,0.005,-0.005,2.65601228189e-14,0
200.0,0.00385133392306,-0.00197892066871,0,0
200.0,0.005,-0.0019094272225,1.56010044926e-14,0
200.0,0.00306177236254,0.00306177236254,0,0
200.0,0.0019094272225,0.005,1.56762831328e-14,0
200.0,0.005,0.0019094272225,1.57376364667e-14,0
200.0,-0.000885,-0.0015328649647,1.27150640264e-12,0
200.0,-0.0015328649647,-0.000885,1.27162878162e-12,0
200.0,-0.00186450691264,-0.00187567167242,8.43016383623e-13,0
200.0,-0.00177,0,1.27132052327e-12,0
200.0,-0.00268433516245,-0.000738983120158,7.59098821836e-13,0
200.0,0,-0.00177,1.27146804844e-12,0
200.0,-0.000718432264205,-0.00269192408424,7.57392675135e-13,0
200.0,-0.0015328649647,0.000885,1.26981607096e-12,0
200.0,-0.00265321485144,0.000647311733689,7.89881460831e-13,0
200.0,-0.000885,0.0015328649647,1.26818859341e-12,0
200.0,-0.00194719253591,0.00178443766524,8.43942693757e-13,0
200.0,0,0.00177,1.26408248761e-12,0
200.0,-0.000802720381054,0.00273415977115,7.17492804567e-13,0
200.0,0.000885,-0.0015328649647,1.27015690771e-12,0
200.0,0.00075154031863,-0.00270385456952,7.45282821114e-13,0
200.0,0.00177,0,1.26242226494e-12,0
200.0,0.0015328649647,-0.000885,1.268004523e-12,0
200.0,0.00271471102228,-0.000564731152102,7.60906457519e-13,0
200.0,0.00192394637685,-0.00189207206672,8.10087594103e-13,0
200.0,0.00231817117671,0.00040530921667,9.87900400771e-13,0
200.0,0.0015328649647,0.000885,1.2606886599e-12,0
200.0,0.000885,0.0015328649647,1.26139371268e-12,0
200.0,0.000427053001345,0.00287092483521,6.82182665293e-13,0
200.0,0.00187618296239,0.00184774001435,8.33331799256e-13,0
200.0,0.00312733402203,0.000607809752493,5.19193914326e-13,0
200.0,0.00276214303706,0.00136595635004,5.76853644927e-13,0
200.0,0.0014100336009,0.00268674970267,6.04765659459e-13,0
200.0,-0.075,-0.075,1.89253452349e-13,0
200.0,-0.07,-0.075,1.78743221672e-13,0
200.0,-0.075,-0.07,1.59847938174e-13,0
200.0,-0.07,-0.07,1.50526163585e-13,0
200.0,-0.075,-0.065,1.30204876855e-13,0
200.0,-0.07,-0.065,1.22488137129e-13,0
200.0,-0.065,-0.075,1.66645073636e-13,0
200.0,-0.065,-0.07,1.40251721217e-13,0
200.0,-0.065,-0.065,1.14089522285e-13,0
200.0,-0.075,-0.06,1.01445967238e-13,0
200.0,-0.07,-0.06,9.49398275213e-14,0
200.0,-0.065,-0.06,8.84048049238e-14,0
200.0,-0.075,-0.055,7.21859457134e-14,0
200.0,-0.07,-0.055,6.70714372853e-14,0
200.0,-0.065,-0.055,6.23854057317e-14,0
200.0,-0.075,-0.05,4.01974941718e-14,0
200.0,-0.07,-0.05,3.77742078894e-14,0
200.0,-0.065,-0.05,3.59289471439e-14,0
200.0,-0.075,-0.045,4.00773293659e-15,0
200.0,-0.07,-0.045,5.76180571754e-15,0
200.0,-0.065,-0.045,8.71309135773e-15,0
200.0,-0.075,-0.04,-4.39211553926e-14,0
200.0,-0.07,-0.04,-3.41670823165e-14,0
200.0,-0.075,-0.035,-1.02993018849e-13,0
200.0,-0.07,-0.035,-8.21907357958e-14,0
200.0,-0.065,-0.04,-2.3799010018e-14,0
200.0,-0.065,-0.035,-6.16048624177e-14,0
200.0,-0.075,-0.03,-1.66407915672e-13,0
200.0,-0.07,-0.03,-1.33359198139e-13,0
200.0,-0.075,-0.025,-2.29247540962e-13,0
200.0,-0.07,-0.025,-1.83807518606e-13,0
200.0,-0.065,-0.03,-1.01471704779e-13,0
200.0,-0.065,-0.025,-1.40369390622e-13,0
200.0,-0.075,-0.02,-2.87557877566e-13,0
200.0,-0.07,-0.02,-2.30493182743e-13,0
200.0,-0.075,-0.015,-3.38024292235e-13,0
200.0,-0.07,-0.015,-2.7093064022e-13,0
200.0,-0.065,-0.02,-1.758808947e-13,0
200.0,-0.065,-0.015,-2.06668216941e-13,0
200.0,-0.075,-0.01,-3.76726215219e-13,0
200.0,-0.07,-0.01,-3.02705059362e-13,0
200.0,-0.075,-0.005,-3.98956513431e-13,0
200.0,-0.07,-0.005,-3.224925503e-13,0
200.0,-0.065,-0.01,-2.31435585911e-13,0
200.0,-0.065,-0.005,-2.48369677058e-13,0
200.0,-0.075,0,-4.08183290751e-13,0
200.0,-0.07,0,-3.31860423811e-13,0
200.0,-0.075,0.005,-4.11375803888e-13,0
200.0,-0.07,0.005,-3.35186041011e-13,0
200.0,-0.065,4.16333634234e-19,-2.58220796648e-13,0
200.0,-0.065,0.005,-2.62412033931e-13,0
200.0,-0.075,0.01,-3.99064877772e-13,0
200.0,-0.07,0.01,-3.24255428655e-13,0
200.0,-0.075,0.015,-3.65065677009e-13,0
200.0,-0.07,0.015,-2.94346123567e-13,0
200.0,-0.065,0.01,-2.54869259997e-13,0
200.0,-0.065,0.015,-2.29413591144e-13,0
200.0,-0.075,0.02,-3.14977470347e-13,0
200.0,-0.07,0.02,-2.51955403169e-13,0
200.0,-0.075,0.025,-2.52285016918e-13,0
200.0,-0.07,0.025,-2.0008400582e-13,0
200.0,-0.065,0.02,-1.92721882577e-13,0
200.0,-0.065,0.025,-1.50468698397e-13,0
200.0,-0.075,0.03,-1.78148373335e-13,0
200.0,-0.07,0.03,-1.37526144329e-13,0
200.0,-0.075,0.035,-9.72517435659e-14,0
200.0,-0.07,0.035,-6.90385938691e-14,0
200.0,-0.065,0.03,-9.76747315213e-14,0
200.0,-0.065,0.035,-3.98300038443e-14,0
200.0,-0.075,0.04,-1.72733879861e-14,0
200.0,-0.07,0.04,-2.30369226761e-15,0
200.0,-0.075,0.045,5.45284377884e-14,0
200.0,-0.07,0.045,5.61683019386e-14,0
200.0,-0.065,0.04,1.46238254056e-14,0
200.0,-0.065,0.045,5.99521606054e-14,0
200.0,-0.075,0.05,1.13229239999e-13,0
200.0,-0.07,0.05,1.02760048646e-13,0
200.0,-0.075,0.055,1.56796484701e-13,0
200.0,-0.07,0.055,1.36313414252e-13,0
200.0,-0.065,0.05,9.3639356704e-14,0
200.0,-0.065,0.055,1.16295467436e-13,0
200.0,-0.075,0.06,1.87366074265e-13,0
200.0,-0.07,0.06,1.58685597631e-13,0
200.0,-0.075,0.065,2.10475903532e-13,0
200.0,-0.07,0.065,1.76598130642e-13,0
200.0,-0.065,0.06,1.30439241942e-13,0
200.0,-0.065,0.065,1.43437230009e-13,0
200.0,-0.075,0.07,2.30452126807e-13,0
200.0,-0.07,0.07,1.94112198233e-13,0
200.0,-0.075,0.075,2.48872633243e-13,0
200.0,-0.07,0.075,2.11007109353e-13,0
200.0,-0.065,0.07,1.57998682724e-13,0
200.0,-0.065,0.075,1.72319184786e-13,0
200.0,-0.06,-0.075,1.52190927133e-13,0
200.0,-0.06,-0.07,1.28787954032e-13,0
200.0,-0.06,-0.065,1.0525868294e-13,0
200.0,-0.055,-0.075,1.36667646981e-13,0
200.0,-0.055,-0.07,1.16335456692e-13,0
200.0,-0.055,-0.065,9.55576224508e-14,0
200.0,-0.06,-0.06,8.18094737743e-14,0
200.0,-0.06,-0.055,5.81761338327e-14,0
200.0,-0.055,-0.06,7.4743082584e-14,0
200.0,-0.055,-0.055,5.38392227446e-14,0
200.0,-0.06,-0.05,3.4187112028e-14,0
200.0,-0.055,-0.05,3.25832259257e-14,0
200.0,-0.06,-0.045,9.94897731366e-15,0
200.0,-0.055,-0.045,1.14205582532e-14,0
200.0,-0.06,-0.04,-1.53975315316e-14,0
200.0,-0.055,-0.04,-8.53856512791e-15,0
200.0,-0.06,-0.035,-4.30301495043e-14,0
200.0,-0.055,-0.035,-2.81346895606e-14,0
200.0,-0.06,-0.03,-7.27885984169e-14,0
200.0,-0.06,-0.025,-1.01425701453e-13,0
200.0,-0.055,-0.03,-4.98899143208e-14,0
200.0,-0.055,-0.025,-7.05995752078e-14,0
200.0,-0.06,-0.02,-1.2646240956e-13,0
200.0,-0.06,-0.015,-1.482432956e-13,0
200.0,-0.055,-0.02,-8.78312069636e-14,0
200.0,-0.055,-0.015,-1.03256373156e-13,0
200.0,-0.06,-0.01,-1.66410165699e-13,0
200.0,-0.06,-0.005,-1.80000998408e-13,0
200.0,-0.055,-0.01,-1.16371545993e-13,0
200.0,-0.055,-0.005,-1.26798879091e-13,0
200.0,-0.06,0,-1.89690798445e-13,0
200.0,-0.06,0.005,-1.95311027113e-13,0
200.0,-0.055,4.16333634234e-19,-1.34491760971e-13,0
200.0,-0.055,0.005,-1.39403366193e-13,0
200.0,-0.06,0.01,-1.92160749204e-13,0
200.0,-0.06,0.015,-1.72097080594e-13,0
200.0,-0.055,0.01,-1.36929711375e-13,0
200.0,-0.055,0.015,-1.18735944132e-13,0
200.0,-0.06,0.02,-1.38814741322e-13,0
200.0,-0.06,0.025,-1.0099208396e-13,0
200.0,-0.055,0.02,-8.83489292072e-14,0
200.0,-0.055,0.025,-5.40931495782e-14,0
200.0,-0.06,0.03,-5.69228919892e-14,0
200.0,-0.06,0.035,-1.05992825976e-14,0
200.0,-0.055,0.03,-1.90229218541e-14,0
200.0,-0.055,0.035,1.46982747106e-14,0
200.0,-0.06,0.04,3.12829279437e-14,0
200.0,-0.06,0.045,6.29535985702e-14,0
200.0,-0.055,0.04,4.2840700395e-14,0
200.0,-0.055,0.045,6.04081265196e-14,0
200.0,-0.06,0.05,8.11292867224e-14,0
200.0,-0.06,0.055,9.27819229142e-14,0
200.0,-0.055,0.05,6.55007340593e-14,0
200.0,-0.055,0.055,6.99157427171e-14,0
200.0,-0.06,0.06,1.03132353258e-13,0
200.0,-0.06,0.065,1.13124467774e-13,0
200.0,-0.055,0.06,7.63293894058e-14,0
200.0,-0.055,0.065,8.28541500367e-14,0
200.0,-0.06,0.07,1.23185651156e-13,0
200.0,-0.06,0.075,1.33103185906e-13,0
200.0,-0.055,0.07,8.80276932849e-14,0
200.0,-0.055,0.075,9.27568182221e-14,0
200.0,-0.05,-0.075,1.224691895e-13,0
200.0,-0.05,-0.07,1.036036154e-13,0
200.0,-0.045,-0.075,1.07600863163e-13,0
200.0,-0.045,-0.07,9.0061469947e-14,0
200.0,-0.05,-0.065,8.51068572048e-14,0
200.0,-0.045,-0.065,7.36082004117e-14,0
200.0,-0.05,-0.06,6.69946938925e-14,0
200.0,-0.05,-0.055,4.90526778936e-14,0
200.0,-0.045,-0.06,5.83740116006e-14,0
200.0,-0.045,-0.055,4.37575523428e-14,0
200.0,-0.05,-0.05,3.11767620873e-14,0
200.0,-0.05,-0.045,1.40280044164e-14,0
200.0,-0.045,-0.05,2.95130000246e-14,0
200.0,-0.045,-0.045,1.63531176762e-14,0
200.0,-0.05,-0.04,-1.82273797535e-15,0
200.0,-0.045,-0.04,4.71115777495e-15,0
200.0,-0.05,-0.035,-1.69811157592e-14,0
200.0,-0.045,-0.035,-6.09661246678e-15,0
200.0,-0.05,-0.03,-3.16017122581e-14,0
200.0,-0.045,-0.03,-1.52620603226e-14,0
200.0,-0.05,-0.025,-4.55874443288e-14,0
200.0,-0.045,-0.025,-2.38048161794e-14,0
200.0,-0.05,-0.02,-5.84704542256e-14,0
200.0,-0.05,-0.015,-6.98983129009e-14,0
200.0,-0.045,-0.02,-3.22811340563e-14,0
200.0,-0.045,-0.015,-3.95041777584e-14,0
200.0,-0.05,-0.01,-7.95301970619e-14,0
200.0,-0.05,-0.005,-8.68733124342e-14,0
200.0,-0.045,-0.01,-4.55096759968e-14,0
200.0,-0.045,-0.005,-4.94428239479e-14,0
200.0,-0.05,0,-9.18041440174e-14,0
200.0,-0.05,0.005,-9.44625829208e-14,0
200.0,-0.045,4.16333634234e-19,-5.12653261715e-14,0
200.0,-0.045,0.005,-5.13207368399e-14,0
200.0,-0.05,0.01,-8.81792185338e-14,0
200.0,-0.05,0.015,-7.00700028165e-14,0
200.0,-0.045,0.01,-4.32926634869e-14,0
200.0,-0.045,0.015,-2.78020491354e-14,0
200.0,-0.05,0.02,-4.4268398083e-14,0
200.0,-0.05,0.025,-1.62853259078e-14,0
200.0,-0.045,0.02,-9.00247680299e-15,0
200.0,-0.045,0.025,1.00644430964e-14,0
200.0,-0.05,0.03,1.00261557989e-14,0
200.0,-0.05,0.035,3.17165479961e-14,0
200.0,-0.045,0.03,2.69689973114e-14,0
200.0,-0.045,0.035,3.71612221878e-14,0
200.0,-0.05,0.04,4.387877128e-14,0
200.0,-0.05,0.045,4.84804695121e-14,0
200.0,-0.045,0.04,3.73349574836e-14,0
200.0,-0.045,0.045,3.58982082149e-14,0
200.0,-0.05,0.05,4.95470880837e-14,0
200.0,-0.05,0.055,5.01623352923e-14,0
200.0,-0.045,0.05,3.3846908954e-14,0
200.0,-0.045,0.055,3.10525360146e-14,0
200.0,-0.05,0.06,5.09131500257e-14,0
200.0,-0.05,0.065,5.15635772524e-14,0
200.0,-0.045,0.06,2.70753060542e-14,0
200.0,-0.045,0.065,2.1852082169e-14,0
200.0,-0.05,0.07,5.16614200968e-14,0
200.0,-0.05,0.075,5.10632705303e-14,0
200.0,-0.045,0.07,1.63948178107e-14,0
200.0,-0.045,0.075,9.95213328006e-15,0
200.0,-0.04,-0.075,8.27564836693e-14,0
200.0,-0.04,-0.07,7.12929880035e-14,0
200.0,-0.035,-0.075,4.10906386931e-14,0
200.0,-0.035,-0.07,4.22267847751e-14,0
200.0,-0.04,-0.065,5.96340909175e-14,0
200.0,-0.035,-0.065,4.25833996657e-14,0
200.0,-0.04,-0.06,4.80746745211e-14,0
200.0,-0.035,-0.06,3.57929005688e-14,0
200.0,-0.04,-0.055,3.72088604362e-14,0
200.0,-0.035,-0.055,2.88591087957e-14,0
200.0,-0.04,-0.05,2.74216650211e-14,0
200.0,-0.04,-0.045,1.88497434746e-14,0
200.0,-0.035,-0.05,2.42047957807e-14,0
200.0,-0.035,-0.045,2.08386996938e-14,0
200.0,-0.04,-0.04,1.11793457798e-14,0
200.0,-0.04,-0.035,4.44113252437e-15,0
200.0,-0.035,-0.04,1.6885849032e-14,0
200.0,-0.035,-0.035,1.37186560935e-14,0
200.0,-0.04,-0.03,-9.80365730979e-16,0
200.0,-0.035,-0.03,1.17307391507e-14,0
200.0,-0.04,-0.025,-5.5680026178e-15,0
200.0,-0.035,-0.025,1.08574427137e-14,0
200.0,-0.04,-0.02,-9.73588028884e-15,0
200.0,-0.035,-0.02,1.0606753691e-14,0
200.0,-0.04,-0.015,-1.31003996e-14,0
200.0,-0.035,-0.015,1.06448585164e-14,0
200.0,-0.04,-0.01,-1.52304766762e-14,0
200.0,-0.04,-0.005,-1.59229650243e-14,0
200.0,-0.035,-0.01,1.18291257652e-14,0
200.0,-0.035,-0.005,1.35780382565e-14,0
200.0,-0.04,0,-1.36887723468e-14,0
200.0,-0.04,0.005,-9.43588883194e-15,0
200.0,-0.035,4.16333634234e-19,1.77455798435e-14,0
200.0,-0.035,0.005,2.25322559699e-14,0
200.0,-0.04,0.01,-2.52099767317e-15,0
200.0,-0.04,0.015,6.98993833594e-15,0
200.0,-0.035,0.01,2.60087883511e-14,0
200.0,-0.035,0.015,2.94155993078e-14,0
200.0,-0.04,0.02,1.71429688138e-14,0
200.0,-0.04,0.025,2.59983477344e-14,0
200.0,-0.035,0.02,3.23568919786e-14,0
200.0,-0.035,0.025,3.29795730473e-14,0
200.0,-0.04,0.03,3.13206190695e-14,0
200.0,-0.04,0.035,3.13144890529e-14,0
200.0,-0.035,0.03,3.01639756555e-14,0
200.0,-0.035,0.035,2.4776747732e-14,0
200.0,-0.04,0.04,2.79520941928e-14,0
200.0,-0.04,0.045,2.36305084789e-14,0
200.0,-0.035,0.04,1.87696200127e-14,0
200.0,-0.035,0.045,1.15937000239e-14,0
200.0,-0.04,0.05,1.85428020413e-14,0
200.0,-0.04,0.055,1.25153370548e-14,0
200.0,-0.035,0.05,3.59624843039e-15,0
200.0,-0.035,0.055,-5.55559536156e-15,0
200.0,-0.04,0.06,4.68584830895e-15,0
200.0,-0.04,0.065,-4.61407044641e-15,0
200.0,-0.035,0.06,-1.68767655476e-14,0
200.0,-0.035,0.065,-2.94461712323e-14,0
200.0,-0.04,0.07,-1.5666543406e-14,0
200.0,-0.04,0.075,-2.78548346696e-14,0
200.0,-0.035,0.07,-4.36902398779e-14,0
200.0,-0.035,0.075,-5.90845047381e-14,0
200.0,-0.03,-0.075,-1.70821907087e-14,0
200.0,-0.03,-0.07,-2.53741463056e-15,0
200.0,-0.025,-0.075,-8.13636195433e-14,0
200.0,-0.025,-0.07,-5.71278803416e-14,0
200.0,-0.03,-0.065,1.06161441464e-14,0
200.0,-0.025,-0.065,-3.44200258046e-14,0
200.0,-0.03,-0.06,1.4514393784e-14,0
200.0,-0.025,-0.06,-1.92632698855e-14,0
200.0,-0.03,-0.055,1.50515181557e-14,0
200.0,-0.025,-0.055,-8.34853622603e-15,0
200.0,-0.03,-0.05,1.68267871959e-14,0
200.0,-0.025,-0.05,2.85621903497e-15,0
200.0,-0.03,-0.045,1.88293857663e-14,0
200.0,-0.025,-0.045,1.20120075568e-14,0
200.0,-0.03,-0.04,2.03919890357e-14,0
200.0,-0.03,-0.035,2.12403831862e-14,0
200.0,-0.025,-0.04,1.98952264887e-14,0
200.0,-0.025,-0.035,2.59006588778e-14,0
200.0,-0.03,-0.03,2.1959513155e-14,0
200.0,-0.03,-0.025,2.37856303475e-14,0
200.0,-0.025,-0.03,2.93813687278e-14,0
200.0,-0.025,-0.025,3.28499888962e-14,0
200.0,-0.03,-0.02,2.7044023254e-14,0
200.0,-0.025,-0.02,3.69116639973e-14,0
200.0,-0.03,-0.015,3.03487632064e-14,0
200.0,-0.025,-0.015,4.09217846967e-14,0
200.0,-0.03,-0.01,3.41085388312e-14,0
200.0,-0.025,-0.01,4.49286965613e-14,0
200.0,-0.03,-0.005,3.72171240636e-14,0
200.0,-0.025,-0.005,4.75575832027e-14,0
200.0,-0.03,0,3.98073363811e-14,0
200.0,-0.03,0.005,4.09535640944e-14,0
200.0,-0.025,4.16333634234e-19,4.87973435604e-14,0
200.0,-0.025,0.005,4.83486220493e-14,0
200.0,-0.03,0.01,4.07928537484e-14,0
200.0,-0.03,0.015,4.05246515723e-14,0
200.0,-0.025,0.01,4.68107930496e-14,0
200.0,-0.025,0.015,4.44905291387e-14,0
200.0,-0.03,0.02,3.89104036934e-14,0
200.0,-0.03,0.025,3.48511626059e-14,0
200.0,-0.025,0.02,4.05750375085e-14,0
200.0,-0.025,0.025,3.4331665876e-14,0
200.0,-0.03,0.03,2.8438079902e-14,0
200.0,-0.03,0.035,2.01928613847e-14,0
200.0,-0.025,0.03,2.59364719322e-14,0
200.0,-0.025,0.035,1.56927866951e-14,0
200.0,-0.03,0.04,1.10730865186e-14,0
200.0,-0.03,0.045,5.63034596023e-16,0
200.0,-0.025,0.04,3.92842155005e-15,0
200.0,-0.025,0.045,-9.91396728146e-15,0
200.0,-0.03,0.05,-1.12651628983e-14,0
200.0,-0.03,0.055,-2.40252406672e-14,0
200.0,-0.025,0.05,-2.5519023861e-14,0
200.0,-0.025,0.055,-4.15821739126e-14,0
200.0,-0.03,0.06,-3.77975785648e-14,0
200.0,-0.03,0.065,-5.24677784718e-14,0
200.0,-0.025,0.06,-5.76208723957e-14,0
200.0,-0.025,0.065,-7.43066596403e-14,0
200.0,-0.03,0.07,-6.79757067083e-14,0
200.0,-0.03,0.075,-8.40849250429e-14,0
200.0,-0.025,0.07,-9.13153746735e-14,0
200.0,-0.025,0.075,-1.08376232289e-13,0
200.0,-0.02,-0.075,-1.38334235298e-13,0
200.0,-0.02,-0.07,-1.11803362832e-13,0
200.0,-0.015,-0.075,-1.95108561563e-13,0
200.0,-0.015,-0.07,-1.6615292606e-13,0
200.0,-0.02,-0.065,-8.55256483615e-14,0
200.0,-0.015,-0.065,-1.36213678579e-13,0
200.0,-0.02,-0.06,-6.0739755848e-14,0
200.0,-0.015,-0.06,-1.02118844581e-13,0
200.0,-0.02,-0.055,-3.78044406551e-14,0
200.0,-0.015,-0.055,-6.85437792283e-14,0
200.0,-0.02,-0.05,-1.49029747282e-14,0
200.0,-0.015,-0.05,-3.60870919675e-14,0
200.0,-0.02,-0.045,3.60031150947e-15,0
200.0,-0.015,-0.045,-7.55777208858e-15,0
200.0,-0.02,-0.04,1.61983252232e-14,0
200.0,-0.015,-0.04,1.16008309357e-14,0
200.0,-0.02,-0.035,2.65486983174e-14,0
200.0,-0.015,-0.035,2.60093378176e-14,0
200.0,-0.02,-0.03,3.37951216495e-14,0
200.0,-0.02,-0.025,3.83579088243e-14,0
200.0,-0.015,-0.03,3.64684868103e-14,0
200.0,-0.015,-0.025,4.22568698481e-14,0
200.0,-0.02,-0.02,4.16729131232e-14,0
200.0,-0.02,-0.015,4.46317262691e-14,0
200.0,-0.015,-0.02,4.49818617474e-14,0
200.0,-0.015,-0.015,4.63469095103e-14,0
200.0,-0.02,-0.01,4.67810732956e-14,0
200.0,-0.015,-0.01,4.59750416398e-14,0
200.0,-0.02,-0.005,4.78929911978e-14,0
200.0,-0.015,-0.005,4.50514256461e-14,0
200.0,-0.02,0,4.83243253329e-14,0
200.0,-0.015,4.16333634234e-19,4.47280016823e-14,0
200.0,-0.02,0.005,4.79146500716e-14,0
200.0,-0.015,0.005,4.52852789805e-14,0
200.0,-0.02,0.01,4.65079667031e-14,0
200.0,-0.02,0.015,4.39659708572e-14,0
200.0,-0.015,0.01,4.50937049419e-14,0
200.0,-0.015,0.015,4.3112459417e-14,0
200.0,-0.02,0.02,3.94589861112e-14,0
200.0,-0.02,0.025,3.24314496791e-14,0
200.0,-0.015,0.02,3.85421032012e-14,0
200.0,-0.015,0.025,3.10538401221e-14,0
200.0,-0.02,0.03,2.2804544229e-14,0
200.0,-0.02,0.035,1.07863627137e-14,0
200.0,-0.015,0.03,2.02621874997e-14,0
200.0,-0.015,0.035,6.33163878444e-15,0
200.0,-0.02,0.04,-3.79777729218e-15,0
200.0,-0.02,0.045,-2.07600916049e-14,0
200.0,-0.015,0.04,-1.11861669357e-14,0
200.0,-0.015,0.045,-3.13424689344e-14,0
200.0,-0.02,0.05,-3.88364294101e-14,0
200.0,-0.02,0.055,-5.73121508304e-14,0
200.0,-0.015,0.05,-5.1776200119e-14,0
200.0,-0.015,0.055,-7.24689784965e-14,0
200.0,-0.02,0.06,-7.60219100301e-14,0
200.0,-0.02,0.065,-9.50010568895e-14,0
200.0,-0.015,0.06,-9.36480782147e-14,0
200.0,-0.015,0.065,-1.14929522953e-13,0
200.0,-0.02,0.07,-1.1436687334e-13,0
200.0,-0.02,0.075,-1.33741681883e-13,0
200.0,-0.015,0.07,-1.37434176629e-13,0
200.0,-0.015,0.075,-1.59746906437e-13,0
200.0,-0.01,-0.075,-2.57630214605e-13,0
200.0,-0.01,-0.07,-2.1953679809e-13,0
200.0,-0.005,-0.075,-3.14295112558e-13,0
200.0,-0.005,-0.07,-2.66192447178e-13,0
200.0,-0.01,-0.065,-1.80447167684e-13,0
200.0,-0.005,-0.065,-2.18503029863e-13,0
200.0,-0.01,-0.06,-1.37005786104e-13,0
200.0,-0.005,-0.06,-1.68609752788e-13,0
200.0,-0.01,-0.055,-9.53373394443e-14,0
200.0,-0.005,-0.055,-1.21417472803e-13,0
200.0,-0.01,-0.05,-5.96653338002e-14,0
200.0,-0.005,-0.05,-8.28318262716e-14,0
200.0,-0.01,-0.045,-2.60258281282e-14,0
200.0,-0.005,-0.045,-4.67172571985e-14,0
200.0,-0.01,-0.04,1.85428328549e-15,0
200.0,-0.005,-0.04,-1.27128726448e-14,0
200.0,-0.01,-0.035,2.27392298885e-14,0
200.0,-0.005,-0.035,1.48069837189e-14,0
200.0,-0.01,-0.03,3.73919660353e-14,0
200.0,-0.005,-0.03,3.40766961528e-14,0
200.0,-0.01,-0.025,4.43938432068e-14,0
200.0,-0.005,-0.025,4.27510907888e-14,0
200.0,-0.01,-0.02,4.60426630923e-14,0
200.0,-0.01,-0.015,4.53336633563e-14,0
200.0,-0.005,-0.02,4.42164998513e-14,0
200.0,-0.005,-0.015,4.25557297715e-14,0
200.0,-0.0117873230072,-0.0115873794689,4.45934675183e-14,0
200.0,-0.00939961996336,-0.005,3.70682598118e-14,0
200.0,-0.00792797428371,-0.00964253216809,3.96778128327e-14,0
200.0,-0.005,-0.00939961996336,3.59708929296e-14,0
200.0,-0.0108753492546,-0.00150606400588,3.80826514025e-14,0
200.0,-0.00818101620308,-0.00211452602544,3.14830562597e-14,0
200.0,-0.00651817360753,-0.000255934956239,2.36419586545e-14,0
200.0,-0.005,6.71033969428e-08,1.16487340656e-14,0
200.0,-0.0107292118043,0.00160660295843,3.79709647717e-14,0
200.0,-0.0080188992252,0.000768320427092,3.01374379403e-14,0
200.0,-0.00939946851065,0.005,3.75488792865e-14,0
200.0,-0.00802129342231,0.00264911934363,3.16937678967e-14,0
200.0,-0.00887989370213,0.00887989479405,4.0065599518e-14,0
200.0,-0.01,0.015,4.16806972997e-14,0
200.0,-0.005,0.00939947397025,3.59735062523e-14,0
200.0,-0.005,0.015,3.92763232258e-14,0
200.0,-0.01,0.02,3.7655276132e-14,0
200.0,-0.01,0.025,3.03107496253e-14,0
200.0,-0.005,0.02,3.61520882832e-14,0
200.0,-0.005,0.025,2.9251390345e-14,0
200.0,-0.01,0.03,1.85728376112e-14,0
200.0,-0.01,0.035,2.50966029232e-15,0
200.0,-0.005,0.03,1.6882941734e-14,0
200.0,-0.005,0.035,-1.12123123722e-15,0
200.0,-0.01,0.04,-1.76368661706e-14,0
200.0,-0.01,0.045,-4.02891199553e-14,0
200.0,-0.005,0.04,-2.32279693323e-14,0
200.0,-0.005,0.045,-4.73022222815e-14,0
200.0,-0.01,0.05,-6.32506849538e-14,0
200.0,-0.01,0.055,-8.68537466047e-14,0
200.0,-0.005,0.05,-7.19456257793e-14,0
200.0,-0.005,0.055,-9.76769528944e-14,0
200.0,-0.01,0.06,-1.11387106126e-13,0
200.0,-0.01,0.065,-1.36143808285e-13,0
200.0,-0.005,0.06,-1.24855787238e-13,0
200.0,-0.005,0.065,-1.5284336558e-13,0
200.0,-0.01,0.07,-1.61033372541e-13,0
200.0,-0.01,0.075,-1.86885161248e-13,0
200.0,-0.005,0.07,-1.80956864258e-13,0
200.0,-0.005,0.075,-2.10833668018e-13,0
200.0,0,-0.075,-3.53364071733e-13,0
200.0,0,-0.07,-2.99738406346e-13,0
200.0,0.005,-0.075,-3.68465210982e-13,0
200.0,0.005,-0.07,-3.14308786483e-13,0
200.0,0,-0.065,-2.48195417335e-13,0
200.0,0.005,-0.065,-2.62332442726e-13,0
200.0,0,-0.06,-1.96986732207e-13,0
200.0,0.005,-0.06,-2.12390809907e-13,0
200.0,0,-0.055,-1.47891125106e-13,0
200.0,0.005,-0.055,-1.6422786332e-13,0
200.0,0,-0.05,-1.03921036109e-13,0
200.0,0.005,-0.05,-1.18882368041e-13,0
200.0,0,-0.045,-6.37626263319e-14,0
200.0,0.005,-0.045,-7.74610722483e-14,0
200.0,0,-0.04,-2.64941437186e-14,0
200.0,0.005,-0.04,-3.92479882599e-14,0
200.0,0,-0.035,4.6440771421e-15,0
200.0,0.005,-0.035,-7.41574676673e-15,0
200.0,0,-0.03,2.69166746877e-14,0
200.0,0.005,-0.03,1.59775692167e-14,0
200.0,0,-0.025,3.79960901698e-14,0
200.0,0.005,-0.025,3.025139018e-14,0
200.0,0,-0.02,4.05523814034e-14,0
200.0,0.005,-0.02,3.58686837844e-14,0
200.0,0,-0.015,3.94652501831e-14,0
200.0,0.005,-0.015,3.6946122302e-14,0
200.0,-0.0021196717084,-0.00776771017156,2.89264790153e-14,0
200.0,-0.00084550708518,-0.00631514607954,2.19695418948e-14,0
200.0,6.71033969406e-08,-0.005,1.19037744155e-14,0
200.0,-0.00139054260708,-0.0110960807567,3.57109024102e-14,0
200.0,0.00132468676756,-0.00775008274642,2.77201125184e-14,0
200.0,0.00160394440688,-0.0116908851489,3.54945551173e-14,0
200.0,0.005,-0.00939946851065,3.31384309447e-14,0
200.0,0.005,0.005,2.64967186152e-14,0
200.0,-0.000107646311398,0.00617659695633,2.13184808318e-14,0
200.0,-0.00190846935279,0.0076427502668,2.8648466223e-14,0
200.0,0.00131146485568,0.00777290068297,2.79715104262e-14,0
200.0,0.00295884413402,0.00640276348073,2.55979699718e-14,0
200.0,-1.21517769428e-05,0.0108932602996,3.42932641828e-14,0
200.0,0,0.015,3.67350538787e-14,0
200.0,0.005,0.00939942566771,3.35988129604e-14,0
200.0,0.005,0.015,3.50658914387e-14,0
200.0,0,0.02,3.38032627217e-14,0
200.0,0,0.025,2.69873163248e-14,0
200.0,0.005,0.02,3.06684465636e-14,0
200.0,0.005,0.025,2.26554319961e-14,0
200.0,0,0.03,1.37600980607e-14,0
200.0,0,0.035,-6.01820415764e-15,0
200.0,0.005,0.03,8.81186870526e-15,0
200.0,0.005,0.035,-1.13221099972e-14,0
200.0,0,0.04,-2.89594560693e-14,0
200.0,0,0.045,-5.32105847317e-14,0
200.0,0.005,0.04,-3.3893469087e-14,0
200.0,0.005,0.045,-5.75863765911e-14,0
200.0,0,0.05,-7.83478750681e-14,0
200.0,0,0.055,-1.04887977344e-13,0
200.0,0.005,0.05,-8.28879055515e-14,0
200.0,0.005,0.055,-1.10030803298e-13,0
200.0,0,0.06,-1.32911043554e-13,0
200.0,0,0.065,-1.62193903391e-13,0
200.0,0.005,0.06,-1.39041734471e-13,0
200.0,0.005,0.065,-1.69429079321e-13,0
200.0,0,0.07,-1.9428502246e-13,0
200.0,0,0.075,-2.28261072803e-13,0
200.0,0.005,0.07,-2.03200693215e-13,0
200.0,0.005,0.075,-2.39397414335e-13,0
200.0,0.01,-0.075,-3.68507189706e-13,0
200.0,0.01,-0.07,-3.15457759102e-13,0
200.0,0.015,-0.075,-3.62514956608e-13,0
200.0,0.015,-0.07,-3.11167565416e-13,0
200.0,0.01,-0.065,-2.64518452074e-13,0
200.0,0.015,-0.065,-2.63019735639e-13,0
200.0,0.01,-0.06,-2.15674776872e-13,0
200.0,0.015,-0.06,-2.15736915557e-13,0
200.0,0.01,-0.055,-1.68950615326e-13,0
200.0,0.015,-0.055,-1.70386111274e-13,0
200.0,0.01,-0.05,-1.27061514778e-13,0
200.0,0.015,-0.05,-1.31787215961e-13,0
200.0,0.01,-0.045,-8.84599225093e-14,0
200.0,0.015,-0.045,-9.6406067346e-14,0
200.0,0.01,-0.04,-5.2036841496e-14,0
200.0,0.015,-0.04,-6.35317946083e-14,0
200.0,0.01,-0.035,-2.11338387215e-14,0
200.0,0.015,-0.035,-3.49441800631e-14,0
200.0,0.01,-0.03,2.60915286164e-15,0
200.0,0.015,-0.03,-1.12653777705e-14,0
200.0,0.01,-0.025,1.98749431333e-14,0
200.0,0.015,-0.025,8.15019843948e-15,0
200.0,0.01,-0.02,2.96016149622e-14,0
200.0,0.01,-0.015,3.36300581776e-14,0
200.0,0.015,-0.02,2.15860701576e-14,0
200.0,0.015,-0.015,2.79480861627e-14,0
200.0,0.00999280436795,-0.0116358337096,3.40402626606e-14,0
200.0,0.0105889214373,-0.00845762197625,3.42387075817e-14,0
200.0,0.015,-0.01,3.1113831719e-14,0
200.0,0.00939947397025,-0.005,3.41844289031e-14,0
200.0,0.015,-0.005,3.52087321251e-14,0
200.0,0.00658051136513,-0.00296146438142,2.82840023924e-14,0
200.0,0.00636794669772,-3.54305826484e-06,2.46227358885e-14,0
200.0,0.00795807888052,-0.00113999998936,3.1504852855e-14,0
200.0,0.00758147027913,0.00183630393596,3.07648702312e-14,0
200.0,0.0112534647756,-1.47536350887e-07,3.74338656333e-14,0
200.0,0.015,4.16333634234e-19,3.90566132354e-14,0
200.0,0.00939942566771,0.005,3.56671175752e-14,0
200.0,0.015,0.005,3.86506250895e-14,0
200.0,0.00999018807453,0.0109670628501,3.5855501862e-14,0
200.0,0.01,0.015,3.33334756281e-14,0
200.0,0.015,0.01,3.56893185518e-14,0
200.0,0.015,0.015,3.08373124763e-14,0
200.0,0.01,0.02,2.71516814829e-14,0
200.0,0.01,0.025,1.79795322423e-14,0
200.0,0.015,0.02,2.35141978486e-14,0
200.0,0.015,0.025,1.34570497772e-14,0
200.0,0.01,0.03,3.86331160593e-15,0
200.0,0.01,0.035,-1.53894403253e-14,0
200.0,0.015,0.03,-6.67101013357e-16,0
200.0,0.015,0.035,-1.87755885608e-14,0
200.0,0.01,0.04,-3.70573869413e-14,0
200.0,0.01,0.045,-6.01259112189e-14,0
200.0,0.015,0.04,-3.90720388803e-14,0
200.0,0.015,0.045,-6.08338240242e-14,0
200.0,0.01,0.05,-8.498687817e-14,0
200.0,0.01,0.055,-1.11762471563e-13,0
200.0,0.015,0.05,-8.44187574925e-14,0
200.0,0.015,0.055,-1.09815426837e-13,0
200.0,0.01,0.06,-1.41328668332e-13,0
200.0,0.01,0.065,-1.73254186922e-13,0
200.0,0.015,0.06,-1.39152960589e-13,0
200.0,0.015,0.065,-1.71571041679e-13,0
200.0,0.01,0.07,-2.07615067026e-13,0
200.0,0.01,0.075,-2.44021610131e-13,0
200.0,0.015,0.07,-2.05439022288e-13,0
200.0,0.015,0.075,-2.40558029162e-13,0
200.0,0.02,-0.075,-3.4185160933e-13,0
200.0,0.02,-0.07,-2.9417740689e-13,0
200.0,0.025,-0.075,-3.0052094683e-13,0
200.0,0.025,-0.07,-2.59435129104e-13,0
200.0,0.02,-0.065,-2.51311880084e-13,0
200.0,0.025,-0.065,-2.24214181232e-13,0
200.0,0.02,-0.06,-2.09156259589e-13,0
200.0,0.025,-0.06,-1.92696956743e-13,0
200.0,0.02,-0.055,-1.68372433974e-13,0
200.0,0.025,-0.055,-1.62988278705e-13,0
200.0,0.02,-0.05,-1.33398576483e-13,0
200.0,0.025,-0.05,-1.32352175571e-13,0
200.0,0.02,-0.045,-1.00977036436e-13,0
200.0,0.025,-0.045,-1.03514877083e-13,0
200.0,0.02,-0.04,-7.16298398965e-14,0
200.0,0.025,-0.04,-7.77023343936e-14,0
200.0,0.02,-0.035,-4.63355779635e-14,0
200.0,0.025,-0.035,-5.61234830721e-14,0
200.0,0.02,-0.03,-2.50725065644e-14,0
200.0,0.025,-0.03,-3.87632777169e-14,0
200.0,0.02,-0.025,-6.56430156273e-15,0
200.0,0.025,-0.025,-2.32495973272e-14,0
200.0,0.02,-0.02,8.10816312439e-15,0
200.0,0.025,-0.02,-1.08712159387e-14,0
200.0,0.02,-0.015,1.67451903809e-14,0
200.0,0.025,-0.015,-1.01990154276e-15,0
200.0,0.02,-0.01,2.21046294734e-14,0
200.0,0.025,-0.01,6.61568600277e-15,0
200.0,0.02,-0.005,2.85179691367e-14,0
200.0,0.025,-0.005,1.44130379849e-14,0
200.0,0.02,0,3.41246002681e-14,0
200.0,0.025,4.16333634234e-19,2.17571832439e-14,0
200.0,0.02,0.005,3.47439554952e-14,0
200.0,0.025,0.005,2.52687338776e-14,0
200.0,0.02,0.01,3.13800927924e-14,0
200.0,0.025,0.01,2.34305992776e-14,0
200.0,0.02,0.015,2.60289399844e-14,0
200.0,0.025,0.015,1.82126358242e-14,0
200.0,0.02,0.02,1.86610237962e-14,0
200.0,0.02,0.025,8.7554189821e-15,0
200.0,0.025,0.02,1.17838936665e-14,0
200.0,0.025,0.025,3.7489597457e-15,0
200.0,0.02,0.03,-4.53411024621e-15,0
200.0,0.02,0.035,-2.1098133275e-14,0
200.0,0.025,0.03,-7.65507581467e-15,0
200.0,0.025,0.035,-2.24181586768e-14,0
200.0,0.02,0.04,-3.97106083702e-14,0
200.0,0.02,0.045,-5.97545138883e-14,0
200.0,0.025,0.04,-3.90612442748e-14,0
200.0,0.025,0.045,-5.70515554953e-14,0
200.0,0.02,0.05,-8.16832861624e-14,0
200.0,0.02,0.055,-1.05503481489e-13,0
200.0,0.025,0.05,-7.71212973031e-14,0
200.0,0.025,0.055,-9.91276638495e-14,0
200.0,0.02,0.06,-1.33573688555e-13,0
200.0,0.02,0.065,-1.64739723055e-13,0
200.0,0.025,0.06,-1.2426401387e-13,0
200.0,0.025,0.065,-1.51596514856e-13,0
200.0,0.02,0.07,-1.95845770996e-13,0
200.0,0.02,0.075,-2.2721847621e-13,0
200.0,0.025,0.07,-1.77970927428e-13,0
200.0,0.025,0.075,-2.04333602342e-13,0
200.0,0.03,-0.075,-2.28533360052e-13,0
200.0,0.03,-0.07,-2.01574838015e-13,0
200.0,0.035,-0.075,-1.28680200286e-13,0
200.0,0.035,-0.07,-1.21664836185e-13,0
200.0,0.03,-0.065,-1.79173321981e-13,0
200.0,0.035,-0.065,-1.16373231796e-13,0
200.0,0.03,-0.06,-1.60011543754e-13,0
200.0,0.035,-0.06,-1.11511057849e-13,0
200.0,0.03,-0.055,-1.42000208712e-13,0
200.0,0.035,-0.055,-1.06096448642e-13,0
200.0,0.03,-0.05,-1.21329745849e-13,0
200.0,0.035,-0.05,-9.92012425412e-14,0
200.0,0.03,-0.045,-1.00540312694e-13,0
200.0,0.035,-0.045,-9.10411910408e-14,0
200.0,0.03,-0.04,-8.2267854903e-14,0
200.0,0.035,-0.04,-8.43069240196e-14,0
200.0,0.03,-0.035,-6.61561036419e-14,0
200.0,0.035,-0.035,-7.58005783735e-14,0
200.0,0.03,-0.03,-5.29552009315e-14,0
200.0,0.035,-0.03,-6.69786528466e-14,0
200.0,0.03,-0.025,-4.09370991248e-14,0
200.0,0.035,-0.025,-5.84482678001e-14,0
200.0,0.03,-0.02,-3.0680816183e-14,0
200.0,0.035,-0.02,-5.07744621895e-14,0
200.0,0.03,-0.015,-2.16535217523e-14,0
200.0,0.035,-0.015,-4.34567180244e-14,0
200.0,0.03,-0.01,-1.3362805519e-14,0
200.0,0.035,-0.01,-3.60005145597e-14,0
200.0,0.03,-0.005,-5.14460539548e-15,0
200.0,0.035,-0.005,-2.82953347201e-14,0
200.0,0.03,0,2.83577795974e-15,0
200.0,0.035,4.16333634234e-19,-2.01731374039e-14,0
200.0,0.03,0.005,9.02573399943e-15,0
200.0,0.035,0.005,-1.19931365086e-14,0
200.0,0.03,0.01,1.06534844617e-14,0
200.0,0.035,0.01,-6.24585165798e-15,0
200.0,0.03,0.015,7.6567965485e-15,0
200.0,0.035,0.015,-5.03451504893e-15,0
200.0,0.03,0.02,3.26450791272e-15,0
200.0,0.035,0.02,-6.4199863853e-15,0
200.0,0.03,0.025,-2.11098854863e-15,0
200.0,0.035,0.025,-8.58350770208e-15,0
200.0,0.03,0.03,-1.04583686877e-14,0
200.0,0.03,0.035,-2.2598503645e-14,0
200.0,0.035,0.03,-1.32586740277e-14,0
200.0,0.035,0.035,-2.17911629374e-14,0
200.0,0.03,0.04,-3.69526519567e-14,0
200.0,0.03,0.045,-5.2573066812e-14,0
200.0,0.035,0.04,-3.32902175578e-14,0
200.0,0.035,0.045,-4.59860840255e-14,0
200.0,0.03,0.05,-6.99737400198e-14,0
200.0,0.03,0.055,-8.90399481499e-14,0
200.0,0.035,0.05,-5.96128771796e-14,0
200.0,0.035,0.055,-7.44597899448e-14,0
200.0,0.03,0.06,-1.09683838499e-13,0
200.0,0.03,0.065,-1.31157723687e-13,0
200.0,0.035,0.06,-8.98150299916e-14,0
200.0,0.035,0.065,-1.06436580305e-13,0
200.0,0.03,0.07,-1.53864571061e-13,0
200.0,0.03,0.075,-1.77953177677e-13,0
200.0,0.035,0.07,-1.26170906601e-13,0
200.0,0.035,0.075,-1.48071118497e-13,0
200.0,0.04,-0.075,-1.71008083216e-14,0
200.0,0.04,-0.07,-3.24453338339e-14,0
200.0,0.045,-0.075,8.8873128374e-14,0
200.0,0.045,-0.07,5.23466664144e-14,0
200.0,0.04,-0.065,-4.54064817286e-14,0
200.0,0.045,-0.065,2.17161840052e-14,0
200.0,0.04,-0.06,-5.60474153093e-14,0
200.0,0.045,-0.06,-4.4530200436e-15,0
200.0,0.04,-0.055,-6.45774498538e-14,0
200.0,0.045,-0.055,-2.58794730777e-14,0
200.0,0.04,-0.05,-7.34979258572e-14,0
200.0,0.045,-0.05,-4.77337811086e-14,0
200.0,0.04,-0.045,-8.03640442965e-14,0
200.0,0.045,-0.045,-6.654152426e-14,0
200.0,0.04,-0.04,-8.38316568951e-14,0
200.0,0.045,-0.04,-8.04956649719e-14,0
200.0,0.04,-0.035,-8.37916126532e-14,0
200.0,0.045,-0.035,-8.97970643572e-14,0
200.0,0.04,-0.03,-8.03789522164e-14,0
200.0,0.045,-0.03,-9.29645482733e-14,0
200.0,0.04,-0.025,-7.5767522764e-14,0
200.0,0.045,-0.025,-9.27455749607e-14,0
200.0,0.04,-0.02,-7.07828375921e-14,0
200.0,0.045,-0.02,-9.07793143774e-14,0
200.0,0.04,-0.015,-6.55441485788e-14,0
200.0,0.045,-0.015,-8.79229582346e-14,0
200.0,0.04,-0.01,-5.95926266006e-14,0
200.0,0.045,-0.01,-8.37516923533e-14,0
200.0,0.04,-0.005,-5.27542042846e-14,0
200.0,0.045,-0.005,-7.81273983469e-14,0
200.0,0.04,0,-4.43604950625e-14,0
200.0,0.045,4.16333634234e-19,-6.94758470869e-14,0
200.0,0.04,0.005,-3.45494003205e-14,0
200.0,0.045,0.005,-5.79215051858e-14,0
200.0,0.04,0.01,-2.47353827034e-14,0
200.0,0.045,0.01,-4.4289083773e-14,0
200.0,0.04,0.015,-1.88442146292e-14,0
200.0,0.045,0.015,-3.33834908118e-14,0
200.0,0.04,0.02,-1.68169372809e-14,0
200.0,0.045,0.02,-2.75131021617e-14,0
200.0,0.04,0.025,-1.54577833504e-14,0
200.0,0.045,0.025,-2.23257067248e-14,0
200.0,0.04,0.03,-1.59759110704e-14,0
200.0,0.045,0.03,-1.78495450301e-14,0
200.0,0.04,0.035,-2.0108161303e-14,0
200.0,0.045,0.035,-1.6405087789e-14,0
200.0,0.04,0.04,-2.72886959468e-14,0
200.0,0.04,0.045,-3.57574023424e-14,0
200.0,0.045,0.04,-1.83936989027e-14,0
200.0,0.045,0.045,-2.03118311993e-14,0
200.0,0.04,0.05,-4.42113331372e-14,0
200.0,0.04,0.055,-5.30182563249e-14,0
200.0,0.045,0.05,-2.1632812916e-14,0
200.0,0.045,0.055,-2.40679085028e-14,0
200.0,0.04,0.06,-6.34497721617e-14,0
200.0,0.04,0.065,-7.58678149852e-14,0
200.0,0.045,0.06,-2.9679698547e-14,0
200.0,0.045,0.065,-3.68697007341e-14,0
200.0,0.04,0.07,-8.90717275688e-14,0
200.0,0.04,0.075,-1.03127710162e-13,0
200.0,0.045,0.07,-4.26115919618e-14,0
200.0,0.045,0.075,-4.79473701635e-14,0
200.0,0.05,-0.075,1.77752819566e-13,0
200.0,0.05,-0.07,1.26459610374e-13,0
200.0,0.055,-0.075,2.52126473779e-13,0
200.0,0.055,-0.07,1.91753609149e-13,0
200.0,0.05,-0.065,7.96086592989e-14,0
200.0,0.055,-0.065,1.33860916424e-13,0
200.0,0.05,-0.06,3.95969934352e-14,0
200.0,0.055,-0.06,8.25113975526e-14,0
200.0,0.05,-0.055,5.74874959724e-15,0
200.0,0.055,-0.055,3.81706816828e-14,0
200.0,0.05,-0.05,-2.41197428294e-14,0
200.0,0.055,-0.05,-4.36494332144e-16,0
200.0,0.05,-0.045,-5.14191742723e-14,0
200.0,0.055,-0.045,-3.71876348715e-14,0
200.0,0.05,-0.04,-7.43165025051e-14,0
200.0,0.055,-0.04,-6.88698073282e-14,0
200.0,0.05,-0.035,-9.23583011272e-14,0
200.0,0.055,-0.035,-9.49029966709e-14,0
200.0,0.05,-0.03,-1.04319599535e-13,0
200.0,0.055,-0.03,-1.15429391606e-13,0
200.0,0.05,-0.025,-1.09744844503e-13,0
200.0,0.055,-0.025,-1.27292185536e-13,0
200.0,0.05,-0.02,-1.11111440078e-13,0
200.0,0.055,-0.02,-1.32278392746e-13,0
200.0,0.05,-0.015,-1.10784491437e-13,0
200.0,0.055,-0.015,-1.34519438523e-13,0
200.0,0.05,-0.01,-1.08599719383e-13,0
200.0,0.055,-0.01,-1.34299880565e-13,0
200.0,0.05,-0.005,-1.04609722184e-13,0
200.0,0.055,-0.005,-1.31700490727e-13,0
200.0,0.05,0,-9.60872874715e-14,0
200.0,0.055,4.16333634234e-19,-1.23621207031e-13,0
200.0,0.05,0.005,-8.2157167385e-14,0
200.0,0.055,0.005,-1.08158881217e-13,0
200.0,0.05,0.01,-6.5632136462e-14,0
200.0,0.055,0.01,-8.84179141317e-14,0
200.0,0.05,0.015,-5.03569854848e-14,0
200.0,0.055,0.015,-6.77146908907e-14,0
200.0,0.05,0.02,-3.85834897815e-14,0
200.0,0.055,0.02,-4.92972105407e-14,0
200.0,0.05,0.025,-2.80449764241e-14,0
200.0,0.055,0.025,-3.194241132e-14,0
200.0,0.05,0.03,-1.84190938449e-14,0
200.0,0.055,0.03,-1.38656068507e-14,0
200.0,0.05,0.035,-1.0678995225e-14,0
200.0,0.055,0.035,2.27277410352e-15,0
200.0,0.05,0.04,-3.31695774276e-15,0
200.0,0.055,0.04,1.83068302781e-14,0
200.0,0.05,0.045,3.38169305897e-15,0
200.0,0.055,0.045,3.14630330267e-14,0
200.0,0.05,0.05,6.98299210844e-15,0
200.0,0.05,0.055,8.96882523961e-15,0
200.0,0.055,0.05,3.84836836186e-14,0
200.0,0.055,0.055,4.42785337133e-14,0
200.0,0.05,0.06,9.61054400528e-15,0
200.0,0.05,0.065,8.82061211888e-15,0
200.0,0.055,0.06,5.18762153578e-14,0
200.0,0.055,0.065,5.68990749056e-14,0
200.0,0.05,0.07,6.499989255e-15,0
200.0,0.05,0.075,3.25682567984e-15,0
200.0,0.055,0.07,5.73451186585e-14,0
200.0,0.055,0.075,5.58334952e-14,0
200.0,0.06,-0.075,3.13627558654e-13,0
200.0,0.06,-0.07,2.50540266212e-13,0
200.0,0.065,-0.075,3.73815011307e-13,0
200.0,0.065,-0.07,3.08456922439e-13,0
200.0,0.06,-0.065,1.88160598528e-13,0
200.0,0.065,-0.065,2.4294414333e-13,0
200.0,0.06,-0.06,1.28313705114e-13,0
200.0,0.065,-0.06,1.76995092449e-13,0
200.0,0.06,-0.055,7.42166019941e-14,0
200.0,0.065,-0.055,1.12844968221e-13,0
200.0,0.06,-0.05,2.58608186743e-14,0
200.0,0.065,-0.05,5.43324383685e-14,0
200.0,0.06,-0.045,-2.03044433854e-14,0
200.0,0.065,-0.045,-1.08463969922e-15,0
200.0,0.06,-0.04,-6.36388115766e-14,0
200.0,0.065,-0.04,-5.80855956012e-14,0
200.0,0.06,-0.035,-9.99722558414e-14,0
200.0,0.065,-0.035,-1.06075721844e-13,0
200.0,0.06,-0.03,-1.27824524847e-13,0
200.0,0.065,-0.03,-1.41391131456e-13,0
200.0,0.06,-0.025,-1.45899849239e-13,0
200.0,0.065,-0.025,-1.66498787203e-13,0
200.0,0.06,-0.02,-1.55131628139e-13,0
200.0,0.065,-0.02,-1.8011155131e-13,0
200.0,0.06,-0.015,-1.60029322591e-13,0
200.0,0.065,-0.015,-1.87484107021e-13,0
200.0,0.06,-0.01,-1.61321291278e-13,0
200.0,0.065,-0.01,-1.89935084624e-13,0
200.0,0.06,-0.005,-1.59634265849e-13,0
200.0,0.065,-0.005,-1.88362902627e-13,0
200.0,0.06,0,-1.517933033e-13,0
200.0,0.065,4.16333634234e-19,-1.80305975049e-13,0
200.0,0.06,0.005,-1.36150942971e-13,0
200.0,0.065,0.005,-1.64873031776e-13,0
200.0,0.06,0.01,-1.13689807553e-13,0
200.0,0.065,0.01,-1.39614924592e-13,0
200.0,0.06,0.015,-8.64179693182e-14,0
200.0,0.065,0.015,-1.04485699398e-13,0
200.0,0.06,0.02,-5.81222963654e-14,0
200.0,0.065,0.02,-6.43612536403e-14,0
200.0,0.06,0.025,-2.94543002135e-14,0
200.0,0.065,0.025,-2.2628026406e-14,0
200.0,0.06,0.03,-7.46334297367e-16,0
200.0,0.065,0.03,1.6901608073e-14,0
200.0,0.06,0.035,2.39002192979e-14,0
200.0,0.065,0.035,4.82930093544e-14,0
200.0,0.06,0.04,4.41594699571e-14,0
200.0,0.065,0.04,7.2373906094e-14,0
200.0,0.06,0.045,6.21740080777e-14,0
200.0,0.065,0.045,9.47619731099e-14,0
200.0,0.06,0.05,7.57216545197e-14,0
200.0,0.065,0.05,1.1558067742e-13,0
200.0,0.06,0.055,8.7759426727e-14,0
200.0,0.065,0.055,1.35255878219e-13,0
200.0,0.06,0.06,9.98985174086e-14,0
200.0,0.06,0.065,1.09400956935e-13,0
200.0,0.065,0.06,1.52292165907e-13,0
200.0,0.065,0.065,1.66579226889e-13,0
200.0,0.06,0.07,1.15691184396e-13,0
200.0,0.06,0.075,1.2050975986e-13,0
200.0,0.065,0.07,1.79296068437e-13,0
200.0,0.065,0.075,1.91760139796e-13,0
200.0,0.07,-0.075,4.32630754038e-13,0
200.0,0.07,-0.07,3.65939184533e-13,0
200.0,0.075,-0.075,4.9074592009e-13,0
200.0,0.075,-0.07,4.23430478118e-13,0
200.0,0.07,-0.065,2.9872781076e-13,0
200.0,0.075,-0.065,3.55264472474e-13,0
200.0,0.07,-0.06,2.28880303052e-13,0
200.0,0.075,-0.06,2.82362278599e-13,0
200.0,0.07,-0.055,1.57787230178e-13,0
200.0,0.075,-0.055,2.06214386502e-13,0
200.0,0.07,-0.05,8.62038682852e-14,0
200.0,0.075,-0.05,1.20035369761e-13,0
200.0,0.07,-0.045,1.42794172664e-14,0
200.0,0.075,-0.045,2.89172600863e-14,0
200.0,0.07,-0.04,-5.63632865891e-14,0
200.0,0.075,-0.04,-5.7994797673e-14,0
200.0,0.07,-0.035,-1.1436356053e-13,0
200.0,0.075,-0.035,-1.27025406486e-13,0
200.0,0.07,-0.03,-1.56045970386e-13,0
200.0,0.075,-0.03,-1.73625099424e-13,0
200.0,0.07,-0.025,-1.88070149086e-13,0
200.0,0.075,-0.025,-2.106961704e-13,0
200.0,0.07,-0.02,-2.08392817526e-13,0
200.0,0.075,-0.02,-2.38134826047e-13,0
200.0,0.07,-0.015,-2.1805263922e-13,0
200.0,0.075,-0.015,-2.50938705215e-13,0
200.0,0.07,-0.01,-2.20840418086e-13,0
200.0,0.075,-0.01,-2.53832274808e-13,0
200.0,0.07,-0.005,-2.18717807753e-13,0
200.0,0.075,-0.005,-2.51409841235e-13,0
200.0,0.07,0,-2.10039469803e-13,0
200.0,0.075,0,-2.42252989176e-13,0
200.0,0.07,0.005,-1.94330104751e-13,0
200.0,0.075,0.005,-2.25938554185e-13,0
200.0,0.07,0.01,-1.65296969632e-13,0
200.0,0.075,0.01,-1.9256019301e-13,0
200.0,0.07,0.015,-1.21362435519e-13,0
200.0,0.075,0.015,-1.38861509208e-13,0
200.0,0.07,0.02,-6.90060648609e-14,0
200.0,0.075,0.02,-7.34135950649e-14,0
200.0,0.07,0.025,-1.4041763176e-14,0
200.0,0.075,0.025,-4.27339152714e-15,0
200.0,0.07,0.03,3.70096330625e-14,0
200.0,0.075,0.03,5.93040470904e-14,0
200.0,0.07,0.035,7.53913935179e-14,0
200.0,0.075,0.035,1.04700645431e-13,0
200.0,0.07,0.04,1.025886061e-13,0
200.0,0.075,0.04,1.33874724272e-13,0
200.0,0.07,0.045,1.2866910998e-13,0
200.0,0.075,0.045,1.62669697268e-13,0
200.0,0.07,0.05,1.54510905123e-13,0
200.0,0.075,0.05,1.93021897153e-13,0
200.0,0.07,0.055,1.8014821622e-13,0
200.0,0.075,0.055,2.23862885599e-13,0
200.0,0.07,0.06,2.04500891367e-13,0
200.0,0.075,0.06,2.56431636511e-13,0
200.0,0.07,0.065,2.25006977641e-13,0
200.0,0.075,0.065,2.83924906285e-13,0
200.0,0.07,0.07,2.42007154592e-13,0
200.0,0.07,0.075,2.57840667261e-13,0
200.0,0.075,0.07,3.04191671135e-13,0
200.0,0.075,0.075,3.21830438546e-13,0
300.0,-0.00382671281566,-0.00202612167119,0,0
300.0,-0.005,-0.005,2.95873003045e-14,0
300.0,-0.00197892066871,-0.00385133392306,0,0
300.0,-0.005,-0.00190753787223,1.6236475673e-14,0
300.0,-0.00433,0,0,0
300.0,-0.00190753787223,-0.005,1.60752637803e-14,0
300.0,0,-0.00433,0,0
300.0,-0.005,0.00190775150599,1.62014277772e-14,0
300.0,-0.00385133392306,0.00197892066871,0,0
300.0,0.00190775150599,-0.005,1.60067290604e-14,0
300.0,0.00202612167119,-0.00382671281566,0,0
300.0,-0.00202612167119,0.00382671281566,0,0
300.0,-0.005,0.005,2.87443835221e-14,0
300.0,-0.0019094272225,0.005,1.58639344852e-14,0
300.0,0,0.00433,0,0
300.0,0.00147766755988,0.00407006125046,0,0
300.0,8.32667268469e-19,0.005,1.17919334201e-14,0
300.0,0.00433,0,0,0
300.0,0.005,1.38777878078e-18,1.13855380851e-14,0
300.0,0.00407006125046,0.00147766755988,0,0
300.0,0.005,-0.005,2.9152454985e-14,0
300.0,0.00385133392306,-0.00197892066871,0,0
300.0,0.005,-0.0019094272225,1.57510318176e-14,0
300.0,0.00306177236254,0.00306177236254,0,0
300.0,0.0019094272225,0.005,1.59832378358e-14,0
300.0,0.005,0.0019094272225,1.58173547073e-14,0
300.0,-0.000885,-0.0015328649647,1.27152166593e-12,0
300.0,-0.0015328649647,-0.000885,1.27164404862e-12,0
300.0,-0.00186450691264,-0.00187567167242,8.4302642415e-13,0
300.0,-0.00177,0,1.27133577865e-12,0
300.0,-0.00268433516245,-0.000738983120158,7.59107848076e-13,0
300.0,0,-0.00177,1.27148329872e-12,0
300.0,-0.000718432264205,-0.00269192408424,7.57401677561e-13,0
300.0,-0.0015328649647,0.000885,1.26983129567e-12,0
300.0,-0.00265321485144,0.000647311733689,7.89890851532e-13,0
300.0,-0.000885,0.0015328649647,1.26820376942e-12,0
300.0,-0.00194719253591,0.00178443766524,8.43952725467e-13,0
300.0,0,0.00177,1.26409757924e-12,0
300.0,-0.000802720381054,0.00273415977115,7.17501294751e-13,0
300.0,0.000885,-0.0015328649647,1.27017212793e-12,0
300.0,0.00075154031863,-0.00270385456952,7.45291670807e-13,0
300.0,0.00177,0,1.26243733565e-12,0
300.0,0.0015328649647,-0.000885,1.26801969069e-12,0
300.0,0.00271471102228,-0.000564731152102,7.60915462093e-13,0
300.0,0.00192394637685,-0.00189207206672,8.10097212865e-13,0
300.0,0.00231817117671,0.00040530921667,9.87912100898e-13,0
300.0,0.0015328649647,0.000885,1.2607036789e-12,0
300.0,0.000885,0.0015328649647,1.26140874112e-12,0
300.0,0.000427053001345,0.00287092483521,6.82190712524e-13,0
300.0,0.00187618296239,0.00184774001435,8.33341634382e-13,0
300.0,0.00312733402203,0.000607809752493,5.1920000572e-13,0
300.0,0.00276214303706,0.00136595635004,5.76860422651e-13,0
300.0,0.0014100336009,0.00268674970267,6.04772769215e-13,0
300.0,-0.075,-0.075,-1.26893800906e-13,0
300.0,-0.07,-0.075,-1.15825971988e-13,0
300.0,-0.075,-0.07,-9.95181714997e-14,0
300.0,-0.07,-0.07,-8.85045074173e-14,0
300.0,-0.075,-0.065,-7.37786929404e-14,0
300.0,-0.07,-0.065,-6.26185278664e-14,0
300.0,-0.065,-0.075,-1.04906265527e-13,0
300.0,-0.065,-0.07,-7.74772650189e-14,0
300.0,-0.065,-0.065,-5.13090603414e-14,0
300.0,-0.075,-0.06,-5.07220178857e-14,0
300.0,-0.07,-0.06,-3.9304293033e-14,0
300.0,-0.065,-0.06,-2.75140016374e-14,0
300.0,-0.075,-0.055,-2.99222276437e-14,0
300.0,-0.07,-0.055,-1.80762897382e-14,0
300.0,-0.065,-0.055,-5.58437959675e-15,0
300.0,-0.075,-0.05,-1.4397000986e-14,0
300.0,-0.07,-0.05,-1.03993315829e-15,0
300.0,-0.065,-0.05,1.31500215847e-14,0
300.0,-0.075,-0.045,-8.14390609222e-15,0
300.0,-0.07,-0.045,8.90495104724e-15,0
300.0,-0.065,-0.045,2.78896196139e-14,0
300.0,-0.075,-0.04,-2.46535130786e-14,0
300.0,-0.07,-0.04,1.50198450144e-15,0
300.0,-0.075,-0.035,-6.91163654534e-14,0
300.0,-0.07,-0.035,-2.80556260873e-14,0
300.0,-0.065,-0.04,2.96066492021e-14,0
300.0,-0.065,-0.035,1.39120445569e-14,0
300.0,-0.075,-0.03,-1.3461521594e-13,0
300.0,-0.07,-0.03,-7.46815138417e-14,0
300.0,-0.075,-0.025,-2.14551299259e-13,0
300.0,-0.07,-0.025,-1.33177668114e-13,0
300.0,-0.065,-0.03,-1.54899961339e-14,0
300.0,-0.065,-0.025,-5.44499929373e-14,0
300.0,-0.075,-0.02,-3.01611134081e-13,0
300.0,-0.07,-0.02,-1.97823365197e-13,0
300.0,-0.075,-0.015,-3.88012549444e-13,0
300.0,-0.07,-0.015,-2.62351935197e-13,0
300.0,-0.065,-0.02,-9.83099954856e-14,0
300.0,-0.065,-0.015,-1.42603613423e-13,0
300.0,-0.075,-0.01,-4.63495255522e-13,0
300.0,-0.07,-0.01,-3.19995003741e-13,0
300.0,-0.075,-0.005,-5.15078548102e-13,0
300.0,-0.07,-0.005,-3.62172645185e-13,0
300.0,-0.065,-0.01,-1.82737990046e-13,0
300.0,-0.065,-0.005,-2.14501985727e-13,0
300.0,-0.075,0,-5.43262126178e-13,0
300.0,-0.07,0,-3.8844645904e-13,0
300.0,-0.075,0.005,-5.61680917211e-13,0
300.0,-0.07,0.005,-4.05607383451e-13,0
300.0,-0.065,4.16333634234e-19,-2.3821692844e-13,0
300.0,-0.065,0.005,-2.54694961112e-13,0
300.0,-0.075,0.01,-5.5689033822e-13,0
300.0,-0.07,0.01,-4.01517641789e-13,0
300.0,-0.075,0.015,-5.18207544347e-13,0
300.0,-0.07,0.015,-3.68867276247e-13,0
300.0,-0.065,0.01,-2.5539707086e-13,0
300.0,-0.065,0.015,-2.30788774193e-13,0
300.0,-0.075,0.02,-4.5422945639e-13,0
300.0,-0.07,0.02,-3.17679960957e-13,0
300.0,-0.075,0.025,-3.72098641097e-13,0
300.0,-0.07,0.025,-2.53238844401e-13,0
300.0,-0.065,0.02,-1.89416724087e-13,0
300.0,-0.065,0.025,-1.39873820735e-13,0
300.0,-0.075,0.03,-2.75487110013e-13,0
300.0,-0.07,0.03,-1.75836205421e-13,0
300.0,-0.075,0.035,-1.73843454999e-13,0
300.0,-0.07,0.035,-9.46098628647e-14,0
300.0,-0.065,0.03,-7.75905716793e-14,0
300.0,-0.065,0.035,-1.34577435487e-14,0
300.0,-0.075,0.04,-8.0730067645e-14,0
300.0,-0.07,0.04,-2.27890375876e-14,0
300.0,-0.075,0.045,-8.62296874652e-15,0
300.0,-0.07,0.045,2.87123237692e-14,0
300.0,-0.065,0.04,3.86932946968e-14,0
300.0,-0.065,0.045,6.98209809679e-14,0
300.0,-0.075,0.05,3.48072879291e-14,0
300.0,-0.07,0.05,5.43883007706e-14,0
300.0,-0.075,0.055,4.74927003106e-14,0
300.0,-0.07,0.055,5.3523097923e-14,0
300.0,-0.065,0.05,7.63668057259e-14,0
300.0,-0.065,0.055,5.98388230878e-14,0
300.0,-0.075,0.06,3.45835588213e-14,0
300.0,-0.07,0.06,3.10274562961e-14,0
300.0,-0.075,0.065,5.88459780792e-15,0
300.0,-0.07,0.065,-1.77990481324e-15,0
300.0,-0.065,0.06,2.70425633576e-14,0
300.0,-0.065,0.065,-9.00965766535e-15,0
300.0,-0.075,0.07,-3.01347399031e-14,0
300.0,-0.07,0.07,-3.89471555874e-14,0
300.0,-0.075,0.075,-6.85405092165e-14,0
300.0,-0.07,0.075,-7.79347704095e-14,0
300.0,-0.065,0.07,-4.75490188957e-14,0
300.0,-0.065,0.075,-8.77525621373e-14,0
300.0,-0.06,-0.075,-9.5110129362e-14,0
300.0,-0.06,-0.07,-6.7456724928e-14,0
300.0,-0.06,-0.065,-4.07991499633e-14,0
300.0,-0.055,-0.075,-8.78997327846e-14,0
300.0,-0.055,-0.07,-5.96309072879e-14,0
300.0,-0.055,-0.065,-3.2071750963e-14,0
300.0,-0.06,-0.06,-1.6078164656e-14,0
300.0,-0.06,-0.055,6.95355723415e-15,0
300.0,-0.055,-0.06,-5.71210629442e-15,0
300.0,-0.055,-0.055,1.90250698506e-14,0
300.0,-0.06,-0.05,2.70076885279e-14,0
300.0,-0.055,-0.05,4.04840454603e-14,0
300.0,-0.06,-0.045,4.37505719797e-14,0
300.0,-0.055,-0.045,5.75576837942e-14,0
300.0,-0.06,-0.04,5.28196017989e-14,0
300.0,-0.055,-0.04,6.8694224764e-14,0
300.0,-0.06,-0.035,4.9755959676e-14,0
300.0,-0.055,-0.035,7.35766604497e-14,0
300.0,-0.06,-0.03,3.50168878078e-14,0
300.0,-0.06,-0.025,1.20438598147e-14,0
300.0,-0.055,-0.03,6.86205117972e-14,0
300.0,-0.055,-0.025,5.54747453082e-14,0
300.0,-0.06,-0.02,-1.38905997674e-14,0
300.0,-0.06,-0.015,-4.04780110289e-14,0
300.0,-0.055,-0.02,4.08533409682e-14,0
300.0,-0.055,-0.015,2.54642977482e-14,0
300.0,-0.06,-0.01,-6.51703648241e-14,0
300.0,-0.06,-0.005,-8.5665721505e-14,0
300.0,-0.055,-0.01,1.1082591855e-14,0
300.0,-0.055,-0.005,-1.15215923521e-15,0
300.0,-0.06,0,-1.02962990878e-13,0
300.0,-0.06,0.005,-1.17109648637e-13,0
300.0,-0.055,4.16333634234e-19,-1.03797641342e-14,0
300.0,-0.055,0.005,-1.63251763377e-14,0
300.0,-0.06,0.01,-1.24570939179e-13,0
300.0,-0.06,0.015,-1.09847713095e-13,0
300.0,-0.055,0.01,-1.78419855712e-14,0
300.0,-0.055,0.015,-2.91687695694e-16,0
300.0,-0.06,0.02,-7.40821289703e-14,0
300.0,-0.06,0.025,-3.09302185142e-14,0
300.0,-0.055,0.02,3.27834379883e-14,0
300.0,-0.055,0.025,7.06860741893e-14,0
300.0,-0.06,0.03,1.87433702194e-14,0
300.0,-0.06,0.035,6.45125147495e-14,0
300.0,-0.055,0.03,1.05162876497e-13,0
300.0,-0.055,0.035,1.29794066061e-13,0
300.0,-0.06,0.04,9.63354588639e-14,0
300.0,-0.06,0.045,1.06427758738e-13,0
300.0,-0.055,0.04,1.39012447666e-13,0
300.0,-0.055,0.045,1.26586931093e-13,0
300.0,-0.06,0.05,9.04208349262e-14,0
300.0,-0.06,0.055,5.89158227357e-14,0
300.0,-0.055,0.05,9.24776617481e-14,0
300.0,-0.055,0.055,5.49860464221e-14,0
300.0,-0.06,0.06,2.20209377195e-14,0
300.0,-0.06,0.065,-1.59354556412e-14,0
300.0,-0.055,0.06,1.6086208896e-14,0
300.0,-0.055,0.065,-2.3931659041e-14,0
300.0,-0.06,0.07,-5.64646887326e-14,0
300.0,-0.06,0.075,-9.86196841675e-14,0
300.0,-0.055,0.07,-6.71349786702e-14,0
300.0,-0.055,0.075,-1.11812640298e-13,0
300.0,-0.05,-0.075,-8.32541985504e-14,0
300.0,-0.05,-0.07,-5.40478075915e-14,0
300.0,-0.045,-0.075,-8.13415588989e-14,0
300.0,-0.045,-0.07,-5.05324542201e-14,0
300.0,-0.05,-0.065,-2.49180066219e-14,0
300.0,-0.045,-0.065,-1.93512131332e-14,0
300.0,-0.05,-0.06,3.38531971852e-15,0
300.0,-0.05,-0.055,3.0210237251e-14,0
300.0,-0.045,-0.06,1.126575127e-14,0
300.0,-0.045,-0.055,4.07859630086e-14,0
300.0,-0.05,-0.05,5.3318425865e-14,0
300.0,-0.05,-0.045,7.05410694129e-14,0
300.0,-0.045,-0.05,6.60430247135e-14,0
300.0,-0.045,-0.045,8.36958401176e-14,0
300.0,-0.05,-0.04,8.18307567686e-14,0
300.0,-0.045,-0.04,9.46819380349e-14,0
300.0,-0.05,-0.035,8.86251611228e-14,0
300.0,-0.045,-0.035,1.01807046706e-13,0
300.0,-0.05,-0.03,8.91440392757e-14,0
300.0,-0.045,-0.03,1.04715410151e-13,0
300.0,-0.05,-0.025,8.2718164319e-14,0
300.0,-0.045,-0.025,1.03658371176e-13,0
300.0,-0.05,-0.02,7.33377971007e-14,0
300.0,-0.05,-0.015,6.37864764437e-14,0
300.0,-0.045,-0.02,9.97664224669e-14,0
300.0,-0.045,-0.015,9.59861285827e-14,0
300.0,-0.05,-0.01,5.51072015082e-14,0
300.0,-0.05,-0.005,4.8791893339e-14,0
300.0,-0.045,-0.01,9.29695182689e-14,0
300.0,-0.045,-0.005,9.27899941706e-14,0
300.0,-0.05,0,4.55591764461e-14,0
300.0,-0.05,0.005,4.5823248782e-14,0
300.0,-0.045,4.16333634234e-19,9.58231521405e-14,0
300.0,-0.045,0.005,1.00754565852e-13,0
300.0,-0.05,0.01,5.97275355311e-14,0
300.0,-0.05,0.015,8.65177846859e-14,0
300.0,-0.045,0.01,1.18189040164e-13,0
300.0,-0.045,0.015,1.4481721072e-13,0
300.0,-0.05,0.02,1.18354278107e-13,0
300.0,-0.05,0.025,1.48199957238e-13,0
300.0,-0.045,0.02,1.71792291207e-13,0
300.0,-0.045,0.025,1.92370104102e-13,0
300.0,-0.05,0.03,1.68260420838e-13,0
300.0,-0.05,0.035,1.73195398137e-13,0
300.0,-0.045,0.03,2.0094861653e-13,0
300.0,-0.045,0.035,1.89120576453e-13,0
300.0,-0.05,0.04,1.57424373485e-13,0
300.0,-0.05,0.045,1.25607332019e-13,0
300.0,-0.045,0.04,1.57193023871e-13,0
300.0,-0.045,0.045,1.2010461532e-13,0
300.0,-0.05,0.05,8.7505401585e-14,0
300.0,-0.05,0.055,4.85460899933e-14,0
300.0,-0.045,0.05,8.04384670864e-14,0
300.0,-0.045,0.055,3.96311906283e-14,0
300.0,-0.05,0.06,7.84250314483e-15,0
300.0,-0.05,0.065,-3.49978461598e-14,0
300.0,-0.045,0.06,-3.38397002878e-15,0
300.0,-0.045,0.065,-4.87444237595e-14,0
300.0,-0.05,0.07,-8.07953657065e-14,0
300.0,-0.05,0.075,-1.27886106075e-13,0
300.0,-0.045,0.07,-9.6710309528e-14,0
300.0,-0.045,0.075,-1.46114538791e-13,0
300.0,-0.04,-0.075,-9.31431201216e-14,0
300.0,-0.04,-0.07,-5.39889075344e-14,0
300.0,-0.035,-0.075,-1.25440126478e-13,0
300.0,-0.035,-0.07,-7.04433786103e-14,0
300.0,-0.04,-0.065,-1.67864710492e-14,0
300.0,-0.035,-0.065,-1.84503497954e-14,0
300.0,-0.04,-0.06,1.70957799802e-14,0
300.0,-0.035,-0.06,2.0687462355e-14,0
300.0,-0.04,-0.055,4.98347506264e-14,0
300.0,-0.035,-0.055,5.69493600043e-14,0
300.0,-0.04,-0.05,7.78852709431e-14,0
300.0,-0.04,-0.045,9.60382641391e-14,0
300.0,-0.035,-0.05,8.79464899713e-14,0
300.0,-0.035,-0.045,1.07087301749e-13,0
300.0,-0.04,-0.04,1.06473597651e-13,0
300.0,-0.04,-0.035,1.13340895549e-13,0
300.0,-0.035,-0.04,1.17316901532e-13,0
300.0,-0.035,-0.035,1.23512953188e-13,0
300.0,-0.04,-0.03,1.1700119675e-13,0
300.0,-0.035,-0.03,1.27127336046e-13,0
300.0,-0.04,-0.025,1.18788741834e-13,0
300.0,-0.035,-0.025,1.30683639776e-13,0
300.0,-0.04,-0.02,1.19211107732e-13,0
300.0,-0.035,-0.02,1.33934738865e-13,0
300.0,-0.04,-0.015,1.19687502052e-13,0
300.0,-0.035,-0.015,1.36670327082e-13,0
300.0,-0.04,-0.01,1.21335625852e-13,0
300.0,-0.04,-0.005,1.25132117864e-13,0
300.0,-0.035,-0.01,1.40463147529e-13,0
300.0,-0.035,-0.005,1.44391397001e-13,0
300.0,-0.04,0,1.32876232972e-13,0
300.0,-0.04,0.005,1.42617194428e-13,0
300.0,-0.035,4.16333634234e-19,1.49088897193e-13,0
300.0,-0.035,0.005,1.5673232323e-13,0
300.0,-0.04,0.01,1.57338331455e-13,0
300.0,-0.04,0.015,1.76833588724e-13,0
300.0,-0.035,0.01,1.67226920923e-13,0
300.0,-0.035,0.015,1.79851736482e-13,0
300.0,-0.04,0.02,1.95388162015e-13,0
300.0,-0.04,0.025,2.06915326362e-13,0
300.0,-0.035,0.02,1.91493856817e-13,0
300.0,-0.035,0.025,1.96464434141e-13,0
300.0,-0.04,0.03,2.0485250561e-13,0
300.0,-0.04,0.035,1.83002342165e-13,0
300.0,-0.035,0.03,1.91072912635e-13,0
300.0,-0.035,0.035,1.72148189236e-13,0
300.0,-0.04,0.04,1.49291200944e-13,0
300.0,-0.04,0.045,1.11945502131e-13,0
300.0,-0.035,0.04,1.40570425121e-13,0
300.0,-0.035,0.045,1.03210898997e-13,0
300.0,-0.04,0.05,7.14983820818e-14,0
300.0,-0.04,0.055,2.89927969456e-14,0
300.0,-0.035,0.05,6.18410113175e-14,0
300.0,-0.035,0.055,1.74917649424e-14,0
300.0,-0.04,0.06,-1.61751687019e-14,0
300.0,-0.04,0.065,-6.34369454121e-14,0
300.0,-0.035,0.06,-2.97124508227e-14,0
300.0,-0.035,0.065,-7.86571665901e-14,0
300.0,-0.04,0.07,-1.13331377703e-13,0
300.0,-0.04,0.075,-1.64469809298e-13,0
300.0,-0.035,0.07,-1.29428815675e-13,0
300.0,-0.035,0.075,-1.8108329212e-13,0
300.0,-0.03,-0.075,-1.7538261893e-13,0
300.0,-0.03,-0.07,-1.05298965506e-13,0
300.0,-0.025,-0.075,-2.27361916755e-13,0
300.0,-0.025,-0.07,-1.47555491756e-13,0
300.0,-0.03,-0.065,-3.8053330145e-14,0
300.0,-0.025,-0.065,-6.98316975472e-14,0
300.0,-0.03,-0.06,1.51124600893e-14,0
300.0,-0.025,-0.06,-3.89576221804e-15,0
300.0,-0.03,-0.055,5.83463628964e-14,0
300.0,-0.025,-0.055,4.76087809057e-14,0
300.0,-0.03,-0.05,9.27307175128e-14,0
300.0,-0.025,-0.05,8.72872157999e-14,0
300.0,-0.03,-0.045,1.13504226776e-13,0
300.0,-0.025,-0.045,1.11340691561e-13,0
300.0,-0.03,-0.04,1.24216918641e-13,0
300.0,-0.03,-0.035,1.2999628074e-13,0
300.0,-0.025,-0.04,1.23860484101e-13,0
300.0,-0.025,-0.035,1.31389538714e-13,0
300.0,-0.03,-0.03,1.33031600581e-13,0
300.0,-0.03,-0.025,1.36503618053e-13,0
300.0,-0.025,-0.03,1.34220607337e-13,0
300.0,-0.025,-0.025,1.35026511659e-13,0
300.0,-0.03,-0.02,1.3921194812e-13,0
300.0,-0.025,-0.02,1.3254674702e-13,0
300.0,-0.03,-0.015,1.40229683867e-13,0
300.0,-0.025,-0.015,1.28229221716e-13,0
300.0,-0.03,-0.01,1.41099086233e-13,0
300.0,-0.025,-0.01,1.24083355769e-13,0
300.0,-0.03,-0.005,1.41702952524e-13,0
300.0,-0.025,-0.005,1.21613952129e-13,0
300.0,-0.03,0,1.42840506099e-13,0
300.0,-0.03,0.005,1.47274076536e-13,0
300.0,-0.025,4.16333634234e-19,1.22184507336e-13,0
300.0,-0.025,0.005,1.27001351372e-13,0
300.0,-0.03,0.01,1.5490913432e-13,0
300.0,-0.03,0.015,1.64195613512e-13,0
300.0,-0.025,0.01,1.34330793734e-13,0
300.0,-0.025,0.015,1.42170856266e-13,0
300.0,-0.03,0.02,1.71961983101e-13,0
300.0,-0.03,0.025,1.7426108203e-13,0
300.0,-0.025,0.02,1.48273525591e-13,0
300.0,-0.025,0.025,1.49997620859e-13,0
300.0,-0.03,0.03,1.69046089081e-13,0
300.0,-0.03,0.035,1.54777575611e-13,0
300.0,-0.025,0.03,1.45626015077e-13,0
300.0,-0.025,0.035,1.33713577376e-13,0
300.0,-0.03,0.04,1.28559175389e-13,0
300.0,-0.03,0.045,9.1998254824e-14,0
300.0,-0.025,0.04,1.11211687298e-13,0
300.0,-0.025,0.045,7.63414623546e-14,0
300.0,-0.03,0.05,4.99615514787e-14,0
300.0,-0.03,0.055,4.37855135781e-15,0
300.0,-0.025,0.05,3.50048404481e-14,0
300.0,-0.025,0.055,-9.69792592558e-15,0
300.0,-0.03,0.06,-4.37123387247e-14,0
300.0,-0.03,0.065,-9.33128130804e-14,0
300.0,-0.025,0.06,-5.74845536572e-14,0
300.0,-0.025,0.065,-1.07196246727e-13,0
300.0,-0.03,0.07,-1.44340329141e-13,0
300.0,-0.03,0.075,-1.96150710953e-13,0
300.0,-0.025,0.07,-1.58766094915e-13,0
300.0,-0.025,0.075,-2.11174144723e-13,0
300.0,-0.02,-0.075,-2.67502745545e-13,0
300.0,-0.02,-0.07,-1.8574608958e-13,0
300.0,-0.015,-0.075,-3.06017375753e-13,0
300.0,-0.015,-0.07,-2.22309087752e-13,0
300.0,-0.02,-0.065,-1.04951490942e-13,0
300.0,-0.015,-0.065,-1.3860060477e-13,0
300.0,-0.02,-0.06,-3.0466160168e-14,0
300.0,-0.015,-0.06,-5.66719689392e-14,0
300.0,-0.02,-0.055,2.88381805307e-14,0
300.0,-0.015,-0.055,8.55561989642e-15,0
300.0,-0.02,-0.05,7.42487926949e-14,0
300.0,-0.015,-0.05,5.70492654628e-14,0
300.0,-0.02,-0.045,1.0454388077e-13,0
300.0,-0.015,-0.045,9.57356335218e-14,0
300.0,-0.02,-0.04,1.19507914932e-13,0
300.0,-0.015,-0.04,1.15665639495e-13,0
300.0,-0.02,-0.035,1.28438636736e-13,0
300.0,-0.015,-0.035,1.25048203258e-13,0
300.0,-0.02,-0.03,1.30752182861e-13,0
300.0,-0.02,-0.025,1.27133786677e-13,0
300.0,-0.015,-0.03,1.25444236645e-13,0
300.0,-0.015,-0.025,1.17634106616e-13,0
300.0,-0.02,-0.02,1.20196865105e-13,0
300.0,-0.02,-0.015,1.1230799071e-13,0
300.0,-0.015,-0.02,1.07193773354e-13,0
300.0,-0.015,-0.015,9.57618234291e-14,0
300.0,-0.02,-0.01,1.04532028614e-13,0
300.0,-0.015,-0.01,8.41483897718e-14,0
300.0,-0.02,-0.005,9.91679892981e-14,0
300.0,-0.015,-0.005,7.54130067194e-14,0
300.0,-0.02,0,9.8331803695e-14,0
300.0,-0.015,4.16333634234e-19,7.26715791999e-14,0
300.0,-0.02,0.005,1.02683517521e-13,0
300.0,-0.015,0.005,7.68870117138e-14,0
300.0,-0.02,0.01,1.10265874764e-13,0
300.0,-0.02,0.015,1.18502768547e-13,0
300.0,-0.015,0.01,8.56373985979e-14,0
300.0,-0.015,0.015,9.54954847219e-14,0
300.0,-0.02,0.02,1.25024704628e-13,0
300.0,-0.02,0.025,1.27498727424e-13,0
300.0,-0.015,0.02,1.03519104228e-13,0
300.0,-0.015,0.025,1.07504197024e-13,0
300.0,-0.02,0.03,1.24060864695e-13,0
300.0,-0.02,0.035,1.13578531065e-13,0
300.0,-0.015,0.03,1.05518954709e-13,0
300.0,-0.015,0.035,9.64851038856e-14,0
300.0,-0.02,0.04,9.29651623668e-14,0
300.0,-0.02,0.045,6.01264246712e-14,0
300.0,-0.015,0.04,7.75336162506e-14,0
300.0,-0.015,0.045,4.5782377369e-14,0
300.0,-0.02,0.05,1.98501672563e-14,0
300.0,-0.02,0.055,-2.38052672919e-14,0
300.0,-0.015,0.05,6.28792458046e-15,0
300.0,-0.015,0.055,-3.66596425269e-14,0
300.0,-0.02,0.06,-7.06789309664e-14,0
300.0,-0.02,0.065,-1.20031695821e-13,0
300.0,-0.015,0.06,-8.27276882932e-14,0
300.0,-0.015,0.065,-1.31532250754e-13,0
300.0,-0.02,0.07,-1.72178473922e-13,0
300.0,-0.02,0.075,-2.25938486646e-13,0
300.0,-0.015,0.07,-1.83706235973e-13,0
300.0,-0.015,0.075,-2.3846094029e-13,0
300.0,-0.01,-0.075,-3.40534859113e-13,0
300.0,-0.01,-0.07,-2.51595241057e-13,0
300.0,-0.005,-0.075,-3.57144282669e-13,0
300.0,-0.005,-0.07,-2.66630620819e-13,0
300.0,-0.01,-0.065,-1.63496412212e-13,0
300.0,-0.005,-0.065,-1.78502038078e-13,0
300.0,-0.01,-0.06,-7.7467652551e-14,0
300.0,-0.005,-0.06,-9.3868002689e-14,0
300.0,-0.01,-0.055,-8.42874381186e-15,0
300.0,-0.005,-0.055,-2.39129151213e-14,0
300.0,-0.01,-0.05,4.08388410894e-14,0
300.0,-0.005,-0.05,2.72521511332e-14,0
300.0,-0.01,-0.045,8.40814216145e-14,0
300.0,-0.005,-0.045,7.20795878391e-14,0
300.0,-0.01,-0.04,1.11065028532e-13,0
300.0,-0.005,-0.04,1.03002598359e-13,0
300.0,-0.01,-0.035,1.20960857282e-13,0
300.0,-0.005,-0.035,1.14442538484e-13,0
300.0,-0.01,-0.03,1.18472188289e-13,0
300.0,-0.005,-0.03,1.1111662421e-13,0
300.0,-0.01,-0.025,1.07377308878e-13,0
300.0,-0.005,-0.025,9.89591918337e-14,0
300.0,-0.01,-0.02,9.42403570555e-14,0
300.0,-0.01,-0.015,7.9474135287e-14,0
300.0,-0.005,-0.02,8.42964705139e-14,0
300.0,-0.005,-0.015,6.7285312614e-14,0
300.0,-0.0117873230072,-0.0115873794689,7.56021454313e-14,0
300.0,-0.00939961996336,-0.005,4.88683098382e-14,0
300.0,-0.00792797428371,-0.00964253216809,5.61080438768e-14,0
300.0,-0.005,-0.00939961996336,4.65557807851e-14,0
300.0,-0.0108753492546,-0.00150606400588,5.12329165332e-14,0
300.0,-0.00818101620308,-0.00211452602544,3.73562608789e-14,0
300.0,-0.00651817360753,-0.000255934956239,2.55795841935e-14,0
300.0,-0.005,6.71033969428e-08,1.18898234384e-14,0
300.0,-0.0107292118043,0.00160660295843,5.05910562486e-14,0
300.0,-0.0080188992252,0.000768320427092,3.50125586662e-14,0
300.0,-0.00939946851065,0.005,4.8134458795e-14,0
300.0,-0.00802129342231,0.00264911934363,3.71429452303e-14,0
300.0,-0.00887989370213,0.00887989479405,5.50312862208e-14,0
300.0,-0.01,0.015,7.53735212467e-14,0
300.0,-0.005,0.00939947397025,4.43918080218e-14,0
300.0,-0.005,0.015,6.16331016169e-14,0
300.0,-0.01,0.02,8.53204796066e-14,0
300.0,-0.01,0.025,9.0953390407e-14,0
300.0,-0.005,0.02,7.26220781818e-14,0
300.0,-0.005,0.025,7.90821589289e-14,0
300.0,-0.01,0.03,9.04855141674e-14,0
300.0,-0.01,0.035,8.23591084394e-14,0
300.0,-0.005,0.03,7.93320714001e-14,0
300.0,-0.005,0.035,7.14081178569e-14,0
300.0,-0.01,0.04,6.40715481663e-14,0
300.0,-0.01,0.045,3.37762940482e-14,0
300.0,-0.005,0.04,5.40070961651e-14,0
300.0,-0.005,0.045,2.59654865068e-14,0
300.0,-0.01,0.05,-3.95360260702e-15,0
300.0,-0.01,0.055,-4.58445668929e-14,0
300.0,-0.005,0.05,-8.95001737503e-15,0
300.0,-0.005,0.055,-4.85140722923e-14,0
300.0,-0.01,0.06,-9.07301530807e-14,0
300.0,-0.01,0.065,-1.38115308934e-13,0
300.0,-0.005,0.06,-9.11038730443e-14,0
300.0,-0.005,0.065,-1.35885740934e-13,0
300.0,-0.01,0.07,-1.89810022502e-13,0
300.0,-0.01,0.075,-2.45373061369e-13,0
300.0,-0.005,0.07,-1.8733874307e-13,0
300.0,-0.005,0.075,-2.43346315761e-13,0
300.0,0,-0.075,-3.51385562801e-13,0
300.0,0,-0.07,-2.65284249982e-13,0
300.0,0.005,-0.075,-3.27328440595e-13,0
300.0,0.005,-0.07,-2.47847006498e-13,0
300.0,0,-0.065,-1.82334751291e-13,0
300.0,0.005,-0.065,-1.70826131314e-13,0
300.0,0,-0.06,-1.04257623046e-13,0
300.0,0.005,-0.06,-9.91618535768e-14,0
300.0,0,-0.055,-3.53419403943e-14,0
300.0,0.005,-0.055,-3.23883117046e-14,0
300.0,0,-0.05,2.10523204076e-14,0
300.0,0.005,-0.05,2.42484996546e-14,0
300.0,0,-0.045,6.59898825924e-14,0
300.0,0.005,-0.045,6.61439699676e-14,0
300.0,0,-0.04,9.64646787187e-14,0
300.0,0.005,-0.04,9.43057800772e-14,0
300.0,0,-0.035,1.09097304799e-13,0
300.0,0.005,-0.035,1.06223670649e-13,0
300.0,0,-0.03,1.06379892559e-13,0
300.0,0.005,-0.03,1.04547379664e-13,0
300.0,0,-0.025,9.46098761263e-14,0
300.0,0.005,-0.025,9.46142599838e-14,0
300.0,0,-0.02,7.96133963628e-14,0
300.0,0.005,-0.02,8.02467197158e-14,0
300.0,0,-0.015,6.19785578886e-14,0
300.0,0.005,-0.015,6.39302391781e-14,0
300.0,-0.0021196717084,-0.00776771017156,3.33916152594e-14,0
300.0,-0.00084550708518,-0.00631514607954,2.36342270099e-14,0
300.0,6.71033969406e-08,-0.005,1.21729738602e-14,0
300.0,-0.00139054260708,-0.0110960807567,4.74234821551e-14,0
300.0,0.00132468676756,-0.00775008274642,3.20208229596e-14,0
300.0,0.00160394440688,-0.0116908851489,4.93294673468e-14,0
300.0,0.005,-0.00939946851065,4.46349613538e-14,0
300.0,0.005,0.005,2.79533821603e-14,0
300.0,-0.000107646311398,0.00617659695633,2.22264490497e-14,0
300.0,-0.00190846935279,0.0076427502668,3.16751329905e-14,0
300.0,0.00131146485568,0.00777290068297,3.0933246568e-14,0
300.0,0.00295884413402,0.00640276348073,2.73504216459e-14,0
300.0,-1.21517769428e-05,0.0108932602996,4.29385909429e-14,0
300.0,0,0.015,5.52072317562e-14,0
300.0,0.005,0.00939942566771,4.12512675568e-14,0
300.0,0.005,0.015,5.51961585509e-14,0
300.0,0,0.02,6.56909095281e-14,0
300.0,0,0.025,7.18735805162e-14,0
300.0,0.005,0.02,6.37383416166e-14,0
300.0,0.005,0.025,6.87210453431e-14,0
300.0,0,0.03,7.20658444224e-14,0
300.0,0,0.035,6.35239798066e-14,0
300.0,0.005,0.03,6.79786354956e-14,0
300.0,0.005,0.035,5.84072968657e-14,0
300.0,0,0.04,4.70010716815e-14,0
300.0,0,0.045,2.24838208553e-14,0
300.0,0.005,0.04,4.23275446862e-14,0
300.0,0.005,0.045,2.10904140909e-14,0
300.0,0,0.05,-9.18441575431e-15,0
300.0,0,0.055,-4.55534142047e-14,0
300.0,0.005,0.05,-6.65978598057e-15,0
300.0,0.005,0.055,-3.974021076e-14,0
300.0,0,0.06,-8.61019593568e-14,0
300.0,0,0.065,-1.29465882579e-13,0
300.0,0.005,0.06,-7.85831863869e-14,0
300.0,0.005,0.065,-1.20897033775e-13,0
300.0,0,0.07,-1.79497536818e-13,0
300.0,0,0.075,-2.33817302612e-13,0
300.0,0.005,0.07,-1.67650940293e-13,0
300.0,0.005,0.075,-2.18153710387e-13,0
300.0,0.01,-0.075,-2.9866085484e-13,0
300.0,0.01,-0.07,-2.22612360139e-13,0
300.0,0.015,-0.075,-2.66953089743e-13,0
300.0,0.015,-0.07,-1.93985624725e-13,0
300.0,0.01,-0.065,-1.4925428203e-13,0
300.0,0.015,-0.065,-1.24270971413e-13,0
300.0,0.01,-0.06,-8.0282485982e-14,0
300.0,0.015,-0.06,-5.77117603233e-14,0
300.0,0.01,-0.055,-1.62559390199e-14,0
300.0,0.015,-0.055,1.83560693308e-15,0
300.0,0.01,-0.05,3.36017273774e-14,0
300.0,0.015,-0.05,4.30418804996e-14,0
300.0,0.01,-0.045,6.93281083145e-14,0
300.0,0.015,-0.045,7.34248142407e-14,0
300.0,0.01,-0.04,9.42870706595e-14,0
300.0,0.015,-0.04,9.50627838535e-14,0
300.0,0.01,-0.035,1.05573934095e-13,0
300.0,0.015,-0.035,1.05778426696e-13,0
300.0,0.01,-0.03,1.0533760135e-13,0
300.0,0.015,-0.03,1.07527857521e-13,0
300.0,0.01,-0.025,9.79317618044e-14,0
300.0,0.015,-0.025,1.03184705936e-13,0
300.0,0.01,-0.02,8.53537464064e-14,0
300.0,0.01,-0.015,7.10820298949e-14,0
300.0,0.015,-0.02,9.2683020145e-14,0
300.0,0.015,-0.015,8.00603608695e-14,0
300.0,0.00999280436795,-0.0116358337096,6.16884929961e-14,0
300.0,0.0105889214373,-0.00845762197625,5.48528976817e-14,0
300.0,0.015,-0.01,6.83764232177e-14,0
300.0,0.00939947397025,-0.005,4.39229830203e-14,0
300.0,0.015,-0.005,5.9112434177e-14,0
300.0,0.00658051136513,-0.00296146438142,3.01353143899e-14,0
300.0,0.00636794669772,-3.54305826484e-06,2.51074002154e-14,0
300.0,0.00795807888052,-0.00113999998936,3.38719145598e-14,0
300.0,0.00758147027913,0.00183630393596,3.24430626125e-14,0
300.0,0.0112534647756,-1.47536350887e-07,4.49573139638e-14,0
300.0,0.015,4.16333634234e-19,5.48049805727e-14,0
300.0,0.00939942566771,0.005,4.20907808441e-14,0
300.0,0.015,0.005,5.5829340302e-14,0
300.0,0.00999018807453,0.0109670628501,5.28565853477e-14,0
300.0,0.01,0.015,5.92048320066e-14,0
300.0,0.015,0.01,6.00156925648e-14,0
300.0,0.015,0.015,6.47797844483e-14,0
300.0,0.01,0.02,6.52250132562e-14,0
300.0,0.01,0.025,6.84314076132e-14,0
300.0,0.015,0.02,6.84476938824e-14,0
300.0,0.015,0.025,6.96423961088e-14,0
300.0,0.01,0.03,6.62107556426e-14,0
300.0,0.01,0.035,5.64623138608e-14,0
300.0,0.015,0.03,6.59232316523e-14,0
300.0,0.015,0.035,5.60746962407e-14,0
300.0,0.01,0.04,4.11510221135e-14,0
300.0,0.01,0.045,2.18360506823e-14,0
300.0,0.015,0.04,4.17088430837e-14,0
300.0,0.015,0.045,2.4286524364e-14,0
300.0,0.01,0.05,-2.29973387522e-15,0
300.0,0.01,0.055,-3.10672165636e-14,0
300.0,0.015,0.05,3.33780710775e-15,0
300.0,0.015,0.055,-2.07925232245e-14,0
300.0,0.01,0.06,-6.66095294967e-14,0
300.0,0.01,0.065,-1.06947712951e-13,0
300.0,0.015,0.06,-5.1948294221e-14,0
300.0,0.015,0.065,-8.85015778374e-14,0
300.0,0.01,0.07,-1.50031882471e-13,0
300.0,0.01,0.075,-1.95288401377e-13,0
300.0,0.015,0.07,-1.26665631039e-13,0
300.0,0.015,0.075,-1.65353880657e-13,0
300.0,0.02,-0.075,-2.25945059609e-13,0
300.0,0.02,-0.07,-1.57902913392e-13,0
300.0,0.025,-0.075,-1.74023382563e-13,0
300.0,0.025,-0.07,-1.13324365091e-13,0
300.0,0.02,-0.065,-9.28169293729e-14,0
300.0,0.025,-0.065,-5.54210411991e-14,0
300.0,0.02,-0.06,-3.07640810743e-14,0
300.0,0.025,-0.06,-2.99360187055e-15,0
300.0,0.02,-0.055,1.96168763129e-14,0
300.0,0.025,-0.055,3.72512933934e-14,0
300.0,0.02,-0.05,5.37159263345e-14,0
300.0,0.025,-0.05,6.71694728343e-14,0
300.0,0.02,-0.045,8.06497029167e-14,0
300.0,0.025,-0.045,9.05691979827e-14,0
300.0,0.02,-0.04,9.89092325807e-14,0
300.0,0.025,-0.04,1.05202642724e-13,0
300.0,0.02,-0.035,1.07649028363e-13,0
300.0,0.025,-0.035,1.09890007311e-13,0
300.0,0.02,-0.03,1.08924213651e-13,0
300.0,0.025,-0.03,1.07966831288e-13,0
300.0,0.02,-0.025,1.06424270091e-13,0
300.0,0.025,-0.025,1.04287369778e-13,0
300.0,0.02,-0.02,9.88129761144e-14,0
300.0,0.025,-0.02,9.78905037278e-14,0
300.0,0.02,-0.015,8.7183995352e-14,0
300.0,0.025,-0.015,8.87688916165e-14,0
300.0,0.02,-0.01,7.68272866255e-14,0
300.0,0.025,-0.01,8.01240998078e-14,0
300.0,0.02,-0.005,6.91911911751e-14,0
300.0,0.025,-0.005,7.41995967777e-14,0
300.0,0.02,0,6.54045383839e-14,0
300.0,0.025,4.16333634234e-19,7.14882771873e-14,0
300.0,0.02,0.005,6.53503989186e-14,0
300.0,0.025,0.005,7.12290467076e-14,0
300.0,0.02,0.01,6.74096268865e-14,0
300.0,0.025,0.01,7.21742722744e-14,0
300.0,0.02,0.015,6.9993486069e-14,0
300.0,0.025,0.015,7.28822499378e-14,0
300.0,0.02,0.02,7.17038817908e-14,0
300.0,0.02,0.025,7.10929743478e-14,0
300.0,0.025,0.02,7.29635072651e-14,0
300.0,0.025,0.025,7.18694067833e-14,0
300.0,0.02,0.03,6.64085315869e-14,0
300.0,0.02,0.035,5.68156299605e-14,0
300.0,0.025,0.03,6.73239973316e-14,0
300.0,0.025,0.035,5.80748715624e-14,0
300.0,0.02,0.04,4.35310900942e-14,0
300.0,0.02,0.045,2.79745625727e-14,0
300.0,0.025,0.04,4.58760463989e-14,0
300.0,0.025,0.045,3.23275121835e-14,0
300.0,0.02,0.05,9.6985767185e-15,0
300.0,0.02,0.055,-1.10277314597e-14,0
300.0,0.025,0.05,1.659866281e-14,0
300.0,0.025,0.055,-1.24199752729e-15,0
300.0,0.02,0.06,-3.75260200353e-14,0
300.0,0.02,0.065,-6.88755535227e-14,0
300.0,0.025,0.06,-2.31849021343e-14,0
300.0,0.025,0.065,-4.9143447997e-14,0
300.0,0.02,0.07,-1.00185677582e-13,0
300.0,0.02,0.075,-1.30754624114e-13,0
300.0,0.025,0.07,-7.39042454662e-14,0
300.0,0.025,0.075,-9.75280233128e-14,0
300.0,0.03,-0.075,-1.10086940758e-13,0
300.0,0.03,-0.07,-6.26442162583e-14,0
300.0,0.035,-0.075,-4.50288002269e-14,0
300.0,0.035,-0.07,-1.31137408196e-14,0
300.0,0.03,-0.065,-1.62929479832e-14,0
300.0,0.035,-0.065,1.9885595347e-14,0
300.0,0.03,-0.06,2.47860872444e-14,0
300.0,0.035,-0.06,4.95193312549e-14,0
300.0,0.03,-0.055,5.71319468117e-14,0
300.0,0.035,-0.055,7.30331112509e-14,0
300.0,0.03,-0.05,8.19006471324e-14,0
300.0,0.035,-0.05,8.98048437199e-14,0
300.0,0.03,-0.045,9.94350040423e-14,0
300.0,0.035,-0.045,9.88304979013e-14,0
300.0,0.03,-0.04,1.07391635977e-13,0
300.0,0.035,-0.04,9.9658676733e-14,0
300.0,0.03,-0.035,1.06542744743e-13,0
300.0,0.035,-0.035,9.58800747133e-14,0
300.0,0.03,-0.03,1.01767750328e-13,0
300.0,0.035,-0.03,8.98392726894e-14,0
300.0,0.03,-0.025,9.62112809978e-14,0
300.0,0.035,-0.025,8.33442739615e-14,0
300.0,0.03,-0.02,8.95806035426e-14,0
300.0,0.035,-0.02,7.65445744336e-14,0
300.0,0.03,-0.015,8.27007756984e-14,0
300.0,0.035,-0.015,7.03739143014e-14,0
300.0,0.03,-0.01,7.6530639287e-14,0
300.0,0.035,-0.01,6.53605231603e-14,0
300.0,0.03,-0.005,7.23982720011e-14,0
300.0,0.035,-0.005,6.22352918708e-14,0
300.0,0.03,0,7.07025589961e-14,0
300.0,0.035,4.16333634234e-19,6.14987715667e-14,0
300.0,0.03,0.005,7.11461702406e-14,0
300.0,0.035,0.005,6.29224987127e-14,0
300.0,0.03,0.01,7.20221027346e-14,0
300.0,0.035,0.01,6.49365017101e-14,0
300.0,0.03,0.015,7.16780887271e-14,0
300.0,0.035,0.015,6.53828901146e-14,0
300.0,0.03,0.02,7.10764398583e-14,0
300.0,0.035,0.02,6.54295717993e-14,0
300.0,0.03,0.025,7.04979078901e-14,0
300.0,0.035,0.025,6.59968639312e-14,0
300.0,0.03,0.03,6.71137610989e-14,0
300.0,0.03,0.035,5.88348712248e-14,0
300.0,0.035,0.03,6.44541539903e-14,0
300.0,0.035,0.035,5.82455102079e-14,0
300.0,0.03,0.04,4.79127990127e-14,0
300.0,0.03,0.045,3.63390110324e-14,0
300.0,0.035,0.04,4.9072388769e-14,0
300.0,0.035,0.045,3.95098829876e-14,0
300.0,0.03,0.05,2.34451804975e-14,0
300.0,0.03,0.055,9.11312114504e-15,0
300.0,0.035,0.05,2.95588021134e-14,0
300.0,0.035,0.055,1.86835746018e-14,0
300.0,0.03,0.06,-7.74193417858e-15,0
300.0,0.03,0.065,-2.79702547183e-14,0
300.0,0.035,0.06,6.97424586127e-15,0
300.0,0.035,0.065,-7.16963935687e-15,0
300.0,0.03,0.07,-4.91177107753e-14,0
300.0,0.03,0.075,-7.02238591852e-14,0
300.0,0.035,0.07,-2.43647613261e-14,0
300.0,0.035,0.075,-4.25966301658e-14,0
300.0,0.04,-0.075,7.30425559788e-15,0
300.0,0.04,-0.07,2.505960528e-14,0
300.0,0.045,-0.075,3.55054364873e-14,0
300.0,0.045,-0.07,4.29378058171e-14,0
300.0,0.04,-0.065,4.58333607167e-14,0
300.0,0.045,-0.065,5.38754987097e-14,0
300.0,0.04,-0.06,6.45853224058e-14,0
300.0,0.045,-0.06,6.35579539104e-14,0
300.0,0.04,-0.055,7.83747289355e-14,0
300.0,0.045,-0.055,6.96950299895e-14,0
300.0,0.04,-0.05,8.57384659745e-14,0
300.0,0.045,-0.05,7.0738282515e-14,0
300.0,0.04,-0.045,8.7228179111e-14,0
300.0,0.045,-0.045,6.94744463804e-14,0
300.0,0.04,-0.04,8.49061158083e-14,0
300.0,0.045,-0.04,6.61217229043e-14,0
300.0,0.04,-0.035,8.00483771609e-14,0
300.0,0.045,-0.035,6.08331130516e-14,0
300.0,0.04,-0.03,7.3374774109e-14,0
300.0,0.045,-0.03,5.38526929888e-14,0
300.0,0.04,-0.025,6.61669961488e-14,0
300.0,0.045,-0.025,4.59689446154e-14,0
300.0,0.04,-0.02,5.907351465e-14,0
300.0,0.045,-0.02,3.83418507474e-14,0
300.0,0.04,-0.015,5.29624185215e-14,0
300.0,0.045,-0.015,3.1890914356e-14,0
300.0,0.04,-0.01,4.83131399956e-14,0
300.0,0.045,-0.01,2.70676092778e-14,0
300.0,0.04,-0.005,4.55759976724e-14,0
300.0,0.045,-0.005,2.42593886842e-14,0
300.0,0.04,0,4.55343778594e-14,0
300.0,0.045,4.16333634234e-19,2.50528818128e-14,0
300.0,0.04,0.005,4.80994467193e-14,0
300.0,0.045,0.005,2.86137897844e-14,0
300.0,0.04,0.01,5.20950541889e-14,0
300.0,0.045,0.01,3.41673916189e-14,0
300.0,0.04,0.015,5.44268633959e-14,0
300.0,0.045,0.015,3.91043325528e-14,0
300.0,0.04,0.02,5.57953227198e-14,0
300.0,0.045,0.02,4.23474150144e-14,0
300.0,0.04,0.025,5.79773444127e-14,0
300.0,0.045,0.025,4.65237891707e-14,0
300.0,0.04,0.03,5.87916812629e-14,0
300.0,0.045,0.03,5.03249929583e-14,0
300.0,0.04,0.035,5.51839650604e-14,0
300.0,0.045,0.035,5.00419550689e-14,0
300.0,0.04,0.04,4.83696414003e-14,0
300.0,0.04,0.045,4.10520228928e-14,0
300.0,0.045,0.04,4.55029670977e-14,0
300.0,0.045,0.045,3.96271737352e-14,0
300.0,0.04,0.05,3.39963340962e-14,0
300.0,0.04,0.055,2.66469514053e-14,0
300.0,0.045,0.05,3.49080919889e-14,0
300.0,0.045,0.055,3.07640543174e-14,0
300.0,0.04,0.06,1.82904031501e-14,0
300.0,0.04,0.065,9.13751708622e-15,0
300.0,0.045,0.06,2.54618023198e-14,0
300.0,0.045,0.065,1.98105542479e-14,0
300.0,0.04,0.07,-6.92547826657e-16,0
300.0,0.04,0.075,-1.05089156222e-14,0
300.0,0.045,0.07,1.58150827882e-14,0
300.0,0.045,0.075,1.28556864547e-14,0
300.0,0.05,-0.075,3.97889236134e-14,0
300.0,0.05,-0.07,4.20290376804e-14,0
300.0,0.055,-0.075,2.9391893238e-14,0
300.0,0.055,-0.07,2.98072902475e-14,0
300.0,0.05,-0.065,4.60897650706e-14,0
300.0,0.055,-0.065,3.10204602773e-14,0
300.0,0.05,-0.06,5.00823548239e-14,0
300.0,0.055,-0.06,3.25274797985e-14,0
300.0,0.05,-0.055,5.17785841505e-14,0
300.0,0.055,-0.055,3.2345072666e-14,0
300.0,0.05,-0.05,5.10106862255e-14,0
300.0,0.055,-0.05,3.05221565517e-14,0
300.0,0.05,-0.045,4.8847515268e-14,0
300.0,0.055,-0.045,2.76928985787e-14,0
300.0,0.05,-0.04,4.48861309564e-14,0
300.0,0.055,-0.04,2.30684939218e-14,0
300.0,0.05,-0.035,3.90880270084e-14,0
300.0,0.055,-0.035,1.6005009539e-14,0
300.0,0.05,-0.03,3.15098946935e-14,0
300.0,0.055,-0.03,6.81507689125e-15,0
300.0,0.05,-0.025,2.27284447332e-14,0
300.0,0.055,-0.025,-3.22943934308e-15,0
300.0,0.05,-0.02,1.43461754025e-14,0
300.0,0.055,-0.02,-1.25550311571e-14,0
300.0,0.05,-0.015,7.21724952207e-15,0
300.0,0.055,-0.015,-2.07669682486e-14,0
300.0,0.05,-0.01,1.67479288401e-15,0
300.0,0.055,-0.01,-2.76960800425e-14,0
300.0,0.05,-0.005,-1.96937406338e-15,0
300.0,0.055,-0.005,-3.27496260378e-14,0
300.0,0.05,0,-1.53914713963e-15,0
300.0,0.055,4.16333634234e-19,-3.43071684692e-14,0
300.0,0.05,0.005,2.58375777494e-15,0
300.0,0.055,0.005,-3.11853472476e-14,0
300.0,0.05,0.01,8.96474664817e-15,0
300.0,0.055,0.01,-2.39213324627e-14,0
300.0,0.05,0.015,1.59787853042e-14,0
300.0,0.055,0.015,-1.46995377989e-14,0
300.0,0.05,0.02,2.1901318041e-14,0
300.0,0.055,0.02,-6.1414720701e-15,0
300.0,0.05,0.025,2.82887173064e-14,0
300.0,0.055,0.025,1.73454760528e-15,0
300.0,0.05,0.03,3.40690997593e-14,0
300.0,0.055,0.03,8.50913032777e-15,0
300.0,0.05,0.035,3.70152233208e-14,0
300.0,0.055,0.035,1.38969690152e-14,0
300.0,0.05,0.04,3.7089077813e-14,0
300.0,0.055,0.04,2.01934588238e-14,0
300.0,0.05,0.045,3.45333014445e-14,0
300.0,0.055,0.045,2.52757440385e-14,0
300.0,0.05,0.05,3.22799579798e-14,0
300.0,0.05,0.055,3.07751993687e-14,0
300.0,0.055,0.05,2.72527823792e-14,0
300.0,0.055,0.055,2.85923863347e-14,0
300.0,0.05,0.06,2.94193563011e-14,0
300.0,0.05,0.065,2.74145519799e-14,0
300.0,0.055,0.06,3.14171442822e-14,0
300.0,0.055,0.065,3.38075692154e-14,0
300.0,0.05,0.07,2.54410444187e-14,0
300.0,0.05,0.075,2.38167692777e-14,0
300.0,0.055,0.07,3.41392162534e-14,0
300.0,0.055,0.075,3.40073257126e-14,0
300.0,0.06,-0.075,1.11542030316e-14,0
300.0,0.06,-0.07,1.13250675896e-14,0
300.0,0.065,-0.075,-8.40443684313e-15,0
300.0,0.065,-0.07,-8.45758096646e-15,0
300.0,0.06,-0.065,1.19730348564e-14,0
300.0,0.065,-0.065,-8.3517045335e-15,0
300.0,0.06,-0.06,1.24881257299e-14,0
300.0,0.065,-0.06,-8.69084256392e-15,0
300.0,0.06,-0.055,1.14532465688e-14,0
300.0,0.065,-0.055,-1.03587062103e-14,0
300.0,0.06,-0.05,8.86142140523e-15,0
300.0,0.065,-0.05,-1.36740656615e-14,0
300.0,0.06,-0.045,5.24116829411e-15,0
300.0,0.065,-0.045,-1.87281100341e-14,0
300.0,0.06,-0.04,-7.76196044579e-16,0
300.0,0.065,-0.04,-2.78321271296e-14,0
300.0,0.06,-0.035,-1.00823228235e-14,0
300.0,0.065,-0.035,-3.98905823082e-14,0
300.0,0.06,-0.03,-2.11902758388e-14,0
300.0,0.065,-0.03,-5.25558936283e-14,0
300.0,0.06,-0.025,-3.23953415272e-14,0
300.0,0.065,-0.025,-6.46654046828e-14,0
300.0,0.06,-0.02,-4.28471501378e-14,0
300.0,0.065,-0.02,-7.60096646074e-14,0
300.0,0.06,-0.015,-5.24443766372e-14,0
300.0,0.065,-0.015,-8.7110907298e-14,0
300.0,0.06,-0.01,-6.08400752628e-14,0
300.0,0.065,-0.01,-9.71446925448e-14,0
300.0,0.06,-0.005,-6.75742498113e-14,0
300.0,0.065,-0.005,-1.05692196577e-13,0
300.0,0.06,0,-7.18094808633e-14,0
300.0,0.065,4.16333634234e-19,-1.13102322166e-13,0
300.0,0.06,0.005,-7.18304808963e-14,0
300.0,0.065,0.005,-1.17215286094e-13,0
300.0,0.06,0.01,-6.58808873307e-14,0
300.0,0.065,0.01,-1.14093674886e-13,0
300.0,0.06,0.015,-5.54550448482e-14,0
300.0,0.065,0.015,-1.03756340631e-13,0
300.0,0.06,0.02,-4.3893265526e-14,0
300.0,0.065,0.02,-8.91704662507e-14,0
300.0,0.06,0.025,-3.2567893327e-14,0
300.0,0.065,0.025,-7.2647487544e-14,0
300.0,0.06,0.03,-2.2257316681e-14,0
300.0,0.065,0.03,-5.62304708916e-14,0
300.0,0.06,0.035,-1.30673246757e-14,0
300.0,0.065,0.035,-4.21224400547e-14,0
300.0,0.06,0.04,-3.51725517151e-15,0
300.0,0.065,0.04,-2.98021141986e-14,0
300.0,0.06,0.045,6.51298417763e-15,0
300.0,0.065,0.045,-1.74204266709e-14,0
300.0,0.06,0.05,1.503410956e-14,0
300.0,0.065,0.05,-4.9810698652e-15,0
300.0,0.06,0.055,2.18310533229e-14,0
300.0,0.065,0.055,7.21595754706e-15,0
300.0,0.06,0.06,2.84606951702e-14,0
300.0,0.06,0.065,3.46479860805e-14,0
300.0,0.065,0.06,1.82306360035e-14,0
300.0,0.065,0.065,2.81914912823e-14,0
300.0,0.06,0.07,3.96655816299e-14,0
300.0,0.06,0.075,4.50090647515e-14,0
300.0,0.065,0.07,3.79741811845e-14,0
300.0,0.065,0.075,4.85351330432e-14,0
300.0,0.07,-0.075,-2.86975676331e-14,0
300.0,0.07,-0.07,-2.88976018232e-14,0
300.0,0.075,-0.075,-4.92045499217e-14,0
300.0,0.075,-0.07,-4.94741411991e-14,0
300.0,0.07,-0.065,-2.91238325454e-14,0
300.0,0.075,-0.065,-4.98639050034e-14,0
300.0,0.07,-0.06,-3.01100682092e-14,0
300.0,0.075,-0.06,-5.12668860622e-14,0
300.0,0.07,-0.055,-3.23631087814e-14,0
300.0,0.075,-0.055,-5.40718724289e-14,0
300.0,0.07,-0.05,-3.71103869719e-14,0
300.0,0.075,-0.05,-6.07858416714e-14,0
300.0,0.07,-0.045,-4.54096303288e-14,0
300.0,0.075,-0.045,-7.24962146138e-14,0
300.0,0.07,-0.04,-5.76171684377e-14,0
300.0,0.075,-0.04,-8.7961359403e-14,0
300.0,0.07,-0.035,-7.18328411152e-14,0
300.0,0.075,-0.035,-1.04698476554e-13,0
300.0,0.07,-0.03,-8.59149174682e-14,0
300.0,0.075,-0.03,-1.20147629391e-13,0
300.0,0.07,-0.025,-9.96300850979e-14,0
300.0,0.075,-0.025,-1.35547111926e-13,0
300.0,0.07,-0.02,-1.12971991073e-13,0
300.0,0.075,-0.02,-1.51850482847e-13,0
300.0,0.07,-0.015,-1.25579720937e-13,0
300.0,0.075,-0.015,-1.66605333425e-13,0
300.0,0.07,-0.01,-1.37075618572e-13,0
300.0,0.075,-0.01,-1.79261459898e-13,0
300.0,0.07,-0.005,-1.47795072411e-13,0
300.0,0.075,-0.005,-1.91729731135e-13,0
300.0,0.07,0,-1.57207202226e-13,0
300.0,0.075,0,-2.02834323729e-13,0
300.0,0.07,0.005,-1.63864199123e-13,0
300.0,0.075,0.005,-2.11423876063e-13,0
300.0,0.07,0.01,-1.63679242055e-13,0
300.0,0.075,0.01,-2.14214885244e-13,0
300.0,0.07,0.015,-1.53825667653e-13,0
300.0,0.075,0.015,-2.04768542848e-13,0
300.0,0.07,0.02,-1.36346654462e-13,0
300.0,0.075,0.02,-1.84014384444e-13,0
300.0,0.07,0.025,-1.14166836312e-13,0
300.0,0.075,0.025,-1.55639658961e-13,0
300.0,0.07,0.03,-9.08800998347e-14,0
300.0,0.075,0.03,-1.24894932925e-13,0
300.0,0.07,0.035,-7.16002967857e-14,0
300.0,0.075,0.035,-1.0034048189e-13,0
300.0,0.07,0.04,-5.70900541241e-14,0
300.0,0.075,0.04,-8.44153933391e-14,0
300.0,0.07,0.045,-4.27109594716e-14,0
300.0,0.075,0.045,-6.85400707128e-14,0
300.0,0.07,0.05,-2.7734306094e-14,0
300.0,0.075,0.05,-5.11643339593e-14,0
300.0,0.07,0.055,-1.20792660592e-14,0
300.0,0.075,0.055,-3.25407288476e-14,0
300.0,0.07,0.06,3.8166811823e-15,0
300.0,0.075,0.06,-1.14700758584e-14,0
300.0,0.07,0.065,1.8290367288e-14,0
300.0,0.075,0.065,7.90116685232e-15,0
300.0,0.07,0.07,3.11833646977e-14,0
300.0,0.07,0.075,4.38134199442e-14,0
300.0,0.075,0.07,2.32255897818e-14,0
300.0,0.075,0.075,3.70434572827e-14,0
400.0,-0.00382671281566,-0.00202612167119,0,0
400.0,-0.005,-0.005,1.99669992352e-14,0
400.0,-0.00197892066871,-0.00385133392306,0,0
400.0,-0.005,-0.00190753787223,1.44738924447e-14,0
400.0,-0.00433,0,0,0
400.0,-0.00190753787223,-0.005,1.45242383909e-14,0
400.0,0,-0.00433,0,0
400.0,-0.005,0.00190775150599,1.55127315209e-14,0
400.0,-0.00385133392306,0.00197892066871,0,0
400.0,0.00190775150599,-0.005,1.64186473967e-14,0
400.0,0.00202612167119,-0.00382671281566,0,0
400.0,-0.00202612167119,0.00382671281566,0,0
400.0,-0.005,0.005,2.77306289416e-14,0
400.0,-0.0019094272225,0.005,1.61157862649e-14,0
400.0,0,0.00433,0,0
400.0,0.00147766755988,0.00407006125046,0,0
400.0,8.32667268469e-19,0.005,1.21737979766e-14,0
400.0,0.00433,0,0,0
400.0,0.005,1.38777878078e-18,1.17119745311e-14,0
400.0,0.00407006125046,0.00147766755988,0,0
400.0,0.005,-0.005,3.42533539247e-14,0
400.0,0.00385133392306,-0.00197892066871,0,0
400.0,0.005,-0.0019094272225,1.66805039183e-14,0
400.0,0.00306177236254,0.00306177236254,0,0
400.0,0.0019094272225,0.005,1.73450001715e-14,0
400.0,0.005,0.0019094272225,1.68410387512e-14,0
400.0,-0.000885,-0.0015328649647,1.27154303514e-12,0
400.0,-0.0015328649647,-0.000885,1.27166542302e-12,0
400.0,-0.00186450691264,-0.00187567167242,8.4304048129e-13,0
400.0,-0.00177,0,1.27135713678e-12,0
400.0,-0.00268433516245,-0.000738983120158,7.59120485175e-13,0
400.0,0,-0.00177,1.27150464971e-12,0
400.0,-0.000718432264205,-0.00269192408424,7.57414281318e-13,0
400.0,-0.0015328649647,0.000885,1.26985261088e-12,0
400.0,-0.00265321485144,0.000647311733689,7.89903998891e-13,0
400.0,-0.000885,0.0015328649647,1.26822501646e-12,0
400.0,-0.00194719253591,0.00178443766524,8.43966770262e-13,0
400.0,0,0.00177,1.26411870811e-12,0
400.0,-0.000802720381054,0.00273415977115,7.17513181349e-13,0
400.0,0.000885,-0.0015328649647,1.27019343685e-12,0
400.0,0.00075154031863,-0.00270385456952,7.45304060731e-13,0
400.0,0.00177,0,1.26245843525e-12,0
400.0,0.0015328649647,-0.000885,1.26804092606e-12,0
400.0,0.00271471102228,-0.000564731152102,7.60928068856e-13,0
400.0,0.00192394637685,-0.00189207206672,8.10110679518e-13,0
400.0,0.00231817117671,0.00040530921667,9.87928481543e-13,0
400.0,0.0015328649647,0.000885,1.26072470611e-12,0
400.0,0.000885,0.0015328649647,1.26142978153e-12,0
400.0,0.000427053001345,0.00287092483521,6.82201978969e-13,0
400.0,0.00187618296239,0.00184774001435,8.33355403952e-13,0
400.0,0.00312733402203,0.000607809752493,5.19208533915e-13,0
400.0,0.00276214303706,0.00136595635004,5.76869911735e-13,0
400.0,0.0014100336009,0.00268674970267,6.04782723158e-13,0
400.0,-0.075,-0.075,8.7612574008e-13,0
400.0,-0.07,-0.075,7.37667783779e-13,0
400.0,-0.075,-0.07,7.19247539065e-13,0
400.0,-0.07,-0.07,5.90555571872e-13,0
400.0,-0.075,-0.065,5.68372492109e-13,0
400.0,-0.07,-0.065,4.50808878952e-13,0
400.0,-0.065,-0.075,5.90644498273e-13,0
400.0,-0.065,-0.07,4.5762514062e-13,0
400.0,-0.065,-0.065,3.30535733129e-13,0
400.0,-0.075,-0.06,4.37996691399e-13,0
400.0,-0.07,-0.06,3.2706218077e-13,0
400.0,-0.065,-0.06,2.16487424796e-13,0
400.0,-0.075,-0.055,3.16805419564e-13,0
400.0,-0.07,-0.055,2.11343125545e-13,0
400.0,-0.065,-0.055,1.07796560893e-13,0
400.0,-0.075,-0.05,2.08933294948e-13,0
400.0,-0.07,-0.05,1.08688064202e-13,0
400.0,-0.065,-0.05,1.03584123091e-14,0
400.0,-0.075,-0.045,1.27720994483e-13,0
400.0,-0.07,-0.045,2.77980685633e-14,0
400.0,-0.065,-0.045,-7.30668080784e-14,0
400.0,-0.075,-0.04,1.06202934213e-13,0
400.0,-0.07,-0.04,-3.33881899197e-15,0
400.0,-0.075,-0.035,1.66381372846e-13,0
400.0,-0.07,-0.035,3.34722586184e-14,0
400.0,-0.065,-0.04,-1.17268221685e-13,0
400.0,-0.065,-0.035,-1.02874648786e-13,0
400.0,-0.075,-0.03,2.93321825116e-13,0
400.0,-0.07,-0.03,1.27608266348e-13,0
400.0,-0.075,-0.025,4.64547145771e-13,0
400.0,-0.07,-0.025,2.62126054879e-13,0
400.0,-0.065,-0.03,-3.81696756495e-14,0
400.0,-0.065,-0.025,6.42611798899e-14,0
400.0,-0.075,-0.02,6.4838256768e-13,0
400.0,-0.07,-0.02,4.13278147482e-13,0
400.0,-0.075,-0.015,8.08703439601e-13,0
400.0,-0.07,-0.015,5.52753332179e-13,0
400.0,-0.065,-0.02,1.85985609998e-13,0
400.0,-0.065,-0.015,3.06972782433e-13,0
400.0,-0.075,-0.01,9.04389920217e-13,0
400.0,-0.07,-0.01,6.50922666864e-13,0
400.0,-0.075,-0.005,9.04321464629e-13,0
400.0,-0.07,-0.005,6.76655214526e-13,0
400.0,-0.065,-0.01,4.05527728992e-13,0
400.0,-0.065,-0.005,4.55352419711e-13,0
400.0,-0.075,0,8.45298113127e-13,0
400.0,-0.07,0,6.38759763645e-13,0
400.0,-0.075,0.005,7.49655836416e-13,0
400.0,-0.07,0.005,5.6375191137e-13,0
400.0,-0.065,4.16333634234e-19,4.4868567467e-13,0
400.0,-0.065,0.005,4.04987460455e-13,0
400.0,-0.075,0.01,5.30313394777e-13,0
400.0,-0.07,0.01,3.97037347367e-13,0
400.0,-0.075,0.015,1.91676567925e-13,0
400.0,-0.07,0.015,1.38547200837e-13,0
400.0,-0.065,0.01,2.94914070992e-13,0
400.0,-0.065,0.015,1.06635204289e-13,0
400.0,-0.075,0.02,-1.82747836175e-13,0
400.0,-0.07,0.02,-1.39270068211e-13,0
400.0,-0.075,0.025,-5.46769223371e-13,0
400.0,-0.07,0.025,-4.11819873083e-13,0
400.0,-0.065,0.02,-9.33360252295e-14,0
400.0,-0.065,0.025,-2.92136650648e-13,0
400.0,-0.075,0.03,-8.64732753785e-13,0
400.0,-0.07,0.03,-6.58864441172e-13,0
400.0,-0.075,0.035,-1.08840222131e-12,0
400.0,-0.07,0.035,-8.26767429181e-13,0
400.0,-0.065,0.03,-4.79666346066e-13,0
400.0,-0.065,0.035,-5.95601330283e-13,0
400.0,-0.075,0.04,-1.1795166353e-12,0
400.0,-0.07,0.04,-8.84125590581e-13,0
400.0,-0.075,0.045,-1.13360118636e-12,0
400.0,-0.07,0.045,-8.3101341407e-13,0
400.0,-0.065,0.04,-6.16930610087e-13,0
400.0,-0.065,0.045,-5.5272861926e-13,0
400.0,-0.075,0.05,-9.75047713245e-13,0
400.0,-0.07,0.05,-6.88538308437e-13,0
400.0,-0.075,0.055,-7.50865469359e-13,0
400.0,-0.07,0.055,-4.93693078912e-13,0
400.0,-0.065,0.05,-4.28851286383e-13,0
400.0,-0.065,0.055,-2.6762959092e-13,0
400.0,-0.075,0.06,-5.05372898636e-13,0
400.0,-0.07,0.06,-2.8864332687e-13,0
400.0,-0.075,0.065,-2.59504364358e-13,0
400.0,-0.07,0.065,-7.91323184731e-14,0
400.0,-0.065,0.06,-1.01515543869e-13,0
400.0,-0.065,0.065,7.54931384915e-14,0
400.0,-0.075,0.07,-1.24030729401e-14,0
400.0,-0.07,0.07,1.45211810141e-13,0
400.0,-0.075,0.075,2.3330520149e-13,0
400.0,-0.07,0.075,3.81822729768e-13,0
400.0,-0.065,0.07,2.83215227918e-13,0
400.0,-0.065,0.075,5.12850513427e-13,0
400.0,-0.06,-0.075,4.41905957962e-13,0
400.0,-0.06,-0.07,3.28931308438e-13,0
400.0,-0.06,-0.065,2.17597698884e-13,0
400.0,-0.055,-0.075,3.17070368785e-13,0
400.0,-0.055,-0.07,2.18991417e-13,0
400.0,-0.055,-0.065,1.18903676643e-13,0
400.0,-0.06,-0.06,1.12687158739e-13,0
400.0,-0.06,-0.055,1.18313047153e-14,0
400.0,-0.055,-0.06,2.01226336739e-14,0
400.0,-0.055,-0.055,-7.53550420528e-14,0
400.0,-0.06,-0.05,-7.97806640273e-14,0
400.0,-0.055,-0.05,-1.61041748253e-13,0
400.0,-0.06,-0.045,-1.60331455407e-13,0
400.0,-0.055,-0.045,-2.30494325877e-13,0
400.0,-0.06,-0.04,-2.12072007153e-13,0
400.0,-0.055,-0.04,-2.71558082734e-13,0
400.0,-0.06,-0.035,-2.16942302985e-13,0
400.0,-0.055,-0.035,-2.83728411283e-13,0
400.0,-0.06,-0.03,-1.77451356543e-13,0
400.0,-0.06,-0.025,-1.01766927969e-13,0
400.0,-0.055,-0.03,-2.59653622513e-13,0
400.0,-0.055,-0.025,-1.98109775597e-13,0
400.0,-0.06,-0.02,-7.25753889905e-15,0
400.0,-0.06,-0.015,9.14677239862e-14,0
400.0,-0.055,-0.02,-1.21723595792e-13,0
400.0,-0.055,-0.015,-4.02561471784e-14,0
400.0,-0.06,-0.01,1.81646383251e-13,0
400.0,-0.06,-0.005,2.47543260679e-13,0
400.0,-0.055,-0.01,3.92052326626e-14,0
400.0,-0.055,-0.005,1.10793195349e-13,0
400.0,-0.06,0,2.84580182706e-13,0
400.0,-0.06,0.005,2.92789294227e-13,0
400.0,-0.055,4.16333634234e-19,1.71497878013e-13,0
400.0,-0.055,0.005,2.19898841279e-13,0
400.0,-0.06,0.01,2.41921970618e-13,0
400.0,-0.06,0.015,1.16315591916e-13,0
400.0,-0.055,0.01,2.1380201017e-13,0
400.0,-0.055,0.015,1.32932392691e-13,0
400.0,-0.06,0.02,-4.53812667119e-14,0
400.0,-0.06,0.025,-2.06023224801e-13,0
400.0,-0.055,0.02,1.97874754715e-15,0
400.0,-0.055,0.025,-1.2764215935e-13,0
400.0,-0.06,0.03,-3.34597429909e-13,0
400.0,-0.06,0.035,-3.96360304369e-13,0
400.0,-0.055,0.03,-2.09797294524e-13,0
400.0,-0.055,0.035,-2.31414833497e-13,0
400.0,-0.06,0.04,-3.81979888969e-13,0
400.0,-0.06,0.045,-3.06087046615e-13,0
400.0,-0.055,0.04,-1.98872048015e-13,0
400.0,-0.055,0.045,-1.26820005669e-13,0
400.0,-0.06,0.05,-2.11108606314e-13,0
400.0,-0.06,0.055,-1.00085842064e-13,0
400.0,-0.055,0.05,-5.24252855017e-14,0
400.0,-0.055,0.055,3.36524472482e-14,0
400.0,-0.06,0.06,4.07536061059e-14,0
400.0,-0.06,0.065,2.02168460357e-13,0
400.0,-0.055,0.06,1.56074705547e-13,0
400.0,-0.055,0.065,3.04295353882e-13,0
400.0,-0.06,0.07,3.96972347405e-13,0
400.0,-0.06,0.075,6.14477064392e-13,0
400.0,-0.055,0.07,4.77578586048e-13,0
400.0,-0.055,0.075,6.7383255227e-13,0
400.0,-0.05,-0.075,2.26332478609e-13,0
400.0,-0.05,-0.07,1.31427330818e-13,0
400.0,-0.045,-0.075,1.49773523552e-13,0
400.0,-0.045,-0.07,5.63185157859e-14,0
400.0,-0.05,-0.065,3.49909688733e-14,0
400.0,-0.045,-0.065,-3.72844054804e-14,0
400.0,-0.05,-0.06,-6.01955761832e-14,0
400.0,-0.05,-0.055,-1.51913126049e-13,0
400.0,-0.045,-0.06,-1.29807233054e-13,0
400.0,-0.045,-0.055,-2.19549188748e-13,0
400.0,-0.05,-0.05,-2.30584220938e-13,0
400.0,-0.05,-0.045,-2.84452573078e-13,0
400.0,-0.045,-0.05,-2.92863760958e-13,0
400.0,-0.045,-0.045,-3.33173901358e-13,0
400.0,-0.05,-0.04,-3.10750065398e-13,0
400.0,-0.045,-0.04,-3.4409743604e-13,0
400.0,-0.05,-0.035,-3.1707774255e-13,0
400.0,-0.045,-0.035,-3.38878204194e-13,0
400.0,-0.05,-0.03,-2.95214349942e-13,0
400.0,-0.045,-0.03,-3.12790885901e-13,0
400.0,-0.05,-0.025,-2.417815086e-13,0
400.0,-0.045,-0.025,-2.68094210756e-13,0
400.0,-0.05,-0.02,-1.7308508307e-13,0
400.0,-0.05,-0.015,-1.00098573629e-13,0
400.0,-0.045,-0.02,-2.09937546816e-13,0
400.0,-0.045,-0.015,-1.46599345388e-13,0
400.0,-0.05,-0.01,-2.66937750768e-14,0
400.0,-0.05,-0.005,4.21459092569e-14,0
400.0,-0.045,-0.01,-8.03508709122e-14,0
400.0,-0.045,-0.005,-1.61453383872e-14,0
400.0,-0.05,0,1.0368853356e-13,0
400.0,-0.05,0.005,1.57244885501e-13,0
400.0,-0.045,4.16333634234e-19,4.36381847034e-14,0
400.0,-0.045,0.005,9.80557879171e-14,0
400.0,-0.05,0.01,1.74066664352e-13,0
400.0,-0.05,0.015,1.30727664292e-13,0
400.0,-0.045,0.01,1.28605108287e-13,0
400.0,-0.045,0.015,1.16386320129e-13,0
400.0,-0.05,0.02,4.37476079824e-14,0
400.0,-0.05,0.025,-4.54656672919e-14,0
400.0,-0.045,0.02,7.26888014254e-14,0
400.0,-0.045,0.025,2.21916512787e-14,0
400.0,-0.05,0.03,-9.64503559483e-14,0
400.0,-0.05,0.035,-1.00374642637e-13,0
400.0,-0.045,0.03,-9.77741937917e-15,0
400.0,-0.045,0.035,-9.06648725155e-15,0
400.0,-0.05,0.04,-7.29991927628e-14,0
400.0,-0.05,0.045,-2.63274033613e-14,0
400.0,-0.045,0.04,1.44271337147e-14,0
400.0,-0.045,0.045,4.96604059696e-14,0
400.0,-0.05,0.05,3.85302475211e-14,0
400.0,-0.05,0.055,1.20216000262e-13,0
400.0,-0.045,0.05,1.02969731698e-13,0
400.0,-0.045,0.055,1.72308764486e-13,0
400.0,-0.05,0.06,2.29665319876e-13,0
400.0,-0.05,0.065,3.57981907693e-13,0
400.0,-0.045,0.06,2.58816179763e-13,0
400.0,-0.045,0.065,3.56354888421e-13,0
400.0,-0.05,0.07,5.05060843129e-13,0
400.0,-0.05,0.075,6.71941629495e-13,0
400.0,-0.045,0.07,4.73730914478e-13,0
400.0,-0.045,0.075,6.04041691985e-13,0
400.0,-0.04,-0.075,1.11668841277e-13,0
400.0,-0.04,-0.07,8.03351615073e-15,0
400.0,-0.035,-0.075,1.46050396628e-13,0
400.0,-0.035,-0.07,1.07464029012e-14,0
400.0,-0.04,-0.065,-9.21404502299e-14,0
400.0,-0.035,-0.065,-1.23557953883e-13,0
400.0,-0.04,-0.06,-1.85243677861e-13,0
400.0,-0.035,-0.06,-2.25999530549e-13,0
400.0,-0.04,-0.055,-2.74865965498e-13,0
400.0,-0.035,-0.055,-3.16789649457e-13,0
400.0,-0.04,-0.05,-3.43316743128e-13,0
400.0,-0.04,-0.045,-3.69752349863e-13,0
400.0,-0.035,-0.05,-3.79054193421e-13,0
400.0,-0.035,-0.045,-3.93985565634e-13,0
400.0,-0.04,-0.04,-3.66882472785e-13,0
400.0,-0.04,-0.035,-3.50365460284e-13,0
400.0,-0.035,-0.04,-3.81561238092e-13,0
400.0,-0.035,-0.035,-3.55065365399e-13,0
400.0,-0.04,-0.03,-3.19981524228e-13,0
400.0,-0.035,-0.03,-3.20335552275e-13,0
400.0,-0.04,-0.025,-2.80112604871e-13,0
400.0,-0.035,-0.025,-2.84008646963e-13,0
400.0,-0.04,-0.02,-2.31229303516e-13,0
400.0,-0.035,-0.02,-2.42432429722e-13,0
400.0,-0.04,-0.015,-1.7680615085e-13,0
400.0,-0.035,-0.015,-1.94166995369e-13,0
400.0,-0.04,-0.01,-1.18557533566e-13,0
400.0,-0.04,-0.005,-5.97561049662e-14,0
400.0,-0.035,-0.01,-1.41634289239e-13,0
400.0,-0.035,-0.005,-8.43512045823e-14,0
400.0,-0.04,0,-5.35982575537e-16,0
400.0,-0.04,0.005,5.40066412908e-14,0
400.0,-0.035,4.16333634234e-19,-2.2122961995e-14,0
400.0,-0.035,0.005,3.17646856598e-14,0
400.0,-0.04,0.01,9.08541546195e-14,0
400.0,-0.04,0.015,1.01202904656e-13,0
400.0,-0.035,0.01,6.78909413034e-14,0
400.0,-0.035,0.015,8.95936240033e-14,0
400.0,-0.04,0.02,8.96182261617e-14,0
400.0,-0.04,0.025,6.85475310672e-14,0
400.0,-0.035,0.02,9.71365151394e-14,0
400.0,-0.035,0.025,9.49981667687e-14,0
400.0,-0.04,0.03,5.01349584804e-14,0
400.0,-0.04,0.035,4.85554290704e-14,0
400.0,-0.035,0.03,9.13903962822e-14,0
400.0,-0.035,0.035,9.40794144495e-14,0
400.0,-0.04,0.04,6.86647035682e-14,0
400.0,-0.04,0.045,9.89494513426e-14,0
400.0,-0.035,0.04,1.09759001565e-13,0
400.0,-0.035,0.045,1.31535701853e-13,0
400.0,-0.04,0.05,1.41110743113e-13,0
400.0,-0.04,0.055,1.9413648048e-13,0
400.0,-0.035,0.05,1.59354794894e-13,0
400.0,-0.035,0.055,1.90828007044e-13,0
400.0,-0.04,0.06,2.5555905977e-13,0
400.0,-0.04,0.065,3.25181506775e-13,0
400.0,-0.035,0.06,2.24090087665e-13,0
400.0,-0.035,0.065,2.65268966993e-13,0
400.0,-0.04,0.07,4.02675010483e-13,0
400.0,-0.04,0.075,4.84405966666e-13,0
400.0,-0.035,0.07,3.08951138914e-13,0
400.0,-0.035,0.075,3.50276511617e-13,0
400.0,-0.03,-0.075,2.59499641572e-13,0
400.0,-0.03,-0.07,9.16662343633e-14,0
400.0,-0.025,-0.075,4.14918105788e-13,0
400.0,-0.025,-0.07,2.26389691418e-13,0
400.0,-0.03,-0.065,-7.65496715688e-14,0
400.0,-0.025,-0.065,4.04563513259e-14,0
400.0,-0.03,-0.06,-2.11182428188e-13,0
400.0,-0.025,-0.06,-1.2187526601e-13,0
400.0,-0.03,-0.055,-3.12847344186e-13,0
400.0,-0.025,-0.055,-2.39065820889e-13,0
400.0,-0.03,-0.05,-3.74752276641e-13,0
400.0,-0.025,-0.05,-3.11134810094e-13,0
400.0,-0.03,-0.045,-3.8811328808e-13,0
400.0,-0.025,-0.045,-3.34110310878e-13,0
400.0,-0.03,-0.04,-3.72932057963e-13,0
400.0,-0.03,-0.035,-3.42677385754e-13,0
400.0,-0.025,-0.04,-3.28357957139e-13,0
400.0,-0.025,-0.035,-3.09060354232e-13,0
400.0,-0.03,-0.03,-3.06491812076e-13,0
400.0,-0.03,-0.025,-2.71652392632e-13,0
400.0,-0.025,-0.03,-2.76898318257e-13,0
400.0,-0.025,-0.025,-2.40236997494e-13,0
400.0,-0.03,-0.02,-2.32721784429e-13,0
400.0,-0.025,-0.02,-1.97902534139e-13,0
400.0,-0.03,-0.015,-1.87018531762e-13,0
400.0,-0.025,-0.015,-1.51395429862e-13,0
400.0,-0.03,-0.01,-1.34481081495e-13,0
400.0,-0.025,-0.01,-1.01110105959e-13,0
400.0,-0.03,-0.005,-7.76939497513e-14,0
400.0,-0.025,-0.005,-5.20184877954e-14,0
400.0,-0.03,0,-2.07826317314e-14,0
400.0,-0.03,0.005,2.61986721419e-14,0
400.0,-0.025,4.16333634234e-19,-7.75590896165e-15,0
400.0,-0.025,0.005,2.80711358601e-14,0
400.0,-0.03,0.01,5.90479380572e-14,0
400.0,-0.03,0.015,8.28057508123e-14,0
400.0,-0.025,0.01,5.5797108656e-14,0
400.0,-0.025,0.015,7.81214936397e-14,0
400.0,-0.03,0.02,9.82157914679e-14,0
400.0,-0.03,0.025,1.06201230219e-13,0
400.0,-0.025,0.02,9.51509930059e-14,0
400.0,-0.025,0.025,1.06294957314e-13,0
400.0,-0.03,0.03,1.11021828504e-13,0
400.0,-0.03,0.035,1.18090981498e-13,0
400.0,-0.025,0.03,1.12655921001e-13,0
400.0,-0.025,0.035,1.15863131195e-13,0
400.0,-0.03,0.04,1.29258930485e-13,0
400.0,-0.03,0.045,1.39202561467e-13,0
400.0,-0.025,0.04,1.17146879513e-13,0
400.0,-0.025,0.045,1.11803284148e-13,0
400.0,-0.03,0.05,1.45450513887e-13,0
400.0,-0.03,0.055,1.50857097776e-13,0
400.0,-0.025,0.05,9.90627653123e-14,0
400.0,-0.025,0.055,8.69471408773e-14,0
400.0,-0.03,0.06,1.6263435492e-13,0
400.0,-0.03,0.065,1.8259358781e-13,0
400.0,-0.025,0.06,8.31532301467e-14,0
400.0,-0.025,0.065,8.61675012403e-14,0
400.0,-0.03,0.07,2.09005261417e-13,0
400.0,-0.03,0.075,2.39848438559e-13,0
400.0,-0.025,0.07,9.9898572233e-14,0
400.0,-0.025,0.075,1.22263504931e-13,0
400.0,-0.02,-0.075,5.57825603091e-13,0
400.0,-0.02,-0.07,3.66247018106e-13,0
400.0,-0.015,-0.075,6.95308413669e-13,0
400.0,-0.015,-0.07,5.01754541066e-13,0
400.0,-0.02,-0.065,1.76945394681e-13,0
400.0,-0.015,-0.065,3.10768700347e-13,0
400.0,-0.02,-0.06,2.52847169549e-15,0
400.0,-0.015,-0.06,1.31620770419e-13,0
400.0,-0.02,-0.055,-1.27644619013e-13,0
400.0,-0.015,-0.055,-4.37126719008e-15,0
400.0,-0.02,-0.05,-2.13103019902e-13,0
400.0,-0.015,-0.05,-9.63226264482e-14,0
400.0,-0.02,-0.045,-2.56402989777e-13,0
400.0,-0.015,-0.045,-1.66246729389e-13,0
400.0,-0.02,-0.04,-2.62933002995e-13,0
400.0,-0.015,-0.04,-1.93605869988e-13,0
400.0,-0.02,-0.035,-2.55360616381e-13,0
400.0,-0.015,-0.035,-1.9549318279e-13,0
400.0,-0.02,-0.03,-2.31356590306e-13,0
400.0,-0.02,-0.025,-1.94383043337e-13,0
400.0,-0.015,-0.03,-1.77034228678e-13,0
400.0,-0.015,-0.025,-1.41761028192e-13,0
400.0,-0.02,-0.02,-1.52477135839e-13,0
400.0,-0.02,-0.015,-1.09872119427e-13,0
400.0,-0.015,-0.02,-1.04162052016e-13,0
400.0,-0.015,-0.015,-6.78338049286e-14,0
400.0,-0.02,-0.01,-6.77547068911e-14,0
400.0,-0.015,-0.01,-3.52416874212e-14,0
400.0,-0.02,-0.005,-2.86762618862e-14,0
400.0,-0.015,-0.005,-6.5179351627e-15,0
400.0,-0.02,0,5.14852887986e-15,0
400.0,-0.015,4.16333634234e-19,1.73033786124e-14,0
400.0,-0.02,0.005,3.2698627388e-14,0
400.0,-0.015,0.005,3.68830636827e-14,0
400.0,-0.02,0.01,5.56350290835e-14,0
400.0,-0.02,0.015,7.53559011808e-14,0
400.0,-0.015,0.01,5.55546375478e-14,0
400.0,-0.015,0.015,7.31972139738e-14,0
400.0,-0.02,0.02,9.07744869472e-14,0
400.0,-0.02,0.025,1.00538994845e-13,0
400.0,-0.015,0.02,8.76939469167e-14,0
400.0,-0.015,0.025,9.62890899515e-14,0
400.0,-0.02,0.03,1.03736536437e-13,0
400.0,-0.02,0.035,1.00065313045e-13,0
400.0,-0.015,0.03,9.60493773883e-14,0
400.0,-0.015,0.035,8.49680354703e-14,0
400.0,-0.02,0.04,8.76355852868e-14,0
400.0,-0.02,0.045,6.56024907111e-14,0
400.0,-0.015,0.04,5.84211933734e-14,0
400.0,-0.015,0.045,1.86989596418e-14,0
400.0,-0.02,0.05,3.90827152573e-14,0
400.0,-0.02,0.055,1.30378219841e-14,0
400.0,-0.015,0.05,-2.36091826411e-14,0
400.0,-0.015,0.055,-6.69985178368e-14,0
400.0,-0.02,0.06,-8.85963376555e-15,0
400.0,-0.02,0.065,-2.5604074957e-14,0
400.0,-0.015,0.06,-1.10827465737e-13,0
400.0,-0.015,0.065,-1.53048655813e-13,0
400.0,-0.02,0.07,-3.52793537648e-14,0
400.0,-0.02,0.075,-3.54308909588e-14,0
400.0,-0.015,0.07,-2.05240122623e-13,0
400.0,-0.015,0.075,-2.42773839325e-13,0
400.0,-0.01,-0.075,7.76163428995e-13,0
400.0,-0.01,-0.07,5.90625647753e-13,0
400.0,-0.005,-0.075,7.38204063503e-13,0
400.0,-0.005,-0.07,5.90368620416e-13,0
400.0,-0.01,-0.065,4.15387607897e-13,0
400.0,-0.005,-0.065,4.58215648745e-13,0
400.0,-0.01,-0.06,2.48707608836e-13,0
400.0,-0.005,-0.06,3.35458566513e-13,0
400.0,-0.01,-0.055,1.15336260688e-13,0
400.0,-0.005,-0.055,2.29582206876e-13,0
400.0,-0.01,-0.05,2.42010093154e-14,0
400.0,-0.005,-0.05,1.40519191533e-13,0
400.0,-0.01,-0.045,-5.55311843776e-14,0
400.0,-0.005,-0.045,6.08200217981e-14,0
400.0,-0.01,-0.04,-1.03284165574e-13,0
400.0,-0.005,-0.04,6.92627400822e-15,0
400.0,-0.01,-0.035,-1.16293669503e-13,0
400.0,-0.005,-0.035,-1.67546841718e-14,0
400.0,-0.01,-0.03,-1.04840833783e-13,0
400.0,-0.005,-0.03,-2.07003278411e-14,0
400.0,-0.01,-0.025,-7.86550562019e-14,0
400.0,-0.005,-0.025,-1.32566599904e-14,0
400.0,-0.01,-0.02,-5.30914251507e-14,0
400.0,-0.01,-0.015,-2.82664592177e-14,0
400.0,-0.005,-0.02,-3.28161321052e-15,0
400.0,-0.005,-0.015,7.21350737372e-15,0
400.0,-0.0117873230072,-0.0115873794689,-2.43460121811e-14,0
400.0,-0.00939961996336,-0.005,1.30602734418e-14,0
400.0,-0.00792797428371,-0.00964253216809,4.33288563497e-15,0
400.0,-0.005,-0.00939961996336,1.63895034775e-14,0
400.0,-0.0108753492546,-0.00150606400588,1.97783805189e-14,0
400.0,-0.00818101620308,-0.00211452602544,2.1265414452e-14,0
400.0,-0.00651817360753,-0.000255934956239,2.09028177452e-14,0
400.0,-0.005,6.71033969428e-08,1.12714797926e-14,0
400.0,-0.0107292118043,0.00160660295843,2.82166180961e-14,0
400.0,-0.0080188992252,0.000768320427092,2.52677238836e-14,0
400.0,-0.00939946851065,0.005,3.65656533633e-14,0
400.0,-0.00802129342231,0.00264911934363,2.89623728576e-14,0
400.0,-0.00887989370213,0.00887989479405,4.7825161841e-14,0
400.0,-0.01,0.015,7.15599407495e-14,0
400.0,-0.005,0.00939947397025,4.63274383167e-14,0
400.0,-0.005,0.015,7.44158226222e-14,0
400.0,-0.01,0.02,8.80234406304e-14,0
400.0,-0.01,0.025,9.78762806507e-14,0
400.0,-0.005,0.02,9.5816807606e-14,0
400.0,-0.005,0.025,1.08974505611e-13,0
400.0,-0.01,0.03,9.56686336612e-14,0
400.0,-0.01,0.035,7.74454087923e-14,0
400.0,-0.005,0.03,1.05406262186e-13,0
400.0,-0.005,0.035,8.05519909686e-14,0
400.0,-0.01,0.04,3.90926444989e-14,0
400.0,-0.01,0.045,-1.75530554923e-14,0
400.0,-0.005,0.04,3.19625967875e-14,0
400.0,-0.005,0.045,-3.9594045763e-14,0
400.0,-0.01,0.05,-8.42667804296e-14,0
400.0,-0.01,0.055,-1.60361475981e-13,0
400.0,-0.005,0.05,-1.30446823946e-13,0
400.0,-0.005,0.055,-2.38390556686e-13,0
400.0,-0.01,0.06,-2.48352032493e-13,0
400.0,-0.01,0.065,-3.39563851373e-13,0
400.0,-0.005,0.06,-3.68397473897e-13,0
400.0,-0.005,0.065,-5.09388378605e-13,0
400.0,-0.01,0.07,-4.27655048107e-13,0
400.0,-0.01,0.075,-5.17453582764e-13,0
400.0,-0.005,0.07,-6.45216962415e-13,0
400.0,-0.005,0.075,-7.98678247008e-13,0
400.0,0,-0.075,5.87138772607e-13,0
400.0,0,-0.07,5.00820841942e-13,0
400.0,0.005,-0.075,3.70985242739e-13,0
400.0,0.005,-0.07,3.43530784144e-13,0
400.0,0,-0.065,4.25309697417e-13,0
400.0,0.005,-0.065,3.14859053614e-13,0
400.0,0,-0.06,3.60924608964e-13,0
400.0,0.005,-0.06,2.96411344022e-13,0
400.0,0,-0.055,3.00845703955e-13,0
400.0,0.005,-0.055,2.80759261663e-13,0
400.0,0,-0.05,2.27434461587e-13,0
400.0,0.005,-0.05,2.43380608507e-13,0
400.0,0,-0.045,1.570477569e-13,0
400.0,0.005,-0.045,2.00814859799e-13,0
400.0,0,-0.04,1.05899043651e-13,0
400.0,0.005,-0.04,1.66237125086e-13,0
400.0,0,-0.035,7.57014134047e-14,0
400.0,0.005,-0.035,1.39736721646e-13,0
400.0,0,-0.03,5.73152922733e-14,0
400.0,0.005,-0.03,1.18139415619e-13,0
400.0,0,-0.025,4.57161399521e-14,0
400.0,0.005,-0.025,9.8470996086e-14,0
400.0,0,-0.02,4.24956693923e-14,0
400.0,0.005,-0.02,8.55797471026e-14,0
400.0,0,-0.015,3.93618022212e-14,0
400.0,0.005,-0.015,7.24973289807e-14,0
400.0,-0.0021196717084,-0.00776771017156,2.35617611436e-14,0
400.0,-0.00084550708518,-0.00631514607954,2.07788183524e-14,0
400.0,6.71033969406e-08,-0.005,1.18657834774e-14,0
400.0,-0.00139054260708,-0.0110960807567,2.90334024156e-14,0
400.0,0.00132468676756,-0.00775008274642,3.08235728031e-14,0
400.0,0.00160394440688,-0.0116908851489,4.34648721715e-14,0
400.0,0.005,-0.00939946851065,5.42269319043e-14,0
400.0,0.005,0.005,3.63663785973e-14,0
400.0,-0.000107646311398,0.00617659695633,2.42417271196e-14,0
400.0,-0.00190846935279,0.0076427502668,3.50614018636e-14,0
400.0,0.00131146485568,0.00777290068297,3.93845635387e-14,0
400.0,0.00295884413402,0.00640276348073,3.46895260565e-14,0
400.0,-1.21517769428e-05,0.0108932602996,5.95600997272e-14,0
400.0,0,0.015,8.750045178e-14,0
400.0,0.005,0.00939942566771,7.18743034141e-14,0
400.0,0.005,0.015,1.17147911057e-13,0
400.0,0,0.02,1.14992468184e-13,0
400.0,0,0.025,1.32304110887e-13,0
400.0,0.005,0.02,1.48777924511e-13,0
400.0,0.005,0.025,1.68729218357e-13,0
400.0,0,0.03,1.293319262e-13,0
400.0,0,0.035,9.45582264966e-14,0
400.0,0.005,0.03,1.65022734162e-13,0
400.0,0.005,0.035,1.21213046696e-13,0
400.0,0,0.04,3.24547090296e-14,0
400.0,0,0.045,-5.13850532153e-14,0
400.0,0.005,0.04,4.77357792514e-14,0
400.0,0.005,0.045,-4.51218102364e-14,0
400.0,0,0.05,-1.570676198e-13,0
400.0,0,0.055,-2.83219667721e-13,0
400.0,0.005,0.05,-1.6158071976e-13,0
400.0,0.005,0.055,-3.04396147017e-13,0
400.0,0,0.06,-4.30289381193e-13,0
400.0,0,0.065,-5.9384086854e-13,0
400.0,0.005,0.06,-4.71271275217e-13,0
400.0,0.005,0.065,-6.56450229261e-13,0
400.0,0,0.07,-7.94750465594e-13,0
400.0,0,0.075,-1.02000474218e-12,0
400.0,0.005,0.07,-8.97348872413e-13,0
400.0,0.005,0.075,-1.17313510492e-12,0
400.0,0.01,-0.075,1.6514352787e-13,0
400.0,0.01,-0.07,1.6658392313e-13,0
400.0,0.015,-0.075,-5.07356722982e-14,0
400.0,0.015,-0.07,-1.98048437673e-14,0
400.0,0.01,-0.065,1.70180110627e-13,0
400.0,0.015,-0.065,1.896253904e-14,0
400.0,0.01,-0.06,1.75140271464e-13,0
400.0,0.015,-0.06,4.94707248231e-14,0
400.0,0.01,-0.055,1.81176318848e-13,0
400.0,0.015,-0.055,7.78006061774e-14,0
400.0,0.01,-0.05,1.88794054026e-13,0
400.0,0.015,-0.05,1.13919290277e-13,0
400.0,0.01,-0.045,1.9020618955e-13,0
400.0,0.015,-0.045,1.46822262809e-13,0
400.0,0.01,-0.04,1.84264553948e-13,0
400.0,0.015,-0.04,1.68825795113e-13,0
400.0,0.01,-0.035,1.71942938984e-13,0
400.0,0.015,-0.035,1.77797229254e-13,0
400.0,0.01,-0.03,1.57573462353e-13,0
400.0,0.015,-0.03,1.78467440839e-13,0
400.0,0.01,-0.025,1.42569749249e-13,0
400.0,0.015,-0.025,1.75358733923e-13,0
400.0,0.01,-0.02,1.26425961613e-13,0
400.0,0.01,-0.015,1.0908727579e-13,0
400.0,0.015,-0.02,1.63873310528e-13,0
400.0,0.015,-0.015,1.47789131174e-13,0
400.0,0.00999280436795,-0.0116358337096,9.74550211435e-14,0
400.0,0.0105889214373,-0.00845762197625,9.09210504951e-14,0
400.0,0.015,-0.01,1.33168417398e-13,0
400.0,0.00939947397025,-0.005,6.83202425717e-14,0
400.0,0.015,-0.005,1.21226042406e-13,0
400.0,0.00658051136513,-0.00296146438142,3.67361466589e-14,0
400.0,0.00636794669772,-3.54305826484e-06,2.86838908788e-14,0
400.0,0.00795807888052,-0.00113999998936,4.51357916916e-14,0
400.0,0.00758147027913,0.00183630393596,4.36856853445e-14,0
400.0,0.0112534647756,-1.47536350887e-07,7.9626717865e-14,0
400.0,0.015,4.16333634234e-19,1.20626123286e-13,0
400.0,0.00939942566771,0.005,7.84572001277e-14,0
400.0,0.015,0.005,1.44632155871e-13,0
400.0,0.00999018807453,0.0109670628501,1.31931505351e-13,0
400.0,0.01,0.015,1.64369976842e-13,0
400.0,0.015,0.01,1.83533640673e-13,0
400.0,0.015,0.015,2.23217899401e-13,0
400.0,0.01,0.02,1.96605393532e-13,0
400.0,0.01,0.025,2.15621462097e-13,0
400.0,0.015,0.02,2.54812403448e-13,0
400.0,0.015,0.025,2.71153693576e-13,0
400.0,0.01,0.03,2.0769661154e-13,0
400.0,0.01,0.035,1.60655770474e-13,0
400.0,0.015,0.03,2.59383244052e-13,0
400.0,0.015,0.035,2.10606979145e-13,0
400.0,0.01,0.04,8.39392968584e-14,0
400.0,0.01,0.045,-1.36228854547e-14,0
400.0,0.015,0.04,1.33565900647e-13,0
400.0,0.015,0.045,3.69555553394e-14,0
400.0,0.01,0.05,-1.36070051579e-13,0
400.0,0.01,0.055,-2.84536122214e-13,0
400.0,0.015,0.05,-8.26843940538e-14,0
400.0,0.015,0.055,-2.25608759066e-13,0
400.0,0.01,0.06,-4.69810709058e-13,0
400.0,0.01,0.065,-6.90719394933e-13,0
400.0,0.015,0.06,-4.2097273769e-13,0
400.0,0.015,0.065,-6.66746833502e-13,0
400.0,0.01,0.07,-9.5749224363e-13,0
400.0,0.01,0.075,-1.25661323386e-12,0
400.0,0.015,0.07,-9.49471850673e-13,0
400.0,0.015,0.075,-1.25579279348e-12,0
400.0,0.02,-0.075,-3.098549669e-13,0
400.0,0.02,-0.07,-2.36905052418e-13,0
400.0,0.025,-0.075,-5.9734912317e-13,0
400.0,0.025,-0.07,-4.76061279757e-13,0
400.0,0.02,-0.065,-1.56482127926e-13,0
400.0,0.025,-0.065,-3.48355047402e-13,0
400.0,0.02,-0.06,-7.81315075089e-14,0
400.0,0.025,-0.06,-2.12587361925e-13,0
400.0,0.02,-0.055,-9.93480630765e-15,0
400.0,0.025,-0.055,-9.47987752628e-14,0
400.0,0.02,-0.05,4.66054416721e-14,0
400.0,0.025,-0.05,-1.84099281e-14,0
400.0,0.02,-0.045,9.71933229531e-14,0
400.0,0.025,-0.045,5.01310104794e-14,0
400.0,0.02,-0.04,1.37619228048e-13,0
400.0,0.025,-0.04,1.08394070302e-13,0
400.0,0.02,-0.035,1.64825301556e-13,0
400.0,0.025,-0.035,1.50314999324e-13,0
400.0,0.02,-0.03,1.80976556843e-13,0
400.0,0.025,-0.03,1.75921203275e-13,0
400.0,0.02,-0.025,1.91304548923e-13,0
400.0,0.025,-0.025,1.92761404084e-13,0
400.0,0.02,-0.02,1.92162760253e-13,0
400.0,0.025,-0.02,2.0173630362e-13,0
400.0,0.02,-0.015,1.81825855008e-13,0
400.0,0.025,-0.015,2.01662856497e-13,0
400.0,0.02,-0.01,1.72634369261e-13,0
400.0,0.025,-0.01,2.00201236613e-13,0
400.0,0.02,-0.005,1.69157933935e-13,0
400.0,0.025,-0.005,2.06155988221e-13,0
400.0,0.02,0,1.7893640403e-13,0
400.0,0.025,4.16333634234e-19,2.28056060526e-13,0
400.0,0.02,0.005,2.08175150571e-13,0
400.0,0.025,0.005,2.65380238106e-13,0
400.0,0.02,0.01,2.48195766599e-13,0
400.0,0.025,0.01,3.08542286153e-13,0
400.0,0.02,0.015,2.87810006702e-13,0
400.0,0.025,0.015,3.47488020237e-13,0
400.0,0.02,0.02,3.18420909678e-13,0
400.0,0.02,0.025,3.31958913267e-13,0
400.0,0.025,0.02,3.75660168351e-13,0
400.0,0.025,0.025,3.91884975242e-13,0
400.0,0.02,0.03,3.17535345968e-13,0
400.0,0.02,0.035,2.6901840377e-13,0
400.0,0.025,0.03,3.80689938536e-13,0
400.0,0.025,0.035,3.3271650537e-13,0
400.0,0.02,0.04,1.93884665074e-13,0
400.0,0.02,0.045,1.01860803674e-13,0
400.0,0.025,0.04,2.6006137645e-13,0
400.0,0.025,0.045,1.75166292638e-13,0
400.0,0.02,0.05,-1.12910991387e-14,0
400.0,0.02,0.055,-1.45755823343e-13,0
400.0,0.025,0.05,7.07761910302e-14,0
400.0,0.025,0.055,-5.41228793593e-14,0
400.0,0.02,0.06,-3.40304620836e-13,0
400.0,0.02,0.065,-5.92959910227e-13,0
400.0,0.025,0.06,-2.35078278559e-13,0
400.0,0.025,0.065,-4.75814022341e-13,0
400.0,0.02,0.07,-8.70535912278e-13,0
400.0,0.02,0.075,-1.15902901951e-12,0
400.0,0.025,0.07,-7.30404345115e-13,0
400.0,0.025,0.075,-9.85783972355e-13,0
400.0,0.03,-0.075,-8.82629812498e-13,0
400.0,0.03,-0.07,-6.98791827489e-13,0
400.0,0.035,-0.075,-1.08017485453e-12,0
400.0,0.035,-0.07,-8.49014911565e-13,0
400.0,0.03,-0.065,-5.2164539823e-13,0
400.0,0.035,-0.065,-6.36392331375e-13,0
400.0,0.03,-0.06,-3.46089514494e-13,0
400.0,0.035,-0.06,-4.35987726751e-13,0
400.0,0.03,-0.055,-1.92609536982e-13,0
400.0,0.035,-0.055,-2.61002224494e-13,0
400.0,0.03,-0.05,-7.90022832123e-14,0
400.0,0.035,-0.05,-1.20712932678e-13,0
400.0,0.03,-0.045,1.14331346978e-14,0
400.0,0.035,-0.045,-1.27830561796e-14,0
400.0,0.03,-0.04,8.59035101265e-14,0
400.0,0.035,-0.04,6.85123412148e-14,0
400.0,0.03,-0.035,1.37751749918e-13,0
400.0,0.035,-0.035,1.23420839498e-13,0
400.0,0.03,-0.03,1.65790019235e-13,0
400.0,0.035,-0.03,1.52023485969e-13,0
400.0,0.03,-0.025,1.83910378842e-13,0
400.0,0.035,-0.025,1.67924230337e-13,0
400.0,0.03,-0.02,1.93646448879e-13,0
400.0,0.035,-0.02,1.74443445339e-13,0
400.0,0.03,-0.015,1.99734734104e-13,0
400.0,0.035,-0.015,1.7908892619e-13,0
400.0,0.03,-0.01,2.0682457242e-13,0
400.0,0.035,-0.01,1.87394731306e-13,0
400.0,0.03,-0.005,2.21095023326e-13,0
400.0,0.035,-0.005,2.04184282968e-13,0
400.0,0.03,0,2.51837617581e-13,0
400.0,0.035,4.16333634234e-19,2.39128665962e-13,0
400.0,0.03,0.005,2.98447329628e-13,0
400.0,0.035,0.005,2.91547771043e-13,0
400.0,0.03,0.01,3.49590389115e-13,0
400.0,0.035,0.01,3.52849825123e-13,0
400.0,0.03,0.015,3.88804700481e-13,0
400.0,0.035,0.015,3.99047781052e-13,0
400.0,0.03,0.02,4.16228621868e-13,0
400.0,0.035,0.02,4.32959371838e-13,0
400.0,0.03,0.025,4.4003638161e-13,0
400.0,0.035,0.025,4.67245529523e-13,0
400.0,0.03,0.03,4.38578233715e-13,0
400.0,0.03,0.035,3.94747936463e-13,0
400.0,0.035,0.03,4.79772254471e-13,0
400.0,0.035,0.035,4.47841322404e-13,0
400.0,0.03,0.04,3.26471633761e-13,0
400.0,0.03,0.045,2.50496701051e-13,0
400.0,0.035,0.04,3.88076744363e-13,0
400.0,0.035,0.045,3.21982055188e-13,0
400.0,0.03,0.05,1.58551413802e-13,0
400.0,0.03,0.055,4.81163816361e-14,0
400.0,0.035,0.05,2.44116981783e-13,0
400.0,0.035,0.055,1.47743617964e-13,0
400.0,0.03,0.06,-1.08919570254e-13,0
400.0,0.03,0.065,-3.22632649532e-13,0
400.0,0.035,0.06,1.71748870224e-14,0
400.0,0.035,0.065,-1.61098283144e-13,0
400.0,0.03,0.07,-5.56628043041e-13,0
400.0,0.03,0.075,-7.95752617177e-13,0
400.0,0.035,0.07,-3.7193427918e-13,0
400.0,0.035,0.075,-5.92627612775e-13,0
400.0,0.04,-0.075,-1.13487976225e-12,0
400.0,0.04,-0.07,-8.87927646932e-13,0
400.0,0.045,-0.075,-1.03932695741e-12,0
400.0,0.045,-0.07,-8.07599259157e-13,0
400.0,0.04,-0.065,-6.59912440723e-13,0
400.0,0.045,-0.065,-5.86237117069e-13,0
400.0,0.04,-0.06,-4.49450962541e-13,0
400.0,0.045,-0.06,-3.82209539882e-13,0
400.0,0.04,-0.055,-2.71249464055e-13,0
400.0,0.045,-0.055,-2.15551381592e-13,0
400.0,0.04,-0.05,-1.30206190403e-13,0
400.0,0.045,-0.05,-9.46871375544e-14,0
400.0,0.04,-0.045,-1.91597936566e-14,0
400.0,0.045,-0.045,1.7624660997e-15,0
400.0,0.04,-0.04,6.03652251082e-14,0
400.0,0.045,-0.04,7.09624339759e-14,0
400.0,0.04,-0.035,1.12182087953e-13,0
400.0,0.045,-0.035,1.10890259648e-13,0
400.0,0.04,-0.03,1.37263648862e-13,0
400.0,0.045,-0.03,1.26200281525e-13,0
400.0,0.04,-0.025,1.46078854974e-13,0
400.0,0.045,-0.025,1.21621281502e-13,0
400.0,0.04,-0.02,1.44557272166e-13,0
400.0,0.045,-0.02,1.06755393223e-13,0
400.0,0.04,-0.015,1.42478878578e-13,0
400.0,0.045,-0.015,9.30035614918e-14,0
400.0,0.04,-0.01,1.45730840423e-13,0
400.0,0.045,-0.01,8.57913660087e-14,0
400.0,0.04,-0.005,1.58970487217e-13,0
400.0,0.045,-0.005,8.94132703239e-14,0
400.0,0.04,0,1.93134417618e-13,0
400.0,0.045,4.16333634234e-19,1.20854734559e-13,0
400.0,0.04,0.005,2.48940059577e-13,0
400.0,0.045,0.005,1.77468419547e-13,0
400.0,0.04,0.01,3.20219212768e-13,0
400.0,0.045,0.01,2.52621832759e-13,0
400.0,0.04,0.015,3.77628733195e-13,0
400.0,0.045,0.015,3.23495078052e-13,0
400.0,0.04,0.02,4.21194829092e-13,0
400.0,0.045,0.02,3.79779212558e-13,0
400.0,0.04,0.025,4.68297794466e-13,0
400.0,0.045,0.025,4.41487150102e-13,0
400.0,0.04,0.03,4.98273117661e-13,0
400.0,0.045,0.03,4.93562731675e-13,0
400.0,0.04,0.035,4.82901543369e-13,0
400.0,0.045,0.035,4.99902114563e-13,0
400.0,0.04,0.04,4.35478434095e-13,0
400.0,0.04,0.045,3.79581552072e-13,0
400.0,0.045,0.04,4.63722441807e-13,0
400.0,0.045,0.045,4.07775692372e-13,0
400.0,0.04,0.05,3.14620173233e-13,0
400.0,0.04,0.055,2.33573673043e-13,0
400.0,0.045,0.05,3.48353486354e-13,0
400.0,0.045,0.055,2.84797487459e-13,0
400.0,0.04,0.06,1.2111920448e-13,0
400.0,0.04,0.065,-2.13308059749e-14,0
400.0,0.045,0.06,1.93548036909e-13,0
400.0,0.045,0.065,7.76810511035e-14,0
400.0,0.04,0.07,-1.78974337304e-13,0
400.0,0.04,0.075,-3.37459957436e-13,0
400.0,0.045,0.07,-3.35238889889e-14,0
400.0,0.045,0.075,-1.36709292413e-13,0
400.0,0.05,-0.075,-8.50813510449e-13,0
400.0,0.05,-0.07,-6.50622185009e-13,0
400.0,0.055,-0.075,-6.20548900714e-13,0
400.0,0.055,-0.07,-4.54579889736e-13,0
400.0,0.05,-0.065,-4.54658672153e-13,0
400.0,0.055,-0.065,-2.88739202715e-13,0
400.0,0.05,-0.06,-2.70334209819e-13,0
400.0,0.055,-0.06,-1.30403028647e-13,0
400.0,0.05,-0.055,-1.22865080043e-13,0
400.0,0.055,-0.055,-6.98615252956e-15,0
400.0,0.05,-0.05,-1.88218691135e-14,0
400.0,0.055,-0.05,7.90090502501e-14,0
400.0,0.05,-0.045,5.82811911052e-14,0
400.0,0.055,-0.045,1.35666584118e-13,0
400.0,0.05,-0.04,1.06481881489e-13,0
400.0,0.055,-0.04,1.60003189713e-13,0
400.0,0.05,-0.035,1.26371101178e-13,0
400.0,0.055,-0.035,1.5412089617e-13,0
400.0,0.05,-0.03,1.19675627147e-13,0
400.0,0.055,-0.03,1.14348162671e-13,0
400.0,0.05,-0.025,9.26920289622e-14,0
400.0,0.055,-0.025,5.7213209931e-14,0
400.0,0.05,-0.02,5.95712998649e-14,0
400.0,0.055,-0.02,2.32874077724e-15,0
400.0,0.05,-0.015,2.975071842e-14,0
400.0,0.055,-0.015,-4.8049543329e-14,0
400.0,0.05,-0.01,6.00936704047e-15,0
400.0,0.055,-0.01,-9.4819268431e-14,0
400.0,0.05,-0.005,-7.98529321143e-15,0
400.0,0.055,-0.005,-1.31607526255e-13,0
400.0,0.05,0,9.01657096614e-15,0
400.0,0.055,4.16333634234e-19,-1.4527114876e-13,0
400.0,0.05,0.005,5.77987972088e-14,0
400.0,0.055,0.005,-1.22763430036e-13,0
400.0,0.05,0.01,1.28008500409e-13,0
400.0,0.055,0.01,-6.12008387826e-14,0
400.0,0.05,0.015,2.06252063821e-13,0
400.0,0.055,0.015,2.18597439433e-14,0
400.0,0.05,0.02,2.77615384089e-13,0
400.0,0.055,0.02,1.04816248806e-13,0
400.0,0.05,0.025,3.5280674351e-13,0
400.0,0.055,0.025,1.82203772989e-13,0
400.0,0.05,0.03,4.17533373144e-13,0
400.0,0.055,0.03,2.41802393051e-13,0
400.0,0.05,0.035,4.45510009963e-13,0
400.0,0.055,0.035,2.77386483433e-13,0
400.0,0.05,0.04,4.35828889449e-13,0
400.0,0.055,0.04,3.09388748865e-13,0
400.0,0.05,0.045,3.921805245e-13,0
400.0,0.055,0.045,3.27655632703e-13,0
400.0,0.05,0.05,3.44287362118e-13,0
400.0,0.05,0.055,2.9867455732e-13,0
400.0,0.055,0.05,3.15486323689e-13,0
400.0,0.055,0.055,2.9138478679e-13,0
400.0,0.05,0.06,2.37441652045e-13,0
400.0,0.05,0.065,1.49365873333e-13,0
400.0,0.055,0.06,2.61266356163e-13,0
400.0,0.055,0.065,2.08419929704e-13,0
400.0,0.05,0.07,5.44583153798e-14,0
400.0,0.05,0.075,-3.7278178637e-14,0
400.0,0.055,0.07,1.32599684851e-13,0
400.0,0.055,0.075,5.35983866213e-14,0
400.0,0.06,-0.075,-3.90916704388e-13,0
400.0,0.06,-0.07,-2.38153581189e-13,0
400.0,0.065,-0.075,-1.57078204302e-13,0
400.0,0.065,-0.07,-1.37437772877e-14,0
400.0,0.06,-0.065,-8.9651284686e-14,0
400.0,0.065,-0.065,1.24447910155e-13,0
400.0,0.06,-0.06,4.25623511695e-14,0
400.0,0.065,-0.06,2.41277752344e-13,0
400.0,0.06,-0.055,1.4195004457e-13,0
400.0,0.065,-0.055,3.21896381831e-13,0
400.0,0.06,-0.05,2.08418115586e-13,0
400.0,0.065,-0.05,3.67630787829e-13,0
400.0,0.06,-0.045,2.47368117828e-13,0
400.0,0.065,-0.045,3.84449269238e-13,0
400.0,0.06,-0.04,2.42023381015e-13,0
400.0,0.065,-0.04,3.3442546513e-13,0
400.0,0.06,-0.035,1.88417368332e-13,0
400.0,0.065,-0.035,2.23844070904e-13,0
400.0,0.06,-0.03,1.0405183208e-13,0
400.0,0.065,-0.03,9.19715499861e-14,0
400.0,0.06,-0.025,1.37121938964e-14,0
400.0,0.065,-0.025,-3.94978428957e-14,0
400.0,0.06,-0.02,-6.88656190565e-14,0
400.0,0.065,-0.02,-1.52629386463e-13,0
400.0,0.06,-0.015,-1.46183364269e-13,0
400.0,0.065,-0.015,-2.60260401874e-13,0
400.0,0.06,-0.01,-2.18300065244e-13,0
400.0,0.065,-0.01,-3.61626710414e-13,0
400.0,0.06,-0.005,-2.81479667344e-13,0
400.0,0.065,-0.005,-4.54684169658e-13,0
400.0,0.06,0,-3.33949799956e-13,0
400.0,0.065,4.16333634234e-19,-5.52101710767e-13,0
400.0,0.06,0.005,-3.58365033954e-13,0
400.0,0.065,0.005,-6.32102026628e-13,0
400.0,0.06,0.01,-3.28933230908e-13,0
400.0,0.065,0.01,-6.51523009287e-13,0
400.0,0.06,0.015,-2.5599696538e-13,0
400.0,0.065,0.015,-6.07436343227e-13,0
400.0,0.06,0.02,-1.67526486376e-13,0
400.0,0.065,0.02,-5.2086033909e-13,0
400.0,0.06,0.025,-8.00481125089e-14,0
400.0,0.065,0.025,-4.12331374656e-13,0
400.0,0.06,0.03,-7.85669190495e-15,0
400.0,0.065,0.03,-3.02662956531e-13,0
400.0,0.06,0.035,4.66231166744e-14,0
400.0,0.065,0.035,-2.13105363309e-13,0
400.0,0.06,0.04,1.01179938969e-13,0
400.0,0.065,0.04,-1.38504861009e-13,0
400.0,0.06,0.045,1.61268950857e-13,0
400.0,0.065,0.045,-6.27941388297e-14,0
400.0,0.06,0.05,2.06226547832e-13,0
400.0,0.065,0.05,9.88097293502e-15,0
400.0,0.06,0.055,2.25688595235e-13,0
400.0,0.065,0.055,7.17849022368e-14,0
400.0,0.06,0.06,2.25959558445e-13,0
400.0,0.06,0.065,2.06355359512e-13,0
400.0,0.065,0.06,1.09426626835e-13,0
400.0,0.065,0.065,1.22433670622e-13,0
400.0,0.06,0.07,1.70321851896e-13,0
400.0,0.06,0.075,1.38172315629e-13,0
400.0,0.065,0.07,1.27288835159e-13,0
400.0,0.065,0.075,1.38574417303e-13,0
400.0,0.07,-0.075,7.84360174132e-14,0
400.0,0.07,-0.07,2.16729996797e-13,0
400.0,0.075,-0.075,3.13821500011e-13,0
400.0,0.075,-0.07,4.50473116667e-13,0
400.0,0.07,-0.065,3.5028507436e-13,0
400.0,0.075,-0.065,5.8327632428e-13,0
400.0,0.07,-0.06,4.61094890532e-13,0
400.0,0.075,-0.06,6.95562024553e-13,0
400.0,0.07,-0.055,5.3784943738e-13,0
400.0,0.075,-0.055,7.73693554067e-13,0
400.0,0.07,-0.05,5.64241270569e-13,0
400.0,0.075,-0.05,7.80527734821e-13,0
400.0,0.07,-0.045,5.28602350981e-13,0
400.0,0.075,-0.045,6.90318856533e-13,0
400.0,0.07,-0.04,4.20049013516e-13,0
400.0,0.075,-0.04,5.12492881368e-13,0
400.0,0.07,-0.035,2.58403024122e-13,0
400.0,0.075,-0.035,2.88572169514e-13,0
400.0,0.07,-0.03,8.67415045483e-14,0
400.0,0.075,-0.03,8.3860603842e-14,0
400.0,0.07,-0.025,-8.4163111554e-14,0
400.0,0.075,-0.025,-1.19858795154e-13,0
400.0,0.07,-0.02,-2.48119856137e-13,0
400.0,0.075,-0.02,-3.49058105412e-13,0
400.0,0.07,-0.015,-3.97589015368e-13,0
400.0,0.075,-0.015,-5.56640027865e-13,0
400.0,0.07,-0.01,-5.31711381656e-13,0
400.0,0.075,-0.01,-7.1953999253e-13,0
400.0,0.07,-0.005,-6.62164649186e-13,0
400.0,0.075,-0.005,-8.81762957812e-13,0
400.0,0.07,0,-7.92362071828e-13,0
400.0,0.075,0,-1.04083519915e-12,0
400.0,0.07,0.005,-9.09740388586e-13,0
400.0,0.075,0.005,-1.18870672726e-12,0
400.0,0.07,0.01,-9.82402955152e-13,0
400.0,0.075,0.01,-1.31803611524e-12,0
400.0,0.07,0.015,-9.76490744125e-13,0
400.0,0.075,0.015,-1.35331094217e-12,0
400.0,0.07,0.02,-8.96462446047e-13,0
400.0,0.075,0.02,-1.27791517713e-12,0
400.0,0.07,0.025,-7.63734808602e-13,0
400.0,0.075,0.025,-1.11663161328e-12,0
400.0,0.07,0.03,-6.10471924998e-13,0
400.0,0.075,0.03,-9.14865790087e-13,0
400.0,0.07,0.035,-4.82953265185e-13,0
400.0,0.075,0.035,-7.48837144274e-13,0
400.0,0.07,0.04,-3.92218357931e-13,0
400.0,0.075,0.04,-6.4751438724e-13,0
400.0,0.07,0.045,-3.03025775515e-13,0
400.0,0.075,0.045,-5.47528297519e-13,0
400.0,0.07,0.05,-2.13270463868e-13,0
400.0,0.075,0.05,-4.39970022348e-13,0
400.0,0.07,0.055,-1.25143141335e-13,0
400.0,0.075,0.055,-3.28813102849e-13,0
400.0,0.07,0.06,-4.80320424508e-14,0
400.0,0.075,0.06,-2.10521656184e-13,0
400.0,0.07,0.065,2.36146196324e-15,0
400.0,0.075,0.065,-1.21291379235e-13,0
400.0,0.07,0.07,3.32793658136e-14,0
400.0,0.07,0.075,6.13770502476e-14,0
400.0,0.075,0.07,-7.09711311812e-14,0
400.0,0.075,0.075,-3.35310888915e-14,0
474.0,-0.00382671281566,-0.00202612167119,0,0
474.0,-0.005,-0.005,-5.28471236898e-14,0
474.0,-0.00197892066871,-0.00385133392306,0,0
474.0,-0.005,-0.00190753787223,3.42027386567e-15,0
474.0,-0.00433,0,0,0
474.0,-0.00190753787223,-0.005,-2.9042378762e-15,0
474.0,0,-0.00433,0,0
474.0,-0.005,0.00190775150599,6.14131787572e-15,0
474.0,-0.00385133392306,0.00197892066871,0,0
474.0,0.00190775150599,-0.005,-9.01766820829e-15,0
474.0,0.00202612167119,-0.00382671281566,0,0
474.0,-0.00202612167119,0.00382671281566,0,0
474.0,-0.005,0.005,-1.26682634731e-14,0
474.0,-0.0019094272225,0.005,9.12682273793e-15,0
474.0,0,0.00433,0,0
474.0,0.00147766755988,0.00407006125046,0,0
474.0,8.32667268469e-19,0.005,8.01694839816e-15,0
474.0,0.00433,0,0,0
474.0,0.005,1.38777878078e-18,1.01846575883e-14,0
474.0,0.00407006125046,0.00147766755988,0,0
474.0,0.005,-0.005,-7.95921979213e-14,0
474.0,0.00385133392306,-0.00197892066871,0,0
474.0,0.005,-0.0019094272225,7.97727335072e-15,0
474.0,0.00306177236254,0.00306177236254,0,0
474.0,0.0019094272225,0.005,6.53727704756e-15,0
474.0,0.005,0.0019094272225,1.08567654054e-14,0
474.0,-0.000885,-0.0015328649647,1.27156277972e-12,0
474.0,-0.0015328649647,-0.000885,1.27168517238e-12,0
474.0,-0.00186450691264,-0.00187567167242,8.43053469701e-13,0
474.0,-0.00177,0,1.27137687111e-12,0
474.0,-0.00268433516245,-0.000738983120158,7.59132161507e-13,0
474.0,0,-0.00177,1.27152437745e-12,0
474.0,-0.000718432264205,-0.00269192408424,7.57425926843e-13,0
474.0,-0.0015328649647,0.000885,1.26987230554e-12,0
474.0,-0.00265321485144,0.000647311733689,7.89916146689e-13,0
474.0,-0.000885,0.0015328649647,1.26824464814e-12,0
474.0,-0.00194719253591,0.00178443766524,8.43979747267e-13,0
474.0,0,0.00177,1.26413823061e-12,0
474.0,-0.000802720381054,0.00273415977115,7.17524164238e-13,0
474.0,0.000885,-0.0015328649647,1.2702131257e-12,0
474.0,0.00075154031863,-0.00270385456952,7.45315508681e-13,0
474.0,0.00177,0,1.2624779307e-12,0
474.0,0.0015328649647,-0.000885,1.26806054697e-12,0
474.0,0.00271471102228,-0.000564731152102,7.60939717158e-13,0
474.0,0.00192394637685,-0.00189207206672,8.10123122335e-13,0
474.0,0.00231817117671,0.00040530921667,9.87943616808e-13,0
474.0,0.0015328649647,0.000885,1.26074413466e-12,0
474.0,0.000885,0.0015328649647,1.26144922229e-12,0
474.0,0.000427053001345,0.00287092483521,6.82212388853e-13,0
474.0,0.00187618296239,0.00184774001435,8.33368126654e-13,0
474.0,0.00312733402203,0.000607809752493,5.1921641373e-13,0
474.0,0.00276214303706,0.00136595635004,5.76878679385e-13,0
474.0,0.0014100336009,0.00268674970267,6.04791920325e-13,0
474.0,-0.075,-0.075,-1.46436206577e-11,0
474.0,-0.07,-0.075,-1.23828173568e-11,0
474.0,-0.075,-0.07,-1.15131666097e-11,0
474.0,-0.07,-0.07,-9.58779696865e-12,0
474.0,-0.075,-0.065,-8.40758254241e-12,0
474.0,-0.07,-0.065,-6.90280621189e-12,0
474.0,-0.065,-0.075,-9.75183110452e-12,0
474.0,-0.065,-0.07,-7.45541006585e-12,0
474.0,-0.065,-0.065,-5.25308170241e-12,0
474.0,-0.075,-0.06,-5.6856825318e-12,0
474.0,-0.07,-0.06,-4.47705378121e-12,0
474.0,-0.065,-0.06,-3.25418897624e-12,0
474.0,-0.075,-0.055,-2.96579692368e-12,0
474.0,-0.07,-0.055,-2.08705573349e-12,0
474.0,-0.065,-0.055,-1.27082300408e-12,0
474.0,-0.075,-0.05,2.5805367102e-14,0
474.0,-0.07,-0.05,3.60400189353e-13,0
474.0,-0.065,-0.05,6.42190771933e-13,0
474.0,-0.075,-0.045,3.30376734197e-12,0
474.0,-0.07,-0.045,2.93893689922e-12,0
474.0,-0.065,-0.045,2.49422201218e-12,0
474.0,-0.075,-0.04,7.25946190484e-12,0
474.0,-0.07,-0.04,5.82919958808e-12,0
474.0,-0.075,-0.035,1.09573910165e-11,0
474.0,-0.07,-0.035,8.42979896665e-12,0
474.0,-0.065,-0.04,4.49709555671e-12,0
474.0,-0.065,-0.035,6.14698113034e-12,0
474.0,-0.075,-0.03,1.32995927438e-11,0
474.0,-0.07,-0.03,9.96728535549e-12,0
474.0,-0.075,-0.025,1.37968471558e-11,0
474.0,-0.07,-0.025,1.00809288948e-11,0
474.0,-0.065,-0.03,6.94973874881e-12,0
474.0,-0.065,-0.025,6.68601130102e-12,0
474.0,-0.075,-0.02,1.24308038499e-11,0
474.0,-0.07,-0.02,8.78982733182e-12,0
474.0,-0.075,-0.015,9.61877065661e-12,0
474.0,-0.07,-0.015,6.43069359222e-12,0
474.0,-0.065,-0.02,5.41299690793e-12,0
474.0,-0.065,-0.015,3.41388886101e-12,0
474.0,-0.075,-0.01,6.09499196463e-12,0
474.0,-0.07,-0.01,3.57155119704e-12,0
474.0,-0.075,-0.005,2.92947931059e-12,0
474.0,-0.07,-0.005,9.46669284465e-13,0
474.0,-0.065,-0.01,1.09452327218e-12,0
474.0,-0.065,-0.005,-1.09110218499e-12,0
474.0,-0.075,0,6.14321578559e-13,0
474.0,-0.07,0,-1.15663365882e-12,0
474.0,-0.075,0.005,-1.36841231998e-12,0
474.0,-0.07,0.005,-2.92775702351e-12,0
474.0,-0.065,4.16333634234e-19,-3.00159972844e-12,0
474.0,-0.065,0.005,-4.55434899164e-12,0
474.0,-0.075,0.01,-2.35387071469e-12,0
474.0,-0.07,0.01,-3.57826592647e-12,0
474.0,-0.075,0.015,-1.42304931474e-12,0
474.0,-0.07,0.015,-2.49489260214e-12,0
474.0,-0.065,0.01,-4.95070198856e-12,0
474.0,-0.065,0.015,-3.65178091635e-12,0
474.0,-0.075,0.02,9.56789393552e-13,0
474.0,-0.07,0.02,-2.15642274722e-13,0
474.0,-0.075,0.025,3.94845770877e-12,0
474.0,-0.07,0.025,2.50156833425e-12,0
474.0,-0.065,0.02,-1.33842295528e-12,0
474.0,-0.065,0.025,1.17938356075e-12,0
474.0,-0.075,0.03,6.64712266083e-12,0
474.0,-0.07,0.03,5.00861719678e-12,0
474.0,-0.075,0.035,8.19404685431e-12,0
474.0,-0.07,0.035,6.57177865649e-12,0
474.0,-0.065,0.03,3.60831025132e-12,0
474.0,-0.065,0.035,5.26655307843e-12,0
474.0,-0.075,0.04,7.98060665787e-12,0
474.0,-0.07,0.04,6.66709075673e-12,0
474.0,-0.075,0.045,5.84532682714e-12,0
474.0,-0.07,0.045,5.15841285418e-12,0
474.0,-0.065,0.04,5.67374391265e-12,0
474.0,-0.065,0.045,4.74175675325e-12,0
474.0,-0.075,0.05,2.08597123688e-12,0
474.0,-0.07,0.05,2.28600087146e-12,0
474.0,-0.075,0.055,-2.65573716906e-12,0
474.0,-0.07,0.055,-1.40897291561e-12,0
474.0,-0.065,0.05,2.69471994698e-12,0
474.0,-0.065,0.055,-9.39607716607e-14,0
474.0,-0.075,0.06,-7.79881655118e-12,0
474.0,-0.07,0.06,-5.32266689014e-12,0
474.0,-0.075,0.065,-1.31937835963e-11,0
474.0,-0.07,0.065,-9.52258036613e-12,0
474.0,-0.065,0.06,-2.94921373462e-12,0
474.0,-0.065,0.065,-5.9781637296e-12,0
474.0,-0.075,0.07,-1.87012666504e-11,0
474.0,-0.07,0.07,-1.42572538616e-11,0
474.0,-0.075,0.075,-2.39932620135e-11,0
474.0,-0.07,0.075,-1.90465358352e-11,0
474.0,-0.065,0.07,-9.84706409745e-12,0
474.0,-0.065,0.075,-1.38835606355e-11,0
474.0,-0.06,-0.075,-6.76955892084e-12,0
474.0,-0.06,-0.07,-5.20616120068e-12,0
474.0,-0.06,-0.065,-3.62160816038e-12,0
474.0,-0.055,-0.075,-4.04749285775e-12,0
474.0,-0.055,-0.07,-3.11434378792e-12,0
474.0,-0.055,-0.065,-2.06121446822e-12,0
474.0,-0.06,-0.06,-2.07973874704e-12,0
474.0,-0.06,-0.055,-5.49059568319e-13,0
474.0,-0.055,-0.06,-9.62914511272e-13,0
474.0,-0.055,-0.055,1.39470725396e-13,0
474.0,-0.06,-0.05,9.27621550926e-13,0
474.0,-0.055,-0.05,1.21056266311e-12,0
474.0,-0.06,-0.045,2.30291355948e-12,0
474.0,-0.055,-0.045,2.11999144098e-12,0
474.0,-0.06,-0.04,3.42214428044e-12,0
474.0,-0.055,-0.04,2.62108527815e-12,0
474.0,-0.06,-0.035,4.17617783545e-12,0
474.0,-0.055,-0.035,2.80520380837e-12,0
474.0,-0.06,-0.03,4.37064815196e-12,0
474.0,-0.06,-0.025,3.76355454951e-12,0
474.0,-0.055,-0.03,2.64344636933e-12,0
474.0,-0.055,-0.025,1.87444981688e-12,0
474.0,-0.06,-0.02,2.51903254871e-12,0
474.0,-0.06,-0.015,8.53241434996e-13,0
474.0,-0.055,-0.02,7.31419569744e-13,0
474.0,-0.055,-0.015,-6.34397756144e-13,0
474.0,-0.06,-0.01,-9.90196964447e-13,0
474.0,-0.06,-0.005,-2.81087305339e-12,0
474.0,-0.055,-0.01,-2.12334348844e-12,0
474.0,-0.055,-0.005,-3.64570322341e-12,0
474.0,-0.06,0,-4.50089353144e-12,0
474.0,-0.06,0.005,-5.83522947248e-12,0
474.0,-0.055,4.16333634234e-19,-5.10857797351e-12,0
474.0,-0.055,0.005,-6.40646369972e-12,0
474.0,-0.06,0.01,-6.06232565779e-12,0
474.0,-0.06,0.015,-4.65553461845e-12,0
474.0,-0.055,0.01,-6.78314928455e-12,0
474.0,-0.055,0.015,-5.5435378106e-12,0
474.0,-0.06,0.02,-2.35975400545e-12,0
474.0,-0.06,0.025,6.4531831692e-14,0
474.0,-0.055,0.02,-3.3347376897e-12,0
474.0,-0.055,0.025,-9.23189574502e-13,0
474.0,-0.06,0.03,2.4223714525e-12,0
474.0,-0.06,0.035,4.15084067058e-12,0
474.0,-0.055,0.03,1.44408912804e-12,0
474.0,-0.055,0.035,3.22175268069e-12,0
474.0,-0.06,0.04,4.81362792178e-12,0
474.0,-0.06,0.045,4.37990563698e-12,0
474.0,-0.055,0.04,4.04708595008e-12,0
474.0,-0.055,0.045,3.93153381763e-12,0
474.0,-0.06,0.05,3.22160349373e-12,0
474.0,-0.06,0.055,1.42658207368e-12,0
474.0,-0.055,0.05,3.41665317436e-12,0
474.0,-0.055,0.055,2.58074902175e-12,0
474.0,-0.06,0.06,-8.58075380432e-13,0
474.0,-0.06,0.065,-3.23671476727e-12,0
474.0,-0.055,0.06,1.04806816398e-12,0
474.0,-0.055,0.065,-7.00878549649e-13,0
474.0,-0.06,0.07,-5.96862887131e-12,0
474.0,-0.06,0.075,-8.8738717408e-12,0
474.0,-0.055,0.07,-2.46413155676e-12,0
474.0,-0.055,0.075,-4.26356316983e-12,0
474.0,-0.05,-0.075,-2.02014145436e-12,0
474.0,-0.05,-0.07,-1.33310335698e-12,0
474.0,-0.045,-0.075,-5.49910620607e-14,0
474.0,-0.045,-0.07,3.78487212589e-13,0
474.0,-0.05,-0.065,-6.26073273177e-13,0
474.0,-0.045,-0.065,7.36999372635e-13,0
474.0,-0.05,-0.06,8.9013173279e-14,0
474.0,-0.05,-0.055,8.03982974853e-13,0
474.0,-0.045,-0.06,1.07735682834e-12,0
474.0,-0.045,-0.055,1.41452967345e-12,0
474.0,-0.05,-0.05,1.46113724937e-12,0
474.0,-0.05,-0.045,1.92418534991e-12,0
474.0,-0.045,-0.05,1.69158807942e-12,0
474.0,-0.045,-0.045,1.776273371e-12,0
474.0,-0.05,-0.04,2.09845471515e-12,0
474.0,-0.045,-0.04,1.65055332472e-12,0
474.0,-0.05,-0.035,2.04566720239e-12,0
474.0,-0.045,-0.035,1.38441365756e-12,0
474.0,-0.05,-0.03,1.68027360866e-12,0
474.0,-0.045,-0.03,9.100237072e-13,0
474.0,-0.05,-0.025,9.52647551303e-13,0
474.0,-0.045,-0.025,2.46686604143e-13,0
474.0,-0.05,-0.02,-4.22966357145e-14,0
474.0,-0.05,-0.015,-1.22037970331e-12,0
474.0,-0.045,-0.02,-6.15019413415e-13,0
474.0,-0.045,-0.015,-1.63712797065e-12,0
474.0,-0.05,-0.01,-2.53604566344e-12,0
474.0,-0.05,-0.005,-3.9106190543e-12,0
474.0,-0.045,-0.01,-2.81251462586e-12,0
474.0,-0.045,-0.005,-4.0712744527e-12,0
474.0,-0.05,0,-5.25846407633e-12,0
474.0,-0.05,0.005,-6.51053930163e-12,0
474.0,-0.045,4.16333634234e-19,-5.34340040147e-12,0
474.0,-0.045,0.005,-6.46039637168e-12,0
474.0,-0.05,0.01,-6.97775731439e-12,0
474.0,-0.05,0.015,-5.97845647154e-12,0
474.0,-0.045,0.01,-6.65740892842e-12,0
474.0,-0.045,0.015,-5.68992911028e-12,0
474.0,-0.05,0.02,-3.95724970686e-12,0
474.0,-0.05,0.025,-1.5497137087e-12,0
474.0,-0.045,0.02,-3.93043693611e-12,0
474.0,-0.045,0.025,-1.74736735155e-12,0
474.0,-0.05,0.03,7.8776527805e-13,0
474.0,-0.05,0.035,2.49569687721e-12,0
474.0,-0.045,0.03,4.15842322486e-13,0
474.0,-0.045,0.035,1.91816181533e-12,0
474.0,-0.05,0.04,3.34677173008e-12,0
474.0,-0.05,0.045,3.52863706697e-12,0
474.0,-0.045,0.04,2.59288088502e-12,0
474.0,-0.045,0.045,2.9708932292e-12,0
474.0,-0.05,0.05,3.30352752878e-12,0
474.0,-0.05,0.055,2.99176975736e-12,0
474.0,-0.045,0.05,3.04976434951e-12,0
474.0,-0.045,0.055,3.06117343404e-12,0
474.0,-0.05,0.06,2.40558824924e-12,0
474.0,-0.05,0.065,1.56891766355e-12,0
474.0,-0.045,0.06,3.01660658085e-12,0
474.0,-0.045,0.065,2.92654444385e-12,0
474.0,-0.05,0.07,6.14980854957e-13,0
474.0,-0.05,0.075,-2.65783028827e-13,0
474.0,-0.045,0.07,2.73670355631e-12,0
474.0,-0.045,0.075,2.64487662426e-12,0
474.0,-0.04,-0.075,2.5608892281e-12,0
474.0,-0.04,-0.07,2.2440787313e-12,0
474.0,-0.035,-0.075,5.48862773146e-12,0
474.0,-0.035,-0.07,4.18577619972e-12,0
474.0,-0.04,-0.065,2.030033129e-12,0
474.0,-0.035,-0.065,3.18811238147e-12,0
474.0,-0.04,-0.06,1.98261829506e-12,0
474.0,-0.035,-0.06,2.77392709287e-12,0
474.0,-0.04,-0.055,1.95301240081e-12,0
474.0,-0.035,-0.055,2.38651292184e-12,0
474.0,-0.04,-0.05,1.82686716341e-12,0
474.0,-0.04,-0.045,1.54783527571e-12,0
474.0,-0.035,-0.05,1.82555368874e-12,0
474.0,-0.035,-0.045,1.21270190148e-12,0
474.0,-0.04,-0.04,1.20306707552e-12,0
474.0,-0.04,-0.035,8.01656604071e-13,0
474.0,-0.035,-0.04,7.25753751225e-13,0
474.0,-0.035,-0.035,2.45468985636e-13,0
474.0,-0.04,-0.03,3.07713320954e-13,0
474.0,-0.035,-0.03,-2.31705770868e-13,0
474.0,-0.04,-0.025,-2.94302923433e-13,0
474.0,-0.035,-0.025,-7.43974498888e-13,0
474.0,-0.04,-0.02,-1.03963980591e-12,0
474.0,-0.035,-0.02,-1.3604181452e-12,0
474.0,-0.04,-0.015,-1.91883359276e-12,0
474.0,-0.035,-0.015,-2.07619902942e-12,0
474.0,-0.04,-0.01,-2.92130818914e-12,0
474.0,-0.04,-0.005,-3.99364310302e-12,0
474.0,-0.035,-0.01,-2.86345980142e-12,0
474.0,-0.035,-0.005,-3.66201728251e-12,0
474.0,-0.04,0,-5.03260287329e-12,0
474.0,-0.04,0.005,-5.68693132133e-12,0
474.0,-0.035,4.16333634234e-19,-4.17398023311e-12,0
474.0,-0.035,0.005,-4.31545060772e-12,0
474.0,-0.04,0.01,-5.58705851694e-12,0
474.0,-0.04,0.015,-4.78022657522e-12,0
474.0,-0.035,0.01,-4.10707774898e-12,0
474.0,-0.035,0.015,-3.58037313261e-12,0
474.0,-0.04,0.02,-3.40909695576e-12,0
474.0,-0.04,0.025,-1.69216392409e-12,0
474.0,-0.035,0.02,-2.6885341545e-12,0
474.0,-0.035,0.025,-1.5404657333e-12,0
474.0,-0.04,0.03,4.05847971833e-14,0
474.0,-0.04,0.035,1.29254562534e-12,0
474.0,-0.035,0.03,-3.7444066995e-13,0
474.0,-0.035,0.035,6.1255669081e-13,0
474.0,-0.04,0.04,1.93247959505e-12,0
474.0,-0.04,0.045,2.3859250987e-12,0
474.0,-0.035,0.04,1.29325035068e-12,0
474.0,-0.035,0.045,1.80885427246e-12,0
474.0,-0.04,0.05,2.65553704601e-12,0
474.0,-0.04,0.055,2.861465584e-12,0
474.0,-0.035,0.05,2.1689115986e-12,0
474.0,-0.035,0.055,2.45433186307e-12,0
474.0,-0.04,0.06,3.07068730741e-12,0
474.0,-0.04,0.065,3.32786077082e-12,0
474.0,-0.035,0.06,2.76033915749e-12,0
474.0,-0.035,0.065,3.1453226764e-12,0
474.0,-0.04,0.07,3.69701270836e-12,0
474.0,-0.04,0.075,4.14300037261e-12,0
474.0,-0.035,0.07,3.65169881108e-12,0
474.0,-0.035,0.075,4.22297876029e-12,0
474.0,-0.03,-0.075,7.78941286634e-12,0
474.0,-0.03,-0.07,5.79539030555e-12,0
474.0,-0.025,-0.075,8.37524286093e-12,0
474.0,-0.025,-0.07,6.10364413852e-12,0
474.0,-0.03,-0.065,4.12578865999e-12,0
474.0,-0.025,-0.065,3.99322309172e-12,0
474.0,-0.03,-0.06,3.00710199519e-12,0
474.0,-0.025,-0.06,2.36559321103e-12,0
474.0,-0.03,-0.055,2.15274444234e-12,0
474.0,-0.025,-0.055,1.17374596949e-12,0
474.0,-0.03,-0.05,1.29641593738e-12,0
474.0,-0.025,-0.05,2.27239412645e-13,0
474.0,-0.03,-0.045,5.73711932149e-13,0
474.0,-0.025,-0.045,-4.09657858378e-13,0
474.0,-0.03,-0.04,9.40681612794e-14,0
474.0,-0.03,-0.035,-3.45547147105e-13,0
474.0,-0.025,-0.04,-7.1918569963e-13,0
474.0,-0.025,-0.035,-9.78559269708e-13,0
474.0,-0.03,-0.03,-7.43276843359e-13,0
474.0,-0.03,-0.025,-1.14132399595e-12,0
474.0,-0.025,-0.03,-1.23596519328e-12,0
474.0,-0.025,-0.025,-1.457154402e-12,0
474.0,-0.03,-0.02,-1.54023325246e-12,0
474.0,-0.025,-0.02,-1.5649366269e-12,0
474.0,-0.03,-0.015,-1.9440061014e-12,0
474.0,-0.025,-0.015,-1.6241978965e-12,0
474.0,-0.03,-0.01,-2.36332078809e-12,0
474.0,-0.025,-0.01,-1.68916337566e-12,0
474.0,-0.03,-0.005,-2.74024505599e-12,0
474.0,-0.025,-0.005,-1.76037958138e-12,0
474.0,-0.03,0,-2.91556961568e-12,0
474.0,-0.03,0.005,-2.93034698108e-12,0
474.0,-0.025,4.16333634234e-19,-1.8285627684e-12,0
474.0,-0.025,0.005,-1.88628512811e-12,0
474.0,-0.03,0.01,-2.82553332297e-12,0
474.0,-0.03,0.015,-2.54019744952e-12,0
474.0,-0.025,0.01,-1.89348792658e-12,0
474.0,-0.025,0.015,-1.80189450146e-12,0
474.0,-0.03,0.02,-2.06006506246e-12,0
474.0,-0.03,0.025,-1.41636161291e-12,0
474.0,-0.025,0.02,-1.60516823035e-12,0
474.0,-0.025,0.025,-1.30972892966e-12,0
474.0,-0.03,0.03,-7.04984346588e-13,0
474.0,-0.03,0.035,-2.70403614132e-14,0
474.0,-0.025,0.03,-9.39001854065e-13,0
474.0,-0.025,0.035,-5.36574650852e-13,0
474.0,-0.03,0.04,5.93529013285e-13,0
474.0,-0.03,0.045,1.1120785396e-12,0
474.0,-0.025,0.04,-9.63862083341e-14,0
474.0,-0.025,0.045,3.2247139541e-13,0
474.0,-0.03,0.05,1.49767314292e-12,0
474.0,-0.03,0.055,1.81369365467e-12,0
474.0,-0.025,0.05,6.70259832378e-13,0
474.0,-0.025,0.055,9.96168800067e-13,0
474.0,-0.03,0.06,2.14315308572e-12,0
474.0,-0.03,0.065,2.54199318996e-12,0
474.0,-0.025,0.06,1.34309484805e-12,0
474.0,-0.025,0.065,1.74218528502e-12,0
474.0,-0.03,0.07,3.01978341197e-12,0
474.0,-0.03,0.075,3.56851409381e-12,0
474.0,-0.025,0.07,2.22868757882e-12,0
474.0,-0.025,0.075,2.77610246257e-12,0
474.0,-0.02,-0.075,7.57427959368e-12,0
474.0,-0.02,-0.07,5.27011117187e-12,0
474.0,-0.015,-0.075,6.54163182338e-12,0
474.0,-0.015,-0.07,4.20044055646e-12,0
474.0,-0.02,-0.065,3.07212456387e-12,0
474.0,-0.015,-0.065,1.90981370328e-12,0
474.0,-0.02,-0.06,1.19144089126e-12,0
474.0,-0.015,-0.06,-2.25804659413e-13,0
474.0,-0.02,-0.055,-1.32992927483e-13,0
474.0,-0.015,-0.055,-1.59571692186e-12,0
474.0,-0.02,-0.05,-9.65728697202e-13,0
474.0,-0.015,-0.05,-2.22042124196e-12,0
474.0,-0.02,-0.045,-1.46197694035e-12,0
474.0,-0.015,-0.045,-2.58816298552e-12,0
474.0,-0.02,-0.04,-1.63380335694e-12,0
474.0,-0.015,-0.04,-2.61102637918e-12,0
474.0,-0.02,-0.035,-1.70408857455e-12,0
474.0,-0.015,-0.035,-2.45947214981e-12,0
474.0,-0.02,-0.03,-1.70786285192e-12,0
474.0,-0.02,-0.025,-1.64167285458e-12,0
474.0,-0.015,-0.03,-2.16962677843e-12,0
474.0,-0.015,-0.025,-1.79951100325e-12,0
474.0,-0.02,-0.02,-1.5186806505e-12,0
474.0,-0.02,-0.015,-1.38627617601e-12,0
474.0,-0.015,-0.02,-1.46677912999e-12,0
474.0,-0.015,-0.015,-1.15933955981e-12,0
474.0,-0.02,-0.01,-1.26324592771e-12,0
474.0,-0.015,-0.01,-8.82294831472e-13,0
474.0,-0.02,-0.005,-1.190455488e-12,0
474.0,-0.015,-0.005,-6.95626590464e-13,0
474.0,-0.02,0,-1.18951465644e-12,0
474.0,-0.015,4.16333634234e-19,-6.33849349455e-13,0
474.0,-0.02,0.005,-1.2454349015e-12,0
474.0,-0.015,0.005,-6.81953264142e-13,0
474.0,-0.02,0.01,-1.3082375924e-12,0
474.0,-0.02,0.015,-1.3363144792e-12,0
474.0,-0.015,0.01,-7.96314424287e-13,0
474.0,-0.015,0.015,-9.35273803353e-13,0
474.0,-0.02,0.02,-1.31144538231e-12,0
474.0,-0.02,0.025,-1.22353809419e-12,0
474.0,-0.015,0.02,-1.06674473225e-12,0
474.0,-0.015,0.025,-1.16425721761e-12,0
474.0,-0.02,0.03,-1.07709922858e-12,0
474.0,-0.02,0.035,-8.93959515993e-13,0
474.0,-0.015,0.03,-1.21560693944e-12,0
474.0,-0.015,0.035,-1.23210388151e-12,0
474.0,-0.02,0.04,-6.79906005067e-13,0
474.0,-0.02,0.045,-4.3627106888e-13,0
474.0,-0.015,0.04,-1.24531220387e-12,0
474.0,-0.015,0.045,-1.1894983347e-12,0
474.0,-0.02,0.05,-1.78112624879e-13,0
474.0,-0.02,0.055,9.42501073104e-14,0
474.0,-0.015,0.05,-1.04196722369e-12,0
474.0,-0.015,0.055,-8.56945379583e-13,0
474.0,-0.02,0.06,4.01909320198e-13,0
474.0,-0.02,0.065,7.55551317597e-13,0
474.0,-0.015,0.06,-6.34684435232e-13,0
474.0,-0.015,0.065,-3.82211783748e-13,0
474.0,-0.02,0.07,1.17792756532e-12,0
474.0,-0.02,0.075,1.66512584739e-12,0
474.0,-0.015,0.07,-1.46725102746e-13,0
474.0,-0.015,0.075,1.72811567245e-13,0
474.0,-0.01,-0.075,4.98521048261e-12,0
474.0,-0.01,-0.07,2.65628196036e-12,0
474.0,-0.005,-0.075,3.08994554247e-12,0
474.0,-0.005,-0.07,9.42748843664e-13,0
474.0,-0.01,-0.065,3.19372351917e-13,0
474.0,-0.005,-0.065,-1.28067575566e-12,0
474.0,-0.01,-0.06,-1.79472231404e-12,0
474.0,-0.005,-0.06,-3.27180515684e-12,0
474.0,-0.01,-0.055,-3.07178600447e-12,0
474.0,-0.005,-0.055,-4.5192540844e-12,0
474.0,-0.01,-0.05,-3.6228183996e-12,0
474.0,-0.005,-0.05,-5.07901056245e-12,0
474.0,-0.01,-0.045,-3.99954789676e-12,0
474.0,-0.005,-0.045,-5.44076671818e-12,0
474.0,-0.01,-0.04,-3.91799759902e-12,0
474.0,-0.005,-0.04,-5.20652930107e-12,0
474.0,-0.01,-0.035,-3.39302562579e-12,0
474.0,-0.005,-0.035,-4.320025547e-12,0
474.0,-0.01,-0.03,-2.65448132513e-12,0
474.0,-0.005,-0.03,-3.15223962374e-12,0
474.0,-0.01,-0.025,-1.94266147928e-12,0
474.0,-0.005,-0.025,-2.1265272849e-12,0
474.0,-0.01,-0.02,-1.4095383167e-12,0
474.0,-0.01,-0.015,-9.38228884421e-13,0
474.0,-0.005,-0.02,-1.42544330933e-12,0
474.0,-0.005,-0.015,-8.18188957729e-13,0
474.0,-0.0117873230072,-0.0115873794689,-7.69900468668e-13,0
474.0,-0.00939961996336,-0.005,-2.6384230565e-13,0
474.0,-0.00792797428371,-0.00964253216809,-4.33107548211e-13,0
474.0,-0.005,-0.00939961996336,-3.05416516565e-13,0
474.0,-0.0108753492546,-0.00150606400588,-2.81843041798e-13,0
474.0,-0.00818101620308,-0.00211452602544,-1.12805410678e-13,0
474.0,-0.00651817360753,-0.000255934956239,-2.20910288989e-14,0
474.0,-0.005,6.71033969428e-08,6.17619003415e-15,0
474.0,-0.0107292118043,0.00160660295843,-2.5927429342e-13,0
474.0,-0.0080188992252,0.000768320427092,-8.41340071362e-14,0
474.0,-0.00939946851065,0.005,-1.96745452692e-13,0
474.0,-0.00802129342231,0.00264911934363,-9.18532644682e-14,0
474.0,-0.00887989370213,0.00887989479405,-2.72009210596e-13,0
474.0,-0.01,0.015,-6.21306952447e-13,0
474.0,-0.005,0.00939947397025,-1.44650536558e-13,0
474.0,-0.005,0.015,-4.54163723383e-13,0
474.0,-0.01,0.02,-8.77443286902e-13,0
474.0,-0.01,0.025,-1.12077921328e-12,0
474.0,-0.005,0.02,-7.79836754276e-13,0
474.0,-0.005,0.025,-1.11369385053e-12,0
474.0,-0.01,0.03,-1.35322161928e-12,0
474.0,-0.01,0.035,-1.56795471774e-12,0
474.0,-0.005,0.03,-1.48864480354e-12,0
474.0,-0.005,0.035,-1.85422214703e-12,0
474.0,-0.01,0.04,-1.7679753156e-12,0
474.0,-0.01,0.045,-1.86680220176e-12,0
474.0,-0.005,0.04,-2.16032060546e-12,0
474.0,-0.005,0.045,-2.31243611627e-12,0
474.0,-0.01,0.05,-1.8567323344e-12,0
474.0,-0.01,0.055,-1.84807671356e-12,0
474.0,-0.005,0.05,-2.38163856363e-12,0
474.0,-0.005,0.055,-2.49671336158e-12,0
474.0,-0.01,0.06,-1.84350577959e-12,0
474.0,-0.01,0.065,-1.80220133765e-12,0
474.0,-0.005,0.06,-2.6761096571e-12,0
474.0,-0.005,0.065,-2.87612528334e-12,0
474.0,-0.01,0.07,-1.70645268185e-12,0
474.0,-0.01,0.075,-1.65020256425e-12,0
474.0,-0.005,0.07,-3.01703572053e-12,0
474.0,-0.005,0.075,-3.28309895825e-12,0
474.0,0,-0.075,1.73091733248e-12,0
474.0,0,-0.07,-2.09919601036e-13,0
474.0,0.005,-0.075,1.63968519319e-12,0
474.0,0.005,-0.07,-2.34417308237e-13,0
474.0,0,-0.065,-2.25891929593e-12,0
474.0,0.005,-0.065,-2.13509859522e-12,0
474.0,0,-0.06,-4.11664077992e-12,0
474.0,0.005,-0.06,-3.8864428825e-12,0
474.0,0,-0.055,-5.50773489177e-12,0
474.0,0.005,-0.055,-5.44766260236e-12,0
474.0,0,-0.05,-6.23554770236e-12,0
474.0,0.005,-0.05,-6.41102108178e-12,0
474.0,0,-0.045,-6.43974917244e-12,0
474.0,0.005,-0.045,-6.59619185811e-12,0
474.0,0,-0.04,-5.98865960679e-12,0
474.0,0.005,-0.04,-6.13162982784e-12,0
474.0,0,-0.035,-4.94287765615e-12,0
474.0,0.005,-0.035,-5.10623020771e-12,0
474.0,0,-0.03,-3.59300656743e-12,0
474.0,0.005,-0.03,-3.87885545393e-12,0
474.0,0,-0.025,-2.37514281175e-12,0
474.0,0.005,-0.025,-2.70095297389e-12,0
474.0,0,-0.02,-1.55839415016e-12,0
474.0,0.005,-0.02,-1.78901599921e-12,0
474.0,0,-0.015,-8.54115372143e-13,0
474.0,0.005,-0.015,-1.04296833506e-12,0
474.0,-0.0021196717084,-0.00776771017156,-1.32867208914e-13,0
474.0,-0.00084550708518,-0.00631514607954,-4.23810383306e-14,0
474.0,6.71033969406e-08,-0.005,5.32207910857e-16,0
474.0,-0.00139054260708,-0.0110960807567,-4.08721261898e-13,0
474.0,0.00132468676756,-0.00775008274642,-1.4618870034e-13,0
474.0,0.00160394440688,-0.0116908851489,-5.17894563773e-13,0
474.0,0.005,-0.00939946851065,-4.22204732016e-13,0
474.0,0.005,0.005,-2.4695884701e-14,0
474.0,-0.000107646311398,0.00617659695633,-1.46505869264e-15,0
474.0,-0.00190846935279,0.0076427502668,-4.1214607571e-14,0
474.0,0.00131146485568,0.00777290068297,-5.17414589896e-14,0
474.0,0.00295884413402,0.00640276348073,-2.67631941777e-14,0
474.0,-1.21517769428e-05,0.0108932602996,-1.83917867918e-13,0
474.0,0,0.015,-4.29622843428e-13,0
474.0,0.005,0.00939942566771,-1.92869437973e-13,0
474.0,0.005,0.015,-5.17409305525e-13,0
474.0,0,0.02,-7.77743702428e-13,0
474.0,0,0.025,-1.14312293984e-12,0
474.0,0.005,0.02,-8.53029539179e-13,0
474.0,0.005,0.025,-1.21390114571e-12,0
474.0,0,0.03,-1.61543599854e-12,0
474.0,0,0.035,-2.06068852813e-12,0
474.0,0.005,0.03,-1.64703476517e-12,0
474.0,0.005,0.035,-2.02092908577e-12,0
474.0,0,0.04,-2.35818207149e-12,0
474.0,0,0.045,-2.49610980022e-12,0
474.0,0.005,0.04,-2.26066895233e-12,0
474.0,0.005,0.045,-2.4140588645e-12,0
474.0,0,0.05,-2.58380592136e-12,0
474.0,0,0.055,-2.72464156476e-12,0
474.0,0.005,0.05,-2.55125857611e-12,0
474.0,0.005,0.055,-2.75087330572e-12,0
474.0,0,0.06,-2.93314094989e-12,0
474.0,0,0.065,-3.21699244632e-12,0
474.0,0.005,0.06,-3.01721632767e-12,0
474.0,0.005,0.065,-3.33581552783e-12,0
474.0,0,0.07,-3.67634718257e-12,0
474.0,0,0.075,-4.24528673833e-12,0
474.0,0.005,0.07,-3.80277089788e-12,0
474.0,0.005,0.075,-4.41716479417e-12,0
474.0,0.01,-0.075,2.45515645531e-12,0
474.0,0.01,-0.07,5.69561170789e-13,0
474.0,0.015,-0.075,3.49668667883e-12,0
474.0,0.015,-0.07,1.55785613855e-12,0
474.0,0.01,-0.065,-1.29941611162e-12,0
474.0,0.015,-0.065,-3.87056203145e-13,0
474.0,0.01,-0.06,-3.04134808385e-12,0
474.0,0.015,-0.06,-2.17005959162e-12,0
474.0,0.01,-0.055,-4.62137560357e-12,0
474.0,0.015,-0.055,-3.62506013509e-12,0
474.0,0.01,-0.05,-5.64983116413e-12,0
474.0,0.015,-0.05,-4.42158900202e-12,0
474.0,0.01,-0.045,-5.94512006774e-12,0
474.0,0.015,-0.045,-4.77984934686e-12,0
474.0,0.01,-0.04,-5.67675064261e-12,0
474.0,0.015,-0.04,-4.77164419564e-12,0
474.0,0.01,-0.035,-4.92010714394e-12,0
474.0,0.015,-0.035,-4.39187913166e-12,0
474.0,0.01,-0.03,-3.95546229922e-12,0
474.0,0.015,-0.03,-3.78829155821e-12,0
474.0,0.01,-0.025,-2.98090333944e-12,0
474.0,0.015,-0.025,-3.12308985762e-12,0
474.0,0.01,-0.02,-2.0867873312e-12,0
474.0,0.01,-0.015,-1.36098821961e-12,0
474.0,0.015,-0.02,-2.37468035125e-12,0
474.0,0.015,-0.015,-1.74435888974e-12,0
474.0,0.00999280436795,-0.0116358337096,-9.91047799032e-13,0
474.0,0.0105889214373,-0.00845762197625,-7.32811610524e-13,0
474.0,0.015,-0.01,-1.27266136852e-12,0
474.0,0.00939947397025,-0.005,-3.4868239211e-13,0
474.0,0.015,-0.005,-8.73927539734e-13,0
474.0,0.00658051136513,-0.00296146438142,-5.13809971847e-14,0
474.0,0.00636794669772,-3.54305826484e-06,-7.4133572924e-16,0
474.0,0.00795807888052,-0.00113999998936,-7.48997104982e-14,0
474.0,0.00758147027913,0.00183630393596,-4.62068885412e-14,0
474.0,0.0112534647756,-1.47536350887e-07,-2.8642686584e-13,0
474.0,0.015,4.16333634234e-19,-6.25030614682e-13,0
474.0,0.00939942566771,0.005,-2.09192883098e-13,0
474.0,0.015,0.005,-6.37811954337e-13,0
474.0,0.00999018807453,0.0109670628501,-4.87747684269e-13,0
474.0,0.01,0.015,-6.94927568787e-13,0
474.0,0.015,0.01,-7.73260374757e-13,0
474.0,0.015,0.015,-9.36177396073e-13,0
474.0,0.01,0.02,-9.71629787062e-13,0
474.0,0.01,0.025,-1.26054243585e-12,0
474.0,0.015,0.02,-1.10471146195e-12,0
474.0,0.015,0.025,-1.27066346159e-12,0
474.0,0.01,0.03,-1.55405611147e-12,0
474.0,0.01,0.035,-1.78665507306e-12,0
474.0,0.015,0.03,-1.4010054807e-12,0
474.0,0.015,0.035,-1.48670907245e-12,0
474.0,0.01,0.04,-1.94531544481e-12,0
474.0,0.01,0.045,-2.08319925014e-12,0
474.0,0.015,0.04,-1.53465227512e-12,0
474.0,0.015,0.045,-1.5867449998e-12,0
474.0,0.01,0.05,-2.2344963273e-12,0
474.0,0.01,0.055,-2.43271668141e-12,0
474.0,0.015,0.05,-1.659979717e-12,0
474.0,0.015,0.055,-1.76068679283e-12,0
474.0,0.01,0.06,-2.70073976147e-12,0
474.0,0.01,0.065,-2.99535181698e-12,0
474.0,0.015,0.06,-1.92488932406e-12,0
474.0,0.015,0.065,-2.07755971116e-12,0
474.0,0.01,0.07,-3.32719107409e-12,0
474.0,0.01,0.075,-3.76784378939e-12,0
474.0,0.015,0.07,-2.19096096432e-12,0
474.0,0.015,0.075,-2.3337027334e-12,0
474.0,0.02,-0.075,4.84164230793e-12,0
474.0,0.02,-0.07,2.82286360844e-12,0
474.0,0.025,-0.075,6.33177522452e-12,0
474.0,0.025,-0.07,4.26667655414e-12,0
474.0,0.02,-0.065,7.79141837717e-13,0
474.0,0.025,-0.065,2.20954408059e-12,0
474.0,0.02,-0.06,-1.12572322039e-12,0
474.0,0.025,-0.06,2.56279705584e-13,0
474.0,0.02,-0.055,-2.4650989954e-12,0
474.0,0.025,-0.055,-1.17880315584e-12,0
474.0,0.02,-0.05,-3.16673451525e-12,0
474.0,0.025,-0.05,-1.94510385448e-12,0
474.0,0.02,-0.045,-3.61409769326e-12,0
474.0,0.025,-0.045,-2.48391120375e-12,0
474.0,0.02,-0.04,-3.76538236684e-12,0
474.0,0.025,-0.04,-2.77030469596e-12,0
474.0,0.02,-0.035,-3.63524798579e-12,0
474.0,0.025,-0.035,-2.80568879535e-12,0
474.0,0.02,-0.03,-3.33665985518e-12,0
474.0,0.025,-0.03,-2.74383271291e-12,0
474.0,0.02,-0.025,-2.99305121129e-12,0
474.0,0.025,-0.025,-2.64753278979e-12,0
474.0,0.02,-0.02,-2.57619724104e-12,0
474.0,0.025,-0.02,-2.5598309059e-12,0
474.0,0.02,-0.015,-2.12807071864e-12,0
474.0,0.025,-0.015,-2.404712955e-12,0
474.0,0.02,-0.01,-1.76763398943e-12,0
474.0,0.025,-0.01,-2.2164280214e-12,0
474.0,0.02,-0.005,-1.46871724094e-12,0
474.0,0.025,-0.005,-2.07817777883e-12,0
474.0,0.02,0,-1.25630531624e-12,0
474.0,0.025,4.16333634234e-19,-1.95730370471e-12,0
474.0,0.02,0.005,-1.19028390496e-12,0
474.0,0.025,0.005,-1.82415976444e-12,0
474.0,0.02,0.01,-1.21272470677e-12,0
474.0,0.025,0.01,-1.71019338472e-12,0
474.0,0.02,0.015,-1.23796496858e-12,0
474.0,0.025,0.015,-1.56048106455e-12,0
474.0,0.02,0.02,-1.23105011373e-12,0
474.0,0.02,0.025,-1.20495308523e-12,0
474.0,0.025,0.02,-1.32723713207e-12,0
474.0,0.025,0.025,-1.0845632653e-12,0
474.0,0.02,0.03,-1.16421067939e-12,0
474.0,0.02,0.035,-1.10610214904e-12,0
474.0,0.025,0.03,-8.73465236343e-13,0
474.0,0.025,0.035,-6.71434782699e-13,0
474.0,0.02,0.04,-1.03624690496e-12,0
474.0,0.02,0.045,-9.78083936794e-13,0
474.0,0.025,0.04,-4.82088918532e-13,0
474.0,0.025,0.045,-3.09956098146e-13,0
474.0,0.02,0.05,-9.41518530773e-13,0
474.0,0.02,0.055,-9.27306222174e-13,0
474.0,0.025,0.05,-1.59239119034e-13,0
474.0,0.025,0.055,-1.91381628321e-14,0
474.0,0.02,0.06,-9.06738707932e-13,0
474.0,0.02,0.065,-8.14282809603e-13,0
474.0,0.025,0.06,2.14583548386e-13,0
474.0,0.025,0.065,5.58140506012e-13,0
474.0,0.02,0.07,-6.16738066489e-13,0
474.0,0.02,0.075,-3.97152554817e-13,0
474.0,0.025,0.07,9.85601255918e-13,0
474.0,0.025,0.075,1.45459438588e-12,0
474.0,0.03,-0.075,7.48662147543e-12,0
474.0,0.03,-0.07,5.51969362212e-12,0
474.0,0.035,-0.075,7.67934720707e-12,0
474.0,0.035,-0.07,6.0835450671e-12,0
474.0,0.03,-0.065,3.64028530473e-12,0
474.0,0.035,-0.065,4.62124708618e-12,0
474.0,0.03,-0.06,1.86843603749e-12,0
474.0,0.035,-0.06,3.21256135506e-12,0
474.0,0.03,-0.055,4.34790934526e-13,0
474.0,0.035,-0.055,1.97414710658e-12,0
474.0,0.03,-0.05,-5.02560653318e-13,0
474.0,0.035,-0.05,1.00296769826e-12,0
474.0,0.03,-0.045,-1.15045248721e-12,0
474.0,0.035,-0.045,2.52673599136e-13,0
474.0,0.03,-0.04,-1.61294346648e-12,0
474.0,0.035,-0.04,-3.97401754067e-13,0
474.0,0.03,-0.035,-1.8927426216e-12,0
474.0,0.035,-0.035,-9.3147854847e-13,0
474.0,0.03,-0.03,-2.05820313089e-12,0
474.0,0.035,-0.03,-1.31308712809e-12,0
474.0,0.03,-0.025,-2.19440153761e-12,0
474.0,0.035,-0.025,-1.64605681736e-12,0
474.0,0.03,-0.02,-2.32325250864e-12,0
474.0,0.035,-0.02,-1.96945362262e-12,0
474.0,0.03,-0.015,-2.4309543432e-12,0
474.0,0.035,-0.015,-2.27768812847e-12,0
474.0,0.03,-0.01,-2.49813490475e-12,0
474.0,0.035,-0.01,-2.55029390917e-12,0
474.0,0.03,-0.005,-2.5683235988e-12,0
474.0,0.035,-0.005,-2.80155813996e-12,0
474.0,0.03,0,-2.58360120604e-12,0
474.0,0.035,4.16333634234e-19,-2.95577109149e-12,0
474.0,0.03,0.005,-2.48608860989e-12,0
474.0,0.035,0.005,-2.93782707537e-12,0
474.0,0.03,0.01,-2.2350010656e-12,0
474.0,0.035,0.01,-2.60891009612e-12,0
474.0,0.03,0.015,-1.82532100878e-12,0
474.0,0.035,0.015,-1.98853980293e-12,0
474.0,0.03,0.02,-1.3741698038e-12,0
474.0,0.035,0.02,-1.35361130733e-12,0
474.0,0.03,0.025,-9.34644511509e-13,0
474.0,0.035,0.025,-7.3177725908e-13,0
474.0,0.03,0.03,-5.26669135528e-13,0
474.0,0.03,0.035,-1.77112316645e-13,0
474.0,0.035,0.03,-1.37774556171e-13,0
474.0,0.035,0.035,3.54063738202e-13,0
474.0,0.03,0.04,1.14114961186e-13,0
474.0,0.03,0.045,3.8844117717e-13,0
474.0,0.035,0.04,7.33166478507e-13,0
474.0,0.035,0.045,1.09375706622e-12,0
474.0,0.03,0.05,6.65301009287e-13,0
474.0,0.03,0.055,9.63925572166e-13,0
474.0,0.035,0.05,1.4765054119e-12,0
474.0,0.035,0.055,1.90273222815e-12,0
474.0,0.03,0.06,1.41050047149e-12,0
474.0,0.03,0.065,1.89537664403e-12,0
474.0,0.035,0.06,2.49496666191e-12,0
474.0,0.035,0.065,3.08832466373e-12,0
474.0,0.03,0.07,2.36683882728e-12,0
474.0,0.03,0.075,2.88050390505e-12,0
474.0,0.035,0.07,3.60833164084e-12,0
474.0,0.035,0.075,4.15077911071e-12,0
474.0,0.04,-0.075,6.56474431765e-12,0
474.0,0.04,-0.07,5.6544603543e-12,0
474.0,0.045,-0.075,4.28792034641e-12,0
474.0,0.045,-0.07,4.26614485289e-12,0
474.0,0.04,-0.065,4.79467170801e-12,0
474.0,0.045,-0.065,4.10648810416e-12,0
474.0,0.04,-0.06,3.88418000676e-12,0
474.0,0.045,-0.06,3.76213760954e-12,0
474.0,0.04,-0.055,2.9683071554e-12,0
474.0,0.045,-0.055,3.22485697975e-12,0
474.0,0.04,-0.05,2.14685132956e-12,0
474.0,0.045,-0.05,2.71119832649e-12,0
474.0,0.04,-0.045,1.36491196216e-12,0
474.0,0.045,-0.045,2.12227394625e-12,0
474.0,0.04,-0.04,6.38537478502e-13,0
474.0,0.045,-0.04,1.47267941974e-12,0
474.0,0.04,-0.035,-1.15958858311e-14,0
474.0,0.045,-0.035,8.21159978396e-13,0
474.0,0.04,-0.03,-5.54198844341e-13,0
474.0,0.045,-0.03,1.89861524688e-13,0
474.0,0.04,-0.025,-1.04879595757e-12,0
474.0,0.045,-0.025,-4.17975182139e-13,0
474.0,0.04,-0.02,-1.51947961303e-12,0
474.0,0.045,-0.02,-1.0107487651e-12,0
474.0,0.04,-0.015,-1.98044356001e-12,0
474.0,0.045,-0.015,-1.59951372173e-12,0
474.0,0.04,-0.01,-2.41664762988e-12,0
474.0,0.045,-0.01,-2.17617589134e-12,0
474.0,0.04,-0.005,-2.81680205276e-12,0
474.0,0.045,-0.005,-2.7265195128e-12,0
474.0,0.04,0,-3.08039213617e-12,0
474.0,0.045,4.16333634234e-19,-3.13368365491e-12,0
474.0,0.04,0.005,-3.12982121638e-12,0
474.0,0.045,0.005,-3.21315031911e-12,0
474.0,0.04,0.01,-2.77555100123e-12,0
474.0,0.045,0.01,-2.8104339051e-12,0
474.0,0.04,0.015,-2.04123043791e-12,0
474.0,0.045,0.015,-2.00674298051e-12,0
474.0,0.04,0.02,-1.26277460003e-12,0
474.0,0.045,0.02,-1.11656582306e-12,0
474.0,0.04,0.025,-4.85074124375e-13,0
474.0,0.045,0.025,-2.01495716432e-13,0
474.0,0.04,0.03,2.74546575716e-13,0
474.0,0.045,0.03,7.26584975618e-13,0
474.0,0.04,0.035,8.91153891722e-13,0
474.0,0.045,0.035,1.45656686216e-12,0
474.0,0.04,0.04,1.34887869916e-12,0
474.0,0.04,0.045,1.76189959782e-12,0
474.0,0.045,0.04,1.93307659252e-12,0
474.0,0.045,0.045,2.2884592881e-12,0
474.0,0.04,0.05,2.16708533767e-12,0
474.0,0.04,0.055,2.60045547605e-12,0
474.0,0.045,0.05,2.55762422515e-12,0
474.0,0.045,0.055,2.84417245198e-12,0
474.0,0.04,0.06,3.1604644472e-12,0
474.0,0.04,0.065,3.75156670846e-12,0
474.0,0.045,0.06,3.21522942403e-12,0
474.0,0.045,0.065,3.50214269004e-12,0
474.0,0.04,0.07,4.17021705885e-12,0
474.0,0.04,0.075,4.55085339329e-12,0
474.0,0.045,0.07,3.54906381982e-12,0
474.0,0.045,0.075,3.53769164778e-12,0
474.0,0.05,-0.075,1.60152830104e-12,0
474.0,0.05,-0.07,2.363616963e-12,0
474.0,0.055,-0.075,-1.06694462991e-12,0
474.0,0.055,-0.07,3.03248068734e-13,0
474.0,0.05,-0.065,2.95729116014e-12,0
474.0,0.055,-0.065,1.54130893009e-12,0
474.0,0.05,-0.06,3.18214142943e-12,0
474.0,0.055,-0.06,2.37963709182e-12,0
474.0,0.05,-0.055,3.09762635111e-12,0
474.0,0.055,-0.055,2.80402807333e-12,0
474.0,0.05,-0.05,2.86256951885e-12,0
474.0,0.055,-0.05,2.93426508212e-12,0
474.0,0.05,-0.045,2.54749142263e-12,0
474.0,0.055,-0.045,2.95335154056e-12,0
474.0,0.05,-0.04,2.10343474422e-12,0
474.0,0.055,-0.04,2.72110608533e-12,0
474.0,0.05,-0.035,1.55260230154e-12,0
474.0,0.055,-0.035,2.26949060062e-12,0
474.0,0.05,-0.03,9.17629883623e-13,0
474.0,0.055,-0.03,1.65057085967e-12,0
474.0,0.05,-0.025,2.36375035657e-13,0
474.0,0.055,-0.025,9.2017363237e-13,0
474.0,0.05,-0.02,-4.47601991984e-13,0
474.0,0.055,-0.02,1.62676772911e-13,0
474.0,0.05,-0.015,-1.13791586445e-12,0
474.0,0.055,-0.015,-6.09368717793e-13,0
474.0,0.05,-0.01,-1.83268319344e-12,0
474.0,0.055,-0.01,-1.39668131553e-12,0
474.0,0.05,-0.005,-2.51667452451e-12,0
474.0,0.055,-0.005,-2.17555557131e-12,0
474.0,0.05,0,-3.07392650955e-12,0
474.0,0.055,4.16333634234e-19,-2.82772717981e-12,0
474.0,0.05,0.005,-3.1824222924e-12,0
474.0,0.055,0.005,-3.03132121905e-12,0
474.0,0.05,0.01,-2.7514515455e-12,0
474.0,0.055,0.01,-2.6536472466e-12,0
474.0,0.05,0.015,-1.92168710336e-12,0
474.0,0.055,0.015,-1.78176295103e-12,0
474.0,0.05,0.02,-9.05604964999e-13,0
474.0,0.055,0.02,-6.41537473077e-13,0
474.0,0.05,0.025,1.73271550773e-13,0
474.0,0.055,0.025,6.01072243983e-13,0
474.0,0.05,0.03,1.28157929929e-12,0
474.0,0.055,0.03,1.82217894246e-12,0
474.0,0.05,0.035,2.08184277139e-12,0
474.0,0.055,0.035,2.53776136727e-12,0
474.0,0.05,0.04,2.42858920104e-12,0
474.0,0.055,0.04,2.63399820484e-12,0
474.0,0.05,0.045,2.56094503151e-12,0
474.0,0.055,0.045,2.60646957021e-12,0
474.0,0.05,0.05,2.64774634667e-12,0
474.0,0.05,0.055,2.7419222974e-12,0
474.0,0.055,0.05,2.5806960043e-12,0
474.0,0.055,0.055,2.46124768092e-12,0
474.0,0.05,0.06,2.72655523272e-12,0
474.0,0.05,0.065,2.51697383459e-12,0
474.0,0.055,0.06,1.96779218503e-12,0
474.0,0.055,0.065,1.31138369843e-12,0
474.0,0.05,0.07,2.28079371352e-12,0
474.0,0.05,0.075,2.1070810499e-12,0
474.0,0.055,0.07,8.33124320347e-13,0
474.0,0.055,0.075,5.04262958085e-13,0
474.0,0.06,-0.075,-3.30619469706e-12,0
474.0,0.06,-0.07,-1.72483343735e-12,0
474.0,0.065,-0.075,-5.52565719865e-12,0
474.0,0.065,-0.07,-3.76970370134e-12,0
474.0,0.06,-0.065,-1.68055454094e-13,0
474.0,0.065,-0.065,-1.99343548037e-12,0
474.0,0.06,-0.06,1.22255768725e-12,0
474.0,0.065,-0.06,-2.00075740763e-13,0
474.0,0.06,-0.055,2.22104117632e-12,0
474.0,0.065,-0.055,1.42598246234e-12,0
474.0,0.06,-0.05,2.83986089528e-12,0
474.0,0.065,-0.05,2.61200935923e-12,0
474.0,0.06,-0.045,3.28262536966e-12,0
474.0,0.065,-0.045,3.48267621167e-12,0
474.0,0.06,-0.04,3.40328934494e-12,0
474.0,0.065,-0.04,4.05872321148e-12,0
474.0,0.06,-0.035,3.07737141689e-12,0
474.0,0.065,-0.035,3.95943121634e-12,0
474.0,0.06,-0.03,2.45560394761e-12,0
474.0,0.065,-0.03,3.35244325781e-12,0
474.0,0.06,-0.025,1.6763275185e-12,0
474.0,0.065,-0.025,2.51198183974e-12,0
474.0,0.06,-0.02,8.35781794883e-13,0
474.0,0.065,-0.02,1.56823603211e-12,0
474.0,0.06,-0.015,-2.7456478908e-14,0
474.0,0.065,-0.015,6.00188300284e-13,0
474.0,0.06,-0.01,-8.94592679947e-13,0
474.0,0.065,-0.01,-3.51928742726e-13,0
474.0,0.06,-0.005,-1.7427935664e-12,0
474.0,0.065,-0.005,-1.25259381858e-12,0
474.0,0.06,0,-2.45021268791e-12,0
474.0,0.065,4.16333634234e-19,-1.99938026817e-12,0
474.0,0.06,0.005,-2.78301985325e-12,0
474.0,0.065,0.005,-2.46132176046e-12,0
474.0,0.06,0.01,-2.50875519106e-12,0
474.0,0.065,0.01,-2.2919349754e-12,0
474.0,0.06,0.015,-1.61121432015e-12,0
474.0,0.065,0.015,-1.38293906209e-12,0
474.0,0.06,0.02,-3.4186510941e-13,0
474.0,0.065,0.02,-5.03653274953e-14,0
474.0,0.06,0.025,1.02803147745e-12,0
474.0,0.065,0.025,1.34782607926e-12,0
474.0,0.06,0.03,2.19227649518e-12,0
474.0,0.065,0.03,2.41227986532e-12,0
474.0,0.06,0.035,2.67214574276e-12,0
474.0,0.065,0.035,2.6954515137e-12,0
474.0,0.06,0.04,2.5741960616e-12,0
474.0,0.065,0.04,2.39500080107e-12,0
474.0,0.06,0.045,2.40505741851e-12,0
474.0,0.065,0.045,1.9932711002e-12,0
474.0,0.06,0.05,2.14484077374e-12,0
474.0,0.065,0.05,1.31236604004e-12,0
474.0,0.06,0.055,1.58773377602e-12,0
474.0,0.065,0.055,2.03027971316e-13,0
474.0,0.06,0.06,6.45197078952e-13,0
474.0,0.06,0.065,-5.1671547664e-13,0
474.0,0.065,0.06,-1.29238436061e-12,0
474.0,0.065,0.065,-3.1445034675e-12,0
474.0,0.06,0.07,-1.67404641448e-12,0
474.0,0.06,0.075,-2.73606151804e-12,0
474.0,0.065,0.07,-5.13878903817e-12,0
474.0,0.065,0.075,-7.17172703487e-12,0
474.0,0.07,-0.075,-7.68318815214e-12,0
474.0,0.07,-0.07,-5.82296630388e-12,0
474.0,0.075,-0.075,-9.79525968527e-12,0
474.0,0.075,-0.07,-7.88502485404e-12,0
474.0,0.07,-0.065,-3.92119971328e-12,0
474.0,0.075,-0.065,-5.90917895318e-12,0
474.0,0.07,-0.06,-1.86103414286e-12,0
474.0,0.075,-0.06,-3.62801883984e-12,0
474.0,0.07,-0.055,2.37715193596e-13,0
474.0,0.075,-0.055,-1.17826184596e-12,0
474.0,0.07,-0.05,2.17477551943e-12,0
474.0,0.075,-0.05,1.59260723878e-12,0
474.0,0.07,-0.045,3.75244734152e-12,0
474.0,0.075,-0.045,4.04484076517e-12,0
474.0,0.07,-0.04,4.784237455e-12,0
474.0,0.075,-0.04,5.6361034377e-12,0
474.0,0.07,-0.035,4.92121370388e-12,0
474.0,0.075,-0.035,6.00861632281e-12,0
474.0,0.07,-0.03,4.35868176512e-12,0
474.0,0.075,-0.03,5.47207443398e-12,0
474.0,0.07,-0.025,3.51246325178e-12,0
474.0,0.075,-0.025,4.610517801e-12,0
474.0,0.07,-0.02,2.4217490287e-12,0
474.0,0.075,-0.02,3.32626715714e-12,0
474.0,0.07,-0.015,1.26201122091e-12,0
474.0,0.075,-0.015,1.91029772323e-12,0
474.0,0.07,-0.01,1.98276888484e-13,0
474.0,0.075,-0.01,7.28753030027e-13,0
474.0,0.07,-0.005,-7.69779254093e-13,0
474.0,0.075,-0.005,-3.3009377842e-13,0
474.0,0.07,0,-1.56367760796e-12,0
474.0,0.075,0,-1.20087987794e-12,0
474.0,0.07,0.005,-2.11919758404e-12,0
474.0,0.075,0.005,-1.84647779202e-12,0
474.0,0.07,0.01,-2.04726381256e-12,0
474.0,0.075,0.01,-1.89969707587e-12,0
474.0,0.07,0.015,-1.15693109559e-12,0
474.0,0.075,0.015,-1.01494713369e-12,0
474.0,0.07,0.02,1.96442527993e-13,0
474.0,0.075,0.02,4.07893607004e-13,0
474.0,0.07,0.025,1.57209749676e-12,0
474.0,0.075,0.025,1.81210426891e-12,0
474.0,0.07,0.03,2.50810079941e-12,0
474.0,0.075,0.03,2.62713285921e-12,0
474.0,0.07,0.035,2.6109959531e-12,0
474.0,0.075,0.035,2.49127159696e-12,0
474.0,0.07,0.04,2.13640340921e-12,0
474.0,0.075,0.04,1.89376102936e-12,0
474.0,0.07,0.045,1.49932591686e-12,0
474.0,0.075,0.045,1.09176500574e-12,0
474.0,0.07,0.05,4.41264299914e-13,0
474.0,0.075,0.05,-2.75832838161e-13,0
474.0,0.07,0.055,-1.14441223413e-12,0
474.0,0.075,0.055,-2.29723137113e-12,0
474.0,0.07,0.06,-3.39116219779e-12,0
474.0,0.075,0.06,-5.4070201885e-12,0
474.0,0.07,0.065,-6.03918393819e-12,0
474.0,0.075,0.065,-8.95330927723e-12,0
474.0,0.07,0.07,-8.61852964026e-12,0
474.0,0.07,0.075,-1.11113472785e-11,0
474.0,0.075,0.07,-1.20061343246e-11,0
474.0,0.075,0.075,-1.4764351879e-11,0
540.0,-0.00382671281566,-0.00202612167119,0,0
540.0,-0.005,-0.005,2.68971205489e-14,0
540.0,-0.00197892066871,-0.00385133392306,0,0
540.0,-0.005,-0.00190753787223,1.55992393927e-14,0
540.0,-0.00433,0,0,0
540.0,-0.00190753787223,-0.005,1.57184724519e-14,0
540.0,0,-0.00433,0,0
540.0,-0.005,0.00190775150599,1.56675907463e-14,0
540.0,-0.00385133392306,0.00197892066871,0,0
540.0,0.00190775150599,-0.005,1.50744598114e-14,0
540.0,0.00202612167119,-0.00382671281566,0,0
540.0,-0.00202612167119,0.00382671281566,0,0
540.0,-0.005,0.005,2.7568234206e-14,0
540.0,-0.0019094272225,0.005,1.59462357029e-14,0
540.0,0,0.00433,0,0
540.0,0.00147766755988,0.00407006125046,0,0
540.0,8.32667268469e-19,0.005,1.18607035343e-14,0
540.0,0.00433,0,0,0
540.0,0.005,1.38777878078e-18,1.11799579385e-14,0
540.0,0.00407006125046,0.00147766755988,0,0
540.0,0.005,-0.005,2.31324462774e-14,0
540.0,0.00385133392306,-0.00197892066871,0,0
540.0,0.005,-0.0019094272225,1.50317873033e-14,0
540.0,0.00306177236254,0.00306177236254,0,0
540.0,0.0019094272225,0.005,1.58627213839e-14,0
540.0,0.005,0.0019094272225,1.53520503988e-14,0
540.0,-0.000885,-0.0015328649647,1.27158321121e-12,0
540.0,-0.0015328649647,-0.000885,1.27170560883e-12,0
540.0,-0.00186450691264,-0.00187567167242,8.43066909985e-13,0
540.0,-0.00177,0,1.27139729201e-12,0
540.0,-0.00268433516245,-0.000738983120158,7.59144244063e-13,0
540.0,0,-0.00177,1.27154479152e-12,0
540.0,-0.000718432264205,-0.00269192408424,7.57437977521e-13,0
540.0,-0.0015328649647,0.000885,1.26989268539e-12,0
540.0,-0.00265321485144,0.000647311733689,7.89928717112e-13,0
540.0,-0.000885,0.0015328649647,1.26826496281e-12,0
540.0,-0.00194719253591,0.00178443766524,8.43993175746e-13,0
540.0,0,0.00177,1.2641584323e-12,0
540.0,-0.000802720381054,0.00273415977115,7.17535529224e-13,0
540.0,0.000885,-0.0015328649647,1.27023349954e-12,0
540.0,0.00075154031863,-0.00270385456952,7.45327354908e-13,0
540.0,0.00177,0,1.2624981044e-12,0
540.0,0.0015328649647,-0.000885,1.26808085049e-12,0
540.0,0.00271471102228,-0.000564731152102,7.60951770707e-13,0
540.0,0.00192394637685,-0.00189207206672,8.1013599804e-13,0
540.0,0.00231817117671,0.00040530921667,9.87959278632e-13,0
540.0,0.0015328649647,0.000885,1.26076423914e-12,0
540.0,0.000885,0.0015328649647,1.2614693394e-12,0
540.0,0.000427053001345,0.00287092483521,6.82223160899e-13,0
540.0,0.00187618296239,0.00184774001435,8.33381291981e-13,0
540.0,0.00312733402203,0.000607809752493,5.19224567686e-13,0
540.0,0.00276214303706,0.00136595635004,5.76887752064e-13,0
540.0,0.0014100336009,0.00268674970267,6.04801437464e-13,0
540.0,-0.075,-0.075,-4.05285654331e-14,0
540.0,-0.07,-0.075,-1.48194339189e-14,0
540.0,-0.075,-0.07,-4.84297111149e-14,0
540.0,-0.07,-0.07,-2.41662120917e-14,0
540.0,-0.075,-0.065,-5.46574058029e-14,0
540.0,-0.07,-0.065,-3.22712175517e-14,0
540.0,-0.065,-0.075,1.10865213304e-14,0
540.0,-0.065,-0.07,-3.26278334003e-16,0
540.0,-0.065,-0.065,-1.04299681458e-14,0
540.0,-0.075,-0.06,-6.02774019322e-14,0
540.0,-0.07,-0.06,-3.91866976148e-14,0
540.0,-0.065,-0.06,-1.90563864997e-14,0
540.0,-0.075,-0.055,-6.42359433374e-14,0
540.0,-0.07,-0.055,-4.46603543504e-14,0
540.0,-0.065,-0.055,-2.62997004687e-14,0
540.0,-0.075,-0.05,-6.21096719769e-14,0
540.0,-0.07,-0.05,-4.64595405266e-14,0
540.0,-0.065,-0.05,-3.18717606789e-14,0
540.0,-0.075,-0.045,-4.91782791261e-14,0
540.0,-0.07,-0.045,-4.14219848604e-14,0
540.0,-0.065,-0.045,-3.53335437639e-14,0
540.0,-0.075,-0.04,-8.20743661497e-15,0
540.0,-0.07,-0.04,-1.88564910575e-14,0
540.0,-0.075,-0.035,6.06629970894e-14,0
540.0,-0.07,-0.035,2.27984181285e-14,0
540.0,-0.065,-0.04,-2.91158385626e-14,0
540.0,-0.065,-0.035,-1.1680165482e-14,0
540.0,-0.075,-0.03,1.42522593936e-13,0
540.0,-0.07,-0.03,7.34525930613e-14,0
540.0,-0.075,-0.025,2.24992213502e-13,0
540.0,-0.07,-0.025,1.24060584456e-13,0
540.0,-0.065,-0.03,1.06987467521e-14,0
540.0,-0.065,-0.025,3.2029934235e-14,0
540.0,-0.075,-0.02,2.96938598612e-13,0
540.0,-0.07,-0.02,1.67256585377e-13,0
540.0,-0.075,-0.015,3.50379584951e-13,0
540.0,-0.07,-0.015,1.9746496664e-13,0
540.0,-0.065,-0.02,4.79641666107e-14,0
540.0,-0.065,-0.015,5.59738141292e-14,0
540.0,-0.075,-0.01,3.78087072514e-13,0
540.0,-0.07,-0.01,2.11480522806e-13,0
540.0,-0.075,-0.005,3.76635430348e-13,0
540.0,-0.07,-0.005,2.0715742593e-13,0
540.0,-0.065,-0.01,5.46509021614e-14,0
540.0,-0.065,-0.005,4.42176376346e-14,0
540.0,-0.075,0,3.56090613579e-13,0
540.0,-0.07,0,1.88753277588e-13,0
540.0,-0.075,0.005,3.27355518132e-13,0
540.0,-0.07,0.005,1.63834777687e-13,0
540.0,-0.065,4.16333634234e-19,2.6811506183e-14,0
540.0,-0.065,0.005,6.86664651558e-15,0
540.0,-0.075,0.01,2.83236496452e-13,0
540.0,-0.07,0.01,1.3271774382e-13,0
540.0,-0.075,0.015,2.36383677107e-13,0
540.0,-0.07,0.015,1.05313908039e-13,0
540.0,-0.065,0.01,-8.13541656308e-15,0
540.0,-0.065,0.015,-1.26127104734e-14,0
540.0,-0.075,0.02,1.98977264127e-13,0
540.0,-0.07,0.02,9.09840954812e-14,0
540.0,-0.075,0.025,1.68805243319e-13,0
540.0,-0.07,0.025,8.15125531231e-14,0
540.0,-0.065,0.02,-5.08840708809e-15,0
540.0,-0.065,0.025,2.57011672534e-15,0
540.0,-0.075,0.03,1.36000331609e-13,0
540.0,-0.07,0.03,6.74542219276e-14,0
540.0,-0.075,0.035,9.6670469378e-14,0
540.0,-0.07,0.035,4.71108759175e-14,0
540.0,-0.065,0.03,4.17944407922e-15,0
540.0,-0.065,0.035,1.48056388913e-15,0
540.0,-0.075,0.04,5.22859407275e-14,0
540.0,-0.07,0.04,2.21899785148e-14,0
540.0,-0.075,0.045,7.20025480097e-15,0
540.0,-0.07,0.045,-4.19939181326e-15,0
540.0,-0.065,0.04,-4.65062568733e-15,0
540.0,-0.065,0.045,-1.32815368289e-14,0
540.0,-0.075,0.05,-3.32586991035e-14,0
540.0,-0.07,0.05,-2.806945156e-14,0
540.0,-0.075,0.055,-6.43813688103e-14,0
540.0,-0.07,0.055,-4.53745829264e-14,0
540.0,-0.065,0.05,-2.19628413396e-14,0
540.0,-0.065,0.055,-2.70021054412e-14,0
540.0,-0.075,0.06,-8.51759974025e-14,0
540.0,-0.07,0.06,-5.45745286566e-14,0
540.0,-0.075,0.065,-9.9248904805e-14,0
540.0,-0.07,0.065,-6.0240337997e-14,0
540.0,-0.065,0.06,-2.61626543207e-14,0
540.0,-0.065,0.065,-2.43320271499e-14,0
540.0,-0.075,0.07,-1.09268698981e-13,0
540.0,-0.07,0.07,-6.56429459524e-14,0
540.0,-0.075,0.075,-1.16058706346e-13,0
540.0,-0.07,0.075,-6.91572678431e-14,0
540.0,-0.065,0.07,-2.41819941537e-14,0
540.0,-0.065,0.075,-2.23757138945e-14,0
540.0,-0.06,-0.075,3.4387466165e-14,0
540.0,-0.06,-0.07,2.11802848151e-14,0
540.0,-0.06,-0.065,9.23548229119e-15,0
540.0,-0.055,-0.075,5.03730726145e-14,0
540.0,-0.055,-0.07,3.72813510456e-14,0
540.0,-0.055,-0.065,2.52379693356e-14,0
540.0,-0.06,-0.06,-7.67465262491e-16,0
540.0,-0.06,-0.055,-9.63217384952e-15,0
540.0,-0.055,-0.06,1.49530558042e-14,0
540.0,-0.055,-0.055,5.59168798549e-15,0
540.0,-0.06,-0.05,-1.76291332694e-14,0
540.0,-0.055,-0.05,-3.60526191702e-15,0
540.0,-0.06,-0.045,-2.50734985267e-14,0
540.0,-0.055,-0.045,-1.3251693973e-14,0
540.0,-0.06,-0.04,-3.15558162706e-14,0
540.0,-0.055,-0.04,-2.43366368014e-14,0
540.0,-0.06,-0.035,-3.35480969586e-14,0
540.0,-0.055,-0.035,-3.58737100219e-14,0
540.0,-0.06,-0.03,-3.33449253215e-14,0
540.0,-0.06,-0.025,-3.55962637288e-14,0
540.0,-0.055,-0.03,-4.70490188063e-14,0
540.0,-0.055,-0.025,-6.08018578295e-14,0
540.0,-0.06,-0.02,-4.20440801392e-14,0
540.0,-0.06,-0.015,-5.26827803444e-14,0
540.0,-0.055,-0.02,-7.77552593031e-14,0
540.0,-0.055,-0.015,-9.68552964886e-14,0
540.0,-0.06,-0.01,-6.7352797222e-14,0
540.0,-0.06,-0.005,-8.60711712257e-14,0
540.0,-0.055,-0.01,-1.17934521368e-13,0
540.0,-0.055,-0.005,-1.4010374213e-13,0
540.0,-0.06,0,-1.05551575857e-13,0
540.0,-0.06,0.005,-1.20636161336e-13,0
540.0,-0.055,4.16333634234e-19,-1.62380535348e-13,0
540.0,-0.055,0.005,-1.82792899026e-13,0
540.0,-0.06,0.01,-1.18155548723e-13,0
540.0,-0.06,0.015,-1.00281207243e-13,0
540.0,-0.055,0.01,-1.86236824049e-13,0
540.0,-0.055,0.015,-1.70136185531e-13,0
540.0,-0.06,0.02,-8.18107697547e-14,0
540.0,-0.06,0.025,-6.59344482723e-14,0
540.0,-0.055,0.02,-1.47302592408e-13,0
540.0,-0.055,0.025,-1.22366673538e-13,0
540.0,-0.06,0.03,-5.06230110217e-14,0
540.0,-0.06,0.035,-3.5037319671e-14,0
540.0,-0.055,0.03,-8.85399635434e-14,0
540.0,-0.055,0.035,-5.45804645575e-14,0
540.0,-0.06,0.04,-2.31046769366e-14,0
540.0,-0.06,0.045,-1.63858091367e-14,0
540.0,-0.055,0.04,-2.87639218835e-14,0
540.0,-0.055,0.045,-1.18214318141e-14,0
540.0,-0.06,0.05,-1.16601797548e-14,0
540.0,-0.06,0.055,-6.78022150255e-15,0
540.0,-0.055,0.05,3.72677062253e-16,0
540.0,-0.055,0.055,1.10700538265e-14,0
540.0,-0.06,0.06,-2.02587792089e-15,0
540.0,-0.06,0.065,3.67424360315e-15,0
540.0,-0.055,0.06,1.95979170777e-14,0
540.0,-0.055,0.065,2.8268179854e-14,0
540.0,-0.06,0.07,1.09339390764e-14,0
540.0,-0.06,0.075,1.96588307652e-14,0
540.0,-0.055,0.07,3.95149931591e-14,0
540.0,-0.055,0.075,5.29335649733e-14,0
540.0,-0.05,-0.075,5.99364145128e-14,0
540.0,-0.05,-0.07,4.77538929664e-14,0
540.0,-0.045,-0.075,6.57015035377e-14,0
540.0,-0.045,-0.07,5.45951370222e-14,0
540.0,-0.05,-0.065,3.7017014227e-14,0
540.0,-0.045,-0.065,4.51510605701e-14,0
540.0,-0.05,-0.06,2.77637220637e-14,0
540.0,-0.05,-0.055,1.91759719428e-14,0
540.0,-0.045,-0.06,3.78266167866e-14,0
540.0,-0.045,-0.055,3.12135994084e-14,0
540.0,-0.05,-0.05,1.00401421157e-14,0
540.0,-0.05,-0.045,-3.92127704668e-16,0
540.0,-0.045,-0.05,2.33072389851e-14,0
540.0,-0.045,-0.045,1.31408094793e-14,0
540.0,-0.05,-0.04,-1.22079643082e-14,0
540.0,-0.045,-0.04,1.26433512311e-15,0
540.0,-0.05,-0.035,-2.51716191217e-14,0
540.0,-0.045,-0.035,-1.19619730491e-14,0
540.0,-0.05,-0.03,-3.96875891733e-14,0
540.0,-0.045,-0.03,-2.68145554373e-14,0
540.0,-0.05,-0.025,-5.56648936932e-14,0
540.0,-0.045,-0.025,-4.33418064407e-14,0
540.0,-0.05,-0.02,-7.3649610438e-14,0
540.0,-0.05,-0.015,-9.40506551591e-14,0
540.0,-0.045,-0.02,-6.2050486997e-14,0
540.0,-0.045,-0.015,-8.34343361133e-14,0
540.0,-0.05,-0.01,-1.16564260139e-13,0
540.0,-0.05,-0.005,-1.40661815879e-13,0
540.0,-0.045,-0.01,-1.07517505815e-13,0
540.0,-0.045,-0.005,-1.33923156589e-13,0
540.0,-0.05,0,-1.65178616135e-13,0
540.0,-0.05,0.005,-1.89532214053e-13,0
540.0,-0.045,4.16333634234e-19,-1.61146844619e-13,0
540.0,-0.045,0.005,-1.84404142232e-13,0
540.0,-0.05,0.01,-2.06867000257e-13,0
540.0,-0.05,0.015,-2.01221220406e-13,0
540.0,-0.045,0.01,-1.92740197853e-13,0
540.0,-0.045,0.015,-1.82467045025e-13,0
540.0,-0.05,0.02,-1.76938636742e-13,0
540.0,-0.05,0.025,-1.40762618937e-13,0
540.0,-0.045,0.02,-1.56900415358e-13,0
540.0,-0.045,0.025,-1.17876265824e-13,0
540.0,-0.05,0.03,-9.41433004023e-14,0
540.0,-0.05,0.035,-5.16117949709e-14,0
540.0,-0.045,0.03,-7.11754554772e-14,0
540.0,-0.045,0.035,-3.14228295094e-14,0
540.0,-0.05,0.04,-2.23469485288e-14,0
540.0,-0.05,0.045,-2.06424659203e-15,0
540.0,-0.045,0.04,-9.42487194891e-15,0
540.0,-0.045,0.045,7.86131112072e-15,0
540.0,-0.05,0.05,1.11776737968e-14,0
540.0,-0.05,0.055,2.37254364782e-14,0
540.0,-0.045,0.05,2.09546729229e-14,0
540.0,-0.045,0.055,3.27205143804e-14,0
540.0,-0.05,0.06,3.56553249469e-14,0
540.0,-0.05,0.065,4.66469637502e-14,0
540.0,-0.045,0.06,4.36139929826e-14,0
540.0,-0.045,0.065,5.33660731988e-14,0
540.0,-0.05,0.07,5.86746828175e-14,0
540.0,-0.05,0.075,7.30673019781e-14,0
540.0,-0.045,0.07,6.39963444144e-14,0
540.0,-0.045,0.075,7.60420715839e-14,0
540.0,-0.04,-0.075,5.23057230654e-14,0
540.0,-0.04,-0.07,5.03743419715e-14,0
540.0,-0.035,-0.075,8.5622932497e-15,0
540.0,-0.035,-0.07,2.69493845791e-14,0
540.0,-0.04,-0.065,4.76410767943e-14,0
540.0,-0.035,-0.065,4.35295564405e-14,0
540.0,-0.04,-0.06,4.41330183516e-14,0
540.0,-0.035,-0.06,4.67114996871e-14,0
540.0,-0.04,-0.055,4.08032506476e-14,0
540.0,-0.035,-0.055,4.75857624962e-14,0
540.0,-0.04,-0.05,3.56788328429e-14,0
540.0,-0.04,-0.045,2.68901964337e-14,0
540.0,-0.035,-0.05,4.63265876238e-14,0
540.0,-0.035,-0.045,4.01163322638e-14,0
540.0,-0.04,-0.04,1.56485670829e-14,0
540.0,-0.04,-0.035,3.13655092252e-15,0
540.0,-0.035,-0.04,3.02178673769e-14,0
540.0,-0.035,-0.035,1.88608980394e-14,0
540.0,-0.04,-0.03,-1.07446445033e-14,0
540.0,-0.035,-0.03,6.50120094437e-15,0
540.0,-0.04,-0.025,-2.62619295198e-14,0
540.0,-0.035,-0.025,-6.90248008735e-15,0
540.0,-0.04,-0.02,-4.43371209978e-14,0
540.0,-0.035,-0.02,-2.28930698066e-14,0
540.0,-0.04,-0.015,-6.51717860077e-14,0
540.0,-0.035,-0.015,-4.14100023698e-14,0
540.0,-0.04,-0.01,-8.86678317254e-14,0
540.0,-0.04,-0.005,-1.13595866724e-13,0
540.0,-0.035,-0.01,-6.175319759e-14,0
540.0,-0.035,-0.005,-8.07649488421e-14,0
540.0,-0.04,0,-1.36222581122e-13,0
540.0,-0.04,0.005,-1.4755090198e-13,0
540.0,-0.035,4.16333634234e-19,-8.89543676618e-14,0
540.0,-0.035,0.005,-8.68703123305e-14,0
540.0,-0.04,0.01,-1.4391841812e-13,0
540.0,-0.04,0.015,-1.29849614066e-13,0
540.0,-0.035,0.01,-7.92839199245e-14,0
540.0,-0.035,0.015,-6.70607965869e-14,0
540.0,-0.04,0.02,-1.06258147137e-13,0
540.0,-0.04,0.025,-7.41404183376e-14,0
540.0,-0.035,0.02,-4.94384507141e-14,0
540.0,-0.035,0.025,-2.80630496647e-14,0
540.0,-0.04,0.03,-3.89736242658e-14,0
540.0,-0.04,0.035,-1.0957583402e-14,0
540.0,-0.035,0.03,-7.39858526419e-15,0
540.0,-0.035,0.035,9.11819152879e-15,0
540.0,-0.04,0.04,5.74442591907e-15,0
540.0,-0.04,0.045,1.91421074919e-14,0
540.0,-0.035,0.04,2.16786110256e-14,0
540.0,-0.035,0.045,3.07496978186e-14,0
540.0,-0.04,0.05,2.95032692303e-14,0
540.0,-0.04,0.055,3.81604370087e-14,0
540.0,-0.035,0.05,3.66950332557e-14,0
540.0,-0.035,0.055,3.99565964522e-14,0
540.0,-0.04,0.06,4.48382693732e-14,0
540.0,-0.04,0.065,5.06876010419e-14,0
540.0,-0.035,0.06,4.01080301267e-14,0
540.0,-0.035,0.065,4.00612114714e-14,0
540.0,-0.04,0.07,5.63226313166e-14,0
540.0,-0.04,0.075,6.18406864079e-14,0
540.0,-0.035,0.07,3.94173645795e-14,0
540.0,-0.035,0.075,3.77085324434e-14,0
540.0,-0.03,-0.075,-5.83500830364e-14,0
540.0,-0.03,-0.07,-2.07032376665e-14,0
540.0,-0.025,-0.075,-1.21362071674e-13,0
540.0,-0.025,-0.07,-7.29374324256e-14,0
540.0,-0.03,-0.065,1.45643144225e-14,0
540.0,-0.025,-0.065,-2.71098209183e-14,0
540.0,-0.03,-0.06,3.53767204269e-14,0
540.0,-0.025,-0.06,8.6898825699e-15,0
540.0,-0.03,-0.055,4.64366091359e-14,0
540.0,-0.025,-0.055,3.18954146668e-14,0
540.0,-0.03,-0.05,5.13338886515e-14,0
540.0,-0.025,-0.05,4.6244192463e-14,0
540.0,-0.03,-0.045,4.92421436067e-14,0
540.0,-0.025,-0.045,5.09117128542e-14,0
540.0,-0.03,-0.04,4.30097437076e-14,0
540.0,-0.03,-0.035,3.40796531215e-14,0
540.0,-0.025,-0.04,5.05237482187e-14,0
540.0,-0.025,-0.035,4.67222876117e-14,0
540.0,-0.03,-0.03,2.36343223869e-14,0
540.0,-0.03,-0.025,1.30268089901e-14,0
540.0,-0.025,-0.03,3.92135866486e-14,0
540.0,-0.025,-0.025,3.11319928388e-14,0
540.0,-0.03,-0.02,1.90498149721e-15,0
540.0,-0.025,-0.02,2.39002985109e-14,0
540.0,-0.03,-0.015,-1.01809619888e-14,0
540.0,-0.025,-0.015,1.7296643679e-14,0
540.0,-0.03,-0.01,-2.21859979147e-14,0
540.0,-0.025,-0.01,1.21743211428e-14,0
540.0,-0.03,-0.005,-3.15628868607e-14,0
540.0,-0.025,-0.005,8.15767454696e-15,0
540.0,-0.03,0,-3.34136503882e-14,0
540.0,-0.03,0.005,-3.05122564035e-14,0
540.0,-0.025,4.16333634234e-19,6.07969072155e-15,0
540.0,-0.025,0.005,6.51701043578e-15,0
540.0,-0.03,0.01,-2.55116178012e-14,0
540.0,-0.03,0.015,-1.65224193378e-14,0
540.0,-0.025,0.01,9.85441766296e-15,0
540.0,-0.025,0.015,1.62939289007e-14,0
540.0,-0.03,0.02,-4.8050222316e-15,0
540.0,-0.03,0.025,7.90309970071e-15,0
540.0,-0.025,0.02,2.4379658924e-14,0
540.0,-0.025,0.025,3.24086878757e-14,0
540.0,-0.03,0.03,1.98891754894e-14,0
540.0,-0.03,0.035,2.9966252047e-14,0
540.0,-0.025,0.03,3.95108778025e-14,0
540.0,-0.025,0.035,4.48661181093e-14,0
540.0,-0.03,0.04,3.76085311905e-14,0
540.0,-0.03,0.045,4.06231267655e-14,0
540.0,-0.025,0.04,4.7253521728e-14,0
540.0,-0.025,0.045,4.36603070618e-14,0
540.0,-0.03,0.05,3.90716308696e-14,0
540.0,-0.03,0.055,3.45782174408e-14,0
540.0,-0.025,0.05,3.48829911476e-14,0
540.0,-0.025,0.055,2.44870253084e-14,0
540.0,-0.03,0.06,2.90590298756e-14,0
540.0,-0.03,0.065,2.3915426198e-14,0
540.0,-0.025,0.06,1.45733381803e-14,0
540.0,-0.025,0.065,4.90714901175e-15,0
540.0,-0.03,0.07,1.91624093873e-14,0
540.0,-0.03,0.075,1.49763136621e-14,0
540.0,-0.025,0.07,-3.29216942896e-15,0
540.0,-0.025,0.075,-9.87965315382e-15,0
540.0,-0.02,-0.075,-1.62976193677e-13,0
540.0,-0.02,-0.07,-1.13210351327e-13,0
540.0,-0.015,-0.075,-1.98859488284e-13,0
540.0,-0.015,-0.07,-1.48197918191e-13,0
540.0,-0.02,-0.065,-6.56109449738e-14,0
540.0,-0.015,-0.065,-9.92656185544e-14,0
540.0,-0.02,-0.06,-2.25509935211e-14,0
540.0,-0.015,-0.06,-5.10512074736e-14,0
540.0,-0.02,-0.055,1.09330938801e-14,0
540.0,-0.015,-0.055,-1.12200483244e-14,0
540.0,-0.02,-0.05,3.47650657086e-14,0
540.0,-0.015,-0.05,1.81049316265e-14,0
540.0,-0.02,-0.045,4.85448085899e-14,0
540.0,-0.015,-0.045,4.16860923996e-14,0
540.0,-0.02,-0.04,5.33094316875e-14,0
540.0,-0.015,-0.04,5.43225014486e-14,0
540.0,-0.02,-0.035,5.46507177034e-14,0
540.0,-0.015,-0.035,6.04117305123e-14,0
540.0,-0.02,-0.03,5.17452677939e-14,0
540.0,-0.02,-0.025,4.577951848e-14,0
540.0,-0.015,-0.03,6.12614478216e-14,0
540.0,-0.015,-0.025,5.70552393566e-14,0
540.0,-0.02,-0.02,3.9215911187e-14,0
540.0,-0.02,-0.015,3.34829040447e-14,0
540.0,-0.015,-0.02,5.079353214e-14,0
540.0,-0.015,-0.015,4.46729002417e-14,0
540.0,-0.02,-0.01,2.8752358379e-14,0
540.0,-0.015,-0.01,3.89414157488e-14,0
540.0,-0.02,-0.005,2.50851401928e-14,0
540.0,-0.015,-0.005,3.45719878174e-14,0
540.0,-0.02,0,2.32781383109e-14,0
540.0,-0.015,4.16333634234e-19,3.30269785704e-14,0
540.0,-0.02,0.005,2.41377542746e-14,0
540.0,-0.015,0.005,3.54356131662e-14,0
540.0,-0.02,0.01,2.79078449711e-14,0
540.0,-0.02,0.015,3.40215186908e-14,0
540.0,-0.015,0.01,4.08915461853e-14,0
540.0,-0.015,0.015,4.78622992568e-14,0
540.0,-0.02,0.02,4.11099190289e-14,0
540.0,-0.02,0.025,4.7657024846e-14,0
540.0,-0.015,0.02,5.49152646775e-14,0
540.0,-0.015,0.025,6.08645422333e-14,0
540.0,-0.02,0.03,5.23378232243e-14,0
540.0,-0.02,0.035,5.41824683524e-14,0
540.0,-0.015,0.03,6.38663724773e-14,0
540.0,-0.015,0.035,6.25305729718e-14,0
540.0,-0.02,0.04,5.09767230244e-14,0
540.0,-0.02,0.045,4.11915333474e-14,0
540.0,-0.015,0.04,5.40663305574e-14,0
540.0,-0.015,0.045,3.81407703669e-14,0
540.0,-0.02,0.05,2.76525664861e-14,0
540.0,-0.02,0.055,1.29497666687e-14,0
540.0,-0.015,0.05,1.97068734642e-14,0
540.0,-0.015,0.055,1.19993995487e-16,0
540.0,-0.02,0.06,-2.202673515e-15,0
540.0,-0.02,0.065,-1.742747279e-14,0
540.0,-0.015,0.06,-2.10796001319e-14,0
540.0,-0.015,0.065,-4.3408275706e-14,0
540.0,-0.02,0.07,-3.25027383271e-14,0
540.0,-0.02,0.075,-4.59974624329e-14,0
540.0,-0.015,0.07,-7.07598532016e-14,0
540.0,-0.015,0.075,-9.53748075238e-14,0
540.0,-0.01,-0.075,-2.01559897929e-13,0
540.0,-0.01,-0.07,-1.55672611457e-13,0
540.0,-0.005,-0.075,-1.49166506567e-13,0
540.0,-0.005,-0.07,-1.21960048737e-13,0
540.0,-0.01,-0.065,-1.12996794443e-13,0
540.0,-0.005,-0.065,-9.78722308547e-14,0
540.0,-0.01,-0.06,-6.93873113356e-14,0
540.0,-0.005,-0.06,-7.36877884894e-14,0
540.0,-0.01,-0.055,-3.0787698997e-14,0
540.0,-0.005,-0.055,-4.85242096247e-14,0
540.0,-0.01,-0.05,-1.66594971893e-15,0
540.0,-0.005,-0.05,-2.13575888142e-14,0
540.0,-0.01,-0.045,2.51364153093e-14,0
540.0,-0.005,-0.045,4.51116887486e-15,0
540.0,-0.01,-0.04,4.60583986268e-14,0
540.0,-0.005,-0.04,2.61576724905e-14,0
540.0,-0.01,-0.035,5.84262482021e-14,0
540.0,-0.005,-0.035,4.2312275825e-14,0
540.0,-0.01,-0.03,6.35131582422e-14,0
540.0,-0.005,-0.03,5.24468446966e-14,0
540.0,-0.01,-0.025,6.13234905374e-14,0
540.0,-0.005,-0.025,5.39471349926e-14,0
540.0,-0.01,-0.02,5.54822588898e-14,0
540.0,-0.01,-0.015,4.88294024851e-14,0
540.0,-0.005,-0.02,5.07185892638e-14,0
540.0,-0.005,-0.015,4.58835025627e-14,0
540.0,-0.0117873230072,-0.0115873794689,4.34291029176e-14,0
540.0,-0.00939961996336,-0.005,3.47052209308e-14,0
540.0,-0.00792797428371,-0.00964253216809,4.0259210613e-14,0
540.0,-0.005,-0.00939961996336,3.71339494397e-14,0
540.0,-0.0108753492546,-0.00150606400588,3.34347832377e-14,0
540.0,-0.00818101620308,-0.00211452602544,2.97231930525e-14,0
540.0,-0.00651817360753,-0.000255934956239,2.29728753841e-14,0
540.0,-0.005,6.71033969428e-08,1.15439399901e-14,0
540.0,-0.0107292118043,0.00160660295843,3.38354175309e-14,0
540.0,-0.0080188992252,0.000768320427092,2.85828073835e-14,0
540.0,-0.00939946851065,0.005,3.64636867969e-14,0
540.0,-0.00802129342231,0.00264911934363,3.05213993461e-14,0
540.0,-0.00887989370213,0.00887989479405,4.36472454651e-14,0
540.0,-0.01,0.015,5.5675906791e-14,0
540.0,-0.005,0.00939947397025,4.16612896215e-14,0
540.0,-0.005,0.015,5.59242314442e-14,0
540.0,-0.01,0.02,6.36187543842e-14,0
540.0,-0.01,0.025,6.98897164358e-14,0
540.0,-0.005,0.02,6.49798429278e-14,0
540.0,-0.005,0.025,7.16860670003e-14,0
540.0,-0.01,0.03,7.18625519228e-14,0
540.0,-0.01,0.035,6.75728044567e-14,0
540.0,-0.005,0.03,7.34889403273e-14,0
540.0,-0.005,0.035,6.64288072246e-14,0
540.0,-0.01,0.04,5.46699302971e-14,0
540.0,-0.01,0.045,3.35238194429e-14,0
540.0,-0.005,0.04,4.98013218174e-14,0
540.0,-0.005,0.045,2.48420581665e-14,0
540.0,-0.01,0.05,8.73059460856e-15,0
540.0,-0.01,0.055,-1.88944131688e-14,0
540.0,-0.005,0.05,-4.52854290924e-15,0
540.0,-0.005,0.055,-3.86906680252e-14,0
540.0,-0.01,0.06,-5.07653378035e-14,0
540.0,-0.01,0.065,-8.50970692174e-14,0
540.0,-0.005,0.06,-7.88064350517e-14,0
540.0,-0.005,0.065,-1.22405821098e-13,0
540.0,-0.01,0.07,-1.22225475094e-13,0
540.0,-0.01,0.075,-1.61527103885e-13,0
540.0,-0.005,0.07,-1.70489463329e-13,0
540.0,-0.005,0.075,-2.25655850584e-13,0
540.0,0,-0.075,-6.2500428504e-14,0
540.0,0,-0.07,-6.22811677387e-14,0
540.0,0.005,-0.075,2.17985482935e-14,0
540.0,0.005,-0.07,-6.27226472014e-16,0
540.0,0,-0.065,-6.15625692052e-14,0
540.0,0.005,-0.065,-1.85822226632e-14,0
540.0,0,-0.06,-6.1560222477e-14,0
540.0,0.005,-0.06,-3.69038409396e-14,0
540.0,0,-0.055,-5.80501527371e-14,0
540.0,0.005,-0.055,-5.35174082573e-14,0
540.0,0,-0.05,-4.18914002857e-14,0
540.0,0.005,-0.05,-5.35063198988e-14,0
540.0,0,-0.045,-2.07465283064e-14,0
540.0,0.005,-0.045,-4.27093456666e-14,0
540.0,0,-0.04,-1.17904099533e-15,0
540.0,0.005,-0.04,-2.93758991226e-14,0
540.0,0,-0.035,1.60890212228e-14,0
540.0,0.005,-0.035,-1.4474879326e-14,0
540.0,0,-0.03,3.00906907017e-14,0
540.0,0.005,-0.03,5.53479674717e-16,0
540.0,0,-0.025,3.73082466768e-14,0
540.0,0.005,-0.025,1.27611082858e-14,0
540.0,0,-0.02,3.80951752702e-14,0
540.0,0.005,-0.02,1.91405990541e-14,0
540.0,0,-0.015,3.70581613947e-14,0
540.0,0.005,-0.015,2.29765039346e-14,0
540.0,-0.0021196717084,-0.00776771017156,2.93473521485e-14,0
540.0,-0.00084550708518,-0.00631514607954,2.20629448835e-14,0
540.0,6.71033969406e-08,-0.005,1.19181815656e-14,0
540.0,-0.00139054260708,-0.0110960807567,3.55714719718e-14,0
540.0,0.00132468676756,-0.00775008274642,2.6271118874e-14,0
540.0,0.00160394440688,-0.0116908851489,3.14810299745e-14,0
540.0,0.005,-0.00939946851065,2.4294874477e-14,0
540.0,0.005,0.005,2.54786739778e-14,0
540.0,-0.000107646311398,0.00617659695633,2.22922576262e-14,0
540.0,-0.00190846935279,0.0076427502668,3.14527750473e-14,0
540.0,0.00131146485568,0.00777290068297,3.01377201855e-14,0
540.0,0.00295884413402,0.00640276348073,2.61279960259e-14,0
540.0,-1.21517769428e-05,0.0108932602996,4.12399643894e-14,0
540.0,0,0.015,5.13903301306e-14,0
540.0,0.005,0.00939942566771,3.45038802254e-14,0
540.0,0.005,0.015,4.3750298985e-14,0
540.0,0,0.02,5.99761431276e-14,0
540.0,0,0.025,6.60151128729e-14,0
540.0,0.005,0.02,4.9501856373e-14,0
540.0,0.005,0.025,5.31207110883e-14,0
540.0,0,0.03,6.56488224467e-14,0
540.0,0,0.035,5.54280106785e-14,0
540.0,0.005,0.03,5.02559303909e-14,0
540.0,0.005,0.035,3.88919808195e-14,0
540.0,0,0.04,3.76492760516e-14,0
540.0,0,0.045,1.35441303703e-14,0
540.0,0.005,0.04,2.30858192778e-14,0
540.0,0.005,0.045,3.1723019575e-15,0
540.0,0,0.05,-1.59274549398e-14,0
540.0,0,0.055,-5.10564269259e-14,0
540.0,0.005,0.05,-2.35452597766e-14,0
540.0,0.005,0.055,-5.7448156903e-14,0
540.0,0,0.06,-9.23810223365e-14,0
540.0,0,0.065,-1.38801539641e-13,0
540.0,0.005,0.06,-9.96211127163e-14,0
540.0,0.005,0.065,-1.47385340922e-13,0
540.0,0,0.07,-1.98559160312e-13,0
540.0,0,0.075,-2.66265439875e-13,0
540.0,0.005,0.07,-2.06832448057e-13,0
540.0,0.005,0.075,-2.75351139381e-13,0
540.0,0.01,-0.075,8.17793913355e-14,0
540.0,0.01,-0.07,4.89585086359e-14,0
540.0,0.015,-0.075,1.38864798523e-13,0
540.0,0.015,-0.07,9.58950442629e-14,0
540.0,0.01,-0.065,1.84588578682e-14,0
540.0,0.015,-0.065,5.35538417746e-14,0
540.0,0.01,-0.06,-8.84453237493e-15,0
540.0,0.015,-0.06,1.69356549939e-14,0
540.0,0.01,-0.055,-3.30806099271e-14,0
540.0,0.015,-0.055,-1.51614041889e-14,0
540.0,0.01,-0.05,-4.86359257547e-14,0
540.0,0.015,-0.05,-4.01643395684e-14,0
540.0,0.01,-0.045,-5.43030811116e-14,0
540.0,0.015,-0.045,-5.80750016041e-14,0
540.0,0.01,-0.04,-5.25845905558e-14,0
540.0,0.015,-0.04,-6.73939227785e-14,0
540.0,0.01,-0.035,-4.36940359225e-14,0
540.0,0.015,-0.035,-6.68213578178e-14,0
540.0,0.01,-0.03,-3.10349355054e-14,0
540.0,0.015,-0.03,-6.01458188188e-14,0
540.0,0.01,-0.025,-1.79618735694e-14,0
540.0,0.015,-0.025,-5.06220338339e-14,0
540.0,0.01,-0.02,-6.70047189092e-15,0
540.0,0.01,-0.015,1.81417178138e-15,0
540.0,0.015,-0.02,-3.73391934266e-14,0
540.0,0.015,-0.015,-2.63157385307e-14,0
540.0,0.00999280436795,-0.0116358337096,6.04398735251e-15,0
540.0,0.0105889214373,-0.00845762197625,8.02138885412e-15,0
540.0,0.015,-0.01,-1.739397705e-14,0
540.0,0.00939947397025,-0.005,1.7926789504e-14,0
540.0,0.015,-0.005,-6.96800661228e-15,0
540.0,0.00658051136513,-0.00296146438142,2.4144008685e-14,0
540.0,0.00636794669772,-3.54305826484e-06,2.26905692702e-14,0
540.0,0.00795807888052,-0.00113999998936,2.50388196904e-14,0
540.0,0.00758147027913,0.00183630393596,2.61493017747e-14,0
540.0,0.0112534647756,-1.47536350887e-07,1.93237981506e-14,0
540.0,0.015,4.16333634234e-19,3.54102839074e-15,0
540.0,0.00939942566771,0.005,2.58909070988e-14,0
540.0,0.015,0.005,7.43860078751e-15,0
540.0,0.00999018807453,0.0109670628501,2.80092697114e-14,0
540.0,0.01,0.015,3.10745754871e-14,0
540.0,0.015,0.01,9.66159772042e-15,0
540.0,0.015,0.015,1.29234057378e-14,0
540.0,0.01,0.02,3.45961165064e-14,0
540.0,0.01,0.025,3.68496104466e-14,0
540.0,0.015,0.02,1.6540475501e-14,0
540.0,0.015,0.025,1.9081978629e-14,0
540.0,0.01,0.03,3.42634463151e-14,0
540.0,0.01,0.035,2.5387945015e-14,0
540.0,0.015,0.03,1.82484215384e-14,0
540.0,0.015,0.035,1.29260192928e-14,0
540.0,0.01,0.04,1.26010614331e-14,0
540.0,0.01,0.045,-3.8464248425e-15,0
540.0,0.015,0.04,4.46011637497e-15,0
540.0,0.015,0.045,-7.06624222971e-15,0
540.0,0.01,0.05,-2.59561579258e-14,0
540.0,0.01,0.055,-5.44653214877e-14,0
540.0,0.015,0.05,-2.286425969e-14,0
540.0,0.015,0.055,-4.28703235803e-14,0
540.0,0.01,0.06,-9.31955271093e-14,0
540.0,0.01,0.065,-1.3877020156e-13,0
540.0,0.015,0.06,-7.29128953208e-14,0
540.0,0.015,0.065,-1.08660956792e-13,0
540.0,0.01,0.07,-1.90130981989e-13,0
540.0,0.01,0.075,-2.47419418115e-13,0
540.0,0.015,0.07,-1.44605353144e-13,0
540.0,0.015,0.075,-1.81614003462e-13,0
540.0,0.02,-0.075,1.97205236127e-13,0
540.0,0.02,-0.07,1.41935355273e-13,0
540.0,0.025,-0.075,2.45559206592e-13,0
540.0,0.025,-0.07,1.80233611205e-13,0
540.0,0.02,-0.065,8.75926000456e-14,0
540.0,0.025,-0.065,1.15396506409e-13,0
540.0,0.02,-0.06,3.48674820127e-14,0
540.0,0.025,-0.06,4.90572230815e-14,0
540.0,0.02,-0.055,-8.94239939019e-15,0
540.0,0.025,-0.055,-5.21357700443e-15,0
540.0,0.02,-0.05,-3.83068166059e-14,0
540.0,0.025,-0.05,-3.88769493361e-14,0
540.0,0.02,-0.045,-6.14549480117e-14,0
540.0,0.025,-0.045,-6.64998256843e-14,0
540.0,0.02,-0.04,-7.65100828122e-14,0
540.0,0.025,-0.04,-8.61449179401e-14,0
540.0,0.02,-0.035,-8.27617907709e-14,0
540.0,0.025,-0.035,-9.58827323296e-14,0
540.0,0.02,-0.03,-8.2725780683e-14,0
540.0,0.025,-0.03,-9.92433544932e-14,0
540.0,0.02,-0.025,-8.03154363864e-14,0
540.0,0.025,-0.025,-1.00970374077e-13,0
540.0,0.02,-0.02,-7.25115659285e-14,0
540.0,0.025,-0.02,-1.00424684328e-13,0
540.0,0.02,-0.015,-6.07171499604e-14,0
540.0,0.025,-0.015,-9.41846236706e-14,0
540.0,0.02,-0.01,-5.1308592745e-14,0
540.0,0.025,-0.01,-8.73712112442e-14,0
540.0,0.02,-0.005,-4.17911924761e-14,0
540.0,0.025,-0.005,-8.20027121455e-14,0
540.0,0.02,0,-3.12456282417e-14,0
540.0,0.025,4.16333634234e-19,-7.42113134225e-14,0
540.0,0.02,0.005,-2.34147260645e-14,0
540.0,0.025,0.005,-6.29348408223e-14,0
540.0,0.02,0.01,-1.80231787752e-14,0
540.0,0.025,0.01,-5.25385537285e-14,0
540.0,0.02,0.015,-1.21694610794e-14,0
540.0,0.025,0.015,-4.26172179305e-14,0
540.0,0.02,0.02,-5.49752295354e-15,0
540.0,0.02,0.025,2.55780387475e-16,0
540.0,0.025,0.02,-3.05524718466e-14,0
540.0,0.025,0.025,-1.90668074691e-14,0
540.0,0.02,0.03,3.1663061391e-15,0
540.0,0.02,0.035,2.45057363492e-15,0
540.0,0.025,0.03,-1.08212080159e-14,0
540.0,0.025,0.035,-6.37053135495e-15,0
540.0,0.02,0.04,-1.04150240794e-15,0
540.0,0.02,0.045,-6.9421150568e-15,0
540.0,0.025,0.04,-4.5776697821e-15,0
540.0,0.025,0.045,-4.5218102538e-15,0
540.0,0.02,0.05,-1.6146055648e-14,0
540.0,0.02,0.055,-2.84674662834e-14,0
540.0,0.025,0.05,-7.05096779004e-15,0
540.0,0.025,0.055,-1.16854969767e-14,0
540.0,0.02,0.06,-4.62662400944e-14,0
540.0,0.02,0.065,-6.54457942139e-14,0
540.0,0.025,0.06,-1.53910894804e-14,0
540.0,0.025,0.065,-1.57428957725e-14,0
540.0,0.02,0.07,-7.82829586657e-14,0
540.0,0.02,0.075,-8.82999776376e-14,0
540.0,0.025,0.07,-7.70415740309e-15,0
540.0,0.025,0.075,4.14526840615e-15,0
540.0,0.03,-0.075,2.66899818862e-13,0
540.0,0.03,-0.07,1.97158211459e-13,0
540.0,0.035,-0.075,2.43193119471e-13,0
540.0,0.035,-0.07,1.82084393901e-13,0
540.0,0.03,-0.065,1.29074362164e-13,0
540.0,0.035,-0.065,1.22557373482e-13,0
540.0,0.03,-0.06,6.12731730477e-14,0
540.0,0.035,-0.06,6.30015894586e-14,0
540.0,0.03,-0.055,3.11550866895e-15,0
540.0,0.035,-0.055,9.53244353567e-15,0
540.0,0.03,-0.05,-3.86737448375e-14,0
540.0,0.035,-0.05,-3.2771265151e-14,0
540.0,0.03,-0.045,-6.99331161873e-14,0
540.0,0.035,-0.045,-6.29610267176e-14,0
540.0,0.03,-0.04,-9.11482623327e-14,0
540.0,0.035,-0.04,-8.30426484319e-14,0
540.0,0.03,-0.035,-1.01778419144e-13,0
540.0,0.035,-0.035,-9.54557160556e-14,0
540.0,0.03,-0.03,-1.06560361984e-13,0
540.0,0.035,-0.03,-1.02758197696e-13,0
540.0,0.03,-0.025,-1.10601543719e-13,0
540.0,0.035,-0.025,-1.09378402389e-13,0
540.0,0.03,-0.02,-1.1341130791e-13,0
540.0,0.035,-0.02,-1.15805856952e-13,0
540.0,0.03,-0.015,-1.15106145949e-13,0
540.0,0.035,-0.015,-1.22766457417e-13,0
540.0,0.03,-0.01,-1.15912033164e-13,0
540.0,0.035,-0.01,-1.29896338734e-13,0
540.0,0.03,-0.005,-1.17507188912e-13,0
540.0,0.035,-0.005,-1.37750430998e-13,0
540.0,0.03,0,-1.15730387469e-13,0
540.0,0.035,4.16333634234e-19,-1.42753790223e-13,0
540.0,0.03,0.005,-1.07538650256e-13,0
540.0,0.035,0.005,-1.40928187123e-13,0
540.0,0.03,0.01,-9.2455804036e-14,0
540.0,0.035,0.01,-1.25615120939e-13,0
540.0,0.03,0.015,-7.33577343888e-14,0
540.0,0.035,0.015,-9.96739212788e-14,0
540.0,0.03,0.02,-5.52338814295e-14,0
540.0,0.035,0.02,-7.63622978928e-14,0
540.0,0.03,0.025,-3.82236081912e-14,0
540.0,0.035,0.025,-5.4579587225e-14,0
540.0,0.03,0.03,-2.35586523967e-14,0
540.0,0.03,0.035,-1.31733401463e-14,0
540.0,0.035,0.03,-3.43016010937e-14,0
540.0,0.035,0.035,-1.81673856754e-14,0
540.0,0.03,0.04,-6.43314320284e-15,0
540.0,0.03,0.045,-8.99989952381e-16,0
540.0,0.035,0.04,-6.82545125121e-15,0
540.0,0.035,0.045,3.71579863757e-15,0
540.0,0.03,0.05,4.10090777757e-15,0
540.0,0.03,0.055,9.5840486562e-15,0
540.0,0.035,0.05,1.60739044683e-14,0
540.0,0.035,0.055,3.1577537178e-14,0
540.0,0.03,0.06,2.20608902981e-14,0
540.0,0.03,0.065,3.86682185559e-14,0
540.0,0.035,0.06,5.85339505621e-14,0
540.0,0.035,0.065,8.96083428239e-14,0
540.0,0.03,0.07,5.56374840756e-14,0
540.0,0.03,0.075,7.38698081084e-14,0
540.0,0.035,0.07,1.15245009426e-13,0
540.0,0.035,0.075,1.39449862897e-13,0
540.0,0.04,-0.075,1.79381769284e-13,0
540.0,0.04,-0.07,1.39812390509e-13,0
540.0,0.045,-0.075,9.67710266367e-14,0
540.0,0.045,-0.07,8.53105380824e-14,0
540.0,0.04,-0.065,9.78880876319e-14,0
540.0,0.045,-0.065,6.62706493388e-14,0
540.0,0.04,-0.06,5.39634572286e-14,0
540.0,0.045,-0.06,4.23656508338e-14,0
540.0,0.04,-0.055,1.26656482479e-14,0
540.0,0.045,-0.055,1.64919262836e-14,0
540.0,0.04,-0.05,-2.02394273955e-14,0
540.0,0.045,-0.05,-3.46508518508e-15,0
540.0,0.04,-0.045,-4.54233990012e-14,0
540.0,0.045,-0.045,-2.22629243465e-14,0
540.0,0.04,-0.04,-6.43752867507e-14,0
540.0,0.045,-0.04,-3.96567969582e-14,0
540.0,0.04,-0.035,-7.87445094718e-14,0
540.0,0.045,-0.035,-5.47643927061e-14,0
540.0,0.04,-0.03,-8.88027946046e-14,0
540.0,0.045,-0.03,-6.71016035195e-14,0
540.0,0.04,-0.025,-9.77614135034e-14,0
540.0,0.045,-0.025,-7.76967689326e-14,0
540.0,0.04,-0.02,-1.06863587815e-13,0
540.0,0.045,-0.02,-8.87547168447e-14,0
540.0,0.04,-0.015,-1.17580848061e-13,0
540.0,0.045,-0.015,-1.02191142769e-13,0
540.0,0.04,-0.01,-1.29594434974e-13,0
540.0,0.045,-0.01,-1.17994585762e-13,0
540.0,0.04,-0.005,-1.42593807531e-13,0
540.0,0.045,-0.005,-1.35988956296e-13,0
540.0,0.04,0,-1.52800356461e-13,0
540.0,0.045,4.16333634234e-19,-1.53432959257e-13,0
540.0,0.04,0.005,-1.56434749803e-13,0
540.0,0.045,0.005,-1.60666795125e-13,0
540.0,0.04,0.01,-1.44935444855e-13,0
540.0,0.045,0.01,-1.51714702981e-13,0
540.0,0.04,0.015,-1.18160029303e-13,0
540.0,0.045,0.015,-1.27558035863e-13,0
540.0,0.04,0.02,-9.16004678377e-14,0
540.0,0.045,0.02,-9.99748977723e-14,0
540.0,0.04,0.025,-6.64807393794e-14,0
540.0,0.045,0.025,-7.29254736471e-14,0
540.0,0.04,0.03,-4.21168505324e-14,0
540.0,0.045,0.03,-4.51560215913e-14,0
540.0,0.04,0.035,-2.1508396046e-14,0
540.0,0.045,0.035,-2.11301738351e-14,0
540.0,0.04,0.04,-5.66954402339e-15,0
540.0,0.04,0.045,9.3491200961e-15,0
540.0,0.045,0.04,-3.00254040903e-15,0
540.0,0.045,0.045,1.44030841023e-14,0
540.0,0.04,0.05,2.69735682372e-14,0
540.0,0.04,0.055,4.92234265336e-14,0
540.0,0.045,0.05,3.32002693002e-14,0
540.0,0.045,0.055,5.54328672982e-14,0
540.0,0.04,0.06,8.18873602645e-14,0
540.0,0.04,0.065,1.20933384609e-13,0
540.0,0.045,0.06,8.6168840363e-14,0
540.0,0.045,0.065,1.21245078108e-13,0
540.0,0.04,0.07,1.55410230878e-13,0
540.0,0.04,0.075,1.88058286898e-13,0
540.0,0.045,0.07,1.5274856863e-13,0
540.0,0.045,0.075,1.83565558258e-13,0
540.0,0.05,-0.075,2.21704648881e-14,0
540.0,0.05,-0.07,3.43308702756e-14,0
540.0,0.055,-0.075,-3.65348949411e-14,0
540.0,0.055,-0.07,-7.79486011276e-15,0
540.0,0.05,-0.065,3.98329940942e-14,0
540.0,0.055,-0.065,1.63754787682e-14,0
540.0,0.05,-0.06,3.54631365421e-14,0
540.0,0.055,-0.06,2.95438873775e-14,0
540.0,0.05,-0.055,2.53016850616e-14,0
540.0,0.055,-0.055,3.36648509299e-14,0
540.0,0.05,-0.05,1.38130511545e-14,0
540.0,0.055,-0.05,3.19759471728e-14,0
540.0,0.05,-0.045,1.65838494923e-15,0
540.0,0.055,-0.045,2.79169331658e-14,0
540.0,0.05,-0.04,-1.15081974509e-14,0
540.0,0.055,-0.04,1.94539041092e-14,0
540.0,0.05,-0.035,-2.4871653508e-14,0
540.0,0.055,-0.035,9.70973511092e-15,0
540.0,0.05,-0.03,-3.7484202092e-14,0
540.0,0.055,-0.03,-4.80809620383e-16,0
540.0,0.05,-0.025,-4.87481442379e-14,0
540.0,0.055,-0.025,-1.12878285589e-14,0
540.0,0.05,-0.02,-6.07843500858e-14,0
540.0,0.055,-0.02,-2.36320121979e-14,0
540.0,0.05,-0.015,-7.56833308985e-14,0
540.0,0.055,-0.015,-3.84838052804e-14,0
540.0,0.05,-0.01,-9.36062292124e-14,0
540.0,0.055,-0.01,-5.59382853012e-14,0
540.0,0.05,-0.005,-1.14509225414e-13,0
540.0,0.055,-0.005,-7.67004374372e-14,0
540.0,0.05,0,-1.37410785829e-13,0
540.0,0.055,4.16333634234e-19,-9.90749653233e-14,0
540.0,0.05,0.005,-1.47921137962e-13,0
540.0,0.055,0.005,-1.12372518803e-13,0
540.0,0.05,0.01,-1.41239499478e-13,0
540.0,0.055,0.01,-1.1192505655e-13,0
540.0,0.05,0.015,-1.21677557356e-13,0
540.0,0.055,0.015,-9.77935110487e-14,0
540.0,0.05,0.02,-9.48182772772e-14,0
540.0,0.055,0.02,-7.32693396794e-14,0
540.0,0.05,0.025,-6.66782379815e-14,0
540.0,0.055,0.025,-4.35304546725e-14,0
540.0,0.05,0.03,-3.59395938681e-14,0
540.0,0.055,0.03,-1.0942873805e-14,0
540.0,0.05,0.035,-1.06911777264e-14,0
540.0,0.055,0.035,1.14320485724e-14,0
540.0,0.05,0.04,4.15911294073e-15,0
540.0,0.055,0.04,1.63686825611e-14,0
540.0,0.05,0.045,1.80487215994e-14,0
540.0,0.055,0.045,2.06924803391e-14,0
540.0,0.05,0.05,3.40130292203e-14,0
540.0,0.05,0.055,5.21698987432e-14,0
540.0,0.055,0.05,3.14546047095e-14,0
540.0,0.055,0.055,4.36064688785e-14,0
540.0,0.05,0.06,7.38463476199e-14,0
540.0,0.05,0.065,9.70395304996e-14,0
540.0,0.055,0.06,5.29015067473e-14,0
540.0,0.055,0.065,6.50294935012e-14,0
540.0,0.05,0.07,1.2174443433e-13,0
540.0,0.05,0.075,1.48880821906e-13,0
540.0,0.055,0.07,8.37579254998e-14,0
540.0,0.055,0.075,1.0698146294e-13,0
540.0,0.06,-0.075,-7.50739504014e-14,0
540.0,0.06,-0.07,-4.08421124681e-14,0
540.0,0.065,-0.075,-1.11129257403e-13,0
540.0,0.065,-0.07,-7.21675435965e-14,0
540.0,0.06,-0.065,-8.12833772685e-15,0
540.0,0.065,-0.065,-3.31042018685e-14,0
540.0,0.06,-0.06,1.98076431119e-14,0
540.0,0.065,-0.06,6.41713076177e-15,0
540.0,0.06,-0.055,3.91807222071e-14,0
540.0,0.065,-0.055,4.28177373944e-14,0
540.0,0.06,-0.05,5.06040849103e-14,0
540.0,0.065,-0.05,6.985223318e-14,0
540.0,0.06,-0.045,5.83059705697e-14,0
540.0,0.065,-0.045,9.1415884565e-14,0
540.0,0.06,-0.04,6.03762774751e-14,0
540.0,0.065,-0.04,1.11589612193e-13,0
540.0,0.06,-0.035,5.65365384092e-14,0
540.0,0.065,-0.035,1.17956087858e-13,0
540.0,0.06,-0.03,4.87006128753e-14,0
540.0,0.065,-0.03,1.11682217417e-13,0
540.0,0.06,-0.025,3.77250460982e-14,0
540.0,0.065,-0.025,9.8523758451e-14,0
540.0,0.06,-0.02,2.48788654587e-14,0
540.0,0.065,-0.02,8.33506151823e-14,0
540.0,0.06,-0.015,1.04923969941e-14,0
540.0,0.065,-0.015,6.92639645026e-14,0
540.0,0.06,-0.01,-5.67794452157e-15,0
540.0,0.065,-0.01,5.4886206111e-14,0
540.0,0.06,-0.005,-2.43659331308e-14,0
540.0,0.065,-0.005,3.98218041942e-14,0
540.0,0.06,0,-4.21215480024e-14,0
540.0,0.065,4.16333634234e-19,2.9550361759e-14,0
540.0,0.06,0.005,-5.38178950616e-14,0
540.0,0.065,0.005,2.28686404959e-14,0
540.0,0.06,0.01,-5.64079964783e-14,0
540.0,0.065,0.01,2.15134225988e-14,0
540.0,0.06,0.015,-4.69636659443e-14,0
540.0,0.065,0.015,2.89349900781e-14,0
540.0,0.06,0.02,-2.68714615562e-14,0
540.0,0.065,0.02,4.16976260075e-14,0
540.0,0.06,0.025,-1.32262698924e-15,0
540.0,0.065,0.025,5.51085116438e-14,0
540.0,0.06,0.03,2.35270606747e-14,0
540.0,0.065,0.03,6.34133113823e-14,0
540.0,0.06,0.035,3.498403849e-14,0
540.0,0.065,0.035,5.98620124936e-14,0
540.0,0.06,0.04,3.14937969545e-14,0
540.0,0.065,0.04,4.67654203338e-14,0
540.0,0.06,0.045,2.64778639836e-14,0
540.0,0.065,0.045,3.20737272438e-14,0
540.0,0.06,0.05,2.39678605816e-14,0
540.0,0.065,0.05,1.2658541071e-14,0
540.0,0.06,0.055,2.0267087172e-14,0
540.0,0.065,0.055,-1.33410273436e-14,0
540.0,0.06,0.06,1.48896670466e-14,0
540.0,0.06,0.065,1.07442103255e-14,0
540.0,0.065,0.06,-4.07572463174e-14,0
540.0,0.065,0.065,-7.01301016535e-14,0
540.0,0.06,0.07,8.44939572564e-15,0
540.0,0.06,0.075,9.00484526769e-15,0
540.0,0.065,0.07,-1.00974838342e-13,0
540.0,0.065,0.075,-1.32752314494e-13,0
540.0,0.07,-0.075,-1.44351332625e-13,0
540.0,0.07,-0.07,-1.02480360803e-13,0
540.0,0.075,-0.075,-1.75997564864e-13,0
540.0,0.075,-0.07,-1.32691789476e-13,0
540.0,0.07,-0.065,-5.95832937141e-14,0
540.0,0.075,-0.065,-8.74836289948e-14,0
540.0,0.07,-0.06,-1.17689776465e-14,0
540.0,0.075,-0.06,-3.26839906914e-14,0
540.0,0.07,-0.055,3.86163339777e-14,0
540.0,0.075,-0.055,2.87277137408e-14,0
540.0,0.07,-0.05,8.8630537769e-14,0
540.0,0.075,-0.05,1.05702007376e-13,0
540.0,0.07,-0.045,1.35133921347e-13,0
540.0,0.075,-0.045,1.8228857967e-13,0
540.0,0.07,-0.04,1.73084078413e-13,0
540.0,0.075,-0.04,2.40524729881e-13,0
540.0,0.07,-0.035,1.88960534679e-13,0
540.0,0.075,-0.035,2.66122682898e-13,0
540.0,0.07,-0.03,1.85319635746e-13,0
540.0,0.075,-0.03,2.64932559279e-13,0
540.0,0.07,-0.025,1.73784856585e-13,0
540.0,0.075,-0.025,2.55655831111e-13,0
540.0,0.07,-0.02,1.56872746063e-13,0
540.0,0.075,-0.02,2.37959009616e-13,0
540.0,0.07,-0.015,1.39922775865e-13,0
540.0,0.075,-0.015,2.1732504711e-13,0
540.0,0.07,-0.01,1.26130326098e-13,0
540.0,0.075,-0.01,2.02909163339e-13,0
540.0,0.07,-0.005,1.15360755024e-13,0
540.0,0.075,-0.005,1.94157513667e-13,0
540.0,0.07,0,1.0918066068e-13,0
540.0,0.075,0,1.9005966186e-13,0
540.0,0.07,0.005,1.05487991624e-13,0
540.0,0.075,0.005,1.88166240404e-13,0
540.0,0.07,0.01,1.06891435267e-13,0
540.0,0.075,0.01,1.91942753014e-13,0
540.0,0.07,0.015,1.12789693947e-13,0
540.0,0.075,0.015,1.96864140359e-13,0
540.0,0.07,0.02,1.17202770028e-13,0
540.0,0.075,0.02,1.93347573331e-13,0
540.0,0.07,0.025,1.15043574421e-13,0
540.0,0.075,0.025,1.75552284362e-13,0
540.0,0.07,0.03,1.02946847935e-13,0
540.0,0.075,0.03,1.41668917832e-13,0
540.0,0.07,0.035,8.27322537789e-14,0
540.0,0.075,0.035,1.02920658027e-13,0
540.0,0.07,0.04,6.09778380274e-14,0
540.0,0.075,0.04,7.51028534996e-14,0
540.0,0.07,0.045,3.64197735386e-14,0
540.0,0.075,0.045,4.31198384529e-14,0
540.0,0.07,0.05,2.33625846101e-15,0
540.0,0.075,0.05,-4.26974163339e-15,0
540.0,0.07,0.055,-4.30146723074e-14,0
540.0,0.075,0.055,-6.75131309348e-14,0
540.0,0.07,0.06,-1.00304773563e-13,0
540.0,0.075,0.06,-1.58371200253e-13,0
540.0,0.07,0.065,-1.59637699897e-13,0
540.0,0.075,0.065,-2.50674884778e-13,0
540.0,0.07,0.07,-2.11452094225e-13,0
540.0,0.07,0.075,-2.592904238e-13,0
540.0,0.075,0.07,-3.19231848797e-13,0
540.0,0.075,0.075,-3.76342119332e-13,0
640.0,-0.00382671281566,-0.00202612167119,0,0
640.0,-0.005,-0.005,8.80308041921e-13,0
640.0,-0.00197892066871,-0.00385133392306,0,0
640.0,-0.005,-0.00190753787223,1.48091408118e-13,0
640.0,-0.00433,0,0,0
640.0,-0.00190753787223,-0.005,1.8104015331e-13,0
640.0,0,-0.00433,0,0
640.0,-0.005,0.00190775150599,-8.63734200669e-14,0
640.0,-0.00385133392306,0.00197892066871,0,0
640.0,0.00190775150599,-0.005,-1.12871889667e-13,0
640.0,0.00202612167119,-0.00382671281566,0,0
640.0,-0.00202612167119,0.00382671281566,0,0
640.0,-0.005,0.005,-8.50001737335e-13,0
640.0,-0.0019094272225,0.005,-1.6564512981e-13,0
640.0,0,0.00433,0,0
640.0,0.00147766755988,0.00407006125046,0,0
640.0,8.32667268469e-19,0.005,-3.15957046419e-14,0
640.0,0.00433,0,0,0
640.0,0.005,1.38777878078e-18,-2.48888923932e-14,0
640.0,0.00407006125046,0.00147766755988,0,0
640.0,0.005,-0.005,-1.14638992799e-12,0
640.0,0.00385133392306,-0.00197892066871,0,0
640.0,0.005,-0.0019094272225,-1.60284232816e-13,0
640.0,0.00306177236254,0.00306177236254,0,0
640.0,0.0019094272225,0.005,3.54783157643e-14,0
640.0,0.005,0.0019094272225,1.99464008367e-14,0
640.0,-0.000885,-0.0015328649647,1.27161923749e-12,0
640.0,-0.0015328649647,-0.000885,1.27174164385e-12,0
640.0,-0.00186450691264,-0.00187567167242,8.43090608859e-13,0
640.0,-0.00177,0,1.27143329961e-12,0
640.0,-0.00268433516245,-0.000738983120158,7.59165548894e-13,0
640.0,0,-0.00177,1.27158078708e-12,0
640.0,-0.000718432264205,-0.00269192408424,7.57459226141e-13,0
640.0,-0.0015328649647,0.000885,1.26992862061e-12,0
640.0,-0.00265321485144,0.000647311733689,7.89950882187e-13,0
640.0,-0.000885,0.0015328649647,1.26830078309e-12,0
640.0,-0.00194719253591,0.00178443766524,8.44016853803e-13,0
640.0,0,0.00177,1.26419405337e-12,0
640.0,-0.000802720381054,0.00273415977115,7.17555568781e-13,0
640.0,0.000885,-0.0015328649647,1.27026942416e-12,0
640.0,0.00075154031863,-0.00270385456952,7.45348243027e-13,0
640.0,0.00177,0,1.26253367611e-12,0
640.0,0.0015328649647,-0.000885,1.26811665111e-12,0
640.0,0.00271471102228,-0.000564731152102,7.60973024387e-13,0
640.0,0.00192394637685,-0.00189207206672,8.10158701408e-13,0
640.0,0.00231817117671,0.00040530921667,9.87986894681e-13,0
640.0,0.0015328649647,0.000885,1.2607996888e-12,0
640.0,0.000885,0.0015328649647,1.26150481133e-12,0
640.0,0.000427053001345,0.00287092483521,6.82242154941e-13,0
640.0,0.00187618296239,0.00184774001435,8.33404506027e-13,0
640.0,0.00312733402203,0.000607809752493,5.19238945323e-13,0
640.0,0.00276214303706,0.00136595635004,5.76903749658e-13,0
640.0,0.0014100336009,0.00268674970267,6.04818218761e-13,0
640.0,-0.075,-0.075,1.68226692007e-10,0
640.0,-0.07,-0.075,1.37994094291e-10,0
640.0,-0.075,-0.07,1.2327403708e-10,0
640.0,-0.07,-0.07,9.8296036137e-11,0
640.0,-0.075,-0.065,8.06032908964e-11,0
640.0,-0.07,-0.065,6.18196148805e-11,0
640.0,-0.065,-0.075,1.02548840303e-10,0
640.0,-0.065,-0.07,7.04404832712e-11,0
640.0,-0.065,-0.065,4.10305326754e-11,0
640.0,-0.075,-0.06,4.67331659467e-11,0
640.0,-0.07,-0.06,3.1926514321e-11,0
640.0,-0.065,-0.06,1.67803191172e-11,0
640.0,-0.075,-0.055,1.54783060786e-11,0
640.0,-0.07,-0.055,4.62041837005e-12,0
640.0,-0.065,-0.055,-5.67016349804e-12,0
640.0,-0.075,-0.05,-1.32318520453e-11,0
640.0,-0.07,-0.05,-1.91283779027e-11,0
640.0,-0.065,-0.05,-2.46144825883e-11,0
640.0,-0.075,-0.045,-3.55912313836e-11,0
640.0,-0.07,-0.045,-3.75863822037e-11,0
640.0,-0.065,-0.045,-3.96846588009e-11,0
640.0,-0.075,-0.04,-4.41342123552e-11,0
640.0,-0.07,-0.04,-4.41282748747e-11,0
640.0,-0.075,-0.035,-3.04262217545e-11,0
640.0,-0.07,-0.035,-3.27380633494e-11,0
640.0,-0.065,-0.04,-4.54831691418e-11,0
640.0,-0.065,-0.035,-3.62041052985e-11,0
640.0,-0.075,-0.03,8.14649823876e-13,0
640.0,-0.07,-0.03,-7.28042710337e-12,0
640.0,-0.075,-0.025,3.91873076377e-11,0
640.0,-0.07,-0.025,2.4242728549e-11,0
640.0,-0.065,-0.03,-1.55062756984e-11,0
640.0,-0.065,-0.025,1.0381568267e-11,0
640.0,-0.075,-0.02,7.18400165842e-11,0
640.0,-0.07,-0.02,5.21058071597e-11,0
640.0,-0.075,-0.015,8.73430642893e-11,0
640.0,-0.07,-0.015,6.76393270562e-11,0
640.0,-0.065,-0.02,3.40318971538e-11,0
640.0,-0.065,-0.015,4.94580968868e-11,0
640.0,-0.075,-0.01,7.87190734394e-11,0
640.0,-0.07,-0.01,6.56436948856e-11,0
640.0,-0.075,-0.005,4.81278392306e-11,0
640.0,-0.07,-0.005,4.54693255859e-11,0
640.0,-0.065,-0.01,5.2982696058e-11,0
640.0,-0.065,-0.005,4.23281226065e-11,0
640.0,-0.075,0,1.15008017378e-11,0
640.0,-0.07,0,1.508275304e-11,0
640.0,-0.075,0.005,-2.82950712884e-11,0
640.0,-0.07,0.005,-1.88317325195e-11,0
640.0,-0.065,4.16333634234e-19,1.99574888093e-11,0
640.0,-0.065,0.005,-6.89248057412e-12,0
640.0,-0.075,0.01,-7.49185114615e-11,0
640.0,-0.07,0.01,-5.39895759633e-11,0
640.0,-0.075,0.015,-1.11923853365e-10,0
640.0,-0.07,0.015,-7.93265923184e-11,0
640.0,-0.065,0.01,-3.36525039117e-11,0
640.0,-0.065,0.015,-5.05844588988e-11,0
640.0,-0.075,0.02,-1.26322770924e-10,0
640.0,-0.07,0.02,-8.74819556263e-11,0
640.0,-0.075,0.025,-1.15370408197e-10,0
640.0,-0.07,0.025,-7.86160696896e-11,0
640.0,-0.065,0.02,-5.32225111879e-11,0
640.0,-0.065,0.025,-4.76377910007e-11,0
640.0,-0.075,0.03,-8.05575460738e-11,0
640.0,-0.07,0.03,-5.09949453486e-11,0
640.0,-0.075,0.035,-3.09552214467e-11,0
640.0,-0.07,0.035,-1.01271897091e-11,0
640.0,-0.065,0.03,-2.55139073537e-11,0
640.0,-0.065,0.035,9.60157757691e-12,0
640.0,-0.075,0.04,1.74141797617e-11,0
640.0,-0.07,0.04,2.96769672883e-11,0
640.0,-0.075,0.045,4.76235978568e-11,0
640.0,-0.07,0.045,5.40997063916e-11,0
640.0,-0.065,0.04,4.3071946746e-11,0
640.0,-0.065,0.045,6.29499655668e-11,0
640.0,-0.075,0.05,4.88933502481e-11,0
640.0,-0.07,0.05,5.44842379161e-11,0
640.0,-0.075,0.055,1.98594252892e-11,0
640.0,-0.07,0.055,3.01961611374e-11,0
640.0,-0.065,0.05,6.25446706459e-11,0
640.0,-0.065,0.055,4.08726564903e-11,0
640.0,-0.075,0.06,-3.35023648445e-11,0
640.0,-0.07,0.06,-1.15965323542e-11,0
640.0,-0.075,0.065,-1.04648192236e-10,0
640.0,-0.07,0.065,-6.64611506834e-11,0
640.0,-0.065,0.06,8.07592273251e-12,0
640.0,-0.065,0.065,-3.0097497175e-11,0
640.0,-0.075,0.07,-1.85024505677e-10,0
640.0,-0.07,0.07,-1.3445382566e-10,0
640.0,-0.075,0.075,-2.64180789968e-10,0
640.0,-0.07,0.075,-2.05227673061e-10,0
640.0,-0.065,0.07,-8.42748679629e-11,0
640.0,-0.065,0.075,-1.42951821243e-10,0
640.0,-0.06,-0.075,6.39521952863e-11,0
640.0,-0.06,-0.07,4.24686052511e-11,0
640.0,-0.06,-0.065,2.16684131546e-11,0
640.0,-0.055,-0.075,3.31565830764e-11,0
640.0,-0.055,-0.07,1.99035700903e-11,0
640.0,-0.055,-0.065,5.62858067072e-12,0
640.0,-0.06,-0.06,3.01662003491e-12,0
640.0,-0.06,-0.055,-1.4347440687e-11,0
640.0,-0.055,-0.06,-8.41624119501e-12,0
640.0,-0.055,-0.055,-2.15906495781e-11,0
640.0,-0.06,-0.05,-2.90687891954e-11,0
640.0,-0.055,-0.05,-3.25138550256e-11,0
640.0,-0.06,-0.045,-4.07185285984e-11,0
640.0,-0.055,-0.045,-3.94637437309e-11,0
640.0,-0.06,-0.04,-4.44139673608e-11,0
640.0,-0.055,-0.04,-3.95543960655e-11,0
640.0,-0.06,-0.035,-3.71021372805e-11,0
640.0,-0.055,-0.035,-3.38169504625e-11,0
640.0,-0.06,-0.03,-2.0994911264e-11,0
640.0,-0.06,-0.025,-5.92333936178e-13,0
640.0,-0.055,-0.03,-2.14814489439e-11,0
640.0,-0.055,-0.025,-5.38073797221e-12,0
640.0,-0.06,-0.02,1.80777017297e-11,0
640.0,-0.06,-0.015,3.15289568857e-11,0
640.0,-0.055,-0.02,8.71104384466e-12,0
640.0,-0.055,-0.015,1.97507560748e-11,0
640.0,-0.06,-0.01,3.79419489591e-11,0
640.0,-0.06,-0.005,3.5531375697e-11,0
640.0,-0.055,-0.01,2.67251945759e-11,0
640.0,-0.055,-0.005,2.88482954999e-11,0
640.0,-0.06,0,2.49815276349e-11,0
640.0,-0.06,0.005,9.02895937484e-12,0
640.0,-0.055,4.16333634234e-19,2.67860810801e-11,0
640.0,-0.055,0.005,2.14384627716e-11,0
640.0,-0.06,0.01,-1.12304183795e-11,0
640.0,-0.06,0.015,-2.46507062568e-11,0
640.0,-0.055,0.01,8.29925638273e-12,0
640.0,-0.055,0.015,-2.18183453975e-12,0
640.0,-0.06,0.02,-2.6274523259e-11,0
640.0,-0.06,0.025,-2.18930757136e-11,0
640.0,-0.055,0.02,-3.95104574711e-12,0
640.0,-0.055,0.025,-4.81425167082e-13,0
640.0,-0.06,0.03,-3.64749265838e-12,0
640.0,-0.06,0.035,2.53435218074e-11,0
640.0,-0.055,0.03,1.25582647772e-11,0
640.0,-0.055,0.035,3.3467141768e-11,0
640.0,-0.06,0.04,5.22211514118e-11,0
640.0,-0.06,0.045,6.7267249306e-11,0
640.0,-0.055,0.04,5.25861427399e-11,0
640.0,-0.055,0.045,6.11756870742e-11,0
640.0,-0.06,0.05,6.62801036547e-11,0
640.0,-0.06,0.055,4.97344382873e-11,0
640.0,-0.055,0.05,5.93031372928e-11,0
640.0,-0.055,0.055,5.205128552e-11,0
640.0,-0.06,0.06,2.28471391969e-11,0
640.0,-0.06,0.065,-6.4136380355e-12,0
640.0,-0.055,0.06,3.45792590094e-11,0
640.0,-0.055,0.065,1.33466361186e-11,0
640.0,-0.06,0.07,-4.33388218869e-11,0
640.0,-0.06,0.075,-8.45624000472e-11,0
640.0,-0.055,0.07,-9.97474759858e-12,0
640.0,-0.055,0.075,-3.50920363323e-11,0
640.0,-0.05,-0.075,1.50928246383e-11,0
640.0,-0.05,-0.07,4.2980094668e-12,0
640.0,-0.045,-0.075,-1.18458218444e-13,0
640.0,-0.045,-0.07,-8.76230250328e-12,0
640.0,-0.05,-0.065,-6.74037858214e-12,0
640.0,-0.045,-0.065,-1.66887741299e-11,0
640.0,-0.05,-0.06,-1.73823505137e-11,0
640.0,-0.05,-0.055,-2.72298059084e-11,0
640.0,-0.045,-0.06,-2.42708041979e-11,0
640.0,-0.045,-0.055,-3.13091432175e-11,0
640.0,-0.05,-0.05,-3.45278695206e-11,0
640.0,-0.05,-0.045,-3.71731563803e-11,0
640.0,-0.045,-0.05,-3.56018873913e-11,0
640.0,-0.045,-0.045,-3.47791637247e-11,0
640.0,-0.05,-0.04,-3.46969537187e-11,0
640.0,-0.045,-0.04,-2.98975541577e-11,0
640.0,-0.05,-0.035,-2.86374774664e-11,0
640.0,-0.045,-0.035,-2.29498112196e-11,0
640.0,-0.05,-0.03,-1.84958655588e-11,0
640.0,-0.045,-0.03,-1.41149347367e-11,0
640.0,-0.05,-0.025,-5.75302466969e-12,0
640.0,-0.045,-0.025,-4.18255405379e-12,0
640.0,-0.05,-0.02,6.30076899408e-12,0
640.0,-0.05,-0.015,1.62080404573e-11,0
640.0,-0.045,-0.02,5.86678756132e-12,0
640.0,-0.045,-0.015,1.45710809893e-11,0
640.0,-0.05,-0.01,2.3015034242e-11,0
640.0,-0.05,-0.005,2.6210040555e-11,0
640.0,-0.045,-0.01,2.10721668383e-11,0
640.0,-0.045,-0.005,2.48012266039e-11,0
640.0,-0.05,0,2.60340157544e-11,0
640.0,-0.05,0.005,2.35914143669e-11,0
640.0,-0.045,4.16333634234e-19,2.55583398064e-11,0
640.0,-0.045,0.005,2.36654058188e-11,0
640.0,-0.05,0.01,1.7454293203e-11,0
640.0,-0.05,0.015,1.03687244957e-11,0
640.0,-0.045,0.01,1.7547601414e-11,0
640.0,-0.045,0.015,9.92320851194e-12,0
640.0,-0.05,0.02,7.41985602932e-12,0
640.0,-0.05,0.025,9.51594059027e-12,0
640.0,-0.045,0.02,5.23230682837e-12,0
640.0,-0.045,0.025,5.27666772652e-12,0
640.0,-0.05,0.03,1.79425805796e-11,0
640.0,-0.05,0.035,3.11044525684e-11,0
640.0,-0.045,0.03,1.06181482761e-11,0
640.0,-0.045,0.035,1.84196917301e-11,0
640.0,-0.05,0.04,4.21747410385e-11,0
640.0,-0.05,0.045,4.65504694057e-11,0
640.0,-0.045,0.04,2.44373343216e-11,0
640.0,-0.045,0.045,2.8856874477e-11,0
640.0,-0.05,0.05,4.60267817363e-11,0
640.0,-0.05,0.055,4.41984275042e-11,0
640.0,-0.045,0.05,3.0838499579e-11,0
640.0,-0.045,0.055,3.2079132313e-11,0
640.0,-0.05,0.06,3.81020196953e-11,0
640.0,-0.05,0.065,2.80463684776e-11,0
640.0,-0.045,0.06,3.20764826628e-11,0
640.0,-0.045,0.065,3.10166875655e-11,0
640.0,-0.05,0.07,1.55624452466e-11,0
640.0,-0.05,0.075,3.08034491273e-12,0
640.0,-0.045,0.07,2.82478049261e-11,0
640.0,-0.045,0.075,2.58428879774e-11,0
640.0,-0.04,-0.075,-1.2877240041e-11,0
640.0,-0.04,-0.07,-1.80580447126e-11,0
640.0,-0.035,-0.075,-1.70700039677e-11,0
640.0,-0.035,-0.07,-2.04834044144e-11,0
640.0,-0.04,-0.065,-2.32339097528e-11,0
640.0,-0.035,-0.065,-2.54833420562e-11,0
640.0,-0.04,-0.06,-2.84249291711e-11,0
640.0,-0.035,-0.06,-2.98059455238e-11,0
640.0,-0.04,-0.055,-3.31625489038e-11,0
640.0,-0.035,-0.055,-3.25909557551e-11,0
640.0,-0.04,-0.05,-3.46056036552e-11,0
640.0,-0.04,-0.045,-3.08059732649e-11,0
640.0,-0.035,-0.05,-3.10555104526e-11,0
640.0,-0.035,-0.045,-2.4949537237e-11,0
640.0,-0.04,-0.04,-2.43701505881e-11,0
640.0,-0.04,-0.035,-1.70631346308e-11,0
640.0,-0.035,-0.04,-1.78875334042e-11,0
640.0,-0.035,-0.035,-1.06295086973e-11,0
640.0,-0.04,-0.03,-9.15355248327e-12,0
640.0,-0.035,-0.03,-3.74368393493e-12,0
640.0,-0.04,-0.025,-9.68698445681e-13,0
640.0,-0.035,-0.025,2.85018744989e-12,0
640.0,-0.04,-0.02,7.14231134927e-12,0
640.0,-0.035,-0.02,9.25515824335e-12,0
640.0,-0.04,-0.015,1.44271660207e-11,0
640.0,-0.035,-0.015,1.50215867165e-11,0
640.0,-0.04,-0.01,2.00033015004e-11,0
640.0,-0.04,-0.005,2.34337276946e-11,0
640.0,-0.035,-0.01,1.91548636129e-11,0
640.0,-0.035,-0.005,2.09547972766e-11,0
640.0,-0.04,0,2.31606089569e-11,0
640.0,-0.04,0.005,1.83385291986e-11,0
640.0,-0.035,4.16333634234e-19,1.74073411022e-11,0
640.0,-0.035,0.005,9.43248777643e-12,0
640.0,-0.04,0.01,1.01041770848e-11,0
640.0,-0.04,0.015,1.40229385697e-12,0
640.0,-0.035,0.01,3.37727206206e-13,0
640.0,-0.035,0.015,-8.65911964875e-12,0
640.0,-0.04,0.02,-4.99102425352e-12,0
640.0,-0.04,0.025,-7.4023379558e-12,0
640.0,-0.035,0.02,-1.61983306021e-11,0
640.0,-0.035,0.025,-2.06138399396e-11,0
640.0,-0.04,0.03,-5.24485035145e-12,0
640.0,-0.04,0.035,2.56527341777e-14,0
640.0,-0.035,0.03,-2.14301479121e-11,0
640.0,-0.035,0.035,-1.84426996236e-11,0
640.0,-0.04,0.04,5.47341522802e-12,0
640.0,-0.04,0.045,1.03917578676e-11,0
640.0,-0.035,0.04,-1.33421633421e-11,0
640.0,-0.035,0.045,-7.81898353798e-12,0
640.0,-0.04,0.05,1.43012367777e-11,0
640.0,-0.04,0.055,1.77085362926e-11,0
640.0,-0.035,0.05,-2.48052786757e-12,0
640.0,-0.035,0.055,2.79595986887e-12,0
640.0,-0.04,0.06,2.09756415294e-11,0
640.0,-0.04,0.065,2.42910338107e-11,0
640.0,-0.035,0.06,8.53500518905e-12,0
640.0,-0.035,0.065,1.43558082944e-11,0
640.0,-0.04,0.07,2.82676790587e-11,0
640.0,-0.04,0.075,3.25966381327e-11,0
640.0,-0.035,0.07,2.06657064614e-11,0
640.0,-0.035,0.075,2.73905693711e-11,0
640.0,-0.03,-0.075,-1.03273972554e-11,0
640.0,-0.03,-0.07,-1.28505730288e-11,0
640.0,-0.025,-0.075,3.68550130273e-12,0
640.0,-0.025,-0.07,2.15189990647e-12,0
640.0,-0.03,-0.065,-1.70295320029e-11,0
640.0,-0.025,-0.065,4.40499956589e-13,0
640.0,-0.03,-0.06,-2.08992913642e-11,0
640.0,-0.025,-0.06,-1.8907503122e-12,0
640.0,-0.03,-0.055,-2.2286730261e-11,0
640.0,-0.025,-0.055,-2.38840117053e-12,0
640.0,-0.03,-0.05,-1.9508420729e-11,0
640.0,-0.025,-0.05,-1.03393410979e-12,0
640.0,-0.03,-0.045,-1.39467153054e-11,0
640.0,-0.025,-0.045,1.27587422182e-12,0
640.0,-0.03,-0.04,-8.62736478551e-12,0
640.0,-0.03,-0.035,-3.04122128531e-12,0
640.0,-0.025,-0.04,3.00710954925e-12,0
640.0,-0.025,-0.035,5.3329689577e-12,0
640.0,-0.03,-0.03,2.30145467945e-12,0
640.0,-0.03,-0.025,7.35488261334e-12,0
640.0,-0.025,-0.03,8.61720003284e-12,0
640.0,-0.025,-0.025,1.16362847552e-11,0
640.0,-0.03,-0.02,1.15779374315e-11,0
640.0,-0.025,-0.02,1.30244605945e-11,0
640.0,-0.03,-0.015,1.46492202246e-11,0
640.0,-0.025,-0.015,1.32049337867e-11,0
640.0,-0.03,-0.01,1.61401117799e-11,0
640.0,-0.025,-0.01,1.21651383286e-11,0
640.0,-0.03,-0.005,1.49270142309e-11,0
640.0,-0.025,-0.005,9.11831294799e-12,0
640.0,-0.03,0,9.67027601979e-12,0
640.0,-0.03,0.005,1.67922358195e-12,0
640.0,-0.025,4.16333634234e-19,4.16332601804e-12,0
640.0,-0.025,0.005,-2.56807750088e-12,0
640.0,-0.03,0.01,-6.76412891781e-12,0
640.0,-0.03,0.015,-1.55474114995e-11,0
640.0,-0.025,0.01,-1.02148128133e-11,0
640.0,-0.025,0.015,-1.84252662579e-11,0
640.0,-0.03,0.02,-2.36326585603e-11,0
640.0,-0.03,0.025,-2.95573970013e-11,0
640.0,-0.025,0.02,-2.65023362727e-11,0
640.0,-0.025,0.025,-3.34333161453e-11,0
640.0,-0.03,0.03,-3.28336417357e-11,0
640.0,-0.03,0.035,-3.35342667858e-11,0
640.0,-0.025,0.03,-3.86693669931e-11,0
640.0,-0.025,0.035,-4.17756693389e-11,0
640.0,-0.03,0.04,-3.07201975804e-11,0
640.0,-0.03,0.045,-2.50297764572e-11,0
640.0,-0.025,0.04,-4.12905975055e-11,0
640.0,-0.025,0.045,-3.63494339448e-11,0
640.0,-0.03,0.05,-1.82276320072e-11,0
640.0,-0.03,0.055,-1.07896482829e-11,0
640.0,-0.025,0.05,-2.94011792454e-11,0
640.0,-0.025,0.055,-2.16841067725e-11,0
640.0,-0.03,0.06,-3.41287466241e-12,0
640.0,-0.03,0.065,3.64060750779e-12,0
640.0,-0.025,0.06,-1.38395277398e-11,0
640.0,-0.025,0.065,-6.38913208639e-12,0
640.0,-0.03,0.07,1.0610040577e-11,0
640.0,-0.03,0.075,1.75275463313e-11,0
640.0,-0.025,0.07,7.7954665695e-13,0
640.0,-0.025,0.075,7.69308840611e-12,0
640.0,-0.02,-0.075,1.87433746319e-11,0
640.0,-0.02,-0.07,1.76459165431e-11,0
640.0,-0.015,-0.075,3.26087567029e-11,0
640.0,-0.015,-0.07,3.18015879605e-11,0
640.0,-0.02,-0.065,1.71015479577e-11,0
640.0,-0.015,-0.065,3.19726733105e-11,0
640.0,-0.02,-0.06,1.75111491415e-11,0
640.0,-0.015,-0.06,3.30650215036e-11,0
640.0,-0.02,-0.055,1.76530104432e-11,0
640.0,-0.015,-0.055,3.24899590777e-11,0
640.0,-0.02,-0.05,1.66380476522e-11,0
640.0,-0.015,-0.05,3.03431006485e-11,0
640.0,-0.02,-0.045,1.53247966736e-11,0
640.0,-0.015,-0.045,2.77783333861e-11,0
640.0,-0.02,-0.04,1.46795736793e-11,0
640.0,-0.015,-0.04,2.54894172135e-11,0
640.0,-0.02,-0.035,1.44421734715e-11,0
640.0,-0.015,-0.035,2.29079139307e-11,0
640.0,-0.02,-0.03,1.45970272606e-11,0
640.0,-0.02,-0.025,1.44182818751e-11,0
640.0,-0.015,-0.03,1.98234831326e-11,0
640.0,-0.015,-0.025,1.64309645816e-11,0
640.0,-0.02,-0.02,1.35298697751e-11,0
640.0,-0.02,-0.015,1.21829935676e-11,0
640.0,-0.015,-0.02,1.36300868238e-11,0
640.0,-0.015,-0.015,1.0922133653e-11,0
640.0,-0.02,-0.01,9.97283967635e-12,0
640.0,-0.015,-0.01,7.90034491294e-12,0
640.0,-0.02,-0.005,6.63851678416e-12,0
640.0,-0.015,-0.005,4.64032053617e-12,0
640.0,-0.02,0,2.19041492405e-12,0
640.0,-0.015,4.16333634234e-19,1.01526665704e-12,0
640.0,-0.02,0.005,-3.56693118065e-12,0
640.0,-0.015,0.005,-3.52122566879e-12,0
640.0,-0.02,0.01,-1.05317480328e-11,0
640.0,-0.02,0.015,-1.82770775992e-11,0
640.0,-0.015,0.01,-9.69821509222e-12,0
640.0,-0.015,0.015,-1.69861502526e-11,0
640.0,-0.02,0.02,-2.6245605936e-11,0
640.0,-0.02,0.025,-3.37521351646e-11,0
640.0,-0.015,0.02,-2.48212521958e-11,0
640.0,-0.015,0.025,-3.28578735898e-11,0
640.0,-0.02,0.03,-4.01189561872e-11,0
640.0,-0.02,0.035,-4.47838164917e-11,0
640.0,-0.015,0.03,-4.04297107806e-11,0
640.0,-0.015,0.035,-4.65257479501e-11,0
640.0,-0.02,0.04,-4.60105049729e-11,0
640.0,-0.02,0.045,-4.23917737236e-11,0
640.0,-0.015,0.04,-4.95103621472e-11,0
640.0,-0.015,0.045,-4.70937590519e-11,0
640.0,-0.02,0.05,-3.61229867382e-11,0
640.0,-0.02,0.055,-2.92540121858e-11,0
640.0,-0.015,0.05,-4.13962007283e-11,0
640.0,-0.015,0.055,-3.49756893086e-11,0
640.0,-0.02,0.06,-2.19110379158e-11,0
640.0,-0.02,0.065,-1.43740633076e-11,0
640.0,-0.015,0.06,-2.77696671552e-11,0
640.0,-0.015,0.065,-1.94167549634e-11,0
640.0,-0.02,0.07,-6.77011345307e-12,0
640.0,-0.02,0.075,3.26303055248e-13,0
640.0,-0.015,0.07,-9.47467877946e-12,0
640.0,-0.015,0.075,-1.05577078015e-12,0
640.0,-0.01,-0.075,3.20176007826e-11,0
640.0,-0.01,-0.07,3.41480670677e-11,0
640.0,-0.005,-0.075,8.80921749874e-12,0
640.0,-0.005,-0.07,1.84673297737e-11,0
640.0,-0.01,-0.065,3.82761866755e-11,0
640.0,-0.005,-0.065,2.98375694283e-11,0
640.0,-0.01,-0.06,4.15362057586e-11,0
640.0,-0.005,-0.06,4.05558093602e-11,0
640.0,-0.01,-0.055,4.13015963239e-11,0
640.0,-0.005,-0.055,4.69603271702e-11,0
640.0,-0.01,-0.05,3.96940996164e-11,0
640.0,-0.005,-0.05,4.71321332965e-11,0
640.0,-0.01,-0.045,3.8015556056e-11,0
640.0,-0.005,-0.045,4.5665327244e-11,0
640.0,-0.01,-0.04,3.50369927573e-11,0
640.0,-0.005,-0.04,3.99039704237e-11,0
640.0,-0.01,-0.035,2.9368341226e-11,0
640.0,-0.005,-0.035,3.04286250156e-11,0
640.0,-0.01,-0.03,2.23327020302e-11,0
640.0,-0.005,-0.03,2.03931434734e-11,0
640.0,-0.01,-0.025,1.61797332228e-11,0
640.0,-0.005,-0.025,1.27890335791e-11,0
640.0,-0.01,-0.02,1.21668812832e-11,0
640.0,-0.01,-0.015,8.66280005768e-12,0
640.0,-0.005,-0.02,8.70852801796e-12,0
640.0,-0.005,-0.015,5.51587134874e-12,0
640.0,-0.0117873230072,-0.0115873794689,7.40390526744e-12,0
640.0,-0.00939961996336,-0.005,2.49768837379e-12,0
640.0,-0.00792797428371,-0.00964253216809,4.29292212606e-12,0
640.0,-0.005,-0.00939961996336,2.72387878288e-12,0
640.0,-0.0108753492546,-0.00150606400588,1.21970067475e-12,0
640.0,-0.00818101620308,-0.00211452602544,8.82201118714e-13,0
640.0,-0.00651817360753,-0.000255934956239,1.35071990326e-13,0
640.0,-0.005,6.71033969428e-08,2.43148904611e-14,0
640.0,-0.0107292118043,0.00160660295843,-4.65471430934e-13,0
640.0,-0.0080188992252,0.000768320427092,-5.78967549782e-14,0
640.0,-0.00939946851065,0.005,-2.324206765e-12,0
640.0,-0.00802129342231,0.00264911934363,-7.32472910382e-13,0
640.0,-0.00887989370213,0.00887989479405,-5.43646442584e-12,0
640.0,-0.01,0.015,-1.37652924599e-11,0
640.0,-0.005,0.00939947397025,-3.68135343538e-12,0
640.0,-0.005,0.015,-9.01873809056e-12,0
640.0,-0.01,0.02,-2.09398396698e-11,0
640.0,-0.01,0.025,-2.86200423316e-11,0
640.0,-0.005,0.02,-1.45903263694e-11,0
640.0,-0.005,0.025,-2.05753547788e-11,0
640.0,-0.01,0.03,-3.66108395588e-11,0
640.0,-0.01,0.035,-4.34659508112e-11,0
640.0,-0.005,0.03,-2.77300666539e-11,0
640.0,-0.005,0.035,-3.35764227528e-11,0
640.0,-0.01,0.04,-4.70469791304e-11,0
640.0,-0.01,0.045,-4.49598597542e-11,0
640.0,-0.005,0.04,-3.58168633969e-11,0
640.0,-0.005,0.045,-3.26073958309e-11,0
640.0,-0.01,0.05,-3.91648091405e-11,0
640.0,-0.01,0.055,-3.23623034887e-11,0
640.0,-0.005,0.05,-2.64559899235e-11,0
640.0,-0.005,0.055,-1.8380719512e-11,0
640.0,-0.01,0.06,-2.35458991277e-11,0
640.0,-0.01,0.065,-1.2799980916e-11,0
640.0,-0.005,0.06,-7.65820212862e-12,0
640.0,-0.005,0.065,4.60530240322e-12,0
640.0,-0.01,0.07,-8.01886017005e-13,0
640.0,-0.01,0.075,1.02475628238e-11,0
640.0,-0.005,0.07,1.85851028606e-11,0
640.0,-0.005,0.075,3.39669574567e-11,0
640.0,0,-0.075,-2.60948428648e-11,0
640.0,0,-0.07,-7.51097257407e-12,0
640.0,0.005,-0.075,-5.67887880263e-11,0
640.0,0.005,-0.07,-3.2086922402e-11,0
640.0,0,-0.065,1.04990181831e-11,0
640.0,0.005,-0.065,-1.01455233626e-11,0
640.0,0,-0.06,2.74005566512e-11,0
640.0,0.005,-0.06,9.16233867774e-12,0
640.0,0,-0.055,4.08635160697e-11,0
640.0,0.005,-0.055,2.57947540709e-11,0
640.0,0,-0.05,4.61305373872e-11,0
640.0,0.005,-0.05,3.41274446963e-11,0
640.0,0,-0.045,4.41675680137e-11,0
640.0,0.005,-0.045,3.20532693097e-11,0
640.0,0,-0.04,3.59079610902e-11,0
640.0,0.005,-0.04,2.41730109225e-11,0
640.0,0,-0.035,2.47802605222e-11,0
640.0,0.005,-0.035,1.40321188175e-11,0
640.0,0,-0.03,1.44593456969e-11,0
640.0,0.005,-0.03,5.82002853965e-12,0
640.0,0,-0.025,7.2668286988e-12,0
640.0,0.005,-0.025,2.96981756946e-13,0
640.0,0,-0.02,3.75647239431e-12,0
640.0,0.005,-0.02,-2.59622161314e-12,0
640.0,0,-0.015,1.55370894035e-12,0
640.0,0.005,-0.015,-3.6611637593e-12,0
640.0,-0.0021196717084,-0.00776771017156,9.16684766059e-13,0
640.0,-0.00084550708518,-0.00631514607954,2.66082418007e-13,0
640.0,6.71033969406e-08,-0.005,3.57288298496e-14,0
640.0,-0.00139054260708,-0.0110960807567,1.49192915719e-12,0
640.0,0.00132468676756,-0.00775008274642,-2.43271160947e-13,0
640.0,0.00160394440688,-0.0116908851489,-3.89538190874e-13,0
640.0,0.005,-0.00939946851065,-2.84383381062e-12,0
640.0,0.005,0.005,2.74587132666e-13,0
640.0,-0.000107646311398,0.00617659695633,-2.28086700871e-13,0
640.0,-0.00190846935279,0.0076427502668,-1.15884367483e-12,0
640.0,0.00131146485568,0.00777290068297,-3.31804156895e-13,0
640.0,0.00295884413402,0.00640276348073,1.28463853669e-13,0
640.0,-1.21517769428e-05,0.0108932602996,-1.96995894792e-12,0
640.0,0,0.015,-4.19489238756e-12,0
640.0,0.005,0.00939942566771,6.44110496732e-13,0
640.0,0.005,0.015,3.31286533464e-13,0
640.0,0,0.02,-7.34662589924e-12,0
640.0,0,0.025,-1.05989734926e-11,0
640.0,0.005,0.02,-3.0421907701e-13,0
640.0,0.005,0.025,-8.73703996938e-13,0
640.0,0,0.03,-1.41666673338e-11,0
640.0,0,0.035,-1.68992078587e-11,0
640.0,0.005,0.03,-9.32576806125e-13,0
640.0,0.005,0.035,-9.96357505493e-13,0
640.0,0,0.04,-1.77542059435e-11,0
640.0,0,0.045,-1.56887325806e-11,0
640.0,0.005,0.04,-8.81615784707e-13,0
640.0,0.005,0.045,-3.09676570784e-14,0
640.0,0,0.05,-1.02175182618e-11,0
640.0,0,0.055,-1.99905125454e-12,0
640.0,0.005,0.05,4.2588985062e-12,0
640.0,0.005,0.055,1.23033666003e-11,0
640.0,0,0.06,9.0593153879e-12,0
640.0,0,0.065,2.21720822312e-11,0
640.0,0.005,0.06,2.38868816582e-11,0
640.0,0.005,0.065,3.81264395498e-11,0
640.0,0,0.07,4.00591084712e-11,0
640.0,0,0.075,6.096812155e-11,0
640.0,0.005,0.07,5.86691153491e-11,0
640.0,0.005,0.075,8.34386053054e-11,0
640.0,0.01,-0.075,-7.64554879033e-11,0
640.0,0.01,-0.07,-4.96540623145e-11,0
640.0,0.015,-0.075,-9.1784825041e-11,0
640.0,0.015,-0.07,-6.30644505276e-11,0
640.0,0.01,-0.065,-2.55624518053e-11,0
640.0,0.015,-0.065,-3.76203792074e-11,0
640.0,0.01,-0.06,-5.23511442484e-12,0
640.0,0.015,-0.06,-1.61662652706e-11,0
640.0,0.01,-0.055,1.13137252477e-11,0
640.0,0.015,-0.055,1.71943456332e-13,0
640.0,0.01,-0.05,1.78532459702e-11,0
640.0,0.015,-0.05,4.80079452612e-12,0
640.0,0.01,-0.045,1.59281511222e-11,0
640.0,0.015,-0.045,3.7515379381e-12,0
640.0,0.01,-0.04,1.02111210998e-11,0
640.0,0.015,-0.04,-3.33194785202e-13,0
640.0,0.01,-0.035,2.91642796327e-12,0
640.0,0.015,-0.035,-6.18179955588e-12,0
640.0,0.01,-0.03,-3.60954392945e-12,0
640.0,0.015,-0.03,-1.23978808321e-11,0
640.0,0.01,-0.025,-8.29120690714e-12,0
640.0,0.015,-0.025,-1.74809535707e-11,0
640.0,0.01,-0.02,-1.06232214064e-11,0
640.0,0.01,-0.015,-1.06697800344e-11,0
640.0,0.015,-0.02,-1.98258679509e-11,0
640.0,0.015,-0.015,-1.92990337575e-11,0
640.0,0.00999280436795,-0.0116358337096,-9.57236959108e-12,0
640.0,0.0105889214373,-0.00845762197625,-8.7946200744e-12,0
640.0,0.015,-0.01,-1.66670243434e-11,0
640.0,0.00939947397025,-0.005,-5.05525413649e-12,0
640.0,0.015,-0.005,-1.26575045554e-11,0
640.0,0.00658051136513,-0.00296146438142,-1.22993927247e-12,0
640.0,0.00636794669772,-3.54305826484e-06,-3.35806022722e-13,0
640.0,0.00795807888052,-0.00113999998936,-1.49152370588e-12,0
640.0,0.00758147027913,0.00183630393596,-3.98997033995e-13,0
640.0,0.0112534647756,-1.47536350887e-07,-3.42335581963e-12,0
640.0,0.015,4.16333634234e-19,-6.83933307086e-12,0
640.0,0.00939942566771,0.005,2.89426102584e-13,0
640.0,0.015,0.005,-8.83733601239e-13,0
640.0,0.00999018807453,0.0109670628501,3.10330413481e-12,0
640.0,0.01,0.015,4.65762924676e-12,0
640.0,0.015,0.01,4.30383443976e-12,0
640.0,0.015,0.015,8.70553112323e-12,0
640.0,0.01,0.02,6.11639844442e-12,0
640.0,0.01,0.025,7.30040721617e-12,0
640.0,0.015,0.02,1.19998780379e-11,0
640.0,0.015,0.025,1.43926769146e-11,0
640.0,0.01,0.03,8.27567734492e-12,0
640.0,0.01,0.035,8.61657570434e-12,0
640.0,0.015,0.03,1.58276458147e-11,0
640.0,0.015,0.035,1.59625458647e-11,0
640.0,0.01,0.04,8.89934322985e-12,0
640.0,0.01,0.045,1.0342019048e-11,0
640.0,0.015,0.04,1.55687771538e-11,0
640.0,0.015,0.045,1.6077889285e-11,0
640.0,0.01,0.05,1.42616903681e-11,0
640.0,0.01,0.055,2.13116832169e-11,0
640.0,0.015,0.05,1.85091334148e-11,0
640.0,0.015,0.055,2.33062322306e-11,0
640.0,0.01,0.06,3.2911355022e-11,0
640.0,0.01,0.065,4.86141259305e-11,0
640.0,0.015,0.06,3.35129816688e-11,0
640.0,0.015,0.065,4.81954431278e-11,0
640.0,0.01,0.07,6.92100475259e-11,0
640.0,0.01,0.075,9.37685716696e-11,0
640.0,0.015,0.07,6.59034276764e-11,0
640.0,0.015,0.075,8.62588484423e-11,0
640.0,0.02,-0.075,-9.76709788617e-11,0
640.0,0.02,-0.07,-6.70730609451e-11,0
640.0,0.025,-0.075,-8.80425048344e-11,0
640.0,0.025,-0.07,-5.71534137345e-11,0
640.0,0.02,-0.065,-4.07463369372e-11,0
640.0,0.025,-0.065,-3.06939066592e-11,0
640.0,0.02,-0.06,-1.79175696956e-11,0
640.0,0.025,-0.06,-1.0503102147e-11,0
640.0,0.02,-0.055,-2.96943772729e-12,0
640.0,0.025,-0.055,-1.57863937292e-12,0
640.0,0.02,-0.05,1.02035484186e-13,0
640.0,0.025,-0.05,-7.28295874591e-13,0
640.0,0.02,-0.045,-1.18254653961e-12,0
640.0,0.025,-0.045,-3.37054834939e-12,0
640.0,0.02,-0.04,-5.84228429405e-12,0
640.0,0.025,-0.04,-9.22594752907e-12,0
640.0,0.02,-0.035,-1.24702657059e-11,0
640.0,0.025,-0.035,-1.68108769984e-11,0
640.0,0.02,-0.03,-1.9527274953e-11,0
640.0,0.025,-0.03,-2.47231879847e-11,0
640.0,0.02,-0.025,-2.59065511271e-11,0
640.0,0.025,-0.025,-3.18815633179e-11,0
640.0,0.02,-0.02,-2.95989409886e-11,0
640.0,0.025,-0.02,-3.66880829078e-11,0
640.0,0.02,-0.015,-2.89518384755e-11,0
640.0,0.025,-0.015,-3.73592449493e-11,0
640.0,0.02,-0.01,-2.58848335971e-11,0
640.0,0.025,-0.01,-3.49388963353e-11,0
640.0,0.02,-0.005,-2.1358718855e-11,0
640.0,0.025,-0.005,-3.05312743514e-11,0
640.0,0.02,0,-1.32044799871e-11,0
640.0,0.025,4.16333634234e-19,-2.06176219041e-11,0
640.0,0.02,0.005,-3.13962600263e-12,0
640.0,0.025,0.005,-6.16999059325e-12,0
640.0,0.02,0.01,5.4528136458e-12,0
640.0,0.025,0.01,6.47698736796e-12,0
640.0,0.02,0.015,1.24135700163e-11,0
640.0,0.025,0.015,1.61561800523e-11,0
640.0,0.02,0.02,1.73644339891e-11,0
640.0,0.02,0.025,2.05025534615e-11,0
640.0,0.025,0.02,2.21017730428e-11,0
640.0,0.025,0.025,2.57898389498e-11,0
640.0,0.02,0.03,2.17009650545e-11,0
640.0,0.02,0.035,2.09029910882e-11,0
640.0,0.025,0.03,2.66752610659e-11,0
640.0,0.025,0.035,2.43125977142e-11,0
640.0,0.02,0.04,1.90672902418e-11,0
640.0,0.02,0.045,1.77996683684e-11,0
640.0,0.025,0.04,2.03144418566e-11,0
640.0,0.025,0.045,1.67294181003e-11,0
640.0,0.02,0.05,1.80432952071e-11,0
640.0,0.02,0.055,2.02777089429e-11,0
640.0,0.025,0.05,1.44092056504e-11,0
640.0,0.025,0.055,1.35360561938e-11,0
640.0,0.02,0.06,2.70888645849e-11,0
640.0,0.02,0.065,3.74719618828e-11,0
640.0,0.025,0.06,1.45380024737e-11,0
640.0,0.025,0.065,1.78730319987e-11,0
640.0,0.02,0.07,4.84719088373e-11,0
640.0,0.02,0.075,6.04395042195e-11,0
640.0,0.025,0.07,2.15524962419e-11,0
640.0,0.025,0.075,2.52077660965e-11,0
640.0,0.03,-0.075,-5.94667478718e-11,0
640.0,0.03,-0.07,-3.13697661326e-11,0
640.0,0.035,-0.075,-1.97663032069e-11,0
640.0,0.035,-0.07,3.5625160097e-12,0
640.0,0.03,-0.065,-7.15687785293e-12,0
640.0,0.035,-0.065,2.44231032503e-11,0
640.0,0.03,-0.06,8.6970229267e-12,0
640.0,0.035,-0.06,3.66125165443e-11,0
640.0,0.03,-0.055,1.30906147748e-11,0
640.0,0.035,-0.055,3.75568480715e-11,0
640.0,0.03,-0.05,1.00138744302e-11,0
640.0,0.035,-0.05,2.94893033536e-11,0
640.0,0.03,-0.045,2.68412443028e-12,0
640.0,0.035,-0.045,1.5870356623e-11,0
640.0,0.03,-0.04,-7.66532329089e-12,0
640.0,0.035,-0.04,-3.48033056392e-13,0
640.0,0.03,-0.035,-1.79648662019e-11,0
640.0,0.035,-0.035,-1.48239601757e-11,0
640.0,0.03,-0.03,-2.70246938152e-11,0
640.0,0.035,-0.03,-2.6192466175e-11,0
640.0,0.03,-0.025,-3.4819528787e-11,0
640.0,0.035,-0.025,-3.52671321219e-11,0
640.0,0.03,-0.02,-4.01903312442e-11,0
640.0,0.035,-0.02,-4.15517118695e-11,0
640.0,0.03,-0.015,-4.27269285903e-11,0
640.0,0.035,-0.015,-4.5294068655e-11,0
640.0,0.03,-0.01,-4.19427317288e-11,0
640.0,0.035,-0.01,-4.56014080832e-11,0
640.0,0.03,-0.005,-3.82583819254e-11,0
640.0,0.035,-0.005,-4.22319601176e-11,0
640.0,0.03,0,-2.79436020218e-11,0
640.0,0.035,4.16333634234e-19,-3.18555848895e-11,0
640.0,0.03,0.005,-1.10177973561e-11,0
640.0,0.035,0.005,-1.37921672682e-11,0
640.0,0.03,0.01,7.51504399376e-12,0
640.0,0.035,0.01,8.81281911419e-12,0
640.0,0.03,0.015,2.06496701428e-11,0
640.0,0.035,0.015,2.49561552928e-11,0
640.0,0.03,0.02,2.66053230166e-11,0
640.0,0.035,0.02,3.11477080087e-11,0
640.0,0.03,0.025,3.04841929875e-11,0
640.0,0.035,0.025,3.47290065381e-11,0
640.0,0.03,0.03,3.05859263529e-11,0
640.0,0.03,0.035,2.59366313228e-11,0
640.0,0.035,0.03,3.33145039091e-11,0
640.0,0.035,0.035,2.5875111167e-11,0
640.0,0.03,0.04,1.93710848891e-11,0
640.0,0.03,0.045,1.31014409734e-11,0
640.0,0.035,0.04,1.65088440299e-11,0
640.0,0.035,0.045,7.04596218202e-12,0
640.0,0.03,0.05,7.1608633154e-12,0
640.0,0.03,0.055,1.55350873581e-12,0
640.0,0.035,0.05,-3.30292967357e-12,0
640.0,0.035,0.055,-1.43238209904e-11,0
640.0,0.03,0.06,-4.93220227651e-12,0
640.0,0.03,0.065,-8.3944781207e-12,0
640.0,0.035,0.06,-2.73358493576e-11,0
640.0,0.035,0.065,-3.58840481527e-11,0
640.0,0.03,0.07,-7.97793492249e-12,0
640.0,0.03,0.075,-6.76735784694e-12,0
640.0,0.035,0.07,-3.78125092706e-11,0
640.0,0.035,0.075,-3.80567587816e-11,0
640.0,0.04,-0.075,1.14660503321e-11,0
640.0,0.04,-0.07,3.20803423681e-11,0
640.0,0.045,-0.075,1.78698054287e-11,0
640.0,0.045,-0.07,4.0780662536e-11,0
640.0,0.04,-0.065,5.1396585464e-11,0
640.0,0.045,-0.065,6.12182715893e-11,0
640.0,0.04,-0.06,6.14138730042e-11,0
640.0,0.045,-0.06,7.14749541804e-11,0
640.0,0.04,-0.055,5.89290067882e-11,0
640.0,0.045,-0.055,6.79902814536e-11,0
640.0,0.04,-0.05,4.65496867896e-11,0
640.0,0.045,-0.05,5.53169468759e-11,0
640.0,0.04,-0.045,2.8369854097e-11,0
640.0,0.045,-0.045,3.78591143072e-11,0
640.0,0.04,-0.04,8.91030172754e-12,0
640.0,0.045,-0.04,1.76220232195e-11,0
640.0,0.04,-0.035,-9.03803204588e-12,0
640.0,0.045,-0.035,-2.46022655899e-12,0
640.0,0.04,-0.03,-2.31874232557e-11,0
640.0,0.045,-0.03,-1.94198439831e-11,0
640.0,0.04,-0.025,-3.38480346128e-11,0
640.0,0.045,-0.025,-3.16884029727e-11,0
640.0,0.04,-0.02,-4.10128867163e-11,0
640.0,0.045,-0.02,-3.961357851e-11,0
640.0,0.04,-0.015,-4.56226913004e-11,0
640.0,0.045,-0.015,-4.4842430346e-11,0
640.0,0.04,-0.01,-4.66135449717e-11,0
640.0,0.045,-0.01,-4.63504842609e-11,0
640.0,0.04,-0.005,-4.34053360436e-11,0
640.0,0.045,-0.005,-4.37488609862e-11,0
640.0,0.04,0,-3.23263800697e-11,0
640.0,0.045,4.16333634234e-19,-3.20231009029e-11,0
640.0,0.04,0.005,-1.31415514607e-11,0
640.0,0.045,0.005,-9.89046861646e-12,0
640.0,0.04,0.01,1.17553025921e-11,0
640.0,0.045,0.01,1.73239048321e-11,0
640.0,0.04,0.015,2.98706513239e-11,0
640.0,0.045,0.015,3.61543476464e-11,0
640.0,0.04,0.02,3.62548725743e-11,0
640.0,0.045,0.02,4.27168852708e-11,0
640.0,0.04,0.025,3.91287450465e-11,0
640.0,0.045,0.025,4.43679309842e-11,0
640.0,0.04,0.03,3.543347762e-11,0
640.0,0.045,0.03,3.72774784945e-11,0
640.0,0.04,0.035,2.45568625144e-11,0
640.0,0.045,0.035,2.14934150335e-11,0
640.0,0.04,0.04,1.14028357276e-11,0
640.0,0.04,0.045,-1.9176749601e-12,0
640.0,0.045,0.04,4.26038710774e-12,0
640.0,0.045,0.045,-1.34318551494e-11,0
640.0,0.04,0.05,-1.63838841863e-11,0
640.0,0.04,0.055,-3.16116477568e-11,0
640.0,0.045,0.05,-3.02227804281e-11,0
640.0,0.045,0.055,-4.60228477265e-11,0
640.0,0.04,0.06,-4.69758556216e-11,0
640.0,0.04,0.065,-5.74565768876e-11,0
640.0,0.045,0.06,-5.90509311322e-11,0
640.0,0.045,0.065,-6.33967325237e-11,0
640.0,0.04,0.07,-5.8993212699e-11,0
640.0,0.04,0.075,-5.75664562969e-11,0
640.0,0.045,0.07,-5.77183483644e-11,0
640.0,0.045,0.075,-4.95050282758e-11,0
640.0,0.05,-0.075,9.42061440216e-13,0
640.0,0.05,-0.07,2.96348357357e-11,0
640.0,0.055,-0.075,-2.8561365712e-11,0
640.0,0.055,-0.07,6.8119387209e-12,0
640.0,0.05,-0.065,5.49781166224e-11,0
640.0,0.055,-0.065,3.96409112291e-11,0
640.0,0.05,-0.06,6.90594805181e-11,0
640.0,0.055,-0.06,6.1781991652e-11,0
640.0,0.05,-0.055,6.89578087925e-11,0
640.0,0.055,-0.055,6.81330463438e-11,0
640.0,0.05,-0.05,5.87902130328e-11,0
640.0,0.055,-0.05,6.25049872156e-11,0
640.0,0.05,-0.045,4.40034532126e-11,0
640.0,0.055,-0.045,5.12339978696e-11,0
640.0,0.05,-0.04,2.49916767703e-11,0
640.0,0.055,-0.04,3.28325695309e-11,0
640.0,0.05,-0.035,4.11088724572e-12,0
640.0,0.055,-0.035,1.06224869157e-11,0
640.0,0.05,-0.03,-1.52696002089e-11,0
640.0,0.055,-0.03,-1.10998964759e-11,0
640.0,0.05,-0.025,-2.91803785502e-11,0
640.0,0.055,-0.025,-2.67274641979e-11,0
640.0,0.05,-0.02,-3.76458451339e-11,0
640.0,0.055,-0.02,-3.56753271931e-11,0
640.0,0.05,-0.015,-4.30720467706e-11,0
640.0,0.055,-0.015,-4.06710591368e-11,0
640.0,0.05,-0.01,-4.4520099897e-11,0
640.0,0.055,-0.01,-4.08001902173e-11,0
640.0,0.05,-0.005,-4.22273988614e-11,0
640.0,0.055,-0.005,-3.68610518874e-11,0
640.0,0.05,0,-2.83682283142e-11,0
640.0,0.055,4.16333634234e-19,-1.96268835791e-11,0
640.0,0.05,0.005,-1.27157935108e-12,0
640.0,0.055,0.005,1.13397805369e-11,0
640.0,0.05,0.01,2.71392946318e-11,0
640.0,0.055,0.01,4.13447660765e-11,0
640.0,0.05,0.015,4.56083686934e-11,0
640.0,0.055,0.015,5.94880566252e-11,0
640.0,0.05,0.02,5.17103349066e-11,0
640.0,0.055,0.02,6.31758242977e-11,0
640.0,0.05,0.025,5.03322548025e-11,0
640.0,0.055,0.025,5.5787344111e-11,0
640.0,0.05,0.03,3.7319359454e-11,0
640.0,0.055,0.03,3.30138381182e-11,0
640.0,0.05,0.035,1.52153356568e-11,0
640.0,0.055,0.035,3.7700229173e-12,0
640.0,0.05,0.04,-7.5957886142e-12,0
640.0,0.055,0.04,-2.13113401492e-11,0
640.0,0.05,0.045,-2.79433148993e-11,0
640.0,0.055,0.045,-4.21344096747e-11,0
640.0,0.05,0.05,-4.36061691936e-11,0
640.0,0.05,0.055,-5.69101910697e-11,0
640.0,0.055,0.05,-5.68263897821e-11,0
640.0,0.055,0.055,-6.6471642422e-11,0
640.0,0.05,0.06,-6.21116930644e-11,0
640.0,0.05,0.065,-5.46798025186e-11,0
640.0,0.055,0.06,-6.13116437963e-11,0
640.0,0.055,0.065,-4.21072379343e-11,0
640.0,0.05,0.07,-4.19676942696e-11,0
640.0,0.05,0.075,-2.9857794266e-11,0
640.0,0.055,0.07,-2.23166883471e-11,0
640.0,0.055,0.075,-5.54066898024e-12,0
640.0,0.06,-0.075,-5.88080685771e-11,0
640.0,0.06,-0.07,-2.04401311729e-11,0
640.0,0.065,-0.075,-8.98496549161e-11,0
640.0,0.065,-0.07,-4.86833162484e-11,0
640.0,0.06,-0.065,1.71980163328e-11,0
640.0,0.065,-0.065,-7.58724521615e-12,0
640.0,0.06,-0.06,4.810713424e-11,0
640.0,0.065,-0.06,3.01984263849e-11,0
640.0,0.06,-0.055,6.37640191381e-11,0
640.0,0.065,-0.055,5.74257624971e-11,0
640.0,0.06,-0.05,6.55798918726e-11,0
640.0,0.065,-0.05,6.84407316954e-11,0
640.0,0.06,-0.045,6.00798279853e-11,0
640.0,0.065,-0.045,6.78232690153e-11,0
640.0,0.06,-0.04,4.29470947899e-11,0
640.0,0.065,-0.04,5.25090527683e-11,0
640.0,0.06,-0.035,1.74850780022e-11,0
640.0,0.065,-0.035,2.54974469845e-11,0
640.0,0.06,-0.03,-6.6538011866e-12,0
640.0,0.065,-0.03,-1.0745477662e-12,0
640.0,0.06,-0.025,-2.43443762761e-11,0
640.0,0.065,-0.025,-2.19530455746e-11,0
640.0,0.06,-0.02,-3.39383508243e-11,0
640.0,0.065,-0.02,-3.29761629773e-11,0
640.0,0.06,-0.015,-3.78322581631e-11,0
640.0,0.065,-0.015,-3.56076861836e-11,0
640.0,0.06,-0.01,-3.56340841271e-11,0
640.0,0.065,-0.01,-3.01654029931e-11,0
640.0,0.06,-0.005,-2.85051496827e-11,0
640.0,0.065,-0.005,-1.7934685653e-11,0
640.0,0.06,0,-7.09346171806e-12,0
640.0,0.065,4.16333634234e-19,8.4285309339e-12,0
640.0,0.06,0.005,2.69254720159e-11,0
640.0,0.065,0.005,4.45465183192e-11,0
640.0,0.06,0.01,5.93137207808e-11,0
640.0,0.065,0.01,7.88634231168e-11,0
640.0,0.06,0.015,7.77285174919e-11,0
640.0,0.065,0.015,9.66929333669e-11,0
640.0,0.06,0.02,7.69371792864e-11,0
640.0,0.065,0.02,8.97318375442e-11,0
640.0,0.06,0.025,5.79490111869e-11,0
640.0,0.065,0.025,5.89393299387e-11,0
640.0,0.06,0.03,2.42414372404e-11,0
640.0,0.065,0.03,1.47289735987e-11,0
640.0,0.06,0.035,-9.36798557507e-12,0
640.0,0.065,0.035,-2.27388362567e-11,0
640.0,0.06,0.04,-3.40422166887e-11,0
640.0,0.065,0.04,-4.64929914671e-11,0
640.0,0.06,0.045,-5.52424133947e-11,0
640.0,0.065,0.045,-6.59052008451e-11,0
640.0,0.06,0.05,-6.90130124782e-11,0
640.0,0.065,0.05,-7.39096591363e-11,0
640.0,0.06,0.055,-6.95848687842e-11,0
640.0,0.065,0.055,-6.31026898878e-11,0
640.0,0.06,0.06,-5.17942588105e-11,0
640.0,0.06,0.065,-1.65758049007e-11,0
640.0,0.065,0.06,-2.92951726452e-11,0
640.0,0.065,0.065,2.87245873621e-11,0
640.0,0.06,0.07,2.5561788185e-11,0
640.0,0.06,0.075,6.70208336345e-11,0
640.0,0.065,0.07,9.85414622588e-11,0
640.0,0.065,0.075,1.71774020815e-10,0
640.0,0.07,-0.075,-1.20132911404e-10,0
640.0,0.07,-0.07,-7.71794242331e-11,0
640.0,0.075,-0.075,-1.49558025822e-10,0
640.0,0.075,-0.07,-1.05619104236e-10,0
640.0,0.07,-0.065,-3.38964163713e-11,0
640.0,0.075,-0.065,-6.07142842459e-11,0
640.0,0.07,-0.06,8.98964489498e-12,0
640.0,0.075,-0.06,-1.25972676178e-11,0
640.0,0.07,-0.055,4.64334657497e-11,0
640.0,0.075,-0.055,3.27533782578e-11,0
640.0,0.07,-0.05,7.01461504391e-11,0
640.0,0.075,-0.05,7.02816191407e-11,0
640.0,0.07,-0.045,7.49809325201e-11,0
640.0,0.075,-0.045,8.33975218448e-11,0
640.0,0.07,-0.04,6.0840723548e-11,0
640.0,0.075,-0.04,7.03430068291e-11,0
640.0,0.07,-0.035,3.35824870773e-11,0
640.0,0.075,-0.035,4.10784235685e-11,0
640.0,0.07,-0.03,5.32539144575e-12,0
640.0,0.075,-0.03,1.08270629095e-11,0
640.0,0.07,-0.025,-1.89680172009e-11,0
640.0,0.075,-0.025,-1.63357935765e-11,0
640.0,0.07,-0.02,-3.37562063488e-11,0
640.0,0.075,-0.02,-3.47311545584e-11,0
640.0,0.07,-0.015,-3.48683096764e-11,0
640.0,0.075,-0.015,-3.43423243789e-11,0
640.0,0.07,-0.01,-2.47170990954e-11,0
640.0,0.075,-0.01,-2.03162515423e-11,0
640.0,0.07,-0.005,-5.85583699656e-12,0
640.0,0.075,-0.005,3.52383625658e-12,0
640.0,0.07,0,2.43878781999e-11,0
640.0,0.075,0,3.78699268405e-11,0
640.0,0.07,0.005,6.21458620172e-11,0
640.0,0.075,0.005,7.87560401961e-11,0
640.0,0.07,0.01,9.86249058143e-11,0
640.0,0.075,0.01,1.20510047195e-10,0
640.0,0.07,0.015,1.15781148142e-10,0
640.0,0.075,0.015,1.39050898264e-10,0
640.0,0.07,0.02,1.02440108008e-10,0
640.0,0.075,0.02,1.19493241693e-10,0
640.0,0.07,0.025,6.08740375128e-11,0
640.0,0.075,0.025,6.5523288844e-11,0
640.0,0.07,0.03,6.22629489032e-12,0
640.0,0.075,0.03,-2.1178615384e-12,0
640.0,0.07,0.035,-3.60132823263e-11,0
640.0,0.075,0.035,-5.03764430337e-11,0
640.0,0.07,0.04,-5.89140438576e-11,0
640.0,0.075,0.04,-7.29684353205e-11,0
640.0,0.07,0.045,-7.5561234759e-11,0
640.0,0.075,0.045,-8.82069936943e-11,0
640.0,0.07,0.05,-7.65985693634e-11,0
640.0,0.075,0.05,-8.48215910621e-11,0
640.0,0.07,0.055,-5.57363280154e-11,0
640.0,0.075,0.055,-5.49919583624e-11,0
640.0,0.07,0.06,-1.73100789302e-12,0
640.0,0.075,0.06,2.19328686206e-11,0
640.0,0.07,0.065,8.10361809246e-11,0
640.0,0.075,0.065,1.32515898262e-10,0
640.0,0.07,0.07,1.69918542254e-10,0
640.0,0.07,0.075,2.58037503513e-10,0
640.0,0.075,0.07,2.3722322628e-10,0
640.0,0.075,0.075,3.34253204693e-10,0
750.0,-0.00382671281566,-0.00202612167119,0,0
750.0,-0.005,-0.005,3.13552305898e-14,0
750.0,-0.00197892066871,-0.00385133392306,0,0
750.0,-0.005,-0.00190753787223,1.66822611959e-14,0
750.0,-0.00433,0,0,0
750.0,-0.00190753787223,-0.005,1.6439761958e-14,0
750.0,0,-0.00433,0,0
750.0,-0.005,0.00190775150599,1.64496953455e-14,0
750.0,-0.00385133392306,0.00197892066871,0,0
750.0,0.00190775150599,-0.005,1.59253200276e-14,0
750.0,0.00202612167119,-0.00382671281566,0,0
750.0,-0.00202612167119,0.00382671281566,0,0
750.0,-0.005,0.005,2.82758090983e-14,0
750.0,-0.0019094272225,0.005,1.54789231254e-14,0
750.0,0,0.00433,0,0
750.0,0.00147766755988,0.00407006125046,0,0
750.0,8.32667268469e-19,0.005,1.15241136333e-14,0
750.0,0.00433,0,0,0
750.0,0.005,1.38777878078e-18,1.13499528903e-14,0
750.0,0.00407006125046,0.00147766755988,0,0
750.0,0.005,-0.005,2.74364518945e-14,0
750.0,0.00385133392306,-0.00197892066871,0,0
750.0,0.005,-0.0019094272225,1.55062053256e-14,0
750.0,0.00306177236254,0.00306177236254,0,0
750.0,0.0019094272225,0.005,1.54747563669e-14,0
750.0,0.005,0.0019094272225,1.57283962558e-14,0
750.0,-0.000885,-0.0015328649647,1.27166592203e-12,0
750.0,-0.0015328649647,-0.000885,1.27178833972e-12,0
750.0,-0.00186450691264,-0.00187567167242,8.43121318961e-13,0
750.0,-0.00177,0,1.27147995993e-12,0
750.0,-0.00268433516245,-0.000738983120158,7.59193156683e-13,0
750.0,0,-0.00177,1.27162743181e-12,0
750.0,-0.000718432264205,-0.00269192408424,7.5748676109e-13,0
750.0,-0.0015328649647,0.000885,1.26997518714e-12,0
750.0,-0.00265321485144,0.000647311733689,7.89979604719e-13,0
750.0,-0.000885,0.0015328649647,1.26834720068e-12,0
750.0,-0.00194719253591,0.00178443766524,8.44047536928e-13,0
750.0,0,0.00177,1.2642402128e-12,0
750.0,-0.000802720381054,0.00273415977115,7.17581536964e-13,0
750.0,0.000885,-0.0015328649647,1.27031597694e-12,0
750.0,0.00075154031863,-0.00270385456952,7.45375310819e-13,0
750.0,0.00177,0,1.26257977159e-12,0
750.0,0.0015328649647,-0.000885,1.26816304323e-12,0
750.0,0.00271471102228,-0.000564731152102,7.61000565887e-13,0
750.0,0.00192394637685,-0.00189207206672,8.10188121483e-13,0
750.0,0.00231817117671,0.00040530921667,9.88022680833e-13,0
750.0,0.0015328649647,0.000885,1.26084562611e-12,0
750.0,0.000885,0.0015328649647,1.26155077749e-12,0
750.0,0.000427053001345,0.00287092483521,6.82266768294e-13,0
750.0,0.00187618296239,0.00184774001435,8.33434587856e-13,0
750.0,0.00312733402203,0.000607809752493,5.19257576525e-13,0
750.0,0.00276214303706,0.00136595635004,5.76924480076e-13,0
750.0,0.0014100336009,0.00268674970267,6.04839964738e-13,0
750.0,-0.075,-0.075,-1.30960936115e-13,0
750.0,-0.07,-0.075,-9.0181061447e-14,0
750.0,-0.075,-0.07,-1.03671009003e-13,0
750.0,-0.07,-0.07,-7.52075364862e-14,0
750.0,-0.075,-0.065,-6.91671998186e-14,0
750.0,-0.07,-0.065,-5.72461797791e-14,0
750.0,-0.065,-0.075,-3.59490391014e-14,0
750.0,-0.065,-0.07,-3.92613954214e-14,0
750.0,-0.065,-0.065,-3.97050400748e-14,0
750.0,-0.075,-0.06,-3.58533961448e-14,0
750.0,-0.07,-0.06,-3.66757902983e-14,0
750.0,-0.065,-0.06,-3.6222849885e-14,0
750.0,-0.075,-0.055,8.29325849746e-15,0
750.0,-0.07,-0.055,-9.26923621494e-15,0
750.0,-0.065,-0.055,-2.77318417747e-14,0
750.0,-0.075,-0.05,8.58893682532e-14,0
750.0,-0.07,-0.05,3.59503490136e-14,0
750.0,-0.065,-0.05,-1.24969334908e-14,0
750.0,-0.075,-0.045,2.08761286471e-13,0
750.0,-0.07,-0.045,1.10852315779e-13,0
750.0,-0.065,-0.045,1.18350951702e-14,0
750.0,-0.075,-0.04,4.19869735031e-13,0
750.0,-0.07,-0.04,2.43454460999e-13,0
750.0,-0.075,-0.035,6.46936994725e-13,0
750.0,-0.07,-0.035,3.9031476812e-13,0
750.0,-0.065,-0.04,7.6395285131e-14,0
750.0,-0.065,-0.035,1.54740079518e-13,0
750.0,-0.075,-0.03,7.82003724906e-13,0
750.0,-0.07,-0.03,4.7720975505e-13,0
750.0,-0.075,-0.025,7.73019605461e-13,0
750.0,-0.07,-0.025,4.66366566448e-13,0
750.0,-0.065,-0.03,1.99128245118e-13,0
750.0,-0.065,-0.025,1.86794384057e-13,0
750.0,-0.075,-0.02,6.17387680468e-13,0
750.0,-0.07,-0.02,3.5757210049e-13,0
750.0,-0.075,-0.015,3.62860543783e-13,0
750.0,-0.07,-0.015,1.84611745982e-13,0
750.0,-0.065,-0.02,1.18738125911e-13,0
750.0,-0.065,-0.015,1.76316115937e-14,0
750.0,-0.075,-0.01,8.97173106265e-14,0
750.0,-0.07,-0.01,4.81186385048e-15,0
750.0,-0.075,-0.005,-9.56060755163e-14,0
750.0,-0.07,-0.005,-1.14237751551e-13,0
750.0,-0.065,-0.01,-8.13565337784e-14,0
750.0,-0.065,-0.005,-1.42237238771e-13,0
750.0,-0.075,0,-1.64956382977e-13,0
750.0,-0.07,0,-1.62650425306e-13,0
750.0,-0.075,0.005,-1.92702815509e-13,0
750.0,-0.07,0.005,-1.76514868858e-13,0
750.0,-0.065,4.16333634234e-19,-1.67573396771e-13,0
750.0,-0.065,0.005,-1.62458880095e-13,0
750.0,-0.075,0.01,-1.53729649847e-13,0
750.0,-0.07,0.01,-1.29536089377e-13,0
750.0,-0.075,0.015,-3.87099394034e-14,0
750.0,-0.07,0.015,-2.86930621427e-14,0
750.0,-0.065,0.01,-1.03905847915e-13,0
750.0,-0.065,0.015,-1.20572596472e-14,0
750.0,-0.075,0.02,9.74662521776e-14,0
750.0,-0.07,0.02,7.63143952504e-14,0
750.0,-0.075,0.025,2.07603742421e-13,0
750.0,-0.07,0.025,1.59422641895e-13,0
750.0,-0.065,0.02,6.56032644679e-14,0
750.0,-0.065,0.025,1.27722523934e-13,0
750.0,-0.075,0.03,2.55401007549e-13,0
750.0,-0.07,0.03,1.94023371091e-13,0
750.0,-0.075,0.035,2.22488963776e-13,0
750.0,-0.07,0.035,1.59958079684e-13,0
750.0,-0.065,0.03,1.49572638023e-13,0
750.0,-0.065,0.035,1.07338569941e-13,0
750.0,-0.075,0.04,1.23921568424e-13,0
750.0,-0.07,0.04,7.3965962835e-14,0
750.0,-0.075,0.045,3.45073986197e-15,0
750.0,-0.07,0.045,-2.45386760796e-14,0
750.0,-0.065,0.04,2.5915987511e-14,0
750.0,-0.065,0.045,-5.70664158446e-14,0
750.0,-0.075,0.05,-8.95481301498e-14,0
750.0,-0.07,0.05,-9.48818280657e-14,0
750.0,-0.075,0.055,-1.21107554155e-13,0
750.0,-0.07,0.055,-1.10147980708e-13,0
750.0,-0.065,0.05,-1.08081758869e-13,0
750.0,-0.065,0.055,-1.06010962388e-13,0
750.0,-0.075,0.06,-8.54596131139e-14,0
750.0,-0.07,0.06,-7.09531044193e-14,0
750.0,-0.075,0.065,3.58694589773e-15,0
750.0,-0.07,0.065,5.86613611689e-15,0
750.0,-0.065,0.06,-6.07361264147e-14,0
750.0,-0.065,0.065,1.5833497333e-15,0
750.0,-0.075,0.07,1.24777955281e-13,0
750.0,-0.07,0.07,1.13772632254e-13,0
750.0,-0.075,0.075,2.54095667658e-13,0
750.0,-0.07,0.075,2.35108724204e-13,0
750.0,-0.065,0.07,9.70561045555e-14,0
750.0,-0.065,0.075,2.10019573866e-13,0
750.0,-0.06,-0.075,3.18491404156e-14,0
750.0,-0.06,-0.07,4.24412973241e-15,0
750.0,-0.06,-0.065,-1.81047588836e-14,0
750.0,-0.055,-0.075,9.41364523894e-14,0
750.0,-0.055,-0.07,4.77338272172e-14,0
750.0,-0.055,-0.065,8.31284491276e-15,0
750.0,-0.06,-0.06,-3.23763837909e-14,0
750.0,-0.06,-0.055,-4.25168398736e-14,0
750.0,-0.055,-0.06,-2.28722210783e-14,0
750.0,-0.055,-0.055,-4.93926765916e-14,0
750.0,-0.06,-0.05,-4.75347474166e-14,0
750.0,-0.055,-0.05,-6.95164152973e-14,0
750.0,-0.06,-0.045,-4.99693435773e-14,0
750.0,-0.055,-0.045,-8.61151376598e-14,0
750.0,-0.06,-0.04,-4.59879354991e-14,0
750.0,-0.055,-0.04,-1.02720881648e-13,0
750.0,-0.06,-0.035,-2.88444329058e-14,0
750.0,-0.055,-0.035,-1.13231047301e-13,0
750.0,-0.06,-0.03,-1.8361970319e-14,0
750.0,-0.06,-0.025,-3.25943532119e-14,0
750.0,-0.055,-0.03,-1.19353507379e-13,0
750.0,-0.055,-0.025,-1.26854630261e-13,0
750.0,-0.06,-0.02,-6.39125218759e-14,0
750.0,-0.06,-0.015,-1.04541843133e-13,0
750.0,-0.055,-0.02,-1.31830446687e-13,0
750.0,-0.055,-0.015,-1.34789478946e-13,0
750.0,-0.06,-0.01,-1.38823660036e-13,0
750.0,-0.06,-0.005,-1.54613377239e-13,0
750.0,-0.055,-0.01,-1.32086752983e-13,0
750.0,-0.055,-0.005,-1.21170265005e-13,0
750.0,-0.06,0,-1.5289999305e-13,0
750.0,-0.06,0.005,-1.28902017421e-13,0
750.0,-0.055,4.16333634234e-19,-1.01852540143e-13,0
750.0,-0.055,0.005,-7.3989968287e-14,0
750.0,-0.06,0.01,-6.97146922613e-14,0
750.0,-0.06,0.015,6.42237708971e-15,0
750.0,-0.055,0.01,-2.61918217362e-14,0
750.0,-0.055,0.015,3.04023991175e-14,0
750.0,-0.06,0.02,6.79546022277e-14,0
750.0,-0.06,0.025,1.158701383e-13,0
750.0,-0.055,0.02,7.79424748521e-14,0
750.0,-0.055,0.025,1.09009677696e-13,0
750.0,-0.06,0.03,1.1735725463e-13,0
750.0,-0.06,0.035,6.12744994631e-14,0
750.0,-0.055,0.03,8.7508320639e-14,0
750.0,-0.055,0.035,2.07202993414e-14,0
750.0,-0.06,0.04,-1.89073201841e-14,0
750.0,-0.06,0.045,-8.52003447622e-14,0
750.0,-0.055,0.04,-5.30451536157e-14,0
750.0,-0.055,0.045,-9.77463987179e-14,0
750.0,-0.06,0.05,-1.12024538714e-13,0
750.0,-0.06,0.055,-9.90022773794e-14,0
750.0,-0.055,0.05,-1.00848073079e-13,0
750.0,-0.055,0.055,-8.86552322665e-14,0
750.0,-0.06,0.06,-5.5199238613e-14,0
750.0,-0.06,0.065,6.81221797114e-16,0
750.0,-0.055,0.06,-5.21919330833e-14,0
750.0,-0.055,0.065,1.32895105922e-16,0
750.0,-0.06,0.07,8.38717040771e-14,0
750.0,-0.06,0.075,1.84983738974e-13,0
750.0,-0.055,0.07,7.53625755851e-14,0
750.0,-0.055,0.075,1.66212883613e-13,0
750.0,-0.05,-0.075,1.38053712331e-13,0
750.0,-0.05,-0.07,8.44891508523e-14,0
750.0,-0.045,-0.075,1.82383229215e-13,0
750.0,-0.045,-0.07,1.20410841937e-13,0
750.0,-0.05,-0.065,3.47373936176e-14,0
750.0,-0.045,-0.065,6.00706446894e-14,0
750.0,-0.05,-0.06,-8.74011414222e-15,0
750.0,-0.05,-0.055,-4.7182781021e-14,0
750.0,-0.045,-0.06,7.11267750016e-15,0
750.0,-0.045,-0.055,-4.05857558273e-14,0
750.0,-0.05,-0.05,-7.75962634072e-14,0
750.0,-0.05,-0.045,-9.77673794028e-14,0
750.0,-0.045,-0.05,-7.77876170773e-14,0
750.0,-0.045,-0.045,-9.79103906562e-14,0
750.0,-0.05,-0.04,-1.1039531011e-13,0
750.0,-0.045,-0.04,-1.05376330316e-13,0
750.0,-0.05,-0.035,-1.19663477977e-13,0
750.0,-0.045,-0.035,-1.07599365311e-13,0
750.0,-0.05,-0.03,-1.23161075821e-13,0
750.0,-0.045,-0.03,-1.02789835946e-13,0
750.0,-0.05,-0.025,-1.18588552438e-13,0
750.0,-0.045,-0.025,-9.18177036704e-14,0
750.0,-0.05,-0.02,-1.10657082845e-13,0
750.0,-0.05,-0.015,-1.00966158749e-13,0
750.0,-0.045,-0.02,-7.75939711711e-14,0
750.0,-0.045,-0.015,-6.0382270451e-14,0
750.0,-0.05,-0.01,-8.71662824487e-14,0
750.0,-0.05,-0.005,-6.75336304552e-14,0
750.0,-0.045,-0.01,-3.95335543265e-14,0
750.0,-0.045,-0.005,-1.35247432645e-14,0
750.0,-0.05,0,-4.17524732727e-14,0
750.0,-0.05,0.005,-1.1232585303e-14,0
750.0,-0.045,4.16333634234e-19,1.79595034561e-14,0
750.0,-0.045,0.005,5.32537400925e-14,0
750.0,-0.05,0.01,3.07038612297e-14,0
750.0,-0.05,0.015,7.29799617695e-14,0
750.0,-0.045,0.01,9.41940690904e-14,0
750.0,-0.045,0.015,1.22645730709e-13,0
750.0,-0.05,0.02,9.99968765615e-14,0
750.0,-0.05,0.025,9.86124773494e-14,0
750.0,-0.045,0.02,1.25016960957e-13,0
750.0,-0.045,0.025,9.29771475019e-14,0
750.0,-0.05,0.03,5.40413026626e-14,0
750.0,-0.05,0.035,-1.25013947425e-14,0
750.0,-0.045,0.03,3.02633423745e-14,0
750.0,-0.045,0.035,-3.13122523483e-14,0
750.0,-0.05,0.04,-6.55288299246e-14,0
750.0,-0.05,0.045,-8.97280930587e-14,0
750.0,-0.045,0.04,-6.25391277412e-14,0
750.0,-0.045,0.045,-7.7979652625e-14,0
750.0,-0.05,0.05,-8.79276927937e-14,0
750.0,-0.05,0.055,-7.68119437143e-14,0
750.0,-0.045,0.05,-7.65066988111e-14,0
750.0,-0.045,0.055,-6.41899884185e-14,0
750.0,-0.05,0.06,-4.70404182295e-14,0
750.0,-0.05,0.065,1.28471023739e-15,0
750.0,-0.045,0.06,-3.59269801444e-14,0
750.0,-0.045,0.065,7.85212455355e-15,0
750.0,-0.05,0.07,7.09136415262e-14,0
750.0,-0.05,0.075,1.53073464767e-13,0
750.0,-0.045,0.07,7.15176353002e-14,0
750.0,-0.045,0.075,1.4623466665e-13,0
750.0,-0.04,-0.075,2.40761573264e-13,0
750.0,-0.04,-0.07,1.58874305641e-13,0
750.0,-0.035,-0.075,2.8513433261e-13,0
750.0,-0.035,-0.07,1.89435926436e-13,0
750.0,-0.04,-0.065,8.34788538899e-14,0
750.0,-0.035,-0.065,1.03694556135e-13,0
750.0,-0.04,-0.06,2.33080091858e-14,0
750.0,-0.035,-0.06,3.75157353618e-14,0
750.0,-0.04,-0.055,-3.07626669657e-14,0
750.0,-0.035,-0.055,-2.06990839237e-14,0
750.0,-0.04,-0.05,-7.17050548007e-14,0
750.0,-0.04,-0.045,-8.89712974822e-14,0
750.0,-0.035,-0.05,-6.21984006512e-14,0
750.0,-0.035,-0.045,-7.47089795002e-14,0
750.0,-0.04,-0.04,-8.95781775919e-14,0
750.0,-0.04,-0.035,-8.36443122918e-14,0
750.0,-0.035,-0.04,-6.92229623942e-14,0
750.0,-0.035,-0.035,-5.58726918071e-14,0
750.0,-0.04,-0.03,-7.18558914584e-14,0
750.0,-0.035,-0.03,-3.83427072385e-14,0
750.0,-0.04,-0.025,-5.65166021259e-14,0
750.0,-0.035,-0.025,-1.86750280198e-14,0
750.0,-0.04,-0.02,-3.80368478489e-14,0
750.0,-0.035,-0.02,3.61614985249e-15,0
750.0,-0.04,-0.015,-1.64594041054e-14,0
750.0,-0.035,-0.015,2.86645119194e-14,0
750.0,-0.04,-0.01,9.73097701341e-15,0
750.0,-0.04,-0.005,4.06018507638e-14,0
750.0,-0.035,-0.01,5.85953534022e-14,0
750.0,-0.035,-0.005,9.27150627205e-14,0
750.0,-0.04,0,8.15943660293e-14,0
750.0,-0.04,0.005,1.2224453519e-13,0
750.0,-0.035,4.16333634234e-19,1.334869924e-13,0
750.0,-0.035,0.005,1.64247416297e-13,0
750.0,-0.04,0.01,1.50583622066e-13,0
750.0,-0.04,0.015,1.59508757625e-13,0
750.0,-0.035,0.01,1.73008350678e-13,0
750.0,-0.035,0.015,1.65041102585e-13,0
750.0,-0.04,0.02,1.40169862692e-13,0
750.0,-0.04,0.025,9.16306050393e-14,0
750.0,-0.035,0.02,1.3602809432e-13,0
750.0,-0.035,0.025,8.5153306289e-14,0
750.0,-0.04,0.03,2.47652817664e-14,0
750.0,-0.04,0.035,-3.03946612858e-14,0
750.0,-0.035,0.03,2.47385487516e-14,0
750.0,-0.035,0.035,-2.6170909627e-14,0
750.0,-0.04,0.04,-5.65194722152e-14,0
750.0,-0.04,0.045,-6.96134007008e-14,0
750.0,-0.035,0.04,-5.40722111029e-14,0
750.0,-0.035,0.045,-6.63280810367e-14,0
750.0,-0.04,0.05,-6.76349171394e-14,0
750.0,-0.04,0.055,-5.31265750021e-14,0
750.0,-0.035,0.05,-6.30113162037e-14,0
750.0,-0.035,0.055,-4.54580027294e-14,0
750.0,-0.04,0.06,-2.30816606899e-14,0
750.0,-0.04,0.065,1.98116892065e-14,0
750.0,-0.035,0.06,-1.22012864321e-14,0
750.0,-0.035,0.065,3.21399455996e-14,0
750.0,-0.04,0.07,7.77488442545e-14,0
750.0,-0.04,0.075,1.43566573352e-13,0
750.0,-0.035,0.07,8.61702756272e-14,0
750.0,-0.035,0.075,1.44301288348e-13,0
750.0,-0.03,-0.075,2.81937924784e-13,0
750.0,-0.03,-0.07,1.93462497304e-13,0
750.0,-0.025,-0.075,2.21273473442e-13,0
750.0,-0.025,-0.07,1.49514951918e-13,0
750.0,-0.03,-0.065,1.11471008133e-13,0
750.0,-0.025,-0.065,7.88656315893e-14,0
750.0,-0.03,-0.06,3.76046647559e-14,0
750.0,-0.025,-0.06,1.11199702127e-14,0
750.0,-0.03,-0.055,-1.99927777151e-14,0
750.0,-0.025,-0.055,-3.26392242587e-14,0
750.0,-0.03,-0.05,-5.26879490213e-14,0
750.0,-0.025,-0.05,-4.52762083454e-14,0
750.0,-0.03,-0.045,-5.70341803007e-14,0
750.0,-0.025,-0.045,-3.54797586615e-14,0
750.0,-0.03,-0.04,-4.33236559445e-14,0
750.0,-0.03,-0.035,-2.43444672665e-14,0
750.0,-0.025,-0.04,-1.44052826481e-14,0
750.0,-0.025,-0.035,7.79767528374e-15,0
750.0,-0.03,-0.03,-3.65892983354e-15,0
750.0,-0.03,-0.025,1.89743277433e-14,0
750.0,-0.025,-0.03,2.95106300131e-14,0
750.0,-0.025,-0.025,5.17767536235e-14,0
750.0,-0.03,-0.02,4.44192402146e-14,0
750.0,-0.025,-0.02,7.26842994908e-14,0
750.0,-0.03,-0.015,7.06110625191e-14,0
750.0,-0.025,-0.015,9.26228202687e-14,0
750.0,-0.03,-0.01,1.00484347092e-13,0
750.0,-0.025,-0.01,1.13740155917e-13,0
750.0,-0.03,-0.005,1.2982227853e-13,0
750.0,-0.025,-0.005,1.30748068561e-13,0
750.0,-0.03,0,1.54717567498e-13,0
750.0,-0.03,0.005,1.659823372e-13,0
750.0,-0.025,4.16333634234e-19,1.42296504728e-13,0
750.0,-0.025,0.005,1.44421277933e-13,0
750.0,-0.03,0.01,1.62030696422e-13,0
750.0,-0.03,0.015,1.47309056213e-13,0
750.0,-0.025,0.01,1.36925561018e-13,0
750.0,-0.025,0.015,1.20053758602e-13,0
750.0,-0.03,0.02,1.17248954118e-13,0
750.0,-0.03,0.025,7.20772366075e-14,0
750.0,-0.025,0.02,9.21893649055e-14,0
750.0,-0.025,0.025,5.39412119423e-14,0
750.0,-0.03,0.03,2.10918314126e-14,0
750.0,-0.03,0.035,-2.50472007896e-14,0
750.0,-0.025,0.03,1.06079357579e-14,0
750.0,-0.025,0.035,-3.11838607626e-14,0
750.0,-0.03,0.04,-5.6533045891e-14,0
750.0,-0.03,0.045,-6.78305493415e-14,0
750.0,-0.025,0.04,-6.24044026669e-14,0
750.0,-0.025,0.045,-7.1413006373e-14,0
750.0,-0.03,0.05,-6.16462497035e-14,0
750.0,-0.03,0.055,-4.06966690311e-14,0
750.0,-0.025,0.05,-6.16996369779e-14,0
750.0,-0.025,0.055,-3.92547107682e-14,0
750.0,-0.03,0.06,-5.36276146844e-15,0
750.0,-0.03,0.065,3.95484072848e-14,0
750.0,-0.025,0.06,-3.65994337157e-15,0
750.0,-0.025,0.065,4.21400758865e-14,0
750.0,-0.03,0.07,9.27233389261e-14,0
750.0,-0.03,0.075,1.50099423814e-13,0
750.0,-0.025,0.07,9.70915235168e-14,0
750.0,-0.025,0.075,1.56281458509e-13,0
750.0,-0.02,-0.075,1.41592252811e-13,0
750.0,-0.02,-0.07,7.55005340373e-14,0
750.0,-0.015,-0.075,5.54544300285e-14,0
750.0,-0.015,-0.07,-4.30933333038e-15,0
750.0,-0.02,-0.065,1.22448064057e-14,0
750.0,-0.015,-0.065,-5.89610065359e-14,0
750.0,-0.02,-0.06,-3.74530645567e-14,0
750.0,-0.015,-0.06,-8.52230162571e-14,0
750.0,-0.02,-0.055,-5.42950808437e-14,0
750.0,-0.015,-0.055,-7.21862546127e-14,0
750.0,-0.02,-0.05,-3.90796993345e-14,0
750.0,-0.015,-0.05,-3.26750071116e-14,0
750.0,-0.02,-0.045,-1.30768391207e-14,0
750.0,-0.015,-0.045,6.82214164648e-15,0
750.0,-0.02,-0.04,1.26689321792e-14,0
750.0,-0.015,-0.04,3.8617930851e-14,0
750.0,-0.02,-0.035,3.73028237007e-14,0
750.0,-0.015,-0.035,6.53653216902e-14,0
750.0,-0.02,-0.03,5.86434570427e-14,0
750.0,-0.02,-0.025,7.45576095631e-14,0
750.0,-0.015,-0.03,8.47777852407e-14,0
750.0,-0.015,-0.025,9.3477172533e-14,0
750.0,-0.02,-0.02,8.61819547366e-14,0
750.0,-0.02,-0.015,9.65706159804e-14,0
750.0,-0.015,-0.02,9.57385795599e-14,0
750.0,-0.015,-0.015,9.50242663955e-14,0
750.0,-0.02,-0.01,1.04678004316e-13,0
750.0,-0.015,-0.01,9.02014311536e-14,0
750.0,-0.02,-0.005,1.10469293617e-13,0
750.0,-0.015,-0.005,8.54943624955e-14,0
750.0,-0.02,0,1.1449539656e-13,0
750.0,-0.015,4.16333634234e-19,8.36950993349e-14,0
750.0,-0.02,0.005,1.14242346538e-13,0
750.0,-0.015,0.005,8.34468022544e-14,0
750.0,-0.02,0.01,1.07169708552e-13,0
750.0,-0.02,0.015,9.22222186837e-14,0
750.0,-0.015,0.01,7.92270984098e-14,0
750.0,-0.015,0.015,6.73477854982e-14,0
750.0,-0.02,0.02,6.75575311408e-14,0
750.0,-0.02,0.025,3.38504042629e-14,0
750.0,-0.015,0.02,4.59822814264e-14,0
750.0,-0.015,0.025,1.56887409737e-14,0
750.0,-0.02,0.03,-4.98972572076e-15,0
750.0,-0.02,0.035,-4.34636419712e-14,0
750.0,-0.015,0.03,-2.08327591094e-14,0
750.0,-0.015,0.035,-5.83081022978e-14,0
750.0,-0.02,0.04,-7.17830863869e-14,0
750.0,-0.02,0.045,-7.86587631702e-14,0
750.0,-0.015,0.04,-8.59331713349e-14,0
750.0,-0.015,0.045,-9.08630959308e-14,0
750.0,-0.02,0.05,-6.68331663204e-14,0
750.0,-0.02,0.055,-4.33062701206e-14,0
750.0,-0.015,0.05,-7.70251418234e-14,0
750.0,-0.015,0.055,-5.18812801798e-14,0
750.0,-0.02,0.06,-6.89515868528e-15,0
750.0,-0.02,0.065,4.02785482507e-14,0
750.0,-0.015,0.06,-1.37207628525e-14,0
750.0,-0.015,0.065,3.61646743024e-14,0
750.0,-0.02,0.07,9.95744170396e-14,0
750.0,-0.02,0.075,1.64987969365e-13,0
750.0,-0.015,0.07,1.02400731528e-13,0
750.0,-0.015,0.075,1.75335000486e-13,0
750.0,-0.01,-0.075,-6.11186873665e-14,0
750.0,-0.01,-0.07,-9.06838718976e-14,0
750.0,-0.005,-0.075,-1.6033245428e-13,0
750.0,-0.005,-0.07,-1.53399051473e-13,0
750.0,-0.01,-0.065,-1.15059352582e-13,0
750.0,-0.005,-0.065,-1.44789005703e-13,0
750.0,-0.01,-0.06,-1.10205863504e-13,0
750.0,-0.005,-0.06,-1.17532216287e-13,0
750.0,-0.01,-0.055,-7.34918510055e-14,0
750.0,-0.005,-0.055,-7.04829017298e-14,0
750.0,-0.01,-0.05,-2.70267232723e-14,0
750.0,-0.005,-0.05,-2.04020303372e-14,0
750.0,-0.01,-0.045,1.8784270405e-14,0
750.0,-0.005,-0.045,2.894386895e-14,0
750.0,-0.01,-0.04,6.16004050611e-14,0
750.0,-0.005,-0.04,7.86701040354e-14,0
750.0,-0.01,-0.035,9.34916335629e-14,0
750.0,-0.005,-0.035,1.12780562254e-13,0
750.0,-0.01,-0.03,1.09287769544e-13,0
750.0,-0.005,-0.03,1.23030618022e-13,0
750.0,-0.01,-0.025,1.08021436544e-13,0
750.0,-0.005,-0.025,1.11823021754e-13,0
750.0,-0.01,-0.02,9.85448695574e-14,0
750.0,-0.01,-0.015,8.60181691335e-14,0
750.0,-0.005,-0.02,9.45351176305e-14,0
750.0,-0.005,-0.015,7.50195963787e-14,0
750.0,-0.0117873230072,-0.0115873794689,8.1959384873e-14,0
750.0,-0.00939961996336,-0.005,5.44740285713e-14,0
750.0,-0.00792797428371,-0.00964253216809,6.22139500106e-14,0
750.0,-0.005,-0.00939961996336,5.11050067201e-14,0
750.0,-0.0108753492546,-0.00150606400588,5.76626992313e-14,0
750.0,-0.00818101620308,-0.00211452602544,4.08057218982e-14,0
750.0,-0.00651817360753,-0.000255934956239,2.68754308397e-14,0
750.0,-0.005,6.71033969428e-08,1.2110964648e-14,0
750.0,-0.0107292118043,0.00160660295843,5.57709635365e-14,0
750.0,-0.0080188992252,0.000768320427092,3.75596329558e-14,0
750.0,-0.00939946851065,0.005,4.96754799574e-14,0
750.0,-0.00802129342231,0.00264911934363,3.91239715454e-14,0
750.0,-0.00887989370213,0.00887989479405,4.96126157873e-14,0
750.0,-0.01,0.015,4.69388491013e-14,0
750.0,-0.005,0.00939947397025,3.67554675943e-14,0
750.0,-0.005,0.015,3.32876222732e-14,0
750.0,-0.01,0.02,2.89081520436e-14,0
750.0,-0.01,0.025,1.99183536945e-15,0
750.0,-0.005,0.02,1.79057524587e-14,0
750.0,-0.005,0.025,-6.05054582961e-15,0
750.0,-0.01,0.03,-3.34546982959e-14,0
750.0,-0.01,0.035,-7.15352607993e-14,0
750.0,-0.005,0.03,-4.10046638803e-14,0
750.0,-0.005,0.035,-7.9431131648e-14,0
750.0,-0.01,0.04,-1.00028376426e-13,0
750.0,-0.01,0.045,-1.04611340459e-13,0
750.0,-0.005,0.04,-1.07313795577e-13,0
750.0,-0.005,0.045,-1.09373144421e-13,0
750.0,-0.01,0.05,-8.81069134678e-14,0
750.0,-0.01,0.055,-5.98084590774e-14,0
750.0,-0.005,0.05,-8.97699911551e-14,0
750.0,-0.005,0.055,-5.79168727291e-14,0
750.0,-0.01,0.06,-1.78303739734e-14,0
750.0,-0.01,0.065,3.71343469041e-14,0
750.0,-0.005,0.06,-1.3630217783e-14,0
750.0,-0.005,0.065,3.97279563395e-14,0
750.0,-0.01,0.07,1.0952063211e-13,0
750.0,-0.01,0.075,1.91065271806e-13,0
750.0,-0.005,0.07,1.15927581605e-13,0
750.0,-0.005,0.075,2.05914570464e-13,0
750.0,0,-0.075,-1.93153399216e-13,0
750.0,0,-0.07,-1.6575848847e-13,0
750.0,0.005,-0.075,-1.53941205973e-13,0
750.0,0.005,-0.07,-1.26131682551e-13,0
750.0,0,-0.065,-1.38653650385e-13,0
750.0,0.005,-0.065,-9.63384419344e-14,0
750.0,0,-0.06,-1.03994101072e-13,0
750.0,0.005,-0.06,-6.53191410087e-14,0
750.0,0,-0.055,-6.03039129954e-14,0
750.0,0.005,-0.055,-3.32047482373e-14,0
750.0,0,-0.05,-8.92117369276e-15,0
750.0,0.005,-0.05,1.01350054566e-14,0
750.0,0,-0.045,4.38838600024e-14,0
750.0,0.005,-0.045,5.56972144335e-14,0
750.0,0,-0.04,9.1011852412e-14,0
750.0,0.005,-0.04,9.23758163136e-14,0
750.0,0,-0.035,1.19968171731e-13,0
750.0,0.005,-0.035,1.10130199712e-13,0
750.0,0,-0.03,1.23013040007e-13,0
750.0,0.005,-0.03,1.08719427326e-13,0
750.0,0,-0.025,1.07012351328e-13,0
750.0,0.005,-0.025,9.55820240771e-14,0
750.0,0,-0.02,8.72496777081e-14,0
750.0,0.005,-0.02,7.77279164621e-14,0
750.0,0,-0.015,6.61827101198e-14,0
750.0,0.005,-0.015,5.9457462865e-14,0
750.0,-0.0021196717084,-0.00776771017156,3.53373786764e-14,0
750.0,-0.00084550708518,-0.00631514607954,2.43224456312e-14,0
750.0,6.71033969406e-08,-0.005,1.22870289581e-14,0
750.0,-0.00139054260708,-0.0110960807567,5.0815553156e-14,0
750.0,0.00132468676756,-0.00775008274642,3.22395462452e-14,0
750.0,0.00160394440688,-0.0116908851489,5.01245050435e-14,0
750.0,0.005,-0.00939946851065,4.06508020611e-14,0
750.0,0.005,0.005,2.61002728408e-14,0
750.0,-0.000107646311398,0.00617659695633,2.07927168065e-14,0
750.0,-0.00190846935279,0.0076427502668,2.78216872983e-14,0
750.0,0.00131146485568,0.00777290068297,2.6363387565e-14,0
750.0,0.00295884413402,0.00640276348073,2.47290523539e-14,0
750.0,-1.21517769428e-05,0.0108932602996,3.00780283213e-14,0
750.0,0,0.015,2.64923433663e-14,0
750.0,0.005,0.00939942566771,3.05468173528e-14,0
750.0,0.005,0.015,2.48780279254e-14,0
750.0,0,0.02,1.22550543526e-14,0
750.0,0,0.025,-9.2626742059e-15,0
750.0,0.005,0.02,1.07316763965e-14,0
750.0,0.005,0.025,-9.70112363336e-15,0
750.0,0,0.03,-4.25578448429e-14,0
750.0,0,0.035,-7.75065665537e-14,0
750.0,0.005,0.03,-3.75405375889e-14,0
750.0,0.005,0.035,-6.40437332545e-14,0
750.0,0,0.04,-1.00444062187e-13,0
750.0,0,0.045,-1.0206284905e-13,0
750.0,0.005,0.04,-8.07508567293e-14,0
750.0,0.005,0.045,-8.57604591462e-14,0
750.0,0,0.05,-8.3488206844e-14,0
750.0,0,0.055,-5.25941889743e-14,0
750.0,0.005,0.05,-7.46094657636e-14,0
750.0,0.005,0.055,-4.91240884668e-14,0
750.0,0,0.06,-8.99097493255e-15,0
750.0,0,0.065,4.3315866254e-14,0
750.0,0.005,0.06,-7.50478564192e-15,0
750.0,0.005,0.065,4.56238781809e-14,0
750.0,0,0.07,1.20780933787e-13,0
750.0,0,0.075,2.14621726066e-13,0
750.0,0.005,0.07,1.22954408079e-13,0
750.0,0.005,0.075,2.16128802722e-13,0
750.0,0.01,-0.075,-8.29994762669e-14,0
750.0,0.01,-0.07,-6.2963555512e-14,0
750.0,0.015,-0.075,-2.4139043232e-15,0
750.0,0.015,-0.07,5.44790796818e-15,0
750.0,0.01,-0.065,-4.20020818817e-14,0
750.0,0.015,-0.065,1.27985490953e-14,0
750.0,0.01,-0.06,-1.88703306142e-14,0
750.0,0.015,-0.06,2.51683404708e-14,0
750.0,0.01,-0.055,6.06178170638e-15,0
750.0,0.015,-0.055,3.7638804982e-14,0
750.0,0.01,-0.05,3.37647274476e-14,0
750.0,0.015,-0.05,4.45275821901e-14,0
750.0,0.01,-0.045,5.89972306747e-14,0
750.0,0.015,-0.045,4.8578455569e-14,0
750.0,0.01,-0.04,7.78014201791e-14,0
750.0,0.015,-0.04,5.20446008446e-14,0
750.0,0.01,-0.035,8.55577905812e-14,0
750.0,0.015,-0.035,5.37208348927e-14,0
750.0,0.01,-0.03,8.37296960201e-14,0
750.0,0.015,-0.03,5.28060788928e-14,0
750.0,0.01,-0.025,7.61855246863e-14,0
750.0,0.015,-0.025,5.00843288839e-14,0
750.0,0.01,-0.02,6.39798600286e-14,0
750.0,0.01,-0.015,5.11668824231e-14,0
750.0,0.015,-0.02,4.51004197829e-14,0
750.0,0.015,-0.015,3.81578384626e-14,0
750.0,0.00999280436795,-0.0116358337096,4.39312234493e-14,0
750.0,0.0105889214373,-0.00845762197625,3.83073163812e-14,0
750.0,0.015,-0.01,3.35154146901e-14,0
750.0,0.00939947397025,-0.005,3.47404414185e-14,0
750.0,0.015,-0.005,3.30481082879e-14,0
750.0,0.00658051136513,-0.00296146438142,2.81158317293e-14,0
750.0,0.00636794669772,-3.54305826484e-06,2.44401891926e-14,0
750.0,0.00795807888052,-0.00113999998936,3.10267342088e-14,0
750.0,0.00758147027913,0.00183630393596,3.05635843617e-14,0
750.0,0.0112534647756,-1.47536350887e-07,3.65038096819e-14,0
750.0,0.015,4.16333634234e-19,3.72840534623e-14,0
750.0,0.00939942566771,0.005,3.53225836805e-14,0
750.0,0.015,0.005,3.92124924132e-14,0
750.0,0.00999018807453,0.0109670628501,3.29785637608e-14,0
750.0,0.01,0.015,2.63371611501e-14,0
750.0,0.015,0.01,3.6474210039e-14,0
750.0,0.015,0.015,2.91505305745e-14,0
750.0,0.01,0.02,1.26428853729e-14,0
750.0,0.01,0.025,-5.80837348836e-15,0
750.0,0.015,0.02,1.68596161621e-14,0
750.0,0.015,0.025,7.82925998489e-16,0
750.0,0.01,0.03,-2.80673142213e-14,0
750.0,0.01,0.035,-4.84928105398e-14,0
750.0,0.015,0.03,-1.7018231941e-14,0
750.0,0.015,0.035,-3.31495381997e-14,0
750.0,0.01,0.04,-6.22184073346e-14,0
750.0,0.01,0.045,-6.82855195211e-14,0
750.0,0.015,0.04,-4.48183851251e-14,0
750.0,0.015,0.045,-5.14006492325e-14,0
750.0,0.01,0.05,-6.32936884065e-14,0
750.0,0.01,0.055,-4.63133126831e-14,0
750.0,0.015,0.05,-5.04447331443e-14,0
750.0,0.015,0.055,-4.13180404808e-14,0
750.0,0.01,0.06,-9.76420560619e-15,0
750.0,0.01,0.065,4.48984608929e-14,0
750.0,0.015,0.06,-1.16837924767e-14,0
750.0,0.015,0.065,3.90531649073e-14,0
750.0,0.01,0.07,1.18956866896e-13,0
750.0,0.01,0.075,2.04459462542e-13,0
750.0,0.015,0.07,1.04144312266e-13,0
750.0,0.015,0.075,1.75931677362e-13,0
750.0,0.02,-0.075,9.16957061115e-14,0
750.0,0.02,-0.07,7.95626237777e-14,0
750.0,0.025,-0.075,1.80008500833e-13,0
750.0,0.025,-0.07,1.46173486431e-13,0
750.0,0.02,-0.065,6.82431726277e-14,0
750.0,0.025,-0.065,1.12798539859e-13,0
750.0,0.02,-0.06,5.66737868422e-14,0
750.0,0.025,-0.06,7.43539456928e-14,0
750.0,0.02,-0.055,4.45417388569e-14,0
750.0,0.025,-0.055,4.15544930648e-14,0
750.0,0.02,-0.05,3.69731814015e-14,0
750.0,0.025,-0.05,2.51861481241e-14,0
750.0,0.02,-0.045,3.07399326209e-14,0
750.0,0.025,-0.045,1.03792951954e-14,0
750.0,0.02,-0.04,2.55557466467e-14,0
750.0,0.025,-0.04,-2.4421642236e-15,0
750.0,0.02,-0.035,2.15471538966e-14,0
750.0,0.025,-0.035,-1.15095736623e-14,0
750.0,0.02,-0.03,1.88046898466e-14,0
750.0,0.025,-0.03,-1.48751177224e-14,0
750.0,0.02,-0.025,1.66621371807e-14,0
750.0,0.025,-0.025,-1.63706584769e-14,0
750.0,0.02,-0.02,1.6339293261e-14,0
750.0,0.025,-0.02,-1.49999090301e-14,0
750.0,0.02,-0.015,1.70142868607e-14,0
750.0,0.025,-0.015,-9.49929778309e-15,0
750.0,0.02,-0.01,1.78761653978e-14,0
750.0,0.025,-0.01,-4.21706825076e-15,0
750.0,0.02,-0.005,2.17949395885e-14,0
750.0,0.025,-0.005,2.59966687331e-15,0
750.0,0.02,0,3.02993367089e-14,0
750.0,0.025,4.16333634234e-19,1.51692487339e-14,0
750.0,0.02,0.005,3.65922158944e-14,0
750.0,0.025,0.005,2.84733508999e-14,0
750.0,0.02,0.01,3.64299965427e-14,0
750.0,0.025,0.01,3.39618416455e-14,0
750.0,0.02,0.015,3.15621333015e-14,0
750.0,0.025,0.015,3.2818168103e-14,0
750.0,0.02,0.02,2.2274433874e-14,0
750.0,0.02,0.025,9.69041722566e-15,0
750.0,0.025,0.02,2.74242613965e-14,0
750.0,0.025,0.025,1.9361305551e-14,0
750.0,0.02,0.03,-4.63283823924e-15,0
750.0,0.02,0.035,-1.80741599959e-14,0
750.0,0.025,0.03,8.20369302426e-15,0
750.0,0.025,0.035,-3.38211732537e-15,0
750.0,0.02,0.04,-2.8659942594e-14,0
750.0,0.02,0.045,-3.5852695561e-14,0
750.0,0.025,0.04,-1.33799499196e-14,0
750.0,0.025,0.045,-2.1498838854e-14,0
750.0,0.02,0.05,-3.77074956351e-14,0
750.0,0.02,0.055,-3.36818539415e-14,0
750.0,0.025,0.05,-2.59225225311e-14,0
750.0,0.025,0.055,-2.57715593391e-14,0
750.0,0.02,0.06,-1.14124854514e-14,0
750.0,0.02,0.065,3.05522724079e-14,0
750.0,0.025,0.06,-1.17615137754e-14,0
750.0,0.025,0.065,1.93875030662e-14,0
750.0,0.02,0.07,8.00166469493e-14,0
750.0,0.02,0.075,1.31015292585e-13,0
750.0,0.025,0.07,5.2293272853e-14,0
750.0,0.025,0.075,8.35786394322e-14,0
750.0,0.03,-0.075,2.34290321949e-13,0
750.0,0.03,-0.07,1.79724534967e-13,0
750.0,0.035,-0.075,2.2070762065e-13,0
750.0,0.035,-0.07,1.61893070083e-13,0
750.0,0.03,-0.065,1.27776675434e-13,0
750.0,0.035,-0.065,1.05153154106e-13,0
750.0,0.03,-0.06,7.41602222246e-14,0
750.0,0.035,-0.06,4.82436786356e-14,0
750.0,0.03,-0.055,2.86026504903e-14,0
750.0,0.035,-0.055,-1.38902598177e-15,0
750.0,0.03,-0.05,-2.18190821313e-15,0
750.0,0.035,-0.05,-3.79995505162e-14,0
750.0,0.03,-0.045,-2.45004257459e-14,0
750.0,0.035,-0.045,-6.01142603453e-14,0
750.0,0.03,-0.04,-3.86867291005e-14,0
750.0,0.035,-0.04,-6.86405858968e-14,0
750.0,0.03,-0.035,-4.45181382091e-14,0
750.0,0.035,-0.035,-6.86586881424e-14,0
750.0,0.03,-0.03,-4.42784973529e-14,0
750.0,0.035,-0.03,-6.5228610433e-14,0
750.0,0.03,-0.025,-4.27388705816e-14,0
750.0,0.035,-0.025,-6.12385777394e-14,0
750.0,0.03,-0.02,-3.89662922031e-14,0
750.0,0.035,-0.02,-5.61641012382e-14,0
750.0,0.03,-0.015,-3.35499362357e-14,0
750.0,0.035,-0.015,-5.07896755988e-14,0
750.0,0.03,-0.01,-2.69842226897e-14,0
750.0,0.035,-0.01,-4.45118635328e-14,0
750.0,0.03,-0.005,-1.91716530457e-14,0
750.0,0.035,-0.005,-3.68883265114e-14,0
750.0,0.03,0,-5.47483421946e-15,0
750.0,0.035,4.16333634234e-19,-2.37844775765e-14,0
750.0,0.03,0.005,1.24612326054e-14,0
750.0,0.035,0.005,-4.44132509807e-15,0
750.0,0.03,0.01,2.7306579486e-14,0
750.0,0.035,0.01,1.75151931548e-14,0
750.0,0.03,0.015,3.29266551433e-14,0
750.0,0.035,0.015,3.06088666717e-14,0
750.0,0.03,0.02,3.13942740736e-14,0
750.0,0.035,0.02,3.36019149547e-14,0
750.0,0.03,0.025,2.80121985886e-14,0
750.0,0.035,0.025,3.49645917908e-14,0
750.0,0.03,0.03,2.09370984999e-14,0
750.0,0.03,0.035,1.10411554629e-14,0
750.0,0.035,0.03,3.23665006854e-14,0
750.0,0.035,0.035,2.47398663756e-14,0
750.0,0.03,0.04,1.30121714737e-15,0
750.0,0.03,0.045,-7.54023165418e-15,0
750.0,0.035,0.04,1.53062593072e-14,0
750.0,0.035,0.045,5.96479793215e-15,0
750.0,0.03,0.05,-1.44844972217e-14,0
750.0,0.03,0.055,-1.88119758598e-14,0
750.0,0.035,0.05,-3.14709186402e-15,0
750.0,0.035,0.055,-1.15347132481e-14,0
750.0,0.03,0.06,-1.51153252729e-14,0
750.0,0.03,0.065,1.73775443295e-15,0
750.0,0.035,0.06,-1.80766019059e-14,0
750.0,0.035,0.065,-1.65667646666e-14,0
750.0,0.03,0.07,2.48712605061e-14,0
750.0,0.03,0.075,4.90491737434e-14,0
750.0,0.035,0.07,-3.66747117732e-15,0
750.0,0.035,0.075,1.32930390971e-14,0
750.0,0.04,-0.075,1.49599192202e-13,0
750.0,0.04,-0.07,1.05176116836e-13,0
750.0,0.045,-0.075,6.1148892464e-14,0
750.0,0.045,-0.07,4.10657128534e-14,0
750.0,0.04,-0.065,5.72905479098e-14,0
750.0,0.045,-0.065,1.21512008625e-14,0
750.0,0.04,-0.06,8.78401232698e-15,0
750.0,0.045,-0.06,-1.87237965392e-14,0
750.0,0.04,-0.055,-3.31119418146e-14,0
750.0,0.045,-0.055,-4.57097735814e-14,0
750.0,0.04,-0.05,-6.11435762443e-14,0
750.0,0.045,-0.05,-6.14215224323e-14,0
750.0,0.04,-0.045,-7.57546843636e-14,0
750.0,0.045,-0.045,-7.17374656425e-14,0
750.0,0.04,-0.04,-8.0506531819e-14,0
750.0,0.045,-0.04,-7.7223379695e-14,0
750.0,0.04,-0.035,-7.98478908778e-14,0
750.0,0.045,-0.035,-7.84657937239e-14,0
750.0,0.04,-0.03,-7.54406709695e-14,0
750.0,0.045,-0.03,-7.54913760193e-14,0
750.0,0.04,-0.025,-7.00407176794e-14,0
750.0,0.045,-0.025,-6.98476290081e-14,0
750.0,0.04,-0.02,-6.4442769077e-14,0
750.0,0.045,-0.02,-6.43920451547e-14,0
750.0,0.04,-0.015,-5.97139111596e-14,0
750.0,0.045,-0.015,-6.0771153789e-14,0
750.0,0.04,-0.01,-5.46750037959e-14,0
750.0,0.045,-0.01,-5.78539800906e-14,0
750.0,0.04,-0.005,-4.8396882611e-14,0
750.0,0.045,-0.005,-5.47367780328e-14,0
750.0,0.04,0,-3.6085791607e-14,0
750.0,0.045,4.16333634234e-19,-4.53213868034e-14,0
750.0,0.04,0.005,-1.66778300505e-14,0
750.0,0.045,0.005,-2.58385621878e-14,0
750.0,0.04,0.01,8.36427208439e-15,0
750.0,0.045,0.01,6.37889458848e-17,0
750.0,0.04,0.015,2.66093577858e-14,0
750.0,0.045,0.015,2.10991235102e-14,0
750.0,0.04,0.02,3.37755013577e-14,0
750.0,0.045,0.02,3.19893183806e-14,0
750.0,0.04,0.025,3.9564661904e-14,0
750.0,0.045,0.025,4.15045259204e-14,0
750.0,0.04,0.03,4.15307180171e-14,0
750.0,0.045,0.03,4.81712612569e-14,0
750.0,0.04,0.035,3.67689731306e-14,0
750.0,0.045,0.035,4.67928057825e-14,0
750.0,0.04,0.04,2.80837742321e-14,0
750.0,0.04,0.045,1.84353369718e-14,0
750.0,0.045,0.04,3.90849949175e-14,0
750.0,0.045,0.045,2.83503272737e-14,0
750.0,0.04,0.05,7.52317663368e-15,0
750.0,0.04,0.055,-4.46238526484e-15,0
750.0,0.045,0.05,1.58087687777e-14,0
750.0,0.045,0.055,2.104210708e-15,0
750.0,0.04,0.06,-1.72375604221e-14,0
750.0,0.04,0.065,-2.75263661959e-14,0
750.0,0.045,0.06,-1.36003853457e-14,0
750.0,0.045,0.065,-2.9809484213e-14,0
750.0,0.04,0.07,-3.22506716192e-14,0
750.0,0.04,0.075,-3.47054101516e-14,0
750.0,0.045,0.07,-4.61552226992e-14,0
750.0,0.045,0.075,-6.32868970424e-14,0
750.0,0.05,-0.075,-4.92297732656e-15,0
750.0,0.05,-0.07,-4.69272739753e-15,0
750.0,0.055,-0.075,-3.86421023757e-14,0
750.0,0.055,-0.07,-2.63675519171e-14,0
750.0,0.05,-0.065,-1.13678655063e-14,0
750.0,0.055,-0.065,-1.87153388691e-14,0
750.0,0.05,-0.06,-2.40045688557e-14,0
750.0,0.055,-0.06,-1.87879618699e-14,0
750.0,0.05,-0.055,-3.67643146647e-14,0
750.0,0.055,-0.055,-2.22174681171e-14,0
750.0,0.05,-0.05,-4.67273353763e-14,0
750.0,0.055,-0.05,-2.70422306121e-14,0
750.0,0.05,-0.045,-5.53267693869e-14,0
750.0,0.055,-0.045,-3.33358072791e-14,0
750.0,0.05,-0.04,-6.15834198136e-14,0
750.0,0.055,-0.04,-4.02009929238e-14,0
750.0,0.05,-0.035,-6.48370950371e-14,0
750.0,0.055,-0.035,-4.2696108065e-14,0
750.0,0.05,-0.03,-6.40801877565e-14,0
750.0,0.055,-0.03,-4.16784889615e-14,0
750.0,0.05,-0.025,-5.92339961635e-14,0
750.0,0.055,-0.025,-3.80736943299e-14,0
750.0,0.05,-0.02,-5.45386057316e-14,0
750.0,0.055,-0.02,-3.49967387124e-14,0
750.0,0.05,-0.015,-5.23859691177e-14,0
750.0,0.055,-0.015,-3.42884081252e-14,0
750.0,0.05,-0.01,-5.19586093096e-14,0
750.0,0.055,-0.01,-3.57686768974e-14,0
750.0,0.05,-0.005,-5.27427552845e-14,0
750.0,0.055,-0.005,-3.93437562833e-14,0
750.0,0.05,0,-4.76162049941e-14,0
750.0,0.055,4.16333634234e-19,-3.96391831512e-14,0
750.0,0.05,0.005,-3.09029105877e-14,0
750.0,0.055,0.005,-3.10752784378e-14,0
750.0,0.05,0.01,-8.29985460685e-15,0
750.0,0.055,0.01,-1.58375773767e-14,0
750.0,0.05,0.015,1.17245431243e-14,0
750.0,0.055,0.015,3.09409446509e-18,0
750.0,0.05,0.02,2.54410623116e-14,0
750.0,0.055,0.02,1.32749441737e-14,0
750.0,0.05,0.025,3.74968110489e-14,0
750.0,0.055,0.025,2.45519941745e-14,0
750.0,0.05,0.03,4.65286466109e-14,0
750.0,0.055,0.03,3.21752401245e-14,0
750.0,0.05,0.035,4.84098453832e-14,0
750.0,0.055,0.035,3.48015699641e-14,0
750.0,0.05,0.04,4.39410193358e-14,0
750.0,0.055,0.04,3.59508271717e-14,0
750.0,0.05,0.045,3.37334341915e-14,0
750.0,0.055,0.045,3.37341201682e-14,0
750.0,0.05,0.05,2.11618162247e-14,0
750.0,0.05,0.055,7.70397271015e-15,0
750.0,0.055,0.05,2.49197948288e-14,0
750.0,0.055,0.055,1.28841215126e-14,0
750.0,0.05,0.06,-8.77570394205e-15,0
750.0,0.05,0.065,-2.69342398925e-14,0
750.0,0.055,0.06,-3.06365166445e-15,0
750.0,0.055,0.065,-2.20683972987e-14,0
750.0,0.05,0.07,-4.48769992322e-14,0
750.0,0.05,0.075,-6.34566126396e-14,0
750.0,0.055,0.07,-4.07631415805e-14,0
750.0,0.055,0.075,-5.97778281136e-14,0
750.0,0.06,-0.075,-4.44016028034e-14,0
750.0,0.06,-0.07,-2.86885851057e-14,0
750.0,0.065,-0.075,-4.47065847263e-14,0
750.0,0.065,-0.07,-2.58045271708e-14,0
750.0,0.06,-0.065,-1.5550219558e-14,0
750.0,0.065,-0.065,-7.77453432721e-15,0
750.0,0.06,-0.06,-6.55192607502e-15,0
750.0,0.065,-0.06,9.8029136489e-15,0
750.0,0.06,-0.055,-1.11361048263e-15,0
750.0,0.065,-0.055,2.6008028621e-14,0
750.0,0.06,-0.05,1.30452231617e-15,0
750.0,0.065,-0.05,3.78575550634e-14,0
750.0,0.06,-0.045,1.4109068625e-15,0
750.0,0.065,-0.045,4.85628212108e-14,0
750.0,0.06,-0.04,-1.68339219936e-16,0
750.0,0.065,-0.04,6.24651825972e-14,0
750.0,0.06,-0.035,-5.50629266143e-16,0
750.0,0.065,-0.035,6.73238124433e-14,0
750.0,0.06,-0.03,-8.53854633051e-16,0
750.0,0.065,-0.03,6.17923136994e-14,0
750.0,0.06,-0.025,-1.66802936788e-15,0
750.0,0.065,-0.025,5.05301772296e-14,0
750.0,0.06,-0.02,-2.72158536442e-15,0
750.0,0.065,-0.02,4.11769804402e-14,0
750.0,0.06,-0.015,-5.10602610753e-15,0
750.0,0.065,-0.015,3.39678217861e-14,0
750.0,0.06,-0.01,-9.32948323997e-15,0
750.0,0.065,-0.01,2.57923056122e-14,0
750.0,0.06,-0.005,-1.58142305244e-14,0
750.0,0.065,-0.005,1.59516622229e-14,0
750.0,0.06,0,-2.19348270726e-14,0
750.0,0.065,4.16333634234e-19,4.15509423735e-15,0
750.0,0.06,0.005,-2.42226561507e-14,0
750.0,0.065,0.005,-9.06915467227e-15,0
750.0,0.06,0.01,-2.0737129272e-14,0
750.0,0.065,0.01,-2.00223078767e-14,0
750.0,0.06,0.015,-1.42259139175e-14,0
750.0,0.065,0.015,-2.79189498392e-14,0
750.0,0.06,0.02,-6.77388939288e-15,0
750.0,0.065,0.02,-3.11671331426e-14,0
750.0,0.06,0.025,1.15643821067e-15,0
750.0,0.065,0.025,-2.86577303402e-14,0
750.0,0.06,0.03,7.916461235e-15,0
750.0,0.065,0.03,-2.13559747257e-14,0
750.0,0.06,0.035,1.30337969002e-14,0
750.0,0.065,0.035,-1.22717105101e-14,0
750.0,0.06,0.04,1.783853744e-14,0
750.0,0.065,0.04,-3.57057805472e-15,0
750.0,0.06,0.045,2.24070983889e-14,0
750.0,0.065,0.045,4.85448792802e-15,0
750.0,0.06,0.05,2.24989368044e-14,0
750.0,0.065,0.05,1.2231260546e-14,0
750.0,0.06,0.055,1.70899674906e-14,0
750.0,0.065,0.055,1.71274952698e-14,0
750.0,0.06,0.06,5.59997496433e-15,0
750.0,0.06,0.065,-9.73131748384e-15,0
750.0,0.065,0.06,1.56751925849e-14,0
750.0,0.065,0.065,9.4868730307e-15,0
750.0,0.06,0.07,-2.46521003487e-14,0
750.0,0.06,0.075,-3.9458051079e-14,0
750.0,0.065,0.07,2.7045599261e-15,0
750.0,0.065,0.075,-3.60378821897e-15,0
750.0,0.07,-0.075,-4.07762588565e-14,0
750.0,0.07,-0.07,-1.97728294231e-14,0
750.0,0.075,-0.075,-3.50508923162e-14,0
750.0,0.075,-0.07,-1.29160420045e-14,0
750.0,0.07,-0.065,1.61606515396e-15,0
750.0,0.075,-0.065,1.06719238619e-14,0
750.0,0.07,-0.06,2.65757876295e-14,0
750.0,0.075,-0.06,4.24209387204e-14,0
750.0,0.07,-0.055,5.42493239745e-14,0
750.0,0.075,-0.055,8.04986640843e-14,0
750.0,0.07,-0.05,8.46687710969e-14,0
750.0,0.075,-0.05,1.35057939649e-13,0
750.0,0.07,-0.045,1.16447350872e-13,0
750.0,0.075,-0.045,1.92254273784e-13,0
750.0,0.07,-0.04,1.43491528266e-13,0
750.0,0.075,-0.04,2.32519803913e-13,0
750.0,0.07,-0.035,1.5135330433e-13,0
750.0,0.075,-0.035,2.424910092e-13,0
750.0,0.07,-0.03,1.42076336369e-13,0
750.0,0.075,-0.03,2.30899333989e-13,0
750.0,0.07,-0.025,1.25362195578e-13,0
750.0,0.075,-0.025,2.11425853177e-13,0
750.0,0.07,-0.02,1.04645837579e-13,0
750.0,0.075,-0.02,1.77746584082e-13,0
750.0,0.07,-0.015,8.53065648422e-14,0
750.0,0.075,-0.015,1.41494477685e-13,0
750.0,0.07,-0.01,6.9352933533e-14,0
750.0,0.075,-0.01,1.17056737552e-13,0
750.0,0.07,-0.005,5.35217128213e-14,0
750.0,0.075,-0.005,9.42717787634e-14,0
750.0,0.07,0,3.54016482755e-14,0
750.0,0.075,0,6.95481144985e-14,0
750.0,0.07,0.005,1.39009267657e-14,0
750.0,0.075,0.005,4.08445954406e-14,0
750.0,0.07,0.01,-1.25094703067e-14,0
750.0,0.075,0.01,-2.01823138977e-15,0
750.0,0.07,0.015,-3.79426345236e-14,0
750.0,0.075,0.015,-4.65658490783e-14,0
750.0,0.07,0.02,-5.44656944161e-14,0
750.0,0.075,0.02,-7.74064217753e-14,0
750.0,0.07,0.025,-5.8459768957e-14,0
750.0,0.075,0.025,-8.8147536298e-14,0
750.0,0.07,0.03,-5.09471527826e-14,0
750.0,0.075,0.03,-7.98545504483e-14,0
750.0,0.07,0.035,-3.80518202644e-14,0
750.0,0.075,0.035,-6.27703065324e-14,0
750.0,0.07,0.04,-2.60479831124e-14,0
750.0,0.075,0.04,-4.84699803549e-14,0
750.0,0.07,0.045,-1.38683709018e-14,0
750.0,0.075,0.045,-3.3200096427e-14,0
750.0,0.07,0.05,-6.96827694881e-16,0
750.0,0.075,0.05,-1.41899731828e-14,0
750.0,0.07,0.055,1.27674831673e-14,0
750.0,0.075,0.055,7.14592338061e-15,0
750.0,0.07,0.06,2.43215777614e-14,0
750.0,0.075,0.06,3.27473746392e-14,0
750.0,0.07,0.065,3.00003577493e-14,0
750.0,0.075,0.065,5.11002607088e-14,0
750.0,0.07,0.07,3.04534147188e-14,0
750.0,0.07,0.075,2.9191820435e-14,0
750.0,0.075,0.07,5.74621562349e-14,0
750.0,0.075,0.075,5.92757869841e-14,0
860.0,-0.00382671281566,-0.00202612167119,0,0
860.0,-0.005,-0.005,2.0368920315e-14,0
860.0,-0.00197892066871,-0.00385133392306,0,0
860.0,-0.005,-0.00190753787223,1.47701105275e-14,0
860.0,-0.00433,0,0,0
860.0,-0.00190753787223,-0.005,1.43526506878e-14,0
860.0,0,-0.00433,0,0
860.0,-0.005,0.00190775150599,1.57670147649e-14,0
860.0,-0.00385133392306,0.00197892066871,0,0
860.0,0.00190775150599,-0.005,1.52634296723e-14,0
860.0,0.00202612167119,-0.00382671281566,0,0
860.0,-0.00202612167119,0.00382671281566,0,0
860.0,-0.005,0.005,2.77085147323e-14,0
860.0,-0.0019094272225,0.005,1.57106803433e-14,0
860.0,0,0.00433,0,0
860.0,0.00147766755988,0.00407006125046,0,0
860.0,8.32667268469e-19,0.005,1.15814732504e-14,0
860.0,0.00433,0,0,0
860.0,0.005,1.38777878078e-18,1.14074996033e-14,0
860.0,0.00407006125046,0.00147766755988,0,0
860.0,0.005,-0.005,2.68126800346e-14,0
860.0,0.00385133392306,-0.00197892066871,0,0
860.0,0.005,-0.0019094272225,1.5758065895e-14,0
860.0,0.00306177236254,0.00306177236254,0,0
860.0,0.0019094272225,0.005,1.52895543016e-14,0
860.0,0.005,0.0019094272225,1.55806917624e-14,0
860.0,-0.000885,-0.0015328649647,1.27171999976e-12,0
860.0,-0.0015328649647,-0.000885,1.27184243056e-12,0
860.0,-0.00186450691264,-0.00187567167242,8.43156892458e-13,0
860.0,-0.00177,0,1.27153400961e-12,0
860.0,-0.00268433516245,-0.000738983120158,7.59225136568e-13,0
860.0,0,-0.00177,1.27168146342e-12,0
860.0,-0.000718432264205,-0.00269192408424,7.57518656599e-13,0
860.0,-0.0015328649647,0.000885,1.27002912816e-12,0
860.0,-0.00265321485144,0.000647311733689,7.90012875881e-13,0
860.0,-0.000885,0.0015328649647,1.26840096917e-12,0
860.0,-0.00194719253591,0.00178443766524,8.44083079168e-13,0
860.0,0,0.00177,1.26429368225e-12,0
860.0,-0.000802720381054,0.00273415977115,7.17611617579e-13,0
860.0,0.000885,-0.0015328649647,1.27036990205e-12,0
860.0,0.00075154031863,-0.00270385456952,7.45406665189e-13,0
860.0,0.00177,0,1.26263316695e-12,0
860.0,0.0015328649647,-0.000885,1.26821678221e-12,0
860.0,0.00271471102228,-0.000564731152102,7.61032468975e-13,0
860.0,0.00192394637685,-0.00189207206672,8.1022220065e-13,0
860.0,0.00231817117671,0.00040530921667,9.88064134231e-13,0
860.0,0.0015328649647,0.000885,1.26089883825e-12,0
860.0,0.000885,0.0015328649647,1.26160402306e-12,0
860.0,0.000427053001345,0.00287092483521,6.82295279519e-13,0
860.0,0.00187618296239,0.00184774001435,8.33469433567e-13,0
860.0,0.00312733402203,0.000607809752493,5.19279158238e-13,0
860.0,0.00276214303706,0.00136595635004,5.76948493445e-13,0
860.0,0.0014100336009,0.00268674970267,6.04865154494e-13,0
860.0,-0.075,-0.075,-7.59120961174e-13,0
860.0,-0.07,-0.075,-4.87927391363e-13,0
860.0,-0.075,-0.07,-6.08925023887e-13,0
860.0,-0.07,-0.07,-3.75962594701e-13,0
860.0,-0.075,-0.065,-4.61772124336e-13,0
860.0,-0.07,-0.065,-2.71774482391e-13,0
860.0,-0.065,-0.075,-1.9837982311e-13,0
860.0,-0.065,-0.07,-1.40840760409e-13,0
860.0,-0.065,-0.065,-8.53641808025e-14,0
860.0,-0.075,-0.06,-3.63985557781e-13,0
860.0,-0.07,-0.06,-1.96580724718e-13,0
860.0,-0.065,-0.06,-4.25748935537e-14,0
860.0,-0.075,-0.055,-2.82920952825e-13,0
860.0,-0.07,-0.055,-1.29416869783e-13,0
860.0,-0.065,-0.055,4.28595795656e-15,0
860.0,-0.075,-0.05,-2.19952503148e-13,0
860.0,-0.07,-0.05,-7.50111701804e-14,0
860.0,-0.065,-0.05,4.76618831787e-14,0
860.0,-0.075,-0.045,-1.94161913183e-13,0
860.0,-0.07,-0.045,-4.51605865484e-14,0
860.0,-0.065,-0.045,8.38657881377e-14,0
860.0,-0.075,-0.04,-2.44579319347e-13,0
860.0,-0.07,-0.04,-7.17472611157e-14,0
860.0,-0.075,-0.035,-3.54851727939e-13,0
860.0,-0.07,-0.035,-1.4618122245e-13,0
860.0,-0.065,-0.04,8.42685708109e-14,0
860.0,-0.065,-0.035,4.26114759681e-14,0
860.0,-0.075,-0.03,-4.55929325601e-13,0
860.0,-0.07,-0.03,-2.2154644467e-13,0
860.0,-0.075,-0.025,-4.95880423408e-13,0
860.0,-0.07,-0.025,-2.60168325202e-13,0
860.0,-0.065,-0.03,-1.07047947793e-14,0
860.0,-0.065,-0.025,-4.93588033802e-14,0
860.0,-0.075,-0.02,-4.44852026722e-13,0
860.0,-0.07,-0.02,-2.4078397354e-13,0
860.0,-0.075,-0.015,-3.08907567195e-13,0
860.0,-0.07,-0.015,-1.65761984609e-13,0
860.0,-0.065,-0.02,-5.7170809885e-14,0
860.0,-0.065,-0.015,-3.49607841023e-14,0
860.0,-0.075,-0.01,-1.26160850157e-13,0
860.0,-0.07,-0.01,-6.14583012772e-14,0
860.0,-0.075,-0.005,2.84999392078e-14,0
860.0,-0.07,-0.005,2.88086057521e-14,0
860.0,-0.065,-0.01,2.6148750747e-15,0
860.0,-0.065,-0.005,3.66321582477e-14,0
860.0,-0.075,0,1.10614131617e-13,0
860.0,-0.07,0,8.63306902425e-14,0
860.0,-0.075,0.005,1.68368829503e-13,0
860.0,-0.07,0.005,1.25613731839e-13,0
860.0,-0.065,4.16333634234e-19,6.55060302259e-14,0
860.0,-0.065,0.005,8.11676644218e-14,0
860.0,-0.075,0.01,1.93380165519e-13,0
860.0,-0.07,0.01,1.2910744719e-13,0
860.0,-0.075,0.015,1.61707290229e-13,0
860.0,-0.07,0.015,9.22004135893e-14,0
860.0,-0.065,0.01,6.52736446364e-14,0
860.0,-0.065,0.015,2.57770687331e-14,0
860.0,-0.075,0.02,9.40174143631e-14,0
860.0,-0.07,0.02,3.99058209357e-14,0
860.0,-0.075,0.025,1.76105957579e-14,0
860.0,-0.07,0.025,-1.34701348978e-14,0
860.0,-0.065,0.02,-1.15806803858e-14,0
860.0,-0.065,0.025,-4.53496922234e-14,0
860.0,-0.075,0.03,-4.46708488744e-14,0
860.0,-0.07,0.03,-5.43592615736e-14,0
860.0,-0.075,0.035,-7.36176925012e-14,0
860.0,-0.07,0.035,-6.66586469987e-14,0
860.0,-0.065,0.03,-6.80752172761e-14,0
860.0,-0.065,0.035,-6.25104682001e-14,0
860.0,-0.075,0.04,-6.51838352117e-14,0
860.0,-0.07,0.04,-4.96056364196e-14,0
860.0,-0.075,0.045,-3.23140893107e-14,0
860.0,-0.07,0.045,-1.65595252006e-14,0
860.0,-0.065,0.04,-3.40851205513e-14,0
860.0,-0.065,0.045,1.44154318473e-15,0
860.0,-0.075,0.05,3.52524328732e-15,0
860.0,-0.07,0.05,1.43874134414e-14,0
860.0,-0.075,0.055,2.31913889504e-14,0
860.0,-0.07,0.055,2.83207815978e-14,0
860.0,-0.065,0.05,2.79256638428e-14,0
860.0,-0.065,0.055,3.47991997193e-14,0
860.0,-0.075,0.06,1.88139305675e-14,0
860.0,-0.07,0.06,2.1341833265e-14,0
860.0,-0.075,0.065,-7.22736704895e-15,0
860.0,-0.07,0.065,-9.64895459112e-16,0
860.0,-0.065,0.06,2.38458050721e-14,0
860.0,-0.065,0.065,6.20410403898e-15,0
860.0,-0.075,0.07,-4.66948627355e-14,0
860.0,-0.07,0.07,-3.57271577766e-14,0
860.0,-0.075,0.075,-8.95830399815e-14,0
860.0,-0.07,0.075,-7.54585843197e-14,0
860.0,-0.065,0.07,-2.3851511162e-14,0
860.0,-0.065,0.075,-6.0120270126e-14,0
860.0,-0.06,-0.075,6.10323350839e-14,0
860.0,-0.06,-0.07,5.67587529596e-14,0
860.0,-0.06,-0.065,6.09437298833e-14,0
860.0,-0.055,-0.075,1.9811863412e-13,0
860.0,-0.055,-0.07,1.63561685536e-13,0
860.0,-0.055,-0.065,1.4344743604e-13,0
860.0,-0.06,-0.06,7.46953609161e-14,0
860.0,-0.06,-0.055,9.87486152027e-14,0
860.0,-0.055,-0.06,1.40786396699e-13,0
860.0,-0.055,-0.055,1.51220911349e-13,0
860.0,-0.06,-0.05,1.27609252651e-13,0
860.0,-0.055,-0.05,1.68132434497e-13,0
860.0,-0.06,-0.045,1.60723956744e-13,0
860.0,-0.055,-0.045,1.87594139243e-13,0
860.0,-0.06,-0.04,1.82072971299e-13,0
860.0,-0.055,-0.04,1.98709696366e-13,0
860.0,-0.06,-0.035,1.69047018079e-13,0
860.0,-0.055,-0.035,1.9422968343e-13,0
860.0,-0.06,-0.03,1.34815781811e-13,0
860.0,-0.06,-0.025,1.00201220055e-13,0
860.0,-0.055,-0.03,1.72793981827e-13,0
860.0,-0.055,-0.025,1.40681619337e-13,0
860.0,-0.06,-0.02,7.39921541261e-14,0
860.0,-0.06,-0.015,5.90852711421e-14,0
860.0,-0.055,-0.02,1.08740214553e-13,0
860.0,-0.055,-0.015,7.84039689282e-14,0
860.0,-0.06,-0.01,4.9857297903e-14,0
860.0,-0.06,-0.005,4.19348683817e-14,0
860.0,-0.055,-0.01,4.97291197781e-14,0
860.0,-0.055,-0.005,2.25113032525e-14,0
860.0,-0.06,0,3.57118950358e-14,0
860.0,-0.06,0.005,2.40026653897e-14,0
860.0,-0.055,4.16333634234e-19,-3.64951129808e-15,0
860.0,-0.055,0.005,-2.96874180766e-14,0
860.0,-0.06,0.01,3.69242721839e-16,0
860.0,-0.06,0.015,-2.96490094103e-14,0
860.0,-0.055,0.01,-5.64442409861e-14,0
860.0,-0.055,0.015,-7.87560814777e-14,0
860.0,-0.06,0.02,-5.54546540041e-14,0
860.0,-0.06,0.025,-7.76824788713e-14,0
860.0,-0.055,0.02,-9.51057597556e-14,0
860.0,-0.055,0.025,-1.03032917426e-13,0
860.0,-0.06,0.03,-8.06317035804e-14,0
860.0,-0.06,0.035,-5.48334142648e-14,0
860.0,-0.055,0.03,-8.16316017514e-14,0
860.0,-0.055,0.035,-3.7948821769e-14,0
860.0,-0.06,0.04,-1.47183845446e-14,0
860.0,-0.06,0.045,2.04399773902e-14,0
860.0,-0.055,0.04,6.43089401337e-15,0
860.0,-0.055,0.045,3.4029640363e-14,0
860.0,-0.06,0.05,3.71008109987e-14,0
860.0,-0.06,0.055,3.71706011699e-14,0
860.0,-0.055,0.05,3.85143426401e-14,0
860.0,-0.055,0.055,3.65819489632e-14,0
860.0,-0.06,0.06,2.54699773288e-14,0
860.0,-0.06,0.065,9.70222403023e-15,0
860.0,-0.055,0.06,2.6594991687e-14,0
860.0,-0.055,0.065,1.12097199912e-14,0
860.0,-0.06,0.07,-1.58302575853e-14,0
860.0,-0.06,0.075,-4.77965122043e-14,0
860.0,-0.055,0.07,-1.27901984933e-14,0
860.0,-0.055,0.075,-4.22700452897e-14,0
860.0,-0.05,-0.075,2.20499784643e-13,0
860.0,-0.05,-0.07,1.85312707148e-13,0
860.0,-0.045,-0.075,2.02913867408e-13,0
860.0,-0.045,-0.07,1.68273475697e-13,0
860.0,-0.05,-0.065,1.6402607581e-13,0
860.0,-0.045,-0.065,1.4415673664e-13,0
860.0,-0.05,-0.06,1.56873992168e-13,0
860.0,-0.05,-0.055,1.60363098845e-13,0
860.0,-0.045,-0.06,1.35885519561e-13,0
860.0,-0.045,-0.055,1.36783237133e-13,0
860.0,-0.05,-0.05,1.66570796177e-13,0
860.0,-0.05,-0.045,1.68078912277e-13,0
860.0,-0.045,-0.05,1.35951289297e-13,0
860.0,-0.045,-0.045,1.24987977118e-13,0
860.0,-0.05,-0.04,1.62557745768e-13,0
860.0,-0.045,-0.04,1.09843946939e-13,0
860.0,-0.05,-0.035,1.52548309686e-13,0
860.0,-0.045,-0.035,9.38974878365e-14,0
860.0,-0.05,-0.03,1.33249320757e-13,0
860.0,-0.045,-0.03,7.51269994199e-14,0
860.0,-0.05,-0.025,1.0435649816e-13,0
860.0,-0.045,-0.025,5.3519926685e-14,0
860.0,-0.05,-0.02,7.39587631611e-14,0
860.0,-0.05,-0.015,4.47087229592e-14,0
860.0,-0.045,-0.02,2.95276299239e-14,0
860.0,-0.045,-0.015,5.17826808442e-15,0
860.0,-0.05,-0.01,1.62209531633e-14,0
860.0,-0.05,-0.005,-1.16162064966e-14,0
860.0,-0.045,-0.01,-1.99023888024e-14,0
860.0,-0.045,-0.005,-4.55446210579e-14,0
860.0,-0.05,0,-3.91726852708e-14,0
860.0,-0.05,0.005,-6.69827703488e-14,0
860.0,-0.045,4.16333634234e-19,-7.22939065791e-14,0
860.0,-0.045,0.005,-9.72844068253e-14,0
860.0,-0.05,0.01,-9.5020744032e-14,0
860.0,-0.05,0.015,-1.10997172623e-13,0
860.0,-0.045,0.01,-1.0963884611e-13,0
860.0,-0.045,0.015,-1.07598318993e-13,0
860.0,-0.05,0.02,-1.12625434591e-13,0
860.0,-0.05,0.025,-9.74582467615e-14,0
860.0,-0.045,0.02,-9.29701069877e-14,0
860.0,-0.045,0.025,-6.27765561452e-14,0
860.0,-0.05,0.03,-5.73812738125e-14,0
860.0,-0.05,0.035,-1.0054231904e-14,0
860.0,-0.045,0.03,-1.93864127472e-14,0
860.0,-0.045,0.035,1.79094155134e-14,0
860.0,-0.05,0.04,2.17602830044e-14,0
860.0,-0.05,0.045,3.5962981008e-14,0
860.0,-0.045,0.04,3.04920701288e-14,0
860.0,-0.045,0.045,3.53304586875e-14,0
860.0,-0.05,0.05,3.64693970601e-14,0
860.0,-0.05,0.055,3.36036711062e-14,0
860.0,-0.045,0.05,3.36973005788e-14,0
860.0,-0.045,0.055,2.83414275678e-14,0
860.0,-0.05,0.06,2.44802973972e-14,0
860.0,-0.05,0.065,8.70427753503e-15,0
860.0,-0.045,0.06,1.75853523776e-14,0
860.0,-0.045,0.065,1.27457078816e-15,0
860.0,-0.05,0.07,-1.52259550284e-14,0
860.0,-0.05,0.075,-4.35150339555e-14,0
860.0,-0.045,0.07,-2.23171932763e-14,0
860.0,-0.045,0.075,-4.99012405359e-14,0
860.0,-0.04,-0.075,8.05701985829e-14,0
860.0,-0.04,-0.07,7.90708589965e-14,0
860.0,-0.035,-0.075,-1.4447605538e-13,0
860.0,-0.035,-0.07,-8.07236622386e-14,0
860.0,-0.04,-0.065,7.87292713753e-14,0
860.0,-0.035,-0.065,-2.28129632853e-14,0
860.0,-0.04,-0.06,7.86931577352e-14,0
860.0,-0.035,-0.06,-3.94507737397e-15,0
860.0,-0.04,-0.055,8.17690873029e-14,0
860.0,-0.035,-0.055,4.33021347507e-15,0
860.0,-0.04,-0.05,7.73628004999e-14,0
860.0,-0.04,-0.045,6.09232896853e-14,0
860.0,-0.035,-0.05,-1.04375058767e-15,0
860.0,-0.035,-0.045,-1.6411548185e-14,0
860.0,-0.04,-0.04,4.328587152e-14,0
860.0,-0.04,-0.035,2.73074035682e-14,0
860.0,-0.035,-0.04,-3.06158222843e-14,0
860.0,-0.035,-0.035,-4.14112100442e-14,0
860.0,-0.04,-0.03,1.25194158185e-14,0
860.0,-0.035,-0.03,-4.91558361524e-14,0
860.0,-0.04,-0.025,-2.82654461746e-15,0
860.0,-0.035,-0.025,-5.76733875126e-14,0
860.0,-0.04,-0.02,-1.9509384893e-14,0
860.0,-0.035,-0.02,-6.74306831779e-14,0
860.0,-0.04,-0.015,-3.71138182906e-14,0
860.0,-0.035,-0.015,-7.71893677268e-14,0
860.0,-0.04,-0.01,-5.52578645955e-14,0
860.0,-0.04,-0.005,-7.38669376107e-14,0
860.0,-0.035,-0.01,-8.53826242667e-14,0
860.0,-0.035,-0.005,-9.1310759096e-14,0
860.0,-0.04,0,-9.05640280406e-14,0
860.0,-0.04,0.005,-9.66354787909e-14,0
860.0,-0.035,4.16333634234e-19,-8.24408552185e-14,0
860.0,-0.035,0.005,-6.39462925657e-14,0
860.0,-0.04,0.01,-8.82029654125e-14,0
860.0,-0.04,0.015,-7.18230220987e-14,0
860.0,-0.035,0.01,-4.42509747296e-14,0
860.0,-0.035,0.015,-2.4061880715e-14,0
860.0,-0.04,0.02,-4.85817081097e-14,0
860.0,-0.04,0.025,-1.88204028135e-14,0
860.0,-0.035,0.02,-2.82563843404e-15,0
860.0,-0.035,0.025,1.70996986832e-14,0
860.0,-0.04,0.03,1.12940671356e-14,0
860.0,-0.04,0.035,2.99511165603e-14,0
860.0,-0.035,0.03,3.16548183947e-14,0
860.0,-0.035,0.035,3.80997986625e-14,0
860.0,-0.04,0.04,3.48173882898e-14,0
860.0,-0.04,0.045,3.49329976184e-14,0
860.0,-0.035,0.04,3.86797708181e-14,0
860.0,-0.035,0.045,3.45435494755e-14,0
860.0,-0.04,0.05,3.02680086947e-14,0
860.0,-0.04,0.055,2.19383837171e-14,0
860.0,-0.035,0.05,2.65468072382e-14,0
860.0,-0.035,0.055,1.49787278444e-14,0
860.0,-0.04,0.06,8.74539566693e-15,0
860.0,-0.04,0.065,-8.59538795226e-15,0
860.0,-0.035,0.06,-2.12364940922e-16,0
860.0,-0.035,0.065,-1.81518322215e-14,0
860.0,-0.04,0.07,-3.14826806756e-14,0
860.0,-0.04,0.075,-5.67689728402e-14,0
860.0,-0.035,0.07,-3.89362099118e-14,0
860.0,-0.035,0.075,-6.02820981288e-14,0
860.0,-0.03,-0.075,-3.54006785738e-13,0
860.0,-0.03,-0.07,-2.56525572677e-13,0
860.0,-0.025,-0.075,-4.0200031717e-13,0
860.0,-0.025,-0.07,-3.14739843114e-13,0
860.0,-0.03,-0.065,-1.7051393261e-13,0
860.0,-0.025,-0.065,-2.37278680648e-13,0
860.0,-0.03,-0.06,-1.15306189271e-13,0
860.0,-0.025,-0.06,-1.82046617281e-13,0
860.0,-0.03,-0.055,-9.4969256192e-14,0
860.0,-0.025,-0.055,-1.65358779201e-13,0
860.0,-0.03,-0.05,-9.76818933742e-14,0
860.0,-0.025,-0.05,-1.68485641076e-13,0
860.0,-0.03,-0.045,-1.0470984733e-13,0
860.0,-0.025,-0.045,-1.67964759783e-13,0
860.0,-0.03,-0.04,-1.07080791166e-13,0
860.0,-0.03,-0.035,-1.05571624112e-13,0
860.0,-0.025,-0.04,-1.62569386998e-13,0
860.0,-0.025,-0.035,-1.54550120667e-13,0
860.0,-0.03,-0.03,-1.03886236329e-13,0
860.0,-0.03,-0.025,-1.05283120503e-13,0
860.0,-0.025,-0.03,-1.45371373192e-13,0
860.0,-0.025,-0.025,-1.35167926357e-13,0
860.0,-0.03,-0.02,-1.04761565766e-13,0
860.0,-0.025,-0.02,-1.17087590257e-13,0
860.0,-0.03,-0.015,-9.95670519935e-14,0
860.0,-0.025,-0.015,-9.37025179864e-14,0
860.0,-0.03,-0.01,-8.92137724033e-14,0
860.0,-0.025,-0.01,-6.75186770608e-14,0
860.0,-0.03,-0.005,-7.31969614403e-14,0
860.0,-0.025,-0.005,-3.97376905302e-14,0
860.0,-0.03,0,-4.79531670737e-14,0
860.0,-0.03,0.005,-2.27457804857e-14,0
860.0,-0.025,4.16333634234e-19,-1.36131137701e-14,0
860.0,-0.025,0.005,6.6450453812e-15,0
860.0,-0.03,0.01,-4.30168590236e-15,0
860.0,-0.03,0.015,1.26051887552e-14,0
860.0,-0.025,0.01,2.12389731314e-14,0
860.0,-0.025,0.015,3.287063876e-14,0
860.0,-0.03,0.02,2.69600939204e-14,0
860.0,-0.03,0.025,3.67673933072e-14,0
860.0,-0.025,0.02,4.07444556453e-14,0
860.0,-0.025,0.025,4.32839836704e-14,0
860.0,-0.03,0.03,4.14930745231e-14,0
860.0,-0.03,0.035,4.16209788837e-14,0
860.0,-0.025,0.03,4.15172073688e-14,0
860.0,-0.025,0.035,3.59452183185e-14,0
860.0,-0.03,0.04,3.75017789585e-14,0
860.0,-0.03,0.045,2.94534917133e-14,0
860.0,-0.025,0.04,2.74683702858e-14,0
860.0,-0.025,0.045,1.68410198356e-14,0
860.0,-0.03,0.05,1.88995393415e-14,0
860.0,-0.03,0.055,5.977883664e-15,0
860.0,-0.025,0.05,6.22146084103e-15,0
860.0,-0.025,0.055,-4.48477838277e-15,0
860.0,-0.03,0.06,-8.6794241473e-15,0
860.0,-0.03,0.065,-2.48883113499e-14,0
860.0,-0.025,0.06,-1.63378307306e-14,0
860.0,-0.025,0.065,-2.92140392504e-14,0
860.0,-0.03,0.07,-4.30739856469e-14,0
860.0,-0.03,0.075,-6.26477859242e-14,0
860.0,-0.025,0.07,-4.491254585e-14,0
860.0,-0.025,0.075,-6.27953568918e-14,0
860.0,-0.02,-0.075,-3.24096615461e-13,0
860.0,-0.02,-0.07,-2.45419664346e-13,0
860.0,-0.015,-0.075,-2.20162879688e-13,0
860.0,-0.015,-0.07,-1.46506098439e-13,0
860.0,-0.02,-0.065,-1.80271748876e-13,0
860.0,-0.015,-0.065,-8.5828780456e-14,0
860.0,-0.02,-0.06,-1.52908057588e-13,0
860.0,-0.015,-0.06,-6.09843561751e-14,0
860.0,-0.02,-0.055,-1.60238022243e-13,0
860.0,-0.015,-0.055,-8.30052767645e-14,0
860.0,-0.02,-0.05,-1.81204215265e-13,0
860.0,-0.015,-0.05,-1.3300731885e-13,0
860.0,-0.02,-0.045,-1.89767362835e-13,0
860.0,-0.015,-0.045,-1.76708194824e-13,0
860.0,-0.02,-0.04,-1.8810751252e-13,0
860.0,-0.015,-0.04,-1.96420253359e-13,0
860.0,-0.02,-0.035,-1.82287338455e-13,0
860.0,-0.015,-0.035,-1.95135831146e-13,0
860.0,-0.02,-0.03,-1.67025190261e-13,0
860.0,-0.02,-0.025,-1.40646565509e-13,0
860.0,-0.015,-0.03,-1.72979661181e-13,0
860.0,-0.015,-0.025,-1.32696978701e-13,0
860.0,-0.02,-0.02,-1.09334704073e-13,0
860.0,-0.02,-0.015,-7.81749222238e-14,0
860.0,-0.015,-0.02,-9.37704734462e-14,0
860.0,-0.015,-0.015,-5.79033476852e-14,0
860.0,-0.02,-0.01,-4.73102918651e-14,0
860.0,-0.015,-0.01,-2.61792151199e-14,0
860.0,-0.02,-0.005,-1.88500781244e-14,0
860.0,-0.015,-0.005,-1.02249943789e-16,0
860.0,-0.02,0,4.55686041908e-15,0
860.0,-0.015,4.16333634234e-19,1.93003049544e-14,0
860.0,-0.02,0.005,2.13173437946e-14,0
860.0,-0.015,0.005,3.26719097495e-14,0
860.0,-0.02,0.01,3.25678642019e-14,0
860.0,-0.02,0.015,4.00613095307e-14,0
860.0,-0.015,0.01,4.13118068962e-14,0
860.0,-0.015,0.015,4.49142349196e-14,0
860.0,-0.02,0.02,4.29372087286e-14,0
860.0,-0.02,0.025,4.09274016045e-14,0
860.0,-0.015,0.02,4.30805768561e-14,0
860.0,-0.015,0.025,3.66929074068e-14,0
860.0,-0.02,0.03,3.46767748753e-14,0
860.0,-0.02,0.035,2.5165305215e-14,0
860.0,-0.015,0.03,2.61709368871e-14,0
860.0,-0.015,0.035,1.22025953186e-14,0
860.0,-0.02,0.04,1.32193512022e-14,0
860.0,-0.02,0.045,1.27490525859e-15,0
860.0,-0.015,0.04,-3.79257836631e-15,0
860.0,-0.015,0.045,-1.70029154478e-14,0
860.0,-0.02,0.05,-8.28553712344e-15,0
860.0,-0.02,0.055,-1.59628400602e-14,0
860.0,-0.015,0.05,-2.43001089821e-14,0
860.0,-0.015,0.055,-2.73515724309e-14,0
860.0,-0.02,0.06,-2.26926473644e-14,0
860.0,-0.02,0.065,-2.94637879707e-14,0
860.0,-0.015,0.06,-2.66534305297e-14,0
860.0,-0.015,0.065,-2.37205836416e-14,0
860.0,-0.02,0.07,-3.72949202347e-14,0
860.0,-0.02,0.075,-4.7505590954e-14,0
860.0,-0.015,0.07,-1.29882848588e-14,0
860.0,-0.015,0.075,-6.67951440283e-15,0
860.0,-0.01,-0.075,9.44320383327e-15,0
860.0,-0.01,-0.07,4.80642345411e-14,0
860.0,-0.005,-0.075,3.00985380663e-13,0
860.0,-0.005,-0.07,2.82018379887e-13,0
860.0,-0.01,-0.065,7.75016528781e-14,0
860.0,-0.005,-0.065,2.66860509927e-13,0
860.0,-0.01,-0.06,7.40584854465e-14,0
860.0,-0.005,-0.06,2.24331591061e-13,0
860.0,-0.01,-0.055,2.69929555133e-14,0
860.0,-0.005,-0.055,1.46681453138e-13,0
860.0,-0.01,-0.05,-3.72155898111e-14,0
860.0,-0.005,-0.05,6.9752595334e-14,0
860.0,-0.01,-0.045,-1.02517498979e-13,0
860.0,-0.005,-0.045,-3.79492390592e-15,0
860.0,-0.01,-0.04,-1.53793975022e-13,0
860.0,-0.005,-0.04,-6.66023692367e-14,0
860.0,-0.01,-0.035,-1.68905169985e-13,0
860.0,-0.005,-0.035,-9.63408843971e-14,0
860.0,-0.01,-0.03,-1.46558387218e-13,0
860.0,-0.005,-0.03,-8.87900792225e-14,0
860.0,-0.01,-0.025,-1.03394195534e-13,0
860.0,-0.005,-0.025,-6.00503007282e-14,0
860.0,-0.01,-0.02,-6.63352405794e-14,0
860.0,-0.01,-0.015,-3.25044901276e-14,0
860.0,-0.005,-0.02,-3.28857691202e-14,0
860.0,-0.005,-0.015,-7.43512467612e-15,0
860.0,-0.0117873230072,-0.0115873794689,-2.14389804031e-14,0
860.0,-0.00939961996336,-0.005,1.56738149412e-14,0
860.0,-0.00792797428371,-0.00964253216809,3.54314264151e-15,0
860.0,-0.005,-0.00939961996336,1.31256583417e-14,0
860.0,-0.0108753492546,-0.00150606400588,2.24649411146e-14,0
860.0,-0.00818101620308,-0.00211452602544,2.30089798636e-14,0
860.0,-0.00651817360753,-0.000255934956239,2.16565643488e-14,0
860.0,-0.005,6.71033969428e-08,1.14324194396e-14,0
860.0,-0.0107292118043,0.00160660295843,2.95479497768e-14,0
860.0,-0.0080188992252,0.000768320427092,2.64781837519e-14,0
860.0,-0.00939946851065,0.005,3.63211853911e-14,0
860.0,-0.00802129342231,0.00264911934363,2.98303241317e-14,0
860.0,-0.00887989370213,0.00887989479405,4.20741138663e-14,0
860.0,-0.01,0.015,4.42489825588e-14,0
860.0,-0.005,0.00939947397025,3.70530929422e-14,0
860.0,-0.005,0.015,3.61507481087e-14,0
860.0,-0.01,0.02,3.80316373239e-14,0
860.0,-0.01,0.025,2.73424272145e-14,0
860.0,-0.005,0.02,2.61643018183e-14,0
860.0,-0.005,0.025,1.09287584045e-14,0
860.0,-0.01,0.03,1.1024167168e-14,0
860.0,-0.01,0.035,-9.93287204864e-15,0
860.0,-0.005,0.03,-1.17284141337e-14,0
860.0,-0.005,0.035,-4.02546993652e-14,0
860.0,-0.01,0.04,-3.19531215161e-14,0
860.0,-0.01,0.045,-4.5115029276e-14,0
860.0,-0.005,0.04,-6.61045669246e-14,0
860.0,-0.005,0.045,-7.39010043812e-14,0
860.0,-0.01,0.05,-4.45537046229e-14,0
860.0,-0.01,0.055,-3.55129235828e-14,0
860.0,-0.005,0.05,-6.06822231933e-14,0
860.0,-0.005,0.055,-3.62080990796e-14,0
860.0,-0.01,0.06,-1.63669351864e-14,0
860.0,-0.01,0.065,9.74823505279e-15,0
860.0,-0.005,0.06,2.44448295767e-15,0
860.0,-0.005,0.065,5.00935498736e-14,0
860.0,-0.01,0.07,4.1827200933e-14,0
860.0,-0.01,0.075,7.63710041081e-14,0
860.0,-0.005,0.07,1.07800166114e-13,0
860.0,-0.005,0.075,1.7774638749e-13,0
860.0,0,-0.075,4.57408372727e-13,0
860.0,0,-0.07,4.07874628292e-13,0
860.0,0.005,-0.075,3.82039734003e-13,0
860.0,0.005,-0.07,3.4570624061e-13,0
860.0,0,-0.065,3.72023418746e-13,0
860.0,0.005,-0.065,3.13492106342e-13,0
860.0,0,-0.06,3.23752831824e-13,0
860.0,0.005,-0.06,2.82133750465e-13,0
860.0,0,-0.055,2.54407398873e-13,0
860.0,0.005,-0.055,2.47666991516e-13,0
860.0,0,-0.05,1.67231025661e-13,0
860.0,0.005,-0.05,1.8494671591e-13,0
860.0,0,-0.045,8.23778561226e-14,0
860.0,0.005,-0.045,1.14189031168e-13,0
860.0,0,-0.04,1.50805673085e-14,0
860.0,0.005,-0.04,5.62532812026e-14,0
860.0,0,-0.035,-2.20287286455e-14,0
860.0,0.005,-0.035,2.18127286274e-14,0
860.0,0,-0.03,-2.97066632649e-14,0
860.0,0.005,-0.03,9.38629653224e-15,0
860.0,0,-0.025,-2.05023205319e-14,0
860.0,0.005,-0.025,8.27028001857e-15,0
860.0,0,-0.02,-3.6769173691e-15,0
860.0,0.005,-0.02,1.74385489514e-14,0
860.0,0,-0.015,1.26420705519e-14,0
860.0,0.005,-0.015,2.63161612474e-14,0
860.0,-0.0021196717084,-0.00776771017156,2.05953251165e-14,0
860.0,-0.00084550708518,-0.00631514607954,1.92738294293e-14,0
860.0,6.71033969406e-08,-0.005,1.15487625223e-14,0
860.0,-0.00139054260708,-0.0110960807567,1.7830401437e-14,0
860.0,0.00132468676756,-0.00775008274642,2.4213184514e-14,0
860.0,0.00160394440688,-0.0116908851489,2.35232172081e-14,0
860.0,0.005,-0.00939946851065,3.03598708002e-14,0
860.0,0.005,0.005,2.43530524869e-14,0
860.0,-0.000107646311398,0.00617659695633,2.0897963619e-14,0
860.0,-0.00190846935279,0.0076427502668,2.83403771082e-14,0
860.0,0.00131146485568,0.00777290068297,2.55189944069e-14,0
860.0,0.00295884413402,0.00640276348073,2.34739910876e-14,0
860.0,-1.21517769428e-05,0.0108932602996,2.91787540295e-14,0
860.0,0,0.015,2.46436394361e-14,0
860.0,0.005,0.00939942566771,2.42969504101e-14,0
860.0,0.005,0.015,1.27618606625e-14,0
860.0,0,0.02,1.04610432506e-14,0
860.0,0,0.025,-9.30699727188e-15,0
860.0,0.005,0.02,-5.66523709463e-15,0
860.0,0.005,0.025,-2.97010678256e-14,0
860.0,0,0.03,-4.07500916386e-14,0
860.0,0,0.035,-7.29169444905e-14,0
860.0,0.005,0.03,-6.18448865444e-14,0
860.0,0.005,0.035,-8.74612384552e-14,0
860.0,0,0.04,-9.21289789917e-14,0
860.0,0,0.045,-8.98446253421e-14,0
860.0,0.005,0.04,-9.75377313051e-14,0
860.0,0.005,0.045,-9.2253656509e-14,0
860.0,0,0.05,-6.81242239227e-14,0
860.0,0,0.055,-3.45647172178e-14,0
860.0,0.005,0.05,-7.13180336589e-14,0
860.0,0.005,0.055,-3.5806272152e-14,0
860.0,0,0.06,1.21819115116e-14,0
860.0,0,0.065,6.87452988311e-14,0
860.0,0.005,0.06,1.64246994932e-14,0
860.0,0.005,0.065,8.14896715949e-14,0
860.0,0,0.07,1.55062021958e-13,0
860.0,0,0.075,2.59767633678e-13,0
860.0,0.005,0.07,1.83286220938e-13,0
860.0,0.005,0.075,3.07193698186e-13,0
860.0,0.01,-0.075,1.82241110639e-13,0
860.0,0.01,-0.07,1.68507207521e-13,0
860.0,0.015,-0.075,-5.38693542196e-14,0
860.0,0.015,-0.07,-3.57365980506e-14,0
860.0,0.01,-0.065,1.57301993672e-13,0
860.0,0.015,-0.065,-1.31673546448e-14,0
860.0,0.01,-0.06,1.44024557592e-13,0
860.0,0.015,-0.06,-1.7833029664e-15,0
860.0,0.01,-0.055,1.28789168922e-13,0
860.0,0.015,-0.055,3.22213500361e-15,0
860.0,0.01,-0.05,1.08460207748e-13,0
860.0,0.015,-0.05,1.11780590147e-14,0
860.0,0.01,-0.045,8.0510411291e-14,0
860.0,0.015,-0.045,1.80697036469e-14,0
860.0,0.01,-0.04,5.18001741657e-14,0
860.0,0.015,-0.04,1.96300254515e-14,0
860.0,0.01,-0.035,3.08026134241e-14,0
860.0,0.015,-0.035,1.79696001203e-14,0
860.0,0.01,-0.03,2.21695775149e-14,0
860.0,0.015,-0.03,1.68615023761e-14,0
860.0,0.01,-0.025,2.19621083859e-14,0
860.0,0.015,-0.025,1.97756447006e-14,0
860.0,0.01,-0.02,2.72355243803e-14,0
860.0,0.01,-0.015,3.15608330881e-14,0
860.0,0.015,-0.02,2.59591495476e-14,0
860.0,0.015,-0.015,2.83409321918e-14,0
860.0,0.00999280436795,-0.0116358337096,3.28435572097e-14,0
860.0,0.0105889214373,-0.00845762197625,3.37058079666e-14,0
860.0,0.015,-0.01,2.92447131896e-14,0
860.0,0.00939947397025,-0.005,3.41799561116e-14,0
860.0,0.015,-0.005,3.11832453915e-14,0
860.0,0.00658051136513,-0.00296146438142,2.8727063337e-14,0
860.0,0.00636794669772,-3.54305826484e-06,2.45113774674e-14,0
860.0,0.00795807888052,-0.00113999998936,3.12160571899e-14,0
860.0,0.00758147027913,0.00183630393596,2.91659368709e-14,0
860.0,0.0112534647756,-1.47536350887e-07,3.36827908423e-14,0
860.0,0.015,4.16333634234e-19,3.03022409788e-14,0
860.0,0.00939942566771,0.005,2.77255103136e-14,0
860.0,0.015,0.005,2.02725308305e-14,0
860.0,0.00999018807453,0.0109670628501,1.37596360665e-14,0
860.0,0.01,0.015,6.43440439569e-16,0
860.0,0.015,0.01,5.611641449e-15,0
860.0,0.015,0.015,-1.14596910812e-14,0
860.0,0.01,0.02,-1.94553035505e-14,0
860.0,0.01,0.025,-4.27873996179e-14,0
860.0,0.015,0.02,-3.02805469826e-14,0
860.0,0.015,0.025,-4.98114470489e-14,0
860.0,0.01,0.03,-6.74303730722e-14,0
860.0,0.01,0.035,-8.44040016894e-14,0
860.0,0.015,0.03,-6.68311423932e-14,0
860.0,0.015,0.035,-7.67030859597e-14,0
860.0,0.01,0.04,-8.99825890976e-14,0
860.0,0.01,0.045,-8.60228962177e-14,0
860.0,0.015,0.04,-7.87048620661e-14,0
860.0,0.015,0.045,-7.45972339571e-14,0
860.0,0.01,0.05,-6.95645292477e-14,0
860.0,0.01,0.055,-3.98553826813e-14,0
860.0,0.015,0.05,-6.20325516283e-14,0
860.0,0.015,0.055,-4.04565941059e-14,0
860.0,0.01,0.06,1.28382071026e-14,0
860.0,0.01,0.065,8.72175646269e-14,0
860.0,0.015,0.06,5.61566809331e-15,0
860.0,0.015,0.065,7.60393450037e-14,0
860.0,0.01,0.07,1.89759871705e-13,0
860.0,0.01,0.075,3.09064426311e-13,0
860.0,0.015,0.07,1.63217511179e-13,0
860.0,0.015,0.075,2.58723453033e-13,0
860.0,0.02,-0.075,-3.24384185439e-13,0
860.0,0.02,-0.07,-2.58432137747e-13,0
860.0,0.025,-0.075,-5.5473517584e-13,0
860.0,0.025,-0.07,-4.43989131848e-13,0
860.0,0.02,-0.065,-1.99189084623e-13,0
860.0,0.025,-0.065,-3.47616673612e-13,0
860.0,0.02,-0.06,-1.43183859888e-13,0
860.0,0.025,-0.06,-2.50559236069e-13,0
860.0,0.02,-0.055,-9.32802519421e-14,0
860.0,0.025,-0.055,-1.69691265752e-13,0
860.0,0.02,-0.05,-6.20186445013e-14,0
860.0,0.025,-0.05,-1.23847837884e-13,0
860.0,0.02,-0.045,-3.7438120688e-14,0
860.0,0.025,-0.045,-8.44593668441e-14,0
860.0,0.02,-0.04,-1.93554263799e-14,0
860.0,0.025,-0.04,-5.19512577587e-14,0
860.0,0.02,-0.035,-7.66335397928e-15,0
860.0,0.025,-0.035,-2.8509559574e-14,0
860.0,0.02,-0.03,-5.85484046729e-16,0
860.0,0.025,-0.03,-1.67667254673e-14,0
860.0,0.02,-0.025,4.81692635603e-15,0
860.0,0.025,-0.025,-1.13763426923e-14,0
860.0,0.02,-0.02,1.08297223726e-14,0
860.0,0.025,-0.02,-9.25070775515e-15,0
860.0,0.02,-0.015,1.44166046835e-14,0
860.0,0.025,-0.015,-6.95472185699e-15,0
860.0,0.02,-0.01,1.51877673859e-14,0
860.0,0.025,-0.01,-6.41661105562e-15,0
860.0,0.02,-0.005,1.64106827341e-14,0
860.0,0.025,-0.005,-7.34594722609e-15,0
860.0,0.02,0,1.42000954968e-14,0
860.0,0.025,4.16333634234e-19,-1.041132186e-14,0
860.0,0.02,0.005,4.5066487255e-15,0
860.0,0.025,0.005,-1.61668586406e-14,0
860.0,0.02,0.01,-9.02370866961e-15,0
860.0,0.025,0.01,-2.48990814159e-14,0
860.0,0.02,0.015,-2.33924573911e-14,0
860.0,0.025,0.015,-3.27765091704e-14,0
860.0,0.02,0.02,-3.689388363e-14,0
860.0,0.02,0.025,-4.92370849296e-14,0
860.0,0.025,0.02,-3.73024291357e-14,0
860.0,0.025,0.025,-4.15300056712e-14,0
860.0,0.02,0.03,-5.88302244454e-14,0
860.0,0.02,0.035,-6.33930748167e-14,0
860.0,0.025,0.03,-4.52983004595e-14,0
860.0,0.025,0.035,-4.52327107058e-14,0
860.0,0.02,0.04,-6.29764000372e-14,0
860.0,0.02,0.045,-5.91813752927e-14,0
860.0,0.025,0.04,-4.30255425139e-14,0
860.0,0.025,0.045,-4.03646033674e-14,0
860.0,0.02,0.05,-5.00271065432e-14,0
860.0,0.02,0.055,-3.52376762354e-14,0
860.0,0.025,0.05,-3.53250910621e-14,0
860.0,0.025,0.055,-2.69203442761e-14,0
860.0,0.02,0.06,-6.31560779462e-16,0
860.0,0.02,0.065,5.285538608e-14,0
860.0,0.025,0.06,-7.33655914309e-15,0
860.0,0.025,0.065,2.33028652726e-14,0
860.0,0.02,0.07,1.08440068106e-13,0
860.0,0.02,0.075,1.62913508993e-13,0
860.0,0.025,0.07,4.57210122271e-14,0
860.0,0.025,0.075,6.21360462685e-14,0
860.0,0.03,-0.075,-6.24666004975e-13,0
860.0,0.03,-0.07,-4.88625403581e-13,0
860.0,0.035,-0.075,-4.46474351409e-13,0
860.0,0.035,-0.07,-3.38420542721e-13,0
860.0,0.03,-0.065,-3.73946044664e-13,0
860.0,0.035,-0.065,-2.44878488767e-13,0
860.0,0.03,-0.06,-2.67015876825e-13,0
860.0,0.035,-0.06,-1.60387752111e-13,0
860.0,0.03,-0.055,-1.8286955653e-13,0
860.0,0.035,-0.055,-9.48145820177e-14,0
860.0,0.03,-0.05,-1.25965513514e-13,0
860.0,0.035,-0.05,-5.19505841383e-14,0
860.0,0.03,-0.045,-8.32605073068e-14,0
860.0,0.035,-0.045,-2.79129726595e-14,0
860.0,0.03,-0.04,-5.31066160772e-14,0
860.0,0.035,-0.04,-2.23536286052e-14,0
860.0,0.03,-0.035,-3.2223657976e-14,0
860.0,0.035,-0.035,-2.10503568688e-14,0
860.0,0.03,-0.03,-2.45359652212e-14,0
860.0,0.035,-0.03,-2.23411882851e-14,0
860.0,0.03,-0.025,-2.20165920618e-14,0
860.0,0.035,-0.025,-2.56544774999e-14,0
860.0,0.03,-0.02,-2.27871014808e-14,0
860.0,0.035,-0.02,-3.07242177946e-14,0
860.0,0.03,-0.015,-2.50228513142e-14,0
860.0,0.035,-0.015,-3.69996024394e-14,0
860.0,0.03,-0.01,-2.80933707959e-14,0
860.0,0.035,-0.01,-4.36608128902e-14,0
860.0,0.03,-0.005,-3.24180366365e-14,0
860.0,0.035,-0.005,-5.08026579486e-14,0
860.0,0.03,0,-3.68940457107e-14,0
860.0,0.035,4.16333634234e-19,-5.5897193513e-14,0
860.0,0.03,0.005,-3.94994147968e-14,0
860.0,0.035,0.005,-5.54176325878e-14,0
860.0,0.03,0.01,-3.96807010164e-14,0
860.0,0.035,0.01,-4.65725279674e-14,0
860.0,0.03,0.015,-3.58719738747e-14,0
860.0,0.035,0.015,-3.08919920326e-14,0
860.0,0.03,0.02,-3.08372169319e-14,0
860.0,0.035,0.02,-1.76700637183e-14,0
860.0,0.03,0.025,-2.72578563551e-14,0
860.0,0.035,0.025,-6.22617113348e-15,0
860.0,0.03,0.03,-2.43230703216e-14,0
860.0,0.03,0.035,-2.05756453512e-14,0
860.0,0.035,0.03,3.36494193659e-15,0
860.0,0.035,0.035,9.91326639187e-15,0
860.0,0.03,0.04,-1.75635954917e-14,0
860.0,0.03,0.045,-1.60209812698e-14,0
860.0,0.035,0.04,1.3064753653e-14,0
860.0,0.035,0.045,1.37020655435e-14,0
860.0,0.03,0.05,-1.55181952378e-14,0
860.0,0.03,0.055,-1.59122704831e-14,0
860.0,0.035,0.05,1.00794867592e-14,0
860.0,0.035,0.055,7.60312626653e-16,0
860.0,0.03,0.06,-1.65337155096e-14,0
860.0,0.03,0.065,-1.35522828129e-14,0
860.0,0.035,0.06,-2.06868738524e-14,0
860.0,0.035,0.065,-4.65617866267e-14,0
860.0,0.03,0.07,-9.36153474081e-15,0
860.0,0.03,0.075,-6.06194839735e-15,0
860.0,0.035,0.07,-6.1536695734e-14,0
860.0,0.035,0.075,-7.16828213954e-14,0
860.0,0.04,-0.075,-1.1730653252e-13,0
860.0,0.04,-0.07,-7.63555085215e-14,0
860.0,0.045,-0.075,1.75865525566e-13,0
860.0,0.045,-0.07,1.5122795806e-13,0
860.0,0.04,-0.065,-2.91367478662e-14,0
860.0,0.045,-0.065,1.46787187156e-13,0
860.0,0.04,-0.06,1.15697514166e-14,0
860.0,0.045,-0.06,1.38224825006e-13,0
860.0,0.04,-0.055,3.75009160859e-14,0
860.0,0.045,-0.055,1.23551688048e-13,0
860.0,0.04,-0.05,4.10984948288e-14,0
860.0,0.045,-0.05,9.66159743624e-14,0
860.0,0.04,-0.045,2.91454384312e-14,0
860.0,0.045,-0.045,6.6421635668e-14,0
860.0,0.04,-0.04,1.23383058287e-14,0
860.0,0.045,-0.04,3.82379903946e-14,0
860.0,0.04,-0.035,-2.91697625486e-15,0
860.0,0.045,-0.035,1.41674819933e-14,0
860.0,0.04,-0.03,-1.40741781989e-14,0
860.0,0.045,-0.03,-4.18831010332e-15,0
860.0,0.04,-0.025,-2.36387214727e-14,0
860.0,0.045,-0.025,-1.84379620592e-14,0
860.0,0.04,-0.02,-3.26063983476e-14,0
860.0,0.045,-0.02,-3.03067517439e-14,0
860.0,0.04,-0.015,-4.20744015536e-14,0
860.0,0.045,-0.015,-4.19697108034e-14,0
860.0,0.04,-0.01,-5.151297608e-14,0
860.0,0.045,-0.01,-5.32675467053e-14,0
860.0,0.04,-0.005,-6.0361491262e-14,0
860.0,0.045,-0.005,-6.36689307254e-14,0
860.0,0.04,0,-6.45787271238e-14,0
860.0,0.045,4.16333634234e-19,-6.81063818832e-14,0
860.0,0.04,0.005,-6.10105500755e-14,0
860.0,0.045,0.005,-5.93983183624e-14,0
860.0,0.04,0.01,-4.38724389758e-14,0
860.0,0.045,0.01,-3.36118855882e-14,0
860.0,0.04,0.015,-1.90986457591e-14,0
860.0,0.045,0.015,-2.55169495256e-15,0
860.0,0.04,0.02,8.34539623072e-16,0
860.0,0.045,0.02,2.23976056466e-14,0
860.0,0.04,0.025,1.92587377922e-14,0
860.0,0.045,0.025,4.63759508328e-14,0
860.0,0.04,0.03,3.54743504808e-14,0
860.0,0.045,0.03,6.95898411463e-14,0
860.0,0.04,0.035,4.5204257347e-14,0
860.0,0.045,0.035,8.31143737146e-14,0
860.0,0.04,0.04,4.85012079981e-14,0
860.0,0.04,0.045,4.77897913621e-14,0
860.0,0.045,0.04,8.59940730756e-14,0
860.0,0.045,0.045,8.10840492196e-14,0
860.0,0.04,0.05,3.99134072827e-14,0
860.0,0.04,0.055,2.24793054891e-14,0
860.0,0.045,0.05,6.72664640111e-14,0
860.0,0.045,0.055,4.62440088788e-14,0
860.0,0.04,0.06,-1.12816136207e-14,0
860.0,0.04,0.065,-5.71059113956e-14,0
860.0,0.045,0.06,8.76817380135e-15,0
860.0,0.045,0.065,-4.47333454848e-14,0
860.0,0.04,0.07,-1.00769161459e-13,0
860.0,0.04,0.075,-1.41625896478e-13,0
860.0,0.045,0.07,-1.02759711814e-13,0
860.0,0.045,0.075,-1.61626139102e-13,0
860.0,0.05,-0.075,3.07739851066e-13,0
860.0,0.05,-0.07,2.56515902216e-13,0
860.0,0.055,-0.075,2.83458558199e-13,0
860.0,0.055,-0.07,2.3952900871e-13,0
860.0,0.05,-0.065,2.17039397064e-13,0
860.0,0.055,-0.065,2.01138088534e-13,0
860.0,0.05,-0.06,1.7727916216e-13,0
860.0,0.055,-0.06,1.6309251826e-13,0
860.0,0.05,-0.055,1.388593222e-13,0
860.0,0.055,-0.055,1.27787622837e-13,0
860.0,0.05,-0.05,1.06581021355e-13,0
860.0,0.055,-0.05,1.00129525103e-13,0
860.0,0.05,-0.045,7.82951183542e-14,0
860.0,0.055,-0.045,7.92424804726e-14,0
860.0,0.05,-0.04,5.177028303e-14,0
860.0,0.055,-0.04,5.83133076021e-14,0
860.0,0.05,-0.035,2.70440353704e-14,0
860.0,0.055,-0.035,3.51947287699e-14,0
860.0,0.05,-0.03,5.53903245591e-15,0
860.0,0.055,-0.03,1.3895167334e-14,0
860.0,0.05,-0.025,-1.12492940933e-14,0
860.0,0.055,-0.025,-2.8163687633e-15,0
860.0,0.05,-0.02,-2.43282447474e-14,0
860.0,0.055,-0.02,-1.56062019729e-14,0
860.0,0.05,-0.015,-3.67700754208e-14,0
860.0,0.055,-0.015,-2.70410620571e-14,0
860.0,0.05,-0.01,-4.84141905524e-14,0
860.0,0.055,-0.01,-3.67729068753e-14,0
860.0,0.05,-0.005,-5.93104756542e-14,0
860.0,0.055,-0.005,-4.54455481845e-14,0
860.0,0.05,0,-6.21588716174e-14,0
860.0,0.055,4.16333634234e-19,-4.39385523162e-14,0
860.0,0.05,0.005,-4.63976095848e-14,0
860.0,0.055,0.005,-2.46071202203e-14,0
860.0,0.05,0.01,-1.63530893418e-14,0
860.0,0.055,0.01,4.63429234004e-15,0
860.0,0.05,0.015,1.57928989401e-14,0
860.0,0.055,0.015,3.43773703423e-14,0
860.0,0.05,0.02,4.36480042199e-14,0
860.0,0.055,0.02,5.96556055939e-14,0
860.0,0.05,0.025,7.06024501489e-14,0
860.0,0.055,0.025,8.14779358426e-14,0
860.0,0.05,0.03,9.75443307216e-14,0
860.0,0.055,0.03,9.70860758034e-14,0
860.0,0.05,0.035,1.1483913097e-13,0
860.0,0.055,0.035,1.05365655056e-13,0
860.0,0.05,0.04,1.16662097803e-13,0
860.0,0.055,0.04,1.08617536495e-13,0
860.0,0.05,0.045,1.04071409978e-13,0
860.0,0.055,0.045,1.0748320471e-13,0
860.0,0.05,0.05,8.65889718533e-14,0
860.0,0.05,0.055,6.67375749454e-14,0
860.0,0.055,0.05,9.84660980733e-14,0
860.0,0.055,0.055,8.26934480395e-14,0
860.0,0.05,0.06,3.1938145404e-14,0
860.0,0.05,0.065,-2.0366305196e-14,0
860.0,0.055,0.06,5.30940237414e-14,0
860.0,0.055,0.065,5.91614909008e-15,0
860.0,0.05,0.07,-7.7725150068e-14,0
860.0,0.05,0.075,-1.3631772668e-13,0
860.0,0.055,0.07,-4.85032284538e-14,0
860.0,0.055,0.075,-1.04576642706e-13,0
860.0,0.06,-0.075,1.73427268496e-13,0
860.0,0.06,-0.07,1.39084229496e-13,0
860.0,0.065,-0.075,3.97938888552e-14,0
860.0,0.065,-0.07,1.36318011068e-14,0
860.0,0.06,-0.065,1.13308964231e-13,0
860.0,0.065,-0.065,-5.6110286437e-15,0
860.0,0.06,-0.06,9.4858567562e-14,0
860.0,0.065,-0.06,-1.16203719326e-14,0
860.0,0.06,-0.055,7.87542847477e-14,0
860.0,0.065,-0.055,-5.1292028988e-15,0
860.0,0.06,-0.05,6.57819747405e-14,0
860.0,0.065,-0.05,4.1300536454e-15,0
860.0,0.06,-0.045,5.83892732121e-14,0
860.0,0.065,-0.045,1.19117318106e-14,0
860.0,0.06,-0.04,4.94393982788e-14,0
860.0,0.065,-0.04,2.0481530993e-14,0
860.0,0.06,-0.035,3.41342760154e-14,0
860.0,0.065,-0.035,2.2090802054e-14,0
860.0,0.06,-0.03,1.91024457886e-14,0
860.0,0.065,-0.03,1.91887560312e-14,0
860.0,0.06,-0.025,6.2881991036e-15,0
860.0,0.065,-0.025,1.57277873686e-14,0
860.0,0.06,-0.02,-3.99730691197e-15,0
860.0,0.065,-0.02,9.73136589114e-15,0
860.0,0.06,-0.015,-1.25880486251e-14,0
860.0,0.065,-0.015,5.18698530476e-15,0
860.0,0.06,-0.01,-1.90382628167e-14,0
860.0,0.065,-0.01,2.94900126226e-15,0
860.0,0.06,-0.005,-2.38270906375e-14,0
860.0,0.065,-0.005,3.33748093767e-15,0
860.0,0.06,0,-1.76183297445e-14,0
860.0,0.065,4.16333634234e-19,1.3241785206e-14,0
860.0,0.06,0.005,1.4750758011e-15,0
860.0,0.065,0.005,2.89709880358e-14,0
860.0,0.06,0.01,2.59507738008e-14,0
860.0,0.065,0.01,4.31266472891e-14,0
860.0,0.06,0.015,4.62702416976e-14,0
860.0,0.065,0.015,4.50546620014e-14,0
860.0,0.06,0.02,5.78866098786e-14,0
860.0,0.065,0.02,3.26294030932e-14,0
860.0,0.06,0.025,6.09981829425e-14,0
860.0,0.065,0.025,1.05958475497e-14,0
860.0,0.06,0.03,5.65356484999e-14,0
860.0,0.065,0.03,-1.10407527725e-14,0
860.0,0.06,0.035,5.28717468296e-14,0
860.0,0.065,0.035,-1.91507965181e-14,0
860.0,0.06,0.04,5.74013733289e-14,0
860.0,0.065,0.04,-1.20541414412e-14,0
860.0,0.06,0.045,6.76726812483e-14,0
860.0,0.065,0.045,3.67664872001e-16,0
860.0,0.06,0.05,7.6744738036e-14,0
860.0,0.065,0.05,1.73814666902e-14,0
860.0,0.06,0.055,7.59059355175e-14,0
860.0,0.065,0.055,3.48841944035e-14,0
860.0,0.06,0.06,5.91140609849e-14,0
860.0,0.06,0.065,2.83133807162e-14,0
860.0,0.065,0.06,4.21033757346e-14,0
860.0,0.065,0.065,3.77133144165e-14,0
860.0,0.06,0.07,-7.03104155036e-15,0
860.0,0.06,0.075,-4.08387606536e-14,0
860.0,0.065,0.07,3.07900081735e-14,0
860.0,0.065,0.075,2.6853191899e-14,0
860.0,0.07,-0.075,-1.05774140628e-13,0
860.0,0.07,-0.07,-1.27174607561e-13,0
860.0,0.075,-0.075,-2.53740954116e-13,0
860.0,0.075,-0.07,-2.73392810868e-13,0
860.0,0.07,-0.065,-1.4357288135e-13,0
860.0,0.075,-0.065,-2.89358406978e-13,0
860.0,0.07,-0.06,-1.44770497038e-13,0
860.0,0.075,-0.06,-2.90678220782e-13,0
860.0,0.07,-0.055,-1.28309768049e-13,0
860.0,0.075,-0.055,-2.71047237033e-13,0
860.0,0.07,-0.05,-9.64207562362e-14,0
860.0,0.075,-0.05,-2.17642144865e-13,0
860.0,0.07,-0.045,-5.79459919832e-14,0
860.0,0.075,-0.045,-1.42381950495e-13,0
860.0,0.07,-0.04,-2.085647499e-14,0
860.0,0.075,-0.04,-6.68131733037e-14,0
860.0,0.07,-0.035,3.3901981598e-15,0
860.0,0.075,-0.035,-1.47180124773e-14,0
860.0,0.07,-0.03,1.3928486997e-14,0
860.0,0.075,-0.03,7.02065660257e-15,0
860.0,0.07,-0.025,2.16710691487e-14,0
860.0,0.075,-0.025,2.39400292474e-14,0
860.0,0.07,-0.02,2.57601295818e-14,0
860.0,0.075,-0.02,4.14249502591e-14,0
860.0,0.07,-0.015,2.72364254417e-14,0
860.0,0.075,-0.015,5.22151177415e-14,0
860.0,0.07,-0.01,2.94404818334e-14,0
860.0,0.075,-0.01,5.78075934335e-14,0
860.0,0.07,-0.005,3.49705879736e-14,0
860.0,0.075,-0.005,6.63486459308e-14,0
860.0,0.07,0,4.5410420556e-14,0
860.0,0.075,0,7.72824731349e-14,0
860.0,0.07,0.005,5.69466133129e-14,0
860.0,0.075,0.005,8.60467900039e-14,0
860.0,0.07,0.01,5.74567412816e-14,0
860.0,0.075,0.01,7.30060818163e-14,0
860.0,0.07,0.015,3.58455387281e-14,0
860.0,0.075,0.015,2.65715341089e-14,0
860.0,0.07,0.02,-4.84100623097e-15,0
860.0,0.075,0.02,-4.39836291935e-14,0
860.0,0.07,0.025,-5.27173837218e-14,0
860.0,0.075,0.025,-1.19611310267e-13,0
860.0,0.07,0.03,-9.06840393468e-14,0
860.0,0.075,0.03,-1.74352346552e-13,0
860.0,0.07,0.035,-1.01744372538e-13,0
860.0,0.075,0.035,-1.87562742444e-13,0
860.0,0.07,0.04,-9.19506315591e-14,0
860.0,0.075,0.04,-1.75660236058e-13,0
860.0,0.07,0.045,-7.66871636597e-14,0
860.0,0.075,0.045,-1.57634964324e-13,0
860.0,0.07,0.05,-5.30624054113e-14,0
860.0,0.075,0.05,-1.26723317282e-13,0
860.0,0.07,0.055,-2.16181787318e-14,0
860.0,0.075,0.055,-8.18629329533e-14,0
860.0,0.07,0.06,1.31314823732e-14,0
860.0,0.075,0.06,-1.7204609305e-14,0
860.0,0.07,0.065,3.87697268332e-14,0
860.0,0.075,0.065,3.9580812023e-14,0
860.0,0.07,0.07,5.27428426597e-14,0
860.0,0.07,0.075,6.34298406974e-14,0
860.0,0.075,0.07,6.97729646015e-14,0
860.0,0.075,0.075,8.89655460849e-14,0
950.0,-0.00382671281566,-0.00202612167119,0,0
950.0,-0.005,-0.005,3.41410084232e-14,0
950.0,-0.00197892066871,-0.00385133392306,0,0
950.0,-0.005,-0.00190753787223,1.78237860281e-14,0
950.0,-0.00433,0,0,0
950.0,-0.00190753787223,-0.005,1.5784822036e-14,0
950.0,0,-0.00433,0,0
950.0,-0.005,0.00190775150599,1.58655172298e-14,0
950.0,-0.00385133392306,0.00197892066871,0,0
950.0,0.00190775150599,-0.005,1.31113295234e-14,0
950.0,0.00202612167119,-0.00382671281566,0,0
950.0,-0.00202612167119,0.00382671281566,0,0
950.0,-0.005,0.005,2.3340770735e-14,0
950.0,-0.0019094272225,0.005,1.51176262442e-14,0
950.0,0,0.00433,0,0
950.0,0.00147766755988,0.00407006125046,0,0
950.0,8.32667268469e-19,0.005,1.23689393972e-14,0
950.0,0.00433,0,0,0
950.0,0.005,1.38777878078e-18,1.16537265816e-14,0
950.0,0.00407006125046,0.00147766755988,0,0
950.0,0.005,-0.005,1.72177220392e-14,0
950.0,0.00385133392306,-0.00197892066871,0,0
950.0,0.005,-0.0019094272225,1.50247051446e-14,0
950.0,0.00306177236254,0.00306177236254,0,0
950.0,0.0019094272225,0.005,1.93760790741e-14,0
950.0,0.005,0.0019094272225,1.8094027988e-14,0
950.0,-0.000885,-0.0015328649647,1.27176974554e-12,0
950.0,-0.0015328649647,-0.000885,1.27189218841e-12,0
950.0,-0.00186450691264,-0.00187567167242,8.43189616304e-13,0
950.0,-0.00177,0,1.27158372959e-12,0
950.0,-0.00268433516245,-0.000738983120158,7.59254554671e-13,0
950.0,0,-0.00177,1.27173116677e-12,0
950.0,-0.000718432264205,-0.00269192408424,7.57547997083e-13,0
950.0,-0.0015328649647,0.000885,1.27007874818e-12,0
950.0,-0.00265321485144,0.000647311733689,7.9004348182e-13,0
950.0,-0.000885,0.0015328649647,1.26845043048e-12,0
950.0,-0.00194719253591,0.00178443766524,8.44115774256e-13,0
950.0,0,0.00177,1.26434286847e-12,0
950.0,-0.000802720381054,0.00273415977115,7.17639288547e-13,0
950.0,0.000885,-0.0015328649647,1.27041950743e-12,0
950.0,0.00075154031863,-0.00270385456952,7.4543550788e-13,0
950.0,0.00177,0,1.26268228501e-12,0
950.0,0.0015328649647,-0.000885,1.26826621636e-12,0
950.0,0.00271471102228,-0.000564731152102,7.61061816422e-13,0
950.0,0.00192394637685,-0.00189207206672,8.10253549864e-13,0
950.0,0.00231817117671,0.00040530921667,9.8810226695e-13,0
950.0,0.0015328649647,0.000885,1.26094778777e-12,0
950.0,0.000885,0.0015328649647,1.26165300333e-12,0
950.0,0.000427053001345,0.00287092483521,6.82321506811e-13,0
950.0,0.00187618296239,0.00184774001435,8.33501487912e-13,0
950.0,0.00312733402203,0.000607809752493,5.19299011116e-13,0
950.0,0.00276214303706,0.00136595635004,5.76970583185e-13,0
950.0,0.0014100336009,0.00268674970267,6.04888326386e-13,0
950.0,-0.075,-0.075,-3.64045278497e-14,0
950.0,-0.07,-0.075,2.38362222217e-14,0
950.0,-0.075,-0.07,-7.38722603441e-14,0
950.0,-0.07,-0.07,-7.44852637255e-15,0
950.0,-0.075,-0.065,-1.12305323918e-13,0
950.0,-0.07,-0.065,-3.61238582745e-14,0
950.0,-0.065,-0.075,6.4258893012e-14,0
950.0,-0.065,-0.07,4.32188339435e-14,0
950.0,-0.065,-0.065,2.60237005097e-14,0
950.0,-0.075,-0.06,-1.50400014801e-13,0
950.0,-0.07,-0.06,-6.45265727749e-14,0
950.0,-0.065,-0.06,1.08822060927e-14,0
950.0,-0.075,-0.055,-1.97600096694e-13,0
950.0,-0.07,-0.055,-9.6004241082e-14,0
950.0,-0.065,-0.055,-3.27897806831e-15,0
950.0,-0.075,-0.05,-2.66655158567e-13,0
950.0,-0.07,-0.05,-1.3791499116e-13,0
950.0,-0.065,-0.05,-1.99414362559e-14,0
950.0,-0.075,-0.045,-3.55538145308e-13,0
950.0,-0.07,-0.045,-1.96344173019e-13,0
950.0,-0.065,-0.045,-4.36133488417e-14,0
950.0,-0.075,-0.04,-4.57627703354e-13,0
950.0,-0.07,-0.04,-2.78089134952e-13,0
950.0,-0.075,-0.035,-4.85560798836e-13,0
950.0,-0.07,-0.035,-3.26246531589e-13,0
950.0,-0.065,-0.04,-1.02252092974e-13,0
950.0,-0.065,-0.035,-1.66349137703e-13,0
950.0,-0.075,-0.03,-3.60455212789e-13,0
950.0,-0.07,-0.03,-2.83877739261e-13,0
950.0,-0.075,-0.025,-7.48802110212e-14,0
950.0,-0.07,-0.025,-1.41340354152e-13,0
950.0,-0.065,-0.03,-1.98073607978e-13,0
950.0,-0.065,-0.025,-1.85937817701e-13,0
950.0,-0.075,-0.02,3.12810100595e-13,0
950.0,-0.07,-0.02,6.9673519137e-14,0
950.0,-0.075,-0.015,7.01346320924e-13,0
950.0,-0.07,-0.015,2.85091776859e-13,0
950.0,-0.065,-0.02,-1.38036539266e-13,0
950.0,-0.065,-0.015,-8.24271043235e-14,0
950.0,-0.075,-0.01,9.69896763955e-13,0
950.0,-0.07,-0.01,4.35461401197e-13,0
950.0,-0.075,-0.005,1.03068165209e-12,0
950.0,-0.07,-0.005,4.63563572765e-13,0
950.0,-0.065,-0.01,-5.31090690057e-14,0
950.0,-0.065,-0.005,-7.12748528423e-14,0
950.0,-0.075,0,9.38283800165e-13,0
950.0,-0.07,0,3.90097049581e-13,0
950.0,-0.075,0.005,7.78083746247e-13,0
950.0,-0.07,0.005,2.74310352671e-13,0
950.0,-0.065,4.16333634234e-19,-1.30279932972e-13,0
950.0,-0.065,0.005,-1.91926898883e-13,0
950.0,-0.075,0.01,4.55261960166e-13,0
950.0,-0.07,0.01,1.09649670494e-13,0
950.0,-0.075,0.015,7.72259691947e-14,0
950.0,-0.07,0.015,-3.88953976543e-14,0
950.0,-0.065,0.01,-1.92440547746e-13,0
950.0,-0.065,0.015,-1.16574402206e-13,0
950.0,-0.075,0.02,-2.46158419195e-13,0
950.0,-0.07,0.02,-1.08735537881e-13,0
950.0,-0.075,0.025,-5.3857831299e-13,0
950.0,-0.07,0.025,-1.76201448547e-13,0
950.0,-0.065,0.02,3.19969739932e-14,0
950.0,-0.065,0.025,1.62016125847e-13,0
950.0,-0.075,0.03,-8.30934594627e-13,0
950.0,-0.07,0.03,-3.20691941127e-13,0
950.0,-0.075,0.035,-1.06548839348e-12,0
950.0,-0.07,0.035,-4.81025737317e-13,0
950.0,-0.065,0.03,1.59656876677e-13,0
950.0,-0.065,0.035,5.98574161836e-14,0
950.0,-0.075,0.04,-1.12584565707e-12,0
950.0,-0.07,0.04,-5.59368502653e-13,0
950.0,-0.075,0.045,-9.52359601388e-13,0
950.0,-0.07,0.045,-4.94669929461e-13,0
950.0,-0.065,0.04,-4.53574185849e-14,0
950.0,-0.065,0.045,-9.13020315106e-14,0
950.0,-0.075,0.05,-5.64190144222e-13,0
950.0,-0.07,0.05,-2.92665907332e-13,0
950.0,-0.075,0.055,-7.23667070699e-14,0
950.0,-0.07,0.055,-3.30401449975e-14,0
950.0,-0.065,0.05,-6.01091212981e-14,0
950.0,-0.065,0.055,-2.82351880441e-15,0
950.0,-0.075,0.06,4.20144343555e-13,0
950.0,-0.07,0.06,1.87029184781e-13,0
950.0,-0.075,0.065,8.86512389554e-13,0
950.0,-0.07,0.065,3.9953433039e-13,0
950.0,-0.065,0.06,-9.35295611464e-15,0
950.0,-0.065,0.065,-1.87382381982e-14,0
950.0,-0.075,0.07,1.30083098278e-12,0
950.0,-0.07,0.07,6.41761489448e-13,0
950.0,-0.075,0.075,1.62328111652e-12,0
950.0,-0.07,0.075,8.43237610468e-13,0
950.0,-0.065,0.07,3.48617182987e-14,0
950.0,-0.065,0.075,5.96561294683e-14,0
950.0,-0.06,-0.075,6.18309590851e-14,0
950.0,-0.06,-0.07,6.09761807161e-14,0
950.0,-0.06,-0.065,6.18532618214e-14,0
950.0,-0.055,-0.075,1.45300493919e-14,0
950.0,-0.055,-0.07,3.76633697974e-14,0
950.0,-0.055,-0.065,6.00732886188e-14,0
950.0,-0.06,-0.06,6.32891702847e-14,0
950.0,-0.06,-0.055,6.6994609254e-14,0
950.0,-0.055,-0.06,8.32582466799e-14,0
950.0,-0.055,-0.055,1.08334907619e-13,0
950.0,-0.06,-0.05,6.81903742961e-14,0
950.0,-0.055,-0.05,1.28106361256e-13,0
950.0,-0.06,-0.045,6.67753030763e-14,0
950.0,-0.055,-0.045,1.39752393162e-13,0
950.0,-0.06,-0.04,4.51307325451e-14,0
950.0,-0.055,-0.04,1.36668354119e-13,0
950.0,-0.06,-0.035,-7.0706892193e-15,0
950.0,-0.055,-0.035,1.05505218654e-13,0
950.0,-0.06,-0.03,-8.39218885523e-14,0
950.0,-0.06,-0.025,-1.65960442416e-13,0
950.0,-0.055,-0.03,2.86291047409e-14,0
950.0,-0.055,-0.025,-8.48939563109e-14,0
950.0,-0.06,-0.02,-2.43065657268e-13,0
950.0,-0.06,-0.015,-3.15817505534e-13,0
950.0,-0.055,-0.02,-2.0653053465e-13,0
950.0,-0.055,-0.015,-3.28812828558e-13,0
950.0,-0.06,-0.01,-3.87526324674e-13,0
950.0,-0.06,-0.005,-4.60523127031e-13,0
950.0,-0.055,-0.01,-4.42119067913e-13,0
950.0,-0.055,-0.005,-5.30934802623e-13,0
950.0,-0.06,0,-5.15556801162e-13,0
950.0,-0.06,0.005,-5.14475046553e-13,0
950.0,-0.055,4.16333634234e-19,-5.86011037569e-13,0
950.0,-0.055,0.005,-5.9007948128e-13,0
950.0,-0.06,0.01,-3.53538122347e-13,0
950.0,-0.06,0.015,-8.16274620456e-14,0
950.0,-0.055,0.01,-3.83911884033e-13,0
950.0,-0.055,0.015,-1.50217532762e-14,0
950.0,-0.06,0.02,1.67242153059e-13,0
950.0,-0.06,0.025,3.90113425612e-13,0
950.0,-0.055,0.02,3.03865749879e-13,0
950.0,-0.055,0.025,5.74880868882e-13,0
950.0,-0.06,0.03,5.15612179161e-13,0
950.0,-0.06,0.035,4.72572095977e-13,0
950.0,-0.055,0.03,7.30240474594e-13,0
950.0,-0.055,0.035,6.85524706866e-13,0
950.0,-0.06,0.04,3.34796508726e-13,0
950.0,-0.06,0.045,1.93498535074e-13,0
950.0,-0.055,0.04,5.08474537495e-13,0
950.0,-0.055,0.045,2.92020597558e-13,0
950.0,-0.06,0.05,6.75377682053e-14,0
950.0,-0.06,0.055,-4.56522592909e-14,0
950.0,-0.055,0.05,9.84460880732e-14,0
950.0,-0.055,0.055,-8.39458896762e-14,0
950.0,-0.06,0.06,-1.41416068157e-13,0
950.0,-0.06,0.065,-2.47974261231e-13,0
950.0,-0.055,0.06,-2.39746623273e-13,0
950.0,-0.055,0.065,-4.01299895352e-13,0
950.0,-0.06,0.07,-3.92164700258e-13,0
950.0,-0.06,0.075,-5.66368963516e-13,0
950.0,-0.055,0.07,-6.34774160816e-13,0
950.0,-0.055,0.075,-9.17766703872e-13,0
950.0,-0.05,-0.075,-4.53857699538e-14,0
950.0,-0.05,-0.07,-1.12107921247e-14,0
950.0,-0.045,-0.075,-1.1703626171e-13,0
950.0,-0.045,-0.07,-7.59005024145e-14,0
950.0,-0.05,-0.065,2.81259936796e-14,0
950.0,-0.045,-0.065,-2.52456069403e-14,0
950.0,-0.05,-0.06,7.125052018e-14,0
950.0,-0.05,-0.055,1.17131388471e-13,0
950.0,-0.045,-0.06,3.44767819261e-14,0
950.0,-0.045,-0.055,1.00422059792e-13,0
950.0,-0.05,-0.05,1.5582148914e-13,0
950.0,-0.05,-0.045,1.76530477659e-13,0
950.0,-0.045,-0.05,1.59835190232e-13,0
950.0,-0.045,-0.045,1.9215911149e-13,0
950.0,-0.05,-0.04,1.76386572036e-13,0
950.0,-0.045,-0.04,1.99658045218e-13,0
950.0,-0.05,-0.035,1.57499329382e-13,0
950.0,-0.045,-0.035,1.89431132149e-13,0
950.0,-0.05,-0.03,1.0406319126e-13,0
950.0,-0.045,-0.03,1.56418695928e-13,0
950.0,-0.05,-0.025,1.18134309735e-14,0
950.0,-0.045,-0.025,9.51558910939e-14,0
950.0,-0.05,-0.02,-9.84128509242e-14,0
950.0,-0.05,-0.015,-2.13278060765e-13,0
950.0,-0.045,-0.02,8.36638140504e-15,0
950.0,-0.045,-0.015,-8.95055771769e-14,0
950.0,-0.05,-0.01,-3.22378150429e-13,0
950.0,-0.05,-0.005,-4.12401149193e-13,0
950.0,-0.045,-0.01,-1.91853908878e-13,0
950.0,-0.045,-0.005,-2.83277314129e-13,0
950.0,-0.05,0,-4.69295087698e-13,0
950.0,-0.05,0.005,-4.88946659793e-13,0
950.0,-0.045,4.16333634234e-19,-3.45820206179e-13,0
950.0,-0.045,0.005,-3.58892865843e-13,0
950.0,-0.05,0.01,-3.16198869461e-13,0
950.0,-0.05,0.015,4.72182400656e-14,0
950.0,-0.045,0.01,-2.02211320347e-13,0
950.0,-0.045,0.015,1.05102276299e-13,0
950.0,-0.05,0.02,4.05549502169e-13,0
950.0,-0.05,0.025,6.72909751176e-13,0
950.0,-0.045,0.02,4.11531380169e-13,0
950.0,-0.045,0.025,6.14546330811e-13,0
950.0,-0.05,0.03,7.74658775916e-13,0
950.0,-0.05,0.035,6.90591135466e-13,0
950.0,-0.045,0.03,6.56652242512e-13,0
950.0,-0.045,0.035,5.32313817825e-13,0
950.0,-0.05,0.04,4.8780697275e-13,0
950.0,-0.05,0.045,2.56270816743e-13,0
950.0,-0.045,0.04,3.61267551878e-13,0
950.0,-0.045,0.045,1.8670382472e-13,0
950.0,-0.05,0.05,7.09082795372e-14,0
950.0,-0.05,0.055,-1.03848115303e-13,0
950.0,-0.045,0.05,2.92889501299e-14,0
950.0,-0.045,0.055,-1.12848988269e-13,0
950.0,-0.05,0.06,-2.74869407487e-13,0
950.0,-0.05,0.065,-4.45557512216e-13,0
950.0,-0.045,0.06,-2.38086319176e-13,0
950.0,-0.045,0.065,-3.45332178008e-13,0
950.0,-0.05,0.07,-6.69499161752e-13,0
950.0,-0.05,0.075,-9.38218214489e-13,0
950.0,-0.045,0.07,-4.87446726823e-13,0
950.0,-0.045,0.075,-6.46075860741e-13,0
950.0,-0.04,-0.075,-1.9898581856e-13,0
950.0,-0.04,-0.07,-1.61548036846e-13,0
950.0,-0.035,-0.075,-2.28357695324e-13,0
950.0,-0.035,-0.07,-2.3218725359e-13,0
950.0,-0.04,-0.065,-1.03625758951e-13,0
950.0,-0.035,-0.065,-2.00295618968e-13,0
950.0,-0.04,-0.06,-3.05800718833e-14,0
950.0,-0.035,-0.06,-1.21117700962e-13,0
950.0,-0.04,-0.055,5.29180116755e-14,0
950.0,-0.035,-0.055,-2.58876540827e-14,0
950.0,-0.04,-0.05,1.35467154886e-13,0
950.0,-0.04,-0.045,1.85450204949e-13,0
950.0,-0.035,-0.05,7.98158515468e-14,0
950.0,-0.035,-0.045,1.55481621629e-13,0
950.0,-0.04,-0.04,2.03304095636e-13,0
950.0,-0.04,-0.035,2.04970842627e-13,0
950.0,-0.035,-0.04,1.90110380201e-13,0
950.0,-0.035,-0.035,2.05734071997e-13,0
950.0,-0.04,-0.03,1.89481920111e-13,0
950.0,-0.035,-0.03,2.09783997648e-13,0
950.0,-0.04,-0.025,1.57397577835e-13,0
950.0,-0.035,-0.025,2.08556015336e-13,0
950.0,-0.04,-0.02,1.02608443903e-13,0
950.0,-0.035,-0.02,1.87990278759e-13,0
950.0,-0.04,-0.015,3.06869287036e-14,0
950.0,-0.035,-0.015,1.44470451813e-13,0
950.0,-0.04,-0.01,-5.1897062588e-14,0
950.0,-0.04,-0.005,-1.32312113284e-13,0
950.0,-0.035,-0.01,8.80118951816e-14,0
950.0,-0.035,-0.005,2.86195044483e-14,0
950.0,-0.04,0,-1.81823139194e-13,0
950.0,-0.04,0.005,-1.65539837316e-13,0
950.0,-0.035,4.16333634234e-19,5.16487844616e-16,0
950.0,-0.035,0.005,1.65017047691e-14,0
950.0,-0.04,0.01,-5.15200564534e-14,0
950.0,-0.04,0.015,1.36473821259e-13,0
950.0,-0.035,0.01,5.79727563425e-14,0
950.0,-0.035,0.015,1.20778996818e-13,0
950.0,-0.04,0.02,3.24419309832e-13,0
950.0,-0.04,0.025,4.39735070438e-13,0
950.0,-0.035,0.02,1.88157925912e-13,0
950.0,-0.035,0.025,2.1836463482e-13,0
950.0,-0.04,0.03,4.41609739374e-13,0
950.0,-0.04,0.035,3.41115486546e-13,0
950.0,-0.035,0.03,1.96395657007e-13,0
950.0,-0.035,0.035,1.36606729306e-13,0
950.0,-0.04,0.04,2.10865475981e-13,0
950.0,-0.04,0.045,8.52917612435e-14,0
950.0,-0.035,0.04,4.9071491528e-14,0
950.0,-0.035,0.045,-2.99972382388e-14,0
950.0,-0.04,0.05,-2.63308095123e-14,0
950.0,-0.04,0.055,-1.16581348887e-13,0
950.0,-0.035,0.05,-9.08898640438e-14,0
950.0,-0.035,0.055,-1.19292347708e-13,0
950.0,-0.04,0.06,-1.69042618366e-13,0
950.0,-0.04,0.065,-1.91484817232e-13,0
950.0,-0.035,0.06,-9.0075918294e-14,0
950.0,-0.035,0.065,-2.47087859207e-14,0
950.0,-0.04,0.07,-1.88041866284e-13,0
950.0,-0.04,0.075,-1.6927746549e-13,0
950.0,-0.035,0.07,8.89192047068e-14,0
950.0,-0.035,0.075,2.37292676165e-13,0
950.0,-0.03,-0.075,-1.41926561978e-13,0
950.0,-0.03,-0.07,-2.3947301147e-13,0
950.0,-0.025,-0.075,4.25478093802e-14,0
950.0,-0.025,-0.07,-1.52193432289e-13,0
950.0,-0.03,-0.065,-3.04356766438e-13,0
950.0,-0.025,-0.065,-3.29879943014e-13,0
950.0,-0.03,-0.06,-2.71694875567e-13,0
950.0,-0.025,-0.06,-3.91793974073e-13,0
950.0,-0.03,-0.055,-1.73745202307e-13,0
950.0,-0.025,-0.055,-3.31824617485e-13,0
950.0,-0.03,-0.05,-4.70541111595e-14,0
950.0,-0.025,-0.05,-2.10025881889e-13,0
950.0,-0.03,-0.045,6.41674333575e-14,0
950.0,-0.025,-0.045,-7.84591146566e-14,0
950.0,-0.03,-0.04,1.34588881086e-13,0
950.0,-0.03,-0.035,1.78733260804e-13,0
950.0,-0.025,-0.04,2.9945373319e-14,0
950.0,-0.025,-0.035,1.16091929857e-13,0
950.0,-0.03,-0.03,2.03645974485e-13,0
950.0,-0.03,-0.025,2.27663586826e-13,0
950.0,-0.025,-0.03,1.68887373908e-13,0
950.0,-0.025,-0.025,2.074996612e-13,0
950.0,-0.03,-0.02,2.41685763172e-13,0
950.0,-0.025,-0.02,2.33718912412e-13,0
950.0,-0.03,-0.015,2.3502282263e-13,0
950.0,-0.025,-0.015,2.44991249861e-13,0
950.0,-0.03,-0.01,2.10174047558e-13,0
950.0,-0.025,-0.01,2.3992662221e-13,0
950.0,-0.03,-0.005,1.70697887981e-13,0
950.0,-0.025,-0.005,2.12820828483e-13,0
950.0,-0.03,0,1.3415782741e-13,0
950.0,-0.03,0.005,1.06062590469e-13,0
950.0,-0.025,4.16333634234e-19,1.73754849566e-13,0
950.0,-0.025,0.005,1.27714992546e-13,0
950.0,-0.03,0.01,8.86869173403e-14,0
950.0,-0.03,0.015,7.92388472342e-14,0
950.0,-0.025,0.01,8.24205818815e-14,0
950.0,-0.025,0.015,3.55899519348e-14,0
950.0,-0.03,0.02,6.52229224017e-14,0
950.0,-0.03,0.025,3.4832903006e-14,0
950.0,-0.025,0.02,-1.86610659988e-14,0
950.0,-0.025,0.025,-8.12449896652e-14,0
950.0,-0.03,0.03,-1.24525397666e-14,0
950.0,-0.03,0.035,-7.39801726231e-14,0
950.0,-0.025,0.03,-1.50097882342e-13,0
950.0,-0.025,0.035,-2.19791996058e-13,0
950.0,-0.03,0.04,-1.33213518206e-13,0
950.0,-0.03,0.045,-1.60075370422e-13,0
950.0,-0.025,0.04,-2.67041221445e-13,0
950.0,-0.025,0.045,-2.53802227566e-13,0
950.0,-0.03,0.05,-1.5001122533e-13,0
950.0,-0.03,0.055,-1.00220266315e-13,0
950.0,-0.025,0.05,-1.85380613501e-13,0
950.0,-0.025,0.055,-8.11174100258e-14,0
950.0,-0.03,0.06,-8.09226963013e-15,0
950.0,-0.03,0.065,1.16604196191e-13,0
950.0,-0.025,0.06,5.5943455424e-14,0
950.0,-0.025,0.065,2.31466841536e-13,0
950.0,-0.03,0.07,2.74872612115e-13,0
950.0,-0.03,0.075,4.54083371642e-13,0
950.0,-0.025,0.07,4.42193289217e-13,0
950.0,-0.025,0.075,6.62828421424e-13,0
950.0,-0.02,-0.075,2.05241628714e-13,0
950.0,-0.02,-0.07,-1.52172386676e-14,0
950.0,-0.015,-0.075,3.71323612681e-13,0
950.0,-0.015,-0.07,1.29850677359e-13,0
950.0,-0.02,-0.065,-2.35255862393e-13,0
950.0,-0.015,-0.065,-1.19580025462e-13,0
950.0,-0.02,-0.06,-3.99511708795e-13,0
950.0,-0.015,-0.06,-3.49655560458e-13,0
950.0,-0.02,-0.055,-4.18826642633e-13,0
950.0,-0.015,-0.055,-4.30955915021e-13,0
950.0,-0.02,-0.05,-3.35863275009e-13,0
950.0,-0.015,-0.05,-4.0312585838e-13,0
950.0,-0.02,-0.045,-2.13096644487e-13,0
950.0,-0.015,-0.045,-3.30541216972e-13,0
950.0,-0.02,-0.04,-9.07347317571e-14,0
950.0,-0.015,-0.04,-2.08378039593e-13,0
950.0,-0.02,-0.035,2.15809039974e-14,0
950.0,-0.015,-0.035,-7.74356230012e-14,0
950.0,-0.02,-0.03,1.0706059522e-13,0
950.0,-0.02,-0.025,1.58807786178e-13,0
950.0,-0.015,-0.03,3.38641413344e-14,0
950.0,-0.015,-0.025,1.00131026982e-13,0
950.0,-0.02,-0.02,1.86412855427e-13,0
950.0,-0.02,-0.015,2.00638739434e-13,0
950.0,-0.015,-0.02,1.32496615409e-13,0
950.0,-0.015,-0.015,1.47518810402e-13,0
950.0,-0.02,-0.01,1.96834680656e-13,0
950.0,-0.015,-0.01,1.44272010467e-13,0
950.0,-0.02,-0.005,1.74854962237e-13,0
950.0,-0.015,-0.005,1.26742401973e-13,0
950.0,-0.02,0,1.4148490145e-13,0
950.0,-0.015,4.16333634234e-19,1.00823991352e-13,0
950.0,-0.02,0.005,1.00953285585e-13,0
950.0,-0.015,0.005,6.99645058556e-14,0
950.0,-0.02,0.01,5.51462644886e-14,0
950.0,-0.02,0.015,3.02674024764e-15,0
950.0,-0.015,0.01,3.08884739169e-14,0
950.0,-0.015,0.015,-1.79358068728e-14,0
950.0,-0.02,0.02,-5.93560958257e-14,0
950.0,-0.02,0.025,-1.33159413803e-13,0
950.0,-0.015,0.02,-8.03308746528e-14,0
950.0,-0.015,0.025,-1.60400599496e-13,0
950.0,-0.02,0.03,-2.13699143896e-13,0
950.0,-0.02,0.035,-2.91120236768e-13,0
950.0,-0.015,0.03,-2.54318761135e-13,0
950.0,-0.015,0.035,-3.43799186825e-13,0
950.0,-0.02,0.04,-3.33878408182e-13,0
950.0,-0.02,0.045,-3.04619209632e-13,0
950.0,-0.015,0.04,-3.93841566254e-13,0
950.0,-0.015,0.045,-3.58497657599e-13,0
950.0,-0.02,0.05,-2.15135850453e-13,0
950.0,-0.02,0.055,-8.6782672654e-14,0
950.0,-0.015,0.05,-2.57574274602e-13,0
950.0,-0.015,0.055,-1.12315845943e-13,0
950.0,-0.02,0.06,8.77309921407e-14,0
950.0,-0.02,0.065,3.07280733487e-13,0
950.0,-0.015,0.06,9.00929084103e-14,0
950.0,-0.015,0.065,3.44394065609e-13,0
950.0,-0.02,0.07,5.88755714165e-13,0
950.0,-0.02,0.075,8.99421078564e-13,0
950.0,-0.015,0.07,6.97814079731e-13,0
950.0,-0.015,0.075,1.09865679355e-12,0
950.0,-0.01,-0.075,6.28597855727e-13,0
950.0,-0.01,-0.07,3.24437699864e-13,0
950.0,-0.005,-0.075,8.51842839688e-13,0
950.0,-0.005,-0.07,5.10868974648e-13,0
950.0,-0.01,-0.065,1.09016599615e-14,0
950.0,-0.005,-0.065,1.68770665181e-13,0
950.0,-0.01,-0.06,-2.75895957244e-13,0
950.0,-0.005,-0.06,-1.56963242891e-13,0
950.0,-0.01,-0.055,-4.14140121342e-13,0
950.0,-0.005,-0.055,-3.68097002964e-13,0
950.0,-0.01,-0.05,-4.21704112194e-13,0
950.0,-0.005,-0.05,-4.23426585399e-13,0
950.0,-0.01,-0.045,-4.06721861019e-13,0
950.0,-0.005,-0.045,-4.4307291696e-13,0
950.0,-0.01,-0.04,-3.3027501364e-13,0
950.0,-0.005,-0.04,-4.07688753123e-13,0
950.0,-0.01,-0.035,-1.95366320668e-13,0
950.0,-0.005,-0.035,-2.91550711271e-13,0
950.0,-0.01,-0.03,-5.71337248353e-14,0
950.0,-0.005,-0.03,-1.45847078823e-13,0
950.0,-0.01,-0.025,3.35568604892e-14,0
950.0,-0.005,-0.025,-3.81488351889e-14,0
950.0,-0.01,-0.02,7.19425515493e-14,0
950.0,-0.01,-0.015,9.10634226177e-14,0
950.0,-0.005,-0.02,9.4327183819e-15,0
950.0,-0.005,-0.015,3.79922269463e-14,0
950.0,-0.0117873230072,-0.0115873794689,1.11510682721e-13,0
950.0,-0.00939961996336,-0.005,7.07784917016e-14,0
950.0,-0.00792797428371,-0.00964253216809,7.00781526858e-14,0
950.0,-0.005,-0.00939961996336,4.56390082222e-14,0
950.0,-0.0108753492546,-0.00150606400588,7.09711031498e-14,0
950.0,-0.00818101620308,-0.00211452602544,4.85772503931e-14,0
950.0,-0.00651817360753,-0.000255934956239,2.86704036527e-14,0
950.0,-0.005,6.71033969428e-08,1.23841702766e-14,0
950.0,-0.0107292118043,0.00160660295843,5.7777469429e-14,0
950.0,-0.0080188992252,0.000768320427092,3.92714662102e-14,0
950.0,-0.00939946851065,0.005,3.81101134199e-14,0
950.0,-0.00802129342231,0.00264911934363,3.62556155565e-14,0
950.0,-0.00887989370213,0.00887989479405,2.29280506271e-14,0
950.0,-0.01,0.015,-1.32822026235e-14,0
950.0,-0.005,0.00939947397025,2.72951533836e-14,0
950.0,-0.005,0.015,2.61785279366e-14,0
950.0,-0.01,0.02,-6.19825191154e-14,0
950.0,-0.01,0.025,-1.34114233468e-13,0
950.0,-0.005,0.02,4.62773851408e-15,0
950.0,-0.005,0.025,-4.31943567783e-14,0
950.0,-0.01,0.03,-2.36136533417e-13,0
950.0,-0.01,0.035,-3.46047039414e-13,0
950.0,-0.005,0.03,-1.46018342742e-13,0
950.0,-0.005,0.035,-2.70852114661e-13,0
950.0,-0.01,0.04,-4.16526266252e-13,0
950.0,-0.01,0.045,-3.97572904381e-13,0
950.0,-0.005,0.04,-3.71481483363e-13,0
950.0,-0.005,0.045,-3.84176607137e-13,0
950.0,-0.01,0.05,-3.04669020595e-13,0
950.0,-0.01,0.055,-1.60909532696e-13,0
950.0,-0.005,0.05,-3.22157528913e-13,0
950.0,-0.005,0.055,-2.00680170263e-13,0
950.0,-0.01,0.06,4.61592589082e-14,0
950.0,-0.01,0.065,3.22324865156e-13,0
950.0,-0.005,0.06,-2.23901080565e-14,0
950.0,-0.005,0.065,2.08473397956e-13,0
950.0,-0.01,0.07,7.24920116698e-13,0
950.0,-0.01,0.075,1.20531588723e-12,0
950.0,-0.005,0.07,6.21488191145e-13,0
950.0,-0.005,0.075,1.13881153977e-12,0
950.0,0,-0.075,8.63608634323e-13,0
950.0,0,-0.07,5.7739150876e-13,0
950.0,0.005,-0.075,6.52770054386e-13,0
950.0,0.005,-0.07,4.8242402968e-13,0
950.0,0,-0.065,2.93718987984e-13,0
950.0,0.005,-0.065,3.01786130217e-13,0
950.0,0,-0.06,2.91233577744e-14,0
950.0,0.005,-0.06,1.48190989821e-13,0
950.0,0,-0.055,-1.84789803027e-13,0
950.0,0.005,-0.055,9.59296976068e-15,0
950.0,0,-0.05,-3.2675731672e-13,0
950.0,0.005,-0.05,-1.51694658445e-13,0
950.0,0,-0.045,-4.02704917868e-13,0
950.0,0.005,-0.045,-2.62067513555e-13,0
950.0,0,-0.04,-3.97173789104e-13,0
950.0,0.005,-0.04,-2.97556356647e-13,0
950.0,0,-0.035,-3.17527501398e-13,0
950.0,0.005,-0.035,-2.64001961226e-13,0
950.0,0,-0.03,-2.01610802549e-13,0
950.0,0.005,-0.03,-2.10792740018e-13,0
950.0,0,-0.025,-9.9662211636e-14,0
950.0,0.005,-0.025,-1.46052580929e-13,0
950.0,0,-0.02,-4.60540163728e-14,0
950.0,0.005,-0.02,-9.19615615646e-14,0
950.0,0,-0.015,-6.74945699176e-15,0
950.0,0.005,-0.015,-4.54884387113e-14,0
950.0,-0.0021196717084,-0.00776771017156,2.70954823043e-14,0
950.0,-0.00084550708518,-0.00631514607954,1.97292451032e-14,0
950.0,6.71033969406e-08,-0.005,1.11730796871e-14,0
950.0,-0.00139054260708,-0.0110960807567,2.03436935783e-14,0
950.0,0.00132468676756,-0.00775008274642,1.56799801318e-14,0
950.0,0.00160394440688,-0.0116908851489,5.42766923518e-17,0
950.0,0.005,-0.00939946851065,-4.48379746763e-15,0
950.0,0.005,0.005,4.8703939105e-14,0
950.0,-0.000107646311398,0.00617659695633,2.51585419679e-14,0
950.0,-0.00190846935279,0.0076427502668,3.16093572371e-14,0
950.0,0.00131146485568,0.00777290068297,4.78659546662e-14,0
950.0,0.00295884413402,0.00640276348073,4.50570202844e-14,0
950.0,-1.21517769428e-05,0.0108932602996,6.61628809991e-14,0
950.0,0,0.015,9.33527335464e-14,0
950.0,0.005,0.00939942566771,1.13403535829e-13,0
950.0,0.005,0.015,1.86494802312e-13,0
950.0,0,0.02,1.04829044434e-13,0
950.0,0,0.025,9.04319577353e-14,0
950.0,0.005,0.02,2.22756652968e-13,0
950.0,0.005,0.025,2.2967918096e-13,0
950.0,0,0.03,1.89349964745e-14,0
950.0,0,0.035,-1.09691307403e-13,0
950.0,0.005,0.03,1.84687729145e-13,0
950.0,0.005,0.035,5.80357511238e-14,0
950.0,0,0.04,-2.48445213162e-13,0
950.0,0,0.045,-3.28155968977e-13,0
950.0,0.005,0.04,-9.97283482312e-14,0
950.0,0.005,0.045,-2.38736069274e-13,0
950.0,0,0.05,-3.17417434738e-13,0
950.0,0,0.055,-2.43365199605e-13,0
950.0,0.005,0.05,-3.04504084805e-13,0
950.0,0.005,0.055,-2.96989923834e-13,0
950.0,0,0.06,-9.82366410959e-14,0
950.0,0,0.065,9.91043916597e-14,0
950.0,0.005,0.06,-1.93648676817e-13,0
950.0,0.005,0.065,-1.90836438391e-14,0
950.0,0,0.07,4.63751361274e-13,0
950.0,0,0.075,9.41053176886e-13,0
950.0,0.005,0.07,2.87820356661e-13,0
950.0,0.005,0.075,6.94746658372e-13,0
950.0,0.01,-0.075,3.84990111939e-13,0
950.0,0.01,-0.07,3.03809582598e-13,0
950.0,0.015,-0.075,3.71458456197e-14,0
950.0,0.015,-0.07,6.83749344284e-14,0
950.0,0.01,-0.065,2.26808546226e-13,0
950.0,0.015,-0.065,1.24105839058e-13,0
950.0,0.01,-0.06,1.47412343532e-13,0
950.0,0.015,-0.06,1.32617565995e-13,0
950.0,0.01,-0.055,6.74230363718e-14,0
950.0,0.015,-0.055,1.15446354894e-13,0
950.0,0.01,-0.05,-1.82468741832e-14,0
950.0,0.015,-0.05,9.05544983873e-14,0
950.0,0.01,-0.045,-9.64925229864e-14,0
950.0,0.015,-0.045,4.77047848012e-14,0
950.0,0.01,-0.04,-1.5331658835e-13,0
950.0,0.015,-0.04,-1.31088907927e-14,0
950.0,0.01,-0.035,-1.79428371991e-13,0
950.0,0.015,-0.035,-7.94359640142e-14,0
950.0,0.01,-0.03,-1.80345943895e-13,0
950.0,0.015,-0.03,-1.29807184788e-13,0
950.0,0.01,-0.025,-1.64274738752e-13,0
950.0,0.015,-0.025,-1.62463246852e-13,0
950.0,0.01,-0.02,-1.280680884e-13,0
950.0,0.01,-0.015,-8.2222173702e-14,0
950.0,0.015,-0.02,-1.56249246433e-13,0
950.0,0.015,-0.015,-1.1907298343e-13,0
950.0,0.00999280436795,-0.0116358337096,-5.095254939e-14,0
950.0,0.0105889214373,-0.00845762197625,-2.46704612688e-14,0
950.0,0.015,-0.01,-6.83019202712e-14,0
950.0,0.00939947397025,-0.005,1.12971491441e-14,0
950.0,0.015,-0.005,-6.42029686055e-15,0
950.0,0.00658051136513,-0.00296146438142,2.38352255865e-14,0
950.0,0.00636794669772,-3.54305826484e-06,2.77505708402e-14,0
950.0,0.00795807888052,-0.00113999998936,3.52165474186e-14,0
950.0,0.00758147027913,0.00183630393596,5.00378073557e-14,0
950.0,0.0112534647756,-1.47536350887e-07,6.63659484418e-14,0
950.0,0.015,4.16333634234e-19,8.76175448331e-14,0
950.0,0.00939942566771,0.005,1.17152261686e-13,0
950.0,0.015,0.005,2.07567603114e-13,0
950.0,0.00999018807453,0.0109670628501,2.37470876879e-13,0
950.0,0.01,0.015,3.0044665844e-13,0
950.0,0.015,0.01,3.25699768389e-13,0
950.0,0.015,0.015,4.20358855838e-13,0
950.0,0.01,0.02,3.47101639758e-13,0
950.0,0.01,0.025,3.55922871582e-13,0
950.0,0.015,0.02,4.70622133163e-13,0
950.0,0.015,0.025,4.68418725709e-13,0
950.0,0.01,0.03,2.98374057615e-13,0
950.0,0.01,0.035,1.62115833516e-13,0
950.0,0.015,0.03,3.93262405325e-13,0
950.0,0.015,0.035,2.46167340433e-13,0
950.0,0.01,0.04,-4.34204595784e-15,0
950.0,0.01,0.045,-1.6110537204e-13,0
950.0,0.015,0.04,7.06799435456e-14,0
950.0,0.015,0.045,-1.00558152658e-13,0
950.0,0.01,0.05,-2.79898351129e-13,0
950.0,0.01,0.055,-3.44136603949e-13,0
950.0,0.015,0.05,-2.49804343498e-13,0
950.0,0.015,0.055,-3.66315478118e-13,0
950.0,0.01,0.06,-3.03533186602e-13,0
950.0,0.01,0.065,-1.53647313489e-13,0
950.0,0.015,0.06,-3.79925145309e-13,0
950.0,0.015,0.065,-2.56496663767e-13,0
950.0,0.01,0.07,1.13898296138e-13,0
950.0,0.01,0.075,4.55050196301e-13,0
950.0,0.015,0.07,-9.84490396451e-15,0
950.0,0.015,0.075,2.9578183977e-13,0
950.0,0.02,-0.075,-5.0524469055e-13,0
950.0,0.02,-0.07,-3.00735238642e-13,0
950.0,0.025,-0.075,-1.13461071248e-12,0
950.0,0.025,-0.07,-7.3988351148e-13,0
950.0,0.02,-0.065,-7.6100805027e-14,0
950.0,0.025,-0.065,-3.30954149901e-13,0
950.0,0.02,-0.06,1.13027067163e-13,0
950.0,0.025,-0.06,6.46787849436e-14,0
950.0,0.02,-0.055,2.01739749216e-13,0
950.0,0.025,-0.055,2.92407327948e-13,0
950.0,0.02,-0.05,1.97185850809e-13,0
950.0,0.025,-0.05,3.14078125852e-13,0
950.0,0.02,-0.045,1.60393872199e-13,0
950.0,0.025,-0.045,2.802136502e-13,0
950.0,0.02,-0.04,9.36655420293e-14,0
950.0,0.025,-0.04,2.00164962791e-13,0
950.0,0.02,-0.035,1.14212073163e-14,0
950.0,0.025,-0.035,9.34415417889e-14,0
950.0,0.02,-0.03,-6.79940547972e-14,0
950.0,0.025,-0.03,-1.18161195334e-14,0
950.0,0.02,-0.025,-1.34279282652e-13,0
950.0,0.025,-0.025,-1.00741474276e-13,0
950.0,0.02,-0.02,-1.70122393009e-13,0
950.0,0.025,-0.02,-1.65385463617e-13,0
950.0,0.02,-0.015,-1.57302820845e-13,0
950.0,0.025,-0.015,-1.87179830676e-13,0
950.0,0.02,-0.01,-1.1078853597e-13,0
950.0,0.025,-0.01,-1.61365439786e-13,0
950.0,0.02,-0.005,-4.34089175863e-14,0
950.0,0.025,-0.005,-1.02549882113e-13,0
950.0,0.02,0,9.07246049384e-14,0
950.0,0.025,4.16333634234e-19,4.83782642459e-14,0
950.0,0.02,0.005,2.63620781763e-13,0
950.0,0.025,0.005,2.68028441669e-13,0
950.0,0.02,0.01,4.10940907386e-13,0
950.0,0.025,0.01,4.54268740745e-13,0
950.0,0.02,0.015,5.18761037824e-13,0
950.0,0.025,0.015,5.62034435779e-13,0
950.0,0.02,0.02,5.66396237047e-13,0
950.0,0.02,0.025,5.48514038649e-13,0
950.0,0.025,0.02,5.95655246478e-13,0
950.0,0.025,0.025,5.81195722899e-13,0
950.0,0.02,0.03,4.55969365297e-13,0
950.0,0.02,0.035,3.00367815361e-13,0
950.0,0.025,0.03,4.91621871625e-13,0
950.0,0.025,0.035,3.27301466964e-13,0
950.0,0.02,0.04,1.18486051829e-13,0
950.0,0.02,0.045,-6.01664729153e-14,0
950.0,0.025,0.04,1.41320441663e-13,0
950.0,0.025,0.045,-3.87916952082e-14,0
950.0,0.02,0.05,-2.23564490695e-13,0
950.0,0.02,0.055,-3.62632492455e-13,0
950.0,0.025,0.05,-2.05683055761e-13,0
950.0,0.025,0.055,-3.49262662419e-13,0
950.0,0.02,0.06,-4.03099141458e-13,0
950.0,0.02,0.065,-2.84963009206e-13,0
950.0,0.025,0.06,-3.87277353622e-13,0
950.0,0.025,0.065,-2.31221054825e-13,0
950.0,0.02,0.07,-3.34992961206e-14,0
950.0,0.02,0.075,2.63882056304e-13,0
950.0,0.025,0.07,4.74880538764e-14,0
950.0,0.025,0.075,3.51773925393e-13,0
950.0,0.03,-0.075,-1.65319824964e-12,0
950.0,0.03,-0.07,-1.06243630955e-12,0
950.0,0.035,-0.075,-1.73165833196e-12,0
950.0,0.035,-0.07,-1.08062860264e-12,0
950.0,0.03,-0.065,-4.91557697348e-13,0
950.0,0.035,-0.065,-4.65863831655e-13,0
950.0,0.03,-0.06,2.49843164552e-14,0
950.0,0.035,-0.06,7.05854316585e-14,0
950.0,0.03,-0.055,3.59128664659e-13,0
950.0,0.035,-0.055,4.23513449892e-13,0
950.0,0.03,-0.05,4.59963024772e-13,0
950.0,0.035,-0.05,5.53931895294e-13,0
950.0,0.03,-0.045,4.23192527737e-13,0
950.0,0.035,-0.045,4.97583872464e-13,0
950.0,0.03,-0.04,3.02134850296e-13,0
950.0,0.035,-0.04,3.51556909069e-13,0
950.0,0.03,-0.035,1.53456500612e-13,0
950.0,0.035,-0.035,1.88584544884e-13,0
950.0,0.03,-0.03,2.84522838411e-14,0
950.0,0.035,-0.03,5.05898073511e-14,0
950.0,0.03,-0.025,-7.8882147569e-14,0
950.0,0.035,-0.025,-6.60237808887e-14,0
950.0,0.03,-0.02,-1.59270972721e-13,0
950.0,0.035,-0.02,-1.5547958346e-13,0
950.0,0.03,-0.015,-2.0659124665e-13,0
950.0,0.035,-0.015,-2.19725397739e-13,0
950.0,0.03,-0.01,-2.11678789067e-13,0
950.0,0.035,-0.01,-2.50666255802e-13,0
950.0,0.03,-0.005,-1.78155393668e-13,0
950.0,0.035,-0.005,-2.44614747928e-13,0
950.0,0.03,0,-5.00711330446e-14,0
950.0,0.035,4.16333634234e-19,-1.62383369299e-13,0
950.0,0.03,0.005,1.65487188677e-13,0
950.0,0.035,0.005,1.78272274466e-15,0
950.0,0.03,0.01,3.96452769887e-13,0
950.0,0.035,0.01,2.34247474662e-13,0
950.0,0.03,0.015,5.2311758438e-13,0
950.0,0.035,0.015,3.83846318158e-13,0
950.0,0.03,0.02,5.45862139237e-13,0
950.0,0.035,0.02,4.18911187271e-13,0
950.0,0.03,0.025,5.46893337082e-13,0
950.0,0.035,0.025,4.37018388174e-13,0
950.0,0.03,0.03,4.75121888296e-13,0
950.0,0.03,0.035,3.14942399488e-13,0
950.0,0.035,0.03,3.92762643385e-13,0
950.0,0.035,0.035,2.59556194905e-13,0
950.0,0.03,0.04,1.33636769415e-13,0
950.0,0.03,0.045,-3.91412751636e-14,0
950.0,0.035,0.04,9.49454035029e-14,0
950.0,0.035,0.045,-6.2880478571e-14,0
950.0,0.03,0.05,-1.97038538586e-13,0
950.0,0.03,0.055,-3.24954034954e-13,0
950.0,0.035,0.05,-1.98194354035e-13,0
950.0,0.035,0.055,-2.88908275022e-13,0
950.0,0.03,0.06,-3.3099604923e-13,0
950.0,0.03,0.065,-1.34318103257e-13,0
950.0,0.035,0.06,-2.4779482026e-13,0
950.0,0.035,0.065,-3.52048569283e-14,0
950.0,0.03,0.07,1.60351724823e-13,0
950.0,0.03,0.075,4.70144525081e-13,0
950.0,0.035,0.07,2.64075176759e-13,0
950.0,0.035,0.075,5.79045705601e-13,0
950.0,0.04,-0.075,-1.32581066529e-12,0
950.0,0.04,-0.07,-7.91550003118e-13,0
950.0,0.045,-0.075,-7.01096861282e-13,0
950.0,0.045,-0.07,-3.84571794266e-13,0
950.0,0.04,-0.065,-2.63886327634e-13,0
950.0,0.045,-0.065,-3.43031742836e-14,0
950.0,0.04,-0.06,1.81898040986e-13,0
950.0,0.045,-0.06,2.54076161367e-13,0
950.0,0.04,-0.055,4.60007631407e-13,0
950.0,0.045,-0.055,4.14797705711e-13,0
950.0,0.04,-0.05,5.39491462911e-13,0
950.0,0.045,-0.05,4.30827558614e-13,0
950.0,0.04,-0.045,4.73888559577e-13,0
950.0,0.045,-0.045,3.81305886878e-13,0
950.0,0.04,-0.04,3.40329094845e-13,0
950.0,0.045,-0.04,2.84451888614e-13,0
950.0,0.04,-0.035,1.9198035979e-13,0
950.0,0.045,-0.035,1.65357961932e-13,0
950.0,0.04,-0.03,5.47654792738e-14,0
950.0,0.045,-0.03,4.28715632527e-14,0
950.0,0.04,-0.025,-6.12527618127e-14,0
950.0,0.045,-0.025,-6.1435392076e-14,0
950.0,0.04,-0.02,-1.51231699336e-13,0
950.0,0.045,-0.02,-1.42805792135e-13,0
950.0,0.04,-0.015,-2.23912953837e-13,0
950.0,0.045,-0.015,-2.15330141373e-13,0
950.0,0.04,-0.01,-2.73663877223e-13,0
950.0,0.045,-0.01,-2.77911682511e-13,0
950.0,0.04,-0.005,-2.95866593384e-13,0
950.0,0.045,-0.005,-3.29411683561e-13,0
950.0,0.04,0,-2.56372759985e-13,0
950.0,0.045,4.16333634234e-19,-3.44201749413e-13,0
950.0,0.04,0.005,-1.45026919434e-13,0
950.0,0.045,0.005,-2.82996661409e-13,0
950.0,0.04,0.01,3.80949701737e-14,0
950.0,0.045,0.01,-1.6786676061e-13,0
950.0,0.04,0.015,1.81980521847e-13,0
950.0,0.045,0.015,-5.29339049653e-14,0
950.0,0.04,0.02,2.30279717403e-13,0
950.0,0.045,0.02,4.96908399695e-15,0
950.0,0.04,0.025,2.65259453812e-13,0
950.0,0.045,0.025,5.15574546581e-14,0
950.0,0.04,0.03,2.50287518357e-13,0
950.0,0.045,0.03,6.71564188355e-14,0
950.0,0.04,0.035,1.54708514354e-13,0
950.0,0.045,0.035,1.6202104494e-14,0
950.0,0.04,0.04,2.06347207686e-14,0
950.0,0.04,0.045,-1.09551407862e-13,0
950.0,0.045,0.04,-7.97242760277e-14,0
950.0,0.045,0.045,-1.69490503438e-13,0
950.0,0.04,0.05,-2.07917503935e-13,0
950.0,0.04,0.055,-2.50309306676e-13,0
950.0,0.045,0.05,-2.15666700697e-13,0
950.0,0.045,0.055,-2.2266349455e-13,0
950.0,0.04,0.06,-1.72463132594e-13,0
950.0,0.04,0.065,4.30032663977e-14,0
950.0,0.045,0.06,-1.35120966012e-13,0
950.0,0.045,0.065,6.98033677173e-14,0
950.0,0.04,0.07,3.2591262391e-13,0
950.0,0.04,0.075,6.19573779041e-13,0
950.0,0.045,0.07,3.08478180126e-13,0
950.0,0.045,0.075,5.46236235379e-13,0
950.0,0.05,-0.075,-1.98033552289e-13,0
950.0,0.05,-0.07,-7.08247408123e-14,0
950.0,0.055,-0.075,7.87278876208e-14,0
950.0,0.055,-0.07,8.53246713414e-14,0
950.0,0.05,-0.065,8.63975648761e-14,0
950.0,0.055,-0.065,1.18383360419e-13,0
950.0,0.05,-0.06,2.35515139225e-13,0
950.0,0.055,-0.06,1.7479883299e-13,0
950.0,0.05,-0.055,3.0941925799e-13,0
950.0,0.055,-0.055,1.92216077546e-13,0
950.0,0.05,-0.05,3.03545795152e-13,0
950.0,0.055,-0.05,1.69354749457e-13,0
950.0,0.05,-0.045,2.62719145296e-13,0
950.0,0.055,-0.045,1.33374724797e-13,0
950.0,0.05,-0.04,1.9218757441e-13,0
950.0,0.055,-0.04,8.60553712409e-14,0
950.0,0.05,-0.035,1.05529820625e-13,0
950.0,0.055,-0.035,2.56121335398e-14,0
950.0,0.05,-0.03,1.58756136462e-14,0
950.0,0.055,-0.03,-2.10729206218e-14,0
950.0,0.05,-0.025,-6.05401994928e-14,0
950.0,0.055,-0.025,-5.33870560047e-14,0
950.0,0.05,-0.02,-1.21919464091e-13,0
950.0,0.055,-0.02,-8.30880312271e-14,0
950.0,0.05,-0.015,-1.82652343749e-13,0
950.0,0.055,-0.015,-1.1712243258e-13,0
950.0,0.05,-0.01,-2.44576364396e-13,0
950.0,0.055,-0.01,-1.58070875906e-13,0
950.0,0.05,-0.005,-3.11380144742e-13,0
950.0,0.055,-0.005,-2.17737560138e-13,0
950.0,0.05,0,-3.83667368366e-13,0
950.0,0.055,4.16333634234e-19,-3.22315406536e-13,0
950.0,0.05,0.005,-4.01563616362e-13,0
950.0,0.055,0.005,-4.26498304885e-13,0
950.0,0.05,0.01,-3.62008808624e-13,0
950.0,0.055,0.01,-4.91484876151e-13,0
950.0,0.05,0.015,-3.0198731624e-13,0
950.0,0.055,0.015,-5.1431611798e-13,0
950.0,0.05,0.02,-2.51566957042e-13,0
950.0,0.055,0.02,-4.96681833827e-13,0
950.0,0.05,0.025,-2.07698914805e-13,0
950.0,0.055,0.025,-4.55243124921e-13,0
950.0,0.05,0.03,-1.83684340811e-13,0
950.0,0.055,0.03,-3.8864405956e-13,0
950.0,0.05,0.035,-1.90789721954e-13,0
950.0,0.055,0.035,-3.1706352541e-13,0
950.0,0.05,0.04,-2.04118116259e-13,0
950.0,0.055,0.04,-2.46095906017e-13,0
950.0,0.05,0.045,-2.0833282888e-13,0
950.0,0.055,0.045,-1.97557645974e-13,0
950.0,0.05,0.05,-2.11114621385e-13,0
950.0,0.05,0.055,-2.05478715132e-13,0
950.0,0.055,0.05,-1.89338296583e-13,0
950.0,0.055,0.055,-1.81228558649e-13,0
950.0,0.05,0.06,-1.33154351781e-13,0
950.0,0.05,0.065,3.34945251467e-14,0
950.0,0.055,0.06,-1.33084831855e-13,0
950.0,0.055,0.065,-1.55046292865e-14,0
950.0,0.05,0.07,2.3939710575e-13,0
950.0,0.05,0.075,4.53406619588e-13,0
950.0,0.055,0.07,1.54077857686e-13,0
950.0,0.055,0.075,3.40854599511e-13,0
950.0,0.06,-0.075,1.3672298689e-13,0
950.0,0.06,-0.07,1.10149539819e-13,0
950.0,0.065,-0.075,1.54497830124e-13,0
950.0,0.065,-0.07,1.01476337289e-13,0
950.0,0.06,-0.065,9.6959727281e-14,0
950.0,0.065,-0.065,5.11461106226e-14,0
950.0,0.06,-0.06,8.70736289272e-14,0
950.0,0.065,-0.06,-1.44254046763e-14,0
950.0,0.06,-0.055,5.42146757154e-14,0
950.0,0.065,-0.055,-1.02119442039e-13,0
950.0,0.06,-0.05,5.91998328391e-15,0
950.0,0.065,-0.05,-1.86824465401e-13,0
950.0,0.06,-0.045,-4.1617002234e-14,0
950.0,0.065,-0.045,-2.6303199664e-13,0
950.0,0.06,-0.04,-8.33138965102e-14,0
950.0,0.065,-0.04,-3.10386719975e-13,0
950.0,0.06,-0.035,-9.73225523059e-14,0
950.0,0.065,-0.035,-2.63411802516e-13,0
950.0,0.06,-0.03,-7.28517208595e-14,0
950.0,0.065,-0.03,-1.44992330166e-13,0
950.0,0.06,-0.025,-3.86486429867e-14,0
950.0,0.065,-0.025,-1.14851142309e-14,0
950.0,0.06,-0.02,-1.41618595449e-14,0
950.0,0.065,-0.02,8.53906900808e-14,0
950.0,0.06,-0.015,-1.27823301681e-15,0
950.0,0.065,-0.015,1.63087941575e-13,0
950.0,0.06,-0.01,-7.33761445073e-15,0
950.0,0.065,-0.01,2.06980657235e-13,0
950.0,0.06,-0.005,-4.37028422752e-14,0
950.0,0.065,-0.005,2.07915387877e-13,0
950.0,0.06,0,-1.40979400219e-13,0
950.0,0.065,4.16333634234e-19,1.57142927793e-13,0
950.0,0.06,0.005,-2.84232962133e-13,0
950.0,0.065,0.005,3.16485112316e-14,0
950.0,0.06,0.01,-4.43620093557e-13,0
950.0,0.065,0.01,-1.79018747405e-13,0
950.0,0.06,0.015,-5.70941171995e-13,0
950.0,0.065,0.015,-3.92742616222e-13,0
950.0,0.06,0.02,-6.1496219534e-13,0
950.0,0.065,0.02,-5.07033317838e-13,0
950.0,0.06,0.025,-5.6256980331e-13,0
950.0,0.065,0.025,-4.69266202834e-13,0
950.0,0.06,0.03,-4.20708622683e-13,0
950.0,0.065,0.03,-3.03632050195e-13,0
950.0,0.06,0.035,-2.57809860915e-13,0
950.0,0.065,0.035,-1.12780055372e-13,0
950.0,0.06,0.04,-1.51166627595e-13,0
950.0,0.065,0.04,1.23970337612e-14,0
950.0,0.06,0.045,-8.41786070768e-14,0
950.0,0.065,0.045,1.03101383219e-13,0
950.0,0.06,0.05,-6.60577341077e-14,0
950.0,0.065,0.05,1.43539129738e-13,0
950.0,0.06,0.055,-7.09245016962e-14,0
950.0,0.065,0.055,1.22195626772e-13,0
950.0,0.06,0.06,-6.82986469398e-14,0
950.0,0.06,0.065,-4.84553416726e-14,0
950.0,0.065,0.06,4.83334026884e-14,0
950.0,0.065,0.065,-6.66709560114e-14,0
950.0,0.06,0.07,-1.44535891718e-14,0
950.0,0.06,0.075,1.91211977691e-14,0
950.0,0.065,0.07,-2.05857145521e-13,0
950.0,0.065,0.075,-3.63117328142e-13,0
950.0,0.07,-0.075,1.4273218062e-13,0
950.0,0.07,-0.07,7.34798394401e-14,0
950.0,0.075,-0.075,1.18636608704e-13,0
950.0,0.075,-0.07,4.13994194803e-14,0
950.0,0.07,-0.065,-7.69486123324e-16,0
950.0,0.075,-0.065,-4.69921897423e-14,0
950.0,0.07,-0.06,-1.10574171221e-13,0
950.0,0.075,-0.06,-1.94493054483e-13,0
950.0,0.07,-0.055,-2.55139421427e-13,0
950.0,0.075,-0.055,-3.91501271046e-13,0
950.0,0.07,-0.05,-4.17687443119e-13,0
950.0,0.075,-0.05,-6.54882689138e-13,0
950.0,0.07,-0.045,-5.45633959136e-13,0
950.0,0.075,-0.045,-8.5081928553e-13,0
950.0,0.07,-0.04,-5.71582496014e-13,0
950.0,0.075,-0.04,-8.49489860325e-13,0
950.0,0.07,-0.035,-4.51229132467e-13,0
950.0,0.075,-0.035,-6.40997503526e-13,0
950.0,0.07,-0.03,-2.46371403559e-13,0
950.0,0.075,-0.03,-3.62863851715e-13,0
950.0,0.07,-0.025,-1.17269949939e-14,0
950.0,0.075,-0.025,-4.02204950747e-14,0
950.0,0.07,-0.02,2.26927408064e-13,0
950.0,0.075,-0.02,3.85339732178e-13,0
950.0,0.07,-0.015,4.08936860696e-13,0
950.0,0.075,-0.015,7.18800181779e-13,0
950.0,0.07,-0.01,5.09096649721e-13,0
950.0,0.075,-0.01,8.70004870428e-13,0
950.0,0.07,-0.005,5.573350739e-13,0
950.0,0.075,-0.005,9.58746839908e-13,0
950.0,0.07,0,5.38142515879e-13,0
950.0,0.075,0,9.63149428086e-13,0
950.0,0.07,0.005,4.35572258882e-13,0
950.0,0.075,0.005,8.74106457586e-13,0
950.0,0.07,0.01,2.07670948313e-13,0
950.0,0.075,0.01,6.28005525944e-13,0
950.0,0.07,0.015,-7.07716325224e-14,0
950.0,0.075,0.015,2.83273537395e-13,0
950.0,0.07,0.02,-2.48942247636e-13,0
950.0,0.075,0.02,3.28548977358e-14,0
950.0,0.07,0.025,-2.49679052514e-13,0
950.0,0.075,0.025,-6.62475076976e-15,0
950.0,0.07,0.03,-9.54498535052e-14,0
950.0,0.075,0.03,1.37005667158e-13,0
950.0,0.07,0.035,9.20416338201e-14,0
950.0,0.075,0.035,3.21620402981e-13,0
950.0,0.07,0.04,2.23604476587e-13,0
950.0,0.075,0.04,4.5667645403e-13,0
950.0,0.07,0.045,3.25838861394e-13,0
950.0,0.075,0.045,5.67580222866e-13,0
950.0,0.07,0.05,3.682554681e-13,0
950.0,0.075,0.05,6.13293025941e-13,0
950.0,0.07,0.055,3.25918598228e-13,0
950.0,0.075,0.055,5.46651615448e-13,0
950.0,0.07,0.06,1.62732367483e-13,0
950.0,0.075,0.06,2.81829159028e-13,0
950.0,0.07,0.065,-8.67598137848e-14,0
950.0,0.075,0.065,-1.07519817673e-13,0
950.0,0.07,0.07,-3.38035714484e-13,0
950.0,0.07,0.075,-5.81614337396e-13,0
950.0,0.075,0.07,-4.4442724004e-13,0
950.0,0.075,0.075,-7.37279474653e-13,0
