frequency_hz,x,y,real_uz,imag_uz
240.0,-0.00382671281566,-0.00202612167119,0,0
240.0,-0.005,-0.005,2.51877097456e-14,0
240.0,-0.00197892066871,-0.00385133392306,0,0
240.0,-0.005,-0.00190753787223,1.54538316432e-14,0
240.0,-0.00433,0,0,0
240.0,-0.00190753787223,-0.005,1.52406078661e-14,0
240.0,0,-0.00433,0,0
240.0,-0.005,0.00190775150599,1.54409545532e-14,0
240.0,-0.00385133392306,0.00197892066871,0,0
240.0,0.00190775150599,-0.005,1.52187032979e-14,0
240.0,0.00202612167119,-0.00382671281566,0,0
240.0,-0.00202612167119,0.00382671281566,0,0
240.0,-0.005,0.005,2.50652805674e-14,0
240.0,-0.0019094272225,0.005,1.52602437691e-14,0
240.0,0,0.00433,0,0
240.0,0.00147766755988,0.00407006125046,0,0
240.0,8.32667268469e-19,0.005,1.16203889067e-14,0
240.0,0.00433,0,0,0
240.0,0.005,1.38777878078e-18,1.13904466107e-14,0
240.0,0.00407006125046,0.00147766755988,0,0
240.0,0.005,-0.005,2.59193970483e-14,0
240.0,0.00385133392306,-0.00197892066871,0,0
240.0,0.005,-0.0019094272225,1.56036384604e-14,0
240.0,0.00306177236254,0.00306177236254,0,0
240.0,0.0019094272225,0.005,1.5414212948e-14,0
240.0,0.005,0.0019094272225,1.56504261581e-14,0
240.0,-0.000885,-0.0015328649647,1.27151177527e-12,0
240.0,-0.0015328649647,-0.000885,1.27163415556e-12,0
240.0,-0.00186450691264,-0.00187567167242,8.43019917861e-13,0
240.0,-0.00177,0,1.27132589312e-12,0
240.0,-0.00268433516245,-0.000738983120158,7.59101999048e-13,0
240.0,0,-0.00177,1.2714734165e-12,0
240.0,-0.000718432264205,-0.00269192408424,7.57395843964e-13,0
240.0,-0.0015328649647,0.000885,1.26982143002e-12,0
240.0,-0.00265321485144,0.000647311733689,7.89884766332e-13,0
240.0,-0.000885,0.0015328649647,1.26819393532e-12,0
240.0,-0.00194719253591,0.00178443766524,8.43946224892e-13,0
240.0,0,0.00177,1.26408779982e-12,0
240.0,-0.000802720381054,0.00273415977115,7.17495793089e-13,0
240.0,0.000885,-0.0015328649647,1.27016226519e-12,0
240.0,0.00075154031863,-0.00270385456952,7.45285936182e-13,0
240.0,0.00177,0,1.26242756979e-12,0
240.0,0.0015328649647,-0.000885,1.26800986198e-12,0
240.0,0.00271471102228,-0.000564731152102,7.60909627104e-13,0
240.0,0.00192394637685,-0.00189207206672,8.10090979881e-13,0
240.0,0.00231817117671,0.00040530921667,9.87904519184e-13,0
240.0,0.0015328649647,0.000885,1.26069394655e-12,0
240.0,0.000885,0.0015328649647,1.26139900265e-12,0
240.0,0.000427053001345,0.00287092483521,6.82185497896e-13,0
240.0,0.00187618296239,0.00184774001435,8.33335261194e-13,0
240.0,0.00312733402203,0.000607809752493,5.1919605848e-13,0
240.0,0.00276214303706,0.00136595635004,5.76856030667e-13,0
240.0,0.0014100336009,0.00268674970267,6.04768162074e-13,0
240.0,-0.075,-0.075,4.05250383856e-13,0
240.0,-0.07,-0.075,3.61143645899e-13,0
240.0,-0.075,-0.07,3.55637682795e-13,0
240.0,-0.07,-0.07,3.13735942318e-13,0
240.0,-0.075,-0.065,3.03293261777e-13,0
240.0,-0.07,-0.065,2.65141882171e-13,0
240.0,-0.065,-0.075,3.14217949774e-13,0
240.0,-0.065,-0.07,2.70539920596e-13,0
240.0,-0.065,-0.065,2.26458997118e-13,0
240.0,-0.075,-0.06,2.47427006252e-13,0
240.0,-0.07,-0.06,2.14339095508e-13,0
240.0,-0.065,-0.06,1.81035909207e-13,0
240.0,-0.075,-0.055,1.88260083838e-13,0
240.0,-0.07,-0.055,1.61350668038e-13,0
240.0,-0.065,-0.055,1.34225456702e-13,0
240.0,-0.075,-0.05,1.268960366e-13,0
240.0,-0.07,-0.05,1.06951575971e-13,0
240.0,-0.065,-0.05,8.66206007074e-14,0
240.0,-0.075,-0.045,6.4832141779e-14,0
240.0,-0.07,-0.045,5.2397003029e-14,0
240.0,-0.065,-0.045,3.92835345526e-14,0
240.0,-0.075,-0.04,3.86460639048e-15,0
240.0,-0.07,-0.04,-8.18083302459e-16,0
240.0,-0.075,-0.035,-5.42071691291e-14,0
240.0,-0.07,-0.035,-5.1165577175e-14,0
240.0,-0.065,-0.04,-6.4874459746e-15,0
240.0,-0.065,-0.035,-4.93719254984e-14,0
240.0,-0.075,-0.03,-1.07734936672e-13,0
240.0,-0.07,-0.03,-9.72788755984e-14,0
240.0,-0.075,-0.025,-1.5526886219e-13,0
240.0,-0.07,-0.025,-1.38040541193e-13,0
240.0,-0.065,-0.03,-8.82533192755e-14,0
240.0,-0.065,-0.025,-1.22339882128e-13,0
240.0,-0.075,-0.02,-1.9567959424e-13,0
240.0,-0.07,-0.02,-1.72553553449e-13,0
240.0,-0.075,-0.015,-2.27951126476e-13,0
240.0,-0.07,-0.015,-2.00107730081e-13,0
240.0,-0.065,-0.02,-1.51079065248e-13,0
240.0,-0.065,-0.015,-1.73992996408e-13,0
240.0,-0.075,-0.01,-2.51374625775e-13,0
240.0,-0.07,-0.01,-2.20069792931e-13,0
240.0,-0.075,-0.005,-2.65289014745e-13,0
240.0,-0.07,-0.005,-2.31966279348e-13,0
240.0,-0.065,-0.01,-1.90638700033e-13,0
240.0,-0.065,-0.005,-2.00568750038e-13,0
240.0,-0.075,0,-2.69407517685e-13,0
240.0,-0.07,0,-2.35458473646e-13,0
240.0,-0.075,0.005,-2.63554469001e-13,0
240.0,-0.07,0.005,-2.30477391912e-13,0
240.0,-0.065,4.16333634234e-19,-2.03489316898e-13,0
240.0,-0.065,0.005,-1.99304495779e-13,0
240.0,-0.075,0.01,-2.47987049358e-13,0
240.0,-0.07,0.01,-2.1716712294e-13,0
240.0,-0.075,0.015,-2.23067320402e-13,0
240.0,-0.07,0.015,-1.95935962108e-13,0
240.0,-0.065,0.01,-1.88178799242e-13,0
240.0,-0.065,0.015,-1.70473432775e-13,0
240.0,-0.075,0.02,-1.89515663603e-13,0
240.0,-0.07,0.02,-1.67313677672e-13,0
240.0,-0.075,0.025,-1.48082371642e-13,0
240.0,-0.07,0.025,-1.31969818403e-13,0
240.0,-0.065,0.02,-1.46691642443e-13,0
240.0,-0.065,0.025,-1.17307697174e-13,0
240.0,-0.075,0.03,-9.98030671226e-14,0
240.0,-0.07,0.03,-9.06315229304e-14,0
240.0,-0.075,0.035,-4.58147898779e-14,0
240.0,-0.07,0.035,-4.41991322049e-14,0
240.0,-0.065,0.03,-8.2809894859e-14,0
240.0,-0.065,0.035,-4.37500146527e-14,0
240.0,-0.075,0.04,1.24359511049e-14,0
240.0,-0.07,0.04,6.21122279288e-15,0
240.0,-0.075,0.045,7.33067527092e-14,0
240.0,-0.07,0.045,5.92370905213e-14,0
240.0,-0.065,0.04,-9.15625649382e-16,0
240.0,-0.065,0.045,4.45735913135e-14,0
240.0,-0.075,0.05,1.35012859832e-13,0
240.0,-0.07,0.05,1.13359136976e-13,0
240.0,-0.075,0.055,1.95781279667e-13,0
240.0,-0.07,0.055,1.67102821146e-13,0
240.0,-0.065,0.05,9.13987296121e-14,0
240.0,-0.065,0.055,1.38278457179e-13,0
240.0,-0.075,0.06,2.54150235108e-13,0
240.0,-0.07,0.06,2.19245166161e-13,0
240.0,-0.075,0.065,3.09060181706e-13,0
240.0,-0.07,0.065,2.69053356705e-13,0
240.0,-0.065,0.06,1.84181422805e-13,0
240.0,-0.065,0.065,2.2855515649e-13,0
240.0,-0.075,0.07,3.60340206055e-13,0
240.0,-0.07,0.07,3.16552409261e-13,0
240.0,-0.075,0.075,4.08833434056e-13,0
240.0,-0.07,0.075,3.6281644969e-13,0
240.0,-0.065,0.07,2.71490251742e-13,0
240.0,-0.065,0.075,3.13972512308e-13,0
240.0,-0.06,-0.075,2.63514967531e-13,0
240.0,-0.06,-0.07,2.24890413676e-13,0
240.0,-0.06,-0.065,1.86213587964e-13,0
240.0,-0.055,-0.075,2.09023687848e-13,0
240.0,-0.055,-0.07,1.76617066193e-13,0
240.0,-0.055,-0.065,1.44208293841e-13,0
240.0,-0.06,-0.06,1.46723447264e-13,0
240.0,-0.06,-0.055,1.06361329864e-13,0
240.0,-0.055,-0.06,1.11252740582e-13,0
240.0,-0.055,-0.055,7.77449383011e-14,0
240.0,-0.06,-0.05,6.56385892558e-14,0
240.0,-0.055,-0.05,4.41213673871e-14,0
240.0,-0.06,-0.045,2.54689328849e-14,0
240.0,-0.055,-0.045,1.11975407405e-14,0
240.0,-0.06,-0.04,-1.2962894013e-14,0
240.0,-0.055,-0.04,-1.99416573943e-14,0
240.0,-0.06,-0.035,-4.84429084133e-14,0
240.0,-0.055,-0.035,-4.80464225953e-14,0
240.0,-0.06,-0.03,-8.00582726075e-14,0
240.0,-0.06,-0.025,-1.07414961005e-13,0
240.0,-0.055,-0.03,-7.23042270643e-14,0
240.0,-0.055,-0.025,-9.28640158212e-14,0
240.0,-0.06,-0.02,-1.30334754631e-13,0
240.0,-0.06,-0.015,-1.48660162155e-13,0
240.0,-0.055,-0.02,-1.09984925527e-13,0
240.0,-0.055,-0.015,-1.2377373989e-13,0
240.0,-0.06,-0.01,-1.62058129978e-13,0
240.0,-0.06,-0.005,-1.7010455557e-13,0
240.0,-0.055,-0.01,-1.34058155628e-13,0
240.0,-0.055,-0.005,-1.40290251873e-13,0
240.0,-0.06,0,-1.72464498843e-13,0
240.0,-0.06,0.005,-1.6905182374e-13,0
240.0,-0.055,4.16333634234e-19,-1.42119025308e-13,0
240.0,-0.055,0.005,-1.39442592019e-13,0
240.0,-0.06,0.01,-1.60013325803e-13,0
240.0,-0.06,0.015,-1.45747842706e-13,0
240.0,-0.055,0.01,-1.32415872774e-13,0
240.0,-0.055,0.015,-1.21443550888e-13,0
240.0,-0.06,0.02,-1.26743993468e-13,0
240.0,-0.06,0.025,-1.03354553321e-13,0
240.0,-0.055,0.02,-1.07151570271e-13,0
240.0,-0.055,0.025,-8.97106612376e-14,0
240.0,-0.06,0.03,-7.57419863844e-14,0
240.0,-0.06,0.035,-4.40825420189e-14,0
240.0,-0.055,0.03,-6.90136736905e-14,0
240.0,-0.055,0.035,-4.48296392715e-14,0
240.0,-0.06,0.04,-8.75673969089e-15,0
240.0,-0.06,0.045,2.9304546407e-14,0
240.0,-0.055,0.04,-1.69733724636e-14,0
240.0,-0.055,0.045,1.37054899234e-14,0
240.0,-0.06,0.05,6.88794583464e-14,0
240.0,-0.06,0.055,1.08799097153e-13,0
240.0,-0.055,0.05,4.59449946471e-14,0
240.0,-0.055,0.055,7.86789491341e-14,0
240.0,-0.06,0.06,1.48180898019e-13,0
240.0,-0.06,0.065,1.86553013551e-13,0
240.0,-0.055,0.06,1.11124411649e-13,0
240.0,-0.055,0.065,1.42882904353e-13,0
240.0,-0.06,0.07,2.24016143975e-13,0
240.0,-0.06,0.075,2.61370985213e-13,0
240.0,-0.055,0.07,1.73997565377e-13,0
240.0,-0.055,0.075,2.05044784917e-13,0
240.0,-0.05,-0.075,1.5157150679e-13,0
240.0,-0.05,-0.07,1.26243507736e-13,0
240.0,-0.045,-0.075,9.23578175362e-14,0
240.0,-0.045,-0.07,7.4747601885e-14,0
240.0,-0.05,-0.065,1.00824545642e-13,0
240.0,-0.045,-0.065,5.68436504717e-14,0
240.0,-0.05,-0.06,7.4972499993e-14,0
240.0,-0.05,-0.055,4.87435308436e-14,0
240.0,-0.045,-0.06,3.85407832323e-14,0
240.0,-0.045,-0.055,1.99661156379e-14,0
240.0,-0.05,-0.05,2.2518657556e-14,0
240.0,-0.05,-0.045,-3.03202705812e-15,0
240.0,-0.045,-0.05,1.45201172691e-15,0
240.0,-0.045,-0.045,-1.64792069202e-14,0
240.0,-0.05,-0.04,-2.69157958321e-14,0
240.0,-0.045,-0.04,-3.30630077856e-14,0
240.0,-0.05,-0.035,-4.77816238967e-14,0
240.0,-0.045,-0.035,-4.69222743137e-14,0
240.0,-0.05,-0.03,-6.47229149432e-14,0
240.0,-0.045,-0.03,-5.69853458194e-14,0
240.0,-0.05,-0.025,-7.87020875841e-14,0
240.0,-0.045,-0.025,-6.52972961533e-14,0
240.0,-0.05,-0.02,-9.02628173493e-14,0
240.0,-0.05,-0.015,-9.96885313187e-14,0
240.0,-0.045,-0.02,-7.20500917956e-14,0
240.0,-0.045,-0.015,-7.74124997929e-14,0
240.0,-0.05,-0.01,-1.06997672291e-13,0
240.0,-0.05,-0.005,-1.11462878265e-13,0
240.0,-0.045,-0.01,-8.17799066083e-14,0
240.0,-0.045,-0.005,-8.43519153433e-14,0
240.0,-0.05,0,-1.12744059148e-13,0
240.0,-0.05,0.005,-1.1081272672e-13,0
240.0,-0.045,4.16333634234e-19,-8.50444428935e-14,0
240.0,-0.045,0.005,-8.38781472604e-14,0
240.0,-0.05,0.01,-1.05748103268e-13,0
240.0,-0.05,0.015,-9.79413751052e-14,0
240.0,-0.045,0.01,-8.08806747335e-14,0
240.0,-0.045,0.015,-7.61841548844e-14,0
240.0,-0.05,0.02,-8.8171493402e-14,0
240.0,-0.05,0.025,-7.63993693557e-14,0
240.0,-0.045,0.02,-7.05958836341e-14,0
240.0,-0.045,0.025,-6.37175129818e-14,0
240.0,-0.05,0.03,-6.23486050079e-14,0
240.0,-0.05,0.035,-4.55243608951e-14,0
240.0,-0.045,0.03,-5.54130782711e-14,0
240.0,-0.045,0.035,-4.55228696462e-14,0
240.0,-0.05,0.04,-2.50129932066e-14,0
240.0,-0.05,0.045,-1.69330818076e-15,0
240.0,-0.045,0.04,-3.20677583502e-14,0
240.0,-0.045,0.045,-1.61383862964e-14,0
240.0,-0.05,0.05,2.30750511152e-14,0
240.0,-0.05,0.055,4.83176137481e-14,0
240.0,-0.045,0.05,9.13810203832e-16,0
240.0,-0.045,0.055,1.83535643281e-14,0
240.0,-0.05,0.06,7.33966343833e-14,0
240.0,-0.05,0.065,9.79669928126e-14,0
240.0,-0.045,0.06,3.56915664909e-14,0
240.0,-0.045,0.065,5.26293127756e-14,0
240.0,-0.05,0.07,1.22005563419e-13,0
240.0,-0.05,0.075,1.4587772657e-13,0
240.0,-0.045,0.07,6.90674130951e-14,0
240.0,-0.045,0.075,8.51269547843e-14,0
240.0,-0.04,-0.075,3.2928568161e-14,0
240.0,-0.04,-0.07,2.33569237632e-14,0
240.0,-0.035,-0.075,-2.50732775648e-14,0
240.0,-0.035,-0.07,-2.65772477346e-14,0
240.0,-0.04,-0.065,1.32601720064e-14,0
240.0,-0.035,-0.065,-2.88495164984e-14,0
240.0,-0.04,-0.06,2.76084926548e-15,0
240.0,-0.035,-0.06,-3.15414275528e-14,0
240.0,-0.04,-0.055,-7.92699587164e-15,0
240.0,-0.035,-0.055,-3.43508842931e-14,0
240.0,-0.04,-0.05,-1.850402874e-14,0
240.0,-0.04,-0.045,-2.8568967175e-14,0
240.0,-0.035,-0.05,-3.70223710343e-14,0
240.0,-0.035,-0.045,-3.9294601289e-14,0
240.0,-0.04,-0.04,-3.75210869726e-14,0
240.0,-0.04,-0.035,-4.43762418386e-14,0
240.0,-0.035,-0.04,-4.09164471511e-14,0
240.0,-0.035,-0.035,-4.16198215121e-14,0
240.0,-0.04,-0.03,-4.91991260705e-14,0
240.0,-0.035,-0.03,-4.17702891351e-14,0
240.0,-0.04,-0.025,-5.30457036737e-14,0
240.0,-0.035,-0.025,-4.15641777699e-14,0
240.0,-0.04,-0.02,-5.59468140404e-14,0
240.0,-0.035,-0.02,-4.10182132439e-14,0
240.0,-0.04,-0.015,-5.7981318328e-14,0
240.0,-0.035,-0.015,-4.01960438047e-14,0
240.0,-0.04,-0.01,-5.91234514278e-14,0
240.0,-0.04,-0.005,-5.96618258137e-14,0
240.0,-0.035,-0.01,-3.89396804716e-14,0
240.0,-0.035,-0.005,-3.79800510114e-14,0
240.0,-0.04,0,-5.97327399206e-14,0
240.0,-0.04,0.005,-5.93309022224e-14,0
240.0,-0.035,4.16333634234e-19,-3.75605415665e-14,0
240.0,-0.035,0.005,-3.77599008949e-14,0
240.0,-0.04,0.01,-5.84978754598e-14,0
240.0,-0.04,0.015,-5.71315981231e-14,0
240.0,-0.035,0.01,-3.85256562438e-14,0
240.0,-0.035,0.015,-3.96383409114e-14,0
240.0,-0.04,0.02,-5.4956953285e-14,0
240.0,-0.04,0.025,-5.20149864403e-14,0
240.0,-0.035,0.02,-4.04065533819e-14,0
240.0,-0.035,0.025,-4.0983450906e-14,0
240.0,-0.04,0.03,-4.82524021153e-14,0
240.0,-0.04,0.035,-4.36510756739e-14,0
240.0,-0.035,0.03,-4.13321784431e-14,0
240.0,-0.035,0.035,-4.14535205447e-14,0
240.0,-0.04,0.04,-3.72649348665e-14,0
240.0,-0.04,0.045,-2.90509559565e-14,0
240.0,-0.035,0.04,-4.12558454106e-14,0
240.0,-0.035,0.045,-4.04259703215e-14,0
240.0,-0.04,0.05,-1.99496233195e-14,0
240.0,-0.04,0.055,-1.05287137065e-14,0
240.0,-0.035,0.05,-3.91779215955e-14,0
240.0,-0.035,0.055,-3.77241118822e-14,0
240.0,-0.04,0.06,-1.15492378537e-15,0
240.0,-0.04,0.065,7.90378060275e-15,0
240.0,-0.035,0.06,-3.62901070379e-14,0
240.0,-0.035,0.065,-3.50991376466e-14,0
240.0,-0.04,0.07,1.64578693287e-14,0
240.0,-0.04,0.075,2.43932835568e-14,0
240.0,-0.035,0.07,-3.44320524315e-14,0
240.0,-0.035,0.075,-3.46326611454e-14,0
240.0,-0.03,-0.075,-7.99852511514e-14,0
240.0,-0.03,-0.07,-7.36893306604e-14,0
240.0,-0.025,-0.075,-1.30174388127e-13,0
240.0,-0.025,-0.07,-1.16671582542e-13,0
240.0,-0.03,-0.065,-6.84118181276e-14,0
240.0,-0.025,-0.065,-1.04397874416e-13,0
240.0,-0.03,-0.06,-6.35743629715e-14,0
240.0,-0.025,-0.06,-9.26058054854e-14,0
240.0,-0.03,-0.055,-5.88139005902e-14,0
240.0,-0.025,-0.055,-8.0861978499e-14,0
240.0,-0.03,-0.05,-5.39223067348e-14,0
240.0,-0.025,-0.05,-6.90480111689e-14,0
240.0,-0.03,-0.045,-4.88632293814e-14,0
240.0,-0.025,-0.045,-5.73260466197e-14,0
240.0,-0.03,-0.04,-4.37608723316e-14,0
240.0,-0.03,-0.035,-3.89961822982e-14,0
240.0,-0.025,-0.04,-4.61900980681e-14,0
240.0,-0.025,-0.035,-3.65406836837e-14,0
240.0,-0.03,-0.03,-3.48119127769e-14,0
240.0,-0.03,-0.025,-3.08369160908e-14,0
240.0,-0.025,-0.03,-2.84434351145e-14,0
240.0,-0.025,-0.025,-2.10426302561e-14,0
240.0,-0.03,-0.02,-2.71112599722e-14,0
240.0,-0.025,-0.02,-1.44041124271e-14,0
240.0,-0.03,-0.015,-2.37267666692e-14,0
240.0,-0.025,-0.015,-8.62930195015e-15,0
240.0,-0.03,-0.01,-2.086919723e-14,0
240.0,-0.025,-0.01,-4.12390288163e-15,0
240.0,-0.03,-0.005,-1.89295985608e-14,0
240.0,-0.025,-0.005,-1.26945687779e-15,0
240.0,-0.03,0,-1.82050600748e-14,0
240.0,-0.03,0.005,-1.87979715313e-14,0
240.0,-0.025,4.16333634234e-19,-2.70478356696e-16,0
240.0,-0.025,0.005,-1.21925161292e-15,0
240.0,-0.03,0.01,-2.06293898264e-14,0
240.0,-0.03,0.015,-2.34242269728e-14,0
240.0,-0.025,0.01,-4.03783151859e-15,0
240.0,-0.025,0.015,-8.53810755625e-15,0
240.0,-0.03,0.02,-2.6807848274e-14,0
240.0,-0.03,0.025,-3.06122435105e-14,0
240.0,-0.025,0.02,-1.43504609239e-14,0
240.0,-0.025,0.025,-2.10906696746e-14,0
240.0,-0.03,0.03,-3.47669388834e-14,0
240.0,-0.03,0.035,-3.92495318295e-14,0
240.0,-0.025,0.03,-2.86832470349e-14,0
240.0,-0.025,0.035,-3.70830842324e-14,0
240.0,-0.03,0.04,-4.45439956314e-14,0
240.0,-0.03,0.045,-5.04622166813e-14,0
240.0,-0.025,0.04,-4.72555154405e-14,0
240.0,-0.025,0.045,-5.91998934976e-14,0
240.0,-0.03,0.05,-5.65776272613e-14,0
240.0,-0.03,0.055,-6.27247902038e-14,0
240.0,-0.025,0.05,-7.19815869181e-14,0
240.0,-0.025,0.055,-8.50632631108e-14,0
240.0,-0.03,0.06,-6.89005216658e-14,0
240.0,-0.03,0.065,-7.52805097851e-14,0
240.0,-0.025,0.06,-9.82405222864e-14,0
240.0,-0.025,0.065,-1.11595240255e-13,0
240.0,-0.03,0.07,-8.22059145688e-14,0
240.0,-0.03,0.075,-9.02536881965e-14,0
240.0,-0.025,0.07,-1.25538208877e-13,0
240.0,-0.025,0.075,-1.40814270232e-13,0
240.0,-0.02,-0.075,-1.74194329435e-13,0
240.0,-0.02,-0.07,-1.54300880195e-13,0
240.0,-0.015,-0.075,-2.10671116151e-13,0
240.0,-0.015,-0.07,-1.85507873734e-13,0
240.0,-0.02,-0.065,-1.35866102828e-13,0
240.0,-0.015,-0.065,-1.61959516095e-13,0
240.0,-0.02,-0.06,-1.17945627894e-13,0
240.0,-0.015,-0.06,-1.3898657387e-13,0
240.0,-0.02,-0.055,-1.00083231649e-13,0
240.0,-0.015,-0.055,-1.16077187079e-13,0
240.0,-0.02,-0.05,-8.22112823725e-14,0
240.0,-0.015,-0.05,-9.32389205502e-14,0
240.0,-0.02,-0.045,-6.46805275672e-14,0
240.0,-0.015,-0.045,-7.09444503896e-14,0
240.0,-0.02,-0.04,-4.82784406251e-14,0
240.0,-0.015,-0.04,-5.01742277696e-14,0
240.0,-0.02,-0.035,-3.43143585857e-14,0
240.0,-0.015,-0.035,-3.25256763085e-14,0
240.0,-0.02,-0.03,-2.28156748816e-14,0
240.0,-0.02,-0.025,-1.24339617008e-14,0
240.0,-0.015,-0.03,-1.80898026916e-14,0
240.0,-0.015,-0.025,-5.2020172498e-15,0
240.0,-0.02,-0.02,-3.29012172608e-15,0
240.0,-0.02,-0.015,4.4871646007e-15,0
240.0,-0.015,-0.02,5.91390557415e-15,0
240.0,-0.015,-0.015,1.49507792055e-14,0
240.0,-0.02,-0.01,1.04375729736e-14,0
240.0,-0.015,-0.01,2.14314412975e-14,0
240.0,-0.02,-0.005,1.40425686042e-14,0
240.0,-0.015,-0.005,2.51598104487e-14,0
240.0,-0.02,0,1.52207702193e-14,0
240.0,-0.015,4.16333634234e-19,2.63160365716e-14,0
240.0,-0.02,0.005,1.39990513691e-14,0
240.0,-0.015,0.005,2.49644239866e-14,0
240.0,-0.02,0.01,1.03548749405e-14,0
240.0,-0.02,0.015,4.36563218259e-15,0
240.0,-0.015,0.01,2.10968203552e-14,0
240.0,-0.015,0.015,1.45475172461e-14,0
240.0,-0.02,0.02,-3.45748491613e-15,0
240.0,-0.02,0.025,-1.26867565642e-14,0
240.0,-0.015,0.02,5.50830093999e-15,0
240.0,-0.015,0.025,-5.61173446486e-15,0
240.0,-0.02,0.03,-2.32337779905e-14,0
240.0,-0.02,0.035,-3.50045605433e-14,0
240.0,-0.015,0.03,-1.85777004276e-14,0
240.0,-0.015,0.035,-3.31974203104e-14,0
240.0,-0.02,0.04,-4.9446730866e-14,0
240.0,-0.02,0.045,-6.66205240787e-14,0
240.0,-0.015,0.04,-5.12278846084e-14,0
240.0,-0.015,0.045,-7.27190345171e-14,0
240.0,-0.02,0.05,-8.51896707414e-14,0
240.0,-0.02,0.055,-1.04320918849e-13,0
240.0,-0.015,0.05,-9.60221340479e-14,0
240.0,-0.015,0.055,-1.20099537505e-13,0
240.0,-0.02,0.06,-1.23614761788e-13,0
240.0,-0.02,0.065,-1.43098287319e-13,0
240.0,-0.015,0.06,-1.44423706207e-13,0
240.0,-0.015,0.065,-1.68942451474e-13,0
240.0,-0.02,0.07,-1.63201292251e-13,0
240.0,-0.02,0.075,-1.84864343037e-13,0
240.0,-0.015,0.07,-1.94137980721e-13,0
240.0,-0.015,0.075,-2.21041416921e-13,0
240.0,-0.01,-0.075,-2.38552280155e-13,0
240.0,-0.01,-0.07,-2.09354781753e-13,0
240.0,-0.005,-0.075,-2.56878106129e-13,0
240.0,-0.005,-0.07,-2.25122436675e-13,0
240.0,-0.01,-0.065,-1.81956233415e-13,0
240.0,-0.005,-0.065,-1.95250091087e-13,0
240.0,-0.01,-0.06,-1.55171705937e-13,0
240.0,-0.005,-0.06,-1.66055972691e-13,0
240.0,-0.01,-0.055,-1.28489868293e-13,0
240.0,-0.005,-0.055,-1.36983416707e-13,0
240.0,-0.01,-0.05,-1.01938262196e-13,0
240.0,-0.005,-0.05,-1.08103324085e-13,0
240.0,-0.01,-0.045,-7.60981555954e-14,0
240.0,-0.005,-0.045,-8.00382601738e-14,0
240.0,-0.01,-0.04,-5.20878974158e-14,0
240.0,-0.005,-0.04,-5.3967771327e-14,0
240.0,-0.01,-0.035,-3.16099228214e-14,0
240.0,-0.005,-0.035,-3.1616114937e-14,0
240.0,-0.01,-0.03,-1.47418389891e-14,0
240.0,-0.005,-0.03,-1.31302501393e-14,0
240.0,-0.01,-0.025,6.08081976161e-17,0
240.0,-0.005,-0.025,2.68898549938e-15,0
240.0,-0.01,-0.02,1.25137787916e-14,0
240.0,-0.01,-0.015,2.20165558871e-14,0
240.0,-0.005,-0.02,1.56680755226e-14,0
240.0,-0.005,-0.015,2.51338073669e-14,0
240.0,-0.0117873230072,-0.0115873794689,2.45091589779e-14,0
240.0,-0.00939961996336,-0.005,2.99286989704e-14,0
240.0,-0.00792797428371,-0.00964253216809,2.90952415151e-14,0
240.0,-0.005,-0.00939961996336,2.91364983193e-14,0
240.0,-0.0108753492546,-0.00150606400588,3.00137694783e-14,0
240.0,-0.00818101620308,-0.00211452602544,2.82764009727e-14,0
240.0,-0.00651817360753,-0.000255934956239,2.28058408839e-14,0
240.0,-0.005,6.71033969428e-08,1.14502220948e-14,0
240.0,-0.0107292118043,0.00160660295843,2.9931628604e-14,0
240.0,-0.0080188992252,0.000768320427092,2.73966911554e-14,0
240.0,-0.00939946851065,0.005,2.96352753773e-14,0
240.0,-0.00802129342231,0.00264911934363,2.81994547745e-14,0
240.0,-0.00887989370213,0.00887989479405,2.86286773891e-14,0
240.0,-0.01,0.015,2.14069504316e-14,0
240.0,-0.005,0.00939947397025,2.87193758011e-14,0
240.0,-0.005,0.015,2.46635196246e-14,0
240.0,-0.01,0.02,1.20007565344e-14,0
240.0,-0.01,0.025,-3.06535660146e-16,0
240.0,-0.005,0.02,1.54226728607e-14,0
240.0,-0.005,0.025,2.79497198557e-15,0
240.0,-0.01,0.03,-1.50388248041e-14,0
240.0,-0.01,0.035,-3.19552393373e-14,0
240.0,-0.005,0.03,-1.27985759398e-14,0
240.0,-0.005,0.035,-3.13198669115e-14,0
240.0,-0.01,0.04,-5.27625585915e-14,0
240.0,-0.01,0.045,-7.74729438676e-14,0
240.0,-0.005,0.04,-5.40638586146e-14,0
240.0,-0.005,0.045,-8.08267868523e-14,0
240.0,-0.01,0.05,-1.04298423758e-13,0
240.0,-0.01,0.055,-1.32063272315e-13,0
240.0,-0.005,0.05,-1.09849494132e-13,0
240.0,-0.005,0.055,-1.39909628704e-13,0
240.0,-0.01,0.06,-1.60132351953e-13,0
240.0,-0.01,0.065,-1.88431551694e-13,0
240.0,-0.005,0.06,-1.70333404347e-13,0
240.0,-0.005,0.065,-2.00999859902e-13,0
240.0,-0.01,0.07,-2.17438285973e-13,0
240.0,-0.01,0.075,-2.48325013683e-13,0
240.0,-0.005,0.07,-2.32427502182e-13,0
240.0,-0.005,0.075,-2.65802441776e-13,0
240.0,0,-0.075,-2.65103601155e-13,0
240.0,0,-0.07,-2.32261009231e-13,0
240.0,0.005,-0.075,-2.62798652061e-13,0
240.0,0.005,-0.07,-2.30487562232e-13,0
240.0,0,-0.065,-2.01413165161e-13,0
240.0,0.005,-0.065,-2.00167971473e-13,0
240.0,0,-0.06,-1.7127184659e-13,0
240.0,0.005,-0.06,-1.70603201819e-13,0
240.0,0,-0.055,-1.41292496662e-13,0
240.0,0.005,-0.055,-1.41210412968e-13,0
240.0,0,-0.05,-1.11524425427e-13,0
240.0,0.005,-0.05,-1.12037712088e-13,0
240.0,0,-0.045,-8.26114736931e-14,0
240.0,0.005,-0.045,-8.36860877733e-14,0
240.0,0,-0.04,-5.57506567214e-14,0
240.0,0.005,-0.04,-5.7328113452e-14,0
240.0,0,-0.035,-3.2646035346e-14,0
240.0,0.005,-0.035,-3.47657910923e-14,0
240.0,0,-0.03,-1.35062371459e-14,0
240.0,0.005,-0.03,-1.61244515301e-14,0
240.0,0,-0.025,2.67811585361e-15,0
240.0,0.005,-0.025,3.19468318414e-17,0
240.0,0,-0.02,1.57875986805e-14,0
240.0,0.005,-0.02,1.35430554568e-14,0
240.0,0,-0.015,2.53487873067e-14,0
240.0,0.005,-0.015,2.39997036147e-14,0
240.0,-0.0021196717084,-0.00776771017156,2.61745368003e-14,0
240.0,-0.00084550708518,-0.00631514607954,2.10033493822e-14,0
240.0,6.71033969406e-08,-0.005,1.1757662797e-14,0
240.0,-0.00139054260708,-0.0110960807567,2.84825131583e-14,0
240.0,0.00132468676756,-0.00775008274642,2.56893602588e-14,0
240.0,0.00160394440688,-0.0116908851489,2.82165144179e-14,0
240.0,0.005,-0.00939946851065,2.9263349158e-14,0
240.0,0.005,0.005,2.52190201025e-14,0
240.0,-0.000107646311398,0.00617659695633,2.00963680173e-14,0
240.0,-0.00190846935279,0.0076427502668,2.55408131251e-14,0
240.0,0.00131146485568,0.00777290068297,2.52188607948e-14,0
240.0,0.00295884413402,0.00640276348073,2.38846592524e-14,0
240.0,-1.21517769428e-05,0.0108932602996,2.79689031789e-14,0
240.0,0,0.015,2.51291483832e-14,0
240.0,0.005,0.00939942566771,2.86354177229e-14,0
240.0,0.005,0.015,2.39552440177e-14,0
240.0,0,0.02,1.59836063811e-14,0
240.0,0,0.025,3.4081539053e-15,0
240.0,0.005,0.02,1.41203670887e-14,0
240.0,0.005,0.025,1.18258757161e-15,0
240.0,0,0.03,-1.24435297319e-14,0
240.0,0,0.035,-3.16860441047e-14,0
240.0,0.005,0.03,-1.45929068657e-14,0
240.0,0.005,0.035,-3.31749915041e-14,0
240.0,0,0.04,-5.51837966599e-14,0
240.0,0,0.045,-8.26867811257e-14,0
240.0,0.005,0.04,-5.60200036289e-14,0
240.0,0.005,0.045,-8.29595437888e-14,0
240.0,0,0.05,-1.12513453061e-13,0
240.0,0,0.055,-1.43421375896e-13,0
240.0,0.005,0.05,-1.12176901663e-13,0
240.0,0.005,0.055,-1.42447806983e-13,0
240.0,0,0.06,-1.74709689569e-13,0
240.0,0,0.065,-2.06273682938e-13,0
240.0,0.005,0.06,-1.73105798438e-13,0
240.0,0.005,0.065,-2.04039834319e-13,0
240.0,0,0.07,-2.38613435874e-13,0
240.0,0,0.075,-2.7299206416e-13,0
240.0,0.005,0.07,-2.35782044774e-13,0
240.0,0.005,0.075,-2.69537128191e-13,0
240.0,0.01,-0.075,-2.50000788232e-13,0
240.0,0.01,-0.07,-2.1971897696e-13,0
240.0,0.015,-0.075,-2.26884688946e-13,0
240.0,0.015,-0.07,-2.00162193135e-13,0
240.0,0.01,-0.065,-1.91447715894e-13,0
240.0,0.015,-0.065,-1.75355908222e-13,0
240.0,0.01,-0.06,-1.6394094113e-13,0
240.0,0.015,-0.06,-1.51344632127e-13,0
240.0,0.01,-0.055,-1.36638986326e-13,0
240.0,0.015,-0.055,-1.27549113573e-13,0
240.0,0.01,-0.05,-1.09524438061e-13,0
240.0,0.015,-0.05,-1.03914371977e-13,0
240.0,0.01,-0.045,-8.31394315699e-14,0
240.0,0.015,-0.045,-8.08463255062e-14,0
240.0,0.01,-0.04,-5.85861201658e-14,0
240.0,0.015,-0.04,-5.92649408393e-14,0
240.0,0.01,-0.035,-3.76187307267e-14,0
240.0,0.015,-0.035,-4.07022856482e-14,0
240.0,0.01,-0.03,-2.02249491773e-14,0
240.0,0.015,-0.03,-2.51662223911e-14,0
240.0,0.01,-0.025,-4.70201545712e-15,0
240.0,0.015,-0.025,-1.10513093413e-14,0
240.0,0.01,-0.02,8.7854757986e-15,0
240.0,0.01,-0.015,2.00776103463e-14,0
240.0,0.015,-0.02,1.60174045667e-15,0
240.0,0.015,-0.015,1.294565756e-14,0
240.0,0.00999280436795,-0.0116358337096,2.5898734616e-14,0
240.0,0.0105889214373,-0.00845762197625,2.93091517894e-14,0
240.0,0.015,-0.01,2.22698544398e-14,0
240.0,0.00939947397025,-0.005,3.21741826081e-14,0
240.0,0.015,-0.005,2.83554039399e-14,0
240.0,0.00658051136513,-0.00296146438142,2.79710911767e-14,0
240.0,0.00636794669772,-3.54305826484e-06,2.4401467734e-14,0
240.0,0.00795807888052,-0.00113999998936,3.07719309347e-14,0
240.0,0.00758147027913,0.00183630393596,2.9719043467e-14,0
240.0,0.0112534647756,-1.47536350887e-07,3.40361121637e-14,0
240.0,0.015,4.16333634234e-19,3.06771084732e-14,0
240.0,0.00939942566771,0.005,3.16461635861e-14,0
240.0,0.015,0.005,2.8309739123e-14,0
240.0,0.00999018807453,0.0109670628501,2.66119353469e-14,0
240.0,0.01,0.015,2.03739728737e-14,0
240.0,0.015,0.01,2.25271970688e-14,0
240.0,0.015,0.015,1.37986584516e-14,0
240.0,0.01,0.02,9.78377826888e-15,0
240.0,0.01,0.025,-3.14755206764e-15,0
240.0,0.015,0.02,3.08034957616e-15,0
240.0,0.015,0.025,-9.02501185474e-15,0
240.0,0.01,0.03,-1.82698060382e-14,0
240.0,0.01,0.035,-3.5449477033e-14,0
240.0,0.015,0.03,-2.26939441494e-14,0
240.0,0.015,0.035,-3.79182232661e-14,0
240.0,0.01,0.04,-5.65278084951e-14,0
240.0,0.01,0.045,-8.15792028349e-14,0
240.0,0.015,0.04,-5.64624653561e-14,0
240.0,0.015,0.045,-7.84662373426e-14,0
240.0,0.01,0.05,-1.08779901185e-13,0
240.0,0.01,0.055,-1.3695455298e-13,0
240.0,0.015,0.05,-1.02312732866e-13,0
240.0,0.015,0.055,-1.26981037612e-13,0
240.0,0.01,0.06,-1.65480511217e-13,0
240.0,0.01,0.065,-1.94302901163e-13,0
240.0,0.015,0.06,-1.51964954957e-13,0
240.0,0.015,0.065,-1.77239794629e-13,0
240.0,0.01,0.07,-2.23924690426e-13,0
240.0,0.01,0.075,-2.55554716383e-13,0
240.0,0.015,0.07,-2.03324160323e-13,0
240.0,0.015,0.075,-2.31299133645e-13,0
240.0,0.02,-0.075,-1.9409719358e-13,0
240.0,0.02,-0.07,-1.722388587e-13,0
240.0,0.025,-0.075,-1.52441327497e-13,0
240.0,0.025,-0.07,-1.36655522125e-13,0
240.0,0.02,-0.065,-1.52214947498e-13,0
240.0,0.025,-0.065,-1.22522787841e-13,0
240.0,0.02,-0.06,-1.3298448865e-13,0
240.0,0.025,-0.06,-1.09197160422e-13,0
240.0,0.02,-0.055,-1.1401539773e-13,0
240.0,0.025,-0.055,-9.61703553571e-14,0
240.0,0.02,-0.05,-9.51600984881e-14,0
240.0,0.025,-0.05,-8.32494989429e-14,0
240.0,0.02,-0.045,-7.6672006742e-14,0
240.0,0.025,-0.045,-7.04771503954e-14,0
240.0,0.02,-0.04,-5.9199930716e-14,0
240.0,0.025,-0.04,-5.81641629861e-14,0
240.0,0.02,-0.035,-4.38872092849e-14,0
240.0,0.025,-0.035,-4.69482071507e-14,0
240.0,0.02,-0.03,-3.08442430707e-14,0
240.0,0.025,-0.03,-3.70373763352e-14,0
240.0,0.02,-0.025,-1.88497147942e-14,0
240.0,0.025,-0.025,-2.78163590341e-14,0
240.0,0.02,-0.02,-7.87745894513e-15,0
240.0,0.025,-0.02,-1.93464069358e-14,0
240.0,0.02,-0.015,2.26525159702e-15,0
240.0,0.025,-0.015,-1.15896880885e-14,0
240.0,0.02,-0.01,1.08999979812e-14,0
240.0,0.025,-0.01,-5.27919576777e-15,0
240.0,0.02,-0.005,1.65382033768e-14,0
240.0,0.025,-0.005,-9.08863805702e-16,0
240.0,0.02,0,1.8610953017e-14,0
240.0,0.025,4.16333634234e-19,9.43151777267e-16,0
240.0,0.02,0.005,1.68011003885e-14,0
240.0,0.025,0.005,-5.81237499957e-16,0
240.0,0.02,0.01,1.162544511e-14,0
240.0,0.025,0.01,-4.40290675586e-15,0
240.0,0.02,0.015,3.5981366049e-15,0
240.0,0.025,0.015,-9.99067957251e-15,0
240.0,0.02,0.02,-5.95483500049e-15,0
240.0,0.02,0.025,-1.63539113327e-14,0
240.0,0.025,0.02,-1.70872974849e-14,0
240.0,0.025,0.025,-2.49076185457e-14,0
240.0,0.02,0.03,-2.78202082812e-14,0
240.0,0.02,0.035,-4.04374410684e-14,0
240.0,0.025,0.03,-3.34742734673e-14,0
240.0,0.025,0.035,-4.28259379573e-14,0
240.0,0.02,0.04,-5.5650427614e-14,0
240.0,0.02,0.045,-7.35220758523e-14,0
240.0,0.025,0.04,-5.39116350894e-14,0
240.0,0.025,0.045,-6.66824361258e-14,0
240.0,0.02,0.05,-9.27916579423e-14,0
240.0,0.02,0.055,-1.12672541665e-13,0
240.0,0.025,0.05,-8.02841771384e-14,0
240.0,0.025,0.055,-9.42390850464e-14,0
240.0,0.02,0.06,-1.32801500911e-13,0
240.0,0.02,0.065,-1.53243077245e-13,0
240.0,0.025,0.06,-1.08392919061e-13,0
240.0,0.025,0.065,-1.22869569371e-13,0
240.0,0.02,0.07,-1.74471283766e-13,0
240.0,0.02,0.075,-1.97488317916e-13,0
240.0,0.025,0.07,-1.38129166356e-13,0
240.0,0.025,0.075,-1.54982339425e-13,0
240.0,0.03,-0.075,-1.03143052556e-13,0
240.0,0.03,-0.07,-9.43341826197e-14,0
240.0,0.035,-0.075,-4.75896635157e-14,0
240.0,0.035,-0.07,-4.64451062989e-14,0
240.0,0.03,-0.065,-8.69899920475e-14,0
240.0,0.035,-0.065,-4.65048526986e-14,0
240.0,0.03,-0.06,-8.04384112586e-14,0
240.0,0.035,-0.06,-4.73374658393e-14,0
240.0,0.03,-0.055,-7.42529269349e-14,0
240.0,0.035,-0.055,-4.85932561336e-14,0
240.0,0.03,-0.05,-6.81728524832e-14,0
240.0,0.035,-0.05,-4.99870579706e-14,0
240.0,0.03,-0.045,-6.20825855167e-14,0
240.0,0.035,-0.045,-5.12419817303e-14,0
240.0,0.03,-0.04,-5.59189424361e-14,0
240.0,0.035,-0.04,-5.20380388379e-14,0
240.0,0.03,-0.035,-4.96606674268e-14,0
240.0,0.035,-0.035,-5.17459873249e-14,0
240.0,0.03,-0.03,-4.35100988092e-14,0
240.0,0.035,-0.03,-5.00344665973e-14,0
240.0,0.03,-0.025,-3.76358161596e-14,0
240.0,0.035,-0.025,-4.80121517373e-14,0
240.0,0.03,-0.02,-3.22719624831e-14,0
240.0,0.035,-0.02,-4.61354805844e-14,0
240.0,0.03,-0.015,-2.74441729058e-14,0
240.0,0.035,-0.015,-4.42793643956e-14,0
240.0,0.03,-0.01,-2.34947337449e-14,0
240.0,0.035,-0.01,-4.26313772089e-14,0
240.0,0.03,-0.005,-2.05488245272e-14,0
240.0,0.035,-0.005,-4.1216212004e-14,0
240.0,0.03,0,-1.91701523286e-14,0
240.0,0.035,4.16333634234e-19,-4.03639453247e-14,0
240.0,0.03,0.005,-2.00649366935e-14,0
240.0,0.035,0.005,-4.05133314858e-14,0
240.0,0.03,0.01,-2.24117025135e-14,0
240.0,0.035,0.01,-4.12165732978e-14,0
240.0,0.03,0.015,-2.56305205283e-14,0
240.0,0.035,0.015,-4.21157076343e-14,0
240.0,0.03,0.02,-2.97332278364e-14,0
240.0,0.035,0.02,-4.32240283741e-14,0
240.0,0.03,0.025,-3.43769681133e-14,0
240.0,0.035,0.025,-4.43752040479e-14,0
240.0,0.03,0.03,-3.94392439333e-14,0
240.0,0.03,0.035,-4.48880025412e-14,0
240.0,0.035,0.03,-4.5475619959e-14,0
240.0,0.035,0.035,-4.64747037222e-14,0
240.0,0.03,0.04,-5.11137345028e-14,0
240.0,0.03,0.045,-5.78961826843e-14,0
240.0,0.035,0.04,-4.71162986046e-14,0
240.0,0.035,0.045,-4.71136322182e-14,0
240.0,0.03,0.05,-6.48886223524e-14,0
240.0,0.03,0.055,-7.19900435942e-14,0
240.0,0.035,0.05,-4.67487878317e-14,0
240.0,0.035,0.055,-4.62892948542e-14,0
240.0,0.03,0.06,-7.92440725678e-14,0
240.0,0.03,0.065,-8.68689200993e-14,0
240.0,0.035,0.06,-4.59991015467e-14,0
240.0,0.035,0.065,-4.61351998794e-14,0
240.0,0.03,0.07,-9.52531280477e-14,0
240.0,0.03,0.075,-1.05040257578e-13,0
240.0,0.035,0.07,-4.70200355135e-14,0
240.0,0.035,0.075,-4.90564328639e-14,0
240.0,0.04,-0.075,1.25318373053e-14,0
240.0,0.04,-0.07,5.65944536527e-15,0
240.0,0.045,-0.075,7.54256691926e-14,0
240.0,0.045,-0.07,6.04835381547e-14,0
240.0,0.04,-0.065,-2.13942822143e-15,0
240.0,0.045,-0.065,4.49013926732e-14,0
240.0,0.04,-0.06,-1.06722506068e-14,0
240.0,0.045,-0.06,2.86221274662e-14,0
240.0,0.04,-0.055,-1.96868403521e-14,0
240.0,0.045,-0.055,1.17998986583e-14,0
240.0,0.04,-0.05,-2.88648542393e-14,0
240.0,0.045,-0.05,-5.22375512934e-15,0
240.0,0.04,-0.045,-3.78010498163e-14,0
240.0,0.045,-0.045,-2.19238576398e-14,0
240.0,0.04,-0.04,-4.58961969528e-14,0
240.0,0.045,-0.04,-3.75867815572e-14,0
240.0,0.04,-0.035,-5.21990520943e-14,0
240.0,0.045,-0.035,-5.11784343788e-14,0
240.0,0.04,-0.03,-5.6339414298e-14,0
240.0,0.045,-0.03,-6.19037433175e-14,0
240.0,0.04,-0.025,-5.90276804493e-14,0
240.0,0.045,-0.025,-7.01549913093e-14,0
240.0,0.04,-0.02,-6.07533377567e-14,0
240.0,0.045,-0.02,-7.58502638093e-14,0
240.0,0.04,-0.015,-6.18943131817e-14,0
240.0,0.045,-0.015,-8.01594421694e-14,0
240.0,0.04,-0.01,-6.251043743e-14,0
240.0,0.045,-0.01,-8.31856410675e-14,0
240.0,0.04,-0.005,-6.25966413841e-14,0
240.0,0.045,-0.005,-8.48306378043e-14,0
240.0,0.04,0,-6.2270914323e-14,0
240.0,0.045,4.16333634234e-19,-8.50847817729e-14,0
240.0,0.04,0.005,-6.16642747521e-14,0
240.0,0.045,0.005,-8.36445570591e-14,0
240.0,0.04,0.01,-6.07060814194e-14,0
240.0,0.045,0.01,-8.09696038254e-14,0
240.0,0.04,0.015,-5.9241532644e-14,0
240.0,0.045,0.015,-7.69942401666e-14,0
240.0,0.04,0.02,-5.72421720863e-14,0
240.0,0.045,0.02,-7.16881906607e-14,0
240.0,0.04,0.025,-5.46443426249e-14,0
240.0,0.045,0.025,-6.50427050719e-14,0
240.0,0.04,0.03,-5.13684801612e-14,0
240.0,0.045,0.03,-5.69220456983e-14,0
240.0,0.04,0.035,-4.73738580237e-14,0
240.0,0.045,0.035,-4.73146505247e-14,0
240.0,0.04,0.04,-4.1695095583e-14,0
240.0,0.04,0.045,-3.4242982466e-14,0
240.0,0.045,0.04,-3.43782081913e-14,0
240.0,0.045,0.045,-1.91046231842e-14,0
240.0,0.04,0.05,-2.60046023426e-14,0
240.0,0.04,0.055,-1.75920973314e-14,0
240.0,0.045,0.05,-2.8762276108e-15,0
240.0,0.045,0.055,1.35616782911e-14,0
240.0,0.04,0.06,-9.39681033774e-15,0
240.0,0.04,0.065,-1.71150128922e-15,0
240.0,0.045,0.06,2.97100305537e-14,0
240.0,0.045,0.065,4.52575947641e-14,0
240.0,0.04,0.07,5.24282557683e-15,0
240.0,0.04,0.075,1.13035443209e-14,0
240.0,0.045,0.07,6.00861573841e-14,0
240.0,0.045,0.075,7.42845452805e-14,0
240.0,0.05,-0.075,1.39236617092e-13,0
240.0,0.05,-0.07,1.16482841201e-13,0
240.0,0.055,-0.075,2.02171809093e-13,0
240.0,0.055,-0.07,1.72200097808e-13,0
240.0,0.05,-0.065,9.33505701374e-14,0
240.0,0.055,-0.065,1.41998455392e-13,0
240.0,0.05,-0.06,6.95205265142e-14,0
240.0,0.055,-0.06,1.11008975978e-13,0
240.0,0.05,-0.055,4.50495894987e-14,0
240.0,0.055,-0.055,7.91998381211e-14,0
240.0,0.05,-0.05,2.03075382682e-14,0
240.0,0.055,-0.05,4.6965074068e-14,0
240.0,0.05,-0.045,-4.08054397036e-15,0
240.0,0.055,-0.045,1.50451528336e-14,0
240.0,0.05,-0.04,-2.72542271898e-14,0
240.0,0.055,-0.04,-1.55898433937e-14,0
240.0,0.05,-0.035,-4.81834311387e-14,0
240.0,0.055,-0.035,-4.38429340258e-14,0
240.0,0.05,-0.03,-6.59729272345e-14,0
240.0,0.055,-0.03,-6.87615812098e-14,0
240.0,0.05,-0.025,-8.03328970598e-14,0
240.0,0.055,-0.025,-8.97036215617e-14,0
240.0,0.05,-0.02,-9.12606628803e-14,0
240.0,0.055,-0.02,-1.06457758951e-13,0
240.0,0.05,-0.015,-9.950416373e-14,0
240.0,0.055,-0.015,-1.19294632186e-13,0
240.0,0.05,-0.01,-1.05330773299e-13,0
240.0,0.055,-0.01,-1.28359979914e-13,0
240.0,0.05,-0.005,-1.08692721825e-13,0
240.0,0.055,-0.005,-1.33611300873e-13,0
240.0,0.05,0,-1.09428463642e-13,0
240.0,0.055,4.16333634234e-19,-1.34916252031e-13,0
240.0,0.05,0.005,-1.07339275438e-13,0
240.0,0.055,0.005,-1.32184968657e-13,0
240.0,0.05,0.01,-1.02780598335e-13,0
240.0,0.055,0.01,-1.25662235491e-13,0
240.0,0.05,0.015,-9.59141892314e-14,0
240.0,0.055,0.015,-1.15556633946e-13,0
240.0,0.05,0.02,-8.6750109856e-14,0
240.0,0.055,0.02,-1.01958427349e-13,0
240.0,0.05,0.025,-7.5265397105e-14,0
240.0,0.055,0.025,-8.49216174402e-14,0
240.0,0.05,0.03,-6.13316965981e-14,0
240.0,0.055,0.03,-6.44431973359e-14,0
240.0,0.05,0.035,-4.46572832303e-14,0
240.0,0.055,0.035,-4.04574535521e-14,0
240.0,0.05,0.04,-2.45027319481e-14,0
240.0,0.055,0.04,-1.29438481388e-14,0
240.0,0.05,0.045,-1.75032454453e-15,0
240.0,0.055,0.045,1.719029002e-14,0
240.0,0.05,0.05,2.22383778646e-14,0
240.0,0.05,0.055,4.64966223131e-14,0
240.0,0.055,0.05,4.86693867046e-14,0
240.0,0.055,0.055,8.04289846938e-14,0
240.0,0.05,0.06,7.03898928278e-14,0
240.0,0.05,0.065,9.35741257731e-14,0
240.0,0.055,0.06,1.11696769454e-13,0
240.0,0.055,0.065,1.42083529872e-13,0
240.0,0.05,0.07,1.16021527005e-13,0
240.0,0.05,0.075,1.38083147092e-13,0
240.0,0.055,0.07,1.71641968029e-13,0
240.0,0.055,0.075,2.00953034415e-13,0
240.0,0.06,-0.075,2.62766363919e-13,0
240.0,0.06,-0.07,2.26421388728e-13,0
240.0,0.065,-0.075,3.19941965135e-13,0
240.0,0.065,-0.07,2.78401001763e-13,0
240.0,0.06,-0.065,1.8984729762e-13,0
240.0,0.065,-0.065,2.36319473033e-13,0
240.0,0.06,-0.06,1.52236647047e-13,0
240.0,0.065,-0.06,1.92683209772e-13,0
240.0,0.06,-0.055,1.13477846845e-13,0
240.0,0.065,-0.055,1.47374904933e-13,0
240.0,0.06,-0.05,7.4019762485e-14,0
240.0,0.065,-0.05,1.00921381499e-13,0
240.0,0.06,-0.045,3.47076113909e-14,0
240.0,0.065,-0.045,5.43263499883e-14,0
240.0,0.06,-0.04,-3.34739357672e-15,0
240.0,0.065,-0.04,8.86243847579e-15,0
240.0,0.06,-0.035,-3.89490013623e-14,0
240.0,0.065,-0.035,-3.40997775095e-14,0
240.0,0.06,-0.03,-7.09925872209e-14,0
240.0,0.065,-0.03,-7.32682556538e-14,0
240.0,0.06,-0.025,-9.86317266854e-14,0
240.0,0.065,-0.025,-1.07570247347e-13,0
240.0,0.06,-0.02,-1.21362095807e-13,0
240.0,0.065,-0.02,-1.36232605768e-13,0
240.0,0.06,-0.015,-1.39041199848e-13,0
240.0,0.065,-0.015,-1.58762142983e-13,0
240.0,0.06,-0.01,-1.51577274495e-13,0
240.0,0.065,-0.01,-1.74861321707e-13,0
240.0,0.06,-0.005,-1.58885587124e-13,0
240.0,0.065,-0.005,-1.84308210905e-13,0
240.0,0.06,0,-1.60849743232e-13,0
240.0,0.065,4.16333634234e-19,-1.86994289647e-13,0
240.0,0.06,0.005,-1.57466020668e-13,0
240.0,0.065,0.005,-1.82913616516e-13,0
240.0,0.06,0.01,-1.48889632708e-13,0
240.0,0.065,0.01,-1.7222203152e-13,0
240.0,0.06,0.015,-1.35348912095e-13,0
240.0,0.065,0.015,-1.55156265514e-13,0
240.0,0.06,0.02,-1.17029948424e-13,0
240.0,0.065,0.02,-1.32038168457e-13,0
240.0,0.06,0.025,-9.41429441525e-14,0
240.0,0.065,0.025,-1.03231601391e-13,0
240.0,0.06,0.03,-6.68834705616e-14,0
240.0,0.065,0.03,-6.92133240312e-14,0
240.0,0.06,0.035,-3.55436311891e-14,0
240.0,0.065,0.035,-3.06033478762e-14,0
240.0,0.06,0.04,-6.28087501768e-16,0
240.0,0.065,0.04,1.1721792753e-14,0
240.0,0.06,0.045,3.6856744048e-14,0
240.0,0.065,0.045,5.65710460984e-14,0
240.0,0.06,0.05,7.56566248119e-14,0
240.0,0.065,0.05,1.02584652108e-13,0
240.0,0.06,0.055,1.14597773446e-13,0
240.0,0.065,0.055,1.4846569137e-13,0
240.0,0.06,0.06,1.52804268223e-13,0
240.0,0.06,0.065,1.89820543039e-13,0
240.0,0.065,0.06,1.93187863183e-13,0
240.0,0.065,0.065,2.362155678e-13,0
240.0,0.06,0.07,2.25766918384e-13,0
240.0,0.06,0.075,2.6146647956e-13,0
240.0,0.065,0.07,2.77667583049e-13,0
240.0,0.065,0.075,3.18565605942e-13,0
240.0,0.07,-0.075,3.73503014627e-13,0
240.0,0.07,-0.07,3.28127568082e-13,0
240.0,0.075,-0.075,4.24267663598e-13,0
240.0,0.075,-0.07,3.76640077423e-13,0
240.0,0.07,-0.065,2.81450806384e-13,0
240.0,0.075,-0.065,3.26165781963e-13,0
240.0,0.07,-0.06,2.32355418726e-13,0
240.0,0.075,-0.06,2.7195358148e-13,0
240.0,0.07,-0.055,1.80783456961e-13,0
240.0,0.075,-0.055,2.14138834646e-13,0
240.0,0.07,-0.05,1.27441031907e-13,0
240.0,0.075,-0.05,1.5375699769e-13,0
240.0,0.07,-0.045,7.35410001757e-14,0
240.0,0.075,-0.045,9.22696093924e-14,0
240.0,0.07,-0.04,2.05800361249e-14,0
240.0,0.075,-0.04,3.14865477991e-14,0
240.0,0.07,-0.035,-2.98418867643e-14,0
240.0,0.075,-0.035,-2.67093497955e-14,0
240.0,0.07,-0.03,-7.62003047425e-14,0
240.0,0.075,-0.03,-8.05251068429e-14,0
240.0,0.07,-0.025,-1.1717392165e-13,0
240.0,0.075,-0.025,-1.28335908198e-13,0
240.0,0.07,-0.02,-1.51716078873e-13,0
240.0,0.075,-0.02,-1.68881633902e-13,0
240.0,0.07,-0.015,-1.79080554833e-13,0
240.0,0.075,-0.015,-2.01113641085e-13,0
240.0,0.07,-0.01,-1.9873332303e-13,0
240.0,0.075,-0.01,-2.24393921886e-13,0
240.0,0.07,-0.005,-2.10358766669e-13,0
240.0,0.075,-0.005,-2.38190235314e-13,0
240.0,0.07,0,-2.13765945688e-13,0
240.0,0.075,0,-2.42347175297e-13,0
240.0,0.07,0.005,-2.08968959577e-13,0
240.0,0.075,0.005,-2.36761639234e-13,0
240.0,0.07,0.01,-1.96105019254e-13,0
240.0,0.075,0.01,-2.21693789216e-13,0
240.0,0.07,0.015,-1.75495966886e-13,0
240.0,0.075,0.015,-1.97434681738e-13,0
240.0,0.07,0.02,-1.4755113737e-13,0
240.0,0.075,0.02,-1.64606931348e-13,0
240.0,0.07,0.025,-1.12846578471e-13,0
240.0,0.075,0.025,-1.23880930993e-13,0
240.0,0.07,0.03,-7.20904519334e-14,0
240.0,0.075,0.03,-7.62652155069e-14,0
240.0,0.07,0.035,-2.62171300143e-14,0
240.0,0.075,0.035,-2.29190084022e-14,0
240.0,0.07,0.04,2.3590579037e-14,0
240.0,0.075,0.04,3.4655518282e-14,0
240.0,0.07,0.045,7.59080230735e-14,0
240.0,0.075,0.045,9.47601767757e-14,0
240.0,0.07,0.05,1.29171996579e-13,0
240.0,0.075,0.05,1.55564098256e-13,0
240.0,0.07,0.055,1.81888565701e-13,0
240.0,0.075,0.055,2.1527359377e-13,0
240.0,0.07,0.06,2.32835291755e-13,0
240.0,0.075,0.06,2.72425197095e-13,0
240.0,0.07,0.065,2.81298277631e-13,0
240.0,0.075,0.065,3.2597962041e-13,0
240.0,0.07,0.07,3.27334269203e-13,0
240.0,0.07,0.075,3.72062990693e-13,0
240.0,0.075,0.07,3.75798532282e-13,0
240.0,0.075,0.075,4.22773869096e-13,0
242.0,-0.00382671281566,-0.00202612167119,0,0
242.0,-0.005,-0.005,2.53285861854e-14,0
242.0,-0.00197892066871,-0.00385133392306,0,0
242.0,-0.005,-0.00190753787223,1.5472879739e-14,0
242.0,-0.00433,0,0,0
242.0,-0.00190753787223,-0.005,1.52721426515e-14,0
242.0,0,-0.00433,0,0
242.0,-0.005,0.00190775150599,1.54607426173e-14,0
242.0,-0.00385133392306,0.00197892066871,0,0
242.0,0.00190775150599,-0.005,1.52520643494e-14,0
242.0,0.00202612167119,-0.00382671281566,0,0
242.0,-0.00202612167119,0.00382671281566,0,0
242.0,-0.005,0.005,2.52123653827e-14,0
242.0,-0.0019094272225,0.005,1.52924324498e-14,0
242.0,0,0.00433,0,0
242.0,0.00147766755988,0.00407006125046,0,0
242.0,8.32667268469e-19,0.005,1.16378491282e-14,0
242.0,0.00433,0,0,0
242.0,0.005,1.38777878078e-18,1.13915820999e-14,0
242.0,0.00407006125046,0.00147766755988,0,0
242.0,0.005,-0.005,2.60519677925e-14,0
242.0,0.00385133392306,-0.00197892066871,0,0
242.0,0.005,-0.0019094272225,1.56120184394e-14,0
242.0,0.00306177236254,0.00306177236254,0,0
242.0,0.0019094272225,0.005,1.54475562792e-14,0
242.0,0.005,0.0019094272225,1.56594102248e-14,0
242.0,-0.000885,-0.0015328649647,1.27151206955e-12,0
242.0,-0.0015328649647,-0.000885,1.27163444991e-12,0
242.0,-0.00186450691264,-0.00187567167242,8.43020111442e-13,0
242.0,-0.00177,0,1.27132618725e-12,0
242.0,-0.00268433516245,-0.000738983120158,7.59102173073e-13,0
242.0,0,-0.00177,1.27147371052e-12,0
242.0,-0.000718432264205,-0.00269192408424,7.5739601753e-13,0
242.0,-0.0015328649647,0.000885,1.26982172355e-12,0
242.0,-0.00265321485144,0.000647311733689,7.89884947384e-13,0
242.0,-0.000885,0.0015328649647,1.26819422792e-12,0
242.0,-0.00194719253591,0.00178443766524,8.43946418302e-13,0
242.0,0,0.00177,1.26408809079e-12,0
242.0,-0.000802720381054,0.00273415977115,7.17495956779e-13,0
242.0,0.000885,-0.0015328649647,1.27016255863e-12,0
242.0,0.00075154031863,-0.00270385456952,7.45286106803e-13,0
242.0,0.00177,0,1.26242786035e-12,0
242.0,0.0015328649647,-0.000885,1.26801015442e-12,0
242.0,0.00271471102228,-0.000564731152102,7.60909800712e-13,0
242.0,0.00192394637685,-0.00189207206672,8.1009116533e-13,0
242.0,0.00231817117671,0.00040530921667,9.87904744762e-13,0
242.0,0.0015328649647,0.000885,1.26069423612e-12,0
242.0,0.000885,0.0015328649647,1.2613992924e-12,0
242.0,0.000427053001345,0.00287092483521,6.82185653047e-13,0
242.0,0.00187618296239,0.00184774001435,8.33335450814e-13,0
242.0,0.00312733402203,0.000607809752493,5.19196175922e-13,0
242.0,0.00276214303706,0.00136595635004,5.76856161342e-13,0
242.0,0.0014100336009,0.00268674970267,6.0476829915e-13,0
242.0,-0.075,-0.075,3.72558537115e-13,0
242.0,-0.07,-0.075,3.31898979504e-13,0
242.0,-0.075,-0.07,3.26738772349e-13,0
242.0,-0.07,-0.07,2.88149171439e-13,0
242.0,-0.075,-0.065,2.78352427172e-13,0
242.0,-0.07,-0.065,2.43284079676e-13,0
242.0,-0.065,-0.075,2.88590767076e-13,0
242.0,-0.065,-0.07,2.48342953705e-13,0
242.0,-0.065,-0.065,2.0771755694e-13,0
242.0,-0.075,-0.06,2.2665099081e-13,0
242.0,-0.07,-0.06,1.9633682606e-13,0
242.0,-0.065,-0.06,1.65824984416e-13,0
242.0,-0.075,-0.055,1.71831493618e-13,0
242.0,-0.07,-0.055,1.47318222619e-13,0
242.0,-0.065,-0.055,1.22611190941e-13,0
242.0,-0.075,-0.05,1.14917298113e-13,0
242.0,-0.07,-0.05,9.69428481568e-14,0
242.0,-0.065,-0.05,7.8618734351e-14,0
242.0,-0.075,-0.045,5.73006807263e-14,0
242.0,-0.07,-0.045,4.63752843499e-14,0
242.0,-0.065,-0.045,3.48302978851e-14,0
242.0,-0.075,-0.04,6.55831471988e-16,0
242.0,-0.07,-0.04,-2.99327031318e-15,0
242.0,-0.075,-0.035,-5.33377450552e-14,0
242.0,-0.07,-0.035,-4.97382135566e-14,0
242.0,-0.065,-0.04,-7.54895938283e-15,0
242.0,-0.065,-0.035,-4.72894265659e-14,0
242.0,-0.075,-0.03,-1.03138584008e-13,0
242.0,-0.07,-0.03,-9.2582040486e-14,0
242.0,-0.075,-0.025,-1.4738808225e-13,0
242.0,-0.07,-0.025,-1.30477644594e-13,0
242.0,-0.065,-0.03,-8.334849361e-14,0
242.0,-0.065,-0.025,-1.14982939406e-13,0
242.0,-0.075,-0.02,-1.85024830692e-13,0
242.0,-0.07,-0.02,-1.62581126673e-13,0
242.0,-0.075,-0.015,-2.15092363776e-13,0
242.0,-0.07,-0.015,-1.88222721476e-13,0
242.0,-0.065,-0.02,-1.41671310513e-13,0
242.0,-0.065,-0.015,-1.62960838925e-13,0
242.0,-0.075,-0.01,-2.36921161032e-13,0
242.0,-0.07,-0.01,-2.06803897289e-13,0
242.0,-0.075,-0.005,-2.4988751029e-13,0
242.0,-0.07,-0.005,-2.17877095063e-13,0
242.0,-0.065,-0.01,-1.78431785034e-13,0
242.0,-0.065,-0.005,-1.87660712758e-13,0
242.0,-0.075,0,-2.53719754733e-13,0
242.0,-0.07,0,-2.21122063335e-13,0
242.0,-0.075,0.005,-2.48252966476e-13,0
242.0,-0.07,0.005,-2.16473945937e-13,0
242.0,-0.065,4.16333634234e-19,-1.90369958911e-13,0
242.0,-0.065,0.005,-1.86468968316e-13,0
242.0,-0.075,0.01,-2.33730000354e-13,0
242.0,-0.07,0.01,-2.04069312047e-13,0
242.0,-0.075,0.015,-2.1049452712e-13,0
242.0,-0.07,0.015,-1.84294854124e-13,0
242.0,-0.065,0.01,-1.76113736898e-13,0
242.0,-0.065,0.015,-1.59646121005e-13,0
242.0,-0.075,0.02,-1.79227043874e-13,0
242.0,-0.07,0.02,-1.57651962752e-13,0
242.0,-0.075,0.025,-1.4063691961e-13,0
242.0,-0.07,0.025,-1.2477397489e-13,0
242.0,-0.065,0.02,-1.37542737638e-13,0
242.0,-0.065,0.025,-1.1025332093e-13,0
242.0,-0.075,0.03,-9.56995578027e-14,0
242.0,-0.07,0.03,-8.63471134027e-14,0
242.0,-0.075,0.035,-4.54838251084e-14,0
242.0,-0.07,0.035,-4.3218645128e-14,0
242.0,-0.065,0.03,-7.82408947674e-14,0
242.0,-0.065,0.035,-4.20265685337e-14,0
242.0,-0.075,0.04,8.65506530965e-15,0
242.0,-0.07,0.04,3.56562820721e-15,0
242.0,-0.075,0.045,6.51817755347e-14,0
242.0,-0.07,0.045,5.27325856148e-14,0
242.0,-0.065,0.04,-2.34977436593e-15,0
242.0,-0.065,0.045,3.97442631696e-14,0
242.0,-0.075,0.05,1.22431614263e-13,0
242.0,-0.07,0.05,1.02866717644e-13,0
242.0,-0.075,0.055,1.78753472267e-13,0
242.0,-0.07,0.055,1.52597089167e-13,0
242.0,-0.065,0.05,8.3028058154e-14,0
242.0,-0.065,0.055,1.26313333473e-13,0
242.0,-0.075,0.06,2.32789739595e-13,0
242.0,-0.07,0.06,2.00790487256e-13,0
242.0,-0.075,0.065,2.83559571434e-13,0
242.0,-0.07,0.065,2.46772884876e-13,0
242.0,-0.065,0.06,1.68647354356e-13,0
242.0,-0.065,0.065,2.09526402216e-13,0
242.0,-0.075,0.07,3.30913859854e-13,0
242.0,-0.07,0.07,2.90579191206e-13,0
242.0,-0.075,0.075,3.75650990587e-13,0
242.0,-0.07,0.075,3.33224792288e-13,0
242.0,-0.065,0.07,2.4904760761e-13,0
242.0,-0.065,0.075,2.88144135744e-13,0
242.0,-0.06,-0.075,2.41727161416e-13,0
242.0,-0.06,-0.07,2.06224672068e-13,0
242.0,-0.06,-0.065,1.70677188482e-13,0
242.0,-0.055,-0.075,1.91286976967e-13,0
242.0,-0.055,-0.07,1.61623531941e-13,0
242.0,-0.055,-0.065,1.31966211011e-13,0
242.0,-0.06,-0.06,1.34361408654e-13,0
242.0,-0.06,-0.055,9.72091423872e-14,0
242.0,-0.055,-0.06,1.01793292084e-13,0
242.0,-0.055,-0.055,7.10849469294e-14,0
242.0,-0.06,-0.05,5.96850455784e-14,0
242.0,-0.055,-0.05,4.02332122746e-14,0
242.0,-0.06,-0.045,2.26304397827e-14,0
242.0,-0.055,-0.045,9.98536804374e-15,0
242.0,-0.06,-0.04,-1.28574160487e-14,0
242.0,-0.055,-0.04,-1.86580069859e-14,0
242.0,-0.06,-0.035,-4.5650661499e-14,0
242.0,-0.055,-0.035,-4.45377671567e-14,0
242.0,-0.06,-0.03,-7.48965705342e-14,0
242.0,-0.06,-0.025,-1.00222570927e-13,0
242.0,-0.055,-0.03,-6.68939362937e-14,0
242.0,-0.055,-0.025,-8.58560167065e-14,0
242.0,-0.06,-0.02,-1.21455987439e-13,0
242.0,-0.06,-0.015,-1.38443834341e-13,0
242.0,-0.055,-0.02,-1.01657646268e-13,0
242.0,-0.055,-0.015,-1.14393588069e-13,0
242.0,-0.06,-0.01,-1.50869753581e-13,0
242.0,-0.06,-0.005,-1.58332758545e-13,0
242.0,-0.055,-0.01,-1.23900270309e-13,0
242.0,-0.055,-0.005,-1.2966223397e-13,0
242.0,-0.06,0,-1.60516543346e-13,0
242.0,-0.06,0.005,-1.57340050908e-13,0
242.0,-0.055,4.16333634234e-19,-1.31348264409e-13,0
242.0,-0.055,0.005,-1.28862504483e-13,0
242.0,-0.06,0.01,-1.48942193498e-13,0
242.0,-0.06,0.015,-1.35700066945e-13,0
242.0,-0.055,0.01,-1.22351498977e-13,0
242.0,-0.055,0.015,-1.12197780788e-13,0
242.0,-0.06,0.02,-1.18075726299e-13,0
242.0,-0.06,0.025,-9.6404343122e-14,0
242.0,-0.055,0.02,-9.89898909579e-14,0
242.0,-0.055,0.025,-8.2889496603e-14,0
242.0,-0.06,0.03,-7.08440122947e-14,0
242.0,-0.06,0.035,-4.15660256131e-14,0
242.0,-0.055,0.03,-6.38020323578e-14,0
242.0,-0.055,0.035,-4.15206696822e-14,0
242.0,-0.06,0.04,-8.93087463891e-15,0
242.0,-0.06,0.045,2.61917957682e-14,0
242.0,-0.055,0.04,-1.58835278262e-14,0
242.0,-0.055,0.045,1.23140323832e-14,0
242.0,-0.06,0.05,6.26673980111e-14,0
242.0,-0.06,0.055,9.94144436202e-14,0
242.0,-0.055,0.05,4.19023414538e-14,0
242.0,-0.055,0.055,7.18993253387e-14,0
242.0,-0.06,0.06,1.35621766981e-13,0
242.0,-0.06,0.065,1.70862558773e-13,0
242.0,-0.055,0.06,1.01589192224e-13,0
242.0,-0.055,0.065,1.30616299126e-13,0
242.0,-0.06,0.07,2.05244891091e-13,0
242.0,-0.06,0.075,2.39529188831e-13,0
242.0,-0.055,0.07,1.59036238568e-13,0
242.0,-0.055,0.075,1.87400483351e-13,0
242.0,-0.05,-0.075,1.3803447115e-13,0
242.0,-0.05,-0.07,1.15018505098e-13,0
242.0,-0.045,-0.075,8.30827335417e-14,0
242.0,-0.045,-0.07,6.7314669088e-14,0
242.0,-0.05,-0.065,9.19291754107e-14,0
242.0,-0.045,-0.065,5.12863406645e-14,0
242.0,-0.05,-0.06,6.84333386513e-14,0
242.0,-0.05,-0.055,4.45663921254e-14,0
242.0,-0.045,-0.06,3.488471544e-14,0
242.0,-0.045,-0.055,1.82093580981e-14,0
242.0,-0.05,-0.05,2.066605887e-14,0
242.0,-0.05,-0.045,-2.66015284342e-15,0
242.0,-0.045,-0.05,1.5485168033e-15,0
242.0,-0.045,-0.045,-1.46325113452e-14,0
242.0,-0.05,-0.04,-2.4500639112e-14,0
242.0,-0.045,-0.04,-2.96413004703e-14,0
242.0,-0.05,-0.035,-4.36065286253e-14,0
242.0,-0.045,-0.035,-4.22128765749e-14,0
242.0,-0.05,-0.03,-5.91267410311e-14,0
242.0,-0.045,-0.03,-5.13308251932e-14,0
242.0,-0.05,-0.025,-7.19374789435e-14,0
242.0,-0.045,-0.025,-5.88574806456e-14,0
242.0,-0.05,-0.02,-8.25362771346e-14,0
242.0,-0.05,-0.015,-9.11836139025e-14,0
242.0,-0.045,-0.02,-6.49643025047e-14,0
242.0,-0.045,-0.015,-6.98023002243e-14,0
242.0,-0.05,-0.01,-9.79000391628e-14,0
242.0,-0.05,-0.005,-1.0200479985e-13,0
242.0,-0.045,-0.01,-7.3754072252e-14,0
242.0,-0.045,-0.005,-7.60825808607e-14,0
242.0,-0.05,0,-1.03177338335e-13,0
242.0,-0.05,0.005,-1.01390841666e-13,0
242.0,-0.045,4.16333634234e-19,-7.67032552202e-14,0
242.0,-0.045,0.005,-7.56343299045e-14,0
242.0,-0.05,0.01,-9.6720626133e-14,0
242.0,-0.05,0.015,-8.95362648027e-14,0
242.0,-0.045,0.01,-7.29034816564e-14,0
242.0,-0.045,0.015,-6.86411581486e-14,0
242.0,-0.05,0.02,-8.05661491828e-14,0
242.0,-0.05,0.025,-6.9769097557e-14,0
242.0,-0.045,0.02,-6.35899760334e-14,0
242.0,-0.045,0.025,-5.73637105613e-14,0
242.0,-0.05,0.03,-5.68921296064e-14,0
242.0,-0.05,0.035,-4.14838411785e-14,0
242.0,-0.045,0.03,-4.98428632824e-14,0
242.0,-0.045,0.035,-4.08864551486e-14,0
242.0,-0.05,0.04,-2.27156901107e-14,0
242.0,-0.05,0.045,-1.41458264767e-15,0
242.0,-0.045,0.04,-2.86964621191e-14,0
242.0,-0.045,0.045,-1.43085017697e-14,0
242.0,-0.05,0.05,2.11638014306e-14,0
242.0,-0.05,0.055,4.41261307928e-14,0
242.0,-0.045,0.05,1.03774368532e-15,0
242.0,-0.045,0.055,1.6678199876e-14,0
242.0,-0.05,0.06,6.68961450513e-14,0
242.0,-0.05,0.065,8.91705109121e-14,0
242.0,-0.045,0.06,3.21793516884e-14,0
242.0,-0.045,0.065,4.72853804913e-14,0
242.0,-0.05,0.07,1.10945241615e-13,0
242.0,-0.05,0.075,1.32575273274e-13,0
242.0,-0.045,0.07,6.19231408837e-14,0
242.0,-0.045,0.075,7.62206227779e-14,0
242.0,-0.04,-0.075,2.78717885018e-14,0
242.0,-0.04,-0.07,1.9653195528e-14,0
242.0,-0.035,-0.075,-2.60653651421e-14,0
242.0,-0.035,-0.07,-2.67066517159e-14,0
242.0,-0.04,-0.065,1.09594939531e-14,0
242.0,-0.035,-0.065,-2.80497685891e-14,0
242.0,-0.04,-0.06,1.88948520851e-15,0
242.0,-0.035,-0.06,-2.97861138159e-14,0
242.0,-0.04,-0.055,-7.37916661363e-15,0
242.0,-0.035,-0.055,-3.16582274476e-14,0
242.0,-0.04,-0.05,-1.65928851527e-14,0
242.0,-0.04,-0.045,-2.54051738643e-14,0
242.0,-0.035,-0.05,-3.34576062975e-14,0
242.0,-0.035,-0.045,-3.49733187223e-14,0
242.0,-0.04,-0.04,-3.32835014419e-14,0
242.0,-0.04,-0.035,-3.93381617898e-14,0
242.0,-0.035,-0.04,-3.60033838338e-14,0
242.0,-0.035,-0.035,-3.63287908241e-14,0
242.0,-0.04,-0.03,-4.35900526114e-14,0
242.0,-0.035,-0.03,-3.62409946703e-14,0
242.0,-0.04,-0.025,-4.69647332827e-14,0
242.0,-0.035,-0.025,-3.58557338224e-14,0
242.0,-0.04,-0.02,-4.94864716922e-14,0
242.0,-0.035,-0.02,-3.5185838357e-14,0
242.0,-0.04,-0.015,-5.12171940172e-14,0
242.0,-0.035,-0.015,-3.42816225578e-14,0
242.0,-0.04,-0.01,-5.21488950775e-14,0
242.0,-0.04,-0.005,-5.25765889551e-14,0
242.0,-0.035,-0.01,-3.30072216179e-14,0
242.0,-0.035,-0.005,-3.20555642201e-14,0
242.0,-0.04,0,-5.26177696056e-14,0
242.0,-0.04,0.005,-5.2262443587e-14,0
242.0,-0.035,4.16333634234e-19,-3.16443198449e-14,0
242.0,-0.035,0.005,-3.18455261155e-14,0
242.0,-0.04,0.01,-5.15546521248e-14,0
242.0,-0.04,0.015,-5.04092187057e-14,0
242.0,-0.035,0.01,-3.26114946613e-14,0
242.0,-0.035,0.015,-3.37467802754e-14,0
242.0,-0.04,0.02,-4.85441598173e-14,0
242.0,-0.04,0.025,-4.59809737794e-14,0
242.0,-0.035,0.02,-3.4596287881e-14,0
242.0,-0.035,0.025,-3.52904179367e-14,0
242.0,-0.04,0.03,-4.26821414872e-14,0
242.0,-0.04,0.035,-3.86355941541e-14,0
242.0,-0.035,0.03,-3.58045022836e-14,0
242.0,-0.035,0.035,-3.61426993494e-14,0
242.0,-0.04,0.04,-3.30206998827e-14,0
242.0,-0.04,0.045,-2.58382119192e-14,0
242.0,-0.035,0.04,-3.62886037156e-14,0
242.0,-0.035,0.045,-3.60009357563e-14,0
242.0,-0.04,0.05,-1.7936043796e-14,0
242.0,-0.04,0.055,-9.81516084837e-15,0
242.0,-0.035,0.05,-3.54478716105e-14,0
242.0,-0.035,0.055,-3.47945430982e-14,0
242.0,-0.04,0.06,-1.7888993722e-15,0
242.0,-0.04,0.065,5.91920701658e-15,0
242.0,-0.035,0.06,-3.4217720706e-14,0
242.0,-0.035,0.065,-3.38950376936e-14,0
242.0,-0.04,0.07,1.31549180583e-14,0
242.0,-0.04,0.075,1.98274683463e-14,0
242.0,-0.035,0.07,-3.40635912851e-14,0
242.0,-0.035,0.075,-3.50272566437e-14,0
242.0,-0.03,-0.075,-7.7174212866e-14,0
242.0,-0.03,-0.07,-7.04889908035e-14,0
242.0,-0.025,-0.075,-1.23925626638e-13,0
242.0,-0.025,-0.07,-1.10469943862e-13,0
242.0,-0.03,-0.065,-6.47398820117e-14,0
242.0,-0.025,-0.065,-9.81481686421e-14,0
242.0,-0.03,-0.06,-5.9404381201e-14,0
242.0,-0.025,-0.06,-8.62809143705e-14,0
242.0,-0.03,-0.055,-5.41708477959e-14,0
242.0,-0.025,-0.055,-7.44927074646e-14,0
242.0,-0.03,-0.05,-4.8878463764e-14,0
242.0,-0.025,-0.05,-6.27096121972e-14,0
242.0,-0.03,-0.045,-4.35300675603e-14,0
242.0,-0.025,-0.045,-5.11234667849e-14,0
242.0,-0.03,-0.04,-3.82777780314e-14,0
242.0,-0.03,-0.035,-3.35103593348e-14,0
242.0,-0.025,-0.04,-4.02347757757e-14,0
242.0,-0.025,-0.035,-3.09211002299e-14,0
242.0,-0.03,-0.03,-2.94008330651e-14,0
242.0,-0.03,-0.025,-2.55288161403e-14,0
242.0,-0.025,-0.03,-2.31861238035e-14,0
242.0,-0.025,-0.025,-1.61527805763e-14,0
242.0,-0.03,-0.02,-2.19301365883e-14,0
242.0,-0.025,-0.02,-9.88162817834e-15,0
242.0,-0.03,-0.015,-1.8685596126e-14,0
242.0,-0.025,-0.015,-4.4581929337e-15,0
242.0,-0.03,-0.01,-1.59659092733e-14,0
242.0,-0.025,-0.01,-2.49462945295e-16,0
242.0,-0.03,-0.005,-1.41294033123e-14,0
242.0,-0.025,-0.005,2.40250309477e-15,0
242.0,-0.03,0,-1.34447282535e-14,0
242.0,-0.03,0.005,-1.4002896049e-14,0
242.0,-0.025,4.16333634234e-19,3.32867958508e-15,0
242.0,-0.025,0.005,2.45134702982e-15,0
242.0,-0.03,0.01,-1.57342922507e-14,0
242.0,-0.03,0.015,-1.83906534512e-14,0
242.0,-0.025,0.01,-1.64091009255e-16,0
242.0,-0.025,0.015,-4.36355092697e-15,0
242.0,-0.03,0.02,-2.16290911448e-14,0
242.0,-0.03,0.025,-2.52952991012e-14,0
242.0,-0.025,0.02,-9.81603225425e-15,0
242.0,-0.025,0.025,-1.61747275718e-14,0
242.0,-0.03,0.03,-2.93288434388e-14,0
242.0,-0.03,0.035,-3.37109330197e-14,0
242.0,-0.025,0.03,-2.33786908958e-14,0
242.0,-0.025,0.035,-3.13872917066e-14,0
242.0,-0.03,0.04,-3.89690368016e-14,0
242.0,-0.03,0.045,-4.49822635766e-14,0
242.0,-0.025,0.04,-4.11816786775e-14,0
242.0,-0.025,0.045,-5.28203609667e-14,0
242.0,-0.03,0.05,-5.13190690472e-14,0
242.0,-0.03,0.055,-5.77883633092e-14,0
242.0,-0.025,0.05,-6.53937179899e-14,0
242.0,-0.025,0.055,-7.83603867132e-14,0
242.0,-0.03,0.06,-6.43496598651e-14,0
242.0,-0.03,0.065,-7.11328103332e-14,0
242.0,-0.025,0.06,-9.14884508152e-14,0
242.0,-0.025,0.065,-1.04817118021e-13,0
242.0,-0.03,0.07,-7.84284524369e-14,0
242.0,-0.03,0.075,-8.67575088491e-14,0
242.0,-0.025,0.07,-1.18700187099e-13,0
242.0,-0.025,0.075,-1.33814200918e-13,0
242.0,-0.02,-0.075,-1.64962591593e-13,0
242.0,-0.02,-0.07,-1.45502203997e-13,0
242.0,-0.015,-0.075,-1.98994597998e-13,0
242.0,-0.015,-0.07,-1.74581403354e-13,0
242.0,-0.02,-0.065,-1.27391906655e-13,0
242.0,-0.015,-0.065,-1.51665710924e-13,0
242.0,-0.02,-0.06,-1.09768471256e-13,0
242.0,-0.015,-0.06,-1.29296096479e-13,0
242.0,-0.02,-0.055,-9.22370903865e-14,0
242.0,-0.015,-0.055,-1.07026798009e-13,0
242.0,-0.02,-0.05,-7.47737359098e-14,0
242.0,-0.015,-0.05,-8.49059996449e-14,0
242.0,-0.02,-0.045,-5.77492045121e-14,0
242.0,-0.015,-0.045,-6.3420967677e-14,0
242.0,-0.02,-0.04,-4.19416091288e-14,0
242.0,-0.015,-0.04,-4.35320898266e-14,0
242.0,-0.02,-0.035,-2.8613363472e-14,0
242.0,-0.015,-0.035,-2.67738485016e-14,0
242.0,-0.02,-0.03,-1.77317308701e-14,0
242.0,-0.02,-0.025,-7.95754683993e-15,0
242.0,-0.015,-0.03,-1.31752515042e-14,0
242.0,-0.015,-0.025,-1.1077604448e-15,0
242.0,-0.02,-0.02,5.96102933397e-16,0
242.0,-0.02,-0.015,7.82091139731e-15,0
242.0,-0.015,-0.02,9.21573875123e-15,0
242.0,-0.015,-0.015,1.75179807142e-14,0
242.0,-0.02,-0.01,1.33048251953e-14,0
242.0,-0.015,-0.01,2.33744666244e-14,0
242.0,-0.02,-0.005,1.65962250016e-14,0
242.0,-0.015,-0.005,2.66745890903e-14,0
242.0,-0.02,0,1.7663668857e-14,0
242.0,-0.015,4.16333634234e-19,2.76767830969e-14,0
242.0,-0.02,0.005,1.65548540629e-14,0
242.0,-0.015,0.005,2.64872578503e-14,0
242.0,-0.02,0.01,1.32282450544e-14,0
242.0,-0.02,0.015,7.71186395264e-15,0
242.0,-0.015,0.01,2.30562641199e-14,0
242.0,-0.015,0.015,1.71379052455e-14,0
242.0,-0.02,0.02,4.50806544588e-16,0
242.0,-0.02,0.025,-8.17356036295e-15,0
242.0,-0.015,0.02,8.84014518967e-15,0
242.0,-0.015,0.025,-1.47604272854e-15,0
242.0,-0.02,0.03,-1.8091081391e-14,0
242.0,-0.02,0.035,-2.92143240362e-14,0
242.0,-0.015,0.03,-1.36026153334e-14,0
242.0,-0.015,0.035,-2.73562059172e-14,0
242.0,-0.02,0.04,-4.29774006243e-14,0
242.0,-0.02,0.045,-5.94965613233e-14,0
242.0,-0.015,0.04,-4.44547906561e-14,0
242.0,-0.015,0.045,-6.50036380952e-14,0
242.0,-0.02,0.05,-7.74839500762e-14,0
242.0,-0.02,0.055,-9.61183228443e-14,0
242.0,-0.015,0.05,-8.74193858831e-14,0
242.0,-0.015,0.055,-1.10687817398e-13,0
242.0,-0.02,0.06,-1.1498281858e-13,0
242.0,-0.02,0.065,-1.3406300881e-13,0
242.0,-0.015,0.06,-1.34269936945e-13,0
242.0,-0.015,0.065,-1.58075329008e-13,0
242.0,-0.02,0.07,-1.53728416388e-13,0
242.0,-0.02,0.075,-1.74838188578e-13,0
242.0,-0.015,0.07,-1.82521416333e-13,0
242.0,-0.015,0.075,-2.08551154385e-13,0
242.0,-0.01,-0.075,-2.25030951474e-13,0
242.0,-0.01,-0.07,-1.96824886185e-13,0
242.0,-0.005,-0.075,-2.4216775322e-13,0
242.0,-0.005,-0.07,-2.1155498666e-13,0
242.0,-0.01,-0.065,-1.70290163435e-13,0
242.0,-0.005,-0.065,-1.8269354481e-13,0
242.0,-0.01,-0.06,-1.44339018407e-13,0
242.0,-0.005,-0.06,-1.54477077168e-13,0
242.0,-0.01,-0.055,-1.18527297165e-13,0
242.0,-0.005,-0.055,-1.26419180964e-13,0
242.0,-0.01,-0.05,-9.29232142689e-14,0
242.0,-0.005,-0.05,-9.86293536887e-14,0
242.0,-0.01,-0.045,-6.81167401194e-14,0
242.0,-0.005,-0.045,-7.17373931383e-14,0
242.0,-0.01,-0.04,-4.51993416901e-14,0
242.0,-0.005,-0.04,-4.68926338783e-14,0
242.0,-0.01,-0.035,-2.58042826111e-14,0
242.0,-0.005,-0.035,-2.57502821878e-14,0
242.0,-0.01,-0.03,-9.95685949601e-15,0
242.0,-0.005,-0.03,-8.40616247297e-15,0
242.0,-0.01,-0.025,3.85074231227e-15,0
242.0,-0.005,-0.025,6.30880276068e-15,0
242.0,-0.01,-0.02,1.53419034801e-14,0
242.0,-0.01,-0.015,2.39529588165e-14,0
242.0,-0.005,-0.02,1.82214670693e-14,0
242.0,-0.005,-0.015,2.66857268633e-14,0
242.0,-0.0117873230072,-0.0115873794689,2.61453260017e-14,0
242.0,-0.00939961996336,-0.005,3.05034518213e-14,0
242.0,-0.00792797428371,-0.00964253216809,2.99871336828e-14,0
242.0,-0.005,-0.00939961996336,2.97487910799e-14,0
242.0,-0.0108753492546,-0.00150606400588,3.0633991376e-14,0
242.0,-0.00818101620308,-0.00211452602544,2.85421989416e-14,0
242.0,-0.00651817360753,-0.000255934956239,2.28861204963e-14,0
242.0,-0.005,6.71033969428e-08,1.145801258e-14,0
242.0,-0.0107292118043,0.00160660295843,3.05342657433e-14,0
242.0,-0.0080188992252,0.000768320427092,2.76185343151e-14,0
242.0,-0.00939946851065,0.005,3.02226218021e-14,0
242.0,-0.00802129342231,0.00264911934363,2.84703916618e-14,0
242.0,-0.00887989370213,0.00887989479405,2.95506506615e-14,0
242.0,-0.01,0.015,2.33723525464e-14,0
242.0,-0.005,0.00939947397025,2.93454303176e-14,0
242.0,-0.005,0.015,2.62317020759e-14,0
242.0,-0.01,0.02,1.48595413895e-14,0
242.0,-0.01,0.025,3.51845385932e-15,0
242.0,-0.005,0.02,1.798898049e-14,0
242.0,-0.005,0.025,6.42404604062e-15,0
242.0,-0.01,0.03,-1.02063347905e-14,0
242.0,-0.01,0.035,-2.60791659402e-14,0
242.0,-0.005,0.03,-8.05885779183e-15,0
242.0,-0.005,0.035,-2.54176951616e-14,0
242.0,-0.01,0.04,-4.57623407515e-14,0
242.0,-0.01,0.045,-6.93169870958e-14,0
242.0,-0.005,0.04,-4.69092103194e-14,0
242.0,-0.005,0.045,-7.23823789748e-14,0
242.0,-0.01,0.05,-9.50286371744e-14,0
242.0,-0.01,0.055,-1.21751998794e-13,0
242.0,-0.005,0.05,-1.00150634322e-13,0
242.0,-0.005,0.055,-1.29025213012e-13,0
242.0,-0.01,0.06,-1.48846462822e-13,0
242.0,-0.01,0.065,-1.76199811709e-13,0
242.0,-0.005,0.06,-1.58328445072e-13,0
242.0,-0.005,0.065,-1.87903666485e-13,0
242.0,-0.01,0.07,-2.04223838627e-13,0
242.0,-0.01,0.075,-2.33993826313e-13,0
242.0,-0.005,0.07,-2.18200910764e-13,0
242.0,-0.005,0.075,-2.50307838806e-13,0
242.0,0,-0.075,-2.49889652404e-13,0
242.0,0,-0.07,-2.18252256637e-13,0
242.0,0.005,-0.075,-2.47789749054e-13,0
242.0,0.005,-0.07,-2.16648467991e-13,0
242.0,0,-0.065,-1.88471620398e-13,0
242.0,0.005,-0.065,-1.87361260019e-13,0
242.0,0,-0.06,-1.59362837951e-13,0
242.0,0.005,-0.06,-1.58791330197e-13,0
242.0,0,-0.055,-1.30451045062e-13,0
242.0,0.005,-0.055,-1.30427228115e-13,0
242.0,0,-0.05,-1.01825780765e-13,0
242.0,0.005,-0.05,-1.02356968337e-13,0
242.0,0,-0.045,-7.41368389415e-14,0
242.0,0.005,-0.045,-7.51905664874e-14,0
242.0,0,-0.04,-4.85514066385e-14,0
242.0,0.005,-0.04,-5.00722396935e-14,0
242.0,0,-0.035,-2.67045206207e-14,0
242.0,0.005,-0.035,-2.87339205073e-14,0
242.0,0,-0.03,-8.75467103752e-15,0
242.0,0.005,-0.03,-1.12450720427e-14,0
242.0,0,-0.025,6.28551427308e-15,0
242.0,0.005,-0.025,3.79409867633e-15,0
242.0,0,-0.02,1.82953558485e-14,0
242.0,0.005,-0.02,1.62222855835e-14,0
242.0,0,-0.015,2.6807396639e-14,0
242.0,0.005,-0.015,2.56402165495e-14,0
242.0,-0.0021196717084,-0.00776771017156,2.64480319034e-14,0
242.0,-0.00084550708518,-0.00631514607954,2.11076771295e-14,0
242.0,6.71033969406e-08,-0.005,1.17751750014e-14,0
242.0,-0.00139054260708,-0.0110960807567,2.92217599671e-14,0
242.0,0.00132468676756,-0.00775008274642,2.5950918238e-14,0
242.0,0.00160394440688,-0.0116908851489,2.9078261267e-14,0
242.0,0.005,-0.00939946851065,2.99041707498e-14,0
242.0,0.005,0.005,2.53556009139e-14,0
242.0,-0.000107646311398,0.00617659695633,2.01860858123e-14,0
242.0,-0.00190846935279,0.0076427502668,2.5797304011e-14,0
242.0,0.00131146485568,0.00777290068297,2.54833819992e-14,0
242.0,0.00295884413402,0.00640276348073,2.40505073755e-14,0
242.0,-1.21517769428e-05,0.0108932602996,2.86689964966e-14,0
242.0,0,0.015,2.65840292102e-14,0
242.0,0.005,0.00939942566771,2.9282521582e-14,0
242.0,0.005,0.015,2.55829974136e-14,0
242.0,0,0.02,1.84783649922e-14,0
242.0,0,0.025,6.99161507386e-15,0
242.0,0.005,0.02,1.67657928265e-14,0
242.0,0.005,0.025,4.89590375663e-15,0
242.0,0,0.03,-7.71362378684e-15,0
242.0,0,0.035,-2.57441713182e-14,0
242.0,0.005,0.03,-9.76598373641e-15,0
242.0,0.005,0.035,-2.71835704777e-14,0
242.0,0,0.04,-4.79439396321e-14,0
242.0,0,0.045,-7.41098639666e-14,0
242.0,0.005,0.04,-4.87702520973e-14,0
242.0,0.005,0.045,-7.44116064981e-14,0
242.0,0,0.05,-1.02631941827e-13,0
242.0,0,0.055,-1.32301724957e-13,0
242.0,0.005,0.05,-1.02364895132e-13,0
242.0,0.005,0.055,-1.31439003266e-13,0
242.0,0,0.06,-1.6241643678e-13,0
242.0,0,0.065,-1.92834451421e-13,0
242.0,0.005,0.06,-1.60963118323e-13,0
242.0,0.005,0.065,-1.90790184855e-13,0
242.0,0,0.07,-2.23988358295e-13,0
242.0,0,0.075,-2.57038512245e-13,0
242.0,0.005,0.07,-2.21383534519e-13,0
242.0,0.005,0.075,-2.53848931647e-13,0
242.0,0.01,-0.075,-2.35900153786e-13,0
242.0,0.01,-0.07,-2.06662803306e-13,0
242.0,0.015,-0.075,-2.14382584177e-13,0
242.0,0.015,-0.07,-1.88487714697e-13,0
242.0,0.01,-0.065,-1.7929782979e-13,0
242.0,0.015,-0.065,-1.64376638238e-13,0
242.0,0.01,-0.06,-1.52658471288e-13,0
242.0,0.015,-0.06,-1.4101900591e-13,0
242.0,0.01,-0.055,-1.26254292404e-13,0
242.0,0.015,-0.055,-1.17904395724e-13,0
242.0,0.01,-0.05,-1.00111030431e-13,0
242.0,0.015,-0.05,-9.50217946248e-14,0
242.0,0.01,-0.045,-7.47825777684e-14,0
242.0,0.015,-0.045,-7.2796354891e-14,0
242.0,0.01,-0.04,-5.1347476657e-14,0
242.0,0.015,-0.04,-5.21337314306e-14,0
242.0,0.01,-0.035,-3.14932535506e-14,0
242.0,0.015,-0.035,-3.45112874237e-14,0
242.0,0.01,-0.03,-1.51521758091e-14,0
242.0,0.015,-0.03,-1.98746379457e-14,0
242.0,0.01,-0.025,-6.55366736572e-16,0
242.0,0.015,-0.025,-6.63853573544e-15,0
242.0,0.01,-0.02,1.18328215277e-14,0
242.0,0.01,-0.015,2.21641945288e-14,0
242.0,0.015,-0.02,5.15860060882e-15,0
242.0,0.015,-0.015,1.5678359383e-14,0
242.0,0.00999280436795,-0.0116358337096,2.7392455922e-14,0
242.0,0.0105889214373,-0.00845762197625,3.04127206006e-14,0
242.0,0.015,-0.01,2.42611071511e-14,0
242.0,0.00939947397025,-0.005,3.27171004165e-14,0
242.0,0.015,-0.005,2.98151642915e-14,0
242.0,0.00658051136513,-0.00296146438142,2.80751661488e-14,0
242.0,0.00636794669772,-3.54305826484e-06,2.444074997e-14,0
242.0,0.00795807888052,-0.00113999998936,3.0935399793e-14,0
242.0,0.00758147027913,0.00183630393596,2.98646569417e-14,0
242.0,0.0112534647756,-1.47536350887e-07,3.46102431874e-14,0
242.0,0.015,4.16333634234e-19,3.1932348574e-14,0
242.0,0.00939942566771,0.005,3.21958526757e-14,0
242.0,0.015,0.005,2.9758912396e-14,0
242.0,0.00999018807453,0.0109670628501,2.79948694811e-14,0
242.0,0.01,0.015,2.24336612341e-14,0
242.0,0.015,0.01,2.4493862554e-14,0
242.0,0.015,0.015,1.64773300829e-14,0
242.0,0.01,0.02,1.27750970923e-14,0
242.0,0.01,0.025,8.23659607017e-16,0
242.0,0.015,0.02,6.55296101504e-15,0
242.0,0.015,0.025,-4.72048526207e-15,0
242.0,0.01,0.03,-1.32818154592e-14,0
242.0,0.01,0.035,-2.94065225223e-14,0
242.0,0.015,0.03,-1.75261879545e-14,0
242.0,0.015,0.035,-3.18560647675e-14,0
242.0,0.01,0.04,-4.93463269618e-14,0
242.0,0.01,0.045,-7.32256548597e-14,0
242.0,0.015,0.04,-4.94429532658e-14,0
242.0,0.015,0.045,-7.04789654139e-14,0
242.0,0.01,0.05,-9.92934719728e-14,0
242.0,0.01,0.055,-1.26404086566e-13,0
242.0,0.015,0.05,-9.34089028918e-14,0
242.0,0.015,0.055,-1.17233915986e-13,0
242.0,0.01,0.06,-1.53928715138e-13,0
242.0,0.01,0.065,-1.81773866403e-13,0
242.0,0.015,0.06,-1.41435535835e-13,0
242.0,0.015,0.065,-1.65950115175e-13,0
242.0,0.01,0.07,-2.10376266502e-13,0
242.0,0.01,0.075,-2.40846653314e-13,0
242.0,0.015,0.07,-1.91230646327e-13,0
242.0,0.015,0.075,-2.18268729877e-13,0
242.0,0.02,-0.075,-1.83842117721e-13,0
242.0,0.02,-0.07,-1.625169785e-13,0
242.0,0.025,-0.075,-1.45030915179e-13,0
242.0,0.025,-0.07,-1.29412461294e-13,0
242.0,0.02,-0.065,-1.42899090746e-13,0
242.0,0.025,-0.065,-1.15331042256e-13,0
242.0,0.02,-0.06,-1.24031732669e-13,0
242.0,0.025,-0.06,-1.02011776904e-13,0
242.0,0.02,-0.055,-1.05447134738e-13,0
242.0,0.025,-0.055,-8.90066986669e-14,0
242.0,0.02,-0.05,-8.70453671818e-14,0
242.0,0.025,-0.05,-7.61706857327e-14,0
242.0,0.02,-0.045,-6.91062226151e-14,0
242.0,0.025,-0.045,-6.35832281221e-14,0
242.0,0.02,-0.04,-5.22794292803e-14,0
242.0,0.025,-0.04,-5.15746289445e-14,0
242.0,0.02,-0.035,-3.76744555132e-14,0
242.0,0.025,-0.035,-4.0779320631e-14,0
242.0,0.02,-0.03,-2.53339761245e-14,0
242.0,0.025,-0.03,-3.13346431722e-14,0
242.0,0.02,-0.025,-1.40296334237e-14,0
242.0,0.025,-0.025,-2.25829616882e-14,0
242.0,0.02,-0.02,-3.72972394657e-15,0
242.0,0.025,-0.02,-1.45734807021e-14,0
242.0,0.02,-0.015,5.76883041089e-15,0
242.0,0.025,-0.015,-7.25114313281e-15,0
242.0,0.02,-0.01,1.3838482658e-14,0
242.0,0.025,-0.01,-1.29372235337e-15,0
242.0,0.02,-0.005,1.90836000274e-14,0
242.0,0.025,-0.005,2.82853612987e-15,0
242.0,0.02,0,2.10060134925e-14,0
242.0,0.025,4.16333634234e-19,4.57309323429e-15,0
242.0,0.02,0.005,1.93269176924e-14,0
242.0,0.025,0.005,3.12991101072e-15,0
242.0,0.02,0.01,1.45162250864e-14,0
242.0,0.025,0.01,-4.82809050921e-16,0
242.0,0.02,0.015,7.01847216679e-15,0
242.0,0.025,0.015,-5.76296007878e-15,0
242.0,0.02,0.02,-1.92364837072e-15,0
242.0,0.02,0.025,-1.16798310621e-14,0
242.0,0.025,0.02,-1.24645700127e-14,0
242.0,0.025,0.025,-1.98611739543e-14,0
242.0,0.02,0.03,-2.24793237225e-14,0
242.0,0.02,0.035,-3.44075915289e-14,0
242.0,0.025,0.03,-2.79922065754e-14,0
242.0,0.025,0.035,-3.69010404909e-14,0
242.0,0.02,0.04,-4.89014363085e-14,0
242.0,0.02,0.045,-6.60805310956e-14,0
242.0,0.025,0.04,-4.75567432083e-14,0
242.0,0.025,0.045,-5.99718084519e-14,0
242.0,0.02,0.05,-8.4727330436e-14,0
242.0,0.02,0.055,-1.04064564171e-13,0
242.0,0.025,0.05,-7.33120876373e-14,0
242.0,0.025,0.055,-8.70925800093e-14,0
242.0,0.02,0.06,-1.23710199297e-13,0
242.0,0.02,0.065,-1.43686295026e-13,0
242.0,0.025,0.06,-1.01129597404e-13,0
242.0,0.025,0.065,-1.15503282694e-13,0
242.0,0.02,0.07,-1.64405532032e-13,0
242.0,0.02,0.075,-1.86787078053e-13,0
242.0,0.025,0.07,-1.3061565153e-13,0
242.0,0.025,0.075,-1.47207261453e-13,0
242.0,0.03,-0.075,-9.90978186126e-14,0
242.0,0.03,-0.07,-9.00374691204e-14,0
242.0,0.035,-0.075,-4.73428240143e-14,0
242.0,0.035,-0.07,-4.54882562673e-14,0
242.0,0.03,-0.065,-8.23379389121e-14,0
242.0,0.035,-0.065,-4.4750867782e-14,0
242.0,0.03,-0.06,-7.53855403185e-14,0
242.0,0.035,-0.06,-4.47415103769e-14,0
242.0,0.03,-0.055,-6.88067145187e-14,0
242.0,0.035,-0.055,-4.51555803417e-14,0
242.0,0.03,-0.05,-6.23893247918e-14,0
242.0,0.035,-0.05,-4.57544793081e-14,0
242.0,0.03,-0.045,-5.60606723152e-14,0
242.0,0.035,-0.045,-4.63097790414e-14,0
242.0,0.03,-0.04,-4.97979746792e-14,0
242.0,0.035,-0.04,-4.6552928432e-14,0
242.0,0.03,-0.035,-4.36175392376e-14,0
242.0,0.035,-0.035,-4.59268639128e-14,0
242.0,0.03,-0.03,-3.76602773763e-14,0
242.0,0.035,-0.03,-4.40919651818e-14,0
242.0,0.03,-0.025,-3.20092280562e-14,0
242.0,0.035,-0.025,-4.2026104488e-14,0
242.0,0.03,-0.02,-2.68737548343e-14,0
242.0,0.035,-0.02,-4.01370935317e-14,0
242.0,0.03,-0.015,-2.22622587316e-14,0
242.0,0.035,-0.015,-3.82886248232e-14,0
242.0,0.03,-0.01,-1.84895251475e-14,0
242.0,0.035,-0.01,-3.6654192224e-14,0
242.0,0.03,-0.005,-1.5670017693e-14,0
242.0,0.035,-0.005,-3.52548070272e-14,0
242.0,0.03,0,-1.43541324132e-14,0
242.0,0.035,4.16333634234e-19,-3.44265817954e-14,0
242.0,0.03,0.005,-1.52310166546e-14,0
242.0,0.035,0.005,-3.46142218799e-14,0
242.0,0.03,0.01,-1.74986240145e-14,0
242.0,0.035,0.01,-3.53597915127e-14,0
242.0,0.03,0.015,-2.05887935257e-14,0
242.0,0.035,0.015,-3.62992307916e-14,0
242.0,0.03,0.02,-2.45203181475e-14,0
242.0,0.035,0.02,-3.74528108175e-14,0
242.0,0.03,0.025,-2.89811091099e-14,0
242.0,0.035,0.025,-3.86724736373e-14,0
242.0,0.03,0.03,-3.38677219293e-14,0
242.0,0.03,0.035,-3.91561486872e-14,0
242.0,0.035,0.03,-3.98798518435e-14,0
242.0,0.035,0.035,-4.10328493835e-14,0
242.0,0.03,0.04,-4.52863357952e-14,0
242.0,0.03,0.045,-5.21047688502e-14,0
242.0,0.035,0.04,-4.19573846053e-14,0
242.0,0.035,0.045,-4.24316334674e-14,0
242.0,0.03,0.05,-5.92548530945e-14,0
242.0,0.03,0.055,-6.66068382613e-14,0
242.0,0.035,0.05,-4.26885466908e-14,0
242.0,0.035,0.055,-4.2946393823e-14,0
242.0,0.03,0.06,-7.41656018749e-14,0
242.0,0.03,0.065,-8.2102669588e-14,0
242.0,0.035,0.06,-4.34199294378e-14,0
242.0,0.035,0.065,-4.43202672423e-14,0
242.0,0.03,0.07,-9.07550660127e-14,0
242.0,0.03,0.075,-1.0070853375e-13,0
242.0,0.035,0.07,-4.59254190318e-14,0
242.0,0.035,0.075,-4.85966705386e-14,0
242.0,0.04,-0.075,8.65374010365e-15,0
242.0,0.04,-0.07,2.96962297129e-15,0
242.0,0.045,-0.075,6.72103096675e-14,0
242.0,0.045,-0.07,5.39365198818e-14,0
242.0,0.04,-0.065,-3.57256510901e-15,0
242.0,0.045,-0.065,4.0071518726e-14,0
242.0,0.04,-0.06,-1.08059929315e-14,0
242.0,0.045,-0.06,2.55488719524e-14,0
242.0,0.04,-0.055,-1.85151696367e-14,0
242.0,0.045,-0.055,1.04949762546e-14,0
242.0,0.04,-0.05,-2.64263860945e-14,0
242.0,0.045,-0.05,-4.79156656069e-15,0
242.0,0.04,-0.045,-3.41864853589e-14,0
242.0,0.045,-0.045,-1.98406856924e-14,0
242.0,0.04,-0.04,-4.12602480861e-14,0
242.0,0.045,-0.04,-3.40045824568e-14,0
242.0,0.04,-0.035,-4.67818979114e-14,0
242.0,0.045,-0.035,-4.63316598863e-14,0
242.0,0.04,-0.03,-5.03895333079e-14,0
242.0,0.045,-0.03,-5.60721920608e-14,0
242.0,0.04,-0.025,-5.27129163607e-14,0
242.0,0.045,-0.025,-6.35739411663e-14,0
242.0,0.04,-0.02,-5.41831898723e-14,0
242.0,0.045,-0.02,-6.87408636756e-14,0
242.0,0.04,-0.015,-5.51291086068e-14,0
242.0,0.045,-0.015,-7.26439831389e-14,0
242.0,0.04,-0.01,-5.56066988914e-14,0
242.0,0.045,-0.01,-7.53764158583e-14,0
242.0,0.04,-0.005,-5.5608198159e-14,0
242.0,0.045,-0.005,-7.68444858177e-14,0
242.0,0.04,0,-5.52720998277e-14,0
242.0,0.045,4.16333634234e-19,-7.70582916307e-14,0
242.0,0.04,0.005,-5.47536680063e-14,0
242.0,0.045,0.005,-7.57518957702e-14,0
242.0,0.04,0.01,-5.39510966754e-14,0
242.0,0.045,0.01,-7.333676321e-14,0
242.0,0.04,0.015,-5.26899774483e-14,0
242.0,0.045,0.015,-6.97300763459e-14,0
242.0,0.04,0.02,-5.09518147751e-14,0
242.0,0.045,0.02,-6.49080648368e-14,0
242.0,0.04,0.025,-4.86839659376e-14,0
242.0,0.045,0.025,-5.88690847354e-14,0
242.0,0.04,0.03,-4.58199798498e-14,0
242.0,0.045,0.03,-5.14933835892e-14,0
242.0,0.04,0.035,-4.23264798829e-14,0
242.0,0.045,0.035,-4.27776584167e-14,0
242.0,0.04,0.04,-3.73569439178e-14,0
242.0,0.04,0.045,-3.08639424397e-14,0
242.0,0.045,0.04,-3.10424764633e-14,0
242.0,0.045,0.045,-1.72315709005e-14,0
242.0,0.04,0.05,-2.37416857214e-14,0
242.0,0.04,0.055,-1.65347364501e-14,0
242.0,0.045,0.05,-2.61657380504e-15,0
242.0,0.045,0.055,1.2127091906e-14,0
242.0,0.04,0.06,-9.5815998968e-15,0
242.0,0.04,0.065,-3.13084019509e-15,0
242.0,0.045,0.06,2.65549042287e-14,0
242.0,0.045,0.065,4.03975344181e-14,0
242.0,0.04,0.07,2.63214216248e-15,0
242.0,0.04,0.075,7.5693587426e-15,0
242.0,0.045,0.07,5.35628832085e-14,0
242.0,0.045,0.075,6.61475579301e-14,0
242.0,0.05,-0.075,1.26590816126e-13,0
242.0,0.05,-0.07,1.05969078577e-13,0
242.0,0.055,-0.075,1.85118386348e-13,0
242.0,0.055,-0.07,1.57706369833e-13,0
242.0,0.05,-0.065,8.49988067207e-14,0
242.0,0.055,-0.065,1.30082260619e-13,0
242.0,0.05,-0.06,6.33688442981e-14,0
242.0,0.055,-0.06,1.01711566329e-13,0
242.0,0.05,-0.055,4.11161765778e-14,0
242.0,0.055,-0.055,7.25501276771e-14,0
242.0,0.05,-0.05,1.85692776206e-14,0
242.0,0.055,-0.05,4.2951409011e-14,0
242.0,0.05,-0.045,-3.7044665368e-15,0
242.0,0.055,-0.045,1.3594420346e-14,0
242.0,0.05,-0.04,-2.49144755776e-14,0
242.0,0.055,-0.04,-1.4624697777e-14,0
242.0,0.05,-0.035,-4.41068443869e-14,0
242.0,0.055,-0.035,-4.06859825166e-14,0
242.0,0.05,-0.03,-6.04429715843e-14,0
242.0,0.055,-0.03,-6.36990091561e-14,0
242.0,0.05,-0.025,-7.3642948599e-14,0
242.0,0.055,-0.025,-8.30581927367e-14,0
242.0,0.05,-0.02,-8.36915303874e-14,0
242.0,0.055,-0.02,-9.85567128577e-14,0
242.0,0.05,-0.015,-9.12722727977e-14,0
242.0,0.055,-0.015,-1.10437714291e-13,0
242.0,0.05,-0.01,-9.66292758301e-14,0
242.0,0.055,-0.01,-1.18830752635e-13,0
242.0,0.05,-0.005,-9.97161610576e-14,0
242.0,0.055,-0.005,-1.23693162054e-13,0
242.0,0.05,0,-1.0038873482e-13,0
242.0,0.055,4.16333634234e-19,-1.24901865383e-13,0
242.0,0.05,0.005,-9.84662772454e-14,0
242.0,0.055,0.005,-1.22374368336e-13,0
242.0,0.05,0.01,-9.42765015744e-14,0
242.0,0.055,0.01,-1.16338496805e-13,0
242.0,0.05,0.015,-8.79619986804e-14,0
242.0,0.055,0.015,-1.06987591275e-13,0
242.0,0.05,0.02,-7.95341523814e-14,0
242.0,0.055,0.02,-9.44083301409e-14,0
242.0,0.05,0.025,-6.89764764742e-14,0
242.0,0.055,0.025,-7.8656607918e-14,0
242.0,0.05,0.03,-5.61770597142e-14,0
242.0,0.055,0.03,-5.97368938271e-14,0
242.0,0.05,0.035,-4.08738590906e-14,0
242.0,0.055,0.035,-3.75972343213e-14,0
242.0,0.05,0.04,-2.23972482791e-14,0
242.0,0.055,0.04,-1.22291985729e-14,0
242.0,0.05,0.045,-1.57885537868e-15,0
242.0,0.055,0.045,1.55161123359e-14,0
242.0,0.05,0.05,2.0320704148e-14,0
242.0,0.05,0.055,4.24132013748e-14,0
242.0,0.055,0.05,4.44532494593e-14,0
242.0,0.055,0.055,7.35992766318e-14,0
242.0,0.05,0.06,6.4123543512e-14,0
242.0,0.05,0.065,8.51479973815e-14,0
242.0,0.055,0.06,1.02246404218e-13,0
242.0,0.055,0.065,1.30046287484e-13,0
242.0,0.05,0.07,1.05477204807e-13,0
242.0,0.05,0.075,1.25452161156e-13,0
242.0,0.055,0.07,1.57062812091e-13,0
242.0,0.055,0.075,1.83851810592e-13,0
242.0,0.06,-0.075,2.41424833476e-13,0
242.0,0.06,-0.07,2.0801675555e-13,0
242.0,0.065,-0.075,2.94504488829e-13,0
242.0,0.065,-0.07,2.56207888747e-13,0
242.0,0.06,-0.065,1.743941757e-13,0
242.0,0.065,-0.065,2.17401398142e-13,0
242.0,0.06,-0.06,1.39789058734e-13,0
242.0,0.065,-0.06,1.77123250943e-13,0
242.0,0.06,-0.055,1.04083623242e-13,0
242.0,0.065,-0.055,1.35251576992e-13,0
242.0,0.06,-0.05,6.76850832044e-14,0
242.0,0.065,-0.05,9.22681144621e-14,0
242.0,0.06,-0.045,3.13727411792e-14,0
242.0,0.065,-0.045,4.9102963996e-14,0
242.0,0.06,-0.04,-3.82213015275e-15,0
242.0,0.065,-0.04,6.94013519073e-15,0
242.0,0.06,-0.035,-3.67853630571e-14,0
242.0,0.065,-0.035,-3.29410368141e-14,0
242.0,0.06,-0.03,-6.64836269619e-14,0
242.0,0.065,-0.03,-6.93316916883e-14,0
242.0,0.06,-0.025,-9.21216371496e-14,0
242.0,0.065,-0.025,-1.01224558786e-13,0
242.0,0.06,-0.02,-1.13221023973e-13,0
242.0,0.065,-0.02,-1.27890936113e-13,0
242.0,0.06,-0.015,-1.29641108154e-13,0
242.0,0.065,-0.015,-1.48862785017e-13,0
242.0,0.06,-0.01,-1.4128980041e-13,0
242.0,0.065,-0.01,-1.63855856601e-13,0
242.0,0.06,-0.005,-1.48083702027e-13,0
242.0,0.065,-0.005,-1.72657805889e-13,0
242.0,0.06,0,-1.49912041712e-13,0
242.0,0.065,4.16333634234e-19,-1.75164608132e-13,0
242.0,0.06,0.005,-1.4677119129e-13,0
242.0,0.065,0.005,-1.713697811e-13,0
242.0,0.06,0.01,-1.38806813814e-13,0
242.0,0.065,0.01,-1.61420367825e-13,0
242.0,0.06,0.015,-1.2623406814e-13,0
242.0,0.065,0.015,-1.45540320891e-13,0
242.0,0.06,0.02,-1.09230403939e-13,0
242.0,0.065,0.02,-1.24035151416e-13,0
242.0,0.06,0.025,-8.79977805944e-14,0
242.0,0.065,0.025,-9.72508369034e-14,0
242.0,0.06,0.03,-6.27260702918e-14,0
242.0,0.065,0.03,-6.56400103354e-14,0
242.0,0.06,0.035,-3.36959126933e-14,0
242.0,0.065,0.035,-2.97887126207e-14,0
242.0,0.06,0.04,-1.3850547102e-15,0
242.0,0.065,0.04,9.47857831013e-15,0
242.0,0.06,0.045,3.32639105604e-14,0
242.0,0.065,0.045,5.10472640028e-14,0
242.0,0.06,0.05,6.9083206799e-14,0
242.0,0.065,0.05,9.36486442792e-14,0
242.0,0.06,0.055,1.04984092582e-13,0
242.0,0.065,0.055,1.36076944615e-13,0
242.0,0.06,0.06,1.40159468967e-13,0
242.0,0.06,0.065,1.74196389251e-13,0
242.0,0.065,0.06,1.77381801645e-13,0
242.0,0.065,0.065,2.17073791219e-13,0
242.0,0.06,0.07,2.07220854178e-13,0
242.0,0.06,0.075,2.40014984633e-13,0
242.0,0.065,0.07,2.55276123301e-13,0
242.0,0.065,0.075,2.92956808256e-13,0
242.0,0.07,-0.075,3.44180194761e-13,0
242.0,0.07,-0.07,3.02276242832e-13,0
242.0,0.075,-0.075,3.91225217477e-13,0
242.0,0.075,-0.07,3.47203155984e-13,0
242.0,0.07,-0.065,2.59145564911e-13,0
242.0,0.075,-0.065,3.00500988597e-13,0
242.0,0.07,-0.06,2.13729846992e-13,0
242.0,0.075,-0.06,2.50273242437e-13,0
242.0,0.07,-0.055,1.65963673853e-13,0
242.0,0.075,-0.055,1.96636494495e-13,0
242.0,0.07,-0.05,1.16498385674e-13,0
242.0,0.075,-0.05,1.40552036746e-13,0
242.0,0.07,-0.045,6.64613805683e-14,0
242.0,0.075,-0.045,8.33814783546e-14,0
242.0,0.07,-0.04,1.72484566559e-14,0
242.0,0.075,-0.04,2.68152676147e-14,0
242.0,0.07,-0.035,-2.96453794209e-14,0
242.0,0.075,-0.035,-2.73854012255e-14,0
242.0,0.07,-0.03,-7.27923506494e-14,0
242.0,0.075,-0.03,-7.75405746786e-14,0
242.0,0.07,-0.025,-1.10952701285e-13,0
242.0,0.075,-0.025,-1.22125438106e-13,0
242.0,0.07,-0.02,-1.43141286052e-13,0
242.0,0.075,-0.02,-1.59954791068e-13,0
242.0,0.07,-0.015,-1.68653811472e-13,0
242.0,0.075,-0.015,-1.90040648367e-13,0
242.0,0.07,-0.01,-1.86984282398e-13,0
242.0,0.075,-0.01,-2.11779585678e-13,0
242.0,0.07,-0.005,-1.97832825369e-13,0
242.0,0.075,-0.005,-2.2466835071e-13,0
242.0,0.07,0,-2.01017516689e-13,0
242.0,0.075,0,-2.28558317277e-13,0
242.0,0.07,0.005,-1.96550983108e-13,0
242.0,0.075,0.005,-2.23352057885e-13,0
242.0,0.07,0.01,-1.84562598434e-13,0
242.0,0.075,0.01,-2.09294584001e-13,0
242.0,0.07,0.015,-1.6535701254e-13,0
242.0,0.075,0.015,-1.86661959387e-13,0
242.0,0.07,0.02,-1.39321835891e-13,0
242.0,0.075,0.02,-1.56042266303e-13,0
242.0,0.07,0.025,-1.07002365706e-13,0
242.0,0.075,0.025,-1.18069482972e-13,0
242.0,0.07,0.03,-6.90674227507e-14,0
242.0,0.075,0.03,-7.36941433161e-14,0
242.0,0.07,0.035,-2.63973410915e-14,0
242.0,0.075,0.035,-2.40071637099e-14,0
242.0,0.07,0.04,1.98975311748e-14,0
242.0,0.075,0.04,2.95816325608e-14,0
242.0,0.07,0.045,6.84830280897e-14,0
242.0,0.075,0.045,8.54815557922e-14,0
242.0,0.07,0.05,1.17899298884e-13,0
242.0,0.075,0.05,1.41981045443e-13,0
242.0,0.07,0.055,1.6675409279e-13,0
242.0,0.075,0.055,1.97406025447e-13,0
242.0,0.07,0.06,2.13912011539e-13,0
242.0,0.075,0.06,2.5039420317e-13,0
242.0,0.07,0.065,2.58715020204e-13,0
242.0,0.075,0.065,2.99981520595e-13,0
242.0,0.07,0.07,3.01227376617e-13,0
242.0,0.07,0.075,3.42508705059e-13,0
242.0,0.075,0.07,3.4604871582e-13,0
242.0,0.075,0.075,3.89441155957e-13,0
244.0,-0.00382671281566,-0.00202612167119,0,0
244.0,-0.005,-0.005,2.5451131963e-14,0
244.0,-0.00197892066871,-0.00385133392306,0,0
244.0,-0.005,-0.00190753787223,1.54894613912e-14,0
244.0,-0.00433,0,0,0
244.0,-0.00190753787223,-0.005,1.52995785668e-14,0
244.0,0,-0.00433,0,0
244.0,-0.005,0.00190775150599,1.54779605412e-14,0
244.0,-0.00385133392306,0.00197892066871,0,0
244.0,0.00190775150599,-0.005,1.52810469541e-14,0
244.0,0.00202612167119,-0.00382671281566,0,0
244.0,-0.00202612167119,0.00382671281566,0,0
244.0,-0.005,0.005,2.5340295138e-14,0
244.0,-0.0019094272225,0.005,1.53204494429e-14,0
244.0,0,0.00433,0,0
244.0,0.00147766755988,0.00407006125046,0,0
244.0,8.32667268469e-19,0.005,1.16530416009e-14,0
244.0,0.00433,0,0,0
244.0,0.005,1.38777878078e-18,1.13925667581e-14,0
244.0,0.00407006125046,0.00147766755988,0,0
244.0,0.005,-0.005,2.61669886703e-14,0
244.0,0.00385133392306,-0.00197892066871,0,0
244.0,0.005,-0.0019094272225,1.56192847363e-14,0
244.0,0.00306177236254,0.00306177236254,0,0
244.0,0.0019094272225,0.005,1.54765415232e-14,0
244.0,0.005,0.0019094272225,1.56672132122e-14,0
244.0,-0.000885,-0.0015328649647,1.27151236627e-12,0
244.0,-0.0015328649647,-0.000885,1.2716347467e-12,0
244.0,-0.00186450691264,-0.00187567167242,8.43020306629e-13,0
244.0,-0.00177,0,1.27132648381e-12,0
244.0,-0.00268433516245,-0.000738983120158,7.59102348543e-13,0
244.0,0,-0.00177,1.27147400699e-12,0
244.0,-0.000718432264205,-0.00269192408424,7.57396192537e-13,0
244.0,-0.0015328649647,0.000885,1.26982201952e-12,0
244.0,-0.00265321485144,0.000647311733689,7.89885129939e-13,0
244.0,-0.000885,0.0015328649647,1.26819452294e-12,0
244.0,-0.00194719253591,0.00178443766524,8.43946613318e-13,0
244.0,0,0.00177,1.26408838417e-12,0
244.0,-0.000802720381054,0.00273415977115,7.17496121828e-13,0
244.0,0.000885,-0.0015328649647,1.27016285451e-12,0
244.0,0.00075154031863,-0.00270385456952,7.45286278841e-13,0
244.0,0.00177,0,1.26242815333e-12,0
244.0,0.0015328649647,-0.000885,1.26801044928e-12,0
244.0,0.00271471102228,-0.000564731152102,7.6090997576e-13,0
244.0,0.00192394637685,-0.00189207206672,8.10091352318e-13,0
244.0,0.00231817117671,0.00040530921667,9.87904972212e-13,0
244.0,0.0015328649647,0.000885,1.26069452808e-12,0
244.0,0.000885,0.0015328649647,1.26139958455e-12,0
244.0,0.000427053001345,0.00287092483521,6.82185809484e-13,0
244.0,0.00187618296239,0.00184774001435,8.33335642009e-13,0
244.0,0.00312733402203,0.000607809752493,5.19196294338e-13,0
244.0,0.00276214303706,0.00136595635004,5.768562931e-13,0
244.0,0.0014100336009,0.00268674970267,6.04768437363e-13,0
244.0,-0.075,-0.075,3.44568841161e-13,0
244.0,-0.07,-0.075,3.06866746596e-13,0
244.0,-0.075,-0.07,3.01996221029e-13,0
244.0,-0.07,-0.07,2.66248933708e-13,0
244.0,-0.075,-0.065,2.56997776888e-13,0
244.0,-0.07,-0.065,2.24576431901e-13,0
244.0,-0.065,-0.075,2.66661056065e-13,0
244.0,-0.065,-0.07,2.29351107935e-13,0
244.0,-0.065,-0.065,1.9168526273e-13,0
244.0,-0.075,-0.06,2.08860246781e-13,0
244.0,-0.07,-0.06,1.80929439157e-13,0
244.0,-0.065,-0.06,1.52816005069e-13,0
244.0,-0.075,-0.055,1.57759728797e-13,0
244.0,-0.07,-0.055,1.35307943824e-13,0
244.0,-0.065,-0.055,1.12681358163e-13,0
244.0,-0.075,-0.05,1.04650840927e-13,0
244.0,-0.07,-0.05,8.8374635314e-14,0
244.0,-0.065,-0.05,7.17804671026e-14,0
244.0,-0.075,-0.045,5.08359712998e-14,0
244.0,-0.07,-0.045,4.12164713934e-14,0
244.0,-0.065,-0.045,3.10278269605e-14,0
244.0,-0.075,-0.04,-2.11497867505e-15,0
244.0,-0.07,-0.04,-4.86409129501e-15,0
244.0,-0.075,-0.035,-5.26248562479e-14,0
244.0,-0.07,-0.035,-4.85308407961e-14,0
244.0,-0.065,-0.04,-8.45112858541e-15,0
244.0,-0.065,-0.035,-4.55043562265e-14,0
244.0,-0.075,-0.03,-9.92431822246e-14,0
244.0,-0.07,-0.03,-8.85821820584e-14,0
244.0,-0.075,-0.025,-1.40688927728e-13,0
244.0,-0.07,-0.025,-1.240307664e-13,0
244.0,-0.065,-0.03,-7.91522844184e-14,0
244.0,-0.065,-0.025,-1.08692814982e-13,0
244.0,-0.075,-0.02,-1.75958251913e-13,0
244.0,-0.07,-0.02,-1.54077623883e-13,0
244.0,-0.075,-0.015,-2.04145041358e-13,0
244.0,-0.07,-0.015,-1.78087039782e-13,0
244.0,-0.065,-0.02,-1.3363063317e-13,0
244.0,-0.065,-0.015,-1.53533930258e-13,0
244.0,-0.075,-0.01,-2.24612867817e-13,0
244.0,-0.07,-0.01,-1.95489685623e-13,0
244.0,-0.075,-0.005,-2.36769547148e-13,0
244.0,-0.07,-0.005,-2.05859762953e-13,0
244.0,-0.065,-0.01,-1.68002351739e-13,0
244.0,-0.065,-0.005,-1.76632566982e-13,0
244.0,-0.075,0,-2.4035611288e-13,0
244.0,-0.07,0,-2.08892563749e-13,0
244.0,-0.075,0.005,-2.3521678873e-13,0
244.0,-0.07,0.005,-2.04526742934e-13,0
244.0,-0.065,4.16333634234e-19,-1.79160501527e-13,0
244.0,-0.065,0.005,-1.75500136257e-13,0
244.0,-0.075,0.01,-2.21582390918e-13,0
244.0,-0.07,0.01,-1.92892620269e-13,0
244.0,-0.075,0.015,-1.99781273775e-13,0
244.0,-0.07,0.015,-1.74358811569e-13,0
244.0,-0.065,0.01,-1.65800368867e-13,0
244.0,-0.065,0.015,-1.50386879759e-13,0
244.0,-0.075,0.02,-1.70460398198e-13,0
244.0,-0.07,0.02,-1.4940296238e-13,0
244.0,-0.075,0.025,-1.34294787187e-13,0
244.0,-0.07,0.025,-1.1862805753e-13,0
244.0,-0.065,0.02,-1.29714036634e-13,0
244.0,-0.065,0.025,-1.04211166063e-13,0
244.0,-0.075,0.03,-9.2208995952e-14,0
244.0,-0.07,0.03,-8.26859230217e-14,0
244.0,-0.075,0.035,-4.52141843174e-14,0
244.0,-0.07,0.035,-4.23789883946e-14,0
244.0,-0.065,0.03,-7.43202539354e-14,0
244.0,-0.065,0.035,-4.05366894923e-14,0
244.0,-0.075,0.04,5.41205171528e-15,0
244.0,-0.07,0.04,1.30667586674e-15,0
244.0,-0.075,0.045,5.82256213803e-14,0
244.0,-0.07,0.045,4.71740700165e-14,0
244.0,-0.065,0.04,-3.55914769989e-15,0
244.0,-0.065,0.045,3.56305918572e-14,0
244.0,-0.075,0.05,1.11664398946e-13,0
244.0,-0.07,0.05,9.38964012844e-14,0
244.0,-0.075,0.055,1.64181553985e-13,0
244.0,-0.07,0.055,1.40191427956e-13,0
244.0,-0.065,0.05,7.58831754298e-14,0
244.0,-0.065,0.055,1.16090060321e-13,0
244.0,-0.075,0.06,2.14508787605e-13,0
244.0,-0.07,0.06,1.85002962311e-13,0
244.0,-0.075,0.065,2.61732880864e-13,0
244.0,-0.07,0.065,2.27707621365e-13,0
244.0,-0.065,0.06,1.55366043209e-13,0
244.0,-0.065,0.065,1.93249524518e-13,0
244.0,-0.075,0.07,3.05723801631e-13,0
244.0,-0.07,0.07,2.6834922494e-13,0
244.0,-0.075,0.075,3.47242115452e-13,0
244.0,-0.07,0.075,3.07893403924e-13,0
244.0,-0.065,0.07,2.29843704866e-13,0
244.0,-0.065,0.075,2.66037227402e-13,0
244.0,-0.06,-0.075,2.2308862087e-13,0
244.0,-0.06,-0.07,1.90261269192e-13,0
244.0,-0.06,-0.065,1.57395384215e-13,0
244.0,-0.055,-0.075,1.76119028686e-13,0
244.0,-0.055,-0.07,1.48807715801e-13,0
244.0,-0.055,-0.065,1.21509998967e-13,0
244.0,-0.06,-0.06,1.23799505524e-13,0
244.0,-0.06,-0.055,8.93968617779e-14,0
244.0,-0.055,-0.06,9.3723268538e-14,0
244.0,-0.055,-0.055,6.54149261961e-14,0
244.0,-0.06,-0.05,5.46118086015e-14,0
244.0,-0.055,-0.05,3.69385455922e-14,0
244.0,-0.06,-0.045,2.02234899106e-14,0
244.0,-0.055,-0.045,8.98271420943e-15,0
244.0,-0.06,-0.04,-1.27457793362e-14,0
244.0,-0.055,-0.04,-1.75242954147e-14,0
244.0,-0.06,-0.035,-4.32417700636e-14,0
244.0,-0.055,-0.035,-4.15009007775e-14,0
244.0,-0.06,-0.03,-7.04629485346e-14,0
244.0,-0.06,-0.025,-9.40547235741e-14,0
244.0,-0.055,-0.03,-6.22318325526e-14,0
244.0,-0.055,-0.025,-7.9829508699e-14,0
244.0,-0.06,-0.02,-1.13848706825e-13,0
244.0,-0.06,-0.015,-1.29695275771e-13,0
244.0,-0.055,-0.02,-9.45052779517e-14,0
244.0,-0.055,-0.015,-1.06343166041e-13,0
244.0,-0.06,-0.01,-1.41291856356e-13,0
244.0,-0.06,-0.005,-1.48256805606e-13,0
244.0,-0.055,-0.01,-1.15186591163e-13,0
244.0,-0.055,-0.005,-1.20547415368e-13,0
244.0,-0.06,0,-1.50289502974e-13,0
244.0,-0.06,0.005,-1.47313198282e-13,0
244.0,-0.055,4.16333634234e-19,-1.22111087772e-13,0
244.0,-0.055,0.005,-1.19786872382e-13,0
244.0,-0.06,0.01,-1.39460232787e-13,0
244.0,-0.06,0.015,-1.27089480506e-13,0
244.0,-0.055,0.01,-1.13714312513e-13,0
244.0,-0.055,0.015,-1.04257373824e-13,0
244.0,-0.06,0.02,-1.10640798563e-13,0
244.0,-0.06,0.025,-9.04348589064e-14,0
244.0,-0.055,0.02,-9.19731161503e-14,0
244.0,-0.055,0.025,-7.70159492812e-14,0
244.0,-0.06,0.03,-6.6626564338e-14,0
244.0,-0.06,0.035,-3.93834738117e-14,0
244.0,-0.055,0.03,-5.93025679816e-14,0
244.0,-0.055,0.035,-3.86473239187e-14,0
244.0,-0.06,0.04,-9.04937556462e-15,0
244.0,-0.06,0.045,2.35582020558e-14,0
244.0,-0.055,0.04,-1.49088241231e-14,0
244.0,-0.055,0.045,1.1163673961e-14,0
244.0,-0.06,0.05,5.73793093613e-14,0
244.0,-0.06,0.055,9.14074090439e-14,0
244.0,-0.055,0.05,3.84794767888e-14,0
244.0,-0.055,0.055,6.61287314305e-14,0
244.0,-0.06,0.06,1.24892770897e-13,0
244.0,-0.06,0.065,1.57447578244e-13,0
244.0,-0.055,0.06,9.34535133035e-14,0
244.0,-0.055,0.065,1.20135372414e-13,0
244.0,-0.06,0.07,1.89186742526e-13,0
244.0,-0.06,0.075,2.20836757958e-13,0
244.0,-0.055,0.07,1.46241134564e-13,0
244.0,-0.055,0.075,1.7230150381e-13,0
244.0,-0.05,-0.075,1.26462122879e-13,0
244.0,-0.05,-0.07,1.05430779488e-13,0
244.0,-0.045,-0.075,7.51568746594e-14,0
244.0,-0.045,-0.07,6.09729664754e-14,0
244.0,-0.05,-0.065,8.43416289022e-14,0
244.0,-0.045,-0.065,4.6557974787e-14,0
244.0,-0.05,-0.06,6.28686835161e-14,0
244.0,-0.05,-0.055,4.10290055313e-14,0
244.0,-0.045,-0.06,3.17915741116e-14,0
244.0,-0.045,-0.055,1.674910883e-14,0
244.0,-0.05,-0.05,1.91227507117e-14,0
244.0,-0.05,-0.045,-2.29654548658e-15,0
244.0,-0.045,-0.05,1.68043354426e-15,0
244.0,-0.045,-0.045,-1.29984958805e-14,0
244.0,-0.05,-0.04,-2.23869233919e-14,0
244.0,-0.045,-0.04,-2.66573309196e-14,0
244.0,-0.05,-0.035,-3.99869850222e-14,0
244.0,-0.045,-0.035,-3.81272711116e-14,0
244.0,-0.05,-0.03,-5.42928169635e-14,0
244.0,-0.045,-0.03,-4.64384630429e-14,0
244.0,-0.05,-0.025,-6.61061254551e-14,0
244.0,-0.045,-0.025,-5.32956259187e-14,0
244.0,-0.05,-0.02,-7.58845042617e-14,0
244.0,-0.05,-0.015,-8.38683915635e-14,0
244.0,-0.045,-0.02,-5.88522774301e-14,0
244.0,-0.045,-0.015,-6.32438658706e-14,0
244.0,-0.05,-0.01,-9.00797381366e-14,0
244.0,-0.05,-0.005,-9.38771795552e-14,0
244.0,-0.045,-0.01,-6.68417779511e-14,0
244.0,-0.045,-0.005,-6.89629291754e-14,0
244.0,-0.05,0,-9.49566496429e-14,0
244.0,-0.05,0.005,-9.32927512979e-14,0
244.0,-0.045,4.16333634234e-19,-6.95220966666e-14,0
244.0,-0.045,0.005,-6.85354025604e-14,0
244.0,-0.05,0.01,-8.89576004202e-14,0
244.0,-0.05,0.015,-8.23026202756e-14,0
244.0,-0.045,0.01,-6.60306866815e-14,0
244.0,-0.045,0.015,-6.21373154726e-14,0
244.0,-0.05,0.02,-7.40134658585e-14,0
244.0,-0.05,0.025,-6.4047526023e-14,0
244.0,-0.045,0.02,-5.75428394897e-14,0
244.0,-0.045,0.025,-5.18716181784e-14,0
244.0,-0.05,0.03,-5.21723037418e-14,0
244.0,-0.05,0.035,-3.79740715198e-14,0
244.0,-0.045,0.03,-4.50186674537e-14,0
244.0,-0.045,0.035,-3.68594632785e-14,0
244.0,-0.05,0.04,-2.06979744248e-14,0
244.0,-0.05,0.045,-1.12698928678e-15,0
244.0,-0.045,0.04,-2.5752382443e-14,0
244.0,-0.045,0.045,-1.26868381716e-14,0
244.0,-0.05,0.05,1.95722655e-14,0
244.0,-0.05,0.055,4.05762037964e-14,0
244.0,-0.045,0.05,1.19339678598e-15,0
244.0,-0.045,0.055,1.52856269574e-14,0
244.0,-0.05,0.06,6.13616972034e-14,0
244.0,-0.05,0.065,8.16617891984e-14,0
244.0,-0.045,0.06,2.92047222688e-14,0
244.0,-0.045,0.065,4.2732127163e-14,0
244.0,-0.05,0.07,1.01489523417e-13,0
244.0,-0.05,0.075,1.21191473468e-13,0
244.0,-0.045,0.07,5.58178732044e-14,0
244.0,-0.045,0.075,6.85964678325e-14,0
244.0,-0.04,-0.075,2.35526193839e-14,0
244.0,-0.04,-0.07,1.65014141778e-14,0
244.0,-0.035,-0.075,-2.69116158065e-14,0
244.0,-0.035,-0.07,-2.68032648125e-14,0
244.0,-0.04,-0.065,9.01839844385e-15,0
244.0,-0.035,-0.065,-2.73394352217e-14,0
244.0,-0.04,-0.06,1.18145931625e-15,0
244.0,-0.035,-0.06,-2.8246437417e-14,0
244.0,-0.04,-0.055,-6.86361456931e-15,0
244.0,-0.035,-0.055,-2.93058213954e-14,0
244.0,-0.04,-0.05,-1.4903165306e-14,0
244.0,-0.04,-0.045,-2.26382712228e-14,0
244.0,-0.035,-0.05,-3.03501851058e-14,0
244.0,-0.035,-0.045,-3.12125088801e-14,0
244.0,-0.04,-0.04,-2.95953047549e-14,0
244.0,-0.04,-0.035,-3.49657264445e-14,0
244.0,-0.035,-0.04,-3.17334824664e-14,0
244.0,-0.035,-0.035,-3.17364596492e-14,0
244.0,-0.04,-0.03,-3.87316159099e-14,0
244.0,-0.035,-0.03,-3.14478880277e-14,0
244.0,-0.04,-0.025,-4.17053851207e-14,0
244.0,-0.035,-0.025,-3.0912815294e-14,0
244.0,-0.04,-0.02,-4.39053580324e-14,0
244.0,-0.035,-0.02,-3.01404261121e-14,0
244.0,-0.04,-0.015,-4.5378511271e-14,0
244.0,-0.035,-0.015,-2.9169171119e-14,0
244.0,-0.04,-0.01,-4.61318212495e-14,0
244.0,-0.04,-0.005,-4.64658546986e-14,0
244.0,-0.035,-0.01,-2.78818501785e-14,0
244.0,-0.035,-0.005,-2.69386284148e-14,0
244.0,-0.04,0,-4.64817244993e-14,0
244.0,-0.04,0.005,-4.61652381028e-14,0
244.0,-0.035,4.16333634234e-19,-2.65348350293e-14,0
244.0,-0.035,0.005,-2.67366489333e-14,0
244.0,-0.04,0.01,-4.55627956975e-14,0
244.0,-0.04,0.015,-4.46040529312e-14,0
244.0,-0.035,0.01,-2.75006378736e-14,0
244.0,-0.035,0.015,-2.86523017001e-14,0
244.0,-0.04,0.02,-4.300112551e-14,0
244.0,-0.04,0.025,-4.07589577485e-14,0
244.0,-0.035,0.02,-2.95679283759e-14,0
244.0,-0.035,0.025,-3.03586781283e-14,0
244.0,-0.04,0.03,-3.7854041743e-14,0
244.0,-0.04,0.035,-3.42798311884e-14,0
244.0,-0.035,0.03,-3.1010814925e-14,0
244.0,-0.035,0.035,-3.15317263996e-14,0
244.0,-0.04,0.04,-2.93248166184e-14,0
244.0,-0.04,0.045,-2.30286943366e-14,0
244.0,-0.035,0.04,-3.19713241482e-14,0
244.0,-0.035,0.045,-3.21515958228e-14,0
244.0,-0.04,0.05,-1.61597296059e-14,0
244.0,-0.04,0.055,-9.16108995777e-15,0
244.0,-0.035,0.05,-3.22010365003e-14,0
244.0,-0.035,0.055,-3.22436229567e-14,0
244.0,-0.04,0.06,-2.29966583848e-15,0
244.0,-0.04,0.065,4.23987799201e-15,0
244.0,-0.035,0.06,-3.24134612425e-14,0
244.0,-0.035,0.065,-3.28482133061e-14,0
244.0,-0.04,0.07,1.03343067724e-14,0
244.0,-0.04,0.075,1.59134178716e-14,0
244.0,-0.035,0.07,-3.37466651446e-14,0
244.0,-0.035,0.075,-3.53778603951e-14,0
244.0,-0.03,-0.075,-7.47733418237e-14,0
244.0,-0.03,-0.07,-6.77416549579e-14,0
244.0,-0.025,-0.075,-1.18591780011e-13,0
244.0,-0.025,-0.07,-1.05161201469e-13,0
244.0,-0.03,-0.065,-6.15753674533e-14,0
244.0,-0.025,-0.065,-9.27829493994e-14,0
244.0,-0.03,-0.06,-5.58004036417e-14,0
244.0,-0.025,-0.06,-8.08365363255e-14,0
244.0,-0.03,-0.055,-5.01500105278e-14,0
244.0,-0.025,-0.055,-6.89969818722e-14,0
244.0,-0.03,-0.05,-4.45048165642e-14,0
244.0,-0.025,-0.05,-5.72294189113e-14,0
244.0,-0.03,-0.045,-3.8902094327e-14,0
244.0,-0.025,-0.045,-4.57520824456e-14,0
244.0,-0.03,-0.04,-3.35185400181e-14,0
244.0,-0.03,-0.035,-2.87499716087e-14,0
244.0,-0.025,-0.04,-3.50717592105e-14,0
244.0,-0.025,-0.035,-2.60467862358e-14,0
244.0,-0.03,-0.03,-2.47080696424e-14,0
244.0,-0.03,-0.025,-2.09284401441e-14,0
244.0,-0.025,-0.03,-1.86260614978e-14,0
244.0,-0.025,-0.025,-1.19122926969e-14,0
244.0,-0.03,-0.02,-1.7442961761e-14,0
244.0,-0.025,-0.02,-5.96114217339e-15,0
244.0,-0.03,-0.015,-1.4322549641e-14,0
244.0,-0.025,-0.015,-8.43976337333e-16,0
244.0,-0.03,-0.01,-1.17245101356e-14,0
244.0,-0.025,-0.01,3.10610208414e-15,0
244.0,-0.03,-0.005,-9.97859943411e-15,0
244.0,-0.025,-0.005,5.58155453056e-15,0
244.0,-0.03,0,-9.3287462749e-15,0
244.0,-0.03,0.005,-9.85607114543e-15,0
244.0,-0.025,4.16333634234e-19,6.44434821215e-15,0
244.0,-0.025,0.005,5.62945417525e-15,0
244.0,-0.03,0.01,-1.14991287339e-14,0
244.0,-0.03,0.015,-1.4033038148e-14,0
244.0,-0.025,0.01,3.19132351346e-15,0
244.0,-0.025,0.015,-7.45733503185e-16,0
244.0,-0.03,0.02,-1.7142679558e-14,0
244.0,-0.03,0.025,-2.06860176452e-14,0
244.0,-0.025,0.02,-5.88453097664e-15,0
244.0,-0.025,0.025,-1.19110682715e-14,0
244.0,-0.03,0.03,-2.46117054403e-14,0
244.0,-0.03,0.035,-2.89043944798e-14,0
244.0,-0.025,0.03,-1.87774415154e-14,0
244.0,-0.025,0.035,-2.64472529617e-14,0
244.0,-0.03,0.04,-3.41308737278e-14,0
244.0,-0.03,0.045,-4.02295932793e-14,0
244.0,-0.025,0.04,-3.59173585934e-14,0
244.0,-0.025,0.045,-4.7298822772e-14,0
244.0,-0.03,0.05,-4.67643129589e-14,0
244.0,-0.03,0.055,-5.35212221676e-14,0
244.0,-0.025,0.05,-5.97029339637e-14,0
244.0,-0.025,0.055,-7.25840751188e-14,0
244.0,-0.03,0.06,-6.04269291742e-14,0
244.0,-0.03,0.065,-6.75710204671e-14,0
244.0,-0.025,0.06,-8.56857146641e-14,0
244.0,-0.025,0.065,-9.9009438955e-14,0
244.0,-0.03,0.07,-7.51999613202e-14,0
244.0,-0.03,0.075,-8.37860702681e-14,0
244.0,-0.025,0.07,-1.12859296438e-13,0
244.0,-0.025,0.075,-1.27852716236e-13,0
244.0,-0.02,-0.075,-1.57085717638e-13,0
244.0,-0.02,-0.07,-1.37978891894e-13,0
244.0,-0.015,-0.075,-1.89035334966e-13,0
244.0,-0.015,-0.07,-1.65245327338e-13,0
244.0,-0.02,-0.065,-1.20129313494e-13,0
244.0,-0.015,-0.065,-1.42852635792e-13,0
244.0,-0.02,-0.06,-1.02743812881e-13,0
244.0,-0.015,-0.06,-1.20981791656e-13,0
244.0,-0.02,-0.055,-8.54811041195e-14,0
244.0,-0.015,-0.055,-9.92445779984e-14,0
244.0,-0.02,-0.05,-6.8355570301e-14,0
244.0,-0.015,-0.05,-7.7725076956e-14,0
244.0,-0.02,-0.045,-5.17562011314e-14,0
244.0,-0.015,-0.045,-5.69241413647e-14,0
244.0,-0.02,-0.04,-3.64538969813e-14,0
244.0,-0.015,-0.04,-3.77858030995e-14,0
244.0,-0.02,-0.035,-2.36713472239e-14,0
244.0,-0.015,-0.035,-2.17911446628e-14,0
244.0,-0.02,-0.03,-1.33225727275e-14,0
244.0,-0.02,-0.025,-4.07430812442e-15,0
244.0,-0.015,-0.03,-8.91435265967e-15,0
244.0,-0.015,-0.025,2.44420760855e-15,0
244.0,-0.02,-0.02,3.96746395187e-15,0
244.0,-0.02,-0.015,1.07125400834e-14,0
244.0,-0.015,-0.02,1.20814704063e-14,0
244.0,-0.015,-0.015,1.97465572584e-14,0
244.0,-0.02,-0.01,1.57910611586e-14,0
244.0,-0.015,-0.01,2.50611237578e-14,0
244.0,-0.02,-0.005,1.88097728984e-14,0
244.0,-0.015,-0.005,2.79891446215e-14,0
244.0,-0.02,0,1.97808812526e-14,0
244.0,-0.015,4.16333634234e-19,2.88574182328e-14,0
244.0,-0.02,0.005,1.87703146269e-14,0
244.0,-0.015,0.005,2.78087221309e-14,0
244.0,-0.02,0.01,1.5719925117e-14,0
244.0,-0.02,0.015,1.06145386745e-14,0
244.0,-0.015,0.01,2.47570896802e-14,0
244.0,-0.015,0.015,1.93865669282e-14,0
244.0,-0.02,0.02,3.84153201317e-15,0
244.0,-0.02,0.025,-4.25831522057e-15,0
244.0,-0.015,0.02,1.17318929211e-14,0
244.0,-0.015,0.025,2.11177639457e-15,0
244.0,-0.02,0.03,-1.36311760952e-14,0
244.0,-0.02,0.035,-2.41956681279e-14,0
244.0,-0.015,0.03,-9.28954381507e-15,0
244.0,-0.015,0.035,-2.22967631897e-14,0
244.0,-0.02,0.04,-3.7376581075e-14,0
244.0,-0.02,0.045,-5.33400424879e-14,0
244.0,-0.015,0.04,-3.85966408246e-14,0
244.0,-0.015,0.045,-5.83437200251e-14,0
244.0,-0.02,0.05,-7.08391258354e-14,0
244.0,-0.02,0.055,-8.90619907851e-14,0
244.0,-0.015,0.05,-8.00100435146e-14,0
244.0,-0.015,0.055,-1.02600562814e-13,0
244.0,-0.02,0.06,-1.0757581071e-13,0
244.0,-0.02,0.065,-1.26329461084e-13,0
244.0,-0.015,0.06,-1.25565303972e-13,0
244.0,-0.015,0.065,-1.48779930973e-13,0
244.0,-0.02,0.07,-1.4563986577e-13,0
244.0,-0.02,0.075,-1.66295852674e-13,0
244.0,-0.015,0.07,-1.72605389339e-13,0
244.0,-0.015,0.075,-1.97908542732e-13,0
244.0,-0.01,-0.075,-2.13502066118e-13,0
244.0,-0.01,-0.07,-1.86124352213e-13,0
244.0,-0.005,-0.075,-2.29629085246e-13,0
244.0,-0.005,-0.07,-1.99973207793e-13,0
244.0,-0.01,-0.065,-1.60309231711e-13,0
244.0,-0.005,-0.065,-1.71956284819e-13,0
244.0,-0.01,-0.06,-1.35052657005e-13,0
244.0,-0.005,-0.06,-1.44557017053e-13,0
244.0,-0.01,-0.055,-1.09968957227e-13,0
244.0,-0.005,-0.055,-1.17350119048e-13,0
244.0,-0.01,-0.05,-8.51623302263e-14,0
244.0,-0.005,-0.05,-9.04793053169e-14,0
244.0,-0.01,-0.045,-6.12313158149e-14,0
244.0,-0.005,-0.045,-6.4581731144e-14,0
244.0,-0.01,-0.04,-3.9245243424e-14,0
244.0,-0.005,-0.04,-4.07817462453e-14,0
244.0,-0.01,-0.035,-2.07785952064e-14,0
244.0,-0.005,-0.035,-2.06758844678e-14,0
244.0,-0.01,-0.03,-5.81027899795e-15,0
244.0,-0.005,-0.03,-4.31462553125e-15,0
244.0,-0.01,-0.025,7.13802111213e-15,0
244.0,-0.005,-0.025,9.44706548837e-15,0
244.0,-0.01,-0.02,1.77967633221e-14,0
244.0,-0.01,-0.015,2.56347706114e-14,0
244.0,-0.005,-0.02,2.04370650069e-14,0
244.0,-0.005,-0.015,2.803342222e-14,0
244.0,-0.0117873230072,-0.0115873794689,2.75664378536e-14,0
244.0,-0.00939961996336,-0.005,3.10028978428e-14,0
244.0,-0.00792797428371,-0.00964253216809,3.07622679991e-14,0
244.0,-0.005,-0.00939961996336,3.0280996262e-14,0
244.0,-0.0108753492546,-0.00150606400588,3.11726324162e-14,0
244.0,-0.00818101620308,-0.00211452602544,2.87732068341e-14,0
244.0,-0.00651817360753,-0.000255934956239,2.29559192537e-14,0
244.0,-0.005,6.71033969428e-08,1.14647934994e-14,0
244.0,-0.0107292118043,0.00160660295843,3.10576197108e-14,0
244.0,-0.0080188992252,0.000768320427092,2.78113132788e-14,0
244.0,-0.00939946851065,0.005,3.0732898537e-14,0
244.0,-0.00802129342231,0.00264911934363,2.87058380807e-14,0
244.0,-0.00887989370213,0.00887989479405,3.03517263261e-14,0
244.0,-0.01,0.015,2.50792738997e-14,0
244.0,-0.005,0.00939947397025,2.98895995335e-14,0
244.0,-0.005,0.015,2.75937585967e-14,0
244.0,-0.01,0.02,1.73410338976e-14,0
244.0,-0.01,0.025,6.83620560051e-15,0
244.0,-0.005,0.02,2.02162649981e-14,0
244.0,-0.005,0.025,9.57100264915e-15,0
244.0,-0.01,0.03,-6.0185918681e-15,0
244.0,-0.01,0.035,-2.09927585114e-14,0
244.0,-0.005,0.03,-3.95305692883e-15,0
244.0,-0.005,0.035,-2.03113294616e-14,0
244.0,-0.01,0.04,-3.97125994447e-14,0
244.0,-0.01,0.045,-6.22829163789e-14,0
244.0,-0.005,0.04,-4.07297249095e-14,0
244.0,-0.005,0.045,-6.51039957562e-14,0
244.0,-0.01,0.05,-8.70516601772e-14,0
244.0,-0.01,0.055,-1.12898661361e-13,0
244.0,-0.005,0.05,-9.18092638256e-14,0
244.0,-0.005,0.055,-1.1968460104e-13,0
244.0,-0.01,0.06,-1.39177439208e-13,0
244.0,-0.01,0.065,-1.65741921203e-13,0
244.0,-0.005,0.06,-1.48047785309e-13,0
244.0,-0.005,0.065,-1.76710343314e-13,0
244.0,-0.01,0.07,-1.92946688113e-13,0
244.0,-0.01,0.075,-2.21783254911e-13,0
244.0,-0.005,0.07,-2.06062656333e-13,0
244.0,-0.005,0.075,-2.37107535533e-13,0
244.0,0,-0.075,-2.36925839682e-13,0
244.0,0,-0.07,-2.06297914244e-13,0
244.0,0.005,-0.075,-2.35004858449e-13,0
244.0,0.005,-0.07,-2.04842465032e-13,0
244.0,0,-0.065,-1.77409362965e-13,0
244.0,0.005,-0.065,-1.76417276769e-13,0
244.0,0,-0.06,-1.49164191888e-13,0
244.0,0.005,-0.06,-1.48678452782e-13,0
244.0,0,-0.055,-1.21148155525e-13,0
244.0,0.005,-0.055,-1.21176581097e-13,0
244.0,0,-0.05,-9.34864158149e-14,0
244.0,0.005,-0.05,-9.40349963426e-14,0
244.0,0,-0.045,-6.68350212038e-14,0
244.0,0.005,-0.045,-6.78726115245e-14,0
244.0,0,-0.04,-4.23365656737e-14,0
244.0,0.005,-0.04,-4.38102888847e-14,0
244.0,0,-0.035,-2.15674003501e-14,0
244.0,0.005,-0.035,-2.35205312391e-14,0
244.0,0,-0.03,-4.64156061256e-15,0
244.0,0.005,-0.03,-7.02329027001e-15,0
244.0,0,-0.025,9.41122374576e-15,0
244.0,0.005,-0.025,7.0520808604e-15,0
244.0,0,-0.02,2.04699619023e-14,0
244.0,0.005,-0.02,1.85440672481e-14,0
244.0,0,-0.015,2.80731650414e-14,0
244.0,0.005,-0.015,2.70626654289e-14,0
244.0,-0.0021196717084,-0.00776771017156,2.66857507966e-14,0
244.0,-0.00084550708518,-0.00631514607954,2.11983639834e-14,0
244.0,6.71033969406e-08,-0.005,1.17904025133e-14,0
244.0,-0.00139054260708,-0.0110960807567,2.98638075759e-14,0
244.0,0.00132468676756,-0.00775008274642,2.61780491844e-14,0
244.0,0.00160394440688,-0.0116908851489,2.98261795851e-14,0
244.0,0.005,-0.00939946851065,3.04600323439e-14,0
244.0,0.005,0.005,2.54742264571e-14,0
244.0,-0.000107646311398,0.00617659695633,2.02641069444e-14,0
244.0,-0.00190846935279,0.0076427502668,2.60203198468e-14,0
244.0,0.00131146485568,0.00777290068297,2.57132796678e-14,0
244.0,0.00295884413402,0.00640276348073,2.41946208041e-14,0
244.0,-1.21517769428e-05,0.0108932602996,2.92772751069e-14,0
244.0,0,0.015,2.78473311375e-14,0
244.0,0.005,0.00939942566771,2.98445182182e-14,0
244.0,0.005,0.015,2.69958048911e-14,0
244.0,0,0.02,2.06428945962e-14,0
244.0,0,0.025,1.00981257446e-14,0
244.0,0.005,0.02,1.9060277698e-14,0
244.0,0.005,0.025,8.11402762318e-15,0
244.0,0,0.03,-3.61758324356e-15,0
244.0,0,0.035,-2.06053001124e-14,0
244.0,0.005,0.03,-5.58697610917e-15,0
244.0,0.005,0.035,-2.20026734465e-14,0
244.0,0,0.04,-4.16931767897e-14,0
244.0,0,0.045,-6.67198826156e-14,0
244.0,0.005,0.04,-4.25116127052e-14,0
244.0,0.005,0.045,-6.70473100287e-14,0
244.0,0,0.05,-9.41363089835e-14,0
244.0,0,0.055,-1.22762129231e-13,0
244.0,0.005,0.05,-9.39298371931e-14,0
244.0,0.005,0.055,-1.21995523442e-13,0
244.0,0,0.06,-1.51891710644e-13,0
244.0,0,0.065,-1.81350570429e-13,0
244.0,0.005,0.06,-1.50568605741e-13,0
244.0,0.005,0.065,-1.79469970676e-13,0
244.0,0,0.07,-2.11512492522e-13,0
244.0,0,0.075,-2.43449331644e-13,0
244.0,0.005,0.07,-2.09103052816e-13,0
244.0,0.005,0.075,-2.40488400709e-13,0
244.0,0.01,-0.075,-2.23893391566e-13,0
244.0,0.01,-0.07,-1.95527792353e-13,0
244.0,0.015,-0.075,-2.03742005435e-13,0
244.0,0.015,-0.07,-1.78533931664e-13,0
244.0,0.01,-0.065,-1.68917068261e-13,0
244.0,0.015,-0.065,-1.54997008909e-13,0
244.0,0.01,-0.06,-1.42999864401e-13,0
244.0,0.015,-0.06,-1.32179058696e-13,0
244.0,0.01,-0.055,-1.17345904947e-13,0
244.0,0.015,-0.055,-1.0962942298e-13,0
244.0,0.01,-0.05,-9.20189904037e-14,0
244.0,0.015,-0.05,-8.73757994907e-14,0
244.0,0.01,-0.045,-6.75842054852e-14,0
244.0,0.015,-0.045,-6.58609056171e-14,0
244.0,0.01,-0.04,-4.51008203139e-14,0
244.0,0.015,-0.04,-4.59790466343e-14,0
244.0,0.01,-0.035,-2.61998815259e-14,0
244.0,0.015,-0.035,-2.91614252201e-14,0
244.0,0.01,-0.03,-1.0764471955e-14,0
244.0,0.015,-0.03,-1.52985412191e-14,0
244.0,0.01,-0.025,2.84742299651e-15,0
244.0,0.015,-0.025,-2.8202171962e-15,0
244.0,0.01,-0.02,1.44720937031e-14,0
244.0,0.01,-0.015,2.39721086904e-14,0
244.0,0.015,-0.02,8.23751808315e-15,0
244.0,0.015,-0.015,1.80444843459e-14,0
244.0,0.00999280436795,-0.0116358337096,2.86869006234e-14,0
244.0,0.0105889214373,-0.00845762197625,3.13689926527e-14,0
244.0,0.015,-0.01,2.59854181745e-14,0
244.0,0.00939947397025,-0.005,3.31876495189e-14,0
244.0,0.015,-0.005,3.10791965752e-14,0
244.0,0.00658051136513,-0.00296146438142,2.81654106283e-14,0
244.0,0.00636794669772,-3.54305826484e-06,2.447482693e-14,0
244.0,0.00795807888052,-0.00113999998936,3.10771440765e-14,0
244.0,0.00758147027913,0.00183630393596,2.99910120668e-14,0
244.0,0.0112534647756,-1.47536350887e-07,3.51079037296e-14,0
244.0,0.015,4.16333634234e-19,3.30196164814e-14,0
244.0,0.00939942566771,0.005,3.2672845393e-14,0
244.0,0.015,0.005,3.10149297337e-14,0
244.0,0.00999018807453,0.0109670628501,2.91948701624e-14,0
244.0,0.01,0.015,2.42204121949e-14,0
244.0,0.015,0.01,2.61989654841e-14,0
244.0,0.015,0.015,1.87995443183e-14,0
244.0,0.01,0.02,1.53686575138e-14,0
244.0,0.01,0.025,4.26444388611e-15,0
244.0,0.015,0.02,9.56253548761e-15,0
244.0,0.015,0.025,-9.91707856589e-16,0
244.0,0.01,0.03,-8.96390693033e-15,0
244.0,0.01,0.035,-2.41809339746e-14,0
244.0,0.015,0.03,-1.30527173435e-14,0
244.0,0.015,0.035,-2.66129662521e-14,0
244.0,0.01,0.04,-4.31458622414e-14,0
244.0,0.01,0.045,-6.60277536297e-14,0
244.0,0.015,0.04,-4.33803998193e-14,0
244.0,0.015,0.045,-6.35940194822e-14,0
244.0,0.01,0.05,-9.11372206398e-14,0
244.0,0.01,0.055,-1.17353003765e-13,0
244.0,0.015,0.05,-8.57506934906e-14,0
244.0,0.015,0.055,-1.08869534209e-13,0
244.0,0.01,0.06,-1.44039883898e-13,0
244.0,0.01,0.065,-1.71070116215e-13,0
244.0,0.015,0.06,-1.32420411988e-13,0
244.0,0.015,0.065,-1.56305184111e-13,0
244.0,0.01,0.07,-1.98822745461e-13,0
244.0,0.01,0.075,-2.28324048085e-13,0
244.0,0.015,0.07,-1.80919748674e-13,0
244.0,0.015,0.075,-2.0717862039e-13,0
244.0,0.02,-0.075,-1.75120202244e-13,0
244.0,0.02,-0.07,-1.54230931991e-13,0
244.0,0.025,-0.075,-1.38736910963e-13,0
244.0,0.025,-0.07,-1.2324271508e-13,0
244.0,0.02,-0.065,-1.34940681588e-13,0
244.0,0.025,-0.065,-1.09186725448e-13,0
244.0,0.02,-0.06,-1.1636521303e-13,0
244.0,0.025,-0.06,-9.58552891234e-14,0
244.0,0.02,-0.055,-9.80926198286e-14,0
244.0,0.025,-0.055,-8.28528214023e-14,0
244.0,0.02,-0.05,-8.00647707115e-14,0
244.0,0.025,-0.05,-7.0076016643e-14,0
244.0,0.02,-0.045,-6.25850694153e-14,0
244.0,0.025,-0.045,-5.76369386731e-14,0
244.0,0.02,-0.04,-4.63049123422e-14,0
244.0,0.025,-0.04,-4.58833372846e-14,0
244.0,0.02,-0.035,-3.23053857663e-14,0
244.0,0.025,-0.035,-3.54474714221e-14,0
244.0,0.02,-0.03,-2.05694218014e-14,0
244.0,0.025,-0.03,-2.64044201891e-14,0
244.0,0.02,-0.025,-9.86039565727e-15,0
244.0,0.025,-0.025,-1.80581883175e-14,0
244.0,0.02,-0.02,-1.41439077047e-16,0
244.0,0.025,-0.02,-1.04472365838e-14,0
244.0,0.02,-0.015,8.80004941002e-15,0
244.0,0.025,-0.015,-3.50112513777e-15,0
244.0,0.02,-0.01,1.63807180915e-14,0
244.0,0.025,-0.01,2.15037827506e-15,0
244.0,0.02,-0.005,2.12855509879e-14,0
244.0,0.025,-0.005,6.05772732389e-15,0
244.0,0.02,0,2.30782230598e-14,0
244.0,0.025,4.16333634234e-19,7.70963579148e-15,0
244.0,0.02,0.005,2.15133202669e-14,0
244.0,0.025,0.005,6.33776539672e-15,0
244.0,0.02,0.01,1.70197373076e-14,0
244.0,0.025,0.01,2.90743110247e-15,0
244.0,0.02,0.015,9.9811347156e-15,0
244.0,0.025,0.015,-2.10499742153e-15,0
244.0,0.02,0.02,1.56802605366e-15,0
244.0,0.02,0.025,-7.63204131575e-15,0
244.0,0.025,0.02,-8.46356257e-15,0
244.0,0.025,0.025,-1.54926760771e-14,0
244.0,0.02,0.03,-1.78559336691e-14,0
244.0,0.02,0.035,-2.91910450107e-14,0
244.0,0.025,0.03,-2.324677632e-14,0
244.0,0.025,0.035,-3.17736768921e-14,0
244.0,0.02,0.04,-4.30696609625e-14,0
244.0,0.02,0.045,-5.96619128886e-14,0
244.0,0.025,0.04,-4.20618468333e-14,0
244.0,0.025,0.045,-5.41781687729e-14,0
244.0,0.02,0.05,-7.77865999059e-14,0
244.0,0.02,0.055,-9.66735543223e-14,0
244.0,0.025,0.05,-6.73050268564e-14,0
244.0,0.025,0.055,-8.09503989477e-14,0
244.0,0.02,0.06,-1.1592355219e-13,0
244.0,0.02,0.065,-1.35521196905e-13,0
244.0,0.025,0.06,-9.49043604633e-14,0
244.0,0.025,0.065,-1.09208581715e-13,0
244.0,0.02,0.07,-1.55825769903e-13,0
244.0,0.02,0.075,-1.77684903286e-13,0
244.0,0.025,0.07,-1.24214489076e-13,0
244.0,0.025,0.075,-1.40602179778e-13,0
244.0,0.03,-0.075,-9.56754346099e-14,0
244.0,0.03,-0.07,-8.63827366314e-14,0
244.0,0.035,-0.075,-4.71615836258e-14,0
244.0,0.035,-0.07,-4.46843834959e-14,0
244.0,0.03,-0.065,-7.83623328606e-14,0
244.0,0.035,-0.065,-4.32500270992e-14,0
244.0,0.03,-0.06,-7.10508792113e-14,0
244.0,0.035,-0.06,-4.25059638229e-14,0
244.0,0.03,-0.055,-6.4120855284e-14,0
244.0,0.035,-0.055,-4.21868296297e-14,0
244.0,0.03,-0.05,-5.74025344415e-14,0
244.0,0.035,-0.05,-4.20946475578e-14,0
244.0,0.03,-0.045,-5.08607937627e-14,0
244.0,0.035,-0.045,-4.20432025307e-14,0
244.0,0.03,-0.04,-4.45081587124e-14,0
244.0,0.035,-0.04,-4.18085544809e-14,0
244.0,0.03,-0.035,-3.83936159465e-14,0
244.0,0.035,-0.035,-4.08958303561e-14,0
244.0,0.03,-0.03,-3.26040002716e-14,0
244.0,0.035,-0.03,-3.89571978879e-14,0
244.0,0.03,-0.025,-2.71471795388e-14,0
244.0,0.035,-0.025,-3.68570017355e-14,0
244.0,0.03,-0.02,-2.22108485447e-14,0
244.0,0.035,-0.02,-3.49607747963e-14,0
244.0,0.03,-0.015,-1.77880494229e-14,0
244.0,0.035,-0.015,-3.3121957271e-14,0
244.0,0.03,-0.01,-1.41694784002e-14,0
244.0,0.035,-0.01,-3.15015711295e-14,0
244.0,0.03,-0.005,-1.14600217548e-14,0
244.0,0.035,-0.005,-3.01171871285e-14,0
244.0,0.03,0,-1.01982576885e-14,0
244.0,0.035,4.16333634234e-19,-2.93097379435e-14,0
244.0,0.03,0.005,-1.10584420898e-14,0
244.0,0.035,0.005,-2.9528920154e-14,0
244.0,0.03,0.01,-1.32554894416e-14,0
244.0,0.035,0.01,-3.03082776234e-14,0
244.0,0.03,0.015,-1.62318359347e-14,0
244.0,0.035,0.015,-3.12789656326e-14,0
244.0,0.03,0.02,-2.00126701066e-14,0
244.0,0.035,0.02,-3.24676015651e-14,0
244.0,0.03,0.025,-2.4312771607e-14,0
244.0,0.035,0.025,-3.37422296102e-14,0
244.0,0.03,0.03,-2.90455306823e-14,0
244.0,0.03,0.035,-3.41942099181e-14,0
244.0,0.035,0.03,-3.50380079683e-14,0
244.0,0.035,0.035,-3.63204613166e-14,0
244.0,0.03,0.04,-4.02431856652e-14,0
244.0,0.03,0.045,-4.70977345379e-14,0
244.0,0.035,0.04,-3.7487610161e-14,0
244.0,0.035,0.045,-3.8374747108e-14,0
244.0,0.03,0.05,-5.43922903451e-14,0
244.0,0.03,0.055,-6.19717273635e-14,0
244.0,0.035,0.05,-3.91722889562e-14,0
244.0,0.035,0.055,-4.00556692436e-14,0
244.0,0.03,0.06,-6.98068204334e-14,0
244.0,0.03,0.065,-7.80281881882e-14,0
244.0,0.035,0.06,-4.11966991756e-14,0
244.0,0.035,0.065,-4.27663629034e-14,0
244.0,0.03,0.07,-8.69279511765e-14,0
244.0,0.03,0.075,-9.70418926113e-14,0
244.0,0.035,0.07,-4.50038939813e-14,0
244.0,0.035,0.075,-4.82345304977e-14,0
244.0,0.04,-0.075,5.31502038399e-15,0
244.0,0.04,-0.07,6.60517827072e-16,0
244.0,0.045,-0.075,6.01699887677e-14,0
244.0,0.045,-0.07,4.83342420575e-14,0
244.0,0.04,-0.065,-4.79363393962e-15,0
244.0,0.045,-0.065,3.5949008772e-14,0
244.0,0.04,-0.06,-1.09030113275e-14,0
244.0,0.045,-0.06,2.29394227348e-14,0
244.0,0.04,-0.055,-1.74841370701e-14,0
244.0,0.045,-0.055,9.407569223e-15,0
244.0,0.04,-0.05,-2.43021626499e-14,0
244.0,0.045,-0.05,-4.38526685008e-15,0
244.0,0.04,-0.045,-3.10491145023e-14,0
244.0,0.045,-0.045,-1.80164754837e-14,0
244.0,0.04,-0.04,-3.72450086549e-14,0
244.0,0.045,-0.04,-3.08948971851e-14,0
244.0,0.04,-0.035,-4.20974404349e-14,0
244.0,0.045,-0.035,-4.21395829178e-14,0
244.0,0.04,-0.03,-4.52508244989e-14,0
244.0,0.045,-0.03,-5.10390338433e-14,0
244.0,0.04,-0.025,-4.72648017925e-14,0
244.0,0.045,-0.025,-5.79021488401e-14,0
244.0,0.04,-0.02,-4.85197622238e-14,0
244.0,0.045,-0.02,-6.26200797268e-14,0
244.0,0.04,-0.015,-4.93016686946e-14,0
244.0,0.045,-0.015,-6.61786304373e-14,0
244.0,0.04,-0.01,-4.96629641014e-14,0
244.0,0.045,-0.01,-6.86619782733e-14,0
244.0,0.04,-0.005,-4.95932778082e-14,0
244.0,0.045,-0.005,-6.99800271804e-14,0
244.0,0.04,0,-4.9248384341e-14,0
244.0,0.045,4.16333634234e-19,-7.01594048278e-14,0
244.0,0.04,0.005,-4.88042759087e-14,0
244.0,0.045,0.005,-6.89661978204e-14,0
244.0,0.04,0.01,-4.81326126934e-14,0
244.0,0.045,0.01,-6.67709964322e-14,0
244.0,0.04,0.015,-4.70425329199e-14,0
244.0,0.045,0.015,-6.3476693087e-14,0
244.0,0.04,0.02,-4.55244485677e-14,0
244.0,0.045,0.02,-5.90654234066e-14,0
244.0,0.04,0.025,-4.35355656572e-14,0
244.0,0.045,0.025,-5.3542047357e-14,0
244.0,0.04,0.03,-4.10211047547e-14,0
244.0,0.045,0.03,-4.68009249504e-14,0
244.0,0.04,0.035,-3.79543275237e-14,0
244.0,0.045,0.035,-3.88462564715e-14,0
244.0,0.04,0.04,-3.35920242194e-14,0
244.0,0.04,0.045,-2.79238088137e-14,0
244.0,0.045,0.04,-2.81391783356e-14,0
244.0,0.045,0.045,-1.55830785096e-14,0
244.0,0.04,0.05,-2.17640162446e-14,0
244.0,0.04,0.055,-1.55987989291e-14,0
244.0,0.045,0.05,-2.35465679235e-15,0
244.0,0.045,0.055,1.09308695938e-14,0
244.0,0.04,0.06,-9.72072886476e-15,0
244.0,0.04,0.065,-4.33978470136e-15,0
244.0,0.045,0.06,2.38762285866e-14,0
244.0,0.045,0.065,3.62486187667e-14,0
244.0,0.04,0.07,3.89808055145e-16,0
244.0,0.04,0.075,4.35164135719e-15,0
244.0,0.045,0.07,4.79789280398e-14,0
244.0,0.045,0.075,5.9170940163e-14,0
244.0,0.05,-0.075,1.15768700291e-13,0
244.0,0.05,-0.07,9.69794448799e-14,0
244.0,0.055,-0.075,1.70533114994e-13,0
244.0,0.055,-0.07,1.45317314105e-13,0
244.0,0.05,-0.065,7.78672914154e-14,0
244.0,0.055,-0.065,1.19904669665e-13,0
244.0,0.05,-0.06,5.81275608067e-14,0
244.0,0.055,-0.06,9.37802113939e-14,0
244.0,0.05,-0.055,3.77796894271e-14,0
244.0,0.055,-0.055,6.68887406099e-14,0
244.0,0.05,-0.05,1.71163313124e-14,0
244.0,0.055,-0.05,3.95486041207e-14,0
244.0,0.05,-0.045,-3.34486270128e-15,0
244.0,0.055,-0.045,1.23859740318e-14,0
244.0,0.05,-0.04,-2.28732423746e-14,0
244.0,0.055,-0.04,-1.37663476954e-14,0
244.0,0.05,-0.035,-4.05799989606e-14,0
244.0,0.055,-0.035,-3.79541329113e-14,0
244.0,0.05,-0.03,-5.5674564722e-14,0
244.0,0.055,-0.03,-5.93397387704e-14,0
244.0,0.05,-0.025,-6.78849417678e-14,0
244.0,0.055,-0.025,-7.73483870919e-14,0
244.0,0.05,-0.02,-7.71845642251e-14,0
244.0,0.055,-0.02,-9.17765423236e-14,0
244.0,0.05,-0.015,-8.42013381601e-14,0
244.0,0.055,-0.015,-1.02843323613e-13,0
244.0,0.05,-0.01,-8.91590325272e-14,0
244.0,0.055,-0.01,-1.10663972642e-13,0
244.0,0.05,-0.005,-9.20120644117e-14,0
244.0,0.055,-0.005,-1.15195268056e-13,0
244.0,0.05,0,-9.26307007806e-14,0
244.0,0.055,4.16333634234e-19,-1.16321719726e-13,0
244.0,0.05,0.005,-9.08494439973e-14,0
244.0,0.055,0.005,-1.13967053996e-13,0
244.0,0.05,0.01,-8.69726783453e-14,0
244.0,0.055,0.01,-1.08344856849e-13,0
244.0,0.05,0.015,-8.11270244158e-14,0
244.0,0.055,0.015,-9.96358498747e-14,0
244.0,0.05,0.02,-7.33253933309e-14,0
244.0,0.055,0.02,-8.79240818644e-14,0
244.0,0.05,0.025,-6.35572492609e-14,0
244.0,0.055,0.025,-7.32675421586e-14,0
244.0,0.05,0.03,-5.17252320022e-14,0
244.0,0.055,0.03,-5.56775921581e-14,0
244.0,0.05,0.035,-3.75932105898e-14,0
244.0,0.055,0.035,-3.51145904183e-14,0
244.0,0.05,0.04,-2.05520600941e-14,0
244.0,0.055,0.04,-1.15810210609e-14,0
244.0,0.05,0.045,-1.39060701677e-15,0
244.0,0.055,0.045,1.41197084131e-14,0
244.0,0.05,0.05,1.87169151654e-14,0
244.0,0.05,0.055,3.89497196921e-14,0
244.0,0.055,0.05,4.08791655049e-14,0
244.0,0.055,0.055,6.77843236195e-14,0
244.0,0.05,0.06,5.87840171533e-14,0
244.0,0.05,0.065,7.79511461212e-14,0
244.0,0.055,0.06,9.41829418654e-14,0
244.0,0.055,0.065,1.19762129794e-13,0
244.0,0.05,0.07,9.64581236707e-14,0
244.0,0.05,0.075,1.14637867155e-13,0
244.0,0.055,0.07,1.44595889215e-13,0
244.0,0.055,0.075,1.69219110705e-13,0
244.0,0.06,-0.075,2.23177514173e-13,0
244.0,0.06,-0.07,1.92286446812e-13,0
244.0,0.065,-0.075,2.72758250392e-13,0
244.0,0.065,-0.07,2.37240139287e-13,0
244.0,0.06,-0.065,1.61193294927e-13,0
244.0,0.065,-0.065,2.01238141546e-13,0
244.0,0.06,-0.06,1.29163193798e-13,0
244.0,0.065,-0.06,1.63834738865e-13,0
244.0,0.06,-0.055,9.60726011136e-14,0
244.0,0.065,-0.055,1.24903732299e-13,0
244.0,0.06,-0.05,6.22927675346e-14,0
244.0,0.065,-0.05,8.48880175445e-14,0
244.0,0.06,-0.045,2.854642633e-14,0
244.0,0.065,-0.045,4.4654638228e-14,0
244.0,0.06,-0.04,-4.20352002546e-15,0
244.0,0.065,-0.04,5.31188011436e-15,0
244.0,0.06,-0.035,-3.4912926596e-14,0
244.0,0.065,-0.035,-3.19386986592e-14,0
244.0,0.06,-0.03,-6.26090747704e-14,0
244.0,0.065,-0.03,-6.59589863223e-14,0
244.0,0.06,-0.025,-8.65399476146e-14,0
244.0,0.065,-0.025,-9.57972035301e-14,0
244.0,0.06,-0.02,-1.062488485e-13,0
244.0,0.065,-0.02,-1.20762115939e-13,0
244.0,0.06,-0.015,-1.21596135152e-13,0
244.0,0.065,-0.015,-1.40406641856e-13,0
244.0,0.06,-0.01,-1.32488954604e-13,0
244.0,0.065,-0.01,-1.54457401698e-13,0
244.0,0.06,-0.005,-1.38844636056e-13,0
244.0,0.065,-0.005,-1.62709836406e-13,0
244.0,0.06,0,-1.4055693039e-13,0
244.0,0.065,4.16333634234e-19,-1.65063515518e-13,0
244.0,0.06,0.005,-1.37622227739e-13,0
244.0,0.065,0.005,-1.61511450084e-13,0
244.0,0.06,0.01,-1.30178244758e-13,0
244.0,0.065,0.01,-1.5219335653e-13,0
244.0,0.06,0.015,-1.18429267538e-13,0
244.0,0.065,0.015,-1.37322629909e-13,0
244.0,0.06,0.02,-1.02545820896e-13,0
244.0,0.065,0.02,-1.17191300566e-13,0
244.0,0.06,0.025,-8.27233256994e-14,0
244.0,0.065,0.025,-9.21305974959e-14,0
244.0,0.06,0.03,-5.91473199639e-14,0
244.0,0.065,0.03,-6.25731003911e-14,0
244.0,0.06,0.035,-3.20891758795e-14,0
244.0,0.065,0.035,-2.90763509152e-14,0
244.0,0.06,0.04,-2.00410343833e-15,0
244.0,0.065,0.04,7.57919933487e-15,0
244.0,0.06,0.045,3.02195370449e-14,0
244.0,0.065,0.045,4.63439865518e-14,0
244.0,0.06,0.05,6.34877972843e-14,0
244.0,0.065,0.05,8.6027002134e-14,0
244.0,0.06,0.055,9.67847514339e-14,0
244.0,0.065,0.055,1.25500446236e-13,0
244.0,0.06,0.06,1.29362446272e-13,0
244.0,0.06,0.065,1.60844805599e-13,0
244.0,0.065,0.06,1.63879096021e-13,0
244.0,0.065,0.065,2.00713384564e-13,0
244.0,0.06,0.07,1.91363211669e-13,0
244.0,0.06,0.075,2.21665306579e-13,0
244.0,0.065,0.07,2.36130793063e-13,0
244.0,0.065,0.075,2.71053996953e-13,0
244.0,0.07,-0.075,3.19114055017e-13,0
244.0,0.07,-0.07,2.80181758267e-13,0
244.0,0.075,-0.075,3.62980130012e-13,0
244.0,0.075,-0.07,3.22043737409e-13,0
244.0,0.07,-0.065,2.40086050524e-13,0
244.0,0.075,-0.065,2.78568830602e-13,0
244.0,0.07,-0.06,1.97818489173e-13,0
244.0,0.075,-0.06,2.31748515749e-13,0
244.0,0.07,-0.055,1.53306878627e-13,0
244.0,0.075,-0.055,1.81682962061e-13,0
244.0,0.07,-0.05,1.07155510152e-13,0
244.0,0.075,-0.05,1.2926991567e-13,0
244.0,0.07,-0.045,6.04186630713e-14,0
244.0,0.075,-0.045,7.5785561769e-14,0
244.0,0.07,-0.04,1.44060210467e-14,0
244.0,0.075,-0.04,2.28184556409e-14,0
244.0,0.07,-0.035,-2.94768653792e-14,0
244.0,0.075,-0.035,-2.79738426476e-14,0
244.0,0.07,-0.03,-6.98844397627e-14,0
244.0,0.075,-0.03,-7.50074972595e-14,0
244.0,0.07,-0.025,-1.05646134786e-13,0
244.0,0.075,-0.025,-1.16842584603e-13,0
244.0,0.07,-0.02,-1.35828804696e-13,0
244.0,0.075,-0.02,-1.52357314391e-13,0
244.0,0.07,-0.015,-1.59763434939e-13,0
244.0,0.075,-0.015,-1.80614920676e-13,0
244.0,0.07,-0.01,-1.76967464245e-13,0
244.0,0.075,-0.01,-2.01040993455e-13,0
244.0,0.07,-0.005,-1.87154079472e-13,0
244.0,0.075,-0.005,-2.13156619299e-13,0
244.0,0.07,0,-1.90148812536e-13,0
244.0,0.075,0,-2.16818729379e-13,0
244.0,0.07,0.005,-1.8596300712e-13,0
244.0,0.075,0.005,-2.11934705388e-13,0
244.0,0.07,0.01,-1.74719514318e-13,0
244.0,0.075,0.01,-1.9873681517e-13,0
244.0,0.07,0.015,-1.56708670315e-13,0
244.0,0.075,0.015,-1.77488692102e-13,0
244.0,0.07,0.02,-1.32300009538e-13,0
244.0,0.075,0.02,-1.48749451621e-13,0
244.0,0.07,0.025,-1.02013135515e-13,0
244.0,0.075,0.025,-1.13122572656e-13,0
244.0,0.07,0.03,-6.64838376751e-14,0
244.0,0.075,0.03,-7.15096762295e-14,0
244.0,0.07,0.035,-2.65468472014e-14,0
244.0,0.075,0.035,-2.49439270857e-14,0
244.0,0.07,0.04,1.67489380418e-14,0
244.0,0.075,0.04,2.52432412107e-14,0
244.0,0.07,0.045,6.21463273696e-14,0
244.0,0.075,0.045,7.75526021778e-14,0
244.0,0.07,0.05,1.08273632132e-13,0
244.0,0.075,0.05,1.30374335345e-13,0
244.0,0.07,0.055,1.53825506152e-13,0
244.0,0.075,0.055,1.82136530598e-13,0
244.0,0.07,0.06,1.97741126563e-13,0
244.0,0.075,0.06,2.31563501619e-13,0
244.0,0.07,0.065,2.39410529858e-13,0
244.0,0.075,0.065,2.77755752513e-13,0
244.0,0.07,0.07,2.78904849834e-13,0
244.0,0.07,0.075,3.172329003e-13,0
244.0,0.075,0.07,3.20610742828e-13,0
244.0,0.075,0.075,3.60934550042e-13,0
246.0,-0.00382671281566,-0.00202612167119,0,0
246.0,-0.005,-0.005,2.55590657014e-14,0
246.0,-0.00197892066871,-0.00385133392306,0,0
246.0,-0.005,-0.00190753787223,1.55040788563e-14,0
246.0,-0.00433,0,0,0
246.0,-0.00190753787223,-0.005,1.53237445753e-14,0
246.0,0,-0.00433,0,0
246.0,-0.005,0.00190775150599,1.54931301067e-14,0
246.0,-0.00385133392306,0.00197892066871,0,0
246.0,0.00190775150599,-0.005,1.53065346383e-14,0
246.0,0.00202612167119,-0.00382671281566,0,0
246.0,-0.00202612167119,0.00382671281566,0,0
246.0,-0.005,0.005,2.54529579562e-14,0
246.0,-0.0019094272225,0.005,1.53451434722e-14,0
246.0,0,0.00433,0,0
246.0,0.00147766755988,0.00407006125046,0,0
246.0,8.32667268469e-19,0.005,1.16664272752e-14,0
246.0,0.00433,0,0,0
246.0,0.005,1.38777878078e-18,1.1393430088e-14,0
246.0,0.00407006125046,0.00147766755988,0,0
246.0,0.005,-0.005,2.6267985402e-14,0
246.0,0.00385133392306,-0.00197892066871,0,0
246.0,0.005,-0.0019094272225,1.56256591585e-14,0
246.0,0.00306177236254,0.00306177236254,0,0
246.0,0.0019094272225,0.005,1.55020522486e-14,0
246.0,0.005,0.0019094272225,1.5674073335e-14,0
246.0,-0.000885,-0.0015328649647,1.27151266542e-12,0
246.0,-0.0015328649647,-0.000885,1.27163504593e-12,0
246.0,-0.00186450691264,-0.00187567167242,8.43020503423e-13,0
246.0,-0.00177,0,1.27132678281e-12,0
246.0,-0.00268433516245,-0.000738983120158,7.59102525457e-13,0
246.0,0,-0.00177,1.27147430589e-12,0
246.0,-0.000718432264205,-0.00269192408424,7.57396368984e-13,0
246.0,-0.0015328649647,0.000885,1.26982231792e-12,0
246.0,-0.00265321485144,0.000647311733689,7.89885313996e-13,0
246.0,-0.000885,0.0015328649647,1.26819482039e-12,0
246.0,-0.00194719253591,0.00178443766524,8.43946809939e-13,0
246.0,0,0.00177,1.26408867997e-12,0
246.0,-0.000802720381054,0.00273415977115,7.17496288235e-13,0
246.0,0.000885,-0.0015328649647,1.27016315283e-12,0
246.0,0.00075154031863,-0.00270385456952,7.45286452295e-13,0
246.0,0.00177,0,1.26242844871e-12,0
246.0,0.0015328649647,-0.000885,1.26801074656e-12,0
246.0,0.00271471102228,-0.000564731152102,7.6091015225e-13,0
246.0,0.00192394637685,-0.00189207206672,8.10091540846e-13,0
246.0,0.00231817117671,0.00040530921667,9.87905201534e-13,0
246.0,0.0015328649647,0.000885,1.26069482246e-12,0
246.0,0.000885,0.0015328649647,1.26139987911e-12,0
246.0,0.000427053001345,0.00287092483521,6.8218596721e-13,0
246.0,0.00187618296239,0.00184774001435,8.33335834777e-13,0
246.0,0.00312733402203,0.000607809752493,5.19196413729e-13,0
246.0,0.00276214303706,0.00136595635004,5.76856425943e-13,0
246.0,0.0014100336009,0.00268674970267,6.04768576714e-13,0
246.0,-0.075,-0.075,3.20337716125e-13,0
246.0,-0.07,-0.075,2.85201894276e-13,0
246.0,-0.075,-0.07,2.80575645086e-13,0
246.0,-0.07,-0.07,2.47295404603e-13,0
246.0,-0.075,-0.065,2.38508987122e-13,0
246.0,-0.07,-0.065,2.08386436614e-13,0
246.0,-0.065,-0.075,2.47687315254e-13,0
246.0,-0.065,-0.07,2.12921417409e-13,0
246.0,-0.065,-0.065,1.77818417699e-13,0
246.0,-0.075,-0.06,1.93454635926e-13,0
246.0,-0.07,-0.06,1.67595520581e-13,0
246.0,-0.065,-0.06,1.41566783746e-13,0
246.0,-0.075,-0.055,1.45570312417e-13,0
246.0,-0.07,-0.055,1.24912970851e-13,0
246.0,-0.065,-0.055,1.04097325755e-13,0
246.0,-0.075,-0.05,9.57510330792e-14,0
246.0,-0.07,-0.05,8.09563864793e-14,0
246.0,-0.065,-0.05,6.5871358333e-14,0
246.0,-0.075,-0.045,4.52213852223e-14,0
246.0,-0.07,-0.045,3.67454795413e-14,0
246.0,-0.065,-0.045,2.77442399639e-14,0
246.0,-0.075,-0.04,-4.53883279363e-15,0
246.0,-0.07,-0.04,-6.49401284271e-15,0
246.0,-0.075,-0.035,-5.20407781225e-14,0
246.0,-0.07,-0.035,-4.75021739155e-14,0
246.0,-0.065,-0.04,-9.22759417256e-15,0
246.0,-0.065,-0.035,-4.39590757568e-14,0
246.0,-0.075,-0.03,-9.59123070113e-14,0
246.0,-0.07,-0.03,-8.51427579238e-14,0
246.0,-0.075,-0.025,-1.34939023567e-13,0
246.0,-0.07,-0.025,-1.18479702271e-13,0
246.0,-0.065,-0.03,-7.55249156938e-14,0
246.0,-0.065,-0.025,-1.03258205732e-13,0
246.0,-0.075,-0.02,-1.68166336527e-13,0
246.0,-0.07,-0.02,-1.46752395066e-13,0
246.0,-0.075,-0.015,-1.94731112923e-13,0
246.0,-0.07,-0.015,-1.69354060625e-13,0
246.0,-0.065,-0.02,-1.26685789409e-13,0
246.0,-0.065,-0.015,-1.45393483551e-13,0
246.0,-0.075,-0.01,-2.14025021115e-13,0
246.0,-0.07,-0.01,-1.85740120507e-13,0
246.0,-0.075,-0.005,-2.25482719854e-13,0
246.0,-0.07,-0.005,-1.95503208444e-13,0
246.0,-0.065,-0.01,-1.58997220651e-13,0
246.0,-0.065,-0.005,-1.67110652807e-13,0
246.0,-0.075,0,-2.2885598265e-13,0
246.0,-0.07,0,-1.98351815015e-13,0
246.0,-0.075,0.005,-2.23996917077e-13,0
246.0,-0.07,0.005,-1.94227614208e-13,0
246.0,-0.065,4.16333634234e-19,-1.69481224099e-13,0
246.0,-0.065,0.005,-1.66026800627e-13,0
246.0,-0.075,0.01,-2.11126142035e-13,0
246.0,-0.07,0.01,-1.83255702217e-13,0
246.0,-0.075,0.015,-1.90559174919e-13,0
246.0,-0.07,0.015,-1.6578945791e-13,0
246.0,-0.065,0.01,-1.56890325954e-13,0
246.0,-0.065,0.015,-1.4238385999e-13,0
246.0,-0.075,0.02,-1.62914545542e-13,0
246.0,-0.07,0.02,-1.42286511825e-13,0
246.0,-0.075,0.025,-1.28838222987e-13,0
246.0,-0.07,0.025,-1.13324212056e-13,0
246.0,-0.065,0.02,-1.22943048047e-13,0
246.0,-0.065,0.025,-9.89801362167e-14,0
246.0,-0.075,0.03,-8.92114401788e-14,0
246.0,-0.07,0.03,-7.95252295541e-14,0
246.0,-0.075,0.035,-4.49960497101e-14,0
246.0,-0.07,0.035,-4.16537703638e-14,0
246.0,-0.065,0.03,-7.09194866122e-14,0
246.0,-0.065,0.035,-3.92347506196e-14,0
246.0,-0.075,0.04,2.59700727618e-15,0
246.0,-0.07,0.04,-6.44670056959e-16,0
246.0,-0.075,0.045,5.22022205219e-14,0
246.0,-0.07,0.045,4.2370614619e-14,0
246.0,-0.065,0.04,-4.58976778338e-15,0
246.0,-0.065,0.045,3.20883086541e-14,0
246.0,-0.075,0.05,1.02346029469e-13,0
246.0,-0.07,0.05,8.61419201774e-14,0
246.0,-0.075,0.055,1.51571804626e-13,0
246.0,-0.07,0.055,1.2946377538e-13,0
246.0,-0.065,0.05,6.97176254663e-14,0
246.0,-0.065,0.055,1.07258726831e-13,0
246.0,-0.075,0.06,1.98688687945e-13,0
246.0,-0.07,0.06,1.71346841644e-13,0
246.0,-0.075,0.065,2.42842245917e-13,0
246.0,-0.07,0.065,2.11211884075e-13,0
246.0,-0.065,0.06,1.43885088654e-13,0
246.0,-0.065,0.065,1.79171945659e-13,0
246.0,-0.075,0.07,2.83919360046e-13,0
246.0,-0.07,0.07,2.49110869173e-13,0
246.0,-0.075,0.075,3.22648330896e-13,0
246.0,-0.07,0.075,2.85966880544e-13,0
246.0,-0.065,0.07,2.13228217523e-13,0
246.0,-0.065,0.075,2.46904539696e-13,0
246.0,-0.06,-0.075,2.06967990776e-13,0
246.0,-0.06,-0.07,1.76458325017e-13,0
246.0,-0.06,-0.065,1.45915951999e-13,0
246.0,-0.055,-0.075,1.63005007008e-13,0
246.0,-0.055,-0.07,1.3773311307e-13,0
246.0,-0.055,-0.065,1.12481671966e-13,0
246.0,-0.06,-0.06,1.14676517496e-13,0
246.0,-0.06,-0.055,8.26554116536e-14,0
246.0,-0.055,-0.06,8.6764131039e-14,0
246.0,-0.055,-0.055,6.05363757887e-14,0
246.0,-0.06,-0.05,5.02417953485e-14,0
246.0,-0.055,-0.05,3.41182853851e-14,0
246.0,-0.06,-0.045,1.81607926375e-14,0
246.0,-0.055,-0.045,8.1473763309e-15,0
246.0,-0.06,-0.04,-1.26301953719e-14,0
246.0,-0.055,-0.04,-1.65107917096e-14,0
246.0,-0.06,-0.035,-4.11405772263e-14,0
246.0,-0.055,-0.035,-3.88417237225e-14,0
246.0,-0.06,-0.03,-6.66128699201e-14,0
246.0,-0.06,-0.025,-8.87076748496e-14,0
246.0,-0.055,-0.03,-5.81685751968e-14,0
246.0,-0.055,-0.025,-7.45885541424e-14,0
246.0,-0.06,-0.02,-1.07259870858e-13,0
246.0,-0.06,-0.015,-1.22122268501e-13,0
246.0,-0.055,-0.02,-8.82932736589e-14,0
246.0,-0.055,-0.015,-9.93570345702e-14,0
246.0,-0.06,-0.01,-1.33003730817e-13,0
246.0,-0.06,-0.005,-1.39538924694e-13,0
246.0,-0.055,-0.01,-1.07628835659e-13,0
246.0,-0.055,-0.005,-1.12643729893e-13,0
246.0,-0.06,0,-1.41440546618e-13,0
246.0,-0.06,0.005,-1.38635535499e-13,0
246.0,-0.055,4.16333634234e-19,-1.14101320219e-13,0
246.0,-0.055,0.005,-1.11915267e-13,0
246.0,-0.06,0.01,-1.31250719695e-13,0
246.0,-0.06,0.015,-1.19629583761e-13,0
246.0,-0.055,0.01,-1.06219219584e-13,0
246.0,-0.055,0.015,-9.73614586643e-14,0
246.0,-0.06,0.02,-1.0419330151e-13,0
246.0,-0.06,0.025,-8.52505521535e-14,0
246.0,-0.055,0.02,-8.58723199947e-14,0
246.0,-0.055,0.025,-7.19004208443e-14,0
246.0,-0.06,0.03,-6.29540117771e-14,0
246.0,-0.06,0.035,-3.74685084989e-14,0
246.0,-0.055,0.03,-5.53726774255e-14,0
246.0,-0.055,0.035,-3.61222768455e-14,0
246.0,-0.06,0.04,-9.12380593749e-15,0
246.0,-0.06,0.045,2.13073829343e-14,0
246.0,-0.055,0.04,-1.40260850862e-14,0
246.0,-0.055,0.045,1.02061911107e-14,0
246.0,-0.06,0.05,5.28296410559e-14,0
246.0,-0.06,0.055,8.45014248499e-14,0
246.0,-0.055,0.05,3.55521900159e-14,0
246.0,-0.055,0.055,6.11647747081e-14,0
246.0,-0.06,0.06,1.15626486754e-13,0
246.0,-0.06,0.065,1.45851189272e-13,0
246.0,-0.055,0.06,8.64364822345e-14,0
246.0,-0.055,0.065,1.11081568127e-13,0
246.0,-0.06,0.07,1.75296882062e-13,0
246.0,-0.06,0.075,2.04661223508e-13,0
246.0,-0.055,0.07,1.35177141622e-13,0
246.0,-0.055,0.075,1.59236481709e-13,0
246.0,-0.05,-0.075,1.16460743308e-13,0
246.0,-0.05,-0.07,9.71522584124e-14,0
246.0,-0.045,-0.075,6.8309776112e-14,0
246.0,-0.045,-0.07,5.55038445156e-14,0
246.0,-0.05,-0.065,7.77999221841e-14,0
246.0,-0.045,-0.065,4.24926142568e-14,0
246.0,-0.05,-0.06,5.80834237842e-14,0
246.0,-0.05,-0.055,3.80034102998e-14,0
246.0,-0.045,-0.06,2.9148890212e-14,0
246.0,-0.045,-0.055,1.55264350283e-14,0
246.0,-0.05,-0.05,1.78270341134e-14,0
246.0,-0.05,-0.045,-1.93926760627e-15,0
246.0,-0.045,-0.05,1.84126344616e-15,0
246.0,-0.045,-0.045,-1.15338828935e-14,0
246.0,-0.05,-0.04,-2.05140034621e-14,0
246.0,-0.045,-0.04,-2.40227216994e-14,0
246.0,-0.05,-0.035,-3.68115066265e-14,0
246.0,-0.045,-0.035,-3.4539856572e-14,0
246.0,-0.05,-0.03,-5.00683435181e-14,0
246.0,-0.045,-0.03,-4.21550238129e-14,0
246.0,-0.05,-0.025,-6.102107859e-14,0
246.0,-0.045,-0.025,-4.84353893006e-14,0
246.0,-0.05,-0.02,-7.00923106891e-14,0
246.0,-0.05,-0.015,-7.75047533153e-14,0
246.0,-0.045,-0.02,-5.35185688603e-14,0
246.0,-0.045,-0.015,-5.75261968475e-14,0
246.0,-0.05,-0.01,-8.32811811741e-14,0
246.0,-0.05,-0.005,-8.68138223895e-14,0
246.0,-0.045,-0.01,-6.08197060476e-14,0
246.0,-0.045,-0.005,-6.27624283314e-14,0
246.0,-0.05,0,-8.78126607882e-14,0
246.0,-0.05,0.005,-8.6253508287e-14,0
246.0,-0.045,4.16333634234e-19,-6.32683489998e-14,0
246.0,-0.045,0.005,-6.23517260384e-14,0
246.0,-0.05,0.01,-8.22058516065e-14,0
246.0,-0.05,0.015,-7.60057489491e-14,0
246.0,-0.045,0.01,-6.00406747719e-14,0
246.0,-0.045,0.015,-5.6463975737e-14,0
246.0,-0.05,0.02,-6.83023949518e-14,0
246.0,-0.05,0.025,-5.90522930364e-14,0
246.0,-0.045,0.02,-5.22618096629e-14,0
246.0,-0.045,0.025,-4.70678943778e-14,0
246.0,-0.05,0.03,-4.80411005519e-14,0
246.0,-0.05,0.035,-3.48881814604e-14,0
246.0,-0.045,0.03,-4.07902156285e-14,0
246.0,-0.045,0.035,-3.33188999905e-14,0
246.0,-0.05,0.04,-1.89032755795e-14,0
246.0,-0.05,0.045,-8.31828373892e-16,0
246.0,-0.045,0.04,-2.31490249017e-14,0
246.0,-0.045,0.045,-1.12308945174e-14,0
246.0,-0.05,0.05,1.82366869232e-14,0
246.0,-0.05,0.055,3.75393292e-14,0
246.0,-0.045,0.05,1.37496466711e-15,0
246.0,-0.045,0.055,1.4119405564e-14,0
246.0,-0.05,0.06,5.65994441183e-14,0
246.0,-0.05,0.065,7.5182152963e-14,0
246.0,-0.045,0.06,2.66597845402e-14,0
246.0,-0.045,0.065,3.88105048481e-14,0
246.0,-0.05,0.07,9.33158734364e-14,0
246.0,-0.05,0.075,1.11340508855e-13,0
246.0,-0.045,0.07,5.05423542448e-14,0
246.0,-0.045,0.075,6.19960788342e-14,0
246.0,-0.04,-0.075,1.98229262408e-14,0
246.0,-0.04,-0.07,1.37908562786e-14,0
246.0,-0.035,-0.075,-2.76419593966e-14,0
246.0,-0.035,-0.07,-2.68740570779e-14,0
246.0,-0.04,-0.065,7.36495132427e-15,0
246.0,-0.035,-0.065,-2.67006596025e-14,0
246.0,-0.04,-0.06,6.04413413714e-16,0
246.0,-0.035,-0.06,-2.68789045691e-14,0
246.0,-0.04,-0.055,-6.37326667607e-15,0
246.0,-0.035,-0.055,-2.72248830285e-14,0
246.0,-0.04,-0.05,-1.33897065353e-14,0
246.0,-0.04,-0.045,-2.01878156013e-14,0
246.0,-0.035,-0.05,-2.7607597454e-14,0
246.0,-0.035,-0.045,-2.78988153655e-14,0
246.0,-0.04,-0.04,-2.63454574947e-14,0
246.0,-0.04,-0.035,-3.11246495806e-14,0
246.0,-0.035,-0.04,-2.79767362281e-14,0
246.0,-0.035,-0.035,-2.77017179844e-14,0
246.0,-0.04,-0.03,-3.44725889462e-14,0
246.0,-0.035,-0.03,-2.72424271201e-14,0
246.0,-0.04,-0.025,-3.7102298395e-14,0
246.0,-0.035,-0.025,-2.65810877155e-14,0
246.0,-0.04,-0.02,-3.9026651395e-14,0
246.0,-0.035,-0.02,-2.57234318024e-14,0
246.0,-0.04,-0.015,-4.02792505457e-14,0
246.0,-0.035,-0.015,-2.46972109551e-14,0
246.0,-0.04,-0.01,-4.08798268861e-14,0
246.0,-0.04,-0.005,-4.11338274623e-14,0
246.0,-0.035,-0.01,-2.3401112316e-14,0
246.0,-0.035,-0.005,-2.24667247995e-14,0
246.0,-0.04,0,-4.11279132068e-14,0
246.0,-0.04,0.005,-4.08440883809e-14,0
246.0,-0.035,4.16333634234e-19,-2.20697286914e-14,0
246.0,-0.035,0.005,-2.22711217566e-14,0
246.0,-0.04,0.01,-4.03310248363e-14,0
246.0,-0.04,0.015,-3.95315837661e-14,0
246.0,-0.035,0.01,-2.30313096143e-14,0
246.0,-0.035,0.015,-2.4194289366e-14,0
246.0,-0.04,0.02,-3.81527477295e-14,0
246.0,-0.04,0.025,-3.61853010703e-14,0
246.0,-0.035,0.02,-2.51638023506e-14,0
246.0,-0.035,0.025,-2.60345809688e-14,0
246.0,-0.04,0.03,-3.36183544498e-14,0
246.0,-0.04,0.035,-3.04504687732e-14,0
246.0,-0.035,0.03,-2.68028354673e-14,0
246.0,-0.035,0.035,-2.74790777774e-14,0
246.0,-0.04,0.04,-2.60662782798e-14,0
246.0,-0.04,0.045,-2.05406209306e-14,0
246.0,-0.035,0.04,-2.81724898156e-14,0
246.0,-0.035,0.045,-2.87614944841e-14,0
246.0,-0.04,0.05,-1.45724338739e-14,0
246.0,-0.04,0.055,-8.55427127878e-15,0
246.0,-0.035,0.05,-2.93398237565e-14,0
246.0,-0.035,0.055,-2.99951715612e-14,0
246.0,-0.04,0.06,-2.7120753579e-15,0
246.0,-0.04,0.065,2.80394503566e-15,0
246.0,-0.035,0.06,-3.08238457024e-14,0
246.0,-0.035,0.065,-3.19279962166e-14,0
246.0,-0.04,0.07,7.89817008426e-15,0
246.0,-0.04,0.075,1.25188061618e-14,0
246.0,-0.035,0.07,-3.34724105734e-14,0
246.0,-0.035,0.075,-3.56953512327e-14,0
246.0,-0.03,-0.075,-7.27016632575e-14,0
246.0,-0.03,-0.07,-6.5357350475e-14,0
246.0,-0.025,-0.075,-1.1399134499e-13,0
246.0,-0.025,-0.07,-1.00567739787e-13,0
246.0,-0.03,-0.065,-5.88169582083e-14,0
246.0,-0.025,-0.065,-8.81257455229e-14,0
246.0,-0.03,-0.06,-5.26489362368e-14,0
246.0,-0.025,-0.06,-7.60964629745e-14,0
246.0,-0.03,-0.055,-4.66262242354e-14,0
246.0,-0.025,-0.055,-6.41994955527e-14,0
246.0,-0.03,-0.05,-4.06662449493e-14,0
246.0,-0.025,-0.05,-5.24347793721e-14,0
246.0,-0.03,-0.045,-3.48369314284e-14,0
246.0,-0.025,-0.045,-4.10443418173e-14,0
246.0,-0.03,-0.04,-2.93369098183e-14,0
246.0,-0.03,-0.035,-2.456845004e-14,0
246.0,-0.025,-0.04,-3.05411084368e-14,0
246.0,-0.025,-0.035,-2.17671908616e-14,0
246.0,-0.03,-0.03,-2.05885472635e-14,0
246.0,-0.03,-0.025,-1.68929192114e-14,0
246.0,-0.025,-0.03,-1.46223721668e-14,0
246.0,-0.025,-0.025,-8.18996617163e-15,0
246.0,-0.03,-0.02,-1.35097203508e-14,0
246.0,-0.025,-0.02,-2.52104366494e-15,0
246.0,-0.03,-0.015,-1.0500875311e-14,0
246.0,-0.025,-0.015,2.32581492518e-15,0
246.0,-0.03,-0.01,-8.01157787443e-15,0
246.0,-0.025,-0.01,6.04754509774e-15,0
246.0,-0.03,-0.005,-6.34631697965e-15,0
246.0,-0.025,-0.005,8.36717798168e-15,0
246.0,-0.03,0,-5.72726372229e-15,0
246.0,-0.03,0.005,-6.22683013557e-15,0
246.0,-0.025,4.16333634234e-19,9.17409542873e-15,0
246.0,-0.025,0.005,8.41447171739e-15,0
246.0,-0.03,0.01,-7.79081610706e-15,0
246.0,-0.03,0.015,-1.02149820973e-14,0
246.0,-0.025,0.01,6.13307563129e-15,0
246.0,-0.025,0.015,2.42782815416e-15,0
246.0,-0.03,0.02,-1.32088119165e-14,0
246.0,-0.03,0.025,-1.66414085471e-14,0
246.0,-0.025,0.02,-2.43407830975e-15,0
246.0,-0.025,0.025,-8.16778752414e-15,0
246.0,-0.03,0.03,-2.04697650416e-14,0
246.0,-0.03,0.035,-2.46818513691e-14,0
246.0,-0.025,0.03,-1.473725812e-14,0
246.0,-0.025,0.035,-2.21101410008e-14,0
246.0,-0.03,0.04,-2.98805219086e-14,0
246.0,-0.03,0.045,-3.60573426254e-14,0
246.0,-0.025,0.04,-3.12990017959e-14,0
246.0,-0.025,0.045,-4.24622627627e-14,0
246.0,-0.03,0.05,-4.27715858524e-14,0
246.0,-0.03,0.055,-4.97890351035e-14,0
246.0,-0.025,0.05,-5.47288216531e-14,0
246.0,-0.025,0.055,-6.75485966706e-14,0
246.0,-0.03,0.06,-5.70068705203e-14,0
246.0,-0.03,0.065,-6.44788259937e-14,0
246.0,-0.025,0.06,-8.06427182843e-14,0
246.0,-0.025,0.065,-9.39791423557e-14,0
246.0,-0.03,0.07,-7.24122324783e-14,0
246.0,-0.03,0.075,-8.12367124711e-14,0
246.0,-0.025,0.07,-1.07817918353e-13,0
246.0,-0.025,0.075,-1.22724678039e-13,0
246.0,-0.02,-0.075,-1.50294727423e-13,0
246.0,-0.02,-0.07,-1.31477260556e-13,0
246.0,-0.015,-0.075,-1.80452433836e-13,0
246.0,-0.015,-0.07,-1.57183437099e-13,0
246.0,-0.02,-0.065,-1.13836777508e-13,0
246.0,-0.015,-0.065,-1.35225326493e-13,0
246.0,-0.02,-0.06,-9.66413261192e-14,0
246.0,-0.015,-0.06,-1.13768939017e-13,0
246.0,-0.02,-0.055,-7.95968608571e-14,0
246.0,-0.015,-0.055,-9.24767942797e-14,0
246.0,-0.02,-0.05,-6.27520605107e-14,0
246.0,-0.015,-0.05,-7.14651338957e-14,0
246.0,-0.02,-0.045,-4.65126581284e-14,0
246.0,-0.015,-0.045,-5.12476311625e-14,0
246.0,-0.02,-0.04,-3.16440866009e-14,0
246.0,-0.015,-0.04,-3.27549553457e-14,0
246.0,-0.02,-0.035,-1.9335084185e-14,0
246.0,-0.015,-0.035,-1.74224385196e-14,0
246.0,-0.02,-0.03,-9.45188058881e-15,0
246.0,-0.02,-0.025,-6.64352988353e-16,0
246.0,-0.015,-0.03,-5.1751315264e-15,0
246.0,-0.015,-0.025,5.56347875504e-15,0
246.0,-0.02,-0.02,6.92805736162e-15,0
246.0,-0.02,-0.015,1.32514501077e-14,0
246.0,-0.015,-0.02,1.45993034499e-14,0
246.0,-0.015,-0.015,2.17050403428e-14,0
246.0,-0.02,-0.01,1.79733185283e-14,0
246.0,-0.015,-0.01,2.65433175334e-14,0
246.0,-0.02,-0.005,2.07519596633e-14,0
246.0,-0.015,-0.005,2.91440125943e-14,0
246.0,-0.02,0,2.16382214566e-14,0
246.0,-0.015,4.16333634234e-19,2.9894387413e-14,0
246.0,-0.02,0.005,2.07142121725e-14,0
246.0,-0.015,0.005,2.89695551818e-14,0
246.0,-0.02,0.01,1.79070818397e-14,0
246.0,-0.02,0.015,1.31633701546e-14,0
246.0,-0.015,0.01,2.6251636084e-14,0
246.0,-0.015,0.015,2.13626787789e-14,0
246.0,-0.02,0.02,6.81940047783e-15,0
246.0,-0.02,0.025,-8.20049424447e-16,0
246.0,-0.015,0.02,1.42726283278e-14,0
246.0,-0.015,0.025,5.26258133609e-15,0
246.0,-0.02,0.03,-9.71596827581e-15,0
246.0,-0.02,0.035,-1.97926327193e-14,0
246.0,-0.015,0.03,-5.50462274355e-15,0
246.0,-0.015,0.035,-1.78611616779e-14,0
246.0,-0.02,0.04,-3.24689549887e-14,0
246.0,-0.02,0.045,-4.79561126215e-14,0
246.0,-0.015,0.04,-3.34689062887e-14,0
246.0,-0.015,0.045,-5.252691265e-14,0
246.0,-0.02,0.05,-6.50421022181e-14,0
246.0,-0.02,0.055,-8.29223693605e-14,0
246.0,-0.015,0.05,-7.35546318372e-14,0
246.0,-0.015,0.055,-9.55727399161e-14,0
246.0,-0.02,0.06,-1.0114918801e-13,0
246.0,-0.02,0.065,-1.19638545493e-13,0
246.0,-0.015,0.06,-1.18020620966e-13,0
246.0,-0.015,0.065,-1.40743414601e-13,0
246.0,-0.02,0.07,-1.38660863025e-13,0
246.0,-0.02,0.075,-1.58943498542e-13,0
246.0,-0.015,0.07,-1.64052191608e-13,0
246.0,-0.015,0.075,-1.88747355173e-13,0
246.0,-0.01,-0.075,-2.03570266187e-13,0
246.0,-0.01,-0.07,-1.76889673601e-13,0
246.0,-0.005,-0.075,-2.18831431263e-13,0
246.0,-0.005,-0.07,-1.89982802609e-13,0
246.0,-0.01,-0.065,-1.51678022261e-13,0
246.0,-0.005,-0.065,-1.62676481462e-13,0
246.0,-0.01,-0.06,-1.27004241802e-13,0
246.0,-0.005,-0.06,-1.35965278524e-13,0
246.0,-0.01,-0.055,-1.02534221739e-13,0
246.0,-0.005,-0.055,-1.09477740457e-13,0
246.0,-0.01,-0.05,-7.84044301892e-14,0
246.0,-0.005,-0.05,-8.33883331586e-14,0
246.0,-0.01,-0.045,-5.52219068905e-14,0
246.0,-0.005,-0.045,-5.83417073104e-14,0
246.0,-0.01,-0.04,-3.40376680695e-14,0
246.0,-0.005,-0.04,-3.54414385598e-14,0
246.0,-0.01,-0.035,-1.63757421234e-14,0
246.0,-0.005,-0.035,-1.62337076947e-14,0
246.0,-0.01,-0.03,-2.1733337829e-15,0
246.0,-0.005,-0.03,-7.28230071312e-16,0
246.0,-0.01,-0.025,1.00241490527e-14,0
246.0,-0.005,-0.025,1.22008777331e-14,0
246.0,-0.01,-0.02,1.99538191222e-14,0
246.0,-0.01,-0.015,2.71135194678e-14,0
246.0,-0.005,-0.02,2.23830542351e-14,0
246.0,-0.005,-0.015,2.92181646658e-14,0
246.0,-0.0117873230072,-0.0115873794689,2.88160525379e-14,0
246.0,-0.00939961996336,-0.005,3.14423121323e-14,0
246.0,-0.00792797428371,-0.00964253216809,3.14443062801e-14,0
246.0,-0.005,-0.00939961996336,3.07493297334e-14,0
246.0,-0.0108753492546,-0.00150606400588,3.16462247402e-14,0
246.0,-0.00818101620308,-0.00211452602544,2.89764844652e-14,0
246.0,-0.00651817360753,-0.000255934956239,2.30173650195e-14,0
246.0,-0.005,6.71033969428e-08,1.14707702055e-14,0
246.0,-0.0107292118043,0.00160660295843,3.15177491629e-14,0
246.0,-0.0080188992252,0.000768320427092,2.79809208665e-14,0
246.0,-0.00939946851065,0.005,3.1181715678e-14,0
246.0,-0.00802129342231,0.00264911934363,2.89129862959e-14,0
246.0,-0.00887989370213,0.00887989479405,3.10563962792e-14,0
246.0,-0.01,0.015,2.65800722221e-14,0
246.0,-0.005,0.00939947397025,3.03684871353e-14,0
246.0,-0.005,0.015,2.87914612766e-14,0
246.0,-0.01,0.02,1.95216266103e-14,0
246.0,-0.01,0.025,9.74934989735e-15,0
246.0,-0.005,0.02,2.21731749936e-14,0
246.0,-0.005,0.025,1.23333718586e-14,0
246.0,-0.01,0.03,-2.34526890975e-15,0
246.0,-0.01,0.035,-1.65365895213e-14,0
246.0,-0.005,0.03,-3.53079522281e-16,0
246.0,-0.005,0.035,-1.584019084e-14,0
246.0,-0.01,0.04,-3.44217951668e-14,0
246.0,-0.01,0.045,-5.6145199127e-14,0
246.0,-0.005,0.04,-3.53290236775e-14,0
246.0,-0.005,0.045,-5.87573974285e-14,0
246.0,-0.01,0.05,-8.01082817006e-14,0
246.0,-0.01,0.055,-1.05211710967e-13,0
246.0,-0.005,0.05,-8.45533820726e-14,0
246.0,-0.005,0.055,-1.11579246999e-13,0
246.0,-0.01,0.06,-1.30802767834e-13,0
246.0,-0.01,0.065,-1.56704876527e-13,0
246.0,-0.005,0.06,-1.39147635806e-13,0
246.0,-0.005,0.065,-1.67041331218e-13,0
246.0,-0.01,0.07,-1.83222089197e-13,0
246.0,-0.01,0.075,-2.11272852918e-13,0
246.0,-0.005,0.07,-1.95598076716e-13,0
246.0,-0.005,0.075,-2.25746688301e-13,0
246.0,0,-0.075,-2.25766257259e-13,0
246.0,0,-0.07,-1.95990343719e-13,0
246.0,0.005,-0.075,-2.24003637279e-13,0
246.0,0.005,-0.07,-1.94666489457e-13,0
246.0,0,-0.065,-1.67852930665e-13,0
246.0,0.005,-0.065,-1.6696616074e-13,0
246.0,0,-0.06,-1.40335422521e-13,0
246.0,0.005,-0.06,-1.39926629273e-13,0
246.0,0,-0.055,-1.13076962153e-13,0
246.0,0.005,-0.055,-1.13153066455e-13,0
246.0,0,-0.05,-8.62346866705e-14,0
246.0,0.005,-0.05,-8.68004925853e-14,0
246.0,0,-0.045,-6.04711775346e-14,0
246.0,0.005,-0.045,-6.14966512844e-14,0
246.0,0,-0.04,-3.69086550698e-14,0
246.0,0.005,-0.04,-3.83430815822e-14,0
246.0,0,-0.035,-1.7073071538e-14,0
246.0,0.005,-0.035,-1.89613899378e-14,0
246.0,0,-0.03,-1.03850416909e-15,0
246.0,0.005,-0.03,-3.3270486172e-15,0
246.0,0,-0.025,1.21521985497e-14,0
246.0,0.005,-0.025,9.90719451951e-15,0
246.0,0,-0.02,2.23785147296e-14,0
246.0,0.005,-0.02,2.05802392242e-14,0
246.0,0,-0.015,2.91849526321e-14,0
246.0,0.005,-0.015,2.83108715845e-14,0
246.0,-0.0021196717084,-0.00776771017156,2.68949252507e-14,0
246.0,-0.00084550708518,-0.00631514607954,2.12781649211e-14,0
246.0,6.71033969406e-08,-0.005,1.18038066345e-14,0
246.0,-0.00139054260708,-0.0110960807567,3.04282732228e-14,0
246.0,0.00132468676756,-0.00775008274642,2.63776879855e-14,0
246.0,0.00160394440688,-0.0116908851489,3.04831883198e-14,0
246.0,0.005,-0.00939946851065,3.09479938059e-14,0
246.0,0.005,0.005,2.55785332884e-14,0
246.0,-0.000107646311398,0.00617659695633,2.03328070794e-14,0
246.0,-0.00190846935279,0.0076427502668,2.62166556882e-14,0
246.0,0.00131146485568,0.00777290068297,2.59155818998e-14,0
246.0,0.00295884413402,0.00640276348073,2.43214095987e-14,0
246.0,-1.21517769428e-05,0.0108932602996,2.98123648036e-14,0
246.0,0,0.015,2.89578860161e-14,0
246.0,0.005,0.00939942566771,3.03386747305e-14,0
246.0,0.005,0.015,2.82372248149e-14,0
246.0,0,0.02,2.25440598022e-14,0
246.0,0,0.025,1.28241556131e-14,0
246.0,0.005,0.02,2.10748617094e-14,0
246.0,0.005,0.025,1.093708793e-14,0
246.0,0,0.03,-2.73655048036e-17,0
246.0,0,0.035,-1.61074774629e-14,0
246.0,0.005,0.03,-1.9250516348e-15,0
246.0,0.005,0.035,-1.7468887689e-14,0
246.0,0,0.04,-3.623243062e-14,0
246.0,0,0.045,-6.02785227747e-14,0
246.0,0.005,0.04,-3.70446666266e-14,0
246.0,0.005,0.045,-6.06290824871e-14,0
246.0,0,0.05,-8.67490072573e-14,0
246.0,0,0.055,-1.14486948735e-13,0
246.0,0.005,0.05,-8.65960698059e-14,0
246.0,0.005,0.055,-1.13804796336e-13,0
246.0,0,0.06,-1.42783059488e-13,0
246.0,0,0.065,-1.71433196543e-13,0
246.0,0.005,0.06,-1.41574021485e-13,0
246.0,0.005,0.065,-1.69695689893e-13,0
246.0,0,0.07,-2.00759244626e-13,0
246.0,0,0.075,-2.3175594408e-13,0
246.0,0.005,0.07,-1.98520419897e-13,0
246.0,0.005,0.075,-2.28994497046e-13,0
246.0,0.01,-0.075,-2.1356637984e-13,0
246.0,0.01,-0.07,-1.8593345427e-13,0
246.0,0.015,-0.075,-1.94595329309e-13,0
246.0,0.015,-0.07,-1.69960497712e-13,0
246.0,0.01,-0.065,-1.5995447939e-13,0
246.0,0.015,-0.065,-1.46900037243e-13,0
246.0,0.01,-0.06,-1.34642396197e-13,0
246.0,0.015,-0.06,-1.24529797584e-13,0
246.0,0.01,-0.055,-1.09619855496e-13,0
246.0,0.015,-0.055,-1.02451653891e-13,0
246.0,0.01,-0.05,-8.49846844162e-14,0
246.0,0.015,-0.05,-8.07278404461e-14,0
246.0,0.01,-0.045,-6.13127432477e-14,0
246.0,0.015,-0.045,-5.98173379085e-14,0
246.0,0.01,-0.04,-3.96475318825e-14,0
246.0,0.015,-0.04,-4.06055003832e-14,0
246.0,0.01,-0.035,-2.15718169576e-14,0
246.0,0.015,-0.035,-2.44842287876e-14,0
246.0,0.01,-0.03,-6.9244285372e-15,0
246.0,0.015,-0.03,-1.12945550973e-14,0
246.0,0.01,-0.025,5.91547981665e-15,0
246.0,0.015,-0.025,5.22803893576e-16,0
246.0,0.01,-0.02,1.67851793205e-14,0
246.0,0.01,-0.015,2.55572610441e-14,0
246.0,0.015,-0.02,1.09343024753e-14,0
246.0,0.015,-0.015,2.01175138825e-14,0
246.0,0.00999280436795,-0.0116358337096,2.98220331941e-14,0
246.0,0.0105889214373,-0.00845762197625,3.22074916371e-14,0
246.0,0.015,-0.01,2.74962880937e-14,0
246.0,0.00939947397025,-0.005,3.36003357515e-14,0
246.0,0.015,-0.005,3.21867527752e-14,0
246.0,0.00658051136513,-0.00296146438142,2.82445947587e-14,0
246.0,0.00636794669772,-3.54305826484e-06,2.45047440169e-14,0
246.0,0.00795807888052,-0.00113999998936,3.12015261745e-14,0
246.0,0.00758147027913,0.00183630393596,3.01019954365e-14,0
246.0,0.0112534647756,-1.47536350887e-07,3.55444828568e-14,0
246.0,0.015,4.16333634234e-19,3.39727050254e-14,0
246.0,0.00939942566771,0.005,3.30918540912e-14,0
246.0,0.015,0.005,3.21167983555e-14,0
246.0,0.00999018807453,0.0109670628501,3.02489931461e-14,0
246.0,0.01,0.015,2.57894878222e-14,0
246.0,0.015,0.01,2.76954015846e-14,0
246.0,0.015,0.015,2.08373860119e-14,0
246.0,0.01,0.02,1.76449298496e-14,0
246.0,0.01,0.025,7.28200429653e-15,0
246.0,0.015,0.02,1.22026722084e-14,0
246.0,0.015,0.025,2.27762197919e-15,0
246.0,0.01,0.03,-5.18081815782e-15,0
246.0,0.01,0.035,-1.9607950157e-14,0
246.0,0.015,0.03,-9.13342396493e-15,0
246.0,0.015,0.035,-2.20238396958e-14,0
246.0,0.01,0.04,-3.77290520232e-14,0
246.0,0.01,0.045,-5.9753582399e-14,0
246.0,0.015,0.04,-3.80822798471e-14,0
246.0,0.015,0.045,-5.7590184253e-14,0
246.0,0.01,0.05,-8.4044914962e-14,0
246.0,0.01,0.055,-1.0950200401e-13,0
246.0,0.015,0.05,-7.90888270754e-14,0
246.0,0.015,0.055,-1.01611963723e-13,0
246.0,0.01,0.06,-1.35482908967e-13,0
246.0,0.01,0.065,-1.61829074424e-13,0
246.0,0.015,0.06,-1.24618246985e-13,0
246.0,0.015,0.065,-1.4797856189e-13,0
246.0,0.01,0.07,-1.88868672587e-13,0
246.0,0.01,0.075,-2.17554409231e-13,0
246.0,0.015,0.07,-1.72038488658e-13,0
246.0,0.015,0.075,-1.97645352689e-13,0
246.0,0.02,-0.075,-1.67629355893e-13,0
246.0,0.02,-0.07,-1.47097249659e-13,0
246.0,0.025,-0.075,-1.33340265851e-13,0
246.0,0.025,-0.07,-1.17935080016e-13,0
246.0,0.02,-0.065,-1.2807112552e-13,0
246.0,0.025,-0.065,-1.0388307603e-13,0
246.0,0.02,-0.06,-1.09729818948e-13,0
246.0,0.025,-0.06,-9.05239487118e-14,0
246.0,0.02,-0.055,-9.17105450901e-14,0
246.0,0.025,-0.055,-7.75081643222e-14,0
246.0,0.02,-0.05,-7.39923211152e-14,0
246.0,0.025,-0.05,-6.47695104836e-14,0
246.0,0.02,-0.045,-5.68999796102e-14,0
246.0,0.025,-0.045,-5.24491659002e-14,0
246.0,0.02,-0.04,-4.10872101993e-14,0
246.0,0.025,-0.04,-4.09107465135e-14,0
246.0,0.02,-0.035,-2.76111276824e-14,0
246.0,0.025,-0.035,-3.0785206251e-14,0
246.0,0.02,-0.03,-1.64012532569e-14,0
246.0,0.025,-0.03,-2.20921063152e-14,0
246.0,0.02,-0.025,-6.21163990425e-15,0
246.0,0.025,-0.025,-1.41001939122e-14,0
246.0,0.02,-0.02,2.99946259049e-15,0
246.0,0.025,-0.02,-6.83821306625e-15,0
246.0,0.02,-0.015,1.14535403834e-14,0
246.0,0.025,-0.015,-2.21793047549e-16,0
246.0,0.02,-0.01,1.86061107773e-14,0
246.0,0.025,-0.01,5.16155647407e-15,0
246.0,0.02,-0.005,2.32129463072e-14,0
246.0,0.025,-0.005,8.88060726861e-15,0
246.0,0.02,0,2.48924759949e-14,0
246.0,0.025,4.16333634234e-19,1.04518386716e-14,0
246.0,0.02,0.005,2.34286997957e-14,0
246.0,0.025,0.005,9.14352907512e-15,0
246.0,0.02,0.01,1.92141385803e-14,0
246.0,0.025,0.01,5.87451194919e-15,0
246.0,0.02,0.015,1.25785390541e-14,0
246.0,0.025,0.015,1.09805272108e-15,0
246.0,0.02,0.02,4.62913023245e-15,0
246.0,0.02,0.025,-4.08411595282e-15,0
246.0,0.025,0.02,-4.95889576231e-15,0
246.0,0.025,0.025,-1.16653880201e-14,0
246.0,0.02,0.03,-1.38052941585e-14,0
246.0,0.02,0.035,-2.46238848343e-14,0
246.0,0.025,0.03,-1.90894435797e-14,0
246.0,0.025,0.035,-2.72831254766e-14,0
246.0,0.02,0.04,-3.79705527547e-14,0
246.0,0.02,0.045,-5.40609145969e-14,0
246.0,0.025,0.04,-3.72538821382e-14,0
246.0,0.025,0.045,-4.91174294014e-14,0
246.0,0.02,0.05,-7.1744616306e-14,0
246.0,0.02,0.055,-9.02567474831e-14,0
246.0,0.025,0.05,-6.20698702115e-14,0
246.0,0.025,0.055,-7.56122903447e-14,0
246.0,0.02,0.06,-1.09182141501e-13,0
246.0,0.02,0.065,-1.28471922875e-13,0
246.0,0.025,0.06,-8.95110546162e-14,0
246.0,0.025,0.065,-1.03773537947e-13,0
246.0,0.02,0.07,-1.48438283802e-13,0
246.0,0.02,0.075,-1.69866497627e-13,0
246.0,0.025,0.07,-1.18706562931e-13,0
246.0,0.025,0.075,-1.34937436399e-13,0
246.0,0.03,-0.075,-9.27551031288e-14,0
246.0,0.03,-0.07,-8.32446796529e-14,0
246.0,0.035,-0.075,-4.70360053698e-14,0
246.0,0.035,-0.07,-4.40055030951e-14,0
246.0,0.03,-0.065,-7.49303274974e-14,0
246.0,0.035,-0.065,-4.19537683258e-14,0
246.0,0.03,-0.06,-6.72926193308e-14,0
246.0,0.035,-0.06,-4.05603016893e-14,0
246.0,0.03,-0.055,-6.00445574742e-14,0
246.0,0.035,-0.055,-3.95943176842e-14,0
246.0,0.03,-0.05,-5.3053935996e-14,0
246.0,0.035,-0.05,-3.88937238246e-14,0
246.0,0.03,-0.045,-4.63189681861e-14,0
246.0,0.035,-0.045,-3.83095376074e-14,0
246.0,0.03,-0.04,-3.98834301888e-14,0
246.0,0.035,-0.04,-3.76569807706e-14,0
246.0,0.03,-0.035,-3.38250916107e-14,0
246.0,0.035,-0.035,-3.64953839875e-14,0
246.0,0.03,-0.03,-2.81825457558e-14,0
246.0,0.035,-0.03,-3.44687013766e-14,0
246.0,0.03,-0.025,-2.28967272151e-14,0
246.0,0.035,-0.025,-3.23415282808e-14,0
246.0,0.03,-0.02,-1.81361342266e-14,0
246.0,0.035,-0.02,-3.04421775238e-14,0
246.0,0.03,-0.015,-1.38799293657e-14,0
246.0,0.035,-0.015,-2.86145899426e-14,0
246.0,0.03,-0.01,-1.03974323369e-14,0
246.0,0.035,-0.01,-2.70085888395e-14,0
246.0,0.03,-0.005,-7.78485554907e-15,0
246.0,0.035,-0.005,-2.56384923209e-14,0
246.0,0.03,0,-6.57015382659e-15,0
246.0,0.035,4.16333634234e-19,-2.48490783571e-14,0
246.0,0.03,0.005,-7.41444491007e-15,0
246.0,0.035,0.005,-2.50942812961e-14,0
246.0,0.03,0.01,-9.54764401257e-15,0
246.0,0.035,0.01,-2.59004320902e-14,0
246.0,0.03,0.015,-1.24218645692e-14,0
246.0,0.035,0.015,-2.6894962468e-14,0
246.0,0.03,0.02,-1.60682602744e-14,0
246.0,0.035,0.02,-2.81103480204e-14,0
246.0,0.03,0.025,-2.02253717247e-14,0
246.0,0.035,0.025,-2.94290119965e-14,0
246.0,0.03,0.03,-2.48216634464e-14,0
246.0,0.03,0.035,-2.98470599863e-14,0
246.0,0.035,0.03,-3.07982756098e-14,0
246.0,0.035,0.035,-3.21906105906e-14,0
246.0,0.03,0.04,-3.58264333941e-14,0
246.0,0.03,0.045,-4.27175562746e-14,0
246.0,0.035,0.04,-3.35682381888e-14,0
246.0,0.035,0.045,-3.48173643591e-14,0
246.0,0.03,0.05,-5.01465844885e-14,0
246.0,0.03,0.055,-5.79356744991e-14,0
246.0,0.035,0.05,-3.60911270709e-14,0
246.0,0.035,0.055,-3.75272322098e-14,0
246.0,0.03,0.06,-6.60251749626e-14,0
246.0,0.03,0.065,-7.45093796651e-14,0
246.0,0.035,0.06,-3.92595106451e-14,0
246.0,0.035,0.065,-4.14233779897e-14,0
246.0,0.03,0.07,-8.36407614446e-14,0
246.0,0.03,0.075,-9.39114122465e-14,0
246.0,0.035,0.07,-4.422378152e-14,0
246.0,0.035,0.075,-4.7954283671e-14,0
246.0,0.04,-0.075,2.40530871685e-15,0
246.0,0.04,-0.07,-1.34605698339e-15,0
246.0,0.045,-0.075,5.40679592624e-14,0
246.0,0.045,-0.07,4.34863386984e-14,0
246.0,0.04,-0.065,-5.84666384482e-15,0
246.0,0.045,-0.065,3.23912771692e-14,0
246.0,0.04,-0.06,-1.09718694684e-14,0
246.0,0.045,-0.06,2.07001817645e-14,0
246.0,0.04,-0.055,-1.65664842148e-14,0
246.0,0.045,-0.055,8.49356977486e-15,0
246.0,0.04,-0.05,-2.24299180045e-14,0
246.0,0.045,-0.05,-4.00010888519e-15,0
246.0,0.04,-0.045,-2.82938725009e-14,0
246.0,0.045,-0.045,-1.63997582967e-14,0
246.0,0.04,-0.04,-3.37265851455e-14,0
246.0,0.045,-0.04,-2.81635078702e-14,0
246.0,0.04,-0.035,-3.79993421217e-14,0
246.0,0.045,-0.035,-3.8471568311e-14,0
246.0,0.04,-0.03,-4.07612562801e-14,0
246.0,0.045,-0.03,-4.66449438371e-14,0
246.0,0.04,-0.025,-4.25102266604e-14,0
246.0,0.045,-0.025,-5.29581722313e-14,0
246.0,0.04,-0.02,-4.35819426845e-14,0
246.0,0.045,-0.02,-5.72906373454e-14,0
246.0,0.04,-0.015,-4.4224661003e-14,0
246.0,0.045,-0.015,-6.05538224506e-14,0
246.0,0.04,-0.01,-4.44874077002e-14,0
246.0,0.045,-0.01,-6.28238033657e-14,0
246.0,0.04,-0.005,-4.43572655303e-14,0
246.0,0.045,-0.005,-6.40132830986e-14,0
246.0,0.04,0,-4.40047082237e-14,0
246.0,0.045,4.16333634234e-19,-6.41628323087e-14,0
246.0,0.04,0.005,-4.36236599344e-14,0
246.0,0.045,0.005,-6.30661337137e-14,0
246.0,0.04,0.01,-4.3062968668e-14,0
246.0,0.045,0.01,-6.10587733647e-14,0
246.0,0.04,0.015,-4.21178495774e-14,0
246.0,0.045,0.015,-5.80316379637e-14,0
246.0,0.04,0.02,-4.07867960229e-14,0
246.0,0.045,0.02,-5.39723050114e-14,0
246.0,0.04,0.025,-3.9035945931e-14,0
246.0,0.045,0.025,-4.88916744899e-14,0
246.0,0.04,0.03,-3.6821054223e-14,0
246.0,0.045,0.03,-4.2696737209e-14,0
246.0,0.04,0.035,-3.4121463037e-14,0
246.0,0.045,0.035,-3.53986093905e-14,0
246.0,0.04,0.04,-3.02849041217e-14,0
246.0,0.04,0.045,-2.5334298398e-14,0
246.0,0.045,0.04,-2.55811968736e-14,0
246.0,0.045,0.045,-1.4113842857e-14,0
246.0,0.04,0.05,-2.00144847629e-14,0
246.0,0.04,0.055,-1.47605137554e-14,0
246.0,0.045,0.05,-2.09091857975e-15,0
246.0,0.045,0.055,9.92484761503e-15,0
246.0,0.04,0.06,-9.8245146471e-15,0
246.0,0.04,0.065,-5.38233401119e-15,0
246.0,0.045,0.06,2.15776282231e-14,0
246.0,0.045,0.065,3.26668783075e-14,0
246.0,0.04,0.07,-1.56053367882e-15,0
246.0,0.04,0.075,1.54363446137e-15,0
246.0,0.045,0.07,4.31440012648e-14,0
246.0,0.045,0.075,5.31194972898e-14,0
246.0,0.05,-0.075,1.06404577587e-13,0
246.0,0.05,-0.07,8.9208351742e-14,0
246.0,0.055,-0.075,1.57922190536e-13,0
246.0,0.055,-0.07,1.34611891512e-13,0
246.0,0.05,-0.065,7.17113924805e-14,0
246.0,0.055,-0.065,1.11117917294e-13,0
246.0,0.05,-0.06,5.36141668814e-14,0
246.0,0.055,-0.06,8.69416868389e-14,0
246.0,0.05,-0.055,3.4920423181e-14,0
246.0,0.055,-0.055,6.20179857452e-14,0
246.0,0.05,-0.05,1.58913722961e-14,0
246.0,0.055,-0.05,3.66343945085e-14,0
246.0,0.05,-0.045,-2.99870559974e-15,0
246.0,0.055,-0.045,1.13711432975e-14,0
246.0,0.05,-0.04,-2.10711507528e-14,0
246.0,0.055,-0.04,-1.29938145361e-14,0
246.0,0.05,-0.035,-3.74933738332e-14,0
246.0,0.055,-0.035,-3.55629423963e-14,0
246.0,0.05,-0.03,-5.15159418794e-14,0
246.0,0.055,-0.03,-5.55438917775e-14,0
246.0,0.05,-0.025,-6.28731450069e-14,0
246.0,0.055,-0.025,-7.23880502556e-14,0
246.0,0.05,-0.02,-7.15280739565e-14,0
246.0,0.055,-0.02,-8.58941935195e-14,0
246.0,0.05,-0.015,-7.80599591613e-14,0
246.0,0.055,-0.015,-9.62601753222e-14,0
246.0,0.05,-0.01,-8.26745829692e-14,0
246.0,0.055,-0.01,-1.03588407014e-13,0
246.0,0.05,-0.005,-8.53266720994e-14,0
246.0,0.055,-0.005,-1.07834790354e-13,0
246.0,0.05,0,-8.58986345995e-14,0
246.0,0.055,4.16333634234e-19,-1.08890076104e-13,0
246.0,0.05,0.005,-8.42379803301e-14,0
246.0,0.055,0.005,-1.06683301939e-13,0
246.0,0.05,0.01,-8.06293123537e-14,0
246.0,0.055,0.01,-1.01416012153e-13,0
246.0,0.05,0.015,-7.5185855277e-14,0
246.0,0.055,0.015,-9.32584291586e-14,0
246.0,0.05,0.02,-6.79222291811e-14,0
246.0,0.055,0.02,-8.22927578458e-14,0
246.0,0.05,0.025,-5.88334460032e-14,0
246.0,0.055,0.025,-6.85792667849e-14,0
246.0,0.05,0.03,-4.78352033145e-14,0
246.0,0.055,0.03,-5.21357651514e-14,0
246.0,0.05,0.035,-3.47142875785e-14,0
246.0,0.055,0.035,-3.29337892491e-14,0
246.0,0.05,0.04,-1.89146698621e-14,0
246.0,0.055,0.04,-1.09858086617e-14,0
246.0,0.05,0.045,-1.18868159445e-15,0
246.0,0.055,0.045,1.29456166461e-14,0
246.0,0.05,0.05,1.73641761142e-14,0
246.0,0.05,0.055,3.59817074861e-14,0
246.0,0.055,0.05,3.7818580867e-14,0
246.0,0.055,0.055,6.27806880496e-14,0
246.0,0.05,0.06,5.41849543607e-14,0
246.0,0.05,0.065,7.17361485352e-14,0
246.0,0.055,0.06,8.72280845761e-14,0
246.0,0.055,0.065,1.1087903054e-13,0
246.0,0.05,0.07,8.8657062953e-14,0
246.0,0.05,0.075,1.05274143076e-13,0
246.0,0.055,0.07,1.33816817799e-13,0
246.0,0.055,0.075,1.56558761891e-13,0
246.0,0.06,-0.075,2.07406138843e-13,0
246.0,0.06,-0.07,1.78696131771e-13,0
246.0,0.065,-0.075,2.53966274535e-13,0
246.0,0.065,-0.07,2.20853821047e-13,0
246.0,0.06,-0.065,1.49794690493e-13,0
246.0,0.065,-0.065,1.87279732609e-13,0
246.0,0.06,-0.06,1.19995106867e-13,0
246.0,0.065,-0.06,1.52364187276e-13,0
246.0,0.06,-0.055,8.91684064197e-14,0
246.0,0.065,-0.055,1.15976829995e-13,0
246.0,0.06,-0.05,5.76544205904e-14,0
246.0,0.065,-0.05,7.85267036726e-14,0
246.0,0.06,-0.045,2.61267921653e-14,0
246.0,0.065,-0.045,4.08262435808e-14,0
246.0,0.06,-0.04,-4.5106790778e-15,0
246.0,0.065,-0.04,3.91834237661e-15,0
246.0,0.06,-0.035,-3.32742037587e-14,0
246.0,0.065,-0.035,-3.10624255983e-14,0
246.0,0.06,-0.03,-5.92431053451e-14,0
246.0,0.065,-0.03,-6.30387238167e-14,0
246.0,0.06,-0.025,-8.17023120295e-14,0
246.0,0.065,-0.025,-9.11062469395e-14,0
246.0,0.06,-0.02,-1.00213352344e-13,0
246.0,0.065,-0.02,-1.14605621001e-13,0
246.0,0.06,-0.015,-1.1463698047e-13,0
246.0,0.065,-0.015,-1.33107346049e-13,0
246.0,0.06,-0.01,-1.24879215164e-13,0
246.0,0.065,-0.01,-1.46346961278e-13,0
246.0,0.06,-0.005,-1.30857620643e-13,0
246.0,0.065,-0.005,-1.5412624478e-13,0
246.0,0.06,0,-1.32469588368e-13,0
246.0,0.065,4.16333634234e-19,-1.56347639342e-13,0
246.0,0.06,0.005,-1.29711476472e-13,0
246.0,0.065,0.005,-1.53003686873e-13,0
246.0,0.06,0.01,-1.22714358663e-13,0
246.0,0.065,0.01,-1.44227973416e-13,0
246.0,0.06,0.015,-1.11673513596e-13,0
246.0,0.065,0.015,-1.30225138483e-13,0
246.0,0.06,0.02,-9.67539386124e-14,0
246.0,0.065,0.02,-1.11276046983e-13,0
246.0,0.06,0.025,-7.81459059104e-14,0
246.0,0.065,0.025,-8.76997171721e-14,0
246.0,0.06,0.03,-5.60317376375e-14,0
246.0,0.065,0.03,-5.99119639677e-14,0
246.0,0.06,0.035,-3.06753208013e-14,0
246.0,0.065,0.035,-2.84462342772e-14,0
246.0,0.06,0.04,-2.51285289574e-15,0
246.0,0.065,0.04,5.95459921974e-15,0
246.0,0.06,0.045,2.76138500556e-14,0
246.0,0.065,0.045,4.22968564861e-14,0
246.0,0.06,0.05,5.86745558248e-14,0
246.0,0.065,0.05,7.94565191014e-14,0
246.0,0.06,0.055,8.97163811245e-14,0
246.0,0.065,0.055,1.16373229954e-13,0
246.0,0.06,0.06,1.2004279331e-13,0
246.0,0.06,0.065,1.49310010797e-13,0
246.0,0.065,0.06,1.52218282706e-13,0
246.0,0.065,0.065,1.86576934498e-13,0
246.0,0.06,0.07,1.77654585815e-13,0
246.0,0.06,0.075,2.05794897916e-13,0
246.0,0.065,0.07,2.19580835495e-13,0
246.0,0.065,0.075,2.52114037105e-13,0
246.0,0.07,-0.075,2.97455171768e-13,0
246.0,0.07,-0.07,2.61094459644e-13,0
246.0,0.075,-0.075,3.38575436594e-13,0
246.0,0.075,-0.07,3.00308590886e-13,0
246.0,0.07,-0.065,2.23624603909e-13,0
246.0,0.075,-0.065,2.59624759751e-13,0
246.0,0.07,-0.06,1.84079703986e-13,0
246.0,0.075,-0.06,2.15749887732e-13,0
246.0,0.07,-0.055,1.42381319724e-13,0
246.0,0.075,-0.055,1.68769624716e-13,0
246.0,0.07,-0.05,9.9092870337e-14,0
246.0,0.075,-0.05,1.19526670538e-13,0
246.0,0.07,-0.045,5.52053984514e-14,0
246.0,0.075,-0.045,6.92234054561e-14,0
246.0,0.07,-0.04,1.19543023617e-14,0
246.0,0.075,-0.04,1.93605462625e-14,0
246.0,0.07,-0.035,-2.93318885277e-14,0
246.0,0.075,-0.035,-2.84935425876e-14,0
246.0,0.07,-0.03,-6.73782345599e-14,0
246.0,0.075,-0.03,-7.28375829775e-14,0
246.0,0.07,-0.025,-1.01073443917e-13,0
246.0,0.075,-0.025,-1.12304418081e-13,0
246.0,0.07,-0.02,-1.29528729705e-13,0
246.0,0.075,-0.02,-1.45826427095e-13,0
246.0,0.07,-0.015,-1.52105012768e-13,0
246.0,0.075,-0.015,-1.72510483493e-13,0
246.0,0.07,-0.01,-1.68339469604e-13,0
246.0,0.075,-0.01,-1.91806716731e-13,0
246.0,0.07,-0.005,-1.77956192039e-13,0
246.0,0.075,-0.005,-2.03256820517e-13,0
246.0,0.07,0,-1.80786919057e-13,0
246.0,0.075,0,-2.06722306679e-13,0
246.0,0.07,0.005,-1.76841874322e-13,0
246.0,0.075,0.005,-2.02114683872e-13,0
246.0,0.07,0.01,-1.66238457661e-13,0
246.0,0.075,0.01,-1.89655424875e-13,0
246.0,0.07,0.015,-1.49255022362e-13,0
246.0,0.075,0.015,-1.69597811786e-13,0
246.0,0.07,0.02,-1.26245976843e-13,0
246.0,0.075,0.02,-1.4247648162e-13,0
246.0,0.07,0.025,-9.77093104787e-14,0
246.0,0.075,0.025,-1.08869183761e-13,0
246.0,0.07,0.03,-6.42528620115e-14,0
246.0,0.075,0.03,-6.96359344199e-14,0
246.0,0.07,0.035,-2.66725389108e-14,0
246.0,0.075,0.035,-2.57606256571e-14,0
246.0,0.07,0.04,1.40353779782e-14,0
246.0,0.075,0.04,2.14925028017e-14,0
246.0,0.07,0.045,5.66798461957e-14,0
246.0,0.075,0.045,7.07028385617e-14,0
246.0,0.07,0.05,9.99651767126e-14,0
246.0,0.075,0.05,1.2034823603e-13,0
246.0,0.07,0.055,1.42661106576e-13,0
246.0,0.075,0.055,1.68944992327e-13,0
246.0,0.07,0.06,1.83771427755e-13,0
246.0,0.075,0.06,2.15292383745e-13,0
246.0,0.07,0.065,2.22728035006e-13,0
246.0,0.075,0.065,2.58546959715e-13,0
246.0,0.07,0.07,2.59608455266e-13,0
246.0,0.07,0.075,2.95378154084e-13,0
246.0,0.075,0.07,2.98621048077e-13,0
246.0,0.075,0.075,3.36287289658e-13,0
248.0,-0.00382671281566,-0.00202612167119,0,0
248.0,-0.005,-0.005,2.56551807114e-14,0
248.0,-0.00197892066871,-0.00385133392306,0,0
248.0,-0.005,-0.00190753787223,1.55171099219e-14,0
248.0,-0.00433,0,0,0
248.0,-0.00190753787223,-0.005,1.53452623979e-14,0
248.0,0,-0.00433,0,0
248.0,-0.005,0.00190775150599,1.55066430175e-14,0
248.0,-0.00385133392306,0.00197892066871,0,0
248.0,0.00190775150599,-0.005,1.53291902759e-14,0
248.0,0.00202612167119,-0.00382671281566,0,0
248.0,-0.00202612167119,0.00382671281566,0,0
248.0,-0.005,0.005,2.55532737992e-14,0
248.0,-0.0019094272225,0.005,1.53671526353e-14,0
248.0,0,0.00433,0,0
248.0,0.00147766755988,0.00407006125046,0,0
248.0,8.32667268469e-19,0.005,1.16783527266e-14,0
248.0,0.00433,0,0,0
248.0,0.005,1.38777878078e-18,1.13941939103e-14,0
248.0,0.00407006125046,0.00147766755988,0,0
248.0,0.005,-0.005,2.63575985464e-14,0
248.0,0.00385133392306,-0.00197892066871,0,0
248.0,0.005,-0.0019094272225,1.56313071374e-14,0
248.0,0.00306177236254,0.00306177236254,0,0
248.0,0.0019094272225,0.005,1.55247524775e-14,0
248.0,0.005,0.0019094272225,1.56801694565e-14,0
248.0,-0.000885,-0.0015328649647,1.27151296703e-12,0
248.0,-0.0015328649647,-0.000885,1.27163534761e-12,0
248.0,-0.00186450691264,-0.00187567167242,8.43020701823e-13,0
248.0,-0.00177,0,1.27132708426e-12,0
248.0,-0.00268433516245,-0.000738983120158,7.59102703815e-13,0
248.0,0,-0.00177,1.27147460724e-12,0
248.0,-0.000718432264205,-0.00269192408424,7.57396546872e-13,0
248.0,-0.0015328649647,0.000885,1.26982261876e-12,0
248.0,-0.00265321485144,0.000647311733689,7.89885499556e-13,0
248.0,-0.000885,0.0015328649647,1.26819512026e-12,0
248.0,-0.00194719253591,0.00178443766524,8.43947008165e-13,0
248.0,0,0.00177,1.26408897817e-12,0
248.0,-0.000802720381054,0.00273415977115,7.17496456001e-13,0
248.0,0.000885,-0.0015328649647,1.27016345358e-12,0
248.0,0.00075154031863,-0.00270385456952,7.45286627164e-13,0
248.0,0.00177,0,1.26242874651e-12,0
248.0,0.0015328649647,-0.000885,1.26801104627e-12,0
248.0,0.00271471102228,-0.000564731152102,7.6091033018e-13,0
248.0,0.00192394637685,-0.00189207206672,8.10091730912e-13,0
248.0,0.00231817117671,0.00040530921667,9.87905432728e-13,0
248.0,0.0015328649647,0.000885,1.26069511923e-12,0
248.0,0.000885,0.0015328649647,1.26140017607e-12,0
248.0,0.000427053001345,0.00287092483521,6.82186126223e-13,0
248.0,0.00187618296239,0.00184774001435,8.33336029119e-13,0
248.0,0.00312733402203,0.000607809752493,5.19196534095e-13,0
248.0,0.00276214303706,0.00136595635004,5.76856559871e-13,0
248.0,0.0014100336009,0.00268674970267,6.04768717202e-13,0
248.0,-0.075,-0.075,2.99157140528e-13,0
248.0,-0.07,-0.075,2.66270380101e-13,0
248.0,-0.075,-0.07,2.61850932499e-13,0
248.0,-0.07,-0.07,2.30733473942e-13,0
248.0,-0.075,-0.065,2.22345505335e-13,0
248.0,-0.07,-0.065,1.94239487961e-13,0
248.0,-0.065,-0.075,2.31113250195e-13,0
248.0,-0.065,-0.07,1.98571497781e-13,0
248.0,-0.065,-0.065,1.65709099467e-13,0
248.0,-0.075,-0.06,1.79983762413e-13,0
248.0,-0.07,-0.06,1.55943795628e-13,0
248.0,-0.065,-0.06,1.31745542639e-13,0
248.0,-0.075,-0.055,1.34907115186e-13,0
248.0,-0.07,-0.055,1.15827961819e-13,0
248.0,-0.065,-0.055,9.66049969868e-14,0
248.0,-0.075,-0.05,8.79584020752e-14,0
248.0,-0.07,-0.05,7.44700120863e-14,0
248.0,-0.065,-0.05,6.07154722622e-14,0
248.0,-0.075,-0.045,4.02942273472e-14,0
248.0,-0.07,-0.045,3.28308402498e-14,0
248.0,-0.065,-0.045,2.48805384189e-14,0
248.0,-0.075,-0.04,-6.68418640932e-15,0
248.0,-0.07,-0.04,-7.93076843068e-15,0
248.0,-0.075,-0.035,-5.15648920699e-14,0
248.0,-0.07,-0.035,-4.66213620174e-14,0
248.0,-0.065,-0.04,-9.90365528988e-15,0
248.0,-0.065,-0.035,-4.26104072907e-14,0
248.0,-0.075,-0.03,-9.30437926717e-14,0
248.0,-0.07,-0.03,-8.21614552684e-14,0
248.0,-0.075,-0.025,-1.29964221305e-13,0
248.0,-0.07,-0.025,-1.13659376619e-13,0
248.0,-0.065,-0.03,-7.23615910174e-14,0
248.0,-0.065,-0.025,-9.85206569178e-14,0
248.0,-0.075,-0.02,-1.61414059426e-13,0
248.0,-0.07,-0.02,-1.40387516813e-13,0
248.0,-0.075,-0.015,-1.86567145398e-13,0
248.0,-0.07,-0.015,-1.61763868792e-13,0
248.0,-0.065,-0.02,-1.20633358834e-13,0
248.0,-0.065,-0.015,-1.38300413521e-13,0
248.0,-0.075,-0.01,-2.04839166542e-13,0
248.0,-0.07,-0.01,-1.77264967781e-13,0
248.0,-0.075,-0.005,-2.15687802666e-13,0
248.0,-0.07,-0.005,-1.86499161431e-13,0
248.0,-0.065,-0.01,-1.51151506241e-13,0
248.0,-0.065,-0.005,-1.58814719498e-13,0
248.0,-0.075,0,-2.18873974743e-13,0
248.0,-0.07,0,-1.8918622524e-13,0
248.0,-0.075,0.005,-2.14256644766e-13,0
248.0,-0.07,0.005,-1.8527045317e-13,0
248.0,-0.065,4.16333634234e-19,-1.61047325415e-13,0
248.0,-0.065,0.005,-1.57770545904e-13,0
248.0,-0.075,0.01,-2.02047741003e-13,0
248.0,-0.07,0.01,-1.74872560236e-13,0
248.0,-0.075,0.015,-1.82551977533e-13,0
248.0,-0.07,0.015,-1.58333013385e-13,0
248.0,-0.065,0.01,-1.49122308516e-13,0
248.0,-0.065,0.015,-1.35403144959e-13,0
248.0,-0.075,0.02,-1.56363626673e-13,0
248.0,-0.07,0.02,-1.36092481945e-13,0
248.0,-0.075,0.025,-1.24103932677e-13,0
248.0,-0.07,0.025,-1.0870653559e-13,0
248.0,-0.065,0.02,-1.17032866045e-13,0
248.0,-0.065,0.025,-9.44093655044e-14,0
248.0,-0.075,0.03,-8.66169498237e-14,0
248.0,-0.07,0.03,-7.67729755967e-14,0
248.0,-0.075,0.035,-4.48220743591e-14,0
248.0,-0.07,0.035,-4.10231824238e-14,0
248.0,-0.065,0.03,-6.79421810365e-14,0
248.0,-0.065,0.035,-3.80864844808e-14,0
248.0,-0.075,0.04,1.27481486753e-16,0
248.0,-0.07,0.04,-2.34767783274e-15,0
248.0,-0.075,0.045,4.693448445e-14,0
248.0,-0.07,0.045,3.81790189786e-14,0
248.0,-0.065,0.04,-5.47610944749e-15,0
248.0,-0.065,0.045,2.90092423945e-14,0
248.0,-0.075,0.05,9.42025624367e-14,0
248.0,-0.07,0.05,7.93735519889e-14,0
248.0,-0.075,0.055,1.40553855106e-13,0
248.0,-0.07,0.055,1.2009754045e-13,0
248.0,-0.065,0.05,6.43465794672e-14,0
248.0,-0.065,0.055,9.95568908481e-14,0
248.0,-0.075,0.06,1.84865315849e-13,0
248.0,-0.07,0.06,1.59420242153e-13,0
248.0,-0.075,0.065,2.26334132695e-13,0
248.0,-0.07,0.065,1.96801312003e-13,0
248.0,-0.065,0.06,1.33865155298e-13,0
248.0,-0.065,0.065,1.66879169407e-13,0
248.0,-0.075,0.07,2.64862365688e-13,0
248.0,-0.07,0.07,2.32300264125e-13,0
248.0,-0.075,0.075,3.01150582854e-13,0
248.0,-0.07,0.075,2.66803510926e-13,0
248.0,-0.065,0.07,1.9871330929e-13,0
248.0,-0.065,0.075,2.30185516428e-13,0
248.0,-0.06,-0.075,1.9289166982e-13,0
248.0,-0.06,-0.07,1.6440934944e-13,0
248.0,-0.06,-0.065,1.35899651522e-13,0
248.0,-0.055,-0.075,1.51558779341e-13,0
248.0,-0.055,-0.07,1.28072340444e-13,0
248.0,-0.055,-0.065,1.04612739657e-13,0
248.0,-0.06,-0.06,1.06721466005e-13,0
248.0,-0.06,-0.055,7.67829334819e-14,0
248.0,-0.055,-0.06,8.07069808481e-14,0
248.0,-0.055,-0.055,5.63004347677e-14,0
248.0,-0.06,-0.05,4.64421562846e-14,0
248.0,-0.055,-0.05,3.16831451542e-14,0
248.0,-0.06,-0.045,1.63768578138e-14,0
248.0,-0.055,-0.045,7.44773901666e-15,0
248.0,-0.06,-0.04,-1.25123295925e-14,0
248.0,-0.055,-0.04,-1.55951487341e-14,0
248.0,-0.06,-0.035,-3.92903326914e-14,0
248.0,-0.055,-0.035,-3.64896010888e-14,0
248.0,-0.06,-0.03,-6.32379121434e-14,0
248.0,-0.06,-0.025,-8.40285870216e-14,0
248.0,-0.055,-0.03,-5.45920896553e-14,0
248.0,-0.055,-0.025,-6.99861245414e-14,0
248.0,-0.06,-0.02,-1.01499661735e-13,0
248.0,-0.06,-0.015,-1.15505608645e-13,0
248.0,-0.055,-0.02,-8.28456445979e-14,0
248.0,-0.055,-0.015,-9.32360348573e-14,0
248.0,-0.06,-0.01,-1.25764803664e-13,0
248.0,-0.06,-0.005,-1.31925742449e-13,0
248.0,-0.055,-0.01,-1.01010713616e-13,0
248.0,-0.055,-0.005,-1.05724551043e-13,0
248.0,-0.06,0,-1.33712504601e-13,0
248.0,-0.06,0.005,-1.31055215354e-13,0
248.0,-0.055,4.16333634234e-19,-1.07089254045e-13,0
248.0,-0.055,0.005,-1.05022289552e-13,0
248.0,-0.06,0.01,-1.24076057337e-13,0
248.0,-0.06,0.015,-1.13105442228e-13,0
248.0,-0.055,0.01,-9.96523199058e-14,0
248.0,-0.055,0.015,-9.13142972186e-14,0
248.0,-0.06,0.02,-9.85487370009e-14,0
248.0,-0.06,0.025,-8.07046883101e-14,0
248.0,-0.055,0.02,-8.05157168697e-14,0
248.0,-0.055,0.025,-6.74006139486e-14,0
248.0,-0.06,0.03,-5.9724553698e-14,0
248.0,-0.06,0.035,-3.57712671817e-14,0
248.0,-0.055,0.03,-5.19053036468e-14,0
248.0,-0.055,0.035,-3.38799268846e-14,0
248.0,-0.06,0.04,-9.1627637093e-15,0
248.0,-0.06,0.045,1.93671158713e-14,0
248.0,-0.055,0.04,-1.32178232472e-14,0
248.0,-0.055,0.045,9.4055122367e-15,0
248.0,-0.06,0.05,4.88792773181e-14,0
248.0,-0.06,0.055,7.84890906243e-14,0
248.0,-0.055,0.05,3.30274034549e-14,0
248.0,-0.055,0.055,5.68557195784e-14,0
248.0,-0.06,0.06,1.07547347741e-13,0
248.0,-0.06,0.065,1.35730702467e-13,0
248.0,-0.055,0.06,8.03274629853e-14,0
248.0,-0.055,0.065,1.03185974849e-13,0
248.0,-0.06,0.07,1.63166641662e-13,0
248.0,-0.06,0.075,1.90528149814e-13,0
248.0,-0.055,0.07,1.25517903236e-13,0
248.0,-0.055,0.075,1.47821843527e-13,0
248.0,-0.05,-0.075,1.07735109797e-13,0
248.0,-0.05,-0.07,8.99369504487e-14,0
248.0,-0.045,-0.075,6.23387168706e-14,0
248.0,-0.045,-0.07,5.07434362117e-14,0
248.0,-0.05,-0.065,7.21076304032e-14,0
248.0,-0.045,-0.065,3.89659219578e-14,0
248.0,-0.05,-0.06,5.39312925649e-14,0
248.0,-0.05,-0.055,3.53937074938e-14,0
248.0,-0.045,-0.06,2.68724285288e-14,0
248.0,-0.045,-0.055,1.44972555277e-14,0
248.0,-0.05,-0.05,1.67327135349e-14,0
248.0,-0.05,-0.045,-1.58677948202e-15,0
248.0,-0.045,-0.05,2.02625420201e-15,0
248.0,-0.045,-0.045,-1.02060889877e-14,0
248.0,-0.05,-0.04,-1.88363004224e-14,0
248.0,-0.045,-0.04,-2.16710611657e-14,0
248.0,-0.05,-0.035,-3.39963760457e-14,0
248.0,-0.045,-0.035,-3.13563010481e-14,0
248.0,-0.05,-0.03,-4.6338613642e-14,0
248.0,-0.045,-0.03,-3.83654497394e-14,0
248.0,-0.05,-0.025,-5.65420167712e-14,0
248.0,-0.045,-0.025,-4.41443840058e-14,0
248.0,-0.05,-0.02,-6.49981949802e-14,0
248.0,-0.05,-0.015,-7.19140075845e-14,0
248.0,-0.045,-0.02,-4.88164636515e-14,0
248.0,-0.045,-0.015,-5.24909194907e-14,0
248.0,-0.05,-0.01,-7.73125728401e-14,0
248.0,-0.05,-0.005,-8.06149814322e-14,0
248.0,-0.045,-0.01,-5.55202498591e-14,0
248.0,-0.045,-0.005,-5.73080656445e-14,0
248.0,-0.05,0,-8.15432742625e-14,0
248.0,-0.05,0.005,-8.00743044214e-14,0
248.0,-0.045,4.16333634234e-19,-5.77674379755e-14,0
248.0,-0.045,0.005,-5.69109614756e-14,0
248.0,-0.05,0.01,-7.62753996725e-14,0
248.0,-0.05,0.015,-7.04695285264e-14,0
248.0,-0.045,0.01,-5.47671241107e-14,0
248.0,-0.045,0.015,-5.1464536911e-14,0
248.0,-0.05,0.02,-6.32745405427e-14,0
248.0,-0.05,0.025,-5.46465094788e-14,0
248.0,-0.045,0.02,-4.76022675865e-14,0
248.0,-0.045,0.025,-4.28224032274e-14,0
248.0,-0.05,0.03,-4.43873740573e-14,0
248.0,-0.05,0.035,-3.21458864942e-14,0
248.0,-0.045,0.03,-3.70446618435e-14,0
248.0,-0.045,0.035,-3.01723708798e-14,0
248.0,-0.05,0.04,-1.72890339842e-14,0
248.0,-0.05,0.045,-5.29951141571e-16,0
248.0,-0.045,0.04,-2.08213665982e-14,0
248.0,-0.045,0.045,-9.90864880499e-15,0
248.0,-0.05,0.05,1.71093574293e-14,0
248.0,-0.05,0.055,3.49192172764e-14,0
248.0,-0.045,0.05,1.57822599024e-15,0
248.0,-0.045,0.055,1.31373171191e-14,0
248.0,-0.05,0.06,5.24640631301e-14,0
248.0,-0.05,0.065,6.95376304794e-14,0
248.0,-0.045,0.06,2.44637037798e-14,0
248.0,-0.045,0.065,3.5401284462e-14,0
248.0,-0.05,0.07,8.61823959255e-14,0
248.0,-0.05,0.075,1.02732994376e-13,0
248.0,-0.045,0.07,4.59396698777e-14,0
248.0,-0.045,0.075,5.62256477245e-14,0
248.0,-0.04,-0.075,1.65717834165e-14,0
248.0,-0.04,-0.07,1.14386437025e-14,0
248.0,-0.035,-0.075,-2.82786356631e-14,0
248.0,-0.035,-0.07,-2.69240617791e-14,0
248.0,-0.04,-0.065,5.94535998773e-15,0
248.0,-0.035,-0.065,-2.61198638015e-14,0
248.0,-0.04,-0.06,1.34233496291e-16,0
248.0,-0.035,-0.06,-2.5650715596e-14,0
248.0,-0.04,-0.055,-5.90266501078e-15,0
248.0,-0.035,-0.055,-2.53636500799e-14,0
248.0,-0.04,-0.05,-1.20184844299e-14,0
248.0,-0.04,-0.045,-1.79933226876e-14,0
248.0,-0.035,-0.05,-2.51602898377e-14,0
248.0,-0.035,-0.045,-2.49470543561e-14,0
248.0,-0.04,-0.04,-2.34505303273e-14,0
248.0,-0.04,-0.035,-2.77140698721e-14,0
248.0,-0.035,-0.04,-2.46354790242e-14,0
248.0,-0.035,-0.035,-2.41185787023e-14,0
248.0,-0.04,-0.03,-3.06994088255e-14,0
248.0,-0.035,-0.03,-2.35130571232e-14,0
248.0,-0.04,-0.025,-3.30313146265e-14,0
248.0,-0.035,-0.025,-2.2744659288e-14,0
248.0,-0.04,-0.02,-3.47176029433e-14,0
248.0,-0.035,-0.02,-2.18158141648e-14,0
248.0,-0.04,-0.015,-3.57797704408e-14,0
248.0,-0.035,-0.015,-2.07445095894e-14,0
248.0,-0.04,-0.01,-3.62484884817e-14,0
248.0,-0.04,-0.005,-3.64335442157e-14,0
248.0,-0.035,-0.01,-1.94430515615e-14,0
248.0,-0.035,-0.005,-1.85178542579e-14,0
248.0,-0.04,0,-3.64087042141e-14,0
248.0,-0.04,0.005,-3.61524842326e-14,0
248.0,-0.035,4.16333634234e-19,-1.81271258458e-14,0
248.0,-0.035,0.005,-1.83272282552e-14,0
248.0,-0.04,0.01,-3.57157643413e-14,0
248.0,-0.04,0.015,-3.50533049194e-14,0
248.0,-0.035,0.01,-1.90820687366e-14,0
248.0,-0.035,0.015,-2.02521659228e-14,0
248.0,-0.04,0.02,-3.38675741888e-14,0
248.0,-0.04,0.025,-3.21371406389e-14,0
248.0,-0.035,0.02,-2.12655319848e-14,0
248.0,-0.035,0.025,-2.22027536889e-14,0
248.0,-0.04,0.03,-2.98626217667e-14,0
248.0,-0.04,0.035,-2.70473597719e-14,0
248.0,-0.035,0.03,-2.30692049263e-14,0
248.0,-0.035,0.035,-2.38784476138e-14,0
248.0,-0.04,0.04,-2.31616642737e-14,0
248.0,-0.04,0.045,-1.83124930634e-14,0
248.0,-0.035,0.04,-2.47932904484e-14,0
248.0,-0.035,0.045,-2.57431187038e-14,0
248.0,-0.04,0.05,-1.31378224289e-14,0
248.0,-0.04,0.055,-7.98540425243e-15,0
248.0,-0.035,0.05,-2.67908800829e-14,0
248.0,-0.035,0.055,-2.79919161147e-14,0
248.0,-0.04,0.06,-3.04466532744e-15,0
248.0,-0.04,0.065,1.56509376771e-15,0
248.0,-0.035,0.06,-2.94086516082e-14,0
248.0,-0.035,0.065,-3.11113063606e-14,0
248.0,-0.04,0.07,5.77315059006e-15,0
248.0,-0.04,0.075,9.5444018541e-15,0
248.0,-0.035,0.07,-3.32341334481e-14,0
248.0,-0.035,0.075,-3.59878722782e-14,0
248.0,-0.03,-0.075,-7.08982220903e-14,0
248.0,-0.03,-0.07,-6.32683887995e-14,0
248.0,-0.025,-0.075,-1.09987969322e-13,0
248.0,-0.025,-0.07,-9.65561378037e-14,0
248.0,-0.03,-0.065,-5.63884687136e-14,0
248.0,-0.025,-0.065,-8.40440059951e-14,0
248.0,-0.03,-0.06,-4.98646680327e-14,0
248.0,-0.025,-0.06,-7.19283496365e-14,0
248.0,-0.03,-0.055,-4.35054316527e-14,0
248.0,-0.025,-0.055,-5.99685884921e-14,0
248.0,-0.03,-0.05,-3.72612312253e-14,0
248.0,-0.025,-0.05,-4.81960319715e-14,0
248.0,-0.03,-0.045,-3.12276244443e-14,0
248.0,-0.025,-0.045,-3.68744165224e-14,0
248.0,-0.03,-0.04,-2.56230380462e-14,0
248.0,-0.03,-0.035,-2.08557127567e-14,0
248.0,-0.025,-0.04,-2.65227125306e-14,0
248.0,-0.025,-0.035,-1.7969253389e-14,0
248.0,-0.03,-0.03,-1.69333122998e-14,0
248.0,-0.03,-0.025,-1.33149634089e-14,0
248.0,-0.025,-0.03,-1.10692597784e-14,0
248.0,-0.025,-0.025,-4.88727111824e-15,0
248.0,-0.03,-0.02,-1.00252727999e-14,0
248.0,-0.025,-0.02,5.29994578975e-16,0
248.0,-0.03,-0.015,-7.11789196574e-15,0
248.0,-0.025,-0.015,5.13563900437e-15,0
248.0,-0.03,-0.01,-4.72693903562e-15,0
248.0,-0.025,-0.01,8.6535266365e-15,0
248.0,-0.03,-0.005,-3.13430491915e-15,0
248.0,-0.025,-0.005,1.08340685708e-14,0
248.0,-0.03,0,-2.54279976546e-15,0
248.0,-0.03,0.005,-3.01708126522e-15,0
248.0,-0.025,4.16333634234e-19,1.15911730742e-14,0
248.0,-0.025,0.005,1.08810235412e-14,0
248.0,-0.03,0.01,-4.50944653396e-15,0
248.0,-0.03,0.015,-6.83408248097e-15,0
248.0,-0.025,0.01,8.73973951272e-15,0
248.0,-0.025,0.015,5.24158365164e-15,0
248.0,-0.03,0.02,-9.72252194071e-15,0
248.0,-0.03,0.025,-1.30540993545e-14,0
248.0,-0.025,0.02,6.26837406784e-16,0
248.0,-0.025,0.025,-4.84583632666e-15,0
248.0,-0.03,0.03,-1.67935566703e-14,0
248.0,-0.03,0.035,-2.09320922495e-14,0
248.0,-0.025,0.03,-1.11513200196e-14,0
248.0,-0.025,0.035,-1.82611760113e-14,0
248.0,-0.03,0.04,-2.61060683587e-14,0
248.0,-0.03,0.045,-3.23551899127e-14,0
248.0,-0.025,0.04,-2.72037703152e-14,0
248.0,-0.025,0.045,-3.81807457417e-14,0
248.0,-0.03,0.05,-3.92343954565e-14,0
248.0,-0.03,0.055,-4.64909128641e-14,0
248.0,-0.025,0.05,-5.03359106862e-14,0
248.0,-0.025,0.055,-6.31145158163e-14,0
248.0,-0.03,0.06,-5.39952784821e-14,0
248.0,-0.03,0.065,-6.17689139648e-14,0
248.0,-0.025,0.06,-7.62171601838e-14,0
248.0,-0.025,0.065,-8.95813649477e-14,0
248.0,-0.03,0.07,-6.9984067181e-14,0
248.0,-0.03,0.075,-7.90324318596e-14,0
248.0,-0.025,0.07,-1.0342781007e-13,0
248.0,-0.025,0.075,-1.18276241548e-13,0
248.0,-0.02,-0.075,-1.44387674056e-13,0
248.0,-0.02,-0.07,-1.25806850907e-13,0
248.0,-0.015,-0.075,-1.72990037112e-13,0
248.0,-0.015,-0.07,-1.50158402946e-13,0
248.0,-0.02,-0.065,-1.08332954794e-13,0
248.0,-0.015,-0.065,-1.28562398635e-13,0
248.0,-0.02,-0.06,-9.12880914298e-14,0
248.0,-0.015,-0.06,-1.07451347409e-13,0
248.0,-0.02,-0.055,-7.44203859114e-14,0
248.0,-0.015,-0.055,-8.65330058106e-14,0
248.0,-0.02,-0.05,-5.78095055963e-14,0
248.0,-0.015,-0.05,-6.5952773987e-14,0
248.0,-0.02,-0.045,-4.18767824871e-14,0
248.0,-0.015,-0.045,-4.62365580351e-14,0
248.0,-0.02,-0.04,-2.73836250049e-14,0
248.0,-0.015,-0.04,-2.83041218914e-14,0
248.0,-0.02,-0.035,-1.54895235512e-14,0
248.0,-0.015,-0.035,-1.35512771772e-14,0
248.0,-0.02,-0.03,-6.0172910206e-15,0
248.0,-0.02,-0.025,2.36235267811e-15,0
248.0,-0.015,-0.03,-1.8585054495e-15,0
248.0,-0.015,-0.025,8.33234123629e-15,0
248.0,-0.02,-0.02,9.55606008037e-15,0
248.0,-0.02,-0.015,1.55047846582e-14,0
248.0,-0.015,-0.02,1.68354756974e-14,0
248.0,-0.015,-0.015,2.34449032196e-14,0
248.0,-0.02,-0.01,1.99094564265e-14,0
248.0,-0.015,-0.01,2.78600382367e-14,0
248.0,-0.02,-0.005,2.24744133024e-14,0
248.0,-0.015,-0.005,3.01696419606e-14,0
248.0,-0.02,0,2.32851052603e-14,0
248.0,-0.015,4.16333634234e-19,3.08150578578e-14,0
248.0,-0.02,0.005,2.24381806954e-14,0
248.0,-0.015,0.005,3.00003379405e-14,0
248.0,-0.02,0.01,1.9847645387e-14,0
248.0,-0.02,0.015,1.54257133262e-14,0
248.0,-0.015,0.01,2.75791933102e-14,0
248.0,-0.015,0.015,2.31181771914e-14,0
248.0,-0.02,0.02,9.46303281049e-15,0
248.0,-0.02,0.025,2.23207707586e-15,0
248.0,-0.015,0.02,1.65292419289e-14,0
248.0,-0.015,0.025,8.05961904084e-15,0
248.0,-0.02,0.03,-6.2417538666e-15,0
248.0,-0.02,0.035,-1.58880925187e-14,0
248.0,-0.015,0.03,-2.14732628796e-15,0
248.0,-0.015,0.035,-1.39308020211e-14,0
248.0,-0.02,0.04,-2.81228651968e-14,0
248.0,-0.02,0.045,-4.31984617531e-14,0
248.0,-0.015,0.04,-2.89330252653e-14,0
248.0,-0.015,0.045,-4.73937774127e-14,0
248.0,-0.02,0.05,-5.99329030104e-14,0
248.0,-0.02,0.055,-7.75271656348e-14,0
248.0,-0.015,0.05,-6.78733990303e-14,0
248.0,-0.015,0.055,-8.94054580624e-14,0
248.0,-0.02,0.06,-9.5519445436e-14,0
248.0,-0.02,0.065,-1.13795886895e-13,0
248.0,-0.015,0.06,-1.11418922959e-13,0
248.0,-0.015,0.065,-1.33731118948e-13,0
248.0,-0.02,0.07,-1.32585317541e-13,0
248.0,-0.02,0.075,-1.52560783862e-13,0
248.0,-0.015,0.07,-1.56608562342e-13,0
248.0,-0.015,0.075,-1.807929909e-13,0
248.0,-0.01,-0.075,-1.94938877486e-13,0
248.0,-0.01,-0.07,-1.68848078125e-13,0
248.0,-0.005,-0.075,-2.09451667563e-13,0
248.0,-0.005,-0.07,-1.81287939822e-13,0
248.0,-0.01,-0.065,-1.4414484244e-13,0
248.0,-0.005,-0.065,-1.54582666325e-13,0
248.0,-0.01,-0.06,-1.19962367942e-13,0
248.0,-0.005,-0.06,-1.28453891474e-13,0
248.0,-0.01,-0.055,-9.6012510655e-14,0
248.0,-0.005,-0.055,-1.02578103334e-13,0
248.0,-0.01,-0.05,-7.24610285906e-14,0
248.0,-0.005,-0.05,-7.71577389178e-14,0
248.0,-0.01,-0.045,-4.99234396314e-14,0
248.0,-0.005,-0.045,-5.28450917698e-14,0
248.0,-0.01,-0.04,-2.94355807685e-14,0
248.0,-0.005,-0.04,-3.07264118651e-14,0
248.0,-0.01,-0.035,-1.24778069137e-14,0
248.0,-0.005,-0.035,-1.23043013603e-14,0
248.0,-0.01,-0.03,1.05062136067e-15,0
248.0,-0.005,-0.03,2.44861642335e-15,0
248.0,-0.01,-0.025,1.25853215966e-14,0
248.0,-0.005,-0.025,1.46430994948e-14,0
248.0,-0.01,-0.02,2.1869726331e-14,0
248.0,-0.01,-0.015,2.84279021198e-14,0
248.0,-0.005,-0.02,2.41106000327e-14,0
248.0,-0.005,-0.015,3.02709289426e-14,0
248.0,-0.0117873230072,-0.0115873794689,2.99268901992e-14,0
248.0,-0.00939961996336,-0.005,3.18331733503e-14,0
248.0,-0.00792797428371,-0.00964253216809,3.20510236628e-14,0
248.0,-0.005,-0.00939961996336,3.11659676651e-14,0
248.0,-0.0108753492546,-0.00150606400588,3.20671864696e-14,0
248.0,-0.00818101620308,-0.00211452602544,2.91573368901e-14,0
248.0,-0.00651817360753,-0.000255934956239,2.30720565129e-14,0
248.0,-0.005,6.71033969428e-08,1.14760970059e-14,0
248.0,-0.0107292118043,0.00160660295843,3.19267116326e-14,0
248.0,-0.0080188992252,0.000768320427092,2.81317824095e-14,0
248.0,-0.00939946851065,0.005,3.15807899705e-14,0
248.0,-0.00802129342231,0.00264911934363,2.90972354694e-14,0
248.0,-0.00887989370213,0.00887989479405,3.16830453391e-14,0
248.0,-0.01,0.015,2.7914060282e-14,0
248.0,-0.005,0.00939947397025,3.07945617221e-14,0
248.0,-0.005,0.015,2.98561856916e-14,0
248.0,-0.01,0.02,2.14586856166e-14,0
248.0,-0.01,0.025,1.23349595025e-14,0
248.0,-0.005,0.02,2.39112737675e-14,0
248.0,-0.005,0.025,1.47844065333e-14,0
248.0,-0.01,0.03,9.11506896217e-16,0
248.0,-0.01,0.035,-1.25909376554e-14,0
248.0,-0.005,0.03,2.8372776463e-15,0
248.0,-0.005,0.035,-1.18836908165e-14,0
248.0,-0.01,0.04,-2.97461110151e-14,0
248.0,-0.01,0.045,-5.07345292068e-14,0
248.0,-0.005,0.04,-3.05596610114e-14,0
248.0,-0.005,0.045,-5.31667527207e-14,0
248.0,-0.01,0.05,-7.40039581993e-14,0
248.0,-0.01,0.055,-9.84723856041e-14,0
248.0,-0.005,0.05,-7.81788636932e-14,0
248.0,-0.005,0.055,-1.04477657304e-13,0
248.0,-0.01,0.06,-1.23480508976e-13,0
248.0,-0.01,0.065,-1.48823922453e-13,0
248.0,-0.005,0.06,-1.3137012203e-13,0
248.0,-0.005,0.065,-1.58612737121e-13,0
248.0,-0.01,0.07,-1.74761536006e-13,0
248.0,-0.01,0.075,-2.02147394356e-13,0
248.0,-0.005,0.07,-1.86496264147e-13,0
248.0,-0.005,0.075,-2.15884316636e-13,0
248.0,0,-0.075,-2.16076389658e-13,0
248.0,0,-0.07,-1.87023742125e-13,0
248.0,0.005,-0.075,-2.14455771081e-13,0
248.0,0.005,-0.07,-1.85818198806e-13,0
248.0,0,-0.065,-1.59522165425e-13,0
248.0,0.005,-0.065,-1.58730486112e-13,0
248.0,0,-0.06,-1.32621116745e-13,0
248.0,0.005,-0.06,-1.32282389309e-13,0
248.0,0,-0.055,-1.06007279047e-13,0
248.0,0.005,-0.055,-1.0612762952e-13,0
248.0,0,-0.05,-7.98668352655e-14,0
248.0,0.005,-0.05,-8.04499923033e-14,0
248.0,0,-0.045,-5.48691607165e-14,0
248.0,0.005,-0.045,-5.58860316726e-14,0
248.0,0,-0.04,-3.21195594356e-14,0
248.0,0.005,-0.04,-3.35212673339e-14,0
248.0,0,-0.035,-1.3100332721e-14,0
248.0,0.005,-0.035,-1.49333631814e-14,0
248.0,0,-0.03,2.1507932929e-15,0
248.0,0.005,-0.03,-5.73517405539e-17,0
248.0,0,-0.025,1.45811444476e-14,0
248.0,0.005,-0.025,1.24353643512e-14,0
248.0,0,-0.02,2.40713263566e-14,0
248.0,0.005,-0.02,2.23846314476e-14,0
248.0,0,-0.015,3.01718950447e-14,0
248.0,0.005,-0.015,2.94176593688e-14,0
248.0,-0.0021196717084,-0.00776771017156,2.70809811779e-14,0
248.0,-0.00084550708518,-0.00631514607954,2.1349146104e-14,0
248.0,6.71033969406e-08,-0.005,1.18157332726e-14,0
248.0,-0.00139054260708,-0.0110960807567,3.09298701448e-14,0
248.0,0.00132468676756,-0.00775008274642,2.65550318414e-14,0
248.0,0.00160394440688,-0.0116908851489,3.10664631789e-14,0
248.0,0.005,-0.00939946851065,3.13808262629e-14,0
248.0,0.005,0.005,2.56712554644e-14,0
248.0,-0.000107646311398,0.00617659695633,2.03939722046e-14,0
248.0,-0.00190846935279,0.0076427502668,2.63914175162e-14,0
248.0,0.00131146485568,0.00777290068297,2.60955735165e-14,0
248.0,0.00295884413402,0.00640276348073,2.44341905986e-14,0
248.0,-1.21517769428e-05,0.0108932602996,3.02882658564e-14,0
248.0,0,0.015,2.99448776913e-14,0
248.0,0.005,0.00939942566771,3.07779817935e-14,0
248.0,0.005,0.015,2.93400090698e-14,0
248.0,0,0.02,2.42321026214e-14,0
248.0,0,0.025,1.52421794009e-14,0
248.0,0.005,0.02,2.28629419166e-14,0
248.0,0.005,0.025,1.34403260699e-14,0
248.0,0,0.03,3.15320693534e-15,0
248.0,0,0.035,-1.21290779311e-14,0
248.0,0.005,0.03,1.31807658513e-15,0
248.0,0.005,0.035,-1.34594825164e-14,0
248.0,0,0.04,-3.1412229947e-14,0
248.0,0,0.045,-5.46069007523e-14,0
248.0,0.005,0.04,-3.22196814549e-14,0
248.0,0.005,0.045,-5.4978597586e-14,0
248.0,0,0.05,-8.02617604694e-14,0
248.0,0,0.055,-1.0723938483e-13,0
248.0,0.005,0.05,-8.01567408351e-14,0
248.0,0.005,0.055,-1.06632339088e-13,0
248.0,0,0.06,-1.348261344e-13,0
248.0,0,0.065,-1.62790753105e-13,0
248.0,0.005,0.06,-1.33718197503e-13,0
248.0,0.005,0.065,-1.61179801012e-13,0
248.0,0,0.07,-1.91408795076e-13,0
248.0,0,0.075,-2.21607113034e-13,0
248.0,0.005,0.07,-1.89320663563e-13,0
248.0,0.005,0.075,-2.19021683783e-13,0
248.0,0.01,-0.075,-2.04608489669e-13,0
248.0,0.01,-0.07,-1.77594398768e-13,0
248.0,0.015,-0.075,-1.86666807407e-13,0
248.0,0.015,-0.07,-1.62512140669e-13,0
248.0,0.01,-0.065,-1.52146843679e-13,0
248.0,0.015,-0.065,-1.39847995213e-13,0
248.0,0.01,-0.06,-1.27344036208e-13,0
248.0,0.015,-0.06,-1.17850010043e-13,0
248.0,0.01,-0.055,-1.02855698432e-13,0
248.0,0.015,-0.055,-9.61667371261e-14,0
248.0,0.01,-0.05,-7.88104346314e-14,0
248.0,0.015,-0.05,-7.48915835213e-14,0
248.0,0.01,-0.045,-5.57945740726e-14,0
248.0,0.015,-0.045,-5.44987653836e-14,0
248.0,0.01,-0.04,-3.48387197386e-14,0
248.0,0.015,-0.04,-3.58666601655e-14,0
248.0,0.01,-0.035,-1.74840421344e-14,0
248.0,0.015,-0.035,-2.03534607418e-14,0
248.0,0.01,-0.03,-3.52907420381e-15,0
248.0,0.015,-0.03,-7.75526515989e-15,0
248.0,0.01,-0.025,8.63056155802e-15,0
248.0,0.015,-0.025,3.47977835983e-15,0
248.0,0.01,-0.02,1.88334112806e-14,0
248.0,0.01,-0.015,2.69615119482e-14,0
248.0,0.015,-0.02,1.33207003794e-14,0
248.0,0.015,-0.015,2.19524625848e-14,0
248.0,0.00999280436795,-0.0116358337096,3.08277674265e-14,0
248.0,0.0105889214373,-0.00845762197625,3.29503108044e-14,0
248.0,0.015,-0.01,2.88337652937e-14,0
248.0,0.00939947397025,-0.005,3.3966014044e-14,0
248.0,0.015,-0.005,3.31672267024e-14,0
248.0,0.00658051136513,-0.00296146438142,2.83147904495e-14,0
248.0,0.00636794669772,-3.54305826484e-06,2.45312844464e-14,0
248.0,0.00795807888052,-0.00113999998936,3.13118139409e-14,0
248.0,0.00758147027913,0.00183630393596,3.02005259747e-14,0
248.0,0.0112534647756,-1.47536350887e-07,3.59315236301e-14,0
248.0,0.015,4.16333634234e-19,3.48169641843e-14,0
248.0,0.00939942566771,0.005,3.34639429104e-14,0
248.0,0.015,0.005,3.30938349168e-14,0
248.0,0.00999018807453,0.0109670628501,3.11851115858e-14,0
248.0,0.01,0.015,2.71824446108e-14,0
248.0,0.015,0.01,2.90229462533e-14,0
248.0,0.015,0.015,2.26450549989e-14,0
248.0,0.01,0.02,1.96644086278e-14,0
248.0,0.01,0.025,9.95690947517e-15,0
248.0,0.015,0.02,1.45437358366e-14,0
248.0,0.015,0.025,5.17491692553e-15,0
248.0,0.01,0.03,-1.83092168871e-15,0
248.0,0.01,0.035,-1.55638138715e-14,0
248.0,0.015,0.03,-5.66302783418e-15,0
248.0,0.015,0.035,-1.79646673312e-14,0
248.0,0.01,0.04,-3.2947696828e-14,0
248.0,0.01,0.045,-5.42290536723e-14,0
248.0,0.015,0.04,-3.34040108378e-14,0
248.0,0.015,0.045,-5.2301393951e-14,0
248.0,0.01,0.05,-7.7816776886e-14,0
248.0,0.01,0.055,-1.02626569602e-13,0
248.0,0.015,0.05,-7.32362443965e-14,0
248.0,0.015,0.055,-9.52542260692e-14,0
248.0,0.01,0.06,-1.28009490075e-13,0
248.0,0.01,0.065,-1.53778921203e-13,0
248.0,0.015,0.06,-1.17803087297e-13,0
248.0,0.015,0.065,-1.40725556195e-13,0
248.0,0.01,0.07,-1.80217654496e-13,0
248.0,0.01,0.075,-2.08213652888e-13,0
248.0,0.015,0.07,-1.64322362297e-13,0
248.0,0.015,0.075,-1.89381661965e-13,0
248.0,0.02,-0.075,-1.61142971092e-13,0
248.0,0.02,-0.07,-1.40903313991e-13,0
248.0,0.025,-0.075,-1.2867662915e-13,0
248.0,0.025,-0.07,-1.1333112047e-13,0
248.0,0.02,-0.065,-1.22088988706e-13,0
248.0,0.025,-0.065,-9.92650245724e-14,0
248.0,0.02,-0.06,-1.0393425826e-13,0
248.0,0.025,-0.06,-8.58649821262e-14,0
248.0,0.02,-0.055,-8.61199989621e-14,0
248.0,0.025,-0.055,-7.28223812011e-14,0
248.0,0.02,-0.05,-6.86586230255e-14,0
248.0,0.025,-0.05,-6.01042872514e-14,0
248.0,0.02,-0.045,-5.1894645381e-14,0
248.0,0.025,-0.045,-4.78782061939e-14,0
248.0,0.02,-0.04,-3.64845798463e-14,0
248.0,0.025,-0.04,-3.65223541342e-14,0
248.0,0.02,-0.035,-2.34651699897e-14,0
248.0,0.025,-0.035,-2.66670987653e-14,0
248.0,0.02,-0.03,-1.27176202721e-14,0
248.0,0.025,-0.03,-1.82819156498e-14,0
248.0,0.02,-0.025,-2.98573686564e-15,0
248.0,0.025,-0.025,-1.06027547238e-14,0
248.0,0.02,-0.02,5.77689846127e-15,0
248.0,0.025,-0.02,-3.64946160482e-15,0
248.0,0.02,-0.015,1.38001610753e-14,0
248.0,0.025,-0.015,2.67510769893e-15,0
248.0,0.02,-0.01,2.05741252154e-14,0
248.0,0.025,-0.01,7.82105829987e-15,0
248.0,0.02,-0.005,2.49174047763e-14,0
248.0,0.025,-0.005,1.13735556224e-14,0
248.0,0.02,0,2.64974531607e-14,0
248.0,0.025,4.16333634234e-19,1.28740089109e-14,0
248.0,0.02,0.005,2.5124422502e-14,0
248.0,0.025,0.005,1.16231755187e-14,0
248.0,0.02,0.01,2.11581681925e-14,0
248.0,0.025,0.01,8.49858240572e-15,0
248.0,0.02,0.015,1.48801531044e-14,0
248.0,0.025,0.015,3.93249103687e-15,0
248.0,0.02,0.02,7.34155510953e-15,0
248.0,0.02,0.025,-9.41031530534e-16,0
248.0,0.025,0.02,-1.85633808416e-15,0
248.0,0.025,0.025,-8.27654038896e-15,0
248.0,0.02,0.03,-1.02186329072e-14,0
248.0,0.02,0.035,-2.05829581777e-14,0
248.0,0.025,0.03,-1.54085774513e-14,0
248.0,0.025,0.035,-2.33086188227e-14,0
248.0,0.02,0.04,-3.34655014307e-14,0
248.0,0.02,0.045,-4.91233973687e-14,0
248.0,0.025,0.04,-3.30028444795e-14,0
248.0,0.025,0.045,-4.46513619253e-14,0
248.0,0.02,0.05,-6.64326428705e-14,0
248.0,0.02,0.055,-8.46320467419e-14,0
248.0,0.025,0.05,-5.74616765789e-14,0
248.0,0.025,0.055,-7.09280494801e-14,0
248.0,0.02,0.06,-1.03291467927e-13,0
248.0,0.02,0.065,-1.22331737587e-13,0
248.0,0.025,0.06,-8.47951422595e-14,0
248.0,0.025,0.065,-9.90393840428e-14,0
248.0,0.02,0.07,-1.42023047672e-13,0
248.0,0.02,0.075,-1.63095749567e-13,0
248.0,0.025,0.07,-1.13927820574e-13,0
248.0,0.025,0.075,-1.30041179724e-13,0
248.0,0.03,-0.075,-9.0246120861e-14,0
248.0,0.03,-0.07,-8.05292534505e-14,0
248.0,0.035,-0.075,-4.69584745323e-14,0
248.0,0.035,-0.07,-4.34305142019e-14,0
248.0,0.03,-0.065,-7.19422656307e-14,0
248.0,0.035,-0.065,-4.0825610429e-14,0
248.0,0.03,-0.06,-6.40044263695e-14,0
248.0,0.035,-0.06,-3.88516252666e-14,0
248.0,0.03,-0.055,-5.64647930119e-14,0
248.0,0.035,-0.055,-3.73085770674e-14,0
248.0,0.03,-0.05,-4.92247263191e-14,0
248.0,0.035,-0.05,-3.606642494e-14,0
248.0,0.03,-0.045,-4.23123494197e-14,0
248.0,0.035,-0.045,-3.50093861217e-14,0
248.0,0.03,-0.04,-3.57994060103e-14,0
248.0,0.035,-0.04,-3.39874245269e-14,0
248.0,0.03,-0.035,-2.97892895541e-14,0
248.0,0.035,-0.035,-3.26075847397e-14,0
248.0,0.03,-0.03,-2.42770519122e-14,0
248.0,0.035,-0.03,-3.05055689111e-14,0
248.0,0.03,-0.025,-1.91433365827e-14,0
248.0,0.035,-0.025,-2.83573814657e-14,0
248.0,0.03,-0.02,-1.45394370397e-14,0
248.0,0.035,-0.02,-2.64582069997e-14,0
248.0,0.03,-0.015,-1.04318176467e-14,0
248.0,0.035,-0.015,-2.46430805101e-14,0
248.0,0.03,-0.01,-7.0706082005e-15,0
248.0,0.035,-0.01,-2.30516473949e-14,0
248.0,0.03,-0.005,-4.54407599449e-15,0
248.0,0.035,-0.005,-2.16951229088e-14,0
248.0,0.03,0,-3.37052654411e-15,0
248.0,0.035,4.16333634234e-19,-2.09213384134e-14,0
248.0,0.03,0.005,-4.19937744171e-15,0
248.0,0.035,0.005,-2.11878736698e-14,0
248.0,0.03,0.01,-6.27397113647e-15,0
248.0,0.035,0.01,-2.20149280011e-14,0
248.0,0.03,0.015,-9.05537143136e-15,0
248.0,0.035,0.015,-2.30270854754e-14,0
248.0,0.03,0.02,-1.25803672548e-14,0
248.0,0.035,0.02,-2.42623019844e-14,0
248.0,0.03,0.025,-1.66087461261e-14,0
248.0,0.035,0.025,-2.56159938715e-14,0
248.0,0.03,0.03,-2.10826296291e-14,0
248.0,0.03,0.035,-2.59981199795e-14,0
248.0,0.035,0.03,-2.70465527132e-14,0
248.0,0.035,0.035,-2.85328601151e-14,0
248.0,0.03,0.04,-3.1917478191e-14,0
248.0,0.03,0.045,-3.88459261774e-14,0
248.0,0.035,0.04,-3.00949987538e-14,0
248.0,0.035,0.045,-3.16651117225e-14,0
248.0,0.03,0.05,-4.64018772348e-14,0
248.0,0.03,0.055,-5.43868925987e-14,0
248.0,0.035,0.05,-3.33633009099e-14,0
248.0,0.035,0.055,-3.52936615331e-14,0
248.0,0.03,0.06,-6.27138393766e-14,0
248.0,0.03,0.065,-7.14443672e-14,0
248.0,0.035,0.06,-3.75560367792e-14,0
248.0,0.035,0.065,-4.02539393841e-14,0
248.0,0.03,0.07,-8.07955362069e-14,0
248.0,0.03,0.075,-9.12208197343e-14,0
248.0,0.035,0.07,-4.35616458381e-14,0
248.0,0.035,0.075,-4.77445733481e-14,0
248.0,0.04,-0.075,-1.57940177617e-16,0
248.0,0.04,-0.07,-3.10857076752e-15,0
248.0,0.045,-0.075,4.87269722974e-14,0
248.0,0.045,-0.07,3.92502742628e-14,0
248.0,0.04,-0.065,-6.76456920025e-15,0
248.0,0.045,-0.065,2.92915492771e-14,0
248.0,0.04,-0.06,-1.10189467025e-14,0
248.0,0.045,-0.06,1.87610405051e-14,0
248.0,0.04,-0.055,-1.57417862329e-14,0
248.0,0.045,-0.055,7.71991449536e-15,0
248.0,0.04,-0.05,-2.07630296701e-14,0
248.0,0.045,-0.05,-3.63258260063e-15,0
248.0,0.04,-0.045,-2.58495880854e-14,0
248.0,0.045,-0.045,-1.49520423649e-14,0
248.0,0.04,-0.04,-3.06122239419e-14,0
248.0,0.045,-0.04,-2.57399086354e-14,0
248.0,0.04,-0.035,-3.43780405499e-14,0
248.0,0.045,-0.035,-3.52298294576e-14,0
248.0,0.04,-0.03,-3.67995040871e-14,0
248.0,0.045,-0.03,-4.27706330783e-14,0
248.0,0.04,-0.025,-3.8319551472e-14,0
248.0,0.045,-0.025,-4.86061324845e-14,0
248.0,0.04,-0.02,-3.92340713777e-14,0
248.0,0.045,-0.02,-5.26047662755e-14,0
248.0,0.04,-0.015,-3.97577303722e-14,0
248.0,0.045,-0.015,-5.56125436085e-14,0
248.0,0.04,-0.01,-3.99362631645e-14,0
248.0,0.045,-0.01,-5.769811037e-14,0
248.0,0.04,-0.005,-3.97542507714e-14,0
248.0,0.045,-0.005,-5.8776328504e-14,0
248.0,0.04,0,-3.9394765869e-14,0
248.0,0.045,4.16333634234e-19,-5.88996004382e-14,0
248.0,0.04,0.005,-3.9067417475e-14,0
248.0,0.045,0.005,-5.78856318391e-14,0
248.0,0.04,0.01,-3.86012894405e-14,0
248.0,0.045,0.01,-5.60398133218e-14,0
248.0,0.04,0.015,-3.777973807e-14,0
248.0,0.045,0.015,-5.32428885607e-14,0
248.0,0.04,0.02,-3.66086849124e-14,0
248.0,0.045,0.02,-4.94875165511e-14,0
248.0,0.04,0.025,-3.50624712939e-14,0
248.0,0.045,0.025,-4.47902796282e-14,0
248.0,0.04,0.03,-3.31064784104e-14,0
248.0,0.045,0.03,-3.90696126112e-14,0
248.0,0.04,0.035,-3.07256869833e-14,0
248.0,0.045,0.035,-3.23430881672e-14,0
248.0,0.04,0.04,-2.73487887692e-14,0
248.0,0.04,0.045,-2.30290307388e-14,0
248.0,0.045,0.04,-2.33029704881e-14,0
248.0,0.045,0.045,-1.27897172965e-14,0
248.0,0.04,0.05,-1.84501662914e-14,0
248.0,0.04,0.055,-1.40020521341e-14,0
248.0,0.045,0.05,-1.82559804611e-15,0
248.0,0.045,0.055,9.07290142631e-15,0
248.0,0.04,0.06,-9.90080015083e-15,0
248.0,0.04,0.065,-6.29170597944e-15,0
248.0,0.045,0.06,1.95867124845e-14,0
248.0,0.045,0.065,2.95441110269e-14,0
248.0,0.04,0.07,-3.27648719013e-15,0
248.0,0.04,0.075,-9.35186791708e-16,0
248.0,0.045,0.07,3.89150396246e-14,0
248.0,0.045,0.075,4.78163653757e-14,0
248.0,0.05,-0.075,9.82245765095e-14,0
248.0,0.05,-0.07,8.24269210142e-14,0
248.0,0.055,-0.075,1.46915745194e-13,0
248.0,0.055,-0.07,1.2527471274e-13,0
248.0,0.05,-0.065,6.63478639159e-14,0
248.0,0.055,-0.065,1.03461473694e-13,0
248.0,0.05,-0.06,4.96919232655e-14,0
248.0,0.055,-0.06,8.0991272962e-14,0
248.0,0.05,-0.055,3.24486588885e-14,0
248.0,0.055,-0.055,5.77897000647e-14,0
248.0,0.05,-0.05,1.48513872918e-14,0
248.0,0.055,-0.05,3.41170990824e-14,0
248.0,0.05,-0.045,-2.66381210831e-15,0
248.0,0.055,-0.045,1.05133640194e-14,0
248.0,0.05,-0.04,-1.94638118236e-14,0
248.0,0.055,-0.04,-1.2291491429e-14,0
248.0,0.05,-0.035,-3.47650129055e-14,0
248.0,0.055,-0.035,-3.3449255493e-14,0
248.0,0.05,-0.03,-4.78534869141e-14,0
248.0,0.055,-0.03,-5.22067666985e-14,0
248.0,0.05,-0.025,-5.84684711563e-14,0
248.0,0.055,-0.025,-6.80377841134e-14,0
248.0,0.05,-0.02,-6.65634897322e-14,0
248.0,0.055,-0.02,-8.07425844698e-14,0
248.0,0.05,-0.015,-7.26747539402e-14,0
248.0,0.055,-0.015,-9.04999865077e-14,0
248.0,0.05,-0.01,-7.69919564945e-14,0
248.0,0.055,-0.01,-9.74007673963e-14,0
248.0,0.05,-0.005,-7.9469731851e-14,0
248.0,0.055,-0.005,-1.01399685289e-13,0
248.0,0.05,0,-8.00007408413e-14,0
248.0,0.055,4.16333634234e-19,-1.02392639162e-13,0
248.0,0.05,0.005,-7.84437193446e-14,0
248.0,0.055,0.005,-1.00313256294e-13,0
248.0,0.05,0.01,-7.50664075569e-14,0
248.0,0.055,0.01,-9.53528546605e-14,0
248.0,0.05,0.015,-6.99707451148e-14,0
248.0,0.055,0.015,-8.76729050044e-14,0
248.0,0.05,0.02,-6.31732275677e-14,0
248.0,0.055,0.02,-7.73544303294e-14,0
248.0,0.05,0.025,-5.46741075104e-14,0
248.0,0.055,0.025,-6.44601528068e-14,0
248.0,0.05,0.03,-4.44009484365e-14,0
248.0,0.055,0.03,-4.90139923033e-14,0
248.0,0.05,0.035,-3.21610434976e-14,0
248.0,0.055,0.035,-3.09977661138e-14,0
248.0,0.05,0.04,-1.74454770779e-14,0
248.0,0.055,0.04,-1.04331989889e-14,0
248.0,0.05,0.045,-9.7523433393e-16,0
248.0,0.055,0.045,1.19524162563e-14,0
248.0,0.05,0.05,1.62154545728e-14,0
248.0,0.05,0.055,3.34158106724e-14,0
248.0,0.055,0.05,3.51751772524e-14,0
248.0,0.055,0.055,5.8435792866e-14,0
248.0,0.05,0.06,5.01864752221e-14,0
248.0,0.05,0.065,6.63172093686e-14,0
248.0,0.055,0.06,8.11730007171e-14,0
248.0,0.055,0.065,1.03132743453e-13,0
248.0,0.05,0.07,8.18432574096e-14,0
248.0,0.05,0.075,9.70859232052e-14,0
248.0,0.055,0.07,1.2440696176e-13,0
248.0,0.055,0.075,1.45498158909e-13,0
248.0,0.06,-0.075,1.93647579292e-13,0
248.0,0.06,-0.07,1.66845528837e-13,0
248.0,0.065,-0.075,2.3757648412e-13,0
248.0,0.065,-0.07,2.06566524924e-13,0
248.0,0.06,-0.065,1.39861249553e-13,0
248.0,0.065,-0.065,1.75114119068e-13,0
248.0,0.06,-0.06,1.1201209421e-13,0
248.0,0.065,-0.06,1.42371792398e-13,0
248.0,0.06,-0.055,8.31639106623e-14,0
248.0,0.065,-0.055,1.08205162204e-13,0
248.0,0.06,-0.05,5.3628800346e-14,0
248.0,0.065,-0.05,7.29934722081e-14,0
248.0,0.06,-0.045,2.40373981534e-14,0
248.0,0.065,-0.045,3.7501424069e-14,0
248.0,0.06,-0.04,-4.75805409898e-15,0
248.0,0.065,-0.04,2.71492955894e-15,0
248.0,0.06,-0.035,-3.18262465736e-14,0
248.0,0.065,-0.035,-3.02896261153e-14,0
248.0,0.06,-0.03,-5.62915563123e-14,0
248.0,0.065,-0.03,-6.04875501907e-14,0
248.0,0.06,-0.025,-7.74706943669e-14,0
248.0,0.065,-0.025,-8.70154690709e-14,0
248.0,0.06,-0.02,-9.49405914292e-14,0
248.0,0.065,-0.02,-1.09241288756e-13,0
248.0,0.06,-0.015,-1.08561862088e-13,0
248.0,0.065,-0.015,-1.26750329514e-13,0
248.0,0.06,-0.01,-1.18239089846e-13,0
248.0,0.065,-0.01,-1.39285452498e-13,0
248.0,0.06,-0.005,-1.23889669129e-13,0
248.0,0.065,-0.005,-1.46653591437e-13,0
248.0,0.06,0,-1.25413919774e-13,0
248.0,0.065,4.16333634234e-19,-1.48759482171e-13,0
248.0,0.06,0.005,-1.22808143142e-13,0
248.0,0.065,0.005,-1.45595244087e-13,0
248.0,0.06,0.01,-1.16197855061e-13,0
248.0,0.065,0.01,-1.3728933024e-13,0
248.0,0.06,0.015,-1.05770870877e-13,0
248.0,0.065,0.015,-1.24039118726e-13,0
248.0,0.06,0.02,-9.16878241153e-14,0
248.0,0.065,0.02,-1.06116222669e-13,0
248.0,0.06,0.025,-7.41349959069e-14,0
248.0,0.065,0.025,-8.38295438591e-14,0
248.0,0.06,0.03,-5.32924290282e-14,0
248.0,0.065,0.03,-5.75808357084e-14,0
248.0,0.06,0.035,-2.94179993576e-14,0
248.0,0.065,0.035,-2.78830570997e-14,0
248.0,0.06,0.04,-2.93177781456e-15,0
248.0,0.065,0.04,4.55323672145e-15,0
248.0,0.06,0.045,2.53647021255e-14,0
248.0,0.065,0.045,3.87828000129e-14,0
248.0,0.06,0.05,5.44967061686e-14,0
248.0,0.065,0.05,7.37399055267e-14,0
248.0,0.06,0.055,8.35664626011e-14,0
248.0,0.065,0.055,1.08423089248e-13,0
248.0,0.06,0.06,1.11922602515e-13,0
248.0,0.06,0.065,1.39249947321e-13,0
248.0,0.065,0.06,1.42053171321e-13,0
248.0,0.065,0.065,1.74246168318e-13,0
248.0,0.06,0.07,1.6569007706e-13,0
248.0,0.06,0.075,1.91936375645e-13,0
248.0,0.065,0.07,2.05137845168e-13,0
248.0,0.065,0.075,2.35579112377e-13,0
248.0,0.07,-0.075,2.7856720803e-13,0
248.0,0.07,-0.07,2.44452716067e-13,0
248.0,0.075,-0.075,3.17294216053e-13,0
248.0,0.075,-0.07,2.81358471084e-13,0
248.0,0.07,-0.065,2.09275968726e-13,0
248.0,0.075,-0.065,2.43110913936e-13,0
248.0,0.07,-0.06,1.72107624941e-13,0
248.0,0.075,-0.06,2.01805639552e-13,0
248.0,0.07,-0.055,1.32863424834e-13,0
248.0,0.075,-0.055,1.57515305619e-13,0
248.0,0.07,-0.05,9.20709376364e-14,0
248.0,0.075,-0.05,1.11034480706e-13,0
248.0,0.07,-0.045,5.06660129065e-14,0
248.0,0.075,-0.045,6.35011996743e-14,0
248.0,0.07,-0.04,9.81939810932e-15,0
248.0,0.075,-0.04,1.63397893421e-14,0
248.0,0.07,-0.035,-2.92072657642e-14,0
248.0,0.075,-0.035,-2.89588152787e-14,0
248.0,0.07,-0.03,-6.52001951554e-14,0
248.0,0.075,-0.03,-7.09648387925e-14,0
248.0,0.07,-0.025,-9.70992877144e-14,0
248.0,0.075,-0.025,-1.08374002747e-13,0
248.0,0.07,-0.02,-1.24053878729e-13,0
248.0,0.075,-0.02,-1.40165315673e-13,0
248.0,0.07,-0.015,-1.45450460954e-13,0
248.0,0.075,-0.015,-1.65483105114e-13,0
248.0,0.07,-0.01,-1.60842931003e-13,0
248.0,0.075,-0.01,-1.83798388632e-13,0
248.0,0.07,-0.005,-1.69964530153e-13,0
248.0,0.075,-0.005,-1.94670428171e-13,0
248.0,0.07,0,-1.72652195592e-13,0
248.0,0.075,0,-1.9796452995e-13,0
248.0,0.07,0.005,-1.68915180668e-13,0
248.0,0.075,0.005,-1.93595792112e-13,0
248.0,0.07,0.01,-1.58866330189e-13,0
248.0,0.075,0.01,-1.81776504682e-13,0
248.0,0.07,0.015,-1.4277394123e-13,0
248.0,0.075,0.015,-1.62751322512e-13,0
248.0,0.07,0.02,-1.20979728447e-13,0
248.0,0.075,0.02,-1.37034091421e-13,0
248.0,0.07,0.025,-9.39634186238e-14,0
248.0,0.075,0.025,-1.05180747357e-13,0
248.0,0.07,0.03,-6.23090625307e-14,0
248.0,0.075,0.03,-6.80156789729e-14,0
248.0,0.07,0.035,-2.67792834495e-14,0
248.0,0.075,0.035,-2.64804299071e-14,0
248.0,0.07,0.04,1.16750532102e-14,0
248.0,0.075,0.04,1.82188296929e-14,0
248.0,0.07,0.045,5.19202398447e-14,0
248.0,0.075,0.045,6.47296425488e-14,0
248.0,0.07,0.05,9.27266995994e-14,0
248.0,0.075,0.05,1.11606102849e-13,0
248.0,0.07,0.055,1.32929653021e-13,0
248.0,0.075,0.055,1.57441376524e-13,0
248.0,0.07,0.06,1.71589429368e-13,0
248.0,0.075,0.06,2.01100256592e-13,0
248.0,0.07,0.065,2.08174756584e-13,0
248.0,0.075,0.065,2.41788439532e-13,0
248.0,0.07,0.07,2.42769191105e-13,0
248.0,0.07,0.075,2.76300945014e-13,0
248.0,0.075,0.07,2.79431644257e-13,0
248.0,0.075,0.075,3.14773861297e-13,0
250.0,-0.00382671281566,-0.00202612167119,0,0
250.0,-0.005,-0.005,2.57416177093e-14,0
250.0,-0.00197892066871,-0.00385133392306,0,0
250.0,-0.005,-0.00190753787223,1.5528844849e-14,0
250.0,-0.00433,0,0,0
250.0,-0.00190753787223,-0.005,1.53646070665e-14,0
250.0,0,-0.00433,0,0
250.0,-0.005,0.00190775150599,1.551879903e-14,0
250.0,-0.00385133392306,0.00197892066871,0,0
250.0,0.00190775150599,-0.005,1.53495209039e-14,0
250.0,0.00202612167119,-0.00382671281566,0,0
250.0,-0.00202612167119,0.00382671281566,0,0
250.0,-0.005,0.005,2.56434792489e-14,0
250.0,-0.0019094272225,0.005,1.53869668232e-14,0
250.0,0,0.00433,0,0
250.0,0.00147766755988,0.00407006125046,0,0
250.0,8.32667268469e-19,0.005,1.16890841117e-14,0
250.0,0.00433,0,0,0
250.0,0.005,1.38777878078e-18,1.1394874471e-14,0
250.0,0.00407006125046,0.00147766755988,0,0
250.0,0.005,-0.005,2.64378411039e-14,0
250.0,0.00385133392306,-0.00197892066871,0,0
250.0,0.005,-0.0019094272225,1.56363537925e-14,0
250.0,0.00306177236254,0.00306177236254,0,0
250.0,0.0019094272225,0.005,1.55451517851e-14,0
250.0,0.005,0.0019094272225,1.56856386864e-14,0
250.0,-0.000885,-0.0015328649647,1.27151327107e-12,0
250.0,-0.0015328649647,-0.000885,1.27163565172e-12,0
250.0,-0.00186450691264,-0.00187567167242,8.4302090183e-13,0
250.0,-0.00177,0,1.27132738815e-12,0
250.0,-0.00268433516245,-0.000738983120158,7.59102883617e-13,0
250.0,0,-0.00177,1.27147491102e-12,0
250.0,-0.000718432264205,-0.00269192408424,7.573967262e-13,0
250.0,-0.0015328649647,0.000885,1.26982292204e-12,0
250.0,-0.00265321485144,0.000647311733689,7.89885686619e-13,0
250.0,-0.000885,0.0015328649647,1.26819542257e-12,0
250.0,-0.00194719253591,0.00178443766524,8.43947207997e-13,0
250.0,0,0.00177,1.2640892788e-12,0
250.0,-0.000802720381054,0.00273415977115,7.17496625125e-13,0
250.0,0.000885,-0.0015328649647,1.27016375676e-12,0
250.0,0.00075154031863,-0.00270385456952,7.4528680345e-13,0
250.0,0.00177,0,1.26242904672e-12,0
250.0,0.0015328649647,-0.000885,1.26801134841e-12,0
250.0,0.00271471102228,-0.000564731152102,7.60910509551e-13,0
250.0,0.00192394637685,-0.00189207206672,8.10091922518e-13,0
250.0,0.00231817117671,0.00040530921667,9.87905665794e-13,0
250.0,0.0015328649647,0.000885,1.26069541841e-12,0
250.0,0.000885,0.0015328649647,1.26140047543e-12,0
250.0,0.000427053001345,0.00287092483521,6.82186286523e-13,0
250.0,0.00187618296239,0.00184774001435,8.33336225034e-13,0
250.0,0.00312733402203,0.000607809752493,5.19196655436e-13,0
250.0,0.00276214303706,0.00136595635004,5.76856694883e-13,0
250.0,0.0014100336009,0.00268674970267,6.04768858828e-13,0
250.0,-0.075,-0.075,2.80485315478e-13,0
250.0,-0.07,-0.075,2.49587062124e-13,0
250.0,-0.075,-0.07,2.45342940647e-13,0
250.0,-0.07,-0.07,2.16138377739e-13,0
250.0,-0.075,-0.065,2.08093638804e-13,0
250.0,-0.07,-0.065,1.81772403819e-13,0
250.0,-0.065,-0.075,2.16513258999e-13,0
250.0,-0.065,-0.07,1.85932281629e-13,0
250.0,-0.065,-0.065,1.55045198879e-13,0
250.0,-0.075,-0.06,1.68102902242e-13,0
250.0,-0.07,-0.06,1.45674828424e-13,0
250.0,-0.065,-0.06,1.23098420086e-13,0
250.0,-0.075,-0.055,1.25497527754e-13,0
250.0,-0.07,-0.055,1.07819219274e-13,0
250.0,-0.065,-0.055,9.00099351204e-14,0
250.0,-0.075,-0.05,8.10742832977e-14,0
250.0,-0.07,-0.05,6.87485640736e-14,0
250.0,-0.065,-0.05,5.61781658586e-14,0
250.0,-0.075,-0.045,3.59298708127e-14,0
250.0,-0.07,-0.045,2.93718728254e-14,0
250.0,-0.065,-0.045,2.23609380194e-14,0
250.0,-0.075,-0.04,-8.60357004198e-15,0
250.0,-0.07,-0.04,-9.21097904531e-15,0
250.0,-0.075,-0.035,-5.11815849e-14,0
250.0,-0.07,-0.035,-4.58649075292e-14,0
250.0,-0.065,-0.04,-1.04987142624e-14,0
250.0,-0.065,-0.035,-4.14253669128e-14,0
250.0,-0.075,-0.03,-9.05596423154e-14,0
250.0,-0.07,-0.03,-7.95601083559e-14,0
250.0,-0.075,-0.025,-1.25631459386e-13,0
250.0,-0.07,-0.025,-1.09443612712e-13,0
250.0,-0.065,-0.03,-6.95821886436e-14,0
250.0,-0.065,-0.025,-9.43590009738e-14,0
250.0,-0.075,-0.02,-1.55521792819e-13,0
250.0,-0.07,-0.02,-1.34816388678e-13,0
250.0,-0.075,-0.015,-1.79436484867e-13,0
250.0,-0.07,-0.015,-1.55117746771e-13,0
250.0,-0.065,-0.02,-1.15317780627e-13,0
250.0,-0.065,-0.015,-1.32071883372e-13,0
250.0,-0.075,-0.01,-1.96811865111e-13,0
250.0,-0.07,-0.01,-1.69842323149e-13,0
250.0,-0.075,-0.005,-2.07125471329e-13,0
250.0,-0.07,-0.005,-1.78611926255e-13,0
250.0,-0.065,-0.01,-1.44262643217e-13,0
250.0,-0.065,-0.005,-1.51530455331e-13,0
250.0,-0.075,0,-2.10146051409e-13,0
250.0,-0.07,0,-1.81156030873e-13,0
250.0,-0.075,0.005,-2.05738573083e-13,0
250.0,-0.07,0.005,-1.77421221427e-13,0
250.0,-0.065,4.16333634234e-19,-1.53641018017e-13,0
250.0,-0.065,0.005,-1.50518470907e-13,0
250.0,-0.075,0.01,-1.94107523663e-13,0
250.0,-0.07,0.01,-1.67524532729e-13,0
250.0,-0.075,0.015,-1.75548506065e-13,0
250.0,-0.07,0.015,-1.5179545068e-13,0
250.0,-0.065,0.01,-1.42296504969e-13,0
250.0,-0.065,0.015,-1.29265861144e-13,0
250.0,-0.075,0.02,-1.5063499649e-13,0
250.0,-0.07,0.02,-1.30660220202e-13,0
250.0,-0.075,0.025,-1.19967107918e-13,0
250.0,-0.07,0.025,-1.04655836295e-13,0
250.0,-0.065,0.02,-1.11832914985e-13,0
250.0,-0.065,0.025,-9.03834788806e-14,0
250.0,-0.075,0.03,-8.43568038554e-14,0
250.0,-0.07,0.03,-7.43587859338e-14,0
250.0,-0.075,0.035,-4.468669235e-14,0
250.0,-0.07,0.035,-4.04720937274e-14,0
250.0,-0.065,0.03,-6.53145968231e-14,0
250.0,-0.065,0.035,-3.70656676076e-14,0
250.0,-0.075,0.04,-2.05962682459e-15,0
250.0,-0.07,0.04,-3.84768560776e-15,0
250.0,-0.075,0.045,4.22869390614e-14,0
250.0,-0.07,0.045,3.44897589011e-14,0
250.0,-0.065,0.04,-6.2445148503e-15,0
250.0,-0.065,0.045,2.63106925364e-14,0
250.0,-0.075,0.05,8.70244510153e-14,0
250.0,-0.07,0.05,7.34156015966e-14,0
250.0,-0.075,0.055,1.30844409838e-13,0
250.0,-0.07,0.055,1.11850587721e-13,0
250.0,-0.065,0.05,5.96287092302e-14,0
250.0,-0.065,0.055,9.27838612778e-14,0
250.0,-0.075,0.06,1.72683665391e-13,0
250.0,-0.07,0.06,1.48915790313e-13,0
250.0,-0.075,0.065,2.11785146588e-13,0
250.0,-0.07,0.065,1.841054434e-13,0
250.0,-0.065,0.06,1.2504673636e-13,0
250.0,-0.065,0.065,1.56054195868e-13,0
250.0,-0.075,0.07,2.480646847e-13,0
250.0,-0.07,0.07,2.17486136996e-13,0
250.0,-0.075,0.075,2.82198866408e-13,0
250.0,-0.07,0.075,2.49912470854e-13,0
250.0,-0.065,0.07,1.85925878641e-13,0
250.0,-0.065,0.075,2.15451428866e-13,0
250.0,-0.06,-0.075,1.80497377099e-13,0
250.0,-0.06,-0.07,1.53803392775e-13,0
250.0,-0.06,-0.065,1.27086972545e-13,0
250.0,-0.055,-0.075,1.41485034215e-13,0
250.0,-0.055,-0.07,1.19575018394e-13,0
250.0,-0.055,-0.065,9.76978672487e-14,0
250.0,-0.06,-0.06,9.97270567374e-14,0
250.0,-0.06,-0.055,7.16250076528e-14,0
250.0,-0.055,-0.06,7.53920650587e-14,0
250.0,-0.055,-0.055,5.25932758138e-14,0
250.0,-0.06,-0.05,4.31112634225e-14,0
250.0,-0.055,-0.05,2.95648706789e-14,0
250.0,-0.06,-0.045,1.48215884633e-14,0
250.0,-0.055,-0.045,6.85966665166e-15,0
250.0,-0.06,-0.04,-1.23934513758e-14,0
250.0,-0.055,-0.04,-1.47602195965e-14,0
250.0,-0.06,-0.035,-3.76476165085e-14,0
250.0,-0.055,-0.035,-3.43904447453e-14,0
250.0,-0.06,-0.03,-6.02551263161e-14,0
250.0,-0.06,-0.025,-7.99005365531e-14,0
250.0,-0.055,-0.03,-5.14165868595e-14,0
250.0,-0.055,-0.025,-6.59096942267e-14,0
250.0,-0.06,-0.02,-9.64228721784e-14,0
250.0,-0.06,-0.015,-1.09677617367e-13,0
250.0,-0.055,-0.02,-7.80277168458e-14,0
250.0,-0.055,-0.015,-8.78277775652e-14,0
250.0,-0.06,-0.01,-1.19391058882e-13,0
250.0,-0.06,-0.005,-1.25223460847e-13,0
250.0,-0.055,-0.01,-9.51667422694e-14,0
250.0,-0.055,-0.005,-9.96165007214e-14,0
250.0,-0.06,0,-1.2690868235e-13,0
250.0,-0.06,0.005,-1.24379618597e-13,0
250.0,-0.055,4.16333634234e-19,-1.00899163618e-13,0
250.0,-0.055,0.005,-9.89355164332e-14,0
250.0,-0.06,0.01,-1.17754526413e-13,0
250.0,-0.06,0.015,-1.07352665905e-13,0
250.0,-0.055,0.01,-9.38499869563e-14,0
250.0,-0.055,0.015,-8.59661518505e-14,0
250.0,-0.06,0.02,-9.35659854911e-14,0
250.0,-0.06,0.025,-7.66850188986e-14,0
250.0,-0.055,0.02,-7.57718810886e-14,0
250.0,-0.055,0.025,-6.34076447604e-14,0
250.0,-0.06,0.03,-5.68602949117e-14,0
250.0,-0.06,0.035,-3.42535659055e-14,0
250.0,-0.055,0.03,-4.88185019611e-14,0
250.0,-0.055,0.035,-3.18700223082e-14,0
250.0,-0.06,0.04,-9.17276705526e-15,0
250.0,-0.06,0.045,1.7682226665e-14,0
250.0,-0.055,0.04,-1.24705756406e-14,0
250.0,-0.055,0.045,8.73414208827e-15,0
250.0,-0.06,0.05,4.54218831496e-14,0
250.0,-0.06,0.055,7.32118418025e-14,0
250.0,-0.055,0.05,3.08340217471e-14,0
250.0,-0.055,0.055,5.30856021105e-14,0
250.0,-0.06,0.06,1.00444646457e-13,0
250.0,-0.06,0.065,1.26824063546e-13,0
250.0,-0.055,0.06,7.49654335436e-14,0
250.0,-0.055,0.065,9.62429880925e-14,0
250.0,-0.06,0.07,1.52483494209e-13,0
250.0,-0.06,0.075,1.78074698925e-13,0
250.0,-0.055,0.07,1.17013866797e-13,0
250.0,-0.055,0.075,1.37764264052e-13,0
250.0,-0.05,-0.075,1.00059504885e-13,0
250.0,-0.05,-0.07,8.35967863688e-14,0
250.0,-0.045,-0.075,5.70887803262e-14,0
250.0,-0.045,-0.07,4.65665325896e-14,0
250.0,-0.05,-0.065,6.71145926078e-14,0
250.0,-0.045,-0.065,3.5882917499e-14,0
250.0,-0.05,-0.06,5.03004925531e-14,0
250.0,-0.05,-0.055,3.31266265411e-14,0
250.0,-0.045,-0.06,2.48978779652e-14,0
250.0,-0.045,-0.055,1.36279708147e-14,0
250.0,-0.05,-0.05,1.58045387257e-14,0
250.0,-0.05,-0.045,-1.23781511835e-15,0
250.0,-0.045,-0.05,2.23188839665e-15,0
250.0,-0.045,-0.045,-8.99007299212e-15,0
250.0,-0.05,-0.04,-1.73188583085e-14,0
250.0,-0.045,-0.04,-1.95514319098e-14,0
250.0,-0.05,-0.035,-3.14774608727e-14,0
250.0,-0.045,-0.035,-2.85043300604e-14,0
250.0,-0.05,-0.03,-4.30157887896e-14,0
250.0,-0.045,-0.03,-3.49816137722e-14,0
250.0,-0.05,-0.025,-5.25615099325e-14,0
250.0,-0.045,-0.025,-4.03212310934e-14,0
250.0,-0.05,-0.02,-6.04785310402e-14,0
250.0,-0.05,-0.015,-6.6959387844e-14,0
250.0,-0.045,-0.02,-4.46336298793e-14,0
250.0,-0.045,-0.015,-4.80167905795e-14,0
250.0,-0.05,-0.01,-7.20271353758e-14,0
250.0,-0.05,-0.005,-7.51278090617e-14,0
250.0,-0.045,-0.01,-5.08151156508e-14,0
250.0,-0.045,-0.005,-5.24674241093e-14,0
250.0,-0.05,0,-7.59938548084e-14,0
250.0,-0.05,0.005,-7.46030276568e-14,0
250.0,-0.045,4.16333634234e-19,-5.2885762059e-14,0
250.0,-0.045,0.005,-5.20812241154e-14,0
250.0,-0.05,0.01,-7.10208884785e-14,0
250.0,-0.05,0.015,-6.5559200663e-14,0
250.0,-0.045,0.01,-5.00827556139e-14,0
250.0,-0.045,0.015,-4.70191534315e-14,0
250.0,-0.05,0.02,-5.88086945909e-14,0
250.0,-0.05,0.025,-5.07254044142e-14,0
250.0,-0.045,0.02,-4.34535251597e-14,0
250.0,-0.045,0.025,-3.90355216592e-14,0
250.0,-0.05,0.03,-4.11260280875e-14,0
250.0,-0.05,0.035,-2.96856794967e-14,0
250.0,-0.045,0.03,-3.36955920952e-14,0
250.0,-0.045,0.035,-2.73490874182e-14,0
250.0,-0.05,0.04,-1.58225845366e-14,0
250.0,-0.05,0.045,-2.21889470052e-16,0
250.0,-0.045,0.04,-1.8719541103e-14,0
250.0,-0.045,0.045,-8.69547005858e-15,0
250.0,-0.05,0.05,1.61539059426e-14,0
250.0,-0.05,0.055,3.26423330475e-14,0
250.0,-0.045,0.05,1.8000887475e-15,0
250.0,-0.045,0.055,1.23071984335e-14,0
250.0,-0.05,0.06,4.88445055633e-14,0
250.0,-0.05,0.065,6.45799503079e-14,0
250.0,-0.045,0.06,2.25547670951e-14,0
250.0,-0.045,0.065,3.24133700074e-14,0
250.0,-0.05,0.07,7.99041506305e-14,0
250.0,-0.05,0.075,9.5147654947e-14,0
250.0,-0.045,0.07,4.18898828677e-14,0
250.0,-0.045,0.075,5.11370028494e-14,0
250.0,-0.04,-0.075,1.37145220495e-14,0
250.0,-0.04,-0.07,9.38154673258e-15,0
250.0,-0.035,-0.075,-2.88384584485e-14,0
250.0,-0.035,-0.07,-2.69569478091e-14,0
250.0,-0.04,-0.065,4.71863207129e-15,0
250.0,-0.035,-0.065,-2.55864930593e-14,0
250.0,-0.04,-0.06,-2.47378589822e-16,0
250.0,-0.035,-0.06,-2.45366219068e-14,0
250.0,-0.04,-0.055,-5.4474928098e-15,0
250.0,-0.035,-0.055,-2.36823761547e-14,0
250.0,-0.04,-0.05,-1.07633349427e-14,0
250.0,-0.04,-0.045,-1.60083917768e-14,0
250.0,-0.035,-0.05,-2.29549126554e-14,0
250.0,-0.035,-0.045,-2.22919253481e-14,0
250.0,-0.04,-0.04,-2.08465744245e-14,0
250.0,-0.04,-0.035,-2.46567073399e-14,0
250.0,-0.035,-0.04,-2.16348672026e-14,0
250.0,-0.035,-0.035,-2.09058373312e-14,0
250.0,-0.04,-0.03,-2.73250834353e-14,0
250.0,-0.035,-0.03,-2.01743186036e-14,0
250.0,-0.04,-0.025,-2.93973422476e-14,0
250.0,-0.035,-0.025,-1.93147593314e-14,0
250.0,-0.04,-0.02,-3.08765572358e-14,0
250.0,-0.035,-0.02,-1.83264020361e-14,0
250.0,-0.04,-0.015,-3.17731523624e-14,0
250.0,-0.035,-0.015,-1.72182311454e-14,0
250.0,-0.04,-0.01,-3.21272394799e-14,0
250.0,-0.04,-0.005,-3.22525058643e-14,0
250.0,-0.035,-0.01,-1.59142883343e-14,0
250.0,-0.035,-0.005,-1.49986141598e-14,0
250.0,-0.04,0,-3.22110957889e-14,0
250.0,-0.04,0.005,-3.19782872621e-14,0
250.0,-0.035,4.16333634234e-19,-1.46137267952e-14,0
250.0,-0.035,0.005,-1.48117946442e-14,0
250.0,-0.04,0.01,-3.16071223203e-14,0
250.0,-0.04,0.015,-3.10631991797e-14,0
250.0,-0.035,0.01,-1.55599518091e-14,0
250.0,-0.035,0.015,-1.67336240105e-14,0
250.0,-0.04,0.02,-3.00449762798e-14,0
250.0,-0.04,0.025,-2.85204053717e-14,0
250.0,-0.035,0.02,-1.77824853197e-14,0
250.0,-0.035,0.025,-1.87748501234e-14,0
250.0,-0.04,0.03,-2.65007155847e-14,0
250.0,-0.04,0.035,-2.39937737054e-14,0
250.0,-0.035,0.03,-1.97246305387e-14,0
250.0,-0.035,0.035,-2.06483884465e-14,0
250.0,-0.04,0.04,-2.05470228827e-14,0
250.0,-0.04,0.045,-1.62971210544e-14,0
250.0,-0.035,0.04,-2.17579959114e-14,0
250.0,-0.035,0.045,-2.30293744708e-14,0
250.0,-0.04,0.05,-1.18279566743e-14,0
250.0,-0.04,0.055,-7.44723892407e-15,0
250.0,-0.035,0.05,-2.44979476648e-14,0
250.0,-0.035,0.055,-2.6189913458e-14,0
250.0,-0.04,0.06,-3.31149566271e-15,0
250.0,-0.04,0.065,4.8799745596e-16,0
250.0,-0.035,0.06,-2.81369993076e-14,0
250.0,-0.035,0.065,-3.03804023148e-14,0
250.0,-0.04,0.07,3.90321524361e-15,0
250.0,-0.04,0.075,6.91436156873e-15,0
250.0,-0.035,0.07,-3.30266532423e-14,0
250.0,-0.035,0.075,-3.62616177119e-14,0
250.0,-0.03,-0.075,-6.93161917068e-14,0
250.0,-0.03,-0.07,-6.14228103421e-14,0
250.0,-0.025,-0.075,-1.06477163832e-13,0
250.0,-0.025,-0.07,-9.30241664313e-14,0
250.0,-0.03,-0.065,-5.4231453467e-14,0
250.0,-0.025,-0.065,-8.04361816443e-14,0
250.0,-0.03,-0.06,-4.73821839174e-14,0
250.0,-0.025,-0.06,-6.82308165445e-14,0
250.0,-0.03,-0.055,-4.07155357813e-14,0
250.0,-0.025,-0.055,-5.62034139077e-14,0
250.0,-0.03,-0.05,-3.42119786003e-14,0
250.0,-0.025,-0.05,-4.44138659379e-14,0
250.0,-0.03,-0.045,-2.79922237448e-14,0
250.0,-0.025,-0.045,-3.31459337101e-14,0
250.0,-0.03,-0.04,-2.22927657031e-14,0
250.0,-0.03,-0.035,-1.75274265873e-14,0
250.0,-0.025,-0.04,-2.29245762049e-14,0
250.0,-0.025,-0.035,-1.45663734157e-14,0
250.0,-0.03,-0.03,-1.3658897968e-14,0
250.0,-0.03,-0.025,-1.01123843739e-14,0
250.0,-0.025,-0.03,-7.88568303051e-15,0
250.0,-0.025,-0.025,-1.92872844669e-15,0
250.0,-0.03,-0.02,-6.90908415645e-15,0
250.0,-0.025,-0.02,3.26193575998e-15,0
250.0,-0.03,-0.015,-4.09495630423e-15,0
250.0,-0.025,-0.015,7.65019565882e-15,0
250.0,-0.03,-0.01,-1.7938802828e-15,0
250.0,-0.025,-0.01,1.09842996549e-14,0
250.0,-0.03,-0.005,-2.67331650866e-16,0
250.0,-0.025,-0.005,1.3039432409e-14,0
250.0,-0.03,0,2.99278667631e-16,0
250.0,-0.03,0.005,-1.51729508592e-16,0
250.0,-0.025,4.16333634234e-19,1.37516699528e-14,0
250.0,-0.025,0.005,1.3086239427e-14,0
250.0,-0.03,0.01,-1.57853558707e-15,0
250.0,-0.03,0.015,-3.81194070402e-15,0
250.0,-0.025,0.01,1.10714665567e-14,0
250.0,-0.025,0.015,7.76018658681e-15,0
250.0,-0.03,0.02,-6.60343978935e-15,0
250.0,-0.03,0.025,-9.84186458302e-15,0
250.0,-0.025,0.02,3.36828633322e-15,0
250.0,-0.025,0.025,-1.86936028185e-15,0
250.0,-0.03,0.03,-1.34992352248e-14,0
250.0,-0.03,0.035,-1.75699155258e-14,0
250.0,-0.025,0.03,-7.9378070935e-15,0
250.0,-0.025,0.035,-1.48124275435e-14,0
250.0,-0.03,0.04,-2.27217585316e-14,0
250.0,-0.03,0.045,-2.90385940776e-14,0
250.0,-0.025,0.04,-2.35375538629e-14,0
250.0,-0.025,0.045,-3.43547313224e-14,0
250.0,-0.03,0.05,-3.60711384906e-14,0
250.0,-0.03,0.055,-4.35495573536e-14,0
250.0,-0.025,0.05,-4.64204395954e-14,0
250.0,-0.025,0.055,-5.91750632538e-14,0
250.0,-0.03,0.06,-5.13199950732e-14,0
250.0,-0.03,0.065,-5.93744311757e-14,0
250.0,-0.025,0.06,-7.23001134128e-14,0
250.0,-0.025,0.065,-8.57052607206e-14,0
250.0,-0.03,0.07,-6.78533235225e-14,0
250.0,-0.03,0.075,-7.71143286476e-14,0
250.0,-0.025,0.07,-9.95755834531e-14,0
250.0,-0.025,0.075,-1.14389775742e-13,0
250.0,-0.02,-0.075,-1.39209914998e-13,0
250.0,-0.02,-0.07,-1.20821825578e-13,0
250.0,-0.015,-0.075,-1.66452294037e-13,0
250.0,-0.015,-0.07,-1.43988564315e-13,0
250.0,-0.02,-0.065,-1.03478995483e-13,0
250.0,-0.015,-0.065,-1.22694404549e-13,0
250.0,-0.02,-0.06,-8.65517154344e-14,0
250.0,-0.015,-0.06,-1.01871204554e-13,0
250.0,-0.02,-0.055,-6.98261380937e-14,0
250.0,-0.015,-0.055,-8.12674591467e-14,0
250.0,-0.02,-0.05,-5.34102307609e-14,0
250.0,-0.015,-0.05,-6.10552899975e-14,0
250.0,-0.02,-0.045,-3.77400135122e-14,0
250.0,-0.015,-0.045,-4.17723845294e-14,0
250.0,-0.02,-0.04,-2.35740821598e-14,0
250.0,-0.015,-0.04,-2.43296482964e-14,0
250.0,-0.02,-0.035,-1.20465636703e-14,0
250.0,-0.015,-0.035,-1.00885162126e-14,0
250.0,-0.02,-0.03,-2.94040681572e-15,0
250.0,-0.02,-0.025,5.07477388358e-15,0
250.0,-0.015,-0.03,1.11138696261e-15,0
250.0,-0.015,-0.025,1.08138126674e-14,0
250.0,-0.02,-0.02,1.19113639897e-14,0
250.0,-0.02,-0.015,1.75239889668e-14,0
250.0,-0.015,-0.02,1.88407276193e-14,0
250.0,-0.015,-0.015,2.50055883907e-14,0
250.0,-0.02,-0.01,2.16438075951e-14,0
250.0,-0.015,-0.01,2.90411707304e-14,0
250.0,-0.02,-0.005,2.40166850923e-14,0
250.0,-0.015,-0.005,3.10893693856e-14,0
250.0,-0.02,0,2.47593742176e-14,0
250.0,-0.015,4.16333634234e-19,3.16403894896e-14,0
250.0,-0.02,0.005,2.39817465966e-14,0
250.0,-0.015,0.005,3.09244757284e-14,0
250.0,-0.02,0.01,2.15859593547e-14,0
250.0,-0.02,0.015,1.74531331923e-14,0
250.0,-0.015,0.01,2.87698328783e-14,0
250.0,-0.015,0.015,2.46928236242e-14,0
250.0,-0.02,0.02,1.18326303828e-14,0
250.0,-0.02,0.025,4.96763503375e-15,0
250.0,-0.015,0.02,1.85529566934e-14,0
250.0,-0.015,0.025,1.05666502016e-14,0
250.0,-0.02,0.03,-3.12909842217e-15,0
250.0,-0.02,0.035,-1.239232354e-14,0
250.0,-0.015,0.03,8.59349690797e-16,0
250.0,-0.015,0.035,-1.04148311595e-14,0
250.0,-0.02,0.04,-2.42374572065e-14,0
250.0,-0.02,0.045,-3.89550294434e-14,0
250.0,-0.015,0.04,-2.48828625576e-14,0
250.0,-0.015,0.045,-4.28222171506e-14,0
250.0,-0.02,0.05,-5.53890325225e-14,0
250.0,-0.02,0.055,-7.27444947252e-14,0
250.0,-0.015,0.05,-6.28287348441e-14,0
250.0,-0.015,0.055,-8.39465074259e-14,0
250.0,-0.02,0.06,-9.05461643559e-14,0
250.0,-0.02,0.065,-1.08652801269e-13,0
250.0,-0.015,0.06,-1.05594226301e-13,0
250.0,-0.015,0.065,-1.27563583468e-13,0
250.0,-0.02,0.07,-1.27255636311e-13,0
250.0,-0.02,0.075,-1.46979266479e-13,0
250.0,-0.015,0.07,-1.50080876377e-13,0
250.0,-0.015,0.075,-1.73835564629e-13,0
250.0,-0.01,-0.075,-1.87380860481e-13,0
250.0,-0.01,-0.07,-1.61790827709e-13,0
250.0,-0.005,-0.075,-2.01242554517e-13,0
250.0,-0.005,-0.07,-1.73662276126e-13,0
250.0,-0.01,-0.065,-1.3751709591e-13,0
250.0,-0.005,-0.065,-1.47467151868e-13,0
250.0,-0.01,-0.06,-1.13749973372e-13,0
250.0,-0.005,-0.06,-1.21833161537e-13,0
250.0,-0.01,-0.055,-9.02427044185e-14,0
250.0,-0.005,-0.055,-9.64799092862e-14,0
250.0,-0.01,-0.05,-6.71879163486e-14,0
250.0,-0.005,-0.05,-7.16355461569e-14,0
250.0,-0.01,-0.045,-4.52096192969e-14,0
250.0,-0.005,-0.045,-4.79601624939e-14,0
250.0,-0.01,-0.04,-2.53310763047e-14,0
250.0,-0.005,-0.04,-2.65255472883e-14,0
250.0,-0.01,-0.035,-8.99456482399e-15,0
250.0,-0.005,-0.035,-8.79631646133e-15,0
250.0,-0.01,-0.03,3.93554672528e-15,0
250.0,-0.005,-0.03,5.28902068538e-15,0
250.0,-0.01,-0.025,1.4879863171e-14,0
250.0,-0.005,-0.025,1.68294580194e-14,0
250.0,-0.01,-0.02,2.35878664094e-14,0
250.0,-0.01,-0.015,2.96075629172e-14,0
250.0,-0.005,-0.02,2.56588415448e-14,0
250.0,-0.005,-0.015,3.1215416447e-14,0
250.0,-0.0117873230072,-0.0115873794689,3.09240295679e-14,0
250.0,-0.00939961996336,-0.005,3.21842854457e-14,0
250.0,-0.00792797428371,-0.00964253216809,3.25960452319e-14,0
250.0,-0.005,-0.00939961996336,3.15402354738e-14,0
250.0,-0.0108753492546,-0.00150606400588,3.24450340687e-14,0
250.0,-0.00818101620308,-0.00211452602544,2.93198326099e-14,0
250.0,-0.00651817360753,-0.000255934956239,2.31212193426e-14,0
250.0,-0.005,6.71033969428e-08,1.14808922118e-14,0
250.0,-0.0107292118043,0.00160660295843,3.22937394589e-14,0
250.0,-0.0080188992252,0.000768320427092,2.82672873424e-14,0
250.0,-0.00939946851065,0.005,3.19390864716e-14,0
250.0,-0.00802129342231,0.00264911934363,2.92627177854e-14,0
250.0,-0.00887989370213,0.00887989479405,3.22457433505e-14,0
250.0,-0.01,0.015,2.91113416002e-14,0
250.0,-0.005,0.00939947397025,3.11773738107e-14,0
250.0,-0.005,0.015,3.08119765416e-14,0
250.0,-0.01,0.02,2.31961510524e-14,0
250.0,-0.01,0.025,1.46520774728e-14,0
250.0,-0.005,0.02,2.5470079413e-14,0
250.0,-0.005,0.025,1.69802442113e-14,0
250.0,-0.01,0.03,3.82671739879e-15,0
250.0,-0.01,0.035,-9.0640854562e-15,0
250.0,-0.005,0.03,5.69173524545e-15,0
250.0,-0.005,0.035,-8.3494359322e-15,0
250.0,-0.01,0.04,-2.55753900723e-14,0
250.0,-0.01,0.045,-4.59212658765e-14,0
250.0,-0.005,0.04,-2.63086987108e-14,0
250.0,-0.005,0.045,-4.81974317666e-14,0
250.0,-0.01,0.05,-6.8589777056e-14,0
250.0,-0.01,0.055,-9.25132964435e-14,0
250.0,-0.005,0.05,-7.25294774269e-14,0
250.0,-0.005,0.055,-9.82027247796e-14,0
250.0,-0.01,0.06,-1.17025606096e-13,0
250.0,-0.01,0.065,-1.41896620004e-13,0
250.0,-0.005,0.06,-1.24518029297e-13,0
250.0,-0.005,0.065,-1.51207524852e-13,0
250.0,-0.01,0.07,-1.67344496043e-13,0
250.0,-0.01,0.075,-1.94165982926e-13,0
250.0,-0.005,0.07,-1.78519603719e-13,0
250.0,-0.005,0.075,-2.07259889432e-13,0
250.0,0,-0.075,-2.07600309174e-13,0
250.0,0,-0.07,-1.7916416718e-13,0
250.0,0.005,-0.075,-2.06108560414e-13,0
250.0,0.005,-0.07,-1.78066317349e-13,0
250.0,0,-0.065,-1.52202765374e-13,0
250.0,0.005,-0.065,-1.51498066323e-13,0
250.0,0,-0.06,-1.25825924049e-13,0
250.0,0.005,-0.06,-1.25551900143e-13,0
250.0,0,-0.055,-9.97630733926e-14,0
250.0,0.005,-0.055,-9.99251408934e-14,0
250.0,0,-0.05,-7.42270607932e-14,0
250.0,0.005,-0.05,-7.48279630987e-14,0
250.0,0,-0.045,-4.98943015897e-14,0
250.0,0.005,-0.045,-5.09057448551e-14,0
250.0,0,-0.04,-2.78560574098e-14,0
250.0,0.005,-0.04,-2.92307327208e-14,0
250.0,0,-0.035,-9.5565496123e-15,0
250.0,0.005,-0.035,-1.13423941083e-14,0
250.0,0,-0.03,4.99991882282e-15,0
250.0,0.005,-0.03,2.86139466296e-15,0
250.0,0,-0.025,1.67536125413e-14,0
250.0,0.005,-0.025,1.46945442717e-14,0
250.0,0,-0.02,2.55868302401e-14,0
250.0,0.005,-0.02,2.39983127791e-14,0
250.0,0,-0.015,3.1056244326e-14,0
250.0,0.005,-0.015,3.04080540955e-14,0
250.0,-0.0021196717084,-0.00776771017156,2.72480678936e-14,0
250.0,-0.00084550708518,-0.00631514607954,2.14128863232e-14,0
250.0,6.71033969406e-08,-0.005,1.18264466694e-14,0
250.0,-0.00139054260708,-0.0110960807567,3.13798424986e-14,0
250.0,0.00132468676756,-0.00775008274642,2.67140468219e-14,0
250.0,0.00160394440688,-0.0116908851489,3.15891104781e-14,0
250.0,0.005,-0.00939946851065,3.17682553872e-14,0
250.0,0.005,0.005,2.57544932e-14,0
250.0,-0.000107646311398,0.00617659695633,2.04489735789e-14,0
250.0,-0.00190846935279,0.0076427502668,2.65485215558e-14,0
250.0,0.00131146485568,0.00777290068297,2.62573143808e-14,0
250.0,0.00295884413402,0.00640276348073,2.45355131721e-14,0
250.0,-1.21517769428e-05,0.0108932602996,3.07157242965e-14,0
250.0,0,0.015,3.08306998967e-14,0
250.0,0.005,0.00939942566771,3.11724304839e-14,0
250.0,0.005,0.015,3.03293169515e-14,0
250.0,0,0.02,2.57455614e-14,0
250.0,0,0.025,1.74077713957e-14,0
250.0,0.005,0.02,2.44655079857e-14,0
250.0,0.005,0.025,1.56814698132e-14,0
250.0,0,0.03,5.99786059258e-15,0
250.0,0,0.035,-8.57689879593e-15,0
250.0,0.005,0.03,4.21777866012e-15,0
250.0,0.005,0.035,-9.88038890509e-15,0
250.0,0,0.04,-2.71180786028e-14,0
250.0,0,0.045,-4.95680509114e-14,0
250.0,0.005,0.04,-2.79219476529e-14,0
250.0,0.005,0.045,-4.99593108875e-14,0
250.0,0,0.05,-7.45151704079e-14,0
250.0,0,0.055,-1.00838290573e-13,0
250.0,0.005,0.05,-7.44535457792e-14,0
250.0,0.005,0.055,-1.00298791146e-13,0
250.0,0,0.06,-1.27818797354e-13,0
250.0,0,0.065,-1.5520036701e-13,0
250.0,0.005,0.06,-1.26801454989e-13,0
250.0,0.005,0.065,-1.53702555053e-13,0
250.0,0,0.07,-1.8321676428e-13,0
250.0,0,0.075,-2.12734526615e-13,0
250.0,0.005,0.07,-1.8126316125e-13,0
250.0,0.005,0.075,-2.10306069973e-13,0
250.0,0.01,-0.075,-1.96782079161e-13,0
250.0,0.01,-0.07,-1.70292323696e-13,0
250.0,0.015,-0.075,-1.79745459591e-13,0
250.0,0.015,-0.07,-1.55993586508e-13,0
250.0,0.01,-0.065,-1.45292855603e-13,0
250.0,0.015,-0.065,-1.33659076323e-13,0
250.0,0.01,-0.06,-1.20919724933e-13,0
250.0,0.015,-0.06,-1.11970571012e-13,0
250.0,0.01,-0.055,-9.68849205776e-14,0
250.0,0.015,-0.055,-9.06184909709e-14,0
250.0,0.01,-0.05,-7.33451740204e-14,0
250.0,0.015,-0.05,-6.97246691412e-14,0
250.0,0.01,-0.045,-5.08970589713e-14,0
250.0,0.015,-0.045,-4.97777362533e-14,0
250.0,0.01,-0.04,-3.05606724884e-14,0
250.0,0.015,-0.04,-3.16507410662e-14,0
250.0,0.01,-0.035,-1.38411128404e-14,0
250.0,0.015,-0.035,-1.66727927312e-14,0
250.0,0.01,-0.03,-4.99827252314e-16,0
250.0,0.015,-0.03,-4.59873937605e-15,0
250.0,0.01,-0.025,1.10550312578e-14,0
250.0,0.015,-0.025,6.11875390206e-15,0
250.0,0.01,-0.02,2.06635466007e-14,0
250.0,0.01,-0.015,2.82167519732e-14,0
250.0,0.015,-0.02,1.54513891793e-14,0
250.0,0.015,-0.015,2.35912396861e-14,0
250.0,0.00999280436795,-0.0116358337096,3.17268796224e-14,0
250.0,0.0105889214373,-0.00845762197625,3.36142643567e-14,0
250.0,0.015,-0.01,3.0028348875e-14,0
250.0,0.00939947397025,-0.005,3.42929459849e-14,0
250.0,0.015,-0.005,3.4043022052e-14,0
250.0,0.00658051136513,-0.00296146438142,2.83775732066e-14,0
250.0,0.00636794669772,-3.54305826484e-06,2.45550459067e-14,0
250.0,0.00795807888052,-0.00113999998936,3.14105000978e-14,0
250.0,0.00758147027913,0.00183630393596,3.02888416673e-14,0
250.0,0.0112534647756,-1.47536350887e-07,3.62778536963e-14,0
250.0,0.015,4.16333634234e-19,3.55717838728e-14,0
250.0,0.00939942566771,0.005,3.37976162943e-14,0
250.0,0.015,0.005,3.39685466416e-14,0
250.0,0.00999018807453,0.0109670628501,3.20246565536e-14,0
250.0,0.01,0.015,2.84312154776e-14,0
250.0,0.015,0.01,3.02121652078e-14,0
250.0,0.015,0.015,2.42641913387e-14,0
250.0,0.01,0.02,2.1473549676e-14,0
250.0,0.01,0.025,1.23509952849e-14,0
250.0,0.015,0.02,1.66397655251e-14,0
250.0,0.015,0.025,7.76727869084e-15,0
250.0,0.01,0.03,1.16373771107e-15,0
250.0,0.01,0.035,-1.19536443264e-14,0
250.0,0.015,0.03,-2.56075124893e-15,0
250.0,0.015,0.035,-1.4340342812e-14,0
250.0,0.01,0.04,-2.86882405681e-14,0
250.0,0.01,0.045,-4.93208556796e-14,0
250.0,0.015,0.04,-2.92347827073e-14,0
250.0,0.015,0.045,-4.76004606511e-14,0
250.0,0.01,0.05,-7.22999136069e-14,0
250.0,0.01,0.055,-9.65549738866e-14,0
250.0,0.015,0.05,-6.80497791648e-14,0
250.0,0.015,0.055,-8.96380186638e-14,0
250.0,0.01,0.06,-1.21429813666e-13,0
250.0,0.01,0.065,-1.46711967028e-13,0
250.0,0.015,0.06,-1.11802231325e-13,0
250.0,0.015,0.065,-1.34359256929e-13,0
250.0,0.01,0.07,-1.72643324828e-13,0
250.0,0.01,0.075,-2.00054354307e-13,0
250.0,0.015,0.07,-1.57569435722e-13,0
250.0,0.015,0.075,-1.82168337372e-13,0
250.0,0.02,-0.075,-1.5548761645e-13,0
250.0,0.02,-0.07,-1.35486449875e-13,0
250.0,0.025,-0.075,-1.24620128867e-13,0
250.0,0.025,-0.07,-1.09309557904e-13,0
250.0,0.02,-0.065,-1.16840210296e-13,0
250.0,0.025,-0.065,-9.52139409497e-14,0
250.0,0.02,-0.06,-9.88322882564e-14,0
250.0,0.025,-0.06,-8.17615898437e-14,0
250.0,0.02,-0.055,-8.11827369467e-14,0
250.0,0.025,-0.055,-6.86806006331e-14,0
250.0,0.02,-0.05,-6.39342924875e-14,0
250.0,0.025,-0.05,-5.59681912112e-14,0
250.0,0.02,-0.045,-4.74497354431e-14,0
250.0,0.025,-0.045,-4.38159161752e-14,0
250.0,0.02,-0.04,-3.23888594981e-14,0
250.0,0.025,-0.04,-3.26155620254e-14,0
250.0,0.02,-0.035,-1.97710141367e-14,0
250.0,0.025,-0.035,-2.29975099105e-14,0
250.0,0.02,-0.03,-9.4332374492e-15,0
250.0,0.025,-0.03,-1.4885583094e-14,0
250.0,0.02,-0.025,-1.08268709871e-16,0
250.0,0.025,-0.025,-7.48490875556e-15,0
250.0,0.02,-0.02,8.25481837868e-15,0
250.0,0.025,-0.02,-8.0709132077e-16,0
250.0,0.02,-0.015,1.58939041863e-14,0
250.0,0.025,-0.015,5.25685549296e-15,0
250.0,0.02,-0.01,2.2330084851e-14,0
250.0,0.025,-0.01,1.01908584785e-14,0
250.0,0.02,-0.005,2.64383166382e-14,0
250.0,0.025,-0.005,1.35949018205e-14,0
250.0,0.02,0,2.79303892228e-14,0
250.0,0.025,4.16333634234e-19,1.50329775853e-14,0
250.0,0.02,0.005,2.66398705086e-14,0
250.0,0.025,0.005,1.38348980582e-14,0
250.0,0.02,0.01,2.28969183267e-14,0
250.0,0.025,0.01,1.08411090769e-14,0
250.0,0.02,0.015,1.69393221082e-14,0
250.0,0.025,0.015,6.46454913703e-15,0
250.0,0.02,0.02,9.76818259595e-15,0
250.0,0.02,0.025,1.87016039769e-15,0
250.0,0.025,0.02,9.16447364706e-16,0
250.0,0.025,0.025,-5.2472417636e-15,0
250.0,0.02,0.03,-7.01247669775e-15,0
250.0,0.02,0.035,-1.69737975462e-14,0
250.0,0.025,0.03,-1.21184993154e-14,0
250.0,0.025,0.035,-1.97574956806e-14,0
250.0,0.02,0.04,-2.94482462254e-14,0
250.0,0.02,0.045,-4.47312841438e-14,0
250.0,0.025,0.04,-2.92090396767e-14,0
250.0,0.025,0.045,-4.06740484238e-14,0
250.0,0.02,0.05,-6.17215246021e-14,0
250.0,0.02,0.055,-7.96601871045e-14,0
250.0,0.025,0.05,-5.33694882134e-14,0
250.0,0.025,0.055,-6.67828093447e-14,0
250.0,0.02,0.06,-9.81029044749e-14,0
250.0,0.02,0.065,-1.16942789207e-13,0
250.0,0.025,0.06,-8.06385749421e-14,0
250.0,0.025,0.065,-9.4884979098e-14,0
250.0,0.02,0.07,-1.36412183451e-13,0
250.0,0.02,0.075,-1.57192619796e-13,0
250.0,0.025,0.07,-1.09753226789e-13,0
250.0,0.025,0.075,-1.25782560018e-13,0
250.0,0.03,-0.075,-8.80788666997e-14,0
250.0,0.03,-0.07,-7.81643657301e-14,0
250.0,0.035,-0.075,-4.6922823327e-14,0
250.0,0.035,-0.07,-4.29430353903e-14,0
250.0,0.03,-0.065,-6.93218509196e-14,0
250.0,0.035,-0.065,-3.98375131609e-14,0
250.0,0.03,-0.06,-6.11049862215e-14,0
250.0,0.035,-0.06,-3.73394420855e-14,0
250.0,0.03,-0.055,-5.3295213836e-14,0
250.0,0.035,-0.055,-3.52765435849e-14,0
250.0,0.03,-0.05,-4.58242181357e-14,0
250.0,0.035,-0.05,-3.35476821841e-14,0
250.0,0.03,-0.045,-3.87472229291e-14,0
250.0,0.035,-0.045,-3.20669615975e-14,0
250.0,0.03,-0.04,-3.21612430558e-14,0
250.0,0.035,-0.04,-3.07154500901e-14,0
250.0,0.03,-0.035,-2.61926948171e-14,0
250.0,0.035,-0.035,-2.91425547885e-14,0
250.0,0.03,-0.03,-2.07969240029e-14,0
250.0,0.035,-0.03,-2.69756609208e-14,0
250.0,0.03,-0.025,-1.57997114093e-14,0
250.0,0.035,-0.025,-2.48113428075e-14,0
250.0,0.03,-0.02,-1.13367683037e-14,0
250.0,0.035,-0.02,-2.29150091912e-14,0
250.0,0.03,-0.015,-7.36281327978e-15,0
250.0,0.035,-0.015,-2.11132625575e-14,0
250.0,0.03,-0.01,-4.11056850381e-15,0
250.0,0.035,-0.01,-1.95363967976e-14,0
250.0,0.03,-0.005,-1.66095425458e-15,0
250.0,0.035,-0.005,-1.8192648224e-14,0
250.0,0.03,0,-5.23438525281e-16,0
250.0,0.035,4.16333634234e-19,-1.74322534391e-14,0
250.0,0.03,0.005,-1.3369442598e-15,0
250.0,0.035,0.005,-1.77159787102e-14,0
250.0,0.03,0.01,-3.35697197158e-15,0
250.0,0.035,0.01,-1.85588102929e-14,0
250.0,0.03,0.015,-6.0529631507e-15,0
250.0,0.035,0.015,-1.95832222773e-14,0
250.0,0.03,0.02,-9.46709337832e-15,0
250.0,0.035,0.02,-2.08323616109e-14,0
250.0,0.03,0.025,-1.33783359812e-14,0
250.0,0.035,0.025,-2.22135105643e-14,0
250.0,0.03,0.03,-1.77413142486e-14,0
250.0,0.03,0.035,-2.25579182653e-14,0
250.0,0.035,0.03,-2.36952454141e-14,0
250.0,0.035,0.035,-2.52624245594e-14,0
250.0,0.03,0.04,-2.84253360285e-14,0
250.0,0.03,0.045,-3.53921543964e-14,0
250.0,0.035,0.04,-2.69878589841e-14,0
250.0,0.035,0.045,-2.88455988119e-14,0
250.0,0.03,0.05,-4.3069452203e-14,0
250.0,0.03,0.055,-5.12399022142e-14,0
250.0,0.035,0.05,-3.09261714096e-14,0
250.0,0.035,0.055,-3.33034132686e-14,0
250.0,0.03,0.06,-5.97912682397e-14,0
250.0,0.03,0.065,-6.87555408688e-14,0
250.0,0.035,0.06,-3.60464234975e-14,0
250.0,0.035,0.065,-3.92297865048e-14,0
250.0,0.03,0.07,-7.83178164232e-14,0
250.0,0.03,0.075,-8.88971051306e-14,0
250.0,0.035,0.07,-4.30000480875e-14,0
250.0,0.035,0.075,-4.75973639587e-14,0
250.0,0.04,-0.075,-2.43740520628e-15,0
250.0,0.04,-0.07,-4.67140685025e-15,0
250.0,0.045,-0.075,4.40120378899e-14,0
250.0,0.045,-0.07,3.55174722688e-14,0
250.0,0.04,-0.065,-7.57230910405e-15,0
250.0,0.045,-0.065,2.65684618809e-14,0
250.0,0.04,-0.06,-1.1049027861e-14,0
250.0,0.045,-0.06,1.70685423969e-14,0
250.0,0.04,-0.055,-1.49944432981e-14,0
250.0,0.045,-0.055,7.06134841348e-15,0
250.0,0.04,-0.05,-1.9265967585e-14,0
250.0,0.045,-0.05,-3.28009199051e-15,0
250.0,0.04,-0.045,-2.36620470709e-14,0
250.0,0.045,-0.045,-1.36440822997e-14,0
250.0,0.04,-0.04,-2.78312745572e-14,0
250.0,0.045,-0.04,-2.3570452616e-14,0
250.0,0.04,-0.035,-3.11500725205e-14,0
250.0,0.045,-0.035,-3.23399104384e-14,0
250.0,0.04,-0.03,-3.32731240303e-14,0
250.0,0.045,-0.03,-3.93252260231e-14,0
250.0,0.04,-0.025,-3.45939637646e-14,0
250.0,0.045,-0.025,-4.47424633046e-14,0
250.0,0.04,-0.02,-3.53727011723e-14,0
250.0,0.045,-0.02,-4.84497782864e-14,0
250.0,0.04,-0.015,-3.5793790722e-14,0
250.0,0.045,-0.015,-5.12349867838e-14,0
250.0,0.04,-0.01,-3.58997694357e-14,0
250.0,0.045,-0.01,-5.31598504536e-14,0
250.0,0.04,-0.005,-3.56727512439e-14,0
250.0,0.045,-0.005,-5.41408602598e-14,0
250.0,0.04,0,-3.5306677634e-14,0
250.0,0.045,4.16333634234e-19,-5.42405016824e-14,0
250.0,0.04,0.005,-3.50250282012e-14,0
250.0,0.045,0.005,-5.32976001028e-14,0
250.0,0.04,0.01,-3.46396682215e-14,0
250.0,0.045,0.01,-5.15913640719e-14,0
250.0,0.04,0.015,-3.39238042306e-14,0
250.0,0.045,0.015,-4.89939333319e-14,0
250.0,0.04,0.02,-3.28902688171e-14,0
250.0,0.045,0.02,-4.55027707577e-14,0
250.0,0.04,0.025,-3.1521024492e-14,0
250.0,0.045,0.025,-4.11398679139e-14,0
250.0,0.04,0.03,-2.9790347328e-14,0
250.0,0.045,0.03,-3.58341443054e-14,0
250.0,0.04,0.035,-2.7688503762e-14,0
250.0,0.045,0.035,-2.96092692105e-14,0
250.0,0.04,0.04,-2.47170022977e-14,0
250.0,0.04,0.045,-2.09570195978e-14,0
250.0,0.045,0.04,-2.12540543678e-14,0
250.0,0.045,0.045,-1.15843626607e-14,0
250.0,0.04,0.05,-1.70381215156e-14,0
250.0,0.04,0.055,-1.33098010944e-14,0
250.0,0.045,0.05,-1.55876483803e-15,0
250.0,0.045,0.055,8.34738031418e-15,0
250.0,0.04,0.06,-9.9557566172e-15,0
250.0,0.04,0.065,-7.09364041034e-15,0
250.0,0.045,0.06,1.78479404311e-14,0
250.0,0.045,0.065,2.67972218055e-14,0
250.0,0.04,0.07,-4.80261077594e-15,0
250.0,0.04,0.075,-3.14708125926e-15,0
250.0,0.045,0.07,3.51821140141e-14,0
250.0,0.045,0.075,4.31255893135e-14,0
250.0,0.05,-0.075,9.10199337606e-14,0
250.0,0.05,-0.07,7.6460647875e-14,0
250.0,0.055,-0.075,1.37231721678e-13,0
250.0,0.055,-0.07,1.17065217043e-13,0
250.0,0.05,-0.065,6.16369475439e-14,0
250.0,0.055,-0.065,9.6736566481e-14,0
250.0,0.05,-0.06,4.62564889216e-14,0
250.0,0.055,-0.06,7.57727146871e-14,0
250.0,0.05,-0.055,3.02958708951e-14,0
250.0,0.055,-0.055,5.4090722415e-14,0
250.0,0.05,-0.05,1.39634360133e-14,0
250.0,0.055,-0.05,3.19266043404e-14,0
250.0,0.05,-0.045,-2.33867496847e-15,0
250.0,0.055,-0.045,9.78454343117e-15,0
250.0,0.05,-0.04,-1.80175355769e-14,0
250.0,0.055,-0.04,-1.16476803376e-14,0
250.0,0.05,-0.035,-3.23325631959e-14,0
250.0,0.055,-0.035,-3.15650900104e-14,0
250.0,0.05,-0.03,-4.46006706307e-14,0
250.0,0.055,-0.03,-4.9248655833e-14,0
250.0,0.05,-0.025,-5.45649170711e-14,0
250.0,0.055,-0.025,-6.41913604645e-14,0
250.0,0.05,-0.02,-6.21698857309e-14,0
250.0,0.055,-0.02,-7.61942979425e-14,0
250.0,0.05,-0.015,-6.79134210471e-14,0
250.0,0.055,-0.015,-8.54190798527e-14,0
250.0,0.05,-0.01,-7.19706831882e-14,0
250.0,0.055,-0.01,-9.19458287641e-14,0
250.0,0.05,-0.005,-7.42958794759e-14,0
250.0,0.055,-0.005,-9.57279386141e-14,0
250.0,0.05,0,-7.47903691585e-14,0
250.0,0.055,4.16333634234e-19,-9.66655643156e-14,0
250.0,0.05,0.005,-7.33226773655e-14,0
250.0,0.055,0.005,-9.46963558563e-14,0
250.0,0.05,0.01,-7.01461322263e-14,0
250.0,0.055,0.01,-9.00029392672e-14,0
250.0,0.05,0.015,-6.53531490482e-14,0
250.0,0.055,0.015,-8.27395031597e-14,0
250.0,0.05,0.02,-5.89622573153e-14,0
250.0,0.055,0.02,-7.29864611457e-14,0
250.0,0.05,0.025,-5.09787197526e-14,0
250.0,0.055,0.025,-6.08091601739e-14,0
250.0,0.05,0.03,-4.1341007495e-14,0
250.0,0.055,0.03,-4.62373794256e-14,0
250.0,0.05,0.035,-2.98749591849e-14,0
250.0,0.055,0.035,-2.92625053933e-14,0
250.0,0.05,0.04,-1.61138828966e-14,0
250.0,0.055,0.04,-9.91494279445e-15,0
250.0,0.05,0.045,-7.51682645148e-16,0
250.0,0.055,0.045,1.11086699469e-14,0
250.0,0.05,0.05,1.52348985167e-14,0
250.0,0.05,0.055,3.11806126977e-14,0
250.0,0.055,0.05,3.28754180405e-14,0
250.0,0.055,0.055,5.4632935587e-14,0
250.0,0.05,0.06,4.66814238813e-14,0
250.0,0.05,0.065,6.15518881575e-14,0
250.0,0.055,0.06,7.58578061262e-14,0
250.0,0.055,0.065,9.63208325087e-14,0
250.0,0.05,0.07,7.58396982043e-14,0
250.0,0.05,0.075,8.98621390062e-14,0
250.0,0.055,0.07,1.16122109905e-13,0
250.0,0.055,0.075,1.35751633656e-13,0
250.0,0.06,-0.075,1.81548572228e-13,0
250.0,0.06,-0.07,1.56429256751e-13,0
250.0,0.065,-0.075,2.23167699301e-13,0
250.0,0.065,-0.07,1.94010158112e-13,0
250.0,0.06,-0.065,1.31135720041e-13,0
250.0,0.065,-0.065,1.64426822271e-13,0
250.0,0.06,-0.06,1.05005983355e-13,0
250.0,0.065,-0.06,1.33598137333e-13,0
250.0,0.06,-0.055,7.79009182214e-14,0
250.0,0.065,-0.055,1.01385791334e-13,0
250.0,0.06,-0.05,5.01079369678e-14,0
250.0,0.065,-0.05,6.8142572343e-14,0
250.0,0.06,-0.045,2.22196877746e-14,0
250.0,0.065,-0.045,3.45911263728e-14,0
250.0,0.06,-0.04,-4.95691183499e-15,0
250.0,0.065,-0.04,1.66733630676e-15,0
250.0,0.06,-0.035,-3.05365197956e-14,0
250.0,0.065,-0.035,-2.96033293919e-14,0
250.0,0.06,-0.03,-5.36827835874e-14,0
250.0,0.065,-0.03,-5.8242094247e-14,0
250.0,0.06,-0.025,-7.37399204632e-14,0
250.0,0.065,-0.025,-8.34210997568e-14,0
250.0,0.06,-0.02,-9.02979185641e-14,0
250.0,0.065,-0.02,-1.04531736683e-13,0
250.0,0.06,-0.015,-1.03216799144e-13,0
250.0,0.065,-0.015,-1.21171855451e-13,0
250.0,0.06,-0.01,-1.12399451324e-13,0
250.0,0.065,-0.01,-1.33090317144e-13,0
250.0,0.06,-0.005,-1.17762767906e-13,0
250.0,0.065,-0.005,-1.4009824039e-13,0
250.0,0.06,0,-1.19209422311e-13,0
250.0,0.065,4.16333634234e-19,-1.42102190082e-13,0
250.0,0.06,0.005,-1.16735664223e-13,0
250.0,0.065,0.005,-1.39093926759e-13,0
250.0,0.06,0.01,-1.10462380233e-13,0
250.0,0.065,0.01,-1.31197626313e-13,0
250.0,0.06,0.015,-1.00571229317e-13,0
250.0,0.065,0.015,-1.18604673441e-13,0
250.0,0.06,0.02,-8.72194727468e-14,0
250.0,0.065,0.02,-1.015790438e-13,0
250.0,0.06,0.025,-7.05903859268e-14,0
250.0,0.065,0.025,-8.04212841452e-14,0
250.0,0.06,0.03,-5.086253404e-14,0
250.0,0.065,0.03,-5.55213468265e-14,0
250.0,0.06,0.035,-2.82890232093e-14,0
250.0,0.065,0.035,-2.73747024177e-14,0
250.0,0.06,0.04,-3.27619705061e-15,0
250.0,0.065,0.04,3.3360556689e-15,0
250.0,0.06,0.045,2.34095235665e-14,0
250.0,0.065,0.045,3.57079689386e-14,0
250.0,0.06,0.05,5.08421359078e-14,0
250.0,0.065,0.05,6.87264372631e-14,0
250.0,0.06,0.055,7.81724629573e-14,0
250.0,0.065,0.055,1.01441861626e-13,0
250.0,0.06,0.06,1.04789172071e-13,0
250.0,0.06,0.065,1.30402678832e-13,0
250.0,0.065,0.06,1.33118854889e-13,0
250.0,0.065,0.065,1.63400875875e-13,0
250.0,0.06,0.07,1.55159507631e-13,0
250.0,0.06,0.075,1.79731591346e-13,0
250.0,0.065,0.07,1.9242779268e-13,0
250.0,0.065,0.075,2.21021922987e-13,0
250.0,0.07,-0.075,2.619646444e-13,0
250.0,0.07,-0.07,2.29827939174e-13,0
250.0,0.075,-0.075,2.98589413207e-13,0
250.0,0.075,-0.07,2.64705519414e-13,0
250.0,0.07,-0.065,1.96669762214e-13,0
250.0,0.075,-0.065,2.28601460956e-13,0
250.0,0.07,-0.06,1.61592379918e-13,0
250.0,0.075,-0.06,1.89555601483e-13,0
250.0,0.07,-0.055,1.24506056805e-13,0
250.0,0.075,-0.055,1.47628862273e-13,0
250.0,0.07,-0.05,8.59066575709e-14,0
250.0,0.075,-0.05,1.03573391612e-13,0
250.0,0.07,-0.045,4.66814840211e-14,0
250.0,0.075,-0.045,5.84706957566e-14,0
250.0,0.07,-0.04,7.94459675858e-15,0
250.0,0.075,-0.04,1.36781758876e-14,0
250.0,0.07,-0.035,-2.91008726861e-14,0
250.0,0.075,-0.035,-2.93809320366e-14,0
250.0,0.07,-0.03,-6.32944698899e-14,0
250.0,0.075,-0.03,-6.93392101079e-14,0
250.0,0.07,-0.025,-9.36205900536e-14,0
250.0,0.075,-0.025,-1.04947075908e-13,0
250.0,0.07,-0.02,-1.19261527165e-13,0
250.0,0.075,-0.02,-1.3522392698e-13,0
250.0,0.07,-0.015,-1.39625733972e-13,0
250.0,0.075,-0.015,-1.59346427797e-13,0
250.0,0.07,-0.01,-1.54281332972e-13,0
250.0,0.075,-0.01,-1.76803467579e-13,0
250.0,0.07,-0.005,-1.6296927212e-13,0
250.0,0.075,-0.005,-1.87169374756e-13,0
250.0,0.07,0,-1.65530870272e-13,0
250.0,0.075,0,-1.90312619192e-13,0
250.0,0.07,0.005,-1.61974560452e-13,0
250.0,0.075,0.005,-1.8615147283e-13,0
250.0,0.07,0.01,-1.52409405534e-13,0
250.0,0.075,0.01,-1.74890409827e-13,0
250.0,0.07,0.015,-1.37095274239e-13,0
250.0,0.075,0.015,-1.56766921388e-13,0
250.0,0.07,0.02,-1.1636323252e-13,0
250.0,0.075,0.02,-1.32277146386e-13,0
250.0,0.07,0.025,-9.06775465727e-14,0
250.0,0.075,0.025,-1.019584787e-13,0
250.0,0.07,0.03,-6.0601945168e-14,0
250.0,0.075,0.03,-6.66046445311e-14,0
250.0,0.07,0.035,-2.68703620403e-14,0
250.0,0.075,0.035,-2.71205779152e-14,0
250.0,0.07,0.04,9.60579823917e-15,0
250.0,0.075,0.04,1.53380801043e-14,0
250.0,0.07,0.045,4.77428911739e-14,0
250.0,0.075,0.045,5.94783981412e-14,0
250.0,0.07,0.05,8.63693085268e-14,0
250.0,0.075,0.05,1.03921291122e-13,0
250.0,0.07,0.055,1.2437785955e-13,0
250.0,0.075,0.055,1.47327465707e-13,0
250.0,0.07,0.06,1.60878780344e-13,0
250.0,0.075,0.06,1.88619474371e-13,0
250.0,0.07,0.065,1.95373522746e-13,0
250.0,0.075,0.065,2.27046508099e-13,0
250.0,0.07,0.07,2.27951406441e-13,0
250.0,0.07,0.075,2.59508443258e-13,0
250.0,0.075,0.07,2.62546494051e-13,0
250.0,0.075,0.075,2.95838747828e-13,0
252.0,-0.00382671281566,-0.00202612167119,0,0
252.0,-0.005,-0.005,2.58200470357e-14,0
252.0,-0.00197892066871,-0.00385133392306,0,0
252.0,-0.005,-0.00190753787223,1.55395112516e-14,0
252.0,-0.00433,0,0,0
252.0,-0.00190753787223,-0.005,1.53821469697e-14,0
252.0,0,-0.00433,0,0
252.0,-0.005,0.00190775150599,1.55298312373e-14,0
252.0,-0.00385133392306,0.00197892066871,0,0
252.0,0.00190775150599,-0.005,1.53679209172e-14,0
252.0,0.00202612167119,-0.00382671281566,0,0
252.0,-0.00202612167119,0.00382671281566,0,0
252.0,-0.005,0.005,2.5725317237e-14,0
252.0,-0.0019094272225,0.005,1.54049697015e-14,0
252.0,0,0.00433,0,0
252.0,0.00147766755988,0.00407006125046,0,0
252.0,8.32667268469e-19,0.005,1.1698830065e-14,0
252.0,0.00433,0,0,0
252.0,0.005,1.38777878078e-18,1.13954837305e-14,0
252.0,0.00407006125046,0.00147766755988,0,0
252.0,0.005,-0.005,2.651026828e-14,0
252.0,0.00385133392306,-0.00197892066871,0,0
252.0,0.005,-0.0019094272225,1.56408942477e-14,0
252.0,0.00306177236254,0.00306177236254,0,0
252.0,0.0019094272225,0.005,1.55636491578e-14,0
252.0,0.005,0.0019094272225,1.56905882566e-14,0
252.0,-0.000885,-0.0015328649647,1.27151357756e-12,0
252.0,-0.0015328649647,-0.000885,1.27163595829e-12,0
252.0,-0.00186450691264,-0.00187567167242,8.43021103444e-13,0
252.0,-0.00177,0,1.27132769447e-12,0
252.0,-0.00268433516245,-0.000738983120158,7.59103064864e-13,0
252.0,0,-0.00177,1.27147521725e-12,0
252.0,-0.000718432264205,-0.00269192408424,7.57396906968e-13,0
252.0,-0.0015328649647,0.000885,1.26982322775e-12,0
252.0,-0.00265321485144,0.000647311733689,7.89885875184e-13,0
252.0,-0.000885,0.0015328649647,1.2681957273e-12,0
252.0,-0.00194719253591,0.00178443766524,8.43947409433e-13,0
252.0,0,0.00177,1.26408958184e-12,0
252.0,-0.000802720381054,0.00273415977115,7.17496795608e-13,0
252.0,0.000885,-0.0015328649647,1.27016406239e-12,0
252.0,0.00075154031863,-0.00270385456952,7.45286981151e-13,0
252.0,0.00177,0,1.26242934934e-12,0
252.0,0.0015328649647,-0.000885,1.26801165298e-12,0
252.0,0.00271471102228,-0.000564731152102,7.60910690362e-13,0
252.0,0.00192394637685,-0.00189207206672,8.10092115662e-13,0
252.0,0.00231817117671,0.00040530921667,9.87905900732e-13,0
252.0,0.0015328649647,0.000885,1.26069571999e-12,0
252.0,0.000885,0.0015328649647,1.2614007772e-12,0
252.0,0.000427053001345,0.00287092483521,6.82186448112e-13,0
252.0,0.00187618296239,0.00184774001435,8.33336422523e-13,0
252.0,0.00312733402203,0.000607809752493,5.19196777751e-13,0
252.0,0.00276214303706,0.00136595635004,5.76856830979e-13,0
252.0,0.0014100336009,0.00268674970267,6.04769001592e-13,0
252.0,-0.075,-0.075,2.63900387763e-13,0
252.0,-0.07,-0.075,2.34774238053e-13,0
252.0,-0.075,-0.07,2.30678588836e-13,0
252.0,-0.07,-0.07,2.03179412009e-13,0
252.0,-0.075,-0.065,1.95431255138e-13,0
252.0,-0.07,-0.065,1.70702416765e-13,0
252.0,-0.065,-0.075,2.03556034469e-13,0
252.0,-0.065,-0.07,1.7471646677e-13,0
252.0,-0.065,-0.065,1.45583750126e-13,0
252.0,-0.075,-0.06,1.57543611882e-13,0
252.0,-0.07,-0.06,1.36555474341e-13,0
252.0,-0.065,-0.06,1.15427791883e-13,0
252.0,-0.075,-0.055,1.17129245323e-13,0
252.0,-0.07,-0.055,1.00704773274e-13,0
252.0,-0.065,-0.055,8.41607755249e-14,0
252.0,-0.075,-0.05,7.49439353899e-14,0
252.0,-0.07,-0.05,6.3662034542e-14,0
252.0,-0.065,-0.05,5.21546219016e-14,0
252.0,-0.075,-0.045,3.20312089582e-14,0
252.0,-0.07,-0.045,2.62901554736e-14,0
252.0,-0.065,-0.045,2.01264409572e-14,0
252.0,-0.075,-0.04,-1.0337969475e-14,0
252.0,-0.07,-0.04,-1.03632009365e-14,0
252.0,-0.075,-0.035,-5.08788024871e-14,0
252.0,-0.07,-0.035,-4.52145725862e-14,0
252.0,-0.065,-0.04,-1.10278788812e-14,0
252.0,-0.065,-0.035,-4.03782857011e-14,0
252.0,-0.075,-0.03,-8.83992510141e-14,0
252.0,-0.07,-0.03,-7.727793282e-14,0
252.0,-0.075,-0.025,-1.21837285585e-13,0
252.0,-0.07,-0.025,-1.05734267621e-13,0
252.0,-0.065,-0.03,-6.71243529006e-14,0
252.0,-0.065,-0.025,-9.06789433353e-14,0
252.0,-0.075,-0.02,-1.50349858578e-13,0
252.0,-0.07,-0.02,-1.29909421206e-13,0
252.0,-0.075,-0.015,-1.73170658403e-13,0
252.0,-0.07,-0.015,-1.49261129683e-13,0
252.0,-0.065,-0.02,-1.10618006008e-13,0
252.0,-0.065,-0.015,-1.26565635857e-13,0
252.0,-0.075,-0.01,-1.89753823489e-13,0
252.0,-0.07,-0.01,-1.63299600695e-13,0
252.0,-0.075,-0.005,-1.99594096079e-13,0
252.0,-0.07,-0.005,-1.7165820941e-13,0
252.0,-0.065,-0.01,-1.38173044582e-13,0
252.0,-0.065,-0.005,-1.45091157443e-13,0
252.0,-0.075,0,-2.02466938497e-13,0
252.0,-0.07,0,-1.74074796083e-13,0
252.0,-0.075,0.005,-1.98242612662e-13,0
252.0,-0.07,0.005,-1.70497956856e-13,0
252.0,-0.065,4.16333634234e-19,-1.47092918193e-13,0
252.0,-0.065,0.005,-1.44105013737e-13,0
252.0,-0.075,0.01,-1.87119211581e-13,0
252.0,-0.07,0.01,-1.61041634297e-13,0
252.0,-0.075,0.015,-1.69384651308e-13,0
252.0,-0.07,0.015,-1.46025955368e-13,0
252.0,-0.065,0.01,-1.36257551479e-13,0
252.0,-0.065,0.015,-1.23832940694e-13,0
252.0,-0.075,0.02,-1.45594518217e-13,0
252.0,-0.07,0.02,-1.25864874177e-13,0
252.0,-0.075,0.025,-1.1633081559e-13,0
252.0,-0.07,0.025,-1.01079505879e-13,0
252.0,-0.065,0.02,-1.07226139702e-13,0
252.0,-0.065,0.025,-8.68127954154e-14,0
252.0,-0.075,0.03,-8.23776840829e-14,0
252.0,-0.07,0.03,-7.22280120556e-14,0
252.0,-0.075,0.035,-4.45856936966e-14,0
252.0,-0.07,0.035,-3.99888113182e-14,0
252.0,-0.065,0.03,-6.29794259253e-14,0
252.0,-0.065,0.035,-3.61519365944e-14,0
252.0,-0.075,0.04,-4.01350121702e-15,0
252.0,-0.07,0.04,-5.18001818443e-15,0
252.0,-0.075,0.045,3.81541247205e-14,0
252.0,-0.07,0.045,3.12176001989e-14,0
252.0,-0.065,0.04,-6.91549115117e-15,0
252.0,-0.065,0.045,2.39283302604e-14,0
252.0,-0.075,0.05,8.06486357805e-14,0
252.0,-0.07,0.05,6.81313797217e-14,0
252.0,-0.075,0.055,1.22223059154e-13,0
252.0,-0.07,0.055,1.04534560701e-13,0
252.0,-0.065,0.05,5.5454096784e-14,0
252.0,-0.065,0.055,8.6783556186e-14,0
252.0,-0.075,0.06,1.61867559549e-13,0
252.0,-0.07,0.06,1.39594394944e-13,0
252.0,-0.075,0.065,1.98865924543e-13,0
252.0,-0.07,0.065,1.72836122476e-13,0
252.0,-0.065,0.06,1.17228008775e-13,0
252.0,-0.065,0.065,1.46450487537e-13,0
252.0,-0.075,0.07,2.33146605024e-13,0
252.0,-0.07,0.07,2.04333037374e-13,0
252.0,-0.075,0.075,2.65365350628e-13,0
252.0,-0.07,0.075,2.34911994787e-13,0
252.0,-0.065,0.07,1.74575754995e-13,0
252.0,-0.065,0.075,2.02368842629e-13,0
252.0,-0.06,-0.075,1.69503141858e-13,0
252.0,-0.06,-0.07,1.44398436947e-13,0
252.0,-0.06,-0.065,1.1927593595e-13,0
252.0,-0.055,-0.075,1.32553973064e-13,0
252.0,-0.055,-0.07,1.12046317313e-13,0
252.0,-0.055,-0.065,9.15772845593e-14,0
252.0,-0.06,-0.06,9.35319560381e-14,0
252.0,-0.06,-0.055,6.70614605567e-14,0
252.0,-0.055,-0.06,7.06950935248e-14,0
252.0,-0.055,-0.055,4.93263584997e-14,0
252.0,-0.06,-0.05,4.01700397525e-14,0
252.0,-0.055,-0.05,2.77103984852e-14,0
252.0,-0.06,-0.045,1.34560232982e-14,0
252.0,-0.055,-0.045,6.36444150141e-15,0
252.0,-0.06,-0.04,-1.22745113793e-14,0
252.0,-0.055,-0.04,-1.39925838379e-14,0
252.0,-0.06,-0.035,-3.61785921971e-14,0
252.0,-0.055,-0.035,-3.25020766896e-14,0
252.0,-0.06,-0.03,-5.75999097844e-14,0
252.0,-0.06,-0.025,-7.62324838484e-14,0
252.0,-0.055,-0.03,-4.85752138094e-14,0
252.0,-0.055,-0.025,-6.2271605064e-14,0
252.0,-0.06,-0.02,-9.19164620838e-14,0
252.0,-0.06,-0.015,-1.04507784712e-13,0
252.0,-0.055,-0.02,-7.373460541e-14,0
252.0,-0.055,-0.015,-8.30136085027e-14,0
252.0,-0.06,-0.01,-1.13739296398e-13,0
252.0,-0.06,-0.005,-1.19281293585e-13,0
252.0,-0.055,-0.01,-8.99681021148e-14,0
252.0,-0.055,-0.005,-9.41846422646e-14,0
252.0,-0.06,0,-1.20876064557e-13,0
252.0,-0.06,0.005,-1.18458921984e-13,0
252.0,-0.055,4.16333634234e-19,-9.53943113344e-14,0
252.0,-0.055,0.005,-9.3520801336e-14,0
252.0,-0.06,0.01,-1.12144799281e-13,0
252.0,-0.06,0.015,-1.02243416299e-13,0
252.0,-0.055,0.01,-8.86849349732e-14,0
252.0,-0.055,0.015,-8.12005499978e-14,0
252.0,-0.06,0.02,-8.91353099974e-14,0
252.0,-0.06,0.025,-7.310425665e-14,0
252.0,-0.055,0.02,-7.15385834696e-14,0
252.0,-0.055,0.025,-5.98368089737e-14,0
252.0,-0.06,0.03,-5.43006560494e-14,0
252.0,-0.06,0.035,-3.28856974145e-14,0
252.0,-0.055,0.03,-4.6048507162e-14,0
252.0,-0.055,0.035,-3.0053431458e-14,0
252.0,-0.06,0.04,-9.15886249585e-15,0
252.0,-0.06,0.045,1.62098376291e-14,0
252.0,-0.055,0.04,-1.17738083437e-14,0
252.0,-0.055,0.045,8.17077051201e-15,0
252.0,-0.06,0.05,4.23747982163e-14,0
252.0,-0.06,0.055,6.85464005094e-14,0
252.0,-0.055,0.05,2.89168313645e-14,0
252.0,-0.055,0.055,4.97643143301e-14,0
252.0,-0.06,0.06,9.41545518136e-14,0
252.0,-0.06,0.065,1.18927505186e-13,0
252.0,-0.055,0.06,7.02252403923e-14,0
252.0,-0.055,0.065,9.00927764131e-14,0
252.0,-0.06,0.07,1.43004415304e-13,0
252.0,-0.06,0.075,1.67018716215e-13,0
252.0,-0.055,0.07,1.09471015792e-13,0
252.0,-0.055,0.075,1.28835679624e-13,0
252.0,-0.05,-0.075,9.32583382841e-14,0
252.0,-0.05,-0.07,7.79854725389e-14,0
252.0,-0.045,-0.075,5.24395146663e-14,0
252.0,-0.045,-0.07,4.28757949401e-14,0
252.0,-0.05,-0.065,6.2704017443e-14,0
252.0,-0.045,-0.065,3.31697843622e-14,0
252.0,-0.05,-0.06,4.7104091979e-14,0
252.0,-0.05,-0.055,3.11452245975e-14,0
252.0,-0.045,-0.06,2.31752903286e-14,0
252.0,-0.045,-0.055,1.28925364884e-14,0
252.0,-0.05,-0.05,1.50151634513e-14,0
252.0,-0.05,-0.045,-8.91293600802e-16,0
252.0,-0.045,-0.05,2.45553740907e-15,0
252.0,-0.045,-0.045,-7.86623228027e-15,0
252.0,-0.05,-0.04,-1.59343682325e-14,0
252.0,-0.045,-0.04,-1.76240871922e-14,0
252.0,-0.05,-0.035,-2.92047377691e-14,0
252.0,-0.045,-0.035,-2.59275702709e-14,0
252.0,-0.05,-0.03,-4.00313922082e-14,0
252.0,-0.045,-0.03,-3.19348023737e-14,0
252.0,-0.05,-0.025,-4.89958360449e-14,0
252.0,-0.045,-0.025,-3.688690605e-14,0
252.0,-0.05,-0.02,-5.64370008581e-14,0
252.0,-0.05,-0.015,-6.25343660019e-14,0
252.0,-0.045,-0.02,-4.08825262713e-14,0
252.0,-0.045,-0.015,-4.40093470108e-14,0
252.0,-0.05,-0.01,-6.73105738958e-14,0
252.0,-0.05,-0.005,-7.02333135882e-14,0
252.0,-0.045,-0.01,-4.66043755829e-14,0
252.0,-0.045,-0.005,-4.81373912884e-14,0
252.0,-0.05,0,-7.10440450387e-14,0
252.0,-0.05,0.005,-6.97213056066e-14,0
252.0,-0.045,4.16333634234e-19,-4.85193098071e-14,0
252.0,-0.045,0.005,-4.77598576332e-14,0
252.0,-0.05,0.01,-6.63292181769e-14,0
252.0,-0.05,0.015,-6.11699184806e-14,0
252.0,-0.045,0.01,-4.5888510602e-14,0
252.0,-0.045,0.015,-4.30345571077e-14,0
252.0,-0.05,0.02,-5.48105482805e-14,0
252.0,-0.05,0.025,-4.7207443523e-14,0
252.0,-0.045,0.02,-3.97294332401e-14,0
252.0,-0.045,0.025,-3.56296952362e-14,0
252.0,-0.05,0.03,-3.81908150599e-14,0
252.0,-0.05,0.035,-2.74596407101e-14,0
252.0,-0.045,0.03,-3.06757083714e-14,0
252.0,-0.045,0.035,-2.47938828696e-14,0
252.0,-0.05,0.04,-1.44784227582e-14,0
252.0,-0.05,0.045,9.20534001277e-17,0
252.0,-0.045,0.04,-1.68046351976e-14,0
252.0,-0.045,0.045,-7.57206076734e-15,0
252.0,-0.05,0.05,1.53421605543e-14,0
252.0,-0.05,0.055,3.06516000292e-14,0
252.0,-0.045,0.05,2.0382925109e-15,0
252.0,-0.045,0.055,1.16041756313e-14,0
252.0,-0.05,0.06,4.56545138522e-14,0
252.0,-0.05,0.065,6.01938973971e-14,0
252.0,-0.045,0.06,2.08851095412e-14,0
252.0,-0.045,0.065,2.97760317936e-14,0
252.0,-0.05,0.07,7.43373953771e-14,0
252.0,-0.05,0.075,8.84124829281e-14,0
252.0,-0.045,0.07,3.82998195993e-14,0
252.0,-0.045,0.075,4.66150008284e-14,0
252.0,-0.04,-0.075,1.11853874802e-14,0
252.0,-0.04,-0.07,7.5704852484e-15,0
252.0,-0.035,-0.075,-2.93343591871e-14,0
252.0,-0.035,-0.07,-2.69754303438e-14,0
252.0,-0.04,-0.065,3.65298707809e-15,0
252.0,-0.035,-0.065,-2.50922029318e-14,0
252.0,-0.04,-0.06,-5.54544870852e-16,0
252.0,-0.035,-0.06,-2.35168501002e-14,0
252.0,-0.04,-0.055,-5.00427263394e-15,0
252.0,-0.035,-0.055,-2.21500085363e-14,0
252.0,-0.04,-0.05,-9.60377661386e-15,0
252.0,-0.04,-0.045,-1.41967896079e-14,0
252.0,-0.035,-0.05,-2.09498277083e-14,0
252.0,-0.035,-0.045,-1.98824888638e-14,0
252.0,-0.04,-0.04,-1.84836966693e-14,0
252.0,-0.04,-0.035,-2.18922905418e-14,0
252.0,-0.035,-0.04,-1.89165325984e-14,0
252.0,-0.035,-0.035,-1.80001720577e-14,0
252.0,-0.04,-0.03,-2.42817814789e-14,0
252.0,-0.035,-0.03,-1.71595756415e-14,0
252.0,-0.04,-0.025,-2.61262497853e-14,0
252.0,-0.035,-0.025,-1.62221777028e-14,0
252.0,-0.04,-0.02,-2.74242824577e-14,0
252.0,-0.035,-0.02,-1.51841256066e-14,0
252.0,-0.04,-0.015,-2.81760819279e-14,0
252.0,-0.035,-0.015,-1.40460253664e-14,0
252.0,-0.04,-0.01,-2.84299437553e-14,0
252.0,-0.04,-0.005,-2.85030916215e-14,0
252.0,-0.035,-0.01,-1.27420643193e-14,0
252.0,-0.035,-0.005,-1.18362447274e-14,0
252.0,-0.04,0,-2.84470949322e-14,0
252.0,-0.04,0.005,-2.82341917558e-14,0
252.0,-0.035,4.16333634234e-19,-1.14568679744e-14,0
252.0,-0.035,0.005,-1.16522678277e-14,0
252.0,-0.04,0.01,-2.79195507487e-14,0
252.0,-0.04,0.015,-2.74787363385e-14,0
252.0,-0.035,0.01,-1.23925756267e-14,0
252.0,-0.035,0.015,-1.35667903513e-14,0
252.0,-0.04,0.02,-2.66066119641e-14,0
252.0,-0.04,0.025,-2.5261841829e-14,0
252.0,-0.035,0.02,-1.46440883346e-14,0
252.0,-0.035,0.025,-1.56820607861e-14,0
252.0,-0.04,0.03,-2.34655419648e-14,0
252.0,-0.04,0.035,-2.12299019164e-14,0
252.0,-0.035,0.03,-1.67026572356e-14,0
252.0,-0.035,0.035,-1.772540951e-14,0
252.0,-0.04,0.04,-1.8172462931e-14,0
252.0,-0.04,0.045,-1.4457639139e-14,0
252.0,-0.035,0.04,-1.90075385183e-14,0
252.0,-0.035,0.045,-2.05678994634e-14,0
252.0,-0.04,0.05,-1.06209416513e-14,0
252.0,-0.04,0.055,-6.93397787466e-15,0
252.0,-0.035,0.05,-2.24170926459e-14,0
252.0,-0.035,0.055,-2.4554818817e-14,0
252.0,-0.04,0.06,-3.52335636799e-15,0
252.0,-0.04,0.065,-4.54691909335e-16,0
252.0,-0.035,0.06,-2.69847238203e-14,0
252.0,-0.035,0.065,-2.97213621083e-14,0
252.0,-0.04,0.07,2.24489301598e-15,0
252.0,-0.04,0.075,4.5697904428e-15,0
252.0,-0.035,0.07,-3.28458434672e-14,0
252.0,-0.035,0.075,-3.65213317813e-14,0
252.0,-0.03,-0.075,-6.791897181e-14,0
252.0,-0.03,-0.07,-5.978003698e-14,0
252.0,-0.025,-0.075,-1.033774589e-13,0
252.0,-0.025,-0.07,-8.98921349627e-14,0
252.0,-0.03,-0.065,-5.23002999545e-14,0
252.0,-0.025,-0.065,-7.72231277182e-14,0
252.0,-0.03,-0.06,-4.5150457054e-14,0
252.0,-0.025,-0.06,-6.49248640478e-14,0
252.0,-0.03,-0.055,-3.82003160346e-14,0
252.0,-0.025,-0.055,-5.28253963551e-14,0
252.0,-0.03,-0.05,-3.14578339811e-14,0
252.0,-0.025,-0.05,-4.10109065342e-14,0
252.0,-0.03,-0.045,-2.50668448072e-14,0
252.0,-0.025,-0.045,-2.97838061191e-14,0
252.0,-0.03,-0.04,-1.92804867672e-14,0
252.0,-0.03,-0.035,-1.45178448316e-14,0
252.0,-0.025,-0.04,-1.96750156102e-14,0
252.0,-0.025,-0.035,-1.1491057461e-14,0
252.0,-0.03,-0.03,-1.07002269454e-14,0
252.0,-0.03,-0.025,-7.22110022529e-15,0
252.0,-0.025,-0.03,-5.00846718198e-15,0
252.0,-0.025,-0.025,7.44511186533e-16,0
252.0,-0.03,-0.02,-4.09836576603e-15,0
252.0,-0.025,-0.02,5.72933504724e-15,0
252.0,-0.03,-0.015,-1.37076434855e-15,0
252.0,-0.025,-0.015,9.91993644404e-15,0
252.0,-0.03,-0.01,8.47384803185e-16,0
252.0,-0.025,-0.01,1.30868407189e-14,0
252.0,-0.03,-0.005,2.31321880332e-15,0
252.0,-0.025,-0.005,1.50278553642e-14,0
252.0,-0.03,0,2.85710474552e-15,0
252.0,-0.03,0.005,2.42770482078e-15,0
252.0,-0.025,4.16333634234e-19,1.56992801834e-14,0
252.0,-0.025,0.005,1.50746059905e-14,0
252.0,-0.03,0.01,1.06147181105e-15,0
252.0,-0.03,0.015,-1.08751025544e-15,0
252.0,-0.025,0.01,1.31750884358e-14,0
252.0,-0.025,0.015,1.00339771981e-14,0
252.0,-0.03,0.02,-3.78897583803e-15,0
252.0,-0.03,0.025,-6.9406534759e-15,0
252.0,-0.025,0.02,5.84483906381e-15,0
252.0,-0.025,0.025,8.20734616717e-16,0
252.0,-0.03,0.03,-1.05214660014e-14,0
252.0,-0.03,0.035,-1.45289019882e-14,0
252.0,-0.025,0.03,-5.03295614819e-15,0
252.0,-0.025,0.035,-1.16953473615e-14,0
252.0,-0.03,0.04,-1.9660717734e-14,0
252.0,-0.03,0.045,-2.60416134668e-14,0
252.0,-0.025,0.04,-2.02269713194e-14,0
252.0,-0.025,0.045,-3.09066063379e-14,0
252.0,-0.03,0.05,-3.32181620668e-14,0
252.0,-0.03,0.055,-4.09046809769e-14,0
252.0,-0.025,0.05,-4.29015209557e-14,0
252.0,-0.025,0.055,-5.56470363264e-14,0
252.0,-0.03,0.06,-4.89247574093e-14,0
252.0,-0.03,0.065,-5.72432738186e-14,0
252.0,-0.025,0.06,-6.88067331522e-14,0
252.0,-0.025,0.065,-8.22645358115e-14,0
252.0,-0.03,0.07,-6.59715973829e-14,0
252.0,-0.03,0.075,-7.54365538717e-14,0
252.0,-0.025,0.07,-9.61730140023e-14,0
252.0,-0.025,0.075,-1.10973801376e-13,0
252.0,-0.02,-0.075,-1.34640962859e-13,0
252.0,-0.02,-0.07,-1.16408573215e-13,0
252.0,-0.015,-0.075,-1.6068666489e-13,0
252.0,-0.015,-0.07,-1.38532452645e-13,0
252.0,-0.02,-0.065,-9.91667471547e-14,0
252.0,-0.015,-0.065,-1.17489406378e-13,0
252.0,-0.02,-0.06,-8.23290878742e-14,0
252.0,-0.015,-0.06,-9.69056504925e-14,0
252.0,-0.02,-0.055,-6.57163528341e-14,0
252.0,-0.015,-0.055,-7.65666968225e-14,0
252.0,-0.02,-0.05,-4.94626012224e-14,0
252.0,-0.015,-0.05,-5.66693890361e-14,0
252.0,-0.02,-0.045,-3.40178113633e-14,0
252.0,-0.015,-0.045,-3.77628492195e-14,0
252.0,-0.02,-0.04,-2.01387980969e-14,0
252.0,-0.015,-0.04,-2.07508513219e-14,0
252.0,-0.02,-0.035,-8.93757187958e-15,0
252.0,-0.015,-0.035,-6.96475151223e-15,0
252.0,-0.02,-0.03,-1.60135637458e-16,0
252.0,-0.02,-0.025,7.52667132228e-15,0
252.0,-0.015,-0.03,3.79362980029e-15,0
252.0,-0.015,-0.025,1.3056997055e-14,0
252.0,-0.02,-0.02,1.40406734646e-14,0
252.0,-0.02,-0.015,1.93491919474e-14,0
252.0,-0.015,-0.02,2.06546198613e-14,0
252.0,-0.015,-0.015,2.64178672736e-14,0
252.0,-0.02,-0.01,2.3210955089e-14,0
252.0,-0.015,-0.01,3.01100420588e-14,0
252.0,-0.02,-0.005,2.54096165461e-14,0
252.0,-0.015,-0.005,3.19214076807e-14,0
252.0,-0.02,0,2.60905112171e-14,0
252.0,-0.015,4.16333634234e-19,3.23867153346e-14,0
252.0,-0.02,0.005,2.53756811099e-14,0
252.0,-0.015,0.005,3.17601802442e-14,0
252.0,-0.02,0.01,2.31565388268e-14,0
252.0,-0.02,0.015,1.92857755804e-14,0
252.0,-0.015,0.01,2.98469539506e-14,0
252.0,-0.015,0.015,2.61175749208e-14,0
252.0,-0.02,0.02,1.39750808944e-14,0
252.0,-0.02,0.025,7.44083100524e-15,0
252.0,-0.015,0.02,2.03836753911e-14,0
252.0,-0.015,0.025,1.28333672099e-14,0
252.0,-0.02,0.03,-3.16089117635e-16,0
252.0,-0.02,0.035,-9.23537443799e-15,0
252.0,-0.015,0.03,3.57543778431e-15,0
252.0,-0.015,0.035,-7.24240723432e-15,0
252.0,-0.02,0.04,-2.07340967437e-14,0
252.0,-0.02,0.045,-3.51384611006e-14,0
252.0,-0.015,0.04,-2.12356666196e-14,0
252.0,-0.015,0.045,-3.87170671116e-14,0
252.0,-0.02,0.05,-5.13150356134e-14,0
252.0,-0.02,0.055,-6.84716322037e-14,0
252.0,-0.015,0.05,-5.83134336324e-14,0
252.0,-0.015,0.055,-7.90773718099e-14,0
252.0,-0.02,0.06,-8.61200299713e-14,0
252.0,-0.02,0.065,-1.04093600932e-13,0
252.0,-0.015,0.06,-1.00417361633e-13,0
252.0,-0.015,0.065,-1.22101226496e-13,0
252.0,-0.02,0.07,-1.22549262036e-13,0
252.0,-0.02,0.075,-1.42068009756e-13,0
252.0,-0.015,0.07,-1.44318609478e-13,0
252.0,-0.015,0.075,-1.67711979715e-13,0
252.0,-0.01,-0.075,-1.80719420214e-13,0
252.0,-0.01,-0.07,-1.55555403656e-13,0
252.0,-0.005,-0.075,-1.94011588195e-13,0
252.0,-0.005,-0.07,-1.66929610722e-13,0
252.0,-0.01,-0.065,-1.31644858906e-13,0
252.0,-0.005,-0.065,-1.41168297343e-13,0
252.0,-0.01,-0.06,-1.08229253434e-13,0
252.0,-0.005,-0.06,-1.15955489706e-13,0
252.0,-0.01,-0.055,-8.50994297877e-14,0
252.0,-0.005,-0.055,-9.10499088078e-14,0
252.0,-0.01,-0.05,-6.24728975399e-14,0
252.0,-0.005,-0.05,-6.67035671069e-14,0
252.0,-0.01,-0.045,-4.09821994371e-14,0
252.0,-0.005,-0.045,-4.35845086125e-14,0
252.0,-0.01,-0.04,-2.16402170895e-14,0
252.0,-0.005,-0.04,-2.27524704768e-14,0
252.0,-0.01,-0.035,-5.85582410787e-15,0
252.0,-0.005,-0.035,-5.63875448595e-15,0
252.0,-0.01,-0.03,6.53899698095e-15,0
252.0,-0.005,-0.03,7.84980482807e-15,0
252.0,-0.01,-0.025,1.69531815831e-14,0
252.0,-0.005,-0.025,1.88032746841e-14,0
252.0,-0.01,-0.02,2.51420349476e-14,0
252.0,-0.01,-0.015,3.06756173307e-14,0
252.0,-0.005,-0.02,2.70582118381e-14,0
252.0,-0.005,-0.015,3.20700668825e-14,0
252.0,-0.0117873230072,-0.0115873794689,3.18270458032e-14,0
252.0,-0.00939961996336,-0.005,3.25025293635e-14,0
252.0,-0.00792797428371,-0.00964253216809,3.30900079347e-14,0
252.0,-0.005,-0.00939961996336,3.18794011568e-14,0
252.0,-0.0108753492546,-0.00150606400588,3.27871920562e-14,0
252.0,-0.00818101620308,-0.00211452602544,2.94671505485e-14,0
252.0,-0.00651817360753,-0.000255934956239,2.31658102659e-14,0
252.0,-0.005,6.71033969428e-08,1.14852481839e-14,0
252.0,-0.0107292118043,0.00160660295843,3.26260224887e-14,0
252.0,-0.0080188992252,0.000768320427092,2.83900766841e-14,0
252.0,-0.00939946851065,0.005,3.22635762731e-14,0
252.0,-0.00802129342231,0.00264911934363,2.9412647878e-14,0
252.0,-0.00887989370213,0.00887989479405,3.27554358109e-14,0
252.0,-0.01,0.015,3.01953655102e-14,0
252.0,-0.005,0.00939947397025,3.15243674736e-14,0
252.0,-0.005,0.015,3.16775973494e-14,0
252.0,-0.01,0.02,2.47682730903e-14,0
252.0,-0.01,0.025,1.67467434143e-14,0
252.0,-0.005,0.02,2.68804367764e-14,0
252.0,-0.005,0.025,1.89646990486e-14,0
252.0,-0.01,0.03,6.4588427064e-15,0
252.0,-0.01,0.035,-5.88449861148e-15,0
252.0,-0.005,0.03,8.26782688655e-15,0
252.0,-0.005,0.035,-5.16533584342e-15,0
252.0,-0.01,0.04,-2.18237381522e-14,0
252.0,-0.01,0.045,-4.16043714552e-14,0
252.0,-0.005,0.04,-2.24880594693e-14,0
252.0,-0.005,0.045,-4.37445081097e-14,0
252.0,-0.01,0.05,-6.37497475536e-14,0
252.0,-0.01,0.055,-8.72041402102e-14,0
252.0,-0.005,0.05,-6.74835450722e-14,0
252.0,-0.005,0.055,-9.26166070574e-14,0
252.0,-0.01,0.06,-1.11294088786e-13,0
252.0,-0.01,0.065,-1.35765564442e-13,0
252.0,-0.005,0.06,-1.18437966644e-13,0
252.0,-0.005,0.065,-1.4465698918e-13,0
252.0,-0.01,0.07,-1.60799582535e-13,0
252.0,-0.01,0.075,-1.87141484672e-13,0
252.0,-0.005,0.07,-1.71483492946e-13,0
252.0,-0.005,0.075,-1.9967109015e-13,0
252.0,0,-0.075,-2.0013875128e-13,0
252.0,0,-0.07,-1.72229514754e-13,0
252.0,0.005,-0.075,-1.98765237894e-13,0
252.0,0.005,-0.07,-1.71230813441e-13,0
252.0,0,-0.065,-1.45727963713e-13,0
252.0,0.005,-0.065,-1.45103791699e-13,0
252.0,0,-0.06,-1.19797876555e-13,0
252.0,0.005,-0.06,-1.19584400187e-13,0
252.0,0,-0.055,-9.42074553866e-14,0
252.0,0.005,-0.055,-9.44094529713e-14,0
252.0,0,-0.05,-6.9194253696e-14,0
252.0,0.005,-0.05,-6.98135565129e-14,0
252.0,0,-0.045,-4.54419588667e-14,0
252.0,0.005,-0.045,-4.64509495104e-14,0
252.0,0,-0.04,-2.40302084455e-14,0
252.0,0.005,-0.04,-2.53829153118e-14,0
252.0,0,-0.035,-6.36979942727e-15,0
252.0,0.005,-0.035,-8.11553183409e-15,0
252.0,0,-0.03,7.56598543679e-15,0
252.0,0.005,-0.03,5.48777944285e-15,0
252.0,0,-0.025,1.87127005983e-14,0
252.0,0.005,-0.025,1.67296118382e-14,0
252.0,0,-0.02,2.69548306589e-14,0
252.0,0.005,-0.02,2.54530528838e-14,0
252.0,0,-0.015,3.18552483643e-14,0
252.0,0.005,-0.015,3.13013863559e-14,0
252.0,-0.0021196717084,-0.00776771017156,2.73994095382e-14,0
252.0,-0.00084550708518,-0.00631514607954,2.14706104234e-14,0
252.0,6.71033969406e-08,-0.005,1.18361517303e-14,0
252.0,-0.00139054260708,-0.0110960807567,3.17869163707e-14,0
252.0,0.00132468676756,-0.00775008274642,2.68578021618e-14,0
252.0,0.00160394440688,-0.0116908851489,3.2061271398e-14,0
252.0,0.005,-0.00939946851065,3.21177764162e-14,0
252.0,0.005,0.005,2.5829894818e-14,0
252.0,-0.000107646311398,0.00617659695633,2.04988856149e-14,0
252.0,-0.00190846935279,0.0076427502668,2.66910291617e-14,0
252.0,0.00131146485568,0.00777290068297,2.640398964e-14,0
252.0,0.00295884413402,0.00640276348073,2.46273799867e-14,0
252.0,-1.21517769428e-05,0.0108932602996,3.11031551009e-14,0
252.0,0,0.015,3.16328783728e-14,0
252.0,0.005,0.00939942566771,3.15298797326e-14,0
252.0,0.005,0.015,3.12248879928e-14,0
252.0,0,0.02,2.71145751566e-14,0
252.0,0,0.025,1.93643664866e-14,0
252.0,0.005,0.02,2.59146722144e-14,0
252.0,0.005,0.025,1.77056953853e-14,0
252.0,0,0.03,8.5641828523e-15,0
252.0,0,0.035,-5.37818546217e-15,0
252.0,0.005,0.03,6.83297594426e-15,0
252.0,0.005,0.035,-6.65813737111e-15,0
252.0,0,0.04,-2.32606641544e-14,0
252.0,0,0.045,-4.50552186842e-14,0
252.0,0.005,0.04,-2.4061957404e-14,0
252.0,0.005,0.045,-4.54647795452e-14,0
252.0,0,0.05,-6.93850985741e-14,0
252.0,0,0.055,-9.51427006439e-14,0
252.0,0.005,0.05,-6.93631967643e-14,0
252.0,0.005,0.055,-9.46645942042e-14,0
252.0,0,0.06,-1.2160386475e-13,0
252.0,0,0.065,-1.48488848142e-13,0
252.0,0.005,0.06,-1.20668559344e-13,0
252.0,0.005,0.065,-1.47093247298e-13,0
252.0,0,0.07,-1.75993362081e-13,0
252.0,0,0.075,-2.04929909576e-13,0
252.0,0.005,0.07,-1.7416112001e-13,0
252.0,0.005,0.075,-2.02642913837e-13,0
252.0,0.01,-0.075,-1.89902063678e-13,0
252.0,0.01,-0.07,-1.63857273665e-13,0
252.0,0.015,-0.075,-1.73666890629e-13,0
252.0,0.015,-0.07,-1.50252759892e-13,0
252.0,0.01,-0.065,-1.39235869684e-13,0
252.0,0.015,-0.065,-1.28191787832e-13,0
252.0,0.01,-0.06,-1.15225541567e-13,0
252.0,0.015,-0.06,-1.06759957888e-13,0
252.0,0.01,-0.055,-9.15765532634e-14,0
252.0,0.015,-0.055,-8.56855603489e-14,0
252.0,0.01,-0.05,-6.84715751159e-14,0
252.0,0.015,-0.05,-6.51165814939e-14,0
252.0,0.01,-0.045,-4.65172602454e-14,0
252.0,0.015,-0.045,-4.55554013546e-14,0
252.0,0.01,-0.04,-2.6725212277e-14,0
252.0,0.015,-0.04,-2.78711294281e-14,0
252.0,0.01,-0.035,-1.05690774726e-14,0
252.0,0.015,-0.035,-1.3367657629e-14,0
252.0,0.01,-0.03,2.22414519324e-15,0
252.0,0.015,-0.03,-1.76161090305e-15,0
252.0,0.01,-0.025,1.32371169324e-14,0
252.0,0.015,-0.025,8.49230974481e-15,0
252.0,0.01,-0.02,2.23117018109e-14,0
252.0,0.01,-0.015,2.93475801607e-14,0
252.0,0.015,-0.02,1.73685774961e-14,0
252.0,0.015,-0.015,2.50661710771e-14,0
252.0,0.00999280436795,-0.0116358337096,3.25369182239e-14,0
252.0,0.0105889214373,-0.00845762197625,3.42122959244e-14,0
252.0,0.015,-0.01,3.11035504568e-14,0
252.0,0.00939947397025,-0.005,3.45874926972e-14,0
252.0,0.015,-0.005,3.48314416139e-14,0
252.0,0.00658051136513,-0.00296146438142,2.84341540474e-14,0
252.0,0.00636794669772,-3.54305826484e-06,2.45764914072e-14,0
252.0,0.00795807888052,-0.00113999998936,3.14995135078e-14,0
252.0,0.00758147027913,0.00183630393596,3.03686927939e-14,0
252.0,0.0112534647756,-1.47536350887e-07,3.65903397687e-14,0
252.0,0.015,4.16333634234e-19,3.62522513156e-14,0
252.0,0.00939942566771,0.005,3.40995583671e-14,0
252.0,0.015,0.005,3.47585801106e-14,0
252.0,0.00999018807453,0.0109670628501,3.27844784285e-14,0
252.0,0.01,0.015,2.95608750873e-14,0
252.0,0.015,0.01,3.12870670757e-14,0
252.0,0.015,0.015,2.572748233e-14,0
252.0,0.01,0.02,2.31087816515e-14,0
252.0,0.01,0.025,1.45126922044e-14,0
252.0,0.015,0.02,1.85331468448e-14,0
252.0,0.015,0.025,1.01072878524e-14,0
252.0,0.01,0.03,3.86414611736e-15,0
252.0,0.01,0.035,-8.70329197369e-15,0
252.0,0.015,0.03,2.36638012735e-16,0
252.0,0.015,0.035,-1.10764944873e-14,0
252.0,0.01,0.04,-2.48620362269e-14,0
252.0,0.01,0.045,-4.49250394347e-14,0
252.0,0.015,0.04,-2.54880473934e-14,0
252.0,0.015,0.045,-4.33881767087e-14,0
252.0,0.01,0.05,-6.73752434884e-14,0
252.0,0.01,0.055,-9.1153611884e-14,0
252.0,0.015,0.05,-6.34179107631e-14,0
252.0,0.015,0.055,-8.46401922403e-14,0
252.0,0.01,0.06,-1.15596353392e-13,0
252.0,0.01,0.065,-1.40466941776e-13,0
252.0,0.015,0.06,-1.06481496211e-13,0
252.0,0.015,0.065,-1.2873460956e-13,0
252.0,0.01,0.07,-1.65970053651e-13,0
252.0,0.01,0.075,-1.92884673649e-13,0
252.0,0.015,0.07,-1.51623155549e-13,0
252.0,0.015,0.075,-1.75835576494e-13,0
252.0,0.02,-0.075,-1.50528032669e-13,0
252.0,0.02,-0.07,-1.30719887046e-13,0
252.0,0.025,-0.075,-1.21072405533e-13,0
252.0,0.025,-0.07,-1.05775749709e-13,0
252.0,0.02,-0.065,-1.12204847296e-13,0
252.0,0.025,-0.065,-9.16373908062e-14,0
252.0,0.02,-0.06,-9.43101731225e-14,0
252.0,0.025,-0.06,-7.81229086219e-14,0
252.0,0.02,-0.055,-7.67913637351e-14,0
252.0,0.025,-0.055,-6.49935989977e-14,0
252.0,0.02,-0.05,-5.9718932436e-14,0
252.0,0.025,-0.05,-5.22742365454e-14,0
252.0,0.02,-0.045,-4.34727588221e-14,0
252.0,0.025,-0.045,-4.0178534428e-14,0
252.0,0.02,-0.04,-2.87163073632e-14,0
252.0,0.025,-0.04,-2.91109957364e-14,0
252.0,0.02,-0.035,-1.64540197261e-14,0
252.0,0.025,-0.035,-1.97025138492e-14,0
252.0,0.02,-0.03,-6.48218941564e-15,0
252.0,0.025,-0.03,-1.18349228854e-14,0
252.0,0.02,-0.025,2.47824026258e-15,0
252.0,0.025,-0.025,-4.68413540093e-15,0
252.0,0.02,-0.02,1.0482587298e-14,0
252.0,0.025,-0.02,1.7459554963e-15,0
252.0,0.02,-0.015,1.77764415965e-14,0
252.0,0.025,-0.015,7.57542565072e-15,0
252.0,0.02,-0.01,2.39089921628e-14,0
252.0,0.025,-0.01,1.23189003074e-14,0
252.0,0.02,-0.005,2.78061798405e-14,0
252.0,0.025,-0.005,1.55898794023e-14,0
252.0,0.02,0,2.92202541138e-14,0
252.0,0.025,4.16333634234e-19,1.69729540136e-14,0
252.0,0.02,0.005,2.80058350417e-14,0
252.0,0.025,0.005,1.58241069049e-14,0
252.0,0.02,0.01,2.44657344893e-14,0
252.0,0.025,0.01,1.29501754691e-14,0
252.0,0.02,0.015,1.87978848625e-14,0
252.0,0.025,0.015,8.74611119043e-15,0
252.0,0.02,0.02,1.19583228052e-14,0
252.0,0.02,0.025,4.40663280957e-15,0
252.0,0.025,0.02,3.41615435076e-15,0
252.0,0.025,0.025,-2.5156638342e-15,0
252.0,0.02,0.03,-4.12145394673e-15,0
252.0,0.02,0.035,-1.37224885142e-14,0
252.0,0.025,0.03,-9.15208894191e-15,0
252.0,0.025,0.035,-1.65572151545e-14,0
252.0,0.02,0.04,-2.58357453235e-14,0
252.0,0.02,0.045,-4.07924343439e-14,0
252.0,0.025,0.04,-2.57945078096e-14,0
252.0,0.025,0.045,-3.71027908159e-14,0
252.0,0.02,0.05,-5.75106354992e-14,0
252.0,0.02,0.055,-7.5232841055e-14,0
252.0,0.025,0.05,-4.970683199e-14,0
252.0,0.025,0.055,-6.30872341212e-14,0
252.0,0.02,0.06,-9.35010262874e-14,0
252.0,0.02,0.065,-1.12182676275e-13,0
252.0,0.025,0.06,-7.69497437041e-14,0
252.0,0.025,0.065,-9.12165247393e-14,0
252.0,0.02,0.07,-1.31475696737e-13,0
252.0,0.02,0.075,-1.52017862873e-13,0
252.0,0.025,0.07,-1.06086177353e-13,0
252.0,0.025,0.075,-1.22060676335e-13,0
252.0,0.03,-0.075,-8.61986198985e-14,0
252.0,0.03,-0.07,-7.60935406717e-14,0
252.0,0.035,-0.075,-4.69235530089e-14,0
252.0,0.035,-0.07,-4.25298149536e-14,0
252.0,0.03,-0.065,-6.70095083991e-14,0
252.0,0.035,-0.065,-3.89673506223e-14,0
252.0,0.03,-0.06,-5.85309903921e-14,0
252.0,0.035,-0.06,-3.5992132726e-14,0
252.0,0.03,-0.055,-5.04687571797e-14,0
252.0,0.035,-0.055,-3.34570022836e-14,0
252.0,0.03,-0.05,-4.27821189223e-14,0
252.0,0.035,-0.05,-3.12871090081e-14,0
252.0,0.03,-0.045,-3.55510625784e-14,0
252.0,0.035,-0.045,-2.94236804027e-14,0
252.0,0.03,-0.04,-2.88956249106e-14,0
252.0,0.035,-0.04,-2.77758497424e-14,0
252.0,0.03,-0.035,-2.29630681682e-14,0
252.0,0.035,-0.035,-2.60309101337e-14,0
252.0,0.03,-0.03,-1.767220132e-14,0
252.0,0.035,-0.03,-2.38078477371e-14,0
252.0,0.03,-0.025,-1.27984393411e-14,0
252.0,0.035,-0.025,-2.1631425023e-14,0
252.0,0.03,-0.02,-8.46324418855e-15,0
252.0,0.035,-0.02,-1.97400525573e-14,0
252.0,0.03,-0.015,-4.61036212443e-15,0
252.0,0.035,-0.015,-1.79522837348e-14,0
252.0,0.03,-0.01,-1.45657273681e-15,0
252.0,0.035,-0.01,-1.63897345988e-14,0
252.0,0.03,-0.005,9.24048912492e-16,0
252.0,0.035,-0.005,-1.50577720281e-14,0
252.0,0.03,0,2.03017581341e-15,0
252.0,0.035,4.16333634234e-19,-1.43085086443e-14,0
252.0,0.03,0.005,1.23234035266e-15,0
252.0,0.035,0.005,-1.4605559432e-14,0
252.0,0.03,0.01,-7.36097199765e-16,0
252.0,0.035,0.01,-1.54595058896e-14,0
252.0,0.03,0.015,-3.35251346391e-15,0
252.0,0.035,0.015,-1.64913475345e-14,0
252.0,0.03,0.02,-6.66429239871e-15,0
252.0,0.035,0.02,-1.7749209058e-14,0
252.0,0.03,0.025,-1.04678823462e-14,0
252.0,0.035,0.025,-1.91513140133e-14,0
252.0,0.03,0.03,-1.47294551715e-14,0
252.0,0.03,0.035,-1.94563712325e-14,0
252.0,0.035,0.03,-2.06756991779e-14,0
252.0,0.035,0.035,-2.23128467463e-14,0
252.0,0.03,0.04,-2.52788028712e-14,0
252.0,0.03,0.045,-3.22853772054e-14,0
252.0,0.035,0.04,-2.4184118629e-14,0
252.0,0.035,0.045,-2.63021891307e-14,0
252.0,0.03,0.05,-4.00801374903e-14,0
252.0,0.03,0.055,-4.84282409255e-14,0
252.0,0.035,0.05,-2.87308536861e-14,0
252.0,0.035,0.055,-3.15164360007e-14,0
252.0,0.03,0.06,-5.71942754354e-14,0
252.0,0.03,0.065,-6.63830072556e-14,0
252.0,0.035,0.06,-3.46999412536e-14,0
252.0,0.035,0.065,-3.83294527104e-14,0
252.0,0.03,0.07,-7.61503986651e-14,0
252.0,0.03,0.075,-8.68844343923e-14,0
252.0,0.035,0.07,-4.25261924283e-14,0
252.0,0.035,0.075,-4.7507430608e-14,0
252.0,0.04,-0.075,-4.48099024594e-15,0
252.0,0.04,-0.07,-6.06845475935e-15,0
252.0,0.045,-0.075,3.9819163772e-14,0
252.0,0.045,-0.07,3.22042443215e-14,0
252.0,0.04,-0.065,-8.28888245315e-15,0
252.0,0.045,-0.065,2.41592523001e-14,0
252.0,0.04,-0.06,-1.10656347527e-14,0
252.0,0.045,-0.06,1.5581393835e-14,0
252.0,0.04,-0.055,-1.43123264528e-14,0
252.0,0.045,-0.055,6.49828733601e-15,0
252.0,0.04,-0.05,-1.7911286943e-14,0
252.0,0.045,-0.05,-2.94076489748e-15,0
252.0,0.04,-0.045,-2.16894300988e-14,0
252.0,0.045,-0.045,-1.24534548776e-14,0
252.0,0.04,-0.04,-2.53292535423e-14,0
252.0,0.045,-0.04,-2.1613874891e-14,0
252.0,0.04,-0.035,-2.82510609127e-14,0
252.0,0.045,-0.035,-2.97444504086e-14,0
252.0,0.04,-0.03,-3.01107781603e-14,0
252.0,0.045,-0.03,-3.62386290647e-14,0
252.0,0.04,-0.025,-3.12571552137e-14,0
252.0,0.045,-0.025,-4.12871912753e-14,0
252.0,0.04,-0.02,-3.19178667731e-14,0
252.0,0.045,-0.02,-4.47385554945e-14,0
252.0,0.04,-0.015,-3.22499649658e-14,0
252.0,0.045,-0.015,-4.73284137656e-14,0
252.0,0.04,-0.01,-3.22928581958e-14,0
252.0,0.045,-0.01,-4.91120935419e-14,0
252.0,0.04,-0.005,-3.20262244953e-14,0
252.0,0.045,-0.005,-5.00072752885e-14,0
252.0,0.04,0,-3.16534355662e-14,0
252.0,0.045,4.16333634234e-19,-5.00850603863e-14,0
252.0,0.04,0.005,-3.14103856803e-14,0
252.0,0.045,0.005,-4.92030390133e-14,0
252.0,0.04,0.01,-3.10938966804e-14,0
252.0,0.045,0.01,-4.76176590574e-14,0
252.0,0.04,0.015,-3.0468459699e-14,0
252.0,0.045,0.015,-4.51937410778e-14,0
252.0,0.04,0.02,-2.95534129508e-14,0
252.0,0.045,0.02,-4.19333439789e-14,0
252.0,0.04,0.025,-2.83378750504e-14,0
252.0,0.045,0.025,-3.78636661945e-14,0
252.0,0.04,0.03,-2.68044248177e-14,0
252.0,0.045,0.03,-3.29233322884e-14,0
252.0,0.04,0.035,-2.49483309863e-14,0
252.0,0.045,0.035,-2.71418284596e-14,0
252.0,0.04,0.04,-2.23372221192e-14,0
252.0,0.04,0.045,-1.90782727069e-14,0
252.0,0.045,0.04,-1.93947393642e-14,0
252.0,0.045,0.045,-1.04769535996e-14,0
252.0,0.04,0.05,-1.57525709828e-14,0
252.0,0.04,0.055,-1.26732269189e-14,0
252.0,0.045,0.05,-1.29031783419e-15,0
252.0,0.045,0.055,7.72671076964e-15,0
252.0,0.04,0.06,-9.99447906577e-15,0
252.0,0.04,0.065,-7.80871019291e-15,0
252.0,0.045,0.06,1.63177956564e-14,0
252.0,0.045,0.065,2.43609950507e-14,0
252.0,0.04,0.07,-6.17438054126e-15,0
252.0,0.04,0.075,-5.14156274674e-15,0
252.0,0.045,0.07,3.18588603371e-14,0
252.0,0.045,0.075,3.89402804609e-14,0
252.0,0.05,-0.075,8.46294338307e-14,0
252.0,0.05,-0.07,7.11746988285e-14,0
252.0,0.055,-0.075,1.28652050151e-13,0
252.0,0.055,-0.07,1.09797324482e-13,0
252.0,0.05,-0.065,5.74705727414e-14,0
252.0,0.055,-0.065,9.07893347258e-14,0
252.0,0.05,-0.06,4.32270824313e-14,0
252.0,0.055,-0.06,7.11649423686e-14,0
252.0,0.05,-0.055,2.84088884128e-14,0
252.0,0.055,-0.055,5.08332349754e-14,0
252.0,0.05,-0.05,1.32017999583e-14,0
252.0,0.055,-0.05,3.00083294382e-14,0
252.0,0.05,-0.045,-2.02241500031e-15,0
252.0,0.055,-0.045,9.16257024604e-15,0
252.0,0.05,-0.04,-1.6706566576e-14,0
252.0,0.055,-0.04,-1.10537162301e-14,0
252.0,0.05,-0.035,-3.01480823381e-14,0
252.0,0.055,-0.035,-2.98736826117e-14,0
252.0,0.05,-0.03,-4.16908008156e-14,0
252.0,0.055,-0.03,-4.66081888278e-14,0
252.0,0.05,-0.025,-5.10806462891e-14,0
252.0,0.055,-0.025,-6.07667950065e-14,0
252.0,0.05,-0.02,-5.82537744655e-14,0
252.0,0.055,-0.02,-7.21508305667e-14,0
252.0,0.05,-0.015,-6.36735403384e-14,0
252.0,0.055,-0.015,-8.09062198406e-14,0
252.0,0.05,-0.01,-6.75018685201e-14,0
252.0,0.055,-0.01,-8.71032478963e-14,0
252.0,0.05,-0.005,-6.96922615913e-14,0
252.0,0.055,-0.005,-9.06937673882e-14,0
252.0,0.05,0,-7.01534899629e-14,0
252.0,0.055,4.16333634234e-19,-9.15814640849e-14,0
252.0,0.05,0.005,-6.8762721834e-14,0
252.0,0.055,0.005,-8.970758325e-14,0
252.0,0.05,0.01,-6.5760982739e-14,0
252.0,0.055,0.01,-8.52473940388e-14,0
252.0,0.05,0.015,-6.12326576929e-14,0
252.0,0.055,0.015,-7.83490667968e-14,0
252.0,0.05,0.02,-5.51984677129e-14,0
252.0,0.055,0.02,-6.90929164645e-14,0
252.0,0.05,0.025,-4.76685200901e-14,0
252.0,0.055,0.025,-5.75470902818e-14,0
252.0,0.05,0.03,-3.85914215163e-14,0
252.0,0.055,0.03,-4.37470474162e-14,0
252.0,0.05,0.035,-2.780994903e-14,0
252.0,0.055,0.035,-2.76931803566e-14,0
252.0,0.05,0.04,-1.48956025315e-14,0
252.0,0.055,0.04,-9.42412309125e-15,0
252.0,0.05,0.045,-5.18784682566e-16,0
252.0,0.055,0.045,1.03902804704e-14,0
252.0,0.05,0.05,1.43947767749e-14,0
252.0,0.05,0.055,2.92204912723e-14,0
252.0,0.055,0.05,3.08622659516e-14,0
252.0,0.055,0.055,5.12812694831e-14,0
252.0,0.05,0.06,4.35861223606e-14,0
252.0,0.05,0.065,5.73287864463e-14,0
252.0,0.055,0.06,7.11578030001e-14,0
252.0,0.055,0.065,9.02852196606e-14,0
252.0,0.05,0.07,7.05078134404e-14,0
252.0,0.05,0.075,8.3437435759e-14,0
252.0,0.055,0.07,1.08771397517e-13,0
252.0,0.055,0.075,1.27095777008e-13,0
252.0,0.06,-0.075,1.70835808119e-13,0
252.0,0.06,-0.07,1.47210943083e-13,0
252.0,0.065,-0.075,2.10413916007e-13,0
252.0,0.065,-0.07,1.82899686021e-13,0
252.0,0.06,-0.065,1.23418861429e-13,0
252.0,0.065,-0.065,1.54974188852e-13,0
252.0,0.06,-0.06,9.88154100104e-14,0
252.0,0.065,-0.06,1.25842079798e-13,0
252.0,0.06,-0.055,7.32566508109e-14,0
252.0,0.065,-0.055,9.536119969e-14,0
252.0,0.06,-0.05,4.70078531266e-14,0
252.0,0.065,-0.05,6.38606822394e-14,0
252.0,0.06,-0.045,2.06278846735e-14,0
252.0,0.065,-0.045,3.20258763434e-14,0
252.0,0.06,-0.04,-5.11643701845e-15,0
252.0,0.065,-0.04,7.48463386069e-16,0
252.0,0.06,-0.035,-2.93802783343e-14,0
252.0,0.065,-0.035,-2.89909071151e-14,0
252.0,0.06,-0.03,-5.13617058906e-14,0
252.0,0.065,-0.03,-5.62537329785e-14,0
252.0,0.06,-0.025,-7.04288533875e-14,0
252.0,0.065,-0.025,-8.02431267874e-14,0
252.0,0.06,-0.02,-8.6182795475e-14,0
252.0,0.065,-0.02,-1.00370780603e-13,0
252.0,0.06,-0.015,-9.84825751839e-14,0
252.0,0.065,-0.015,-1.1624515622e-13,0
252.0,0.06,-0.01,-1.07229172367e-13,0
252.0,0.065,-0.01,-1.27620014338e-13,0
252.0,0.06,-0.005,-1.12338713007e-13,0
252.0,0.065,-0.005,-1.34309862968e-13,0
252.0,0.06,0,-1.13715769667e-13,0
252.0,0.065,4.16333634234e-19,-1.3622273693e-13,0
252.0,0.06,0.005,-1.11356585922e-13,0
252.0,0.065,0.005,-1.3335013182e-13,0
252.0,0.06,0.01,-1.05378243457e-13,0
252.0,0.065,0.01,-1.2581270924e-13,0
252.0,0.06,0.015,-9.59573808481e-14,0
252.0,0.065,0.015,-1.13796967643e-13,0
252.0,0.06,0.02,-8.32487551967e-14,0
252.0,0.065,0.02,-9.75606390595e-14,0
252.0,0.06,0.025,-6.74334957053e-14,0
252.0,0.065,0.025,-7.7397427446e-14,0
252.0,0.06,0.03,-4.86893933563e-14,0
252.0,0.065,0.03,-5.36874070747e-14,0
252.0,0.06,0.035,-2.7265849179e-14,0
252.0,0.065,0.035,-2.69110919736e-14,0
252.0,0.06,0.04,-3.55750217942e-15,0
252.0,0.065,0.04,2.27323438306e-15,0
252.0,0.06,0.045,2.1700020497e-14,0
252.0,0.065,0.045,3.29997696069e-14,0
252.0,0.06,0.05,4.7623816621e-14,0
252.0,0.065,0.05,6.42990770891e-14,0
252.0,0.06,0.055,7.34078960328e-14,0
252.0,0.065,0.055,9.52675876505e-14,0
252.0,0.06,0.06,9.8476723897e-14,0
252.0,0.06,0.065,1.22563842696e-13,0
252.0,0.065,0.06,1.25208961186e-13,0
252.0,0.065,0.065,1.53791373826e-13,0
252.0,0.06,0.07,1.45820692118e-13,0
252.0,0.06,0.075,1.68900742177e-13,0
252.0,0.065,0.07,1.81158827493e-13,0
252.0,0.065,0.075,2.08108873435e-13,0
252.0,0.07,-0.075,2.4727155028e-13,0
252.0,0.07,-0.07,2.16888145479e-13,0
252.0,0.075,-0.075,2.82037340931e-13,0
252.0,0.075,-0.07,2.49971750128e-13,0
252.0,0.07,-0.065,1.85518938435e-13,0
252.0,0.075,-0.065,2.15766310553e-13,0
252.0,0.07,-0.06,1.52293654621e-13,0
252.0,0.075,-0.06,1.78720403431e-13,0
252.0,0.07,-0.055,1.17117371985e-13,0
252.0,0.075,-0.055,1.38884267445e-13,0
252.0,0.07,-0.05,8.045772546e-14,0
252.0,0.075,-0.05,9.69724180909e-14,0
252.0,0.07,-0.045,4.31590394213e-14,0
252.0,0.075,-0.045,5.40163864465e-14,0
252.0,0.07,-0.04,6.2853645305e-15,0
252.0,0.075,-0.04,1.13145829963e-14,0
252.0,0.07,-0.035,-2.90116517243e-14,0
252.0,0.075,-0.035,-2.97692961848e-14,0
252.0,0.07,-0.03,-6.16183202796e-14,0
252.0,0.075,-0.03,-6.79225223747e-14,0
252.0,0.07,-0.025,-9.0557922599e-14,0
252.0,0.075,-0.025,-1.01943348867e-13,0
252.0,0.07,-0.02,-1.15041383058e-13,0
252.0,0.075,-0.02,-1.30886333299e-13,0
252.0,0.07,-0.015,-1.3449609171e-13,0
252.0,0.075,-0.015,-1.53956195133e-13,0
252.0,0.07,-0.01,-1.48502318417e-13,0
252.0,0.075,-0.01,-1.70657182243e-13,0
252.0,0.07,-0.005,-1.56807530628e-13,0
252.0,0.075,-0.005,-1.80576618674e-13,0
252.0,0.07,0,-1.59256777398e-13,0
252.0,0.075,0,-1.83585645056e-13,0
252.0,0.07,0.005,-1.55857839185e-13,0
252.0,0.075,0.005,-1.79605404776e-13,0
252.0,0.07,0.01,-1.4671669197e-13,0
252.0,0.075,0.01,-1.68833751293e-13,0
252.0,0.07,0.015,-1.32086187967e-13,0
252.0,0.075,0.015,-1.51502291128e-13,0
252.0,0.07,0.02,-1.12288502195e-13,0
252.0,0.075,0.02,-1.28092086712e-13,0
252.0,0.07,0.025,-8.77748257577e-14,0
252.0,0.075,0.025,-9.91247721406e-14,0
252.0,0.07,0.03,-5.9091497168e-14,0
252.0,0.075,0.03,-6.53675971332e-14,0
252.0,0.07,0.035,-2.69476244734e-14,0
252.0,0.075,0.035,-2.76937075453e-14,0
252.0,0.07,0.04,7.77986355314e-15,0
252.0,0.075,0.04,1.27854764127e-14,0
252.0,0.07,0.045,4.40513164562e-14,0
252.0,0.075,0.045,5.48293472902e-14,0
252.0,0.07,0.05,8.07463147968e-14,0
252.0,0.075,0.05,9.71177983208e-14,0
252.0,0.07,0.055,1.16808698015e-13,0
252.0,0.075,0.055,1.38371323674e-13,0
252.0,0.07,0.06,1.51393115906e-13,0
252.0,0.075,0.06,1.77563804514e-13,0
252.0,0.07,0.065,1.84030358902e-13,0
252.0,0.075,0.065,2.1398325579e-13,0
252.0,0.07,0.07,2.1481532917e-13,0
252.0,0.07,0.075,2.44616087346e-13,0
252.0,0.075,0.07,2.4757886997e-13,0
252.0,0.075,0.075,2.79048639277e-13,0
254.0,-0.00382671281566,-0.00202612167119,0,0
254.0,-0.005,-0.005,2.5891794075e-14,0
254.0,-0.00197892066871,-0.00385133392306,0,0
254.0,-0.005,-0.00190753787223,1.55492916213e-14,0
254.0,-0.00433,0,0,0
254.0,-0.00190753787223,-0.005,1.53981705666e-14,0
254.0,0,-0.00433,0,0
254.0,-0.005,0.00190775150599,1.55399230653e-14,0
254.0,-0.00385133392306,0.00197892066871,0,0
254.0,0.00190775150599,-0.005,1.53847015903e-14,0
254.0,0.00202612167119,-0.00382671281566,0,0
254.0,-0.00202612167119,0.00382671281566,0,0
254.0,-0.005,0.005,2.58001664745e-14,0
254.0,-0.0019094272225,0.005,1.54214681696e-14,0
254.0,0,0.00433,0,0
254.0,0.00147766755988,0.00407006125046,0,0
254.0,8.32667268469e-19,0.005,1.17077578964e-14,0
254.0,0.00433,0,0,0
254.0,0.005,1.38777878078e-18,1.13960300085e-14,0
254.0,0.00407006125046,0.00147766755988,0,0
254.0,0.005,-0.005,2.65760895608e-14,0
254.0,0.00385133392306,-0.00197892066871,0,0
254.0,0.005,-0.0019094272225,1.56449998781e-14,0
254.0,0.00306177236254,0.00306177236254,0,0
254.0,0.0019094272225,0.005,1.55805639435e-14,0
254.0,0.005,0.0019094272225,1.56951039498e-14,0
254.0,-0.000885,-0.0015328649647,1.27151388649e-12,0
254.0,-0.0015328649647,-0.000885,1.27163626729e-12,0
254.0,-0.00186450691264,-0.00187567167242,8.43021306664e-13,0
254.0,-0.00177,0,1.27132800324e-12,0
254.0,-0.00268433516245,-0.000738983120158,7.59103247555e-13,0
254.0,0,-0.00177,1.27147552591e-12,0
254.0,-0.000718432264205,-0.00269192408424,7.57397089177e-13,0
254.0,-0.0015328649647,0.000885,1.2698235359e-12,0
254.0,-0.00265321485144,0.000647311733689,7.89886065252e-13,0
254.0,-0.000885,0.0015328649647,1.26819603447e-12,0
254.0,-0.00194719253591,0.00178443766524,8.43947612475e-13,0
254.0,0,0.00177,1.26408988729e-12,0
254.0,-0.000802720381054,0.00273415977115,7.17496967449e-13,0
254.0,0.000885,-0.0015328649647,1.27016437044e-12,0
254.0,0.00075154031863,-0.00270385456952,7.45287160269e-13,0
254.0,0.00177,0,1.26242965437e-12,0
254.0,0.0015328649647,-0.000885,1.26801195998e-12,0
254.0,0.00271471102228,-0.000564731152102,7.60910872615e-13,0
254.0,0.00192394637685,-0.00189207206672,8.10092310346e-13,0
254.0,0.00231817117671,0.00040530921667,9.87906137543e-13,0
254.0,0.0015328649647,0.000885,1.26069602398e-12,0
254.0,0.000885,0.0015328649647,1.26140108138e-12,0
254.0,0.000427053001345,0.00287092483521,6.82186610987e-13,0
254.0,0.00187618296239,0.00184774001435,8.33336621586e-13,0
254.0,0.00312733402203,0.000607809752493,5.1919690104e-13,0
254.0,0.00276214303706,0.00136595635004,5.76856968161e-13,0
254.0,0.0014100336009,0.00268674970267,6.04769145494e-13,0
254.0,-0.075,-0.075,2.49068696737e-13,0
254.0,-0.07,-0.075,2.21533179962e-13,0
254.0,-0.075,-0.07,2.17562807779e-13,0
254.0,-0.07,-0.07,1.91595036244e-13,0
254.0,-0.075,-0.065,1.84103597997e-13,0
254.0,-0.07,-0.065,1.6080591637e-13,0
254.0,-0.065,-0.075,1.91979556631e-13,0
254.0,-0.065,-0.07,1.64696851898e-13,0
254.0,-0.065,-0.065,1.3713263351e-13,0
254.0,-0.075,-0.06,1.48093615694e-13,0
254.0,-0.07,-0.06,1.28401386985e-13,0
254.0,-0.065,-0.06,1.08577415638e-13,0
254.0,-0.075,-0.055,1.09634409311e-13,0
254.0,-0.07,-0.055,9.43407679821e-14,0
254.0,-0.065,-0.055,7.89378788458e-14,0
254.0,-0.075,-0.05,6.9445040243e-14,0
254.0,-0.07,-0.05,5.91076782399e-14,0
254.0,-0.065,-0.05,4.85620299188e-14,0
254.0,-0.075,-0.045,2.85215144164e-14,0
254.0,-0.07,-0.045,2.35237512193e-14,0
254.0,-0.065,-0.045,1.81304860897e-14,0
254.0,-0.075,-0.04,-1.19197274932e-14,0
254.0,-0.07,-0.04,-1.1409931182e-14,0
254.0,-0.075,-0.035,-5.06469515702e-14,0
254.0,-0.07,-0.035,-4.46558538207e-14,0
254.0,-0.065,-0.04,-1.15029930269e-14,0
254.0,-0.065,-0.035,-3.94487613206e-14,0
254.0,-0.075,-0.03,-8.65146539069e-14,0
254.0,-0.07,-0.03,-7.52667969435e-14,0
254.0,-0.075,-0.025,-1.18499889779e-13,0
254.0,-0.07,-0.025,-1.0245369869e-13,0
254.0,-0.065,-0.03,-6.49386813533e-14,0
254.0,-0.065,-0.025,-8.7405850011e-14,0
254.0,-0.075,-0.02,-1.45787853243e-13,0
254.0,-0.07,-0.02,-1.25564151015e-13,0
254.0,-0.075,-0.015,-1.67636559282e-13,0
254.0,-0.07,-0.015,-1.4407186406e-13,0
254.0,-0.065,-0.02,-1.0643828429e-13,0
254.0,-0.065,-0.015,-1.21669202866e-13,0
254.0,-0.075,-0.01,-1.83515546902e-13,0
254.0,-0.07,-0.01,-1.57500465659e-13,0
254.0,-0.075,-0.005,-1.92934505965e-13,0
254.0,-0.07,-0.005,-1.65493281708e-13,0
254.0,-0.065,-0.01,-1.32758183943e-13,0
254.0,-0.065,-0.005,-1.39365159441e-13,0
254.0,-0.075,0,-1.95674657763e-13,0
254.0,-0.07,0,-1.67795376043e-13,0
254.0,-0.075,0.005,-1.91610947462e-13,0
254.0,-0.07,0.005,-1.64357110551e-13,0
254.0,-0.065,4.16333634234e-19,-1.41269305621e-13,0
254.0,-0.065,0.005,-1.38399532444e-13,0
254.0,-0.075,0.01,-1.80935952859e-13,0
254.0,-0.07,0.01,-1.55289827385e-13,0
254.0,-0.075,0.015,-1.63931109987e-13,0
254.0,-0.07,0.015,-1.40905667158e-13,0
254.0,-0.065,0.01,-1.30882910156e-13,0
254.0,-0.065,0.015,-1.18994749998e-13,0
254.0,-0.075,0.02,-1.41136579527e-13,0
254.0,-0.07,0.02,-1.21608104771e-13,0
254.0,-0.075,0.025,-1.13118823504e-13,0
254.0,-0.07,0.025,-9.79046673087e-14,0
254.0,-0.065,0.02,-1.03120306408e-13,0
254.0,-0.065,0.025,-8.36266955206e-14,0
254.0,-0.075,0.03,-8.06377811601e-14,0
254.0,-0.07,0.03,-7.03377337376e-14,0
254.0,-0.075,0.035,-4.45160123466e-14,0
254.0,-0.07,0.035,-3.9564300934e-14,0
254.0,-0.065,0.03,-6.08915924175e-14,0
254.0,-0.065,0.035,-3.53293547894e-14,0
254.0,-0.075,0.04,-5.77318946693e-15,0
254.0,-0.07,0.04,-6.37272301637e-15,0
254.0,-0.075,0.045,3.44526128501e-14,0
254.0,-0.07,0.045,2.82951382296e-14,0
254.0,-0.065,0.04,-7.50533067547e-15,0
254.0,-0.065,0.045,2.18113103589e-14,0
254.0,-0.075,0.05,7.49462672341e-14,0
254.0,-0.07,0.05,6.34129082502e-14,0
254.0,-0.075,0.055,1.1451573146e-13,0
254.0,-0.07,0.055,9.80007416134e-14,0
254.0,-0.065,0.05,5.17359513418e-14,0
254.0,-0.065,0.055,8.14327858549e-14,0
254.0,-0.075,0.06,1.52198953814e-13,0
254.0,-0.07,0.06,1.31267334319e-13,0
254.0,-0.075,0.065,1.87316485178e-13,0
254.0,-0.07,0.065,1.62765940636e-13,0
254.0,-0.065,0.06,1.10249716804e-13,0
254.0,-0.065,0.065,1.37873531937e-13,0
254.0,-0.075,0.07,2.19808445956e-13,0
254.0,-0.07,0.07,1.9257626583e-13,0
254.0,-0.075,0.075,2.50312414391e-13,0
254.0,-0.07,0.075,2.21500865315e-13,0
254.0,-0.065,0.07,1.64434022071e-13,0
254.0,-0.065,0.075,1.90674729708e-13,0
254.0,-0.06,-0.075,1.59685977696e-13,0
254.0,-0.06,-0.07,1.36003107273e-13,0
254.0,-0.06,-0.065,1.12306848316e-13,0
254.0,-0.055,-0.075,1.24583883711e-13,0
254.0,-0.055,-0.07,1.05332192557e-13,0
254.0,-0.055,-0.065,8.61246878174e-14,0
254.0,-0.06,-0.06,8.80086325883e-14,0
254.0,-0.06,-0.055,6.29973303579e-14,0
254.0,-0.055,-0.06,6.65178376752e-14,0
254.0,-0.055,-0.055,4.64297438327e-14,0
254.0,-0.06,-0.05,3.75560419144e-14,0
254.0,-0.055,-0.05,2.60778635452e-14,0
254.0,-0.06,-0.045,1.22494592132e-14,0
254.0,-0.055,-0.045,5.94737671158e-15,0
254.0,-0.06,-0.04,-1.21561418448e-14,0
254.0,-0.055,-0.04,-1.32814987778e-14,0
254.0,-0.06,-0.035,-3.48563775549e-14,0
254.0,-0.055,-0.035,-3.07910035015e-14,0
254.0,-0.06,-0.03,-5.52210560538e-14,0
254.0,-0.06,-0.025,-7.29523348861e-14,0
254.0,-0.055,-0.03,-4.60149635179e-14,0
254.0,-0.055,-0.025,-5.90024091852e-14,0
254.0,-0.06,-0.02,-8.78909730793e-14,0
254.0,-0.06,-0.015,-9.98928855043e-14,0
254.0,-0.055,-0.02,-6.98832657667e-14,0
254.0,-0.055,-0.015,-7.86996364171e-14,0
254.0,-0.06,-0.01,-1.08696315858e-13,0
254.0,-0.06,-0.005,-1.13980106895e-13,0
254.0,-0.055,-0.01,-8.5312919348e-14,0
254.0,-0.055,-0.005,-8.93223273524e-14,0
254.0,-0.06,0,-1.1549381876e-13,0
254.0,-0.06,0.005,-1.13174872434e-13,0
254.0,-0.055,4.16333634234e-19,-9.04666864436e-14,0
254.0,-0.055,0.005,-8.86722365448e-14,0
254.0,-0.06,0.01,-1.07135380777e-13,0
254.0,-0.06,0.015,-9.76768839053e-14,0
254.0,-0.055,0.01,-8.40567213324e-14,0
254.0,-0.055,0.015,-7.69256195471e-14,0
254.0,-0.06,0.02,-8.5170209364e-14,0
254.0,-0.06,0.025,-6.98936228552e-14,0
254.0,-0.055,0.02,-6.7735209864e-14,0
254.0,-0.055,0.025,-5.66213222135e-14,0
254.0,-0.06,0.03,-5.19979263308e-14,0
254.0,-0.06,0.035,-3.16442939093e-14,0
254.0,-0.055,0.03,-4.35450446609e-14,0
254.0,-0.055,0.035,-2.83992948043e-14,0
254.0,-0.06,0.04,-9.12508168299e-15,0
254.0,-0.06,0.045,1.49160921113e-14,0
254.0,-0.055,0.04,-1.11192004834e-14,0
254.0,-0.055,0.045,7.69861851461e-15,0
254.0,-0.06,0.05,3.96728012925e-14,0
254.0,-0.06,0.055,6.43955210191e-14,0
254.0,-0.055,0.05,2.72323267013e-14,0
254.0,-0.055,0.055,4.68208392748e-14,0
254.0,-0.06,0.06,8.85478427815e-14,0
254.0,-0.06,0.065,1.118803167e-13,0
254.0,-0.055,0.06,6.60082333355e-14,0
254.0,-0.055,0.065,8.4609344741e-14,0
254.0,-0.06,0.07,1.3453774035e-13,0
254.0,-0.06,0.075,1.57137684692e-13,0
254.0,-0.055,0.07,1.02736399092e-13,0
254.0,-0.055,0.075,1.20856293977e-13,0
254.0,-0.05,-0.075,8.71927787562e-14,0
254.0,-0.05,-0.07,7.29873559565e-14,0
254.0,-0.045,-0.075,4.82957006367e-14,0
254.0,-0.045,-0.07,3.95942880887e-14,0
254.0,-0.05,-0.065,5.87835949213e-14,0
254.0,-0.045,-0.065,3.07681973789e-14,0
254.0,-0.05,-0.06,4.42734085945e-14,0
254.0,-0.05,-0.055,2.94045511474e-14,0
254.0,-0.045,-0.06,2.16652267342e-14,0
254.0,-0.045,-0.055,1.22704302624e-14,0
254.0,-0.05,-0.05,1.43430595897e-14,0
254.0,-0.05,-0.045,-5.46245612037e-16,0
254.0,-0.045,-0.05,2.69521126424e-15,0
254.0,-0.045,-0.045,-6.81896057431e-15,0
254.0,-0.05,-0.04,-1.46611037999e-14,0
254.0,-0.045,-0.04,-1.58574754256e-14,0
254.0,-0.05,-0.035,-2.7138504692e-14,0
254.0,-0.045,-0.035,-2.35813080819e-14,0
254.0,-0.05,-0.03,-3.73311229857e-14,0
254.0,-0.045,-0.03,-2.91705343662e-14,0
254.0,-0.05,-0.025,-4.57786438575e-14,0
254.0,-0.045,-0.025,-3.37787758429e-14,0
254.0,-0.05,-0.02,-5.27973113571e-14,0
254.0,-0.05,-0.015,-5.85546098345e-14,0
254.0,-0.045,-0.02,-3.74937978697e-14,0
254.0,-0.045,-0.015,-4.03937860055e-14,0
254.0,-0.05,-0.01,-6.30724658555e-14,0
254.0,-0.05,-0.005,-6.58374169546e-14,0
254.0,-0.045,-0.01,-4.28089502036e-14,0
254.0,-0.045,-0.005,-4.42364202358e-14,0
254.0,-0.05,0,-6.65987445072e-14,0
254.0,-0.05,0.005,-6.53356582696e-14,0
254.0,-0.045,4.16333634234e-19,-4.45858733316e-14,0
254.0,-0.045,0.005,-4.38657699545e-14,0
254.0,-0.05,0.01,-6.21111167984e-14,0
254.0,-0.05,0.015,-5.72189561918e-14,0
254.0,-0.045,0.01,-4.21061759529e-14,0
254.0,-0.045,0.015,-3.9437132334e-14,0
254.0,-0.05,0.02,-5.12057037021e-14,0
254.0,-0.05,0.025,-4.40283038503e-14,0
254.0,-0.045,0.02,-3.63619992336e-14,0
254.0,-0.045,0.025,-3.254370358e-14,0
254.0,-0.05,0.03,-3.55294560269e-14,0
254.0,-0.05,0.035,-2.54299251349e-14,0
254.0,-0.045,0.03,-2.79318615232e-14,0
254.0,-0.045,0.035,-2.24631480622e-14,0
254.0,-0.05,0.04,-1.32363605099e-14,0
254.0,-0.05,0.045,4.11729248967e-16,0
254.0,-0.045,0.04,-1.50458317372e-14,0
254.0,-0.045,0.045,-6.52305450086e-15,0
254.0,-0.05,0.05,1.46520063067e-14,0
254.0,-0.05,0.055,2.8902114568e-14,0
254.0,-0.045,0.05,2.29121385012e-15,0
254.0,-0.045,0.055,1.1008795878e-14,0
254.0,-0.05,0.06,4.28261735091e-14,0
254.0,-0.05,0.065,5.62887204029e-14,0
254.0,-0.045,0.06,1.94171453145e-14,0
254.0,-0.045,0.065,2.743364728e-14,0
254.0,-0.05,0.07,6.93688813793e-14,0
254.0,-0.05,0.075,8.23919412721e-14,0
254.0,-0.045,0.07,3.50961523635e-14,0
254.0,-0.045,0.075,4.25689860076e-14,0
254.0,-0.04,-0.075,8.93241842702e-15,0
254.0,-0.04,-0.07,5.96668566542e-15,0
254.0,-0.035,-0.075,-2.97765276502e-14,0
254.0,-0.035,-0.07,-2.69816241659e-14,0
254.0,-0.04,-0.065,2.72333592851e-15,0
254.0,-0.035,-0.065,-2.46303638497e-14,0
254.0,-0.04,-0.06,-7.98383219883e-16,0
254.0,-0.035,-0.06,-2.25757308141e-14,0
254.0,-0.04,-0.055,-4.57019485133e-15,0
254.0,-0.035,-0.055,-2.07419525601e-14,0
254.0,-0.04,-0.05,-8.52354069899e-15,0
254.0,-0.04,-0.045,-1.25297768177e-14,0
254.0,-0.035,-0.05,-1.91120598033e-14,0
254.0,-0.035,-0.045,-1.7678401322e-14,0
254.0,-0.04,-0.04,-1.63223407379e-14,0
254.0,-0.04,-0.035,-1.93730406843e-14,0
254.0,-0.035,-0.04,-1.64342413085e-14,0
254.0,-0.035,-0.035,-1.53514129632e-14,0
254.0,-0.04,-0.03,-2.15157354361e-14,0
254.0,-0.035,-0.03,-1.44160217342e-14,0
254.0,-0.04,-0.025,-2.3159287596e-14,0
254.0,-0.035,-0.025,-1.34120683018e-14,0
254.0,-0.04,-0.02,-2.42980065995e-14,0
254.0,-0.035,-0.02,-1.23326768209e-14,0
254.0,-0.04,-0.015,-2.49225820279e-14,0
254.0,-0.035,-0.015,-1.11705946096e-14,0
254.0,-0.04,-0.01,-2.50884258561e-14,0
254.0,-0.04,-0.005,-2.51159910549e-14,0
254.0,-0.035,-0.01,-9.86878472324e-15,0
254.0,-0.035,-0.005,-8.9731808208e-15,0
254.0,-0.04,0,-2.50471372686e-14,0
254.0,-0.04,0.005,-2.48512124987e-14,0
254.0,-0.035,4.16333634234e-19,-8.59909323438e-15,0
254.0,-0.035,0.005,-8.79130790957e-15,0
254.0,-0.04,0.01,-2.45854799252e-14,0
254.0,-0.04,0.015,-2.42347454871e-14,0
254.0,-0.035,0.01,-9.52275401502e-15,0
254.0,-0.035,0.015,-1.06948897541e-14,0
254.0,-0.04,0.02,-2.34906197274e-14,0
254.0,-0.04,0.025,-2.23035925833e-14,0
254.0,-0.035,0.02,-1.1794593617e-14,0
254.0,-0.035,0.025,-1.28700161308e-14,0
254.0,-0.04,0.03,-2.07040795411e-14,0
254.0,-0.04,0.035,-1.87084357806e-14,0
254.0,-0.035,0.03,-1.39507450785e-14,0
254.0,-0.035,0.035,-1.50592695416e-14,0
254.0,-0.04,0.04,-1.59984647918e-14,0
254.0,-0.04,0.045,-1.27647784526e-14,0
254.0,-0.035,0.04,-1.6495126692e-14,0
254.0,-0.035,0.045,-1.83171658679e-14,0
254.0,-0.04,0.05,-9.49930392109e-15,0
254.0,-0.04,0.055,-6.4408415797e-15,0
254.0,-0.035,0.05,-2.05134242959e-14,0
254.0,-0.035,0.055,-2.30593071346e-14,0
254.0,-0.04,0.06,-3.68855603351e-15,0
254.0,-0.04,0.065,-1.2843526196e-15,0
254.0,-0.035,0.06,-2.59325421002e-14,0
254.0,-0.035,0.065,-2.9123001071e-14,0
254.0,-0.04,0.07,7.64078085899e-16,0
254.0,-0.04,0.075,2.46441009007e-15,0
254.0,-0.035,0.07,-3.26882666302e-14,0
254.0,-0.035,0.075,-3.67705914174e-14,0
254.0,-0.03,-0.075,-6.66775867668e-14,0
254.0,-0.03,-0.07,-5.8307957918e-14,0
254.0,-0.025,-0.075,-1.00624401267e-13,0
254.0,-0.025,-0.07,-8.70970153648e-14,0
254.0,-0.03,-0.065,-5.05589244873e-14,0
254.0,-0.025,-0.065,-7.43422645414e-14,0
254.0,-0.03,-0.06,-4.31291265497e-14,0
254.0,-0.025,-0.06,-6.19480394461e-14,0
254.0,-0.03,-0.055,-3.59153036436e-14,0
254.0,-0.025,-0.055,-4.97724243043e-14,0
254.0,-0.03,-0.05,-2.89508169321e-14,0
254.0,-0.025,-0.05,-3.7925989303e-14,0
254.0,-0.03,-0.045,-2.24009392904e-14,0
254.0,-0.025,-0.045,-2.67286665909e-14,0
254.0,-0.03,-0.04,-1.65342733695e-14,0
254.0,-0.03,-0.035,-1.17749044184e-14,0
254.0,-0.025,-0.04,-1.67173338004e-14,0
254.0,-0.025,-0.035,-8.68989181259e-15,0
254.0,-0.03,-0.03,-8.00574341735e-15,0
254.0,-0.03,-0.025,-4.59033178145e-15,0
254.0,-0.025,-0.03,-2.38758529868e-15,0
254.0,-0.025,-0.025,3.17907367991e-15,0
254.0,-0.03,-0.02,-1.54336313843e-15,0
254.0,-0.025,-0.02,7.97543181518e-15,0
254.0,-0.03,-0.015,1.10324936646e-15,0
254.0,-0.025,-0.015,1.19848524929e-14,0
254.0,-0.03,-0.01,3.24419851769e-15,0
254.0,-0.025,-0.01,1.49983748688e-14,0
254.0,-0.03,-0.005,4.65373372088e-15,0
254.0,-0.025,-0.005,1.68346410499e-14,0
254.0,-0.03,0,5.1766514841e-15,0
254.0,-0.03,0.005,4.76744006636e-15,0
254.0,-0.025,4.16333634234e-19,1.74685623496e-14,0
254.0,-0.025,0.005,1.68812724379e-14,0
254.0,-0.03,0.01,3.457625614e-15,0
254.0,-0.03,0.015,1.38743137343e-15,0
254.0,-0.025,0.01,1.50875886824e-14,0
254.0,-0.025,0.015,1.2102710878e-14,0
254.0,-0.03,0.02,-1.22968174598e-15,0
254.0,-0.03,0.025,-4.29984211328e-15,0
254.0,-0.025,0.02,8.09961060218e-15,0
254.0,-0.025,0.025,3.27116719125e-15,0
254.0,-0.03,0.03,-7.80857689312e-15,0
254.0,-0.03,0.035,-1.17564779368e-14,0
254.0,-0.025,0.03,-2.38632009689e-15,0
254.0,-0.025,0.035,-8.85566095979e-15,0
254.0,-0.03,0.04,-1.68699691027e-14,0
254.0,-0.03,0.045,-2.33119812265e-14,0
254.0,-0.025,0.04,-1.72138887915e-14,0
254.0,-0.025,0.045,-2.77748744052e-14,0
254.0,-0.03,0.05,-3.06249972742e-14,0
254.0,-0.03,0.055,-3.85084788623e-14,0
254.0,-0.025,0.05,-3.971507472e-14,0
254.0,-0.025,0.055,-5.24645487784e-14,0
254.0,-0.03,0.06,-4.67649581271e-14,0
254.0,-0.03,0.065,-5.53341464922e-14,0
254.0,-0.025,0.06,-6.56698741913e-14,0
254.0,-0.025,0.065,-7.91909489365e-14,0
254.0,-0.03,0.07,-6.43005458517e-14,0
254.0,-0.03,0.075,-7.39628112892e-14,0
254.0,-0.025,0.07,-9.31503885733e-14,0
254.0,-0.025,0.075,-1.07956086593e-13,0
254.0,-0.02,-0.075,-1.30585511656e-13,0
254.0,-0.02,-0.07,-1.12477253765e-13,0
254.0,-0.015,-0.075,-1.55572492382e-13,0
254.0,-0.015,-0.07,-1.33678206719e-13,0
254.0,-0.02,-0.065,-9.53107138258e-14,0
254.0,-0.015,-0.065,-1.12843120305e-13,0
254.0,-0.02,-0.06,-7.85387224003e-14,0
254.0,-0.015,-0.06,-9.24576155915e-14,0
254.0,-0.02,-0.055,-6.20137854251e-14,0
254.0,-0.015,-0.055,-7.23411106219e-14,0
254.0,-0.02,-0.05,-4.58942233412e-14,0
254.0,-0.015,-0.05,-5.27135138428e-14,0
254.0,-0.02,-0.045,-3.06433841609e-14,0
254.0,-0.015,-0.045,-3.41351153591e-14,0
254.0,-0.02,-0.04,-1.70171901753e-14,0
254.0,-0.015,-0.04,-1.75040295139e-14,0
254.0,-0.02,-0.035,-6.10827845747e-15,0
254.0,-0.015,-0.035,-4.12516263842e-15,0
254.0,-0.02,-0.03,2.37186658234e-15,0
254.0,-0.02,-0.025,9.76062183614e-15,0
254.0,-0.015,-0.03,6.23492894259e-15,0
254.0,-0.015,-0.025,1.51007509369e-14,0
254.0,-0.02,-0.02,1.59810074146e-14,0
254.0,-0.02,-0.015,2.10122214591e-14,0
254.0,-0.015,-0.02,2.23084969453e-14,0
254.0,-0.015,-0.015,2.77061537689e-14,0
254.0,-0.02,-0.01,2.463833213e-14,0
254.0,-0.015,-0.01,3.10851801362e-14,0
254.0,-0.02,-0.005,2.66776520549e-14,0
254.0,-0.015,-0.005,3.26802166843e-14,0
254.0,-0.02,0,2.73018377846e-14,0
254.0,-0.015,4.16333634234e-19,3.30669581508e-14,0
254.0,-0.02,0.005,2.66442796853e-14,0
254.0,-0.015,0.005,3.25218121978e-14,0
254.0,-0.02,0.01,2.45866214103e-14,0
254.0,-0.02,0.015,2.09553370961e-14,0
254.0,-0.015,0.01,3.08290079088e-14,0
254.0,-0.015,0.015,2.74168738173e-14,0
254.0,-0.02,0.02,1.5927434904e-14,0
254.0,-0.02,0.025,9.69453748273e-15,0
254.0,-0.015,0.02,2.20529454161e-14,0
254.0,-0.015,0.025,1.48991003912e-14,0
254.0,-0.02,0.03,2.24628085485e-15,0
254.0,-0.02,0.035,-6.36183806836e-15,0
254.0,-0.015,0.03,6.04849042882e-15,0
254.0,-0.015,0.035,-4.35738642688e-15,0
254.0,-0.02,0.04,-1.75504794508e-14,0
254.0,-0.02,0.045,-3.16795546819e-14,0
254.0,-0.015,0.04,-1.79258534449e-14,0
254.0,-0.015,0.045,-3.50029417728e-14,0
254.0,-0.02,0.05,-4.76353296882e-14,0
254.0,-0.02,0.055,-6.46272955169e-14,0
254.0,-0.015,0.05,-5.42426352951e-14,0
254.0,-0.015,0.055,-7.47043213205e-14,0
254.0,-0.02,0.06,-8.21546146347e-14,0
254.0,-0.02,0.065,-1.00026897239e-13,0
254.0,-0.015,0.06,-9.57862698522e-14,0
254.0,-0.015,0.065,-1.17233864157e-13,0
254.0,-0.02,0.07,-1.18369458573e-13,0
254.0,-0.02,0.075,-1.37723737411e-13,0
254.0,-0.015,0.07,-1.39203041206e-13,0
254.0,-0.015,0.075,-1.62293692543e-13,0
254.0,-0.01,-0.075,-1.74814702441e-13,0
254.0,-0.01,-0.07,-1.50013298197e-13,0
254.0,-0.005,-0.075,-1.87606458591e-13,0
254.0,-0.005,-0.07,-1.60950602779e-13,0
254.0,-0.01,-0.065,-1.26409641171e-13,0
254.0,-0.005,-0.065,-1.35558354388e-13,0
254.0,-0.01,-0.06,-1.03291353828e-13,0
254.0,-0.005,-0.06,-1.10704305081e-13,0
254.0,-0.01,-0.055,-8.04837047061e-14,0
254.0,-0.005,-0.055,-8.6182940085e-14,0
254.0,-0.01,-0.05,-5.82274367392e-14,0
254.0,-0.005,-0.05,-6.22685946754e-14,0
254.0,-0.01,-0.045,-3.71636826549e-14,0
254.0,-0.005,-0.045,-3.9637421118e-14,0
254.0,-0.01,-0.04,-1.82968061679e-14,0
254.0,-0.005,-0.04,-1.93391510697e-14,0
254.0,-0.01,-0.035,-3.00622025494e-15,0
254.0,-0.005,-0.035,-2.77571608645e-15,0
254.0,-0.01,-0.03,8.90639446124e-15,0
254.0,-0.005,-0.03,1.0175706647e-14,0
254.0,-0.01,-0.025,1.88411469031e-14,0
254.0,-0.005,-0.025,2.05986684987e-14,0
254.0,-0.01,-0.02,2.65589645514e-14,0
254.0,-0.01,-0.015,3.16503858897e-14,0
254.0,-0.005,-0.02,2.83326897753e-14,0
254.0,-0.005,-0.015,3.28494260511e-14,0
254.0,-0.0117873230072,-0.0115873794689,3.26514863746e-14,0
254.0,-0.00939961996336,-0.005,3.27933849949e-14,0
254.0,-0.00792797428371,-0.00964253216809,3.35413636219e-14,0
254.0,-0.005,-0.00939961996336,3.21892192107e-14,0
254.0,-0.0108753492546,-0.00150606400588,3.30995495487e-14,0
254.0,-0.00818101620308,-0.00211452602544,2.96018203514e-14,0
254.0,-0.00651817360753,-0.000255934956239,2.3206588944e-14,0
254.0,-0.005,6.71033969428e-08,1.14892382295e-14,0
254.0,-0.0107292118043,0.00160660295843,3.29292404906e-14,0
254.0,-0.0080188992252,0.000768320427092,2.85022390201e-14,0
254.0,-0.00939946851065,0.005,3.25597474111e-14,0
254.0,-0.00802129342231,0.00264911934363,2.95495589262e-14,0
254.0,-0.00887989370213,0.00887989479405,3.32207492293e-14,0
254.0,-0.01,0.015,3.11846695304e-14,0
254.0,-0.005,0.00939947397025,3.18414358322e-14,0
254.0,-0.005,0.015,3.24679441471e-14,0
254.0,-0.01,0.02,2.62021708849e-14,0
254.0,-0.01,0.025,1.8655445738e-14,0
254.0,-0.005,0.02,2.81668475593e-14,0
254.0,-0.005,0.025,2.07725743195e-14,0
254.0,-0.01,0.03,8.85425791385e-15,0
254.0,-0.01,0.035,-2.99543890468e-15,0
254.0,-0.005,0.03,1.06112523975e-14,0
254.0,-0.005,0.035,-2.27414835119e-15,0
254.0,-0.01,0.04,-1.84230521899e-14,0
254.0,-0.01,0.045,-3.7703801892e-14,0
254.0,-0.005,0.04,-1.90278695427e-14,0
254.0,-0.005,0.045,-3.9724840794e-14,0
254.0,-0.01,0.05,-5.93920724762e-14,0
254.0,-0.01,0.055,-8.24419036379e-14,0
254.0,-0.005,0.05,-6.2944775865e-14,0
254.0,-0.005,0.055,-8.76103620347e-14,0
254.0,-0.01,0.06,-1.06172261429e-13,0
254.0,-0.01,0.065,-1.30306577589e-13,0
254.0,-0.005,0.06,-1.13008853203e-13,0
254.0,-0.005,0.065,-1.38828113038e-13,0
254.0,-0.01,0.07,-1.54991710239e-13,0
254.0,-0.01,0.075,-1.80926514599e-13,0
254.0,-0.005,0.07,-1.65242527144e-13,0
254.0,-0.005,0.075,-1.92958693748e-13,0
254.0,0,-0.075,-1.93534004152e-13,0
254.0,0,-0.07,-1.66075744171e-13,0
254.0,0.005,-0.075,-1.92269982981e-13,0
254.0,0.005,-0.07,-1.65169230722e-13,0
254.0,0,-0.065,-1.3996595233e-13,0
254.0,0.005,-0.065,-1.39417139984e-13,0
254.0,0,-0.06,-1.14416968091e-13,0
254.0,0.005,-0.06,-1.14260843095e-13,0
254.0,0,-0.055,-8.92324289972e-14,0
254.0,0.005,-0.055,-8.94731923585e-14,0
254.0,0,-0.05,-6.46729636497e-14,0
254.0,0.005,-0.05,-6.5311592319e-14,0
254.0,0,-0.045,-4.14297466191e-14,0
254.0,0.005,-0.045,-4.24391896256e-14,0
254.0,0,-0.04,-2.05728464076e-14,0
254.0,0.005,-0.04,-2.19082649474e-14,0
254.0,0,-0.035,-3.48356831057e-15,0
254.0,0.005,-0.035,-5.19557249725e-15,0
254.0,0,-0.03,9.89382963829e-15,0
254.0,0.005,-0.03,7.86766714172e-15,0
254.0,0,-0.025,2.04922106882e-14,0
254.0,0.005,-0.025,1.85756278205e-14,0
254.0,0,-0.02,2.81986792743e-14,0
254.0,0.005,-0.02,2.67736144668e-14,0
254.0,0,-0.015,3.25824062855e-14,0
254.0,0.005,-0.015,3.21126742681e-14,0
254.0,-0.0021196717084,-0.00776771017156,2.75375424545e-14,0
254.0,-0.00084550708518,-0.00631514607954,2.15232787435e-14,0
254.0,6.71033969406e-08,-0.005,1.18450089719e-14,0
254.0,-0.00139054260708,-0.0110960807567,3.2157938574e-14,0
254.0,0.00132468676756,-0.00775008274642,2.69886918664e-14,0
254.0,0.00160394440688,-0.0116908851489,3.24908531929e-14,0
254.0,0.005,-0.00939946851065,3.24351830791e-14,0
254.0,0.005,0.005,2.5898787113e-14,0
254.0,-0.000107646311398,0.00617659695633,2.05445690767e-14,0
254.0,-0.00190846935279,0.0076427502668,2.68213799419e-14,0
254.0,0.00131146485568,0.00777290068297,2.65381589761e-14,0
254.0,0.00295884413402,0.00640276348073,2.47114054736e-14,0
254.0,-1.21517769428e-05,0.0108932602996,3.14572921089e-14,0
254.0,0,0.015,3.23654201549e-14,0
254.0,0.005,0.00939942566771,3.18566832767e-14,0
254.0,0.005,0.015,3.20425906369e-14,0
254.0,0,0.02,2.83631950311e-14,0
254.0,0,0.025,2.11465807753e-14,0
254.0,0.005,0.02,2.72361658289e-14,0
254.0,0.005,0.025,1.9549116745e-14,0
254.0,0,0.03,1.08980123211e-14,0
254.0,0,0.035,-2.47509942659e-15,0
254.0,0.005,0.03,9.21066570361e-15,0
254.0,0.005,0.035,-3.73424395512e-15,0
254.0,0,0.04,-1.97690854342e-14,0
254.0,0,0.045,-4.09837884548e-14,0
254.0,0.005,0.04,-2.05685940639e-14,0
254.0,0.005,0.045,-4.1410596256e-14,0
254.0,0,0.05,-6.47733056788e-14,0
254.0,0,0.055,-9.00412301049e-14,0
254.0,0.005,0.05,-6.47881161265e-14,0
254.0,0.005,0.055,-8.96194955378e-14,0
254.0,0,0.06,-1.160573155e-13,0
254.0,0,0.065,-1.42519725422e-13,0
254.0,0.005,0.06,-1.15197082952e-13,0
254.0,0.005,0.065,-1.41217458088e-13,0
254.0,0,0.07,-1.69589208378e-13,0
254.0,0,0.075,-1.98029486693e-13,0
254.0,0.005,0.07,-1.67867650174e-13,0
254.0,0.005,0.075,-1.95871389248e-13,0
254.0,0.01,-0.075,-1.83821745919e-13,0
254.0,0.01,-0.07,-1.58154678511e-13,0
254.0,0.015,-0.075,-1.68300613506e-13,0
254.0,0.015,-0.07,-1.45169117286e-13,0
254.0,0.01,-0.065,-1.33852009562e-13,0
254.0,0.015,-0.065,-1.23334161888e-13,0
254.0,0.01,-0.06,-1.1014783687e-13,0
254.0,0.015,-0.06,-1.02114290615e-13,0
254.0,0.01,-0.055,-8.68273405555e-14,0
254.0,0.015,-0.055,-8.12722948757e-14,0
254.0,0.01,-0.05,-6.40972968122e-14,0
254.0,0.015,-0.05,-6.09804058893e-14,0
254.0,0.01,-0.045,-4.25743115794e-14,0
254.0,0.015,-0.045,-4.17542004774e-14,0
254.0,0.01,-0.04,-2.32632020893e-14,0
254.0,0.015,-0.04,-2.44600253838e-14,0
254.0,0.01,-0.035,-7.61006635812e-15,0
254.0,0.015,-0.035,-1.03798159263e-14,0
254.0,0.01,-0.03,4.69035035454e-15,0
254.0,0.015,-0.03,8.05510186005e-16,0
254.0,0.01,-0.025,1.52143941966e-14,0
254.0,0.015,-0.025,1.06413396946e-14,0
254.0,0.01,-0.02,2.38059415461e-14,0
254.0,0.01,-0.015,3.0373052571e-14,0
254.0,0.015,-0.02,1.91050240992e-14,0
254.0,0.015,-0.015,2.64023006698e-14,0
254.0,0.00999280436795,-0.0116358337096,3.32714430297e-14,0
254.0,0.0105889214373,-0.00845762197625,3.47543888544e-14,0
254.0,0.015,-0.01,3.20775638378e-14,0
254.0,0.00939947397025,-0.005,3.48545637388e-14,0
254.0,0.015,-0.005,3.55459326298e-14,0
254.0,0.00658051136513,-0.00296146438142,2.8485464312e-14,0
254.0,0.00636794669772,-3.54305826484e-06,2.45959835466e-14,0
254.0,0.00795807888052,-0.00113999998936,3.15803603111e-14,0
254.0,0.00758147027913,0.00183630393596,3.04414784621e-14,0
254.0,0.0112534647756,-1.47536350887e-07,3.68744054498e-14,0
254.0,0.015,4.16333634234e-19,3.68702895661e-14,0
254.0,0.00939942566771,0.005,3.43751671693e-14,0
254.0,0.015,0.005,3.54781126284e-14,0
254.0,0.00999018807453,0.0109670628501,3.34781913915e-14,0
254.0,0.01,0.015,3.05916224848e-14,0
254.0,0.015,0.01,3.2267012296e-14,0
254.0,0.015,0.015,2.70612476871e-14,0
254.0,0.01,0.02,2.45993605502e-14,0
254.0,0.01,0.025,1.64807917949e-14,0
254.0,0.015,0.02,2.02579439568e-14,0
254.0,0.015,0.025,1.22371115094e-14,0
254.0,0.01,0.03,6.3190318043e-15,0
254.0,0.01,0.035,-5.75364353816e-15,0
254.0,0.015,0.03,2.77973556024e-15,0
254.0,0.015,0.035,-8.11374628413e-15,0
254.0,0.01,0.04,-2.13985752974e-14,0
254.0,0.01,0.045,-4.09591225495e-14,0
254.0,0.015,0.04,-2.20948827723e-14,0
254.0,0.015,0.045,-3.95857587141e-14,0
254.0,0.01,0.05,-6.29484965954e-14,0
254.0,0.01,0.055,-8.63169512098e-14,0
254.0,0.015,0.05,-5.92523255217e-14,0
254.0,0.015,0.055,-8.01634897478e-14,0
254.0,0.01,0.06,-1.10392822321e-13,0
254.0,0.01,0.065,-1.34916964965e-13,0
254.0,0.015,0.06,-1.01735185358e-13,0
254.0,0.015,0.065,-1.23737627095e-13,0
254.0,0.01,0.07,-1.60059890777e-13,0
254.0,0.01,0.075,-1.8655413307e-13,0
254.0,0.015,0.07,-1.46360759618e-13,0
254.0,0.015,0.075,-1.70250463021e-13,0
254.0,0.02,-0.075,-1.46156586206e-13,0
254.0,0.02,-0.07,-1.26502947811e-13,0
254.0,0.025,-0.075,-1.17954783175e-13,0
254.0,0.025,-0.07,-1.02654247122e-13,0
254.0,0.02,-0.065,-1.08087870024e-13,0
254.0,0.025,-0.065,-8.84619653591e-14,0
254.0,0.02,-0.06,-9.02780373109e-14,0
254.0,0.025,-0.06,-7.48770618161e-14,0
254.0,0.02,-0.055,-7.28612483424e-14,0
254.0,0.025,-0.055,-6.1691069861e-14,0
254.0,0.02,-0.05,-5.59336492448e-14,0
254.0,0.025,-0.05,-4.89541302725e-14,0
254.0,0.02,-0.045,-3.98912373752e-14,0
254.0,0.025,-0.045,-3.69005171895e-14,0
254.0,0.02,-0.04,-2.54014759955e-14,0
254.0,0.025,-0.04,-2.5946720919e-14,0
254.0,0.02,-0.035,-1.34559857688e-14,0
254.0,0.025,-0.035,-1.67245506165e-14,0
254.0,0.02,-0.03,-3.81317323355e-15,0
254.0,0.025,-0.03,-9.07691949736e-15,0
254.0,0.02,-0.025,4.81845174061e-15,0
254.0,0.025,-0.025,-2.15186710192e-15,0
254.0,0.02,-0.02,1.24985189563e-14,0
254.0,0.025,-0.02,4.05399828508e-15,0
254.0,0.02,-0.015,1.94801054777e-14,0
254.0,0.025,-0.015,9.6712326697e-15,0
254.0,0.02,-0.01,2.53380445308e-14,0
254.0,0.025,-0.01,1.42425795734e-14,0
254.0,0.02,-0.005,2.90448297233e-14,0
254.0,0.025,-0.005,1.73939656309e-14,0
254.0,0.02,0,3.03899365908e-14,0
254.0,0.025,4.16333634234e-19,1.87288537519e-14,0
254.0,0.02,0.005,2.92469048075e-14,0
254.0,0.025,0.005,1.7626910958e-14,0
254.0,0.02,0.01,2.58929946917e-14,0
254.0,0.025,0.01,1.48642202934e-14,0
254.0,0.02,0.015,2.04894699591e-14,0
254.0,0.025,0.015,1.08187771536e-14,0
254.0,0.02,0.02,1.39515906905e-14,0
254.0,0.02,0.025,6.71426017735e-15,0
254.0,0.025,0.02,5.6882812011e-15,0
254.0,0.025,0.025,-3.21962418061e-17,0
254.0,0.02,0.03,-1.49320106359e-15,0
254.0,0.02,0.035,-1.07699419488e-14,0
254.0,0.025,0.03,-6.45554048408e-15,0
254.0,0.025,0.035,-1.36497139173e-14,0
254.0,0.02,0.04,-2.25617836545e-14,0
254.0,0.02,0.045,-3.72336057525e-14,0
254.0,0.025,0.04,-2.26969976616e-14,0
254.0,0.025,0.045,-3.38717729791e-14,0
254.0,0.02,0.05,-5.37202538154e-14,0
254.0,0.02,0.055,-7.1264476215e-14,0
254.0,0.025,0.05,-4.64051568371e-14,0
254.0,0.025,0.055,-5.9770811965e-14,0
254.0,0.02,0.06,-8.939500307e-14,0
254.0,0.02,0.065,-1.07955388034e-13,0
254.0,0.025,0.06,-7.36566793043e-14,0
254.0,0.025,0.065,-8.79606835679e-14,0
254.0,0.02,0.07,-1.27111920224e-13,0
254.0,0.02,0.075,-1.47462848957e-13,0
254.0,0.025,0.07,-1.02851491158e-13,0
254.0,0.025,0.075,-1.18797330219e-13,0
254.0,0.03,-0.075,-8.45609594485e-14,0
254.0,0.03,-0.07,-7.42713047087e-14,0
254.0,0.035,-0.075,-4.69548869854e-14,0
254.0,0.035,-0.07,-4.21793293392e-14,0
254.0,0.03,-0.065,-6.49576536579e-14,0
254.0,0.035,-0.065,-3.81969684853e-14,0
254.0,0.03,-0.06,-5.62322371136e-14,0
254.0,0.035,-0.06,-3.47844160874e-14,0
254.0,0.03,-0.055,-4.79325699655e-14,0
254.0,0.035,-0.055,-3.18174454722e-14,0
254.0,0.03,-0.05,-4.00433067041e-14,0
254.0,0.035,-0.05,-2.9245271588e-14,0
254.0,0.03,-0.045,-3.26672166705e-14,0
254.0,0.035,-0.045,-2.70339010418e-14,0
254.0,0.03,-0.04,-2.59454455756e-14,0
254.0,0.035,-0.04,-2.51179478275e-14,0
254.0,0.03,-0.035,-2.00442413367e-14,0
254.0,0.035,-0.035,-2.32187859795e-14,0
254.0,0.03,-0.03,-1.48485318857e-14,0
254.0,0.035,-0.03,-2.09469143383e-14,0
254.0,0.03,-0.025,-1.00871522647e-14,0
254.0,0.035,-0.025,-1.87617052634e-14,0
254.0,0.03,-0.02,-5.86841569594e-15,0
254.0,0.035,-0.02,-1.68768965537e-14,0
254.0,0.03,-0.015,-2.12572743492e-15,0
254.0,0.035,-0.015,-1.51033122147e-14,0
254.0,0.03,-0.01,9.38864940681e-16,0
254.0,0.035,-0.01,-1.35544414671e-14,0
254.0,0.03,-0.005,3.25769586621e-15,0
254.0,0.035,-0.005,-1.2232890536e-14,0
254.0,0.03,0,4.33695359511e-15,0
254.0,0.035,4.16333634234e-19,-1.1492226219e-14,0
254.0,0.03,0.005,3.55569133922e-15,0
254.0,0.035,0.005,-1.17987012024e-14,0
254.0,0.03,0.01,1.63692796083e-15,0
254.0,0.035,0.01,-1.26592416671e-14,0
254.0,0.03,0.015,-9.0432578714e-16,0
254.0,0.035,0.015,-1.36939357495e-14,0
254.0,0.03,0.02,-4.12055153299e-15,0
254.0,0.035,0.02,-1.49557445331e-14,0
254.0,0.03,0.025,-7.82423453388e-15,0
254.0,0.035,0.025,-1.63730698384e-14,0
254.0,0.03,0.03,-1.1992298664e-14,0
254.0,0.03,0.035,-1.66373112066e-14,0
254.0,0.035,0.03,-1.79328125662e-14,0
254.0,0.035,0.035,-1.96307869085e-14,0
254.0,0.03,0.04,-2.24209257356e-14,0
254.0,0.03,0.045,-2.94691028792e-14,0
254.0,0.035,0.04,-2.16335121864e-14,0
254.0,0.035,0.045,-2.39896126566e-14,0
254.0,0.03,0.05,-3.73790452058e-14,0
254.0,0.03,0.055,-4.58994858312e-14,0
254.0,0.035,0.05,-2.67384858312e-14,0
254.0,0.035,0.055,-2.99011912018e-14,0
254.0,0.03,0.06,-5.4873390875e-14,0
254.0,0.03,0.065,-6.42802866231e-14,0
254.0,0.035,0.06,-3.3492803161e-14,0
254.0,0.035,0.065,-3.7536882317e-14,0
254.0,0.03,0.07,-7.42493295312e-14,0
254.0,0.03,0.075,-8.51403420378e-14,0
254.0,0.035,0.07,-4.21312999245e-14,0
254.0,0.035,0.075,-4.74724077925e-14,0
254.0,0.04,-0.075,-6.32485188571e-15,0
254.0,0.04,-0.07,-7.32522137496e-15,0
254.0,0.045,-0.075,3.60681435762e-14,0
254.0,0.045,-0.07,2.9245960065e-14,0
254.0,0.04,-0.065,-8.92845402215e-15,0
254.0,0.045,-0.065,2.2015359699e-14,0
254.0,0.04,-0.06,-1.10711185325e-14,0
254.0,0.045,-0.06,1.42675426412e-14,0
254.0,0.04,-0.055,-1.36858150084e-14,0
254.0,0.045,-0.055,6.01540025104e-15,0
254.0,0.04,-0.05,-1.66776229873e-14,0
254.0,0.045,-0.05,-2.61337223929e-15,0
254.0,0.04,-0.045,-1.98993177155e-14,0
254.0,0.045,-0.045,-1.13630293794e-14,0
254.0,0.04,-0.04,-2.30639654604e-14,0
254.0,0.045,-0.04,-1.98384190182e-14,0
254.0,0.04,-0.035,-2.56311321377e-14,0
254.0,0.045,-0.035,-2.73991452241e-14,0
254.0,0.04,-0.03,-2.72571426017e-14,0
254.0,0.045,-0.03,-3.34565526297e-14,0
254.0,0.04,-0.025,-2.82498481865e-14,0
254.0,0.045,-0.025,-3.81782082005e-14,0
254.0,0.04,-0.02,-2.88073101275e-14,0
254.0,0.045,-0.02,-4.14032584536e-14,0
254.0,0.04,-0.015,-2.90615506827e-14,0
254.0,0.045,-0.015,-4.38203972195e-14,0
254.0,0.04,-0.01,-2.90489000078e-14,0
254.0,0.045,-0.01,-4.54788966646e-14,0
254.0,0.04,-0.005,-2.87466371607e-14,0
254.0,0.045,-0.005,-4.62972674385e-14,0
254.0,0.04,0,-2.83663629644e-14,0
254.0,0.045,4.16333634234e-19,-4.63539820409e-14,0
254.0,0.04,0.005,-2.81552525269e-14,0
254.0,0.045,0.005,-4.55235223478e-14,0
254.0,0.04,0.01,-2.78970023173e-14,0
254.0,0.045,0.01,-4.40425763276e-14,0
254.0,0.04,0.015,-2.73486075163e-14,0
254.0,0.045,0.015,-4.17697238417e-14,0
254.0,0.04,0.02,-2.65356049127e-14,0
254.0,0.045,0.02,-3.87114762417e-14,0
254.0,0.04,0.025,-2.54539021122e-14,0
254.0,0.045,0.025,-3.49001007116e-14,0
254.0,0.04,0.03,-2.40939012681e-14,0
254.0,0.045,0.03,-3.02832935234e-14,0
254.0,0.04,0.035,-2.2455644716e-14,0
254.0,0.045,0.035,-2.489614546e-14,0
254.0,0.04,0.04,-2.01673548013e-14,0
254.0,0.04,0.045,-1.73606547943e-14,0
254.0,0.045,0.04,-1.76928703734e-14,0
254.0,0.045,0.045,-9.45048269307e-15,0
254.0,0.04,0.05,-1.45729068526e-14,0
254.0,0.04,0.055,-1.20841282138e-14,0
254.0,0.045,0.05,-1.01993392218e-15,0
254.0,0.045,0.055,7.19371591282e-15,0
254.0,0.04,0.06,-1.00215197229e-14,0
254.0,0.04,0.065,-8.45412986681e-15,0
254.0,0.045,0.06,1.49613428482e-14,0
254.0,0.045,0.065,2.21829000907e-14,0
254.0,0.04,0.07,-7.42123380066e-15,0
254.0,0.04,0.075,-6.95961424905e-15,0
254.0,0.045,0.07,2.88755717961e-14,0
254.0,0.045,0.075,3.51740412617e-14,0
254.0,0.05,-0.075,7.8927919633e-14,0
254.0,0.05,-0.07,6.6464254453e-14,0
254.0,0.055,-0.075,1.21006900537e-13,0
254.0,0.055,-0.07,1.03325936429e-13,0
254.0,0.05,-0.065,5.37645629995e-14,0
254.0,0.055,-0.065,8.54995979505e-14,0
254.0,0.05,-0.06,4.05405971598e-14,0
254.0,0.055,-0.06,6.70731577251e-14,0
254.0,0.05,-0.055,2.67459525967e-14,0
254.0,0.055,-0.055,4.79482101871e-14,0
254.0,0.05,-0.05,1.25459835016e-14,0
254.0,0.055,-0.05,2.83190474359e-14,0
254.0,0.05,-0.045,-1.71488110889e-15,0
254.0,0.055,-0.045,8.62947216808e-15,0
254.0,0.05,-0.04,-1.55113906514e-14,0
254.0,0.055,-0.04,-1.05035763177e-14,0
254.0,0.05,-0.035,-2.81747268914e-14,0
254.0,0.055,-0.035,-2.83470385032e-14,0
254.0,0.05,-0.03,-3.90723223486e-14,0
254.0,0.055,-0.03,-4.42380563364e-14,0
254.0,0.05,-0.025,-4.79521454553e-14,0
254.0,0.055,-0.025,-5.77005170191e-14,0
254.0,0.05,-0.02,-5.47423592594e-14,0
254.0,0.055,-0.02,-6.85354911847e-14,0
254.0,0.05,-0.015,-5.98751066581e-14,0
254.0,0.055,-0.015,-7.68745026255e-14,0
254.0,0.05,-0.01,-6.35001764221e-14,0
254.0,0.055,-0.01,-8.27786990144e-14,0
254.0,0.05,-0.005,-6.5570143677e-14,0
254.0,0.055,-0.005,-8.61982633139e-14,0
254.0,0.05,0,-6.60001273706e-14,0
254.0,0.055,4.16333634234e-19,-8.70398397205e-14,0
254.0,0.05,0.005,-6.46750623154e-14,0
254.0,0.055,0.005,-8.5247985515e-14,0
254.0,0.05,0.01,-6.18255506155e-14,0
254.0,0.055,0.01,-8.09918245666e-14,0
254.0,0.05,0.015,-5.75292403908e-14,0
254.0,0.055,0.015,-7.44146285662e-14,0
254.0,0.05,0.02,-5.18092101424e-14,0
254.0,0.055,0.02,-6.55970890746e-14,0
254.0,0.05,0.025,-4.46803064749e-14,0
254.0,0.055,0.025,-5.46103439837e-14,0
254.0,0.05,0.03,-3.61006539682e-14,0
254.0,0.055,0.03,-4.14954188434e-14,0
254.0,0.05,0.035,-2.59286477722e-14,0
254.0,0.055,0.035,-2.62612738585e-14,0
254.0,0.05,0.04,-1.3770637581e-14,0
254.0,0.055,0.04,-8.95442595037e-15,0
254.0,0.05,0.045,-2.76565960436e-16,0
254.0,0.055,0.045,9.77881132156e-15,0
254.0,0.05,0.05,1.36734319572e-14,0
254.0,0.05,0.055,2.74913655297e-14,0
254.0,0.055,0.05,2.90909289968e-14,0
254.0,0.055,0.055,4.83088926119e-14,0
254.0,0.05,0.06,4.0833888124e-14,0
254.0,0.05,0.065,5.3558853884e-14,0
254.0,0.055,0.06,6.6973897004e-14,0
254.0,0.055,0.065,8.48999580626e-14,0
254.0,0.05,0.07,6.57366002499e-14,0
254.0,0.05,0.075,7.76791581375e-14,0
254.0,0.055,0.07,1.02202476409e-13,0
254.0,0.055,0.075,1.19352021861e-13,0
254.0,0.06,-0.075,1.61296038174e-13,0
254.0,0.06,-0.07,1.39005946788e-13,0
254.0,0.065,-0.075,1.99060451245e-13,0
254.0,0.065,-0.07,1.73012192643e-13,0
254.0,0.06,-0.065,1.16554800417e-13,0
254.0,0.065,-0.065,1.46565399557e-13,0
254.0,0.06,-0.06,9.33138682256e-14,0
254.0,0.065,-0.06,1.18945799359e-13,0
254.0,0.06,-0.055,6.91345550337e-14,0
254.0,0.065,-0.055,9.0007468337e-14,0
254.0,0.06,-0.05,4.42621598699e-14,0
254.0,0.065,-0.05,6.00582774075e-14,0
254.0,0.06,-0.045,1.9225351854e-14,0
254.0,0.065,-0.045,2.97503313423e-14,0
254.0,0.06,-0.04,-5.24470596101e-15,0
254.0,0.065,-0.04,-6.39310855423e-17,0
254.0,0.06,-0.035,-2.83390453975e-14,0
254.0,0.065,-0.035,-2.84434929877e-14,0
254.0,0.06,-0.03,-4.92860276092e-14,0
254.0,0.065,-0.03,-5.44853310883e-14,0
254.0,0.06,-0.025,-6.74746532226e-14,0
254.0,0.065,-0.025,-7.7419670332e-14,0
254.0,0.06,-0.02,-8.25154119852e-14,0
254.0,0.065,-0.02,-9.66758068224e-14,0
254.0,0.06,-0.015,-9.42660478675e-14,0
254.0,0.065,-0.015,-1.11871197487e-13,0
254.0,0.06,-0.01,-1.02625464853e-13,0
254.0,0.065,-0.01,-1.22763592648e-13,0
254.0,0.06,-0.005,-1.07508827805e-13,0
254.0,0.065,-0.005,-1.291702534e-13,0
254.0,0.06,0,-1.08822273445e-13,0
254.0,0.065,4.16333634234e-19,-1.31000434496e-13,0
254.0,0.06,0.005,-1.06562147617e-13,0
254.0,0.065,0.005,-1.2824551469e-13,0
254.0,0.06,0.01,-1.0084249965e-13,0
254.0,0.065,0.01,-1.21023361098e-13,0
254.0,0.06,0.015,-9.18359721915e-14,0
254.0,0.065,0.015,-1.09516592201e-13,0
254.0,0.06,0.02,-7.96956065313e-14,0
254.0,0.065,0.02,-9.39779373664e-14,0
254.0,0.06,0.025,-6.46011595591e-14,0
254.0,0.065,0.025,-7.46955895363e-14,0
254.0,0.06,0.03,-4.67302842721e-14,0
254.0,0.065,0.03,-5.20414128271e-14,0
254.0,0.06,0.035,-2.63296084228e-14,0
254.0,0.065,0.035,-2.64831334203e-14,0
254.0,0.06,0.04,-3.78379433889e-15,0
254.0,0.065,0.04,1.34217827456e-15,0
254.0,0.06,0.045,2.01986817198e-14,0
254.0,0.065,0.045,3.06015529045e-14,0
254.0,0.06,0.05,4.47732947988e-14,0
254.0,0.065,0.05,6.0365713866e-14,0
254.0,0.06,0.055,6.91727258008e-14,0
254.0,0.065,0.055,8.97722456601e-14,0
254.0,0.06,0.06,9.28537198162e-14,0
254.0,0.06,0.065,1.1557092466e-13,0
254.0,0.065,0.06,1.18159909095e-13,0
254.0,0.065,0.065,1.45219359186e-13,0
254.0,0.06,0.07,1.37480724061e-13,0
254.0,0.06,0.075,1.59220682727e-13,0
254.0,0.065,0.07,1.71098811212e-13,0
254.0,0.065,0.075,1.96574315606e-13,0
254.0,0.07,-0.075,2.34193969295e-13,0
254.0,0.07,-0.07,2.0537347784e-13,0
254.0,0.075,-0.075,2.67306464936e-13,0
254.0,0.075,-0.07,2.36861100849e-13,0
254.0,0.07,-0.065,1.75598521666e-13,0
254.0,0.075,-0.065,2.04346595064e-13,0
254.0,0.07,-0.06,1.44022776996e-13,0
254.0,0.075,-0.06,1.69080600808e-13,0
254.0,0.07,-0.055,1.10546395487e-13,0
254.0,0.075,-0.055,1.31103585692e-13,0
254.0,0.07,-0.05,7.56117478894e-14,0
254.0,0.075,-0.05,9.10965143415e-14,0
254.0,0.07,-0.045,4.00249251302e-14,0
254.0,0.075,-0.045,5.00465240037e-14,0
254.0,0.07,-0.04,4.80565005852e-15,0
254.0,0.075,-0.04,9.19978591511e-15,0
254.0,0.07,-0.035,-2.89399393728e-14,0
254.0,0.075,-0.035,-3.01326045405e-14,0
254.0,0.07,-0.03,-6.01393409766e-14,0
254.0,0.075,-0.03,-6.66860920708e-14,0
254.0,0.07,-0.025,-8.7849959335e-14,0
254.0,0.075,-0.025,-9.93009420944e-14,0
254.0,0.07,-0.02,-1.11307682667e-13,0
254.0,0.075,-0.02,-1.27062444445e-13,0
254.0,0.07,-0.015,-1.29956290602e-13,0
254.0,0.075,-0.015,-1.49199760484e-13,0
254.0,0.07,-0.01,-1.43386466623e-13,0
254.0,0.075,-0.01,-1.65230399756e-13,0
254.0,0.07,-0.005,-1.51351235174e-13,0
254.0,0.075,-0.005,-1.74752975639e-13,0
254.0,0.07,0,-1.53698882493e-13,0
254.0,0.075,0,-1.77640946207e-13,0
254.0,0.07,0.005,-1.50436749633e-13,0
254.0,0.075,0.005,-1.73818146819e-13,0
254.0,0.07,0.01,-1.41668390526e-13,0
254.0,0.075,0.01,-1.63476903686e-13,0
254.0,0.07,0.015,-1.27640910773e-13,0
254.0,0.075,0.015,-1.46844103143e-13,0
254.0,0.07,0.02,-1.08669149221e-13,0
254.0,0.075,0.02,-1.24388029571e-13,0
254.0,0.07,0.025,-8.51932969179e-14,0
254.0,0.075,0.025,-9.66169743026e-14,0
254.0,0.07,0.03,-5.77448246085e-14,0
254.0,0.075,0.03,-6.42752944664e-14,0
254.0,0.07,0.035,-2.70113077077e-14,0
254.0,0.075,0.035,-2.82084517351e-14,0
254.0,0.07,0.04,6.16058177748e-15,0
254.0,0.075,0.04,1.05110210232e-14,0
254.0,0.07,0.045,4.07700753369e-14,0
254.0,0.075,0.045,5.06887736236e-14,0
254.0,0.07,0.05,7.57422530001e-14,0
254.0,0.075,0.05,9.10570959881e-14,0
254.0,0.07,0.055,1.10066499427e-13,0
254.0,0.075,0.055,1.30389780469e-13,0
254.0,0.07,0.06,1.42937303837e-13,0
254.0,0.075,0.06,1.67706676913e-13,0
254.0,0.07,0.065,1.73912002039e-13,0
254.0,0.075,0.065,2.02330752046e-13,0
254.0,0.07,0.07,2.03090982088e-13,0
254.0,0.07,0.075,2.31317977258e-13,0
254.0,0.075,0.07,2.342217289e-13,0
254.0,0.075,0.075,2.64059146842e-13,0
256.0,-0.00382671281566,-0.00202612167119,0,0
256.0,-0.005,-0.005,2.59579286596e-14,0
256.0,-0.00197892066871,-0.00385133392306,0,0
256.0,-0.005,-0.00190753787223,1.55583367316e-14,0
256.0,-0.00433,0,0,0
256.0,-0.00190753787223,-0.005,1.54129034892e-14,0
256.0,0,-0.00433,0,0
256.0,-0.005,0.00190775150599,1.5549219446e-14,0
256.0,-0.00385133392306,0.00197892066871,0,0
256.0,0.00190775150599,-0.005,1.54001116728e-14,0
256.0,0.00202612167119,-0.00382671281566,0,0
256.0,-0.00202612167119,0.00382671281566,0,0
256.0,-0.005,0.005,2.58691310186e-14,0
256.0,-0.0019094272225,0.005,1.54367146564e-14,0
256.0,0,0.00433,0,0
256.0,0.00147766755988,0.00407006125046,0,0
256.0,8.32667268469e-19,0.005,1.17160061441e-14,0
256.0,0.00433,0,0,0
256.0,0.005,1.38777878078e-18,1.13965178924e-14,0
256.0,0.00407006125046,0.00147766755988,0,0
256.0,0.005,-0.005,2.66362378182e-14,0
256.0,0.00385133392306,-0.00197892066871,0,0
256.0,0.005,-0.0019094272225,1.56487208232e-14,0
256.0,0.00306177236254,0.00306177236254,0,0
256.0,0.0019094272225,0.005,1.55961596848e-14,0
256.0,0.005,0.0019094272225,1.56992567084e-14,0
256.0,-0.000885,-0.0015328649647,1.27151419786e-12,0
256.0,-0.0015328649647,-0.000885,1.27163657874e-12,0
256.0,-0.00186450691264,-0.00187567167242,8.43021511491e-13,0
256.0,-0.00177,0,1.27132831445e-12,0
256.0,-0.00268433516245,-0.000738983120158,7.5910343169e-13,0
256.0,0,-0.00177,1.27147583702e-12,0
256.0,-0.000718432264205,-0.00269192408424,7.57397272827e-13,0
256.0,-0.0015328649647,0.000885,1.26982384648e-12,0
256.0,-0.00265321485144,0.000647311733689,7.89886256822e-13,0
256.0,-0.000885,0.0015328649647,1.26819634406e-12,0
256.0,-0.00194719253591,0.00178443766524,8.43947817122e-13,0
256.0,0,0.00177,1.26409019516e-12,0
256.0,-0.000802720381054,0.00273415977115,7.17497140649e-13,0
256.0,0.000885,-0.0015328649647,1.27016468093e-12,0
256.0,0.00075154031863,-0.00270385456952,7.45287340803e-13,0
256.0,0.00177,0,1.26242996181e-12,0
256.0,0.0015328649647,-0.000885,1.2680122694e-12,0
256.0,0.00271471102228,-0.000564731152102,7.60911056308e-13,0
256.0,0.00192394637685,-0.00189207206672,8.10092506569e-13,0
256.0,0.00231817117671,0.00040530921667,9.87906376225e-13,0
256.0,0.0015328649647,0.000885,1.26069633036e-12,0
256.0,0.000885,0.0015328649647,1.26140138796e-12,0
256.0,0.000427053001345,0.00287092483521,6.82186775151e-13,0
256.0,0.00187618296239,0.00184774001435,8.33336822223e-13,0
256.0,0.00312733402203,0.000607809752493,5.19197025305e-13,0
256.0,0.00276214303706,0.00136595635004,5.76857106426e-13,0
256.0,0.0014100336009,0.00268674970267,6.04769290533e-13,0
256.0,-0.075,-0.075,2.35722357396e-13,0
256.0,-0.07,-0.075,2.096239953e-13,0
256.0,-0.075,-0.07,2.05758783071e-13,0
256.0,-0.07,-0.07,1.81175299871e-13,0
256.0,-0.075,-0.065,1.73906306308e-13,0
256.0,-0.07,-0.065,1.51903489887e-13,0
256.0,-0.065,-0.075,1.81573352973e-13,0
256.0,-0.065,-0.07,1.55691002436e-13,0
256.0,-0.065,-0.065,1.29537662797e-13,0
256.0,-0.075,-0.06,1.39582744549e-13,0
256.0,-0.07,-0.06,1.21064760308e-13,0
256.0,-0.065,-0.06,1.02421990445e-13,0
256.0,-0.075,-0.055,1.02878591021e-13,0
256.0,-0.07,-0.055,8.86119832193e-14,0
256.0,-0.065,-0.055,7.42454075478e-14,0
256.0,-0.075,-0.05,6.4479799715e-14,0
256.0,-0.07,-0.05,5.50033482439e-14,0
256.0,-0.065,-0.05,4.53341884636e-14,0
256.0,-0.075,-0.045,2.53396414342e-14,0
256.0,-0.07,-0.045,2.10233276218e-14,0
256.0,-0.065,-0.045,1.63360292774e-14,0
256.0,-0.075,-0.04,-1.33743310286e-14,0
256.0,-0.07,-0.04,-1.23688085313e-14,0
256.0,-0.075,-0.035,-5.04778579181e-14,0
256.0,-0.07,-0.035,-4.4176682912e-14,0
256.0,-0.065,-0.04,-1.19331924113e-14,0
256.0,-0.065,-0.035,-3.8620029463e-14,0
256.0,-0.075,-0.03,-8.48669141042e-14,0
256.0,-0.07,-0.03,-7.34876658872e-14,0
256.0,-0.075,-0.025,-1.1555324636e-13,0
256.0,-0.07,-0.025,-9.95392468156e-14,0
256.0,-0.065,-0.03,-6.29851456653e-14,0
256.0,-0.065,-0.025,-8.44794882246e-14,0
256.0,-0.075,-0.02,-1.41746918311e-13,0
256.0,-0.07,-0.02,-1.21698097218e-13,0
256.0,-0.075,-0.015,-1.62727259804e-13,0
256.0,-0.07,-0.015,-1.39451799781e-13,0
256.0,-0.065,-0.02,-1.02701517497e-13,0
256.0,-0.065,-0.015,-1.17292186566e-13,0
256.0,-0.075,-0.01,-1.77977134075e-13,0
256.0,-0.07,-0.01,-1.52335546539e-13,0
256.0,-0.075,-0.005,-1.87019226797e-13,0
256.0,-0.07,-0.005,-1.60001208977e-13,0
256.0,-0.065,-0.01,-1.27918130589e-13,0
256.0,-0.065,-0.005,-1.34246960633e-13,0
256.0,-0.075,0,-1.89639672518e-13,0
256.0,-0.07,0,-1.62200071269e-13,0
256.0,-0.075,0.005,-1.85717552036e-13,0
256.0,-0.07,0.005,-1.58884025052e-13,0
256.0,-0.065,4.16333634234e-19,-1.36063192207e-13,0
256.0,-0.065,0.005,-1.33297655279e-13,0
256.0,-0.075,0.01,-1.75440656234e-13,0
256.0,-0.07,0.01,-1.5016221113e-13,0
256.0,-0.075,0.015,-1.59084959503e-13,0
256.0,-0.07,0.015,-1.36339943091e-13,0
256.0,-0.065,0.01,-1.26074828626e-13,0
256.0,-0.065,0.015,-1.14663965238e-13,0
256.0,-0.075,0.02,-1.37177297038e-13,0
256.0,-0.07,0.02,-1.17811761025e-13,0
256.0,-0.075,0.025,-1.10270789985e-13,0
256.0,-0.07,0.025,-9.50735686562e-14,0
256.0,-0.065,0.02,-9.94420757771e-14,0
256.0,-0.065,0.025,-8.07691518315e-14,0
256.0,-0.075,0.03,-7.91042803472e-14,0
256.0,-0.07,0.03,-6.86541485556e-14,0
256.0,-0.075,0.035,-4.44757715571e-14,0
256.0,-0.07,0.035,-3.91918118592e-14,0
256.0,-0.065,0.03,-5.90154818678e-14,0
256.0,-0.065,0.035,-3.45855595217e-14,0
256.0,-0.075,0.04,-7.37041106987e-15,0
256.0,-0.07,0.04,-7.44862329446e-15,0
256.0,-0.075,0.045,3.11153040102e-14,0
256.0,-0.07,0.045,2.56681818663e-14,0
256.0,-0.065,0.04,-8.02736374578e-15,0
256.0,-0.065,0.045,1.99187731934e-14,0
256.0,-0.075,0.05,6.98140546075e-14,0
256.0,-0.07,0.05,5.91736734034e-14,0
256.0,-0.075,0.055,1.07583115978e-13,0
256.0,-0.07,0.055,9.21301719056e-14,0
256.0,-0.065,0.05,4.8404785112e-14,0
256.0,-0.065,0.055,7.66330806195e-14,0
256.0,-0.075,0.06,1.43503521658e-13,0
256.0,-0.07,0.06,1.23783798475e-13,0
256.0,-0.075,0.065,1.76929114348e-13,0
256.0,-0.07,0.065,1.53713290624e-13,0
256.0,-0.065,0.06,1.03984679168e-13,0
256.0,-0.065,0.065,1.3016808442e-13,0
256.0,-0.075,0.07,2.07810892034e-13,0
256.0,-0.07,0.07,1.82004533138e-13,0
256.0,-0.075,0.075,2.3677054395e-13,0
256.0,-0.07,0.075,2.0943872871e-13,0
256.0,-0.065,0.07,1.55318053966e-13,0
256.0,-0.065,0.075,1.80159317775e-13,0
256.0,-0.06,-0.075,1.50866702994e-13,0
256.0,-0.06,-0.07,1.28463681958e-13,0
256.0,-0.06,-0.065,1.06051502756e-13,0
256.0,-0.055,-0.075,1.17428679272e-13,0
256.0,-0.055,-0.07,9.93088455855e-14,0
256.0,-0.055,-0.065,8.12386249949e-14,0
256.0,-0.06,-0.06,8.30547791398e-14,0
256.0,-0.06,-0.055,5.93565331162e-14,0
256.0,-0.055,-0.06,6.2781459699e-14,0
256.0,-0.055,-0.055,4.38473782579e-14,0
256.0,-0.06,-0.05,3.52193617173e-14,0
256.0,-0.055,-0.05,2.46338189282e-14,0
256.0,-0.06,-0.045,1.11775283508e-14,0
256.0,-0.055,-0.045,5.59690508366e-15,0
256.0,-0.06,-0.04,-1.20385258885e-14,0
256.0,-0.055,-0.04,-1.26180672651e-14,0
256.0,-0.06,-0.035,-3.36590439003e-14,0
256.0,-0.055,-0.035,-2.92300306787e-14,0
256.0,-0.06,-0.03,-5.30771121736e-14,0
256.0,-0.06,-0.025,-7.00019032244e-14,0
256.0,-0.055,-0.03,-4.36929653409e-14,0
256.0,-0.055,-0.025,-5.6046055765e-14,0
256.0,-0.06,-0.02,-8.42743485315e-14,0
256.0,-0.06,-0.015,-9.57499157243e-14,0
256.0,-0.055,-0.02,-6.64067835891e-14,0
256.0,-0.055,-0.015,-7.48103267942e-14,0
256.0,-0.06,-0.01,-1.04171238908e-13,0
256.0,-0.06,-0.005,-1.09224409497e-13,0
256.0,-0.055,-0.01,-8.11193720122e-14,0
256.0,-0.055,-0.005,-8.49440407692e-14,0
256.0,-0.06,0,-1.1066524167e-13,0
256.0,-0.06,0.005,-1.08432974788e-13,0
256.0,-0.055,4.16333634234e-19,-8.60298220477e-14,0
256.0,-0.055,0.005,-8.43051732527e-14,0
256.0,-0.06,0.01,-1.02637309264e-13,0
256.0,-0.06,0.015,-9.35727513701e-14,0
256.0,-0.055,0.01,-7.98851881782e-14,0
256.0,-0.055,0.015,-7.30681460212e-14,0
256.0,-0.06,0.02,-8.1601867164e-14,0
256.0,-0.06,0.025,-6.69984899274e-14,0
256.0,-0.055,0.02,-6.42975947852e-14,0
256.0,-0.055,0.025,-5.37080831176e-14,0
256.0,-0.06,0.03,-4.99143031888e-14,0
256.0,-0.06,0.035,-3.05109636385e-14,0
256.0,-0.055,0.03,-4.12681841298e-14,0
256.0,-0.055,0.035,-2.68831464265e-14,0
256.0,-0.06,0.04,-9.0748623608e-15,0
256.0,-0.06,0.045,1.37738010958e-14,0
256.0,-0.055,0.04,-1.05002273014e-14,0
256.0,-0.055,0.045,7.30423492402e-15,0
256.0,-0.06,0.05,3.72637323529e-14,0
256.0,-0.06,0.055,6.06815507614e-14,0
256.0,-0.055,0.05,2.5745787159e-14,0
256.0,-0.055,0.055,4.41985625511e-14,0
256.0,-0.06,0.06,8.3521416153e-14,0
256.0,-0.06,0.065,1.05554333189e-13,0
256.0,-0.055,0.06,6.22358072678e-14,0
256.0,-0.055,0.065,7.96923275173e-14,0
256.0,-0.06,0.07,1.26930671752e-13,0
256.0,-0.06,0.075,1.48254257862e-13,0
256.0,-0.055,0.07,9.66882022394e-14,0
256.0,-0.055,0.075,1.13682936007e-13,0
256.0,-0.05,-0.075,8.17511303706e-14,0
256.0,-0.05,-0.07,6.85094181813e-14,0
256.0,-0.045,-0.075,4.45806283203e-14,0
256.0,-0.045,-0.07,3.66600414864e-14,0
256.0,-0.05,-0.065,5.52791155724e-14,0
256.0,-0.045,-0.065,2.86311861558e-14,0
256.0,-0.05,-0.06,4.17532704383e-14,0
256.0,-0.05,-0.055,2.78685545048e-14,0
256.0,-0.045,-0.06,2.03359393973e-14,0
256.0,-0.045,-0.055,1.17451520344e-14,0
256.0,-0.05,-0.05,1.37710448957e-14,0
256.0,-0.05,-0.045,-2.01731532908e-16,0
256.0,-0.045,-0.05,2.94934867451e-15,0
256.0,-0.045,-0.045,-5.83563428668e-15,0
256.0,-0.05,-0.04,-1.34814085607e-14,0
256.0,-0.045,-0.04,-1.42261187039e-14,0
256.0,-0.05,-0.035,-2.52466327041e-14,0
256.0,-0.045,-0.035,-2.14294539231e-14,0
256.0,-0.05,-0.03,-3.48711092194e-14,0
256.0,-0.045,-0.03,-2.6644847306e-14,0
256.0,-0.05,-0.025,-4.28563912523e-14,0
256.0,-0.045,-0.025,-3.09463280053e-14,0
256.0,-0.05,-0.02,-4.94979734759e-14,0
256.0,-0.05,-0.015,-5.49522464089e-14,0
256.0,-0.045,-0.02,-3.44115560996e-14,0
256.0,-0.045,-0.015,-3.71098950949e-14,0
256.0,-0.05,-0.01,-5.92401567828e-14,0
256.0,-0.05,-0.005,-6.1864657133e-14,0
256.0,-0.045,-0.01,-3.93652853867e-14,0
256.0,-0.045,-0.005,-4.0699084428e-14,0
256.0,-0.05,0,-6.25817998386e-14,0
256.0,-0.05,0.005,-6.13713521541e-14,0
256.0,-0.045,4.16333634234e-19,-4.10196061825e-14,0
256.0,-0.045,0.005,-4.03341125134e-14,0
256.0,-0.05,0.01,-5.82953255666e-14,0
256.0,-0.05,0.015,-5.36403694581e-14,0
256.0,-0.045,0.01,-3.86732977331e-14,0
256.0,-0.045,0.015,-3.61681684532e-14,0
256.0,-0.05,0.02,-4.79349094382e-14,0
256.0,-0.05,0.025,-4.1136784395e-14,0
256.0,-0.045,0.02,-3.32970282191e-14,0
256.0,-0.045,0.025,-2.97287537618e-14,0
256.0,-0.05,0.03,-3.31003424688e-14,0
256.0,-0.05,0.035,-2.3566400461e-14,0
256.0,-0.045,0.03,-2.54216712035e-14,0
256.0,-0.045,0.035,-2.03220634022e-14,0
256.0,-0.05,0.04,-1.20803021132e-14,0
256.0,-0.05,0.045,7.37062320497e-16,0
256.0,-0.045,0.04,-1.34184591825e-14,0
256.0,-0.045,0.045,-5.53605104451e-15,0
256.0,-0.05,0.05,1.40658952368e-14,0
256.0,-0.05,0.055,2.73581989268e-14,0
256.0,-0.045,0.05,2.55774938482e-15,0
256.0,-0.045,0.055,1.05057767325e-14,0
256.0,-0.05,0.06,4.03054975137e-14,0
256.0,-0.05,0.065,5.27922604306e-14,0
256.0,-0.045,0.06,1.81211653189e-14,0
256.0,-0.045,0.065,2.53421541242e-14,0
256.0,-0.05,0.07,6.4908549607e-14,0
256.0,-0.05,0.075,7.69782424129e-14,0
256.0,-0.045,0.07,3.22207303391e-14,0
256.0,-0.045,0.075,3.89270253512e-14,0
256.0,-0.04,-0.075,6.91361707543e-15,0
256.0,-0.04,-0.07,4.53878653459e-15,0
256.0,-0.035,-0.075,-3.01734297614e-14,0
256.0,-0.035,-0.07,-2.69774781815e-14,0
256.0,-0.04,-0.065,1.90935135074e-15,0
256.0,-0.035,-0.065,-2.41958713765e-14,0
256.0,-0.04,-0.06,-9.87955036188e-16,0
256.0,-0.035,-0.06,-2.17008663844e-14,0
256.0,-0.04,-0.055,-4.14308747883e-15,0
256.0,-0.035,-0.055,-1.94386043005e-14,0
256.0,-0.04,-0.05,-7.50959566835e-15,0
256.0,-0.04,-0.045,-1.098425507e-14,0
256.0,-0.035,-0.05,-1.74152302934e-14,0
256.0,-0.035,-0.045,-1.56473167651e-14,0
256.0,-0.04,-0.04,-1.43306706538e-14,0
256.0,-0.04,-0.035,-1.70604698285e-14,0
256.0,-0.035,-0.04,-1.41508631127e-14,0
256.0,-0.035,-0.035,-1.29192118687e-14,0
256.0,-0.04,-0.03,-1.89836131575e-14,0
256.0,-0.035,-0.03,-1.19011440762e-14,0
256.0,-0.04,-0.025,-2.04491121731e-14,0
256.0,-0.035,-0.025,-1.08402600357e-14,0
256.0,-0.04,-0.02,-2.14471711043e-14,0
256.0,-0.035,-0.02,-9.72671848444e-15,0
256.0,-0.04,-0.015,-2.19595638332e-14,0
256.0,-0.035,-0.015,-8.54584671109e-15,0
256.0,-0.04,-0.01,-2.20478988133e-14,0
256.0,-0.04,-0.005,-2.20355885866e-14,0
256.0,-0.035,-0.01,-7.24816755487e-15,0
256.0,-0.035,-0.005,-6.36322724338e-15,0
256.0,-0.04,0,-2.19554918067e-14,0
256.0,-0.04,0.005,-2.17741653541e-14,0
256.0,-0.035,4.16333634234e-19,-5.99436554951e-15,0
256.0,-0.035,0.005,-6.18303709612e-15,0
256.0,-0.04,0.01,-2.15509256187e-14,0
256.0,-0.04,0.015,-2.12792054234e-14,0
256.0,-0.035,0.01,-6.90478195447e-15,0
256.0,-0.035,0.015,-8.07257447851e-15,0
256.0,-0.04,0.02,-2.06476426018e-14,0
256.0,-0.04,0.025,-1.95994880574e-14,0
256.0,-0.035,0.02,-9.18949121215e-15,0
256.0,-0.035,0.025,-1.0295289753e-14,0
256.0,-0.04,0.03,-1.81739830464e-14,0
256.0,-0.04,0.035,-1.63915290905e-14,0
256.0,-0.035,0.03,-1.14268835543e-14,0
256.0,-0.035,0.035,-1.26097225553e-14,0
256.0,-0.04,0.04,-1.39933303322e-14,0
256.0,-0.04,0.045,-1.11949613929e-14,0
256.0,-0.035,0.04,-1.41831908232e-14,0
256.0,-0.035,0.045,-1.62437429794e-14,0
256.0,-0.04,0.05,-8.44882839366e-15,0
256.0,-0.04,0.055,-5.96370498408e-15,0
256.0,-0.035,0.05,-1.87587635722e-14,0
256.0,-0.035,0.055,-2.16812087989e-14,0
256.0,-0.04,0.06,-3.81338338049e-15,0
256.0,-0.04,0.065,-2.01767843243e-15,0
256.0,-0.035,0.06,-2.49646880826e-14,0
256.0,-0.035,0.065,-2.85760107734e-14,0
256.0,-0.04,0.07,-5.66056233887e-16,0
256.0,-0.04,0.075,5.61709349697e-16,0
256.0,-0.035,0.07,-3.25507941992e-14,0
256.0,-0.035,0.075,-3.70118578733e-14,0
256.0,-0.03,-0.075,-6.5569046727e-14,0
256.0,-0.03,-0.07,-5.69810505429e-14,0
256.0,-0.025,-0.075,-9.81664860523e-14,0
256.0,-0.025,-0.07,-8.45884543799e-14,0
256.0,-0.03,-0.065,-4.89786002935e-14,0
256.0,-0.025,-0.065,-7.17436073353e-14,0
256.0,-0.03,-0.06,-4.12860130164e-14,0
256.0,-0.025,-0.06,-5.92504626518e-14,0
256.0,-0.03,-0.055,-3.38249945455e-14,0
256.0,-0.025,-0.055,-4.69948828902e-14,0
256.0,-0.03,-0.05,-2.66525670676e-14,0
256.0,-0.025,-0.05,-3.51102354133e-14,0
256.0,-0.03,-0.045,-1.99540369641e-14,0
256.0,-0.025,-0.045,-2.39330367141e-14,0
256.0,-0.03,-0.04,-1.40124893233e-14,0
256.0,-0.03,-0.035,-9.25679304242e-15,0
256.0,-0.025,-0.04,-1.40061348285e-14,0
256.0,-0.025,-0.035,-6.12003790576e-15,0
256.0,-0.03,-0.03,-5.53398190476e-15,0
256.0,-0.03,-0.025,-2.17920229502e-15,0
256.0,-0.025,-0.03,1.715429525e-17,0
256.0,-0.025,-0.025,5.41247251865e-15,0
256.0,-0.03,-0.02,7.95984964592e-16,0
256.0,-0.025,-0.02,1.00350508138e-14,0
256.0,-0.03,-0.015,3.36617023958e-15,0
256.0,-0.025,-0.015,1.38771641486e-14,0
256.0,-0.03,-0.01,5.43462349994e-15,0
256.0,-0.025,-0.01,1.67488729695e-14,0
256.0,-0.03,-0.005,6.79145183671e-15,0
256.0,-0.025,-0.005,1.84881603868e-14,0
256.0,-0.03,0,7.29475795548e-15,0
256.0,-0.03,0.005,6.90444883549e-15,0
256.0,-0.025,4.16333634234e-19,1.90872102466e-14,0
256.0,-0.025,0.005,1.8534330711e-14,0
256.0,-0.03,0.01,5.64751907089e-15,0
256.0,-0.03,0.015,3.65139340529e-15,0
256.0,-0.025,0.01,1.68384830974e-14,0
256.0,-0.025,0.015,1.39981115095e-14,0
256.0,-0.03,0.02,1.11393422396e-15,0
256.0,-0.03,0.025,-1.87896759549e-15,0
256.0,-0.025,0.02,1.01670369333e-14,0
256.0,-0.025,0.025,5.51930639153e-15,0
256.0,-0.03,0.03,-5.31920976276e-15,0
256.0,-0.03,0.035,-9.21048387661e-15,0
256.0,-0.025,0.03,4.25224119585e-17,0
256.0,-0.025,0.035,-6.24979797546e-15,0
256.0,-0.03,0.04,-1.43069467399e-14,0
256.0,-0.03,0.045,-2.08076363746e-14,0
256.0,-0.025,0.04,-1.44515654724e-14,0
256.0,-0.025,0.045,-2.49100536784e-14,0
256.0,-0.03,0.05,-2.8250981481e-14,0
256.0,-0.03,0.055,-3.63224019113e-14,0
256.0,-0.025,0.05,-3.68095340754e-14,0
256.0,-0.025,0.055,-4.95746010105e-14,0
256.0,-0.03,0.06,-4.48046068539e-14,0
256.0,-0.03,0.065,-5.36137216228e-14,0
256.0,-0.025,0.06,-6.28355660641e-14,0
256.0,-0.025,0.065,-7.64297053377e-14,0
256.0,-0.03,0.07,-6.28092217495e-14,0
256.0,-0.03,0.075,-7.26638062816e-14,0
256.0,-0.025,0.07,-9.04517947778e-14,0
256.0,-0.025,0.075,-1.0527876188e-13,0
256.0,-0.02,-0.075,-1.26967230906e-13,0
256.0,-0.02,-0.07,-1.08955960839e-13,0
256.0,-0.015,-0.075,-1.51013008897e-13,0
256.0,-0.015,-0.07,-1.29336191576e-13,0
256.0,-0.02,-0.065,-9.18425139269e-14,0
256.0,-0.015,-0.065,-1.08672067249e-13,0
256.0,-0.02,-0.06,-7.51154863486e-14,0
256.0,-0.015,-0.06,-8.84494762449e-14,0
256.0,-0.02,-0.055,-5.86567233888e-14,0
256.0,-0.015,-0.055,-6.85191124572e-14,0
256.0,-0.02,-0.05,-4.26472729224e-14,0
256.0,-0.015,-0.05,-4.91225585492e-14,0
256.0,-0.02,-0.045,-2.75633731642e-14,0
256.0,-0.015,-0.045,-3.08310639186e-14,0
256.0,-0.02,-0.04,-1.41608258744e-14,0
256.0,-0.015,-0.04,-1.45383474424e-14,0
256.0,-0.02,-0.035,-3.51523472218e-15,0
256.0,-0.015,-0.035,-1.52595720178e-15,0
256.0,-0.02,-0.03,4.69437876733e-15,0
256.0,-0.02,-0.025,1.18108474557e-14,0
256.0,-0.015,-0.03,8.47266514974e-15,0
256.0,-0.015,-0.025,1.69762489067e-14,0
256.0,-0.02,-0.02,1.77621810624e-14,0
256.0,-0.02,-0.015,2.25387527375e-14,0
256.0,-0.015,-0.02,2.38275819304e-14,0
256.0,-0.015,-0.015,2.88901563481e-14,0
256.0,-0.02,-0.01,2.59480765111e-14,0
256.0,-0.015,-0.01,3.19815794453e-14,0
256.0,-0.02,-0.005,2.78404764449e-14,0
256.0,-0.015,-0.005,3.3377485629e-14,0
256.0,-0.02,0,2.84120436605e-14,0
256.0,-0.015,4.16333634234e-19,3.36914773171e-14,0
256.0,-0.02,0.005,2.78069220717e-14,0
256.0,-0.015,0.005,3.32207886542e-14,0
256.0,-0.02,0.01,2.58979034858e-14,0
256.0,-0.02,0.015,2.24870934695e-14,0
256.0,-0.015,0.01,3.17306633554e-14,0
256.0,-0.015,0.015,2.86102142035e-14,0
256.0,-0.02,0.02,1.77192967263e-14,0
256.0,-0.02,0.025,1.17630864917e-14,0
256.0,-0.015,0.02,2.3586009025e-14,0
256.0,-0.015,0.025,1.67954073354e-14,0
256.0,-0.02,0.03,4.59733564756e-15,0
256.0,-0.02,0.035,-3.72717555614e-15,0
256.0,-0.015,0.03,8.31674273282e-15,0
256.0,-0.015,0.035,-1.71455972055e-15,0
256.0,-0.02,0.04,-1.46364701465e-14,0
256.0,-0.02,0.045,-2.85226231014e-14,0
256.0,-0.015,0.04,-1.49005925786e-14,0
256.0,-0.015,0.045,-3.16191591047e-14,0
256.0,-0.02,0.05,-4.42891326328e-14,0
256.0,-0.02,0.055,-6.11461900415e-14,0
256.0,-0.015,0.05,-5.05481212285e-14,0
256.0,-0.015,0.055,-7.07521302364e-14,0
256.0,-0.02,0.06,-7.8580584927e-14,0
256.0,-0.02,0.065,-9.63794851903e-14,0
256.0,-0.015,0.06,-9.16191856926e-14,0
256.0,-0.015,0.065,-1.12873378639e-13,0
256.0,-0.02,0.07,-1.14638849587e-13,0
256.0,-0.02,0.075,-1.33863946714e-13,0
256.0,-0.015,0.07,-1.34639383212e-13,0
256.0,-0.015,0.075,-1.57478215261e-13,0
256.0,-0.01,-0.075,-1.69554410823e-13,0
256.0,-0.01,-0.07,-1.45061437067e-13,0
256.0,-0.005,-0.075,-1.81904714934e-13,0
256.0,-0.005,-0.07,-1.55613376133e-13,0
256.0,-0.01,-0.065,-1.21716525952e-13,0
256.0,-0.005,-0.065,-1.30534919276e-13,0
256.0,-0.01,-0.06,-9.88491990472e-14,0
256.0,-0.005,-0.06,-1.05986332611e-13,0
256.0,-0.01,-0.055,-7.63164631291e-14,0
256.0,-0.005,-0.055,-8.17950184763e-14,0
256.0,-0.01,-0.05,-5.43809066776e-14,0
256.0,-0.005,-0.05,-5.82563361435e-14,0
256.0,-0.01,-0.045,-3.36923153496e-14,0
256.0,-0.005,-0.045,-3.60546891041e-14,0
256.0,-0.01,-0.04,-1.52481289442e-14,0
256.0,-0.005,-0.04,-1.62315530225e-14,0
256.0,-0.01,-0.035,-4.01654643854e-16,0
256.0,-0.005,-0.035,-1.62847380894e-16,0
256.0,-0.01,-0.03,1.10739645959e-14,0
256.0,-0.005,-0.03,1.23022198096e-14,0
256.0,-0.01,-0.025,2.05724293193e-14,0
256.0,-0.005,-0.025,2.22427264706e-14,0
256.0,-0.01,-0.02,2.78600880287e-14,0
256.0,-0.01,-0.015,3.25466237261e-14,0
256.0,-0.005,-0.02,2.95013298436e-14,0
256.0,-0.005,-0.015,3.35650828381e-14,0
256.0,-0.0117873230072,-0.0115873794689,3.34099334367e-14,0
256.0,-0.00939961996336,-0.005,3.30613136696e-14,0
256.0,-0.00792797428371,-0.00964253216809,3.39569591861e-14,0
256.0,-0.005,-0.00939961996336,3.24743136311e-14,0
256.0,-0.0108753492546,-0.00150606400588,3.33868551202e-14,0
256.0,-0.00818101620308,-0.00211452602544,2.97258970287e-14,0
256.0,-0.00651817360753,-0.000255934956239,2.32441690487e-14,0
256.0,-0.005,6.71033969428e-08,1.14929214704e-14,0
256.0,-0.0107292118043,0.00160660295843,3.32079280668e-14,0
256.0,-0.0080188992252,0.000768320427092,2.86054458133e-14,0
256.0,-0.00939946851065,0.005,3.28319445487e-14,0
256.0,-0.00802129342231,0.00264911934363,2.96754607486e-14,0
256.0,-0.00887989370213,0.00887989479405,3.36485326398e-14,0
256.0,-0.01,0.015,3.20940839977e-14,0
256.0,-0.005,0.00939947397025,3.21333097968e-14,0
256.0,-0.005,0.015,3.31950600221e-14,0
256.0,-0.01,0.02,2.75196280618e-14,0
256.0,-0.01,0.025,2.04075662393e-14,0
256.0,-0.005,0.02,2.93491528894e-14,0
256.0,-0.005,0.025,2.24320571645e-14,0
256.0,-0.01,0.03,1.1050365885e-14,0
256.0,-0.01,0.035,-3.51113415139e-16,0
256.0,-0.005,0.03,1.27590284272e-14,0
256.0,-0.005,0.035,3.70463726247e-16,0
256.0,-0.01,0.04,-1.53183968802e-14,0
256.0,-0.01,0.045,-3.41550902211e-14,0
256.0,-0.005,0.04,-1.58716700246e-14,0
256.0,-0.005,0.045,-3.60714177388e-14,0
256.0,-0.01,0.05,-5.54429658375e-14,0
256.0,-0.01,0.055,-7.81439636192e-14,0
256.0,-0.005,0.05,-5.88357671878e-14,0
256.0,-0.005,0.055,-8.30966538446e-14,0
256.0,-0.01,0.06,-1.01569130867e-13,0
256.0,-0.01,0.065,-1.25420482743e-13,0
256.0,-0.005,0.06,-1.08133874882e-13,0
256.0,-0.005,0.065,-1.33614795903e-13,0
256.0,-0.01,0.07,-1.49813192567e-13,0
256.0,-0.01,0.075,-1.75403763396e-13,0
256.0,-0.005,0.07,-1.59680973069e-13,0
256.0,-0.005,0.075,-1.86996190347e-13,0
256.0,0,-0.075,-1.87659083733e-13,0
256.0,0,-0.07,-1.60587066988e-13,0
256.0,0.005,-0.075,-1.86497086769e-13,0
256.0,0.005,-0.07,-1.59766875029e-13,0
256.0,0,-0.065,-1.34810987762e-13,0
256.0,0.005,-0.065,-1.34333288946e-13,0
256.0,0,-0.06,-1.09587143562e-13,0
256.0,0.005,-0.06,-1.09485899903e-13,0
256.0,0,-0.055,-8.47517682374e-14,0
256.0,0.005,-0.055,-8.50306533186e-14,0
256.0,0,-0.05,-6.05871825738e-14,0
256.0,0.005,-0.05,-6.12463603695e-14,0
256.0,0,-0.045,-3.77922379273e-14,0
256.0,0.005,-0.045,-3.88051166991e-14,0
256.0,0,-0.04,-1.7429190401e-14,0
256.0,0.005,-0.04,-1.87518707934e-14,0
256.0,0,-0.035,-8.53207511577e-16,0
256.0,0.005,-0.035,-2.53752604444e-15,0
256.0,0,-0.03,1.20187925151e-14,0
256.0,0.005,-0.03,1.00369763098e-14,0
256.0,0,-0.025,2.21187227233e-14,0
256.0,0.005,-0.025,2.0259912186e-14,0
256.0,0,-0.02,2.93366906084e-14,0
256.0,0.005,-0.02,2.79791817204e-14,0
256.0,0,-0.015,3.32482766037e-14,0
256.0,0.005,-0.015,3.28534584809e-14,0
256.0,-0.0021196717084,-0.00776771017156,2.76644741833e-14,0
256.0,-0.00084550708518,-0.00631514607954,2.15716454356e-14,0
256.0,6.71033969406e-08,-0.005,1.18531442237e-14,0
256.0,-0.00139054260708,-0.0110960807567,3.24982961944e-14,0
256.0,0.00132468676756,-0.00775008274642,2.71085734114e-14,0
256.0,0.00160394440688,-0.0116908851489,3.28839848775e-14,0
256.0,0.005,-0.00939946851065,3.27248717355e-14,0
256.0,0.005,0.005,2.59622801814e-14,0
256.0,-0.000107646311398,0.00617659695633,2.05867351378e-14,0
256.0,-0.00190846935279,0.0076427502668,2.69415639919e-14,0
256.0,0.00131146485568,0.00777290068297,2.66619531743e-14,0
256.0,0.00295884413402,0.00640276348073,2.47889438383e-14,0
256.0,-1.21517769428e-05,0.0108932602996,3.17836847973e-14,0
256.0,0,0.015,3.30398362449e-14,0
256.0,0.005,0.00939942566771,3.21582056029e-14,0
256.0,0.005,0.015,3.27956490062e-14,0
256.0,0,0.02,2.95111179412e-14,0
256.0,0,0.025,2.27826799819e-14,0
256.0,0.005,0.02,2.84512726088e-14,0
256.0,0.005,0.025,2.12414442365e-14,0
256.0,0,0.03,1.30366755629e-14,0
256.0,0,0.035,1.79326489784e-16,0
256.0,0.005,0.03,1.13893156445e-14,0
256.0,0.005,0.035,-1.06105670417e-15,0
256.0,0,0.04,-1.65859457486e-14,0
256.0,0,0.045,-3.72854929319e-14,0
256.0,0.005,0.04,-1.73841576906e-14,0
256.0,0.005,0.045,-3.77285744846e-14,0
256.0,0,0.05,-6.06008039333e-14,0
256.0,0,0.055,-8.54446189563e-14,0
256.0,0.005,0.05,-6.064981359e-14,0
256.0,0.005,0.055,-8.50751703996e-14,0
256.0,0,0.06,-1.11080074966e-13,0
256.0,0,0.065,-1.37184291023e-13,0
256.0,0.005,0.06,-1.10289321005e-13,0
256.0,0.005,0.065,-1.35968283609e-13,0
256.0,0,0.07,-1.63885611017e-13,0
256.0,0,0.075,-1.91903395501e-13,0
256.0,0.005,0.07,-1.62266283501e-13,0
256.0,0.005,0.075,-1.89864293686e-13,0
256.0,0.01,-0.075,-1.78422448902e-13,0
256.0,0.01,-0.07,-1.53075955561e-13,0
256.0,0.015,-0.075,-1.63540621771e-13,0
256.0,0.015,-0.07,-1.40645072849e-13,0
256.0,0.01,-0.065,-1.29041642511e-13,0
256.0,0.015,-0.065,-1.18995941931e-13,0
256.0,0.01,-0.06,-1.05595542837e-13,0
256.0,0.015,-0.06,-9.79502397144e-14,0
256.0,0.01,-0.055,-8.25548830052e-14,0
256.0,0.015,-0.055,-7.73023751193e-14,0
256.0,0.01,-0.05,-6.01489778877e-14,0
256.0,0.015,-0.05,-5.72471864684e-14,0
256.0,0.01,-0.045,-3.90042728504e-14,0
256.0,0.015,-0.045,-3.83129645047e-14,0
256.0,0.01,-0.04,-2.01202476295e-14,0
256.0,0.015,-0.04,-2.1364281291e-14,0
256.0,0.01,-0.035,-4.91877601568e-15,0
256.0,0.015,-0.035,-7.66387580582e-15,0
256.0,0.01,-0.03,6.93578893081e-15,0
256.0,0.015,-0.03,3.14091691902e-15,0
256.0,0.01,-0.025,1.70159569039e-14,0
256.0,0.015,-0.025,1.25973771427e-14,0
256.0,0.01,-0.02,2.51678512009e-14,0
256.0,0.01,-0.015,3.13077131661e-14,0
256.0,0.015,-0.02,2.0685855172e-14,0
256.0,0.015,-0.015,2.76187520816e-14,0
256.0,0.00999280436795,-0.0116358337096,3.39407376944e-14,0
256.0,0.0105889214373,-0.00845762197625,3.52480806301e-14,0
256.0,0.015,-0.01,3.29642426505e-14,0
256.0,0.00939947397025,-0.005,3.50978735226e-14,0
256.0,0.015,-0.005,3.61968501033e-14,0
256.0,0.00658051136513,-0.00296146438142,2.85322025374e-14,0
256.0,0.00636794669772,-3.54305826484e-06,2.46138073303e-14,0
256.0,0.00795807888052,-0.00113999998936,3.16542149448e-14,0
256.0,0.00758147027913,0.00183630393596,3.05083522356e-14,0
256.0,0.0112534647756,-1.47536350887e-07,3.71343976731e-14,0
256.0,0.015,4.16333634234e-19,3.74354654077e-14,0
256.0,0.00939942566771,0.005,3.46289941797e-14,0
256.0,0.015,0.005,3.61389603977e-14,0
256.0,0.00999018807453,0.0109670628501,3.41172782555e-14,0
256.0,0.01,0.015,3.15403778011e-14,0
256.0,0.015,0.01,3.31682665064e-14,0
256.0,0.015,0.015,2.82875198005e-14,0
256.0,0.01,0.02,2.59696207558e-14,0
256.0,0.01,0.025,1.82873625993e-14,0
256.0,0.015,0.02,2.18425449113e-14,0
256.0,0.015,0.025,1.41917155419e-14,0
256.0,0.01,0.03,8.56845056398e-15,0
256.0,0.01,0.035,-3.05635573334e-15,0
256.0,0.015,0.03,5.11027951477e-15,0
256.0,0.015,0.035,-5.4033680651e-15,0
256.0,0.01,0.04,-1.82404961321e-14,0
256.0,0.01,0.045,-3.73563630245e-14,0
256.0,0.015,0.04,-1.89990515395e-14,0
256.0,0.015,0.045,-3.61293302669e-14,0
256.0,0.01,0.05,-5.89437935199e-14,0
256.0,0.01,0.055,-8.19604733667e-14,0
256.0,0.015,0.05,-5.54818764369e-14,0
256.0,0.015,0.055,-7.61300468629e-14,0
256.0,0.01,0.06,-1.05726526863e-13,0
256.0,0.01,0.065,-1.29961333074e-13,0
256.0,0.015,0.06,-9.74791810057e-14,0
256.0,0.015,0.065,-1.1927809534e-13,0
256.0,0.01,0.07,-1.54803759151e-13,0
256.0,0.01,0.075,-1.80944119126e-13,0
256.0,0.015,0.07,-1.41685567208e-13,0
256.0,0.015,0.075,-1.65308750147e-13,0
256.0,0.02,-0.075,-1.4228522506e-13,0
256.0,0.02,-0.07,-1.22753686664e-13,0
256.0,0.025,-0.075,-1.15202019297e-13,0
256.0,0.025,-0.07,-9.98830088797e-14,0
256.0,0.02,-0.065,-1.04412396006e-13,0
256.0,0.025,-0.065,-8.56278767038e-14,0
256.0,0.02,-0.06,-8.6663654054e-14,0
256.0,0.025,-0.06,-7.19660950552e-14,0
256.0,0.02,-0.055,-6.93248595226e-14,0
256.0,0.025,-0.055,-5.8716887808e-14,0
256.0,0.02,-0.05,-5.2515945778e-14,0
256.0,0.025,-0.05,-4.59538697865e-14,0
256.0,0.02,-0.045,-3.66481705063e-14,0
256.0,0.025,-0.045,-3.39304843761e-14,0
256.0,0.02,-0.04,-2.23932495415e-14,0
256.0,0.025,-0.04,-2.30745502418e-14,0
256.0,0.02,-0.035,-1.07317254858e-14,0
256.0,0.025,-0.035,-1.4019088288e-14,0
256.0,0.02,-0.03,-1.38654696147e-15,0
256.0,0.025,-0.03,-6.57070979838e-15,0
256.0,0.02,-0.025,6.9467323653e-15,0
256.0,0.025,-0.025,1.4924310444e-16,0
256.0,0.02,-0.02,1.43320065527e-14,0
256.0,0.025,-0.02,6.15110774983e-15,0
256.0,0.02,-0.015,2.10296806729e-14,0
256.0,0.025,-0.015,1.15754295083e-14,0
256.0,0.02,-0.01,2.66381704995e-14,0
256.0,0.025,-0.01,1.59909506573e-14,0
256.0,0.02,-0.005,3.01728783397e-14,0
256.0,0.025,-0.005,1.90351044013e-14,0
256.0,0.02,0,3.14577890936e-14,0
256.0,0.025,4.16333634234e-19,2.03286445579e-14,0
256.0,0.02,0.005,3.03832924603e-14,0
256.0,0.025,0.005,1.92727008319e-14,0
256.0,0.02,0.01,2.72023103674e-14,0
256.0,0.025,0.01,1.66149147672e-14,0
256.0,0.02,0.015,2.20421214939e-14,0
256.0,0.025,0.015,1.2717050285e-14,0
256.0,0.02,0.02,1.57809808842e-14,0
256.0,0.02,0.025,8.83113711831e-15,0
256.0,0.025,0.02,7.77063793143e-15,0
256.0,0.025,0.025,2.2443662159e-15,0
256.0,0.02,0.03,9.15592895083e-16,0
256.0,0.02,0.035,-8.06750782625e-15,0
256.0,0.025,0.03,-3.98426462692e-15,0
256.0,0.025,0.035,-1.09870439376e-14,0
256.0,0.02,0.04,-1.95721650579e-14,0
256.0,0.02,0.045,-3.39952753083e-14,0
256.0,0.025,0.04,-1.98653858936e-14,0
256.0,0.025,0.045,-3.09273535131e-14,0
256.0,0.02,0.05,-5.02860836244e-14,0
256.0,0.02,0.055,-6.76866498577e-14,0
256.0,0.025,0.05,-4.34090958953e-14,0
256.0,0.025,0.055,-5.67771689188e-14,0
256.0,0.02,0.06,-8.57127199992e-14,0
256.0,0.02,0.065,-1.04185271031e-13,0
256.0,0.025,0.06,-7.0702472613e-14,0
256.0,0.025,0.065,-8.50601244252e-14,0
256.0,0.02,0.07,-1.23241299126e-13,0
256.0,0.02,0.075,-1.43443081309e-13,0
256.0,0.025,0.07,-9.99910540273e-14,0
256.0,0.025,0.075,-1.15932690515e-13,0
256.0,0.03,-0.075,-8.31276679641e-14,0
256.0,0.03,-0.07,-7.26592957834e-14,0
256.0,0.035,-0.075,-4.70091307752e-14,0
256.0,0.035,-0.07,-4.18800605656e-14,0
256.0,0.03,-0.065,-6.31269332091e-14,0
256.0,0.035,-0.065,-3.75103154657e-14,0
256.0,0.03,-0.06,-5.41679609019e-14,0
256.0,0.035,-0.06,-3.36952926478e-14,0
256.0,0.03,-0.055,-4.56444092322e-14,0
256.0,0.035,-0.055,-3.03318037301e-14,0
256.0,0.03,-0.05,-3.75643008856e-14,0
256.0,0.035,-0.05,-2.73911996935e-14,0
256.0,0.03,-0.045,-3.00514613147e-14,0
256.0,0.035,-0.045,-2.48622230543e-14,0
256.0,0.03,-0.04,-2.32664679217e-14,0
256.0,0.035,-0.04,-2.27027139369e-14,0
256.0,0.03,-0.035,-1.73929111044e-14,0
256.0,0.035,-0.035,-2.06648221008e-14,0
256.0,0.03,-0.03,-1.22841079351e-14,0
256.0,0.035,-0.03,-1.83504819119e-14,0
256.0,0.03,-0.025,-7.62558066422e-15,0
256.0,0.035,-0.025,-1.61591833169e-14,0
256.0,0.03,-0.02,-3.51340239508e-15,0
256.0,0.035,-0.02,-1.42819584835e-14,0
256.0,0.03,-0.015,1.28845321726e-16,0
256.0,0.035,-0.015,-1.25221860277e-14,0
256.0,0.03,-0.01,3.11284674907e-15,0
256.0,0.035,-0.01,-1.09856782303e-14,0
256.0,0.03,-0.005,5.37694301095e-15,0
256.0,0.035,-0.005,-9.67241010908e-15,0
256.0,0.03,0,6.43422858513e-15,0
256.0,0.035,4.16333634234e-19,-8.93709396927e-15,0
256.0,0.03,0.005,5.67137525217e-15,0
256.0,0.035,0.005,-9.24857155279e-15,0
256.0,0.03,0.01,3.80163692637e-15,0
256.0,0.035,0.01,-1.01108697794e-14,0
256.0,0.03,0.015,1.33260542525e-15,0
256.0,0.035,0.015,-1.11436865607e-14,0
256.0,0.03,0.02,-1.79326482842e-15,0
256.0,0.035,0.02,-1.24047585183e-14,0
256.0,0.03,0.025,-5.40326809549e-15,0
256.0,0.035,0.025,-1.38320349259e-14,0
256.0,0.03,0.03,-9.48440242186e-15,0
256.0,0.03,0.035,-1.40542161745e-14,0
256.0,0.035,0.03,-1.54207868353e-14,0
256.0,0.035,0.035,-1.71719131405e-14,0
256.0,0.03,0.04,-1.98047474491e-14,0
256.0,0.03,0.045,-2.68971113414e-14,0
256.0,0.035,0.04,-1.92943789954e-14,0
256.0,0.035,0.045,-2.18706057922e-14,0
256.0,0.03,0.05,-3.49217473576e-14,0
256.0,0.03,0.055,-4.36117969617e-14,0
256.0,0.035,0.05,-2.4917481827e-14,0
256.0,0.035,0.055,-2.84326168369e-14,0
256.0,0.03,0.06,-5.27898271283e-14,0
256.0,0.03,0.065,-6.24117189349e-14,0
256.0,0.035,0.06,-3.24068929394e-14,0
256.0,0.035,0.065,-3.68409364485e-14,0
256.0,0.03,0.07,-7.25817261558e-14,0
256.0,0.03,0.075,-8.36338982545e-14,0
256.0,0.035,0.07,-4.1810868973e-14,0
256.0,0.035,0.075,-4.74937489499e-14,0
256.0,0.04,-0.075,-7.99444720028e-15,0
256.0,0.04,-0.07,-8.45949223376e-15,0
256.0,0.045,-0.075,3.2698664763e-14,0
256.0,0.045,-0.07,2.65938495637e-14,0
256.0,0.04,-0.065,-9.50057768431e-15,0
256.0,0.045,-0.065,2.00999610066e-14,0
256.0,0.04,-0.06,-1.1066403247e-14,0
256.0,0.045,-0.06,1.31024879798e-14,0
256.0,0.04,-0.055,-1.31070310594e-14,0
256.0,0.045,-0.055,5.60072746719e-15,0
256.0,0.04,-0.05,-1.55484019181e-14,0
256.0,0.045,-0.05,-2.29738100142e-15,0
256.0,0.04,-0.045,-1.82668818013e-14,0
256.0,0.045,-0.045,-1.03601919654e-14,0
256.0,0.04,-0.04,-2.10032059475e-14,0
256.0,0.045,-0.04,-1.82202624528e-14,0
256.0,0.04,-0.035,-2.32522049755e-14,0
256.0,0.045,-0.035,-2.52704468533e-14,0
256.0,0.04,-0.03,-2.46698678252e-14,0
256.0,0.045,-0.03,-3.09375894323e-14,0
256.0,0.04,-0.025,-2.55264743746e-14,0
256.0,0.045,-0.025,-3.5367812878e-14,0
256.0,0.04,-0.02,-2.59928978109e-14,0
256.0,0.045,-0.02,-3.83914214568e-14,0
256.0,0.04,-0.015,-2.61781761174e-14,0
256.0,0.045,-0.015,-4.06545052641e-14,0
256.0,0.04,-0.01,-2.61155988288e-14,0
256.0,0.045,-0.01,-4.22006123953e-14,0
256.0,0.04,-0.005,-2.5780104642e-14,0
256.0,0.045,-0.005,-4.29488063864e-14,0
256.0,0.04,0,-2.53905277586e-14,0
256.0,0.045,4.16333634234e-19,-4.29838650811e-14,0
256.0,0.04,0.005,-2.52045245542e-14,0
256.0,0.045,0.005,-4.2195770225e-14,0
256.0,0.04,0.01,-2.49944462321e-14,0
256.0,0.045,0.01,-4.080420392e-14,0
256.0,0.04,0.015,-2.45108425102e-14,0
256.0,0.045,0.015,-3.86624072933e-14,0
256.0,0.04,0.02,-2.37852397116e-14,0
256.0,0.045,0.02,-3.57812694011e-14,0
256.0,0.04,0.025,-2.28200558573e-14,0
256.0,0.045,0.025,-3.21980551336e-14,0
256.0,0.04,0.03,-2.16131319905e-14,0
256.0,0.045,0.03,-2.78690241092e-14,0
256.0,0.04,0.035,-2.01690983858e-14,0
256.0,0.045,0.035,-2.28347204776e-14,0
256.0,0.04,0.04,-1.81722346963e-14,0
256.0,0.04,0.045,-1.57773999089e-14,0
256.0,0.045,0.04,-1.61211927592e-14,0
256.0,0.045,0.045,-8.49028014572e-15,0
256.0,0.04,0.05,-1.3482175153e-14,0
256.0,0.04,0.055,-1.15361854937e-14,0
256.0,0.045,0.05,-7.46916048377e-16,0
256.0,0.045,0.055,6.73434425271e-15,0
256.0,0.04,0.06,-1.00415549233e-14,0
256.0,0.04,0.065,-9.04554999852e-15,0
256.0,0.045,0.06,1.37494877769e-14,0
256.0,0.045,0.065,2.02188758349e-14,0
256.0,0.04,0.07,-8.56946951105e-15,0
256.0,0.04,0.075,-8.63765241078e-15,0
256.0,0.045,0.07,2.61735272588e-14,0
256.0,0.045,0.075,3.17538656673e-14,0
256.0,0.05,-0.075,7.38194783595e-14,0
256.0,0.05,-0.07,6.22486891627e-14,0
256.0,0.055,-0.075,1.14164945415e-13,0
256.0,0.055,-0.07,9.75384699342e-14,0
256.0,0.05,-0.065,5.04538367952e-14,0
256.0,0.055,-0.065,8.07736814315e-14,0
256.0,0.05,-0.06,3.81478635893e-14,0
256.0,0.055,-0.06,6.34229933471e-14,0
256.0,0.05,-0.055,2.52740800051e-14,0
256.0,0.055,-0.055,4.53809522072e-14,0
256.0,0.05,-0.05,1.19792055906e-14,0
256.0,0.055,-0.05,2.68238444777e-14,0
256.0,0.05,-0.045,-1.41702637546e-15,0
256.0,0.055,-0.045,8.16980277393e-15,0
256.0,0.05,-0.04,-1.44180078072e-14,0
256.0,0.055,-0.04,-9.99409167125e-15,0
256.0,0.05,-0.035,-2.63849925111e-14,0
256.0,0.055,-0.035,-2.69648102161e-14,0
256.0,0.05,-0.03,-3.67061311992e-14,0
256.0,0.055,-0.03,-4.2102663244e-14,0
256.0,0.05,-0.025,-4.51307312721e-14,0
256.0,0.055,-0.025,-5.49439321562e-14,0
256.0,0.05,-0.02,-5.15793565201e-14,0
256.0,0.055,-0.02,-6.52890208283e-14,0
256.0,0.05,-0.015,-5.64557584035e-14,0
256.0,0.055,-0.015,-7.3256173058e-14,0
256.0,0.05,-0.01,-5.98985479937e-14,0
256.0,0.055,-0.01,-7.88980284072e-14,0
256.0,0.05,-0.005,-6.18592136767e-14,0
256.0,0.055,-0.005,-8.21630391983e-14,0
256.0,0.05,0,-6.22583675105e-14,0
256.0,0.055,4.16333634234e-19,-8.29603985746e-14,0
256.0,0.05,0.005,-6.09881291088e-14,0
256.0,0.055,0.005,-8.12378744792e-14,0
256.0,0.05,0.01,-5.82704475986e-14,0
256.0,0.055,0.01,-7.71596237903e-14,0
256.0,0.05,0.015,-5.41773854203e-14,0
256.0,0.055,0.015,-7.08650582728e-14,0
256.0,0.05,0.02,-4.87345681382e-14,0
256.0,0.055,0.02,-6.24357182689e-14,0
256.0,0.05,0.025,-4.19615415541e-14,0
256.0,0.055,0.025,-5.19459559536e-14,0
256.0,0.05,0.03,-3.38254676806e-14,0
256.0,0.055,0.03,-3.94423185576e-14,0
256.0,0.05,0.035,-2.41992822899e-14,0
256.0,0.055,0.035,-2.49420095261e-14,0
256.0,0.05,0.04,-1.27214183574e-14,0
256.0,0.055,0.04,-8.49917669568e-15,0
256.0,0.05,0.045,-2.3972544859e-17,0
256.0,0.055,0.045,9.26061275641e-15,0
256.0,0.05,0.05,1.30539555656e-14,0
256.0,0.05,0.055,2.59576048682e-14,0
256.0,0.055,0.05,2.75259872886e-14,0
256.0,0.055,0.055,4.56578821432e-14,0
256.0,0.05,0.06,3.83701351134e-14,0
256.0,0.05,0.065,5.01686785529e-14,0
256.0,0.055,0.06,6.32255029534e-14,0
256.0,0.055,0.065,8.00620125507e-14,0
256.0,0.05,0.07,6.14341224025e-14,0
256.0,0.05,0.075,7.24770701878e-14,0
256.0,0.055,0.07,9.62901900235e-14,0
256.0,0.055,0.075,1.12373219621e-13,0
256.0,0.06,-0.075,1.52763478067e-13,0
256.0,0.06,-0.07,1.3167027891e-13,0
256.0,0.065,-0.075,1.88908601055e-13,0
256.0,0.065,-0.07,1.64173255692e-13,0
256.0,0.06,-0.065,1.10421486045e-13,0
256.0,0.065,-0.065,1.39050589086e-13,0
256.0,0.06,-0.06,8.84017520407e-14,0
256.0,0.065,-0.06,1.12784733349e-13,0
256.0,0.06,-0.055,6.54579916879e-14,0
256.0,0.065,-0.055,8.52261110008e-14,0
256.0,0.06,-0.05,4.18174422322e-14,0
256.0,0.065,-0.05,5.66634303577e-14,0
256.0,0.06,-0.045,1.79816936144e-14,0
256.0,0.065,-0.045,2.77190801601e-14,0
256.0,0.06,-0.04,-5.34988842976e-15,0
256.0,0.065,-0.04,-7.89442364283e-16,0
256.0,0.06,-0.035,-2.74001839666e-14,0
256.0,0.065,-0.035,-2.79562662888e-14,0
256.0,0.06,-0.03,-4.74242896137e-14,0
256.0,0.065,-0.03,-5.29097106999e-14,0
256.0,0.06,-0.025,-6.48294534014e-14,0
256.0,0.065,-0.025,-7.49037972683e-14,0
256.0,0.06,-0.02,-7.92341587851e-14,0
256.0,0.065,-0.02,-9.3383126114e-14,0
256.0,0.06,-0.015,-9.04946013468e-14,0
256.0,0.065,-0.015,-1.07972795166e-13,0
256.0,0.06,-0.01,-9.85075083506e-14,0
256.0,0.065,-0.01,-1.18433817759e-13,0
256.0,0.06,-0.005,-1.03186982408e-13,0
256.0,0.065,-0.005,-1.24585740871e-13,0
256.0,0.06,0,-1.04440533182e-13,0
256.0,0.065,4.16333634234e-19,-1.26338928404e-13,0
256.0,0.06,0.005,-1.02264827649e-13,0
256.0,0.065,0.005,-1.23684893023e-13,0
256.0,0.06,0.01,-9.6771673128e-14,0
256.0,0.065,0.01,-1.16739451431e-13,0
256.0,0.06,0.015,-8.81306966207e-14,0
256.0,0.065,0.015,-1.05682317919e-13,0
256.0,0.06,0.02,-7.64939818936e-14,0
256.0,0.065,0.02,-9.07623780922e-14,0
256.0,0.06,0.025,-6.20406445692e-14,0
256.0,0.065,0.025,-7.22635318684e-14,0
256.0,0.06,0.03,-4.49488014825e-14,0
256.0,0.065,0.03,-5.0550917904e-14,0
256.0,0.06,0.035,-2.54631445023e-14,0
256.0,0.065,0.035,-2.60813638712e-14,0
256.0,0.06,0.04,-3.95985522855e-15,0
256.0,0.065,0.04,5.26620274726e-16,0
256.0,0.06,0.045,1.88766480849e-14,0
256.0,0.065,0.045,2.84692344944e-14,0
256.0,0.06,0.05,4.22362439422e-14,0
256.0,0.065,0.05,5.68531516744e-14,0
256.0,0.06,0.055,6.53865145842e-14,0
256.0,0.065,0.055,8.48530350156e-14,0
256.0,0.06,0.06,8.78135799135e-14,0
256.0,0.06,0.065,1.0929156294e-13,0
256.0,0.065,0.06,1.1183947777e-13,0
256.0,0.065,0.065,1.37523801146e-13,0
256.0,0.06,0.07,1.29981894471e-13,0
256.0,0.06,0.075,1.50508462794e-13,0
256.0,0.065,0.07,1.62058581807e-13,0
256.0,0.065,0.075,1.86201202673e-13,0
256.0,0.07,-0.075,2.2250195966e-13,0
256.0,0.07,-0.07,1.95080110403e-13,0
256.0,0.075,-0.075,2.54136929473e-13,0
256.0,0.075,-0.07,2.25140908499e-13,0
256.0,0.07,-0.065,1.66731430951e-13,0
256.0,0.075,-0.065,1.94138207963e-13,0
256.0,0.07,-0.06,1.36630565292e-13,0
256.0,0.075,-0.06,1.60462429455e-13,0
256.0,0.07,-0.055,1.04673006162e-13,0
256.0,0.075,-0.055,1.24145101984e-13,0
256.0,0.07,-0.05,7.12784585089e-14,0
256.0,0.075,-0.05,8.58372029416e-14,0
256.0,0.07,-0.045,3.72189060205e-14,0
256.0,0.075,-0.045,4.64863284559e-14,0
256.0,0.07,-0.04,3.47467064016e-15,0
256.0,0.075,-0.04,7.29226062955e-15,0
256.0,0.07,-0.035,-2.88884525155e-14,0
256.0,0.075,-0.035,-3.04805044877e-14,0
256.0,0.07,-0.03,-5.88343365131e-14,0
256.0,0.075,-0.03,-6.56099673131e-14,0
256.0,0.07,-0.025,-8.5450416885e-14,0
256.0,0.075,-0.025,-9.69734000878e-14,0
256.0,0.07,-0.02,-1.07994415433e-13,0
256.0,0.075,-0.02,-1.23683045142e-13,0
256.0,0.07,-0.015,-1.25924354629e-13,0
256.0,0.075,-0.015,-1.44989448516e-13,0
256.0,0.07,-0.01,-1.38839907566e-13,0
256.0,0.075,-0.01,-1.60421655238e-13,0
256.0,0.07,-0.005,-1.4649891875e-13,0
256.0,0.075,-0.005,-1.69588202497e-13,0
256.0,0.07,0,-1.48752600941e-13,0
256.0,0.075,0,-1.72364684789e-13,0
256.0,0.07,0.005,-1.45608166632e-13,0
256.0,0.075,0.005,-1.68677613739e-13,0
256.0,0.07,0.01,-1.37167449294e-13,0
256.0,0.075,0.01,-1.58714865956e-13,0
256.0,0.07,0.015,-1.23673019215e-13,0
256.0,0.075,0.015,-1.4269974079e-13,0
256.0,0.07,0.02,-1.05433816702e-13,0
256.0,0.075,0.02,-1.21089826829e-13,0
256.0,0.07,0.025,-8.28808938568e-14,0
256.0,0.075,0.025,-9.4382236621e-14,0
256.0,0.07,0.03,-5.6533071616e-14,0
256.0,0.075,0.03,-6.33015605429e-14,0
256.0,0.07,0.035,-2.70592395591e-14,0
256.0,0.075,0.035,-2.86691177156e-14,0
256.0,0.07,0.04,4.72058342819e-15,0
256.0,0.075,0.04,8.47689828319e-15,0
256.0,0.07,0.045,3.7840180155e-14,0
256.0,0.075,0.045,4.6983254166e-14,0
256.0,0.07,0.05,7.1265341179e-14,0
256.0,0.075,0.05,8.56290961882e-14,0
256.0,0.07,0.055,1.04026407095e-13,0
256.0,0.075,0.055,1.23236077586e-13,0
256.0,0.07,0.06,1.35353908456e-13,0
256.0,0.075,0.06,1.58865559622e-13,0
256.0,0.07,0.065,1.6482944656e-13,0
256.0,0.075,0.065,1.91872272153e-13,0
256.0,0.07,0.07,1.92558897828e-13,0
256.0,0.07,0.075,2.19364809277e-13,0
256.0,0.075,0.07,2.22225936553e-13,0
256.0,0.075,0.075,2.50590146178e-13,0
258.0,-0.00382671281566,-0.00202612167119,0,0
258.0,-0.005,-0.005,2.60193330906e-14,0
258.0,-0.00197892066871,-0.00385133392306,0,0
258.0,-0.005,-0.00190753787223,1.55667782076e-14,0
258.0,-0.00433,0,0,0
258.0,-0.00190753787223,-0.005,1.54265164957e-14,0
258.0,0,-0.00433,0,0
258.0,-0.005,0.00190775150599,1.5557832833e-14,0
258.0,-0.00385133392306,0.00197892066871,0,0
258.0,0.00190775150599,-0.005,1.54143519354e-14,0
258.0,0.00202612167119,-0.00382671281566,0,0
258.0,-0.00202612167119,0.00382671281566,0,0
258.0,-0.005,0.005,2.59331012965e-14,0
258.0,-0.0019094272225,0.005,1.54509274643e-14,0
258.0,0,0.00433,0,0
258.0,0.00147766755988,0.00407006125046,0,0
258.0,8.32667268469e-19,0.005,1.17236967672e-14,0
258.0,0.00433,0,0,0
258.0,0.005,1.38777878078e-18,1.13969467328e-14,0
258.0,0.00407006125046,0.00147766755988,0,0
258.0,0.005,-0.005,2.6691393924e-14,0
258.0,0.00385133392306,-0.00197892066871,0,0
258.0,0.005,-0.0019094272225,1.56520828482e-14,0
258.0,0.00306177236254,0.00306177236254,0,0
258.0,0.0019094272225,0.005,1.56106669127e-14,0
258.0,0.005,0.0019094272225,1.57031092585e-14,0
258.0,-0.000885,-0.0015328649647,1.27151451167e-12,0
258.0,-0.0015328649647,-0.000885,1.27163689263e-12,0
258.0,-0.00186450691264,-0.00187567167242,8.43021717924e-13,0
258.0,-0.00177,0,1.2713286281e-12,0
258.0,-0.00268433516245,-0.000738983120158,7.5910361727e-13,0
258.0,0,-0.00177,1.27147615056e-12,0
258.0,-0.000718432264205,-0.00269192408424,7.57397457917e-13,0
258.0,-0.0015328649647,0.000885,1.2698241595e-12,0
258.0,-0.00265321485144,0.000647311733689,7.89886449895e-13,0
258.0,-0.000885,0.0015328649647,1.26819665608e-12,0
258.0,-0.00194719253591,0.00178443766524,8.43948023374e-13,0
258.0,0,0.00177,1.26409050545e-12,0
258.0,-0.000802720381054,0.00273415977115,7.17497315207e-13,0
258.0,0.000885,-0.0015328649647,1.27016499386e-12,0
258.0,0.00075154031863,-0.00270385456952,7.45287522753e-13,0
258.0,0.00177,0,1.26243027166e-12,0
258.0,0.0015328649647,-0.000885,1.26801258124e-12,0
258.0,0.00271471102228,-0.000564731152102,7.60911241442e-13,0
258.0,0.00192394637685,-0.00189207206672,8.1009270433e-13,0
258.0,0.00231817117671,0.00040530921667,9.8790661678e-13,0
258.0,0.0015328649647,0.000885,1.26069663915e-12,0
258.0,0.000885,0.0015328649647,1.26140169694e-12,0
258.0,0.000427053001345,0.00287092483521,6.82186940602e-13,0
258.0,0.00187618296239,0.00184774001435,8.33337024433e-13,0
258.0,0.00312733402203,0.000607809752493,5.19197150544e-13,0
258.0,0.00276214303706,0.00136595635004,5.76857245776e-13,0
258.0,0.0014100336009,0.00268674970267,6.04769436709e-13,0
258.0,-0.075,-0.075,2.23642764684e-13,0
258.0,-0.07,-0.075,1.98850685095e-13,0
258.0,-0.075,-0.07,1.95073547357e-13,0
258.0,-0.07,-0.07,1.71748917304e-13,0
258.0,-0.075,-0.065,1.6467317853e-13,0
258.0,-0.07,-0.065,1.43849047927e-13,0
258.0,-0.065,-0.075,1.72165203435e-13,0
258.0,-0.065,-0.07,1.47549853387e-13,0
258.0,-0.065,-0.065,1.2267309449e-13,0
258.0,-0.075,-0.06,1.31872973795e-13,0
258.0,-0.07,-0.06,1.14425564351e-13,0
258.0,-0.065,-0.06,9.68596049806e-14,0
258.0,-0.075,-0.055,9.67531866039e-14,0
258.0,-0.07,-0.055,8.34252287121e-14,0
258.0,-0.065,-0.055,7.00057371965e-14,0
258.0,-0.075,-0.05,5.99697221172e-14,0
258.0,-0.07,-0.05,5.1283059918e-14,0
258.0,-0.065,-0.05,4.24178732786e-14,0
258.0,-0.075,-0.045,2.24371760456e-14,0
258.0,-0.07,-0.045,1.87498481978e-14,0
258.0,-0.065,-0.045,1.47138154556e-14,0
258.0,-0.075,-0.04,-1.47209961649e-14,0
258.0,-0.07,-0.04,-1.3252897513e-14,0
258.0,-0.075,-0.035,-5.03632551184e-14,0
258.0,-0.07,-0.035,-4.37658493494e-14,0
258.0,-0.065,-0.04,-1.23248355885e-14,0
258.0,-0.065,-0.035,-3.78772580228e-14,0
258.0,-0.075,-0.03,-8.34227449448e-14,0
258.0,-0.07,-0.03,-7.19073782637e-14,0
258.0,-0.075,-0.025,-1.12942150867e-13,0
258.0,-0.07,-0.025,-9.69386223169e-14,0
258.0,-0.065,-0.03,-6.12299529641e-14,0
258.0,-0.065,-0.025,-8.18496889491e-14,0
258.0,-0.075,-0.02,-1.3815350722e-13,0
258.0,-0.07,-0.02,-1.18243040628e-13,0
258.0,-0.075,-0.015,-1.58354851114e-13,0
258.0,-0.07,-0.015,-1.35320264319e-13,0
258.0,-0.065,-0.02,-9.93439764976e-14,0
258.0,-0.065,-0.015,-1.13360293052e-13,0
258.0,-0.075,-0.01,-1.73040542652e-13,0
258.0,-0.07,-0.01,-1.47715415508e-13,0
258.0,-0.075,-0.005,-1.81744529117e-13,0
258.0,-0.07,-0.005,-1.55087649331e-13,0
258.0,-0.065,-0.01,-1.23571169719e-13,0
258.0,-0.065,-0.005,-1.29650701192e-13,0
258.0,-0.075,0,-1.84257063532e-13,0
258.0,-0.07,0,-1.57193543875e-13,0
258.0,-0.075,0.005,-1.80460824499e-13,0
258.0,-0.07,0.005,-1.53986253595e-13,0
258.0,-0.065,4.16333634234e-19,-1.31387911507e-13,0
258.0,-0.065,0.005,-1.28715227021e-13,0
258.0,-0.075,0.01,-1.70539381358e-13,0
258.0,-0.07,0.01,-1.45573003363e-13,0
258.0,-0.075,0.015,-1.54764076469e-13,0
258.0,-0.07,0.015,-1.32253232513e-13,0
258.0,-0.065,0.01,-1.21754861829e-13,0
258.0,-0.065,0.015,-1.10770860336e-13,0
258.0,-0.075,0.02,-1.33650198727e-13,0
258.0,-0.07,0.02,-1.14413849622e-13,0
258.0,-0.075,0.025,-1.07739415053e-13,0
258.0,-0.07,0.025,-9.25408215957e-14,0
258.0,-0.065,0.02,-9.61332203195e-14,0
258.0,-0.065,0.025,-7.8196019372e-14,0
258.0,-0.075,0.03,-7.77521529875e-14,0
258.0,-0.07,0.03,-6.71512304678e-14,0
258.0,-0.075,0.035,-4.4464854794e-14,0
258.0,-0.07,0.035,-3.88670824144e-14,0
258.0,-0.065,0.03,-5.73234331477e-14,0
258.0,-0.065,0.035,-3.39115717584e-14,0
258.0,-0.075,0.04,-8.83200858256e-15,0
258.0,-0.07,0.04,-8.42716859475e-15,0
258.0,-0.075,0.045,2.8087038125e-14,0
258.0,-0.07,0.045,2.32921942426e-14,0
258.0,-0.065,0.04,-8.4931847136e-15,0
258.0,-0.065,0.045,1.82171318957e-14,0
258.0,-0.075,0.05,6.51679260919e-14,0
258.0,-0.07,0.05,5.53433344926e-14,0
258.0,-0.075,0.055,1.01312408175e-13,0
258.0,-0.07,0.055,8.68266447901e-14,0
258.0,-0.065,0.05,4.54041782484e-14,0
258.0,-0.065,0.055,7.23049333702e-14,0
258.0,-0.075,0.06,1.35640558503e-13,0
258.0,-0.07,0.06,1.17022214236e-13,0
258.0,-0.075,0.065,1.67536528412e-13,0
258.0,-0.07,0.065,1.45532092131e-13,0
258.0,-0.065,0.06,9.8330537666e-14,0
258.0,-0.065,0.065,1.23209467344e-13,0
258.0,-0.075,0.07,1.96961519279e-13,0
258.0,-0.07,0.07,1.72448153174e-13,0
258.0,-0.075,0.075,2.24523300758e-13,0
258.0,-0.07,0.075,1.98532791224e-13,0
258.0,-0.065,0.07,1.47081407316e-13,0
258.0,-0.065,0.075,1.70654590822e-13,0
258.0,-0.06,-0.075,1.42898419169e-13,0
258.0,-0.06,-0.07,1.21654306802e-13,0
258.0,-0.06,-0.065,1.00405127656e-13,0
258.0,-0.055,-0.075,1.1096827935e-13,0
258.0,-0.055,-0.07,9.38746417485e-14,0
258.0,-0.055,-0.065,7.68359466353e-14,0
258.0,-0.06,-0.06,7.85870119633e-14,0
258.0,-0.06,-0.055,5.60773226513e-14,0
258.0,-0.055,-0.06,5.94215059012e-14,0
258.0,-0.055,-0.055,4.15336310113e-14,0
258.0,-0.06,-0.05,3.311982859e-14,0
258.0,-0.055,-0.05,2.33512936523e-14,0
258.0,-0.06,-0.045,1.0221083654e-14,0
258.0,-0.055,-0.045,5.30409556169e-15,0
258.0,-0.06,-0.04,-1.19209384991e-14,0
258.0,-0.055,-0.04,-1.19943717391e-14,0
258.0,-0.06,-0.035,-3.2567743022e-14,0
258.0,-0.055,-0.035,-2.77962078061e-14,0
258.0,-0.06,-0.03,-5.11332880251e-14,0
258.0,-0.06,-0.025,-6.73328149675e-14,0
258.0,-0.055,-0.03,-4.15734346237e-14,0
258.0,-0.055,-0.025,-5.33560362538e-14,0
258.0,-0.06,-0.02,-8.10070546545e-14,0
258.0,-0.06,-0.015,-9.20106535112e-14,0
258.0,-0.055,-0.02,-6.32498991493e-14,0
258.0,-0.055,-0.015,-7.12835867314e-14,0
258.0,-0.06,-0.01,-1.00089737668e-13,0
258.0,-0.06,-0.005,-1.04936475089e-13,0
258.0,-0.055,-0.01,-7.73205203652e-14,0
258.0,-0.055,-0.005,-8.09801632057e-14,0
258.0,-0.06,0,-1.06311994378e-13,0
258.0,-0.06,0.005,-1.04157042175e-13,0
258.0,-0.055,4.16333634234e-19,-8.20136691324e-14,0
258.0,-0.055,0.005,-8.03513709175e-14,0
258.0,-0.06,0.01,-9.85792013845e-14,0
258.0,-0.06,0.015,-8.98668825267e-14,0
258.0,-0.055,0.01,-7.61060289664e-14,0
258.0,-0.055,0.015,-6.95696675597e-14,0
258.0,-0.06,0.02,-7.83756072023e-14,0
258.0,-0.06,0.025,-6.43757112094e-14,0
258.0,-0.055,0.02,-6.11747210637e-14,0
258.0,-0.055,0.025,-5.10550485702e-14,0
258.0,-0.06,0.03,-4.80202018268e-14,0
258.0,-0.06,0.035,-2.94716863743e-14,0
258.0,-0.055,0.03,-3.91864695805e-14,0
258.0,-0.055,0.035,-2.54858929558e-14,0
258.0,-0.06,0.04,-9.01163192754e-15,0
258.0,-0.06,0.045,1.27605915166e-14,0
258.0,-0.055,0.04,-9.9120986375e-15,0
258.0,-0.055,0.045,6.97650723587e-15,0
258.0,-0.06,0.05,3.51053264305e-14,0
258.0,-0.06,0.055,5.73419368877e-14,0
258.0,-0.055,0.05,2.44291826896e-14,0
258.0,-0.055,0.055,4.18520506994e-14,0
258.0,-0.06,0.06,7.89924793639e-14,0
258.0,-0.06,0.065,9.9846843266e-14,0
258.0,-0.055,0.06,5.88450567253e-14,0
258.0,-0.055,0.065,7.5261537713e-14,0
258.0,-0.06,0.07,1.20060929464e-13,0
258.0,-0.06,0.075,1.40226660707e-13,0
258.0,-0.055,0.07,9.12292118009e-14,0
258.0,-0.055,0.075,1.0720144799e-13,0
258.0,-0.05,-0.075,7.68412225996e-14,0
258.0,-0.05,-0.07,6.44749723302e-14,0
258.0,-0.045,-0.075,4.12305664994e-14,0
258.0,-0.045,-0.07,3.40215716355e-14,0
258.0,-0.05,-0.065,5.2129474021e-14,0
258.0,-0.045,-0.065,2.67197173757e-14,0
258.0,-0.05,-0.06,3.94983333283e-14,0
258.0,-0.05,-0.055,2.65077108359e-14,0
258.0,-0.045,-0.06,1.91610213296e-14,0
258.0,-0.045,-0.055,1.13029369547e-14,0
258.0,-0.05,-0.05,1.32851981313e-14,0
258.0,-0.05,-0.045,1.43300145612e-16,0
258.0,-0.045,-0.05,3.21656754431e-15,0
258.0,-0.045,-0.045,-4.90588080642e-15,0
258.0,-0.05,-0.04,-1.23804323308e-14,0
258.0,-0.045,-0.04,-1.27089955007e-14,0
258.0,-0.05,-0.035,-2.35023404187e-14,0
258.0,-0.045,-0.035,-1.94421956019e-14,0
258.0,-0.05,-0.03,-3.26149159505e-14,0
258.0,-0.045,-0.03,-2.43214124727e-14,0
258.0,-0.05,-0.025,-4.01847479732e-14,0
258.0,-0.045,-0.025,-2.83478608018e-14,0
258.0,-0.05,-0.02,-4.64882426731e-14,0
258.0,-0.05,-0.015,-5.16714783449e-14,0
258.0,-0.045,-0.02,-3.15897486097e-14,0
258.0,-0.045,-0.015,-3.41082015061e-14,0
258.0,-0.05,-0.01,-5.57541957049e-14,0
258.0,-0.05,-0.005,-5.82535916764e-14,0
258.0,-0.045,-0.01,-3.62213900708e-14,0
258.0,-0.045,-0.005,-3.7472118478e-14,0
258.0,-0.05,0,-5.89315162142e-14,0
258.0,-0.05,0.005,-5.77681445992e-14,0
258.0,-0.045,4.16333634234e-19,-3.77671646584e-14,0
258.0,-0.045,0.005,-3.71126055025e-14,0
258.0,-0.05,0.01,-5.48246833109e-14,0
258.0,-0.05,0.015,-5.03814965976e-14,0
258.0,-0.045,0.01,-3.55397605124e-14,0
258.0,-0.045,0.015,-3.3180745486e-14,0
258.0,-0.05,0.02,-4.4951010495e-14,0
258.0,-0.05,0.025,-3.84922409258e-14,0
258.0,-0.045,0.02,-3.04913113995e-14,0
258.0,-0.045,0.025,-2.71459888891e-14,0
258.0,-0.05,0.03,-3.08705080059e-14,0
258.0,-0.05,0.035,-2.18452303911e-14,0
258.0,-0.045,0.03,-2.31113819211e-14,0
258.0,-0.045,0.035,-1.83428381349e-14,0
258.0,-0.05,0.04,-1.09975595363e-14,0
258.0,-0.05,0.045,1.06790047168e-15,0
258.0,-0.045,0.04,-1.19027398217e-14,0
258.0,-0.045,0.045,-4.6009784186e-15,0
258.0,-0.05,0.05,1.35698048016e-14,0
258.0,-0.05,0.055,2.59914399575e-14,0
258.0,-0.045,0.05,2.83728112237e-15,0
258.0,-0.045,0.055,1.0083267393e-14,0
258.0,-0.05,0.06,3.80495414382e-14,0
258.0,-0.05,0.065,4.96471540455e-14,0
258.0,-0.045,0.06,1.69738838357e-14,0
258.0,-0.045,0.065,2.34668882061e-14,0
258.0,-0.05,0.07,6.08848396569e-14,0
258.0,-0.05,0.075,7.20857764557e-14,0
258.0,-0.045,0.07,2.96277257413e-14,0
258.0,-0.045,0.075,3.56323839775e-14,0
258.0,-0.04,-0.075,5.09352084788e-15,0
258.0,-0.04,-0.07,3.26019471938e-15,0
258.0,-0.035,-0.075,-3.05331607068e-14,0
258.0,-0.035,-0.07,-2.69656196576e-14,0
258.0,-0.04,-0.065,1.19362314093e-15,0
258.0,-0.035,-0.065,-2.3785458199e-14,0
258.0,-0.04,-0.06,-1.13130175908e-15,0
258.0,-0.035,-0.06,-2.08828993846e-14,0
258.0,-0.04,-0.055,-3.72164955529e-15,0
258.0,-0.035,-0.055,-1.82245809802e-14,0
258.0,-0.04,-0.05,-6.55160367984e-15,0
258.0,-0.04,-0.045,-9.5415004399e-15,0
258.0,-0.035,-0.05,-1.58382745248e-14,0
258.0,-0.035,-0.045,-1.37631403699e-14,0
258.0,-0.04,-0.04,-1.24826711644e-14,0
258.0,-0.04,-0.035,-1.49229881087e-14,0
258.0,-0.035,-0.04,-1.20362357415e-14,0
258.0,-0.035,-0.035,-1.06706188311e-14,0
258.0,-0.04,-0.03,-1.66497665889e-14,0
258.0,-0.035,-0.03,-9.58009539525e-15,0
258.0,-0.04,-0.025,-1.79567586043e-14,0
258.0,-0.035,-0.025,-8.470487422e-15,0
258.0,-0.04,-0.02,-1.88302080576e-14,0
258.0,-0.035,-0.02,-7.32903739065e-15,0
258.0,-0.04,-0.015,-1.92434852446e-14,0
258.0,-0.035,-0.015,-6.13403251608e-15,0
258.0,-0.04,-0.01,-1.92635856628e-14,0
258.0,-0.04,-0.005,-1.92166232146e-14,0
258.0,-0.035,-0.01,-4.84241574804e-15,0
258.0,-0.035,-0.005,-3.96880190072e-15,0
258.0,-0.04,0,-1.91270133258e-14,0
258.0,-0.04,0.005,-1.89585506851e-14,0
258.0,-0.035,4.16333634234e-19,-3.60539787742e-15,0
258.0,-0.035,0.005,-3.7904577751e-15,0
258.0,-0.04,0.01,-1.87725280297e-14,0
258.0,-0.04,0.015,-1.85704602333e-14,0
258.0,-0.035,0.01,-4.50192842472e-15,0
258.0,-0.035,0.015,-5.66348276041e-15,0
258.0,-0.04,0.02,-1.80382337897e-14,0
258.0,-0.04,0.025,-1.71126403245e-14,0
258.0,-0.035,0.02,-6.79314783259e-15,0
258.0,-0.035,0.025,-7.92309888326e-15,0
258.0,-0.04,0.03,-1.5841372048e-14,0
258.0,-0.04,0.035,-1.42487918482e-14,0
258.0,-0.035,0.03,-9.0973424861e-15,0
258.0,-0.035,0.035,-1.03443108358e-14,0
258.0,-0.04,0.04,-1.21314557717e-14,0
258.0,-0.04,0.045,-9.72895493204e-15,0
258.0,-0.035,0.04,-1.2041252625e-14,0
258.0,-0.035,0.045,-1.43203221187e-14,0
258.0,-0.04,0.05,-7.45765587999e-15,0
258.0,-0.04,0.055,-5.49867807922e-15,0
258.0,-0.035,0.05,-1.71298869497e-14,0
258.0,-0.035,0.055,-2.04020184356e-14,0
258.0,-0.04,0.06,-3.90218904994e-15,0
258.0,-0.04,0.065,-2.66726164014e-15,0
258.0,-0.035,0.06,-2.40677129596e-14,0
258.0,-0.035,0.065,-2.80720572267e-14,0
258.0,-0.04,0.07,-1.76612577109e-15,0
258.0,-0.04,0.075,-1.16657971269e-15,0
258.0,-0.035,0.07,-3.24299877172e-14,0
258.0,-0.035,0.075,-3.72461034388e-14,0
258.0,-0.03,-0.075,-6.4575705076e-14,0
258.0,-0.03,-0.07,-5.57795024511e-14,0
258.0,-0.025,-0.075,-9.59626494167e-14,0
258.0,-0.025,-0.07,-8.23262930363e-14,0
258.0,-0.03,-0.065,-4.75368119663e-14,0
258.0,-0.025,-0.065,-6.9387272353e-14,0
258.0,-0.03,-0.06,-3.95956916143e-14,0
258.0,-0.025,-0.06,-5.67923017672e-14,0
258.0,-0.03,-0.055,-3.19011451159e-14,0
258.0,-0.025,-0.055,-4.44531008318e-14,0
258.0,-0.03,-0.05,-2.45323844672e-14,0
258.0,-0.025,-0.05,-3.25244860028e-14,0
258.0,-0.03,-0.045,-1.7693569047e-14,0
258.0,-0.025,-0.045,-2.13587738145e-14,0
258.0,-0.03,-0.04,-1.16814486061e-14,0
258.0,-0.03,-0.035,-6.92950092878e-15,0
258.0,-0.025,-0.04,-1.15048097495e-14,0
258.0,-0.025,-0.035,-3.74677398892e-15,0
258.0,-0.03,-0.03,-3.25105824978e-15,0
258.0,-0.03,-0.025,4.57877457561e-17,0
258.0,-0.025,-0.03,2.23849404875e-15,0
258.0,-0.025,-0.025,7.47539772291e-15,0
258.0,-0.03,-0.02,2.9525426157e-15,0
258.0,-0.025,-0.02,1.19367684683e-14,0
258.0,-0.03,-0.015,5.45002881315e-15,0
258.0,-0.025,-0.015,1.56233407196e-14,0
258.0,-0.03,-0.01,7.44977032442e-15,0
258.0,-0.025,-0.01,1.83629122213e-14,0
258.0,-0.03,-0.005,8.7566843901e-15,0
258.0,-0.025,-0.005,2.00115611202e-14,0
258.0,-0.03,0,9.24125532916e-15,0
258.0,-0.03,0.005,8.86852082305e-15,0
258.0,-0.025,4.16333634234e-19,2.05776427394e-14,0
258.0,-0.025,0.005,2.0056349593e-14,0
258.0,-0.03,0.01,7.6613305885e-15,0
258.0,-0.03,0.015,5.7352296854e-15,0
258.0,-0.025,0.01,1.84513826549e-14,0
258.0,-0.025,0.015,1.57455387889e-14,0
258.0,-0.03,0.02,3.27350771635e-15,0
258.0,-0.03,0.025,3.54443076828e-16,0
258.0,-0.025,0.02,1.20747076712e-14,0
258.0,-0.025,0.025,7.59520756294e-15,0
258.0,-0.03,0.03,-3.0200558918e-15,0
258.0,-0.03,0.035,-6.85679644473e-15,0
258.0,-0.025,0.03,2.28623544011e-15,0
258.0,-0.025,0.035,-3.842365941e-15,0
258.0,-0.03,0.04,-1.19370131588e-14,0
258.0,-0.03,0.045,-1.84941928622e-14,0
258.0,-0.025,0.04,-1.1901861798e-14,0
258.0,-0.025,0.045,-2.22716578747e-14,0
258.0,-0.03,0.05,-2.60627378818e-14,0
258.0,-0.03,0.055,-3.43146972613e-14,0
258.0,-0.025,0.05,-3.41426537556e-14,0
258.0,-0.025,0.055,-4.69337698266e-14,0
258.0,-0.03,0.06,-4.30139659735e-14,0
258.0,-0.03,0.065,-5.20543830536e-14,0
258.0,-0.025,0.06,-6.02596249007e-14,0
258.0,-0.025,0.065,-7.39360091192e-14,0
258.0,-0.03,0.07,-6.1471911407e-14,0
258.0,-0.03,0.075,-7.15151328637e-14,0
258.0,-0.025,0.07,-8.80316012437e-14,0
258.0,-0.025,0.075,-1.02894677424e-13,0
258.0,-0.02,-0.075,-1.2372457129e-13,0
258.0,-0.02,-0.07,-1.05786798342e-13,0
258.0,-0.015,-0.075,-1.46929677508e-13,0
258.0,-0.015,-0.07,-1.25433827792e-13,0
258.0,-0.02,-0.065,-8.87071793179e-14,0
258.0,-0.015,-0.065,-1.04908835396e-13,0
258.0,-0.02,-0.06,-7.20071015634e-14,0
258.0,-0.015,-0.06,-8.4818726033e-14,0
258.0,-0.02,-0.055,-5.55956873958e-14,0
258.0,-0.015,-0.055,-6.50432087189e-14,0
258.0,-0.02,-0.05,-3.96754058634e-14,0
258.0,-0.015,-0.05,-4.58443484732e-14,0
258.0,-0.02,-0.045,-2.47349849179e-14,0
258.0,-0.015,-0.045,-2.78041779727e-14,0
258.0,-0.02,-0.04,-1.15307797931e-14,0
258.0,-0.015,-0.04,-1.18131077252e-14,0
258.0,-0.02,-0.035,-1.12337561741e-15,0
258.0,-0.015,-0.035,8.6801951464e-16,0
258.0,-0.02,-0.03,6.83886606815e-15,0
258.0,-0.02,-0.025,1.37052714021e-14,0
258.0,-0.015,-0.03,1.0537000616e-14,0
258.0,-0.015,-0.025,1.87088107477e-14,0
258.0,-0.02,-0.02,1.94086562611e-14,0
258.0,-0.02,-0.015,2.39499407686e-14,0
258.0,-0.015,-0.02,2.52325234201e-14,0
258.0,-0.015,-0.015,2.99861427762e-14,0
258.0,-0.02,-0.01,2.71584445567e-14,0
258.0,-0.015,-0.01,3.28116955103e-14,0
258.0,-0.02,-0.005,2.89142319851e-14,0
258.0,-0.015,-0.005,3.40228938304e-14,0
258.0,-0.02,0,2.94362539268e-14,0
258.0,-0.015,4.16333634234e-19,3.42686594863e-14,0
258.0,-0.02,0.005,2.88790890213e-14,0
258.0,-0.015,0.005,3.38661426404e-14,0
258.0,-0.02,0.01,2.7107644891e-14,0
258.0,-0.02,0.015,2.39012091815e-14,0
258.0,-0.015,0.01,3.25635233595e-14,0
258.0,-0.015,0.015,2.97131545495e-14,0
258.0,-0.02,0.02,1.93744136081e-14,0
258.0,-0.02,0.025,1.36741863976e-14,0
258.0,-0.015,0.02,2.50031970528e-14,0
258.0,-0.015,0.025,1.85479047086e-14,0
258.0,-0.02,0.03,6.76899340879e-15,0
258.0,-0.02,0.035,-1.29505355942e-15,0
258.0,-0.015,0.03,1.04114172113e-14,0
258.0,-0.015,0.035,7.2314759657e-16,0
258.0,-0.02,0.04,-1.195103604e-14,0
258.0,-0.02,0.045,-2.56220517045e-14,0
258.0,-0.015,0.04,-1.21164917977e-14,0
258.0,-0.015,0.045,-2.8515936337e-14,0
258.0,-0.02,0.05,-4.12266970503e-14,0
258.0,-0.02,0.055,-5.79749776677e-14,0
258.0,-0.015,0.05,-4.71740754463e-14,0
258.0,-0.015,0.055,-6.71594653366e-14,0
258.0,-0.02,0.06,-7.53414513073e-14,0
258.0,-0.02,0.065,-9.30918970543e-14,0
258.0,-0.015,0.06,-8.78497046881e-14,0
258.0,-0.015,0.065,-1.08948491086e-13,0
258.0,-0.02,0.07,-1.11294764923e-13,0
258.0,-0.02,0.075,-1.3042199049e-13,0
258.0,-0.015,0.07,-1.30551247328e-13,0
258.0,-0.015,0.075,-1.5318321817e-13,0
258.0,-0.01,-0.075,-1.64846941406e-13,0
258.0,-0.01,-0.07,-1.4061598868e-13,0
258.0,-0.005,-0.075,-1.7680598413e-13,0
258.0,-0.005,-0.07,-1.50826560888e-13,0
258.0,-0.01,-0.065,-1.17488592102e-13,0
258.0,-0.005,-0.065,-1.26014732044e-13,0
258.0,-0.01,-0.06,-9.48324994014e-14,0
258.0,-0.005,-0.06,-1.01726118021e-13,0
258.0,-0.01,-0.055,-7.25341369033e-14,0
258.0,-0.005,-0.055,-7.7818573197e-14,0
258.0,-0.01,-0.05,-5.08767402839e-14,0
258.0,-0.005,-0.05,-5.46073498179e-14,0
258.0,-0.01,-0.045,-3.05187971202e-14,0
258.0,-0.005,-0.045,-3.27852136605e-14,0
258.0,-0.01,-0.04,-1.24521848605e-14,0
258.0,-0.005,-0.04,-1.33868786523e-14,0
258.0,-0.01,-0.035,1.99302502622e-15,0
258.0,-0.005,-0.035,2.23487078314e-15,0
258.0,-0.01,-0.03,1.30706807914e-14,0
258.0,-0.005,-0.03,1.42573546625e-14,0
258.0,-0.01,-0.025,2.21700938142e-14,0
258.0,-0.005,-0.025,2.37568607816e-14,0
258.0,-0.01,-0.02,2.9062788457e-14,0
258.0,-0.01,-0.015,3.33764394869e-14,0
258.0,-0.005,-0.02,3.05792302766e-14,0
258.0,-0.005,-0.015,3.42262833821e-14,0
258.0,-0.0117873230072,-0.0115873794689,3.41128391884e-14,0
258.0,-0.00939961996336,-0.005,3.33100763426e-14,0
258.0,-0.00792797428371,-0.00964253216809,3.43424981946e-14,0
258.0,-0.005,-0.00939961996336,3.27384571391e-14,0
258.0,-0.0108753492546,-0.00150606400588,3.3653012133e-14,0
258.0,-0.00818101620308,-0.00211452602544,2.98411024822e-14,0
258.0,-0.00651817360753,-0.000255934956239,2.32790569861e-14,0
258.0,-0.005,6.71033969428e-08,1.14963464137e-14,0
258.0,-0.0107292118043,0.00160660295843,3.34657137907e-14,0
258.0,-0.0080188992252,0.000768320427092,2.87010427399e-14,0
258.0,-0.00939946851065,0.005,3.30835630097e-14,0
258.0,-0.00802129342231,0.00264911934363,2.9791933243e-14,0
258.0,-0.00887989370213,0.00887989479405,3.40441840575e-14,0
258.0,-0.01,0.015,3.29355503638e-14,0
258.0,-0.005,0.00939947397025,3.24038348076e-14,0
258.0,-0.005,0.015,3.38689249062e-14,0
258.0,-0.01,0.02,2.87383836798e-14,0
258.0,-0.01,0.025,2.2027197431e-14,0
258.0,-0.005,0.02,3.04438702907e-14,0
258.0,-0.005,0.025,2.39666289157e-14,0
258.0,-0.01,0.03,1.30779778246e-14,0
258.0,-0.01,0.035,2.08628466965e-15,0
258.0,-0.005,0.03,1.47420109104e-14,0
258.0,-0.005,0.035,2.80707753999e-15,0
258.0,-0.01,0.04,-1.24644580363e-14,0
258.0,-0.01,0.045,-3.09052416865e-14,0
258.0,-0.005,0.04,-1.29726575451e-14,0
258.0,-0.005,0.045,-3.27290150198e-14,0
258.0,-0.01,0.05,-5.18420469611e-14,0
258.0,-0.01,0.055,-7.42430459057e-14,0
258.0,-0.005,0.05,-5.50931433767e-14,0
258.0,-0.005,0.055,-7.90044418272e-14,0
258.0,-0.01,0.06,-9.74109860143e-14,0
258.0,-0.01,0.065,-1.21027335467e-13,0
258.0,-0.005,0.06,-1.03734783963e-13,0
258.0,-0.005,0.065,-1.28931797496e-13,0
258.0,-0.01,0.07,-1.45177613752e-13,0
258.0,-0.01,0.075,-1.70479445474e-13,0
258.0,-0.005,0.07,-1.54706347017e-13,0
258.0,-0.005,0.075,-1.81682930766e-13,0
258.0,0,-0.075,-1.82409347115e-13,0
258.0,0,-0.07,-1.55668493116e-13,0
258.0,0.005,-0.075,-1.81342287646e-13,0
258.0,0.005,-0.07,-1.54929148597e-13,0
258.0,0,-0.065,-1.30176800379e-13,0
258.0,0.005,-0.065,-1.29766378816e-13,0
258.0,0,-0.06,-1.05230536974e-13,0
258.0,0.005,-0.06,-1.05182112922e-13,0
258.0,0,-0.055,-8.06960656516e-14,0
258.0,0.005,-0.055,-8.10128214815e-14,0
258.0,0,-0.05,-5.68761857794e-14,0
258.0,0.005,-0.05,-5.75574907191e-14,0
258.0,0,-0.045,-3.44775669227e-14,0
258.0,0.005,-0.045,-3.54971672066e-14,0
258.0,0,-0.04,-1.45561500569e-14,0
258.0,0.005,-0.04,-1.58708789122e-14,0
258.0,0,-0.035,1.5561506621e-15,0
258.0,0.005,-0.035,-1.06670937874e-16,0
258.0,0,-0.03,1.39682878823e-14,0
258.0,0.005,-0.03,1.20230840759e-14,0
258.0,0,-0.025,2.36127114709e-14,0
258.0,0.005,-0.025,2.18029806856e-14,0
258.0,0,-0.02,3.03828654025e-14,0
258.0,0.005,-0.02,2.90839128953e-14,0
258.0,0,-0.015,3.38608665506e-14,0
258.0,0.005,-0.015,3.35320464947e-14,0
258.0,-0.0021196717084,-0.00776771017156,2.7781777871e-14,0
258.0,-0.00084550708518,-0.00631514607954,2.16162886948e-14,0
258.0,6.71033969406e-08,-0.005,1.18606535299e-14,0
258.0,-0.00139054260708,-0.0110960807567,3.28121426978e-14,0
258.0,0.00132468676756,-0.00775008274642,2.72188231735e-14,0
258.0,0.00160394440688,-0.0116908851489,3.3245193442e-14,0
258.0,0.005,-0.00939946851065,3.29898830744e-14,0
258.0,0.005,0.005,2.60213784958e-14,0
258.0,-0.000107646311398,0.00617659695633,2.06260065789e-14,0
258.0,-0.00190846935279,0.0076427502668,2.70532687958e-14,0
258.0,0.00131146485568,0.00777290068297,2.67772732436e-14,0
258.0,0.00295884413402,0.00640276348073,2.486122597e-14,0
258.0,-1.21517769428e-05,0.0108932602996,3.20871640994e-14,0
258.0,0,0.015,3.36660794005e-14,0
258.0,0.005,0.00939942566771,3.24393956369e-14,0
258.0,0.005,0.015,3.34958986858e-14,0
258.0,0,0.02,3.05752314365e-14,0
258.0,0,0.025,2.42967240211e-14,0
258.0,0.005,0.02,2.95787049864e-14,0
258.0,0.005,0.025,2.28084577859e-14,0
258.0,0,0.03,1.50117319184e-14,0
258.0,0,0.035,2.62453324135e-15,0
258.0,0.005,0.03,1.34018917833e-14,0
258.0,0.005,0.035,1.40180434764e-15,0
258.0,0,0.04,-1.36634091384e-14,0
258.0,0,0.045,-3.39039072925e-14,0
258.0,0.005,0.04,-1.44602633952e-14,0
258.0,0.005,0.045,-3.43621496871e-14,0
258.0,0,0.05,-5.68028582444e-14,0
258.0,0,0.055,-8.12803180367e-14,0
258.0,0.005,0.05,-5.68838710044e-14,0
258.0,0.005,0.055,-8.09598766392e-14,0
258.0,0,0.06,-1.06592251281e-13,0
258.0,0,0.065,-1.32395522732e-13,0
258.0,0.005,0.06,-1.05866686106e-13,0
258.0,0.005,0.065,-1.31260508498e-13,0
258.0,0,0.07,-1.58788165255e-13,0
258.0,0,0.075,-1.86448893514e-13,0
258.0,0.005,0.07,-1.57264914742e-13,0
258.0,0.005,0.075,-1.84521690444e-13,0
258.0,0.01,-0.075,-1.73604904009e-13,0
258.0,0.01,-0.07,-1.48530920374e-13,0
258.0,0.015,-0.075,-1.59297158544e-13,0
258.0,0.015,-0.07,-1.36598770512e-13,0
258.0,0.01,-0.065,-1.24722741638e-13,0
258.0,0.015,-0.065,-1.15102288909e-13,0
258.0,0.01,-0.06,-1.01494448274e-13,0
258.0,0.015,-0.06,-9.41996265772e-14,0
258.0,0.01,-0.055,-7.86928013388e-14,0
258.0,0.015,-0.055,-7.37142785274e-14,0
258.0,0.01,-0.05,-5.65682611732e-14,0
258.0,0.015,-0.05,-5.38622252268e-14,0
258.0,0.01,-0.045,-3.57569702412e-14,0
258.0,0.015,-0.045,-3.51839986714e-14,0
258.0,0.01,-0.04,-1.72542793375e-14,0
258.0,0.015,-0.04,-1.85431907969e-14,0
258.0,0.01,-0.035,-2.46067737528e-15,0
258.0,0.015,-0.035,-5.18566346781e-15,0
258.0,0.01,-0.03,8.98823431443e-15,0
258.0,0.015,-0.03,5.27298376718e-15,0
258.0,0.01,-0.025,1.86632588709e-14,0
258.0,0.015,-0.025,1.4383399099e-14,0
258.0,0.01,-0.02,2.64130250904e-14,0
258.0,0.01,-0.015,3.21618176531e-14,0
258.0,0.015,-0.02,2.21290772996e-14,0
258.0,0.015,-0.015,2.87290399483e-14,0
258.0,0.00999280436795,-0.0116358337096,3.45519073956e-14,0
258.0,0.0105889214373,-0.00845762197625,3.5698504485e-14,0
258.0,0.015,-0.01,3.37732917102e-14,0
258.0,0.00939947397025,-0.005,3.53199711548e-14,0
258.0,0.015,-0.005,3.67917146907e-14,0
258.0,0.00658051136513,-0.00296146438142,2.85748348222e-14,0
258.0,0.00636794669772,-3.54305826484e-06,2.46301834154e-14,0
258.0,0.00795807888052,-0.00113999998936,3.17219646628e-14,0
258.0,0.00758147027913,0.00183630393596,3.05703245024e-14,0
258.0,0.0112534647756,-1.47536350887e-07,3.73738595649e-14,0
258.0,0.015,4.16333634234e-19,3.79555965968e-14,0
258.0,0.00939942566771,0.005,3.48652331063e-14,0
258.0,0.015,0.005,3.67517282725e-14,0
258.0,0.00999018807453,0.0109670628501,3.47123156492e-14,0
258.0,0.01,0.015,3.24224788677e-14,0
258.0,0.015,0.01,3.40056890077e-14,0
258.0,0.015,0.015,2.94262507379e-14,0
258.0,0.01,0.02,2.72412559022e-14,0
258.0,0.01,0.025,1.99605759506e-14,0
258.0,0.015,0.02,2.33123841361e-14,0
258.0,0.015,0.025,1.60020558828e-14,0
258.0,0.01,0.03,1.0647110449e-14,0
258.0,0.01,0.035,-5.70064827267e-16,0
258.0,0.015,0.03,7.26476218232e-15,0
258.0,0.015,0.035,-2.90328542446e-15,0
258.0,0.01,0.04,-1.5339349383e-14,0
258.0,0.01,0.045,-3.40611428215e-14,0
258.0,0.015,0.04,-1.61526861909e-14,0
258.0,0.015,0.045,-3.29653770618e-14,0
258.0,0.01,0.05,-5.52987391622e-14,0
258.0,0.01,0.055,-7.80155716232e-14,0
258.0,0.015,0.05,-5.20479181159e-14,0
258.0,0.015,0.055,-7.24767100649e-14,0
258.0,0.01,0.06,-1.0152314326e-13,0
258.0,0.01,0.065,-1.25520213562e-13,0
258.0,0.015,0.06,-9.36463235692e-14,0
258.0,0.015,0.065,-1.1528505359e-13,0
258.0,0.01,0.07,-1.50116057887e-13,0
258.0,0.01,0.075,-1.75962326888e-13,0
258.0,0.015,0.07,-1.37522552721e-13,0
258.0,0.015,0.075,-1.60930463104e-13,0
258.0,0.02,-0.075,-1.38837942448e-13,0
258.0,0.02,-0.07,-1.19402298741e-13,0
258.0,0.025,-0.075,-1.12755758052e-13,0
258.0,0.025,-0.07,-9.74077035273e-14,0
258.0,0.02,-0.065,-1.01113975853e-13,0
258.0,0.025,-0.065,-8.30840461462e-14,0
258.0,0.02,-0.06,-8.34075672749e-14,0
258.0,0.025,-0.06,-6.93418066072e-14,0
258.0,0.02,-0.055,-6.61276902825e-14,0
258.0,0.025,-0.055,-5.60256419898e-14,0
258.0,0.02,-0.05,-4.94164106563e-14,0
258.0,0.025,-0.05,-4.32309338926e-14,0
258.0,0.02,-0.045,-3.36994346629e-14,0
258.0,0.025,-0.045,-3.12290073029e-14,0
258.0,0.02,-0.04,-1.96528706543e-14,0
258.0,0.025,-0.04,-2.04583426394e-14,0
258.0,0.02,-0.035,-8.24759267247e-15,0
258.0,0.025,-0.035,-1.15533108254e-14,0
258.0,0.02,-0.03,8.26775119634e-16,0
258.0,0.025,-0.03,-4.28653612621e-15,0
258.0,0.02,-0.025,8.88797027226e-15,0
258.0,0.025,-0.025,2.2461878955e-15,0
258.0,0.02,-0.02,1.60041352588e-14,0
258.0,0.025,-0.02,8.06188435247e-15,0
258.0,0.02,-0.015,2.24429040475e-14,0
258.0,0.025,-0.015,1.33107002589e-14,0
258.0,0.02,-0.01,2.78245308852e-14,0
258.0,0.025,-0.01,1.75856856408e-14,0
258.0,0.02,-0.005,3.12044211783e-14,0
258.0,0.025,-0.005,2.05349907351e-14,0
258.0,0.02,0,3.24387764853e-14,0
258.0,0.025,4.16333634234e-19,2.17950678683e-14,0
258.0,0.02,0.005,3.14325523271e-14,0
258.0,0.025,0.005,2.07863840427e-14,0
258.0,0.02,0.01,2.8414780025e-14,0
258.0,0.025,0.01,1.82299133553e-14,0
258.0,0.02,0.015,2.34810233072e-14,0
258.0,0.025,0.015,1.4471529687e-14,0
258.0,0.02,0.02,1.74760265539e-14,0
258.0,0.02,0.025,1.07911166634e-14,0
258.0,0.025,0.02,9.69690127669e-15,0
258.0,0.025,0.025,4.350669664e-15,0
258.0,0.02,0.03,3.1430492803e-15,0
258.0,0.02,0.035,-5.57283982916e-15,0
258.0,0.025,0.03,-1.69882376958e-15,0
258.0,0.025,0.035,-8.52715863574e-15,0
258.0,0.02,0.04,-1.68203922355e-14,0
258.0,0.02,0.045,-3.10272699358e-14,0
258.0,0.025,0.04,-1.72554394932e-14,0
258.0,0.025,0.045,-2.82239846867e-14,0
258.0,0.02,0.05,-4.71549698183e-14,0
258.0,0.02,0.055,-6.44439232819e-14,0
258.0,0.025,0.05,-4.06727023883e-14,0
258.0,0.025,0.055,-5.4060750835e-14,0
258.0,0.02,0.06,-8.23969744217e-14,0
258.0,0.02,0.065,-1.00813548973e-13,0
258.0,0.025,0.06,-6.80424904007e-14,0
258.0,0.025,0.065,-8.24713141879e-14,0
258.0,0.02,0.07,-1.19803226854e-13,0
258.0,0.02,0.075,-1.39895287696e-13,0
258.0,0.025,0.07,-9.7462180735e-14,0
258.0,0.025,0.075,-1.13424172715e-13,0
258.0,0.03,-0.075,-8.18614386668e-14,0
258.0,0.03,-0.07,-7.12216942431e-14,0
258.0,0.035,-0.075,-4.70728626888e-14,0
258.0,0.035,-0.07,-4.16172609775e-14,0
258.0,0.03,-0.065,-6.14823199694e-14,0
258.0,0.035,-0.065,-3.68907287605e-14,0
258.0,0.03,-0.06,-5.23035465293e-14,0
258.0,0.035,-0.06,-3.27058019813e-14,0
258.0,0.03,-0.055,-4.35699285644e-14,0
258.0,0.035,-0.055,-2.8978622463e-14,0
258.0,0.03,-0.05,-3.53110668268e-14,0
258.0,0.035,-0.05,-2.57009183686e-14,0
258.0,0.03,-0.045,-2.76702540931e-14,0
258.0,0.035,-0.045,-2.28822962191e-14,0
258.0,0.03,-0.04,-2.08259392302e-14,0
258.0,0.035,-0.04,-2.05017587127e-14,0
258.0,0.03,-0.035,-1.49775071217e-14,0
258.0,0.035,-0.035,-1.83392485733e-14,0
258.0,0.03,-0.03,-9.94867822884e-15,0
258.0,0.035,-0.03,-1.59881044634e-14,0
258.0,0.03,-0.025,-5.38462244882e-15,0
258.0,0.035,-0.025,-1.37927986124e-14,0
258.0,0.03,-0.02,-1.36991394859e-15,0
258.0,0.035,-0.02,-1.19233433205e-14,0
258.0,0.03,-0.015,2.18126345717e-15,0
258.0,0.035,-0.015,-1.01759620494e-14,0
258.0,0.03,-0.01,5.09350953025e-15,0
258.0,0.035,-0.01,-8.64915279663e-15,0
258.0,0.03,-0.005,7.31075134467e-15,0
258.0,0.035,-0.005,-7.34045295262e-15,0
258.0,0.03,0,8.35230537829e-15,0
258.0,0.035,4.16333634234e-19,-6.60556456088e-15,0
258.0,0.03,0.005,7.61147233613e-15,0
258.0,0.035,0.005,-6.91613542728e-15,0
258.0,0.03,0.01,5.79204207248e-15,0
258.0,0.035,0.01,-7.77417107729e-15,0
258.0,0.03,0.015,3.39420605605e-15,0
258.0,0.035,0.015,-8.79949986288e-15,0
258.0,0.03,0.02,3.55276413887e-16,0
258.0,0.035,0.02,-1.00546881016e-14,0
258.0,0.03,0.025,-3.16577450548e-15,0
258.0,0.035,0.025,-1.14867145716e-14,0
258.0,0.03,0.03,-7.16542234639e-15,0
258.0,0.03,0.035,-1.16659875411e-14,0
258.0,0.035,0.03,-1.30988091595e-14,0
258.0,0.035,0.035,-1.48967337896e-14,0
258.0,0.03,0.04,-1.73892421112e-14,0
258.0,0.03,0.045,-2.45297745906e-14,0
258.0,0.035,0.04,-1.71298577965e-14,0
258.0,0.035,0.045,-1.99127426314e-14,0
258.0,0.03,0.05,-3.26711698428e-14,0
258.0,0.03,0.055,-4.15315268996e-14,0
258.0,0.035,0.05,-2.32412114899e-14,0
258.0,0.035,0.055,-2.70908085548e-14,0
258.0,0.03,0.06,-5.09138973618e-14,0
258.0,0.03,0.065,-6.07517332163e-14,0
258.0,0.035,0.06,-3.14295426158e-14,0
258.0,0.035,0.065,-3.62363111058e-14,0
258.0,0.03,0.07,-7.11258935365e-14,0
258.0,0.03,0.075,-8.23466295859e-14,0
258.0,0.035,0.07,-4.15667333835e-14,0
258.0,0.035,0.075,-4.75798903491e-14,0
258.0,0.04,-0.075,-9.50239481067e-15,0
258.0,0.04,-0.07,-9.47960138675e-15,0
258.0,0.045,-0.075,2.96706370278e-14,0
258.0,0.045,-0.07,2.42150960066e-14,0
258.0,0.04,-0.065,-1.00088278341e-14,0
258.0,0.045,-0.065,1.83878679961e-14,0
258.0,0.04,-0.06,-1.10499285699e-14,0
258.0,0.045,-0.06,1.20690335277e-14,0
258.0,0.04,-0.055,-1.25690335849e-14,0
258.0,0.045,-0.055,5.24535603286e-15,0
258.0,0.04,-0.05,-1.45112136375e-14,0
258.0,0.045,-0.05,-1.9932759607e-15,0
258.0,0.04,-0.045,-1.67743518007e-14,0
258.0,0.045,-0.045,-9.43707257345e-15,0
258.0,0.04,-0.04,-1.9124229054e-14,0
258.0,0.045,-0.04,-1.67435522567e-14,0
258.0,0.04,-0.035,-2.1087372222e-14,0
258.0,0.045,-0.035,-2.33353201491e-14,0
258.0,0.04,-0.03,-2.23188013578e-14,0
258.0,0.045,-0.03,-2.86526257346e-14,0
258.0,0.04,-0.025,-2.30541584931e-14,0
258.0,0.045,-0.025,-3.28217085729e-14,0
258.0,0.04,-0.02,-2.34392842377e-14,0
258.0,0.045,-0.02,-3.56644940608e-14,0
258.0,0.04,-0.015,-2.35620649203e-14,0
258.0,0.045,-0.015,-3.77883245452e-14,0
258.0,0.04,-0.01,-2.34527827155e-14,0
258.0,0.045,-0.01,-3.92313375639e-14,0
258.0,0.04,-0.005,-2.30841505384e-14,0
258.0,0.045,-0.005,-3.99129787538e-14,0
258.0,0.04,0,-2.26814416325e-14,0
258.0,0.045,4.16333634234e-19,-3.9923414143e-14,0
258.0,0.04,0.005,-2.25124336353e-14,0
258.0,0.045,0.005,-3.91673344102e-14,0
258.0,0.04,0.01,-2.23399481248e-14,0
258.0,0.045,0.01,-3.78501661669e-14,0
258.0,0.04,0.015,-2.19090085336e-14,0
258.0,0.045,0.015,-3.58205444617e-14,0
258.0,0.04,0.02,-2.12570429937e-14,0
258.0,0.045,0.02,-3.30937548192e-14,0
258.0,0.04,0.025,-2.03927947702e-14,0
258.0,0.045,0.025,-2.9712076806e-14,0
258.0,0.04,0.03,-1.93212461071e-14,0
258.0,0.045,0.03,-2.56399430062e-14,0
258.0,0.04,0.035,-1.80514620958e-14,0
258.0,0.045,0.035,-2.09232642391e-14,0
258.0,0.04,0.04,-1.63201600138e-14,0
258.0,0.04,0.045,-1.43045568942e-14,0
258.0,0.045,0.04,-1.46543179843e-14,0
258.0,0.045,0.045,-7.58217381082e-15,0
258.0,0.04,0.05,-1.24656575124e-14,0
258.0,0.04,0.055,-1.10248358097e-14,0
258.0,0.045,0.05,-4.69775572153e-16,0
258.0,0.045,0.055,6.33650678852e-15,0
258.0,0.04,0.06,-1.00606489273e-14,0
258.0,0.04,0.065,-9.59975438892e-15,0
258.0,0.045,0.06,1.26561375521e-14,0
258.0,0.045,0.065,1.84287700578e-14,0
258.0,0.04,0.07,-9.64638178692e-15,0
258.0,0.04,0.075,-1.02130748242e-14,0
258.0,0.045,0.07,2.36987027577e-14,0
258.0,0.045,0.075,2.86121337826e-14,0
258.0,0.05,-0.075,6.92358691491e-14,0
258.0,0.05,-0.07,5.84699352269e-14,0
258.0,0.055,-0.075,1.08029846697e-13,0
258.0,0.055,-0.07,9.2351442851e-14,0
258.0,0.05,-0.065,4.74907412124e-14,0
258.0,0.055,-0.065,7.65411280185e-14,0
258.0,0.05,-0.06,3.60120057611e-14,0
258.0,0.055,-0.06,6.01574075153e-14,0
258.0,0.05,-0.055,2.39675142358e-14,0
258.0,0.055,-0.055,4.30882543413e-14,0
258.0,0.05,-0.05,1.14870347705e-14,0
258.0,0.055,-0.05,2.54936364554e-14,0
258.0,0.05,-0.045,-1.13199145836e-15,0
258.0,0.055,-0.045,7.7686227303e-15,0
258.0,0.05,-0.04,-1.34186345617e-14,0
258.0,0.055,-0.04,-9.52639716968e-15,0
258.0,0.05,-0.035,-2.47609463813e-14,0
258.0,0.055,-0.035,-2.57150860828e-14,0
258.0,0.05,-0.03,-3.45652671219e-14,0
258.0,0.055,-0.03,-4.01781820059e-14,0
258.0,0.05,-0.025,-4.25816494797e-14,0
258.0,0.055,-0.025,-5.24626892824e-14,0
258.0,0.05,-0.02,-4.87234670067e-14,0
258.0,0.055,-0.02,-6.23680442825e-14,0
258.0,0.05,-0.015,-5.33685828505e-14,0
258.0,0.055,-0.015,-7.00002430092e-14,0
258.0,0.05,-0.01,-5.66453102683e-14,0
258.0,0.055,-0.01,-7.54040399552e-14,0
258.0,0.05,-0.005,-5.85039867014e-14,0
258.0,0.055,-0.005,-7.85262141194e-14,0
258.0,0.05,0,-5.88700909915e-14,0
258.0,0.055,4.16333634234e-19,-7.92783205319e-14,0
258.0,0.05,0.005,-5.76427580939e-14,0
258.0,0.055,0.005,-7.7611530334e-14,0
258.0,0.05,0.01,-5.50371317232e-14,0
258.0,0.055,0.01,-7.36863281386e-14,0
258.0,0.05,0.015,-5.11207640201e-14,0
258.0,0.055,0.015,-6.76393139812e-14,0
258.0,0.05,0.02,-4.59220727793e-14,0
258.0,0.055,0.02,-5.95534011064e-14,0
258.0,0.05,0.025,-3.94653519039e-14,0
258.0,0.055,0.025,-4.95064525011e-14,0
258.0,0.05,0.03,-3.17264606163e-14,0
258.0,0.055,0.03,-3.75505829475e-14,0
258.0,0.05,0.035,-2.25920227908e-14,0
258.0,0.055,0.035,-2.37110360958e-14,0
258.0,0.05,0.04,-1.17303049693e-14,0
258.0,0.055,0.04,-8.04943768669e-15,0
258.0,0.05,0.045,2.42166774805e-16,0
258.0,0.055,0.045,8.82700554358e-15,0
258.0,0.05,0.05,1.25235308265e-14,0
258.0,0.05,0.055,2.45895160218e-14,0
258.0,0.055,0.05,2.61396225229e-14,0
258.0,0.055,0.055,4.32804072944e-14,0
258.0,0.05,0.06,3.61479089055e-14,0
258.0,0.05,0.065,4.70940264085e-14,0
258.0,0.055,0.06,5.98444467486e-14,0
258.0,0.055,0.065,7.56829097344e-14,0
258.0,0.05,0.07,5.75190448056e-14,0
258.0,0.05,0.075,6.77328844768e-14,0
258.0,0.055,0.07,9.09259625103e-14,0
258.0,0.055,0.075,1.06030761012e-13,0
258.0,0.06,-0.075,1.45114357327e-13,0
258.0,0.06,-0.07,1.2509539514e-13,0
258.0,0.065,-0.075,1.79808292677e-13,0
258.0,0.065,-0.07,1.56249960098e-13,0
258.0,0.06,-0.065,1.04925751697e-13,0
258.0,0.065,-0.065,1.32314251783e-13,0
258.0,0.06,-0.06,8.40017491939e-14,0
258.0,0.065,-0.06,1.07261448484e-13,0
258.0,0.06,-0.055,6.21660507837e-14,0
258.0,0.065,-0.055,8.09385151386e-14,0
258.0,0.06,-0.05,3.96296028876e-14,0
258.0,0.065,-0.05,5.36169427212e-14,0
258.0,0.06,-0.045,1.68697427841e-14,0
258.0,0.065,-0.045,2.58925939302e-14,0
258.0,0.06,-0.04,-5.44250488285e-15,0
258.0,0.065,-0.04,-1.44812679839e-15,0
258.0,0.06,-0.035,-2.65582997079e-14,0
258.0,0.065,-0.035,-2.75305111845e-14,0
258.0,0.06,-0.03,-4.57563400387e-14,0
258.0,0.065,-0.03,-5.15105794944e-14,0
258.0,0.06,-0.025,-6.24598477091e-14,0
258.0,0.065,-0.025,-7.26632656436e-14,0
258.0,0.06,-0.02,-7.62941062356e-14,0
258.0,0.065,-0.02,-9.04465162479e-14,0
258.0,0.06,-0.015,-8.71136178661e-14,0
258.0,0.065,-0.015,-1.04491974755e-13,0
258.0,0.06,-0.01,-9.48129466143e-14,0
258.0,0.065,-0.01,-1.14563409711e-13,0
258.0,0.06,-0.005,-9.93051883974e-14,0
258.0,0.065,-0.005,-1.20482416801e-13,0
258.0,0.06,0,-1.00499257711e-13,0
258.0,0.065,4.16333634234e-19,-1.22160586033e-13,0
258.0,0.06,0.005,-9.83925836839e-14,0
258.0,0.065,0.005,-1.19590028468e-13,0
258.0,0.06,0.01,-9.30956661625e-14,0
258.0,0.065,0.01,-1.12885402958e-13,0
258.0,0.06,0.015,-8.47761591139e-14,0
258.0,0.065,0.015,-1.02224580235e-13,0
258.0,0.06,0.02,-7.35859957488e-14,0
258.0,0.065,0.02,-8.78537818998e-14,0
258.0,0.06,0.025,-5.97044019462e-14,0
258.0,0.065,0.025,-7.00538064465e-14,0
258.0,0.06,0.03,-4.33105735436e-14,0
258.0,0.065,0.03,-4.91844475873e-14,0
258.0,0.06,0.035,-2.46480521285e-14,0
258.0,0.065,0.035,-2.5693320359e-14,0
258.0,0.06,0.04,-4.08585373276e-15,0
258.0,0.065,0.04,-1.82665012689e-16,0
258.0,0.06,0.045,1.77130351394e-14,0
258.0,0.065,0.045,2.65697876456e-14,0
258.0,0.06,0.05,3.99695812356e-14,0
258.0,0.065,0.05,5.37031474659e-14,0
258.0,0.06,0.055,6.19831742057e-14,0
258.0,0.065,0.055,8.04258053704e-14,0
258.0,0.06,0.06,8.32669795073e-14,0
258.0,0.06,0.065,1.03613358198e-13,0
258.0,0.065,0.06,1.06137550909e-13,0
258.0,0.065,0.065,1.30568983316e-13,0
258.0,0.06,0.07,1.23189012026e-13,0
258.0,0.06,0.075,1.42606149085e-13,0
258.0,0.065,0.07,1.53877307839e-13,0
258.0,0.065,0.075,1.76803757535e-13,0
258.0,0.07,-0.075,2.12020405627e-13,0
258.0,0.07,-0.07,1.85851507429e-13,0
258.0,0.075,-0.075,2.42329578854e-13,0
258.0,0.075,-0.07,2.14631425654e-13,0
258.0,0.07,-0.065,1.58780230871e-13,0
258.0,0.075,-0.065,1.84981888621e-13,0
258.0,0.07,-0.06,1.2999966278e-13,0
258.0,0.075,-0.06,1.5272857751e-13,0
258.0,0.07,-0.055,9.9400978355e-14,0
258.0,0.075,-0.055,1.17894929734e-13,0
258.0,0.07,-0.05,6.73836069356e-14,0
258.0,0.075,-0.05,8.11051816019e-14,0
258.0,0.07,-0.045,3.46891459556e-14,0
258.0,0.075,-0.045,4.32717582917e-14,0
258.0,0.07,-0.04,2.2629199801e-15,0
258.0,0.075,-0.04,5.55327152037e-15,0
258.0,0.07,-0.035,-2.88650357774e-14,0
258.0,0.075,-0.035,-3.08270584724e-14,0
258.0,0.07,-0.03,-5.76907346077e-14,0
258.0,0.075,-0.03,-6.46848475112e-14,0
258.0,0.07,-0.025,-8.33280805566e-14,0
258.0,0.075,-0.025,-9.49300108985e-14,0
258.0,0.07,-0.02,-1.05053951077e-13,0
258.0,0.075,-0.02,-1.20698508239e-13,0
258.0,0.07,-0.015,-1.22338838369e-13,0
258.0,0.075,-0.015,-1.41259711984e-13,0
258.0,0.07,-0.01,-1.34790308734e-13,0
258.0,0.075,-0.01,-1.56152862791e-13,0
258.0,0.07,-0.005,-1.42170574889e-13,0
258.0,0.075,-0.005,-1.64995442039e-13,0
258.0,0.07,0,-1.44333736373e-13,0
258.0,0.075,0,-1.67665273657e-13,0
258.0,0.07,0.005,-1.41287402352e-13,0
258.0,0.075,0.005,-1.6409180698e-13,0
258.0,0.07,0.01,-1.33132550846e-13,0
258.0,0.075,0.01,-1.54459677671e-13,0
258.0,0.07,0.015,-1.2010850063e-13,0
258.0,0.075,0.015,-1.3898983765e-13,0
258.0,0.07,0.02,-1.02519734551e-13,0
258.0,0.075,0.02,-1.18131194361e-13,0
258.0,0.07,0.025,-8.07899276692e-14,0
258.0,0.075,0.025,-9.23717249711e-14,0
258.0,0.07,0.03,-5.54272709684e-14,0
258.0,0.075,0.03,-6.24190577613e-14,0
258.0,0.07,0.035,-2.70844745464e-14,0
258.0,0.075,0.035,-2.90734788432e-14,0
258.0,0.07,0.04,3.4419979978e-15,0
258.0,0.075,0.04,6.65725996705e-15,0
258.0,0.07,0.045,3.52168195414e-14,0
258.0,0.075,0.045,4.36566936143e-14,0
258.0,0.07,0.05,6.72424941272e-14,0
258.0,0.075,0.05,8.07462007328e-14,0
258.0,0.07,0.055,9.85865360774e-14,0
258.0,0.075,0.055,1.16790801029e-13,0
258.0,0.07,0.06,1.28512438277e-13,0
258.0,0.075,0.06,1.50889742763e-13,0
258.0,0.07,0.065,1.5662429019e-13,0
258.0,0.075,0.065,1.82426982336e-13,0
258.0,0.07,0.07,1.83033608173e-13,0
258.0,0.07,0.075,2.08544540196e-13,0
258.0,0.075,0.07,2.11381949547e-13,0
258.0,0.075,0.075,2.38404549296e-13,0
260.0,-0.00382671281566,-0.00202612167119,0,0
260.0,-0.005,-0.005,2.60767649526e-14,0
260.0,-0.00197892066871,-0.00385133392306,0,0
260.0,-0.005,-0.00190753787223,1.55747473812e-14,0
260.0,-0.00433,0,0,0
260.0,-0.00190753787223,-0.005,1.54391173445e-14,0
260.0,0,-0.00433,0,0
260.0,-0.005,0.00190775150599,1.55658411148e-14,0
260.0,-0.00385133392306,0.00197892066871,0,0
260.0,0.00190775150599,-0.005,1.54275852539e-14,0
260.0,0.00202612167119,-0.00382671281566,0,0
260.0,-0.00202612167119,0.00382671281566,0,0
260.0,-0.005,0.005,2.59927885367e-14,0
260.0,-0.0019094272225,0.005,1.5464319909e-14,0
260.0,0,0.00433,0,0
260.0,0.00147766755988,0.00407006125046,0,0
260.0,8.32667268469e-19,0.005,1.17309545088e-14,0
260.0,0.00433,0,0,0
260.0,0.005,1.38777878078e-18,1.13973048742e-14,0
260.0,0.00407006125046,0.00147766755988,0,0
260.0,0.005,-0.005,2.67419242829e-14,0
260.0,0.00385133392306,-0.00197892066871,0,0
260.0,0.005,-0.0019094272225,1.56550690265e-14,0
260.0,0.00306177236254,0.00306177236254,0,0
260.0,0.0019094272225,0.005,1.56243185314e-14,0
260.0,0.005,0.0019094272225,1.57067271558e-14,0
260.0,-0.000885,-0.0015328649647,1.27151482793e-12,0
260.0,-0.0015328649647,-0.000885,1.27163720896e-12,0
260.0,-0.00186450691264,-0.00187567167242,8.43021925964e-13,0
260.0,-0.00177,0,1.27132894419e-12,0
260.0,-0.00268433516245,-0.000738983120158,7.59103804294e-13,0
260.0,0,-0.00177,1.27147646655e-12,0
260.0,-0.000718432264205,-0.00269192408424,7.57397644447e-13,0
260.0,-0.0015328649647,0.000885,1.26982447496e-12,0
260.0,-0.00265321485144,0.000647311733689,7.8988664447e-13,0
260.0,-0.000885,0.0015328649647,1.26819697052e-12,0
260.0,-0.00194719253591,0.00178443766524,8.43948231231e-13,0
260.0,0,0.00177,1.26409081815e-12,0
260.0,-0.000802720381054,0.00273415977115,7.17497491124e-13,0
260.0,0.000885,-0.0015328649647,1.27016530923e-12,0
260.0,0.00075154031863,-0.00270385456952,7.45287706119e-13,0
260.0,0.00177,0,1.26243058393e-12,0
260.0,0.0015328649647,-0.000885,1.26801289552e-12,0
260.0,0.00271471102228,-0.000564731152102,7.60911428017e-13,0
260.0,0.00192394637685,-0.00189207206672,8.10092903631e-13,0
260.0,0.00231817117671,0.00040530921667,9.87906859207e-13,0
260.0,0.0015328649647,0.000885,1.26069695035e-12,0
260.0,0.000885,0.0015328649647,1.26140200833e-12,0
260.0,0.000427053001345,0.00287092483521,6.82187107341e-13,0
260.0,0.00187618296239,0.00184774001435,8.33337228217e-13,0
260.0,0.00312733402203,0.000607809752493,5.19197276758e-13,0
260.0,0.00276214303706,0.00136595635004,5.76857386211e-13,0
260.0,0.0014100336009,0.00268674970267,6.04769584024e-13,0
260.0,-0.075,-0.075,2.12647053174e-13,0
260.0,-0.07,-0.075,1.89048475881e-13,0
260.0,-0.075,-0.07,1.85346580716e-13,0
260.0,-0.07,-0.07,1.63172678629e-13,0
260.0,-0.075,-0.065,1.56266980465e-13,0
260.0,-0.07,-0.065,1.36521334593e-13,0
260.0,-0.065,-0.075,1.63609432545e-13,0
260.0,-0.065,-0.07,1.40147978473e-13,0
260.0,-0.065,-0.065,1.16433870522e-13,0
260.0,-0.075,-0.06,1.24851508148e-13,0
260.0,-0.07,-0.06,1.08385187672e-13,0
260.0,-0.065,-0.06,9.18059635938e-14,0
260.0,-0.075,-0.055,9.11708168644e-14,0
260.0,-0.07,-0.055,7.87051288872e-14,0
260.0,-0.065,-0.055,6.61556579674e-14,0
260.0,-0.075,-0.05,5.58533142933e-14,0
260.0,-0.07,-0.05,4.78948800855e-14,0
260.0,-0.065,-0.05,3.97709666219e-14,0
260.0,-0.075,-0.045,1.97783242833e-14,0
260.0,-0.07,-0.045,1.66744652735e-14,0
260.0,-0.065,-0.045,1.32423334348e-14,0
260.0,-0.075,-0.04,-1.59707593324e-14,0
260.0,-0.07,-0.04,-1.40689615147e-14,0
260.0,-0.075,-0.035,-5.02911075256e-14,0
260.0,-0.07,-0.035,-4.34096753034e-14,0
260.0,-0.065,-0.04,-1.26798868373e-14,0
260.0,-0.065,-0.035,-3.72044900809e-14,0
260.0,-0.075,-0.03,-8.21493808364e-14,0
260.0,-0.07,-0.03,-7.0494015065e-14,0
260.0,-0.075,-0.025,-1.10616005113e-13,0
260.0,-0.07,-0.025,-9.46043011144e-14,0
260.0,-0.065,-0.03,-5.96413204637e-14,0
260.0,-0.065,-0.025,-7.94712586511e-14,0
260.0,-0.075,-0.02,-1.34942477457e-13,0
260.0,-0.07,-0.02,-1.15138803888e-13,0
260.0,-0.075,-0.015,-1.54443244198e-13,0
260.0,-0.07,-0.015,-1.31607587705e-13,0
260.0,-0.065,-0.02,-9.63096731518e-14,0
260.0,-0.065,-0.015,-1.09809491005e-13,0
260.0,-0.075,-0.01,-1.68622483424e-13,0
260.0,-0.07,-0.01,-1.43564204263e-13,0
260.0,-0.075,-0.005,-1.77023766331e-13,0
260.0,-0.07,-0.005,-1.50673871578e-13,0
260.0,-0.065,-0.01,-1.1964805908e-13,0
260.0,-0.065,-0.005,-1.25504795321e-13,0
260.0,-0.075,0,-1.79440606275e-13,0
260.0,-0.07,0,-1.52697500229e-13,0
260.0,-0.075,0.005,-1.75758634372e-13,0
260.0,-0.07,0.005,-1.49589106953e-13,0
260.0,-0.065,4.16333634234e-19,-1.27172358305e-13,0
260.0,-0.065,0.005,-1.24584326022e-13,0
260.0,-0.075,0.01,-1.66157516267e-13,0
260.0,-0.07,0.01,-1.4145408558e-13,0
260.0,-0.075,0.015,-1.50904535163e-13,0
260.0,-0.07,0.015,-1.28586689475e-13,0
260.0,-0.065,0.01,-1.17860773456e-13,0
260.0,-0.065,0.015,-1.07261137581e-13,0
260.0,-0.075,0.02,-1.3050487449e-13,0
260.0,-0.07,0.02,-1.11367230697e-13,0
260.0,-0.075,0.025,-1.05490329627e-13,0
260.0,-0.07,0.025,-9.02731579833e-14,0
260.0,-0.065,0.02,-9.31493775732e-14,0
260.0,-0.065,0.025,-7.58746746606e-14,0
260.0,-0.075,0.03,-7.6565240737e-14,0
260.0,-0.07,0.03,-6.58115026307e-14,0
260.0,-0.075,0.035,-4.4487123047e-14,0
260.0,-0.07,0.035,-3.85900736766e-14,0
260.0,-0.065,0.03,-5.57962143107e-14,0
260.0,-0.065,0.035,-3.33030586934e-14,0
260.0,-0.075,0.04,-1.01832260709e-14,0
260.0,-0.07,0.04,-9.32706919349e-15,0
260.0,-0.075,0.045,2.53203346682e-14,0
260.0,-0.07,0.045,2.11288212225e-14,0
260.0,-0.065,0.04,-8.91465428707e-15,0
260.0,-0.065,0.045,1.66773772007e-14,0
260.0,-0.075,0.05,6.09378717768e-14,0
260.0,-0.07,0.05,5.18634822817e-14,0
260.0,-0.075,0.055,9.56113436904e-14,0
260.0,-0.07,0.055,8.20117626093e-14,0
260.0,-0.065,0.05,4.26874400307e-14,0
260.0,-0.065,0.055,6.83838689203e-14,0
260.0,-0.075,0.06,1.28496293689e-13,0
260.0,-0.07,0.06,1.1088467024e-13,0
260.0,-0.075,0.065,1.5900454677e-13,0
260.0,-0.07,0.065,1.3810564715e-13,0
260.0,-0.065,0.06,9.32052863867e-14,0
260.0,-0.065,0.065,1.16898605911e-13,0
260.0,-0.075,0.07,1.87106896795e-13,0
260.0,-0.07,0.07,1.63772377827e-13,0
260.0,-0.075,0.075,2.13398896792e-13,0
260.0,-0.07,0.075,1.88630658305e-13,0
260.0,-0.065,0.07,1.39608399284e-13,0
260.0,-0.065,0.075,1.62028424773e-13,0
260.0,-0.06,-0.075,1.35655893225e-13,0
260.0,-0.06,-0.07,1.1546821594e-13,0
260.0,-0.06,-0.065,9.52794299412e-14,0
260.0,-0.055,-0.075,1.05099232626e-13,0
260.0,-0.055,-0.07,8.89423961442e-14,0
260.0,-0.055,-0.065,7.28457354536e-14,0
260.0,-0.06,-0.06,7.45357333906e-14,0
260.0,-0.06,-0.055,5.31089549806e-14,0
260.0,-0.055,-0.06,5.63834710538e-14,0
260.0,-0.055,-0.055,3.94504722382e-14,0
260.0,-0.06,-0.05,3.12254240323e-14,0
260.0,-0.055,-0.05,2.22085338784e-14,0
260.0,-0.06,-0.045,9.36626349911e-15,0
260.0,-0.055,-0.045,5.06286379317e-15,0
260.0,-0.06,-0.04,-1.18001873035e-14,0
260.0,-0.055,-0.04,-1.14019391825e-14,0
260.0,-0.06,-0.035,-3.1563863625e-14,0
260.0,-0.055,-0.035,-2.64681687739e-14,0
260.0,-0.06,-0.03,-4.93575822059e-14,0
260.0,-0.06,-0.025,-6.49018826115e-14,0
260.0,-0.055,-0.03,-3.96241268616e-14,0
260.0,-0.055,-0.025,-5.08912027369e-14,0
260.0,-0.06,-0.02,-7.80369929877e-14,0
260.0,-0.06,-0.015,-8.86164021977e-14,0
260.0,-0.055,-0.02,-6.03644424026e-14,0
260.0,-0.055,-0.015,-6.80660725953e-14,0
260.0,-0.06,-0.01,-9.63888892289e-14,0
260.0,-0.06,-0.005,-1.01051556243e-13,0
260.0,-0.055,-0.01,-7.38597409681e-14,0
260.0,-0.055,-0.005,-7.7372751102e-14,0
260.0,-0.06,0,-1.02369875712e-13,0
260.0,-0.06,0.005,-1.00285671786e-13,0
260.0,-0.055,4.16333634234e-19,-7.83608913568e-14,0
260.0,-0.055,0.005,-7.67559229886e-14,0
260.0,-0.06,0.01,-9.49045111024e-14,0
260.0,-0.06,0.015,-8.65093816609e-14,0
260.0,-0.055,0.01,-7.26684024617e-14,0
260.0,-0.055,0.015,-6.6384767277e-14,0
260.0,-0.06,0.02,-7.54497177422e-14,0
260.0,-0.06,0.025,-6.19931540486e-14,0
260.0,-0.055,0.02,-5.83276184541e-14,0
260.0,-0.055,0.025,-4.86306633778e-14,0
260.0,-0.06,0.03,-4.62944418275e-14,0
260.0,-0.06,0.035,-2.85176091017e-14,0
260.0,-0.055,0.03,-3.72768192587e-14,0
260.0,-0.055,0.035,-2.41941438222e-14,0
260.0,-0.06,0.04,-8.94018080177e-15,0
260.0,-0.06,0.045,1.18569832179e-14,0
260.0,-0.055,0.04,-9.35250746652e-15,0
260.0,-0.055,0.045,6.70550321615e-15,0
260.0,-0.06,0.05,3.31627726835e-14,0
260.0,-0.06,0.055,5.43263031503e-14,0
260.0,-0.055,0.05,2.32596209667e-14,0
260.0,-0.055,0.055,3.97451253814e-14,0
260.0,-0.06,0.06,7.48951822181e-14,0
260.0,-0.06,0.065,9.46768099623e-14,0
260.0,-0.055,0.06,5.57865016486e-14,0
260.0,-0.055,0.065,7.12543686218e-14,0
260.0,-0.06,0.07,1.13832587621e-13,0
260.0,-0.06,0.075,1.32944154933e-13,0
260.0,-0.055,0.07,8.62839145172e-14,0
260.0,-0.055,0.075,1.01323496988e-13,0
260.0,-0.05,-0.075,7.23824208079e-14,0
260.0,-0.05,-0.07,6.08171307604e-14,0
260.0,-0.045,-0.075,3.81882974288e-14,0
260.0,-0.045,-0.07,3.16326385903e-14,0
260.0,-0.05,-0.065,4.92815740478e-14,0
260.0,-0.045,-0.065,2.49986571321e-14,0
260.0,-0.05,-0.06,3.74694133249e-14,0
260.0,-0.05,-0.055,2.52967636684e-14,0
260.0,-0.045,-0.06,1.81165661269e-14,0
260.0,-0.045,-0.055,1.09310956539e-14,0
260.0,-0.05,-0.05,1.28739597015e-14,0
260.0,-0.05,-0.045,4.90391214595e-16,0
260.0,-0.045,-0.05,3.49514672098e-15,0
260.0,-0.045,-0.045,-4.02102658712e-15,0
260.0,-0.05,-0.04,-1.13446056998e-14,0
260.0,-0.045,-0.04,-1.12880321342e-14,0
260.0,-0.05,-0.035,-2.18817082278e-14,0
260.0,-0.045,-0.035,-1.75937074707e-14,0
260.0,-0.05,-0.03,-3.05303278966e-14,0
260.0,-0.045,-0.03,-2.21686745562e-14,0
260.0,-0.05,-0.025,-3.77248633277e-14,0
260.0,-0.045,-0.025,-2.59472264843e-14,0
260.0,-0.05,-0.02,-4.3724080717e-14,0
260.0,-0.05,-0.015,-4.86644565651e-14,0
260.0,-0.045,-0.02,-2.89886717557e-14,0
260.0,-0.045,-0.015,-3.13464226761e-14,0
260.0,-0.05,-0.01,-5.25643472354e-14,0
260.0,-0.05,-0.005,-5.49531379358e-14,0
260.0,-0.045,-0.01,-3.33334338472e-14,0
260.0,-0.045,-0.005,-3.45113154918e-14,0
260.0,-0.05,0,-5.55974618994e-14,0
260.0,-0.05,0.005,-5.4477640082e-14,0
260.0,-0.045,4.16333634234e-19,-3.47850035417e-14,0
260.0,-0.045,0.005,-3.41592884937e-14,0
260.0,-0.05,0.01,-5.16540722932e-14,0
260.0,-0.05,0.015,-4.74014637479e-14,0
260.0,-0.045,0.01,-3.26660089041e-14,0
260.0,-0.045,0.015,-3.04383914191e-14,0
260.0,-0.05,0.02,-4.22179055702e-14,0
260.0,-0.05,0.025,-3.6063905951e-14,0
260.0,-0.045,0.02,-2.79115868382e-14,0
260.0,-0.045,0.025,-2.47656729248e-14,0
260.0,-0.05,0.03,-2.88152464881e-14,0
260.0,-0.05,0.035,-2.02487496964e-14,0
260.0,-0.045,0.03,-2.09752069006e-14,0
260.0,-0.045,0.035,-1.65041553868e-14,0
260.0,-0.05,0.04,-9.9789913476e-15,0
260.0,-0.05,0.045,1.4036004212e-15,0
260.0,-0.045,0.04,-1.0483357103e-14,0
260.0,-0.045,0.045,-3.7098068441e-15,0
260.0,-0.05,0.05,1.3152548923e-14,0
260.0,-0.05,0.055,2.47797351646e-14,0
260.0,-0.045,0.05,3.12980713968e-15,0
260.0,-0.045,0.055,9.73282096587e-15,0
260.0,-0.05,0.06,3.60251979194e-14,0
260.0,-0.05,0.065,4.68093921348e-14,0
260.0,-0.045,0.06,1.59582538127e-14,0
260.0,-0.045,0.065,2.17822494054e-14,0
260.0,-0.05,0.07,5.72430309705e-14,0
260.0,-0.05,0.075,6.76492540599e-14,0
260.0,-0.045,0.07,2.7283165141e-14,0
260.0,-0.045,0.075,3.26429466527e-14,0
260.0,-0.04,-0.075,3.43837410079e-15,0
260.0,-0.04,-0.07,2.10521995602e-15,0
260.0,-0.035,-0.075,-3.08665518985e-14,0
260.0,-0.035,-0.07,-2.69517770207e-14,0
260.0,-0.04,-0.065,5.58744763746e-16,0
260.0,-0.035,-0.065,-2.33994361249e-14,0
260.0,-0.04,-0.06,-1.23741069944e-15,0
260.0,-0.035,-0.06,-2.01165728351e-14,0
260.0,-0.04,-0.055,-3.30648123865e-15,0
260.0,-0.035,-0.055,-1.70891038159e-14,0
260.0,-0.04,-0.05,-5.64204516107e-15,0
260.0,-0.04,-0.045,-8.18644026845e-15,0
260.0,-0.035,-0.05,-1.43651653661e-14,0
260.0,-0.035,-0.045,-1.20051326934e-14,0
260.0,-0.04,-0.04,-1.07566727897e-14,0
260.0,-0.04,-0.035,-1.29338216134e-14,0
260.0,-0.035,-0.04,-1.00657175439e-14,0
260.0,-0.035,-0.035,-8.57818071908e-15,0
260.0,-0.04,-0.03,-1.4483711554e-14,0
260.0,-0.035,-0.03,-7.42345266847e-15,0
260.0,-0.04,-0.025,-1.56488265542e-14,0
260.0,-0.035,-0.025,-6.27194174117e-15,0
260.0,-0.04,-0.02,-1.64115779958e-14,0
260.0,-0.035,-0.02,-5.10802329863e-15,0
260.0,-0.04,-0.015,-1.67373881874e-14,0
260.0,-0.035,-0.015,-3.90329402742e-15,0
260.0,-0.04,-0.01,-1.66978983891e-14,0
260.0,-0.04,-0.005,-1.66216233313e-14,0
260.0,-0.035,-0.01,-2.61991273378e-15,0
260.0,-0.035,-0.005,-1.75885575056e-15,0
260.0,-0.04,0,-1.65249025341e-14,0
260.0,-0.04,0.005,-1.63686624955e-14,0
260.0,-0.035,4.16333634234e-19,-1.40184012737e-15,0
260.0,-0.035,0.005,-1.58390285899e-15,0
260.0,-0.04,0.01,-1.62159891658e-14,0
260.0,-0.04,0.015,-1.60759362434e-14,0
260.0,-0.035,0.01,-2.28510491878e-15,0
260.0,-0.035,0.015,-3.43906551407e-15,0
260.0,-0.04,0.02,-1.56317886444e-14,0
260.0,-0.04,0.025,-1.48145023438e-14,0
260.0,-0.035,0.02,-4.57776659033e-15,0
260.0,-0.035,0.025,-5.72629390137e-15,0
260.0,-0.04,0.03,-1.36799413421e-14,0
260.0,-0.04,0.035,-1.22563814042e-14,0
260.0,-0.035,0.03,-6.9356036303e-15,0
260.0,-0.035,0.035,-8.23715714134e-15,0
260.0,-0.04,0.04,-1.03923972324e-14,0
260.0,-0.04,0.045,-8.3509473823e-15,0
260.0,-0.035,0.04,-1.00445533474e-14,0
260.0,-0.035,0.045,-1.25242229582e-14,0
260.0,-0.04,0.05,-6.51539530006e-15,0
260.0,-0.04,0.055,-5.04127339951e-15,0
260.0,-0.035,0.05,-1.56069540268e-14,0
260.0,-0.035,0.055,-1.9205283563e-14,0
260.0,-0.04,0.06,-3.95662111832e-15,0
260.0,-0.04,0.065,-3.24089926874e-15,0
260.0,-0.035,0.06,-2.3228864772e-14,0
260.0,-0.035,0.065,-2.76021658022e-14,0
260.0,-0.04,0.07,-2.84990081817e-15,0
260.0,-0.04,0.075,-2.73987619665e-15,0
260.0,-0.035,0.07,-3.23204820187e-14,0
260.0,-0.035,0.075,-3.74711587939e-14,0
260.0,-0.03,-0.075,-6.3686594661e-14,0
260.0,-0.03,-0.07,-5.46901556608e-14,0
260.0,-0.025,-0.075,-9.3981821497e-14,0
260.0,-0.025,-0.07,-8.02800283946e-14,0
260.0,-0.03,-0.065,-4.62178028629e-14,0
260.0,-0.025,-0.065,-6.72428333768e-14,0
260.0,-0.03,-0.06,-3.8039634443e-14,0
260.0,-0.025,-0.06,-5.45430075798e-14,0
260.0,-0.03,-0.055,-3.01225037995e-14,0
260.0,-0.025,-0.055,-4.21164450755e-14,0
260.0,-0.03,-0.05,-2.25665526474e-14,0
260.0,-0.025,-0.05,-3.0138239272e-14,0
260.0,-0.03,-0.045,-1.55937963945e-14,0
260.0,-0.025,-0.045,-1.89758340546e-14,0
260.0,-0.03,-0.04,-9.51397901016e-15,0
260.0,-0.03,-0.035,-4.76506264275e-15,0
260.0,-0.025,-0.04,-9.18411071241e-15,0
260.0,-0.025,-0.035,-1.54186481467e-15,0
260.0,-0.03,-0.03,-1.12866241202e-15,0
260.0,-0.03,-0.025,2.11290609256e-15,0
260.0,-0.025,-0.03,4.30351919969e-15,0
260.0,-0.025,-0.025,9.39359191714e-15,0
260.0,-0.03,-0.02,4.95414523788e-15,0
260.0,-0.025,-0.02,1.37047897591e-14,0
260.0,-0.03,-0.015,7.38187889639e-15,0
260.0,-0.025,-0.015,1.72458861804e-14,0
260.0,-0.03,-0.01,9.31570477411e-15,0
260.0,-0.025,-0.01,1.98612746721e-14,0
260.0,-0.03,-0.005,1.05744928948e-14,0
260.0,-0.025,-0.005,2.14241079804e-14,0
260.0,-0.03,0,1.10403900636e-14,0
260.0,-0.03,0.005,1.06834570394e-14,0
260.0,-0.025,4.16333634234e-19,2.19580495218e-14,0
260.0,-0.025,0.005,2.14651752053e-14,0
260.0,-0.03,0.01,9.52285640496e-15,0
260.0,-0.03,0.015,7.66308894183e-15,0
260.0,-0.025,0.01,1.99446741444e-14,0
260.0,-0.025,0.015,1.73646814058e-14,0
260.0,-0.03,0.02,5.27376523956e-15,0
260.0,-0.03,0.025,2.42591211506e-15,0
260.0,-0.025,0.02,1.38441977362e-14,0
260.0,-0.025,0.025,9.52267631024e-15,0
260.0,-0.03,0.03,-8.8463701148e-16,0
260.0,-0.03,0.035,-4.6678485222e-15,0
260.0,-0.025,0.03,4.37109817058e-15,0
260.0,-0.025,0.035,-1.60439956529e-15,0
260.0,-0.03,0.04,-9.73169003275e-15,0
260.0,-0.03,0.045,-1.63429316712e-14,0
260.0,-0.025,0.04,-9.5330906212e-15,0
260.0,-0.025,0.045,-1.98257162417e-14,0
260.0,-0.03,0.05,-2.40319914712e-14,0
260.0,-0.03,0.055,-3.24581093969e-14,0
260.0,-0.025,0.05,-3.16787835465e-14,0
260.0,-0.025,0.055,-4.45053191779e-14,0
260.0,-0.03,0.06,-4.13671853755e-14,0
260.0,-0.03,0.065,-5.06318215459e-14,0
260.0,-0.025,0.06,-5.79046684991e-14,0
260.0,-0.025,0.065,-7.16720229433e-14,0
260.0,-0.03,0.07,-6.02656893884e-14,0
260.0,-0.03,0.075,-7.04947494702e-14,0
260.0,-0.025,0.07,-8.58513658986e-14,0
260.0,-0.025,0.075,-1.00764219829e-13,0
260.0,-0.02,-0.075,-1.20808560955e-13,0
260.0,-0.02,-0.07,-1.02923889355e-13,0
260.0,-0.015,-0.075,-1.4325829707e-13,0
260.0,-0.015,-0.07,-1.21912210624e-13,0
260.0,-0.02,-0.065,-8.58613532148e-14,0
260.0,-0.015,-0.065,-1.01499180867e-13,0
260.0,-0.02,-0.06,-6.91725054587e-14,0
260.0,-0.015,-0.06,-8.15155226517e-14,0
260.0,-0.02,-0.055,-5.27919241572e-14,0
260.0,-0.015,-0.055,-6.18679486325e-14,0
260.0,-0.02,-0.05,-3.69423443792e-14,0
260.0,-0.015,-0.05,-4.2837930351e-14,0
260.0,-0.02,-0.045,-2.21246233068e-14,0
260.0,-0.015,-0.045,-2.50180967245e-14,0
260.0,-0.02,-0.04,-9.09625445948e-15,0
260.0,-0.015,-0.04,-9.29646973905e-15,0
260.0,-0.02,-0.035,1.09544076505e-15,0
260.0,-0.015,-0.035,3.08452717048e-15,0
260.0,-0.02,-0.03,8.83103652908e-15,0
260.0,-0.02,-0.025,1.54671221051e-14,0
260.0,-0.015,-0.03,1.24521622493e-14,0
260.0,-0.015,-0.025,2.03192075016e-14,0
260.0,-0.02,-0.02,2.0941135235e-14,0
260.0,-0.02,-0.015,2.52639219881e-14,0
260.0,-0.015,-0.02,2.65406822154e-14,0
260.0,-0.015,-0.015,3.10081325424e-14,0
260.0,-0.02,-0.01,2.82851269489e-14,0
260.0,-0.015,-0.01,3.3586460013e-14,0
260.0,-0.02,-0.005,2.99125538446e-14,0
260.0,-0.015,-0.005,3.46248536792e-14,0
260.0,-0.02,0,3.03867179261e-14,0
260.0,-0.015,4.16333634234e-19,3.48052990514e-14,0
260.0,-0.02,0.005,2.98727784262e-14,0
260.0,-0.015,0.005,3.44646385854e-14,0
260.0,-0.02,0.01,2.82290246502e-14,0
260.0,-0.02,0.015,2.52132291338e-14,0
260.0,-0.015,0.01,3.33362685684e-14,0
260.0,-0.015,0.015,3.07377088917e-14,0
260.0,-0.02,0.02,2.09114369146e-14,0
260.0,-0.02,0.025,1.54500511407e-14,0
260.0,-0.015,0.02,2.63207059586e-14,0
260.0,-0.015,0.025,2.01775360728e-14,0
260.0,-0.02,0.03,8.78732940059e-15,0
260.0,-0.02,0.035,9.64704724503e-16,0
260.0,-0.015,0.03,1.23585414629e-14,0
260.0,-0.015,0.035,2.98707227798e-15,0
260.0,-0.02,0.04,-9.45971433399e-15,0
260.0,-0.02,0.045,-2.2939375462e-14,0
260.0,-0.015,0.04,-9.53666253903e-15,0
260.0,-0.015,0.045,-2.56510449634e-14,0
260.0,-0.02,0.05,-3.84061065237e-14,0
260.0,-0.02,0.055,-5.50688983143e-14,0
260.0,-0.015,0.05,-4.40734667053e-14,0
260.0,-0.015,0.055,-6.38751239679e-14,0
260.0,-0.02,0.06,-7.23901005325e-14,0
260.0,-0.02,0.065,-9.01148980997e-14,0
260.0,-0.015,0.06,-8.44229796978e-14,0
260.0,-0.015,0.065,-1.05400980711e-13,0
260.0,-0.02,0.07,-1.08285709367e-13,0
260.0,-0.02,0.075,-1.27343475922e-13,0
260.0,-0.015,0.07,-1.26876901679e-13,0
260.0,-0.015,0.075,-1.49342779227e-13,0
260.0,-0.01,-0.075,-1.60615898613e-13,0
260.0,-0.01,-0.07,-1.3660768868e-13,0
260.0,-0.005,-0.075,-1.72225033651e-13,0
260.0,-0.005,-0.07,-1.46513447034e-13,0
260.0,-0.01,-0.065,-1.13663006214e-13,0
260.0,-0.005,-0.065,-1.21928873358e-13,0
260.0,-0.01,-0.06,-9.11845668716e-14,0
260.0,-0.005,-0.06,-9.78622162514e-14,0
260.0,-0.01,-0.055,-6.90861372426e-14,0
260.0,-0.005,-0.055,-7.41995571014e-14,0
260.0,-0.01,-0.05,-4.76704979279e-14,0
260.0,-0.005,-0.05,-5.12749771469e-14,0
260.0,-0.01,-0.045,-2.76048268644e-14,0
260.0,-0.005,-0.045,-2.97896294608e-14,0
260.0,-0.01,-0.04,-9.87657343762e-15,0
260.0,-0.005,-0.04,-1.07727121505e-14,0
260.0,-0.01,-0.035,4.20497450108e-15,0
260.0,-0.005,-0.035,4.4436601461e-15,0
260.0,-0.01,-0.03,1.49191792571e-14,0
260.0,-0.005,-0.03,1.60620438374e-14,0
260.0,-0.01,-0.025,2.36525112479e-14,0
260.0,-0.005,-0.025,2.51571652463e-14,0
260.0,-0.01,-0.02,3.01812751432e-14,0
260.0,-0.01,-0.015,3.41500940832e-14,0
260.0,-0.005,-0.02,3.15778300492e-14,0
260.0,-0.005,-0.015,3.4840197398e-14,0
260.0,-0.0117873230072,-0.0115873794689,3.4769380632e-14,0
260.0,-0.00939961996336,-0.005,3.35431105696e-14,0
260.0,-0.00792797428371,-0.00964253216809,3.47030295086e-14,0
260.0,-0.005,-0.00939961996336,3.29847921735e-14,0
260.0,-0.0108753492546,-0.00150606400588,3.39013355875e-14,0
260.0,-0.00818101620308,-0.00211452602544,2.99489825666e-14,0
260.0,-0.00651817360753,-0.000255934956239,2.33116870862e-14,0
260.0,-0.005,6.71033969428e-08,1.14995538269e-14,0
260.0,-0.0107292118043,0.00160660295843,3.37054227157e-14,0
260.0,-0.0080188992252,0.000768320427092,2.87900982774e-14,0
260.0,-0.00939946851065,0.005,3.3317030252e-14,0
260.0,-0.00802129342231,0.00264911934363,2.99001302146e-14,0
260.0,-0.00887989370213,0.00887989479405,3.44116894657e-14,0
260.0,-0.01,0.015,3.37185755578e-14,0
260.0,-0.005,0.00939947397025,3.26561680484e-14,0
260.0,-0.005,0.015,3.44982400475e-14,0
260.0,-0.01,0.02,2.98730943671e-14,0
260.0,-0.01,0.025,2.35346911799e-14,0
260.0,-0.005,0.02,3.14656033567e-14,0
260.0,-0.005,0.025,2.53971016608e-14,0
260.0,-0.01,0.03,1.49635045913e-14,0
260.0,-0.01,0.035,4.34940227682e-15,0
260.0,-0.005,0.03,1.65876116092e-14,0
260.0,-0.005,0.035,5.0698630054e-15,0
260.0,-0.01,0.04,-9.82217262258e-15,0
260.0,-0.01,0.045,-2.79089836917e-14,0
260.0,-0.005,0.04,-1.02898510949e-14,0
260.0,-0.005,0.045,-2.96500658028e-14,0
260.0,-0.01,0.05,-4.85383736519e-14,0
260.0,-0.01,0.055,-7.06831905335e-14,0
260.0,-0.005,0.05,-5.1663310421e-14,0
260.0,-0.005,0.055,-7.5274790529e-14,0
260.0,-0.01,0.06,-9.36374144929e-14,0
260.0,-0.01,0.065,-1.17062565748e-13,0
260.0,-0.005,0.06,-9.97478992065e-14,0
260.0,-0.005,0.065,-1.24711012425e-13,0
260.0,-0.01,0.07,-1.41016115613e-13,0
260.0,-0.01,0.075,-1.6607968472e-13,0
260.0,-0.005,0.07,-1.5024598668e-13,0
260.0,-0.005,0.075,-1.76940950289e-13,0
260.0,0,-0.075,-1.77694266254e-13,0
260.0,0,-0.07,-1.51238961595e-13,0
260.0,0.005,-0.075,-1.76713443363e-13,0
260.0,0.005,-0.07,-1.50573824333e-13,0
260.0,0,-0.065,-1.25991029128e-13,0
260.0,0.005,-0.065,-1.25643332861e-13,0
260.0,0,-0.06,-1.01283152488e-13,0
260.0,0.005,-0.06,-1.01285199945e-13,0
260.0,0,-0.055,-7.70095783984e-14,0
260.0,0.005,-0.055,-7.7364071331e-14,0
260.0,0,-0.05,-5.34924260927e-14,0
260.0,0.005,-0.05,-5.41979113087e-14,0
260.0,0,-0.045,-3.14462121712e-14,0
260.0,0.005,-0.045,-3.24765969298e-14,0
260.0,0,-0.04,-1.1921799945e-14,0
260.0,0.005,-0.04,-1.32343713323e-14,0
260.0,0,-0.035,3.7696522179e-15,0
260.0,0.005,-0.035,2.1209809018e-15,0
260.0,0,-0.03,1.5761580632e-14,0
260.0,0.005,-0.03,1.38439621363e-14,0
260.0,0,-0.025,2.49881735223e-14,0
260.0,0.005,-0.025,2.32174494071e-14,0
260.0,0,-0.02,3.13464800026e-14,0
260.0,0.005,-0.02,3.00958206422e-14,0
260.0,0,-0.015,3.44253033856e-14,0
260.0,0.005,-0.015,3.41525448641e-14,0
260.0,-0.0021196717084,-0.00776771017156,2.78905984206e-14,0
260.0,-0.00084550708518,-0.00631514607954,2.16575955196e-14,0
260.0,6.71033969406e-08,-0.005,1.18676001187e-14,0
260.0,-0.00139054260708,-0.0110960807567,3.31023226864e-14,0
260.0,0.00132468676756,-0.00775008274642,2.73202347626e-14,0
260.0,0.00160394440688,-0.0116908851489,3.35770462125e-14,0
260.0,0.005,-0.00939946851065,3.32313613966e-14,0
260.0,0.005,0.005,2.60771797447e-14,0
260.0,-0.000107646311398,0.00617659695633,2.06630125303e-14,0
260.0,-0.00190846935279,0.0076427502668,2.71580635228e-14,0
260.0,0.00131146485568,0.00777290068297,2.68861264128e-14,0
260.0,0.00295884413402,0.00640276348073,2.49296071911e-14,0
260.0,-1.21517769428e-05,0.0108932602996,3.23725422189e-14,0
260.0,0,0.015,3.42539004834e-14,0
260.0,0.005,0.00939942566771,3.27058724824e-14,0
260.0,0.005,0.015,3.41559362077e-14,0
260.0,0,0.02,3.15717340668e-14,0
260.0,0,0.025,2.57113668337e-14,0
260.0,0.005,0.02,3.0637580143e-14,0
260.0,0.005,0.025,2.42756746637e-14,0
260.0,0,0.03,1.68523767771e-14,0
260.0,0,0.035,4.89635010677e-15,0
260.0,0.005,0.03,1.52800234864e-14,0
260.0,0.005,0.035,3.69196589565e-15,0
260.0,0,0.04,-1.09589065521e-14,0
260.0,0,0.045,-3.07899721445e-14,0
260.0,0.005,0.04,-1.17530753688e-14,0
260.0,0.005,0.045,-3.12615884417e-14,0
260.0,0,0.05,-5.33245390697e-14,0
260.0,0,0.055,-7.74882661336e-14,0
260.0,0.005,0.05,-5.34353728192e-14,0
260.0,0.005,0.055,-7.7214326664e-14,0
260.0,0,0.06,-1.02529288701e-13,0
260.0,0,0.065,-1.28084706863e-13,0
260.0,0.005,0.06,-1.01866188836e-13,0
260.0,0.005,0.065,-1.27027796339e-13,0
260.0,0,0.07,-1.54223872365e-13,0
260.0,0,0.075,-1.81587926144e-13,0
260.0,0.005,0.07,-1.52793730281e-13,0
260.0,0.005,0.075,-1.79769530201e-13,0
260.0,0.01,-0.075,-1.69279024606e-13,0
260.0,0.01,-0.07,-1.44439384269e-13,0
260.0,0.015,-0.075,-1.55485806797e-13,0
260.0,0.015,-0.07,-1.32955191476e-13,0
260.0,0.01,-0.065,-1.20824248764e-13,0
260.0,0.015,-0.065,-1.11586847089e-13,0
260.0,0.01,-0.06,-9.77822612893e-14,0
260.0,0.015,-0.06,-9.08043779467e-14,0
260.0,0.01,-0.055,-7.51874001166e-14,0
260.0,0.015,-0.055,-7.04580168291e-14,0
260.0,0.01,-0.05,-5.33099116129e-14,0
260.0,0.015,-0.05,-5.07834416061e-14,0
260.0,0.01,-0.045,-3.27953642468e-14,0
260.0,0.015,-0.045,-3.23328390862e-14,0
260.0,0.01,-0.04,-1.46359081245e-14,0
260.0,0.015,-0.04,-1.59693482307e-14,0
260.0,0.01,-0.035,-2.13048368365e-16,0
260.0,0.015,-0.035,-2.92381561498e-15,0
260.0,0.01,-0.03,1.08647767541e-14,0
260.0,0.015,-0.03,7.21816931548e-15,0
260.0,0.01,-0.025,2.01684222712e-14,0
260.0,0.015,-0.025,1.60116269288e-14,0
260.0,0.01,-0.02,2.75493562294e-14,0
260.0,0.01,-0.015,3.29398296249e-14,0
260.0,0.015,-0.02,2.3443398428e-14,0
260.0,0.015,-0.015,2.97391461615e-14,0
260.0,0.00999280436795,-0.0116358337096,3.51076123829e-14,0
260.0,0.0105889214373,-0.00845762197625,3.61073600917e-14,0
260.0,0.015,-0.01,3.4508757843e-14,0
260.0,0.00939947397025,-0.005,3.55217637283e-14,0
260.0,0.015,-0.005,3.73344667326e-14,0
260.0,0.00658051136513,-0.00296146438142,2.86134874717e-14,0
260.0,0.00636794669772,-3.54305826484e-06,2.46452679172e-14,0
260.0,0.00795807888052,-0.00113999998936,3.17841755471e-14,0
260.0,0.00758147027913,0.00183630393596,3.06284249373e-14,0
260.0,0.0112534647756,-1.47536350887e-07,3.75957662115e-14,0
260.0,0.015,4.16333634234e-19,3.84372938832e-14,0
260.0,0.00939942566771,0.005,3.50886457166e-14,0
260.0,0.015,0.005,3.73278148919e-14,0
260.0,0.00999018807453,0.0109670628501,3.52752864174e-14,0
260.0,0.01,0.015,3.32547275467e-14,0
260.0,0.015,0.01,3.47958487082e-14,0
260.0,0.015,0.015,3.04992684402e-14,0
260.0,0.01,0.02,2.84371703878e-14,0
260.0,0.01,0.025,2.15291813959e-14,0
260.0,0.015,0.02,2.46946376547e-14,0
260.0,0.015,0.025,1.77003219358e-14,0
260.0,0.01,0.03,1.258927693e-14,0
260.0,0.01,0.035,1.74478875076e-15,0
260.0,0.015,0.03,9.2800288402e-15,0
260.0,0.015,0.035,-5.72301139007e-16,0
260.0,0.01,0.04,-1.26503418522e-14,0
260.0,0.01,0.045,-3.10239006835e-14,0
260.0,0.015,0.04,-1.35105939512e-14,0
260.0,0.015,0.045,-3.00454782477e-14,0
260.0,0.01,0.05,-5.19598194489e-14,0
260.0,0.01,0.055,-7.44256522245e-14,0
260.0,0.015,0.05,-4.88997788329e-14,0
260.0,0.015,0.055,-6.91515125791e-14,0
260.0,0.01,0.06,-9.77237035264e-14,0
260.0,0.01,0.065,-1.21532622335e-13,0
260.0,0.015,0.06,-9.01840836981e-14,0
260.0,0.015,0.065,-1.11705774717e-13,0
260.0,0.01,0.07,-1.45933661067e-13,0
260.0,0.01,0.075,-1.71542735208e-13,0
260.0,0.015,0.07,-1.33818665068e-13,0
260.0,0.015,0.075,-1.57061516003e-13,0
260.0,0.02,-0.075,-1.35739403491e-13,0
260.0,0.02,-0.07,-1.16381928273e-13,0
260.0,0.025,-0.075,-1.10552916209e-13,0
260.0,0.025,-0.07,-9.51724097544e-14,0
260.0,0.02,-0.065,-9.8133522556e-14,0
260.0,0.025,-0.065,-8.07810572849e-14,0
260.0,0.02,-0.06,-8.04580684325e-14,0
260.0,0.025,-0.06,-6.69608732269e-14,0
260.0,0.02,-0.055,-6.32251665794e-14,0
260.0,0.025,-0.055,-5.35798077669e-14,0
260.0,0.02,-0.05,-4.65973825709e-14,0
260.0,0.025,-0.05,-4.07533046922e-14,0
260.0,0.02,-0.045,-3.10139528651e-14,0
260.0,0.025,-0.045,-2.87692034725e-14,0
260.0,0.02,-0.04,-1.71552825549e-14,0
260.0,0.025,-0.04,-1.80758019943e-14,0
260.0,0.02,-0.035,-5.98356682229e-15,0
260.0,0.025,-0.035,-9.3086427556e-15,0
260.0,0.02,-0.03,2.84286719748e-15,0
260.0,0.025,-0.03,-2.20858624304e-15,0
260.0,0.02,-0.025,1.06549754418e-14,0
260.0,0.025,-0.025,4.15270781332e-15,0
260.0,0.02,-0.02,1.75251714403e-14,0
260.0,0.025,-0.02,9.79877419488e-15,0
260.0,0.02,-0.015,2.37282888227e-14,0
260.0,0.025,-0.015,1.48890742144e-14,0
260.0,0.02,-0.01,2.89049452529e-14,0
260.0,0.025,-0.01,1.90397678348e-14,0
260.0,0.02,-0.005,3.2148508024e-14,0
260.0,0.025,-0.005,2.19090216052e-14,0
260.0,0.02,0,3.33454624553e-14,0
260.0,0.025,4.16333634234e-19,2.31470445839e-14,0
260.0,0.02,0.005,3.24121788386e-14,0
260.0,0.025,0.005,2.21912863724e-14,0
260.0,0.02,0.01,2.95528520725e-14,0
260.0,0.025,0.01,1.97371250141e-14,0
260.0,0.02,0.015,2.4833248544e-14,0
260.0,0.025,0.015,1.61142202857e-14,0
260.0,0.02,0.02,1.90682354613e-14,0
260.0,0.02,0.025,1.26297249439e-14,0
260.0,0.025,0.02,1.15026252062e-14,0
260.0,0.025,0.025,6.32525966195e-15,0
260.0,0.02,0.03,5.22829172719e-15,0
260.0,0.02,0.035,-3.2436219393e-15,0
260.0,0.025,0.03,4.41733909342e-16,0
260.0,0.025,0.035,-6.22726970208e-15,0
260.0,0.02,0.04,-1.42616405085e-14,0
260.0,0.02,0.045,-2.8283411218e-14,0
260.0,0.025,0.04,-1.48235887469e-14,0
260.0,0.025,0.045,-2.57189061353e-14,0
260.0,0.02,0.05,-4.42805774925e-14,0
260.0,0.02,0.055,-6.14908674442e-14,0
260.0,0.025,0.05,-3.81554810946e-14,0
260.0,0.025,0.055,-5.15845160609e-14,0
260.0,0.02,0.06,-7.94040141844e-14,0
260.0,0.02,0.065,-9.77985116773e-14,0
260.0,0.025,0.06,-6.56439522096e-14,0
260.0,0.025,0.065,-8.01661042044e-14,0
260.0,0.02,0.07,-1.16757918226e-13,0
260.0,0.02,0.075,-1.36780940365e-13,0
260.0,0.025,0.07,-9.52412494363e-14,0
260.0,0.025,0.075,-1.11252091377e-13,0
260.0,0.03,-0.075,-8.0714241036e-14,0
260.0,0.03,-0.07,-6.99160060124e-14,0
260.0,0.035,-0.075,-4.71154965525e-14,0
260.0,0.035,-0.07,-4.13640069812e-14,0
260.0,0.03,-0.065,-5.99862491829e-14,0
260.0,0.035,-0.065,-3.63144124133e-14,0
260.0,0.03,-0.06,-5.06059308055e-14,0
260.0,0.035,-0.06,-3.17948295492e-14,0
260.0,0.03,-0.055,-4.16802041946e-14,0
260.0,0.035,-0.055,-2.77390408811e-14,0
260.0,0.03,-0.05,-3.32584502326e-14,0
260.0,0.035,-0.05,-2.41573619186e-14,0
260.0,0.03,-0.045,-2.55017725241e-14,0
260.0,0.035,-0.045,-2.10783403366e-14,0
260.0,0.03,-0.04,-1.8604832738e-14,0
260.0,0.035,-0.04,-1.85000348549e-14,0
260.0,0.03,-0.035,-1.27811274556e-14,0
260.0,0.035,-0.035,-1.62272467371e-14,0
260.0,0.03,-0.03,-7.82673346504e-15,0
260.0,0.035,-0.03,-1.38448245449e-14,0
260.0,0.03,-0.025,-3.34947914523e-15,0
260.0,0.035,-0.025,-1.16468181568e-14,0
260.0,0.03,-0.02,5.76985489584e-16,0
260.0,0.035,-0.02,-9.78369941537e-15,0
260.0,0.03,-0.015,4.04751791065e-15,0
260.0,0.035,-0.015,-8.04492643311e-15,0
260.0,0.03,-0.01,6.89900060733e-15,0
260.0,0.035,-0.01,-6.52196223986e-15,0
260.0,0.03,-0.005,9.08039338118e-15,0
260.0,0.035,-0.005,-5.21027790931e-15,0
260.0,0.03,0,1.01162555089e-14,0
260.0,0.035,4.16333634234e-19,-4.4666971182e-15,0
260.0,0.03,0.005,9.40515827092e-15,0
260.0,0.035,0.005,-4.76645998215e-15,0
260.0,0.03,0.01,7.64125247706e-15,0
260.0,0.035,0.01,-5.61083090668e-15,0
260.0,0.03,0.015,5.31702050956e-15,0
260.0,0.035,0.015,-6.62037554169e-15,0
260.0,0.03,0.02,2.36433262576e-15,0
260.0,0.035,0.02,-7.86276814722e-15,0
260.0,0.03,0.025,-1.07057426069e-15,0
260.0,0.035,0.025,-9.29360620191e-15,0
260.0,0.03,0.03,-4.99308395294e-15,0
260.0,0.03,0.035,-9.4300575544e-15,0
260.0,0.035,0.03,-1.09237335246e-14,0
260.0,0.035,0.035,-1.27635464132e-14,0
260.0,0.03,0.04,-1.51330182233e-14,0
260.0,0.03,0.045,-2.2328936793e-14,0
260.0,0.035,0.04,-1.5101630592e-14,0
260.0,0.035,0.045,-1.80836263506e-14,0
260.0,0.03,0.05,-3.05941195386e-14,0
260.0,0.03,0.055,-3.96317492006e-14,0
260.0,0.035,0.05,-2.16851520449e-14,0
260.0,0.035,0.055,-2.58605127739e-14,0
260.0,0.03,0.06,-4.92257853154e-14,0
260.0,0.03,0.065,-5.9287993552e-14,0
260.0,0.035,0.06,-3.05556224504e-14,0
260.0,0.035,0.065,-3.57283675205e-14,0
260.0,0.03,0.07,-6.98768910046e-14,0
260.0,0.03,0.075,-8.12804863834e-14,0
260.0,0.035,0.07,-4.1414686328e-14,0
260.0,0.035,0.075,-4.77566616948e-14,0
260.0,0.04,-0.075,-1.08374437404e-14,0
260.0,0.04,-0.07,-1.03759400902e-14,0
260.0,0.045,-0.075,2.69746188565e-14,0
260.0,0.045,-0.07,2.21006956756e-14,0
260.0,0.04,-0.065,-1.04447786748e-14,0
260.0,0.045,-0.065,1.6870890456e-14,0
260.0,0.04,-0.06,-1.10139952961e-14,0
260.0,0.045,-0.06,1.11602667253e-14,0
260.0,0.04,-0.055,-1.20643586697e-14,0
260.0,0.045,-0.055,4.94420004508e-15,0
260.0,0.04,-0.05,-1.35582898277e-14,0
260.0,0.045,-0.05,-1.70370401683e-15,0
260.0,0.04,-0.045,-1.54130805565e-14,0
260.0,0.045,-0.045,-8.59324552288e-15,0
260.0,0.04,-0.04,-1.74169590568e-14,0
260.0,0.045,-0.04,-1.54042075332e-14,0
260.0,0.04,-0.035,-1.91247386362e-14,0
260.0,0.045,-0.035,-2.15856262044e-14,0
260.0,0.04,-0.03,-2.01899594636e-14,0
260.0,0.045,-0.03,-2.65892950401e-14,0
260.0,0.04,-0.025,-2.08163943879e-14,0
260.0,0.045,-0.025,-3.05230567936e-14,0
260.0,0.04,-0.02,-2.11269191225e-14,0
260.0,0.045,-0.02,-3.32011166385e-14,0
260.0,0.04,-0.015,-2.11900637855e-14,0
260.0,0.045,-0.015,-3.51956246071e-14,0
260.0,0.04,-0.01,-2.10331500963e-14,0
260.0,0.045,-0.01,-3.65396624667e-14,0
260.0,0.04,-0.005,-2.06269274628e-14,0
260.0,0.045,-0.005,-3.71530807653e-14,0
260.0,0.04,0,-2.02025729476e-14,0
260.0,0.045,4.16333634234e-19,-3.71306496791e-14,0
260.0,0.04,0.005,-2.00384286575e-14,0
260.0,0.045,0.005,-3.63920243536e-14,0
260.0,0.04,0.01,-1.98900146138e-14,0
260.0,0.045,0.01,-3.51316350064e-14,0
260.0,0.04,0.015,-1.94976526566e-14,0
260.0,0.045,0.015,-3.31940340393e-14,0
260.0,0.04,0.02,-1.8904793718e-14,0
260.0,0.045,0.02,-3.05990971444e-14,0
260.0,0.04,0.025,-1.81264538259e-14,0
260.0,0.045,0.025,-2.73942949924e-14,0
260.0,0.04,0.03,-1.71745548482e-14,0
260.0,0.045,0.03,-2.35519824819e-14,0
260.0,0.04,0.035,-1.60624633987e-14,0
260.0,0.045,0.035,-1.91234415225e-14,0
260.0,0.04,0.04,-1.4576765307e-14,0
260.0,0.04,0.045,-1.29165961916e-14,0
260.0,0.045,0.04,-1.3262797683e-14,0
260.0,0.045,0.045,-6.7085966687e-15,0
260.0,0.04,0.05,-1.15087538171e-14,0
260.0,0.04,0.055,-1.05478296777e-14,0
260.0,0.045,0.05,-1.8492177997e-16,0
260.0,0.045,0.055,5.988394717e-15,0
260.0,0.04,0.06,-1.00897531423e-14,0
260.0,0.04,0.065,-1.01412545397e-14,0
260.0,0.045,0.06,1.16532471619e-14,0
260.0,0.045,0.065,1.67679536718e-14,0
260.0,0.04,0.07,-1.0690011402e-14,0
260.0,0.04,0.075,-1.17371769216e-14,0
260.0,0.045,0.07,2.1389881724e-14,0
260.0,0.045,0.075,2.56711953365e-14,0
260.0,0.05,-0.075,6.51461630237e-14,0
260.0,0.05,-0.07,5.50995453257e-14,0
260.0,0.055,-0.075,1.02548947738e-13,0
260.0,0.055,-0.07,8.7716589218e-14,0
260.0,0.05,-0.065,4.48496072315e-14,0
260.0,0.055,-0.065,7.27583048283e-14,0
260.0,0.05,-0.06,3.41106084084e-14,0
260.0,0.055,-0.06,5.72379067644e-14,0
260.0,0.05,-0.055,2.28077020449e-14,0
260.0,0.055,-0.055,4.10374447497e-14,0
260.0,0.05,-0.05,1.10554638964e-14,0
260.0,0.055,-0.05,2.4302340935e-14,0
260.0,0.05,-0.045,-8.68547869279e-16,0
260.0,0.055,-0.045,7.40719595105e-15,0
260.0,0.05,-0.04,-1.25161996639e-14,0
260.0,0.055,-0.04,-9.11123292913e-15,0
260.0,0.05,-0.035,-2.32992557927e-14,0
260.0,0.055,-0.035,-2.4600158641e-14,0
260.0,0.05,-0.03,-3.26399474382e-14,0
260.0,0.055,-0.03,-3.8458243272e-14,0
260.0,0.05,-0.025,-4.02886203121e-14,0
260.0,0.055,-0.025,-5.02417728704e-14,0
260.0,0.05,-0.02,-4.61520118288e-14,0
260.0,0.055,-0.02,-5.97491050398e-14,0
260.0,0.05,-0.015,-5.05844779198e-14,0
260.0,0.055,-0.015,-6.70750709749e-14,0
260.0,0.05,-0.01,-5.3704945962e-14,0
260.0,0.055,-0.01,-7.22572933869e-14,0
260.0,0.05,-0.005,-5.54627318259e-14,0
260.0,0.055,-0.005,-7.52412002015e-14,0
260.0,0.05,0,-5.57879044116e-14,0
260.0,0.055,4.16333634234e-19,-7.59409416267e-14,0
260.0,0.05,0.005,-5.45872383083e-14,0
260.0,0.055,0.005,-7.43119098876e-14,0
260.0,0.05,0.01,-5.20714140628e-14,0
260.0,0.055,0.01,-7.05126824753e-14,0
260.0,0.05,0.015,-4.83045884137e-14,0
260.0,0.055,0.015,-6.46782988777e-14,0
260.0,0.05,0.02,-4.33183566266e-14,0
260.0,0.055,0.02,-5.68937535506e-14,0
260.0,0.05,0.025,-3.71419765279e-14,0
260.0,0.055,0.025,-4.72408956045e-14,0
260.0,0.05,0.03,-2.97598543474e-14,0
260.0,0.055,0.03,-3.57776171599e-14,0
260.0,0.05,0.035,-2.10717069674e-14,0
260.0,0.055,0.035,-2.25371737614e-14,0
260.0,0.05,0.04,-1.07739398716e-14,0
260.0,0.055,0.04,-7.58865499541e-15,0
260.0,0.05,0.045,5.30477249934e-16,0
260.0,0.055,0.045,8.47705865409e-15,0
260.0,0.05,0.05,1.20738996449e-14,0
260.0,0.05,0.055,2.3360518597e-14,0
260.0,0.055,0.05,2.49112546565e-14,0
260.0,0.055,0.055,4.11347942825e-14,0
260.0,0.05,0.06,3.4121483543e-14,0
260.0,0.05,0.065,4.426969106e-14,0
260.0,0.055,0.06,5.67671655049e-14,0
260.0,0.055,0.065,7.16769019581e-14,0
260.0,0.05,0.07,5.39066572688e-14,0
260.0,0.05,0.075,6.33424227942e-14,0
260.0,0.055,0.07,8.60018435236e-14,0
260.0,0.055,0.075,1.00194456684e-13,0
260.0,0.06,-0.075,1.38274527966e-13,0
260.0,0.06,-0.07,1.19213233681e-13,0
260.0,0.065,-0.075,1.71664504285e-13,0
260.0,0.065,-0.07,1.49154752542e-13,0
260.0,0.06,-0.065,1.00005847154e-13,0
260.0,0.065,-0.065,1.26276590522e-13,0
260.0,0.06,-0.06,8.00589948933e-14,0
260.0,0.065,-0.06,1.02304612755e-13,0
260.0,0.06,-0.055,5.92115430724e-14,0
260.0,0.065,-0.055,7.70827599254e-14,0
260.0,0.06,-0.05,3.76600073142e-14,0
260.0,0.065,-0.05,5.08673377188e-14,0
260.0,0.06,-0.045,1.58602726324e-14,0
260.0,0.065,-0.045,2.42308235464e-14,0
260.0,0.06,-0.04,-5.54165310036e-15,0
260.0,0.065,-0.04,-2.06778371718e-15,0
260.0,0.06,-0.035,-2.58218575677e-14,0
260.0,0.065,-0.035,-2.71812047404e-14,0
260.0,0.06,-0.03,-4.42797737371e-14,0
260.0,0.065,-0.03,-5.02898295081e-14,0
260.0,0.06,-0.025,-6.03526051363e-14,0
260.0,0.065,-0.025,-7.06869546247e-14,0
260.0,0.06,-0.02,-7.36714983624e-14,0
260.0,0.065,-0.02,-8.78422551287e-14,0
260.0,0.06,-0.015,-8.40893276258e-14,0
260.0,0.065,-0.015,-1.01393161611e-13,0
260.0,0.06,-0.01,-9.14987630445e-14,0
260.0,0.065,-0.01,-1.11106056386e-13,0
260.0,0.06,-0.005,-9.58122922974e-14,0
260.0,0.065,-0.005,-1.16804781245e-13,0
260.0,0.06,0,-9.69407301284e-14,0
260.0,0.065,4.16333634234e-19,-1.18402758576e-13,0
260.0,0.06,0.005,-9.48832389482e-14,0
260.0,0.065,0.005,-1.15893680321e-13,0
260.0,0.06,0.01,-8.97504034919e-14,0
260.0,0.065,0.01,-1.09392398965e-13,0
260.0,0.06,0.015,-8.17092543899e-14,0
260.0,0.065,0.015,-9.90763579614e-14,0
260.0,0.06,0.02,-7.09126111544e-14,0
260.0,0.065,0.02,-8.51905389542e-14,0
260.0,0.06,0.025,-5.75407211635e-14,0
260.0,0.065,0.025,-6.80139794646e-14,0
260.0,0.06,0.03,-4.17745915333e-14,0
260.0,0.065,0.03,-4.79025370833e-14,0
260.0,0.06,0.035,-2.38574195475e-14,0
260.0,0.065,0.035,-2.5296190808e-14,0
260.0,0.06,0.04,-4.15223941321e-15,0
260.0,0.065,0.04,-7.82897721339e-16,0
260.0,0.06,0.045,1.66972076832e-14,0
260.0,0.065,0.045,2.48831222231e-14,0
260.0,0.06,0.05,3.79403380685e-14,0
260.0,0.065,0.05,5.08706231791e-14,0
260.0,0.06,0.055,5.89059970858e-14,0
260.0,0.065,0.055,7.64191642158e-14,0
260.0,0.06,0.06,7.91327470925e-14,0
260.0,0.06,0.065,9.84304706624e-14,0
260.0,0.065,0.06,1.00955832541e-13,0
260.0,0.065,0.065,1.24229673792e-13,0
260.0,0.06,0.07,1.16971621119e-13,0
260.0,0.06,0.075,1.35358618053e-13,0
260.0,0.065,0.07,1.46403052505e-13,0
260.0,0.065,0.075,1.68203399323e-13,0
260.0,0.07,-0.075,2.0263417463e-13,0
260.0,0.07,-0.07,1.77581015636e-13,0
260.0,0.075,-0.075,2.3174981481e-13,0
260.0,0.075,-0.07,2.05207103247e-13,0
260.0,0.07,-0.065,1.51647209122e-13,0
260.0,0.075,-0.065,1.76761962318e-13,0
260.0,0.07,-0.06,1.24042226408e-13,0
260.0,0.075,-0.06,1.4577449903e-13,0
260.0,0.07,-0.055,9.4653509365e-14,0
260.0,0.075,-0.055,1.12261127217e-13,0
260.0,0.07,-0.05,6.38626664847e-14,0
260.0,0.075,-0.05,7.68225971389e-14,0
260.0,0.07,-0.045,3.23845466257e-14,0
260.0,0.075,-0.045,4.0340418967e-14,0
260.0,0.07,-0.04,1.13368092141e-15,0
260.0,0.075,-0.04,3.93699128199e-15,0
260.0,0.07,-0.035,-2.88913695187e-14,0
260.0,0.075,-0.035,-3.12007631508e-14,0
260.0,0.07,-0.03,-5.67148834465e-14,0
260.0,0.075,-0.03,-6.39215646025e-14,0
260.0,0.07,-0.025,-8.14740741019e-14,0
260.0,0.075,-0.025,-9.31640833816e-14,0
260.0,0.07,-0.02,-1.02462719247e-13,0
260.0,0.075,-0.02,-1.18085263856e-13,0
260.0,0.07,-0.015,-1.19162446225e-13,0
260.0,0.075,-0.015,-1.37971288357e-13,0
260.0,0.07,-0.01,-1.31188091288e-13,0
260.0,0.075,-0.01,-1.52370799378e-13,0
260.0,0.07,-0.005,-1.3830628809e-13,0
260.0,0.075,-0.005,-1.60909850526e-13,0
260.0,0.07,0,-1.40374529935e-13,0
260.0,0.075,0,-1.63469167113e-13,0
260.0,0.07,0.005,-1.37401878792e-13,0
260.0,0.075,0.005,-1.59982004582e-13,0
260.0,0.07,0.01,-1.2948980628e-13,0
260.0,0.075,0.01,-1.50631450274e-13,0
260.0,0.07,0.015,-1.16876036169e-13,0
260.0,0.075,0.015,-1.35637779565e-13,0
260.0,0.07,0.02,-9.98622936605e-14,0
260.0,0.075,0.02,-1.15443457466e-13,0
260.0,0.07,0.025,-7.88667492094e-14,0
260.0,0.075,0.025,-9.05294890017e-14,0
260.0,0.07,0.03,-5.43889460082e-14,0
260.0,0.075,0.03,-6.15892091975e-14,0
260.0,0.07,0.035,-2.70676942481e-14,0
260.0,0.075,0.035,-2.94046847253e-14,0
260.0,0.07,0.04,2.32143655254e-15,0
260.0,0.075,0.04,5.04345097221e-15,0
260.0,0.07,0.045,3.28709947778e-14,0
260.0,0.075,0.045,4.06719129508e-14,0
260.0,0.07,0.05,6.36170162758e-14,0
260.0,0.075,0.05,7.63406334362e-14,0
260.0,0.07,0.055,9.36612839167e-14,0
260.0,0.075,0.055,1.10954517001e-13,0
260.0,0.07,0.06,1.22298001094e-13,0
260.0,0.075,0.06,1.43648024834e-13,0
260.0,0.07,0.065,1.49152607541e-13,0
260.0,0.075,0.065,1.73832596085e-13,0
260.0,0.07,0.07,1.74342712861e-13,0
260.0,0.07,0.075,1.98656658276e-13,0
260.0,0.075,0.07,2.01497482151e-13,0
260.0,0.075,0.075,2.27281069619e-13,0
262.0,-0.00382671281566,-0.00202612167119,0,0
262.0,-0.005,-0.005,2.61309629384e-14,0
262.0,-0.00197892066871,-0.00385133392306,0,0
262.0,-0.005,-0.00190753787223,1.55824326255e-14,0
262.0,-0.00433,0,0,0
262.0,-0.00190753787223,-0.005,1.5450682474e-14,0
262.0,0,-0.00433,0,0
262.0,-0.005,0.00190775150599,1.55732570177e-14,0
262.0,-0.00385133392306,0.00197892066871,0,0
262.0,0.00190775150599,-0.005,1.54399419404e-14,0
262.0,0.00202612167119,-0.00382671281566,0,0
262.0,-0.00202612167119,0.00382671281566,0,0
262.0,-0.005,0.005,2.60487050259e-14,0
262.0,-0.0019094272225,0.005,1.54771859846e-14,0
262.0,0,0.00433,0,0
262.0,0.00147766755988,0.00407006125046,0,0
262.0,8.32667268469e-19,0.005,1.17379681837e-14,0
262.0,0.00433,0,0,0
262.0,0.005,1.38777878078e-18,1.13975444787e-14,0
262.0,0.00407006125046,0.00147766755988,0,0
262.0,0.005,-0.005,2.67874753256e-14,0
262.0,0.00385133392306,-0.00197892066871,0,0
262.0,0.005,-0.0019094272225,1.56575344651e-14,0
262.0,0.00306177236254,0.00306177236254,0,0
262.0,0.0019094272225,0.005,1.56374602105e-14,0
262.0,0.005,0.0019094272225,1.57102149135e-14,0
262.0,-0.000885,-0.0015328649647,1.27151514662e-12,0
262.0,-0.0015328649647,-0.000885,1.27163752773e-12,0
262.0,-0.00186450691264,-0.00187567167242,8.43022135611e-13,0
262.0,-0.00177,0,1.27132926273e-12,0
262.0,-0.00268433516245,-0.000738983120158,7.59103992762e-13,0
262.0,0,-0.00177,1.27147678498e-12,0
262.0,-0.000718432264205,-0.00269192408424,7.57397832418e-13,0
262.0,-0.0015328649647,0.000885,1.26982479285e-12,0
262.0,-0.00265321485144,0.000647311733689,7.89886840549e-13,0
262.0,-0.000885,0.0015328649647,1.2681972874e-12,0
262.0,-0.00194719253591,0.00178443766524,8.43948440694e-13,0
262.0,0,0.00177,1.26409113326e-12,0
262.0,-0.000802720381054,0.00273415977115,7.17497668399e-13,0
262.0,0.000885,-0.0015328649647,1.27016562702e-12,0
262.0,0.00075154031863,-0.00270385456952,7.452878909e-13,0
262.0,0.00177,0,1.26243089861e-12,0
262.0,0.0015328649647,-0.000885,1.26801321222e-12,0
262.0,0.00271471102228,-0.000564731152102,7.60911616033e-13,0
262.0,0.00192394637685,-0.00189207206672,8.10093104471e-13,0
262.0,0.00231817117671,0.00040530921667,9.87907103506e-13,0
262.0,0.0015328649647,0.000885,1.26069726394e-12,0
262.0,0.000885,0.0015328649647,1.26140232213e-12,0
262.0,0.000427053001345,0.00287092483521,6.82187275367e-13,0
262.0,0.00187618296239,0.00184774001435,8.33337433575e-13,0
262.0,0.00312733402203,0.000607809752493,5.19197403946e-13,0
262.0,0.00276214303706,0.00136595635004,5.7685752773e-13,0
262.0,0.0014100336009,0.00268674970267,6.04769732476e-13,0
262.0,-0.075,-0.075,2.02571234096e-13,0
262.0,-0.07,-0.075,1.80066404265e-13,0
262.0,-0.075,-0.07,1.76437344061e-13,0
262.0,-0.07,-0.07,1.55318338996e-13,0
262.0,-0.075,-0.065,1.48571447804e-13,0
262.0,-0.07,-0.065,1.29815118456e-13,0
262.0,-0.065,-0.075,1.55769098221e-13,0
262.0,-0.065,-0.07,1.33369941141e-13,0
262.0,-0.065,-0.065,1.10726084361e-13,0
262.0,-0.075,-0.06,1.18427283426e-13,0
262.0,-0.07,-0.06,1.02861905532e-13,0
262.0,-0.065,-0.06,8.71889110587e-14,0
262.0,-0.075,-0.055,8.60662509223e-14,0
262.0,-0.07,-0.055,7.43937595705e-14,0
262.0,-0.065,-0.055,6.26448338133e-14,0
262.0,-0.075,-0.05,5.20911917193e-14,0
262.0,-0.07,-0.05,4.48044930533e-14,0
262.0,-0.065,-0.05,3.73646187953e-14,0
262.0,-0.075,-0.045,1.73487919856e-14,0
262.0,-0.07,-0.045,1.47856221911e-14,0
262.0,-0.065,-0.045,1.19133132735e-14,0
262.0,-0.075,-0.04,-1.71144281859e-14,0
262.0,-0.07,-0.04,-1.48073799263e-14,0
262.0,-0.075,-0.035,-5.02311661913e-14,0
262.0,-0.07,-0.035,-4.30796576927e-14,0
262.0,-0.065,-0.04,-1.29875913742e-14,0
262.0,-0.065,-0.035,-3.65741365964e-14,0
262.0,-0.075,-0.03,-8.09986464425e-14,0
262.0,-0.07,-0.03,-6.92030970414e-14,0
262.0,-0.075,-0.025,-1.08512402904e-13,0
262.0,-0.07,-0.025,-9.24791895949e-14,0
262.0,-0.065,-0.03,-5.81775435187e-14,0
262.0,-0.065,-0.025,-7.72914597487e-14,0
262.0,-0.075,-0.02,-1.32041218306e-13,0
262.0,-0.07,-0.02,-1.12319324957e-13,0
262.0,-0.075,-0.015,-1.50913826052e-13,0
262.0,-0.07,-0.015,-1.28242489273e-13,0
262.0,-0.065,-0.02,-9.3538122427e-14,0
262.0,-0.065,-0.015,-1.06574901272e-13,0
262.0,-0.075,-0.01,-1.64642464847e-13,0
262.0,-0.07,-0.01,-1.39809099691e-13,0
262.0,-0.075,-0.005,-1.72778476978e-13,0
262.0,-0.07,-0.005,-1.46688976104e-13,0
262.0,-0.065,-0.01,-1.160827981e-13,0
262.0,-0.065,-0.005,-1.21745161188e-13,0
262.0,-0.075,0,-1.75117346702e-13,0
262.0,-0.07,0,-1.48646018916e-13,0
262.0,-0.075,0.005,-1.71546506449e-13,0
262.0,-0.07,0.005,-1.45634205699e-13,0
262.0,-0.065,4.16333634234e-19,-1.23357034663e-13,0
262.0,-0.065,0.005,-1.20852227969e-13,0
262.0,-0.075,0.01,-1.62241418368e-13,0
262.0,-0.07,0.01,-1.37756629783e-13,0
262.0,-0.075,0.015,-1.47465295464e-13,0
262.0,-0.07,0.015,-1.25302482023e-13,0
262.0,-0.065,0.01,-1.14348261277e-13,0
262.0,-0.065,0.015,-1.0410002357e-13,0
262.0,-0.075,0.02,-1.27714100012e-13,0
262.0,-0.07,0.02,-1.08646031445e-13,0
262.0,-0.075,0.025,-1.03510911052e-13,0
262.0,-0.07,0.025,-8.82572553675e-14,0
262.0,-0.065,0.02,-9.04659459619e-14,0
262.0,-0.065,0.025,-7.37910480097e-14,0
262.0,-0.075,0.03,-7.55459691507e-14,0
262.0,-0.07,0.03,-6.46345437514e-14,0
262.0,-0.075,0.035,-4.45602424532e-14,0
262.0,-0.07,0.035,-3.83734480762e-14,0
262.0,-0.065,0.03,-5.44305094457e-14,0
262.0,-0.065,0.035,-3.27676293381e-14,0
262.0,-0.075,0.04,-1.14569388359e-14,0
262.0,-0.07,0.04,-1.01741054224e-14,0
262.0,-0.075,0.045,2.27673728965e-14,0
262.0,-0.07,0.045,1.9139295031e-14,0
262.0,-0.065,0.04,-9.31043170453e-15,0
262.0,-0.065,0.045,1.5269788614e-14,0
262.0,-0.075,0.05,5.70616164424e-14,0
262.0,-0.07,0.05,4.86826875242e-14,0
262.0,-0.075,0.055,9.04039141783e-14,0
262.0,-0.07,0.055,7.76219440114e-14,0
262.0,-0.065,0.05,4.02139408654e-14,0
262.0,-0.065,0.055,6.48186722743e-14,0
262.0,-0.075,0.06,1.21981868099e-13,0
262.0,-0.07,0.06,1.05296085665e-13,0
262.0,-0.075,0.065,1.51232435592e-13,0
262.0,-0.07,0.065,1.31348077469e-13,0
262.0,-0.065,0.06,8.85475759663e-14,0
262.0,-0.065,0.065,1.1116450981e-13,0
262.0,-0.075,0.07,1.78135316953e-13,0
262.0,-0.07,0.07,1.55881143779e-13,0
262.0,-0.075,0.075,2.03275288248e-13,0
262.0,-0.07,0.075,1.79626402613e-13,0
262.0,-0.065,0.07,1.32818814921e-13,0
262.0,-0.065,0.075,1.54191551441e-13,0
262.0,-0.06,-0.075,1.29017619589e-13,0
262.0,-0.06,-0.07,1.09803758477e-13,0
262.0,-0.06,-0.065,9.05925111946e-14,0
262.0,-0.055,-0.075,9.9717013352e-14,0
262.0,-0.055,-0.07,8.44253743536e-14,0
262.0,-0.055,-0.065,6.91989191259e-14,0
262.0,-0.06,-0.06,7.08388637218e-14,0
262.0,-0.06,-0.055,5.04091106274e-14,0
262.0,-0.055,-0.06,5.36159431232e-14,0
262.0,-0.055,-0.055,3.756403235e-14,0
262.0,-0.06,-0.05,2.95131776596e-14,0
262.0,-0.055,-0.05,2.11887850987e-14,0
262.0,-0.06,-0.045,8.60852952155e-15,0
262.0,-0.055,-0.045,4.87268512234e-15,0
262.0,-0.06,-0.04,-1.16638928789e-14,0
262.0,-0.055,-0.04,-1.082650276e-14,0
262.0,-0.06,-0.035,-3.06202131928e-14,0
262.0,-0.055,-0.035,-2.52188924697e-14,0
262.0,-0.06,-0.03,-4.77105549095e-14,0
262.0,-0.06,-0.025,-6.26602319417e-14,0
262.0,-0.055,-0.03,-3.78077175581e-14,0
262.0,-0.055,-0.025,-4.86064542414e-14,0
262.0,-0.06,-0.02,-7.53087839552e-14,0
262.0,-0.06,-0.015,-8.55082285342e-14,0
262.0,-0.055,-0.02,-5.77000489534e-14,0
262.0,-0.055,-0.015,-6.51046832693e-14,0
262.0,-0.06,-0.01,-9.3009095961e-14,0
262.0,-0.06,-0.005,-9.75120444946e-14,0
262.0,-0.055,-0.01,-7.0683722014e-14,0
262.0,-0.055,-0.005,-7.40705715899e-14,0
262.0,-0.06,0,-9.87855544083e-14,0
262.0,-0.06,0.005,-9.67716352912e-14,0
262.0,-0.055,4.16333634234e-19,-7.50242409621e-14,0
262.0,-0.055,0.005,-7.34770441656e-14,0
262.0,-0.06,0.01,-9.15734144784e-14,0
262.0,-0.06,0.015,-8.34685697698e-14,0
262.0,-0.055,0.01,-6.95369668061e-14,0
262.0,-0.055,0.015,-6.34849373477e-14,0
262.0,-0.06,0.02,-7.28009333781e-14,0
262.0,-0.06,0.025,-5.98360387312e-14,0
262.0,-0.055,0.02,-5.57344296656e-14,0
262.0,-0.055,0.025,-4.64195012379e-14,0
262.0,-0.06,0.03,-4.47308060737e-14,0
262.0,-0.06,0.035,-2.76512418176e-14,0
262.0,-0.055,0.03,-3.55301617267e-14,0
262.0,-0.055,0.035,-2.30053236063e-14,0
262.0,-0.06,0.04,-8.87199283421e-15,0
262.0,-0.06,0.045,1.10423363026e-14,0
262.0,-0.055,0.04,-8.8257899512e-15,0
262.0,-0.055,0.045,6.47960927901e-15,0
262.0,-0.06,0.05,3.14062612465e-14,0
262.0,-0.06,0.055,5.15958285166e-14,0
262.0,-0.055,0.05,2.22180474907e-14,0
262.0,-0.055,0.055,3.78513123479e-14,0
262.0,-0.06,0.06,7.11819794821e-14,0
262.0,-0.06,0.065,8.99883052817e-14,0
262.0,-0.055,0.06,5.30264054086e-14,0
262.0,-0.055,0.065,6.76300510267e-14,0
262.0,-0.06,0.07,1.0818162983e-13,0
262.0,-0.06,0.075,1.26334758181e-13,0
262.0,-0.055,0.07,8.18047382003e-14,0
262.0,-0.055,0.075,9.59948503402e-14,0
262.0,-0.05,-0.075,6.82885884867e-14,0
262.0,-0.05,-0.07,5.74651455174e-14,0
262.0,-0.045,-0.075,3.53872339504e-14,0
262.0,-0.045,-0.07,2.94393400897e-14,0
262.0,-0.05,-0.065,4.66799427051e-14,0
262.0,-0.045,-0.065,2.3426734537e-14,0
262.0,-0.05,-0.06,3.5626296198e-14,0
262.0,-0.05,-0.055,2.42106273652e-14,0
262.0,-0.045,-0.06,1.71739304401e-14,0
262.0,-0.045,-0.055,1.0613497196e-14,0
262.0,-0.05,-0.05,1.252696873e-14,0
262.0,-0.05,-0.045,8.4309939438e-16,0
262.0,-0.045,-0.05,3.78110754115e-15,0
262.0,-0.045,-0.045,-3.17361019854e-15,0
262.0,-0.05,-0.04,-1.03577725528e-14,0
262.0,-0.045,-0.04,-9.94549598748e-15,0
262.0,-0.05,-0.035,-2.03579270188e-14,0
262.0,-0.045,-0.035,-1.58578295758e-14,0
262.0,-0.05,-0.03,-2.85822759204e-14,0
262.0,-0.045,-0.03,-2.01543091006e-14,0
262.0,-0.05,-0.025,-3.54355778404e-14,0
262.0,-0.045,-0.025,-2.37076031448e-14,0
262.0,-0.05,-0.02,-4.11602809499e-14,0
262.0,-0.05,-0.015,-4.58840041549e-14,0
262.0,-0.045,-0.02,-2.65685835933e-14,0
262.0,-0.045,-0.015,-2.8783478258e-14,0
262.0,-0.05,-0.01,-4.96236413851e-14,0
262.0,-0.05,-0.005,-5.19184508574e-14,0
262.0,-0.045,-0.01,-3.06608971456e-14,0
262.0,-0.045,-0.005,-3.17782408697e-14,0
262.0,-0.05,0,-5.25384301877e-14,0
262.0,-0.05,0.005,-5.14633856529e-14,0
262.0,-0.045,4.16333634234e-19,-3.20378509228e-14,0
262.0,-0.045,0.005,-3.14427795843e-14,0
262.0,-0.05,0.01,-4.87524933468e-14,0
262.0,-0.05,0.015,-4.46748299259e-14,0
262.0,-0.045,0.01,-3.0024945257e-14,0
262.0,-0.045,0.015,-2.79182622299e-14,0
262.0,-0.05,0.02,-3.97150954674e-14,0
262.0,-0.05,0.025,-3.38357531917e-14,0
262.0,-0.045,0.02,-2.55383208642e-14,0
262.0,-0.045,0.025,-2.25711004172e-14,0
262.0,-0.05,0.03,-2.69227828598e-14,0
262.0,-0.05,0.035,-1.87694796303e-14,0
262.0,-0.045,0.03,-1.89989351299e-14,0
262.0,-0.045,0.035,-1.47940553805e-14,0
262.0,-0.05,0.04,-9.02200242617e-15,0
262.0,-0.05,0.045,1.74131849887e-15,0
262.0,-0.045,0.04,-9.15131103721e-15,0
262.0,-0.045,0.045,-2.85715661227e-15,0
262.0,-0.05,0.05,1.28055645584e-14,0
262.0,-0.05,0.055,2.37087150487e-14,0
262.0,-0.045,0.05,3.43673186759e-15,0
262.0,-0.045,0.055,9.45167295641e-15,0
262.0,-0.05,0.06,3.42123398513e-14,0
262.0,-0.05,0.065,4.42532320642e-14,0
262.0,-0.045,0.06,1.50672778532e-14,0
262.0,-0.045,0.065,2.02770665877e-14,0
262.0,-0.05,0.07,5.39519604042e-14,0
262.0,-0.05,0.075,6.36322872577e-14,0
262.0,-0.045,0.07,2.51718736031e-14,0
262.0,-0.045,0.075,2.99398012768e-14,0
262.0,-0.04,-0.075,1.90192062547e-15,0
262.0,-0.04,-0.07,1.03736875658e-15,0
262.0,-0.035,-0.075,-3.11991644476e-14,0
262.0,-0.035,-0.07,-2.69548294711e-14,0
262.0,-0.04,-0.065,-2.19982303266e-17,0
262.0,-0.035,-0.065,-2.30498981598e-14,0
262.0,-0.04,-0.06,-1.3231875395e-15,0
262.0,-0.035,-0.06,-1.94071183013e-14,0
262.0,-0.04,-0.055,-2.90476490911e-15,0
262.0,-0.035,-0.055,-1.60305801585e-14,0
262.0,-0.04,-0.05,-4.7786836815e-15,0
262.0,-0.04,-0.045,-6.90803160514e-15,0
262.0,-0.035,-0.05,-1.29877042099e-14,0
262.0,-0.035,-0.045,-1.03589618702e-14,0
262.0,-0.04,-0.04,-9.13385509998e-15,0
262.0,-0.04,-0.035,-1.10679445148e-14,0
262.0,-0.035,-0.04,-8.21961469163e-15,0
262.0,-0.035,-0.035,-6.61792630186e-15,0
262.0,-0.04,-0.03,-1.24559365652e-14,0
262.0,-0.035,-0.03,-5.40408956664e-15,0
262.0,-0.04,-0.025,-1.34926536373e-14,0
262.0,-0.035,-0.025,-4.21551711635e-15,0
262.0,-0.04,-0.02,-1.41568064709e-14,0
262.0,-0.035,-0.02,-3.03378977985e-15,0
262.0,-0.04,-0.015,-1.44063218186e-14,0
262.0,-0.035,-0.015,-1.82419806515e-15,0
262.0,-0.04,-0.01,-1.43167253478e-14,0
262.0,-0.04,-0.005,-1.42184113849e-14,0
262.0,-0.035,-0.01,-5.52415479353e-16,0
262.0,-0.035,-0.005,2.929905052e-16,0
262.0,-0.04,0,-1.41196138104e-14,0
262.0,-0.04,0.005,-1.39778977098e-14,0
262.0,-0.035,4.16333634234e-19,6.40471435522e-16,0
262.0,-0.035,0.005,4.58619320954e-16,0
262.0,-0.04,0.01,-1.38575948433e-14,0
262.0,-0.04,0.015,-1.37745525104e-14,0
262.0,-0.035,0.01,-2.34110090213e-16,0
262.0,-0.035,0.015,-1.38044624716e-15,0
262.0,-0.04,0.02,-1.34094611452e-14,0
262.0,-0.04,0.025,-1.26878367332e-14,0
262.0,-0.035,0.02,-2.52568064083e-15,0
262.0,-0.035,0.025,-3.68760861722e-15,0
262.0,-0.04,0.03,-1.16735607836e-14,0
262.0,-0.04,0.035,-1.03988306559e-14,0
262.0,-0.035,0.03,-4.92414356063e-15,0
262.0,-0.035,0.035,-6.2698802738e-15,0
262.0,-0.04,0.04,-8.76164909919e-15,0
262.0,-0.04,0.045,-7.04813360778e-15,0
262.0,-0.035,0.04,-8.17385838934e-15,0
262.0,-0.035,0.045,-1.08360441348e-14,0
262.0,-0.04,0.05,-5.61143020159e-15,0
262.0,-0.04,0.055,-4.58340773212e-15,0
262.0,-0.035,0.05,-1.41710191471e-14,0
262.0,-0.035,0.055,-1.80730316588e-14,0
262.0,-0.04,0.06,-3.97132670954e-15,0
262.0,-0.04,0.065,-3.73600654937e-15,0
262.0,-0.035,0.06,-2.24314982146e-14,0
262.0,-0.035,0.065,-2.71511662773e-14,0
262.0,-0.04,0.07,-3.81742235627e-15,0
262.0,-0.04,0.075,-4.16050759377e-15,0
262.0,-0.035,0.07,-3.22084766637e-14,0
262.0,-0.035,0.075,-3.76741932249e-14,0
262.0,-0.03,-0.075,-6.2906680825e-14,0
262.0,-0.03,-0.07,-5.37144511978e-14,0
262.0,-0.025,-0.075,-9.22089372794e-14,0
262.0,-0.025,-0.07,-7.84342340637e-14,0
262.0,-0.03,-0.065,-4.50192935285e-14,0
262.0,-0.025,-0.065,-6.52942119038e-14,0
262.0,-0.03,-0.06,-3.66117071371e-14,0
262.0,-0.025,-0.06,-5.24856438246e-14,0
262.0,-0.03,-0.055,-2.84790445382e-14,0
262.0,-0.025,-0.055,-3.99669935693e-14,0
262.0,-0.03,-0.05,-2.07412504556e-14,0
262.0,-0.025,-0.05,-2.79325230464e-14,0
262.0,-0.03,-0.045,-1.36373504943e-14,0
262.0,-0.025,-0.045,-1.67641792456e-14,0
262.0,-0.03,-0.04,-7.48958344854e-15,0
262.0,-0.03,-0.035,-2.74037649166e-15,0
262.0,-0.025,-0.04,-7.02293086742e-15,0
262.0,-0.025,-0.035,5.16916026827e-16,0
262.0,-0.03,-0.03,8.58229832127e-16,0
262.0,-0.03,-0.025,4.04814985214e-15,0
262.0,-0.025,-0.03,6.23522100747e-15,0
262.0,-0.025,-0.025,1.1190172665e-14,0
262.0,-0.03,-0.02,6.82677775362e-15,0
262.0,-0.025,-0.02,1.5361676818e-14,0
262.0,-0.03,-0.015,9.18673515128e-15,0
262.0,-0.025,-0.015,1.87660703972e-14,0
262.0,-0.03,-0.01,1.10558106353e-14,0
262.0,-0.025,-0.01,2.12632202025e-14,0
262.0,-0.03,-0.005,1.22661988934e-14,0
262.0,-0.025,-0.005,2.27425981425e-14,0
262.0,-0.03,0,1.27113113352e-14,0
262.0,-0.03,0.005,1.23665646557e-14,0
262.0,-0.025,4.16333634234e-19,2.32426580874e-14,0
262.0,-0.025,0.005,2.27730972158e-14,0
262.0,-0.03,0.01,1.12482271085e-14,0
262.0,-0.03,0.015,9.45064606113e-15,0
262.0,-0.025,0.01,2.13299644775e-14,0
262.0,-0.025,0.015,1.88677242806e-14,0
262.0,-0.03,0.02,7.13059750944e-15,0
262.0,-0.03,0.025,4.35233450609e-15,0
262.0,-0.025,0.02,1.54894171186e-14,0
262.0,-0.025,0.025,1.13181659235e-14,0
262.0,-0.03,0.03,1.10565327932e-15,0
262.0,-0.03,0.035,-2.62267643854e-15,0
262.0,-0.025,0.03,6.31675669529e-15,0
262.0,-0.025,0.035,4.87527352764e-16,0
262.0,-0.03,0.04,-7.66753013963e-15,0
262.0,-0.03,0.045,-1.43285751389e-14,0
262.0,-0.025,0.04,-7.31791214564e-15,0
262.0,-0.025,0.045,-1.75416716285e-14,0
262.0,-0.03,0.05,-2.21323767239e-14,0
262.0,-0.03,0.055,-3.07258737921e-14,0
262.0,-0.025,0.05,-2.93850313107e-14,0
262.0,-0.025,0.055,-4.22548860445e-14,0
262.0,-0.03,0.06,-3.98376210415e-14,0
262.0,-0.03,0.065,-4.93197775665e-14,0
262.0,-0.025,0.06,-5.57355408105e-14,0
262.0,-0.025,0.065,-6.96021802301e-14,0
262.0,-0.03,0.07,-5.9164620906e-14,0
262.0,-0.03,0.075,-6.95765875044e-14,0
262.0,-0.025,0.07,-8.38750965778e-14,0
262.0,-0.025,0.075,-9.88504764151e-14,0
262.0,-0.02,-0.075,-1.18185124931e-13,0
262.0,-0.02,-0.07,-1.0033589864e-13,0
262.0,-0.015,-0.075,-1.39947238948e-13,0
262.0,-0.015,-0.07,-1.18725419554e-13,0
262.0,-0.02,-0.065,-8.32760533304e-14,0
262.0,-0.015,-0.065,-9.84024212835e-14,0
262.0,-0.02,-0.06,-6.65847882211e-14,0
262.0,-0.015,-0.06,-7.8504062907e-14,0
262.0,-0.02,-0.055,-5.0220361437e-14,0
262.0,-0.015,-0.055,-5.89620657048e-14,0
262.0,-0.02,-0.05,-3.44246192628e-14,0
262.0,-0.015,-0.05,-4.00761635443e-14,0
262.0,-0.02,-0.045,-1.97101349402e-14,0
262.0,-0.015,-0.045,-2.24492535361e-14,0
262.0,-0.02,-0.04,-6.83602269341e-15,0
262.0,-0.015,-0.04,-6.96767472084e-15,0
262.0,-0.02,-0.035,3.16209328261e-15,0
262.0,-0.015,-0.035,5.14261015049e-15,0
262.0,-0.02,-0.03,1.06916148712e-14,0
262.0,-0.02,-0.025,1.7116594529e-14,0
262.0,-0.015,-0.03,1.42362629544e-14,0
262.0,-0.015,-0.025,2.18245152742e-14,0
262.0,-0.02,-0.02,2.23788408848e-14,0
262.0,-0.02,-0.015,2.64983256819e-14,0
262.0,-0.015,-0.02,2.77677986075e-14,0
262.0,-0.015,-0.015,3.19699934785e-14,0
262.0,-0.02,-0.01,2.93435021899e-14,0
262.0,-0.015,-0.01,3.43173333414e-14,0
262.0,-0.02,-0.005,3.08480018003e-14,0
262.0,-0.015,-0.005,3.5191905101e-14,0
262.0,-0.02,0,3.12729198973e-14,0
262.0,-0.015,4.16333634234e-19,3.53066545184e-14,0
262.0,-0.02,0.005,3.07953551068e-14,0
262.0,-0.015,0.005,3.50195457585e-14,0
262.0,-0.02,0.01,2.92693868618e-14,0
262.0,-0.02,0.015,2.64323642514e-14,0
262.0,-0.015,0.01,3.40530597382e-14,0
262.0,-0.015,0.015,3.16910760637e-14,0
262.0,-0.02,0.02,2.23427019335e-14,0
262.0,-0.02,0.025,1.71070325547e-14,0
262.0,-0.015,0.02,2.75501011749e-14,0
262.0,-0.015,0.025,2.17012080867e-14,0
262.0,-0.02,0.03,1.06733004922e-14,0
262.0,-0.02,0.035,3.07812323708e-15,0
262.0,-0.015,0.03,1.4180912958e-14,0
262.0,-0.015,0.035,5.10618341685e-15,0
262.0,-0.02,0.04,-7.13139848952e-15,0
262.0,-0.02,0.045,-2.04392451157e-14,0
262.0,-0.015,0.04,-7.12621539185e-15,0
262.0,-0.015,0.045,-2.29847520264e-14,0
262.0,-0.02,0.05,-3.57888192388e-14,0
262.0,-0.02,0.055,-5.23872553743e-14,0
262.0,-0.015,0.05,-4.1202974348e-14,0
262.0,-0.015,0.055,-6.08534133834e-14,0
262.0,-0.02,0.06,-6.96845160772e-14,0
262.0,-0.02,0.065,-8.74056397245e-14,0
262.0,-0.015,0.06,-8.12919197606e-14,0
262.0,-0.015,0.065,-1.02182948053e-13,0
262.0,-0.02,0.07,-1.05568034846e-13,0
262.0,-0.02,0.075,-1.24583417149e-13,0
262.0,-0.015,0.07,-1.23567707809e-13,0
262.0,-0.015,0.075,-1.45906965249e-13,0
262.0,-0.01,-0.075,-1.56793934847e-13,0
262.0,-0.01,-0.07,-1.32977686869e-13,0
262.0,-0.005,-0.075,-1.6808097265e-13,0
262.0,-0.005,-0.07,-1.42604187327e-13,0
262.0,-0.01,-0.065,-1.10188865461e-13,0
262.0,-0.005,-0.065,-1.18217935701e-13,0
262.0,-0.01,-0.06,-8.78620173229e-14,0
262.0,-0.005,-0.06,-9.43451653141e-14,0
262.0,-0.01,-0.055,-6.59361466755e-14,0
262.0,-0.005,-0.055,-7.08979030342e-14,0
262.0,-0.01,-0.05,-4.47323488563e-14,0
262.0,-0.005,-0.05,-4.82278040751e-14,0
262.0,-0.01,-0.045,-2.49262588706e-14,0
262.0,-0.005,-0.045,-2.70441528046e-14,0
262.0,-0.01,-0.04,-7.50171608963e-15,0
262.0,-0.005,-0.04,-8.37153455165e-15,0
262.0,-0.01,-0.035,6.25074108614e-15,0
262.0,-0.005,-0.035,6.47654321268e-15,0
262.0,-0.01,-0.03,1.66341887031e-14,0
262.0,-0.005,-0.03,1.77265203958e-14,0
262.0,-0.01,-0.025,2.50329116425e-14,0
262.0,-0.005,-0.025,2.64518527744e-14,0
262.0,-0.01,-0.02,3.1227077734e-14,0
262.0,-0.01,-0.015,3.48771716729e-14,0
262.0,-0.005,-0.02,3.25033038006e-14,0
262.0,-0.005,-0.015,3.54113061864e-14,0
262.0,-0.0117873230072,-0.0115873794689,3.53891947755e-14,0
262.0,-0.00939961996336,-0.005,3.37644592277e-14,0
262.0,-0.00792797428371,-0.00964253216809,3.50439912403e-14,0
262.0,-0.005,-0.00939961996336,3.32160736366e-14,0
262.0,-0.0108753492546,-0.00150606400588,3.41349280108e-14,0
262.0,-0.00818101620308,-0.00211452602544,3.00512645572e-14,0
262.0,-0.00651817360753,-0.000255934956239,2.33424786969e-14,0
262.0,-0.005,6.71033969428e-08,1.15025800605e-14,0
262.0,-0.0107292118043,0.00160660295843,3.39288298192e-14,0
262.0,-0.0080188992252,0.000768320427092,2.88733587265e-14,0
262.0,-0.00939946851065,0.005,3.35330747089e-14,0
262.0,-0.00802129342231,0.00264911934363,3.0000493772e-14,0
262.0,-0.00887989370213,0.00887989479405,3.47527594274e-14,0
262.0,-0.01,0.015,3.44499309356e-14,0
262.0,-0.005,0.00939947397025,3.28929041065e-14,0
262.0,-0.005,0.015,3.50919447805e-14,0
262.0,-0.01,0.02,3.09361415123e-14,0
262.0,-0.01,0.025,2.49488104623e-14,0
262.0,-0.005,0.02,3.24300367875e-14,0
262.0,-0.005,0.025,2.6746015421e-14,0
262.0,-0.01,0.03,1.67326267353e-14,0
262.0,-0.01,0.035,6.4708249313e-15,0
262.0,-0.005,0.03,1.8325748508e-14,0
262.0,-0.005,0.035,7.19582500533e-15,0
262.0,-0.01,0.04,-7.35270496349e-15,0
262.0,-0.01,0.045,-2.51225736635e-14,0
262.0,-0.005,0.04,-7.78034375629e-15,0
262.0,-0.005,0.045,-2.67872498512e-14,0
262.0,-0.01,0.05,-4.54847458643e-14,0
262.0,-0.01,0.055,-6.7415113662e-14,0
262.0,-0.005,0.05,-4.84961418572e-14,0
262.0,-0.005,0.055,-7.18563055282e-14,0
262.0,-0.01,0.06,-9.01981588976e-14,0
262.0,-0.01,0.065,-1.13475617167e-13,0
262.0,-0.005,0.06,-9.61217973085e-14,0
262.0,-0.005,0.065,-1.20901748196e-13,0
262.0,-0.01,0.07,-1.37277950614e-13,0
262.0,-0.01,0.075,-1.62152956442e-13,0
262.0,-0.005,0.07,-1.462500654e-13,0
262.0,-0.005,0.075,-1.72720700755e-13,0
262.0,0,-0.075,-1.73421830751e-13,0
262.0,0,-0.07,-1.47219783653e-13,0
262.0,0.005,-0.075,-1.72510047942e-13,0
262.0,0.005,-0.07,-1.46615673672e-13,0
262.0,0,-0.065,-1.22187654888e-13,0
262.0,0.005,-0.065,-1.21893532697e-13,0
262.0,0,-0.06,-9.76910987583e-14,0
262.0,0.005,-0.06,-9.77385697412e-14,0
262.0,0,-0.055,-7.36498995303e-14,0
262.0,0.005,-0.055,-7.40411207256e-14,0
262.0,0,-0.05,-5.04040900262e-14,0
262.0,0.005,-0.05,-5.11366233683e-14,0
262.0,0,-0.045,-2.86757131771e-14,0
262.0,0.005,-0.045,-2.97232468012e-14,0
262.0,0,-0.04,-9.5114103881e-15,0
262.0,0.005,-0.04,-1.08311312828e-14,0
262.0,0,-0.035,5.79624726867e-15,0
262.0,0.005,-0.035,4.14993483154e-15,0
262.0,0,-0.03,1.74035262722e-14,0
262.0,0.005,-0.03,1.54991041241e-14,0
262.0,0,-0.025,2.62470457741e-14,0
262.0,0.005,-0.025,2.4499276698e-14,0
262.0,0,-0.02,3.22275901759e-14,0
262.0,0.005,-0.02,3.10091364389e-14,0
262.0,0,-0.015,3.49408527822e-14,0
262.0,0.005,-0.015,3.4709018085e-14,0
262.0,-0.0021196717084,-0.00776771017156,2.79913770218e-14,0
262.0,-0.00084550708518,-0.00631514607954,2.16955837848e-14,0
262.0,6.71033969406e-08,-0.005,1.18739826435e-14,0
262.0,-0.00139054260708,-0.0110960807567,3.3369243156e-14,0
262.0,0.00132468676756,-0.00775008274642,2.74123085234e-14,0
262.0,0.00160394440688,-0.0116908851489,3.38777123664e-14,0
262.0,0.005,-0.00939946851065,3.34455996705e-14,0
262.0,0.005,0.005,2.6131550795e-14,0
262.0,-0.000107646311398,0.00617659695633,2.06986833302e-14,0
262.0,-0.00190846935279,0.0076427502668,2.72578815234e-14,0
262.0,0.00131146485568,0.00777290068297,2.69917304431e-14,0
262.0,0.00295884413402,0.00640276348073,2.49964140348e-14,0
262.0,-1.21517769428e-05,0.0108932602996,3.26467457419e-14,0
262.0,0,0.015,3.48168688107e-14,0
262.0,0.005,0.00939942566771,3.29677220004e-14,0
262.0,0.005,0.015,3.4796243439e-14,0
262.0,0,0.02,3.25221634573e-14,0
262.0,0,0.025,2.70554749734e-14,0
262.0,0.005,0.02,3.16568358118e-14,0
262.0,0.005,0.025,2.56794280147e-14,0
262.0,0,0.03,1.8594252429e-14,0
262.0,0,0.035,7.03651704103e-15,0
262.0,0.005,0.03,1.70658684854e-14,0
262.0,0.005,0.035,5.85627684743e-15,0
262.0,0,0.04,-8.42558499232e-15,0
262.0,0,0.045,-2.78933176165e-14,0
262.0,0.005,0.04,-9.21180708487e-15,0
262.0,0.005,0.045,-2.83739795908e-14,0
262.0,0,0.05,-5.01138074613e-14,0
262.0,0,0.055,-7.40164966308e-14,0
262.0,0.005,0.05,-5.02514102044e-14,0
262.0,0.005,0.055,-7.37875717161e-14,0
262.0,0,0.06,-9.88406744002e-14,0
262.0,0,0.065,-1.24203615688e-13,0
262.0,0.005,0.06,-9.82403456663e-14,0
262.0,0.005,0.065,-1.23227026025e-13,0
262.0,0,0.07,-1.50146953159e-13,0
262.0,0,0.075,-1.77276560236e-13,0
262.0,0.005,0.07,-1.48814149669e-13,0
262.0,0.005,0.075,-1.7557318459e-13,0
262.0,0.01,-0.075,-1.65338524674e-13,0
262.0,0.01,-0.07,-1.40711967433e-13,0
262.0,0.015,-0.075,-1.51997266817e-13,0
262.0,0.015,-0.07,-1.29623203677e-13,0
262.0,0.01,-0.065,-1.17273007383e-13,0
262.0,0.015,-0.065,-1.08375981066e-13,0
262.0,0.01,-0.06,-9.44014423472e-14,0
262.0,0.015,-0.06,-8.77077165274e-14,0
262.0,0.01,-0.055,-7.19959692627e-14,0
262.0,0.015,-0.055,-6.74928204035e-14,0
262.0,0.01,-0.05,-5.0344910086e-14,0
262.0,0.015,-0.05,-4.7984817338e-14,0
262.0,0.01,-0.045,-3.01025136852e-14,0
262.0,0.015,-0.045,-2.97464411281e-14,0
262.0,0.01,-0.04,-1.22581320487e-14,0
262.0,0.015,-0.04,-1.36403007231e-14,0
262.0,0.01,-0.035,1.82382264519e-15,0
262.0,0.015,-0.035,-8.83370158629e-16,0
262.0,0.01,-0.03,1.25600770582e-14,0
262.0,0.015,-0.03,8.96677797227e-15,0
262.0,0.01,-0.025,2.15226827387e-14,0
262.0,0.015,-0.025,1.74694492827e-14,0
262.0,0.01,-0.02,2.85665329948e-14,0
262.0,0.01,-0.015,3.36318522173e-14,0
262.0,0.015,-0.02,2.46152007699e-14,0
262.0,0.015,-0.015,3.06364786765e-14,0
262.0,0.00999280436795,-0.0116358337096,3.55991476663e-14,0
262.0,0.0105889214373,-0.00845762197625,3.64674120371e-14,0
262.0,0.015,-0.01,3.51605401637e-14,0
262.0,0.00939947397025,-0.005,3.56999343646e-14,0
262.0,0.015,-0.005,3.78207399404e-14,0
262.0,0.00658051136513,-0.00296146438142,2.86473862685e-14,0
262.0,0.00636794669772,-3.54305826484e-06,2.46591085154e-14,0
262.0,0.00795807888052,-0.00113999998936,3.18407710273e-14,0
262.0,0.00758147027913,0.00183630393596,3.06842173749e-14,0
262.0,0.0112534647756,-1.47536350887e-07,3.78028684313e-14,0
262.0,0.015,4.16333634234e-19,3.88868157527e-14,0
262.0,0.00939942566771,0.005,3.53078018464e-14,0
262.0,0.015,0.005,3.78861338493e-14,0
262.0,0.00999018807453,0.0109670628501,3.58276558872e-14,0
262.0,0.01,0.015,3.406575949e-14,0
262.0,0.015,0.01,3.55677863305e-14,0
262.0,0.015,0.015,3.15437337935e-14,0
262.0,0.01,0.02,2.95941463914e-14,0
262.0,0.01,0.025,2.30366527431e-14,0
262.0,0.015,0.02,2.6033856233e-14,0
262.0,0.015,0.025,1.93369017414e-14,0
262.0,0.01,0.03,1.44435342986e-14,0
262.0,0.01,0.035,3.94061286797e-15,0
262.0,0.015,0.03,1.12107258001e-14,0
262.0,0.015,0.035,1.64705532968e-15,0
262.0,0.01,0.04,-1.01187119034e-14,0
262.0,0.01,0.045,-2.81897405242e-14,0
262.0,0.015,0.04,-1.10146033542e-14,0
262.0,0.015,0.045,-2.73136314668e-14,0
262.0,0.01,0.05,-4.88743776648e-14,0
262.0,0.01,0.055,-7.11424284288e-14,0
262.0,0.015,0.05,-4.59863470981e-14,0
262.0,0.015,0.055,-6.61105599521e-14,0
262.0,0.01,0.06,-9.42859050991e-14,0
262.0,0.01,0.065,-1.17963179597e-13,0
262.0,0.015,0.06,-8.7057495749e-14,0
262.0,0.015,0.065,-1.08515200216e-13,0
262.0,0.01,0.07,-1.42228303171e-13,0
262.0,0.01,0.075,-1.67663609483e-13,0
262.0,0.015,0.07,-1.30558955149e-13,0
262.0,0.015,0.075,-1.5369652286e-13,0
262.0,0.02,-0.075,-1.32880013081e-13,0
262.0,0.02,-0.07,-1.13602061164e-13,0
262.0,0.025,-0.075,-1.08486252556e-13,0
262.0,0.025,-0.07,-9.30895172478e-14,0
262.0,0.02,-0.065,-9.53989281247e-14,0
262.0,0.025,-0.065,-7.86502699734e-14,0
262.0,0.02,-0.06,-7.77607884038e-14,0
262.0,0.025,-0.06,-6.47729015969e-14,0
262.0,0.02,-0.055,-6.05797185867e-14,0
262.0,0.025,-0.055,-5.13461984073e-14,0
262.0,0.02,-0.05,-4.40367037475e-14,0
262.0,0.025,-0.05,-3.85034467731e-14,0
262.0,0.02,-0.045,-2.85830003655e-14,0
262.0,0.025,-0.045,-2.65469928452e-14,0
262.0,0.02,-0.04,-1.49025193744e-14,0
262.0,0.025,-0.04,-1.59333606808e-14,0
262.0,0.02,-0.035,-3.94890208545e-15,0
262.0,0.025,-0.035,-7.29816437281e-15,0
262.0,0.02,-0.03,4.64840664886e-15,0
262.0,0.025,-0.03,-3.53196463508e-16,0
262.0,0.02,-0.025,1.22322751916e-14,0
262.0,0.025,-0.025,5.85136919723e-15,0
262.0,0.02,-0.02,1.88794826478e-14,0
262.0,0.025,-0.02,1.13455444388e-14,0
262.0,0.02,-0.015,2.48721587612e-14,0
262.0,0.025,-0.015,1.6297951877e-14,0
262.0,0.02,-0.01,2.98700600019e-14,0
262.0,0.025,-0.01,2.03475627987e-14,0
262.0,0.02,-0.005,3.30040889478e-14,0
262.0,0.025,-0.005,2.31618663373e-14,0
262.0,0.02,0,3.41894222077e-14,0
262.0,0.025,4.16333634234e-19,2.44014131044e-14,0
262.0,0.02,0.005,3.33475763694e-14,0
262.0,0.025,0.005,2.35170199732e-14,0
262.0,0.02,0.01,3.0653146056e-14,0
262.0,0.025,0.01,2.11780496874e-14,0
262.0,0.02,0.015,2.61436744886e-14,0
262.0,0.025,0.015,1.76958499044e-14,0
262.0,0.02,0.02,2.06091702443e-14,0
262.0,0.02,0.025,1.44035015427e-14,0
262.0,0.025,0.02,1.32450317446e-14,0
262.0,0.025,0.025,8.22976010611e-15,0
262.0,0.02,0.03,7.23117273111e-15,0
262.0,0.02,0.035,-1.01830650802e-15,0
262.0,0.025,0.03,2.5014208523e-15,0
262.0,0.025,0.035,-4.02290807507e-15,0
262.0,0.02,0.04,-1.18353912743e-14,0
262.0,0.02,0.045,-2.57078154557e-14,0
262.0,0.025,0.04,-1.25082417913e-14,0
262.0,0.025,0.045,-2.33577608565e-14,0
262.0,0.02,0.05,-4.16148239076e-14,0
262.0,0.02,0.055,-5.87897736274e-14,0
262.0,0.025,0.05,-3.58139609304e-14,0
262.0,0.025,0.055,-4.93187328683e-14,0
262.0,0.02,0.06,-7.67083347112e-14,0
262.0,0.02,0.065,-9.5127881437e-14,0
262.0,0.025,0.06,-6.34928309028e-14,0
262.0,0.025,0.065,-7.81472516023e-14,0
262.0,0.02,0.07,-1.14106544908e-13,0
262.0,0.02,0.075,-1.3411416142e-13,0
262.0,0.025,0.07,-9.33480637099e-14,0
262.0,0.025,0.075,-1.09452879387e-13,0
262.0,0.03,-0.075,-7.95836903416e-14,0
262.0,0.03,-0.07,-6.86597120544e-14,0
262.0,0.035,-0.075,-4.70418469391e-14,0
262.0,0.035,-0.07,-4.10449170661e-14,0
262.0,0.03,-0.065,-5.85754005471e-14,0
262.0,0.035,-0.065,-3.57251330934e-14,0
262.0,0.03,-0.06,-4.9030212273e-14,0
262.0,0.035,-0.06,-3.09244345803e-14,0
262.0,0.03,-0.055,-3.99475821754e-14,0
262.0,0.035,-0.055,-2.65921077383e-14,0
262.0,0.03,-0.05,-3.13943099416e-14,0
262.0,0.035,-0.05,-2.27546462534e-14,0
262.0,0.03,-0.045,-2.3546968324e-14,0
262.0,0.035,-0.045,-1.94569070333e-14,0
262.0,0.03,-0.04,-1.66140130639e-14,0
262.0,0.035,-0.04,-1.6713166753e-14,0
262.0,0.03,-0.035,-1.08205131774e-14,0
262.0,0.035,-0.035,-1.43494387471e-14,0
262.0,0.03,-0.03,-5.93732089185e-15,0
262.0,0.035,-0.03,-1.19426502557e-14,0
262.0,0.03,-0.025,-1.53903467059e-15,0
262.0,0.035,-0.025,-9.74170192321e-15,0
262.0,0.03,-0.02,2.31128100117e-15,0
262.0,0.035,-0.02,-7.8789191312e-15,0
262.0,0.03,-0.015,5.71720276021e-15,0
262.0,0.035,-0.015,-6.13780064857e-15,0
262.0,0.03,-0.01,8.5275263778e-15,0
262.0,0.035,-0.01,-4.60294694836e-15,0
262.0,0.03,-0.005,1.0695168997e-14,0
262.0,0.035,-0.005,-3.26871976524e-15,0
262.0,0.03,0,1.17478937313e-14,0
262.0,0.035,4.16333634234e-19,-2.49400457991e-15,0
262.0,0.03,0.005,1.10868435222e-14,0
262.0,0.035,0.005,-2.76011800667e-15,0
262.0,0.03,0.01,9.39509216665e-15,0
262.0,0.035,0.01,-3.57024803527e-15,0
262.0,0.03,0.015,7.1561939201e-15,0
262.0,0.035,0.015,-4.54667611235e-15,0
262.0,0.03,0.02,4.29564394909e-15,0
262.0,0.035,0.02,-5.76310060254e-15,0
262.0,0.03,0.025,9.48040898129e-16,0
262.0,0.035,0.025,-7.18346667466e-15,0
262.0,0.03,0.03,-2.90022278476e-15,0
262.0,0.03,0.035,-7.28017223471e-15,0
262.0,0.035,0.03,-8.82593742522e-15,0
262.0,0.035,0.035,-1.07052107768e-14,0
262.0,0.03,0.04,-1.29747016593e-14,0
262.0,0.03,0.045,-2.02431924401e-14,0
262.0,0.035,0.04,-1.31496694233e-14,0
262.0,0.035,0.045,-1.63361236445e-14,0
262.0,0.03,0.05,-2.86532978284e-14,0
262.0,0.03,0.055,-3.78923948883e-14,0
262.0,0.035,0.05,-2.02195969577e-14,0
262.0,0.035,0.055,-2.47328044065e-14,0
262.0,0.03,0.06,-4.77247574197e-14,0
262.0,0.03,0.065,-5.80402488653e-14,0
262.0,0.035,0.06,-2.97992108121e-14,0
262.0,0.035,0.065,-3.53554015331e-14,0
262.0,0.03,0.07,-6.88752635817e-14,0
262.0,0.03,0.075,-8.04965001741e-14,0
262.0,0.035,0.07,-4.14176285946e-14,0
262.0,0.035,0.075,-4.81113893139e-14,0
262.0,0.04,-0.075,-1.19137269621e-14,0
262.0,0.04,-0.07,-1.10821567222e-14,0
262.0,0.045,-0.075,2.46852874308e-14,0
262.0,0.045,-0.07,2.03062784198e-14,0
262.0,0.04,-0.065,-1.07609405444e-14,0
262.0,0.045,-0.065,1.55862431839e-14,0
262.0,0.04,-0.06,-1.09290549959e-14,0
262.0,0.045,-0.06,1.03959749165e-14,0
262.0,0.04,-0.055,-1.15799609734e-14,0
262.0,0.045,-0.055,4.70117783241e-15,0
262.0,0.04,-0.05,-1.26909915959e-14,0
262.0,0.045,-0.05,-1.43836476473e-15,0
262.0,0.04,-0.045,-1.41960262416e-14,0
262.0,0.045,-0.045,-7.84906246403e-15,0
262.0,0.04,-0.04,-1.59024596009e-14,0
262.0,0.045,-0.04,-1.42296342512e-14,0
262.0,0.04,-0.035,-1.73894445645e-14,0
262.0,0.045,-0.035,-2.00517836016e-14,0
262.0,0.04,-0.03,-1.83087719096e-14,0
262.0,0.045,-0.03,-2.47771356605e-14,0
262.0,0.04,-0.025,-1.88355295229e-14,0
262.0,0.045,-0.025,-2.84968973573e-14,0
262.0,0.04,-0.02,-1.90720884027e-14,0
262.0,0.045,-0.02,-3.1018964535e-14,0
262.0,0.04,-0.015,-1.90698685456e-14,0
262.0,0.045,-0.015,-3.28840908282e-14,0
262.0,0.04,-0.01,-1.88533523764e-14,0
262.0,0.045,-0.01,-3.41208871635e-14,0
262.0,0.04,-0.005,-1.83920678982e-14,0
262.0,0.045,-0.005,-3.46501655006e-14,0
262.0,0.04,0,-1.79231077775e-14,0
262.0,0.045,4.16333634234e-19,-3.45706694017e-14,0
262.0,0.04,0.005,-1.77380343797e-14,0
262.0,0.045,0.005,-3.38200765373e-14,0
262.0,0.04,0.01,-1.75889683809e-14,0
262.0,0.045,0.01,-3.25872825951e-14,0
262.0,0.04,0.015,-1.72123198992e-14,0
262.0,0.045,0.015,-3.07128589575e-14,0
262.0,0.04,0.02,-1.66582375176e-14,0
262.0,0.045,0.02,-2.82219525975e-14,0
262.0,0.04,0.025,-1.59482627916e-14,0
262.0,0.045,0.025,-2.51678374383e-14,0
262.0,0.04,0.03,-1.51012219624e-14,0
262.0,0.045,0.03,-2.15308052697e-14,0
262.0,0.04,0.035,-1.41346415637e-14,0
262.0,0.045,0.035,-1.73677210635e-14,0
262.0,0.04,0.04,-1.28843210714e-14,0
262.0,0.04,0.045,-1.15718057118e-14,0
262.0,0.045,0.04,-1.18920688004e-14,0
262.0,0.045,0.045,-5.83426074874e-15,0
262.0,0.04,0.05,-1.05905635859e-14,0
262.0,0.04,0.055,-1.01085685859e-14,0
262.0,0.045,0.05,1.18812459287e-16,0
262.0,0.045,0.055,5.67347197935e-15,0
262.0,0.04,0.06,-1.01588861196e-14,0
262.0,0.04,0.065,-1.07279673475e-14,0
262.0,0.045,0.06,1.06941896147e-14,0
262.0,0.045,0.065,1.51583704097e-14,0
262.0,0.04,0.07,-1.17866349509e-14,0
262.0,0.04,0.075,-1.33245704429e-14,0
262.0,0.045,0.07,1.91370309671e-14,0
262.0,0.045,0.075,2.27889169623e-14,0
262.0,0.05,-0.075,6.16122722749e-14,0
262.0,0.05,-0.07,5.21809567052e-14,0
262.0,0.055,-0.075,9.77701458006e-14,0
262.0,0.055,-0.07,8.36639431974e-14,0
262.0,0.05,-0.065,4.25560082547e-14,0
262.0,0.055,-0.065,6.94379634335e-14,0
262.0,0.05,-0.06,3.24524200654e-14,0
262.0,0.055,-0.06,5.46610508708e-14,0
262.0,0.05,-0.055,2.17882363232e-14,0
262.0,0.055,-0.055,3.92106608689e-14,0
262.0,0.05,-0.05,1.06653195672e-14,0
262.0,0.055,-0.05,2.32201906688e-14,0
262.0,0.05,-0.045,-6.55538131756e-16,0
262.0,0.055,-0.045,7.047079306e-15,0
262.0,0.05,-0.04,-1.17455252794e-14,0
262.0,0.055,-0.04,-8.79191930146e-15,0
262.0,0.05,-0.035,-2.20366851962e-14,0
262.0,0.055,-0.035,-2.36640937163e-14,0
262.0,0.05,-0.03,-3.09648510171e-14,0
262.0,0.055,-0.03,-3.69834931196e-14,0
262.0,0.05,-0.025,-3.82805074175e-14,0
262.0,0.055,-0.025,-4.831449713e-14,0
262.0,0.05,-0.02,-4.38848976857e-14,0
262.0,0.055,-0.02,-5.74547916213e-14,0
262.0,0.05,-0.015,-4.811163331e-14,0
262.0,0.055,-0.015,-6.44896010238e-14,0
262.0,0.05,-0.01,-5.10715306491e-14,0
262.0,0.055,-0.01,-6.94507519289e-14,0
262.0,0.05,-0.005,-5.27135792644e-14,0
262.0,0.055,-0.005,-7.22834514286e-14,0
262.0,0.05,0,-5.29730182544e-14,0
262.0,0.055,4.16333634234e-19,-7.29058592656e-14,0
262.0,0.05,0.005,-5.17671358961e-14,0
262.0,0.055,0.005,-7.12802676419e-14,0
262.0,0.05,0.01,-4.93064049763e-14,0
262.0,0.055,0.01,-6.75668091634e-14,0
262.0,0.05,0.015,-4.56530868741e-14,0
262.0,0.055,0.015,-6.19010613648e-14,0
262.0,0.05,0.02,-4.08427841284e-14,0
262.0,0.055,0.02,-5.43714532792e-14,0
262.0,0.05,0.025,-3.49103991822e-14,0
262.0,0.055,0.025,-4.50648570908e-14,0
262.0,0.05,0.03,-2.7849153269e-14,0
262.0,0.055,0.03,-3.4045599011e-14,0
262.0,0.05,0.035,-1.95717284422e-14,0
262.0,0.055,0.035,-2.13553235447e-14,0
262.0,0.05,0.04,-9.80189350473e-15,0
262.0,0.055,0.04,-7.07088532541e-15,0
262.0,0.05,0.045,8.69085588791e-16,0
262.0,0.055,0.045,8.2315112985e-15,0
262.0,0.05,0.05,1.17059445983e-14,0
262.0,0.05,0.055,2.22405830064e-14,0
262.0,0.055,0.05,2.38314278059e-14,0
262.0,0.055,0.055,3.91776546747e-14,0
262.0,0.05,0.06,3.22274677255e-14,0
262.0,0.05,0.065,4.15975311819e-14,0
262.0,0.055,0.06,5.39138547085e-14,0
262.0,0.055,0.065,6.79263708252e-14,0
262.0,0.05,0.07,5.04634601989e-14,0
262.0,0.05,0.075,5.91365573897e-14,0
262.0,0.055,0.07,8.13617639601e-14,0
262.0,0.055,0.075,9.46694332302e-14,0
262.0,0.06,-0.075,1.32276955521e-13,0
262.0,0.06,-0.07,1.14039479065e-13,0
262.0,0.065,-0.075,1.64494691308e-13,0
262.0,0.065,-0.07,1.42888286048e-13,0
262.0,0.06,-0.065,9.56607297141e-14,0
262.0,0.065,-0.065,1.20921990848e-13,0
262.0,0.06,-0.06,7.65568549681e-14,0
262.0,0.065,-0.06,9.78835321242e-14,0
262.0,0.06,-0.055,5.65641131529e-14,0
262.0,0.065,-0.055,7.36150450598e-14,0
262.0,0.06,-0.05,3.58672286385e-14,0
262.0,0.065,-0.05,4.8360501873e-14,0
262.0,0.06,-0.045,1.49041582081e-14,0
262.0,0.065,-0.045,2.2672888212e-14,0
262.0,0.06,-0.04,-5.70020968456e-15,0
262.0,0.065,-0.04,-2.71192400042e-15,0
262.0,0.06,-0.035,-2.52432015631e-14,0
262.0,0.065,-0.035,-2.6969996171e-14,0
262.0,0.06,-0.03,-4.30420609574e-14,0
262.0,0.065,-0.03,-4.93026861704e-14,0
262.0,0.06,-0.025,-5.85462158322e-14,0
262.0,0.065,-0.025,-6.90193262353e-14,0
262.0,0.06,-0.02,-7.1392203513e-14,0
262.0,0.065,-0.02,-8.56001967776e-14,0
262.0,0.06,-0.015,-8.14319502206e-14,0
262.0,0.065,-0.015,-9.86884802463e-14,0
262.0,0.06,-0.01,-8.85572834126e-14,0
262.0,0.065,-0.01,-1.08053993083e-13,0
262.0,0.06,-0.005,-9.26815165298e-14,0
262.0,0.065,-0.005,-1.13524243426e-13,0
262.0,0.06,0,-9.371922569e-14,0
262.0,0.065,4.16333634234e-19,-1.15016556806e-13,0
262.0,0.06,0.005,-9.16739325765e-14,0
262.0,0.065,0.005,-1.12528815443e-13,0
262.0,0.06,0.01,-8.66592632291e-14,0
262.0,0.065,0.01,-1.06178973878e-13,0
262.0,0.06,0.015,-7.88441207728e-14,0
262.0,0.065,0.015,-9.6146756141e-14,0
262.0,0.06,0.02,-6.83840992944e-14,0
262.0,0.065,0.02,-8.26783208658e-14,0
262.0,0.06,0.025,-5.54620075528e-14,0
262.0,0.065,0.025,-6.6053000173e-14,0
262.0,0.06,0.03,-4.02618611135e-14,0
262.0,0.065,0.03,-4.66245408931e-14,0
262.0,0.06,0.035,-2.30275521268e-14,0
262.0,0.065,0.035,-2.48269685359e-14,0
262.0,0.06,0.04,-4.11726308764e-15,0
262.0,0.065,0.04,-1.23566025375e-15,0
262.0,0.06,0.045,1.5842892497e-14,0
262.0,0.065,0.045,2.3416848616e-14,0
262.0,0.06,0.05,3.61291840239e-14,0
262.0,0.065,0.05,4.83272811491e-14,0
262.0,0.06,0.055,5.60988366202e-14,0
262.0,0.065,0.055,7.27651560469e-14,0
262.0,0.06,0.06,7.53154551377e-14,0
262.0,0.06,0.065,9.36068519374e-14,0
262.0,0.065,0.06,9.61843388139e-14,0
262.0,0.065,0.065,1.18352680167e-13,0
262.0,0.06,0.07,1.11152474536e-13,0
262.0,0.06,0.075,1.28547056424e-13,0
262.0,0.065,0.07,1.39439030724e-13,0
262.0,0.065,0.075,1.60159530361e-13,0
262.0,0.07,-0.075,1.94344909257e-13,0
262.0,0.07,-0.07,1.70253797133e-13,0
262.0,0.075,-0.075,2.22383394549e-13,0
262.0,0.075,-0.07,1.96837323963e-13,0
262.0,0.07,-0.065,1.45301567437e-13,0
262.0,0.075,-0.065,1.69431937403e-13,0
262.0,0.07,-0.06,1.18712734473e-13,0
262.0,0.075,-0.06,1.39539097098e-13,0
262.0,0.07,-0.055,9.03724342099e-14,0
262.0,0.075,-0.055,1.07170180261e-13,0
262.0,0.07,-0.05,6.06477850142e-14,0
262.0,0.075,-0.05,7.29066531555e-14,0
262.0,0.07,-0.045,3.0231321705e-14,0
262.0,0.075,-0.045,3.76042508842e-14,0
262.0,0.07,-0.04,1.16155297743e-17,0
262.0,0.075,-0.04,2.3547858416e-15,0
262.0,0.07,-0.035,-2.90395824555e-14,0
262.0,0.075,-0.035,-3.16856996048e-14,0
262.0,0.07,-0.03,-5.59708581088e-14,0
262.0,0.075,-0.03,-6.33944470025e-14,0
262.0,0.07,-0.025,-7.99398108045e-14,0
262.0,0.075,-0.025,-9.1735224951e-14,0
262.0,0.07,-0.02,-1.00255404384e-13,0
262.0,0.075,-0.02,-1.15883855096e-13,0
262.0,0.07,-0.015,-1.16409900632e-13,0
262.0,0.075,-0.015,-1.35142235949e-13,0
262.0,0.07,-0.01,-1.2802589573e-13,0
262.0,0.075,-0.01,-1.49068879429e-13,0
262.0,0.07,-0.005,-1.34875865898e-13,0
262.0,0.075,-0.005,-1.57299566608e-13,0
262.0,0.07,0,-1.36822794896e-13,0
262.0,0.075,0,-1.59720316431e-13,0
262.0,0.07,0.005,-1.33879934837e-13,0
262.0,0.075,0.005,-1.56270890017e-13,0
262.0,0.07,0.01,-1.26152222935e-13,0
262.0,0.075,0.01,-1.47136234007e-13,0
262.0,0.07,0.015,-1.1387884504e-13,0
262.0,0.075,0.015,-1.3253917549e-13,0
262.0,0.07,0.02,-9.73615732951e-14,0
262.0,0.075,0.02,-1.1291913305e-13,0
262.0,0.07,0.025,-7.70157031468e-14,0
262.0,0.075,0.025,-8.87531610724e-14,0
262.0,0.07,0.03,-5.33345114548e-14,0
262.0,0.075,0.03,-6.07232963527e-14,0
262.0,0.07,0.035,-2.6945177162e-14,0
262.0,0.075,0.035,-2.95961512342e-14,0
262.0,0.07,0.04,1.39540767711e-15,0
262.0,0.075,0.04,3.67206180956e-15,0
262.0,0.07,0.045,3.08055366345e-14,0
262.0,0.075,0.045,3.80286769551e-14,0
262.0,0.07,0.05,6.03528576999e-14,0
262.0,0.075,0.05,7.23699689586e-14,0
262.0,0.07,0.055,8.91720012882e-14,0
262.0,0.075,0.055,1.05638928938e-13,0
262.0,0.07,0.06,1.16587148745e-13,0
262.0,0.075,0.06,1.37004283732e-13,0
262.0,0.07,0.065,1.42245277997e-13,0
262.0,0.075,0.065,1.65904773197e-13,0
262.0,0.07,0.07,1.66271421226e-13,0
262.0,0.07,0.075,1.89440871995e-13,0
262.0,0.075,0.07,1.92340631357e-13,0
262.0,0.075,0.075,2.16941229207e-13,0
264.0,-0.00382671281566,-0.00202612167119,0,0
264.0,-0.005,-0.005,2.6183224164e-14,0
264.0,-0.00197892066871,-0.00385133392306,0,0
264.0,-0.005,-0.00190753787223,1.55904866758e-14,0
264.0,-0.00433,0,0,0
264.0,-0.00190753787223,-0.005,1.54604822187e-14,0
264.0,0,-0.00433,0,0
264.0,-0.005,0.00190775150599,1.5579760744e-14,0
264.0,-0.00385133392306,0.00197892066871,0,0
264.0,0.00190775150599,-0.005,1.54515061927e-14,0
264.0,0.00202612167119,-0.00382671281566,0,0
264.0,-0.00202612167119,0.00382671281566,0,0
264.0,-0.005,0.005,2.61007678506e-14,0
264.0,-0.0019094272225,0.005,1.54905030128e-14,0
264.0,0,0.00433,0,0
264.0,0.00147766755988,0.00407006125046,0,0
264.0,8.32667268469e-19,0.005,1.17454312023e-14,0
264.0,0.00433,0,0,0
264.0,0.005,1.38777878078e-18,1.13973870503e-14,0
264.0,0.00407006125046,0.00147766755988,0,0
264.0,0.005,-0.005,2.68236524279e-14,0
264.0,0.00385133392306,-0.00197892066871,0,0
264.0,0.005,-0.0019094272225,1.5658539951e-14,0
264.0,0.00306177236254,0.00306177236254,0,0
264.0,0.0019094272225,0.005,1.56513408842e-14,0
264.0,0.005,0.0019094272225,1.57139781819e-14,0
264.0,-0.000885,-0.0015328649647,1.27151546776e-12,0
264.0,-0.0015328649647,-0.000885,1.27163784895e-12,0
264.0,-0.00186450691264,-0.00187567167242,8.43022346864e-13,0
264.0,-0.00177,0,1.2713295837e-12,0
264.0,-0.00268433516245,-0.000738983120158,7.59104182675e-13,0
264.0,0,-0.00177,1.27147710584e-12,0
264.0,-0.000718432264205,-0.00269192408424,7.5739802183e-13,0
264.0,-0.0015328649647,0.000885,1.26982511318e-12,0
264.0,-0.00265321485144,0.000647311733689,7.89887038129e-13,0
264.0,-0.000885,0.0015328649647,1.2681976067e-12,0
264.0,-0.00194719253591,0.00178443766524,8.43948651761e-13,0
264.0,0,0.00177,1.26409145079e-12,0
264.0,-0.000802720381054,0.00273415977115,7.17497847033e-13,0
264.0,0.000885,-0.0015328649647,1.27016594726e-12,0
264.0,0.00075154031863,-0.00270385456952,7.45288077098e-13,0
264.0,0.00177,0,1.26243121569e-12,0
264.0,0.0015328649647,-0.000885,1.26801353135e-12,0
264.0,0.00271471102228,-0.000564731152102,7.6091180549e-13,0
264.0,0.00192394637685,-0.00189207206672,8.10093306851e-13,0
264.0,0.00231817117671,0.00040530921667,9.87907349677e-13,0
264.0,0.0015328649647,0.000885,1.26069757995e-12,0
264.0,0.000885,0.0015328649647,1.26140263833e-12,0
264.0,0.000427053001345,0.00287092483521,6.82187444681e-13,0
264.0,0.00187618296239,0.00184774001435,8.33337640506e-13,0
264.0,0.00312733402203,0.000607809752493,5.19197532109e-13,0
264.0,0.00276214303706,0.00136595635004,5.76857670333e-13,0
264.0,0.0014100336009,0.00268674970267,6.04769882065e-13,0
264.0,-0.075,-0.075,1.93200120215e-13,0
264.0,-0.07,-0.075,1.7168663494e-13,0
264.0,-0.075,-0.07,1.68182235726e-13,0
264.0,-0.07,-0.07,1.48018516243e-13,0
264.0,-0.075,-0.065,1.41475522697e-13,0
264.0,-0.07,-0.065,1.23613508064e-13,0
264.0,-0.065,-0.075,1.48425592011e-13,0
264.0,-0.065,-0.07,1.2704580361e-13,0
264.0,-0.065,-0.065,1.05427984843e-13,0
264.0,-0.075,-0.06,1.1254231839e-13,0
264.0,-0.07,-0.06,9.77891789685e-14,0
264.0,-0.065,-0.06,8.29343464152e-14,0
264.0,-0.075,-0.055,8.14339194977e-14,0
264.0,-0.07,-0.055,7.04738624998e-14,0
264.0,-0.065,-0.055,5.94455283022e-14,0
264.0,-0.075,-0.05,4.87277233287e-14,0
264.0,-0.07,-0.05,4.20413627756e-14,0
264.0,-0.065,-0.05,3.52149440279e-14,0
264.0,-0.075,-0.045,1.52383253114e-14,0
264.0,-0.07,-0.045,1.31551728438e-14,0
264.0,-0.065,-0.045,1.07826568592e-14,0
264.0,-0.075,-0.04,-1.8023571305e-14,0
264.0,-0.07,-0.04,-1.53601217988e-14,0
264.0,-0.075,-0.035,-5.00250311603e-14,0
264.0,-0.07,-0.035,-4.26395482593e-14,0
264.0,-0.065,-0.04,-1.31579683442e-14,0
264.0,-0.065,-0.035,-3.58694327841e-14,0
264.0,-0.075,-0.03,-7.97924625151e-14,0
264.0,-0.07,-0.03,-6.78795761484e-14,0
264.0,-0.075,-0.025,-1.06445007141e-13,0
264.0,-0.07,-0.025,-9.03998254898e-14,0
264.0,-0.065,-0.03,-5.67036836642e-14,0
264.0,-0.065,-0.025,-7.51667108855e-14,0
264.0,-0.075,-0.02,-1.29266865e-13,0
264.0,-0.07,-0.02,-1.09623482651e-13,0
264.0,-0.075,-0.015,-1.47598558188e-13,0
264.0,-0.07,-0.015,-1.25076580371e-13,0
264.0,-0.065,-0.02,-9.08870178619e-14,0
264.0,-0.065,-0.015,-1.03525176385e-13,0
264.0,-0.075,-0.01,-1.609572713e-13,0
264.0,-0.07,-0.01,-1.3632366742e-13,0
264.0,-0.075,-0.005,-1.68898198556e-13,0
264.0,-0.07,-0.005,-1.43035751207e-13,0
264.0,-0.065,-0.01,-1.12763670125e-13,0
264.0,-0.065,-0.005,-1.18286522443e-13,0
264.0,-0.075,0,-1.71214724845e-13,0
264.0,-0.07,0,-1.4497581175e-13,0
264.0,-0.075,0.005,-1.67791844803e-13,0
264.0,-0.07,0.005,-1.42093974293e-13,0
264.0,-0.065,4.16333634234e-19,-1.1988743772e-13,0
264.0,-0.065,0.005,-1.17496745093e-13,0
264.0,-0.075,0.01,-1.58797360847e-13,0
264.0,-0.07,0.01,-1.34487616153e-13,0
264.0,-0.075,0.015,-1.44487536562e-13,0
264.0,-0.07,0.015,-1.22438302096e-13,0
264.0,-0.065,0.01,-1.112261481e-13,0
264.0,-0.065,0.015,-1.01323445274e-13,0
264.0,-0.075,0.02,-1.253477549e-13,0
264.0,-0.07,0.02,-1.06312742027e-13,0
264.0,-0.075,0.025,-1.01892036324e-13,0
264.0,-0.07,0.025,-8.65732038861e-14,0
264.0,-0.065,0.02,-8.81400498586e-14,0
264.0,-0.065,0.025,-7.20165166624e-14,0
264.0,-0.075,0.03,-7.47979205257e-14,0
264.0,-0.07,0.03,-6.37103911651e-14,0
264.0,-0.075,0.035,-4.47922616701e-14,0
264.0,-0.07,0.035,-3.83097453927e-14,0
264.0,-0.065,0.03,-5.33047862058e-14,0
264.0,-0.065,0.035,-3.23840573873e-14,0
264.0,-0.075,0.04,-1.27581424176e-14,0
264.0,-0.07,0.04,-1.10565583408e-14,0
264.0,-0.075,0.045,2.033272012e-14,0
264.0,-0.07,0.045,1.72453523916e-14,0
264.0,-0.065,0.04,-9.75358836343e-15,0
264.0,-0.065,0.045,1.39320502421e-14,0
264.0,-0.075,0.05,5.34584792352e-14,0
264.0,-0.07,0.05,4.57373225338e-14,0
264.0,-0.075,0.055,8.56280342063e-14,0
264.0,-0.07,0.055,7.36116061054e-14,0
264.0,-0.065,0.05,3.79361242747e-14,0
264.0,-0.065,0.055,6.15795100254e-14,0
264.0,-0.075,0.06,1.16056280687e-13,0
264.0,-0.07,0.06,1.00231194745e-13,0
264.0,-0.075,0.065,1.4420158319e-13,0
264.0,-0.07,0.065,1.25255710733e-13,0
264.0,-0.065,0.06,8.43472791937e-14,0
264.0,-0.065,0.065,1.06017927882e-13,0
264.0,-0.075,0.07,1.70050963476e-13,0
264.0,-0.07,0.07,1.48792929118e-13,0
264.0,-0.075,0.075,1.94179349056e-13,0
264.0,-0.07,0.075,1.71560848187e-13,0
264.0,-0.065,0.07,1.26744876572e-13,0
264.0,-0.065,0.075,1.47198031565e-13,0
264.0,-0.06,-0.075,1.22767358994e-13,0
264.0,-0.06,-0.07,1.0449090491e-13,0
264.0,-0.06,-0.065,8.62197444162e-14,0
264.0,-0.055,-0.075,9.46118887524e-14,0
264.0,-0.055,-0.07,8.01568328443e-14,0
264.0,-0.055,-0.065,6.57707551937e-14,0
264.0,-0.06,-0.06,6.74164270568e-14,0
264.0,-0.06,-0.055,4.79411396065e-14,0
264.0,-0.055,-0.06,5.10353477289e-14,0
264.0,-0.055,-0.055,3.58306528953e-14,0
264.0,-0.06,-0.05,2.79873974568e-14,0
264.0,-0.055,-0.05,2.02861963491e-14,0
264.0,-0.06,-0.045,7.98944831241e-15,0
264.0,-0.055,-0.045,4.76224637536e-15,0
264.0,-0.06,-0.04,-1.14384160501e-14,0
264.0,-0.055,-0.04,-1.02094300581e-14,0
264.0,-0.06,-0.035,-2.96377055293e-14,0
264.0,-0.055,-0.035,-2.39657870161e-14,0
264.0,-0.06,-0.03,-4.60755265681e-14,0
264.0,-0.06,-0.025,-6.04822800757e-14,0
264.0,-0.055,-0.03,-3.60247506129e-14,0
264.0,-0.055,-0.025,-4.63932981131e-14,0
264.0,-0.06,-0.02,-7.26970784432e-14,0
264.0,-0.06,-0.015,-8.2570109821e-14,0
264.0,-0.055,-0.02,-5.51473964786e-14,0
264.0,-0.055,-0.015,-6.22977353296e-14,0
264.0,-0.06,-0.01,-8.98519905903e-14,0
264.0,-0.06,-0.005,-9.42437045201e-14,0
264.0,-0.055,-0.01,-6.77066433222e-14,0
264.0,-0.055,-0.005,-7.10098515053e-14,0
264.0,-0.06,0,-9.55129339363e-14,0
264.0,-0.06,0.005,-9.35982733258e-14,0
264.0,-0.055,4.16333634234e-19,-7.19655870961e-14,0
264.0,-0.055,0.005,-7.05033008672e-14,0
264.0,-0.06,0.01,-8.85972261576e-14,0
264.0,-0.06,0.015,-8.077962132e-14,0
264.0,-0.055,0.01,-6.67254452797e-14,0
264.0,-0.055,0.015,-6.09047185521e-14,0
264.0,-0.06,0.02,-7.04821367671e-14,0
264.0,-0.06,0.025,-5.7968103889e-14,0
264.0,-0.055,0.02,-5.34438125879e-14,0
264.0,-0.055,0.025,-4.44776462908e-14,0
264.0,-0.06,0.03,-4.33971670939e-14,0
264.0,-0.06,0.035,-2.69384671947e-14,0
264.0,-0.055,0.03,-3.40038549786e-14,0
264.0,-0.055,0.035,-2.19726132826e-14,0
264.0,-0.06,0.04,-8.86571847442e-15,0
264.0,-0.06,0.045,1.0269532687e-14,0
264.0,-0.055,0.04,-8.3765249078e-15,0
264.0,-0.055,0.045,6.26640562877e-15,0
264.0,-0.06,0.05,2.98035832659e-14,0
264.0,-0.06,0.055,4.9135683408e-14,0
264.0,-0.055,0.05,2.12869251292e-14,0
264.0,-0.055,0.055,3.61699181692e-14,0
264.0,-0.06,0.06,6.78570769483e-14,0
264.0,-0.06,0.065,8.58055652246e-14,0
264.0,-0.055,0.06,5.0582206344e-14,0
264.0,-0.055,0.065,6.44249361279e-14,0
264.0,-0.06,0.07,1.03152899072e-13,0
264.0,-0.06,0.075,1.20464406877e-13,0
264.0,-0.055,0.07,7.78474662267e-14,0
264.0,-0.055,0.075,9.12912978023e-14,0
264.0,-0.05,-0.075,6.43613261396e-14,0
264.0,-0.05,-0.07,5.42596192728e-14,0
264.0,-0.045,-0.075,3.26456805518e-14,0
264.0,-0.045,-0.07,2.72941370369e-14,0
264.0,-0.05,-0.065,4.42030725227e-14,0
264.0,-0.045,-0.065,2.18894383146e-14,0
264.0,-0.05,-0.06,3.38845484815e-14,0
264.0,-0.05,-0.055,2.3200856477e-14,0
264.0,-0.045,-0.06,1.62508998259e-14,0
264.0,-0.045,-0.055,1.02993836306e-14,0
264.0,-0.05,-0.05,1.22299960413e-14,0
264.0,-0.05,-0.045,1.21865589302e-15,0
264.0,-0.045,-0.05,4.05379235859e-15,0
264.0,-0.045,-0.045,-2.35637789903e-15,0
264.0,-0.05,-0.04,-9.37518620805e-15,0
264.0,-0.045,-0.04,-8.64948889255e-15,0
264.0,-0.05,-0.035,-1.88639964336e-14,0
264.0,-0.045,-0.035,-1.41827066156e-14,0
264.0,-0.05,-0.03,-2.66879697271e-14,0
264.0,-0.045,-0.03,-1.82122047585e-14,0
264.0,-0.05,-0.025,-3.32252162748e-14,0
264.0,-0.045,-0.025,-2.15546617064e-14,0
264.0,-0.05,-0.02,-3.87033840251e-14,0
264.0,-0.05,-0.015,-4.32425859062e-14,0
264.0,-0.045,-0.02,-2.42528562064e-14,0
264.0,-0.045,-0.015,-2.63466926822e-14,0
264.0,-0.05,-0.01,-4.68586443967e-14,0
264.0,-0.05,-0.005,-4.90959242128e-14,0
264.0,-0.045,-0.01,-2.81432995406e-14,0
264.0,-0.045,-0.005,-2.92294382121e-14,0
264.0,-0.05,0,-4.97236728624e-14,0
264.0,-0.05,0.005,-4.87182445041e-14,0
264.0,-0.045,4.16333634234e-19,-2.95015888241e-14,0
264.0,-0.045,0.005,-2.89586928259e-14,0
264.0,-0.05,0.01,-4.61349335066e-14,0
264.0,-0.05,0.015,-4.22343780345e-14,0
264.0,-0.045,0.01,-2.76304469397e-14,0
264.0,-0.045,0.015,-2.56487105212e-14,0
264.0,-0.05,0.02,-3.7485953509e-14,0
264.0,-0.05,0.025,-3.18554182094e-14,0
264.0,-0.045,0.02,-2.34069092521e-14,0
264.0,-0.045,0.025,-2.05995866207e-14,0
264.0,-0.05,0.03,-2.52395701876e-14,0
264.0,-0.05,0.035,-1.74478182627e-14,0
264.0,-0.045,0.03,-1.721716148e-14,0
264.0,-0.045,0.035,-1.32399013108e-14,0
264.0,-0.05,0.04,-8.15727221432e-15,0
264.0,-0.05,0.045,2.06285008765e-15,0
264.0,-0.045,0.04,-7.92369224035e-15,0
264.0,-0.045,0.045,-2.04770097498e-15,0
264.0,-0.05,0.05,1.25252038566e-14,0
264.0,-0.05,0.055,2.27907242425e-14,0
264.0,-0.045,0.05,3.76728167948e-15,0
264.0,-0.045,0.055,9.26383044873e-15,0
264.0,-0.05,0.06,3.26401956181e-14,0
264.0,-0.05,0.065,4.20253148672e-14,0
264.0,-0.045,0.06,1.4340176516e-14,0
264.0,-0.045,0.065,1.90060018004e-14,0
264.0,-0.05,0.07,5.10761079116e-14,0
264.0,-0.05,0.075,6.01178564591e-14,0
264.0,-0.045,0.07,2.33642559074e-14,0
264.0,-0.045,0.075,2.76097986414e-14,0
264.0,-0.04,-0.075,3.2477687914e-16,0
264.0,-0.04,-0.07,-7.4263289036e-17,0
264.0,-0.035,-0.075,-3.16623689445e-14,0
264.0,-0.035,-0.07,-2.7084242291e-14,0
264.0,-0.04,-0.065,-6.52136177867e-16,0
264.0,-0.035,-0.065,-2.28253784138e-14,0
264.0,-0.04,-0.06,-1.46535158418e-15,0
264.0,-0.035,-0.06,-1.88224608233e-14,0
264.0,-0.04,-0.055,-2.56691884006e-15,0
264.0,-0.035,-0.055,-1.50964067872e-14,0
264.0,-0.04,-0.05,-3.98648806295e-15,0
264.0,-0.04,-0.045,-5.70729266688e-15,0
264.0,-0.035,-0.05,-1.17329549094e-14,0
264.0,-0.035,-0.045,-8.83200913094e-15,0
264.0,-0.04,-0.04,-7.59373913252e-15,0
264.0,-0.04,-0.035,-9.28693287312e-15,0
264.0,-0.035,-0.04,-6.48699222901e-15,0
264.0,-0.035,-0.035,-4.76276684085e-15,0
264.0,-0.04,-0.03,-1.05151805523e-14,0
264.0,-0.035,-0.03,-3.48248614155e-15,0
264.0,-0.04,-0.025,-1.14295949075e-14,0
264.0,-0.035,-0.025,-2.25466621402e-15,0
264.0,-0.04,-0.02,-1.20054326903e-14,0
264.0,-0.035,-0.02,-1.05832892299e-15,0
264.0,-0.04,-0.015,-1.21938409026e-14,0
264.0,-0.035,-0.015,1.46757250333e-16,0
264.0,-0.04,-0.01,-1.20729744729e-14,0
264.0,-0.04,-0.005,-1.19732188773e-14,0
264.0,-0.035,-0.01,1.39631103834e-15,0
264.0,-0.035,-0.005,2.21255569354e-15,0
264.0,-0.04,0,-1.1892813947e-14,0
264.0,-0.04,0.005,-1.17833978884e-14,0
264.0,-0.035,4.16333634234e-19,2.53508221712e-15,0
264.0,-0.035,0.005,2.33858614368e-15,0
264.0,-0.04,0.01,-1.1707937946e-14,0
264.0,-0.04,0.015,-1.1686855023e-14,0
264.0,-0.035,0.01,1.64263651529e-15,0
264.0,-0.035,0.015,4.97184978287e-16,0
264.0,-0.04,0.02,-1.13976029283e-14,0
264.0,-0.04,0.025,-1.07598468697e-14,0
264.0,-0.035,0.02,-6.56897528855e-16,0
264.0,-0.035,0.025,-1.82662496776e-15,0
264.0,-0.04,0.03,-9.84570881875e-15,0
264.0,-0.04,0.035,-8.69152847017e-15,0
264.0,-0.035,0.03,-3.07747667345e-15,0
264.0,-0.035,0.035,-4.44755605271e-15,0
264.0,-0.04,0.04,-7.2436510677e-15,0
264.0,-0.04,0.045,-5.81269177134e-15,0
264.0,-0.035,0.04,-6.42224708e-15,0
264.0,-0.035,0.045,-9.23661073147e-15,0
264.0,-0.04,0.05,-4.72491803101e-15,0
264.0,-0.04,0.055,-4.09105053274e-15,0
264.0,-0.035,0.05,-1.27909929782e-14,0
264.0,-0.035,0.055,-1.69629867725e-14,0
264.0,-0.04,0.06,-3.89920521983e-15,0
264.0,-0.04,0.065,-4.09256186341e-15,0
264.0,-0.035,0.06,-2.16229688173e-14,0
264.0,-0.035,0.065,-2.66566502455e-14,0
264.0,-0.04,0.07,-4.59562294517e-15,0
264.0,-0.04,0.075,-5.34162452953e-15,0
264.0,-0.035,0.07,-3.20218982359e-14,0
264.0,-0.035,0.075,-3.77727632562e-14,0
264.0,-0.03,-0.075,-6.23338520818e-14,0
264.0,-0.03,-0.07,-5.293578182e-14,0
264.0,-0.025,-0.075,-9.07032929846e-14,0
264.0,-0.025,-0.07,-7.6841991122e-14,0
264.0,-0.03,-0.065,-4.40109876338e-14,0
264.0,-0.025,-0.065,-6.35888268813e-14,0
264.0,-0.03,-0.06,-3.53679251846e-14,0
264.0,-0.025,-0.06,-5.06615949658e-14,0
264.0,-0.03,-0.055,-2.70126375734e-14,0
264.0,-0.025,-0.055,-3.80390248988e-14,0
264.0,-0.03,-0.05,-1.90835978278e-14,0
264.0,-0.025,-0.05,-2.59329767595e-14,0
264.0,-0.03,-0.045,-1.18361257248e-14,0
264.0,-0.025,-0.045,-1.4739046658e-14,0
264.0,-0.03,-0.04,-5.60492216319e-15,0
264.0,-0.03,-0.035,-8.37372021567e-16,0
264.0,-0.025,-0.04,-5.02439077727e-15,0
264.0,-0.025,-0.035,2.43997026086e-15,0
264.0,-0.03,-0.03,2.73980042512e-15,0
264.0,-0.03,-0.025,5.88900044555e-15,0
264.0,-0.025,-0.03,8.05563114194e-15,0
264.0,-0.025,-0.025,1.28952052529e-14,0
264.0,-0.03,-0.02,8.61017884973e-15,0
264.0,-0.025,-0.02,1.69416423565e-14,0
264.0,-0.03,-0.015,1.09015377795e-14,0
264.0,-0.025,-0.015,2.02178159282e-14,0
264.0,-0.03,-0.01,1.27005509189e-14,0
264.0,-0.025,-0.01,2.25973412916e-14,0
264.0,-0.03,-0.005,1.38527555313e-14,0
264.0,-0.025,-0.005,2.39859686093e-14,0
264.0,-0.03,0,1.42636568444e-14,0
264.0,-0.03,0.005,1.39165691331e-14,0
264.0,-0.025,4.16333634234e-19,2.44376525009e-14,0
264.0,-0.025,0.005,2.39742092355e-14,0
264.0,-0.03,0.01,1.28276889236e-14,0
264.0,-0.03,0.015,1.10829455713e-14,0
264.0,-0.025,0.01,2.25935708064e-14,0
264.0,-0.025,0.015,2.0238218413e-14,0
264.0,-0.03,0.02,8.82747270116e-15,0
264.0,-0.03,0.025,6.12010768232e-15,0
264.0,-0.025,0.02,1.69962866867e-14,0
264.0,-0.025,0.025,1.29740223056e-14,0
264.0,-0.03,0.03,2.94437756816e-15,0
264.0,-0.03,0.035,-7.16604199949e-16,0
264.0,-0.025,0.03,8.12537489382e-15,0
264.0,-0.025,0.035,2.44851041812e-15,0
264.0,-0.03,0.04,-5.72682288133e-15,0
264.0,-0.03,0.045,-1.24213952349e-14,0
264.0,-0.025,0.04,-5.227443061e-15,0
264.0,-0.025,0.045,-1.53793938205e-14,0
264.0,-0.03,0.05,-2.03237472099e-14,0
264.0,-0.03,0.055,-2.90692346956e-14,0
264.0,-0.025,0.05,-2.72130399729e-14,0
264.0,-0.025,0.055,-4.01288532082e-14,0
264.0,-0.03,0.06,-3.83695247333e-14,0
264.0,-0.03,0.065,-4.8056637859e-14,0
264.0,-0.025,0.06,-5.36958320512e-14,0
264.0,-0.025,0.065,-6.7668962507e-14,0
264.0,-0.03,0.07,-5.81015953525e-14,0
264.0,-0.03,0.075,-6.86873658752e-14,0
264.0,-0.025,0.07,-8.20448131711e-14,0
264.0,-0.025,0.075,-9.70944193315e-14,0
264.0,-0.02,-0.075,-1.15870500228e-13,0
264.0,-0.02,-0.07,-9.80419090268e-14,0
264.0,-0.015,-0.075,-1.3696590806e-13,0
264.0,-0.015,-0.07,-1.15855542365e-13,0
264.0,-0.02,-0.065,-8.09735059405e-14,0
264.0,-0.015,-0.065,-9.56133325265e-14,0
264.0,-0.02,-0.06,-6.42685413919e-14,0
264.0,-0.015,-0.06,-7.57906367522e-14,0
264.0,-0.02,-0.055,-4.790624062e-14,0
264.0,-0.015,-0.055,-5.63410041012e-14,0
264.0,-0.02,-0.05,-3.21456212505e-14,0
264.0,-0.015,-0.05,-3.75801951463e-14,0
264.0,-0.02,-0.045,-1.75099812604e-14,0
264.0,-0.015,-0.045,-2.01201030651e-14,0
264.0,-0.02,-0.04,-4.76028204927e-15,0
264.0,-0.015,-0.04,-4.84544025277e-15,0
264.0,-0.02,-0.035,5.07795529443e-15,0
264.0,-0.015,-0.035,7.032746487e-15,0
264.0,-0.02,-0.03,1.24337127082e-14,0
264.0,-0.02,-0.025,1.86760613099e-14,0
264.0,-0.015,-0.03,1.5891659344e-14,0
264.0,-0.015,-0.025,2.32377909991e-14,0
264.0,-0.02,-0.02,2.37504642326e-14,0
264.0,-0.02,-0.015,2.76839120786e-14,0
264.0,-0.015,-0.02,2.89352400922e-14,0
264.0,-0.015,-0.015,3.28972077265e-14,0
264.0,-0.02,-0.01,3.03610697179e-14,0
264.0,-0.015,-0.01,3.5028770702e-14,0
264.0,-0.02,-0.005,3.17387130765e-14,0
264.0,-0.015,-0.005,3.57408500003e-14,0
264.0,-0.02,0,3.20982909892e-14,0
264.0,-0.015,4.16333634234e-19,3.57745881397e-14,0
264.0,-0.02,0.005,3.16364133411e-14,0
264.0,-0.015,0.005,3.55186800452e-14,0
264.0,-0.02,0.01,3.02119457471e-14,0
264.0,-0.02,0.015,2.75427100648e-14,0
264.0,-0.015,0.01,3.46980083025e-14,0
264.0,-0.015,0.015,3.25615554107e-14,0
264.0,-0.02,0.02,2.36582913929e-14,0
264.0,-0.02,0.025,1.86451987963e-14,0
264.0,-0.015,0.02,2.8688915528e-14,0
264.0,-0.015,0.025,2.31297064293e-14,0
264.0,-0.02,0.03,1.24396264853e-14,0
264.0,-0.02,0.035,5.07264984622e-15,0
264.0,-0.015,0.03,1.5904759724e-14,0
264.0,-0.015,0.035,7.12301630541e-15,0
264.0,-0.02,0.04,-4.92467540804e-15,0
264.0,-0.02,0.045,-1.80706589509e-14,0
264.0,-0.015,0.04,-4.82927849202e-15,0
264.0,-0.015,0.045,-2.04542966128e-14,0
264.0,-0.02,0.05,-3.33187442388e-14,0
264.0,-0.02,0.055,-4.9873004234e-14,0
264.0,-0.015,0.05,-3.849899199e-14,0
264.0,-0.015,0.055,-5.80351671892e-14,0
264.0,-0.02,0.06,-6.71700243991e-14,0
264.0,-0.02,0.065,-8.49140436771e-14,0
264.0,-0.015,0.06,-7.84059278044e-14,0
264.0,-0.015,0.065,-9.92551133988e-14,0
264.0,-0.02,0.07,-1.03097189961e-13,0
264.0,-0.02,0.075,-1.22102260231e-13,0
264.0,-0.015,0.07,-1.20596889876e-13,0
264.0,-0.015,0.075,-1.42861068243e-13,0
264.0,-0.01,-0.075,-1.53300724652e-13,0
264.0,-0.01,-0.07,-1.29668824295e-13,0
264.0,-0.005,-0.075,-1.64241671414e-13,0
264.0,-0.005,-0.07,-1.39000886055e-13,0
264.0,-0.01,-0.065,-1.0703193149e-13,0
264.0,-0.005,-0.065,-1.1481777223e-13,0
264.0,-0.01,-0.06,-8.48519868349e-14,0
264.0,-0.005,-0.06,-9.11427019307e-14,0
264.0,-0.01,-0.055,-6.30897143625e-14,0
264.0,-0.005,-0.055,-6.79097144613e-14,0
264.0,-0.01,-0.05,-4.20818821777e-14,0
264.0,-0.005,-0.05,-4.54850743055e-14,0
264.0,-0.01,-0.045,-2.25110865287e-14,0
264.0,-0.005,-0.045,-2.45843873047e-14,0
264.0,-0.01,-0.04,-5.35730823955e-15,0
264.0,-0.005,-0.04,-6.2273793267e-15,0
264.0,-0.01,-0.035,8.1064284685e-15,0
264.0,-0.005,-0.035,8.28971317918e-15,0
264.0,-0.01,-0.03,1.82024544692e-14,0
264.0,-0.005,-0.03,1.9214648319e-14,0
264.0,-0.01,-0.025,2.63096210061e-14,0
264.0,-0.005,-0.025,2.76155878904e-14,0
264.0,-0.01,-0.02,3.22081154351e-14,0
264.0,-0.01,-0.015,3.55723254943e-14,0
264.0,-0.005,-0.02,3.33400265425e-14,0
264.0,-0.005,-0.015,3.59341459079e-14,0
264.0,-0.0117873230072,-0.0115873794689,3.59929393219e-14,0
264.0,-0.00939961996336,-0.005,3.39849232038e-14,0
264.0,-0.00792797428371,-0.00964253216809,3.53777245759e-14,0
264.0,-0.005,-0.00939961996336,3.34355157487e-14,0
264.0,-0.0108753492546,-0.00150606400588,3.4358517765e-14,0
264.0,-0.00818101620308,-0.00211452602544,3.01521500818e-14,0
264.0,-0.00651817360753,-0.000255934956239,2.33721390412e-14,0
264.0,-0.005,6.71033969428e-08,1.15054694572e-14,0
264.0,-0.0107292118043,0.00160660295843,3.41337602529e-14,0
264.0,-0.0080188992252,0.000768320427092,2.89505321228e-14,0
264.0,-0.00939946851065,0.005,3.37241431323e-14,0
264.0,-0.00802129342231,0.00264911934363,3.00901135887e-14,0
264.0,-0.00887989370213,0.00887989479405,3.50586765005e-14,0
264.0,-0.01,0.015,3.51280581992e-14,0
264.0,-0.005,0.00939947397025,3.31159948592e-14,0
264.0,-0.005,0.015,3.5668214313e-14,0
264.0,-0.01,0.02,3.19390213399e-14,0
264.0,-0.01,0.025,2.62967790263e-14,0
264.0,-0.005,0.02,3.33725751652e-14,0
264.0,-0.005,0.025,2.80652118557e-14,0
264.0,-0.01,0.03,1.8430246839e-14,0
264.0,-0.01,0.035,8.5121605848e-15,0
264.0,-0.005,0.03,2.00264086837e-14,0
264.0,-0.005,0.035,9.27023660483e-15,0
264.0,-0.01,0.04,-4.98326510277e-15,0
264.0,-0.01,0.045,-2.24704243011e-14,0
264.0,-0.005,0.04,-5.35221884498e-15,0
264.0,-0.005,0.045,-2.40513439281e-14,0
264.0,-0.01,0.05,-4.26101960567e-14,0
264.0,-0.01,0.055,-6.43787793399e-14,0
264.0,-0.005,0.05,-4.55135614109e-14,0
264.0,-0.005,0.055,-6.86893730232e-14,0
264.0,-0.01,0.06,-8.70490200782e-14,0
264.0,-0.01,0.065,-1.10241357675e-13,0
264.0,-0.005,0.06,-9.28209976417e-14,0
264.0,-0.005,0.065,-1.17496357472e-13,0
264.0,-0.01,0.07,-1.33958478508e-13,0
264.0,-0.01,0.075,-1.58714723024e-13,0
264.0,-0.005,0.07,-1.4274039969e-13,0
264.0,-0.005,0.075,-1.69073145585e-13,0
264.0,0,-0.075,-1.6940692457e-13,0
264.0,0,-0.07,-1.43471557593e-13,0
264.0,0.005,-0.075,-1.68493600688e-13,0
264.0,0.005,-0.07,-1.42873668115e-13,0
264.0,0,-0.065,-1.18672325813e-13,0
264.0,0.005,-0.065,-1.18392617031e-13,0
264.0,0,-0.06,-9.44029508354e-14,0
264.0,0.005,-0.06,-9.44722090495e-14,0
264.0,0,-0.055,-7.06045306677e-14,0
264.0,0.005,-0.055,-7.10238960634e-14,0
264.0,0,-0.05,-4.76315569739e-14,0
264.0,0.005,-0.05,-4.83967144446e-14,0
264.0,0,-0.045,-2.62113731083e-14,0
264.0,0.005,-0.045,-2.72942442347e-14,0
264.0,0,-0.04,-7.38588438231e-15,0
264.0,0.005,-0.04,-8.74140360639e-15,0
264.0,0,-0.035,7.5690907853e-15,0
264.0,0.005,-0.035,5.88807839995e-15,0
264.0,0,-0.03,1.88286713706e-14,0
264.0,0.005,-0.03,1.68919016217e-14,0
264.0,0,-0.025,2.733045671e-14,0
264.0,0.005,-0.025,2.55544476164e-14,0
264.0,0,-0.02,3.29784448828e-14,0
264.0,0.005,-0.02,3.17414108606e-14,0
264.0,0,-0.015,3.53756805196e-14,0
264.0,0.005,-0.015,3.51380605272e-14,0
264.0,-0.0021196717084,-0.00776771017156,2.80812920945e-14,0
264.0,-0.00084550708518,-0.00631514607954,2.17283688926e-14,0
264.0,6.71033969406e-08,-0.005,1.18794634541e-14,0
264.0,-0.00139054260708,-0.0110960807567,3.36010130162e-14,0
264.0,0.00132468676756,-0.00775008274642,2.74873828356e-14,0
264.0,0.00160394440688,-0.0116908851489,3.41208743849e-14,0
264.0,0.005,-0.00939946851065,3.36003635431e-14,0
264.0,0.005,0.005,2.61920793675e-14,0
264.0,-0.000107646311398,0.00617659695633,2.07363599988e-14,0
264.0,-0.00190846935279,0.0076427502668,2.73582894136e-14,0
264.0,0.00131146485568,0.00777290068297,2.71065319611e-14,0
264.0,0.00295884413402,0.00640276348073,2.50711546679e-14,0
264.0,-1.21517769428e-05,0.0108932602996,3.29339869106e-14,0
264.0,0,0.015,3.54007334751e-14,0
264.0,0.005,0.00939942566771,3.32674970608e-14,0
264.0,0.005,0.015,3.54970324081e-14,0
264.0,0,0.02,3.3495381961e-14,0
264.0,0,0.025,2.84164449743e-14,0
264.0,0.005,0.02,3.27429073384e-14,0
264.0,0.005,0.025,2.7145460295e-14,0
264.0,0,0.03,2.03389253334e-14,0
264.0,0,0.035,9.15549535553e-15,0
264.0,0.005,0.03,1.88948108286e-14,0
264.0,0.005,0.035,8.03231581816e-15,0
264.0,0,0.04,-5.9515925697e-15,0
264.0,0,0.045,-2.51106922507e-14,0
264.0,0.005,0.04,-6.70310746798e-15,0
264.0,0.005,0.045,-2.5581424049e-14,0
264.0,0,0.05,-4.70858705146e-14,0
264.0,0,0.055,-7.08071715931e-14,0
264.0,0.005,0.05,-4.72408980078e-14,0
264.0,0.005,0.055,-7.06250142296e-14,0
264.0,0,0.06,-9.55020003723e-14,0
264.0,0,0.065,-1.20765407171e-13,0
264.0,0.005,0.06,-9.49782371934e-14,0
264.0,0.005,0.065,-1.19895470963e-13,0
264.0,0,0.07,-1.46609936817e-13,0
264.0,0,0.075,-1.73606402979e-13,0
264.0,0.005,0.07,-1.4541356801e-13,0
264.0,0.005,0.075,-1.72069913229e-13,0
264.0,0.01,-0.075,-1.61491913286e-13,0
264.0,0.01,-0.07,-1.37126482896e-13,0
264.0,0.015,-0.075,-1.48488178823e-13,0
264.0,0.015,-0.07,-1.26340450321e-13,0
264.0,0.01,-0.065,-1.13915213103e-13,0
264.0,0.015,-0.065,-1.05287317785e-13,0
264.0,0.01,-0.06,-9.12641164185e-14,0
264.0,0.015,-0.06,-8.48046448864e-14,0
264.0,0.01,-0.055,-6.90918177487e-14,0
264.0,0.015,-0.055,-6.47860102674e-14,0
264.0,0.01,-0.05,-4.7700331259e-14,0
264.0,0.015,-0.05,-4.54979421234e-14,0
264.0,0.01,-0.045,-2.77491278535e-14,0
264.0,0.015,-0.045,-2.75094892827e-14,0
264.0,0.01,-0.04,-1.0222871308e-14,0
264.0,0.015,-0.04,-1.16797330989e-14,0
264.0,0.01,-0.035,3.5305924819e-15,0
264.0,0.015,-0.035,7.89838959654e-16,0
264.0,0.01,-0.03,1.39479695636e-14,0
264.0,0.015,-0.03,1.03651358308e-14,0
264.0,0.01,-0.025,2.2601196767e-14,0
264.0,0.015,-0.025,1.86043131841e-14,0
264.0,0.01,-0.02,2.93505753935e-14,0
264.0,0.01,-0.015,3.41445814549e-14,0
264.0,0.015,-0.02,2.55029032438e-14,0
264.0,0.015,-0.015,3.1300812216e-14,0
264.0,0.00999280436795,-0.0116358337096,3.59509978187e-14,0
264.0,0.0105889214373,-0.00845762197625,3.6718551737e-14,0
264.0,0.015,-0.01,3.56360968539e-14,0
264.0,0.00939947397025,-0.005,3.58262828201e-14,0
264.0,0.015,-0.005,3.81992613165e-14,0
264.0,0.00658051136513,-0.00296146438142,2.86703937693e-14,0
264.0,0.00636794669772,-3.54305826484e-06,2.46712447405e-14,0
264.0,0.00795807888052,-0.00113999998936,3.18883036871e-14,0
264.0,0.00758147027913,0.00183630393596,3.07435043513e-14,0
264.0,0.0112534647756,-1.47536350887e-07,3.79993815088e-14,0
264.0,0.015,4.16333634234e-19,3.93145376797e-14,0
264.0,0.00939942566771,0.005,3.55589831801e-14,0
264.0,0.015,0.005,3.85021785521e-14,0
264.0,0.00999018807453,0.0109670628501,3.64599217689e-14,0
264.0,0.01,0.015,3.4972022822e-14,0
264.0,0.015,0.01,3.6442160066e-14,0
264.0,0.015,0.015,3.27107279168e-14,0
264.0,0.01,0.02,3.0854841589e-14,0
264.0,0.01,0.025,2.46428415925e-14,0
264.0,0.015,0.02,2.75058736705e-14,0
264.0,0.015,0.025,2.11030705481e-14,0
264.0,0.01,0.03,1.63773959735e-14,0
264.0,0.01,0.035,6.18459177187e-15,0
264.0,0.015,0.03,1.32541943715e-14,0
264.0,0.015,0.035,3.94957351558e-15,0
264.0,0.01,0.04,-7.58771800533e-15,0
264.0,0.01,0.045,-2.54256917573e-14,0
264.0,0.015,0.04,-8.48571250428e-15,0
264.0,0.015,0.045,-2.46230256057e-14,0
264.0,0.01,0.05,-4.59458269348e-14,0
264.0,0.01,0.055,-6.81162834402e-14,0
264.0,0.015,0.05,-4.3207261893e-14,0
264.0,0.015,0.055,-6.33114996335e-14,0
264.0,0.01,0.06,-9.12148922109e-14,0
264.0,0.01,0.065,-1.14876587565e-13,0
264.0,0.015,0.06,-8.42905678267e-14,0
264.0,0.015,0.065,-1.05808748765e-13,0
264.0,0.01,0.07,-1.39126247109e-13,0
264.0,0.01,0.075,-1.64512527848e-13,0
264.0,0.015,0.07,-1.27912336615e-13,0
264.0,0.015,0.075,-1.51077691297e-13,0
264.0,0.02,-0.075,-1.29866428527e-13,0
264.0,0.02,-0.07,-1.10761729123e-13,0
264.0,0.025,-0.075,-1.06115145972e-13,0
264.0,0.025,-0.07,-9.08215966158e-14,0
264.0,0.02,-0.065,-9.27004099199e-14,0
264.0,0.025,-0.065,-7.64560742428e-14,0
264.0,0.02,-0.06,-7.51943596545e-14,0
264.0,0.025,-0.06,-6.26410353254e-14,0
264.0,0.02,-0.055,-5.81529362811e-14,0
264.0,0.025,-0.055,-4.928079325e-14,0
264.0,0.02,-0.05,-4.17701651321e-14,0
264.0,0.025,-0.05,-3.6520580007e-14,0
264.0,0.02,-0.045,-2.65041500136e-14,0
264.0,0.025,-0.045,-2.4671090148e-14,0
264.0,0.02,-0.04,-1.3037783487e-14,0
264.0,0.025,-0.04,-1.41910793076e-14,0
264.0,0.02,-0.035,-2.31228624323e-15,0
264.0,0.025,-0.035,-5.71020106688e-15,0
264.0,0.02,-0.03,6.06605543402e-15,0
264.0,0.025,-0.03,1.08228441296e-15,0
264.0,0.02,-0.025,1.34440302159e-14,0
264.0,0.025,-0.025,7.14761504936e-15,0
264.0,0.02,-0.02,1.99031798943e-14,0
264.0,0.025,-0.02,1.25227833782e-14,0
264.0,0.02,-0.015,2.573354722e-14,0
264.0,0.025,-0.015,1.73858436055e-14,0
264.0,0.02,-0.01,3.06131796563e-14,0
264.0,0.025,-0.01,2.14021064801e-14,0
264.0,0.02,-0.005,3.37170774653e-14,0
264.0,0.025,-0.005,2.42472689803e-14,0
264.0,0.02,0,3.49880670043e-14,0
264.0,0.025,4.16333634234e-19,2.55801348644e-14,0
264.0,0.02,0.005,3.43288754689e-14,0
264.0,0.025,0.005,2.48534972703e-14,0
264.0,0.02,0.01,3.18598114899e-14,0
264.0,0.025,0.01,2.27033267737e-14,0
264.0,0.02,0.015,2.7591143223e-14,0
264.0,0.025,0.015,1.94113928682e-14,0
264.0,0.02,0.02,2.23021590444e-14,0
264.0,0.02,0.025,1.63302637387e-14,0
264.0,0.025,0.02,1.514681904e-14,0
264.0,0.025,0.025,1.03025965903e-14,0
264.0,0.02,0.03,9.37434326077e-15,0
264.0,0.02,0.035,1.32118657009e-15,0
264.0,0.025,0.03,4.72310019222e-15,0
264.0,0.025,0.035,-1.67756237226e-15,0
264.0,0.02,0.04,-9.34395654552e-15,0
264.0,0.02,0.045,-2.31428265314e-14,0
264.0,0.025,0.04,-1.00974792375e-14,0
264.0,0.025,0.045,-2.09759604169e-14,0
264.0,0.02,0.05,-3.90563741025e-14,0
264.0,0.02,0.055,-5.63083993135e-14,0
264.0,0.025,0.05,-3.35492930944e-14,0
264.0,0.025,0.055,-4.72444123929e-14,0
264.0,0.02,0.06,-7.43557869243e-14,0
264.0,0.02,0.065,-9.29309715383e-14,0
264.0,0.025,0.06,-6.16597762689e-14,0
264.0,0.025,0.065,-7.65807944733e-14,0
264.0,0.02,0.07,-1.12064065965e-13,0
264.0,0.02,0.075,-1.32195468742e-13,0
264.0,0.025,0.07,-9.20464561512e-14,0
264.0,0.025,0.075,-1.08388260124e-13,0
264.0,0.03,-0.075,-7.79854856916e-14,0
264.0,0.03,-0.07,-6.70818453181e-14,0
264.0,0.035,-0.075,-4.63285295882e-14,0
264.0,0.035,-0.07,-4.02592271299e-14,0
264.0,0.03,-0.065,-5.69904604047e-14,0
264.0,0.035,-0.065,-3.48427724026e-14,0
264.0,0.03,-0.06,-4.74253403327e-14,0
264.0,0.035,-0.06,-2.99313071408e-14,0
264.0,0.03,-0.055,-3.83227682264e-14,0
264.0,0.035,-0.055,-2.54842119119e-14,0
264.0,0.03,-0.05,-2.97606342943e-14,0
264.0,0.035,-0.05,-2.15375023644e-14,0
264.0,0.03,-0.045,-2.19241100564e-14,0
264.0,0.035,-0.045,-1.81449273277e-14,0
264.0,0.03,-0.04,-1.50281217783e-14,0
264.0,0.035,-0.04,-1.53291551199e-14,0
264.0,0.03,-0.035,-9.30136302457e-15,0
264.0,0.035,-0.035,-1.29284413362e-14,0
264.0,0.03,-0.03,-4.4955171205e-15,0
264.0,0.035,-0.03,-1.05149574538e-14,0
264.0,0.03,-0.025,-1.6366169365e-16,0
264.0,0.035,-0.025,-8.30396487394e-15,0
264.0,0.03,-0.02,3.64219280461e-15,0
264.0,0.035,-0.02,-6.41150434193e-15,0
264.0,0.03,-0.015,7.0338901152e-15,0
264.0,0.035,-0.015,-4.61837988607e-15,0
264.0,0.03,-0.01,9.87268101112e-15,0
264.0,0.035,-0.01,-3.00218323635e-15,0
264.0,0.03,-0.005,1.21113298071e-14,0
264.0,0.035,-0.005,-1.56037643685e-15,0
264.0,0.03,0,1.32727458175e-14,0
264.0,0.035,4.16333634234e-19,-6.59118038232e-16,0
264.0,0.03,0.005,1.27503162501e-14,0
264.0,0.035,0.005,-7.97420524827e-16,0
264.0,0.03,0.01,1.12080862856e-14,0
264.0,0.035,0.01,-1.49081934283e-15,0
264.0,0.03,0.015,9.11468448891e-15,0
264.0,0.035,0.015,-2.36648682851e-15,0
264.0,0.03,0.02,6.3849355113e-15,0
264.0,0.035,0.02,-3.50844025466e-15,0
264.0,0.03,0.025,3.14400371112e-15,0
264.0,0.035,0.025,-4.8891412398e-15,0
264.0,0.03,0.03,-6.28299870806e-16,0
264.0,0.03,0.035,-4.96586933267e-15,0
264.0,0.035,0.03,-6.53379119616e-15,0
264.0,0.035,0.035,-8.46035117e-15,0
264.0,0.03,0.04,-1.06925272051e-14,0
264.0,0.03,0.045,-1.81049938579e-14,0
264.0,0.035,0.04,-1.10457365149e-14,0
264.0,0.035,0.045,-1.45031247855e-14,0
264.0,0.03,0.05,-2.67558519482e-14,0
264.0,0.03,0.055,-3.6310750717e-14,0
264.0,0.035,0.05,-1.87606812549e-14,0
264.0,0.035,0.055,-2.37236919963e-14,0
264.0,0.03,0.06,-4.65088380878e-14,0
264.0,0.03,0.065,-5.7213496665e-14,0
264.0,0.035,0.06,-2.92875623353e-14,0
264.0,0.035,0.065,-3.53626446423e-14,0
264.0,0.03,0.07,-6.84356530031e-14,0
264.0,0.03,0.075,-8.04193729446e-14,0
264.0,0.035,0.07,-4.19418320407e-14,0
264.0,0.035,0.075,-4.91321645192e-14,0
264.0,0.04,-0.075,-1.21743659448e-14,0
264.0,0.04,-0.07,-1.11723969788e-14,0
264.0,0.045,-0.075,2.33864494674e-14,0
264.0,0.045,-0.07,1.92772160445e-14,0
264.0,0.04,-0.065,-1.06601361238e-14,0
264.0,0.045,-0.065,1.4843485305e-14,0
264.0,0.04,-0.06,-1.0622358074e-14,0
264.0,0.045,-0.06,9.95458907507e-15,0
264.0,0.04,-0.055,-1.10597721561e-14,0
264.0,0.045,-0.055,4.5718994087e-15,0
264.0,0.04,-0.05,-1.19577481756e-14,0
264.0,0.045,-0.05,-1.25155650283e-15,0
264.0,0.04,-0.045,-1.3259035378e-14,0
264.0,0.045,-0.045,-7.35083567804e-15,0
264.0,0.04,-0.04,-1.47819277891e-14,0
264.0,0.045,-0.04,-1.34355012116e-14,0
264.0,0.04,-0.035,-1.61213267476e-14,0
264.0,0.045,-0.035,-1.89920736354e-14,0
264.0,0.04,-0.03,-1.69281055947e-14,0
264.0,0.045,-0.03,-2.34901649068e-14,0
264.0,0.04,-0.025,-1.7355677687e-14,0
264.0,0.045,-0.025,-2.70084613472e-14,0
264.0,0.04,-0.02,-1.74916219576e-14,0
264.0,0.045,-0.02,-2.93543193429e-14,0
264.0,0.04,-0.015,-1.73759053553e-14,0
264.0,0.045,-0.015,-3.10441665676e-14,0
264.0,0.04,-0.01,-1.70307577256e-14,0
264.0,0.045,-0.01,-3.21041561243e-14,0
264.0,0.04,-0.005,-1.64278839896e-14,0
264.0,0.045,-0.005,-3.24594194917e-14,0
264.0,0.04,0,-1.58128638915e-14,0
264.0,0.045,4.16333634234e-19,-3.22124503761e-14,0
264.0,0.04,0.005,-1.55047256144e-14,0
264.0,0.045,0.005,-3.13365376069e-14,0
264.0,0.04,0.01,-1.5265864314e-14,0
264.0,0.045,0.01,-3.00335447347e-14,0
264.0,0.04,0.015,-1.48298075307e-14,0
264.0,0.045,0.015,-2.81382416399e-14,0
264.0,0.04,0.02,-1.42569370652e-14,0
264.0,0.045,0.02,-2.56842905715e-14,0
264.0,0.04,0.025,-1.35770572276e-14,0
264.0,0.045,0.025,-2.2733654492e-14,0
264.0,0.04,0.03,-1.28165484955e-14,0
264.0,0.045,0.03,-1.92757390381e-14,0
264.0,0.04,0.035,-1.19967923479e-14,0
264.0,0.045,0.035,-1.53742068504e-14,0
264.0,0.04,0.04,-1.1010321635e-14,0
264.0,0.04,0.045,-1.01059285717e-14,0
264.0,0.045,0.04,-1.03065197316e-14,0
264.0,0.045,0.045,-4.79920436552e-15,0
264.0,0.04,0.05,-9.63833834268e-15,0
264.0,0.04,0.055,-9.74327806157e-15,0
264.0,0.045,0.05,5.02112141691e-16,0
264.0,0.045,0.055,5.33503117553e-15,0
264.0,0.04,0.06,-1.04253097509e-14,0
264.0,0.04,0.065,-1.16454446076e-14,0
264.0,0.045,0.06,9.5922111266e-15,0
264.0,0.045,0.065,1.32754991469e-14,0
264.0,0.04,0.07,-1.33535386066e-14,0
264.0,0.04,0.075,-1.55255313464e-14,0
264.0,0.045,0.07,1.64739798152e-14,0
264.0,0.045,0.075,1.93557975887e-14,0
264.0,0.05,-0.075,5.92376051367e-14,0
264.0,0.05,-0.07,5.01726779172e-14,0
264.0,0.055,-0.075,9.4308614884e-14,0
264.0,0.055,-0.07,8.06583052976e-14,0
264.0,0.05,-0.065,4.09264258799e-14,0
264.0,0.055,-0.065,6.68974555368e-14,0
264.0,0.05,-0.06,3.12168849782e-14,0
264.0,0.055,-0.06,5.26019388426e-14,0
264.0,0.05,-0.055,2.09603154274e-14,0
264.0,0.055,-0.055,3.76498730872e-14,0
264.0,0.05,-0.05,1.02530843334e-14,0
264.0,0.055,-0.05,2.21700415729e-14,0
264.0,0.05,-0.045,-6.52650997271e-16,0
264.0,0.055,-0.045,6.51115122995e-15,0
264.0,0.05,-0.04,-1.13392831856e-14,0
264.0,0.055,-0.04,-8.82180641432e-15,0
264.0,0.05,-0.035,-2.12522550437e-14,0
264.0,0.055,-0.035,-2.32093314974e-14,0
264.0,0.05,-0.03,-2.98376030309e-14,0
264.0,0.055,-0.03,-3.60768694874e-14,0
264.0,0.05,-0.025,-3.68472032403e-14,0
264.0,0.055,-0.025,-4.69963326854e-14,0
264.0,0.05,-0.02,-4.21813980622e-14,0
264.0,0.055,-0.02,-5.57678674837e-14,0
264.0,0.05,-0.015,-4.61591742591e-14,0
264.0,0.055,-0.015,-6.24717791367e-14,0
264.0,0.05,-0.01,-4.88869331792e-14,0
264.0,0.055,-0.01,-6.71389113853e-14,0
264.0,0.05,-0.005,-5.03170630356e-14,0
264.0,0.055,-0.005,-6.97197652984e-14,0
264.0,0.05,0,-5.03948457476e-14,0
264.0,0.055,4.16333634234e-19,-7.01441585889e-14,0
264.0,0.05,0.005,-4.90628628274e-14,0
264.0,0.055,0.005,-6.83939734785e-14,0
264.0,0.05,0.01,-4.65466897834e-14,0
264.0,0.055,0.01,-6.46440042525e-14,0
264.0,0.05,0.015,-4.29107272902e-14,0
264.0,0.055,0.015,-5.9037444233e-14,0
264.0,0.05,0.02,-3.81978521216e-14,0
264.0,0.055,0.02,-5.16711461096e-14,0
264.0,0.05,0.025,-3.24517341562e-14,0
264.0,0.055,0.025,-4.26411109244e-14,0
264.0,0.05,0.03,-2.56766669978e-14,0
264.0,0.055,0.03,-3.2021084952e-14,0
264.0,0.05,0.035,-1.78001589209e-14,0
264.0,0.055,0.035,-1.98634554251e-14,0
264.0,0.05,0.04,-8.57622866264e-15,0
264.0,0.055,0.04,-6.25466479853e-15,0
264.0,0.05,0.045,1.41350568613e-15,0
264.0,0.055,0.045,8.24302073374e-15,0
264.0,0.05,0.05,1.14687338589e-14,0
264.0,0.05,0.055,2.11536825889e-14,0
264.0,0.055,0.05,2.29396784742e-14,0
264.0,0.055,0.055,3.73162865809e-14,0
264.0,0.05,0.06,3.02515728069e-14,0
264.0,0.05,0.065,3.87168501598e-14,0
264.0,0.055,0.06,5.10460174963e-14,0
264.0,0.055,0.065,6.40386062811e-14,0
264.0,0.05,0.07,4.66781384298e-14,0
264.0,0.05,0.075,5.44512421776e-14,0
264.0,0.055,0.07,7.64543582205e-14,0
264.0,0.055,0.075,8.87433360195e-14,0
264.0,0.06,-0.075,1.27740707592e-13,0
264.0,0.06,-0.07,1.10038246788e-13,0
264.0,0.065,-0.075,1.58914433478e-13,0
264.0,0.065,-0.07,1.37907488617e-13,0
264.0,0.06,-0.065,9.2202375703e-14,0
264.0,0.065,-0.065,1.16551078666e-13,0
264.0,0.06,-0.06,7.36603313053e-14,0
264.0,0.065,-0.06,9.41473672962e-14,0
264.0,0.06,-0.055,5.42510737225e-14,0
264.0,0.065,-0.055,7.05422815488e-14,0
264.0,0.06,-0.05,3.41552724863e-14,0
264.0,0.065,-0.05,4.59757085751e-14,0
264.0,0.06,-0.045,1.38017712562e-14,0
264.0,0.065,-0.045,2.09906543786e-14,0
264.0,0.06,-0.04,-6.19700225662e-15,0
264.0,0.065,-0.04,-3.69081271591e-15,0
264.0,0.06,-0.035,-2.51524015786e-14,0
264.0,0.065,-0.035,-2.72601978619e-14,0
264.0,0.06,-0.03,-4.23947834311e-14,0
264.0,0.065,-0.03,-4.89343332322e-14,0
264.0,0.06,-0.025,-5.73842734358e-14,0
264.0,0.065,-0.025,-6.8036125313e-14,0
264.0,0.06,-0.02,-6.97643223401e-14,0
264.0,0.065,-0.02,-8.40571202166e-14,0
264.0,0.06,-0.015,-7.93898892849e-14,0
264.0,0.065,-0.015,-9.6649633755e-14,0
264.0,0.06,-0.01,-8.61572604898e-14,0
264.0,0.065,-0.01,-1.05592698762e-13,0
264.0,0.06,-0.005,-8.99876118947e-14,0
264.0,0.065,-0.005,-1.1072537368e-13,0
264.0,0.06,0,-9.08084683803e-14,0
264.0,0.065,4.16333634234e-19,-1.11978855749e-13,0
264.0,0.06,0.005,-8.86393747877e-14,0
264.0,0.065,0.005,-1.09366729841e-13,0
264.0,0.06,0.01,-8.36087186545e-14,0
264.0,0.065,0.01,-1.03021669349e-13,0
264.0,0.06,0.015,-7.58963387307e-14,0
264.0,0.065,0.015,-9.31357387939e-14,0
264.0,0.06,0.02,-6.56673598167e-14,0
264.0,0.065,0.02,-7.99644912273e-14,0
264.0,0.06,0.025,-5.31123363586e-14,0
264.0,0.065,0.025,-6.37939254274e-14,0
264.0,0.06,0.03,-3.84221884896e-14,0
264.0,0.065,0.03,-4.498031723e-14,0
264.0,0.06,0.035,-2.1844093007e-14,0
264.0,0.065,0.035,-2.39547374407e-14,0
264.0,0.06,0.04,-3.73280695224e-15,0
264.0,0.065,0.04,-1.28124199424e-15,0
264.0,0.06,0.045,1.5303338396e-14,0
264.0,0.065,0.045,2.23299006351e-14,0
264.0,0.06,0.05,3.45697838036e-14,0
264.0,0.065,0.05,4.61059336809e-14,0
264.0,0.06,0.055,5.34562958374e-14,0
264.0,0.065,0.055,6.93506465475e-14,0
264.0,0.06,0.06,7.15568548371e-14,0
264.0,0.06,0.065,8.87229206945e-14,0
264.0,0.065,0.06,9.15501628443e-14,0
264.0,0.065,0.065,1.12497087795e-13,0
264.0,0.06,0.07,1.051462707e-13,0
264.0,0.06,0.075,1.21418094833e-13,0
264.0,0.065,0.07,1.32372387016e-13,0
264.0,0.065,0.075,1.51885471541e-13,0
264.0,0.07,-0.075,1.87758573659e-13,0
264.0,0.07,-0.07,1.6431426051e-13,0
264.0,0.075,-0.075,2.14822816638e-13,0
264.0,0.075,-0.07,1.899508537e-13,0
264.0,0.07,-0.065,1.40027500669e-13,0
264.0,0.075,-0.065,1.63256172286e-13,0
264.0,0.07,-0.06,1.14139222176e-13,0
264.0,0.075,-0.06,1.3412492452e-13,0
264.0,0.07,-0.055,8.65384454007e-14,0
264.0,0.075,-0.055,1.02570853939e-13,0
264.0,0.07,-0.05,5.75870422711e-14,0
264.0,0.075,-0.05,6.91670521535e-14,0
264.0,0.07,-0.045,2.79657767403e-14,0
264.0,0.075,-0.045,3.47555086624e-14,0
264.0,0.07,-0.04,-1.45239241265e-15,0
264.0,0.075,-0.04,4.09195563713e-16,0
264.0,0.07,-0.035,-2.97136372599e-14,0
264.0,0.075,-0.035,-3.27364061642e-14,0
264.0,0.07,-0.03,-5.58844450823e-14,0
264.0,0.075,-0.03,-6.35797539151e-14,0
264.0,0.07,-0.025,-7.91394900012e-14,0
264.0,0.075,-0.025,-9.11052598072e-14,0
264.0,0.07,-0.02,-9.88028893653e-14,0
264.0,0.075,-0.02,-1.14507381629e-13,0
264.0,0.07,-0.015,-1.14380721352e-13,0
264.0,0.075,-0.015,-1.33106423898e-13,0
264.0,0.07,-0.01,-1.25509321167e-13,0
264.0,0.075,-0.01,-1.46477404123e-13,0
264.0,0.07,-0.005,-1.31975572793e-13,0
264.0,0.075,-0.005,-1.54274725236e-13,0
264.0,0.07,0,-1.33658540961e-13,0
264.0,0.075,0,-1.56401350407e-13,0
264.0,0.07,0.005,-1.30587629401e-13,0
264.0,0.075,0.005,-1.52816145627e-13,0
264.0,0.07,0.01,-1.22883262312e-13,0
264.0,0.075,0.01,-1.43719029941e-13,0
264.0,0.07,0.015,-1.10797184668e-13,0
264.0,0.075,0.015,-1.29347464044e-13,0
264.0,0.07,0.02,-9.46405428757e-14,0
264.0,0.075,0.02,-1.1014829183e-13,0
264.0,0.07,0.025,-7.48332007911e-14,0
264.0,0.075,0.025,-8.6603124256e-14,0
264.0,0.07,0.03,-5.18675838491e-14,0
264.0,0.075,0.03,-5.93887150318e-14,0
264.0,0.07,0.035,-2.63626004712e-14,0
264.0,0.075,0.035,-2.92601703059e-14,0
264.0,0.07,0.04,9.4222560347e-16,0
264.0,0.075,0.04,2.84950901755e-15,0
264.0,0.07,0.045,2.91917516384e-14,0
264.0,0.075,0.045,3.59190922469e-14,0
264.0,0.07,0.05,5.74880814942e-14,0
264.0,0.075,0.05,6.88845425881e-14,0
264.0,0.07,0.055,8.50032971771e-14,0
264.0,0.075,0.055,1.00731879411e-13,0
264.0,0.07,0.06,1.11097357627e-13,0
264.0,0.075,0.06,1.30670520685e-13,0
264.0,0.07,0.065,1.35445094243e-13,0
264.0,0.075,0.065,1.58173338292e-13,0
264.0,0.07,0.07,1.58184965133e-13,0
264.0,0.07,0.075,1.80084173063e-13,0
264.0,0.075,0.07,1.83258083009e-13,0
264.0,0.075,0.075,2.06550434801e-13,0
266.0,-0.00382671281566,-0.00202612167119,0,0
266.0,-0.005,-0.005,2.62023890715e-14,0
266.0,-0.00197892066871,-0.00385133392306,0,0
266.0,-0.005,-0.00190753787223,1.55758541818e-14,0
266.0,-0.00433,0,0,0
266.0,-0.00190753787223,-0.005,1.55018311225e-14,0
266.0,0,-0.00433,0,0
266.0,-0.005,0.00190775150599,1.56009276758e-14,0
266.0,-0.00385133392306,0.00197892066871,0,0
266.0,0.00190775150599,-0.005,1.54634815209e-14,0
266.0,0.00202612167119,-0.00382671281566,0,0
266.0,-0.00202612167119,0.00382671281566,0,0
266.0,-0.005,0.005,2.61736572438e-14,0
266.0,-0.0019094272225,0.005,1.54702084385e-14,0
266.0,0,0.00433,0,0
266.0,0.00147766755988,0.00407006125046,0,0
266.0,8.32667268469e-19,0.005,1.17283596956e-14,0
266.0,0.00433,0,0,0
266.0,0.005,1.38777878078e-18,1.14079760541e-14,0
266.0,0.00407006125046,0.00147766755988,0,0
266.0,0.005,-0.005,2.70422384768e-14,0
266.0,0.00385133392306,-0.00197892066871,0,0
266.0,0.005,-0.0019094272225,1.56963288554e-14,0
266.0,0.00306177236254,0.00306177236254,0,0
266.0,0.0019094272225,0.005,1.56211491498e-14,0
266.0,0.005,0.0019094272225,1.57031209311e-14,0
266.0,-0.000885,-0.0015328649647,1.27151579135e-12,0
266.0,-0.0015328649647,-0.000885,1.27163817261e-12,0
266.0,-0.00186450691264,-0.00187567167242,8.43022559723e-13,0
266.0,-0.00177,0,1.27132990712e-12,0
266.0,-0.00268433516245,-0.000738983120158,7.59104374031e-13,0
266.0,0,-0.00177,1.27147742915e-12,0
266.0,-0.000718432264205,-0.00269192408424,7.57398212682e-13,0
266.0,-0.0015328649647,0.000885,1.26982543594e-12,0
266.0,-0.00265321485144,0.000647311733689,7.89887237213e-13,0
266.0,-0.000885,0.0015328649647,1.26819792844e-12,0
266.0,-0.00194719253591,0.00178443766524,8.43948864434e-13,0
266.0,0,0.00177,1.26409177073e-12,0
266.0,-0.000802720381054,0.00273415977115,7.17498027025e-13,0
266.0,0.000885,-0.0015328649647,1.27016626993e-12,0
266.0,0.00075154031863,-0.00270385456952,7.45288264712e-13,0
266.0,0.00177,0,1.26243153519e-12,0
266.0,0.0015328649647,-0.000885,1.26801385291e-12,0
266.0,0.00271471102228,-0.000564731152102,7.60911996387e-13,0
266.0,0.00192394637685,-0.00189207206672,8.10093510769e-13,0
266.0,0.00231817117671,0.00040530921667,9.8790759772e-13,0
266.0,0.0015328649647,0.000885,1.26069789835e-12,0
266.0,0.000885,0.0015328649647,1.26140295693e-12,0
266.0,0.000427053001345,0.00287092483521,6.82187615283e-13,0
266.0,0.00187618296239,0.00184774001435,8.33337849011e-13,0
266.0,0.00312733402203,0.000607809752493,5.19197661247e-13,0
266.0,0.00276214303706,0.00136595635004,5.76857814022e-13,0
266.0,0.0014100336009,0.00268674970267,6.04770032792e-13,0
266.0,-0.075,-0.075,1.88071783889e-13,0
266.0,-0.07,-0.075,1.68107837846e-13,0
266.0,-0.075,-0.07,1.62622985172e-13,0
266.0,-0.07,-0.07,1.43999419624e-13,0
266.0,-0.075,-0.065,1.35512900749e-13,0
266.0,-0.07,-0.065,1.19180666801e-13,0
266.0,-0.065,-0.075,1.46389736307e-13,0
266.0,-0.065,-0.07,1.24548928588e-13,0
266.0,-0.065,-0.065,1.02499679251e-13,0
266.0,-0.075,-0.06,1.06234982563e-13,0
266.0,-0.07,-0.06,9.29960934695e-14,0
266.0,-0.065,-0.06,7.96239479584e-14,0
266.0,-0.075,-0.055,7.48745597735e-14,0
266.0,-0.07,-0.055,6.54026698939e-14,0
266.0,-0.065,-0.055,5.58252090735e-14,0
266.0,-0.075,-0.05,4.20443038315e-14,0
266.0,-0.07,-0.05,3.68048646726e-14,0
266.0,-0.065,-0.05,3.13814127272e-14,0
266.0,-0.075,-0.045,8.59491328099e-15,0
266.0,-0.07,-0.045,7.89597428093e-15,0
266.0,-0.065,-0.045,6.8581581635e-15,0
266.0,-0.075,-0.04,-2.44312229051e-14,0
266.0,-0.07,-0.04,-2.04702343619e-14,0
266.0,-0.075,-0.035,-5.59721587131e-14,0
266.0,-0.07,-0.035,-4.74040438542e-14,0
266.0,-0.065,-0.04,-1.70270178796e-14,0
266.0,-0.065,-0.035,-3.9513116197e-14,0
266.0,-0.075,-0.03,-8.50362395787e-14,0
266.0,-0.07,-0.03,-7.20815298807e-14,0
266.0,-0.075,-0.025,-1.10734221333e-13,0
266.0,-0.07,-0.025,-9.38122522649e-14,0
266.0,-0.065,-0.03,-5.99315572202e-14,0
266.0,-0.065,-0.025,-7.77716919835e-14,0
266.0,-0.075,-0.02,-1.323627667e-13,0
266.0,-0.07,-0.02,-1.12024029043e-13,0
266.0,-0.075,-0.015,-1.49296637217e-13,0
266.0,-0.07,-0.015,-1.26269537193e-13,0
266.0,-0.065,-0.02,-9.26577906992e-14,0
266.0,-0.065,-0.015,-1.04266259816e-13,0
266.0,-0.075,-0.01,-1.61115799528e-13,0
266.0,-0.07,-0.01,-1.36167396064e-13,0
266.0,-0.075,-0.005,-1.67464232878e-13,0
266.0,-0.07,-0.005,-1.41468881816e-13,0
266.0,-0.065,-0.01,-1.12323442484e-13,0
266.0,-0.065,-0.005,-1.16589247471e-13,0
266.0,-0.075,0,-1.68242998613e-13,0
266.0,-0.07,0,-1.42037913421e-13,0
266.0,-0.075,0.005,-1.6345575136e-13,0
266.0,-0.07,0.005,-1.37934157834e-13,0
266.0,-0.065,4.16333634234e-19,-1.1695400207e-13,0
266.0,-0.065,0.005,-1.13453379317e-13,0
266.0,-0.075,0.01,-1.53383281063e-13,0
266.0,-0.07,0.01,-1.29362562094e-13,0
266.0,-0.075,0.015,-1.38383930975e-13,0
266.0,-0.07,0.015,-1.16698604308e-13,0
266.0,-0.065,0.01,-1.06302494314e-13,0
266.0,-0.065,0.015,-9.58404948208e-14,0
266.0,-0.075,0.02,-1.19014693633e-13,0
266.0,-0.07,0.02,-1.00378303093e-13,0
266.0,-0.075,0.025,-9.58338465954e-14,0
266.0,-0.07,0.025,-8.09018118024e-14,0
266.0,-0.065,0.02,-8.24860812074e-14,0
266.0,-0.065,0.025,-6.66127886856e-14,0
266.0,-0.075,0.03,-6.9522019553e-14,0
266.0,-0.07,0.03,-5.87651220772e-14,0
266.0,-0.075,0.035,-4.07819338872e-14,0
266.0,-0.07,0.035,-3.45294022231e-14,0
266.0,-0.065,0.03,-4.8575049852e-14,0
266.0,-0.065,0.035,-2.87300345862e-14,0
266.0,-0.075,0.04,-1.04377658755e-14,0
266.0,-0.07,0.04,-8.83035342051e-15,0
266.0,-0.075,0.045,2.061571515e-14,0
266.0,-0.07,0.045,1.75981549762e-14,0
266.0,-0.065,0.04,-7.53271923833e-15,0
266.0,-0.065,0.045,1.44248889304e-14,0
266.0,-0.075,0.05,5.14518803948e-14,0
266.0,-0.07,0.05,4.3979828518e-14,0
266.0,-0.075,0.055,8.11777821972e-14,0
266.0,-0.07,0.055,6.95930804705e-14,0
266.0,-0.065,0.05,3.64802283807e-14,0
266.0,-0.065,0.055,5.80303252402e-14,0
266.0,-0.075,0.06,1.09101365157e-13,0
266.0,-0.07,0.06,9.38803579274e-14,0
266.0,-0.075,0.065,1.34758511114e-13,0
266.0,-0.07,0.065,1.16564260629e-13,0
266.0,-0.065,0.06,7.86297508436e-14,0
266.0,-0.065,0.065,9.81096197256e-14,0
266.0,-0.075,0.07,1.58181622854e-13,0
266.0,-0.07,0.07,1.37786699255e-13,0
266.0,-0.075,0.075,1.79950497589e-13,0
266.0,-0.07,0.075,1.58259714884e-13,0
266.0,-0.065,0.07,1.16650896156e-13,0
266.0,-0.065,0.075,1.3491525636e-13,0
266.0,-0.06,-0.075,1.22236362361e-13,0
266.0,-0.06,-0.07,1.03472725245e-13,0
266.0,-0.06,-0.065,8.4750467396e-14,0
266.0,-0.055,-0.075,9.55015390256e-14,0
266.0,-0.055,-0.07,8.05347335631e-14,0
266.0,-0.055,-0.065,6.56814909807e-14,0
266.0,-0.06,-0.06,6.5542796725e-14,0
266.0,-0.06,-0.055,4.57254570572e-14,0
266.0,-0.055,-0.06,5.05241408703e-14,0
266.0,-0.055,-0.055,3.49501827949e-14,0
266.0,-0.06,-0.05,2.55107223747e-14,0
266.0,-0.055,-0.05,1.91012974978e-14,0
266.0,-0.06,-0.045,5.35263479595e-15,0
266.0,-0.055,-0.045,3.35254092556e-15,0
266.0,-0.06,-0.04,-1.41142844534e-14,0
266.0,-0.055,-0.04,-1.17492966647e-14,0
266.0,-0.06,-0.035,-3.22120858651e-14,0
266.0,-0.055,-0.035,-2.55254823493e-14,0
266.0,-0.06,-0.03,-4.83854013365e-14,0
266.0,-0.06,-0.025,-6.2340803656e-14,0
266.0,-0.055,-0.03,-3.74730414706e-14,0
266.0,-0.055,-0.025,-4.75627436988e-14,0
266.0,-0.06,-0.02,-7.39010462876e-14,0
266.0,-0.06,-0.015,-8.29172731376e-14,0
266.0,-0.055,-0.02,-5.58444895761e-14,0
266.0,-0.055,-0.015,-6.23123877248e-14,0
266.0,-0.06,-0.01,-8.91720461494e-14,0
266.0,-0.06,-0.005,-9.24412575086e-14,0
266.0,-0.055,-0.01,-6.68384893362e-14,0
266.0,-0.055,-0.005,-6.9143625825e-14,0
266.0,-0.06,0,-9.25896997949e-14,0
266.0,-0.06,0.005,-8.96580782137e-14,0
266.0,-0.055,4.16333634234e-19,-6.90877906794e-14,0
266.0,-0.055,0.005,-6.66967005507e-14,0
266.0,-0.06,0.01,-8.38442499936e-14,0
266.0,-0.06,0.015,-7.55101447281e-14,0
266.0,-0.055,0.01,-6.21667628917e-14,0
266.0,-0.055,0.015,-5.58679572922e-14,0
266.0,-0.06,0.02,-6.50608941735e-14,0
266.0,-0.06,0.025,-5.27828284226e-14,0
266.0,-0.055,0.02,-4.82787487546e-14,0
266.0,-0.055,0.025,-3.95337087698e-14,0
266.0,-0.06,0.03,-3.88331798907e-14,0
266.0,-0.06,0.035,-2.33609792908e-14,0
266.0,-0.055,0.03,-2.96192623938e-14,0
266.0,-0.055,0.035,-1.84732064402e-14,0
266.0,-0.06,0.04,-6.60301492703e-15,0
266.0,-0.06,0.045,1.09458132027e-14,0
266.0,-0.055,0.04,-6.06387565697e-15,0
266.0,-0.055,0.045,7.14124441479e-15,0
266.0,-0.06,0.05,2.8689957307e-14,0
266.0,-0.06,0.055,4.60979063427e-14,0
266.0,-0.055,0.05,2.05399448381e-14,0
266.0,-0.055,0.055,3.36802601439e-14,0
266.0,-0.06,0.06,6.28218795098e-14,0
266.0,-0.06,0.065,7.87455172813e-14,0
266.0,-0.055,0.06,4.62835338139e-14,0
266.0,-0.055,0.065,5.82907211334e-14,0
266.0,-0.06,0.07,9.40630914707e-14,0
266.0,-0.06,0.075,1.09331412143e-13,0
266.0,-0.055,0.07,6.98702289707e-14,0
266.0,-0.055,0.075,8.14559297994e-14,0
266.0,-0.05,-0.075,6.65322813347e-14,0
266.0,-0.05,-0.07,5.59034638218e-14,0
266.0,-0.045,-0.075,3.5900587497e-14,0
266.0,-0.045,-0.07,3.00247108167e-14,0
266.0,-0.05,-0.065,4.53737320249e-14,0
266.0,-0.045,-0.065,2.41570308193e-14,0
266.0,-0.05,-0.06,3.46253633684e-14,0
266.0,-0.05,-0.055,2.35539206839e-14,0
266.0,-0.045,-0.06,1.80954066991e-14,0
266.0,-0.045,-0.055,1.17502094352e-14,0
266.0,-0.05,-0.05,1.22431264696e-14,0
266.0,-0.05,-0.045,9.49480051535e-16,0
266.0,-0.045,-0.05,5.13863514804e-15,0
266.0,-0.045,-0.045,-1.6042054614e-15,0
266.0,-0.05,-0.04,-9.85785586087e-15,0
266.0,-0.045,-0.04,-8.18689288967e-15,0
266.0,-0.05,-0.035,-1.94831940645e-14,0
266.0,-0.045,-0.035,-1.39590086366e-14,0
266.0,-0.05,-0.03,-2.7343570614e-14,0
266.0,-0.045,-0.03,-1.81580839138e-14,0
266.0,-0.05,-0.025,-3.37641013888e-14,0
266.0,-0.045,-0.025,-2.15111978601e-14,0
266.0,-0.05,-0.02,-3.89450323802e-14,0
266.0,-0.05,-0.015,-4.2973219255e-14,0
266.0,-0.045,-0.02,-2.40554848884e-14,0
266.0,-0.045,-0.015,-2.58100723641e-14,0
266.0,-0.05,-0.01,-4.58457527551e-14,0
266.0,-0.05,-0.005,-4.72122009191e-14,0
266.0,-0.045,-0.01,-2.70025178444e-14,0
266.0,-0.045,-0.005,-2.73679800854e-14,0
266.0,-0.05,0,-4.69476907738e-14,0
266.0,-0.05,0.005,-4.51135831596e-14,0
266.0,-0.045,4.16333634234e-19,-2.68943945951e-14,0
266.0,-0.045,0.005,-2.56507118255e-14,0
266.0,-0.05,0.01,-4.18476418677e-14,0
266.0,-0.05,0.015,-3.7509215129e-14,0
266.0,-0.045,0.01,-2.37365592261e-14,0
266.0,-0.045,0.015,-2.13713216464e-14,0
266.0,-0.05,0.02,-3.26569507613e-14,0
266.0,-0.05,0.025,-2.72259918116e-14,0
266.0,-0.045,0.02,-1.90584434507e-14,0
266.0,-0.045,0.025,-1.64136373205e-14,0
266.0,-0.05,0.03,-2.109311584e-14,0
266.0,-0.05,0.035,-1.40674781611e-14,0
266.0,-0.045,0.03,-1.34190909005e-14,0
266.0,-0.045,0.035,-1.00605886378e-14,0
266.0,-0.05,0.04,-5.82184223058e-15,0
266.0,-0.05,0.045,3.12433725444e-15,0
266.0,-0.045,0.04,-5.62173218373e-15,0
266.0,-0.045,0.045,-8.34060119861e-16,0
266.0,-0.05,0.05,1.21500922498e-14,0
266.0,-0.05,0.055,2.08745393582e-14,0
266.0,-0.045,0.05,3.75196042638e-15,0
266.0,-0.045,0.055,7.93241085228e-15,0
266.0,-0.05,0.06,2.91267100769e-14,0
266.0,-0.05,0.065,3.68928724855e-14,0
266.0,-0.045,0.06,1.16487555642e-14,0
266.0,-0.045,0.065,1.49405114477e-14,0
266.0,-0.05,0.07,4.43193607583e-14,0
266.0,-0.05,0.075,5.17230562403e-14,0
266.0,-0.045,0.07,1.792366951e-14,0
266.0,-0.045,0.075,2.0785630142e-14,0
266.0,-0.04,-0.075,4.41370632422e-15,0
266.0,-0.04,-0.07,3.51784984791e-15,0
266.0,-0.035,-0.075,-2.70365258007e-14,0
266.0,-0.035,-0.07,-2.2893493151e-14,0
266.0,-0.04,-0.065,2.51021778975e-15,0
266.0,-0.035,-0.065,-1.90015068377e-14,0
266.0,-0.04,-0.06,1.30086651144e-15,0
266.0,-0.035,-0.06,-1.5341395885e-14,0
266.0,-0.04,-0.055,-1.83844841389e-16,0
266.0,-0.035,-0.055,-1.19654184194e-14,0
266.0,-0.04,-0.05,-1.98318087203e-15,0
266.0,-0.04,-0.045,-4.08163744767e-15,0
266.0,-0.035,-0.05,-8.97843452863e-15,0
266.0,-0.035,-0.045,-6.48776954808e-15,0
266.0,-0.04,-0.04,-6.33793153267e-15,0
266.0,-0.04,-0.035,-8.39091072297e-15,0
266.0,-0.035,-0.04,-4.58270099438e-15,0
266.0,-0.035,-0.035,-3.31909485647e-15,0
266.0,-0.04,-0.03,-9.8874344887e-15,0
266.0,-0.035,-0.03,-2.425165794e-15,0
266.0,-0.04,-0.025,-1.09077893144e-14,0
266.0,-0.035,-0.025,-1.40839040275e-15,0
266.0,-0.04,-0.02,-1.14188497162e-14,0
266.0,-0.035,-0.02,-2.38814692664e-16,0
266.0,-0.04,-0.015,-1.13533325025e-14,0
266.0,-0.035,-0.015,1.14580994839e-15,0
266.0,-0.04,-0.01,-1.08130993557e-14,0
266.0,-0.04,-0.005,-1.01822050578e-14,0
266.0,-0.035,-0.01,2.65681785349e-15,0
266.0,-0.035,-0.005,3.84624134998e-15,0
266.0,-0.04,0,-9.5187012228e-15,0
266.0,-0.04,0.005,-8.84777179531e-15,0
266.0,-0.035,4.16333634234e-19,4.61778624456e-15,0
266.0,-0.035,0.005,4.87349995977e-15,0
266.0,-0.04,0.01,-8.31097789134e-15,0
266.0,-0.04,0.015,-7.99261479418e-15,0
266.0,-0.035,0.01,4.55767359922e-15,0
266.0,-0.035,0.015,3.6729825424e-15,0
266.0,-0.04,0.02,-7.59112065221e-15,0
266.0,-0.04,0.025,-7.04858324438e-15,0
266.0,-0.035,0.02,2.6868923406e-15,0
266.0,-0.035,0.025,1.47990744958e-15,0
266.0,-0.04,0.03,-6.43304688415e-15,0
266.0,-0.04,0.035,-5.77761263238e-15,0
266.0,-0.035,0.03,4.15153896327e-19,0
266.0,-0.035,0.035,-1.78320350529e-15,0
266.0,-0.04,0.04,-5.03565387021e-15,0
266.0,-0.04,0.045,-4.48911010801e-15,0
266.0,-0.035,0.04,-4.33338594829e-15,0
266.0,-0.035,0.045,-7.84169839445e-15,0
266.0,-0.04,0.05,-4.40441545057e-15,0
266.0,-0.04,0.055,-4.83981177394e-15,0
266.0,-0.035,0.05,-1.21653109156e-14,0
266.0,-0.035,0.055,-1.71440710137e-14,0
266.0,-0.04,0.06,-5.74627104321e-15,0
266.0,-0.04,0.065,-7.04216540662e-15,0
266.0,-0.035,0.06,-2.26193998079e-14,0
266.0,-0.035,0.065,-2.84601084283e-14,0
266.0,-0.04,0.07,-8.64223922261e-15,0
266.0,-0.04,0.075,-1.04883071665e-14,0
266.0,-0.035,0.07,-3.46191214481e-14,0
266.0,-0.035,0.075,-4.11594430509e-14,0
266.0,-0.03,-0.075,-5.75003007847e-14,0
266.0,-0.03,-0.07,-4.84368240071e-14,0
266.0,-0.025,-0.075,-8.60153243506e-14,0
266.0,-0.025,-0.07,-7.2340532868e-14,0
266.0,-0.03,-0.065,-3.97793093703e-14,0
266.0,-0.025,-0.065,-5.92122081543e-14,0
266.0,-0.03,-0.06,-3.13922606357e-14,0
266.0,-0.025,-0.06,-4.64132513948e-14,0
266.0,-0.03,-0.055,-2.33240628336e-14,0
266.0,-0.025,-0.055,-3.39763483298e-14,0
266.0,-0.03,-0.05,-1.57426699175e-14,0
266.0,-0.025,-0.05,-2.21535736912e-14,0
266.0,-0.03,-0.045,-8.91877883214e-15,0
266.0,-0.025,-0.045,-1.13659244863e-14,0
266.0,-0.03,-0.04,-3.18422437165e-15,0
266.0,-0.03,-0.035,1.0283187592e-15,0
266.0,-0.025,-0.04,-2.18490508704e-15,0
266.0,-0.025,-0.035,4.63725864018e-15,0
266.0,-0.03,-0.03,4.10605226822e-15,0
266.0,-0.03,-0.025,6.91986954528e-15,0
266.0,-0.025,-0.03,9.65689086753e-15,0
266.0,-0.025,-0.025,1.40270088431e-14,0
266.0,-0.03,-0.02,9.48125161971e-15,0
266.0,-0.025,-0.02,1.77449860723e-14,0
266.0,-0.03,-0.015,1.17953814365e-14,0
266.0,-0.025,-0.015,2.08627956834e-14,0
266.0,-0.03,-0.01,1.37581097659e-14,0
266.0,-0.025,-0.01,2.32950574546e-14,0
266.0,-0.03,-0.005,1.52071074479e-14,0
266.0,-0.025,-0.005,2.4940767384e-14,0
266.0,-0.03,0,1.60159068707e-14,0
266.0,-0.03,0.005,1.60920261093e-14,0
266.0,-0.025,4.16333634234e-19,2.58262062618e-14,0
266.0,-0.025,0.005,2.58427723821e-14,0
266.0,-0.03,0.01,1.53723391759e-14,0
266.0,-0.03,0.015,1.38984685735e-14,0
266.0,-0.025,0.01,2.48486876008e-14,0
266.0,-0.025,0.015,2.27434896635e-14,0
266.0,-0.03,0.02,1.17866510094e-14,0
266.0,-0.03,0.025,9.05490610106e-15,0
266.0,-0.025,0.02,1.95908426649e-14,0
266.0,-0.025,0.025,1.55170240293e-14,0
266.0,-0.03,0.03,5.68955469447e-15,0
266.0,-0.03,0.035,1.68064976738e-15,0
266.0,-0.025,0.03,1.04907205527e-14,0
266.0,-0.025,0.035,4.51610628345e-15,0
266.0,-0.03,0.04,-3.79342356119e-15,0
266.0,-0.03,0.045,-1.09995451659e-14,0
266.0,-0.025,0.04,-3.51635159205e-15,0
266.0,-0.025,0.045,-1.39960164625e-14,0
266.0,-0.03,0.05,-1.94347228774e-14,0
266.0,-0.03,0.055,-2.87111369055e-14,0
266.0,-0.025,0.05,-2.6117358886e-14,0
266.0,-0.025,0.055,-3.92756337022e-14,0
266.0,-0.03,0.06,-3.85259516662e-14,0
266.0,-0.03,0.065,-4.87038006664e-14,0
266.0,-0.025,0.06,-5.30399444919e-14,0
266.0,-0.025,0.065,-6.71695790007e-14,0
266.0,-0.03,0.07,-5.92170606653e-14,0
266.0,-0.03,0.075,-7.02600648622e-14,0
266.0,-0.025,0.07,-8.16698977813e-14,0
266.0,-0.025,0.075,-9.68255454939e-14,0
266.0,-0.02,-0.075,-1.11687395656e-13,0
266.0,-0.02,-0.07,-9.38483146863e-14,0
266.0,-0.015,-0.075,-1.33647594466e-13,0
266.0,-0.015,-0.07,-1.12274420893e-13,0
266.0,-0.02,-0.065,-7.67135812922e-14,0
266.0,-0.015,-0.065,-9.17226966973e-14,0
266.0,-0.02,-0.06,-5.99618523003e-14,0
266.0,-0.015,-0.06,-7.1625285589e-14,0
266.0,-0.02,-0.055,-4.36364880961e-14,0
266.0,-0.015,-0.055,-5.20107535592e-14,0
266.0,-0.02,-0.05,-2.80485829838e-14,0
266.0,-0.015,-0.05,-3.32571305961e-14,0
266.0,-0.02,-0.045,-1.37561077451e-14,0
266.0,-0.015,-0.045,-1.60226484966e-14,0
266.0,-0.02,-0.04,-1.5298780705e-15,0
266.0,-0.015,-0.04,-1.21226143776e-15,0
266.0,-0.02,-0.035,7.62211911664e-15,0
266.0,-0.015,-0.035,9.97012352849e-15,0
266.0,-0.02,-0.03,1.42771646223e-14,0
266.0,-0.02,-0.025,1.99079350869e-14,0
266.0,-0.015,-0.03,1.80371764989e-14,0
266.0,-0.015,-0.025,2.46330084939e-14,0
266.0,-0.02,-0.02,2.44819372748e-14,0
266.0,-0.02,-0.015,2.80851430987e-14,0
266.0,-0.015,-0.02,2.9672690809e-14,0
266.0,-0.015,-0.015,3.31509077559e-14,0
266.0,-0.02,-0.01,3.0665074869e-14,0
266.0,-0.015,-0.01,3.50334829007e-14,0
266.0,-0.02,-0.005,3.22387232612e-14,0
266.0,-0.015,-0.005,3.58266700524e-14,0
266.0,-0.02,0,3.30845510234e-14,0
266.0,-0.015,4.16333634234e-19,3.63341984626e-14,0
266.0,-0.02,0.005,3.31831279007e-14,0
266.0,-0.015,0.005,3.66674076858e-14,0
266.0,-0.02,0.01,3.21434909543e-14,0
266.0,-0.02,0.015,2.96653527343e-14,0
266.0,-0.015,0.01,3.61868544618e-14,0
266.0,-0.015,0.015,3.41907292522e-14,0
266.0,-0.02,0.02,2.58240515128e-14,0
266.0,-0.02,0.025,2.07228596272e-14,0
266.0,-0.015,0.02,3.03207342409e-14,0
266.0,-0.015,0.025,2.46386509731e-14,0
266.0,-0.02,0.03,1.43350376606e-14,0
266.0,-0.02,0.035,6.70795376755e-15,0
266.0,-0.015,0.03,1.72165454834e-14,0
266.0,-0.015,0.035,8.20503980371e-15,0
266.0,-0.02,0.04,-3.53358620322e-15,0
266.0,-0.02,0.045,-1.68110327146e-14,0
266.0,-0.015,0.04,-3.86895879908e-15,0
266.0,-0.015,0.045,-1.94151284829e-14,0
266.0,-0.02,0.05,-3.20887740916e-14,0
266.0,-0.02,0.055,-4.85829458525e-14,0
266.0,-0.015,0.05,-3.7217018257e-14,0
266.0,-0.015,0.055,-5.63773982196e-14,0
266.0,-0.02,0.06,-6.57454399847e-14,0
266.0,-0.02,0.065,-8.32965654933e-14,0
266.0,-0.015,0.06,-7.62693528909e-14,0
266.0,-0.015,0.065,-9.65642297815e-14,0
266.0,-0.02,0.07,-1.01245168856e-13,0
266.0,-0.02,0.075,-1.19991084953e-13,0
266.0,-0.015,0.07,-1.17300991122e-13,0
266.0,-0.015,0.075,-1.389298825e-13,0
266.0,-0.01,-0.075,-1.51191719153e-13,0
266.0,-0.01,-0.07,-1.26992271949e-13,0
266.0,-0.005,-0.075,-1.63670322228e-13,0
266.0,-0.005,-0.07,-1.37502404033e-13,0
266.0,-0.01,-0.065,-1.0374829832e-13,0
266.0,-0.005,-0.065,-1.12361443987e-13,0
266.0,-0.01,-0.06,-8.10106472591e-14,0
266.0,-0.005,-0.06,-8.77897701719e-14,0
266.0,-0.01,-0.055,-5.88237563187e-14,0
266.0,-0.005,-0.055,-6.3814746179e-14,0
266.0,-0.01,-0.05,-3.75985636607e-14,0
266.0,-0.005,-0.05,-4.08868792456e-14,0
266.0,-0.01,-0.045,-1.80734887301e-14,0
266.0,-0.005,-0.045,-1.97879748543e-14,0
266.0,-0.01,-0.04,-1.26177823722e-15,0
266.0,-0.005,-0.04,-1.57290607339e-15,0
266.0,-0.01,-0.035,1.15590594276e-14,0
266.0,-0.005,-0.035,1.24600005357e-14,0
266.0,-0.01,-0.03,2.08379489181e-14,0
266.0,-0.005,-0.03,2.26316570929e-14,0
266.0,-0.01,-0.025,2.80925307366e-14,0
266.0,-0.005,-0.025,3.0165948742e-14,0
266.0,-0.01,-0.02,3.3215617526e-14,0
266.0,-0.01,-0.015,3.59326205227e-14,0
266.0,-0.005,-0.02,3.50684553828e-14,0
266.0,-0.005,-0.015,3.68446918022e-14,0
266.0,-0.0117873230072,-0.0115873794689,3.59981380906e-14,0
266.0,-0.00939961996336,-0.005,3.38600990382e-14,0
266.0,-0.00792797428371,-0.00964253216809,3.53433239562e-14,0
266.0,-0.005,-0.00939961996336,3.36027822269e-14,0
266.0,-0.0108753492546,-0.00150606400588,3.44753338922e-14,0
266.0,-0.00818101620308,-0.00211452602544,3.01240078363e-14,0
266.0,-0.00651817360753,-0.000255934956239,2.33844302547e-14,0
266.0,-0.005,6.71033969428e-08,1.15076190166e-14,0
266.0,-0.0107292118043,0.00160660295843,3.44944346435e-14,0
266.0,-0.0080188992252,0.000768320427092,2.90656395499e-14,0
266.0,-0.00939946851065,0.005,3.42750434954e-14,0
266.0,-0.00802129342231,0.00264911934363,3.03238480468e-14,0
266.0,-0.00887989370213,0.00887989479405,3.58086275157e-14,0
266.0,-0.01,0.015,3.60998383888e-14,0
266.0,-0.005,0.00939947397025,3.33384753329e-14,0
266.0,-0.005,0.015,3.57331580498e-14,0
266.0,-0.01,0.02,3.28409348026e-14,0
266.0,-0.01,0.025,2.70552479213e-14,0
266.0,-0.005,0.02,3.32609744284e-14,0
266.0,-0.005,0.025,2.78254627342e-14,0
266.0,-0.01,0.03,1.8979951941e-14,0
266.0,-0.01,0.035,8.88867389856e-15,0
266.0,-0.005,0.03,1.96038147151e-14,0
266.0,-0.005,0.035,8.77293303442e-15,0
266.0,-0.01,0.04,-4.57469670409e-15,0
266.0,-0.01,0.045,-2.17507959173e-14,0
266.0,-0.005,0.04,-5.60248063352e-15,0
266.0,-0.005,0.045,-2.37384078165e-14,0
266.0,-0.01,0.05,-4.13612286595e-14,0
266.0,-0.01,0.055,-6.24284284393e-14,0
266.0,-0.005,0.05,-4.43790051204e-14,0
266.0,-0.005,0.055,-6.65236425968e-14,0
266.0,-0.01,0.06,-8.42667493118e-14,0
266.0,-0.01,0.065,-1.06534821456e-13,0
266.0,-0.005,0.06,-8.94652679483e-14,0
266.0,-0.005,0.065,-1.12841792125e-13,0
266.0,-0.01,0.07,-1.29268729262e-13,0
266.0,-0.01,0.075,-1.53007051758e-13,0
266.0,-0.005,0.07,-1.36720229223e-13,0
266.0,-0.005,0.075,-1.61649391945e-13,0
266.0,0,-0.075,-1.70673070096e-13,0
266.0,0,-0.07,-1.43403339418e-13,0
266.0,0.005,-0.075,-1.71870683462e-13,0
266.0,0.005,-0.07,-1.44464013573e-13,0
266.0,0,-0.065,-1.17244921085e-13,0
266.0,0.005,-0.065,-1.18177940084e-13,0
266.0,0,-0.06,-9.16874535599e-14,0
266.0,0.005,-0.06,-9.25303969448e-14,0
266.0,0,-0.055,-6.67731348584e-14,0
266.0,0.005,-0.055,-6.7541950452e-14,0
266.0,0,-0.05,-4.29537005393e-14,0
266.0,0.005,-0.05,-4.36702931467e-14,0
266.0,0,-0.045,-2.10350370027e-14,0
266.0,0.005,-0.045,-2.17148283814e-14,0
266.0,0,-0.04,-2.10288308817e-15,0
266.0,0.005,-0.04,-2.76061446111e-15,0
266.0,0,-0.035,1.2579300981e-14,0
266.0,0.005,-0.035,1.18306191371e-14,0
266.0,0,-0.03,2.32999650241e-14,0
266.0,0.005,-0.03,2.25298831183e-14,0
266.0,0,-0.025,3.10765262596e-14,0
266.0,0.005,-0.025,3.06288804442e-14,0
266.0,0,-0.02,3.58407458932e-14,0
266.0,0.005,-0.02,3.59279731806e-14,0
266.0,0,-0.015,3.71935448309e-14,0
266.0,0.005,-0.015,3.81757212575e-14,0
266.0,-0.0021196717084,-0.00776771017156,2.83104198616e-14,0
266.0,-0.00084550708518,-0.00631514607954,2.18450813551e-14,0
266.0,6.71033969406e-08,-0.005,1.18998227211e-14,0
266.0,-0.00139054260708,-0.0110960807567,3.43717454084e-14,0
266.0,0.00132468676756,-0.00775008274642,2.78847661717e-14,0
266.0,0.00160394440688,-0.0116908851489,3.54676056541e-14,0
266.0,0.005,-0.00939946851065,3.50590949081e-14,0
266.0,0.005,0.005,2.59771048389e-14,0
266.0,-0.000107646311398,0.00617659695633,2.06564905513e-14,0
266.0,-0.00190846935279,0.0076427502668,2.72756041073e-14,0
266.0,0.00131146485568,0.00777290068297,2.67750721818e-14,0
266.0,0.00295884413402,0.00640276348073,2.48005264208e-14,0
266.0,-1.21517769428e-05,0.0108932602996,3.23752129591e-14,0
266.0,0,0.015,3.44015786713e-14,0
266.0,0.005,0.00939942566771,3.20110065221e-14,0
266.0,0.005,0.015,3.33123680963e-14,0
266.0,0,0.02,3.21216642591e-14,0
266.0,0,0.025,2.68479804992e-14,0
266.0,0.005,0.02,3.00573664478e-14,0
266.0,0.005,0.025,2.4225051998e-14,0
266.0,0,0.03,1.87460369165e-14,0
266.0,0,0.035,7.73901513688e-15,0
266.0,0.005,0.03,1.60985624694e-14,0
266.0,0.005,0.035,5.63624422798e-15,0
266.0,0,0.04,-6.91281771822e-15,0
266.0,0,0.045,-2.52752125e-14,0
266.0,0.005,0.04,-8.45547380887e-15,0
266.0,0.005,0.045,-2.63032715273e-14,0
266.0,0,0.05,-4.614292099e-14,0
266.0,0,0.055,-6.85029546748e-14,0
266.0,0.005,0.05,-4.65662848304e-14,0
266.0,0.005,0.055,-6.82568486665e-14,0
266.0,0,0.06,-9.16481508596e-14,0
266.0,0,0.065,-1.15236590271e-13,0
266.0,0.005,0.06,-9.07008068747e-14,0
266.0,0.005,0.065,-1.13569021716e-13,0
266.0,0,0.07,-1.39332958278e-13,0
266.0,0,0.075,-1.64541051817e-13,0
266.0,0.005,0.07,-1.36959570877e-13,0
266.0,0.005,0.075,-1.61447666882e-13,0
266.0,0.01,-0.075,-1.67216982034e-13,0
266.0,0.01,-0.07,-1.405781246e-13,0
266.0,0.015,-0.075,-1.5676265007e-13,0
266.0,0.015,-0.07,-1.31828106195e-13,0
266.0,0.01,-0.065,-1.15080060231e-13,0
266.0,0.015,-0.065,-1.07980956862e-13,0
266.0,0.01,-0.06,-9.02247689191e-14,0
266.0,0.015,-0.06,-8.47916033979e-14,0
266.0,0.01,-0.055,-6.60462343413e-14,0
266.0,0.015,-0.055,-6.22741068742e-14,0
266.0,0.01,-0.05,-4.29671806218e-14,0
266.0,0.015,-0.05,-4.08273617621e-14,0
266.0,0.01,-0.045,-2.17572524905e-14,0
266.0,0.015,-0.045,-2.11483469201e-14,0
266.0,0.01,-0.04,-3.48123835673e-15,0
266.0,0.015,-0.04,-4.20268300381e-15,0
266.0,0.01,-0.035,1.04852694998e-14,0
266.0,0.015,-0.035,8.72436473179e-15,0
266.0,0.01,-0.03,2.07270249578e-14,0
266.0,0.015,-0.03,1.82262573323e-14,0
266.0,0.01,-0.025,2.89054809844e-14,0
266.0,0.015,-0.025,2.60622959808e-14,0
266.0,0.01,-0.02,3.48329410024e-14,0
266.0,0.01,-0.015,3.84571702742e-14,0
266.0,0.015,-0.02,3.2199258762e-14,0
266.0,0.015,-0.015,3.68652110921e-14,0
266.0,0.00999280436795,-0.0116358337096,3.93560434881e-14,0
266.0,0.0105889214373,-0.00845762197625,3.93899335633e-14,0
266.0,0.015,-0.01,3.98702014457e-14,0
266.0,0.00939947397025,-0.005,3.70902705682e-14,0
266.0,0.015,-0.005,4.06983153558e-14,0
266.0,0.00658051136513,-0.00296146438142,2.89392626143e-14,0
266.0,0.00636794669772,-3.54305826484e-06,2.47050462226e-14,0
266.0,0.00795807888052,-0.00113999998936,3.20850025846e-14,0
266.0,0.00758147027913,0.00183630393596,3.05960946556e-14,0
266.0,0.0112534647756,-1.47536350887e-07,3.80960102669e-14,0
266.0,0.015,4.16333634234e-19,3.9480889325e-14,0
266.0,0.00939942566771,0.005,3.44810747664e-14,0
266.0,0.015,0.005,3.63863677678e-14,0
266.0,0.00999018807453,0.0109670628501,3.37816439462e-14,0
266.0,0.01,0.015,3.16517618534e-14,0
266.0,0.015,0.01,3.29144618094e-14,0
266.0,0.015,0.015,2.83924520888e-14,0
266.0,0.01,0.02,2.69931698395e-14,0
266.0,0.01,0.025,2.05823606603e-14,0
266.0,0.015,0.02,2.26366789602e-14,0
266.0,0.015,0.025,1.60336417619e-14,0
266.0,0.01,0.03,1.24703227139e-14,0
266.0,0.01,0.035,2.7245585334e-15,0
266.0,0.015,0.03,8.33102724743e-15,0
266.0,0.015,0.035,-5.1122012069e-16,0
266.0,0.01,0.04,-1.02254787247e-14,0
266.0,0.01,0.045,-2.67793279767e-14,0
266.0,0.015,0.04,-1.20012029823e-14,0
266.0,0.015,0.045,-2.66267398365e-14,0
266.0,0.01,0.05,-4.56044268755e-14,0
266.0,0.01,0.055,-6.57487390749e-14,0
266.0,0.015,0.05,-4.32310845428e-14,0
266.0,0.015,0.055,-6.09890087268e-14,0
266.0,0.01,0.06,-8.65825276562e-14,0
266.0,0.01,0.065,-1.0782758377e-13,0
266.0,0.015,0.06,-7.93606294508e-14,0
266.0,0.015,0.065,-9.81085831152e-14,0
266.0,0.01,0.07,-1.29578872428e-13,0
266.0,0.01,0.075,-1.52425805939e-13,0
266.0,0.015,0.07,-1.17356124134e-13,0
266.0,0.015,0.075,-1.37625138039e-13,0
266.0,0.02,-0.075,-1.40845614253e-13,0
266.0,0.02,-0.07,-1.18426483367e-13,0
266.0,0.025,-0.075,-1.19904185716e-13,0
266.0,0.025,-0.07,-1.00765288944e-13,0
266.0,0.02,-0.065,-9.7051926803e-14,0
266.0,0.025,-0.065,-8.2566260939e-14,0
266.0,0.02,-0.06,-7.63251570594e-14,0
266.0,0.025,-0.06,-6.50199441511e-14,0
266.0,0.02,-0.055,-5.62826883254e-14,0
266.0,0.025,-0.055,-4.81618918028e-14,0
266.0,0.02,-0.05,-3.72631073612e-14,0
266.0,0.025,-0.05,-3.22953650794e-14,0
266.0,0.02,-0.045,-1.98745031344e-14,0
266.0,0.025,-0.045,-1.79024943236e-14,0
266.0,0.02,-0.04,-4.94181838074e-15,0
266.0,0.025,-0.04,-5.6152265114e-15,0
266.0,0.02,-0.035,6.45695086697e-15,0
266.0,0.025,-0.035,3.75384523274e-15,0
266.0,0.02,-0.03,1.48727715735e-14,0
266.0,0.025,-0.03,1.06927635193e-14,0
266.0,0.02,-0.025,2.19132637799e-14,0
266.0,0.025,-0.025,1.64637573063e-14,0
266.0,0.02,-0.02,2.76539027138e-14,0
266.0,0.025,-0.02,2.10917167033e-14,0
266.0,0.02,-0.015,3.23739844064e-14,0
266.0,0.025,-0.015,2.47500322396e-14,0
266.0,0.02,-0.01,3.57613935275e-14,0
266.0,0.025,-0.01,2.69902970234e-14,0
266.0,0.02,-0.005,3.67783642539e-14,0
266.0,0.025,-0.005,2.75154517194e-14,0
266.0,0.02,0,3.53820828003e-14,0
266.0,0.025,4.16333634234e-19,2.63187127864e-14,0
266.0,0.02,0.005,3.21370306507e-14,0
266.0,0.025,0.005,2.31579794599e-14,0
266.0,0.02,0.01,2.78669616998e-14,0
266.0,0.025,0.01,1.88954921485e-14,0
266.0,0.02,0.015,2.25716934882e-14,0
266.0,0.025,0.015,1.41316663727e-14,0
266.0,0.02,0.02,1.66614486541e-14,0
266.0,0.02,0.025,1.04434780961e-14,0
266.0,0.025,0.02,9.03750758966e-15,0
266.0,0.025,0.025,3.81153166512e-15,0
266.0,0.02,0.03,3.59725266712e-15,0
266.0,0.02,0.035,-4.00289798764e-15,0
266.0,0.025,0.03,-1.73765182259e-15,0
266.0,0.025,0.035,-7.71852287071e-15,0
266.0,0.02,0.04,-1.36485512889e-14,0
266.0,0.02,0.045,-2.57554015326e-14,0
266.0,0.025,0.04,-1.50783819565e-14,0
266.0,0.025,0.045,-2.41270379724e-14,0
266.0,0.02,0.05,-3.94399236979e-14,0
266.0,0.02,0.055,-5.40526208164e-14,0
266.0,0.025,0.05,-3.42632062277e-14,0
266.0,0.025,0.055,-4.5062686219e-14,0
266.0,0.02,0.06,-6.91741474226e-14,0
266.0,0.02,0.065,-8.4646378697e-14,0
266.0,0.025,0.06,-5.62648536496e-14,0
266.0,0.025,0.065,-6.77790001512e-14,0
266.0,0.02,0.07,-1.00586335192e-13,0
266.0,0.02,0.075,-1.17482125532e-13,0
266.0,0.025,0.07,-7.97384237491e-14,0
266.0,0.025,0.075,-9.25287437021e-14,0
266.0,0.03,-0.075,-9.46284740466e-14,0
266.0,0.03,-0.07,-7.93563193084e-14,0
266.0,0.035,-0.075,-6.58019727005e-14,0
266.0,0.035,-0.07,-5.48602266636e-14,0
266.0,0.03,-0.065,-6.49237822442e-14,0
266.0,0.035,-0.065,-4.46150888149e-14,0
266.0,0.03,-0.06,-5.11308796666e-14,0
266.0,0.035,-0.06,-3.50044505412e-14,0
266.0,0.03,-0.055,-3.80517922389e-14,0
266.0,0.035,-0.055,-2.61279789002e-14,0
266.0,0.03,-0.05,-2.59328157409e-14,0
266.0,0.035,-0.05,-1.81991434609e-14,0
266.0,0.03,-0.045,-1.51460769152e-14,0
266.0,0.035,-0.045,-1.14694856553e-14,0
266.0,0.03,-0.04,-6.10558026941e-15,0
266.0,0.035,-0.04,-6.1672100443e-15,0
266.0,0.03,-0.035,7.44485511213e-16,0
266.0,0.035,-0.035,-2.35531240554e-15,0
266.0,0.03,-0.03,5.81758524435e-15,0
266.0,0.035,-0.03,4.99133766884e-16,0
266.0,0.03,-0.025,9.88336526335e-15,0
266.0,0.035,-0.025,2.46879882156e-15,0
266.0,0.03,-0.02,1.28729907261e-14,0
266.0,0.035,-0.02,3.4774611779e-15,0
266.0,0.03,-0.015,1.4913748506e-14,0
266.0,0.035,-0.015,3.84268991911e-15,0
266.0,0.03,-0.01,1.58477409179e-14,0
266.0,0.035,-0.01,3.48347263406e-15,0
266.0,0.03,-0.005,1.5745135243e-14,0
266.0,0.035,-0.005,2.52441047728e-15,0
266.0,0.03,0,1.43561967488e-14,0
266.0,0.035,4.16333634234e-19,7.5520747942e-16,0
266.0,0.03,0.005,1.13607659018e-14,0
266.0,0.035,0.005,-1.99140650714e-15,0
266.0,0.03,0.01,7.65117412275e-15,0
266.0,0.035,0.01,-4.94487001759e-15,0
266.0,0.03,0.015,3.86308589649e-15,0
266.0,0.035,0.015,-7.65214861304e-15,0
266.0,0.03,0.02,2.89041238314e-17,0
266.0,0.035,0.02,-1.00787161134e-14,0
266.0,0.03,0.025,-3.78136035648e-15,0
266.0,0.035,0.025,-1.21906177459e-14,0
266.0,0.03,0.03,-7.63316022873e-15,0
266.0,0.03,0.035,-1.1599260441e-14,0
266.0,0.035,0.03,-1.40211357472e-14,0
266.0,0.035,0.035,-1.56194193014e-14,0
266.0,0.03,0.04,-1.62453295224e-14,0
266.0,0.03,0.045,-2.1725023244e-14,0
266.0,0.035,0.04,-1.71073372457e-14,0
266.0,0.035,0.045,-1.85459259022e-14,0
266.0,0.03,0.05,-2.77682766507e-14,0
266.0,0.03,0.055,-3.42088252587e-14,0
266.0,0.035,0.05,-2.00561156857e-14,0
266.0,0.035,0.055,-2.17205907779e-14,0
266.0,0.03,0.06,-4.09421581822e-14,0
266.0,0.03,0.065,-4.7967100869e-14,0
266.0,0.035,0.06,-2.3602632817e-14,0
266.0,0.035,0.065,-2.57590848868e-14,0
266.0,0.03,0.07,-5.53997696166e-14,0
266.0,0.03,0.075,-6.35412014451e-14,0
266.0,0.035,0.07,-2.82949363627e-14,0
266.0,0.035,0.075,-3.13814516142e-14,0
266.0,0.04,-0.075,-3.43813822055e-14,0
266.0,0.04,-0.07,-2.8030071932e-14,0
266.0,0.045,-0.075,-1.38219407651e-15,0
266.0,0.045,-0.07,2.97510608144e-16,0
266.0,0.04,-0.065,-2.22323119174e-14,0
266.0,0.045,-0.065,1.57213231908e-15,0
266.0,0.04,-0.06,-1.70539208058e-14,0
266.0,0.045,-0.06,2.22984509898e-15,0
266.0,0.04,-0.055,-1.26408304985e-14,0
266.0,0.045,-0.055,2.08579365196e-15,0
266.0,0.04,-0.05,-9.16154922177e-15,0
266.0,0.045,-0.05,1.00476587689e-15,0
266.0,0.04,-0.045,-6.76138455933e-15,0
266.0,0.045,-0.045,-1.05430675107e-15,0
266.0,0.04,-0.04,-5.46808355661e-15,0
266.0,0.045,-0.04,-4.00207753035e-15,0
266.0,0.04,-0.035,-5.08017593451e-15,0
266.0,0.045,-0.035,-7.50600771919e-15,0
266.0,0.04,-0.03,-5.20619667868e-15,0
266.0,0.045,-0.03,-1.1053760178e-14,0
266.0,0.04,-0.025,-5.82178465449e-15,0
266.0,0.045,-0.025,-1.46159702421e-14,0
266.0,0.04,-0.02,-6.86844154534e-15,0
266.0,0.045,-0.02,-1.78304315418e-14,0
266.0,0.04,-0.015,-8.23811585376e-15,0
266.0,0.045,-0.015,-2.10522292275e-14,0
266.0,0.04,-0.01,-9.93239198051e-15,0
266.0,0.045,-0.01,-2.42491860011e-14,0
266.0,0.04,-0.005,-1.18229341159e-14,0
266.0,0.045,-0.005,-2.7243814595e-14,0
266.0,0.04,0,-1.40679269083e-14,0
266.0,0.045,4.16333634234e-19,-3.01290315009e-14,0
266.0,0.04,0.005,-1.65722904927e-14,0
266.0,0.045,0.005,-3.23609499501e-14,0
266.0,0.04,0.01,-1.87305778657e-14,0
266.0,0.045,0.01,-3.36487013365e-14,0
266.0,0.04,0.015,-2.02618725023e-14,0
266.0,0.045,0.015,-3.38928806037e-14,0
266.0,0.04,0.02,-2.11281121636e-14,0
266.0,0.045,0.02,-3.30380273252e-14,0
266.0,0.04,0.025,-2.13115770994e-14,0
266.0,0.045,0.025,-3.10683291232e-14,0
266.0,0.04,0.03,-2.08213035422e-14,0
266.0,0.045,0.03,-2.79394831125e-14,0
266.0,0.04,0.035,-1.96895548745e-14,0
266.0,0.045,0.035,-2.36843842299e-14,0
266.0,0.04,0.04,-1.75656601743e-14,0
266.0,0.04,0.045,-1.45635911566e-14,0
266.0,0.045,0.04,-1.73907010601e-14,0
266.0,0.045,0.045,-9.70390996678e-15,0
266.0,0.04,0.05,-1.12297726588e-14,0
266.0,0.04,0.055,-7.88206790791e-15,0
266.0,0.045,0.05,-1.43550280056e-15,0
266.0,0.045,0.055,6.98016589313e-15,0
266.0,0.04,0.06,-4.69766708194e-15,0
266.0,0.04,0.065,-1.79146610017e-15,0
266.0,0.045,0.06,1.52607830793e-14,0
266.0,0.045,0.065,2.32482776591e-14,0
266.0,0.04,0.07,7.6569529239e-16,0
266.0,0.04,0.075,2.93057588139e-15,0
266.0,0.045,0.07,3.09055836051e-14,0
266.0,0.045,0.075,3.83267079696e-14,0
266.0,0.05,-0.075,3.21477742829e-14,0
266.0,0.05,-0.07,2.92698689746e-14,0
266.0,0.055,-0.075,6.51961531367e-14,0
266.0,0.055,-0.07,5.80812344459e-14,0
266.0,0.05,-0.065,2.61143137357e-14,0
266.0,0.055,-0.065,5.07533315179e-14,0
266.0,0.05,-0.06,2.23222126225e-14,0
266.0,0.055,-0.06,4.27109744799e-14,0
266.0,0.05,-0.055,1.76600205238e-14,0
266.0,0.055,-0.055,3.36807993294e-14,0
266.0,0.05,-0.05,1.20320904599e-14,0
266.0,0.055,-0.05,2.35946290211e-14,0
266.0,0.05,-0.045,5.4829287509e-15,0
266.0,0.055,-0.045,1.2588760285e-14,0
266.0,0.05,-0.04,-1.76724532399e-15,0
266.0,0.055,-0.04,9.70976413893e-16,0
266.0,0.05,-0.035,-9.31813196495e-15,0
266.0,0.055,-0.035,-1.07912361444e-14,0
266.0,0.05,-0.03,-1.66747944921e-14,0
266.0,0.055,-0.03,-2.21974093929e-14,0
266.0,0.05,-0.025,-2.35374190201e-14,0
266.0,0.055,-0.025,-3.28068329631e-14,0
266.0,0.05,-0.02,-2.96712752509e-14,0
266.0,0.055,-0.02,-4.23177747506e-14,0
266.0,0.05,-0.015,-3.52444587874e-14,0
266.0,0.055,-0.015,-5.06822449301e-14,0
266.0,0.05,-0.01,-4.02634588874e-14,0
266.0,0.055,-0.01,-5.7794838377e-14,0
266.0,0.05,-0.005,-4.45680882361e-14,0
266.0,0.055,-0.005,-6.34432079511e-14,0
266.0,0.05,0,-4.79511601475e-14,0
266.0,0.055,4.16333634234e-19,-6.73308826479e-14,0
266.0,0.05,0.005,-4.99261400652e-14,0
266.0,0.055,0.005,-6.90762536965e-14,0
266.0,0.05,0.01,-5.03064021525e-14,0
266.0,0.055,0.01,-6.84968427594e-14,0
266.0,0.05,0.015,-4.90589342338e-14,0
266.0,0.055,0.015,-6.55506214096e-14,0
266.0,0.05,0.02,-4.61404841023e-14,0
266.0,0.055,0.02,-6.02029228857e-14,0
266.0,0.05,0.025,-4.15105188628e-14,0
266.0,0.055,0.025,-5.24413399673e-14,0
266.0,0.05,0.03,-3.51099594739e-14,0
266.0,0.055,0.03,-4.22605241331e-14,0
266.0,0.05,0.035,-2.68082691935e-14,0
266.0,0.055,0.035,-2.96493440918e-14,0
266.0,0.05,0.04,-1.62572880726e-14,0
266.0,0.055,0.04,-1.46467918595e-14,0
266.0,0.05,0.045,-4.01506354498e-15,0
266.0,0.055,0.045,2.17053602896e-15,0
266.0,0.05,0.05,9.09579009746e-15,0
266.0,0.05,0.055,2.24749201576e-14,0
266.0,0.055,0.05,2.00032582516e-14,0
266.0,0.055,0.055,3.8174777881e-14,0
266.0,0.05,0.06,3.57309514467e-14,0
266.0,0.05,0.065,4.86539183271e-14,0
266.0,0.055,0.06,5.61820043759e-14,0
266.0,0.055,0.065,7.37657025117e-14,0
266.0,0.05,0.07,6.12395328927e-14,0
266.0,0.05,0.075,7.37263904742e-14,0
266.0,0.055,0.07,9.0948653238e-14,0
266.0,0.055,0.075,1.08097652864e-13,0
266.0,0.06,-0.075,9.69382099195e-14,0
266.0,0.06,-0.07,8.60687492863e-14,0
266.0,0.065,-0.075,1.26760887354e-13,0
266.0,0.065,-0.07,1.12828089299e-13,0
266.0,0.06,-0.065,7.49663209115e-14,0
266.0,0.065,-0.065,9.84687562078e-14,0
266.0,0.06,-0.06,6.29834223758e-14,0
266.0,0.065,-0.06,8.29097662407e-14,0
266.0,0.06,-0.055,4.98027462189e-14,0
266.0,0.065,-0.055,6.58320235812e-14,0
266.0,0.06,-0.05,3.54004018644e-14,0
266.0,0.065,-0.05,4.72588564751e-14,0
266.0,0.06,-0.045,1.99854286395e-14,0
266.0,0.065,-0.045,2.74990844367e-14,0
266.0,0.06,-0.04,3.96588907042e-15,0
266.0,0.065,-0.04,7.05717400492e-15,0
266.0,0.06,-0.035,-1.21280983277e-14,0
266.0,0.065,-0.035,-1.34303985716e-14,0
266.0,0.06,-0.03,-2.77160483958e-14,0
266.0,0.065,-0.03,-3.3285586322e-14,0
266.0,0.06,-0.025,-4.22655498727e-14,0
266.0,0.065,-0.025,-5.18573216824e-14,0
266.0,0.06,-0.02,-5.53531350568e-14,0
266.0,0.065,-0.02,-6.85848435603e-14,0
266.0,0.06,-0.015,-6.67101768023e-14,0
266.0,0.065,-0.015,-8.30012153458e-14,0
266.0,0.06,-0.01,-7.60742752813e-14,0
266.0,0.065,-0.01,-9.47057334789e-14,0
266.0,0.06,-0.005,-8.31597103487e-14,0
266.0,0.065,-0.005,-1.0330210699e-13,0
266.0,0.06,0,-8.76266252394e-14,0
266.0,0.065,4.16333634234e-19,-1.08432938477e-13,0
266.0,0.06,0.005,-8.91639389369e-14,0
266.0,0.065,0.005,-1.09785914984e-13,0
266.0,0.06,0.01,-8.75774840672e-14,0
266.0,0.065,0.01,-1.07173311179e-13,0
266.0,0.06,0.015,-8.28045290382e-14,0
266.0,0.065,0.015,-1.00515970714e-13,0
266.0,0.06,0.02,-7.48319463204e-14,0
266.0,0.065,0.02,-8.98543834349e-14,0
266.0,0.06,0.025,-6.37172377097e-14,0
266.0,0.065,0.025,-7.53135111142e-14,0
266.0,0.06,0.03,-4.95539963122e-14,0
266.0,0.065,0.03,-5.71413412818e-14,0
266.0,0.06,0.035,-3.25318156286e-14,0
266.0,0.065,0.035,-3.57114821345e-14,0
266.0,0.06,0.04,-1.29874463682e-14,0
266.0,0.065,0.04,-1.15875668821e-14,0
266.0,0.06,0.045,8.42815071077e-15,0
266.0,0.065,0.045,1.44590340558e-14,0
266.0,0.06,0.05,3.09096113244e-14,0
266.0,0.065,0.05,4.15346762354e-14,0
266.0,0.06,0.055,5.36883266447e-14,0
266.0,0.065,0.055,6.87763952386e-14,0
266.0,0.06,0.06,7.61785383705e-14,0
266.0,0.06,0.065,9.80566323603e-14,0
266.0,0.065,0.06,9.54813382026e-14,0
266.0,0.065,0.065,1.2125776434e-13,0
266.0,0.06,0.07,1.19370287264e-13,0
266.0,0.06,0.075,1.40623955127e-13,0
266.0,0.065,0.07,1.4613414363e-13,0
266.0,0.065,0.075,1.70728044922e-13,0
266.0,0.07,-0.075,1.5455269182e-13,0
266.0,0.07,-0.07,1.38366929361e-13,0
266.0,0.075,-0.075,1.80763557248e-13,0
266.0,0.075,-0.07,1.6327620185e-13,0
266.0,0.07,-0.065,1.21313821532e-13,0
266.0,0.075,-0.065,1.44047187211e-13,0
266.0,0.07,-0.06,1.02552965028e-13,0
266.0,0.075,-0.06,1.22355953261e-13,0
266.0,0.07,-0.055,8.17932814982e-14,0
266.0,0.075,-0.055,9.80081971604e-14,0
266.0,0.07,-0.05,5.91579101366e-14,0
266.0,0.075,-0.05,7.13023796815e-14,0
266.0,0.07,-0.045,3.50714363313e-14,0
266.0,0.075,-0.045,4.27906466646e-14,0
266.0,0.07,-0.04,1.01679450631e-14,0
266.0,0.075,-0.04,1.32784938386e-14,0
266.0,0.07,-0.035,-1.47907109918e-14,0
266.0,0.075,-0.035,-1.63212238797e-14,0
266.0,0.07,-0.03,-3.89938040593e-14,0
266.0,0.075,-0.03,-4.50454857014e-14,0
266.0,0.07,-0.025,-6.16571263662e-14,0
266.0,0.075,-0.025,-7.19412530847e-14,0
266.0,0.07,-0.02,-8.20622698579e-14,0
266.0,0.075,-0.02,-9.6158366749e-14,0
266.0,0.07,-0.015,-9.95924340526e-14,0
266.0,0.075,-0.015,-1.16897116934e-13,0
266.0,0.07,-0.01,-1.13690183672e-13,0
266.0,0.075,-0.01,-1.33516146818e-13,0
266.0,0.07,-0.005,-1.23884461195e-13,0
266.0,0.075,-0.005,-1.45394769093e-13,0
266.0,0.07,0,-1.29745551187e-13,0
266.0,0.075,0,-1.52098388974e-13,0
266.0,0.07,0.005,-1.30964926975e-13,0
266.0,0.075,0.005,-1.53225769827e-13,0
266.0,0.07,0.01,-1.27330393785e-13,0
266.0,0.075,0.01,-1.48617659221e-13,0
266.0,0.07,0.015,-1.18795779438e-13,0
266.0,0.075,0.015,-1.38184697875e-13,0
266.0,0.07,0.02,-1.05428811924e-13,0
266.0,0.075,0.02,-1.22105656432e-13,0
266.0,0.07,0.025,-8.74656333115e-14,0
266.0,0.075,0.025,-1.00651965053e-13,0
266.0,0.07,0.03,-6.52768186334e-14,0
266.0,0.075,0.03,-7.4372435162e-14,0
266.0,0.07,0.035,-3.94247506231e-14,0
266.0,0.075,0.035,-4.39572458606e-14,0
266.0,0.07,0.04,-1.0657861323e-14,0
266.0,0.075,0.04,-1.03624192517e-14,0
266.0,0.07,0.045,2.00928054116e-14,0
266.0,0.075,0.045,2.53053554241e-14,0
266.0,0.07,0.05,5.17932422865e-14,0
266.0,0.075,0.05,6.18225792298e-14,0
266.0,0.07,0.055,8.34338041306e-14,0
266.0,0.075,0.055,9.7973806874e-14,0
266.0,0.07,0.06,1.14169849462e-13,0
266.0,0.075,0.06,1.32738180945e-13,0
266.0,0.07,0.065,1.43475517599e-13,0
266.0,0.075,0.065,1.65362461726e-13,0
266.0,0.07,0.07,1.71324168136e-13,0
266.0,0.07,0.075,1.98383364521e-13,0
266.0,0.075,0.07,1.95677933762e-13,0
266.0,0.075,0.075,2.24192697828e-13,0
268.0,-0.00382671281566,-0.00202612167119,0,0
268.0,-0.005,-0.005,2.62722442632e-14,0
268.0,-0.00197892066871,-0.00385133392306,0,0
268.0,-0.005,-0.00190753787223,1.5599633646e-14,0
268.0,-0.00433,0,0,0
268.0,-0.00190753787223,-0.005,1.54870685788e-14,0
268.0,0,-0.00433,0,0
268.0,-0.005,0.00190775150599,1.55958420592e-14,0
268.0,-0.00385133392306,0.00197892066871,0,0
268.0,0.00190775150599,-0.005,1.54730138373e-14,0
268.0,0.00202612167119,-0.00382671281566,0,0
268.0,-0.00202612167119,0.00382671281566,0,0
268.0,-0.005,0.005,2.62037881758e-14,0
268.0,-0.0019094272225,0.005,1.55066059904e-14,0
268.0,0,0.00433,0,0
268.0,0.00147766755988,0.00407006125046,0,0
268.0,8.32667268469e-19,0.005,1.17529179892e-14,0
268.0,0.00433,0,0,0
268.0,0.005,1.38777878078e-18,1.13998882106e-14,0
268.0,0.00407006125046,0.00147766755988,0,0
268.0,0.005,-0.005,2.69379890627e-14,0
268.0,0.00385133392306,-0.00197892066871,0,0
268.0,0.005,-0.0019094272225,1.56699716763e-14,0
268.0,0.00306177236254,0.00306177236254,0,0
268.0,0.0019094272225,0.005,1.56655692736e-14,0
268.0,0.005,0.0019094272225,1.5717064644e-14,0
268.0,-0.000885,-0.0015328649647,1.27151611737e-12,0
268.0,-0.0015328649647,-0.000885,1.27163849872e-12,0
268.0,-0.00186450691264,-0.00187567167242,8.4302277419e-13,0
268.0,-0.00177,0,1.27133023297e-12,0
268.0,-0.00268433516245,-0.000738983120158,7.59104566832e-13,0
268.0,0,-0.00177,1.2714777549e-12,0
268.0,-0.000718432264205,-0.00269192408424,7.57398404974e-13,0
268.0,-0.0015328649647,0.000885,1.26982576114e-12,0
268.0,-0.00265321485144,0.000647311733689,7.89887437799e-13,0
268.0,-0.000885,0.0015328649647,1.2681982526e-12,0
268.0,-0.00194719253591,0.00178443766524,8.43949078712e-13,0
268.0,0,0.00177,1.26409209309e-12,0
268.0,-0.000802720381054,0.00273415977115,7.17498208376e-13,0
268.0,0.000885,-0.0015328649647,1.27016659503e-12,0
268.0,0.00075154031863,-0.00270385456952,7.45288453742e-13,0
268.0,0.00177,0,1.26243185711e-12,0
268.0,0.0015328649647,-0.000885,1.26801417689e-12,0
268.0,0.00271471102228,-0.000564731152102,7.60912188725e-13,0
268.0,0.00192394637685,-0.00189207206672,8.10093716226e-13,0
268.0,0.00231817117671,0.00040530921667,9.87907847636e-13,0
268.0,0.0015328649647,0.000885,1.26069821916e-12,0
268.0,0.000885,0.0015328649647,1.26140327794e-12,0
268.0,0.000427053001345,0.00287092483521,6.82187787173e-13,0
268.0,0.00187618296239,0.00184774001435,8.3333805909e-13,0
268.0,0.00312733402203,0.000607809752493,5.1919779136e-13,0
268.0,0.00276214303706,0.00136595635004,5.76857958794e-13,0
268.0,0.0014100336009,0.00268674970267,6.04770184657e-13,0
268.0,-0.075,-0.075,1.77477757945e-13,0
268.0,-0.07,-0.075,1.57919501435e-13,0
268.0,-0.075,-0.07,1.54041149653e-13,0
268.0,-0.07,-0.07,1.35775953709e-13,0
268.0,-0.075,-0.065,1.28987996495e-13,0
268.0,-0.07,-0.065,1.12930330709e-13,0
268.0,-0.065,-0.075,1.36678768843e-13,0
268.0,-0.065,-0.07,1.16726912363e-13,0
268.0,-0.065,-0.065,9.6555633307e-14,0
268.0,-0.075,-0.06,1.01801552782e-13,0
268.0,-0.07,-0.06,8.87256664215e-14,0
268.0,-0.065,-0.06,7.55481741187e-14,0
268.0,-0.075,-0.055,7.25263949644e-14,0
268.0,-0.07,-0.055,6.30871817982e-14,0
268.0,-0.065,-0.055,5.35818564475e-14,0
268.0,-0.075,-0.05,4.17104126385e-14,0
268.0,-0.07,-0.05,3.63660617353e-14,0
268.0,-0.065,-0.05,3.08897142729e-14,0
268.0,-0.075,-0.045,1.0128909786e-14,0
268.0,-0.07,-0.045,9.19090241934e-15,0
268.0,-0.065,-0.045,7.98029592567e-15,0
268.0,-0.075,-0.04,-2.12532841212e-14,0
268.0,-0.07,-0.04,-1.76528953601e-14,0
268.0,-0.075,-0.035,-5.14474363745e-14,0
268.0,-0.07,-0.035,-4.33390195458e-14,0
268.0,-0.065,-0.04,-1.44895247599e-14,0
268.0,-0.065,-0.035,-3.5816136526e-14,0
268.0,-0.075,-0.03,-7.9518906974e-14,0
268.0,-0.07,-0.03,-6.70954121077e-14,0
268.0,-0.075,-0.025,-1.04619659601e-13,0
268.0,-0.07,-0.025,-8.8265904426e-14,0
268.0,-0.065,-0.03,-5.53772498871e-14,0
268.0,-0.065,-0.025,-7.26926041679e-14,0
268.0,-0.075,-0.02,-1.26059573304e-13,0
268.0,-0.07,-0.02,-1.06291876597e-13,0
268.0,-0.075,-0.015,-1.43204980573e-13,0
268.0,-0.07,-0.015,-1.20716088578e-13,0
268.0,-0.065,-0.02,-8.73982945832e-14,0
268.0,-0.065,-0.015,-9.91629213648e-14,0
268.0,-0.075,-0.01,-1.55596075167e-13,0
268.0,-0.07,-0.01,-1.31122569934e-13,0
268.0,-0.075,-0.005,-1.62816475034e-13,0
268.0,-0.07,-0.005,-1.37204510879e-13,0
268.0,-0.065,-0.01,-1.07681770629e-13,0
268.0,-0.065,-0.005,-1.12659014323e-13,0
268.0,-0.075,0,-1.64684377791e-13,0
268.0,-0.07,0,-1.38749660831e-13,0
268.0,-0.075,0.005,-1.61112491319e-13,0
268.0,-0.07,0.005,-1.35731295911e-13,0
268.0,-0.065,4.16333634234e-19,-1.1391133589e-13,0
268.0,-0.065,0.005,-1.11391586207e-13,0
268.0,-0.075,0.01,-1.52287506259e-13,0
268.0,-0.07,0.01,-1.28267093821e-13,0
268.0,-0.075,0.015,-1.38483288141e-13,0
268.0,-0.07,0.015,-1.16652957462e-13,0
268.0,-0.065,0.01,-1.05230492565e-13,0
268.0,-0.065,0.015,-9.56902175742e-14,0
268.0,-0.075,0.02,-1.20189668935e-13,0
268.0,-0.07,0.02,-1.01263875617e-13,0
268.0,-0.075,0.025,-9.79204378793e-14,0
268.0,-0.07,0.025,-8.25621220665e-14,0
268.0,-0.065,0.02,-8.31306892815e-14,0
268.0,-0.065,0.025,-6.78959767025e-14,0
268.0,-0.075,0.03,-7.23364837312e-14,0
268.0,-0.07,0.03,-6.10298090844e-14,0
268.0,-0.075,0.035,-4.4138532466e-14,0
268.0,-0.07,0.035,-3.72321788833e-14,0
268.0,-0.065,0.03,-5.03353896812e-14,0
268.0,-0.065,0.035,-3.08175682747e-14,0
268.0,-0.075,0.04,-1.41648015133e-14,0
268.0,-0.07,0.04,-1.18200634262e-14,0
268.0,-0.075,0.045,1.66702406125e-14,0
268.0,-0.07,0.045,1.44513927572e-14,0
268.0,-0.065,0.04,-9.81797197422e-15,0
268.0,-0.065,0.045,1.20500728915e-14,0
268.0,-0.075,0.05,4.74141155053e-14,0
268.0,-0.07,0.05,4.07837349515e-14,0
268.0,-0.075,0.055,7.71487141366e-14,0
268.0,-0.07,0.055,6.64324408951e-14,0
268.0,-0.065,0.05,3.41032692298e-14,0
268.0,-0.065,0.055,5.57199307363e-14,0
268.0,-0.075,0.06,1.05155840902e-13,0
268.0,-0.07,0.06,9.08188035828e-14,0
268.0,-0.075,0.065,1.30947994746e-13,0
268.0,-0.07,0.065,1.13645593482e-13,0
268.0,-0.065,0.06,7.64370829095e-14,0
268.0,-0.065,0.065,9.60706886803e-14,0
268.0,-0.075,0.07,1.54536675262e-13,0
268.0,-0.07,0.07,1.35037902941e-13,0
268.0,-0.075,0.075,1.76484421574e-13,0
268.0,-0.07,0.075,1.55693579996e-13,0
268.0,-0.065,0.07,1.14789087245e-13,0
268.0,-0.065,0.075,1.3324446815e-13,0
268.0,-0.06,-0.075,1.13114143171e-13,0
268.0,-0.06,-0.07,9.6135399214e-14,0
268.0,-0.06,-0.065,7.91768124514e-14,0
268.0,-0.055,-0.075,8.71036302972e-14,0
268.0,-0.055,-0.07,7.37882588591e-14,0
268.0,-0.055,-0.065,6.05612056045e-14,0
268.0,-0.06,-0.06,6.17144438548e-14,0
268.0,-0.06,-0.055,4.36025339684e-14,0
268.0,-0.055,-0.06,4.70084868939e-14,0
268.0,-0.055,-0.055,3.29996914558e-14,0
268.0,-0.06,-0.05,2.50139854715e-14,0
268.0,-0.055,-0.05,1.86422781916e-14,0
268.0,-0.06,-0.045,6.35252041244e-15,0
268.0,-0.055,-0.045,4.26606064624e-15,0
268.0,-0.06,-0.04,-1.18029579342e-14,0
268.0,-0.055,-0.04,-9.63311288317e-15,0
268.0,-0.06,-0.035,-2.88274482949e-14,0
268.0,-0.055,-0.035,-2.24290086379e-14,0
268.0,-0.06,-0.03,-4.42077060754e-14,0
268.0,-0.06,-0.025,-5.7675057115e-14,0
268.0,-0.055,-0.03,-3.3656176456e-14,0
268.0,-0.055,-0.025,-4.33015407145e-14,0
268.0,-0.06,-0.02,-6.90628609594e-14,0
268.0,-0.06,-0.015,-7.82178247002e-14,0
268.0,-0.055,-0.02,-5.14197217975e-14,0
268.0,-0.055,-0.015,-5.80078266294e-14,0
268.0,-0.06,-0.01,-8.48980432182e-14,0
268.0,-0.06,-0.005,-8.88237621252e-14,0
268.0,-0.055,-0.01,-6.29281313224e-14,0
268.0,-0.055,-0.005,-6.58412082862e-14,0
268.0,-0.06,0,-8.97865097934e-14,0
268.0,-0.06,0.005,-8.77466291449e-14,0
268.0,-0.055,4.16333634234e-19,-6.65303163697e-14,0
268.0,-0.055,0.005,-6.49459509867e-14,0
268.0,-0.06,0.01,-8.28200666741e-14,0
268.0,-0.06,0.015,-7.52900138111e-14,0
268.0,-0.055,0.01,-6.12074328443e-14,0
268.0,-0.055,0.015,-5.56015639649e-14,0
268.0,-0.06,0.02,-6.5501679048e-14,0
268.0,-0.06,0.025,-5.37226279167e-14,0
268.0,-0.055,0.02,-4.85358343435e-14,0
268.0,-0.055,0.025,-4.01477248432e-14,0
268.0,-0.06,0.03,-4.01175646792e-14,0
268.0,-0.06,0.035,-2.48565784327e-14,0
268.0,-0.055,0.03,-3.0444931969e-14,0
268.0,-0.055,0.035,-1.93930408018e-14,0
268.0,-0.06,0.04,-8.20353144308e-15,0
268.0,-0.06,0.045,9.32403995818e-15,0
268.0,-0.055,0.04,-6.99789895282e-15,0
268.0,-0.055,0.045,6.25123459349e-15,0
268.0,-0.06,0.05,2.7113507832e-14,0
268.0,-0.06,0.055,4.46182629745e-14,0
268.0,-0.055,0.05,1.9738711653e-14,0
268.0,-0.055,0.055,3.30019876358e-14,0
268.0,-0.06,0.06,6.14776376683e-14,0
268.0,-0.06,0.065,7.75645714024e-14,0
268.0,-0.055,0.06,4.57536943765e-14,0
268.0,-0.055,0.065,5.79290509448e-14,0
268.0,-0.06,0.07,9.30658339987e-14,0
268.0,-0.06,0.075,1.08534607623e-13,0
268.0,-0.055,0.07,6.96945954929e-14,0
268.0,-0.055,0.075,8.14870047466e-14,0
268.0,-0.05,-0.075,5.90038190755e-14,0
268.0,-0.05,-0.07,4.98653776361e-14,0
268.0,-0.045,-0.075,2.93900151613e-14,0
268.0,-0.045,-0.07,2.48146694185e-14,0
268.0,-0.05,-0.065,4.07990717799e-14,0
268.0,-0.045,-0.065,2.02223862616e-14,0
268.0,-0.05,-0.06,3.14930653475e-14,0
268.0,-0.05,-0.055,2.18280103782e-14,0
268.0,-0.045,-0.06,1.54174929778e-14,0
268.0,-0.045,-0.055,1.02988246011e-14,0
268.0,-0.05,-0.05,1.18579832096e-14,0
268.0,-0.05,-0.045,1.79937129565e-15,0
268.0,-0.045,-0.05,4.85796504539e-15,0
268.0,-0.045,-0.045,-8.05835981231e-16,0
268.0,-0.05,-0.04,-7.92567245148e-15,0
268.0,-0.045,-0.04,-6.44485343954e-15,0
268.0,-0.05,-0.035,-1.66735783419e-14,0
268.0,-0.045,-0.035,-1.14661884032e-14,0
268.0,-0.05,-0.03,-2.39014576701e-14,0
268.0,-0.045,-0.03,-1.51389564938e-14,0
268.0,-0.05,-0.025,-2.99317433921e-14,0
268.0,-0.045,-0.025,-1.81688390562e-14,0
268.0,-0.05,-0.02,-3.49615220956e-14,0
268.0,-0.05,-0.015,-3.90900060702e-14,0
268.0,-0.045,-0.02,-2.05840358124e-14,0
268.0,-0.045,-0.015,-2.24087488519e-14,0
268.0,-0.05,-0.01,-4.23256012622e-14,0
268.0,-0.05,-0.005,-4.42468277834e-14,0
268.0,-0.045,-0.01,-2.39264953932e-14,0
268.0,-0.045,-0.005,-2.47764748511e-14,0
268.0,-0.05,0,-4.46491949688e-14,0
268.0,-0.05,0.005,-4.3526300618e-14,0
268.0,-0.045,4.16333634234e-19,-2.48698852286e-14,0
268.0,-0.045,0.005,-2.42178687863e-14,0
268.0,-0.05,0.01,-4.09497350027e-14,0
268.0,-0.05,0.015,-3.71941819089e-14,0
268.0,-0.045,0.01,-2.28656041059e-14,0
268.0,-0.045,0.015,-2.09658522617e-14,0
268.0,-0.05,0.02,-3.27303074457e-14,0
268.0,-0.05,0.025,-2.75217898339e-14,0
268.0,-0.045,0.02,-1.89076237658e-14,0
268.0,-0.045,0.025,-1.63783253712e-14,0
268.0,-0.05,0.03,-2.14779028413e-14,0
268.0,-0.05,0.035,-1.4433967626e-14,0
268.0,-0.045,0.03,-1.33797050631e-14,0
268.0,-0.045,0.035,-9.90682048975e-15,0
268.0,-0.05,0.04,-6.11566939575e-15,0
268.0,-0.05,0.045,2.93323766691e-15,0
268.0,-0.045,0.04,-5.31992596507e-15,0
268.0,-0.045,0.045,-3.77178650095e-16,0
268.0,-0.05,0.05,1.20851602379e-14,0
268.0,-0.05,0.055,2.09522651029e-14,0
268.0,-0.045,0.05,4.36695978909e-15,0
268.0,-0.045,0.055,8.70281083735e-15,0
268.0,-0.05,0.06,2.9358832155e-14,0
268.0,-0.05,0.065,3.72901786101e-14,0
268.0,-0.045,0.06,1.25701649758e-14,0
268.0,-0.045,0.065,1.60132691907e-14,0
268.0,-0.05,0.07,4.4896924697e-14,0
268.0,-0.05,0.075,5.250611147e-14,0
268.0,-0.045,0.07,1.91590222702e-14,0
268.0,-0.045,0.075,2.22123825894e-14,0
268.0,-0.04,-0.075,-9.37038722329e-16,0
268.0,-0.04,-0.07,-7.48136061277e-16,0
268.0,-0.035,-0.075,-3.10953997529e-14,0
268.0,-0.035,-0.07,-2.61093094197e-14,0
268.0,-0.04,-0.065,-6.93572424635e-16,0
268.0,-0.035,-0.065,-2.13915283526e-14,0
268.0,-0.04,-0.06,-8.54712534111e-16,0
268.0,-0.035,-0.06,-1.69132610185e-14,0
268.0,-0.04,-0.055,-1.31368770126e-15,0
268.0,-0.035,-0.055,-1.27311943937e-14,0
268.0,-0.04,-0.05,-2.13127485762e-15,0
268.0,-0.04,-0.045,-3.3231299633e-15,0
268.0,-0.035,-0.05,-8.96588439667e-15,0
268.0,-0.035,-0.045,-5.75049643188e-15,0
268.0,-0.04,-0.04,-4.78881033318e-15,0
268.0,-0.04,-0.035,-6.21395913194e-15,0
268.0,-0.035,-0.04,-3.20617671414e-15,0
268.0,-0.035,-0.035,-1.4211437823e-15,0
268.0,-0.04,-0.03,-7.27638511157e-15,0
268.0,-0.035,-0.03,-1.49168335633e-16,0
268.0,-0.04,-0.025,-8.03929151805e-15,0
268.0,-0.035,-0.025,1.07472742426e-15,0
268.0,-0.04,-0.02,-8.46987079983e-15,0
268.0,-0.035,-0.02,2.27832683962e-15,0
268.0,-0.04,-0.015,-8.5032950182e-15,0
268.0,-0.035,-0.015,3.51684784732e-15,0
268.0,-0.04,-0.01,-8.22742750273e-15,0
268.0,-0.04,-0.005,-7.98705227595e-15,0
268.0,-0.035,-0.01,4.79631369448e-15,0
268.0,-0.035,-0.005,5.66344860273e-15,0
268.0,-0.04,0,-7.78040125284e-15,0
268.0,-0.04,0.005,-7.56904888736e-15,0
268.0,-0.035,4.16333634234e-19,6.06600583609e-15,0
268.0,-0.035,0.005,5.96915328053e-15,0
268.0,-0.04,0.01,-7.43515009962e-15,0
268.0,-0.04,0.015,-7.42397740336e-15,0
268.0,-0.035,0.01,5.37400208057e-15,0
268.0,-0.035,0.015,4.30593177645e-15,0
268.0,-0.04,0.02,-7.21346314508e-15,0
268.0,-0.04,0.025,-6.72039148723e-15,0
268.0,-0.035,0.02,3.19084245857e-15,0
268.0,-0.035,0.025,2.00849921393e-15,0
268.0,-0.04,0.03,-6.029728993e-15,0
268.0,-0.04,0.035,-5.18409900874e-15,0
268.0,-0.035,0.03,6.84231736329e-16,0
268.0,-0.035,0.035,-8.24516794828e-16,0
268.0,-0.04,0.04,-4.21034032985e-15,0
268.0,-0.04,0.045,-3.45306347845e-15,0
268.0,-0.035,0.04,-3.05786049915e-15,0
268.0,-0.035,0.045,-6.2978169e-15,0
268.0,-0.04,0.05,-3.18067420045e-15,0
268.0,-0.04,0.055,-3.45619056148e-15,0
268.0,-0.035,0.05,-1.04105055422e-14,0
268.0,-0.035,0.055,-1.52363728958e-14,0
268.0,-0.04,0.06,-4.22664005416e-15,0
268.0,-0.04,0.065,-5.39944681384e-15,0
268.0,-0.035,0.06,-2.06067235132e-14,0
268.0,-0.035,0.065,-2.63712192042e-14,0
268.0,-0.04,0.07,-6.87069800087e-15,0
268.0,-0.04,0.075,-8.55623333573e-15,0
268.0,-0.035,0.07,-3.24556979528e-14,0
268.0,-0.035,0.075,-3.88891943935e-14,0
268.0,-0.03,-0.075,-6.01527498743e-14,0
268.0,-0.03,-0.07,-5.05102638886e-14,0
268.0,-0.025,-0.075,-8.71663084559e-14,0
268.0,-0.025,-0.07,-7.31979929555e-14,0
268.0,-0.03,-0.065,-4.12851247851e-14,0
268.0,-0.025,-0.065,-5.97796946319e-14,0
268.0,-0.03,-0.06,-3.23295791145e-14,0
268.0,-0.025,-0.06,-4.66799960123e-14,0
268.0,-0.03,-0.055,-2.36913046755e-14,0
268.0,-0.025,-0.055,-3.39247825012e-14,0
268.0,-0.03,-0.05,-1.55468505654e-14,0
268.0,-0.025,-0.05,-2.17655041636e-14,0
268.0,-0.03,-0.045,-8.18224163308e-15,0
268.0,-0.025,-0.045,-1.06272561995e-14,0
268.0,-0.03,-0.04,-1.95171288891e-15,0
268.0,-0.03,-0.035,2.69323217445e-15,0
268.0,-0.025,-0.04,-1.08914380539e-15,0
268.0,-0.025,-0.035,6.08713724554e-15,0
268.0,-0.03,-0.03,6.09770778561e-15,0
268.0,-0.03,-0.025,9.08710392766e-15,0
268.0,-0.025,-0.03,1.13804092571e-14,0
268.0,-0.025,-0.025,1.59099640555e-14,0
268.0,-0.03,-0.02,1.16688236566e-14,0
268.0,-0.025,-0.02,1.96678143474e-14,0
268.0,-0.03,-0.015,1.38522238752e-14,0
268.0,-0.025,-0.015,2.26954098046e-14,0
268.0,-0.03,-0.01,1.55797910564e-14,0
268.0,-0.025,-0.01,2.48994575478e-14,0
268.0,-0.03,-0.005,1.67164873898e-14,0
268.0,-0.025,-0.005,2.62102654875e-14,0
268.0,-0.03,0,1.7178624369e-14,0
268.0,-0.03,0.005,1.6942042817e-14,0
268.0,-0.025,4.16333634234e-19,2.6699499534e-14,0
268.0,-0.025,0.005,2.63740427069e-14,0
268.0,-0.03,0.01,1.60016483823e-14,0
268.0,-0.03,0.015,1.44179015703e-14,0
268.0,-0.025,0.01,2.51978601469e-14,0
268.0,-0.025,0.015,2.30824134352e-14,0
268.0,-0.03,0.02,1.23092456581e-14,0
268.0,-0.03,0.025,9.71441033563e-15,0
268.0,-0.025,0.02,2.00849434104e-14,0
268.0,-0.025,0.025,1.62893456757e-14,0
268.0,-0.03,0.03,6.60690961433e-15,0
268.0,-0.03,0.035,2.96527450691e-15,0
268.0,-0.025,0.03,1.16385045181e-14,0
268.0,-0.025,0.035,6.12486732315e-15,0
268.0,-0.03,0.04,-2.11342241526e-15,0
268.0,-0.03,0.045,-9.00551455544e-15,0
268.0,-0.025,0.04,-1.44644157737e-15,0
268.0,-0.025,0.045,-1.15877593772e-14,0
268.0,-0.03,0.05,-1.72215705383e-14,0
268.0,-0.03,0.055,-2.63711835613e-14,0
268.0,-0.025,0.05,-2.35073014502e-14,0
268.0,-0.025,0.055,-3.65922762984e-14,0
268.0,-0.03,0.06,-3.61338543512e-14,0
268.0,-0.03,0.065,-4.63061656123e-14,0
268.0,-0.025,0.06,-5.03855637595e-14,0
268.0,-0.025,0.065,-6.46095451895e-14,0
268.0,-0.03,0.07,-5.6824523831e-14,0
268.0,-0.03,0.075,-6.78402703531e-14,0
268.0,-0.025,0.07,-7.92242833725e-14,0
268.0,-0.025,0.075,-9.44641551325e-14,0
268.0,-0.02,-0.075,-1.11266848412e-13,0
268.0,-0.02,-0.07,-9.34373601038e-14,0
268.0,-0.015,-0.075,-1.31610609847e-13,0
268.0,-0.015,-0.07,-1.1056604017e-13,0
268.0,-0.02,-0.065,-7.63080664444e-14,0
268.0,-0.015,-0.065,-9.03304724801e-14,0
268.0,-0.02,-0.06,-5.95401889898e-14,0
268.0,-0.015,-0.06,-7.05169487998e-14,0
268.0,-0.02,-0.055,-4.31638655603e-14,0
268.0,-0.015,-0.055,-5.11340595908e-14,0
268.0,-0.02,-0.05,-2.74802786982e-14,0
268.0,-0.015,-0.05,-3.25406942067e-14,0
268.0,-0.02,-0.045,-1.30402887965e-14,0
268.0,-0.015,-0.045,-1.53768628555e-14,0
268.0,-0.02,-0.04,-6.11831130245e-16,0
268.0,-0.015,-0.04,-5.31724124857e-16,0
268.0,-0.02,-0.035,8.79884511142e-15,0
268.0,-0.015,-0.035,1.08073935536e-14,0
268.0,-0.02,-0.03,1.56960591256e-14,0
268.0,-0.02,-0.025,2.14875382587e-14,0
268.0,-0.015,-0.03,1.90910559896e-14,0
268.0,-0.015,-0.025,2.58583728359e-14,0
268.0,-0.02,-0.02,2.61308032867e-14,0
268.0,-0.02,-0.015,2.96801298802e-14,0
268.0,-0.015,-0.02,3.09932195504e-14,0
268.0,-0.015,-0.015,3.44456379483e-14,0
268.0,-0.02,-0.01,3.20629530996e-14,0
268.0,-0.015,-0.01,3.61673592576e-14,0
268.0,-0.02,-0.005,3.32892259396e-14,0
268.0,-0.015,-0.005,3.6640967978e-14,0
268.0,-0.02,0,3.36726262094e-14,0
268.0,-0.015,4.16333634234e-19,3.66698599309e-14,0
268.0,-0.02,0.005,3.33844301532e-14,0
268.0,-0.015,0.005,3.66194324657e-14,0
268.0,-0.02,0.01,3.22252142097e-14,0
268.0,-0.02,0.015,2.98760692645e-14,0
268.0,-0.015,0.01,3.61224476825e-14,0
268.0,-0.015,0.015,3.43840886178e-14,0
268.0,-0.02,0.02,2.63318070458e-14,0
268.0,-0.02,0.025,2.16504990017e-14,0
268.0,-0.015,0.02,3.09403527358e-14,0
268.0,-0.015,0.025,2.58088402485e-14,0
268.0,-0.02,0.03,1.57583720447e-14,0
268.0,-0.02,0.035,8.68127122094e-15,0
268.0,-0.015,0.03,1.89978465947e-14,0
268.0,-0.015,0.035,1.06136731624e-14,0
268.0,-0.02,0.04,-1.05562105117e-15,0
268.0,-0.02,0.045,-1.40028457043e-14,0
268.0,-0.015,0.04,-9.42482242403e-16,0
268.0,-0.015,0.045,-1.62050624821e-14,0
268.0,-0.02,0.05,-2.91307062157e-14,0
268.0,-0.02,0.055,-4.56395076697e-14,0
268.0,-0.015,0.05,-3.39495980043e-14,0
268.0,-0.015,0.055,-5.32526104839e-14,0
268.0,-0.02,0.06,-6.29465533471e-14,0
268.0,-0.02,0.065,-8.07255232727e-14,0
268.0,-0.015,0.06,-7.34426085583e-14,0
268.0,-0.015,0.065,-9.41360886551e-14,0
268.0,-0.02,0.07,-9.89316736971e-14,0
268.0,-0.02,0.075,-1.17906375393e-13,0
268.0,-0.015,0.07,-1.15309762823e-13,0
268.0,-0.015,0.075,-1.3734984444e-13,0
268.0,-0.01,-0.075,-1.47521084372e-13,0
268.0,-0.01,-0.07,-1.2398098744e-13,0
268.0,-0.005,-0.075,-1.58374557371e-13,0
268.0,-0.005,-0.07,-1.33205535579e-13,0
268.0,-0.01,-0.065,-1.01376682032e-13,0
268.0,-0.005,-0.065,-1.09037259401e-13,0
268.0,-0.01,-0.06,-7.92363264073e-14,0
268.0,-0.005,-0.06,-8.53869731046e-14,0
268.0,-0.01,-0.055,-5.75777415517e-14,0
268.0,-0.005,-0.055,-6.2248670328e-14,0
268.0,-0.01,-0.05,-3.67834420127e-14,0
268.0,-0.005,-0.05,-4.00353563233e-14,0
268.0,-0.01,-0.045,-1.75635561932e-14,0
268.0,-0.005,-0.045,-1.94920042214e-14,0
268.0,-0.01,-0.04,-9.02655558203e-16,0
268.0,-0.005,-0.04,-1.64194417763e-15,0
268.0,-0.01,-0.035,1.19509031192e-14,0
268.0,-0.005,-0.035,1.22434325871e-14,0
268.0,-0.01,-0.03,2.13851822096e-14,0
268.0,-0.005,-0.03,2.24668104281e-14,0
268.0,-0.01,-0.025,2.88108322233e-14,0
268.0,-0.005,-0.025,3.01325182934e-14,0
268.0,-0.01,-0.02,3.40383868672e-14,0
268.0,-0.01,-0.015,3.67785122843e-14,0
268.0,-0.005,-0.02,3.51255963207e-14,0
268.0,-0.005,-0.015,3.70075815638e-14,0
268.0,-0.0117873230072,-0.0115873794689,3.69604884077e-14,0
268.0,-0.00939961996336,-0.005,3.43057329765e-14,0
268.0,-0.00792797428371,-0.00964253216809,3.5903361359e-14,0
268.0,-0.005,-0.00939961996336,3.38307819628e-14,0
268.0,-0.0108753492546,-0.00150606400588,3.4747672837e-14,0
268.0,-0.00818101620308,-0.00211452602544,3.03067966456e-14,0
268.0,-0.00651817360753,-0.000255934956239,2.34231164479e-14,0
268.0,-0.005,6.71033969428e-08,1.15107082017e-14,0
268.0,-0.0107292118043,0.00160660295843,3.455729581e-14,0
268.0,-0.0080188992252,0.000768320427092,2.91048433256e-14,0
268.0,-0.00939946851065,0.005,3.41758817627e-14,0
268.0,-0.00802129342231,0.00264911934363,3.02956717688e-14,0
268.0,-0.00887989370213,0.00887989479405,3.57470375193e-14,0
268.0,-0.01,0.015,3.64702967997e-14,0
268.0,-0.005,0.00939947397025,3.35326107955e-14,0
268.0,-0.005,0.015,3.6607810221e-14,0
268.0,-0.01,0.02,3.37802774669e-14,0
268.0,-0.01,0.025,2.86473020795e-14,0
268.0,-0.005,0.02,3.48486256191e-14,0
268.0,-0.005,0.025,3.01039631814e-14,0
268.0,-0.01,0.03,2.12761922669e-14,0
268.0,-0.01,0.035,1.18484149775e-14,0
268.0,-0.005,0.03,2.2616833729e-14,0
268.0,-0.005,0.035,1.24224283893e-14,0
268.0,-0.01,0.04,-1.13774330541e-15,0
268.0,-0.01,0.045,-1.81273585503e-14,0
268.0,-0.005,0.04,-1.59621390332e-15,0
268.0,-0.005,0.045,-1.96943707054e-14,0
268.0,-0.01,0.05,-3.78185938301e-14,0
268.0,-0.01,0.055,-5.91978565305e-14,0
268.0,-0.005,0.05,-4.05955295033e-14,0
268.0,-0.005,0.055,-6.32625482992e-14,0
268.0,-0.01,0.06,-8.1528099596e-14,0
268.0,-0.01,0.065,-1.044041231e-13,0
268.0,-0.005,0.06,-8.69298034371e-14,0
268.0,-0.005,0.065,-1.11162799694e-13,0
268.0,-0.01,0.07,-1.27792284875e-13,0
268.0,-0.01,0.075,-1.52160629363e-13,0
268.0,-0.005,0.07,-1.35950656854e-13,0
268.0,-0.005,0.075,-1.61767628279e-13,0
268.0,0,-0.075,-1.63786143738e-13,0
268.0,0,-0.07,-1.37858985727e-13,0
268.0,0.005,-0.075,-1.63449001454e-13,0
268.0,0.005,-0.07,-1.37728219673e-13,0
268.0,0,-0.065,-1.13011790478e-13,0
268.0,0.005,-0.065,-1.13092944352e-13,0
268.0,0,-0.06,-8.8706904486e-14,0
268.0,0.005,-0.06,-8.90315573891e-14,0
268.0,0,-0.055,-6.49462398066e-14,0
268.0,0.005,-0.055,-6.55179600039e-14,0
268.0,0,-0.05,-4.21341722653e-14,0
268.0,0.005,-0.05,-4.29526457731e-14,0
268.0,0,-0.045,-2.10290636421e-14,0
268.0,0.005,-0.045,-2.20749073586e-14,0
268.0,0,-0.04,-2.67905225226e-15,0
268.0,0.005,-0.04,-3.91938360681e-15,0
268.0,0,-0.035,1.16678993541e-14,0
268.0,0.005,-0.035,1.01665234035e-14,0
268.0,0,-0.03,2.22484956834e-14,0
268.0,0.005,-0.03,2.05575903712e-14,0
268.0,0,-0.025,3.00264337644e-14,0
268.0,0.005,-0.025,2.85466176575e-14,0
268.0,0,-0.02,3.49195212603e-14,0
268.0,0.005,-0.02,3.39944600785e-14,0
268.0,0,-0.015,3.65433431317e-14,0
268.0,0.005,-0.015,3.66122007374e-14,0
268.0,-0.0021196717084,-0.00776771017156,2.82852036162e-14,0
268.0,-0.00084550708518,-0.00631514607954,2.1811379618e-14,0
268.0,6.71033969406e-08,-0.005,1.18935589624e-14,0
268.0,-0.00139054260708,-0.0110960807567,3.41726985432e-14,0
268.0,0.00132468676756,-0.00775008274642,2.77109247771e-14,0
268.0,0.00160394440688,-0.0116908851489,3.48600652095e-14,0
268.0,0.005,-0.00939946851065,3.42271320379e-14,0
268.0,0.005,0.005,2.62318454857e-14,0
268.0,-0.000107646311398,0.00617659695633,2.07757490292e-14,0
268.0,-0.00190846935279,0.0076427502668,2.74976459836e-14,0
268.0,0.00131146485568,0.00777290068297,2.7202956179e-14,0
268.0,0.00295884413402,0.00640276348073,2.51192892181e-14,0
268.0,-1.21517769428e-05,0.0108932602996,3.32465051801e-14,0
268.0,0,0.015,3.60705898338e-14,0
268.0,0.005,0.00939942566771,3.34151160761e-14,0
268.0,0.005,0.015,3.60392693348e-14,0
268.0,0,0.02,3.4685650426e-14,0
268.0,0,0.025,3.01689617985e-14,0
268.0,0.005,0.02,3.37649810356e-14,0
268.0,0.005,0.025,2.87060333318e-14,0
268.0,0,0.03,2.26873865809e-14,0
268.0,0,0.035,1.21311641065e-14,0
268.0,0.005,0.03,2.10566896759e-14,0
268.0,0.005,0.035,1.08371025272e-14,0
268.0,0,0.04,-2.31660375228e-15,0
268.0,0,0.045,-2.08130843674e-14,0
268.0,0.005,0.04,-3.22464356741e-15,0
268.0,0.005,0.045,-2.14179063829e-14,0
268.0,0,0.05,-4.21553673502e-14,0
268.0,0,0.055,-6.52869336106e-14,0
268.0,0.005,0.05,-4.24113207141e-14,0
268.0,0.005,0.055,-6.51640982236e-14,0
268.0,0,0.06,-8.9431160657e-14,0
268.0,0,0.065,-1.14162543686e-13,0
268.0,0.005,0.06,-8.89184936681e-14,0
268.0,0.005,0.065,-1.13252062829e-13,0
268.0,0,0.07,-1.39460279787e-13,0
268.0,0,0.075,-1.65848921604e-13,0
268.0,0.005,0.07,-1.38169868573e-13,0
268.0,0.005,0.075,-1.6416584275e-13,0
268.0,0.01,-0.075,-1.57337807434e-13,0
268.0,0.01,-0.07,-1.32722727997e-13,0
268.0,0.015,-0.075,-1.4552250609e-13,0
268.0,0.015,-0.07,-1.22938202917e-13,0
268.0,0.01,-0.065,-1.09209936667e-13,0
268.0,0.015,-0.065,-1.01400165804e-13,0
268.0,0.01,-0.06,-8.62708612572e-14,0
268.0,0.015,-0.06,-8.04454581609e-14,0
268.0,0.01,-0.055,-6.38862644801e-14,0
268.0,0.015,-0.055,-6.00297997996e-14,0
268.0,0.01,-0.05,-4.24127893228e-14,0
268.0,0.015,-0.05,-4.04761986313e-14,0
268.0,0.01,-0.045,-2.25489730175e-14,0
268.0,0.015,-0.045,-2.23989794915e-14,0
268.0,0.01,-0.04,-5.29527414378e-15,0
268.0,0.015,-0.04,-6.681595052e-15,0
268.0,0.01,-0.035,8.01702269561e-15,0
268.0,0.015,-0.035,5.47464207097e-15,0
268.0,0.01,-0.03,1.78973782041e-14,0
268.0,0.015,-0.03,1.46085659862e-14,0
268.0,0.01,-0.025,2.59457777391e-14,0
268.0,0.015,-0.025,2.23340464199e-14,0
268.0,0.01,-0.02,3.20194057711e-14,0
268.0,0.01,-0.015,3.60808826036e-14,0
268.0,0.015,-0.02,2.86478133369e-14,0
268.0,0.015,-0.015,3.37996469302e-14,0
268.0,0.00999280436795,-0.0116358337096,3.73962449157e-14,0
268.0,0.0105889214373,-0.00845762197625,3.78125875048e-14,0
268.0,0.015,-0.01,3.74902453336e-14,0
268.0,0.00939947397025,-0.005,3.63556558963e-14,0
268.0,0.015,-0.005,3.94470059173e-14,0
268.0,0.00658051136513,-0.00296146438142,2.87768670902e-14,0
268.0,0.00636794669772,-3.54305826484e-06,2.46991509227e-14,0
268.0,0.00795807888052,-0.00113999998936,3.20145080361e-14,0
268.0,0.00758147027913,0.00183630393596,3.07984888369e-14,0
268.0,0.0112534647756,-1.47536350887e-07,3.83340783764e-14,0
268.0,0.015,4.16333634234e-19,4.00307416562e-14,0
268.0,0.00939942566771,0.005,3.56741990138e-14,0
268.0,0.015,0.005,3.89202834499e-14,0
268.0,0.00999018807453,0.0109670628501,3.67609432111e-14,0
268.0,0.01,0.015,3.55397284637e-14,0
268.0,0.015,0.01,3.69007633049e-14,0
268.0,0.015,0.015,3.34261660354e-14,0
268.0,0.01,0.02,3.18419804568e-14,0
268.0,0.01,0.025,2.61227093471e-14,0
268.0,0.015,0.02,2.85595317573e-14,0
268.0,0.015,0.025,2.25678804303e-14,0
268.0,0.01,0.03,1.84104178751e-14,0
268.0,0.01,0.035,8.81530925987e-15,0
268.0,0.015,0.03,1.51913873372e-14,0
268.0,0.015,0.035,6.40934218397e-15,0
268.0,0.01,0.04,-4.30720975846e-15,0
268.0,0.01,0.045,-2.14721479501e-14,0
268.0,0.015,0.04,-5.43726376791e-15,0
268.0,0.015,0.045,-2.09512938159e-14,0
268.0,0.01,0.05,-4.13301409812e-14,0
268.0,0.01,0.055,-6.28653793999e-14,0
268.0,0.015,0.05,-3.89147696847e-14,0
268.0,0.015,0.055,-5.84178597733e-14,0
268.0,0.01,0.06,-8.53553171564e-14,0
268.0,0.01,0.065,-1.08418885192e-13,0
268.0,0.015,0.06,-7.88150686719e-14,0
268.0,0.015,0.065,-9.97573040933e-14,0
268.0,0.01,0.07,-1.3205234752e-13,0
268.0,0.01,0.075,-1.56762417245e-13,0
268.0,0.015,0.07,-1.21264456372e-13,0
268.0,0.015,0.075,-1.43775668262e-13,0
268.0,0.02,-0.075,-1.28359666338e-13,0
268.0,0.02,-0.07,-1.08601413553e-13,0
268.0,0.025,-0.075,-1.06307821711e-13,0
268.0,0.025,-0.07,-9.01186057369e-14,0
268.0,0.02,-0.065,-8.9841673218e-14,0
268.0,0.025,-0.065,-7.48181732592e-14,0
268.0,0.02,-0.06,-7.16494592463e-14,0
268.0,0.025,-0.06,-6.00803438466e-14,0
268.0,0.02,-0.055,-5.39950306203e-14,0
268.0,0.025,-0.055,-4.58685738193e-14,0
268.0,0.02,-0.05,-3.71319549423e-14,0
268.0,0.025,-0.05,-3.23893177978e-14,0
268.0,0.02,-0.045,-2.1570004067e-14,0
268.0,0.025,-0.045,-2.0012616285e-14,0
268.0,0.02,-0.04,-8.02944996619e-15,0
268.0,0.025,-0.04,-9.24744013277e-15,0
268.0,0.02,-0.035,2.53030760174e-15,0
268.0,0.025,-0.035,-7.6341687433e-16,0
268.0,0.02,-0.03,1.05829632151e-14,0
268.0,0.025,-0.03,5.83423334937e-15,0
268.0,0.02,-0.025,1.75543285621e-14,0
268.0,0.025,-0.025,1.16073857814e-14,0
268.0,0.02,-0.02,2.3532699498e-14,0
268.0,0.025,-0.02,1.66016122777e-14,0
268.0,0.02,-0.015,2.88189881751e-14,0
268.0,0.025,-0.015,2.10096755292e-14,0
268.0,0.02,-0.01,3.3123092023e-14,0
268.0,0.025,-0.01,2.45091921279e-14,0
268.0,0.02,-0.005,3.56343047306e-14,0
268.0,0.025,-0.005,2.67964334139e-14,0
268.0,0.02,0,3.63439301826e-14,0
268.0,0.025,4.16333634234e-19,2.76158261169e-14,0
268.0,0.02,0.005,3.5298560416e-14,0
268.0,0.025,0.005,2.650333449e-14,0
268.0,0.02,0.01,3.27162932141e-14,0
268.0,0.025,0.01,2.41012728784e-14,0
268.0,0.02,0.015,2.85607701932e-14,0
268.0,0.025,0.015,2.0727271229e-14,0
268.0,0.02,0.02,2.34977313317e-14,0
268.0,0.02,0.025,1.78304075159e-14,0
268.0,0.025,0.02,1.65419241671e-14,0
268.0,0.025,0.025,1.18695091481e-14,0
268.0,0.02,0.03,1.12426391376e-14,0
268.0,0.02,0.035,3.61283515227e-15,0
268.0,0.025,0.03,6.53312146362e-15,0
268.0,0.025,0.035,4.35530753663e-16,0
268.0,0.02,0.04,-6.55828116215e-15,0
268.0,0.02,0.045,-1.98210593783e-14,0
268.0,0.025,0.04,-7.61179587091e-15,0
268.0,0.025,0.045,-1.80737619332e-14,0
268.0,0.02,0.05,-3.51928566069e-14,0
268.0,0.02,0.055,-5.19137455351e-14,0
268.0,0.025,0.05,-3.02180369903e-14,0
268.0,0.025,0.055,-4.34855387814e-14,0
268.0,0.02,0.06,-6.94416050973e-14,0
268.0,0.02,0.065,-8.74967377388e-14,0
268.0,0.025,0.06,-5.74749819046e-14,0
268.0,0.025,0.065,-7.19625718561e-14,0
268.0,0.02,0.07,-1.06087006182e-13,0
268.0,0.02,0.075,-1.25619238206e-13,0
268.0,0.025,0.07,-8.69685439752e-14,0
268.0,0.025,0.075,-1.02797527108e-13,0
268.0,0.03,-0.075,-8.00776950313e-14,0
268.0,0.03,-0.07,-6.80202053379e-14,0
268.0,0.035,-0.075,-5.04758081548e-14,0
268.0,0.035,-0.07,-4.29857282971e-14,0
268.0,0.03,-0.065,-5.67426977237e-14,0
268.0,0.035,-0.065,-3.6124900041e-14,0
268.0,0.03,-0.06,-4.60040432031e-14,0
268.0,0.035,-0.06,-2.97837886971e-14,0
268.0,0.03,-0.055,-3.57972637681e-14,0
268.0,0.035,-0.055,-2.39748431458e-14,0
268.0,0.03,-0.05,-2.62626701609e-14,0
268.0,0.035,-0.05,-1.87963022125e-14,0
268.0,0.03,-0.045,-1.76489565435e-14,0
268.0,0.035,-0.045,-1.43684326083e-14,0
268.0,0.03,-0.04,-1.0234227268e-14,0
268.0,0.035,-0.04,-1.07813490205e-14,0
268.0,0.03,-0.035,-4.30993708575e-15,0
268.0,0.035,-0.035,-7.95118202994e-15,0
268.0,0.03,-0.03,4.47567098456e-16,0
268.0,0.035,-0.03,-5.41286132502e-15,0
268.0,0.03,-0.025,4.60638231968e-15,0
268.0,0.035,-0.025,-3.2520774387e-15,0
268.0,0.03,-0.02,8.12811098909e-15,0
268.0,0.035,-0.02,-1.54826513988e-15,0
268.0,0.03,-0.015,1.11427150141e-14,0
268.0,0.035,-0.015,-5.09716402173e-17,0
268.0,0.03,-0.01,1.35267393238e-14,0
268.0,0.035,-0.01,1.17303278838e-15,0
268.0,0.03,-0.005,1.52641129072e-14,0
268.0,0.035,-0.005,2.15395974057e-15,0
268.0,0.03,0,1.59302815675e-14,0
268.0,0.035,4.16333634234e-19,2.55587565343e-15,0
268.0,0.03,0.005,1.49816587352e-14,0
268.0,0.035,0.005,1.9391123602e-15,0
268.0,0.03,0.01,1.31118314482e-14,0
268.0,0.035,0.01,8.43178410545e-16,0
268.0,0.03,0.015,1.08089817765e-14,0
268.0,0.035,0.015,-3.46613688664e-16,0
268.0,0.03,0.02,8.00125889256e-15,0
268.0,0.035,0.02,-1.70003268329e-15,0
268.0,0.03,0.025,4.78407698915e-15,0
268.0,0.035,0.025,-3.20181793137e-15,0
268.0,0.03,0.03,1.11436792735e-15,0
268.0,0.03,0.035,-3.05706986988e-15,0
268.0,0.035,0.03,-4.89100772612e-15,0
268.0,0.035,0.035,-6.7994439854e-15,0
268.0,0.03,0.04,-8.55416588398e-15,0
268.0,0.03,0.045,-1.56971874694e-14,0
268.0,0.035,0.04,-9.31592536304e-15,0
268.0,0.035,0.045,-1.2673014031e-14,0
268.0,0.03,0.05,-2.40606669817e-14,0
268.0,0.03,0.055,-3.33190615093e-14,0
268.0,0.035,0.05,-1.6807003289e-14,0
268.0,0.035,0.055,-2.16259727435e-14,0
268.0,0.03,0.06,-4.32116973272e-14,0
268.0,0.03,0.065,-5.35945886929e-14,0
268.0,0.035,0.06,-2.70242717754e-14,0
268.0,0.035,0.065,-3.29083352367e-14,0
268.0,0.03,0.07,-6.44652827226e-14,0
268.0,0.03,0.075,-7.60470508146e-14,0
268.0,0.035,0.07,-3.92628306089e-14,0
268.0,0.035,0.075,-4.61821899639e-14,0
268.0,0.04,-0.075,-1.84799366833e-14,0
268.0,0.04,-0.07,-1.57901126078e-14,0
268.0,0.045,-0.075,1.48747727869e-14,0
268.0,0.045,-0.07,1.27122041722e-14,0
268.0,0.04,-0.065,-1.35768720372e-14,0
268.0,0.045,-0.065,1.02279900109e-14,0
268.0,0.04,-0.06,-1.18554982733e-14,0
268.0,0.045,-0.06,7.26729635488e-15,0
268.0,0.04,-0.055,-1.0676709275e-14,0
268.0,0.045,-0.055,3.74571098017e-15,0
268.0,0.04,-0.05,-1.00871164066e-14,0
268.0,0.045,-0.05,-3.44205657339e-16,0
268.0,0.04,-0.045,-1.00969205548e-14,0
268.0,0.045,-0.045,-4.90523331437e-15,0
268.0,0.04,-0.04,-1.05963554639e-14,0
268.0,0.045,-0.04,-9.71626957469e-15,0
268.0,0.04,-0.035,-1.12574960286e-14,0
268.0,0.045,-0.035,-1.43332554031e-14,0
268.0,0.04,-0.03,-1.17167809606e-14,0
268.0,0.045,-0.03,-1.8240972313e-14,0
268.0,0.04,-0.025,-1.20458830973e-14,0
268.0,0.045,-0.025,-2.14691521667e-14,0
268.0,0.04,-0.02,-1.22701485368e-14,0
268.0,0.045,-0.02,-2.37784347728e-14,0
268.0,0.04,-0.015,-1.23720089761e-14,0
268.0,0.045,-0.015,-2.56050229169e-14,0
268.0,0.04,-0.01,-1.23640836779e-14,0
268.0,0.045,-0.01,-2.69553073848e-14,0
268.0,0.04,-0.005,-1.21946613243e-14,0
268.0,0.045,-0.005,-2.77335650616e-14,0
268.0,0.04,0,-1.20988544971e-14,0
268.0,0.045,4.16333634234e-19,-2.8044625062e-14,0
268.0,0.04,0.005,-1.23299057599e-14,0
268.0,0.045,0.005,-2.77813069456e-14,0
268.0,0.04,0.01,-1.25707567564e-14,0
268.0,0.045,0.01,-2.70381231258e-14,0
268.0,0.04,0.015,-1.25475110017e-14,0
268.0,0.045,0.015,-2.56589624741e-14,0
268.0,0.04,0.02,-1.23114028572e-14,0
268.0,0.045,0.02,-2.36680641401e-14,0
268.0,0.04,0.025,-1.18934049485e-14,0
268.0,0.045,0.025,-2.11213893201e-14,0
268.0,0.04,0.03,-1.13278911582e-14,0
268.0,0.045,0.03,-1.80144458445e-14,0
268.0,0.04,0.035,-1.06457304042e-14,0
268.0,0.045,0.035,-1.44142756411e-14,0
268.0,0.04,0.04,-9.7662424676e-15,0
268.0,0.04,0.045,-8.94766700461e-15,0
268.0,0.045,0.04,-9.64903200148e-15,0
268.0,0.045,0.045,-4.4204026899e-15,0
268.0,0.04,0.05,-8.5347439877e-15,0
268.0,0.04,0.055,-8.66014388443e-15,0
268.0,0.045,0.05,6.46041290014e-16,0
268.0,0.045,0.055,5.29173056535e-15,0
268.0,0.04,0.06,-9.32823335484e-15,0
268.0,0.04,0.065,-1.04994762538e-14,0
268.0,0.045,0.06,9.40809797429e-15,0
268.0,0.045,0.065,1.29942216657e-14,0
268.0,0.04,0.07,-1.21215581316e-14,0
268.0,0.04,0.075,-1.41657867619e-14,0
268.0,0.045,0.07,1.61354511409e-14,0
268.0,0.045,0.075,1.89962376111e-14,0
268.0,0.05,-0.075,4.8528225652e-14,0
268.0,0.05,-0.07,4.16535648063e-14,0
268.0,0.055,-0.075,8.14634529071e-14,0
268.0,0.055,-0.07,7.02234679504e-14,0
268.0,0.05,-0.065,3.45901871043e-14,0
268.0,0.055,-0.065,5.88594625108e-14,0
268.0,0.05,-0.06,2.70397111455e-14,0
268.0,0.055,-0.06,4.69365924139e-14,0
268.0,0.05,-0.055,1.88755343598e-14,0
268.0,0.055,-0.055,3.42934046404e-14,0
268.0,0.05,-0.05,1.01346725101e-14,0
268.0,0.055,-0.05,2.09995055677e-14,0
268.0,0.05,-0.045,1.00139965402e-15,0
268.0,0.055,-0.045,7.33458826077e-15,0
268.0,0.05,-0.04,-8.17525287923e-15,0
268.0,0.055,-0.04,-6.26550377556e-15,0
268.0,0.05,-0.035,-1.69007404915e-14,0
268.0,0.055,-0.035,-1.92402210951e-14,0
268.0,0.05,-0.03,-2.46506348155e-14,0
268.0,0.055,-0.03,-3.10504081432e-14,0
268.0,0.05,-0.025,-3.11639150352e-14,0
268.0,0.055,-0.025,-4.12746745147e-14,0
268.0,0.05,-0.02,-3.63028932699e-14,0
268.0,0.055,-0.02,-4.96888976163e-14,0
268.0,0.05,-0.015,-4.03238458393e-14,0
268.0,0.055,-0.015,-5.63313070899e-14,0
268.0,0.05,-0.01,-4.32995704634e-14,0
268.0,0.055,-0.01,-6.11947402769e-14,0
268.0,0.05,-0.005,-4.51574590738e-14,0
268.0,0.055,-0.005,-6.41944622507e-14,0
268.0,0.05,0,-4.58175725204e-14,0
268.0,0.055,4.16333634234e-19,-6.52184458021e-14,0
268.0,0.05,0.005,-4.51490939563e-14,0
268.0,0.055,0.005,-6.41837464882e-14,0
268.0,0.05,0.01,-4.32944467036e-14,0
268.0,0.055,0.01,-6.11953069227e-14,0
268.0,0.05,0.015,-4.02969848181e-14,0
268.0,0.055,0.015,-5.63607977743e-14,0
268.0,0.05,0.02,-3.618920763e-14,0
268.0,0.055,0.02,-4.97567710399e-14,0
268.0,0.05,0.025,-3.10072249929e-14,0
268.0,0.055,0.025,-4.14661122359e-14,0
268.0,0.05,0.03,-2.47568529542e-14,0
268.0,0.055,0.03,-3.15575602432e-14,0
268.0,0.05,0.035,-1.7374288868e-14,0
268.0,0.055,0.035,-2.00846555496e-14,0
268.0,0.05,0.04,-8.6348147832e-15,0
268.0,0.055,0.04,-7.1374440109e-15,0
268.0,0.05,0.045,8.99398746358e-16,0
268.0,0.055,0.045,6.738209476e-15,0
268.0,0.05,0.05,1.05493426957e-14,0
268.0,0.05,0.055,1.98861969975e-14,0
268.0,0.055,0.05,2.08700268551e-14,0
268.0,0.055,0.055,3.47473092421e-14,0
268.0,0.05,0.06,2.86926212342e-14,0
268.0,0.05,0.065,3.69174598698e-14,0
268.0,0.055,0.06,4.80430968488e-14,0
268.0,0.055,0.065,6.0659970741e-14,0
268.0,0.05,0.07,4.46805079e-14,0
268.0,0.05,0.075,5.22856578446e-14,0
268.0,0.055,0.07,7.27447511362e-14,0
268.0,0.055,0.075,8.47282427696e-14,0
268.0,0.06,-0.075,1.12864017682e-13,0
268.0,0.06,-0.07,9.77635364653e-14,0
268.0,0.065,-0.075,1.4213894926e-13,0
268.0,0.065,-0.07,1.2388966321e-13,0
268.0,0.06,-0.065,8.25148350906e-14,0
268.0,0.065,-0.065,1.05285581338e-13,0
268.0,0.06,-0.06,6.6541041898e-14,0
268.0,0.065,-0.06,8.56294737315e-14,0
268.0,0.06,-0.055,4.96433590094e-14,0
268.0,0.065,-0.055,6.47289137305e-14,0
268.0,0.06,-0.05,3.19423017105e-14,0
268.0,0.065,-0.05,4.27605810077e-14,0
268.0,0.06,-0.045,1.37953838344e-14,0
268.0,0.065,-0.045,2.01913152435e-14,0
268.0,0.06,-0.04,-4.25679665685e-15,0
268.0,0.065,-0.04,-2.33394196445e-15,0
268.0,0.06,-0.035,-2.15873585816e-14,0
268.0,0.065,-0.035,-2.40739236965e-14,0
268.0,0.06,-0.03,-3.7568523748e-14,0
268.0,0.065,-0.03,-4.42949594152e-14,0
268.0,0.06,-0.025,-5.16771274072e-14,0
268.0,0.065,-0.025,-6.23457401518e-14,0
268.0,0.06,-0.02,-6.35481921582e-14,0
268.0,0.065,-0.02,-7.77196909627e-14,0
268.0,0.06,-0.015,-7.30077754222e-14,0
268.0,0.065,-0.015,-9.00504527772e-14,0
268.0,0.06,-0.01,-7.99164728118e-14,0
268.0,0.065,-0.01,-9.90830161209e-14,0
268.0,0.06,-0.005,-8.41526441154e-14,0
268.0,0.065,-0.005,-1.04611769522e-13,0
268.0,0.06,0,-8.5593343831e-14,0
268.0,0.065,4.16333634234e-19,-1.06513375265e-13,0
268.0,0.06,0.005,-8.41964488061e-14,0
268.0,0.065,0.005,-1.04740508919e-13,0
268.0,0.06,0.01,-8.00295433999e-14,0
268.0,0.065,0.01,-9.93654774377e-14,0
268.0,0.06,0.015,-7.32270558238e-14,0
268.0,0.065,0.015,-9.05295837092e-14,0
268.0,0.06,0.02,-6.39234526036e-14,0
268.0,0.065,0.02,-7.84480514689e-14,0
268.0,0.06,0.025,-5.22877896188e-14,0
268.0,0.065,0.025,-6.33765905336e-14,0
268.0,0.06,0.03,-3.84975652394e-14,0
268.0,0.065,0.03,-4.56487042791e-14,0
268.0,0.06,0.035,-2.27913584107e-14,0
268.0,0.065,0.035,-2.56775113266e-14,0
268.0,0.06,0.04,-5.51529499876e-15,0
268.0,0.065,0.04,-4.01108899197e-15,0
268.0,0.06,0.045,1.27372674996e-14,0
268.0,0.065,0.045,1.86572506319e-14,0
268.0,0.06,0.05,3.12868863454e-14,0
268.0,0.065,0.05,4.1569121704e-14,0
268.0,0.06,0.055,4.95317279866e-14,0
268.0,0.065,0.055,6.40370008317e-14,0
268.0,0.06,0.06,6.70658545809e-14,0
268.0,0.06,0.065,8.37321732113e-14,0
268.0,0.065,0.06,8.55473286467e-14,0
268.0,0.065,0.065,1.05883292108e-13,0
268.0,0.06,0.07,9.97050555067e-14,0
268.0,0.06,0.075,1.1554919401e-13,0
268.0,0.065,0.07,1.25205841297e-13,0
268.0,0.065,0.075,1.44191794304e-13,0
268.0,0.07,-0.075,1.69216981981e-13,0
268.0,0.07,-0.07,1.48646560117e-13,0
268.0,0.075,-0.075,1.94612969778e-13,0
268.0,0.075,-0.07,1.72687128292e-13,0
268.0,0.07,-0.065,1.27253818014e-13,0
268.0,0.075,-0.065,1.49012203891e-13,0
268.0,0.07,-0.06,1.04281585343e-13,0
268.0,0.075,-0.06,1.22966574228e-13,0
268.0,0.07,-0.055,7.95767893433e-14,0
268.0,0.075,-0.055,9.4512435036e-14,0
268.0,0.07,-0.05,5.34307398512e-14,0
268.0,0.075,-0.05,6.41384758419e-14,0
268.0,0.07,-0.045,2.6439789467e-14,0
268.0,0.075,-0.045,3.25907068583e-14,0
268.0,0.07,-0.04,-6.08270202715e-16,0
268.0,0.075,-0.04,8.44857610483e-16,0
268.0,0.07,-0.035,-2.68356073024e-14,0
268.0,0.075,-0.035,-3.0051324496e-14,0
268.0,0.07,-0.03,-5.13662723094e-14,0
268.0,0.075,-0.03,-5.90627461866e-14,0
268.0,0.07,-0.025,-7.3409812314e-14,0
268.0,0.075,-0.025,-8.52194235302e-14,0
268.0,0.07,-0.02,-9.23004689837e-14,0
268.0,0.075,-0.02,-1.07730487796e-13,0
268.0,0.07,-0.015,-1.07531670625e-13,0
268.0,0.075,-0.015,-1.25911049056e-13,0
268.0,0.07,-0.01,-1.18708760438e-13,0
268.0,0.075,-0.01,-1.3930334941e-13,0
268.0,0.07,-0.005,-1.25572379536e-13,0
268.0,0.075,-0.005,-1.47517306987e-13,0
268.0,0.07,0,-1.27945115172e-13,0
268.0,0.075,0,-1.50393255402e-13,0
268.0,0.07,0.005,-1.25793045093e-13,0
268.0,0.075,0.005,-1.47825370033e-13,0
268.0,0.07,0.01,-1.19174173191e-13,0
268.0,0.075,0.01,-1.39943569155e-13,0
268.0,0.07,0.015,-1.08282941064e-13,0
268.0,0.075,0.015,-1.26923651829e-13,0
268.0,0.07,0.02,-9.33828190914e-14,0
268.0,0.075,0.02,-1.09155616138e-13,0
268.0,0.07,0.025,-7.48544807904e-14,0
268.0,0.075,0.025,-8.70751043766e-14,0
268.0,0.07,0.03,-5.3159044251e-14,0
268.0,0.075,0.03,-6.13194891051e-14,0
268.0,0.07,0.035,-2.88898215043e-14,0
268.0,0.075,0.035,-3.26113497476e-14,0
268.0,0.07,0.04,-2.76370381604e-15,0
268.0,0.075,0.04,-1.85606235969e-15,0
268.0,0.07,0.045,2.43836285838e-14,0
268.0,0.075,0.045,2.99493408496e-14,0
268.0,0.07,0.05,5.16705422373e-14,0
268.0,0.075,0.05,6.17587783714e-14,0
268.0,0.07,0.055,7.82785332332e-14,0
268.0,0.075,0.055,9.25708283539e-14,0
268.0,0.07,0.06,1.03569003335e-13,0
268.0,0.075,0.06,1.21596993544e-13,0
268.0,0.07,0.065,1.27207648201e-13,0
268.0,0.075,0.065,1.48303751987e-13,0
268.0,0.07,0.07,1.49311553936e-13,0
268.0,0.07,0.075,1.70611264369e-13,0
268.0,0.075,0.07,1.72688043491e-13,0
268.0,0.075,0.075,1.95340780197e-13,0
270.0,-0.00382671281566,-0.00202612167119,0,0
270.0,-0.005,-0.005,2.63175304055e-14,0
270.0,-0.00197892066871,-0.00385133392306,0,0
270.0,-0.005,-0.00190753787223,1.56065596927e-14,0
270.0,-0.00433,0,0,0
270.0,-0.00190753787223,-0.005,1.54957604081e-14,0
270.0,0,-0.00433,0,0
270.0,-0.005,0.00190775150599,1.56016749838e-14,0
270.0,-0.00385133392306,0.00197892066871,0,0
270.0,0.00190775150599,-0.005,1.54828241769e-14,0
270.0,0.00202612167119,-0.00382671281566,0,0
270.0,-0.00202612167119,0.00382671281566,0,0
270.0,-0.005,0.005,2.62494838463e-14,0
270.0,-0.0019094272225,0.005,1.55180270398e-14,0
270.0,0,0.00433,0,0
270.0,0.00147766755988,0.00407006125046,0,0
270.0,8.32667268469e-19,0.005,1.17592360937e-14,0
270.0,0.00433,0,0,0
270.0,0.005,1.38777878078e-18,1.13997845839e-14,0
270.0,0.00407006125046,0.00147766755988,0,0
270.0,0.005,-0.005,2.69692008016e-14,0
270.0,0.00385133392306,-0.00197892066871,0,0
270.0,0.005,-0.0019094272225,1.56709442095e-14,0
270.0,0.00306177236254,0.00306177236254,0,0
270.0,0.0019094272225,0.005,1.56772096126e-14,0
270.0,0.005,0.0019094272225,1.57201229015e-14,0
270.0,-0.000885,-0.0015328649647,1.27151644584e-12,0
270.0,-0.0015328649647,-0.000885,1.27163882726e-12,0
270.0,-0.00186450691264,-0.00187567167242,8.43022990263e-13,0
270.0,-0.00177,0,1.27133056127e-12,0
270.0,-0.00268433516245,-0.000738983120158,7.59104761078e-13,0
270.0,0,-0.00177,1.27147808308e-12,0
270.0,-0.000718432264205,-0.00269192408424,7.57398598707e-13,0
270.0,-0.0015328649647,0.000885,1.26982608878e-12,0
270.0,-0.00265321485144,0.000647311733689,7.89887639887e-13,0
270.0,-0.000885,0.0015328649647,1.26819857919e-12,0
270.0,-0.00194719253591,0.00178443766524,8.43949294595e-13,0
270.0,0,0.00177,1.26409241786e-12,0
270.0,-0.000802720381054,0.00273415977115,7.17498391086e-13,0
270.0,0.000885,-0.0015328649647,1.27016692257e-12,0
270.0,0.00075154031863,-0.00270385456952,7.45288644188e-13,0
270.0,0.00177,0,1.26243218143e-12,0
270.0,0.0015328649647,-0.000885,1.2680145033e-12,0
270.0,0.00271471102228,-0.000564731152102,7.60912382504e-13,0
270.0,0.00192394637685,-0.00189207206672,8.10093923223e-13,0
270.0,0.00231817117671,0.00040530921667,9.87908099424e-13,0
270.0,0.0015328649647,0.000885,1.26069854237e-12,0
270.0,0.000885,0.0015328649647,1.26140360135e-12,0
270.0,0.000427053001345,0.00287092483521,6.8218796035e-13,0
270.0,0.00187618296239,0.00184774001435,8.33338270743e-13,0
270.0,0.00312733402203,0.000607809752493,5.19197922447e-13,0
270.0,0.00276214303706,0.00136595635004,5.76858104651e-13,0
270.0,0.0014100336009,0.00268674970267,6.0477033766e-13,0
270.0,-0.075,-0.075,1.70056752282e-13,0
270.0,-0.07,-0.075,1.51322506196e-13,0
270.0,-0.075,-0.07,1.47475298939e-13,0
270.0,-0.07,-0.07,1.30006731077e-13,0
270.0,-0.075,-0.065,1.23310369014e-13,0
270.0,-0.07,-0.065,1.08003371814e-13,0
270.0,-0.065,-0.075,1.30938911581e-13,0
270.0,-0.065,-0.07,1.11768688068e-13,0
270.0,-0.065,-0.065,9.2385257838e-14,0
270.0,-0.075,-0.06,9.70518505881e-14,0
270.0,-0.07,-0.06,8.46648535464e-14,0
270.0,-0.065,-0.06,7.21798173885e-14,0
270.0,-0.075,-0.055,6.87365380691e-14,0
270.0,-0.07,-0.055,5.99110669726e-14,0
270.0,-0.065,-0.055,5.10249094528e-14,0
270.0,-0.075,-0.05,3.8892891737e-14,0
270.0,-0.07,-0.05,3.40777603694e-14,0
270.0,-0.065,-0.05,2.91399393614e-14,0
270.0,-0.075,-0.045,8.27173871731e-15,0
270.0,-0.07,-0.045,7.77200648228e-15,0
270.0,-0.065,-0.045,7.01412726916e-15,0
270.0,-0.075,-0.04,-2.21892593121e-14,0
270.0,-0.07,-0.04,-1.82443247465e-14,0
270.0,-0.075,-0.035,-5.15272898928e-14,0
270.0,-0.07,-0.035,-4.31675729038e-14,0
270.0,-0.065,-0.04,-1.47172840771e-14,0
270.0,-0.065,-0.035,-3.53708106179e-14,0
270.0,-0.075,-0.03,-7.88294793344e-14,0
270.0,-0.07,-0.03,-6.62440071799e-14,0
270.0,-0.075,-0.025,-1.03265131249e-13,0
270.0,-0.07,-0.025,-8.68307220946e-14,0
270.0,-0.065,-0.03,-5.43397156747e-14,0
270.0,-0.065,-0.025,-7.11525526179e-14,0
270.0,-0.075,-0.02,-1.24155120624e-13,0
270.0,-0.07,-0.02,-1.04377313542e-13,0
270.0,-0.075,-0.015,-1.40874050678e-13,0
270.0,-0.07,-0.015,-1.18431215483e-13,0
270.0,-0.065,-0.02,-8.54494380388e-14,0
270.0,-0.065,-0.015,-9.69005740858e-14,0
270.0,-0.075,-0.01,-1.52965410099e-13,0
270.0,-0.07,-0.01,-1.28579047271e-13,0
270.0,-0.075,-0.005,-1.60015707834e-13,0
270.0,-0.07,-0.005,-1.34514808712e-13,0
270.0,-0.065,-0.01,-1.05201740389e-13,0
270.0,-0.065,-0.005,-1.10057368249e-13,0
270.0,-0.075,0,-1.61842063223e-13,0
270.0,-0.07,0,-1.36025954177e-13,0
270.0,-0.075,0.005,-1.58356478078e-13,0
270.0,-0.07,0.005,-1.33083867026e-13,0
270.0,-0.065,4.16333634234e-19,-1.11283460322e-13,0
270.0,-0.065,0.005,-1.08831126599e-13,0
270.0,-0.075,0.01,-1.49741489392e-13,0
270.0,-0.07,0.01,-1.25803401038e-13,0
270.0,-0.075,0.015,-1.36267803141e-13,0
270.0,-0.07,0.015,-1.14476612106e-13,0
270.0,-0.065,0.01,-1.02828121102e-13,0
270.0,-0.065,0.015,-9.35330246265e-14,0
270.0,-0.075,0.02,-1.18419448986e-13,0
270.0,-0.07,0.02,-9.94748334783e-14,0
270.0,-0.075,0.025,-9.67055974226e-14,0
270.0,-0.07,0.025,-8.12565606115e-14,0
270.0,-0.065,0.02,-8.13024428451e-14,0
270.0,-0.065,0.025,-6.64789914309e-14,0
270.0,-0.075,0.03,-7.17793271286e-14,0
270.0,-0.07,0.03,-6.02998408747e-14,0
270.0,-0.075,0.035,-4.43320762778e-14,0
270.0,-0.07,0.035,-3.71635935971e-14,0
270.0,-0.065,0.03,-4.94112605162e-14,0
270.0,-0.065,0.035,-3.04661453956e-14,0
270.0,-0.075,0.04,-1.51873710114e-14,0
270.0,-0.07,0.04,-1.2488044422e-14,0
270.0,-0.075,0.045,1.47592944341e-14,0
270.0,-0.07,0.045,1.29871955796e-14,0
270.0,-0.065,0.04,-1.01132707333e-14,0
270.0,-0.065,0.045,1.10467457476e-14,0
270.0,-0.075,0.05,4.45786605558e-14,0
270.0,-0.07,0.05,3.84838667826e-14,0
270.0,-0.075,0.055,7.33776035561e-14,0
270.0,-0.07,0.055,6.32790084706e-14,0
270.0,-0.065,0.05,3.23483915144e-14,0
270.0,-0.065,0.055,5.31899212609e-14,0
270.0,-0.075,0.06,1.00460787398e-13,0
270.0,-0.07,0.06,8.68141131983e-14,0
270.0,-0.075,0.065,1.25359185709e-13,0
270.0,-0.07,0.065,1.08806697724e-13,0
270.0,-0.065,0.06,7.31266153905e-14,0
270.0,-0.065,0.065,9.19876569483e-14,0
270.0,-0.075,0.07,1.48091858909e-13,0
270.0,-0.07,0.07,1.29387190606e-13,0
270.0,-0.075,0.075,1.69215198458e-13,0
270.0,-0.07,0.075,1.49244737545e-13,0
270.0,-0.065,0.07,1.09946356684e-13,0
270.0,-0.065,0.075,1.2764774541e-13,0
270.0,-0.06,-0.075,1.08271611921e-13,0
270.0,-0.06,-0.07,9.20121260227e-14,0
270.0,-0.06,-0.065,7.57766417929e-14,0
270.0,-0.055,-0.075,8.31920193669e-14,0
270.0,-0.055,-0.07,7.05194151047e-14,0
270.0,-0.055,-0.065,5.79404995489e-14,0
270.0,-0.06,-0.06,5.90463885881e-14,0
270.0,-0.06,-0.055,4.1670291158e-14,0
270.0,-0.055,-0.06,4.50429136829e-14,0
270.0,-0.055,-0.055,3.16895452187e-14,0
270.0,-0.06,-0.05,2.38081532377e-14,0
270.0,-0.055,-0.05,1.79747213219e-14,0
270.0,-0.06,-0.045,5.84549712859e-15,0
270.0,-0.055,-0.045,4.21065595537e-15,0
270.0,-0.06,-0.04,-1.16594024564e-14,0
270.0,-0.055,-0.04,-9.1271165695e-15,0
270.0,-0.06,-0.035,-2.81010541861e-14,0
270.0,-0.055,-0.035,-2.143315272e-14,0
270.0,-0.06,-0.03,-4.297896587e-14,0
270.0,-0.06,-0.025,-5.60277310341e-14,0
270.0,-0.055,-0.03,-3.22530637749e-14,0
270.0,-0.055,-0.025,-4.15679014184e-14,0
270.0,-0.06,-0.02,-6.70794881459e-14,0
270.0,-0.06,-0.015,-7.59785980996e-14,0
270.0,-0.055,-0.02,-4.94243429068e-14,0
270.0,-0.055,-0.015,-5.5814264248e-14,0
270.0,-0.06,-0.01,-8.24823953704e-14,0
270.0,-0.06,-0.005,-8.63109881978e-14,0
270.0,-0.055,-0.01,-6.05981584506e-14,0
270.0,-0.055,-0.005,-6.3437911326e-14,0
270.0,-0.06,0,-8.72555464039e-14,0
270.0,-0.06,0.005,-8.52746684488e-14,0
270.0,-0.055,4.16333634234e-19,-6.41163938808e-14,0
270.0,-0.055,0.005,-6.25827316896e-14,0
270.0,-0.06,0.01,-8.0481373799e-14,0
270.0,-0.06,0.015,-7.3154632338e-14,0
270.0,-0.055,0.01,-5.89533075897e-14,0
270.0,-0.055,0.015,-5.35103917287e-14,0
270.0,-0.06,0.02,-6.36361300384e-14,0
270.0,-0.06,0.025,-5.21935448639e-14,0
270.0,-0.055,0.02,-4.66550282629e-14,0
270.0,-0.055,0.025,-3.85268003811e-14,0
270.0,-0.06,0.03,-3.89953454014e-14,0
270.0,-0.06,0.035,-2.42154908157e-14,0
270.0,-0.055,0.03,-2.91407476437e-14,0
270.0,-0.055,0.035,-1.84727444219e-14,0
270.0,-0.06,0.04,-8.11824387072e-15,0
270.0,-0.06,0.045,8.78856448962e-15,0
270.0,-0.055,0.04,-6.53942711971e-15,0
270.0,-0.055,0.045,6.1775859805e-15,0
270.0,-0.06,0.05,2.59096939552e-14,0
270.0,-0.06,0.055,4.27177119481e-14,0
270.0,-0.055,0.05,1.90815099927e-14,0
270.0,-0.055,0.055,3.17290524872e-14,0
270.0,-0.06,0.06,5.88694022949e-14,0
270.0,-0.06,0.065,7.42506499001e-14,0
270.0,-0.055,0.06,4.38500354422e-14,0
270.0,-0.055,0.065,5.53929476949e-14,0
270.0,-0.06,0.07,8.9053949644e-14,0
270.0,-0.06,0.075,1.03828221256e-13,0
270.0,-0.055,0.07,6.65316515913e-14,0
270.0,-0.055,0.075,7.77022253148e-14,0
270.0,-0.05,-0.075,5.60393188672e-14,0
270.0,-0.05,-0.07,4.74569143667e-14,0
270.0,-0.045,-0.075,2.73672912009e-14,0
270.0,-0.045,-0.07,2.32538997344e-14,0
270.0,-0.05,-0.065,3.89549780549e-14,0
270.0,-0.045,-0.065,1.91358170294e-14,0
270.0,-0.05,-0.06,3.02199874661e-14,0
270.0,-0.05,-0.055,2.11239361127e-14,0
270.0,-0.045,-0.06,1.48116902234e-14,0
270.0,-0.045,-0.055,1.0169729795e-14,0
270.0,-0.05,-0.05,1.17075117745e-14,0
270.0,-0.05,-0.045,2.17007858563e-15,0
270.0,-0.045,-0.05,5.1871649744e-15,0
270.0,-0.045,-0.045,-5.33806058554e-17,0
270.0,-0.05,-0.04,-7.0860103763e-15,0
270.0,-0.045,-0.04,-5.32299722797e-15,0
270.0,-0.05,-0.035,-1.54406869515e-14,0
270.0,-0.045,-0.035,-1.00553197307e-14,0
270.0,-0.05,-0.03,-2.23625937106e-14,0
270.0,-0.045,-0.03,-1.35279337179e-14,0
270.0,-0.05,-0.025,-2.81520166555e-14,0
270.0,-0.045,-0.025,-1.64003371461e-14,0
270.0,-0.05,-0.02,-3.29935664909e-14,0
270.0,-0.05,-0.015,-3.69796803737e-14,0
270.0,-0.045,-0.02,-1.86936385272e-14,0
270.0,-0.045,-0.015,-2.04264005212e-14,0
270.0,-0.05,-0.01,-4.01169123487e-14,0
270.0,-0.05,-0.005,-4.19871549567e-14,0
270.0,-0.045,-0.01,-2.18799821125e-14,0
270.0,-0.045,-0.005,-2.27010129511e-14,0
270.0,-0.05,0,-4.23856875865e-14,0
270.0,-0.05,0.005,-4.13042587424e-14,0
270.0,-0.045,4.16333634234e-19,-2.27964362718e-14,0
270.0,-0.045,0.005,-2.21748122275e-14,0
270.0,-0.05,0.01,-3.88126464648e-14,0
270.0,-0.05,0.015,-3.51807265202e-14,0
270.0,-0.045,0.01,-2.0880646624e-14,0
270.0,-0.045,0.015,-1.90668541769e-14,0
270.0,-0.05,0.02,-3.08691177306e-14,0
270.0,-0.05,0.025,-2.58448498911e-14,0
270.0,-0.045,0.02,-1.71064361156e-14,0
270.0,-0.045,0.025,-1.46934617712e-14,0
270.0,-0.05,0.03,-2.00268132218e-14,0
270.0,-0.05,0.035,-1.32643846911e-14,0
270.0,-0.045,0.03,-1.18371710567e-14,0
270.0,-0.045,0.035,-8.54007069898e-15,0
270.0,-0.05,0.04,-5.31004846764e-15,0
270.0,-0.05,0.045,3.29821914573e-15,0
270.0,-0.045,0.04,-4.21444950156e-15,0
270.0,-0.045,0.045,3.84687162711e-16,0
270.0,-0.05,0.05,1.19550345763e-14,0
270.0,-0.05,0.055,2.02918668473e-14,0
270.0,-0.045,0.05,4.72822590946e-15,0
270.0,-0.045,0.055,8.62478572362e-15,0
270.0,-0.05,0.06,2.81499387699e-14,0
270.0,-0.05,0.065,3.55283711116e-14,0
270.0,-0.045,0.06,1.20309019221e-14,0
270.0,-0.045,0.065,1.5005850569e-14,0
270.0,-0.05,0.07,4.25872970756e-14,0
270.0,-0.05,0.075,4.96566528345e-14,0
270.0,-0.045,0.07,1.76882522063e-14,0
270.0,-0.045,0.075,2.02901492196e-14,0
270.0,-0.04,-0.075,-2.04736617806e-15,0
270.0,-0.04,-0.07,-1.49395303356e-15,0
270.0,-0.035,-0.075,-3.13460423516e-14,0
270.0,-0.035,-0.07,-2.60925982632e-14,0
270.0,-0.04,-0.065,-1.05910304207e-15,0
270.0,-0.035,-0.065,-2.10886353629e-14,0
270.0,-0.04,-0.06,-8.33474955423e-16,0
270.0,-0.035,-0.06,-1.63182779499e-14,0
270.0,-0.04,-0.055,-9.12303145225e-16,0
270.0,-0.035,-0.055,-1.1853462252e-14,0
270.0,-0.04,-0.05,-1.37183592824e-15,0
270.0,-0.04,-0.045,-2.24477986023e-15,0
270.0,-0.035,-0.05,-7.83102211205e-15,0
270.0,-0.035,-0.045,-4.40098615812e-15,0
270.0,-0.04,-0.04,-3.44983727747e-15,0
270.0,-0.04,-0.035,-4.69581316048e-15,0
270.0,-0.035,-0.04,-1.6996989609e-15,0
270.0,-0.035,-0.035,1.7143773554e-16,0
270.0,-0.04,-0.03,-5.64379385973e-15,0
270.0,-0.035,-0.03,1.48357610776e-15,0
270.0,-0.04,-0.025,-6.31992987578e-15,0
270.0,-0.035,-0.025,2.72763959882e-15,0
270.0,-0.04,-0.02,-6.68807348886e-15,0
270.0,-0.035,-0.02,3.9340030035e-15,0
270.0,-0.04,-0.015,-6.6772202554e-15,0
270.0,-0.035,-0.015,5.1630978452e-15,0
270.0,-0.04,-0.01,-6.37687266854e-15,0
270.0,-0.04,-0.005,-6.13253084677e-15,0
270.0,-0.035,-0.01,6.42211804237e-15,0
270.0,-0.035,-0.005,7.26655586685e-15,0
270.0,-0.04,0,-5.93461791561e-15,0
270.0,-0.04,0.005,-5.74026900597e-15,0
270.0,-0.035,4.16333634234e-19,7.65317368862e-15,0
270.0,-0.035,0.005,7.55163303875e-15,0
270.0,-0.04,0.01,-5.63179743091e-15,0
270.0,-0.04,0.015,-5.65967990253e-15,0
270.0,-0.035,0.01,6.96297896484e-15,0
270.0,-0.035,0.015,5.90549795635e-15,0
270.0,-0.04,0.02,-5.49938380159e-15,0
270.0,-0.04,0.025,-5.06341234848e-15,0
270.0,-0.035,0.02,4.79356468626e-15,0
270.0,-0.035,0.025,3.61450869303e-15,0
270.0,-0.04,0.03,-4.4445685362e-15,0
270.0,-0.04,0.035,-3.6895435367e-15,0
270.0,-0.035,0.03,2.28647683317e-15,0
270.0,-0.035,0.035,7.63372760262e-16,0
270.0,-0.04,0.04,-2.86817409342e-15,0
270.0,-0.04,0.045,-2.34842816652e-15,0
270.0,-0.035,0.04,-1.52880543514e-15,0
270.0,-0.035,0.045,-4.90432169736e-15,0
270.0,-0.04,0.05,-2.37612346168e-15,0
270.0,-0.04,0.055,-2.99566462983e-15,0
270.0,-0.035,0.05,-9.2166382161e-15,0
270.0,-0.035,0.055,-1.42910098675e-14,0
270.0,-0.04,0.06,-4.13662662106e-15,0
270.0,-0.04,0.065,-5.69002346352e-15,0
270.0,-0.035,0.06,-1.99411199133e-14,0
270.0,-0.035,0.065,-2.59989372865e-14,0
270.0,-0.04,0.07,-7.53741515503e-15,0
270.0,-0.04,0.075,-9.58366328075e-15,0
270.0,-0.035,0.07,-3.23732393325e-14,0
270.0,-0.035,0.075,-3.9078111166e-14,0
270.0,-0.03,-0.075,-5.96173179758e-14,0
270.0,-0.03,-0.07,-4.98008377964e-14,0
270.0,-0.025,-0.075,-8.59368785911e-14,0
270.0,-0.025,-0.07,-7.18803573497e-14,0
270.0,-0.03,-0.065,-4.03804205368e-14,0
270.0,-0.025,-0.065,-5.83510308015e-14,0
270.0,-0.03,-0.06,-3.12244604349e-14,0
270.0,-0.025,-0.06,-4.51360075378e-14,0
270.0,-0.03,-0.055,-2.23975478245e-14,0
270.0,-0.025,-0.055,-3.22794600942e-14,0
270.0,-0.03,-0.05,-1.40929735381e-14,0
270.0,-0.025,-0.05,-2.0049042124e-14,0
270.0,-0.03,-0.045,-6.61137881837e-15,0
270.0,-0.025,-0.045,-8.88267875104e-15,0
270.0,-0.03,-0.04,-3.17940999886e-16,0
270.0,-0.03,-0.035,4.33173156216e-15,0
270.0,-0.025,-0.04,6.34322801432e-16,0
270.0,-0.025,-0.035,7.74238526991e-15,0
270.0,-0.03,-0.03,7.70655201629e-15,0
270.0,-0.03,-0.025,1.0651734914e-14,0
270.0,-0.025,-0.03,1.29417421529e-14,0
270.0,-0.025,-0.025,1.73669586239e-14,0
270.0,-0.03,-0.02,1.31772614806e-14,0
270.0,-0.025,-0.02,2.10131358257e-14,0
270.0,-0.03,-0.015,1.52976832039e-14,0
270.0,-0.025,-0.015,2.39279599442e-14,0
270.0,-0.03,-0.01,1.69639647859e-14,0
270.0,-0.025,-0.01,2.60304750648e-14,0
270.0,-0.03,-0.005,1.80525671589e-14,0
270.0,-0.025,-0.005,2.7265161697e-14,0
270.0,-0.03,0,1.84897639683e-14,0
270.0,-0.03,0.005,1.82574307846e-14,0
270.0,-0.025,4.16333634234e-19,2.7716946476e-14,0
270.0,-0.025,0.005,2.74021859371e-14,0
270.0,-0.03,0.01,1.73495125988e-14,0
270.0,-0.03,0.015,1.58185565703e-14,0
270.0,-0.025,0.01,2.62852629103e-14,0
270.0,-0.025,0.015,2.4266474672e-14,0
270.0,-0.03,0.02,1.37723304615e-14,0
270.0,-0.03,0.025,1.12438989412e-14,0
270.0,-0.025,0.02,2.13894646177e-14,0
270.0,-0.025,0.025,1.77231369026e-14,0
270.0,-0.03,0.03,8.2006539613e-15,0
270.0,-0.03,0.035,4.617448263e-15,0
270.0,-0.025,0.03,1.32020429353e-14,0
270.0,-0.025,0.035,7.81443548791e-15,0
270.0,-0.03,0.04,-4.37125553443e-16,0
270.0,-0.03,0.045,-7.37199028918e-15,0
270.0,-0.025,0.04,3.42096350154e-16,0
270.0,-0.025,0.045,-9.75955056996e-15,0
270.0,-0.03,0.05,-1.56938618784e-14,0
270.0,-0.03,0.055,-2.50010015713e-14,0
270.0,-0.025,0.05,-2.17007094532e-14,0
270.0,-0.025,0.055,-3.4861306486e-14,0
270.0,-0.03,0.06,-3.49568822655e-14,0
270.0,-0.03,0.065,-4.53393871892e-14,0
270.0,-0.025,0.06,-4.8769315019e-14,0
270.0,-0.025,0.065,-6.31282993425e-14,0
270.0,-0.03,0.07,-5.60656632073e-14,0
270.0,-0.03,0.075,-6.72684267055e-14,0
270.0,-0.025,0.07,-7.78771100849e-14,0
270.0,-0.025,0.075,-9.32286445238e-14,0
270.0,-0.02,-0.075,-1.094493599e-13,0
270.0,-0.02,-0.07,-9.16075723635e-14,0
270.0,-0.015,-0.075,-1.29322629759e-13,0
270.0,-0.015,-0.07,-1.0832859783e-13,0
270.0,-0.02,-0.065,-7.44418296977e-14,0
270.0,-0.015,-0.065,-8.81190962336e-14,0
270.0,-0.02,-0.06,-5.7634148061e-14,0
270.0,-0.015,-0.06,-6.83289742893e-14,0
270.0,-0.02,-0.055,-4.12335711514e-14,0
270.0,-0.015,-0.055,-4.89864176099e-14,0
270.0,-0.02,-0.05,-2.55573454855e-14,0
270.0,-0.015,-0.05,-3.04655839005e-14,0
270.0,-0.02,-0.045,-1.11670376437e-14,0
270.0,-0.015,-0.045,-1.34160550776e-14,0
270.0,-0.02,-0.04,1.16634126698e-15,0
270.0,-0.015,-0.04,1.27252046247e-15,0
270.0,-0.02,-0.035,1.04438161636e-14,0
270.0,-0.015,-0.035,1.24235756078e-14,0
270.0,-0.02,-0.03,1.71909972804e-14,0
270.0,-0.02,-0.025,2.28239754762e-14,0
270.0,-0.015,-0.03,2.0509559911e-14,0
270.0,-0.015,-0.025,2.70705064511e-14,0
270.0,-0.02,-0.02,2.73039466459e-14,0
270.0,-0.02,-0.015,3.06921102776e-14,0
270.0,-0.015,-0.02,3.19942595994e-14,0
270.0,-0.015,-0.015,3.52398525111e-14,0
270.0,-0.02,-0.01,3.29304762559e-14,0
270.0,-0.015,-0.01,3.67760665559e-14,0
270.0,-0.02,-0.005,3.40495113886e-14,0
270.0,-0.015,-0.005,3.71112545595e-14,0
270.0,-0.02,0,3.43807603508e-14,0
270.0,-0.015,4.16333634234e-19,3.70740816982e-14,0
270.0,-0.02,0.005,3.41110734766e-14,0
270.0,-0.015,0.005,3.7054982041e-14,0
270.0,-0.02,0.01,3.30432246403e-14,0
270.0,-0.02,0.015,3.08406618927e-14,0
270.0,-0.015,0.01,3.66862378565e-14,0
270.0,-0.015,0.015,3.51424695283e-14,0
270.0,-0.02,0.02,2.74730562924e-14,0
270.0,-0.02,0.025,2.29806512506e-14,0
270.0,-0.015,0.02,3.19275175788e-14,0
270.0,-0.015,0.025,2.70397362887e-14,0
270.0,-0.02,0.03,1.72788746753e-14,0
270.0,-0.02,0.035,1.0388245455e-14,0
270.0,-0.015,0.03,2.04733484069e-14,0
270.0,-0.015,0.035,1.23272503414e-14,0
270.0,-0.02,0.04,8.15629691559e-16,0
270.0,-0.02,0.045,-1.20212762305e-14,0
270.0,-0.015,0.04,9.89021145729e-16,0
270.0,-0.015,0.045,-1.41069080942e-14,0
270.0,-0.02,0.05,-2.70992320972e-14,0
270.0,-0.02,0.055,-4.3613818149e-14,0
270.0,-0.015,0.05,-3.17451539818e-14,0
270.0,-0.015,0.055,-5.09994199682e-14,0
270.0,-0.02,0.06,-6.09689354403e-14,0
270.0,-0.02,0.065,-7.88189267336e-14,0
270.0,-0.015,0.06,-7.118526802e-14,0
270.0,-0.015,0.065,-9.19000085358e-14,0
270.0,-0.02,0.07,-9.70966030268e-14,0
270.0,-0.02,0.075,-1.16119028632e-13,0
270.0,-0.015,0.07,-1.13096577432e-13,0
270.0,-0.015,0.075,-1.35135363918e-13,0
270.0,-0.01,-0.075,-1.44886713975e-13,0
270.0,-0.01,-0.07,-1.21446082691e-13,0
270.0,-0.005,-0.075,-1.55523052165e-13,0
270.0,-0.005,-0.07,-1.30486288892e-13,0
270.0,-0.01,-0.065,-9.89162699967e-14,0
270.0,-0.005,-0.065,-1.06425754081e-13,0
270.0,-0.01,-0.06,-7.68484636585e-14,0
270.0,-0.005,-0.06,-8.28815394974e-14,0
270.0,-0.01,-0.055,-5.52799732423e-14,0
270.0,-0.005,-0.055,-5.98672872267e-14,0
270.0,-0.01,-0.05,-3.460841323e-14,0
270.0,-0.005,-0.05,-3.78103055701e-14,0
270.0,-0.01,-0.045,-1.55519920227e-14,0
270.0,-0.005,-0.045,-1.7463309592e-14,0
270.0,-0.01,-0.04,9.05740925167e-16,0
270.0,-0.005,-0.04,1.52100223051e-16,0
270.0,-0.01,-0.035,1.35291585291e-14,0
270.0,-0.005,-0.035,1.37769899091e-14,0
270.0,-0.01,-0.03,2.27252962594e-14,0
270.0,-0.005,-0.03,2.37343853037e-14,0
270.0,-0.01,-0.025,2.99051603449e-14,0
270.0,-0.005,-0.025,3.11289072998e-14,0
270.0,-0.01,-0.02,3.48807330773e-14,0
270.0,-0.01,-0.015,3.73755166595e-14,0
270.0,-0.005,-0.02,3.58450624403e-14,0
270.0,-0.005,-0.015,3.74584572073e-14,0
270.0,-0.0117873230072,-0.0115873794689,3.74780372118e-14,0
270.0,-0.00939961996336,-0.005,3.44948247716e-14,0
270.0,-0.00792797428371,-0.00964253216809,3.6189804095e-14,0
270.0,-0.005,-0.00939961996336,3.40199845849e-14,0
270.0,-0.0108753492546,-0.00150606400588,3.49408573824e-14,0
270.0,-0.00818101620308,-0.00211452602544,3.03937725731e-14,0
270.0,-0.00651817360753,-0.000255934956239,2.34489380555e-14,0
270.0,-0.005,6.71033969428e-08,1.15132546914e-14,0
270.0,-0.0107292118043,0.00160660295843,3.47362133789e-14,0
270.0,-0.0080188992252,0.000768320427092,2.91723682439e-14,0
270.0,-0.00939946851065,0.005,3.434452982e-14,0
270.0,-0.00802129342231,0.00264911934363,3.0374789285e-14,0
270.0,-0.00887989370213,0.00887989479405,3.60159560767e-14,0
270.0,-0.01,0.015,3.70596723637e-14,0
270.0,-0.005,0.00939947397025,3.37264815974e-14,0
270.0,-0.005,0.015,3.71025367645e-14,0
270.0,-0.01,0.02,3.46451282879e-14,0
270.0,-0.01,0.025,2.98014532392e-14,0
270.0,-0.005,0.02,3.56526777777e-14,0
270.0,-0.005,0.025,3.1223285734e-14,0
270.0,-0.01,0.03,2.27189296378e-14,0
270.0,-0.01,0.035,1.3569628537e-14,0
270.0,-0.005,0.03,2.40506382061e-14,0
270.0,-0.005,0.035,1.41584983125e-14,0
270.0,-0.01,0.04,8.39299180528e-16,0
270.0,-0.01,0.045,-1.59447506424e-14,0
270.0,-0.005,0.04,4.15997576626e-16,0
270.0,-0.005,0.045,-1.74564687587e-14,0
270.0,-0.01,0.05,-3.54911771723e-14,0
270.0,-0.01,0.055,-5.6784376958e-14,0
270.0,-0.005,0.05,-3.8193253543e-14,0
270.0,-0.005,0.055,-6.07560120287e-14,0
270.0,-0.01,0.06,-7.90752861354e-14,0
270.0,-0.01,0.065,-1.01938998468e-13,0
270.0,-0.005,0.06,-8.43669485266e-14,0
270.0,-0.005,0.065,-1.08572001679e-13,0
270.0,-0.01,0.07,-1.25317567633e-13,0
270.0,-0.01,0.075,-1.49651416199e-13,0
270.0,-0.005,0.07,-1.33335157758e-13,0
270.0,-0.005,0.075,-1.59102767393e-13,0
270.0,0,-0.075,-1.60847100058e-13,0
270.0,0,-0.07,-1.35069384432e-13,0
270.0,0.005,-0.075,-1.60551751513e-13,0
270.0,0.005,-0.07,-1.34980854705e-13,0
270.0,0,-0.065,-1.10347143116e-13,0
270.0,0.005,-0.065,-1.10471863515e-13,0
270.0,0,-0.06,-8.61657913914e-14,0
270.0,0.005,-0.06,-8.6535062373e-14,0
270.0,0,-0.055,-6.2546261635e-14,0
270.0,0.005,-0.055,-6.31630826694e-14,0
270.0,0,-0.05,-3.99071521718e-14,0
270.0,0.005,-0.05,-4.07699239586e-14,0
270.0,0,-0.045,-1.9013820888e-14,0
270.0,0.005,-0.045,-2.01020608791e-14,0
270.0,0,-0.04,-9.13003969307e-16,0
270.0,0.005,-0.04,-2.19240783203e-15,0
270.0,0,-0.035,1.31594782051e-14,0
270.0,0.005,-0.035,1.1622830937e-14,0
270.0,0,-0.03,2.34588823124e-14,0
270.0,0.005,-0.03,2.17373435344e-14,0
270.0,0,-0.025,3.09539275925e-14,0
270.0,0.005,-0.025,2.9449522364e-14,0
270.0,0,-0.02,3.55667692111e-14,0
270.0,0.005,-0.02,3.4626974402e-14,0
270.0,0,-0.015,3.69206568604e-14,0
270.0,0.005,-0.015,3.69867655604e-14,0
270.0,-0.0021196717084,-0.00776771017156,2.836343291e-14,0
270.0,-0.00084550708518,-0.00631514607954,2.18400415459e-14,0
270.0,6.71033969406e-08,-0.005,1.1898348883e-14,0
270.0,-0.00139054260708,-0.0110960807567,3.43740897473e-14,0
270.0,0.00132468676756,-0.00775008274642,2.77765425506e-14,0
270.0,0.00160394440688,-0.0116908851489,3.50724586424e-14,0
270.0,0.005,-0.00939946851065,3.43640331788e-14,0
270.0,0.005,0.005,2.62816529243e-14,0
270.0,-0.000107646311398,0.00617659695633,2.08076161543e-14,0
270.0,-0.00190846935279,0.0076427502668,2.75836079307e-14,0
270.0,0.00131146485568,0.00777290068297,2.72990107494e-14,0
270.0,0.00295884413402,0.00640276348073,2.51812110031e-14,0
270.0,-1.21517769428e-05,0.0108932602996,3.34887684447e-14,0
270.0,0,0.015,3.65625374572e-14,0
270.0,0.005,0.00939942566771,3.36618947515e-14,0
270.0,0.005,0.015,3.66203543919e-14,0
270.0,0,0.02,3.55044167293e-14,0
270.0,0,0.025,3.13113279806e-14,0
270.0,0.005,0.02,3.46676519488e-14,0
270.0,0.005,0.025,2.99245900501e-14,0
270.0,0,0.03,2.41461668526e-14,0
270.0,0,0.035,1.38927971985e-14,0
270.0,0.005,0.03,2.25743587706e-14,0
270.0,0.005,0.035,1.26362153762e-14,0
270.0,0,0.04,-2.77673280252e-16,0
270.0,0,0.045,-1.85472465938e-14,0
270.0,0.005,0.04,-1.16548547769e-15,0
270.0,0.005,0.045,-1.91507895383e-14,0
270.0,0,0.05,-3.97254799719e-14,0
270.0,0,0.055,-6.2754119231e-14,0
270.0,0.005,0.05,-4.00005433873e-14,0
270.0,0.005,0.055,-6.26719192704e-14,0
270.0,0,0.06,-8.68444609385e-14,0
270.0,0,0.065,-1.1155071926e-13,0
270.0,0.005,0.06,-8.63939722751e-14,0
270.0,0.005,0.065,-1.10724003554e-13,0
270.0,0,0.07,-1.36826957223e-13,0
270.0,0,0.075,-1.63169108004e-13,0
270.0,0.005,0.07,-1.35641625673e-13,0
270.0,0.005,0.075,-1.61612991667e-13,0
270.0,0.01,-0.075,-1.54607115375e-13,0
270.0,0.01,-0.07,-1.30127264809e-13,0
270.0,0.015,-0.075,-1.43078324262e-13,0
270.0,0.015,-0.07,-1.20599497999e-13,0
270.0,0.01,-0.065,-1.06726488694e-13,0
270.0,0.015,-0.065,-9.91448562963e-14,0
270.0,0.01,-0.06,-8.38973818619e-14,0
270.0,0.015,-0.06,-7.82706063455e-14,0
270.0,0.01,-0.055,-6.16383967853e-14,0
270.0,0.015,-0.055,-5.79493977459e-14,0
270.0,0.01,-0.05,-4.03196849292e-14,0
270.0,0.015,-0.05,-3.85171160337e-14,0
270.0,0.01,-0.045,-2.06467792639e-14,0
270.0,0.015,-0.045,-2.05959186123e-14,0
270.0,0.01,-0.04,-3.61897272493e-15,0
270.0,0.015,-0.04,-5.06903281266e-15,0
270.0,0.01,-0.035,9.44367551913e-15,0
270.0,0.015,-0.035,6.87222132846e-15,0
270.0,0.01,-0.03,1.90706147416e-14,0
270.0,0.015,-0.03,1.57894822692e-14,0
270.0,0.01,-0.025,2.68672205101e-14,0
270.0,0.015,-0.025,2.33018470726e-14,0
270.0,0.01,-0.02,3.26959014725e-14,0
270.0,0.01,-0.015,3.65275386503e-14,0
270.0,0.015,-0.02,2.94109720847e-14,0
270.0,0.015,-0.015,3.4374070178e-14,0
270.0,0.00999280436795,-0.0116358337096,3.77048018918e-14,0
270.0,0.0105889214373,-0.00845762197625,3.80333469293e-14,0
270.0,0.015,-0.01,3.79023427241e-14,0
270.0,0.00939947397025,-0.005,3.64661656832e-14,0
270.0,0.015,-0.005,3.9770490077e-14,0
270.0,0.00658051136513,-0.00296146438142,2.87971115814e-14,0
270.0,0.00636794669772,-3.54305826484e-06,2.47092987161e-14,0
270.0,0.00795807888052,-0.00113999998936,3.20546838855e-14,0
270.0,0.00758147027913,0.00183630393596,3.08470271836e-14,0
270.0,0.0112534647756,-1.47536350887e-07,3.84971816372e-14,0
270.0,0.015,4.16333634234e-19,4.03848114273e-14,0
270.0,0.00939942566771,0.005,3.5878670326e-14,0
270.0,0.015,0.005,3.94216803777e-14,0
270.0,0.00999018807453,0.0109670628501,3.72780337775e-14,0
270.0,0.01,0.015,3.6284234306e-14,0
270.0,0.015,0.01,3.76125811312e-14,0
270.0,0.015,0.015,3.4379781893e-14,0
270.0,0.01,0.02,3.28809718006e-14,0
270.0,0.01,0.025,2.74481887567e-14,0
270.0,0.015,0.02,2.97656245105e-14,0
270.0,0.015,0.025,2.40174841729e-14,0
270.0,0.01,0.03,2.00056006869e-14,0
270.0,0.01,0.035,1.06623121086e-14,0
270.0,0.015,0.03,1.68693157462e-14,0
270.0,0.015,0.035,8.29816725622e-15,0
270.0,0.01,0.04,-2.23572898373e-15,0
270.0,0.01,0.045,-1.92317500974e-14,0
270.0,0.015,0.04,-3.37129746149e-15,0
270.0,0.015,0.045,-1.87711750823e-14,0
270.0,0.01,0.05,-3.89865153366e-14,0
270.0,0.01,0.055,-6.04809153778e-14,0
270.0,0.015,0.05,-3.66889286783e-14,0
270.0,0.015,0.055,-5.62091854533e-14,0
270.0,0.01,0.06,-8.29787865323e-14,0
270.0,0.01,0.065,-1.06078149203e-13,0
270.0,0.015,0.06,-7.66712534481e-14,0
270.0,0.015,0.065,-9.77050653511e-14,0
270.0,0.01,0.07,-1.29750347745e-13,0
270.0,0.01,0.075,-1.54474778341e-13,0
270.0,0.015,0.07,-1.19305910658e-13,0
270.0,0.015,0.075,-1.41887422614e-13,0
270.0,0.02,-0.075,-1.26313308763e-13,0
270.0,0.02,-0.07,-1.06618193322e-13,0
270.0,0.025,-0.075,-1.0476155536e-13,0
270.0,0.025,-0.07,-8.85817160055e-14,0
270.0,0.02,-0.065,-8.79002665919e-14,0
270.0,0.025,-0.065,-7.32707764269e-14,0
270.0,0.02,-0.06,-6.97459337304e-14,0
270.0,0.025,-0.06,-5.85171529599e-14,0
270.0,0.02,-0.055,-5.21408338411e-14,0
270.0,0.025,-0.055,-4.42981786112e-14,0
270.0,0.02,-0.05,-3.53513092607e-14,0
270.0,0.025,-0.05,-3.08321234358e-14,0
270.0,0.02,-0.045,-1.98952982065e-14,0
270.0,0.025,-0.045,-1.8498238875e-14,0
270.0,0.02,-0.04,-6.49487481488e-15,0
270.0,0.025,-0.04,-7.80970867669e-15,0
270.0,0.02,-0.035,3.89807623568e-15,0
270.0,0.025,-0.035,5.6622602861e-16,0
270.0,0.02,-0.03,1.17797223707e-14,0
270.0,0.025,-0.03,7.04618964086e-15,0
270.0,0.02,-0.025,1.8585331113e-14,0
270.0,0.025,-0.025,1.27072316453e-14,0
270.0,0.02,-0.02,2.44080196452e-14,0
270.0,0.025,-0.02,1.7601463925e-14,0
270.0,0.02,-0.015,2.9556510391e-14,0
270.0,0.025,-0.015,2.19306041269e-14,0
270.0,0.02,-0.01,3.37564377377e-14,0
270.0,0.025,-0.01,2.5394172503e-14,0
270.0,0.02,-0.005,3.62331636546e-14,0
270.0,0.025,-0.005,2.76959618757e-14,0
270.0,0.02,0,3.70022292053e-14,0
270.0,0.025,4.16333634234e-19,2.85815768915e-14,0
270.0,0.02,0.005,3.60982868197e-14,0
270.0,0.025,0.005,2.75904009641e-14,0
270.0,0.02,0.01,3.3697166115e-14,0
270.0,0.025,0.01,2.53379272527e-14,0
270.0,0.02,0.015,2.97389174877e-14,0
270.0,0.025,0.015,2.21179325339e-14,0
270.0,0.02,0.02,2.48784579405e-14,0
270.0,0.02,0.025,1.94048338086e-14,0
270.0,0.025,0.02,1.80861019873e-14,0
270.0,0.025,0.025,1.35562290196e-14,0
270.0,0.02,0.03,1.29959720574e-14,0
270.0,0.02,0.035,5.52709100169e-15,0
270.0,0.025,0.03,8.34450950634e-15,0
270.0,0.025,0.035,2.35035581858e-15,0
270.0,0.02,0.04,-4.52492380912e-15,0
270.0,0.02,0.045,-1.7741006763e-14,0
270.0,0.025,0.04,-5.6450197907e-15,0
270.0,0.025,0.045,-1.61385055201e-14,0
270.0,0.02,0.05,-3.31388433641e-14,0
270.0,0.02,0.055,-4.99493439276e-14,0
270.0,0.025,0.05,-2.83920926244e-14,0
270.0,0.025,0.055,-4.18336063661e-14,0
270.0,0.02,0.06,-6.76135653537e-14,0
270.0,0.02,0.065,-8.58301248332e-14,0
270.0,0.025,0.06,-5.60424377935e-14,0
270.0,0.025,0.065,-7.07728260491e-14,0
270.0,0.02,0.07,-1.04583170709e-13,0
270.0,0.02,0.075,-1.24255644893e-13,0
270.0,0.025,0.07,-8.60221987771e-14,0
270.0,0.025,0.075,-1.02073873332e-13,0
270.0,0.03,-0.075,-7.91213000961e-14,0
270.0,0.03,-0.07,-6.70110872655e-14,0
270.0,0.035,-0.075,-5.01856147405e-14,0
270.0,0.035,-0.07,-4.25745715627e-14,0
270.0,0.03,-0.065,-5.56624434969e-14,0
270.0,0.035,-0.065,-3.55764989003e-14,0
270.0,0.03,-0.06,-4.48460831958e-14,0
270.0,0.035,-0.06,-2.90905066159e-14,0
270.0,0.03,-0.055,-3.45667998091e-14,0
270.0,0.035,-0.055,-2.31385939425e-14,0
270.0,0.03,-0.05,-2.49758883162e-14,0
270.0,0.035,-0.05,-1.78286413119e-14,0
270.0,0.03,-0.045,-1.63312568646e-14,0
270.0,0.035,-0.045,-1.32901165464e-14,0
270.0,0.03,-0.04,-8.91836112485e-15,0
270.0,0.035,-0.04,-9.62164758375e-15,0
270.0,0.03,-0.035,-3.0335180973e-15,0
270.0,0.035,-0.035,-6.75048832925e-15,0
270.0,0.03,-0.03,1.66568458619e-15,0
270.0,0.035,-0.03,-4.20470986278e-15,0
270.0,0.03,-0.025,5.76989589048e-15,0
270.0,0.035,-0.025,-2.03925134192e-15,0
270.0,0.03,-0.02,9.25046377761e-15,0
270.0,0.035,-0.02,-3.19257697696e-16,0
270.0,0.03,-0.015,1.22454315236e-14,0
270.0,0.035,-0.015,1.20983521297e-15,0
270.0,0.03,-0.01,1.46423243232e-14,0
270.0,0.035,-0.01,2.48778891211e-15,0
270.0,0.03,-0.005,1.6426282562e-14,0
270.0,0.035,-0.005,3.54353918848e-15,0
270.0,0.03,0,1.71706392219e-14,0
270.0,0.035,4.16333634234e-19,4.03689199046e-15,0
270.0,0.03,0.005,1.63271528186e-14,0
270.0,0.035,0.005,3.5156575157e-15,0
270.0,0.03,0.01,1.45745656183e-14,0
270.0,0.035,0.01,2.51019034831e-15,0
270.0,0.03,0.015,1.23888813452e-14,0
270.0,0.035,0.015,1.40134284446e-15,0
270.0,0.03,0.02,9.68935819477e-15,0
270.0,0.035,0.02,1.10876417319e-16,0
270.0,0.03,0.025,6.5628402346e-15,0
270.0,0.035,0.025,-1.35353139206e-15,0
270.0,0.03,0.03,2.95988539323e-15,0
270.0,0.03,0.035,-1.1719245397e-15,0
270.0,0.035,0.03,-3.03744800726e-15,0
270.0,0.035,0.035,-4.97618291389e-15,0
270.0,0.03,0.04,-6.69242787367e-15,0
270.0,0.03,0.045,-1.39543828483e-14,0
270.0,0.035,0.04,-7.59970555789e-15,0
270.0,0.035,0.045,-1.11719429546e-14,0
270.0,0.03,0.05,-2.25200154435e-14,0
270.0,0.03,0.055,-3.20456545243e-14,0
270.0,0.035,0.05,-1.5607923582e-14,0
270.0,0.035,0.055,-2.07934685543e-14,0
270.0,0.03,0.06,-4.22493959027e-14,0
270.0,0.03,0.065,-5.29648383773e-14,0
270.0,0.035,0.06,-2.65997088502e-14,0
270.0,0.035,0.065,-3.29111088212e-14,0
270.0,0.03,0.07,-6.41681087622e-14,0
270.0,0.03,0.075,-7.60639143555e-14,0
270.0,0.035,0.07,-3.96927324332e-14,0
270.0,0.035,0.075,-4.7023655735e-14,0
270.0,0.04,-0.075,-1.89160151188e-14,0
270.0,0.04,-0.07,-1.60340146591e-14,0
270.0,0.045,-0.075,1.36697844218e-14,0
270.0,0.045,-0.07,1.17707799873e-14,0
270.0,0.04,-0.065,-1.36148849419e-14,0
270.0,0.045,-0.065,9.56098284836e-15,0
270.0,0.04,-0.06,-1.16792586816e-14,0
270.0,0.045,-0.06,6.88330377637e-15,0
270.0,0.04,-0.055,-1.02852209692e-14,0
270.0,0.045,-0.055,3.64825130852e-15,0
270.0,0.04,-0.05,-9.48769578638e-15,0
270.0,0.045,-0.05,-1.58806441457e-16,0
270.0,0.04,-0.045,-9.30580863177e-15,0
270.0,0.045,-0.045,-4.44911856128e-15,0
270.0,0.04,-0.04,-9.63990230459e-15,0
270.0,0.045,-0.04,-9.01125796059e-15,0
270.0,0.04,-0.035,-1.01752224952e-14,0
270.0,0.045,-0.035,-1.34130714884e-14,0
270.0,0.04,-0.03,-1.05451902501e-14,0
270.0,0.045,-0.03,-1.71437848533e-14,0
270.0,0.04,-0.025,-1.08014031188e-14,0
270.0,0.045,-0.025,-2.02211451627e-14,0
270.0,0.04,-0.02,-1.09554284223e-14,0
270.0,0.045,-0.02,-2.24028425162e-14,0
270.0,0.04,-0.015,-1.09785939969e-14,0
270.0,0.045,-0.015,-2.41043628953e-14,0
270.0,0.04,-0.01,-1.08808326675e-14,0
270.0,0.045,-0.01,-2.53290915853e-14,0
270.0,0.04,-0.005,-1.06110004402e-14,0
270.0,0.045,-0.005,-2.59834926327e-14,0
270.0,0.04,0,-1.04097608975e-14,0
270.0,0.045,4.16333634234e-19,-2.61743323725e-14,0
270.0,0.04,0.005,-1.05502435978e-14,0
270.0,0.045,0.005,-2.58199565489e-14,0
270.0,0.04,0.01,-1.07226417135e-14,0
270.0,0.045,0.01,-2.50242472659e-14,0
270.0,0.04,0.015,-1.06515205475e-14,0
270.0,0.045,0.015,-2.36277039474e-14,0
270.0,0.04,0.02,-1.03965911736e-14,0
270.0,0.045,0.02,-2.16616571989e-14,0
270.0,0.04,0.025,-9.99603570296e-15,0
270.0,0.045,0.025,-1.91895531805e-14,0
270.0,0.04,0.03,-9.49105284352e-15,0
270.0,0.045,0.03,-1.6214867502e-14,0
270.0,0.04,0.035,-8.91635315513e-15,0
270.0,0.045,0.035,-1.28108704943e-14,0
270.0,0.04,0.04,-8.23813612892e-15,0
270.0,0.04,0.045,-7.73841629032e-15,0
270.0,0.045,0.04,-8.35734985857e-15,0
270.0,0.045,0.045,-3.55491489011e-15,0
270.0,0.04,0.05,-7.73172083606e-15,0
270.0,0.04,0.055,-8.32500837078e-15,0
270.0,0.045,0.05,1.00261931997e-15,0
270.0,0.045,0.055,5.0812596284e-15,0
270.0,0.04,0.06,-9.49941705182e-15,0
270.0,0.04,0.065,-1.11943356524e-14,0
270.0,0.045,0.06,8.59506656112e-15,0
270.0,0.045,0.065,1.156315539e-14,0
270.0,0.04,0.07,-1.33398438761e-14,0
270.0,0.04,0.075,-1.58955603993e-14,0
270.0,0.045,0.07,1.40860560241e-14,0
270.0,0.045,0.075,1.63365791602e-14,0
270.0,0.05,-0.075,4.65302023729e-14,0
270.0,0.05,-0.07,3.99879291603e-14,0
270.0,0.055,-0.075,7.86667223969e-14,0
270.0,0.055,-0.07,6.78224402887e-14,0
270.0,0.05,-0.065,3.3264785272e-14,0
270.0,0.055,-0.065,5.68598079705e-14,0
270.0,0.05,-0.06,2.60633960918e-14,0
270.0,0.055,-0.06,4.53477718123e-14,0
270.0,0.05,-0.055,1.82539938232e-14,0
270.0,0.055,-0.055,3.31235884381e-14,0
270.0,0.05,-0.05,9.86753986232e-15,0
270.0,0.055,-0.05,2.02515888051e-14,0
270.0,0.05,-0.045,1.08009533032e-15,0
270.0,0.055,-0.045,7.00342279507e-15,0
270.0,0.05,-0.04,-7.76889144951e-15,0
270.0,0.055,-0.04,-6.19483795221e-15,0
270.0,0.05,-0.035,-1.61952635128e-14,0
270.0,0.055,-0.035,-1.8792676318e-14,0
270.0,0.05,-0.03,-2.36812523033e-14,0
270.0,0.055,-0.03,-3.02587169263e-14,0
270.0,0.05,-0.025,-2.99650395212e-14,0
270.0,0.055,-0.025,-4.01757526395e-14,0
270.0,0.05,-0.02,-3.49060997052e-14,0
270.0,0.055,-0.02,-4.83195599778e-14,0
270.0,0.05,-0.015,-3.87475632183e-14,0
270.0,0.055,-0.015,-5.47227906694e-14,0
270.0,0.05,-0.01,-4.15575063388e-14,0
270.0,0.055,-0.01,-5.93758914239e-14,0
270.0,0.05,-0.005,-4.32646085004e-14,0
270.0,0.055,-0.005,-6.21966441481e-14,0
270.0,0.05,0,-4.37952586994e-14,0
270.0,0.055,4.16333634234e-19,-6.30804516529e-14,0
270.0,0.05,0.005,-4.30363599945e-14,0
270.0,0.055,0.005,-6.19580980712e-14,0
270.0,0.05,0.01,-4.11416423495e-14,0
270.0,0.055,0.01,-5.89453585907e-14,0
270.0,0.05,0.015,-3.81568362667e-14,0
270.0,0.055,0.015,-5.4156227358e-14,0
270.0,0.05,0.02,-3.41207484068e-14,0
270.0,0.055,0.02,-4.76744269389e-14,0
270.0,0.05,0.025,-2.90770063604e-14,0
270.0,0.055,0.025,-3.95907514216e-14,0
270.0,0.05,0.03,-2.30409687052e-14,0
270.0,0.055,0.03,-2.99822230026e-14,0
270.0,0.05,0.035,-1.59613719196e-14,0
270.0,0.055,0.035,-1.89118465574e-14,0
270.0,0.05,0.04,-7.63841341069e-15,0
270.0,0.055,0.04,-6.47832082741e-15,0
270.0,0.05,0.045,1.37188693994e-15,0
270.0,0.055,0.045,6.78210951575e-15,0
270.0,0.05,0.05,1.04170501679e-14,0
270.0,0.05,0.055,1.90932636984e-14,0
270.0,0.055,0.05,2.02200529947e-14,0
270.0,0.055,0.055,3.33494854291e-14,0
270.0,0.05,0.06,2.72059425744e-14,0
270.0,0.05,0.065,3.47229674388e-14,0
270.0,0.055,0.06,4.58664789989e-14,0
270.0,0.055,0.065,5.76923456659e-14,0
270.0,0.05,0.07,4.17775368967e-14,0
270.0,0.05,0.075,4.8678127426e-14,0
270.0,0.055,0.07,6.898546426e-14,0
270.0,0.055,0.075,8.01782958807e-14,0
270.0,0.06,-0.075,1.09278890924e-13,0
270.0,0.06,-0.07,9.46298220066e-14,0
270.0,0.065,-0.075,1.37788430358e-13,0
270.0,0.065,-0.07,1.20035810377e-13,0
270.0,0.06,-0.065,7.98371977983e-14,0
270.0,0.065,-0.065,1.01934869847e-13,0
270.0,0.06,-0.06,6.43308028995e-14,0
270.0,0.065,-0.06,8.27973510321e-14,0
270.0,0.06,-0.055,4.79120450319e-14,0
270.0,0.065,-0.055,6.24318540111e-14,0
270.0,0.06,-0.05,3.06967148706e-14,0
270.0,0.065,-0.05,4.10103784228e-14,0
270.0,0.06,-0.045,1.30341537757e-14,0
270.0,0.065,-0.045,1.89910971554e-14,0
270.0,0.06,-0.04,-4.54512630416e-15,0
270.0,0.065,-0.04,-2.99202385537e-15,0
270.0,0.06,-0.035,-2.14248056713e-14,0
270.0,0.065,-0.035,-2.4209215216e-14,0
270.0,0.06,-0.03,-3.6986203417e-14,0
270.0,0.065,-0.03,-4.39376712956e-14,0
270.0,0.06,-0.025,-5.07128322276e-14,0
270.0,0.065,-0.025,-6.15349196883e-14,0
270.0,0.06,-0.02,-6.22431582413e-14,0
270.0,0.065,-0.02,-7.65011268405e-14,0
270.0,0.06,-0.015,-7.14036629307e-14,0
270.0,0.065,-0.015,-8.84748967742e-14,0
270.0,0.06,-0.01,-7.80565338837e-14,0
270.0,0.065,-0.01,-9.7206283584e-14,0
270.0,0.06,-0.005,-8.20844328562e-14,0
270.0,0.065,-0.005,-1.02496650148e-13,0
270.0,0.06,0,-8.33727890034e-14,0
270.0,0.065,4.16333634234e-19,-1.04231711757e-13,0
270.0,0.06,0.005,-8.18906022833e-14,0
270.0,0.065,0.005,-1.0237504763e-13,0
270.0,0.06,0.01,-7.7716349752e-14,0
270.0,0.065,0.01,-9.70097667511e-14,0
270.0,0.06,0.015,-7.09931156686e-14,0
270.0,0.065,0.015,-8.82867687619e-14,0
270.0,0.06,0.02,-6.18633406556e-14,0
270.0,0.065,0.02,-7.6429125466e-14,0
270.0,0.06,0.025,-5.0502965375e-14,0
270.0,0.065,0.025,-6.16986287696e-14,0
270.0,0.06,0.03,-3.70959205885e-14,0
270.0,0.065,0.03,-4.44319536044e-14,0
270.0,0.06,0.035,-2.18845557109e-14,0
270.0,0.065,0.035,-2.50412746089e-14,0
270.0,0.06,0.04,-5.2135938698e-15,0
270.0,0.065,0.04,-4.06732185955e-15,0
270.0,0.06,0.045,1.23361793219e-14,0
270.0,0.065,0.045,1.78125238031e-14,0
270.0,0.06,0.05,3.01070209556e-14,0
270.0,0.065,0.05,3.98623960806e-14,0
270.0,0.06,0.055,4.75217768953e-14,0
270.0,0.065,0.055,6.14205838651e-14,0
270.0,0.06,0.06,6.41979880928e-14,0
270.0,0.06,0.065,7.9997255369e-14,0
270.0,0.065,0.06,8.1998190099e-14,0
270.0,0.065,0.065,1.01397770399e-13,0
270.0,0.06,0.07,9.51043238672e-14,0
270.0,0.06,0.075,1.10082334495e-13,0
270.0,0.065,0.07,1.1979034326e-13,0
270.0,0.065,0.075,1.37848766928e-13,0
270.0,0.07,-0.075,1.64128760663e-13,0
270.0,0.07,-0.07,1.44088256189e-13,0
270.0,0.075,-0.075,1.88809953511e-13,0
270.0,0.075,-0.07,1.67433354307e-13,0
270.0,0.07,-0.065,1.23237797082e-13,0
270.0,0.075,-0.065,1.44332890141e-13,0
270.0,0.07,-0.06,1.00830528026e-13,0
270.0,0.075,-0.06,1.18895676864e-13,0
270.0,0.07,-0.055,7.67144528392e-14,0
270.0,0.075,-0.055,9.10838345788e-14,0
270.0,0.07,-0.05,5.11754029942e-14,0
270.0,0.075,-0.05,6.13782890476e-14,0
270.0,0.07,-0.045,2.47998065618e-14,0
270.0,0.075,-0.045,3.05136725017e-14,0
270.0,0.07,-0.04,-1.63674453076e-15,0
270.0,0.075,-0.04,-5.48797600167e-16,0
270.0,0.07,-0.035,-2.72697014968e-14,0
270.0,0.075,-0.035,-3.07765508953e-14,0
270.0,0.07,-0.03,-5.12356917325e-14,0
270.0,0.075,-0.03,-5.91494268388e-14,0
270.0,0.07,-0.025,-7.27556883905e-14,0
270.0,0.075,-0.025,-8.471141924e-14,0
270.0,0.07,-0.02,-9.11734929022e-14,0
270.0,0.075,-0.02,-1.06683683503e-13,0
270.0,0.07,-0.015,-1.05990933677e-13,0
270.0,0.075,-0.015,-1.24392999782e-13,0
270.0,0.07,-0.01,-1.16821668596e-13,0
270.0,0.075,-0.01,-1.37391854592e-13,0
270.0,0.07,-0.005,-1.23415384168e-13,0
270.0,0.075,-0.005,-1.45302198251e-13,0
270.0,0.07,0,-1.2560529213e-13,0
270.0,0.075,0,-1.47975564851e-13,0
270.0,0.07,0.005,-1.23368701826e-13,0
270.0,0.075,0.005,-1.45319462627e-13,0
270.0,0.07,0.01,-1.16774918246e-13,0
270.0,0.075,0.01,-1.37474726289e-13,0
270.0,0.07,0.015,-1.06028120649e-13,0
270.0,0.075,0.015,-1.2462839e-13,0
270.0,0.07,0.02,-9.13995674164e-14,0
270.0,0.075,0.02,-1.0717685923e-13,0
270.0,0.07,0.025,-7.32745070032e-14,0
270.0,0.075,0.025,-8.55603693339e-14,0
270.0,0.07,0.03,-5.21147051638e-14,0
270.0,0.075,0.03,-6.04137564237e-14,0
270.0,0.07,0.035,-2.85086313685e-14,0
270.0,0.075,0.035,-3.24524081871e-14,0
270.0,0.07,0.04,-3.1613123214e-15,0
270.0,0.075,0.04,-2.56560849822e-15,0
270.0,0.07,0.045,2.31105784921e-14,0
270.0,0.075,0.045,2.82721514232e-14,0
270.0,0.07,0.05,4.94507704714e-14,0
270.0,0.075,0.05,5.90439074635e-14,0
270.0,0.07,0.055,7.50687468542e-14,0
270.0,0.075,0.055,8.87802498042e-14,0
270.0,0.07,0.06,9.9353062403e-14,0
270.0,0.075,0.06,1.16723375025e-13,0
270.0,0.07,0.065,1.2199092692e-13,0
270.0,0.075,0.065,1.42365829729e-13,0
270.0,0.07,0.07,1.43110383012e-13,0
270.0,0.07,0.075,1.63436962738e-13,0
270.0,0.075,0.07,1.65718484007e-13,0
270.0,0.075,0.075,1.8737043164e-13,0
