frequency_hz,x,y,real_uz,imag_uz
200.0,-0.00382671281566,-0.00202612167119,0,0
200.0,-0.005,-0.005,3.70627144017e-14,0
200.0,-0.00197892066871,-0.00385133392306,0,0
200.0,-0.005,-0.00190753787223,1.75889071854e-14,0
200.0,-0.00433,0,0,0
200.0,-0.00190753787223,-0.005,1.78388763329e-14,0
200.0,0,-0.00433,0,0
200.0,-0.005,0.00190775150599,1.7399609439e-14,0
200.0,-0.00385133392306,0.00197892066871,0,0
200.0,0.00190775150599,-0.005,1.72553128986e-14,0
200.0,0.00202612167119,-0.00382671281566,0,0
200.0,-0.00202612167119,0.00382671281566,0,0
200.0,-0.005,0.005,3.22163701248e-14,0
200.0,-0.0019094272225,0.005,1.59528978188e-14,0
200.0,0,0.00433,0,0
200.0,0.00147766755988,0.00407006125046,0,0
200.0,8.32667268469e-19,0.005,1.14173906572e-14,0
200.0,0.00433,0,0,0
200.0,0.005,1.38777878078e-18,1.2044279169e-14,0
200.0,0.00407006125046,0.00147766755988,0,0
200.0,0.005,-0.005,3.23301912305e-14,0
200.0,0.00385133392306,-0.00197892066871,0,0
200.0,0.005,-0.0019094272225,1.62864210604e-14,0
200.0,0.00306177236254,0.00306177236254,0,0
200.0,0.0019094272225,0.005,1.67402008374e-14,0
200.0,0.005,0.0019094272225,1.72348478892e-14,0
200.0,-0.000885,-0.0015328649647,1.27150640264e-12,0
200.0,-0.0015328649647,-0.000885,1.27162878162e-12,0
200.0,-0.00186450691264,-0.00187567167242,8.43016383623e-13,0
200.0,-0.00177,0,1.27132052327e-12,0
200.0,-0.00268433516245,-0.000738983120158,7.59098821836e-13,0
200.0,0,-0.00177,1.27146804844e-12,0
200.0,-0.000718432264205,-0.00269192408424,7.57392675135e-13,0
200.0,-0.0015328649647,0.000885,1.26981607096e-12,0
200.0,-0.00265321485144,0.000647311733689,7.89881460831e-13,0
200.0,-0.000885,0.0015328649647,1.26818859341e-12,0
200.0,-0.00194719253591,0.00178443766524,8.43942693757e-13,0
200.0,0,0.00177,1.26408248761e-12,0
200.0,-0.000802720381054,0.00273415977115,7.17492804567e-13,0
200.0,0.000885,-0.0015328649647,1.27015690771e-12,0
200.0,0.00075154031863,-0.00270385456952,7.45282821114e-13,0
200.0,0.00177,0,1.26242226494e-12,0
200.0,0.0015328649647,-0.000885,1.268004523e-12,0
200.0,0.00271471102228,-0.000564731152102,7.60906457519e-13,0
200.0,0.00192394637685,-0.00189207206672,8.10087594103e-13,0
200.0,0.00231817117671,0.00040530921667,9.87900400771e-13,0
200.0,0.0015328649647,0.000885,1.2606886599e-12,0
200.0,0.000885,0.0015328649647,1.26139371268e-12,0
200.0,0.000427053001345,0.00287092483521,6.82182665293e-13,0
200.0,0.00187618296239,0.00184774001435,8.33331799256e-13,0
200.0,0.00312733402203,0.000607809752493,5.19193914326e-13,0
200.0,0.00276214303706,0.00136595635004,5.76853644927e-13,0
200.0,0.0014100336009,0.00268674970267,6.04765659459e-13,0
200.0,-0.075,-0.075,-2.17483697633e-12,0
200.0,-0.07,-0.075,-1.89548647915e-12,0
200.0,-0.075,-0.07,-2.01961370698e-12,0
200.0,-0.07,-0.07,-1.74741125506e-12,0
200.0,-0.075,-0.065,-1.85324423205e-12,0
200.0,-0.07,-0.065,-1.59093824717e-12,0
200.0,-0.065,-0.075,-1.61327928233e-12,0
200.0,-0.065,-0.07,-1.47798866553e-12,0
200.0,-0.065,-0.065,-1.33550261064e-12,0
200.0,-0.075,-0.06,-1.64665753336e-12,0
200.0,-0.07,-0.06,-1.41181370791e-12,0
200.0,-0.065,-0.06,-1.18060513366e-12,0
200.0,-0.075,-0.055,-1.42717978132e-12,0
200.0,-0.07,-0.055,-1.22478814753e-12,0
200.0,-0.065,-0.055,-1.02050307089e-12,0
200.0,-0.075,-0.05,-1.23604256082e-12,0
200.0,-0.07,-0.05,-1.05198128491e-12,0
200.0,-0.065,-0.05,-8.68502907996e-13,0
200.0,-0.075,-0.045,-1.04674271996e-12,0
200.0,-0.07,-0.045,-8.7927205833e-13,0
200.0,-0.065,-0.045,-7.13926444608e-13,0
200.0,-0.075,-0.04,-8.54119299425e-13,0
200.0,-0.07,-0.04,-6.98102048949e-13,0
200.0,-0.075,-0.035,-6.54637981498e-13,0
200.0,-0.07,-0.035,-5.06974916263e-13,0
200.0,-0.065,-0.04,-5.47980922287e-13,0
200.0,-0.065,-0.035,-3.70391791523e-13,0
200.0,-0.075,-0.03,-3.83936387136e-13,0
200.0,-0.07,-0.03,-2.68664784018e-13,0
200.0,-0.075,-0.025,-2.5234802172e-14,0
200.0,-0.07,-0.025,2.6881877969e-14,0
200.0,-0.065,-0.03,-1.63934586901e-13,0
200.0,-0.065,-0.025,7.38531893772e-14,0
200.0,-0.075,-0.02,3.94190114888e-13,0
200.0,-0.07,-0.02,3.63699302758e-13,0
200.0,-0.075,-0.015,8.70050687814e-13,0
200.0,-0.07,-0.015,7.45278383651e-13,0
200.0,-0.065,-0.02,3.35891011371e-13,0
200.0,-0.065,-0.015,6.23285148337e-13,0
200.0,-0.075,-0.01,1.38684071462e-12,0
200.0,-0.07,-0.01,1.17735586384e-12,0
200.0,-0.075,-0.005,1.88402957293e-12,0
200.0,-0.07,-0.005,1.60996172831e-12,0
200.0,-0.065,-0.01,9.76520148497e-13,0
200.0,-0.065,-0.005,1.35524387592e-12,0
200.0,-0.075,0,2.28913937756e-12,0
200.0,-0.07,0,1.98115562084e-12,0
200.0,-0.075,0.005,2.57342842917e-12,0
200.0,-0.07,0.005,2.2505838695e-12,0
200.0,-0.065,4.16333634234e-19,1.69977000161e-12,0
200.0,-0.065,0.005,1.95990727146e-12,0
200.0,-0.075,0.01,2.67769106209e-12,0
200.0,-0.07,0.01,2.36826298656e-12,0
200.0,-0.075,0.015,2.56249998366e-12,0
200.0,-0.07,0.015,2.29117481545e-12,0
200.0,-0.065,0.01,2.08714776188e-12,0
200.0,-0.065,0.015,2.03717610951e-12,0
200.0,-0.075,0.02,2.33623401454e-12,0
200.0,-0.07,0.02,2.08278623846e-12,0
200.0,-0.075,0.025,2.06821594566e-12,0
200.0,-0.07,0.025,1.82840511848e-12,0
200.0,-0.065,0.02,1.84865971499e-12,0
200.0,-0.065,0.025,1.60917189717e-12,0
200.0,-0.075,0.03,1.73628410358e-12,0
200.0,-0.07,0.03,1.51611732148e-12,0
200.0,-0.075,0.035,1.34415258102e-12,0
200.0,-0.07,0.035,1.14865714992e-12,0
200.0,-0.065,0.03,1.32024477207e-12,0
200.0,-0.065,0.035,9.84023135853e-13,0
200.0,-0.075,0.04,8.58454007669e-13,0
200.0,-0.07,0.04,7.32942584094e-13,0
200.0,-0.075,0.045,3.60426660965e-13,0
200.0,-0.07,0.045,3.067442208e-13,0
200.0,-0.065,0.04,6.28057855699e-13,0
200.0,-0.065,0.045,2.56738774592e-13,0
200.0,-0.075,0.05,-7.65996401604e-14,0
200.0,-0.07,0.05,-9.98914218332e-14,0
200.0,-0.075,0.055,-5.02111304854e-13,0
200.0,-0.07,0.055,-5.05065846216e-13,0
200.0,-0.065,0.05,-1.18879240181e-13,0
200.0,-0.065,0.055,-5.04275895183e-13,0
200.0,-0.075,0.06,-9.19403433804e-13,0
200.0,-0.07,0.06,-9.11247737726e-13,0
200.0,-0.075,0.065,-1.33689118313e-12,0
200.0,-0.07,0.065,-1.32109642498e-12,0
200.0,-0.065,0.06,-8.98280500505e-13,0
200.0,-0.065,0.065,-1.29849666992e-12,0
200.0,-0.075,0.07,-1.76598732023e-12,0
200.0,-0.07,0.07,-1.73774838894e-12,0
200.0,-0.075,0.075,-2.19431626361e-12,0
200.0,-0.07,0.075,-2.15538208179e-12,0
200.0,-0.065,0.07,-1.70403964562e-12,0
200.0,-0.065,0.075,-2.11040841049e-12,0
200.0,-0.06,-0.075,-1.33444824552e-12,0
200.0,-0.06,-0.07,-1.21174136301e-12,0
200.0,-0.06,-0.065,-1.08773440783e-12,0
200.0,-0.055,-0.075,-1.05031611464e-12,0
200.0,-0.055,-0.07,-9.43574419517e-13,0
200.0,-0.055,-0.065,-8.41365068211e-13,0
200.0,-0.06,-0.06,-9.59145006575e-13,0
200.0,-0.06,-0.055,-8.25561744792e-13,0
200.0,-0.055,-0.06,-7.40400625394e-13,0
200.0,-0.055,-0.055,-6.32606246334e-13,0
200.0,-0.06,-0.05,-6.89473364844e-13,0
200.0,-0.055,-0.05,-5.15107866364e-13,0
200.0,-0.06,-0.045,-5.49850381989e-13,0
200.0,-0.055,-0.045,-3.93759800433e-13,0
200.0,-0.06,-0.04,-4.04329101661e-13,0
200.0,-0.055,-0.04,-2.7238925489e-13,0
200.0,-0.06,-0.035,-2.49824914835e-13,0
200.0,-0.055,-0.035,-1.44402164799e-13,0
200.0,-0.06,-0.03,-7.60319064891e-14,0
200.0,-0.06,-0.025,1.17824345222e-13,0
200.0,-0.055,-0.03,-9.66352701571e-16,0
200.0,-0.055,-0.025,1.56689366158e-13,0
200.0,-0.06,-0.02,3.22063067595e-13,0
200.0,-0.06,-0.015,5.39155327884e-13,0
200.0,-0.055,-0.02,3.16794771334e-13,0
200.0,-0.055,-0.015,4.81971098687e-13,0
200.0,-0.06,-0.01,8.09704891064e-13,0
200.0,-0.06,-0.005,1.12483360248e-12,0
200.0,-0.055,-0.01,6.9260992392e-13,0
200.0,-0.055,-0.005,9.40141214912e-13,0
200.0,-0.06,0,1.43607637349e-12,0
200.0,-0.06,0.005,1.67986346491e-12,0
200.0,-0.055,4.16333634234e-19,1.20387533835e-12,0
200.0,-0.055,0.005,1.41731057601e-12,0
200.0,-0.06,0.01,1.80475944438e-12,0
200.0,-0.06,0.015,1.78412464658e-12,0
200.0,-0.055,0.01,1.53451917924e-12,0
200.0,-0.055,0.015,1.53911556001e-12,0
200.0,-0.06,0.02,1.63576573406e-12,0
200.0,-0.06,0.025,1.4162914515e-12,0
200.0,-0.055,0.02,1.43530868776e-12,0
200.0,-0.055,0.025,1.247514573e-12,0
200.0,-0.06,0.03,1.156523082e-12,0
200.0,-0.06,0.035,8.65453868754e-13,0
200.0,-0.055,0.03,1.02244707566e-12,0
200.0,-0.055,0.035,7.6787815663e-13,0
200.0,-0.06,0.04,5.55954569473e-13,0
200.0,-0.06,0.045,2.25295314936e-13,0
200.0,-0.055,0.04,4.94890106037e-13,0
200.0,-0.055,0.045,2.01465292482e-13,0
200.0,-0.06,0.05,-1.28640503584e-13,0
200.0,-0.06,0.055,-4.97772882241e-13,0
200.0,-0.055,0.05,-1.29076050019e-13,0
200.0,-0.055,0.055,-4.82540266968e-13,0
200.0,-0.06,0.06,-8.79446095899e-13,0
200.0,-0.06,0.065,-1.27038547325e-12,0
200.0,-0.055,0.06,-8.52547591638e-13,0
200.0,-0.055,0.065,-1.2353033896e-12,0
200.0,-0.06,0.07,-1.66840834341e-12,0
200.0,-0.06,0.075,-2.07067615894e-12,0
200.0,-0.055,0.07,-1.62716431292e-12,0
200.0,-0.055,0.075,-2.02673304506e-12,0
200.0,-0.05,-0.075,-7.29778028014e-13,0
200.0,-0.05,-0.07,-6.63464180807e-13,0
200.0,-0.045,-0.075,-4.36133463747e-13,0
200.0,-0.045,-0.07,-4.05237618985e-13,0
200.0,-0.05,-0.065,-5.9392653199e-13,0
200.0,-0.045,-0.065,-3.64805149093e-13,0
200.0,-0.05,-0.06,-5.21752156514e-13,0
200.0,-0.05,-0.055,-4.40788843752e-13,0
200.0,-0.045,-0.06,-3.16409957473e-13,0
200.0,-0.045,-0.055,-2.59050649961e-13,0
200.0,-0.05,-0.05,-3.49739897147e-13,0
200.0,-0.05,-0.045,-2.54112850969e-13,0
200.0,-0.045,-0.05,-1.94057804589e-13,0
200.0,-0.045,-0.045,-1.22927622865e-13,0
200.0,-0.05,-0.04,-1.5457626849e-13,0
200.0,-0.045,-0.04,-4.4590077752e-14,0
200.0,-0.05,-0.035,-4.99310896078e-14,0
200.0,-0.045,-0.035,3.74534115919e-14,0
200.0,-0.05,-0.03,6.23152660178e-14,0
200.0,-0.045,-0.03,1.21169562139e-13,0
200.0,-0.05,-0.025,1.85212174733e-13,0
200.0,-0.045,-0.025,2.11475813034e-13,0
200.0,-0.05,-0.02,3.17537776698e-13,0
200.0,-0.05,-0.015,4.55337268675e-13,0
200.0,-0.045,-0.02,3.15947499353e-13,0
200.0,-0.045,-0.015,4.26789015683e-13,0
200.0,-0.05,-0.01,6.20898224675e-13,0
200.0,-0.05,-0.005,8.14754366088e-13,0
200.0,-0.045,-0.01,5.51408838538e-13,0
200.0,-0.045,-0.005,7.02080884396e-13,0
200.0,-0.05,0,1.01915671802e-12,0
200.0,-0.05,0.005,1.18753430828e-12,0
200.0,-0.045,4.16333634234e-19,8.60761325954e-13,0
200.0,-0.045,0.005,9.89727652901e-13,0
200.0,-0.05,0.01,1.28579082024e-12,0
200.0,-0.05,0.015,1.31405830843e-12,0
200.0,-0.045,0.01,1.06414041619e-12,0
200.0,-0.045,0.015,1.11386600284e-12,0
200.0,-0.05,0.02,1.25291744083e-12,0
200.0,-0.05,0.025,1.10458595251e-12,0
200.0,-0.045,0.02,1.08769134939e-12,0
200.0,-0.045,0.025,9.6907493005e-13,0
200.0,-0.05,0.03,9.12187485409e-13,0
200.0,-0.05,0.035,6.90879960117e-13,0
200.0,-0.045,0.03,8.08622479422e-13,0
200.0,-0.045,0.035,6.20417810865e-13,0
200.0,-0.05,0.04,4.42036255916e-13,0
200.0,-0.05,0.045,1.76362443744e-13,0
200.0,-0.045,0.04,3.98813696423e-13,0
200.0,-0.045,0.045,1.5770603662e-13,0
200.0,-0.05,0.05,-1.20882287613e-13,0
200.0,-0.05,0.055,-4.49646194964e-13,0
200.0,-0.045,0.05,-1.04877155642e-13,0
200.0,-0.045,0.055,-3.96514869868e-13,0
200.0,-0.05,0.06,-8.05205087845e-13,0
200.0,-0.05,0.065,-1.17873057551e-12,0
200.0,-0.045,0.06,-7.33932823448e-13,0
200.0,-0.045,0.065,-1.09423848762e-12,0
200.0,-0.05,0.07,-1.56322362367e-12,0
200.0,-0.05,0.075,-1.95735153422e-12,0
200.0,-0.045,0.07,-1.46330259871e-12,0
200.0,-0.045,0.075,-1.84464733168e-12,0
200.0,-0.04,-0.075,-2.07247332239e-13,0
200.0,-0.04,-0.07,-1.86853045518e-13,0
200.0,-0.035,-0.075,1.00914530278e-14,0
200.0,-0.035,-0.07,2.04957691652e-14,0
200.0,-0.04,-0.065,-1.60727338237e-13,0
200.0,-0.035,-0.065,3.48090719253e-14,0
200.0,-0.04,-0.06,-1.28755009775e-13,0
200.0,-0.035,-0.06,5.23194157713e-14,0
200.0,-0.04,-0.055,-9.00874026479e-14,0
200.0,-0.035,-0.055,7.36495047525e-14,0
200.0,-0.04,-0.05,-4.5056523238e-14,0
200.0,-0.04,-0.045,4.83358568942e-15,0
200.0,-0.035,-0.05,9.9774788649e-14,0
200.0,-0.035,-0.045,1.28544486205e-13,0
200.0,-0.04,-0.04,5.97904051233e-14,0
200.0,-0.04,-0.035,1.17733945996e-13,0
200.0,-0.035,-0.04,1.60067605983e-13,0
200.0,-0.035,-0.035,1.9388276346e-13,0
200.0,-0.04,-0.03,1.77673966885e-13,0
200.0,-0.035,-0.03,2.29832285515e-13,0
200.0,-0.04,-0.025,2.41723306935e-13,0
200.0,-0.035,-0.025,2.68514590666e-13,0
200.0,-0.04,-0.02,3.1237785811e-13,0
200.0,-0.035,-0.02,3.06684992004e-13,0
200.0,-0.04,-0.015,3.87390778836e-13,0
200.0,-0.035,-0.015,3.45977406729e-13,0
200.0,-0.04,-0.01,4.69225019075e-13,0
200.0,-0.04,-0.005,5.71561895487e-13,0
200.0,-0.035,-0.01,3.89883777498e-13,0
200.0,-0.035,-0.005,4.43850021962e-13,0
200.0,-0.04,0,6.9694840532e-13,0
200.0,-0.04,0.005,8.05558828875e-13,0
200.0,-0.035,4.16333634234e-19,5.34243141491e-13,0
200.0,-0.035,0.005,6.2682348628e-13,0
200.0,-0.04,0.01,8.76464792855e-13,0
200.0,-0.04,0.015,9.2973105235e-13,0
200.0,-0.035,0.01,7.00360697904e-13,0
200.0,-0.035,0.015,7.5677041832e-13,0
200.0,-0.04,0.02,9.26854294279e-13,0
200.0,-0.04,0.025,8.45501122542e-13,0
200.0,-0.035,0.02,7.68107017222e-13,0
200.0,-0.035,0.025,7.24605092715e-13,0
200.0,-0.04,0.03,7.13206879536e-13,0
200.0,-0.04,0.035,5.55655507477e-13,0
200.0,-0.035,0.03,6.27973047765e-13,0
200.0,-0.035,0.035,5.03942486405e-13,0
200.0,-0.04,0.04,3.6828674248e-13,0
200.0,-0.04,0.045,1.58232826627e-13,0
200.0,-0.035,0.04,3.51359795358e-13,0
200.0,-0.035,0.045,1.74817524566e-13,0
200.0,-0.04,0.05,-7.43127356185e-14,0
200.0,-0.04,0.055,-3.30059772787e-13,0
200.0,-0.035,0.05,-2.72870615067e-14,0
200.0,-0.035,0.055,-2.52439487514e-13,0
200.0,-0.04,0.06,-6.34977228529e-13,0
200.0,-0.04,0.065,-9.73274236192e-13,0
200.0,-0.035,0.06,-5.15484679267e-13,0
200.0,-0.035,0.065,-8.17568199885e-13,0
200.0,-0.04,0.07,-1.32324816766e-12,0
200.0,-0.04,0.075,-1.68790641471e-12,0
200.0,-0.035,0.07,-1.14502322379e-12,0
200.0,-0.035,0.075,-1.49011108458e-12,0
200.0,-0.03,-0.075,2.16912495676e-13,0
200.0,-0.03,-0.07,2.1886612024e-13,0
200.0,-0.025,-0.075,4.1748161557e-13,0
200.0,-0.025,-0.07,4.11741517121e-13,0
200.0,-0.03,-0.065,2.22841203258e-13,0
200.0,-0.025,-0.065,4.0663778418e-13,0
200.0,-0.03,-0.06,2.28270505238e-13,0
200.0,-0.025,-0.06,4.01103857186e-13,0
200.0,-0.03,-0.055,2.34571510546e-13,0
200.0,-0.025,-0.055,3.9259941138e-13,0
200.0,-0.03,-0.05,2.41677825526e-13,0
200.0,-0.025,-0.05,3.80523914153e-13,0
200.0,-0.03,-0.045,2.49077584712e-13,0
200.0,-0.025,-0.045,3.66364278039e-13,0
200.0,-0.03,-0.04,2.56475488147e-13,0
200.0,-0.03,-0.035,2.65031491196e-13,0
200.0,-0.025,-0.04,3.4942778979e-13,0
200.0,-0.025,-0.035,3.32431402978e-13,0
200.0,-0.03,-0.03,2.75907048894e-13,0
200.0,-0.03,-0.025,2.87832389284e-13,0
200.0,-0.025,-0.03,3.18184141099e-13,0
200.0,-0.025,-0.025,3.04259167985e-13,0
200.0,-0.03,-0.02,2.99006050096e-13,0
200.0,-0.025,-0.02,2.89607628251e-13,0
200.0,-0.03,-0.015,3.11506243191e-13,0
200.0,-0.025,-0.015,2.77518015945e-13,0
200.0,-0.03,-0.01,3.27912869266e-13,0
200.0,-0.025,-0.01,2.69495878597e-13,0
200.0,-0.03,-0.005,3.52765349502e-13,0
200.0,-0.025,-0.005,2.72010505065e-13,0
200.0,-0.03,0,3.96289339623e-13,0
200.0,-0.03,0.005,4.60633769668e-13,0
200.0,-0.025,4.16333634234e-19,2.89302192489e-13,0
200.0,-0.025,0.005,3.31739947107e-13,0
200.0,-0.03,0.01,5.3937218894e-13,0
200.0,-0.03,0.015,6.08991162309e-13,0
200.0,-0.025,0.01,4.01354021076e-13,0
200.0,-0.025,0.015,4.76266924493e-13,0
200.0,-0.03,0.02,6.3357560662e-13,0
200.0,-0.03,0.025,6.16093277622e-13,0
200.0,-0.025,0.02,5.20909289366e-13,0
200.0,-0.025,0.025,5.28458035852e-13,0
200.0,-0.03,0.03,5.55123594124e-13,0
200.0,-0.03,0.035,4.65400604804e-13,0
200.0,-0.025,0.03,4.98821191358e-13,0
200.0,-0.025,0.035,4.42327282762e-13,0
200.0,-0.03,0.04,3.48588338683e-13,0
200.0,-0.03,0.045,2.07849121476e-13,0
200.0,-0.025,0.04,3.61142411149e-13,0
200.0,-0.025,0.045,2.58541066335e-13,0
200.0,-0.03,0.05,3.98009258056e-14,0
200.0,-0.03,0.055,-1.52975163313e-13,0
200.0,-0.025,0.05,1.29237301043e-13,0
200.0,-0.025,0.055,-2.43446038778e-14,0
200.0,-0.03,0.06,-3.71918143426e-13,0
200.0,-0.03,0.065,-6.17945800638e-13,0
200.0,-0.025,0.06,-1.87986669766e-13,0
200.0,-0.025,0.065,-3.65538839251e-13,0
200.0,-0.03,0.07,-8.88560685599e-13,0
200.0,-0.03,0.075,-1.17177806096e-12,0
200.0,-0.025,0.07,-5.64700586048e-13,0
200.0,-0.025,0.075,-7.65130104626e-13,0
200.0,-0.02,-0.075,6.1287772684e-13,0
200.0,-0.02,-0.07,6.00659485334e-13,0
200.0,-0.015,-0.075,8.0308938625e-13,0
200.0,-0.015,-0.07,7.85595132788e-13,0
200.0,-0.02,-0.065,5.88650899482e-13,0
200.0,-0.015,-0.065,7.6783685635e-13,0
200.0,-0.02,-0.06,5.72290559188e-13,0
200.0,-0.015,-0.06,7.40922632104e-13,0
200.0,-0.02,-0.055,5.47384936378e-13,0
200.0,-0.015,-0.055,6.99326224544e-13,0
200.0,-0.02,-0.05,5.15460404392e-13,0
200.0,-0.015,-0.05,6.47795295344e-13,0
200.0,-0.02,-0.045,4.79409582635e-13,0
200.0,-0.015,-0.045,5.91018967621e-13,0
200.0,-0.02,-0.04,4.40176196453e-13,0
200.0,-0.015,-0.04,5.30360522278e-13,0
200.0,-0.02,-0.035,3.99368315043e-13,0
200.0,-0.015,-0.035,4.6548929511e-13,0
200.0,-0.02,-0.03,3.57990393101e-13,0
200.0,-0.02,-0.025,3.16947764417e-13,0
200.0,-0.015,-0.03,3.95827771993e-13,0
200.0,-0.015,-0.025,3.27432196629e-13,0
200.0,-0.02,-0.02,2.77856359805e-13,0
200.0,-0.02,-0.015,2.42775702434e-13,0
200.0,-0.015,-0.02,2.65292406884e-13,0
200.0,-0.015,-0.015,2.0985263025e-13,0
200.0,-0.02,-0.01,2.14609139044e-13,0
200.0,-0.015,-0.01,1.64147037863e-13,0
200.0,-0.02,-0.005,2.00852175161e-13,0
200.0,-0.015,-0.005,1.36158226042e-13,0
200.0,-0.02,0,2.07169449399e-13,0
200.0,-0.015,4.16333634234e-19,1.31093998079e-13,0
200.0,-0.02,0.005,2.3717202021e-13,0
200.0,-0.015,0.005,1.48434672931e-13,0
200.0,-0.02,0.01,2.95948115734e-13,0
200.0,-0.02,0.015,3.68863282001e-13,0
200.0,-0.015,0.01,2.01227004309e-13,0
200.0,-0.015,0.015,2.79787161678e-13,0
200.0,-0.02,0.02,4.29637094169e-13,0
200.0,-0.02,0.025,4.60627875626e-13,0
200.0,-0.015,0.02,3.57304810069e-13,0
200.0,-0.015,0.025,4.11244326802e-13,0
200.0,-0.02,0.03,4.60128870273e-13,0
200.0,-0.02,0.035,4.35549652843e-13,0
200.0,-0.015,0.03,4.37487746838e-13,0
200.0,-0.015,0.035,4.44174886299e-13,0
200.0,-0.02,0.04,3.87983846743e-13,0
200.0,-0.02,0.045,3.22977857176e-13,0
200.0,-0.015,0.04,4.26974935587e-13,0
200.0,-0.015,0.045,3.96618737783e-13,0
200.0,-0.02,0.05,2.41734199961e-13,0
200.0,-0.02,0.055,1.43114353207e-13,0
200.0,-0.015,0.05,3.71112572335e-13,0
200.0,-0.015,0.055,3.29938973767e-13,0
200.0,-0.02,0.06,3.14429295534e-14,0
200.0,-0.02,0.065,-9.45839880854e-14,0
200.0,-0.015,0.06,2.6513687494e-13,0
200.0,-0.015,0.065,1.86123866317e-13,0
200.0,-0.02,0.07,-2.34131869056e-13,0
200.0,-0.02,0.075,-3.81822838802e-13,0
200.0,-0.015,0.07,1.01737480124e-13,0
200.0,-0.015,0.075,1.65333171789e-15,0
200.0,-0.01,-0.075,9.8729576346e-13,0
200.0,-0.01,-0.07,9.63841982287e-13,0
200.0,-0.005,-0.075,1.15941367506e-12,0
200.0,-0.005,-0.07,1.13101223446e-12,0
200.0,-0.01,-0.065,9.42091497467e-13,0
200.0,-0.005,-0.065,1.10479170969e-12,0
200.0,-0.01,-0.06,9.0714757786e-13,0
200.0,-0.005,-0.06,1.06056718062e-12,0
200.0,-0.01,-0.055,8.47776702898e-13,0
200.0,-0.005,-0.055,9.8962240847e-13,0
200.0,-0.01,-0.05,7.79387440656e-13,0
200.0,-0.005,-0.05,9.10738073904e-13,0
200.0,-0.01,-0.045,7.04813538086e-13,0
200.0,-0.005,-0.045,8.21457227311e-13,0
200.0,-0.01,-0.04,6.22505724639e-13,0
200.0,-0.005,-0.04,7.18999350702e-13,0
200.0,-0.01,-0.035,5.31527476602e-13,0
200.0,-0.005,-0.035,6.0284225416e-13,0
200.0,-0.01,-0.03,4.31799712676e-13,0
200.0,-0.005,-0.03,4.70134189103e-13,0
200.0,-0.01,-0.025,3.35983401983e-13,0
200.0,-0.005,-0.025,3.44972623742e-13,0
200.0,-0.01,-0.02,2.53550818833e-13,0
200.0,-0.01,-0.015,1.80591144616e-13,0
200.0,-0.005,-0.02,2.45112320341e-13,0
200.0,-0.005,-0.015,1.58155597694e-13,0
200.0,-0.0117873230072,-0.0115873794689,1.5131636109e-13,0
200.0,-0.00939961996336,-0.005,7.483069929e-14,0
200.0,-0.00792797428371,-0.00964253216809,1.01298868871e-13,0
200.0,-0.005,-0.00939961996336,8.01593671207e-14,0
200.0,-0.0108753492546,-0.00150606400588,7.86442427148e-14,0
200.0,-0.00818101620308,-0.00211452602544,4.99744184982e-14,0
200.0,-0.00651817360753,-0.000255934956239,2.98275779937e-14,0
200.0,-0.005,6.71033969428e-08,1.26857194681e-14,0
200.0,-0.0107292118043,0.00160660295843,7.76021027147e-14,0
200.0,-0.0080188992252,0.000768320427092,4.54793929277e-14,0
200.0,-0.00939946851065,0.005,7.0879015828e-14,0
200.0,-0.00802129342231,0.00264911934363,4.88990557558e-14,0
200.0,-0.00887989370213,0.00887989479405,9.83777906604e-14,0
200.0,-0.01,0.015,2.06558365857e-13,0
200.0,-0.005,0.00939947397025,7.65496273072e-14,0
200.0,-0.005,0.015,1.68109829819e-13,0
200.0,-0.01,0.02,2.97989603794e-13,0
200.0,-0.01,0.025,3.75823705565e-13,0
200.0,-0.005,0.02,2.62799996111e-13,0
200.0,-0.005,0.025,3.54311541586e-13,0
200.0,-0.01,0.03,4.27508120812e-13,0
200.0,-0.01,0.035,4.65648627232e-13,0
200.0,-0.005,0.03,4.29350642859e-13,0
200.0,-0.005,0.035,4.94850037159e-13,0
200.0,-0.01,0.04,4.88561656347e-13,0
200.0,-0.01,0.045,5.05651364438e-13,0
200.0,-0.005,0.04,5.58598944985e-13,0
200.0,-0.005,0.045,6.19437061727e-13,0
200.0,-0.01,0.05,5.2816404401e-13,0
200.0,-0.01,0.055,5.38066930851e-13,0
200.0,-0.005,0.05,6.7898534861e-13,0
200.0,-0.005,0.055,7.33814580478e-13,0
200.0,-0.01,0.06,5.22005728354e-13,0
200.0,-0.01,0.065,4.92310791907e-13,0
200.0,-0.005,0.06,7.67371093923e-13,0
200.0,-0.005,0.065,7.84306640532e-13,0
200.0,-0.01,0.07,4.61011745169e-13,0
200.0,-0.01,0.075,4.29804724874e-13,0
200.0,-0.005,0.07,8.01054488753e-13,0
200.0,-0.005,0.075,8.34745394652e-13,0
200.0,0,-0.075,1.27925910915e-12,0
200.0,0,-0.07,1.23763311299e-12,0
200.0,0.005,-0.075,1.27989742223e-12,0
200.0,0.005,-0.07,1.23581571104e-12,0
200.0,0,-0.065,1.20774570752e-12,0
200.0,0.005,-0.065,1.20358601845e-12,0
200.0,0,-0.06,1.16691057453e-12,0
200.0,0.005,-0.06,1.17432204734e-12,0
200.0,0,-0.055,1.1106028209e-12,0
200.0,0.005,-0.055,1.14197873516e-12,0
200.0,0,-0.05,1.0349519862e-12,0
200.0,0.005,-0.05,1.08852114851e-12,0
200.0,0,-0.045,9.37321480583e-13,0
200.0,0.005,-0.045,1.00278201944e-12,0
200.0,0,-0.04,8.16031824589e-13,0
200.0,0.005,-0.04,8.81619212321e-13,0
200.0,0,-0.035,6.72224997133e-13,0
200.0,0.005,-0.035,7.28424472634e-13,0
200.0,0,-0.03,5.11012908581e-13,0
200.0,0.005,-0.03,5.61718529627e-13,0
200.0,0,-0.025,3.61046388777e-13,0
200.0,0.005,-0.025,3.98747243266e-13,0
200.0,0,-0.02,2.45731471756e-13,0
200.0,0.005,-0.02,2.60097391681e-13,0
200.0,0,-0.015,1.48171555771e-13,0
200.0,0.005,-0.015,1.52977936979e-13,0
200.0,-0.0021196717084,-0.00776771017156,4.86670413139e-14,0
200.0,-0.00084550708518,-0.00631514607954,2.93429074957e-14,0
200.0,6.71033969406e-08,-0.005,1.30927756418e-14,0
200.0,-0.00139054260708,-0.0110960807567,8.96718497085e-14,0
200.0,0.00132468676756,-0.00775008274642,4.51737761806e-14,0
200.0,0.00160394440688,-0.0116908851489,9.66088072812e-14,0
200.0,0.005,-0.00939946851065,7.23229353268e-14,0
200.0,0.005,0.005,3.7879359378e-14,0
200.0,-0.000107646311398,0.00617659695633,2.82718434493e-14,0
200.0,-0.00190846935279,0.0076427502668,4.6502847371e-14,0
200.0,0.00131146485568,0.00777290068297,4.88864712099e-14,0
200.0,0.00295884413402,0.00640276348073,3.78249425355e-14,0
200.0,-1.21517769428e-05,0.0108932602996,8.97851352616e-14,0
200.0,0,0.015,1.59590044375e-13,0
200.0,0.005,0.00939942566771,8.71374499863e-14,0
200.0,0.005,0.015,1.72603843582e-13,0
200.0,0,0.02,2.54913062837e-13,0
200.0,0,0.025,3.50196481625e-13,0
200.0,0.005,0.02,2.63126643068e-13,0
200.0,0.005,0.025,3.58392415435e-13,0
200.0,0,0.03,4.39362733164e-13,0
200.0,0,0.035,5.2383170541e-13,0
200.0,0.005,0.03,4.51463082879e-13,0
200.0,0.005,0.035,5.43821033743e-13,0
200.0,0,0.04,6.14196196357e-13,0
200.0,0,0.045,7.00985713589e-13,0
200.0,0.005,0.04,6.40170062972e-13,0
200.0,0.005,0.045,7.33657864539e-13,0
200.0,0,0.05,7.81580870815e-13,0
200.0,0,0.055,8.66752358532e-13,0
200.0,0.005,0.05,8.25785201701e-13,0
200.0,0.005,0.055,9.23857385252e-13,0
200.0,0,0.06,9.47738503435e-13,0
200.0,0,0.065,1.01176667695e-12,0
200.0,0.005,0.06,1.0275329596e-12,0
200.0,0.005,0.065,1.13293473109e-12,0
200.0,0,0.07,1.06532883704e-12,0
200.0,0,0.075,1.14091415387e-12,0
200.0,0.005,0.07,1.23176167684e-12,0
200.0,0.005,0.075,1.3464402579e-12,0
200.0,0.01,-0.075,1.16921722839e-12,0
200.0,0.01,-0.07,1.14887441715e-12,0
200.0,0.015,-0.075,9.77660270988e-13,0
200.0,0.015,-0.07,1.00126925796e-12,0
200.0,0.01,-0.065,1.12647022794e-12,0
200.0,0.015,-0.065,1.01801107605e-12,0
200.0,0.01,-0.06,1.10773570021e-12,0
200.0,0.015,-0.06,1.02083137717e-12,0
200.0,0.01,-0.055,1.09313026689e-12,0
200.0,0.015,-0.055,1.02283137211e-12,0
200.0,0.01,-0.05,1.0714525639e-12,0
200.0,0.015,-0.05,1.02838679746e-12,0
200.0,0.01,-0.045,1.01959845903e-12,0
200.0,0.015,-0.045,1.02271477137e-12,0
200.0,0.01,-0.04,9.18905501011e-13,0
200.0,0.015,-0.04,9.54291945722e-13,0
200.0,0.01,-0.035,7.77827642778e-13,0
200.0,0.015,-0.035,8.27363207909e-13,0
200.0,0.01,-0.03,6.20862670108e-13,0
200.0,0.015,-0.03,6.8395941213e-13,0
200.0,0.01,-0.025,4.62184506958e-13,0
200.0,0.015,-0.025,5.374195246e-13,0
200.0,0.01,-0.02,3.02413133914e-13,0
200.0,0.01,-0.015,1.82744813111e-13,0
200.0,0.015,-0.02,3.77570574364e-13,0
200.0,0.015,-0.015,2.54040838105e-13,0
200.0,0.00999280436795,-0.0116358337096,1.35547650834e-13,0
200.0,0.0105889214373,-0.00845762197625,1.04189424264e-13,0
200.0,0.015,-0.01,1.83368742982e-13,0
200.0,0.00939947397025,-0.005,6.5205337712e-14,0
200.0,0.015,-0.005,1.29484088939e-13,0
200.0,0.00658051136513,-0.00296146438142,3.33623259462e-14,0
200.0,0.00636794669772,-3.54305826484e-06,2.6356173691e-14,0
200.0,0.00795807888052,-0.00113999998936,4.05255894983e-14,0
200.0,0.00758147027913,0.00183630393596,4.07117255476e-14,0
200.0,0.0112534647756,-1.47536350887e-07,7.20817185292e-14,0
200.0,0.015,4.16333634234e-19,1.09649057143e-13,0
200.0,0.00939942566771,0.005,7.64976100519e-14,0
200.0,0.015,0.005,1.304560267e-13,0
200.0,0.00999018807453,0.0109670628501,1.46667940958e-13,0
200.0,0.01,0.015,2.02766926676e-13,0
200.0,0.015,0.01,1.7814871912e-13,0
200.0,0.015,0.015,2.38671333244e-13,0
200.0,0.01,0.02,2.83637231104e-13,0
200.0,0.01,0.025,3.72015709005e-13,0
200.0,0.015,0.02,3.09614795473e-13,0
200.0,0.015,0.025,3.87685670395e-13,0
200.0,0.01,0.03,4.61520105028e-13,0
200.0,0.01,0.035,5.51687010987e-13,0
200.0,0.015,0.03,4.68709429167e-13,0
200.0,0.015,0.035,5.49918433652e-13,0
200.0,0.01,0.04,6.41973079354e-13,0
200.0,0.01,0.045,7.30716726868e-13,0
200.0,0.015,0.04,6.28285482738e-13,0
200.0,0.015,0.045,7.09570674471e-13,0
200.0,0.01,0.05,8.23184996833e-13,0
200.0,0.01,0.055,9.23755697869e-13,0
200.0,0.015,0.05,8.00468973992e-13,0
200.0,0.015,0.055,9.02901156581e-13,0
200.0,0.01,0.06,1.03297646555e-12,0
200.0,0.01,0.065,1.15085119675e-12,0
200.0,0.015,0.06,1.01752245292e-12,0
200.0,0.015,0.065,1.13576773684e-12,0
200.0,0.01,0.07,1.28946924166e-12,0
200.0,0.01,0.075,1.43385675738e-12,0
200.0,0.015,0.07,1.25962177198e-12,0
200.0,0.015,0.075,1.39065408448e-12,0
200.0,0.02,-0.075,7.55894808769e-13,0
200.0,0.02,-0.07,8.04509357228e-13,0
200.0,0.025,-0.075,5.07198180632e-13,0
200.0,0.025,-0.07,5.77842238696e-13,0
200.0,0.02,-0.065,8.55947075846e-13,0
200.0,0.025,-0.065,6.51987494513e-13,0
200.0,0.02,-0.06,8.98708682918e-13,0
200.0,0.025,-0.06,7.2975258949e-13,0
200.0,0.02,-0.055,9.29672890654e-13,0
200.0,0.025,-0.055,8.02859417585e-13,0
200.0,0.02,-0.05,9.57764332486e-13,0
200.0,0.025,-0.05,8.65136324326e-13,0
200.0,0.02,-0.045,9.86851982661e-13,0
200.0,0.025,-0.045,9.2697013518e-13,0
200.0,0.02,-0.04,9.68040299177e-13,0
200.0,0.025,-0.04,9.57248600928e-13,0
200.0,0.02,-0.035,8.71584398489e-13,0
200.0,0.025,-0.035,9.05769376827e-13,0
200.0,0.02,-0.03,7.47027932973e-13,0
200.0,0.025,-0.03,8.07194993758e-13,0
200.0,0.02,-0.025,6.17779684005e-13,0
200.0,0.025,-0.025,7.00077832638e-13,0
200.0,0.02,-0.02,4.72626489131e-13,0
200.0,0.025,-0.02,5.80977232243e-13,0
200.0,0.02,-0.015,3.51965721749e-13,0
200.0,0.025,-0.015,4.67202010717e-13,0
200.0,0.02,-0.01,2.76094994853e-13,0
200.0,0.025,-0.01,3.82680131071e-13,0
200.0,0.02,-0.005,2.11177868276e-13,0
200.0,0.025,-0.005,3.11972085587e-13,0
200.0,0.02,0,1.76645662411e-13,0
200.0,0.025,4.16333634234e-19,2.64924319955e-13,0
200.0,0.02,0.005,1.88641751909e-13,0
200.0,0.025,0.005,2.58224063127e-13,0
200.0,0.02,0.01,2.29207083694e-13,0
200.0,0.025,0.01,2.8686257241e-13,0
200.0,0.02,0.015,2.802919583e-13,0
200.0,0.025,0.015,3.26650978658e-13,0
200.0,0.02,0.02,3.39579928023e-13,0
200.0,0.02,0.025,4.03162408197e-13,0
200.0,0.025,0.02,3.70058874768e-13,0
200.0,0.025,0.025,4.12663200384e-13,0
200.0,0.02,0.03,4.66835855058e-13,0
200.0,0.02,0.035,5.2988367041e-13,0
200.0,0.025,0.03,4.5142059477e-13,0
200.0,0.025,0.035,4.94480085217e-13,0
200.0,0.02,0.04,5.94681935696e-13,0
200.0,0.02,0.045,6.67257232451e-13,0
200.0,0.025,0.04,5.44682171321e-13,0
200.0,0.025,0.045,6.0393471518e-13,0
200.0,0.02,0.05,7.52340785642e-13,0
200.0,0.02,0.055,8.49976271539e-13,0
200.0,0.025,0.05,6.75956366225e-13,0
200.0,0.025,0.055,7.5822585751e-13,0
200.0,0.02,0.06,9.58451131767e-13,0
200.0,0.02,0.065,1.05906678377e-12,0
200.0,0.025,0.06,8.39363094664e-13,0
200.0,0.025,0.065,9.18320800994e-13,0
200.0,0.02,0.07,1.15722115835e-12,0
200.0,0.02,0.075,1.26901201919e-12,0
200.0,0.025,0.07,1.00319665152e-12,0
200.0,0.025,0.075,1.09802077156e-12,0
200.0,0.03,-0.075,2.48713279446e-13,0
200.0,0.03,-0.07,3.33584714273e-13,0
200.0,0.035,-0.075,-2.04205913641e-14,0
200.0,0.035,-0.07,7.61686203366e-14,0
200.0,0.03,-0.065,4.26067234607e-13,0
200.0,0.035,-0.065,1.84886149665e-13,0
200.0,0.03,-0.06,5.27310182543e-13,0
200.0,0.035,-0.06,3.07856162303e-13,0
200.0,0.03,-0.055,6.33215779188e-13,0
200.0,0.035,-0.055,4.37209598874e-13,0
200.0,0.03,-0.05,7.3925168897e-13,0
200.0,0.035,-0.05,5.73935599986e-13,0
200.0,0.03,-0.045,8.44777992363e-13,0
200.0,0.035,-0.045,7.13145273102e-13,0
200.0,0.03,-0.04,9.2245184374e-13,0
200.0,0.035,-0.04,8.35625059837e-13,0
200.0,0.03,-0.035,9.22106733666e-13,0
200.0,0.035,-0.035,9.08905241185e-13,0
200.0,0.03,-0.03,8.60143887991e-13,0
200.0,0.035,-0.03,9.01362042825e-13,0
200.0,0.03,-0.025,7.84063297513e-13,0
200.0,0.035,-0.025,8.57907642799e-13,0
200.0,0.03,-0.02,6.99033735443e-13,0
200.0,0.035,-0.02,8.07715063016e-13,0
200.0,0.03,-0.015,6.10283567554e-13,0
200.0,0.035,-0.015,7.5284624493e-13,0
200.0,0.03,-0.01,5.25926054311e-13,0
200.0,0.035,-0.01,6.87935615773e-13,0
200.0,0.03,-0.005,4.52004801068e-13,0
200.0,0.035,-0.005,6.20068017093e-13,0
200.0,0.03,0,3.97205901024e-13,0
200.0,0.035,4.16333634234e-19,5.57328268808e-13,0
200.0,0.03,0.005,3.70773832953e-13,0
200.0,0.035,0.005,5.09116664984e-13,0
200.0,0.03,0.01,3.75879926222e-13,0
200.0,0.035,0.01,4.7939609525e-13,0
200.0,0.03,0.015,3.92256949998e-13,0
200.0,0.035,0.015,4.56486101257e-13,0
200.0,0.03,0.02,3.99675616332e-13,0
200.0,0.035,0.02,4.18284368076e-13,0
200.0,0.03,0.025,4.06996284112e-13,0
200.0,0.035,0.025,3.89215912687e-13,0
200.0,0.03,0.03,4.21392281272e-13,0
200.0,0.03,0.035,4.44184032055e-13,0
200.0,0.035,0.03,3.79015101137e-13,0
200.0,0.035,0.035,3.79626577656e-13,0
200.0,0.03,0.04,4.77240469818e-13,0
200.0,0.03,0.045,5.19218007393e-13,0
200.0,0.035,0.04,3.93607373377e-13,0
200.0,0.035,0.045,4.14168536248e-13,0
200.0,0.03,0.05,5.69003496541e-13,0
200.0,0.03,0.055,6.21883094145e-13,0
200.0,0.035,0.05,4.34771099098e-13,0
200.0,0.035,0.055,4.57911100826e-13,0
200.0,0.03,0.06,6.76216444861e-13,0
200.0,0.03,0.065,7.37747046297e-13,0
200.0,0.035,0.06,4.88431385141e-13,0
200.0,0.035,0.065,5.31219606068e-13,0
200.0,0.03,0.07,8.09678264526e-13,0
200.0,0.03,0.075,8.92884973364e-13,0
200.0,0.035,0.07,5.88637214466e-13,0
200.0,0.035,0.075,6.61436289926e-13,0
200.0,0.04,-0.075,-3.35976140352e-13,0
200.0,0.04,-0.07,-2.06199830394e-13,0
200.0,0.045,-0.075,-6.68797910364e-13,0
200.0,0.045,-0.07,-5.0007817846e-13,0
200.0,0.04,-0.065,-6.95021932103e-14,0
200.0,0.045,-0.065,-3.32342699799e-13,0
200.0,0.04,-0.06,7.72371213205e-14,0
200.0,0.045,-0.06,-1.61699669238e-13,0
200.0,0.04,-0.055,2.28469318316e-13,0
200.0,0.045,-0.055,1.08541543444e-14,0
200.0,0.04,-0.05,3.84073926354e-13,0
200.0,0.045,-0.05,1.84664308009e-13,0
200.0,0.04,-0.045,5.43024159927e-13,0
200.0,0.045,-0.045,3.60495420013e-13,0
200.0,0.04,-0.04,6.97065644013e-13,0
200.0,0.045,-0.04,5.37856554942e-13,0
200.0,0.04,-0.035,8.31945472391e-13,0
200.0,0.045,-0.035,7.09378238949e-13,0
200.0,0.04,-0.03,9.0679380095e-13,0
200.0,0.045,-0.03,8.48058251521e-13,0
200.0,0.04,-0.025,9.15087957109e-13,0
200.0,0.045,-0.025,9.34911395645e-13,0
200.0,0.04,-0.02,8.93342866782e-13,0
200.0,0.045,-0.02,9.56589080085e-13,0
200.0,0.04,-0.015,8.63814528593e-13,0
200.0,0.045,-0.015,9.42450969419e-13,0
200.0,0.04,-0.01,8.24012498688e-13,0
200.0,0.045,-0.01,9.12769501187e-13,0
200.0,0.04,-0.005,7.70404609093e-13,0
200.0,0.045,-0.005,8.72918733895e-13,0
200.0,0.04,0,7.01641780218e-13,0
200.0,0.045,4.16333634234e-19,8.06778155278e-13,0
200.0,0.04,0.005,6.28101949117e-13,0
200.0,0.045,0.005,7.14500701396e-13,0
200.0,0.04,0.01,5.56268308331e-13,0
200.0,0.045,0.01,6.08509717853e-13,0
200.0,0.04,0.015,4.86171644072e-13,0
200.0,0.045,0.015,5.03840304082e-13,0
200.0,0.04,0.02,4.18985072113e-13,0
200.0,0.045,0.02,4.08755045958e-13,0
200.0,0.04,0.025,3.62384167697e-13,0
200.0,0.045,0.025,3.21350945575e-13,0
200.0,0.04,0.03,3.2419738493e-13,0
200.0,0.045,0.03,2.5269375474e-13,0
200.0,0.04,0.035,2.98837740024e-13,0
200.0,0.045,0.035,1.9222411606e-13,0
200.0,0.04,0.04,2.81906948193e-13,0
200.0,0.04,0.045,2.69122850464e-13,0
200.0,0.045,0.04,1.33906303502e-13,0
200.0,0.045,0.045,8.12805004004e-14,0
200.0,0.04,0.05,2.59507399851e-13,0
200.0,0.04,0.055,2.55681218882e-13,0
200.0,0.045,0.05,3.88470846096e-14,0
200.0,0.045,0.055,6.66184968986e-15,0
200.0,0.04,0.06,2.62878013637e-13,0
200.0,0.04,0.065,2.86486407521e-13,0
200.0,0.045,0.06,-8.71150208096e-15,0
200.0,0.045,0.065,-3.93882583593e-15,0
200.0,0.04,0.07,3.3086874009e-13,0
200.0,0.04,0.075,3.94547383093e-13,0
200.0,0.045,0.07,3.48437173332e-14,0
200.0,0.045,0.075,9.4552732128e-14,0
200.0,0.05,-0.075,-9.78674937903e-13,0
200.0,0.05,-0.07,-7.87879693831e-13,0
200.0,0.055,-0.075,-1.28048197484e-12,0
200.0,0.055,-0.07,-1.07232603609e-12,0
200.0,0.05,-0.065,-5.97396847536e-13,0
200.0,0.055,-0.065,-8.64101736999e-13,0
200.0,0.05,-0.06,-4.06440115053e-13,0
200.0,0.055,-0.06,-6.55482185005e-13,0
200.0,0.05,-0.055,-2.1449633815e-13,0
200.0,0.055,-0.055,-4.4545157128e-13,0
200.0,0.05,-0.05,-2.21888782102e-14,0
200.0,0.055,-0.05,-2.34948389352e-13,0
200.0,0.05,-0.045,1.72098288674e-13,0
200.0,0.055,-0.045,-2.14371050371e-14,0
200.0,0.05,-0.04,3.6844357322e-13,0
200.0,0.055,-0.04,1.96155707325e-13,0
200.0,0.05,-0.035,5.6357222677e-13,0
200.0,0.055,-0.035,4.14787509597e-13,0
200.0,0.05,-0.03,7.44156896557e-13,0
200.0,0.055,-0.03,6.32713710088e-13,0
200.0,0.05,-0.025,8.9580351648e-13,0
200.0,0.055,-0.025,8.30990628677e-13,0
200.0,0.05,-0.02,9.84182339872e-13,0
200.0,0.055,-0.02,9.76678054969e-13,0
200.0,0.05,-0.015,9.9292475767e-13,0
200.0,0.055,-0.015,1.02881861082e-12,0
200.0,0.05,-0.01,9.66009011795e-13,0
200.0,0.055,-0.01,1.0121316936e-12,0
200.0,0.05,-0.005,9.31091184606e-13,0
200.0,0.055,-0.005,9.7541789463e-13,0
200.0,0.05,0,8.71422838754e-13,0
200.0,0.055,4.16333634234e-19,9.07770544047e-13,0
200.0,0.05,0.005,7.70922975972e-13,0
200.0,0.055,0.005,8.02466882812e-13,0
200.0,0.05,0.01,6.40459294307e-13,0
200.0,0.055,0.01,6.60602878722e-13,0
200.0,0.05,0.015,5.06719480646e-13,0
200.0,0.055,0.015,5.02672769893e-13,0
200.0,0.05,0.02,3.89351624735e-13,0
200.0,0.055,0.02,3.63143280771e-13,0
200.0,0.05,0.025,2.73905456513e-13,0
200.0,0.055,0.025,2.19677346117e-13,0
200.0,0.05,0.03,1.57626914931e-13,0
200.0,0.055,0.03,4.10676381231e-14,0
200.0,0.05,0.035,4.79355026924e-14,0
200.0,0.055,0.035,-1.22348513758e-13,0
200.0,0.05,0.04,-4.2935871984e-14,0
200.0,0.055,0.04,-2.38045971574e-13,0
200.0,0.05,0.045,-1.28111889994e-13,0
200.0,0.055,0.045,-3.53128182714e-13,0
200.0,0.05,0.05,-2.13364101532e-13,0
200.0,0.05,0.055,-2.829532746e-13,0
200.0,0.055,0.05,-4.93196265531e-13,0
200.0,0.055,0.055,-6.05732973063e-13,0
200.0,0.05,0.06,-3.20549273117e-13,0
200.0,0.05,0.065,-3.37466115021e-13,0
200.0,0.055,0.06,-6.6450850724e-13,0
200.0,0.055,0.065,-7.08031650117e-13,0
200.0,0.05,0.07,-3.23629812072e-13,0
200.0,0.05,0.075,-2.90268793657e-13,0
200.0,0.055,0.07,-7.61460944887e-13,0
200.0,0.055,0.075,-7.89570611795e-13,0
200.0,0.06,-0.075,-1.57578998955e-12,0
200.0,0.06,-0.07,-1.35325327303e-12,0
200.0,0.065,-0.075,-1.86649429443e-12,0
200.0,0.065,-0.07,-1.63229808256e-12,0
200.0,0.06,-0.065,-1.13067416792e-12,0
200.0,0.065,-0.065,-1.39757691194e-12,0
200.0,0.06,-0.06,-9.08792397434e-13,0
200.0,0.065,-0.06,-1.16544376256e-12,0
200.0,0.06,-0.055,-6.84604329668e-13,0
200.0,0.065,-0.055,-9.29973755174e-13,0
200.0,0.06,-0.05,-4.55334079775e-13,0
200.0,0.065,-0.05,-6.81836273756e-13,0
200.0,0.06,-0.045,-2.19552707614e-13,0
200.0,0.065,-0.045,-4.21666925686e-13,0
200.0,0.06,-0.04,2.29670055341e-14,0
200.0,0.065,-0.04,-1.48661669827e-13,0
200.0,0.06,-0.035,2.69958956089e-13,0
200.0,0.065,-0.035,1.31802631113e-13,0
200.0,0.06,-0.03,5.22969796434e-13,0
200.0,0.065,-0.03,4.17462213564e-13,0
200.0,0.06,-0.025,7.64327302417e-13,0
200.0,0.065,-0.025,6.95779456264e-13,0
200.0,0.06,-0.02,9.48669440449e-13,0
200.0,0.065,-0.02,9.15068834287e-13,0
200.0,0.06,-0.015,1.03214820788e-12,0
200.0,0.065,-0.015,1.00859858067e-12,0
200.0,0.06,-0.01,1.02871582699e-12,0
200.0,0.065,-0.01,1.00183798823e-12,0
200.0,0.06,-0.005,9.85959594417e-13,0
200.0,0.065,-0.005,9.62374587746e-13,0
200.0,0.06,0,9.13974864791e-13,0
200.0,0.065,4.16333634234e-19,8.95710251629e-13,0
200.0,0.06,0.005,8.14396826398e-13,0
200.0,0.065,0.005,8.05031438928e-13,0
200.0,0.06,0.01,6.75445636802e-13,0
200.0,0.065,0.01,6.6371184992e-13,0
200.0,0.06,0.015,5.01201131123e-13,0
200.0,0.065,0.015,4.58911816933e-13,0
200.0,0.06,0.02,3.12102792561e-13,0
200.0,0.065,0.02,2.11927079877e-13,0
200.0,0.06,0.025,1.08629708675e-13,0
200.0,0.065,0.025,-4.83927242348e-14,0
200.0,0.06,0.03,-1.17737235379e-13,0
200.0,0.065,0.03,-3.17894721931e-13,0
200.0,0.06,0.035,-3.29556716745e-13,0
200.0,0.065,0.035,-5.88013815966e-13,0
200.0,0.06,0.04,-4.95717485922e-13,0
200.0,0.065,0.04,-8.23473626301e-13,0
200.0,0.06,0.045,-6.55109823758e-13,0
200.0,0.065,0.045,-1.04038715858e-12,0
200.0,0.06,0.05,-8.41343394938e-13,0
200.0,0.065,0.05,-1.26790334175e-12,0
200.0,0.06,0.055,-1.00745073307e-12,0
200.0,0.065,0.055,-1.48924507814e-12,0
200.0,0.06,0.06,-1.11552211399e-12,0
200.0,0.06,0.065,-1.20627831913e-12,0
200.0,0.065,0.06,-1.65611152692e-12,0
200.0,0.065,0.065,-1.79668934453e-12,0
200.0,0.06,0.07,-1.30796463959e-12,0
200.0,0.06,0.075,-1.39153777246e-12,0
200.0,0.065,0.07,-1.93357099867e-12,0
200.0,0.065,0.075,-2.06225499845e-12,0
200.0,0.07,-0.075,-2.15472790488e-12,0
200.0,0.07,-0.07,-1.91060069717e-12,0
200.0,0.075,-0.075,-2.43699462726e-12,0
200.0,0.075,-0.07,-2.18633709278e-12,0
200.0,0.07,-0.065,-1.66662709855e-12,0
200.0,0.075,-0.065,-1.93432959561e-12,0
200.0,0.07,-0.06,-1.42580085309e-12,0
200.0,0.075,-0.06,-1.68841548592e-12,0
200.0,0.07,-0.055,-1.1830016371e-12,0
200.0,0.075,-0.055,-1.44175947e-12,0
200.0,0.07,-0.05,-9.16895719865e-13,0
200.0,0.075,-0.05,-1.15680369427e-12,0
200.0,0.07,-0.045,-6.21234843741e-13,0
200.0,0.075,-0.045,-8.21229463625e-13,0
200.0,0.07,-0.04,-3.04098628664e-13,0
200.0,0.075,-0.04,-4.50534113202e-13,0
200.0,0.07,-0.035,1.47931954933e-14,0
200.0,0.075,-0.035,-9.10980410259e-14,0
200.0,0.07,-0.03,3.18942531737e-13,0
200.0,0.075,-0.03,2.243786758e-13,0
200.0,0.07,-0.025,6.17250037345e-13,0
200.0,0.075,-0.025,5.36998747126e-13,0
200.0,0.07,-0.02,8.70854231362e-13,0
200.0,0.075,-0.02,8.32148684597e-13,0
200.0,0.07,-0.015,9.80421449469e-13,0
200.0,0.075,-0.015,9.61592115824e-13,0
200.0,0.07,-0.01,9.72023849343e-13,0
200.0,0.075,-0.01,9.5295741679e-13,0
200.0,0.07,-0.005,9.34872697598e-13,0
200.0,0.075,-0.005,9.16368641389e-13,0
200.0,0.07,0,8.69473664709e-13,0
200.0,0.075,0,8.50876516452e-13,0
200.0,0.07,0.005,7.79689490302e-13,0
200.0,0.075,0.005,7.59196078573e-13,0
200.0,0.07,0.01,6.18883936066e-13,0
200.0,0.075,0.01,5.7163508407e-13,0
200.0,0.07,0.015,3.69287433467e-13,0
200.0,0.075,0.015,2.72177823694e-13,0
200.0,0.07,0.02,8.30791771198e-14,0
200.0,0.075,0.02,-4.61918876474e-14,0
200.0,0.07,0.025,-2.14542524866e-13,0
200.0,0.075,0.025,-3.77054528936e-13,0
200.0,0.07,0.03,-5.24419804396e-13,0
200.0,0.075,0.03,-7.25528558552e-13,0
200.0,0.07,0.035,-8.44953267481e-13,0
200.0,0.075,0.035,-1.09062522449e-12,0
200.0,0.07,0.04,-1.17734150184e-12,0
200.0,0.075,0.04,-1.53199910996e-12,0
200.0,0.07,0.045,-1.47504366917e-12,0
200.0,0.075,0.045,-1.91757779403e-12,0
200.0,0.07,0.05,-1.72230560776e-12,0
200.0,0.075,0.05,-2.17885892433e-12,0
200.0,0.07,0.055,-1.96409808668e-12,0
200.0,0.075,0.055,-2.434206706e-12,0
200.0,0.07,0.06,-2.19295484366e-12,0
200.0,0.075,0.06,-2.72187544702e-12,0
200.0,0.07,0.065,-2.39756604e-12,0
200.0,0.075,0.065,-2.99322339782e-12,0
200.0,0.07,0.07,-2.58012478685e-12,0
200.0,0.07,0.075,-2.74705427915e-12,0
200.0,0.075,0.07,-3.22180430215e-12,0
200.0,0.075,0.075,-3.41616332148e-12,0
300.0,-0.00382671281566,-0.00202612167119,0,0
300.0,-0.005,-0.005,2.60971980896e-14,0
300.0,-0.00197892066871,-0.00385133392306,0,0
300.0,-0.005,-0.00190753787223,1.56614111961e-14,0
300.0,-0.00433,0,0,0
300.0,-0.00190753787223,-0.005,1.54556154095e-14,0
300.0,0,-0.00433,0,0
300.0,-0.005,0.00190775150599,1.59708850578e-14,0
300.0,-0.00385133392306,0.00197892066871,0,0
300.0,0.00190775150599,-0.005,1.55377069802e-14,0
300.0,0.00202612167119,-0.00382671281566,0,0
300.0,-0.00202612167119,0.00382671281566,0,0
300.0,-0.005,0.005,2.81881057596e-14,0
300.0,-0.0019094272225,0.005,1.57623861892e-14,0
300.0,0,0.00433,0,0
300.0,0.00147766755988,0.00407006125046,0,0
300.0,8.32667268469e-19,0.005,1.1287028899e-14,0
300.0,0.00433,0,0,0
300.0,0.005,1.38777878078e-18,1.18437924366e-14,0
300.0,0.00407006125046,0.00147766755988,0,0
300.0,0.005,-0.005,2.71316041521e-14,0
300.0,0.00385133392306,-0.00197892066871,0,0
300.0,0.005,-0.0019094272225,1.58218129339e-14,0
300.0,0.00306177236254,0.00306177236254,0,0
300.0,0.0019094272225,0.005,1.59740243973e-14,0
300.0,0.005,0.0019094272225,1.62835304961e-14,0
300.0,-0.000885,-0.0015328649647,1.27152166593e-12,0
300.0,-0.0015328649647,-0.000885,1.27164404862e-12,0
300.0,-0.00186450691264,-0.00187567167242,8.4302642415e-13,0
300.0,-0.00177,0,1.27133577865e-12,0
300.0,-0.00268433516245,-0.000738983120158,7.59107848076e-13,0
300.0,0,-0.00177,1.27148329872e-12,0
300.0,-0.000718432264205,-0.00269192408424,7.57401677561e-13,0
300.0,-0.0015328649647,0.000885,1.26983129567e-12,0
300.0,-0.00265321485144,0.000647311733689,7.89890851532e-13,0
300.0,-0.000885,0.0015328649647,1.26820376942e-12,0
300.0,-0.00194719253591,0.00178443766524,8.43952725467e-13,0
300.0,0,0.00177,1.26409757924e-12,0
300.0,-0.000802720381054,0.00273415977115,7.17501294751e-13,0
300.0,0.000885,-0.0015328649647,1.27017212793e-12,0
300.0,0.00075154031863,-0.00270385456952,7.45291670807e-13,0
300.0,0.00177,0,1.26243733565e-12,0
300.0,0.0015328649647,-0.000885,1.26801969069e-12,0
300.0,0.00271471102228,-0.000564731152102,7.60915462093e-13,0
300.0,0.00192394637685,-0.00189207206672,8.10097212865e-13,0
300.0,0.00231817117671,0.00040530921667,9.87912100898e-13,0
300.0,0.0015328649647,0.000885,1.2607036789e-12,0
300.0,0.000885,0.0015328649647,1.26140874112e-12,0
300.0,0.000427053001345,0.00287092483521,6.82190712524e-13,0
300.0,0.00187618296239,0.00184774001435,8.33341634382e-13,0
300.0,0.00312733402203,0.000607809752493,5.1920000572e-13,0
300.0,0.00276214303706,0.00136595635004,5.76860422651e-13,0
300.0,0.0014100336009,0.00268674970267,6.04772769215e-13,0
300.0,-0.075,-0.075,1.2094897876e-13,0
300.0,-0.07,-0.075,1.13714056021e-13,0
300.0,-0.075,-0.07,9.78014472503e-14,0
300.0,-0.07,-0.07,9.15767264238e-14,0
300.0,-0.075,-0.065,7.3251817794e-14,0
300.0,-0.07,-0.065,6.85358146025e-14,0
300.0,-0.065,-0.075,1.05766294891e-13,0
300.0,-0.065,-0.07,8.53677084249e-14,0
300.0,-0.065,-0.065,6.433236522e-14,0
300.0,-0.075,-0.06,4.38971424937e-14,0
300.0,-0.07,-0.06,4.32464737195e-14,0
300.0,-0.065,-0.06,4.23950997466e-14,0
300.0,-0.075,-0.055,1.45166739651e-14,0
300.0,-0.07,-0.055,1.84336392214e-14,0
300.0,-0.065,-0.055,2.11972763418e-14,0
300.0,-0.075,-0.05,-1.00667220847e-14,0
300.0,-0.07,-0.05,-3.55438031156e-15,0
300.0,-0.065,-0.05,2.13987805521e-15,0
300.0,-0.075,-0.045,-3.40119962017e-14,0
300.0,-0.07,-0.045,-2.50122095356e-14,0
300.0,-0.065,-0.045,-1.65993534709e-14,0
300.0,-0.075,-0.04,-5.77731632568e-14,0
300.0,-0.07,-0.04,-4.68491019331e-14,0
300.0,-0.075,-0.035,-8.22793801283e-14,0
300.0,-0.07,-0.035,-6.9320586622e-14,0
300.0,-0.065,-0.04,-3.58730686703e-14,0
300.0,-0.065,-0.035,-5.53966409904e-14,0
300.0,-0.075,-0.03,-1.16270559026e-13,0
300.0,-0.07,-0.03,-9.61030042958e-14,0
300.0,-0.075,-0.025,-1.57818638482e-13,0
300.0,-0.07,-0.025,-1.26725423681e-13,0
300.0,-0.065,-0.03,-7.60895508025e-14,0
300.0,-0.065,-0.025,-9.75398888703e-14,0
300.0,-0.075,-0.02,-2.0087478179e-13,0
300.0,-0.07,-0.02,-1.58242978345e-13,0
300.0,-0.075,-0.015,-2.42781010372e-13,0
300.0,-0.07,-0.015,-1.89416086458e-13,0
300.0,-0.065,-0.02,-1.18840527144e-13,0
300.0,-0.065,-0.015,-1.39507228895e-13,0
300.0,-0.075,-0.01,-2.78516075348e-13,0
300.0,-0.07,-0.01,-2.17990752645e-13,0
300.0,-0.075,-0.005,-2.99396397493e-13,0
300.0,-0.07,-0.005,-2.35648588566e-13,0
300.0,-0.065,-0.01,-1.61322886069e-13,0
300.0,-0.065,-0.005,-1.76017385211e-13,0
300.0,-0.075,0,-3.00739139013e-13,0
300.0,-0.07,0,-2.37673866524e-13,0
300.0,-0.075,0.005,-2.83788601647e-13,0
300.0,-0.07,0.005,-2.24350981486e-13,0
300.0,-0.065,4.16333634234e-19,-1.78536302523e-13,0
300.0,-0.065,0.005,-1.6789456305e-13,0
300.0,-0.075,0.01,-2.48722150529e-13,0
300.0,-0.07,0.01,-1.96211916334e-13,0
300.0,-0.075,0.015,-2.02935916136e-13,0
300.0,-0.07,0.015,-1.57670248329e-13,0
300.0,-0.065,0.01,-1.448423051e-13,0
300.0,-0.065,0.015,-1.11998855409e-13,0
300.0,-0.075,0.02,-1.58136488947e-13,0
300.0,-0.07,0.02,-1.15987893206e-13,0
300.0,-0.075,0.025,-1.12340447977e-13,0
300.0,-0.07,0.025,-7.39996666376e-14,0
300.0,-0.065,0.02,-7.35718142717e-14,0
300.0,-0.065,0.025,-3.53415630826e-14,0
300.0,-0.075,0.03,-6.60316002221e-14,0
300.0,-0.07,0.03,-3.39532558705e-14,0
300.0,-0.075,0.035,-2.31935619494e-14,0
300.0,-0.07,0.035,1.24002098054e-15,0
300.0,-0.065,0.03,-2.19465501526e-15,0
300.0,-0.065,0.035,2.17230479569e-14,0
300.0,-0.075,0.04,1.47868977748e-14,0
300.0,-0.07,0.04,2.42870950209e-14,0
300.0,-0.075,0.045,3.32544029943e-14,0
300.0,-0.07,0.045,3.27117595677e-14,0
300.0,-0.065,0.04,3.08279353908e-14,0
300.0,-0.065,0.045,3.25555826162e-14,0
300.0,-0.075,0.05,3.6040564335e-14,0
300.0,-0.07,0.05,3.29185404664e-14,0
300.0,-0.075,0.055,3.52252815096e-14,0
300.0,-0.07,0.055,3.06850166792e-14,0
300.0,-0.065,0.05,3.0190875391e-14,0
300.0,-0.065,0.055,2.65016106223e-14,0
300.0,-0.075,0.06,3.21606763081e-14,0
300.0,-0.07,0.06,2.69127209265e-14,0
300.0,-0.075,0.065,2.82720257556e-14,0
300.0,-0.07,0.065,2.24349469141e-14,0
300.0,-0.065,0.06,2.17963500378e-14,0
300.0,-0.065,0.065,1.63970618019e-14,0
300.0,-0.075,0.07,2.40834471624e-14,0
300.0,-0.07,0.07,1.74245859969e-14,0
300.0,-0.075,0.075,1.9190340055e-14,0
300.0,-0.07,0.075,1.18766957788e-14,0
300.0,-0.065,0.07,1.05326284019e-14,0
300.0,-0.065,0.075,4.15364074541e-15,0
300.0,-0.06,-0.075,9.77872421768e-14,0
300.0,-0.06,-0.07,7.90281170075e-14,0
300.0,-0.06,-0.065,6.04251762012e-14,0
300.0,-0.055,-0.075,8.8664116732e-14,0
300.0,-0.055,-0.07,7.18754258759e-14,0
300.0,-0.055,-0.065,5.60464861187e-14,0
300.0,-0.06,-0.06,4.18833173868e-14,0
300.0,-0.06,-0.055,2.39788539114e-14,0
300.0,-0.055,-0.06,4.09195265322e-14,0
300.0,-0.055,-0.055,2.61891988641e-14,0
300.0,-0.06,-0.05,7.03666968816e-15,0
300.0,-0.055,-0.05,1.14486941461e-14,0
300.0,-0.06,-0.045,-9.44303010578e-15,0
300.0,-0.055,-0.045,-2.71344833521e-15,0
300.0,-0.06,-0.04,-2.53705097544e-14,0
300.0,-0.055,-0.04,-1.54277840084e-14,0
300.0,-0.06,-0.035,-4.10582892727e-14,0
300.0,-0.055,-0.035,-2.74651586349e-14,0
300.0,-0.06,-0.03,-5.68203082948e-14,0
300.0,-0.06,-0.025,-7.20344421135e-14,0
300.0,-0.055,-0.03,-3.9223720213e-14,0
300.0,-0.055,-0.025,-4.98410335127e-14,0
300.0,-0.06,-0.02,-8.58087895432e-14,0
300.0,-0.06,-0.015,-9.84778595859e-14,0
300.0,-0.055,-0.02,-5.83387019943e-14,0
300.0,-0.055,-0.015,-6.55395393525e-14,0
300.0,-0.06,-0.01,-1.11864265952e-13,0
300.0,-0.06,-0.005,-1.21497344271e-13,0
300.0,-0.055,-0.01,-7.24466253423e-14,0
300.0,-0.055,-0.005,-7.58747282073e-14,0
300.0,-0.06,0,-1.22733709515e-13,0
300.0,-0.06,0.005,-1.12820431754e-13,0
300.0,-0.055,4.16333634234e-19,-7.31149330531e-14,0
300.0,-0.055,0.005,-6.14294883907e-14,0
300.0,-0.06,0.01,-9.23744938629e-14,0
300.0,-0.06,0.015,-6.3743501574e-14,0
300.0,-0.055,0.01,-4.28032638465e-14,0
300.0,-0.055,0.015,-1.86222240874e-14,0
300.0,-0.06,0.02,-2.99793894598e-14,0
300.0,-0.06,0.025,1.31234830758e-15,0
300.0,-0.055,0.02,8.20075742847e-15,0
300.0,-0.055,0.025,2.90408714661e-14,0
300.0,-0.06,0.03,2.259985223e-14,0
300.0,-0.06,0.035,3.23857064113e-14,0
300.0,-0.055,0.03,3.70193943892e-14,0
300.0,-0.055,0.035,3.85370332932e-14,0
300.0,-0.06,0.04,3.35304057089e-14,0
300.0,-0.06,0.045,3.16560170063e-14,0
300.0,-0.055,0.04,3.54209207565e-14,0
300.0,-0.055,0.045,3.0944070997e-14,0
300.0,-0.06,0.05,2.76880953019e-14,0
300.0,-0.06,0.055,2.26886718521e-14,0
300.0,-0.055,0.05,2.55332763582e-14,0
300.0,-0.055,0.055,1.90891456285e-14,0
300.0,-0.06,0.06,1.67977835901e-14,0
300.0,-0.06,0.065,1.03364711885e-14,0
300.0,-0.055,0.06,1.17885387119e-14,0
300.0,-0.055,0.065,4.02270488771e-15,0
300.0,-0.06,0.07,3.45007997628e-15,0
300.0,-0.06,0.075,-3.57505517981e-15,0
300.0,-0.055,0.07,-4.22642324492e-15,0
300.0,-0.055,0.075,-1.223926485e-14,0
300.0,-0.05,-0.075,7.21536115052e-14,0
300.0,-0.05,-0.07,6.08411099569e-14,0
300.0,-0.045,-0.075,5.29570622877e-14,0
300.0,-0.045,-0.07,4.73327514009e-14,0
300.0,-0.05,-0.065,4.96877061261e-14,0
300.0,-0.045,-0.065,4.07002631844e-14,0
300.0,-0.05,-0.06,3.83889667555e-14,0
300.0,-0.05,-0.055,2.67136565366e-14,0
300.0,-0.045,-0.06,3.31575793696e-14,0
300.0,-0.045,-0.055,2.48502957998e-14,0
300.0,-0.05,-0.05,1.49547424402e-14,0
300.0,-0.05,-0.045,3.79458030627e-15,0
300.0,-0.045,-0.05,1.66078214446e-14,0
300.0,-0.045,-0.045,8.80174636735e-15,0
300.0,-0.05,-0.04,-6.27383451716e-15,0
300.0,-0.045,-0.04,1.4971478547e-15,0
300.0,-0.05,-0.035,-1.53455441409e-14,0
300.0,-0.045,-0.035,-4.70914752358e-15,0
300.0,-0.05,-0.03,-2.33683201512e-14,0
300.0,-0.045,-0.03,-9.36529864162e-15,0
300.0,-0.05,-0.025,-3.0347938077e-14,0
300.0,-0.045,-0.025,-1.28267289511e-14,0
300.0,-0.05,-0.02,-3.6113139991e-14,0
300.0,-0.05,-0.015,-4.05536236194e-14,0
300.0,-0.045,-0.02,-1.57442217001e-14,0
300.0,-0.045,-0.015,-1.75870869417e-14,0
300.0,-0.05,-0.01,-4.2483563648e-14,0
300.0,-0.05,-0.005,-4.0712689477e-14,0
300.0,-0.045,-0.01,-1.60517911968e-14,0
300.0,-0.045,-0.005,-1.07184490486e-14,0
300.0,-0.05,0,-3.21990291459e-14,0
300.0,-0.05,0.005,-1.76994476296e-14,0
300.0,-0.045,4.16333634234e-19,1.39937937967e-16,0
300.0,-0.045,0.005,1.41626545833e-14,0
300.0,-0.05,0.01,-1.55367532879e-15,0
300.0,-0.05,0.015,1.63955553714e-14,0
300.0,-0.045,0.01,2.67429514544e-14,0
300.0,-0.045,0.015,3.91728133521e-14,0
300.0,-0.05,0.02,3.44372715291e-14,0
300.0,-0.05,0.025,4.44204291052e-14,0
300.0,-0.045,0.02,5.12952476336e-14,0
300.0,-0.045,0.025,5.49873766197e-14,0
300.0,-0.05,0.03,4.50831270293e-14,0
300.0,-0.05,0.035,4.22705716679e-14,0
300.0,-0.045,0.03,5.11190117495e-14,0
300.0,-0.045,0.035,4.55179392972e-14,0
300.0,-0.05,0.04,3.71083167046e-14,0
300.0,-0.05,0.045,3.10678175899e-14,0
300.0,-0.045,0.04,3.87493668507e-14,0
300.0,-0.045,0.045,3.10528633483e-14,0
300.0,-0.05,0.05,2.37613663874e-14,0
300.0,-0.05,0.055,1.51809346345e-14,0
300.0,-0.045,0.05,2.15545044329e-14,0
300.0,-0.045,0.055,1.0592140508e-14,0
300.0,-0.05,0.06,5.93585581111e-15,0
300.0,-0.05,0.065,-3.9108043828e-15,0
300.0,-0.045,0.06,-1.03579601405e-15,0
300.0,-0.045,0.065,-1.39604965358e-14,0
300.0,-0.05,0.07,-1.4363697675e-14,0
300.0,-0.05,0.075,-2.45143376643e-14,0
300.0,-0.045,0.07,-2.80627407949e-14,0
300.0,-0.045,0.075,-4.14556320586e-14,0
300.0,-0.04,-0.075,3.87104347648e-14,0
300.0,-0.04,-0.07,3.49961603996e-14,0
300.0,-0.035,-0.075,2.4586697262e-14,0
300.0,-0.035,-0.07,2.27317761303e-14,0
300.0,-0.04,-0.065,3.09222731432e-14,0
300.0,-0.035,-0.065,2.08118872586e-14,0
300.0,-0.04,-0.06,2.63974389441e-14,0
300.0,-0.035,-0.06,1.8883344139e-14,0
300.0,-0.04,-0.055,2.14184295529e-14,0
300.0,-0.035,-0.055,1.6863312393e-14,0
300.0,-0.04,-0.05,1.63604015001e-14,0
300.0,-0.04,-0.045,1.16804031647e-14,0
300.0,-0.035,-0.05,1.47428663589e-14,0
300.0,-0.035,-0.045,1.30010587456e-14,0
300.0,-0.04,-0.04,7.47612963624e-15,0
300.0,-0.04,-0.035,4.13640255951e-15,0
300.0,-0.035,-0.04,1.17045617725e-14,0
300.0,-0.035,-0.035,1.10260372543e-14,0
300.0,-0.04,-0.03,2.05908065648e-15,0
300.0,-0.035,-0.03,1.1171127893e-14,0
300.0,-0.04,-0.025,1.26092636931e-15,0
300.0,-0.035,-0.025,1.22911060337e-14,0
300.0,-0.04,-0.02,1.60401646341e-15,0
300.0,-0.035,-0.02,1.47431029375e-14,0
300.0,-0.04,-0.015,3.10629909007e-15,0
300.0,-0.035,-0.015,1.85447828218e-14,0
300.0,-0.04,-0.01,7.64804302404e-15,0
300.0,-0.04,-0.005,1.49189672461e-14,0
300.0,-0.035,-0.01,2.49471948693e-14,0
300.0,-0.035,-0.005,3.29794746708e-14,0
300.0,-0.04,0,2.42671464722e-14,0
300.0,-0.04,0.005,3.46095126661e-14,0
300.0,-0.035,4.16333634234e-19,4.20744409135e-14,0
300.0,-0.035,0.005,5.16154961355e-14,0
300.0,-0.04,0.01,4.51840143921e-14,0
300.0,-0.04,0.015,5.57172202297e-14,0
300.0,-0.035,0.01,6.1115511765e-14,0
300.0,-0.035,0.015,6.86262114099e-14,0
300.0,-0.04,0.02,6.26965279319e-14,0
300.0,-0.04,0.025,6.141769861e-14,0
300.0,-0.035,0.02,6.98441359616e-14,0
300.0,-0.035,0.025,6.56823796749e-14,0
300.0,-0.04,0.03,5.55222435305e-14,0
300.0,-0.04,0.035,4.8370020671e-14,0
300.0,-0.035,0.03,5.88803601731e-14,0
300.0,-0.035,0.035,5.05263706561e-14,0
300.0,-0.04,0.04,3.9951446279e-14,0
300.0,-0.04,0.045,3.02097260172e-14,0
300.0,-0.035,0.04,4.05684272939e-14,0
300.0,-0.035,0.045,2.89729718759e-14,0
300.0,-0.04,0.05,1.86931971264e-14,0
300.0,-0.04,0.055,5.72579301486e-15,0
300.0,-0.035,0.05,1.53575828589e-14,0
300.0,-0.035,0.055,-7.96205454249e-17,0
300.0,-0.04,0.06,-9.62354824877e-15,0
300.0,-0.04,0.065,-2.75196079528e-14,0
300.0,-0.035,0.06,-2.02925605698e-14,0
300.0,-0.035,0.065,-4.3981612374e-14,0
300.0,-0.04,0.07,-4.55415812254e-14,0
300.0,-0.04,0.075,-6.23991309315e-14,0
300.0,-0.035,0.07,-6.60899186658e-14,0
300.0,-0.035,0.075,-8.64676958031e-14,0
300.0,-0.03,-0.075,1.03660032133e-14,0
300.0,-0.03,-0.07,1.01471924324e-14,0
300.0,-0.025,-0.075,-4.64132466117e-15,0
300.0,-0.025,-0.07,-3.2720787709e-15,0
300.0,-0.03,-0.065,1.01763390737e-14,0
300.0,-0.025,-0.065,-1.31553855406e-15,0
300.0,-0.03,-0.06,1.04173505148e-14,0
300.0,-0.025,-0.06,1.05815298839e-15,0
300.0,-0.03,-0.055,1.09138067898e-14,0
300.0,-0.025,-0.055,3.96226969626e-15,0
300.0,-0.03,-0.05,1.16693914655e-14,0
300.0,-0.025,-0.05,7.44285293835e-15,0
300.0,-0.03,-0.045,1.27759552313e-14,0
300.0,-0.025,-0.045,1.12378409465e-14,0
300.0,-0.03,-0.04,1.42922071065e-14,0
300.0,-0.03,-0.035,1.6121474593e-14,0
300.0,-0.025,-0.04,1.54003347483e-14,0
300.0,-0.025,-0.035,1.96571160092e-14,0
300.0,-0.03,-0.03,1.82406458913e-14,0
300.0,-0.03,-0.025,2.08527625831e-14,0
300.0,-0.025,-0.03,2.36389261723e-14,0
300.0,-0.025,-0.025,2.74366700694e-14,0
300.0,-0.03,-0.02,2.43184561767e-14,0
300.0,-0.025,-0.02,3.14224778589e-14,0
300.0,-0.03,-0.015,2.89337331439e-14,0
300.0,-0.025,-0.015,3.60672722994e-14,0
300.0,-0.03,-0.01,3.54111031741e-14,0
300.0,-0.025,-0.01,4.18256614831e-14,0
300.0,-0.03,-0.005,4.34985405545e-14,0
300.0,-0.025,-0.005,4.87744927047e-14,0
300.0,-0.03,0,5.30956426229e-14,0
300.0,-0.03,0.005,6.2492080843e-14,0
300.0,-0.025,4.16333634234e-19,5.65216497483e-14,0
300.0,-0.025,0.005,6.41239715121e-14,0
300.0,-0.03,0.01,7.03909928881e-14,0
300.0,-0.03,0.015,7.4146026662e-14,0
300.0,-0.025,0.01,7.07968901303e-14,0
300.0,-0.025,0.015,7.44019621843e-14,0
300.0,-0.03,0.02,7.29178769028e-14,0
300.0,-0.03,0.025,6.84394347584e-14,0
300.0,-0.025,0.02,7.40530447392e-14,0
300.0,-0.025,0.025,6.99492146603e-14,0
300.0,-0.03,0.03,6.11743655368e-14,0
300.0,-0.03,0.035,5.19544777288e-14,0
300.0,-0.025,0.03,6.25945393631e-14,0
300.0,-0.025,0.035,5.27888562266e-14,0
300.0,-0.03,0.04,4.0662873585e-14,0
300.0,-0.03,0.045,2.73207604331e-14,0
300.0,-0.025,0.04,4.03465793261e-14,0
300.0,-0.025,0.045,2.53686921765e-14,0
300.0,-0.03,0.05,1.12842226542e-14,0
300.0,-0.03,0.055,-7.63297660772e-15,0
300.0,-0.025,0.05,6.5544544179e-15,0
300.0,-0.025,0.055,-1.71062371834e-14,0
300.0,-0.03,0.06,-3.29484572948e-14,0
300.0,-0.03,0.065,-6.26560527578e-14,0
300.0,-0.025,0.06,-4.79576685344e-14,0
300.0,-0.025,0.065,-8.31624207338e-14,0
300.0,-0.03,0.07,-9.1906250838e-14,0
300.0,-0.03,0.075,-1.20692355703e-13,0
300.0,-0.025,0.07,-1.1943434804e-13,0
300.0,-0.025,0.075,-1.57247876284e-13,0
300.0,-0.02,-0.075,-2.08770665368e-14,0
300.0,-0.02,-0.07,-1.81014518699e-14,0
300.0,-0.015,-0.075,-3.84543817816e-14,0
300.0,-0.015,-0.07,-3.45338418327e-14,0
300.0,-0.02,-0.065,-1.44756740488e-14,0
300.0,-0.015,-0.065,-2.93601224529e-14,0
300.0,-0.02,-0.06,-9.75452866589e-15,0
300.0,-0.015,-0.06,-2.19280205241e-14,0
300.0,-0.02,-0.055,-4.0502414467e-15,0
300.0,-0.015,-0.055,-1.31253569974e-14,0
300.0,-0.02,-0.05,2.26045947071e-15,0
300.0,-0.015,-0.05,-3.90771754425e-15,0
300.0,-0.02,-0.045,8.7521825915e-15,0
300.0,-0.015,-0.045,5.3066212803e-15,0
300.0,-0.02,-0.04,1.52627102309e-14,0
300.0,-0.015,-0.04,1.4145828727e-14,0
300.0,-0.02,-0.035,2.16707791801e-14,0
300.0,-0.015,-0.035,2.26080184284e-14,0
300.0,-0.02,-0.03,2.74893982683e-14,0
300.0,-0.02,-0.025,3.219561255e-14,0
300.0,-0.015,-0.03,3.01182854918e-14,0
300.0,-0.015,-0.025,3.54890932173e-14,0
300.0,-0.02,-0.02,3.61664749728e-14,0
300.0,-0.02,-0.015,4.00734253503e-14,0
300.0,-0.015,-0.02,3.89943582041e-14,0
300.0,-0.015,-0.015,4.15434998373e-14,0
300.0,-0.02,-0.01,4.41159941128e-14,0
300.0,-0.015,-0.01,4.31392550424e-14,0
300.0,-0.02,-0.005,4.86020100504e-14,0
300.0,-0.015,-0.005,4.46523651509e-14,0
300.0,-0.02,0,5.39532439629e-14,0
300.0,-0.015,4.16333634234e-19,4.76511017186e-14,0
300.0,-0.02,0.005,6.03606528524e-14,0
300.0,-0.015,0.005,5.333291521e-14,0
300.0,-0.02,0.01,6.69965120438e-14,0
300.0,-0.02,0.015,7.20324730044e-14,0
300.0,-0.015,0.01,6.12183629369e-14,0
300.0,-0.015,0.015,6.86698556559e-14,0
300.0,-0.02,0.02,7.35760243668e-14,0
300.0,-0.02,0.025,7.04837510264e-14,0
300.0,-0.015,0.02,7.25016835281e-14,0
300.0,-0.015,0.025,7.06547821066e-14,0
300.0,-0.02,0.03,6.34476337609e-14,0
300.0,-0.02,0.035,5.33979517235e-14,0
300.0,-0.015,0.03,6.41964845001e-14,0
300.0,-0.015,0.035,5.43855888793e-14,0
300.0,-0.02,0.04,4.00654132636e-14,0
300.0,-0.02,0.045,2.35424758559e-14,0
300.0,-0.015,0.04,4.03809136217e-14,0
300.0,-0.015,0.045,2.21584451989e-14,0
300.0,-0.02,0.05,1.37740223168e-15,0
300.0,-0.02,0.055,-2.79770338122e-14,0
300.0,-0.015,0.05,-3.67164455966e-15,0
300.0,-0.015,0.055,-3.76839228754e-14,0
300.0,-0.02,0.06,-6.32540216848e-14,0
300.0,-0.02,0.065,-1.02158261125e-13,0
300.0,-0.015,0.06,-7.67635936605e-14,0
300.0,-0.015,0.065,-1.19192416885e-13,0
300.0,-0.02,0.07,-1.43354914462e-13,0
300.0,-0.02,0.075,-1.85852432429e-13,0
300.0,-0.015,0.07,-1.64437679824e-13,0
300.0,-0.015,0.075,-2.1063792082e-13,0
300.0,-0.01,-0.075,-5.8778709799e-14,0
300.0,-0.01,-0.07,-5.35734274721e-14,0
300.0,-0.005,-0.075,-8.14196158301e-14,0
300.0,-0.005,-0.07,-7.52320157674e-14,0
300.0,-0.01,-0.065,-4.69167486178e-14,0
300.0,-0.005,-0.065,-6.73977321529e-14,0
300.0,-0.01,-0.06,-3.59786865503e-14,0
300.0,-0.005,-0.06,-5.2655759238e-14,0
300.0,-0.01,-0.055,-2.2931474401e-14,0
300.0,-0.005,-0.055,-3.37012601841e-14,0
300.0,-0.01,-0.05,-1.10592692128e-14,0
300.0,-0.005,-0.05,-1.90558879632e-14,0
300.0,-0.01,-0.045,6.98042412499e-16,0
300.0,-0.005,-0.045,-4.75005961845e-15,0
300.0,-0.01,-0.04,1.2018159764e-14,0
300.0,-0.005,-0.04,9.076640803e-15,0
300.0,-0.01,-0.035,2.27203504235e-14,0
300.0,-0.005,-0.035,2.20503503918e-14,0
300.0,-0.01,-0.03,3.20026679764e-14,0
300.0,-0.005,-0.03,3.35070495583e-14,0
300.0,-0.01,-0.025,3.79589229771e-14,0
300.0,-0.005,-0.025,4.03086286077e-14,0
300.0,-0.01,-0.02,4.07091839661e-14,0
300.0,-0.01,-0.015,4.13517294088e-14,0
300.0,-0.005,-0.02,4.24403301119e-14,0
300.0,-0.005,-0.015,4.12191751629e-14,0
300.0,-0.0117873230072,-0.0115873794689,4.13770353657e-14,0
300.0,-0.00939961996336,-0.005,3.5893516276e-14,0
300.0,-0.00792797428371,-0.00964253216809,3.77344041592e-14,0
300.0,-0.005,-0.00939961996336,3.49142582304e-14,0
300.0,-0.0108753492546,-0.00150606400588,3.82473624284e-14,0
300.0,-0.00818101620308,-0.00211452602544,3.08896269545e-14,0
300.0,-0.00651817360753,-0.000255934956239,2.33664004222e-14,0
300.0,-0.005,6.71033969428e-08,1.17825959257e-14,0
300.0,-0.0107292118043,0.00160660295843,3.96915852414e-14,0
300.0,-0.0080188992252,0.000768320427092,3.03193003454e-14,0
300.0,-0.00939946851065,0.005,4.09315699822e-14,0
300.0,-0.00802129342231,0.00264911934363,3.26856084511e-14,0
300.0,-0.00887989370213,0.00887989479405,4.89686180442e-14,0
300.0,-0.01,0.015,6.41764034195e-14,0
300.0,-0.005,0.00939947397025,4.56820641167e-14,0
300.0,-0.005,0.015,6.07175706764e-14,0
300.0,-0.01,0.02,7.02973807689e-14,0
300.0,-0.01,0.025,7.02887415803e-14,0
300.0,-0.005,0.02,6.79648771679e-14,0
300.0,-0.005,0.025,6.96128928803e-14,0
300.0,-0.01,0.03,6.48430609512e-14,0
300.0,-0.01,0.035,5.58226978579e-14,0
300.0,-0.005,0.03,6.54470267937e-14,0
300.0,-0.005,0.035,5.69079977777e-14,0
300.0,-0.01,0.04,4.12549052961e-14,0
300.0,-0.01,0.045,1.96733196745e-14,0
300.0,-0.005,0.04,4.15511498217e-14,0
300.0,-0.005,0.045,1.70113954695e-14,0
300.0,-0.01,0.05,-9.61864537069e-15,0
300.0,-0.01,0.055,-4.58762719126e-14,0
300.0,-0.005,0.05,-1.43993110269e-14,0
300.0,-0.005,0.055,-5.09758899907e-14,0
300.0,-0.01,0.06,-8.74911578356e-14,0
300.0,-0.01,0.065,-1.3298505623e-13,0
300.0,-0.005,0.06,-9.299834859e-14,0
300.0,-0.005,0.065,-1.39292242558e-13,0
300.0,-0.01,0.07,-1.81187536788e-13,0
300.0,-0.01,0.075,-2.31395430861e-13,0
300.0,-0.005,0.07,-1.88708919941e-13,0
300.0,-0.005,0.075,-2.40941480677e-13,0
300.0,0,-0.075,-1.16163935699e-13,0
300.0,0,-0.07,-1.04958708444e-13,0
300.0,0.005,-0.075,-1.54538204197e-13,0
300.0,0.005,-0.07,-1.34697374594e-13,0
300.0,0,-0.065,-9.26574863737e-14,0
300.0,0.005,-0.065,-1.1498322343e-13,0
300.0,0,-0.06,-7.38956941062e-14,0
300.0,0.005,-0.06,-9.15336899876e-14,0
300.0,0,-0.055,-5.185246564e-14,0
300.0,0.005,-0.055,-6.81070232227e-14,0
300.0,0,-0.05,-3.21458570512e-14,0
300.0,0.005,-0.05,-4.56068532939e-14,0
300.0,0,-0.045,-1.37858225808e-14,0
300.0,0.005,-0.045,-2.39465413944e-14,0
300.0,0,-0.04,3.68875709563e-15,0
300.0,0.005,-0.04,-3.07721289876e-15,0
300.0,0,-0.035,1.99218513766e-14,0
300.0,0.005,-0.035,1.60365140143e-14,0
300.0,0,-0.03,3.4217080425e-14,0
300.0,0.005,-0.03,3.28429406974e-14,0
300.0,0,-0.025,4.30327709196e-14,0
300.0,0.005,-0.025,4.52204902481e-14,0
300.0,0,-0.02,4.50382428044e-14,0
300.0,0.005,-0.02,4.89328396212e-14,0
300.0,0,-0.015,4.25594011495e-14,0
300.0,0.005,-0.015,4.65212987357e-14,0
300.0,-0.0021196717084,-0.00776771017156,2.87878742765e-14,0
300.0,-0.00084550708518,-0.00631514607954,2.20022849239e-14,0
300.0,6.71033969406e-08,-0.005,1.19183969637e-14,0
300.0,-0.00139054260708,-0.0110960807567,3.6473077295e-14,0
300.0,0.00132468676756,-0.00775008274642,2.87138625145e-14,0
300.0,0.00160394440688,-0.0116908851489,3.87418397523e-14,0
300.0,0.005,-0.00939946851065,3.81035086036e-14,0
300.0,0.005,0.005,2.98835218811e-14,0
300.0,-0.000107646311398,0.00617659695633,2.58685317897e-14,0
300.0,-0.00190846935279,0.0076427502668,3.65646749459e-14,0
300.0,0.00131146485568,0.00777290068297,3.65485296758e-14,0
300.0,0.00295884413402,0.00640276348073,3.05257807377e-14,0
300.0,-1.21517769428e-05,0.0108932602996,4.8911403829e-14,0
300.0,0,0.015,6.00620985766e-14,0
300.0,0.005,0.00939942566771,4.71396382119e-14,0
300.0,0.005,0.015,6.36736553489e-14,0
300.0,0,0.02,6.83543840697e-14,0
300.0,0,0.025,7.05154437042e-14,0
300.0,0.005,0.02,7.24188341261e-14,0
300.0,0.005,0.025,7.40905648639e-14,0
300.0,0,0.03,6.66643372101e-14,0
300.0,0,0.035,5.81092216726e-14,0
300.0,0.005,0.03,6.94663353247e-14,0
300.0,0.005,0.035,6.03850748342e-14,0
300.0,0,0.04,4.22075657111e-14,0
300.0,0,0.045,1.64788713937e-14,0
300.0,0.005,0.04,4.42190429079e-14,0
300.0,0.005,0.045,1.83794090666e-14,0
300.0,0,0.05,-1.55227409606e-14,0
300.0,0,0.055,-5.18681374279e-14,0
300.0,0.005,0.05,-1.32801851312e-14,0
300.0,0.005,0.055,-4.87369478768e-14,0
300.0,0,0.06,-9.26628070381e-14,0
300.0,0,0.065,-1.37324593189e-13,0
300.0,0.005,0.06,-8.77372505933e-14,0
300.0,0.005,0.065,-1.29440101217e-13,0
300.0,0,0.07,-1.86479157831e-13,0
300.0,0,0.075,-2.38845621974e-13,0
300.0,0.005,0.07,-1.77703455461e-13,0
300.0,0.005,0.075,-2.29368255349e-13,0
300.0,0.01,-0.075,-1.80236692475e-13,0
300.0,0.01,-0.07,-1.528967326e-13,0
300.0,0.015,-0.075,-1.8704745223e-13,0
300.0,0.015,-0.07,-1.58782438524e-13,0
300.0,0.01,-0.065,-1.25887591591e-13,0
300.0,0.015,-0.065,-1.31729193667e-13,0
300.0,0.01,-0.06,-1.00648201717e-13,0
300.0,0.015,-0.06,-1.06178457762e-13,0
300.0,0.01,-0.055,-7.68054314545e-14,0
300.0,0.015,-0.055,-8.16054889969e-14,0
300.0,0.01,-0.05,-5.38526604928e-14,0
300.0,0.015,-0.05,-5.82080438462e-14,0
300.0,0.01,-0.045,-3.09751685469e-14,0
300.0,0.015,-0.045,-3.54657233515e-14,0
300.0,0.01,-0.04,-8.23337305046e-15,0
300.0,0.015,-0.04,-1.18137835487e-14,0
300.0,0.01,-0.035,1.28330644562e-14,0
300.0,0.015,-0.035,1.078607012e-14,0
300.0,0.01,-0.03,3.11639432037e-14,0
300.0,0.015,-0.03,3.04696345487e-14,0
300.0,0.01,-0.025,4.66067836435e-14,0
300.0,0.015,-0.025,4.80236111721e-14,0
300.0,0.01,-0.02,5.40142017035e-14,0
300.0,0.01,-0.015,5.31427670132e-14,0
300.0,0.015,-0.02,5.94125348252e-14,0
300.0,0.015,-0.015,6.20935517453e-14,0
300.0,0.00999280436795,-0.0116358337096,5.05048129587e-14,0
300.0,0.0105889214373,-0.00845762197625,4.88407096706e-14,0
300.0,0.015,-0.01,6.12792184704e-14,0
300.0,0.00939947397025,-0.005,4.18294345803e-14,0
300.0,0.015,-0.005,6.04095949397e-14,0
300.0,0.00658051136513,-0.00296146438142,2.86290366945e-14,0
300.0,0.00636794669772,-3.54305826484e-06,2.39717294256e-14,0
300.0,0.00795807888052,-0.00113999998936,3.27726570282e-14,0
300.0,0.00758147027913,0.00183630393596,3.24905772285e-14,0
300.0,0.0112534647756,-1.47536350887e-07,4.728285158e-14,0
300.0,0.015,4.16333634234e-19,6.13989463108e-14,0
300.0,0.00939942566771,0.005,4.69688436934e-14,0
300.0,0.015,0.005,6.74444536561e-14,0
300.0,0.00999018807453,0.0109670628501,6.40764762829e-14,0
300.0,0.01,0.015,7.31211083561e-14,0
300.0,0.015,0.01,7.66492322266e-14,0
300.0,0.015,0.015,8.5379177498e-14,0
300.0,0.01,0.02,8.01194608455e-14,0
300.0,0.01,0.025,8.03649550893e-14,0
300.0,0.015,0.02,9.02841019635e-14,0
300.0,0.015,0.025,8.88722060051e-14,0
300.0,0.01,0.03,7.45700740444e-14,0
300.0,0.01,0.035,6.43701597651e-14,0
300.0,0.015,0.03,8.17743134841e-14,0
300.0,0.015,0.035,6.96894335611e-14,0
300.0,0.01,0.04,4.73159986025e-14,0
300.0,0.01,0.045,2.23635353065e-14,0
300.0,0.015,0.04,5.13610680203e-14,0
300.0,0.015,0.045,2.76910613524e-14,0
300.0,0.01,0.05,-8.11099954644e-15,0
300.0,0.01,0.055,-4.23914766941e-14,0
300.0,0.015,0.05,-1.19933854544e-15,0
300.0,0.015,0.055,-3.40769487971e-14,0
300.0,0.01,0.06,-8.03663231177e-14,0
300.0,0.01,0.065,-1.2101382759e-13,0
300.0,0.015,0.06,-7.14417815756e-14,0
300.0,0.015,0.065,-1.11578388446e-13,0
300.0,0.01,0.07,-1.66469081768e-13,0
300.0,0.01,0.075,-2.14108587461e-13,0
300.0,0.015,0.07,-1.53391000596e-13,0
300.0,0.015,0.075,-1.9564626021e-13,0
300.0,0.02,-0.075,-1.79920746083e-13,0
300.0,0.02,-0.07,-1.5347588078e-13,0
300.0,0.025,-0.075,-1.64964076555e-13,0
300.0,0.025,-0.07,-1.40475651046e-13,0
300.0,0.02,-0.065,-1.29006481531e-13,0
300.0,0.025,-0.065,-1.17513950231e-13,0
300.0,0.02,-0.06,-1.05135236765e-13,0
300.0,0.025,-0.06,-9.59389912404e-14,0
300.0,0.02,-0.055,-8.09595153039e-14,0
300.0,0.025,-0.055,-7.48855065789e-14,0
300.0,0.02,-0.05,-5.79816063709e-14,0
300.0,0.025,-0.05,-5.42002529268e-14,0
300.0,0.02,-0.045,-3.64274623216e-14,0
300.0,0.025,-0.045,-3.45456105534e-14,0
300.0,0.02,-0.04,-1.33970812628e-14,0
300.0,0.025,-0.04,-1.3119274305e-14,0
300.0,0.02,-0.035,9.95320229535e-15,0
300.0,0.025,-0.035,9.78185165425e-15,0
300.0,0.02,-0.03,3.0587446493e-14,0
300.0,0.025,-0.03,3.09900603014e-14,0
300.0,0.02,-0.025,4.98755536352e-14,0
300.0,0.025,-0.025,5.13695681091e-14,0
300.0,0.02,-0.02,6.50514408307e-14,0
300.0,0.025,-0.02,6.93854586962e-14,0
300.0,0.02,-0.015,7.17922434054e-14,0
300.0,0.025,-0.015,8.06411961433e-14,0
300.0,0.02,-0.01,7.38768540387e-14,0
300.0,0.025,-0.01,8.55625655631e-14,0
300.0,0.02,-0.005,7.59309597527e-14,0
300.0,0.025,-0.005,8.972647196e-14,0
300.0,0.02,0,7.92508306121e-14,0
300.0,0.025,4.16333634234e-19,9.5246702856e-14,0
300.0,0.02,0.005,8.51785438054e-14,0
300.0,0.025,0.005,1.01750682185e-13,0
300.0,0.02,0.01,9.2528963014e-14,0
300.0,0.025,0.01,1.08247854099e-13,0
300.0,0.02,0.015,9.90653576513e-14,0
300.0,0.025,0.015,1.13385550368e-13,0
300.0,0.02,0.02,1.01966550541e-13,0
300.0,0.02,0.025,9.8881081881e-14,0
300.0,0.025,0.02,1.14314064541e-13,0
300.0,0.025,0.025,1.08398355689e-13,0
300.0,0.02,0.03,8.99968197234e-14,0
300.0,0.02,0.035,7.56733090257e-14,0
300.0,0.025,0.03,9.69693788891e-14,0
300.0,0.025,0.035,8.15866719647e-14,0
300.0,0.02,0.04,5.65903822578e-14,0
300.0,0.02,0.045,3.40388233302e-14,0
300.0,0.025,0.04,6.27945837195e-14,0
300.0,0.025,0.045,4.15399556261e-14,0
300.0,0.02,0.05,6.89010535399e-15,0
300.0,0.02,0.055,-2.4226333709e-14,0
300.0,0.025,0.05,1.59177797389e-14,0
300.0,0.025,0.055,-1.43958427385e-14,0
300.0,0.02,0.06,-6.03564391489e-14,0
300.0,0.02,0.065,-9.89379115211e-14,0
300.0,0.025,0.06,-4.83172504036e-14,0
300.0,0.025,0.065,-8.42212020734e-14,0
300.0,0.02,0.07,-1.37952909235e-13,0
300.0,0.02,0.075,-1.77429573328e-13,0
300.0,0.025,0.07,-1.21286400533e-13,0
300.0,0.025,0.075,-1.58495257164e-13,0
300.0,0.03,-0.075,-1.45088237955e-13,0
300.0,0.03,-0.07,-1.21907798536e-13,0
300.0,0.035,-0.075,-1.22244334563e-13,0
300.0,0.035,-0.07,-1.00050565807e-13,0
300.0,0.03,-0.065,-1.00403143108e-13,0
300.0,0.035,-0.065,-7.98191015742e-14,0
300.0,0.03,-0.06,-8.0848902896e-14,0
300.0,0.035,-0.06,-6.24628721785e-14,0
300.0,0.03,-0.055,-6.28402848687e-14,0
300.0,0.035,-0.055,-4.68124941826e-14,0
300.0,0.03,-0.05,-4.58893040688e-14,0
300.0,0.035,-0.05,-3.28620591936e-14,0
300.0,0.03,-0.045,-2.96055910704e-14,0
300.0,0.035,-0.045,-1.9661404477e-14,0
300.0,0.03,-0.04,-1.09710371238e-14,0
300.0,0.035,-0.04,-5.09761557052e-15,0
300.0,0.03,-0.035,1.01068448467e-14,0
300.0,0.035,-0.035,1.13984123656e-14,0
300.0,0.03,-0.03,3.10791534383e-14,0
300.0,0.035,-0.03,3.05188171654e-14,0
300.0,0.03,-0.025,5.15460849679e-14,0
300.0,0.035,-0.025,4.94699475363e-14,0
300.0,0.03,-0.02,6.99294516808e-14,0
300.0,0.035,-0.02,6.56453735857e-14,0
300.0,0.03,-0.015,8.41144419204e-14,0
300.0,0.035,-0.015,7.97987079813e-14,0
300.0,0.03,-0.01,9.31327304487e-14,0
300.0,0.035,-0.01,9.09657441318e-14,0
300.0,0.03,-0.005,9.9547635331e-14,0
300.0,0.035,-0.005,9.8714476145e-14,0
300.0,0.03,0,1.0629445263e-13,0
300.0,0.035,4.16333634234e-19,1.06118857124e-13,0
300.0,0.03,0.005,1.13489049186e-13,0
300.0,0.035,0.005,1.1351067693e-13,0
300.0,0.03,0.01,1.19998384789e-13,0
300.0,0.035,0.01,1.19574007058e-13,0
300.0,0.03,0.015,1.24171123072e-13,0
300.0,0.035,0.015,1.21860778303e-13,0
300.0,0.03,0.02,1.22712143633e-13,0
300.0,0.035,0.02,1.19778436262e-13,0
300.0,0.03,0.025,1.13889067315e-13,0
300.0,0.035,0.025,1.13010374049e-13,0
300.0,0.03,0.03,1.01520080586e-13,0
300.0,0.03,0.035,8.67522530486e-14,0
300.0,0.035,0.03,1.02854326014e-13,0
300.0,0.035,0.035,9.07575057953e-14,0
300.0,0.03,0.04,6.9241044177e-14,0
300.0,0.03,0.045,4.96099158475e-14,0
300.0,0.035,0.04,7.55384984586e-14,0
300.0,0.035,0.045,5.78946482344e-14,0
300.0,0.03,0.05,2.5825826587e-14,0
300.0,0.03,0.055,-3.11071729835e-15,0
300.0,0.035,0.05,3.62273126562e-14,0
300.0,0.035,0.055,8.99178389927e-15,0
300.0,0.03,0.06,-3.52513145558e-14,0
300.0,0.03,0.065,-6.91689900429e-14,0
300.0,0.035,0.06,-2.14711679447e-14,0
300.0,0.035,0.065,-5.35203756467e-14,0
300.0,0.03,0.07,-1.04287225814e-13,0
300.0,0.03,0.075,-1.39920040501e-13,0
300.0,0.035,0.07,-8.68806416798e-14,0
300.0,0.035,0.075,-1.21066399476e-13,0
300.0,0.04,-0.075,-9.07983328569e-14,0
300.0,0.04,-0.07,-7.25986950107e-14,0
300.0,0.045,-0.075,-5.39632651401e-14,0
300.0,0.045,-0.07,-4.15225836172e-14,0
300.0,0.04,-0.065,-5.58171024008e-14,0
300.0,0.045,-0.065,-2.94685228796e-14,0
300.0,0.04,-0.06,-4.15630728493e-14,0
300.0,0.045,-0.06,-1.8776736083e-14,0
300.0,0.04,-0.055,-2.86448427721e-14,0
300.0,0.045,-0.055,-8.95430611498e-15,0
300.0,0.04,-0.05,-1.70030064403e-14,0
300.0,0.045,-0.05,1.90061220312e-17,0
300.0,0.04,-0.045,-6.20005517751e-15,0
300.0,0.045,-0.045,8.13602762249e-15,0
300.0,0.04,-0.04,4.44150293068e-15,0
300.0,0.045,-0.04,1.48895365352e-14,0
300.0,0.04,-0.035,1.53508055946e-14,0
300.0,0.045,-0.035,2.07065626405e-14,0
300.0,0.04,-0.03,2.91123466009e-14,0
300.0,0.045,-0.03,2.75300248745e-14,0
300.0,0.04,-0.025,4.34410206917e-14,0
300.0,0.045,-0.025,3.43580565196e-14,0
300.0,0.04,-0.02,5.62226631561e-14,0
300.0,0.045,-0.02,4.25045746023e-14,0
300.0,0.04,-0.015,6.85909656153e-14,0
300.0,0.045,-0.015,4.93389681809e-14,0
300.0,0.04,-0.01,7.79477975274e-14,0
300.0,0.045,-0.01,5.2669359557e-14,0
300.0,0.04,-0.005,8.43902827633e-14,0
300.0,0.045,-0.005,5.59429735921e-14,0
300.0,0.04,0,9.14853568306e-14,0
300.0,0.045,4.16333634234e-19,6.30855601889e-14,0
300.0,0.04,0.005,9.92371899951e-14,0
300.0,0.045,0.005,7.18101679218e-14,0
300.0,0.04,0.01,1.05074519817e-13,0
300.0,0.045,0.01,7.91518857515e-14,0
300.0,0.04,0.015,1.06763206275e-13,0
300.0,0.045,0.015,8.31478254761e-14,0
300.0,0.04,0.02,1.06634532761e-13,0
300.0,0.045,0.02,8.70863401719e-14,0
300.0,0.04,0.025,1.04915674143e-13,0
300.0,0.045,0.025,9.16330260394e-14,0
300.0,0.04,0.03,9.94614787479e-14,0
300.0,0.045,0.03,9.2378473579e-14,0
300.0,0.04,0.035,9.10668630497e-14,0
300.0,0.045,0.035,8.74283269297e-14,0
300.0,0.04,0.04,7.9683125154e-14,0
300.0,0.04,0.045,6.54862610047e-14,0
300.0,0.045,0.04,7.97196070704e-14,0
300.0,0.045,0.045,7.01242947738e-14,0
300.0,0.04,0.05,4.63907638471e-14,0
300.0,0.04,0.055,2.11606192566e-14,0
300.0,0.045,0.05,5.51350050981e-14,0
300.0,0.045,0.055,3.29074689085e-14,0
300.0,0.04,0.06,-7.20410338709e-15,0
300.0,0.04,0.065,-3.70656329817e-14,0
300.0,0.045,0.06,7.19120653366e-15,0
300.0,0.045,0.065,-1.98680821486e-14,0
300.0,0.04,0.07,-6.85976216127e-14,0
300.0,0.04,0.075,-1.01255657913e-13,0
300.0,0.045,0.07,-4.9442202089e-14,0
300.0,0.045,0.075,-8.07361554493e-14,0
300.0,0.05,-0.075,-1.92791630276e-14,0
300.0,0.05,-0.07,-1.04799710398e-14,0
300.0,0.055,-0.075,1.45930447815e-14,0
300.0,0.055,-0.07,2.04526265121e-14,0
300.0,0.05,-0.065,-2.16095897388e-15,0
300.0,0.055,-0.065,2.57955508702e-14,0
300.0,0.05,-0.06,5.2917803838e-15,0
300.0,0.055,-0.06,3.03175364018e-14,0
300.0,0.05,-0.055,1.2044552758e-14,0
300.0,0.055,-0.055,3.41096085252e-14,0
300.0,0.05,-0.05,1.79801111142e-14,0
300.0,0.055,-0.05,3.69370740192e-14,0
300.0,0.05,-0.045,2.26765835718e-14,0
300.0,0.055,-0.045,3.80110887769e-14,0
300.0,0.05,-0.04,2.55789581031e-14,0
300.0,0.055,-0.04,3.64697898946e-14,0
300.0,0.05,-0.035,2.69370466164e-14,0
300.0,0.055,-0.035,3.24670089265e-14,0
300.0,0.05,-0.03,2.64461323092e-14,0
300.0,0.055,-0.03,2.33279144106e-14,0
300.0,0.05,-0.025,2.45148498922e-14,0
300.0,0.055,-0.025,1.10539584334e-14,0
300.0,0.05,-0.02,2.23976707639e-14,0
300.0,0.055,-0.02,-2.56603370769e-15,0
300.0,0.05,-0.015,1.97685865269e-14,0
300.0,0.055,-0.015,-1.36793993048e-14,0
300.0,0.05,-0.01,1.8606580924e-14,0
300.0,0.055,-0.01,-1.86980083708e-14,0
300.0,0.05,-0.005,1.93414838971e-14,0
300.0,0.055,-0.005,-2.19423806633e-14,0
300.0,0.05,0,2.46628760259e-14,0
300.0,0.055,4.16333634234e-19,-2.33569828085e-14,0
300.0,0.05,0.005,3.33945723766e-14,0
300.0,0.055,0.005,-1.80255640637e-14,0
300.0,0.05,0.01,4.36123566061e-14,0
300.0,0.055,0.01,-3.83206552502e-15,0
300.0,0.05,0.015,5.22327060247e-14,0
300.0,0.055,0.015,1.46201143355e-14,0
300.0,0.05,0.02,6.02023017032e-14,0
300.0,0.055,0.02,2.77842444832e-14,0
300.0,0.05,0.025,6.99023468797e-14,0
300.0,0.055,0.025,4.12824873462e-14,0
300.0,0.05,0.03,7.9518423112e-14,0
300.0,0.055,0.03,5.90996815993e-14,0
300.0,0.05,0.035,8.10486733629e-14,0
300.0,0.055,0.035,7.13726115843e-14,0
300.0,0.05,0.04,7.660955932e-14,0
300.0,0.055,0.04,7.1304236092e-14,0
300.0,0.05,0.045,7.11486903225e-14,0
300.0,0.055,0.045,6.91907770151e-14,0
300.0,0.05,0.05,6.18435965444e-14,0
300.0,0.05,0.055,4.43665074589e-14,0
300.0,0.055,0.05,6.60550186897e-14,0
300.0,0.055,0.055,5.5531822745e-14,0
300.0,0.05,0.06,2.15366233632e-14,0
300.0,0.05,0.065,-2.64995637021e-15,0
300.0,0.055,0.06,3.59643028817e-14,0
300.0,0.055,0.065,1.43251072057e-14,0
300.0,0.05,0.07,-2.8658162468e-14,0
300.0,0.05,0.075,-5.57070398487e-14,0
300.0,0.055,0.07,-6.62969696327e-15,0
300.0,0.055,0.075,-2.75135468334e-14,0
300.0,0.06,-0.075,4.77386252459e-14,0
300.0,0.06,-0.07,5.11209621615e-14,0
300.0,0.065,-0.075,8.02793041231e-14,0
300.0,0.065,-0.07,8.16585842545e-14,0
300.0,0.06,-0.065,5.40118101324e-14,0
300.0,0.065,-0.065,8.24831333513e-14,0
300.0,0.06,-0.06,5.62913756631e-14,0
300.0,0.065,-0.06,8.3048838768e-14,0
300.0,0.06,-0.055,5.77342045522e-14,0
300.0,0.065,-0.055,8.26322635553e-14,0
300.0,0.06,-0.05,5.72789745332e-14,0
300.0,0.065,-0.05,7.88138349248e-14,0
300.0,0.06,-0.045,5.39623808851e-14,0
300.0,0.065,-0.045,7.05422708159e-14,0
300.0,0.06,-0.04,4.67441038908e-14,0
300.0,0.065,-0.04,5.59896157824e-14,0
300.0,0.06,-0.035,3.4884068653e-14,0
300.0,0.065,-0.035,3.34928896431e-14,0
300.0,0.06,-0.03,1.52257470249e-14,0
300.0,0.065,-0.03,1.42540324213e-15,0
300.0,0.06,-0.025,-9.04902511956e-15,0
300.0,0.065,-0.025,-3.43805761666e-14,0
300.0,0.06,-0.02,-3.25161646531e-14,0
300.0,0.065,-0.02,-6.98617941294e-14,0
300.0,0.06,-0.015,-5.12156280877e-14,0
300.0,0.065,-0.015,-9.90853010647e-14,0
300.0,0.06,-0.01,-6.46728365936e-14,0
300.0,0.065,-0.01,-1.20969174177e-13,0
300.0,0.06,-0.005,-7.53914074808e-14,0
300.0,0.065,-0.005,-1.37696671297e-13,0
300.0,0.06,0,-8.27420776872e-14,0
300.0,0.065,4.16333634234e-19,-1.48966062127e-13,0
300.0,0.06,0.005,-8.25328722623e-14,0
300.0,0.065,0.005,-1.5439990341e-13,0
300.0,0.06,0.01,-6.94538378244e-14,0
300.0,0.065,0.01,-1.45349399144e-13,0
300.0,0.06,0.015,-4.65564378474e-14,0
300.0,0.065,0.015,-1.22158039063e-13,0
300.0,0.06,0.02,-2.37057385472e-14,0
300.0,0.065,0.02,-9.27777156839e-14,0
300.0,0.06,0.025,-1.21948708047e-15,0
300.0,0.065,0.025,-6.18993646671e-14,0
300.0,0.06,0.03,2.33269561515e-14,0
300.0,0.065,0.03,-3.00033716499e-14,0
300.0,0.06,0.035,4.4949317297e-14,0
300.0,0.065,0.035,1.12507852041e-15,0
300.0,0.06,0.04,5.46667844317e-14,0
300.0,0.065,0.04,2.28537826225e-14,0
300.0,0.06,0.045,5.81067345764e-14,0
300.0,0.065,0.045,3.44064101215e-14,0
300.0,0.06,0.05,6.13117187669e-14,0
300.0,0.065,0.05,4.41467695648e-14,0
300.0,0.06,0.055,5.99977760525e-14,0
300.0,0.065,0.055,5.24888818655e-14,0
300.0,0.06,0.06,4.79365770163e-14,0
300.0,0.06,0.065,3.12368222051e-14,0
300.0,0.065,0.06,5.06737983291e-14,0
300.0,0.065,0.065,4.20878142406e-14,0
300.0,0.06,0.07,1.50362753913e-14,0
300.0,0.06,0.075,-1.98203945508e-17,0
300.0,0.065,0.07,3.21346424653e-14,0
300.0,0.065,0.075,2.30203848522e-14,0
300.0,0.07,-0.075,1.12555459931e-13,0
300.0,0.07,-0.07,1.12235330662e-13,0
300.0,0.075,-0.075,1.43969168304e-13,0
300.0,0.075,-0.07,1.42565356351e-13,0
300.0,0.07,-0.065,1.11498443289e-13,0
300.0,0.075,-0.065,1.40491262341e-13,0
300.0,0.07,-0.06,1.10626128057e-13,0
300.0,0.075,-0.06,1.38775178087e-13,0
300.0,0.07,-0.055,1.08981263621e-13,0
300.0,0.075,-0.055,1.36520071429e-13,0
300.0,0.07,-0.05,1.01887910878e-13,0
300.0,0.075,-0.05,1.25899145558e-13,0
300.0,0.07,-0.045,8.60065536703e-14,0
300.0,0.075,-0.045,1.0135296418e-13,0
300.0,0.07,-0.04,6.02312351214e-14,0
300.0,0.075,-0.04,6.15866767904e-14,0
300.0,0.07,-0.035,2.49010907224e-14,0
300.0,0.075,-0.035,1.305544825e-14,0
300.0,0.07,-0.03,-1.53539411288e-14,0
300.0,0.075,-0.03,-3.18758061499e-14,0
300.0,0.07,-0.025,-5.86120730235e-14,0
300.0,0.075,-0.025,-8.05845021026e-14,0
300.0,0.07,-0.02,-1.11708413072e-13,0
300.0,0.075,-0.02,-1.54590831077e-13,0
300.0,0.07,-0.015,-1.57015584745e-13,0
300.0,0.075,-0.015,-2.1846315021e-13,0
300.0,0.07,-0.01,-1.83145345597e-13,0
300.0,0.075,-0.01,-2.47934125179e-13,0
300.0,0.07,-0.005,-2.03345997922e-13,0
300.0,0.075,-0.005,-2.71089117879e-13,0
300.0,0.07,0,-2.17491979012e-13,0
300.0,0.075,0,-2.87788364956e-13,0
300.0,0.07,0.005,-2.26246199196e-13,0
300.0,0.075,0.005,-2.98868195357e-13,0
300.0,0.07,0.01,-2.2074725235e-13,0
300.0,0.075,0.01,-2.96459138043e-13,0
300.0,0.07,0.015,-1.96595882218e-13,0
300.0,0.075,0.015,-2.70822803401e-13,0
300.0,0.07,0.02,-1.63749124203e-13,0
300.0,0.075,0.02,-2.35031216919e-13,0
300.0,0.07,0.025,-1.28307436391e-13,0
300.0,0.075,0.025,-1.9551945895e-13,0
300.0,0.07,0.03,-9.07056614332e-14,0
300.0,0.075,0.03,-1.52518849907e-13,0
300.0,0.07,0.035,-5.18545542345e-14,0
300.0,0.075,0.035,-1.06959115834e-13,0
300.0,0.07,0.04,-1.47606956165e-14,0
300.0,0.075,0.04,-5.25780003277e-14,0
300.0,0.07,0.045,9.67818059876e-15,0
300.0,0.075,0.045,-1.39602333035e-14,0
300.0,0.07,0.05,2.26177153886e-14,0
300.0,0.075,0.05,1.26941930501e-15,0
300.0,0.07,0.055,3.43927525916e-14,0
300.0,0.075,0.055,1.51328042e-14,0
300.0,0.07,0.06,4.29782276779e-14,0
300.0,0.075,0.06,3.25630045376e-14,0
300.0,0.07,0.065,4.53016369575e-14,0
300.0,0.075,0.065,4.53429488747e-14,0
300.0,0.07,0.07,4.31595945549e-14,0
300.0,0.07,0.075,3.94562318533e-14,0
300.0,0.075,0.07,5.0589279925e-14,0
300.0,0.075,0.075,5.07631810142e-14,0
400.0,-0.00382671281566,-0.00202612167119,0,0
400.0,-0.005,-0.005,2.64112893697e-14,0
400.0,-0.00197892066871,-0.00385133392306,0,0
400.0,-0.005,-0.00190753787223,1.51134365636e-14,0
400.0,-0.00433,0,0,0
400.0,-0.00190753787223,-0.005,1.61100738726e-14,0
400.0,0,-0.00433,0,0
400.0,-0.005,0.00190775150599,1.50109964525e-14,0
400.0,-0.00385133392306,0.00197892066871,0,0
400.0,0.00190775150599,-0.005,1.63360137928e-14,0
400.0,0.00202612167119,-0.00382671281566,0,0
400.0,-0.00202612167119,0.00382671281566,0,0
400.0,-0.005,0.005,2.60445053545e-14,0
400.0,-0.0019094272225,0.005,1.58742508284e-14,0
400.0,0,0.00433,0,0
400.0,0.00147766755988,0.00407006125046,0,0
400.0,8.32667268469e-19,0.005,1.14002088883e-14,0
400.0,0.00433,0,0,0
400.0,0.005,1.38777878078e-18,1.13092138496e-14,0
400.0,0.00407006125046,0.00147766755988,0,0
400.0,0.005,-0.005,2.81771910913e-14,0
400.0,0.00385133392306,-0.00197892066871,0,0
400.0,0.005,-0.0019094272225,1.53487100072e-14,0
400.0,0.00306177236254,0.00306177236254,0,0
400.0,0.0019094272225,0.005,1.6004396449e-14,0
400.0,0.005,0.0019094272225,1.50300435991e-14,0
400.0,-0.000885,-0.0015328649647,1.27154303514e-12,0
400.0,-0.0015328649647,-0.000885,1.27166542302e-12,0
400.0,-0.00186450691264,-0.00187567167242,8.4304048129e-13,0
400.0,-0.00177,0,1.27135713678e-12,0
400.0,-0.00268433516245,-0.000738983120158,7.59120485175e-13,0
400.0,0,-0.00177,1.27150464971e-12,0
400.0,-0.000718432264205,-0.00269192408424,7.57414281318e-13,0
400.0,-0.0015328649647,0.000885,1.26985261088e-12,0
400.0,-0.00265321485144,0.000647311733689,7.89903998891e-13,0
400.0,-0.000885,0.0015328649647,1.26822501646e-12,0
400.0,-0.00194719253591,0.00178443766524,8.43966770262e-13,0
400.0,0,0.00177,1.26411870811e-12,0
400.0,-0.000802720381054,0.00273415977115,7.17513181349e-13,0
400.0,0.000885,-0.0015328649647,1.27019343685e-12,0
400.0,0.00075154031863,-0.00270385456952,7.45304060731e-13,0
400.0,0.00177,0,1.26245843525e-12,0
400.0,0.0015328649647,-0.000885,1.26804092606e-12,0
400.0,0.00271471102228,-0.000564731152102,7.60928068856e-13,0
400.0,0.00192394637685,-0.00189207206672,8.10110679518e-13,0
400.0,0.00231817117671,0.00040530921667,9.87928481543e-13,0
400.0,0.0015328649647,0.000885,1.26072470611e-12,0
400.0,0.000885,0.0015328649647,1.26142978153e-12,0
400.0,0.000427053001345,0.00287092483521,6.82201978969e-13,0
400.0,0.00187618296239,0.00184774001435,8.33355403952e-13,0
400.0,0.00312733402203,0.000607809752493,5.19208533915e-13,0
400.0,0.00276214303706,0.00136595635004,5.76869911735e-13,0
400.0,0.0014100336009,0.00268674970267,6.04782723158e-13,0
400.0,-0.075,-0.075,1.67225540075e-13,0
400.0,-0.07,-0.075,1.24999147624e-13,0
400.0,-0.075,-0.07,1.60148337646e-13,0
400.0,-0.07,-0.07,1.19733005382e-13,0
400.0,-0.075,-0.065,1.50079161496e-13,0
400.0,-0.07,-0.065,1.12097157884e-13,0
400.0,-0.065,-0.075,8.25237793887e-14,0
400.0,-0.065,-0.07,8.04662729195e-14,0
400.0,-0.065,-0.065,7.63174557825e-14,0
400.0,-0.075,-0.06,1.29625789127e-13,0
400.0,-0.07,-0.06,9.81995636903e-14,0
400.0,-0.065,-0.06,6.83529485625e-14,0
400.0,-0.075,-0.055,1.04842477964e-13,0
400.0,-0.07,-0.055,8.09671946465e-14,0
400.0,-0.065,-0.055,5.74514246916e-14,0
400.0,-0.075,-0.05,8.61979928471e-14,0
400.0,-0.07,-0.05,6.62274095351e-14,0
400.0,-0.065,-0.05,4.70737425353e-14,0
400.0,-0.075,-0.045,6.82757759815e-14,0
400.0,-0.07,-0.045,5.14617169749e-14,0
400.0,-0.065,-0.045,3.56257946858e-14,0
400.0,-0.075,-0.04,5.01572115627e-14,0
400.0,-0.07,-0.04,3.52395414096e-14,0
400.0,-0.075,-0.035,3.13548700873e-14,0
400.0,-0.07,-0.035,1.74504827855e-14,0
400.0,-0.065,-0.04,2.1653710409e-14,0
400.0,-0.065,-0.035,5.44206401222e-15,0
400.0,-0.075,-0.03,1.06922539547e-14,0
400.0,-0.07,-0.03,-2.72832185226e-15,0
400.0,-0.075,-0.025,-6.29419019723e-15,0
400.0,-0.07,-0.025,-2.13306769736e-14,0
400.0,-0.065,-0.03,-1.35072822813e-14,0
400.0,-0.065,-0.025,-3.2951625769e-14,0
400.0,-0.075,-0.02,-1.02131143296e-14,0
400.0,-0.07,-0.02,-3.23248142693e-14,0
400.0,-0.075,-0.015,7.71255495765e-15,0
400.0,-0.07,-0.015,-2.92407062163e-14,0
400.0,-0.065,-0.02,-4.97179007639e-14,0
400.0,-0.065,-0.015,-6.13062171063e-14,0
400.0,-0.075,-0.01,5.19077312272e-14,0
400.0,-0.07,-0.01,-5.87992274119e-15,0
400.0,-0.075,-0.005,1.1743185959e-13,0
400.0,-0.07,-0.005,3.47121777844e-14,0
400.0,-0.065,-0.01,-5.86266753868e-14,0
400.0,-0.065,-0.005,-4.2399013527e-14,0
400.0,-0.075,0,1.87541863281e-13,0
400.0,-0.07,0,8.31961507136e-14,0
400.0,-0.075,0.005,2.57698505024e-13,0
400.0,-0.07,0.005,1.32439180506e-13,0
400.0,-0.065,4.16333634234e-19,-1.70646664333e-14,0
400.0,-0.065,0.005,1.06444862381e-14,0
400.0,-0.075,0.01,3.22646319039e-13,0
400.0,-0.07,0.01,1.78167058083e-13,0
400.0,-0.075,0.015,3.69916669491e-13,0
400.0,-0.07,0.015,2.13792388993e-13,0
400.0,-0.065,0.01,3.74328604139e-14,0
400.0,-0.065,0.015,6.11900829996e-14,0
400.0,-0.075,0.02,3.97295433206e-13,0
400.0,-0.07,0.02,2.38310927673e-13,0
400.0,-0.075,0.025,4.17811258865e-13,0
400.0,-0.07,0.025,2.57477473195e-13,0
400.0,-0.065,0.02,8.20032214107e-14,0
400.0,-0.065,0.025,9.96090780896e-14,0
400.0,-0.075,0.03,4.32143133319e-13,0
400.0,-0.07,0.03,2.71232488318e-13,0
400.0,-0.075,0.035,4.43591938427e-13,0
400.0,-0.07,0.035,2.82220749151e-13,0
400.0,-0.065,0.03,1.14761698793e-13,0
400.0,-0.065,0.035,1.29502815044e-13,0
400.0,-0.075,0.04,4.50743313562e-13,0
400.0,-0.07,0.04,2.95600914482e-13,0
400.0,-0.075,0.045,4.58302178155e-13,0
400.0,-0.07,0.045,3.12068014858e-13,0
400.0,-0.065,0.04,1.51392023357e-13,0
400.0,-0.065,0.045,1.74480042202e-13,0
400.0,-0.075,0.05,4.72625172989e-13,0
400.0,-0.07,0.05,3.29682174491e-13,0
400.0,-0.075,0.055,4.89700140398e-13,0
400.0,-0.07,0.055,3.47154680052e-13,0
400.0,-0.065,0.05,1.93937118134e-13,0
400.0,-0.065,0.055,2.10377164292e-13,0
400.0,-0.075,0.06,5.05841004539e-13,0
400.0,-0.07,0.06,3.6227952754e-13,0
400.0,-0.075,0.065,5.21683200965e-13,0
400.0,-0.07,0.065,3.75292586215e-13,0
400.0,-0.065,0.06,2.23287704879e-13,0
400.0,-0.065,0.065,2.32299859694e-13,0
400.0,-0.075,0.07,5.41113976848e-13,0
400.0,-0.07,0.07,3.8700315433e-13,0
400.0,-0.075,0.075,5.56348371501e-13,0
400.0,-0.07,0.075,3.95105750439e-13,0
400.0,-0.065,0.07,2.37516479163e-13,0
400.0,-0.065,0.075,2.38703040047e-13,0
400.0,-0.06,-0.075,4.16335408866e-14,0
400.0,-0.06,-0.07,4.27066617343e-14,0
400.0,-0.06,-0.065,4.30523394871e-14,0
400.0,-0.055,-0.075,1.94298668342e-16,0
400.0,-0.055,-0.07,5.24749767598e-15,0
400.0,-0.055,-0.065,1.08692435669e-14,0
400.0,-0.06,-0.06,4.14723191239e-14,0
400.0,-0.06,-0.055,3.68976445552e-14,0
400.0,-0.055,-0.06,1.60963823554e-14,0
400.0,-0.055,-0.055,1.77161917879e-14,0
400.0,-0.06,-0.05,2.99222194495e-14,0
400.0,-0.055,-0.05,1.47399938932e-14,0
400.0,-0.06,-0.045,2.114668013e-14,0
400.0,-0.055,-0.045,9.38745709792e-15,0
400.0,-0.06,-0.04,1.00122950836e-14,0
400.0,-0.055,-0.04,1.89738092999e-15,0
400.0,-0.06,-0.035,-3.51427068087e-15,0
400.0,-0.055,-0.035,-8.28356979382e-15,0
400.0,-0.06,-0.03,-2.00922109718e-14,0
400.0,-0.06,-0.025,-3.90237973134e-14,0
400.0,-0.055,-0.03,-2.21642954482e-14,0
400.0,-0.055,-0.025,-3.95898201935e-14,0
400.0,-0.06,-0.02,-5.83242411331e-14,0
400.0,-0.06,-0.015,-7.70985633007e-14,0
400.0,-0.055,-0.02,-5.90203975172e-14,0
400.0,-0.055,-0.015,-7.99615517681e-14,0
400.0,-0.06,-0.01,-9.26341056089e-14,0
400.0,-0.06,-0.005,-1.01182445847e-13,0
400.0,-0.055,-0.01,-1.04520290201e-13,0
400.0,-0.055,-0.005,-1.32084706906e-13,0
400.0,-0.06,0,-1.01452224281e-13,0
400.0,-0.06,0.005,-9.71732540897e-14,0
400.0,-0.055,4.16333634234e-19,-1.56460583817e-13,0
400.0,-0.055,0.005,-1.75174331817e-13,0
400.0,-0.06,0.01,-8.96771399177e-14,0
400.0,-0.06,0.015,-7.86384590608e-14,0
400.0,-0.055,0.01,-1.86007454684e-13,0
400.0,-0.055,0.015,-1.86653453224e-13,0
400.0,-0.06,0.02,-6.4000735461e-14,0
400.0,-0.06,0.025,-4.62052882052e-14,0
400.0,-0.055,0.02,-1.75859214338e-13,0
400.0,-0.055,0.025,-1.53557159263e-13,0
400.0,-0.06,0.03,-2.25489774345e-14,0
400.0,-0.06,0.035,4.21952157106e-15,0
400.0,-0.055,0.03,-1.21842920113e-13,0
400.0,-0.055,0.035,-9.24809176149e-14,0
400.0,-0.06,0.04,2.94696307905e-14,0
400.0,-0.06,0.045,5.19404214986e-14,0
400.0,-0.055,0.04,-7.22438544804e-14,0
400.0,-0.055,0.045,-5.82366692792e-14,0
400.0,-0.06,0.05,6.93834598883e-14,0
400.0,-0.06,0.055,8.24339706875e-14,0
400.0,-0.055,0.05,-4.77150445657e-14,0
400.0,-0.055,0.055,-3.99276852818e-14,0
400.0,-0.06,0.06,9.13643302578e-14,0
400.0,-0.06,0.065,9.64051088859e-14,0
400.0,-0.055,0.06,-3.54742014308e-14,0
400.0,-0.055,0.065,-3.49749923251e-14,0
400.0,-0.06,0.07,9.74275499644e-14,0
400.0,-0.06,0.075,9.52994172809e-14,0
400.0,-0.055,0.07,-3.93801323041e-14,0
400.0,-0.055,0.075,-4.69312235134e-14,0
400.0,-0.05,-0.075,-4.5323104545e-14,0
400.0,-0.05,-0.07,-3.11257350185e-14,0
400.0,-0.045,-0.075,-7.66860786308e-14,0
400.0,-0.045,-0.07,-5.57997320609e-14,0
400.0,-0.05,-0.065,-1.83481034998e-14,0
400.0,-0.045,-0.065,-3.72446604694e-14,0
400.0,-0.05,-0.06,-6.58797504438e-15,0
400.0,-0.05,-0.055,1.03620351131e-15,0
400.0,-0.045,-0.06,-2.13474357757e-14,0
400.0,-0.045,-0.055,-9.86825789973e-15,0
400.0,-0.05,-0.05,3.39418189523e-15,0
400.0,-0.05,-0.045,2.54029170953e-15,0
400.0,-0.045,-0.05,-2.99357336542e-15,0
400.0,-0.045,-0.045,-1.97493921067e-16,0
400.0,-0.05,-0.04,-1.71435030895e-15,0
400.0,-0.045,-0.04,-1.63255682457e-15,0
400.0,-0.05,-0.035,-9.1435769136e-15,0
400.0,-0.045,-0.035,-6.64424101457e-15,0
400.0,-0.05,-0.03,-2.01846733703e-14,0
400.0,-0.045,-0.03,-1.51878819159e-14,0
400.0,-0.05,-0.025,-3.50043994074e-14,0
400.0,-0.045,-0.025,-2.75836616226e-14,0
400.0,-0.05,-0.02,-5.31052031149e-14,0
400.0,-0.05,-0.015,-7.38333872427e-14,0
400.0,-0.045,-0.02,-4.41429567888e-14,0
400.0,-0.045,-0.015,-6.37720854113e-14,0
400.0,-0.05,-0.01,-1.02006379005e-13,0
400.0,-0.05,-0.005,-1.37498342131e-13,0
400.0,-0.045,-0.01,-9.20656234576e-14,0
400.0,-0.045,-0.005,-1.29701108208e-13,0
400.0,-0.05,0,-1.79088814223e-13,0
400.0,-0.05,0.005,-2.15404464185e-13,0
400.0,-0.045,4.16333634234e-19,-1.74933565912e-13,0
400.0,-0.045,0.005,-2.14892281573e-13,0
400.0,-0.05,0.01,-2.39538329865e-13,0
400.0,-0.05,0.015,-2.51320694522e-13,0
400.0,-0.045,0.01,-2.43540210211e-13,0
400.0,-0.045,0.015,-2.66278960775e-13,0
400.0,-0.05,0.02,-2.42335388816e-13,0
400.0,-0.05,0.025,-2.15915949442e-13,0
400.0,-0.045,0.02,-2.67303555173e-13,0
400.0,-0.045,0.025,-2.46862122809e-13,0
400.0,-0.05,0.03,-1.86686557926e-13,0
400.0,-0.05,0.035,-1.62211427732e-13,0
400.0,-0.045,0.03,-2.27020675666e-13,0
400.0,-0.045,0.035,-2.11614058335e-13,0
400.0,-0.05,0.04,-1.47635218204e-13,0
400.0,-0.05,0.045,-1.42794555591e-13,0
400.0,-0.045,0.04,-2.02947429209e-13,0
400.0,-0.045,0.045,-2.03460492623e-13,0
400.0,-0.05,0.05,-1.455928779e-13,0
400.0,-0.05,0.055,-1.4808325071e-13,0
400.0,-0.045,0.05,-2.14090331319e-13,0
400.0,-0.045,0.055,-2.29923460284e-13,0
400.0,-0.05,0.06,-1.50507486422e-13,0
400.0,-0.05,0.065,-1.56589397558e-13,0
400.0,-0.045,0.06,-2.46025716789e-13,0
400.0,-0.045,0.065,-2.59300965656e-13,0
400.0,-0.05,0.07,-1.68122356263e-13,0
400.0,-0.05,0.075,-1.85444306697e-13,0
400.0,-0.045,0.07,-2.76820733643e-13,0
400.0,-0.045,0.075,-3.03313124777e-13,0
400.0,-0.04,-0.075,-9.06012595834e-14,0
400.0,-0.04,-0.07,-6.7970100138e-14,0
400.0,-0.035,-0.075,-1.01471844712e-13,0
400.0,-0.035,-0.07,-7.69480552769e-14,0
400.0,-0.04,-0.065,-4.71424702612e-14,0
400.0,-0.035,-0.065,-5.40184771121e-14,0
400.0,-0.04,-0.06,-2.89753540811e-14,0
400.0,-0.035,-0.06,-3.35514422958e-14,0
400.0,-0.04,-0.055,-1.48834475514e-14,0
400.0,-0.035,-0.055,-1.67598541265e-14,0
400.0,-0.04,-0.05,-5.19140076595e-15,0
400.0,-0.04,-0.045,4.9042841048e-16,0
400.0,-0.035,-0.05,-4.25116002262e-15,0
400.0,-0.035,-0.045,4.29062358814e-15,0
400.0,-0.04,-0.04,1.94587372856e-15,0
400.0,-0.04,-0.035,-5.60549967989e-16,0
400.0,-0.035,-0.04,8.59641891193e-15,0
400.0,-0.035,-0.035,8.60776999397e-15,0
400.0,-0.04,-0.03,-6.9465703263e-15,0
400.0,-0.035,-0.03,4.43162761306e-15,0
400.0,-0.04,-0.025,-1.7115571842e-14,0
400.0,-0.035,-0.025,-3.61181588537e-15,0
400.0,-0.04,-0.02,-3.12657442694e-14,0
400.0,-0.035,-0.02,-1.50701101361e-14,0
400.0,-0.04,-0.015,-4.84513771999e-14,0
400.0,-0.035,-0.015,-2.92619494908e-14,0
400.0,-0.04,-0.01,-7.27036845591e-14,0
400.0,-0.04,-0.005,-1.06381957986e-13,0
400.0,-0.035,-0.01,-4.7939003721e-14,0
400.0,-0.035,-0.005,-7.27393941246e-14,0
400.0,-0.04,0,-1.49441913616e-13,0
400.0,-0.04,0.005,-1.88553390076e-13,0
400.0,-0.035,4.16333634234e-19,-1.12356749969e-13,0
400.0,-0.035,0.005,-1.54425536706e-13,0
400.0,-0.04,0.01,-2.18712227512e-13,0
400.0,-0.04,0.015,-2.46178158631e-13,0
400.0,-0.035,0.01,-1.87983340793e-13,0
400.0,-0.035,0.015,-2.15915639422e-13,0
400.0,-0.04,0.02,-2.600653998e-13,0
400.0,-0.04,0.025,-2.5215224437e-13,0
400.0,-0.035,0.02,-2.3223648173e-13,0
400.0,-0.035,0.025,-2.35572347729e-13,0
400.0,-0.04,0.03,-2.40785809267e-13,0
400.0,-0.04,0.035,-2.3463347951e-13,0
400.0,-0.035,0.03,-2.32962842821e-13,0
400.0,-0.035,0.035,-2.33179417064e-13,0
400.0,-0.04,0.04,-2.33241479416e-13,0
400.0,-0.04,0.045,-2.38608253078e-13,0
400.0,-0.035,0.04,-2.37006403423e-13,0
400.0,-0.035,0.045,-2.46706476505e-13,0
400.0,-0.04,0.05,-2.52623752069e-13,0
400.0,-0.04,0.055,-2.76233352036e-13,0
400.0,-0.035,0.05,-2.64202085365e-13,0
400.0,-0.035,0.055,-2.91240863158e-13,0
400.0,-0.04,0.06,-3.08170543463e-13,0
400.0,-0.04,0.065,-3.31723630533e-13,0
400.0,-0.035,0.06,-3.29446876874e-13,0
400.0,-0.035,0.065,-3.63995349854e-13,0
400.0,-0.04,0.07,-3.54472315256e-13,0
400.0,-0.04,0.075,-3.88302004976e-13,0
400.0,-0.035,0.07,-3.95262336412e-13,0
400.0,-0.035,0.075,-4.35526312924e-13,0
400.0,-0.03,-0.075,-1.09584425869e-13,0
400.0,-0.03,-0.07,-8.32053676547e-14,0
400.0,-0.025,-0.075,-1.16253706035e-13,0
400.0,-0.025,-0.07,-8.77667360908e-14,0
400.0,-0.03,-0.065,-5.80561564696e-14,0
400.0,-0.025,-0.065,-6.00560495475e-14,0
400.0,-0.03,-0.06,-3.5261645618e-14,0
400.0,-0.025,-0.06,-3.45652656025e-14,0
400.0,-0.03,-0.055,-1.58592721977e-14,0
400.0,-0.025,-0.055,-1.22452861607e-14,0
400.0,-0.03,-0.05,-3.85139889946e-16,0
400.0,-0.025,-0.05,6.32141727385e-15,0
400.0,-0.03,-0.045,1.09958130174e-14,0
400.0,-0.025,-0.045,2.05472112792e-14,0
400.0,-0.03,-0.04,1.81051248527e-14,0
400.0,-0.03,-0.035,2.07037299108e-14,0
400.0,-0.025,-0.04,3.02567961081e-14,0
400.0,-0.025,-0.035,3.53549171043e-14,0
400.0,-0.03,-0.03,1.87206279555e-14,0
400.0,-0.03,-0.025,1.25051313511e-14,0
400.0,-0.025,-0.03,3.52762520828e-14,0
400.0,-0.025,-0.025,3.01884856448e-14,0
400.0,-0.03,-0.02,2.87126848806e-15,0
400.0,-0.025,-0.02,2.14288733733e-14,0
400.0,-0.03,-0.015,-9.09032105275e-15,0
400.0,-0.025,-0.015,1.07792619684e-14,0
400.0,-0.03,-0.01,-2.42430434925e-14,0
400.0,-0.025,-0.01,-1.6552447095e-15,0
400.0,-0.03,-0.005,-4.29980090315e-14,0
400.0,-0.025,-0.005,-1.63138520494e-14,0
400.0,-0.03,0,-7.0725059286e-14,0
400.0,-0.03,0.005,-1.05862736056e-13,0
400.0,-0.025,4.16333634234e-19,-3.40563440853e-14,0
400.0,-0.025,0.005,-5.78184962977e-14,0
400.0,-0.03,0.01,-1.42009007091e-13,0
400.0,-0.03,0.015,-1.72371643136e-13,0
400.0,-0.025,0.01,-8.84727876429e-14,0
400.0,-0.025,0.015,-1.19050381554e-13,0
400.0,-0.03,0.02,-1.90168728985e-13,0
400.0,-0.03,0.025,-2.00272154885e-13,0
400.0,-0.025,0.02,-1.40299201321e-13,0
400.0,-0.025,0.025,-1.52833985927e-13,0
400.0,-0.03,0.03,-2.04236841194e-13,0
400.0,-0.03,0.035,-2.08531020163e-13,0
400.0,-0.025,0.03,-1.59070232981e-13,0
400.0,-0.025,0.035,-1.63919679124e-13,0
400.0,-0.03,0.04,-2.14924524872e-13,0
400.0,-0.03,0.045,-2.25700993658e-13,0
400.0,-0.025,0.04,-1.69106008364e-13,0
400.0,-0.025,0.045,-1.76672401327e-13,0
400.0,-0.03,0.05,-2.42652547797e-13,0
400.0,-0.03,0.055,-2.67278312384e-13,0
400.0,-0.025,0.05,-1.87208942132e-13,0
400.0,-0.025,0.055,-1.98558049532e-13,0
400.0,-0.03,0.06,-2.98767212964e-13,0
400.0,-0.03,0.065,-3.27844608915e-13,0
400.0,-0.025,0.06,-2.04896695696e-13,0
400.0,-0.025,0.065,-2.0932772654e-13,0
400.0,-0.03,0.07,-3.55891785188e-13,0
400.0,-0.03,0.075,-3.9253935014e-13,0
400.0,-0.025,0.07,-2.18102582932e-13,0
400.0,-0.025,0.075,-2.3068553533e-13,0
400.0,-0.02,-0.075,-1.21930754335e-13,0
400.0,-0.02,-0.07,-9.13020420283e-14,0
400.0,-0.015,-0.075,-1.27156430729e-13,0
400.0,-0.015,-0.07,-9.43596001133e-14,0
400.0,-0.02,-0.065,-6.08654948248e-14,0
400.0,-0.015,-0.065,-6.0874191351e-14,0
400.0,-0.02,-0.06,-3.15778151878e-14,0
400.0,-0.015,-0.06,-2.65188653466e-14,0
400.0,-0.02,-0.055,-5.4906894343e-15,0
400.0,-0.015,-0.055,4.58257156982e-15,0
400.0,-0.02,-0.05,1.62257339769e-14,0
400.0,-0.015,-0.05,2.92238201685e-14,0
400.0,-0.02,-0.045,3.3161030246e-14,0
400.0,-0.015,-0.045,4.85691772251e-14,0
400.0,-0.02,-0.04,4.49831183714e-14,0
400.0,-0.015,-0.04,6.21993831375e-14,0
400.0,-0.02,-0.035,5.20949757718e-14,0
400.0,-0.015,-0.035,7.06567257735e-14,0
400.0,-0.02,-0.03,5.34911392788e-14,0
400.0,-0.02,-0.025,4.85624710265e-14,0
400.0,-0.015,-0.03,7.25918744331e-14,0
400.0,-0.015,-0.025,6.67253362387e-14,0
400.0,-0.02,-0.02,3.95291108141e-14,0
400.0,-0.02,-0.015,2.90963160354e-14,0
400.0,-0.015,-0.02,5.60500233511e-14,0
400.0,-0.015,-0.015,4.43115800379e-14,0
400.0,-0.02,-0.01,1.78891165391e-14,0
400.0,-0.015,-0.01,3.25826275945e-14,0
400.0,-0.02,-0.005,5.90466128905e-15,0
400.0,-0.015,-0.005,2.21389959672e-14,0
400.0,-0.02,0,-7.28014818279e-15,0
400.0,-0.015,4.16333634234e-19,1.36025876492e-14,0
400.0,-0.02,0.005,-2.31540065793e-14,0
400.0,-0.015,0.005,6.49808926722e-15,0
400.0,-0.02,0.01,-4.45451200042e-14,0
400.0,-0.02,0.015,-6.74661070539e-14,0
400.0,-0.015,0.01,-4.77957929449e-15,0
400.0,-0.015,0.015,-1.87812433347e-14,0
400.0,-0.02,0.02,-8.60139059815e-14,0
400.0,-0.02,0.025,-9.7050828642e-14,0
400.0,-0.015,0.02,-3.12018264607e-14,0
400.0,-0.015,0.025,-3.74465405248e-14,0
400.0,-0.02,0.03,-1.01919288206e-13,0
400.0,-0.02,0.035,-1.04403183682e-13,0
400.0,-0.015,0.03,-3.81351623654e-14,0
400.0,-0.015,0.035,-3.59510773082e-14,0
400.0,-0.02,0.04,-1.05490023798e-13,0
400.0,-0.02,0.045,-1.0554020849e-13,0
400.0,-0.015,0.04,-3.18954081459e-14,0
400.0,-0.015,0.045,-2.04371425096e-14,0
400.0,-0.02,0.05,-1.00254555519e-13,0
400.0,-0.02,0.055,-8.62040985017e-14,0
400.0,-0.015,0.05,8.98510658722e-15,0
400.0,-0.015,0.055,4.81663505974e-14,0
400.0,-0.02,0.06,-6.71712560009e-14,0
400.0,-0.02,0.065,-4.95312777351e-14,0
400.0,-0.015,0.06,8.70302976765e-14,0
400.0,-0.015,0.065,1.25375874235e-13,0
400.0,-0.02,0.07,-3.49307845206e-14,0
400.0,-0.02,0.075,-2.50743527705e-14,0
400.0,-0.015,0.07,1.65422991816e-13,0
400.0,-0.015,0.075,1.98992251524e-13,0
400.0,-0.01,-0.075,-1.33404702573e-13,0
400.0,-0.01,-0.07,-9.78892761369e-14,0
400.0,-0.005,-0.075,-1.39665353813e-13,0
400.0,-0.005,-0.07,-1.02014469904e-13,0
400.0,-0.01,-0.065,-6.13424006903e-14,0
400.0,-0.005,-0.065,-6.23078324146e-14,0
400.0,-0.01,-0.06,-1.92956631822e-14,0
400.0,-0.005,-0.06,-1.22906090018e-14,0
400.0,-0.01,-0.055,1.86246889468e-14,0
400.0,-0.005,-0.055,3.38608448928e-14,0
400.0,-0.01,-0.05,4.51567685486e-14,0
400.0,-0.005,-0.05,6.33845765689e-14,0
400.0,-0.01,-0.045,6.66196900867e-14,0
400.0,-0.005,-0.045,8.7199393662e-14,0
400.0,-0.01,-0.04,8.1941868047e-14,0
400.0,-0.005,-0.04,1.03953330405e-13,0
400.0,-0.01,-0.035,9.10120065774e-14,0
400.0,-0.005,-0.035,1.1300741119e-13,0
400.0,-0.01,-0.03,9.21957075724e-14,0
400.0,-0.005,-0.03,1.12246033952e-13,0
400.0,-0.01,-0.025,8.39631620224e-14,0
400.0,-0.005,-0.025,1.00257248055e-13,0
400.0,-0.01,-0.02,7.04056219723e-14,0
400.0,-0.01,-0.015,5.56702204077e-14,0
400.0,-0.005,-0.02,8.29981636954e-14,0
400.0,-0.005,-0.015,6.39931203684e-14,0
400.0,-0.0117873230072,-0.0115873794689,4.2802942284e-14,0
400.0,-0.00939961996336,-0.005,2.99438968498e-14,0
400.0,-0.00792797428371,-0.00964253216809,4.19674554558e-14,0
400.0,-0.005,-0.00939961996336,4.19547055381e-14,0
400.0,-0.0108753492546,-0.00150606400588,2.39370475338e-14,0
400.0,-0.00818101620308,-0.00211452602544,2.50980819222e-14,0
400.0,-0.00651817360753,-0.000255934956239,2.04723386396e-14,0
400.0,-0.005,6.71033969428e-08,1.12682696839e-14,0
400.0,-0.0107292118043,0.00160660295843,2.1935744175e-14,0
400.0,-0.0080188992252,0.000768320427092,2.31185443352e-14,0
400.0,-0.00939946851065,0.005,2.49821128896e-14,0
400.0,-0.00802129342231,0.00264911934363,2.40651920778e-14,0
400.0,-0.00887989370213,0.00887989479405,2.92013265809e-14,0
400.0,-0.01,0.015,2.36079299684e-14,0
400.0,-0.005,0.00939947397025,3.96263359983e-14,0
400.0,-0.005,0.015,4.85268229874e-14,0
400.0,-0.01,0.02,2.10789943229e-14,0
400.0,-0.01,0.025,2.02249381431e-14,0
400.0,-0.005,0.02,5.5291792573e-14,0
400.0,-0.005,0.025,6.33275582827e-14,0
400.0,-0.01,0.03,2.56751305212e-14,0
400.0,-0.01,0.035,3.78509214375e-14,0
400.0,-0.005,0.03,7.76785906532e-14,0
400.0,-0.005,0.035,1.02000486622e-13,0
400.0,-0.01,0.04,5.82414587725e-14,0
400.0,-0.01,0.045,9.33836723064e-14,0
400.0,-0.005,0.04,1.43036356534e-13,0
400.0,-0.005,0.045,1.98826062236e-13,0
400.0,-0.01,0.05,1.45125206401e-13,0
400.0,-0.01,0.055,2.02136736355e-13,0
400.0,-0.005,0.05,2.62821530432e-13,0
400.0,-0.005,0.055,3.3218202048e-13,0
400.0,-0.01,0.06,2.56716151439e-13,0
400.0,-0.01,0.065,3.13212927084e-13,0
400.0,-0.005,0.06,3.99461764082e-13,0
400.0,-0.005,0.065,4.65744122788e-13,0
400.0,-0.01,0.07,3.74537966778e-13,0
400.0,-0.01,0.075,4.41972614867e-13,0
400.0,-0.005,0.07,5.38893554568e-13,0
400.0,-0.005,0.075,6.3027275643e-13,0
400.0,0,-0.075,-1.58940037614e-13,0
400.0,0,-0.07,-1.1336876736e-13,0
400.0,0.005,-0.075,-1.85884485777e-13,0
400.0,0.005,-0.07,-1.29754996287e-13,0
400.0,0,-0.065,-6.48461199321e-14,0
400.0,0.005,-0.065,-7.24424646502e-14,0
400.0,0,-0.06,-9.96038151353e-15,0
400.0,0.005,-0.06,-1.36692236732e-14,0
400.0,0,-0.055,4.244344349e-14,0
400.0,0.005,-0.055,4.30270062868e-14,0
400.0,0,-0.05,8.24129133303e-14,0
400.0,0.005,-0.05,9.18566760246e-14,0
400.0,0,-0.045,1.12102990498e-13,0
400.0,0.005,-0.045,1.28295094831e-13,0
400.0,0,-0.04,1.31147905209e-13,0
400.0,0.005,-0.04,1.50587185051e-13,0
400.0,0,-0.035,1.38185049468e-13,0
400.0,0.005,-0.035,1.55749335939e-13,0
400.0,0,-0.03,1.32545093657e-13,0
400.0,0.005,-0.03,1.47044301087e-13,0
400.0,0,-0.025,1.15842541e-13,0
400.0,0.005,-0.025,1.29330473759e-13,0
400.0,0,-0.02,9.42096783104e-14,0
400.0,0.005,-0.02,1.04497233957e-13,0
400.0,0,-0.015,7.05462968926e-14,0
400.0,0.005,-0.015,7.75172109678e-14,0
400.0,-0.0021196717084,-0.00776771017156,3.36859239265e-14,0
400.0,-0.00084550708518,-0.00631514607954,2.42859395136e-14,0
400.0,6.71033969406e-08,-0.005,1.24143164031e-14,0
400.0,-0.00139054260708,-0.0110960807567,5.02135040373e-14,0
400.0,0.00132468676756,-0.00775008274642,3.42086130252e-14,0
400.0,0.00160394440688,-0.0116908851489,5.57616589187e-14,0
400.0,0.005,-0.00939946851065,4.83027987992e-14,0
400.0,0.005,0.005,2.55192464602e-14,0
400.0,-0.000107646311398,0.00617659695633,2.62050976524e-14,0
400.0,-0.00190846935279,0.0076427502668,3.63181437024e-14,0
400.0,0.00131146485568,0.00777290068297,3.61916429439e-14,0
400.0,0.00295884413402,0.00640276348073,2.93780202186e-14,0
400.0,-1.21517769428e-05,0.0108932602996,4.69422839886e-14,0
400.0,0,0.015,5.4821453229e-14,0
400.0,0.005,0.00939942566771,3.62947133523e-14,0
400.0,0.005,0.015,4.68003889466e-14,0
400.0,0,0.02,6.5487900795e-14,0
400.0,0,0.025,8.24095836955e-14,0
400.0,0.005,0.02,5.91559159398e-14,0
400.0,0.005,0.025,7.9181877244e-14,0
400.0,0,0.03,1.07165733274e-13,0
400.0,0,0.035,1.41380434152e-13,0
400.0,0.005,0.03,1.07617080338e-13,0
400.0,0.005,0.035,1.44246446548e-13,0
400.0,0,0.04,1.93235351284e-13,0
400.0,0,0.045,2.55130260543e-13,0
400.0,0.005,0.04,1.94946215074e-13,0
400.0,0.005,0.045,2.54381446198e-13,0
400.0,0,0.05,3.20182636664e-13,0
400.0,0,0.055,3.95024821839e-13,0
400.0,0.005,0.05,3.17054086857e-13,0
400.0,0.005,0.055,3.86201306789e-13,0
400.0,0,0.06,4.72209446293e-13,0
400.0,0,0.065,5.4327189336e-13,0
400.0,0.005,0.06,4.59534713491e-13,0
400.0,0.005,0.065,5.32915730515e-13,0
400.0,0,0.07,6.19678806132e-13,0
400.0,0,0.075,7.18538688031e-13,0
400.0,0.005,0.07,6.16569056561e-13,0
400.0,0.005,0.075,7.16489997396e-13,0
400.0,0.01,-0.075,-2.07584652729e-13,0
400.0,0.01,-0.07,-1.43250747399e-13,0
400.0,0.015,-0.075,-2.20021860094e-13,0
400.0,0.015,-0.07,-1.52296732186e-13,0
400.0,0.01,-0.065,-7.98355353737e-14,0
400.0,0.015,-0.065,-8.6420707093e-14,0
400.0,0.01,-0.06,-1.94154500922e-14,0
400.0,0.015,-0.06,-2.43029072533e-14,0
400.0,0.01,-0.055,3.88172112259e-14,0
400.0,0.015,-0.055,3.45709470078e-14,0
400.0,0.01,-0.05,9.14341483169e-14,0
400.0,0.015,-0.05,8.83296217938e-14,0
400.0,0.01,-0.045,1.33340466412e-13,0
400.0,0.015,-0.045,1.35858033735e-13,0
400.0,0.01,-0.04,1.58997112795e-13,0
400.0,0.015,-0.04,1.66831974616e-13,0
400.0,0.01,-0.035,1.64530509154e-13,0
400.0,0.015,-0.035,1.72140528037e-13,0
400.0,0.01,-0.03,1.55172142258e-13,0
400.0,0.015,-0.03,1.60566999557e-13,0
400.0,0.01,-0.025,1.39343144246e-13,0
400.0,0.015,-0.025,1.43902308828e-13,0
400.0,0.01,-0.02,1.13429916641e-13,0
400.0,0.01,-0.015,8.24221093128e-14,0
400.0,0.015,-0.02,1.15680854642e-13,0
400.0,0.015,-0.015,8.03924328982e-14,0
400.0,0.00999280436795,-0.0116358337096,6.4046252665e-14,0
400.0,0.0105889214373,-0.00845762197625,4.8703676701e-14,0
400.0,0.015,-0.01,5.14107286659e-14,0
400.0,0.00939947397025,-0.005,3.55823118187e-14,0
400.0,0.015,-0.005,2.89145625479e-14,0
400.0,0.00658051136513,-0.00296146438142,2.64253296972e-14,0
400.0,0.00636794669772,-3.54305826484e-06,2.07419137536e-14,0
400.0,0.00795807888052,-0.00113999998936,2.54806364017e-14,0
400.0,0.00758147027913,0.00183630393596,2.32135799005e-14,0
400.0,0.0112534647756,-1.47536350887e-07,2.2945146253e-14,0
400.0,0.015,4.16333634234e-19,1.41555870652e-14,0
400.0,0.00939942566771,0.005,2.21225213188e-14,0
400.0,0.015,0.005,3.39118848421e-15,0
400.0,0.00999018807453,0.0109670628501,2.2831914125e-14,0
400.0,0.01,0.015,2.7503129769e-14,0
400.0,0.015,0.01,-1.44566276328e-15,0
400.0,0.015,0.015,-7.15150800151e-17,0
400.0,0.01,0.02,3.86531448964e-14,0
400.0,0.01,0.025,5.78270116601e-14,0
400.0,0.015,0.02,8.48103379234e-15,0
400.0,0.015,0.025,2.64076282307e-14,0
400.0,0.01,0.03,8.54094841549e-14,0
400.0,0.01,0.035,1.20553251533e-13,0
400.0,0.015,0.03,5.26623604978e-14,0
400.0,0.015,0.035,8.4823340005e-14,0
400.0,0.01,0.04,1.64322341962e-13,0
400.0,0.01,0.045,2.14519635615e-13,0
400.0,0.015,0.04,1.21763722615e-13,0
400.0,0.015,0.045,1.63409831502e-13,0
400.0,0.01,0.05,2.6966838869e-13,0
400.0,0.01,0.055,3.29649076731e-13,0
400.0,0.015,0.05,2.10537775246e-13,0
400.0,0.015,0.055,2.61664972543e-13,0
400.0,0.01,0.06,3.93767907822e-13,0
400.0,0.01,0.065,4.61090915803e-13,0
400.0,0.015,0.06,3.16512578482e-13,0
400.0,0.015,0.065,3.67897529396e-13,0
400.0,0.01,0.07,5.37447767519e-13,0
400.0,0.01,0.075,6.1344469806e-13,0
400.0,0.015,0.07,4.05047882943e-13,0
400.0,0.015,0.075,4.33719432404e-13,0
400.0,0.02,-0.075,-2.2450810208e-13,0
400.0,0.02,-0.07,-1.57143103552e-13,0
400.0,0.025,-0.075,-2.24251537151e-13,0
400.0,0.025,-0.07,-1.58104071683e-13,0
400.0,0.02,-0.065,-9.14279916277e-14,0
400.0,0.025,-0.065,-9.34781371843e-14,0
400.0,0.02,-0.06,-2.84070122208e-14,0
400.0,0.025,-0.06,-3.18708816558e-14,0
400.0,0.02,-0.055,3.03888581235e-14,0
400.0,0.025,-0.055,2.57606017683e-14,0
400.0,0.02,-0.05,8.38781413852e-14,0
400.0,0.025,-0.05,7.89253573941e-14,0
400.0,0.02,-0.045,1.33721702719e-13,0
400.0,0.025,-0.045,1.28444770429e-13,0
400.0,0.02,-0.04,1.69845087294e-13,0
400.0,0.025,-0.04,1.66044722676e-13,0
400.0,0.02,-0.035,1.7540254237e-13,0
400.0,0.025,-0.035,1.727712898e-13,0
400.0,0.02,-0.03,1.61298683231e-13,0
400.0,0.025,-0.03,1.57000208022e-13,0
400.0,0.02,-0.025,1.42493954904e-13,0
400.0,0.025,-0.025,1.34294684096e-13,0
400.0,0.02,-0.02,1.09924773209e-13,0
400.0,0.025,-0.02,9.58622403277e-14,0
400.0,0.02,-0.015,6.91537435524e-14,0
400.0,0.025,-0.015,4.90401434173e-14,0
400.0,0.02,-0.01,3.60923609627e-14,0
400.0,0.025,-0.01,1.09757284857e-14,0
400.0,0.02,-0.005,8.15555191869e-15,0
400.0,0.025,-0.005,-2.45859799062e-14,0
400.0,0.02,0,-1.37836068442e-14,0
400.0,0.025,4.16333634234e-19,-5.79907549034e-14,0
400.0,0.02,0.005,-2.99777504679e-14,0
400.0,0.025,0.005,-7.86075484211e-14,0
400.0,0.02,0.01,-3.83711481185e-14,0
400.0,0.025,0.01,-8.8400234343e-14,0
400.0,0.02,0.015,-4.00047495111e-14,0
400.0,0.025,0.015,-9.22166379373e-14,0
400.0,0.02,0.02,-3.3414964985e-14,0
400.0,0.02,0.025,-1.68289358869e-14,0
400.0,0.025,0.02,-8.67948291298e-14,0
400.0,0.025,0.025,-7.08122250439e-14,0
400.0,0.02,0.03,7.89022758469e-15,0
400.0,0.02,0.035,3.68037694963e-14,0
400.0,0.025,0.03,-4.51629677382e-14,0
400.0,0.025,0.035,-1.70385528637e-14,0
400.0,0.02,0.04,6.89026897816e-14,0
400.0,0.02,0.045,1.04020349573e-13,0
400.0,0.025,0.04,1.13851718721e-14,0
400.0,0.025,0.045,3.97975543655e-14,0
400.0,0.02,0.05,1.41884287791e-13,0
400.0,0.02,0.055,1.8042683086e-13,0
400.0,0.025,0.05,6.65181930703e-14,0
400.0,0.025,0.055,8.72130272099e-14,0
400.0,0.02,0.06,2.14134017489e-13,0
400.0,0.02,0.065,2.34565131502e-13,0
400.0,0.025,0.06,9.23484246897e-14,0
400.0,0.025,0.065,8.73304031882e-14,0
400.0,0.02,0.07,2.42121299286e-13,0
400.0,0.02,0.075,2.45555752819e-13,0
400.0,0.025,0.07,7.66946154749e-14,0
400.0,0.025,0.075,5.88655667071e-14,0
400.0,0.03,-0.075,-2.21233343311e-13,0
400.0,0.03,-0.07,-1.56068690019e-13,0
400.0,0.035,-0.075,-2.16143790942e-13,0
400.0,0.035,-0.07,-1.5161775689e-13,0
400.0,0.03,-0.065,-9.29289373736e-14,0
400.0,0.035,-0.065,-8.97378333612e-14,0
400.0,0.03,-0.06,-3.33323431431e-14,0
400.0,0.035,-0.06,-3.27912709955e-14,0
400.0,0.03,-0.055,2.22252771936e-14,0
400.0,0.035,-0.055,1.98944282917e-14,0
400.0,0.03,-0.05,7.31273488488e-14,0
400.0,0.035,-0.05,6.7031873792e-14,0
400.0,0.03,-0.045,1.19896936672e-13,0
400.0,0.035,-0.045,1.09715174187e-13,0
400.0,0.03,-0.04,1.56530424502e-13,0
400.0,0.035,-0.04,1.42696489975e-13,0
400.0,0.03,-0.035,1.65457780222e-13,0
400.0,0.035,-0.035,1.54534267184e-13,0
400.0,0.03,-0.03,1.48637551011e-13,0
400.0,0.035,-0.03,1.38830207866e-13,0
400.0,0.03,-0.025,1.19572313534e-13,0
400.0,0.035,-0.025,1.00909386401e-13,0
400.0,0.03,-0.02,7.20134798445e-14,0
400.0,0.035,-0.02,3.85811363797e-14,0
400.0,0.03,-0.015,1.43677598447e-14,0
400.0,0.035,-0.015,-3.54141610917e-14,0
400.0,0.03,-0.01,-3.98497979634e-14,0
400.0,0.035,-0.01,-1.11662349706e-13,0
400.0,0.03,-0.005,-9.10841934028e-14,0
400.0,0.035,-0.005,-1.83190289635e-13,0
400.0,0.03,0,-1.35973522897e-13,0
400.0,0.035,4.16333634234e-19,-2.39847706389e-13,0
400.0,0.03,0.005,-1.64162243858e-13,0
400.0,0.035,0.005,-2.74385398958e-13,0
400.0,0.03,0.01,-1.77826945629e-13,0
400.0,0.035,0.01,-2.84976157123e-13,0
400.0,0.03,0.015,-1.7774600132e-13,0
400.0,0.035,0.015,-2.69148019569e-13,0
400.0,0.03,0.02,-1.58418120434e-13,0
400.0,0.035,0.02,-2.26781999913e-13,0
400.0,0.03,0.025,-1.29279414371e-13,0
400.0,0.035,0.025,-1.82331480311e-13,0
400.0,0.03,0.03,-9.91707763249e-14,0
400.0,0.03,0.035,-7.11597775815e-14,0
400.0,0.035,0.03,-1.47395506379e-13,0
400.0,0.035,0.035,-1.20124288096e-13,0
400.0,0.03,0.04,-4.64175060278e-14,0
400.0,0.03,0.045,-2.50418677e-14,0
400.0,0.035,0.04,-1.00008307099e-13,0
400.0,0.035,0.045,-8.6069726822e-14,0
400.0,0.03,0.05,-1.16905707969e-14,0
400.0,0.03,0.055,-1.22586728656e-14,0
400.0,0.035,0.05,-8.61845819706e-14,0
400.0,0.035,0.055,-1.05395225965e-13,0
400.0,0.03,0.06,-2.69575160304e-14,0
400.0,0.03,0.065,-5.03232005946e-14,0
400.0,0.035,0.06,-1.39351108706e-13,0
400.0,0.035,0.065,-1.81497950475e-13,0
400.0,0.03,0.07,-7.94354604032e-14,0
400.0,0.03,0.075,-1.12943078356e-13,0
400.0,0.035,0.07,-2.28756303999e-13,0
400.0,0.035,0.075,-2.78754818703e-13,0
400.0,0.04,-0.075,-2.05291141179e-13,0
400.0,0.04,-0.07,-1.4339300194e-13,0
400.0,0.045,-0.075,-1.90783578277e-13,0
400.0,0.045,-0.07,-1.33108448497e-13,0
400.0,0.04,-0.065,-8.43627706201e-14,0
400.0,0.045,-0.065,-7.78944667254e-14,0
400.0,0.04,-0.06,-3.08525578554e-14,0
400.0,0.045,-0.06,-2.73300008453e-14,0
400.0,0.04,-0.055,1.85309178655e-14,0
400.0,0.045,-0.055,1.93157280167e-14,0
400.0,0.04,-0.05,6.26433386845e-14,0
400.0,0.045,-0.05,6.07580611824e-14,0
400.0,0.04,-0.045,1.01938658725e-13,0
400.0,0.045,-0.045,9.61539252568e-14,0
400.0,0.04,-0.04,1.30041543614e-13,0
400.0,0.045,-0.04,1.19770264963e-13,0
400.0,0.04,-0.035,1.42406956037e-13,0
400.0,0.045,-0.035,1.29639251032e-13,0
400.0,0.04,-0.03,1.28457400574e-13,0
400.0,0.045,-0.03,1.13094964838e-13,0
400.0,0.04,-0.025,7.91988044767e-14,0
400.0,0.045,-0.025,5.90996536169e-14,0
400.0,0.04,-0.02,3.39998816912e-15,0
400.0,0.045,-0.02,-2.5381629474e-14,0
400.0,0.04,-0.015,-8.40678416417e-14,0
400.0,0.045,-0.015,-1.24027936936e-13,0
400.0,0.04,-0.01,-1.79841402976e-13,0
400.0,0.045,-0.01,-2.2582029931e-13,0
400.0,0.04,-0.005,-2.69110271546e-13,0
400.0,0.045,-0.005,-3.2344671928e-13,0
400.0,0.04,0,-3.35415151038e-13,0
400.0,0.045,4.16333634234e-19,-3.99811623309e-13,0
400.0,0.04,0.005,-3.69490629776e-13,0
400.0,0.045,0.005,-4.32476823765e-13,0
400.0,0.04,0.01,-3.66076685879e-13,0
400.0,0.045,0.01,-4.16586512408e-13,0
400.0,0.04,0.015,-3.2606342023e-13,0
400.0,0.045,0.015,-3.60104897702e-13,0
400.0,0.04,0.02,-2.70793832672e-13,0
400.0,0.045,0.02,-2.94968146566e-13,0
400.0,0.04,0.025,-2.202757337e-13,0
400.0,0.045,0.025,-2.37561245268e-13,0
400.0,0.04,0.03,-1.80411250054e-13,0
400.0,0.045,0.03,-1.92520072802e-13,0
400.0,0.04,0.035,-1.5237447378e-13,0
400.0,0.045,0.035,-1.57223944601e-13,0
400.0,0.04,0.04,-1.3677453075e-13,0
400.0,0.04,0.045,-1.32407712414e-13,0
400.0,0.045,0.04,-1.42378222662e-13,0
400.0,0.045,0.045,-1.46416781741e-13,0
400.0,0.04,0.05,-1.45210250083e-13,0
400.0,0.04,0.055,-1.81986443648e-13,0
400.0,0.045,0.05,-1.75101035271e-13,0
400.0,0.045,0.055,-2.30948945178e-13,0
400.0,0.04,0.06,-2.36762920935e-13,0
400.0,0.04,0.065,-3.00898581099e-13,0
400.0,0.045,0.06,-3.08273723358e-13,0
400.0,0.045,0.065,-3.98449280435e-13,0
400.0,0.04,0.07,-3.68664872713e-13,0
400.0,0.04,0.075,-4.38537226906e-13,0
400.0,0.045,0.07,-4.9538405219e-13,0
400.0,0.045,0.075,-5.88459775809e-13,0
400.0,0.05,-0.075,-1.77951216471e-13,0
400.0,0.05,-0.07,-1.22872644285e-13,0
400.0,0.055,-0.075,-1.65616353659e-13,0
400.0,0.055,-0.07,-1.1218820794e-13,0
400.0,0.05,-0.065,-7.03255155314e-14,0
400.0,0.055,-0.065,-6.12879074891e-14,0
400.0,0.05,-0.06,-2.18665137907e-14,0
400.0,0.055,-0.06,-1.42195222747e-14,0
400.0,0.05,-0.055,2.29090241164e-14,0
400.0,0.055,-0.055,2.95458572198e-14,0
400.0,0.05,-0.05,6.2117161925e-14,0
400.0,0.055,-0.05,6.74416146469e-14,0
400.0,0.05,-0.045,9.39611390512e-14,0
400.0,0.055,-0.045,9.7034031948e-14,0
400.0,0.05,-0.04,1.14121500786e-13,0
400.0,0.055,-0.04,1.14123915654e-13,0
400.0,0.05,-0.035,1.20870129048e-13,0
400.0,0.055,-0.035,1.16627916835e-13,0
400.0,0.05,-0.03,9.89190874008e-14,0
400.0,0.055,-0.03,8.98478732509e-14,0
400.0,0.05,-0.025,4.38867309731e-14,0
400.0,0.055,-0.025,3.0888501914e-14,0
400.0,0.05,-0.02,-4.52745808052e-14,0
400.0,0.055,-0.02,-6.1487757578e-14,0
400.0,0.05,-0.015,-1.49598903788e-13,0
400.0,0.055,-0.015,-1.68270671565e-13,0
400.0,0.05,-0.01,-2.49478664015e-13,0
400.0,0.055,-0.01,-2.66375444015e-13,0
400.0,0.05,-0.005,-3.46717853267e-13,0
400.0,0.055,-0.005,-3.54448075119e-13,0
400.0,0.05,0,-4.26536272399e-13,0
400.0,0.055,4.16333634234e-19,-4.12774697614e-13,0
400.0,0.05,0.005,-4.58035798552e-13,0
400.0,0.055,0.005,-4.34891035682e-13,0
400.0,0.05,0.01,-4.34765671891e-13,0
400.0,0.055,0.01,-4.15432370917e-13,0
400.0,0.05,0.015,-3.68019401477e-13,0
400.0,0.055,0.015,-3.54164020936e-13,0
400.0,0.05,0.02,-2.95758056621e-13,0
400.0,0.055,0.02,-2.76742520523e-13,0
400.0,0.05,0.025,-2.29969682943e-13,0
400.0,0.055,0.025,-1.97201858975e-13,0
400.0,0.05,0.03,-1.7081457999e-13,0
400.0,0.055,0.03,-1.0924379038e-13,0
400.0,0.05,0.035,-1.24166854592e-13,0
400.0,0.055,0.035,-5.60531167668e-14,0
400.0,0.05,0.04,-1.12303074472e-13,0
400.0,0.055,0.04,-4.84031774832e-14,0
400.0,0.05,0.045,-1.24060218239e-13,0
400.0,0.055,0.045,-6.55016268456e-14,0
400.0,0.05,0.05,-1.73269102101e-13,0
400.0,0.05,0.055,-2.52926450367e-13,0
400.0,0.055,0.05,-1.33125254558e-13,0
400.0,0.055,0.055,-2.46263639512e-13,0
400.0,0.05,0.06,-3.49073157919e-13,0
400.0,0.05,0.065,-4.59467405341e-13,0
400.0,0.055,0.06,-3.62316127223e-13,0
400.0,0.055,0.065,-4.87514427474e-13,0
400.0,0.05,0.07,-5.98607941889e-13,0
400.0,0.05,0.075,-7.52228334046e-13,0
400.0,0.055,0.07,-6.59263901607e-13,0
400.0,0.055,0.075,-8.71309824108e-13,0
400.0,0.06,-0.075,-1.5333085178e-13,0
400.0,0.06,-0.07,-1.00884073999e-13,0
400.0,0.065,-0.075,-1.4111459483e-13,0
400.0,0.065,-0.07,-8.9033437534e-14,0
400.0,0.06,-0.065,-5.08043365348e-14,0
400.0,0.065,-0.065,-3.91290804573e-14,0
400.0,0.06,-0.06,-4.27622077232e-15,0
400.0,0.065,-0.06,7.65146519873e-15,0
400.0,0.06,-0.055,3.95360585771e-14,0
400.0,0.065,-0.055,5.23818455901e-14,0
400.0,0.06,-0.05,7.73928484322e-14,0
400.0,0.065,-0.05,9.16085995271e-14,0
400.0,0.06,-0.045,1.06059860664e-13,0
400.0,0.065,-0.045,1.21100788026e-13,0
400.0,0.06,-0.04,1.20900821314e-13,0
400.0,0.065,-0.04,1.35629580354e-13,0
400.0,0.06,-0.035,1.17477938093e-13,0
400.0,0.065,-0.035,1.27015911549e-13,0
400.0,0.06,-0.03,8.53026534556e-14,0
400.0,0.065,-0.03,8.9797619125e-14,0
400.0,0.06,-0.025,2.42442740038e-14,0
400.0,0.065,-0.025,3.27996325618e-14,0
400.0,0.06,-0.02,-6.85044761864e-14,0
400.0,0.065,-0.02,-5.3960955423e-14,0
400.0,0.06,-0.015,-1.7203790221e-13,0
400.0,0.065,-0.015,-1.4138830223e-13,0
400.0,0.06,-0.01,-2.54647852249e-13,0
400.0,0.065,-0.01,-1.94099146217e-13,0
400.0,0.06,-0.005,-3.1537084329e-13,0
400.0,0.065,-0.005,-2.32455491078e-13,0
400.0,0.06,0,-3.50388978087e-13,0
400.0,0.065,4.16333634234e-19,-2.55074869047e-13,0
400.0,0.06,0.005,-3.64633814763e-13,0
400.0,0.065,0.005,-2.60870953833e-13,0
400.0,0.06,0.01,-3.45560578178e-13,0
400.0,0.065,0.01,-2.25921689049e-13,0
400.0,0.06,0.015,-2.81228526956e-13,0
400.0,0.065,0.015,-1.25334342967e-13,0
400.0,0.06,0.02,-1.80624821986e-13,0
400.0,0.065,0.02,1.93203040065e-14,0
400.0,0.06,0.025,-6.52352613911e-14,0
400.0,0.065,0.025,1.70302590077e-13,0
400.0,0.06,0.03,5.04962046928e-14,0
400.0,0.065,0.03,3.12795230373e-13,0
400.0,0.06,0.035,1.28711422068e-13,0
400.0,0.065,0.035,4.3376018036e-13,0
400.0,0.06,0.04,1.50469701475e-13,0
400.0,0.065,0.04,4.86990586857e-13,0
400.0,0.06,0.045,1.1522298895e-13,0
400.0,0.065,0.045,4.43456386161e-13,0
400.0,0.06,0.05,2.13610461173e-14,0
400.0,0.065,0.05,3.25717314699e-13,0
400.0,0.06,0.055,-1.09040741247e-13,0
400.0,0.065,0.055,1.90739585692e-13,0
400.0,0.06,0.06,-2.53977469241e-13,0
400.0,0.06,0.065,-4.245414419e-13,0
400.0,0.065,0.06,1.01034745783e-14,0
400.0,0.065,0.065,-2.23658461144e-13,0
400.0,0.06,0.07,-6.36954313602e-13,0
400.0,0.06,0.075,-8.93365776121e-13,0
400.0,0.065,0.07,-4.94047777684e-13,0
400.0,0.065,0.075,-7.95433008742e-13,0
400.0,0.07,-0.075,-1.28530755042e-13,0
400.0,0.07,-0.07,-7.64818691024e-14,0
400.0,0.075,-0.075,-1.15301252121e-13,0
400.0,0.075,-0.07,-6.29940053619e-14,0
400.0,0.07,-0.065,-2.63533644467e-14,0
400.0,0.075,-0.065,-1.24118837081e-14,0
400.0,0.07,-0.06,2.10704629424e-14,0
400.0,0.075,-0.06,3.55289385665e-14,0
400.0,0.07,-0.055,6.69682298125e-14,0
400.0,0.075,-0.055,8.2558690742e-14,0
400.0,0.07,-0.05,1.10032529685e-13,0
400.0,0.075,-0.05,1.31554350234e-13,0
400.0,0.07,-0.045,1.43776864491e-13,0
400.0,0.075,-0.045,1.71975906142e-13,0
400.0,0.07,-0.04,1.59905444116e-13,0
400.0,0.075,-0.04,1.89715460197e-13,0
400.0,0.07,-0.035,1.46338307089e-13,0
400.0,0.075,-0.035,1.70796712568e-13,0
400.0,0.07,-0.03,1.05873896029e-13,0
400.0,0.075,-0.03,1.28755201861e-13,0
400.0,0.07,-0.025,5.35164774589e-14,0
400.0,0.075,-0.025,7.93880833219e-14,0
400.0,0.07,-0.02,-1.49833141445e-14,0
400.0,0.075,-0.02,3.16450103407e-14,0
400.0,0.07,-0.015,-7.49460303625e-14,0
400.0,0.075,-0.015,-3.90145770839e-15,0
400.0,0.07,-0.01,-1.12802715879e-13,0
400.0,0.075,-0.01,-3.32985260111e-14,0
400.0,0.07,-0.005,-1.40381623551e-13,0
400.0,0.075,-0.005,-5.25408845618e-14,0
400.0,0.07,0,-1.52706062834e-13,0
400.0,0.075,0,-5.63440685691e-14,0
400.0,0.07,0.005,-1.47832864392e-13,0
400.0,0.075,0.005,-4.19140820449e-14,0
400.0,0.07,0.01,-7.63460997688e-14,0
400.0,0.075,0.01,7.24177067382e-14,0
400.0,0.07,0.015,7.72101930718e-14,0
400.0,0.075,0.015,2.86646420032e-13,0
400.0,0.07,0.02,2.57380881407e-13,0
400.0,0.075,0.02,4.98774846264e-13,0
400.0,0.07,0.025,4.36863329254e-13,0
400.0,0.075,0.025,7.06806855355e-13,0
400.0,0.07,0.03,6.07327948812e-13,0
400.0,0.075,0.03,9.06565086847e-13,0
400.0,0.07,0.035,7.60726895141e-13,0
400.0,0.075,0.035,1.08879344214e-12,0
400.0,0.07,0.04,8.53042182801e-13,0
400.0,0.075,0.04,1.22453395978e-12,0
400.0,0.07,0.045,8.18970421174e-13,0
400.0,0.075,0.045,1.20126393318e-12,0
400.0,0.07,0.05,6.97494773589e-13,0
400.0,0.075,0.05,1.07744674946e-12,0
400.0,0.07,0.055,5.61172063439e-13,0
400.0,0.075,0.055,9.41009206196e-13,0
400.0,0.07,0.06,3.51436248699e-13,0
400.0,0.075,0.06,7.18511491898e-13,0
400.0,0.07,0.065,6.42443056507e-14,0
400.0,0.075,0.065,3.90370925369e-13,0
400.0,0.07,0.07,-2.56662124473e-13,0
400.0,0.07,0.075,-5.93668185467e-13,0
400.0,0.075,0.07,2.56991034818e-14,0
400.0,0.075,0.075,-3.35600545859e-13,0
474.0,-0.00382671281566,-0.00202612167119,0,0
474.0,-0.005,-0.005,4.972086004e-14,0
474.0,-0.00197892066871,-0.00385133392306,0,0
474.0,-0.005,-0.00190753787223,1.94055767436e-14,0
474.0,-0.00433,0,0,0
474.0,-0.00190753787223,-0.005,2.05423818699e-14,0
474.0,0,-0.00433,0,0
474.0,-0.005,0.00190775150599,1.44198445371e-14,0
474.0,-0.00385133392306,0.00197892066871,0,0
474.0,0.00190775150599,-0.005,2.03963680688e-14,0
474.0,0.00202612167119,-0.00382671281566,0,0
474.0,-0.00202612167119,0.00382671281566,0,0
474.0,-0.005,0.005,1.20977849441e-14,0
474.0,-0.0019094272225,0.005,1.24930994288e-14,0
474.0,0,0.00433,0,0
474.0,0.00147766755988,0.00407006125046,0,0
474.0,8.32667268469e-19,0.005,9.68555200151e-15,0
474.0,0.00433,0,0,0
474.0,0.005,1.38777878078e-18,1.3737935377e-14,0
474.0,0.00407006125046,0.00147766755988,0,0
474.0,0.005,-0.005,5.16448645039e-14,0
474.0,0.00385133392306,-0.00197892066871,0,0
474.0,0.005,-0.0019094272225,2.1105772914e-14,0
474.0,0.00306177236254,0.00306177236254,0,0
474.0,0.0019094272225,0.005,1.05750466061e-14,0
474.0,0.005,0.0019094272225,1.57674769674e-14,0
474.0,-0.000885,-0.0015328649647,1.27156277972e-12,0
474.0,-0.0015328649647,-0.000885,1.27168517238e-12,0
474.0,-0.00186450691264,-0.00187567167242,8.43053469701e-13,0
474.0,-0.00177,0,1.27137687111e-12,0
474.0,-0.00268433516245,-0.000738983120158,7.59132161507e-13,0
474.0,0,-0.00177,1.27152437745e-12,0
474.0,-0.000718432264205,-0.00269192408424,7.57425926843e-13,0
474.0,-0.0015328649647,0.000885,1.26987230554e-12,0
474.0,-0.00265321485144,0.000647311733689,7.89916146689e-13,0
474.0,-0.000885,0.0015328649647,1.26824464814e-12,0
474.0,-0.00194719253591,0.00178443766524,8.43979747267e-13,0
474.0,0,0.00177,1.26413823061e-12,0
474.0,-0.000802720381054,0.00273415977115,7.17524164238e-13,0
474.0,0.000885,-0.0015328649647,1.2702131257e-12,0
474.0,0.00075154031863,-0.00270385456952,7.45315508681e-13,0
474.0,0.00177,0,1.2624779307e-12,0
474.0,0.0015328649647,-0.000885,1.26806054697e-12,0
474.0,0.00271471102228,-0.000564731152102,7.60939717158e-13,0
474.0,0.00192394637685,-0.00189207206672,8.10123122335e-13,0
474.0,0.00231817117671,0.00040530921667,9.87943616808e-13,0
474.0,0.0015328649647,0.000885,1.26074413466e-12,0
474.0,0.000885,0.0015328649647,1.26144922229e-12,0
474.0,0.000427053001345,0.00287092483521,6.82212388853e-13,0
474.0,0.00187618296239,0.00184774001435,8.33368126654e-13,0
474.0,0.00312733402203,0.000607809752493,5.1921641373e-13,0
474.0,0.00276214303706,0.00136595635004,5.76878679385e-13,0
474.0,0.0014100336009,0.00268674970267,6.04791920325e-13,0
474.0,-0.075,-0.075,-1.07064234666e-12,0
474.0,-0.07,-0.075,-7.23166471557e-13,0
474.0,-0.075,-0.07,-1.03989324035e-12,0
474.0,-0.07,-0.07,-6.96797704345e-13,0
474.0,-0.075,-0.065,-1.00159885264e-12,0
474.0,-0.07,-0.065,-6.62968204239e-13,0
474.0,-0.065,-0.075,-3.87834022428e-13,0
474.0,-0.065,-0.07,-3.67985435499e-13,0
474.0,-0.065,-0.065,-3.39573729468e-13,0
474.0,-0.075,-0.06,-9.5113911733e-13,0
474.0,-0.07,-0.06,-6.25520450448e-13,0
474.0,-0.065,-0.06,-3.13324506421e-13,0
474.0,-0.075,-0.055,-9.24234634417e-13,0
474.0,-0.07,-0.055,-6.11971836645e-13,0
474.0,-0.065,-0.055,-3.12633818303e-13,0
474.0,-0.075,-0.05,-9.45891445215e-13,0
474.0,-0.07,-0.05,-6.34226332387e-13,0
474.0,-0.065,-0.05,-3.36098999361e-13,0
474.0,-0.075,-0.045,-9.95018596454e-13,0
474.0,-0.07,-0.045,-6.7595829859e-13,0
474.0,-0.065,-0.045,-3.67771618761e-13,0
474.0,-0.075,-0.04,-1.06799212916e-12,0
474.0,-0.07,-0.04,-7.38135664e-13,0
474.0,-0.075,-0.035,-1.16914675728e-12,0
474.0,-0.07,-0.035,-8.21119106452e-13,0
474.0,-0.065,-0.04,-4.13494392231e-13,0
474.0,-0.065,-0.035,-4.73993958725e-13,0
474.0,-0.075,-0.03,-1.40107869935e-12,0
474.0,-0.07,-0.03,-9.71498179926e-13,0
474.0,-0.075,-0.025,-1.74173347834e-12,0
474.0,-0.07,-0.025,-1.19286582665e-12,0
474.0,-0.065,-0.03,-5.62987764868e-13,0
474.0,-0.065,-0.025,-6.9181352143e-13,0
474.0,-0.075,-0.02,-2.10384881753e-12,0
474.0,-0.07,-0.02,-1.44278390512e-12,0
474.0,-0.075,-0.015,-2.4280570445e-12,0
474.0,-0.07,-0.015,-1.68418595922e-12,0
474.0,-0.065,-0.02,-8.43046218806e-13,0
474.0,-0.065,-0.015,-9.9825823623e-13,0
474.0,-0.075,-0.01,-2.61686620964e-12,0
474.0,-0.07,-0.01,-1.86083713901e-12,0
474.0,-0.075,-0.005,-2.5596016485e-12,0
474.0,-0.07,-0.005,-1.85974422231e-12,0
474.0,-0.065,-0.01,-1.15556792695e-12,0
474.0,-0.065,-0.005,-1.20158566612e-12,0
474.0,-0.075,0,-2.24658576561e-12,0
474.0,-0.07,0,-1.64675102059e-12,0
474.0,-0.075,0.005,-1.71880126234e-12,0
474.0,-0.07,0.005,-1.26243801477e-12,0
474.0,-0.065,4.16333634234e-19,-1.0835334985e-12,0
474.0,-0.065,0.005,-8.25747587988e-13,0
474.0,-0.075,0.01,-1.03710181104e-12,0
474.0,-0.07,0.01,-7.61721354078e-13,0
474.0,-0.075,0.015,-3.98077310282e-13,0
474.0,-0.07,0.015,-2.65744878397e-13,0
474.0,-0.065,0.01,-4.78588265447e-13,0
474.0,-0.065,0.015,-1.0974446851e-13,0
474.0,-0.075,0.02,6.9309579935e-14,0
474.0,-0.07,0.02,1.53400179248e-13,0
474.0,-0.075,0.025,4.9581448858e-13,0
474.0,-0.07,0.025,5.29636329564e-13,0
474.0,-0.065,0.02,2.56223733279e-13,0
474.0,-0.065,0.025,5.80744676566e-13,0
474.0,-0.075,0.03,8.60193299999e-13,0
474.0,-0.07,0.03,8.23999173227e-13,0
474.0,-0.075,0.035,1.11039120525e-12,0
474.0,-0.07,0.035,1.00447156112e-12,0
474.0,-0.065,0.03,8.01972403765e-13,0
474.0,-0.065,0.035,8.80328984041e-13,0
474.0,-0.075,0.04,1.1910138667e-12,0
474.0,-0.07,0.04,9.99568306562e-13,0
474.0,-0.075,0.045,1.04042309593e-12,0
474.0,-0.07,0.045,8.30654517694e-13,0
474.0,-0.065,0.04,7.9525893717e-13,0
474.0,-0.065,0.045,6.28000620588e-13,0
474.0,-0.075,0.05,7.98198175409e-13,0
474.0,-0.07,0.05,6.06771310714e-13,0
474.0,-0.075,0.055,5.31297691354e-13,0
474.0,-0.07,0.055,3.61530755138e-13,0
474.0,-0.065,0.05,4.25747354833e-13,0
474.0,-0.065,0.055,2.0233665135e-13,0
474.0,-0.075,0.06,2.55462774286e-13,0
474.0,-0.07,0.06,1.01929250737e-13,0
474.0,-0.075,0.065,-2.74703420904e-14,0
474.0,-0.07,0.065,-1.68933052393e-13,0
474.0,-0.065,0.06,-3.87403896126e-14,0
474.0,-0.065,0.065,-2.932372219e-13,0
474.0,-0.075,0.07,-3.37084479194e-13,0
474.0,-0.07,0.07,-4.57637332467e-13,0
474.0,-0.075,0.075,-6.50994989544e-13,0
474.0,-0.07,0.075,-7.51346579153e-13,0
474.0,-0.065,0.07,-5.60667274801e-13,0
474.0,-0.065,0.075,-8.29775125594e-13,0
474.0,-0.06,-0.075,-7.90504800911e-14,0
474.0,-0.06,-0.07,-6.4937237568e-14,0
474.0,-0.06,-0.065,-4.40807496253e-14,0
474.0,-0.055,-0.075,2.07257972698e-13,0
474.0,-0.055,-0.07,2.15116117426e-13,0
474.0,-0.055,-0.065,2.31132230849e-13,0
474.0,-0.06,-0.06,-2.97629645696e-14,0
474.0,-0.06,-0.055,-3.91445909214e-14,0
474.0,-0.055,-0.06,2.3711439662e-13,0
474.0,-0.055,-0.055,2.18296525911e-13,0
474.0,-0.06,-0.05,-6.36243867282e-14,0
474.0,-0.055,-0.05,1.88903732227e-13,0
474.0,-0.06,-0.045,-8.68148724297e-14,0
474.0,-0.055,-0.045,1.63563732161e-13,0
474.0,-0.06,-0.04,-1.13811614138e-13,0
474.0,-0.055,-0.04,1.39394881557e-13,0
474.0,-0.06,-0.035,-1.52372167949e-13,0
474.0,-0.055,-0.035,1.14064874255e-13,0
474.0,-0.06,-0.03,-2.09296962001e-13,0
474.0,-0.06,-0.025,-2.8660758194e-13,0
474.0,-0.055,-0.03,7.85548437223e-14,0
474.0,-0.055,-0.025,2.95966286017e-14,0
474.0,-0.06,-0.02,-3.71089362478e-13,0
474.0,-0.06,-0.015,-4.53788386711e-13,0
474.0,-0.055,-0.02,-1.68643282934e-14,0
474.0,-0.055,-0.015,-5.69366606022e-14,0
474.0,-0.06,-0.01,-5.50225089895e-13,0
474.0,-0.06,-0.005,-6.02379606681e-13,0
474.0,-0.055,-0.01,-1.03596017052e-13,0
474.0,-0.055,-0.005,-1.32666863176e-13,0
474.0,-0.06,0,-5.54486233447e-13,0
474.0,-0.06,0.005,-4.0099462309e-13,0
474.0,-0.055,4.16333634234e-19,-1.08950912855e-13,0
474.0,-0.055,0.005,-2.41434081975e-14,0
474.0,-0.06,0.01,-1.74755360673e-13,0
474.0,-0.06,0.015,8.63910449427e-14,0
474.0,-0.055,0.01,9.66215843352e-14,0
474.0,-0.055,0.015,2.4661205567e-13,0
474.0,-0.06,0.02,3.65438107086e-13,0
474.0,-0.06,0.025,5.98640227847e-13,0
474.0,-0.055,0.02,4.13317002115e-13,0
474.0,-0.055,0.025,5.29394302608e-13,0
474.0,-0.06,0.03,7.12082826599e-13,0
474.0,-0.06,0.035,6.95106928622e-13,0
474.0,-0.055,0.03,5.40231314399e-13,0
474.0,-0.055,0.035,4.8834990294e-13,0
474.0,-0.06,0.04,5.91421086667e-13,0
474.0,-0.06,0.045,4.45252172627e-13,0
474.0,-0.055,0.04,3.92249707801e-13,0
474.0,-0.055,0.045,2.71050491549e-13,0
474.0,-0.06,0.05,2.62626578015e-13,0
474.0,-0.06,0.055,5.90347961089e-14,0
474.0,-0.055,0.05,1.12391167189e-13,0
474.0,-0.055,0.055,-7.06995387689e-14,0
474.0,-0.06,0.06,-1.62786029562e-13,0
474.0,-0.06,0.065,-3.9890169874e-13,0
474.0,-0.055,0.06,-2.7172571047e-13,0
474.0,-0.055,0.065,-4.87686912233e-13,0
474.0,-0.06,0.07,-6.47187613503e-13,0
474.0,-0.06,0.075,-9.04094330306e-13,0
474.0,-0.055,0.07,-7.14764438807e-13,0
474.0,-0.055,0.075,-9.57696839068e-13,0
474.0,-0.05,-0.075,3.88216288274e-13,0
474.0,-0.05,-0.07,4.02614025663e-13,0
474.0,-0.045,-0.075,3.59195873929e-13,0
474.0,-0.045,-0.07,4.10903962622e-13,0
474.0,-0.05,-0.065,4.29750520396e-13,0
474.0,-0.045,-0.065,4.60278951793e-13,0
474.0,-0.05,-0.06,4.38870612281e-13,0
474.0,-0.05,-0.055,4.16984941506e-13,0
474.0,-0.045,-0.06,4.92601757171e-13,0
474.0,-0.045,-0.055,4.9710990137e-13,0
474.0,-0.05,-0.05,3.86928930903e-13,0
474.0,-0.05,-0.045,3.58720397863e-13,0
474.0,-0.045,-0.05,4.92794929601e-13,0
474.0,-0.045,-0.045,4.8714499071e-13,0
474.0,-0.05,-0.04,3.35115083776e-13,0
474.0,-0.045,-0.04,4.79655271889e-13,0
474.0,-0.05,-0.035,3.19567589753e-13,0
474.0,-0.045,-0.035,4.76031309542e-13,0
474.0,-0.05,-0.03,2.99559283483e-13,0
474.0,-0.045,-0.03,4.70465615277e-13,0
474.0,-0.05,-0.025,2.65310257752e-13,0
474.0,-0.045,-0.025,4.57931763087e-13,0
474.0,-0.05,-0.02,2.30543031323e-13,0
474.0,-0.05,-0.015,2.07300878594e-13,0
474.0,-0.045,-0.02,4.39635449436e-13,0
474.0,-0.045,-0.015,4.27144388816e-13,0
474.0,-0.05,-0.01,1.92214893388e-13,0
474.0,-0.05,-0.005,1.88717504894e-13,0
474.0,-0.045,-0.01,4.22113183991e-13,0
474.0,-0.045,-0.005,4.15113350994e-13,0
474.0,-0.05,0,2.14324164207e-13,0
474.0,-0.05,0.005,2.52557734934e-13,0
474.0,-0.045,4.16333634234e-19,4.02951859695e-13,0
474.0,-0.045,0.005,3.74374215661e-13,0
474.0,-0.05,0.01,2.7279350693e-13,0
474.0,-0.05,0.015,3.03242363115e-13,0
474.0,-0.045,0.01,3.1222449212e-13,0
474.0,-0.045,0.015,2.54309545896e-13,0
474.0,-0.05,0.02,3.5726964029e-13,0
474.0,-0.05,0.025,3.78353803703e-13,0
474.0,-0.045,0.02,2.35705784501e-13,0
474.0,-0.045,0.025,2.09148601095e-13,0
474.0,-0.05,0.03,3.49404582929e-13,0
474.0,-0.05,0.035,2.89704026138e-13,0
474.0,-0.045,0.03,1.60068743562e-13,0
474.0,-0.045,0.035,9.96747935872e-14,0
474.0,-0.05,0.04,2.02883686201e-13,0
474.0,-0.05,0.045,1.01514197277e-13,0
474.0,-0.045,0.04,2.54505296185e-14,0
474.0,-0.045,0.045,-5.71726501111e-14,0
474.0,-0.05,0.05,-2.60487305785e-14,0
474.0,-0.05,0.055,-1.76011805572e-13,0
474.0,-0.045,0.05,-1.47160399003e-13,0
474.0,-0.045,0.055,-2.47663360634e-13,0
474.0,-0.05,0.06,-3.45277634299e-13,0
474.0,-0.05,0.065,-5.26867269021e-13,0
474.0,-0.045,0.06,-3.72028673965e-13,0
474.0,-0.045,0.065,-4.94723932803e-13,0
474.0,-0.05,0.07,-7.16083999586e-13,0
474.0,-0.05,0.075,-9.24389338843e-13,0
474.0,-0.045,0.07,-6.0874937429e-13,0
474.0,-0.045,0.075,-7.51669498373e-13,0
474.0,-0.04,-0.075,2.30665374337e-13,0
474.0,-0.04,-0.07,3.03857814211e-13,0
474.0,-0.035,-0.075,6.80713997821e-14,0
474.0,-0.035,-0.07,1.65755003097e-13,0
474.0,-0.04,-0.065,3.79883717036e-13,0
474.0,-0.035,-0.065,2.67523211485e-13,0
474.0,-0.04,-0.06,4.46661426947e-13,0
474.0,-0.035,-0.06,3.65195025551e-13,0
474.0,-0.04,-0.055,4.93050715026e-13,0
474.0,-0.035,-0.055,4.48581194002e-13,0
474.0,-0.04,-0.05,5.24851767848e-13,0
474.0,-0.04,-0.045,5.51295464555e-13,0
474.0,-0.035,-0.05,5.1498128999e-13,0
474.0,-0.035,-0.045,5.70632204249e-13,0
474.0,-0.04,-0.04,5.69400095761e-13,0
474.0,-0.04,-0.035,5.79800455103e-13,0
474.0,-0.035,-0.04,6.12260695302e-13,0
474.0,-0.035,-0.035,6.37733926247e-13,0
474.0,-0.04,-0.03,5.84120596589e-13,0
474.0,-0.035,-0.03,6.48735522121e-13,0
474.0,-0.04,-0.025,5.86301819443e-13,0
474.0,-0.035,-0.025,6.49450246065e-13,0
474.0,-0.04,-0.02,5.82805191209e-13,0
474.0,-0.035,-0.02,6.38521429135e-13,0
474.0,-0.04,-0.015,5.76733603902e-13,0
474.0,-0.035,-0.015,6.18792520836e-13,0
474.0,-0.04,-0.01,5.62938246307e-13,0
474.0,-0.04,-0.005,5.24599523412e-13,0
474.0,-0.035,-0.01,5.85045108595e-13,0
474.0,-0.035,-0.005,5.23736728673e-13,0
474.0,-0.04,0,4.51467273568e-13,0
474.0,-0.04,0.005,3.51771843848e-13,0
474.0,-0.035,4.16333634234e-19,4.24255248993e-13,0
474.0,-0.035,0.005,2.97396161587e-13,0
474.0,-0.04,0.01,2.59795126081e-13,0
474.0,-0.04,0.015,1.74922952843e-13,0
474.0,-0.035,0.01,1.86974018924e-13,0
474.0,-0.035,0.015,7.63248215379e-14,0
474.0,-0.04,0.02,1.00938840821e-13,0
474.0,-0.04,0.025,3.76406960729e-14,0
474.0,-0.035,0.02,-3.53346528181e-14,0
474.0,-0.035,0.025,-1.23460438085e-13,0
474.0,-0.04,0.03,-1.99066248981e-14,0
474.0,-0.04,0.035,-7.86288279976e-14,0
474.0,-0.035,0.03,-1.88975227427e-13,0
474.0,-0.035,0.035,-2.43936545234e-13,0
474.0,-0.04,0.04,-1.37467467822e-13,0
474.0,-0.04,0.045,-1.93676714488e-13,0
474.0,-0.035,0.04,-2.85993674621e-13,0
474.0,-0.035,0.045,-3.1342142101e-13,0
474.0,-0.04,0.05,-2.44392235122e-13,0
474.0,-0.04,0.055,-2.92315925082e-13,0
474.0,-0.035,0.05,-3.20645051555e-13,0
474.0,-0.035,0.055,-3.09178114502e-13,0
474.0,-0.04,0.06,-3.36613782567e-13,0
474.0,-0.04,0.065,-3.52889182453e-13,0
474.0,-0.035,0.06,-2.30251744732e-13,0
474.0,-0.035,0.065,-1.00408773893e-13,0
474.0,-0.04,0.07,-3.7304523017e-13,0
474.0,-0.04,0.075,-4.35625437445e-13,0
474.0,-0.035,0.07,-1.54887130894e-14,0
474.0,-0.035,0.075,1.40902811452e-14,0
474.0,-0.03,-0.075,-1.25163921212e-13,0
474.0,-0.03,-0.07,-3.35558320924e-15,0
474.0,-0.025,-0.075,-3.51057505293e-13,0
474.0,-0.025,-0.07,-2.03101119476e-13,0
474.0,-0.03,-0.065,1.24959583711e-13,0
474.0,-0.025,-0.065,-4.40792422107e-14,0
474.0,-0.03,-0.06,2.50655588926e-13,0
474.0,-0.025,-0.06,1.13382312223e-13,0
474.0,-0.03,-0.055,3.65885312455e-13,0
474.0,-0.025,-0.055,2.58702249008e-13,0
474.0,-0.03,-0.05,4.65946068601e-13,0
474.0,-0.025,-0.05,3.88137924682e-13,0
474.0,-0.03,-0.045,5.49540469515e-13,0
474.0,-0.025,-0.045,4.95962893548e-13,0
474.0,-0.03,-0.04,6.13587857857e-13,0
474.0,-0.03,-0.035,6.53838711454e-13,0
474.0,-0.025,-0.04,5.79996266605e-13,0
474.0,-0.025,-0.035,6.37163537829e-13,0
474.0,-0.03,-0.03,6.69129262701e-13,0
474.0,-0.03,-0.025,6.61412711235e-13,0
474.0,-0.025,-0.03,6.59261114809e-13,0
474.0,-0.025,-0.025,6.4354198265e-13,0
474.0,-0.03,-0.02,6.34844448143e-13,0
474.0,-0.025,-0.02,6.01290610805e-13,0
474.0,-0.03,-0.015,5.98463408891e-13,0
474.0,-0.025,-0.015,5.46046546338e-13,0
474.0,-0.03,-0.01,5.42198108741e-13,0
474.0,-0.025,-0.01,4.71093854238e-13,0
474.0,-0.03,-0.005,4.65881638106e-13,0
474.0,-0.025,-0.005,3.77253033446e-13,0
474.0,-0.03,0,3.54666325877e-13,0
474.0,-0.03,0.005,2.21719163998e-13,0
474.0,-0.025,4.16333634234e-19,2.63581760708e-13,0
474.0,-0.025,0.005,1.37869914802e-13,0
474.0,-0.03,0.01,8.86279067995e-14,0
474.0,-0.03,0.015,-4.70290947334e-14,0
474.0,-0.025,0.01,-4.13532435442e-15,0
474.0,-0.025,0.015,-1.57021740119e-13,0
474.0,-0.03,0.02,-1.70580924584e-13,0
474.0,-0.03,0.025,-2.72666697714e-13,0
474.0,-0.025,0.02,-2.98074539731e-13,0
474.0,-0.025,0.025,-4.1384373289e-13,0
474.0,-0.03,0.03,-3.46546020626e-13,0
474.0,-0.03,0.035,-3.97964234323e-13,0
474.0,-0.025,0.03,-4.94993024763e-13,0
474.0,-0.025,0.035,-5.42891951685e-13,0
474.0,-0.03,0.04,-4.22654869506e-13,0
474.0,-0.03,0.045,-4.18864203203e-13,0
474.0,-0.025,0.04,-5.49517661686e-13,0
474.0,-0.025,0.045,-5.12864439087e-13,0
474.0,-0.03,0.05,-3.72292177031e-13,0
474.0,-0.03,0.055,-2.75579451822e-13,0
474.0,-0.025,0.05,-4.01185524587e-13,0
474.0,-0.025,0.055,-1.87026533752e-13,0
474.0,-0.03,0.06,-5.59954491109e-14,0
474.0,-0.03,0.065,2.50291144486e-13,0
474.0,-0.025,0.06,1.92125389332e-13,0
474.0,-0.025,0.065,6.73846036278e-13,0
474.0,-0.03,0.07,5.39669070014e-13,0
474.0,-0.03,0.075,8.13410221988e-13,0
474.0,-0.025,0.07,1.17867425954e-12,0
474.0,-0.025,0.075,1.72587280195e-12,0
474.0,-0.02,-0.075,-6.11286047575e-13,0
474.0,-0.02,-0.07,-4.38536102434e-13,0
474.0,-0.015,-0.075,-9.02423739888e-13,0
474.0,-0.015,-0.07,-7.08141488434e-13,0
474.0,-0.02,-0.065,-2.50680802253e-13,0
474.0,-0.015,-0.065,-4.92576542523e-13,0
474.0,-0.02,-0.06,-5.51056894039e-14,0
474.0,-0.015,-0.06,-2.50426806973e-13,0
474.0,-0.02,-0.055,1.27151671264e-13,0
474.0,-0.015,-0.055,-2.47017114771e-14,0
474.0,-0.02,-0.05,2.86813434234e-13,0
474.0,-0.015,-0.05,1.66514716187e-13,0
474.0,-0.02,-0.045,4.19743546503e-13,0
474.0,-0.015,-0.045,3.27825109105e-13,0
474.0,-0.02,-0.04,5.22241509743e-13,0
474.0,-0.015,-0.04,4.51903665619e-13,0
474.0,-0.02,-0.035,5.95554252443e-13,0
474.0,-0.015,-0.035,5.39877393697e-13,0
474.0,-0.02,-0.03,6.25047733433e-13,0
474.0,-0.02,-0.025,6.01377444891e-13,0
474.0,-0.015,-0.03,5.75442680748e-13,0
474.0,-0.015,-0.025,5.44950207871e-13,0
474.0,-0.02,-0.02,5.43952211869e-13,0
474.0,-0.02,-0.015,4.71265763805e-13,0
474.0,-0.015,-0.02,4.74597931363e-13,0
474.0,-0.015,-0.015,3.87597703068e-13,0
474.0,-0.02,-0.01,3.82980017845e-13,0
474.0,-0.015,-0.01,2.90739596926e-13,0
474.0,-0.02,-0.005,2.85765368205e-13,0
474.0,-0.015,-0.005,1.9749228469e-13,0
474.0,-0.02,0,1.83654701363e-13,0
474.0,-0.015,4.16333634234e-19,1.13312074395e-13,0
474.0,-0.02,0.005,7.10956669069e-14,0
474.0,-0.015,0.005,2.47904450977e-14,0
474.0,-0.02,0.01,-7.08703800832e-14,0
474.0,-0.02,0.015,-2.41349590627e-13,0
474.0,-0.015,0.01,-1.13988504575e-13,0
474.0,-0.015,0.015,-3.06226140356e-13,0
474.0,-0.02,0.02,-4.09076304753e-13,0
474.0,-0.02,0.025,-5.4413996889e-13,0
474.0,-0.015,0.02,-5.0620786969e-13,0
474.0,-0.015,0.025,-6.64261028848e-13,0
474.0,-0.02,0.03,-6.35457857802e-13,0
474.0,-0.02,0.035,-6.83066894988e-13,0
474.0,-0.015,0.03,-7.69340112826e-13,0
474.0,-0.015,0.035,-8.25360347914e-13,0
474.0,-0.02,0.04,-6.73648256322e-13,0
474.0,-0.02,0.045,-6.03994327269e-13,0
474.0,-0.015,0.04,-8.03552659308e-13,0
474.0,-0.015,0.045,-6.97481431424e-13,0
474.0,-0.02,0.05,-4.11036309457e-13,0
474.0,-0.02,0.055,-4.73662333381e-14,0
474.0,-0.015,0.05,-4.14873194306e-13,0
474.0,-0.015,0.055,7.55544604624e-14,0
474.0,-0.02,0.06,4.63279412454e-13,0
474.0,-0.02,0.065,1.06605816352e-12,0
474.0,-0.015,0.06,7.01345184105e-13,0
474.0,-0.015,0.065,1.41932053201e-12,0
474.0,-0.02,0.07,1.72917152646e-12,0
474.0,-0.02,0.075,2.42491331479e-12,0
474.0,-0.015,0.07,2.21858576165e-12,0
474.0,-0.015,0.075,3.03863181929e-12,0
474.0,-0.01,-0.075,-1.2422853808e-12,0
474.0,-0.01,-0.07,-1.02244944303e-12,0
474.0,-0.005,-0.075,-1.6124580294e-12,0
474.0,-0.005,-0.07,-1.37151617354e-12,0
474.0,-0.01,-0.065,-7.82513676214e-13,0
474.0,-0.005,-0.065,-1.10916011422e-12,0
474.0,-0.01,-0.06,-4.79786824767e-13,0
474.0,-0.005,-0.06,-7.4464209065e-13,0
474.0,-0.01,-0.055,-1.84270552565e-13,0
474.0,-0.005,-0.055,-3.58059794267e-13,0
474.0,-0.01,-0.05,3.4801875908e-14,0
474.0,-0.005,-0.05,-1.01104124852e-13,0
474.0,-0.01,-0.045,2.24444653191e-13,0
474.0,-0.005,-0.045,1.19898987159e-13,0
474.0,-0.01,-0.04,3.73555470947e-13,0
474.0,-0.005,-0.04,2.95784637457e-13,0
474.0,-0.01,-0.035,4.78287330615e-13,0
474.0,-0.005,-0.035,4.19006485381e-13,0
474.0,-0.01,-0.03,5.21203505324e-13,0
474.0,-0.005,-0.03,4.75586142015e-13,0
474.0,-0.01,-0.025,4.87312124114e-13,0
474.0,-0.005,-0.025,4.43126474743e-13,0
474.0,-0.01,-0.02,4.07017998516e-13,0
474.0,-0.01,-0.015,3.08632200284e-13,0
474.0,-0.005,-0.02,3.55881763575e-13,0
474.0,-0.005,-0.015,2.47805205487e-13,0
474.0,-0.0117873230072,-0.0115873794689,2.66632621106e-13,0
474.0,-0.00939961996336,-0.005,1.09444597852e-13,0
474.0,-0.00792797428371,-0.00964253216809,1.66917583505e-13,0
474.0,-0.005,-0.00939961996336,1.24809493303e-13,0
474.0,-0.0108753492546,-0.00150606400588,8.50951652072e-14,0
474.0,-0.00818101620308,-0.00211452602544,5.88453916588e-14,0
474.0,-0.00651817360753,-0.000255934956239,2.89709257402e-14,0
474.0,-0.005,6.71033969428e-08,1.24876298353e-14,0
474.0,-0.0107292118043,0.00160660295843,4.869971454e-14,0
474.0,-0.0080188992252,0.000768320427092,3.61659084982e-14,0
474.0,-0.00939946851065,0.005,5.79314213596e-15,0
474.0,-0.00802129342231,0.00264911934363,2.4673488064e-14,0
474.0,-0.00887989370213,0.00887989479405,-7.79807206813e-14,0
474.0,-0.01,0.015,-3.27605085832e-13,0
474.0,-0.005,0.00939947397025,-8.0488347633e-14,0
474.0,-0.005,0.015,-3.32336222364e-13,0
474.0,-0.01,0.02,-5.66779749292e-13,0
474.0,-0.01,0.025,-7.60123056557e-13,0
474.0,-0.005,0.02,-5.87455016562e-13,0
474.0,-0.005,0.025,-8.05455429664e-13,0
474.0,-0.01,0.03,-8.8286153845e-13,0
474.0,-0.01,0.035,-9.62559858052e-13,0
474.0,-0.005,0.03,-9.56506489625e-13,0
474.0,-0.005,0.035,-1.05579997353e-12,0
474.0,-0.01,0.04,-9.44677665316e-13,0
474.0,-0.01,0.045,-7.71405483271e-13,0
474.0,-0.005,0.04,-1.03917138281e-12,0
474.0,-0.005,0.045,-8.08537827155e-13,0
474.0,-0.01,0.05,-4.03984357045e-13,0
474.0,-0.01,0.055,1.50096725161e-13,0
474.0,-0.005,0.05,-3.93052304362e-13,0
474.0,-0.005,0.055,1.62211023214e-13,0
474.0,-0.01,0.06,8.58329288467e-13,0
474.0,-0.01,0.065,1.68326980649e-12,0
474.0,-0.005,0.06,8.79288073421e-13,0
474.0,-0.005,0.065,1.73457188553e-12,0
474.0,-0.01,0.07,2.58843127542e-12,0
474.0,-0.01,0.075,3.54581163767e-12,0
474.0,-0.005,0.07,2.68505902215e-12,0
474.0,-0.005,0.075,3.70794161619e-12,0
474.0,0,-0.075,-2.08240102669e-12,0
474.0,0,-0.07,-1.7537936246e-12,0
474.0,0.005,-0.075,-2.43065724413e-12,0
474.0,0.005,-0.07,-1.99622216458e-12,0
474.0,0,-0.065,-1.42598230013e-12,0
474.0,0.005,-0.065,-1.57980734448e-12,0
474.0,0,-0.06,-1.02280365244e-12,0
474.0,0.005,-0.06,-1.14676894963e-12,0
474.0,0,-0.055,-6.01337418271e-13,0
474.0,0.005,-0.055,-7.23727581409e-13,0
474.0,0,-0.05,-2.56441109182e-13,0
474.0,0.005,-0.05,-3.35710653362e-13,0
474.0,0,-0.045,2.43446511405e-14,0
474.0,0.005,-0.045,-1.10054506472e-14,0
474.0,0,-0.04,2.39749562384e-13,0
474.0,0.005,-0.04,2.41562487516e-13,0
474.0,0,-0.035,3.82821541267e-13,0
474.0,0.005,-0.035,4.0351243121e-13,0
474.0,0,-0.03,4.53015201304e-13,0
474.0,0.005,-0.03,4.88905176892e-13,0
474.0,0,-0.025,4.36927566729e-13,0
474.0,0.005,-0.025,4.95814079862e-13,0
474.0,0,-0.02,3.44504773468e-13,0
474.0,0.005,-0.02,3.88704639706e-13,0
474.0,0,-0.015,2.26587707208e-13,0
474.0,0.005,-0.015,2.57776779504e-13,0
474.0,-0.0021196717084,-0.00776771017156,6.85227726753e-14,0
474.0,-0.00084550708518,-0.00631514607954,3.7115784678e-14,0
474.0,6.71033969406e-08,-0.005,1.44288280584e-14,0
474.0,-0.00139054260708,-0.0110960807567,1.36428355534e-13,0
474.0,0.00132468676756,-0.00775008274642,6.50095545283e-14,0
474.0,0.00160394440688,-0.0116908851489,1.52622088642e-13,0
474.0,0.005,-0.00939946851065,1.28935478395e-13,0
474.0,0.005,0.005,8.38728390573e-16,0
474.0,-0.000107646311398,0.00617659695633,9.64216131156e-15,0
474.0,-0.00190846935279,0.0076427502668,-1.8056115276e-14,0
474.0,0.00131146485568,0.00777290068297,-3.02428350219e-14,0
474.0,0.00295884413402,0.00640276348073,-8.11463368793e-15,0
474.0,-1.21517769428e-05,0.0108932602996,-1.4289228551e-13,0
474.0,0,0.015,-3.44920082844e-13,0
474.0,0.005,0.00939942566771,-1.17623020182e-13,0
474.0,0.005,0.015,-3.63311678161e-13,0
474.0,0,0.02,-5.99732487892e-13,0
474.0,0,0.025,-8.23394321211e-13,0
474.0,0.005,0.02,-6.0963733125e-13,0
474.0,0.005,0.025,-8.27890013231e-13,0
474.0,0,0.03,-9.89590830673e-13,0
474.0,0,0.035,-1.09844910482e-12,0
474.0,0.005,0.03,-9.88242248546e-13,0
474.0,0.005,0.035,-1.09327361602e-12,0
474.0,0,0.04,-1.07521712926e-12,0
474.0,0,0.045,-8.23415662959e-13,0
474.0,0.005,0.04,-1.06641109571e-12,0
474.0,0.005,0.045,-8.22411408383e-13,0
474.0,0,0.05,-4.05263711747e-13,0
474.0,0,0.055,1.24742366081e-13,0
474.0,0.005,0.05,-4.31509699382e-13,0
474.0,0.005,0.055,6.16701087292e-14,0
474.0,0,0.06,7.89056035728e-13,0
474.0,0,0.065,1.58343257328e-12,0
474.0,0.005,0.06,6.58005739386e-13,0
474.0,0.005,0.065,1.33685523341e-12,0
474.0,0,0.07,2.52035396014e-12,0
474.0,0,0.075,3.53834579261e-12,0
474.0,0.005,0.07,2.22044343766e-12,0
474.0,0.005,0.075,3.1964387353e-12,0
474.0,0.01,-0.075,-2.46530379702e-12,0
474.0,0.01,-0.07,-1.99663091464e-12,0
474.0,0.015,-0.075,-2.20761056296e-12,0
474.0,0.015,-0.07,-1.80617391489e-12,0
474.0,0.01,-0.065,-1.52721852046e-12,0
474.0,0.015,-0.065,-1.39649042992e-12,0
474.0,0.01,-0.06,-1.09128725121e-12,0
474.0,0.015,-0.06,-9.83543132436e-13,0
474.0,0.01,-0.055,-6.81121949267e-13,0
474.0,0.015,-0.055,-5.88896612161e-13,0
474.0,0.01,-0.05,-3.03988182645e-13,0
474.0,0.015,-0.05,-2.29847796233e-13,0
474.0,0.01,-0.045,2.99755290913e-14,0
474.0,0.015,-0.045,1.0229016836e-13,0
474.0,0.01,-0.04,3.03121912376e-13,0
474.0,0.015,-0.04,3.93003035967e-13,0
474.0,0.01,-0.035,4.91406621232e-13,0
474.0,0.015,-0.035,6.03621215984e-13,0
474.0,0.01,-0.03,6.00810666111e-13,0
474.0,0.015,-0.03,7.43499923053e-13,0
474.0,0.01,-0.025,6.50998521004e-13,0
474.0,0.015,-0.025,8.43093879869e-13,0
474.0,0.01,-0.02,5.54036921198e-13,0
474.0,0.01,-0.015,3.95044904231e-13,0
474.0,0.015,-0.02,8.06053935641e-13,0
474.0,0.015,-0.015,6.59889403408e-13,0
474.0,0.00999280436795,-0.0116358337096,3.16726603418e-13,0
474.0,0.0105889214373,-0.00845762197625,2.66633572367e-13,0
474.0,0.015,-0.01,5.23567891044e-13,0
474.0,0.00939947397025,-0.005,1.57283099782e-13,0
474.0,0.015,-0.005,3.78616906981e-13,0
474.0,0.00658051136513,-0.00296146438142,5.84778432076e-14,0
474.0,0.00636794669772,-3.54305826484e-06,3.50088567211e-14,0
474.0,0.00795807888052,-0.00113999998936,7.14590669564e-14,0
474.0,0.00758147027913,0.00183630393596,4.11558501112e-14,0
474.0,0.0112534647756,-1.47536350887e-07,1.34320193386e-13,0
474.0,0.015,4.16333634234e-19,2.40569672757e-13,0
474.0,0.00939942566771,0.005,8.76856662273e-15,0
474.0,0.015,0.005,8.9586112727e-14,0
474.0,0.00999018807453,0.0109670628501,-1.87518481293e-13,0
474.0,0.01,0.015,-3.6887672302e-13,0
474.0,0.015,0.01,-1.09879186113e-13,0
474.0,0.015,0.015,-3.49403011457e-13,0
474.0,0.01,0.02,-6.11085179846e-13,0
474.0,0.01,0.025,-8.22718860087e-13,0
474.0,0.015,0.02,-6.02179766705e-13,0
474.0,0.015,0.025,-8.20394166556e-13,0
474.0,0.01,0.03,-9.7609667248e-13,0
474.0,0.01,0.035,-1.07040238586e-12,0
474.0,0.015,0.03,-9.75294288526e-13,0
474.0,0.015,0.035,-1.05254782183e-12,0
474.0,0.01,0.04,-1.03926400022e-12,0
474.0,0.01,0.045,-8.3173826512e-13,0
474.0,0.015,0.04,-1.01301709531e-12,0
474.0,0.015,0.045,-8.53323600851e-13,0
474.0,0.01,0.05,-4.83239718342e-13,0
474.0,0.01,0.055,-3.22256257297e-14,0
474.0,0.015,0.05,-5.59760125833e-13,0
474.0,0.015,0.055,-1.59495203482e-13,0
474.0,0.01,0.06,5.2314360948e-13,0
474.0,0.01,0.065,1.15455376628e-12,0
474.0,0.015,0.06,3.65882168257e-13,0
474.0,0.015,0.065,9.78189785892e-13,0
474.0,0.01,0.07,1.92283285528e-12,0
474.0,0.01,0.075,2.75667315619e-12,0
474.0,0.015,0.07,1.65138919979e-12,0
474.0,0.015,0.075,2.3351857377e-12,0
474.0,0.02,-0.075,-1.83327342144e-12,0
474.0,0.02,-0.07,-1.49039268108e-12,0
474.0,0.025,-0.075,-1.41013072028e-12,0
474.0,0.025,-0.07,-1.12621558582e-12,0
474.0,0.02,-0.065,-1.14987732987e-12,0
474.0,0.025,-0.065,-8.38836720855e-13,0
474.0,0.02,-0.06,-8.00160862838e-13,0
474.0,0.025,-0.06,-5.59418603332e-13,0
474.0,0.02,-0.055,-4.51967460832e-13,0
474.0,0.025,-0.055,-2.83738405822e-13,0
474.0,0.02,-0.05,-1.24146748087e-13,0
474.0,0.025,-0.05,-3.70531805765e-15,0
474.0,0.02,-0.045,1.86803643771e-13,0
474.0,0.025,-0.045,2.70372803856e-13,0
474.0,0.02,-0.04,4.86095337111e-13,0
474.0,0.025,-0.04,5.55359910546e-13,0
474.0,0.02,-0.035,7.20574557032e-13,0
474.0,0.025,-0.035,8.05411638796e-13,0
474.0,0.02,-0.03,8.89920361553e-13,0
474.0,0.025,-0.03,1.00860606189e-12,0
474.0,0.02,-0.025,1.03872799139e-12,0
474.0,0.025,-0.025,1.20332761877e-12,0
474.0,0.02,-0.02,1.08539752256e-12,0
474.0,0.025,-0.02,1.3475987965e-12,0
474.0,0.02,-0.015,9.89058644358e-13,0
474.0,0.025,-0.015,1.34224036454e-12,0
474.0,0.02,-0.01,8.43662841392e-13,0
474.0,0.025,-0.01,1.20938462756e-12,0
474.0,0.02,-0.005,6.69027611053e-13,0
474.0,0.025,-0.005,1.02891621982e-12,0
474.0,0.02,0,4.63258389843e-13,0
474.0,0.025,4.16333634234e-19,7.70936437826e-13,0
474.0,0.02,0.005,2.34444302644e-13,0
474.0,0.025,0.005,4.4135124152e-13,0
474.0,0.02,0.01,-1.83531842043e-14,0
474.0,0.025,0.01,1.24220996861e-13,0
474.0,0.02,0.015,-2.94732443797e-13,0
474.0,0.025,0.015,-1.98834543626e-13,0
474.0,0.02,0.02,-5.71806841385e-13,0
474.0,0.02,0.025,-8.06835663507e-13,0
474.0,0.025,0.02,-5.12786580004e-13,0
474.0,0.025,0.025,-7.62874864595e-13,0
474.0,0.02,0.03,-9.70037401814e-13,0
474.0,0.02,0.035,-1.03537719583e-12,0
474.0,0.025,0.03,-9.30597317672e-13,0
474.0,0.025,0.035,-1.00996158232e-12,0
474.0,0.02,0.04,-9.99242927211e-13,0
474.0,0.02,0.045,-8.80738903031e-13,0
474.0,0.025,0.04,-1.00037065464e-12,0
474.0,0.025,0.045,-9.24384975712e-13,0
474.0,0.02,0.05,-6.43464159297e-13,0
474.0,0.02,0.055,-2.97792771706e-13,0
474.0,0.025,0.05,-7.2933280774e-13,0
474.0,0.025,0.055,-3.96069325908e-13,0
474.0,0.02,0.06,1.93767480795e-13,0
474.0,0.02,0.065,7.80033971259e-13,0
474.0,0.025,0.06,6.10543382547e-14,0
474.0,0.025,0.065,5.93309869224e-13,0
474.0,0.02,0.07,1.39506790276e-12,0
474.0,0.02,0.075,2.01289067626e-12,0
474.0,0.025,0.07,1.16389795479e-12,0
474.0,0.025,0.075,1.73308149339e-12,0
474.0,0.03,-0.075,-9.93322387035e-13,0
474.0,0.03,-0.07,-7.5383299291e-13,0
474.0,0.035,-0.075,-5.7301941695e-13,0
474.0,0.035,-0.07,-3.77585903812e-13,0
474.0,0.03,-0.065,-5.23840691599e-13,0
474.0,0.035,-0.065,-2.10915690498e-13,0
474.0,0.03,-0.06,-3.08588312268e-13,0
474.0,0.035,-0.06,-7.56661251851e-14,0
474.0,0.03,-0.055,-9.71875373529e-14,0
474.0,0.035,-0.055,6.04890476428e-14,0
474.0,0.03,-0.05,1.12375664329e-13,0
474.0,0.035,-0.05,1.89475059524e-13,0
474.0,0.03,-0.045,3.23513986618e-13,0
474.0,0.035,-0.045,3.26393844046e-13,0
474.0,0.03,-0.04,5.70978490485e-13,0
474.0,0.035,-0.04,5.19126283271e-13,0
474.0,0.03,-0.035,8.24622777167e-13,0
474.0,0.035,-0.035,7.55686475182e-13,0
474.0,0.03,-0.03,1.06073510543e-12,0
474.0,0.035,-0.03,1.02015281421e-12,0
474.0,0.03,-0.025,1.30649053208e-12,0
474.0,0.035,-0.025,1.29303968409e-12,0
474.0,0.03,-0.02,1.53421266869e-12,0
474.0,0.035,-0.02,1.57654306605e-12,0
474.0,0.03,-0.015,1.67328993664e-12,0
474.0,0.035,-0.015,1.84787496453e-12,0
474.0,0.03,-0.01,1.66115698576e-12,0
474.0,0.035,-0.01,2.02406791408e-12,0
474.0,0.03,-0.005,1.52105613989e-12,0
474.0,0.035,-0.005,2.01469028216e-12,0
474.0,0.03,0,1.247397561e-12,0
474.0,0.035,4.16333634234e-19,1.78956756351e-12,0
474.0,0.03,0.005,8.49411558666e-13,0
474.0,0.035,0.005,1.37003166117e-12,0
474.0,0.03,0.01,4.2331534837e-13,0
474.0,0.035,0.01,8.43325459731e-13,0
474.0,0.03,0.015,6.77946290448e-15,0
474.0,0.035,0.015,3.24823720765e-13,0
474.0,0.03,0.02,-3.77538629133e-13,0
474.0,0.035,0.02,-1.28936251221e-13,0
474.0,0.03,0.025,-6.69023417647e-13,0
474.0,0.035,0.025,-4.97360429253e-13,0
474.0,0.03,0.03,-8.57765331639e-13,0
474.0,0.03,0.035,-9.74963371614e-13,0
474.0,0.035,0.03,-7.52621767689e-13,0
474.0,0.035,0.035,-9.33763632347e-13,0
474.0,0.03,0.04,-1.00710080956e-12,0
474.0,0.03,0.045,-9.74643094847e-13,0
474.0,0.035,0.04,-1.01871919005e-12,0
474.0,0.035,0.045,-1.02834592642e-12,0
474.0,0.03,0.05,-8.19077975001e-13,0
474.0,0.03,0.055,-4.9712530661e-13,0
474.0,0.035,0.05,-9.1086914335e-13,0
474.0,0.035,0.055,-6.06368005431e-13,0
474.0,0.03,0.06,-6.01264743369e-14,0
474.0,0.03,0.065,4.37329214896e-13,0
474.0,0.035,0.06,-1.83644809562e-13,0
474.0,0.035,0.065,2.90138162603e-13,0
474.0,0.03,0.07,9.69497615073e-13,0
474.0,0.03,0.075,1.50880189644e-12,0
474.0,0.035,0.07,7.96031910438e-13,0
474.0,0.035,0.075,1.31229556966e-12,0
474.0,0.04,-0.075,-4.88261672044e-14,0
474.0,0.04,-0.07,1.59824333688e-14,0
474.0,0.045,-0.075,4.45629873343e-13,0
474.0,0.045,-0.07,3.64986743928e-13,0
474.0,0.04,-0.065,7.35325345148e-14,0
474.0,0.045,-0.065,3.07152725724e-13,0
474.0,0.04,-0.06,1.13360771062e-13,0
474.0,0.045,-0.06,2.57158460557e-13,0
474.0,0.04,-0.055,1.61183872485e-13,0
474.0,0.045,-0.055,2.24245046612e-13,0
474.0,0.04,-0.05,2.20562839049e-13,0
474.0,0.045,-0.05,2.14326976652e-13,0
474.0,0.04,-0.045,2.98924335473e-13,0
474.0,0.045,-0.045,2.27966424722e-13,0
474.0,0.04,-0.04,4.1975318184e-13,0
474.0,0.045,-0.04,2.64413477048e-13,0
474.0,0.04,-0.035,5.81452287188e-13,0
474.0,0.045,-0.035,3.31008578671e-13,0
474.0,0.04,-0.03,8.24183999157e-13,0
474.0,0.045,-0.03,4.98941158251e-13,0
474.0,0.04,-0.025,1.11279780576e-12,0
474.0,0.045,-0.025,7.65840246341e-13,0
474.0,0.04,-0.02,1.42620397507e-12,0
474.0,0.045,-0.02,1.10610767283e-12,0
474.0,0.04,-0.015,1.77597491273e-12,0
474.0,0.045,-0.015,1.46926671432e-12,0
474.0,0.04,-0.01,2.11597318019e-12,0
474.0,0.045,-0.01,1.85430026871e-12,0
474.0,0.04,-0.005,2.29923451393e-12,0
474.0,0.045,-0.005,2.20297785104e-12,0
474.0,0.04,0,2.18427011709e-12,0
474.0,0.045,4.16333634234e-19,2.28917906476e-12,0
474.0,0.04,0.005,1.80279671198e-12,0
474.0,0.045,0.005,2.04838914072e-12,0
474.0,0.04,0.01,1.24013684188e-12,0
474.0,0.045,0.01,1.55550148609e-12,0
474.0,0.04,0.015,6.51750935822e-13,0
474.0,0.045,0.015,9.69586495052e-13,0
474.0,0.04,0.02,1.60158926501e-13,0
474.0,0.045,0.02,4.5046754079e-13,0
474.0,0.04,0.025,-2.72054481016e-13,0
474.0,0.045,0.025,-3.68765624151e-14,0
474.0,0.04,0.03,-6.07468184983e-13,0
474.0,0.045,0.03,-4.48974648156e-13,0
474.0,0.04,0.035,-8.55624111323e-13,0
474.0,0.045,0.035,-7.45766708008e-13,0
474.0,0.04,0.04,-1.00763987111e-12,0
474.0,0.04,0.045,-1.07198035586e-12,0
474.0,0.045,0.04,-9.42576049714e-13,0
474.0,0.045,0.045,-1.06875045995e-12,0
474.0,0.04,0.05,-9.90197267518e-13,0
474.0,0.04,0.055,-7.02164208568e-13,0
474.0,0.045,0.05,-1.03523250961e-12,0
474.0,0.045,0.055,-7.66709840156e-13,0
474.0,0.04,0.06,-2.93304437858e-13,0
474.0,0.04,0.065,1.58226572286e-13,0
474.0,0.045,0.06,-3.73981558437e-13,0
474.0,0.045,0.065,4.924615245e-14,0
474.0,0.04,0.07,6.41765449916e-13,0
474.0,0.04,0.075,1.13726177778e-12,0
474.0,0.045,0.07,5.08362109516e-13,0
474.0,0.045,0.075,9.89101890945e-13,0
474.0,0.05,-0.075,7.94588798134e-13,0
474.0,0.05,-0.07,6.32447378573e-13,0
474.0,0.055,-0.075,1.07510487058e-12,0
474.0,0.055,-0.07,8.47009789631e-13,0
474.0,0.05,-0.065,4.88718092235e-13,0
474.0,0.055,-0.065,6.33782275506e-13,0
474.0,0.05,-0.06,3.61669750507e-13,0
474.0,0.055,-0.06,4.36434913023e-13,0
474.0,0.05,-0.055,2.52334290369e-13,0
474.0,0.055,-0.055,2.51975136385e-13,0
474.0,0.05,-0.05,1.66997058231e-13,0
474.0,0.055,-0.05,8.92252166836e-14,0
474.0,0.05,-0.045,1.00873051841e-13,0
474.0,0.055,-0.045,-6.16711845295e-14,0
474.0,0.05,-0.04,5.47891811558e-14,0
474.0,0.055,-0.04,-1.99586624346e-13,0
474.0,0.05,-0.035,4.07328097125e-14,0
474.0,0.055,-0.035,-3.06801860206e-13,0
474.0,0.05,-0.03,1.10833648847e-13,0
474.0,0.055,-0.03,-3.65687903323e-13,0
474.0,0.05,-0.025,2.83028623505e-13,0
474.0,0.055,-0.025,-3.22481103776e-13,0
474.0,0.05,-0.02,5.78914674821e-13,0
474.0,0.055,-0.02,-1.03118563254e-13,0
474.0,0.05,-0.015,9.44846355617e-13,0
474.0,0.055,-0.015,3.04023150659e-13,0
474.0,0.05,-0.01,1.34615065107e-12,0
474.0,0.055,-0.01,7.582819228e-13,0
474.0,0.05,-0.005,1.75888995258e-12,0
474.0,0.055,-0.005,1.21339066048e-12,0
474.0,0.05,0,2.0668801418e-12,0
474.0,0.055,4.16333634234e-19,1.63959410224e-12,0
474.0,0.05,0.005,2.07985903964e-12,0
474.0,0.055,0.005,1.88999370561e-12,0
474.0,0.05,0.01,1.77026900531e-12,0
474.0,0.055,0.01,1.83767905033e-12,0
474.0,0.05,0.015,1.25436264781e-12,0
474.0,0.055,0.015,1.49503595947e-12,0
474.0,0.05,0.02,7.32673839123e-13,0
474.0,0.055,0.02,9.98354103586e-13,0
474.0,0.05,0.025,2.23001922836e-13,0
474.0,0.055,0.025,4.88911794372e-13,0
474.0,0.05,0.03,-2.62621834168e-13,0
474.0,0.055,0.03,-2.82344350258e-14,0
474.0,0.05,0.035,-6.2031859181e-13,0
474.0,0.055,0.035,-4.60280660208e-13,0
474.0,0.05,0.04,-8.43544890638e-13,0
474.0,0.055,0.04,-7.29237161154e-13,0
474.0,0.05,0.045,-1.01747335635e-12,0
474.0,0.055,0.045,-9.3365960397e-13,0
474.0,0.05,0.05,-1.03646160596e-12,0
474.0,0.05,0.055,-8.00023063138e-13,0
474.0,0.055,0.05,-9.89086788045e-13,0
474.0,0.055,0.055,-8.06761289101e-13,0
474.0,0.05,0.06,-4.25742019708e-13,0
474.0,0.05,0.065,-2.54906938979e-14,0
474.0,0.055,0.06,-4.5743071485e-13,0
474.0,0.055,0.065,-6.02896758502e-14,0
474.0,0.05,0.07,4.21756464342e-13,0
474.0,0.05,0.075,8.98073189283e-13,0
474.0,0.055,0.07,4.21433747548e-13,0
474.0,0.055,0.075,9.23945299352e-13,0
474.0,0.06,-0.075,1.30149597233e-12,0
474.0,0.06,-0.07,1.01751612904e-12,0
474.0,0.065,-0.075,1.49122176214e-12,0
474.0,0.065,-0.07,1.1611166548e-12,0
474.0,0.06,-0.065,7.45698259859e-13,0
474.0,0.065,-0.065,8.38546616509e-13,0
474.0,0.06,-0.06,4.91810692904e-13,0
474.0,0.065,-0.06,5.3674907688e-13,0
474.0,0.06,-0.055,2.42042376102e-13,0
474.0,0.065,-0.055,2.27959507327e-13,0
474.0,0.06,-0.05,-1.03563893865e-14,0
474.0,0.065,-0.05,-1.24905277629e-13,0
474.0,0.06,-0.045,-2.70845402934e-13,0
474.0,0.065,-0.045,-5.18955805824e-13,0
474.0,0.06,-0.04,-5.31031636e-13,0
474.0,0.065,-0.04,-9.47845342598e-13,0
474.0,0.06,-0.035,-7.66497330747e-13,0
474.0,0.065,-0.035,-1.35619025822e-12,0
474.0,0.06,-0.03,-9.6921909005e-13,0
474.0,0.065,-0.03,-1.70140372198e-12,0
474.0,0.06,-0.025,-1.07886619007e-12,0
474.0,0.065,-0.025,-1.95226555794e-12,0
474.0,0.06,-0.02,-9.59655644724e-13,0
474.0,0.065,-0.02,-1.92846214946e-12,0
474.0,0.06,-0.015,-5.66909633663e-13,0
474.0,0.065,-0.015,-1.53631853509e-12,0
474.0,0.06,-0.01,-2.96084828119e-14,0
474.0,0.065,-0.01,-9.25659880125e-13,0
474.0,0.06,-0.005,5.30431475282e-13,0
474.0,0.065,-0.005,-2.71135696192e-13,0
474.0,0.06,0,1.07108111296e-12,0
474.0,0.065,4.16333634234e-19,3.90000228863e-13,0
474.0,0.06,0.005,1.52030138042e-12,0
474.0,0.065,0.005,1.02487673358e-12,0
474.0,0.06,0.01,1.69274477251e-12,0
474.0,0.065,0.01,1.40185879255e-12,0
474.0,0.06,0.015,1.54475591706e-12,0
474.0,0.065,0.015,1.40499089207e-12,0
474.0,0.06,0.02,1.18442251019e-12,0
474.0,0.065,0.02,1.19961971717e-12,0
474.0,0.06,0.025,7.42572498313e-13,0
474.0,0.065,0.025,8.89387244259e-13,0
474.0,0.06,0.03,2.66151667276e-13,0
474.0,0.065,0.03,5.08019020316e-13,0
474.0,0.06,0.035,-1.87780677007e-13,0
474.0,0.065,0.035,1.04752542631e-13,0
474.0,0.06,0.04,-5.38487940984e-13,0
474.0,0.065,0.04,-2.71964016654e-13,0
474.0,0.06,0.045,-7.50570480367e-13,0
474.0,0.065,0.045,-4.63708050981e-13,0
474.0,0.06,0.05,-7.9487962922e-13,0
474.0,0.065,0.05,-4.69889221479e-13,0
474.0,0.06,0.055,-6.85965785558e-13,0
474.0,0.065,0.055,-4.24501180932e-13,0
474.0,0.06,0.06,-3.95978784935e-13,0
474.0,0.06,0.065,3.12498700733e-14,0
474.0,0.065,0.06,-1.92541699747e-13,0
474.0,0.065,0.065,2.49247038641e-13,0
474.0,0.06,0.07,5.52009250911e-13,0
474.0,0.06,0.075,1.08498663315e-12,0
474.0,0.065,0.07,7.9260338755e-13,0
474.0,0.065,0.075,1.3554578375e-12,0
474.0,0.07,-0.075,1.65765432865e-12,0
474.0,0.07,-0.07,1.28784810621e-12,0
474.0,0.075,-0.075,1.79313504542e-12,0
474.0,0.075,-0.07,1.39596341139e-12,0
474.0,0.07,-0.065,9.25316907051e-13,0
474.0,0.075,-0.065,9.97346208095e-13,0
474.0,0.07,-0.06,5.80326565579e-13,0
474.0,0.075,-0.06,6.25953859507e-13,0
474.0,0.07,-0.055,2.26319894884e-13,0
474.0,0.075,-0.055,2.43893471867e-13,0
474.0,0.07,-0.05,-2.49840487706e-13,0
474.0,0.075,-0.05,-3.78411525118e-13,0
474.0,0.07,-0.045,-8.64784060103e-13,0
474.0,0.075,-0.045,-1.25522236887e-12,0
474.0,0.07,-0.04,-1.54495532642e-12,0
474.0,0.075,-0.04,-2.2263672961e-12,0
474.0,0.07,-0.035,-2.12932616595e-12,0
474.0,0.075,-0.035,-2.97741770705e-12,0
474.0,0.07,-0.03,-2.5275269402e-12,0
474.0,0.075,-0.03,-3.39996226965e-12,0
474.0,0.07,-0.025,-2.83814782685e-12,0
474.0,0.075,-0.025,-3.74261569699e-12,0
474.0,0.07,-0.02,-2.86685096591e-12,0
474.0,0.075,-0.02,-3.81093585996e-12,0
474.0,0.07,-0.015,-2.43808245284e-12,0
474.0,0.075,-0.015,-3.33629930708e-12,0
474.0,0.07,-0.01,-1.7786055239e-12,0
474.0,0.075,-0.01,-2.63776879578e-12,0
474.0,0.07,-0.005,-1.07062834691e-12,0
474.0,0.075,-0.005,-1.87275931871e-12,0
474.0,0.07,0,-3.35555775063e-13,0
474.0,0.075,0,-1.06798105746e-12,0
474.0,0.07,0.005,4.0831899408e-13,0
474.0,0.075,0.005,-2.33821187562e-13,0
474.0,0.07,0.01,1.02628701472e-12,0
474.0,0.075,0.01,6.72228707874e-13,0
474.0,0.07,0.015,1.25209723574e-12,0
474.0,0.075,0.015,1.15198911128e-12,0
474.0,0.07,0.02,1.15732466363e-12,0
474.0,0.075,0.02,1.14970928369e-12,0
474.0,0.07,0.025,9.45213142484e-13,0
474.0,0.075,0.025,1.0112257836e-12,0
474.0,0.07,0.03,6.45802748418e-13,0
474.0,0.075,0.03,7.73708285963e-13,0
474.0,0.07,0.035,3.06175173809e-13,0
474.0,0.075,0.035,4.75338942469e-13,0
474.0,0.07,0.04,-1.11946449706e-14,0
474.0,0.075,0.04,2.18380904502e-13,0
474.0,0.07,0.045,-1.62915750875e-13,0
474.0,0.075,0.045,1.25227847454e-13,0
474.0,0.07,0.05,-1.59908876884e-13,0
474.0,0.075,0.05,1.3509682282e-13,0
474.0,0.07,0.055,-1.25276336267e-13,0
474.0,0.075,0.055,1.64547733501e-13,0
474.0,0.07,0.06,8.31741841102e-14,0
474.0,0.075,0.06,3.48273671405e-13,0
474.0,0.07,0.065,5.24061011333e-13,0
474.0,0.075,0.065,7.92560429976e-13,0
474.0,0.07,0.07,1.08288670444e-12,0
474.0,0.07,0.075,1.67078214754e-12,0
474.0,0.075,0.07,1.37351571027e-12,0
474.0,0.075,0.075,1.98249436131e-12,0
540.0,-0.00382671281566,-0.00202612167119,0,0
540.0,-0.005,-0.005,3.82260317497e-14,0
540.0,-0.00197892066871,-0.00385133392306,0,0
540.0,-0.005,-0.00190753787223,1.73422168148e-14,0
540.0,-0.00433,0,0,0
540.0,-0.00190753787223,-0.005,1.85358450448e-14,0
540.0,0,-0.00433,0,0
540.0,-0.005,0.00190775150599,1.61212121054e-14,0
540.0,-0.00385133392306,0.00197892066871,0,0
540.0,0.00190775150599,-0.005,1.72830304871e-14,0
540.0,0.00202612167119,-0.00382671281566,0,0
540.0,-0.00202612167119,0.00382671281566,0,0
540.0,-0.005,0.005,2.7718271979e-14,0
540.0,-0.0019094272225,0.005,1.57480486196e-14,0
540.0,0,0.00433,0,0
540.0,0.00147766755988,0.00407006125046,0,0
540.0,8.32667268469e-19,0.005,1.14086780649e-14,0
540.0,0.00433,0,0,0
540.0,0.005,1.38777878078e-18,1.14118552156e-14,0
540.0,0.00407006125046,0.00147766755988,0,0
540.0,0.005,-0.005,2.90409811362e-14,0
540.0,0.00385133392306,-0.00197892066871,0,0
540.0,0.005,-0.0019094272225,1.52179844739e-14,0
540.0,0.00306177236254,0.00306177236254,0,0
540.0,0.0019094272225,0.005,1.63752536321e-14,0
540.0,0.005,0.0019094272225,1.57733727815e-14,0
540.0,-0.000885,-0.0015328649647,1.27158321121e-12,0
540.0,-0.0015328649647,-0.000885,1.27170560883e-12,0
540.0,-0.00186450691264,-0.00187567167242,8.43066909985e-13,0
540.0,-0.00177,0,1.27139729201e-12,0
540.0,-0.00268433516245,-0.000738983120158,7.59144244063e-13,0
540.0,0,-0.00177,1.27154479152e-12,0
540.0,-0.000718432264205,-0.00269192408424,7.57437977521e-13,0
540.0,-0.0015328649647,0.000885,1.26989268539e-12,0
540.0,-0.00265321485144,0.000647311733689,7.89928717112e-13,0
540.0,-0.000885,0.0015328649647,1.26826496281e-12,0
540.0,-0.00194719253591,0.00178443766524,8.43993175746e-13,0
540.0,0,0.00177,1.2641584323e-12,0
540.0,-0.000802720381054,0.00273415977115,7.17535529224e-13,0
540.0,0.000885,-0.0015328649647,1.27023349954e-12,0
540.0,0.00075154031863,-0.00270385456952,7.45327354908e-13,0
540.0,0.00177,0,1.2624981044e-12,0
540.0,0.0015328649647,-0.000885,1.26808085049e-12,0
540.0,0.00271471102228,-0.000564731152102,7.60951770707e-13,0
540.0,0.00192394637685,-0.00189207206672,8.1013599804e-13,0
540.0,0.00231817117671,0.00040530921667,9.87959278632e-13,0
540.0,0.0015328649647,0.000885,1.26076423914e-12,0
540.0,0.000885,0.0015328649647,1.2614693394e-12,0
540.0,0.000427053001345,0.00287092483521,6.82223160899e-13,0
540.0,0.00187618296239,0.00184774001435,8.33381291981e-13,0
540.0,0.00312733402203,0.000607809752493,5.19224567686e-13,0
540.0,0.00276214303706,0.00136595635004,5.76887752064e-13,0
540.0,0.0014100336009,0.00268674970267,6.04801437464e-13,0
540.0,-0.075,-0.075,1.61356502657e-12,0
540.0,-0.07,-0.075,1.30031519951e-12,0
540.0,-0.075,-0.07,1.32587013419e-12,0
540.0,-0.07,-0.07,1.03987314633e-12,0
540.0,-0.075,-0.065,1.00080183076e-12,0
540.0,-0.07,-0.065,7.54608397178e-13,0
540.0,-0.065,-0.075,9.79133369801e-13,0
540.0,-0.065,-0.07,7.63510432411e-13,0
540.0,-0.065,-0.065,5.29316498752e-13,0
540.0,-0.075,-0.06,5.65622404649e-13,0
540.0,-0.07,-0.06,4.22432629796e-13,0
540.0,-0.065,-0.06,2.81021304903e-13,0
540.0,-0.075,-0.055,1.63513508786e-13,0
540.0,-0.07,-0.055,1.27573333849e-13,0
540.0,-0.065,-0.055,7.10969073276e-14,0
540.0,-0.075,-0.05,-8.84833574908e-14,0
540.0,-0.07,-0.05,-7.4832238586e-14,0
540.0,-0.065,-0.05,-7.52130918795e-14,0
540.0,-0.075,-0.045,-2.94796557523e-13,0
540.0,-0.07,-0.045,-2.43244763217e-13,0
540.0,-0.065,-0.045,-2.03821688901e-13,0
540.0,-0.075,-0.04,-4.63942047792e-13,0
540.0,-0.07,-0.04,-3.8829766752e-13,0
540.0,-0.075,-0.035,-6.12936210003e-13,0
540.0,-0.07,-0.035,-5.13925999033e-13,0
540.0,-0.065,-0.04,-3.19467100643e-13,0
540.0,-0.065,-0.035,-4.1162023837e-13,0
540.0,-0.075,-0.03,-7.44310865436e-13,0
540.0,-0.07,-0.03,-6.00072076316e-13,0
540.0,-0.075,-0.025,-7.77110824256e-13,0
540.0,-0.07,-0.025,-6.07728156619e-13,0
540.0,-0.065,-0.03,-4.61616897703e-13,0
540.0,-0.065,-0.025,-4.52197460865e-13,0
540.0,-0.075,-0.02,-6.78143435366e-13,0
540.0,-0.07,-0.02,-5.26923046912e-13,0
540.0,-0.075,-0.015,-4.5175330872e-13,0
540.0,-0.07,-0.015,-3.56613966613e-13,0
540.0,-0.065,-0.02,-3.8738882164e-13,0
540.0,-0.065,-0.015,-2.70504315661e-13,0
540.0,-0.075,-0.01,-1.30879013415e-13,0
540.0,-0.07,-0.01,-1.07825054666e-13,0
540.0,-0.075,-0.005,2.02687460991e-13,0
540.0,-0.07,-0.005,1.60590325512e-13,0
540.0,-0.065,-0.01,-8.37496238562e-14,0
540.0,-0.065,-0.005,1.33451928323e-13,0
540.0,-0.075,0,4.61447286997e-13,0
540.0,-0.07,0,3.79734974967e-13,0
540.0,-0.075,0.005,6.1478344743e-13,0
540.0,-0.07,0.005,5.09976015253e-13,0
540.0,-0.065,4.16333634234e-19,3.20071938879e-13,0
540.0,-0.065,0.005,4.29864194377e-13,0
540.0,-0.075,0.01,6.21927626434e-13,0
540.0,-0.07,0.01,5.17266238908e-13,0
540.0,-0.075,0.015,4.80653897685e-13,0
540.0,-0.07,0.015,3.96622992329e-13,0
540.0,-0.065,0.01,4.30209562017e-13,0
540.0,-0.065,0.015,3.16358724531e-13,0
540.0,-0.075,0.02,2.87013853389e-13,0
540.0,-0.07,0.02,2.14662860419e-13,0
540.0,-0.075,0.025,8.9138276066e-14,0
540.0,-0.07,0.025,2.97952306669e-14,0
540.0,-0.065,0.02,1.42604465655e-13,0
540.0,-0.065,0.025,-3.32098912552e-14,0
540.0,-0.075,0.03,-1.02350916926e-13,0
540.0,-0.07,0.03,-1.4015494874e-13,0
540.0,-0.075,0.035,-2.6176659818e-13,0
540.0,-0.07,0.035,-2.72827649922e-13,0
540.0,-0.065,0.03,-1.83992965436e-13,0
540.0,-0.065,0.035,-2.78518504641e-13,0
540.0,-0.075,0.04,-3.58472999651e-13,0
540.0,-0.07,0.04,-3.25911820175e-13,0
540.0,-0.075,0.045,-3.41537007439e-13,0
540.0,-0.07,0.045,-2.91836127077e-13,0
540.0,-0.065,0.04,-2.90053787726e-13,0
540.0,-0.065,0.045,-2.48218965943e-13,0
540.0,-0.075,0.05,-2.59596031867e-13,0
540.0,-0.07,0.05,-2.13868790826e-13,0
540.0,-0.075,0.055,-1.54385647112e-13,0
540.0,-0.07,0.055,-1.15665270238e-13,0
540.0,-0.065,0.05,-1.7487913864e-13,0
540.0,-0.065,0.055,-8.32205303736e-14,0
540.0,-0.075,0.06,-3.59382071643e-14,0
540.0,-0.07,0.06,-2.95870262473e-15,0
540.0,-0.075,0.065,9.07784661205e-14,0
540.0,-0.07,0.065,1.19630913734e-13,0
540.0,-0.065,0.06,2.37872158025e-14,0
540.0,-0.065,0.065,1.4191046041e-13,0
540.0,-0.075,0.07,2.35800750726e-13,0
540.0,-0.07,0.07,2.55280619512e-13,0
540.0,-0.075,0.075,3.86230441691e-13,0
540.0,-0.07,0.075,3.96167830897e-13,0
540.0,-0.065,0.07,2.69236430273e-13,0
540.0,-0.065,0.075,4.00096591917e-13,0
540.0,-0.06,-0.075,6.77025504823e-13,0
540.0,-0.06,-0.07,5.01890517054e-13,0
540.0,-0.06,-0.065,3.26036956863e-13,0
540.0,-0.055,-0.075,3.67935210466e-13,0
540.0,-0.055,-0.07,2.39318932527e-13,0
540.0,-0.055,-0.065,1.25315702387e-13,0
540.0,-0.06,-0.06,1.58241530378e-13,0
540.0,-0.06,-0.055,2.12814194699e-14,0
540.0,-0.055,-0.06,3.5106794142e-14,0
540.0,-0.055,-0.055,-3.16668378712e-14,0
540.0,-0.06,-0.05,-8.55202733455e-14,0
540.0,-0.055,-0.05,-9.80277416353e-14,0
540.0,-0.06,-0.045,-1.81435080627e-13,0
540.0,-0.055,-0.045,-1.58345345622e-13,0
540.0,-0.06,-0.04,-2.58481625221e-13,0
540.0,-0.055,-0.04,-1.97659380742e-13,0
540.0,-0.06,-0.035,-3.13783448535e-13,0
540.0,-0.055,-0.035,-2.22092522678e-13,0
540.0,-0.06,-0.03,-3.36338789915e-13,0
540.0,-0.06,-0.025,-3.16756898431e-13,0
540.0,-0.055,-0.03,-2.25680046565e-13,0
540.0,-0.055,-0.025,-1.99454759405e-13,0
540.0,-0.06,-0.02,-2.61764528527e-13,0
540.0,-0.06,-0.015,-1.77653640515e-13,0
540.0,-0.055,-0.02,-1.51515531237e-13,0
540.0,-0.055,-0.015,-9.02777581255e-14,0
540.0,-0.06,-0.01,-4.64322372218e-14,0
540.0,-0.06,-0.005,1.19377524696e-13,0
540.0,-0.055,-0.01,4.24868330813e-15,0
540.0,-0.055,-0.005,1.23724545707e-13,0
540.0,-0.06,0,2.71924685441e-13,0
540.0,-0.06,0.005,3.56789580436e-13,0
540.0,-0.055,4.16333634234e-19,2.38158683612e-13,0
540.0,-0.055,0.005,2.92118855104e-13,0
540.0,-0.06,0.01,3.42791403973e-13,0
540.0,-0.06,0.015,2.33231588696e-13,0
540.0,-0.055,0.01,2.62657555857e-13,0
540.0,-0.055,0.015,1.5686043058e-13,0
540.0,-0.06,0.02,6.80244300497e-14,0
540.0,-0.06,0.025,-9.33559608934e-14,0
540.0,-0.055,0.02,7.27983837187e-15,0
540.0,-0.055,0.025,-1.24743180404e-13,0
540.0,-0.06,0.03,-2.08396225571e-13,0
540.0,-0.06,0.035,-2.58007224443e-13,0
540.0,-0.055,0.03,-1.95374329968e-13,0
540.0,-0.055,0.035,-2.21322433437e-13,0
540.0,-0.06,0.04,-2.5125288094e-13,0
540.0,-0.06,0.045,-2.13127196598e-13,0
540.0,-0.055,0.04,-2.1177513739e-13,0
540.0,-0.055,0.045,-1.82863868566e-13,0
540.0,-0.06,0.05,-1.45203226449e-13,0
540.0,-0.06,0.055,-5.89619334332e-14,0
540.0,-0.055,0.05,-1.23960373406e-13,0
540.0,-0.055,0.055,-4.27538480704e-14,0
540.0,-0.06,0.06,4.33651153612e-14,0
540.0,-0.06,0.065,1.57445101064e-13,0
540.0,-0.055,0.06,5.5864644917e-14,0
540.0,-0.055,0.065,1.67227899843e-13,0
540.0,-0.06,0.07,2.80795114554e-13,0
540.0,-0.06,0.075,4.09162976294e-13,0
540.0,-0.055,0.07,2.88482357088e-13,0
540.0,-0.055,0.075,4.161496698e-13,0
540.0,-0.05,-0.075,-7.17207768449e-15,0
540.0,-0.05,-0.07,-2.89452562018e-14,0
540.0,-0.045,-0.075,-2.67946010785e-13,0
540.0,-0.045,-0.07,-2.06153118827e-13,0
540.0,-0.05,-0.065,-5.57490566206e-14,0
540.0,-0.045,-0.065,-1.61235890655e-13,0
540.0,-0.05,-0.06,-7.00422982636e-14,0
540.0,-0.05,-0.055,-7.88257351965e-14,0
540.0,-0.045,-0.06,-1.25291619166e-13,0
540.0,-0.045,-0.055,-9.98706908066e-14,0
540.0,-0.05,-0.05,-1.0032508806e-13,0
540.0,-0.05,-0.045,-1.2107090869e-13,0
540.0,-0.045,-0.05,-8.56127828111e-14,0
540.0,-0.045,-0.045,-7.70676080763e-14,0
540.0,-0.05,-0.04,-1.3405683108e-13,0
540.0,-0.045,-0.04,-7.08199451887e-14,0
540.0,-0.05,-0.035,-1.39275058647e-13,0
540.0,-0.045,-0.035,-6.1155735868e-14,0
540.0,-0.05,-0.03,-1.3009109352e-13,0
540.0,-0.045,-0.03,-4.2511179508e-14,0
540.0,-0.05,-0.025,-1.02167371134e-13,0
540.0,-0.045,-0.025,-1.39605158013e-14,0
540.0,-0.05,-0.02,-5.95679149886e-14,0
540.0,-0.05,-0.015,-7.69050758439e-15,0
540.0,-0.045,-0.02,2.406546541e-14,0
540.0,-0.045,-0.015,6.82456773608e-14,0
540.0,-0.05,-0.01,6.53327929543e-14,0
540.0,-0.05,-0.005,1.54125181871e-13,0
540.0,-0.045,-0.01,1.23664634911e-13,0
540.0,-0.045,-0.005,1.88407209245e-13,0
540.0,-0.05,0,2.28095142759e-13,0
540.0,-0.05,0.005,2.4602847076e-13,0
540.0,-0.045,4.16333634234e-19,2.31351724632e-13,0
540.0,-0.045,0.005,2.193348744e-13,0
540.0,-0.05,0.01,1.99962642448e-13,0
540.0,-0.05,0.015,1.06523012628e-13,0
540.0,-0.045,0.01,1.60490975287e-13,0
540.0,-0.045,0.015,8.61215382625e-14,0
540.0,-0.05,0.02,-1.7615980651e-14,0
540.0,-0.05,0.025,-1.15921423775e-13,0
540.0,-0.045,0.02,-1.51248042082e-14,0
540.0,-0.045,0.025,-9.23582614457e-14,0
540.0,-0.05,0.03,-1.62910568946e-13,0
540.0,-0.05,0.035,-1.81122216245e-13,0
540.0,-0.045,0.03,-1.2543395846e-13,0
540.0,-0.045,0.035,-1.41426332367e-13,0
540.0,-0.05,0.04,-1.73330345583e-13,0
540.0,-0.05,0.045,-1.5306632869e-13,0
540.0,-0.045,0.04,-1.38505925576e-13,0
540.0,-0.045,0.045,-1.23910259664e-13,0
540.0,-0.05,0.05,-1.08286662728e-13,0
540.0,-0.05,0.055,-3.69324691669e-14,0
540.0,-0.045,0.05,-9.25239989324e-14,0
540.0,-0.045,0.055,-3.98611805618e-14,0
540.0,-0.05,0.06,5.62116221861e-14,0
540.0,-0.05,0.065,1.64365547574e-13,0
540.0,-0.045,0.06,4.34455516735e-14,0
540.0,-0.045,0.065,1.44994856771e-13,0
540.0,-0.05,0.07,2.82688979239e-13,0
540.0,-0.05,0.075,4.08113970785e-13,0
540.0,-0.045,0.07,2.54548740354e-13,0
540.0,-0.045,0.075,3.71946270071e-13,0
540.0,-0.04,-0.075,-3.53116278546e-13,0
540.0,-0.04,-0.07,-2.72374931285e-13,0
540.0,-0.035,-0.075,-4.08562258185e-13,0
540.0,-0.035,-0.07,-3.12121853141e-13,0
540.0,-0.04,-0.065,-2.02798320562e-13,0
540.0,-0.035,-0.065,-2.24452253674e-13,0
540.0,-0.04,-0.06,-1.43224596105e-13,0
540.0,-0.035,-0.06,-1.45970623418e-13,0
540.0,-0.04,-0.055,-9.55101568036e-14,0
540.0,-0.035,-0.055,-7.9492144621e-14,0
540.0,-0.04,-0.05,-5.96184396463e-14,0
540.0,-0.04,-0.045,-3.15734326076e-14,0
540.0,-0.035,-0.05,-2.64312422252e-14,0
540.0,-0.035,-0.045,1.67613050771e-14,0
540.0,-0.04,-0.04,-9.02192383668e-15,0
540.0,-0.04,-0.035,1.22109131348e-14,0
540.0,-0.035,-0.04,5.15870619785e-14,0
540.0,-0.035,-0.035,8.03880020138e-14,0
540.0,-0.04,-0.03,3.59030969423e-14,0
540.0,-0.035,-0.03,1.05639896071e-13,0
540.0,-0.04,-0.025,6.381481702e-14,0
540.0,-0.035,-0.025,1.2907390653e-13,0
540.0,-0.04,-0.02,9.59169911269e-14,0
540.0,-0.035,-0.02,1.50288456122e-13,0
540.0,-0.04,-0.015,1.30458161407e-13,0
540.0,-0.035,-0.015,1.70273088989e-13,0
540.0,-0.04,-0.01,1.69970464418e-13,0
540.0,-0.04,-0.005,2.09118467407e-13,0
540.0,-0.035,-0.01,1.91545356714e-13,0
540.0,-0.035,-0.005,2.07585104784e-13,0
540.0,-0.04,0,2.28521448852e-13,0
540.0,-0.04,0.005,2.02626111634e-13,0
540.0,-0.035,4.16333634234e-19,2.13550594653e-13,0
540.0,-0.035,0.005,1.85874333847e-13,0
540.0,-0.04,0.01,1.43592666964e-13,0
540.0,-0.04,0.015,7.58753016402e-14,0
540.0,-0.035,0.01,1.30776704388e-13,0
540.0,-0.035,0.015,7.08261639182e-14,0
540.0,-0.04,0.02,-1.40174267635e-15,0
540.0,-0.04,0.025,-5.88393928173e-14,0
540.0,-0.035,0.02,1.83974538955e-14,0
540.0,-0.035,0.025,-2.25403205387e-14,0
540.0,-0.04,0.03,-8.65422966038e-14,0
540.0,-0.04,0.035,-1.0319344592e-13,0
540.0,-0.035,0.03,-4.93060897437e-14,0
540.0,-0.035,0.035,-6.74680687218e-14,0
540.0,-0.04,0.04,-1.0660441598e-13,0
540.0,-0.04,0.045,-9.91414987395e-14,0
540.0,-0.035,0.04,-7.63710635246e-14,0
540.0,-0.035,0.045,-7.6921801248e-14,0
540.0,-0.04,0.05,-7.88861196481e-14,0
540.0,-0.04,0.055,-4.55546514272e-14,0
540.0,-0.035,0.05,-6.78792726603e-14,0
540.0,-0.035,0.055,-4.98914716705e-14,0
540.0,-0.04,0.06,1.77310444019e-14,0
540.0,-0.04,0.065,1.05183519468e-13,0
540.0,-0.035,0.06,-1.36336238871e-14,0
540.0,-0.035,0.065,4.69946809675e-14,0
540.0,-0.04,0.07,2.01337442824e-13,0
540.0,-0.04,0.075,3.06403839342e-13,0
540.0,-0.035,0.07,1.25113398907e-13,0
540.0,-0.035,0.075,2.13731140078e-13,0
540.0,-0.03,-0.075,-4.38458404959e-13,0
540.0,-0.03,-0.07,-3.29840249731e-13,0
540.0,-0.025,-0.075,-4.52601728407e-13,0
540.0,-0.025,-0.07,-3.33035255943e-13,0
540.0,-0.03,-0.065,-2.27741152107e-13,0
540.0,-0.025,-0.065,-2.18081668739e-13,0
540.0,-0.03,-0.06,-1.34772575804e-13,0
540.0,-0.025,-0.06,-1.12095813618e-13,0
540.0,-0.03,-0.055,-5.39214250571e-14,0
540.0,-0.025,-0.055,-1.8241627995e-14,0
540.0,-0.03,-0.05,1.35477599266e-14,0
540.0,-0.025,-0.05,6.09621814724e-14,0
540.0,-0.03,-0.045,6.84019887047e-14,0
540.0,-0.025,-0.045,1.24267603034e-13,0
540.0,-0.03,-0.04,1.11619004724e-13,0
540.0,-0.03,-0.035,1.44240869985e-13,0
540.0,-0.025,-0.04,1.71965068733e-13,0
540.0,-0.025,-0.035,2.05460667476e-13,0
540.0,-0.03,-0.03,1.67419016485e-13,0
540.0,-0.03,-0.025,1.82039255088e-13,0
540.0,-0.025,-0.03,2.2431901932e-13,0
540.0,-0.025,-0.025,2.27529384729e-13,0
540.0,-0.03,-0.02,1.89627249536e-13,0
540.0,-0.025,-0.02,2.19188385067e-13,0
540.0,-0.03,-0.015,1.94585384361e-13,0
540.0,-0.025,-0.015,2.06926846459e-13,0
540.0,-0.03,-0.01,1.96516254906e-13,0
540.0,-0.025,-0.01,1.90534939572e-13,0
540.0,-0.03,-0.005,1.95242821941e-13,0
540.0,-0.025,-0.005,1.71611454374e-13,0
540.0,-0.03,0,1.85163738802e-13,0
540.0,-0.03,0.005,1.59473914893e-13,0
540.0,-0.025,4.16333634234e-19,1.50120979256e-13,0
540.0,-0.025,0.005,1.29222421457e-13,0
540.0,-0.03,0.01,1.1968991609e-13,0
540.0,-0.03,0.015,7.75394606278e-14,0
540.0,-0.025,0.01,1.07571119875e-13,0
540.0,-0.025,0.015,8.52142371291e-14,0
540.0,-0.03,0.02,4.10755670374e-14,0
540.0,-0.03,0.025,1.00047577644e-14,0
540.0,-0.025,0.02,6.14689790135e-14,0
540.0,-0.025,0.025,3.9346161643e-14,0
540.0,-0.03,0.03,-1.41331132569e-14,0
540.0,-0.03,0.035,-3.30306386431e-14,0
540.0,-0.025,0.03,1.92997965579e-14,0
540.0,-0.025,0.035,8.35707952761e-16,0
540.0,-0.03,0.04,-4.65060930048e-14,0
540.0,-0.03,0.045,-5.49045482152e-14,0
540.0,-0.025,0.04,-1.62038789556e-14,0
540.0,-0.025,0.045,-3.19603886112e-14,0
540.0,-0.03,0.05,-5.73369642495e-14,0
540.0,-0.03,0.055,-5.4444904412e-14,0
540.0,-0.025,0.05,-4.62363679155e-14,0
540.0,-0.025,0.055,-5.90818941649e-14,0
540.0,-0.03,0.06,-4.50802662941e-14,0
540.0,-0.03,0.065,-2.22597135727e-14,0
540.0,-0.025,0.06,-7.53555154551e-14,0
540.0,-0.025,0.065,-8.99558006825e-14,0
540.0,-0.03,0.07,1.51692052582e-14,0
540.0,-0.03,0.075,5.60215563801e-14,0
540.0,-0.025,0.07,-9.76356264516e-14,0
540.0,-0.025,0.075,-1.11136785092e-13,0
540.0,-0.02,-0.075,-4.54078376257e-13,0
540.0,-0.02,-0.07,-3.24973465707e-13,0
540.0,-0.015,-0.075,-4.46037044242e-13,0
540.0,-0.015,-0.07,-3.08352177399e-13,0
540.0,-0.02,-0.065,-1.98603476409e-13,0
540.0,-0.015,-0.065,-1.70629244553e-13,0
540.0,-0.02,-0.06,-7.73496924641e-14,0
540.0,-0.015,-0.06,-3.16193600111e-14,0
540.0,-0.02,-0.055,2.99471562685e-14,0
540.0,-0.015,-0.055,9.11928512516e-14,0
540.0,-0.02,-0.05,1.17758119335e-13,0
540.0,-0.015,-0.05,1.83817810524e-13,0
540.0,-0.02,-0.045,1.85997772483e-13,0
540.0,-0.015,-0.045,2.53848769936e-13,0
540.0,-0.02,-0.04,2.34423327065e-13,0
540.0,-0.015,-0.04,3.00700251126e-13,0
540.0,-0.02,-0.035,2.65937537416e-13,0
540.0,-0.015,-0.035,3.26267763973e-13,0
540.0,-0.02,-0.03,2.76848952941e-13,0
540.0,-0.02,-0.025,2.6452189672e-13,0
540.0,-0.015,-0.03,3.24649879805e-13,0
540.0,-0.015,-0.025,2.93308788686e-13,0
540.0,-0.02,-0.02,2.3786418907e-13,0
540.0,-0.02,-0.015,2.0715303924e-13,0
540.0,-0.015,-0.02,2.46857247267e-13,0
540.0,-0.015,-0.015,1.97788588847e-13,0
540.0,-0.02,-0.01,1.7396922025e-13,0
540.0,-0.015,-0.01,1.4952389634e-13,0
540.0,-0.02,-0.005,1.4343979741e-13,0
540.0,-0.015,-0.005,1.10401773865e-13,0
540.0,-0.02,0,1.19778411656e-13,0
540.0,-0.015,4.16333634234e-19,8.6274525465e-14,0
540.0,-0.02,0.005,1.03596735021e-13,0
540.0,-0.015,0.005,7.57562852819e-14,0
540.0,-0.02,0.01,9.39227714849e-14,0
540.0,-0.02,0.015,8.7110835832e-14,0
540.0,-0.015,0.01,7.79607416446e-14,0
540.0,-0.015,0.015,8.69970770681e-14,0
540.0,-0.02,0.02,7.83949978613e-14,0
540.0,-0.02,0.025,6.65038255674e-14,0
540.0,-0.015,0.02,9.35082551483e-14,0
540.0,-0.015,0.025,9.25393966154e-14,0
540.0,-0.02,0.03,5.18166393294e-14,0
540.0,-0.02,0.035,3.49931586251e-14,0
540.0,-0.015,0.03,8.41707605775e-14,0
540.0,-0.015,0.035,7.05083814655e-14,0
540.0,-0.02,0.04,1.55000231852e-14,0
540.0,-0.02,0.045,-6.45565207554e-15,0
540.0,-0.015,0.04,4.91251131486e-14,0
540.0,-0.015,0.045,2.22036951052e-14,0
540.0,-0.02,0.05,-3.33696156875e-14,0
540.0,-0.02,0.055,-6.56071598977e-14,0
540.0,-0.015,0.05,-1.65551087626e-14,0
540.0,-0.015,0.055,-6.68491264047e-14,0
540.0,-0.02,0.06,-1.02267026059e-13,0
540.0,-0.02,0.065,-1.40883316015e-13,0
540.0,-0.015,0.06,-1.22278962686e-13,0
540.0,-0.015,0.065,-1.81254987018e-13,0
540.0,-0.02,0.07,-1.80454409267e-13,0
540.0,-0.02,0.075,-2.22973276395e-13,0
540.0,-0.015,0.07,-2.4531938662e-13,0
540.0,-0.015,0.075,-3.10308017466e-13,0
540.0,-0.01,-0.075,-4.31128857723e-13,0
540.0,-0.01,-0.07,-2.83743322578e-13,0
540.0,-0.005,-0.075,-4.04566856253e-13,0
540.0,-0.005,-0.07,-2.50839713789e-13,0
540.0,-0.01,-0.065,-1.36291145361e-13,0
540.0,-0.005,-0.065,-9.37820884994e-14,0
540.0,-0.01,-0.06,2.73725020184e-14,0
540.0,-0.005,-0.06,8.87394436618e-14,0
540.0,-0.01,-0.055,1.67095151417e-13,0
540.0,-0.005,-0.055,2.43410103429e-13,0
540.0,-0.01,-0.05,2.58254812995e-13,0
540.0,-0.005,-0.05,3.3792901202e-13,0
540.0,-0.01,-0.045,3.2803733275e-13,0
540.0,-0.005,-0.045,4.07531508292e-13,0
540.0,-0.01,-0.04,3.71330593555e-13,0
540.0,-0.005,-0.04,4.46125612114e-13,0
540.0,-0.01,-0.035,3.86872838021e-13,0
540.0,-0.005,-0.035,4.49499497041e-13,0
540.0,-0.01,-0.03,3.67256699712e-13,0
540.0,-0.005,-0.03,4.07133967142e-13,0
540.0,-0.01,-0.025,3.13626266858e-13,0
540.0,-0.005,-0.025,3.26960850089e-13,0
540.0,-0.01,-0.02,2.47850158273e-13,0
540.0,-0.01,-0.015,1.8182466335e-13,0
540.0,-0.005,-0.02,2.44262514551e-13,0
540.0,-0.005,-0.015,1.64328432076e-13,0
540.0,-0.0117873230072,-0.0115873794689,1.48407091792e-13,0
540.0,-0.00939961996336,-0.005,7.00337910666e-14,0
540.0,-0.00792797428371,-0.00964253216809,1.04326479147e-13,0
540.0,-0.005,-0.00939961996336,8.50011966121e-14,0
540.0,-0.0108753492546,-0.00150606400588,6.24085825631e-14,0
540.0,-0.00818101620308,-0.00211452602544,4.45145264932e-14,0
540.0,-0.00651817360753,-0.000255934956239,2.68036784439e-14,0
540.0,-0.005,6.71033969428e-08,1.21991176059e-14,0
540.0,-0.0107292118043,0.00160660295843,5.38585074192e-14,0
540.0,-0.0080188992252,0.000768320427092,3.66686916447e-14,0
540.0,-0.00939946851065,0.005,4.52887379995e-14,0
540.0,-0.00802129342231,0.00264911934363,3.67499784735e-14,0
540.0,-0.00887989370213,0.00887989479405,5.48562877514e-14,0
540.0,-0.01,0.015,8.60225006303e-14,0
540.0,-0.005,0.00939947397025,5.21583412047e-14,0
540.0,-0.005,0.015,8.79790654391e-14,0
540.0,-0.01,0.02,1.07145212125e-13,0
540.0,-0.01,0.025,1.16977758605e-13,0
540.0,-0.005,0.02,1.1574085399e-13,0
540.0,-0.005,0.025,1.33295571565e-13,0
540.0,-0.01,0.03,1.1525006871e-13,0
540.0,-0.01,0.035,1.08800739671e-13,0
540.0,-0.005,0.03,1.39724810403e-13,0
540.0,-0.005,0.035,1.40486100181e-13,0
540.0,-0.01,0.04,9.08591260107e-14,0
540.0,-0.01,0.045,5.88185764032e-14,0
540.0,-0.005,0.04,1.28596301175e-13,0
540.0,-0.005,0.045,9.45458291151e-14,0
540.0,-0.01,0.05,1.15283112906e-14,0
540.0,-0.01,0.055,-4.95034058794e-14,0
540.0,-0.005,0.05,4.44165498528e-14,0
540.0,-0.005,0.055,-1.71836095855e-14,0
540.0,-0.01,0.06,-1.20706782353e-13,0
540.0,-0.01,0.065,-1.98613546683e-13,0
540.0,-0.005,0.06,-9.27600667365e-14,0
540.0,-0.005,0.065,-1.78587183104e-13,0
540.0,-0.01,0.07,-2.81568267791e-13,0
540.0,-0.01,0.075,-3.69944951956e-13,0
540.0,-0.005,0.07,-2.71328808677e-13,0
540.0,-0.005,0.075,-3.70705382697e-13,0
540.0,0,-0.075,-3.83359811664e-13,0
540.0,0,-0.07,-2.18428080703e-13,0
540.0,0.005,-0.075,-3.75055650673e-13,0
540.0,0.005,-0.07,-2.07206418387e-13,0
540.0,0,-0.065,-4.57034403698e-14,0
540.0,0.005,-0.065,-3.64196116186e-14,0
540.0,0,-0.06,1.2871310512e-13,0
540.0,0.005,-0.06,1.18105265096e-13,0
540.0,0,-0.055,2.84255228071e-13,0
540.0,0.005,-0.055,2.6432621244e-13,0
540.0,0,-0.05,3.97966117038e-13,0
540.0,0.005,-0.05,3.88060125369e-13,0
540.0,0,-0.045,4.74175405525e-13,0
540.0,0.005,-0.045,4.70075446915e-13,0
540.0,0,-0.04,5.08172573174e-13,0
540.0,0.005,-0.04,5.04517050735e-13,0
540.0,0,-0.035,4.95738082075e-13,0
540.0,0.005,-0.035,4.83364788085e-13,0
540.0,0,-0.03,4.31134033374e-13,0
540.0,0.005,-0.03,4.19197520733e-13,0
540.0,0,-0.025,3.31862154255e-13,0
540.0,0.005,-0.025,3.29505144435e-13,0
540.0,0,-0.02,2.37331836778e-13,0
540.0,0.005,-0.02,2.28371196394e-13,0
540.0,0,-0.015,1.49042159447e-13,0
540.0,0.005,-0.015,1.37520920822e-13,0
540.0,-0.0021196717084,-0.00776771017156,5.16718438906e-14,0
540.0,-0.00084550708518,-0.00631514607954,3.06878551326e-14,0
540.0,6.71033969406e-08,-0.005,1.3399786156e-14,0
540.0,-0.00139054260708,-0.0110960807567,9.37484897406e-14,0
540.0,0.00132468676756,-0.00775008274642,4.562962549e-14,0
540.0,0.00160394440688,-0.0116908851489,9.57518198581e-14,0
540.0,0.005,-0.00939946851065,6.43358585112e-14,0
540.0,0.005,0.005,3.04918465134e-14,0
540.0,-0.000107646311398,0.00617659695633,2.70138296177e-14,0
540.0,-0.00190846935279,0.0076427502668,3.97911072144e-14,0
540.0,0.00131146485568,0.00777290068297,4.14254769452e-14,0
540.0,0.00295884413402,0.00640276348073,3.3054607498e-14,0
540.0,-1.21517769428e-05,0.0108932602996,6.2910108179e-14,0
540.0,0,0.015,9.0248968861e-14,0
540.0,0.005,0.00939942566771,5.64557797074e-14,0
540.0,0.005,0.015,9.16522341964e-14,0
540.0,0,0.02,1.19404984766e-13,0
540.0,0,0.025,1.40930343103e-13,0
540.0,0.005,0.02,1.2028182825e-13,0
540.0,0.005,0.025,1.41452377502e-13,0
540.0,0,0.03,1.53186519528e-13,0
540.0,0,0.035,1.58841359838e-13,0
540.0,0.005,0.03,1.53793919146e-13,0
540.0,0.005,0.035,1.59772674869e-13,0
540.0,0,0.04,1.50366248872e-13,0
540.0,0,0.045,1.17101775716e-13,0
540.0,0.005,0.04,1.52249811539e-13,0
540.0,0.005,0.045,1.21927707671e-13,0
540.0,0,0.05,6.85714481582e-14,0
540.0,0,0.055,1.24050036174e-14,0
540.0,0.005,0.05,7.87089160279e-14,0
540.0,0.005,0.055,2.86967554538e-14,0
540.0,0,0.06,-5.52987596521e-14,0
540.0,0,0.065,-1.34821628071e-13,0
540.0,0.005,0.06,-2.82980004449e-14,0
540.0,0.005,0.065,-9.11346868048e-14,0
540.0,0,0.07,-2.27192270716e-13,0
540.0,0,0.075,-3.24865322938e-13,0
540.0,0.005,0.07,-1.72714233114e-13,0
540.0,0.005,0.075,-2.59636229642e-13,0
540.0,0.01,-0.075,-3.77658923546e-13,0
540.0,0.01,-0.07,-2.23914674622e-13,0
540.0,0.015,-0.075,-3.83920153528e-13,0
540.0,0.015,-0.07,-2.46887336718e-13,0
540.0,0.01,-0.065,-7.07831094335e-14,0
540.0,0.015,-0.065,-1.08318626503e-13,0
540.0,0.01,-0.06,7.41145081263e-14,0
540.0,0.015,-0.06,2.87262425425e-14,0
540.0,0.01,-0.055,2.12329033136e-13,0
540.0,0.015,-0.055,1.5519005463e-13,0
540.0,0.01,-0.05,3.30592656134e-13,0
540.0,0.015,-0.05,2.60309343218e-13,0
540.0,0.01,-0.045,4.14786109295e-13,0
540.0,0.015,-0.045,3.46731487841e-13,0
540.0,0.01,-0.04,4.53099777856e-13,0
540.0,0.015,-0.04,3.9519515654e-13,0
540.0,0.01,-0.035,4.35402489217e-13,0
540.0,0.015,-0.035,3.7938734776e-13,0
540.0,0.01,-0.03,3.78588573481e-13,0
540.0,0.015,-0.03,3.26088353178e-13,0
540.0,0.01,-0.025,3.07053192954e-13,0
540.0,0.015,-0.025,2.63368408943e-13,0
540.0,0.01,-0.02,2.11058845261e-13,0
540.0,0.01,-0.015,1.21724379314e-13,0
540.0,0.015,-0.02,1.78773355872e-13,0
540.0,0.015,-0.015,1.00875188536e-13,0
540.0,0.00999280436795,-0.0116358337096,8.4836785674e-14,0
540.0,0.0105889214373,-0.00845762197625,5.73027763928e-14,0
540.0,0.015,-0.01,6.03616634928e-14,0
540.0,0.00939947397025,-0.005,3.86109046321e-14,0
540.0,0.015,-0.005,3.74455784297e-14,0
540.0,0.00658051136513,-0.00296146438142,2.67778406954e-14,0
540.0,0.00636794669772,-3.54305826484e-06,2.18330533341e-14,0
540.0,0.00795807888052,-0.00113999998936,2.78601996211e-14,0
540.0,0.00758147027913,0.00183630393596,2.83675319891e-14,0
540.0,0.0112534647756,-1.47536350887e-07,3.3477530112e-14,0
540.0,0.015,4.16333634234e-19,3.36692627689e-14,0
540.0,0.00939942566771,0.005,4.13864268129e-14,0
540.0,0.015,0.005,4.48360107148e-14,0
540.0,0.00999018807453,0.0109670628501,7.01398200486e-14,0
540.0,0.01,0.015,9.23188829384e-14,0
540.0,0.015,0.01,6.59448212223e-14,0
540.0,0.015,0.015,9.08124918705e-14,0
540.0,0.01,0.02,1.18129164136e-13,0
540.0,0.01,0.025,1.36436296075e-13,0
540.0,0.015,0.02,1.13862034218e-13,0
540.0,0.015,0.025,1.29655138549e-13,0
540.0,0.01,0.03,1.4649734584e-13,0
540.0,0.01,0.035,1.50477632582e-13,0
540.0,0.015,0.03,1.37382914574e-13,0
540.0,0.015,0.035,1.37140053928e-13,0
540.0,0.01,0.04,1.41705115447e-13,0
540.0,0.01,0.045,1.15497423957e-13,0
540.0,0.015,0.04,1.25807740091e-13,0
540.0,0.015,0.045,1.04535209759e-13,0
540.0,0.01,0.05,7.79509037872e-14,0
540.0,0.01,0.055,3.43169003101e-14,0
540.0,0.015,0.05,7.39482124831e-14,0
540.0,0.015,0.055,3.82095908914e-14,0
540.0,0.01,0.06,-1.53010638993e-14,0
540.0,0.01,0.065,-6.86312120945e-14,0
540.0,0.015,0.06,-3.66389192238e-15,0
540.0,0.015,0.065,-4.97460635059e-14,0
540.0,0.01,0.07,-1.27408223379e-13,0
540.0,0.01,0.075,-1.87824622264e-13,0
540.0,0.015,0.07,-9.15068139028e-14,0
540.0,0.015,0.075,-1.28402946961e-13,0
540.0,0.02,-0.075,-3.87670079437e-13,0
540.0,0.02,-0.07,-2.61811855313e-13,0
540.0,0.025,-0.075,-3.76435789396e-13,0
540.0,0.025,-0.07,-2.63744498633e-13,0
540.0,0.02,-0.065,-1.38283814031e-13,0
540.0,0.025,-0.065,-1.55451134881e-13,0
540.0,0.02,-0.06,-1.78135123291e-14,0
540.0,0.025,-0.06,-5.65344517087e-14,0
540.0,0.02,-0.055,9.21027591675e-14,0
540.0,0.025,-0.055,3.26935332891e-14,0
540.0,0.02,-0.05,1.85326992176e-13,0
540.0,0.025,-0.05,1.12478180758e-13,0
540.0,0.02,-0.045,2.67531393092e-13,0
540.0,0.025,-0.045,1.82248584048e-13,0
540.0,0.02,-0.04,3.19831012711e-13,0
540.0,0.025,-0.04,2.26911711894e-13,0
540.0,0.02,-0.035,3.0744894622e-13,0
540.0,0.025,-0.035,2.18643072404e-13,0
540.0,0.02,-0.03,2.57541838504e-13,0
540.0,0.025,-0.03,1.74014489422e-13,0
540.0,0.02,-0.025,2.02219773161e-13,0
540.0,0.025,-0.025,1.2313363217e-13,0
540.0,0.02,-0.02,1.31963112157e-13,0
540.0,0.025,-0.02,6.7667989907e-14,0
540.0,0.02,-0.015,6.90812347006e-14,0
540.0,0.025,-0.015,2.39697620279e-14,0
540.0,0.02,-0.01,3.6926910973e-14,0
540.0,0.025,-0.01,-1.10491066323e-15,0
540.0,0.02,-0.005,1.90771522057e-14,0
540.0,0.025,-0.005,-1.45712193009e-14,0
540.0,0.02,0,2.09237934771e-14,0
540.0,0.025,4.16333634234e-19,-5.61931536804e-15,0
540.0,0.02,0.005,3.78332987115e-14,0
540.0,0.025,0.005,2.19210748277e-14,0
540.0,0.02,0.01,6.04875974129e-14,0
540.0,0.025,0.01,4.86533391553e-14,0
540.0,0.02,0.015,8.44961098509e-14,0
540.0,0.025,0.015,7.30630665486e-14,0
540.0,0.02,0.02,1.05325292809e-13,0
540.0,0.02,0.025,1.18401157943e-13,0
540.0,0.025,0.02,9.16448001084e-14,0
540.0,0.025,0.025,9.95698718262e-14,0
540.0,0.02,0.03,1.22718900774e-13,0
540.0,0.02,0.035,1.17783689e-13,0
540.0,0.025,0.03,9.92924464128e-14,0
540.0,0.025,0.035,9.27995936411e-14,0
540.0,0.02,0.04,1.05089720384e-13,0
540.0,0.02,0.045,8.7631444877e-14,0
540.0,0.025,0.04,8.11970315989e-14,0
540.0,0.025,0.045,6.69996260243e-14,0
540.0,0.02,0.05,6.3945392516e-14,0
540.0,0.02,0.055,3.60322798795e-14,0
540.0,0.025,0.05,4.84476893088e-14,0
540.0,0.025,0.055,2.59506166553e-14,0
540.0,0.02,0.06,3.3211314195e-15,0
540.0,0.02,0.065,-3.12881670848e-14,0
540.0,0.025,0.06,3.15550033246e-15,0
540.0,0.025,0.065,-1.8960167286e-14,0
540.0,0.02,0.07,-6.24328141502e-14,0
540.0,0.02,0.075,-8.98201556002e-14,0
540.0,0.025,0.07,-4.06904638738e-14,0
540.0,0.025,0.075,-5.92666769037e-14,0
540.0,0.03,-0.075,-3.5758004795e-13,0
540.0,0.03,-0.07,-2.5429190475e-13,0
540.0,0.035,-0.075,-3.28639860214e-13,0
540.0,0.035,-0.07,-2.3269102674e-13,0
540.0,0.03,-0.065,-1.59412889311e-13,0
540.0,0.035,-0.065,-1.48997703999e-13,0
540.0,0.03,-0.06,-7.74080642372e-14,0
540.0,0.035,-0.06,-8.35383817671e-14,0
540.0,0.03,-0.055,-8.22451109883e-15,0
540.0,0.035,-0.055,-3.16247641703e-14,0
540.0,0.03,-0.05,4.86696048946e-14,0
540.0,0.035,-0.05,4.40503874628e-15,0
540.0,0.03,-0.045,9.5490685167e-14,0
540.0,0.035,-0.045,2.95160046562e-14,0
540.0,0.03,-0.04,1.26260607797e-13,0
540.0,0.035,-0.04,3.97215323998e-14,0
540.0,0.03,-0.035,1.20134546344e-13,0
540.0,0.035,-0.035,2.60020766086e-14,0
540.0,0.03,-0.03,8.04522183032e-14,0
540.0,0.035,-0.03,-1.35006587967e-14,0
540.0,0.03,-0.025,3.11151638183e-14,0
540.0,0.035,-0.025,-6.52883652799e-14,0
540.0,0.03,-0.02,-1.97611709822e-14,0
540.0,0.035,-0.02,-1.17006674561e-13,0
540.0,0.03,-0.015,-5.87689609134e-14,0
540.0,0.035,-0.015,-1.6106099005e-13,0
540.0,0.03,-0.01,-7.98700096877e-14,0
540.0,0.035,-0.01,-1.83066639044e-13,0
540.0,0.03,-0.005,-8.14955380158e-14,0
540.0,0.035,-0.005,-1.72952146598e-13,0
540.0,0.03,0,-5.96955752674e-14,0
540.0,0.035,4.16333634234e-19,-1.35095789575e-13,0
540.0,0.03,0.005,-1.96159687174e-14,0
540.0,0.035,0.005,-7.91206780862e-14,0
540.0,0.03,0.01,1.96144432383e-14,0
540.0,0.035,0.01,-2.32249036606e-14,0
540.0,0.03,0.015,4.79524701751e-14,0
540.0,0.035,0.015,1.23784608309e-14,0
540.0,0.03,0.02,6.49949699753e-14,0
540.0,0.035,0.02,2.81679828905e-14,0
540.0,0.03,0.025,7.11260862289e-14,0
540.0,0.035,0.025,3.58146546733e-14,0
540.0,0.03,0.03,6.91599985896e-14,0
540.0,0.03,0.035,6.31754789934e-14,0
540.0,0.035,0.03,3.49805340218e-14,0
540.0,0.035,0.035,3.03723651847e-14,0
540.0,0.03,0.04,5.35379429404e-14,0
540.0,0.03,0.045,4.22621143623e-14,0
540.0,0.035,0.04,2.2805316749e-14,0
540.0,0.035,0.045,1.38645959679e-14,0
540.0,0.03,0.05,2.86822243331e-14,0
540.0,0.03,0.055,1.35284244567e-14,0
540.0,0.035,0.05,5.11232773232e-15,0
540.0,0.035,0.055,-2.01989815984e-15,0
540.0,0.03,0.06,-5.42955067888e-16,0
540.0,0.03,0.065,-1.36036845033e-14,0
540.0,0.035,0.06,-6.30152225037e-15,0
540.0,0.035,0.065,-9.53506315569e-15,0
540.0,0.03,0.07,-2.6162720478e-14,0
540.0,0.03,0.075,-3.79361788495e-14,0
540.0,0.035,0.07,-1.31609233912e-14,0
540.0,0.035,0.075,-1.78472627263e-14,0
540.0,0.04,-0.075,-2.59059546956e-13,0
540.0,0.04,-0.07,-1.86098527353e-13,0
540.0,0.045,-0.075,-1.62978768277e-13,0
540.0,0.045,-0.07,-1.21210912118e-13,0
540.0,0.04,-0.065,-1.22878558937e-13,0
540.0,0.045,-0.065,-8.35283599196e-14,0
540.0,0.04,-0.06,-7.63961957806e-14,0
540.0,0.045,-0.06,-5.62424297763e-14,0
540.0,0.04,-0.055,-4.11767320585e-14,0
540.0,0.045,-0.055,-3.73885762159e-14,0
540.0,0.04,-0.05,-1.882065285e-14,0
540.0,0.045,-0.05,-2.81199534704e-14,0
540.0,0.04,-0.045,-7.85942914846e-15,0
540.0,0.045,-0.045,-3.0021845457e-14,0
540.0,0.04,-0.04,-1.59932452691e-14,0
540.0,0.045,-0.04,-5.02415661733e-14,0
540.0,0.04,-0.035,-4.39652457342e-14,0
540.0,0.045,-0.035,-8.65853939411e-14,0
540.0,0.04,-0.03,-9.26618421495e-14,0
540.0,0.045,-0.03,-1.42430367487e-13,0
540.0,0.04,-0.025,-1.49897281159e-13,0
540.0,0.045,-0.025,-2.09084348503e-13,0
540.0,0.04,-0.02,-2.02932920251e-13,0
540.0,0.045,-0.02,-2.68629898721e-13,0
540.0,0.04,-0.015,-2.49288709721e-13,0
540.0,0.045,-0.015,-3.03040456465e-13,0
540.0,0.04,-0.01,-2.67036498235e-13,0
540.0,0.045,-0.01,-2.99653263536e-13,0
540.0,0.04,-0.005,-2.49658020874e-13,0
540.0,0.045,-0.005,-2.7894903061e-13,0
540.0,0.04,0,-2.00710883554e-13,0
540.0,0.045,4.16333634234e-19,-2.31912210717e-13,0
540.0,0.04,0.005,-1.30513685266e-13,0
540.0,0.045,0.005,-1.57031185085e-13,0
540.0,0.04,0.01,-5.99823220288e-14,0
540.0,0.045,0.01,-8.01256854353e-14,0
540.0,0.04,0.015,-1.68709847913e-14,0
540.0,0.045,0.015,-3.54508092449e-14,0
540.0,0.04,0.02,-4.17249368636e-15,0
540.0,0.045,0.02,-2.85728264403e-14,0
540.0,0.04,0.025,2.808486588e-16,0
540.0,0.045,0.025,-3.06652103554e-14,0
540.0,0.04,0.03,-1.80972823419e-15,0
540.0,0.045,0.03,-3.88404163628e-14,0
540.0,0.04,0.035,-7.1991435171e-15,0
540.0,0.045,0.035,-4.94910228597e-14,0
540.0,0.04,0.04,-1.40867598144e-14,0
540.0,0.04,0.045,-2.06772354548e-14,0
540.0,0.045,0.04,-5.77515324949e-14,0
540.0,0.045,0.045,-6.23362604581e-14,0
540.0,0.04,0.05,-2.43174364944e-14,0
540.0,0.04,0.055,-2.16966276806e-14,0
540.0,0.045,0.05,-5.88437339432e-14,0
540.0,0.045,0.055,-4.39136664233e-14,0
540.0,0.04,0.06,-1.3677500377e-14,0
540.0,0.04,0.065,-4.96749380103e-15,0
540.0,0.045,0.06,-2.15380362213e-14,0
540.0,0.045,0.065,1.26418950048e-15,0
540.0,0.04,0.07,1.32238356727e-15,0
540.0,0.04,0.075,4.7908884538e-15,0
540.0,0.045,0.07,1.87776117745e-14,0
540.0,0.045,0.075,3.06737152785e-14,0
540.0,0.05,-0.075,-7.53496769606e-14,0
540.0,0.05,-0.07,-5.3152725245e-14,0
540.0,0.055,-0.075,1.18698250934e-14,0
540.0,0.055,-0.07,1.82323654889e-14,0
540.0,0.05,-0.065,-3.52803468828e-14,0
540.0,0.055,-0.065,2.06756405485e-14,0
540.0,0.05,-0.06,-2.43521834383e-14,0
540.0,0.055,-0.06,1.75139879811e-14,0
540.0,0.05,-0.055,-1.99305649006e-14,0
540.0,0.055,-0.055,8.97473090891e-15,0
540.0,0.05,-0.05,-2.32284618316e-14,0
540.0,0.055,-0.05,-5.93885447452e-15,0
540.0,0.05,-0.045,-3.66291304008e-14,0
540.0,0.055,-0.045,-2.97641764837e-14,0
540.0,0.05,-0.04,-6.40827362391e-14,0
540.0,0.055,-0.04,-6.51836440466e-14,0
540.0,0.05,-0.035,-1.05222968145e-13,0
540.0,0.055,-0.035,-1.11151203896e-13,0
540.0,0.05,-0.03,-1.65072881802e-13,0
540.0,0.055,-0.03,-1.711022862e-13,0
540.0,0.05,-0.025,-2.36475749724e-13,0
540.0,0.055,-0.025,-2.38058495004e-13,0
540.0,0.05,-0.02,-2.96701128629e-13,0
540.0,0.055,-0.02,-2.8997443092e-13,0
540.0,0.05,-0.015,-3.09927270171e-13,0
540.0,0.055,-0.015,-2.96259882124e-13,0
540.0,0.05,-0.01,-2.90821732481e-13,0
540.0,0.055,-0.01,-2.69903140216e-13,0
540.0,0.05,-0.005,-2.65742767195e-13,0
540.0,0.055,-0.005,-2.29606957701e-13,0
540.0,0.05,0,-2.20679313051e-13,0
540.0,0.055,4.16333634234e-19,-1.63573485325e-13,0
540.0,0.05,0.005,-1.48810707825e-13,0
540.0,0.055,0.005,-9.04873315656e-14,0
540.0,0.05,0.01,-7.74059882434e-14,0
540.0,0.055,0.01,-3.80847567799e-14,0
540.0,0.05,0.015,-3.98507416564e-14,0
540.0,0.055,0.015,-2.74937604384e-14,0
540.0,0.05,0.02,-4.05809859276e-14,0
540.0,0.055,0.02,-4.00692677987e-14,0
540.0,0.05,0.025,-5.11212899203e-14,0
540.0,0.055,0.025,-6.14888760078e-14,0
540.0,0.05,0.03,-7.5363391747e-14,0
540.0,0.055,0.03,-1.06233915198e-13,0
540.0,0.05,0.035,-9.68536581281e-14,0
540.0,0.055,0.035,-1.45174604114e-13,0
540.0,0.05,0.04,-1.05722203414e-13,0
540.0,0.055,0.04,-1.57002809819e-13,0
540.0,0.05,0.045,-1.08300736151e-13,0
540.0,0.055,0.045,-1.57348567662e-13,0
540.0,0.05,0.05,-9.51901836602e-14,0
540.0,0.05,0.055,-6.4708918326e-14,0
540.0,0.055,0.05,-1.32123714739e-13,0
540.0,0.055,0.055,-8.41335615903e-14,0
540.0,0.05,0.06,-2.87228422457e-14,0
540.0,0.05,0.065,8.22665316424e-15,0
540.0,0.055,0.06,-3.45643312842e-14,0
540.0,0.055,0.065,1.96077002939e-14,0
540.0,0.05,0.07,4.96957201034e-14,0
540.0,0.05,0.075,9.35439451882e-14,0
540.0,0.055,0.07,1.06798713099e-13,0
540.0,0.055,0.075,2.0244822806e-13,0
540.0,0.06,-0.075,9.90145594938e-14,0
540.0,0.06,-0.07,9.19366843968e-14,0
540.0,0.065,-0.075,1.85842409406e-13,0
540.0,0.065,-0.07,1.67666303213e-13,0
540.0,0.06,-0.065,8.18167426764e-14,0
540.0,0.065,-0.065,1.46830064453e-13,0
540.0,0.06,-0.06,6.83314682459e-14,0
540.0,0.065,-0.06,1.25725957211e-13,0
540.0,0.06,-0.055,5.02112882328e-14,0
540.0,0.065,-0.055,1.00741861796e-13,0
540.0,0.06,-0.05,2.45113204611e-14,0
540.0,0.065,-0.05,6.55508407394e-14,0
540.0,0.06,-0.045,-9.76619146098e-15,0
540.0,0.065,-0.045,2.1748439476e-14,0
540.0,0.06,-0.04,-5.28437075424e-14,0
540.0,0.065,-0.04,-2.8311029858e-14,0
540.0,0.06,-0.035,-1.02846947254e-13,0
540.0,0.065,-0.035,-7.84991430181e-14,0
540.0,0.06,-0.03,-1.58405921157e-13,0
540.0,0.065,-0.03,-1.24338030655e-13,0
540.0,0.06,-0.025,-2.14345825576e-13,0
540.0,0.065,-0.025,-1.66059780438e-13,0
540.0,0.06,-0.02,-2.52368432205e-13,0
540.0,0.065,-0.02,-1.83352254241e-13,0
540.0,0.06,-0.015,-2.47370054075e-13,0
540.0,0.065,-0.015,-1.46089285183e-13,0
540.0,0.06,-0.01,-2.00280703537e-13,0
540.0,0.065,-0.01,-6.87830026256e-14,0
540.0,0.06,-0.005,-1.32168191427e-13,0
540.0,0.065,-0.005,1.32744861102e-14,0
540.0,0.06,0,-5.20113437158e-14,0
540.0,0.065,4.16333634234e-19,9.39698147285e-14,0
540.0,0.06,0.005,2.0731737764e-14,0
540.0,0.065,0.005,1.66689854389e-13,0
540.0,0.06,0.01,6.0337315025e-14,0
540.0,0.065,0.01,2.01976920192e-13,0
540.0,0.06,0.015,5.01123679925e-14,0
540.0,0.065,0.015,1.76489895762e-13,0
540.0,0.06,0.02,8.82738384872e-15,0
540.0,0.065,0.02,1.05470102847e-13,0
540.0,0.06,0.025,-4.59880967607e-14,0
540.0,0.065,0.025,1.78842267788e-14,0
540.0,0.06,0.03,-1.1487926818e-13,0
540.0,0.065,0.03,-7.942942933e-14,0
540.0,0.06,0.035,-1.79818908623e-13,0
540.0,0.065,0.035,-1.77945061689e-13,0
540.0,0.06,0.04,-2.11633169542e-13,0
540.0,0.065,0.04,-2.41318967613e-13,0
540.0,0.06,0.045,-2.0683956845e-13,0
540.0,0.065,0.045,-2.38308980676e-13,0
540.0,0.06,0.05,-1.67128822822e-13,0
540.0,0.065,0.05,-1.86751836171e-13,0
540.0,0.06,0.055,-1.08607950095e-13,0
540.0,0.065,0.055,-1.24711888687e-13,0
540.0,0.06,0.06,-3.47950046849e-14,0
540.0,0.06,0.065,6.61195786285e-14,0
540.0,0.065,0.06,-2.48329024118e-14,0
540.0,0.065,0.065,1.27072011069e-13,0
540.0,0.06,0.07,2.01295637945e-13,0
540.0,0.06,0.075,3.46210892132e-13,0
540.0,0.065,0.07,3.09416188575e-13,0
540.0,0.065,0.075,5.01314985566e-13,0
540.0,0.07,-0.075,2.73264793336e-13,0
540.0,0.07,-0.07,2.45387445999e-13,0
540.0,0.075,-0.075,3.56492162347e-13,0
540.0,0.075,-0.07,3.22342146308e-13,0
540.0,0.07,-0.065,2.16228382308e-13,0
540.0,0.075,-0.065,2.86053422186e-13,0
540.0,0.07,-0.06,1.88768653472e-13,0
540.0,0.075,-0.06,2.54809143675e-13,0
540.0,0.07,-0.055,1.59726708009e-13,0
540.0,0.075,-0.055,2.23968090863e-13,0
540.0,0.07,-0.05,1.18650807333e-13,0
540.0,0.075,-0.05,1.79228563763e-13,0
540.0,0.07,-0.045,6.510133389e-14,0
540.0,0.075,-0.045,1.17021953821e-13,0
540.0,0.07,-0.04,7.75608919324e-15,0
540.0,0.075,-0.04,5.13931454176e-14,0
540.0,0.07,-0.035,-4.10231090838e-14,0
540.0,0.075,-0.035,1.79455322944e-15,0
540.0,0.07,-0.03,-7.8213558805e-14,0
540.0,0.075,-0.03,-3.1264769342e-14,0
540.0,0.07,-0.025,-1.09131599328e-13,0
540.0,0.075,-0.025,-5.49998309407e-14,0
540.0,0.07,-0.02,-9.09332566862e-14,0
540.0,0.075,-0.02,2.61043395114e-15,0
540.0,0.07,-0.015,-1.23884772606e-14,0
540.0,0.075,-0.015,1.2628864435e-13,0
540.0,0.07,-0.01,7.86186830821e-14,0
540.0,0.075,-0.01,2.27359375432e-13,0
540.0,0.07,-0.005,1.6763749944e-13,0
540.0,0.075,-0.005,3.2336140822e-13,0
540.0,0.07,0,2.51096079712e-13,0
540.0,0.075,0,4.11344065895e-13,0
540.0,0.07,0.005,3.25135504219e-13,0
540.0,0.075,0.005,4.87876179119e-13,0
540.0,0.07,0.01,3.53224565443e-13,0
540.0,0.075,0.01,5.0988762409e-13,0
540.0,0.07,0.015,3.05911477858e-13,0
540.0,0.075,0.015,4.38417756339e-13,0
540.0,0.07,0.02,2.14324470678e-13,0
540.0,0.075,0.02,3.28409816132e-13,0
540.0,0.07,0.025,1.06580822905e-13,0
540.0,0.075,0.025,2.01363354024e-13,0
540.0,0.07,0.03,-1.33056826949e-14,0
540.0,0.075,0.03,5.94449879944e-14,0
540.0,0.07,0.035,-1.37987874623e-13,0
540.0,0.075,0.035,-8.79276812683e-14,0
540.0,0.07,0.04,-2.38562528643e-13,0
540.0,0.075,0.04,-2.31266261211e-13,0
540.0,0.07,0.045,-2.52496052976e-13,0
540.0,0.075,0.045,-2.6826222358e-13,0
540.0,0.07,0.05,-1.9978295411e-13,0
540.0,0.075,0.05,-2.15840514656e-13,0
540.0,0.07,0.055,-1.36924508631e-13,0
540.0,0.075,0.055,-1.52369471956e-13,0
540.0,0.07,0.06,-1.37525444259e-14,0
540.0,0.075,0.06,-1.14959314301e-14,0
540.0,0.07,0.065,1.81780351152e-13,0
540.0,0.075,0.065,2.24103483811e-13,0
540.0,0.07,0.07,4.07501395058e-13,0
540.0,0.07,0.075,6.37823806846e-13,0
540.0,0.075,0.07,4.90184765449e-13,0
540.0,0.075,0.075,7.47308254698e-13,0
640.0,-0.00382671281566,-0.00202612167119,0,0
640.0,-0.005,-0.005,2.74632256053e-14,0
640.0,-0.00197892066871,-0.00385133392306,0,0
640.0,-0.005,-0.00190753787223,1.5591835138e-14,0
640.0,-0.00433,0,0,0
640.0,-0.00190753787223,-0.005,1.59580013623e-14,0
640.0,0,-0.00433,0,0
640.0,-0.005,0.00190775150599,1.55067844089e-14,0
640.0,-0.00385133392306,0.00197892066871,0,0
640.0,0.00190775150599,-0.005,1.59828741215e-14,0
640.0,0.00202612167119,-0.00382671281566,0,0
640.0,-0.00202612167119,0.00382671281566,0,0
640.0,-0.005,0.005,2.68914427799e-14,0
640.0,-0.0019094272225,0.005,1.57049262608e-14,0
640.0,0,0.00433,0,0
640.0,0.00147766755988,0.00407006125046,0,0
640.0,8.32667268469e-19,0.005,1.12404023731e-14,0
640.0,0.00433,0,0,0
640.0,0.005,1.38777878078e-18,1.20808095386e-14,0
640.0,0.00407006125046,0.00147766755988,0,0
640.0,0.005,-0.005,2.94180442651e-14,0
640.0,0.00385133392306,-0.00197892066871,0,0
640.0,0.005,-0.0019094272225,1.64023010719e-14,0
640.0,0.00306177236254,0.00306177236254,0,0
640.0,0.0019094272225,0.005,1.57058914466e-14,0
640.0,0.005,0.0019094272225,1.63759852382e-14,0
640.0,-0.000885,-0.0015328649647,1.27161923749e-12,0
640.0,-0.0015328649647,-0.000885,1.27174164385e-12,0
640.0,-0.00186450691264,-0.00187567167242,8.43090608859e-13,0
640.0,-0.00177,0,1.27143329961e-12,0
640.0,-0.00268433516245,-0.000738983120158,7.59165548894e-13,0
640.0,0,-0.00177,1.27158078708e-12,0
640.0,-0.000718432264205,-0.00269192408424,7.57459226141e-13,0
640.0,-0.0015328649647,0.000885,1.26992862061e-12,0
640.0,-0.00265321485144,0.000647311733689,7.89950882187e-13,0
640.0,-0.000885,0.0015328649647,1.26830078309e-12,0
640.0,-0.00194719253591,0.00178443766524,8.44016853803e-13,0
640.0,0,0.00177,1.26419405337e-12,0
640.0,-0.000802720381054,0.00273415977115,7.17555568781e-13,0
640.0,0.000885,-0.0015328649647,1.27026942416e-12,0
640.0,0.00075154031863,-0.00270385456952,7.45348243027e-13,0
640.0,0.00177,0,1.26253367611e-12,0
640.0,0.0015328649647,-0.000885,1.26811665111e-12,0
640.0,0.00271471102228,-0.000564731152102,7.60973024387e-13,0
640.0,0.00192394637685,-0.00189207206672,8.10158701408e-13,0
640.0,0.00231817117671,0.00040530921667,9.87986894681e-13,0
640.0,0.0015328649647,0.000885,1.2607996888e-12,0
640.0,0.000885,0.0015328649647,1.26150481133e-12,0
640.0,0.000427053001345,0.00287092483521,6.82242154941e-13,0
640.0,0.00187618296239,0.00184774001435,8.33404506027e-13,0
640.0,0.00312733402203,0.000607809752493,5.19238945323e-13,0
640.0,0.00276214303706,0.00136595635004,5.76903749658e-13,0
640.0,0.0014100336009,0.00268674970267,6.04818218761e-13,0
640.0,-0.075,-0.075,-1.82278897833e-13,0
640.0,-0.07,-0.075,-1.72126557328e-13,0
640.0,-0.075,-0.07,-1.09225176269e-13,0
640.0,-0.07,-0.07,-1.01943649072e-13,0
640.0,-0.075,-0.065,-3.43692463671e-14,0
640.0,-0.07,-0.065,-3.17234051516e-14,0
640.0,-0.065,-0.075,-1.60530257574e-13,0
640.0,-0.065,-0.07,-9.43705114161e-14,0
640.0,-0.065,-0.065,-2.89718340656e-14,0
640.0,-0.075,-0.06,3.8082597495e-14,0
640.0,-0.07,-0.06,3.08576024479e-14,0
640.0,-0.065,-0.06,2.69645457738e-14,0
640.0,-0.075,-0.055,7.92699599532e-14,0
640.0,-0.07,-0.055,6.56428354641e-14,0
640.0,-0.065,-0.055,5.70613326559e-14,0
640.0,-0.075,-0.05,8.87475178697e-14,0
640.0,-0.07,-0.05,7.52460221266e-14,0
640.0,-0.065,-0.05,6.60545274698e-14,0
640.0,-0.075,-0.045,8.26650360914e-14,0
640.0,-0.07,-0.045,7.17368854206e-14,0
640.0,-0.065,-0.045,6.51356158142e-14,0
640.0,-0.075,-0.04,6.21780621986e-14,0
640.0,-0.07,-0.04,5.39171453897e-14,0
640.0,-0.075,-0.035,3.01922943414e-14,0
640.0,-0.07,-0.035,2.35207455772e-14,0
640.0,-0.065,-0.04,5.04376076896e-14,0
640.0,-0.065,-0.035,2.14456681141e-14,0
640.0,-0.075,-0.03,-3.54224697352e-14,0
640.0,-0.07,-0.03,-3.33968595033e-14,0
640.0,-0.075,-0.025,-1.23456273708e-13,0
640.0,-0.07,-0.025,-1.08197736442e-13,0
640.0,-0.065,-0.03,-2.72019866889e-14,0
640.0,-0.065,-0.025,-9.04516440468e-14,0
640.0,-0.075,-0.02,-1.8971839613e-13,0
640.0,-0.07,-0.02,-1.72211099765e-13,0
640.0,-0.075,-0.015,-1.97228390544e-13,0
640.0,-0.07,-0.015,-1.9921063133e-13,0
640.0,-0.065,-0.02,-1.52252142098e-13,0
640.0,-0.065,-0.015,-1.99393075831e-13,0
640.0,-0.075,-0.01,-1.23213461823e-13,0
640.0,-0.07,-0.01,-1.65249834995e-13,0
640.0,-0.075,-0.005,2.48804060701e-14,0
640.0,-0.07,-0.005,-6.8626919669e-14,0
640.0,-0.065,-0.01,-2.06370928672e-13,0
640.0,-0.065,-0.005,-1.59251124466e-13,0
640.0,-0.075,0,1.96641451424e-13,0
640.0,-0.07,0,6.17343736379e-14,0
640.0,-0.075,0.005,3.57405349638e-13,0
640.0,-0.07,0.005,1.9169451783e-13,0
640.0,-0.065,4.16333634234e-19,-7.09970704864e-14,0
640.0,-0.065,0.005,3.01507288376e-14,0
640.0,-0.075,0.01,4.65577081821e-13,0
640.0,-0.07,0.01,2.87388830067e-13,0
640.0,-0.075,0.015,4.8039009666e-13,0
640.0,-0.07,0.015,3.118989601e-13,0
640.0,-0.065,0.01,1.14865685694e-13,0
640.0,-0.065,0.015,1.48582440773e-13,0
640.0,-0.075,0.02,4.37285660696e-13,0
640.0,-0.07,0.02,2.79055484109e-13,0
640.0,-0.075,0.025,3.69423026392e-13,0
640.0,-0.07,0.025,2.24252243884e-13,0
640.0,-0.065,0.02,1.28858126348e-13,0
640.0,-0.065,0.025,8.92079759914e-14,0
640.0,-0.075,0.03,2.65308681825e-13,0
640.0,-0.07,0.03,1.42836309558e-13,0
640.0,-0.075,0.035,1.35785231088e-13,0
640.0,-0.07,0.035,4.2200543145e-14,0
640.0,-0.065,0.03,3.47742072857e-14,0
640.0,-0.065,0.035,-2.59565978428e-14,0
640.0,-0.075,0.04,-3.42884805377e-14,0
640.0,-0.07,0.04,-5.70481818013e-14,0
640.0,-0.075,0.045,-1.62011420123e-13,0
640.0,-0.07,0.045,-1.22985935781e-13,0
640.0,-0.065,0.04,-6.49263102077e-14,0
640.0,-0.065,0.045,-8.81230324802e-14,0
640.0,-0.075,0.05,-2.11400283293e-13,0
640.0,-0.07,0.05,-1.51412432925e-13,0
640.0,-0.075,0.055,-2.36814522856e-13,0
640.0,-0.07,0.055,-1.64652851914e-13,0
640.0,-0.065,0.05,-9.61571923466e-14,0
640.0,-0.065,0.055,-9.78430077462e-14,0
640.0,-0.075,0.06,-2.46056806742e-13,0
640.0,-0.07,0.06,-1.67421174925e-13,0
640.0,-0.075,0.065,-2.48903384737e-13,0
640.0,-0.07,0.065,-1.64336217527e-13,0
640.0,-0.065,0.06,-9.33120973667e-14,0
640.0,-0.065,0.065,-8.28350483265e-14,0
640.0,-0.075,0.07,-2.51884766837e-13,0
640.0,-0.07,0.07,-1.56662123371e-13,0
640.0,-0.075,0.075,-2.47384454213e-13,0
640.0,-0.07,0.075,-1.4349294444e-13,0
640.0,-0.065,0.07,-6.68623961467e-14,0
640.0,-0.065,0.075,-4.59226780929e-14,0
640.0,-0.06,-0.075,-1.50574886927e-13,0
640.0,-0.06,-0.07,-8.75049721614e-14,0
640.0,-0.06,-0.065,-2.62825591861e-14,0
640.0,-0.055,-0.075,-1.40647913155e-13,0
640.0,-0.055,-0.07,-8.0395817757e-14,0
640.0,-0.055,-0.065,-2.2236694846e-14,0
640.0,-0.06,-0.06,2.4986627412e-14,0
640.0,-0.06,-0.055,5.33134474249e-14,0
640.0,-0.055,-0.06,2.65945119809e-14,0
640.0,-0.055,-0.055,5.30137035361e-14,0
640.0,-0.06,-0.05,6.22038990561e-14,0
640.0,-0.055,-0.05,6.22306057357e-14,0
640.0,-0.06,-0.045,6.25701400286e-14,0
640.0,-0.055,-0.045,6.3166742754e-14,0
640.0,-0.06,-0.04,5.04609667228e-14,0
640.0,-0.055,-0.04,5.30303954144e-14,0
640.0,-0.06,-0.035,2.50111478285e-14,0
640.0,-0.055,-0.035,3.23466604479e-14,0
640.0,-0.06,-0.03,-1.64378194778e-14,0
640.0,-0.06,-0.025,-7.11554722263e-14,0
640.0,-0.055,-0.03,-2.03397681236e-15,0
640.0,-0.055,-0.025,-4.92418412203e-14,0
640.0,-0.06,-0.02,-1.28492520415e-13,0
640.0,-0.06,-0.015,-1.82239924992e-13,0
640.0,-0.055,-0.02,-1.00612920379e-13,0
640.0,-0.055,-0.015,-1.53193742436e-13,0
640.0,-0.06,-0.01,-2.21960941764e-13,0
640.0,-0.06,-0.005,-2.25953675311e-13,0
640.0,-0.055,-0.01,-2.06957486956e-13,0
640.0,-0.055,-0.005,-2.49799450368e-13,0
640.0,-0.06,0,-1.86221446333e-13,0
640.0,-0.06,0.005,-1.20232722396e-13,0
640.0,-0.055,4.16333634234e-19,-2.57433250375e-13,0
640.0,-0.055,0.005,-2.28278075769e-13,0
640.0,-0.06,0.01,-5.38224155641e-14,0
640.0,-0.06,0.015,-1.29345404345e-14,0
640.0,-0.055,0.01,-1.82394806232e-13,0
640.0,-0.055,0.015,-1.37219170541e-13,0
640.0,-0.06,0.02,-7.31677692336e-15,0
640.0,-0.06,0.025,-2.03635889624e-14,0
640.0,-0.055,0.02,-1.02763058268e-13,0
640.0,-0.055,0.025,-8.00991781041e-14,0
640.0,-0.06,0.03,-3.54431685688e-14,0
640.0,-0.06,0.035,-4.51234144964e-14,0
640.0,-0.055,0.03,-6.03951416476e-14,0
640.0,-0.055,0.035,-4.33648870795e-14,0
640.0,-0.06,0.04,-4.87194133862e-14,0
640.0,-0.06,0.045,-4.90942459951e-14,0
640.0,-0.055,0.04,-2.74133327148e-14,0
640.0,-0.055,0.045,-1.18075985396e-14,0
640.0,-0.06,0.05,-4.55176806616e-14,0
640.0,-0.06,0.055,-3.81139295759e-14,0
640.0,-0.055,0.05,2.20613713309e-15,0
640.0,-0.055,0.055,1.79905401404e-14,0
640.0,-0.06,0.06,-2.60621092953e-14,0
640.0,-0.06,0.065,-9.47333912667e-15,0
640.0,-0.055,0.06,3.71499044017e-14,0
640.0,-0.055,0.065,5.98595986974e-14,0
640.0,-0.06,0.07,1.17695057901e-14,0
640.0,-0.06,0.075,3.63763137813e-14,0
640.0,-0.055,0.07,8.71823668524e-14,0
640.0,-0.055,0.075,1.17134163535e-13,0
640.0,-0.05,-0.075,-1.26182592922e-13,0
640.0,-0.05,-0.07,-7.32389413915e-14,0
640.0,-0.045,-0.075,-1.16069608777e-13,0
640.0,-0.045,-0.07,-7.00771295635e-14,0
640.0,-0.05,-0.065,-2.12043643905e-14,0
640.0,-0.045,-0.065,-2.4319934988e-14,0
640.0,-0.05,-0.06,2.40528330306e-14,0
640.0,-0.05,-0.055,5.15058178193e-14,0
640.0,-0.045,-0.06,1.66534290583e-14,0
640.0,-0.045,-0.055,4.58255695979e-14,0
640.0,-0.05,-0.05,6.35389950986e-14,0
640.0,-0.05,-0.045,6.61845799031e-14,0
640.0,-0.045,-0.05,6.27640476388e-14,0
640.0,-0.045,-0.045,6.94201613046e-14,0
640.0,-0.05,-0.04,5.83947944384e-14,0
640.0,-0.045,-0.04,6.56738392435e-14,0
640.0,-0.05,-0.035,4.21570612931e-14,0
640.0,-0.045,-0.035,5.34252451845e-14,0
640.0,-0.05,-0.03,1.47807776286e-14,0
640.0,-0.045,-0.03,3.21326717069e-14,0
640.0,-0.05,-0.025,-2.43657590401e-14,0
640.0,-0.045,-0.025,1.32918362079e-15,0
640.0,-0.05,-0.02,-7.05352610981e-14,0
640.0,-0.05,-0.015,-1.19965918826e-13,0
640.0,-0.045,-0.02,-3.86119365096e-14,0
640.0,-0.045,-0.015,-8.33869623633e-14,0
640.0,-0.05,-0.01,-1.76678975349e-13,0
640.0,-0.05,-0.005,-2.3381612511e-13,0
640.0,-0.045,-0.01,-1.38851896863e-13,0
640.0,-0.045,-0.005,-1.984389571e-13,0
640.0,-0.05,0,-2.73207251645e-13,0
640.0,-0.05,0.005,-2.72544880516e-13,0
640.0,-0.045,4.16333634234e-19,-2.44262434113e-13,0
640.0,-0.045,0.005,-2.49881654178e-13,0
640.0,-0.05,0.01,-2.42150535201e-13,0
640.0,-0.05,0.015,-1.99110023577e-13,0
640.0,-0.045,0.01,-2.26991705695e-13,0
640.0,-0.045,0.015,-1.94253257202e-13,0
640.0,-0.05,0.02,-1.42932159536e-13,0
640.0,-0.05,0.025,-9.13576141913e-14,0
640.0,-0.045,0.02,-1.38699008833e-13,0
640.0,-0.045,0.025,-8.19801577019e-14,0
640.0,-0.05,0.03,-5.77719736616e-14,0
640.0,-0.05,0.035,-3.00075871147e-14,0
640.0,-0.045,0.03,-4.63198781883e-14,0
640.0,-0.045,0.035,-1.50359033131e-14,0
640.0,-0.05,0.04,-6.47185358491e-15,0
640.0,-0.05,0.045,1.73394693317e-14,0
640.0,-0.045,0.04,1.24897951731e-14,0
640.0,-0.045,0.045,4.01032362309e-14,0
640.0,-0.05,0.05,4.23350070088e-14,0
640.0,-0.05,0.055,6.71096736756e-14,0
640.0,-0.045,0.05,7.03134441725e-14,0
640.0,-0.045,0.055,1.02178250723e-13,0
640.0,-0.05,0.06,9.29423914231e-14,0
640.0,-0.05,0.065,1.21563267101e-13,0
640.0,-0.045,0.06,1.35893705899e-13,0
640.0,-0.045,0.065,1.67106014963e-13,0
640.0,-0.05,0.07,1.54005184833e-13,0
640.0,-0.05,0.075,1.91044164622e-13,0
640.0,-0.045,0.07,1.99138912703e-13,0
640.0,-0.045,0.075,2.38736919779e-13,0
640.0,-0.04,-0.075,-1.16700911217e-13,0
640.0,-0.04,-0.07,-7.22283946744e-14,0
640.0,-0.035,-0.075,-1.18639350816e-13,0
640.0,-0.035,-0.07,-7.51197242294e-14,0
640.0,-0.04,-0.065,-2.84827920846e-14,0
640.0,-0.035,-0.065,-3.25110397028e-14,0
640.0,-0.04,-0.06,1.11032336245e-14,0
640.0,-0.035,-0.06,6.39652585386e-15,0
640.0,-0.04,-0.055,4.14435785376e-14,0
640.0,-0.035,-0.055,3.80716548039e-14,0
640.0,-0.04,-0.05,6.14510229409e-14,0
640.0,-0.04,-0.045,7.23502373355e-14,0
640.0,-0.035,-0.05,6.09410418965e-14,0
640.0,-0.035,-0.045,7.53883773176e-14,0
640.0,-0.04,-0.04,7.34122801785e-14,0
640.0,-0.04,-0.035,6.5304067046e-14,0
640.0,-0.035,-0.04,8.06663866174e-14,0
640.0,-0.035,-0.035,7.66715798135e-14,0
640.0,-0.04,-0.03,4.86886403809e-14,0
640.0,-0.035,-0.03,6.43720142031e-14,0
640.0,-0.04,-0.025,2.48341744749e-14,0
640.0,-0.035,-0.025,4.54191174374e-14,0
640.0,-0.04,-0.02,-6.40224471095e-15,0
640.0,-0.035,-0.02,2.14806430634e-14,0
640.0,-0.04,-0.015,-4.22463374412e-14,0
640.0,-0.035,-0.015,-5.64913977135e-15,0
640.0,-0.04,-0.01,-8.77104554375e-14,0
640.0,-0.04,-0.005,-1.39387063292e-13,0
640.0,-0.035,-0.01,-3.65481869441e-14,0
640.0,-0.035,-0.005,-7.17504778435e-14,0
640.0,-0.04,0,-1.84374710466e-13,0
640.0,-0.04,0.005,-1.93929217647e-13,0
640.0,-0.035,4.16333634234e-19,-1.14349800759e-13,0
640.0,-0.035,0.005,-1.33193664177e-13,0
640.0,-0.04,0.01,-1.74196791697e-13,0
640.0,-0.04,0.015,-1.4744771999e-13,0
640.0,-0.035,0.01,-1.2003888706e-13,0
640.0,-0.035,0.015,-9.68478852678e-14,0
640.0,-0.04,0.02,-1.06507654347e-13,0
640.0,-0.04,0.025,-6.22961610826e-14,0
640.0,-0.035,0.02,-6.87156113016e-14,0
640.0,-0.035,0.025,-3.94791018627e-14,0
640.0,-0.04,0.03,-2.97484903901e-14,0
640.0,-0.04,0.035,3.76839860459e-16,0
640.0,-0.035,0.03,-1.16829013987e-14,0
640.0,-0.035,0.035,1.48571337056e-14,0
640.0,-0.04,0.04,2.84474796822e-14,0
640.0,-0.04,0.045,5.63978260457e-14,0
640.0,-0.035,0.04,4.02015695227e-14,0
640.0,-0.035,0.045,6.5277301394e-14,0
640.0,-0.04,0.05,8.60136099947e-14,0
640.0,-0.04,0.055,1.1821180114e-13,0
640.0,-0.035,0.05,9.09793216607e-14,0
640.0,-0.035,0.055,1.18008940879e-13,0
640.0,-0.04,0.06,1.55296365066e-13,0
640.0,-0.04,0.065,1.84143778595e-13,0
640.0,-0.035,0.06,1.45000147306e-13,0
640.0,-0.035,0.065,1.64638209848e-13,0
640.0,-0.04,0.07,2.10856931787e-13,0
640.0,-0.04,0.075,2.48167293358e-13,0
640.0,-0.035,0.07,1.85139717403e-13,0
640.0,-0.035,0.075,2.15803277974e-13,0
640.0,-0.03,-0.075,-1.21156004896e-13,0
640.0,-0.03,-0.07,-7.82319472925e-14,0
640.0,-0.025,-0.075,-1.23614464514e-13,0
640.0,-0.025,-0.07,-8.11462807984e-14,0
640.0,-0.03,-0.065,-3.62483458776e-14,0
640.0,-0.025,-0.065,-3.94132151012e-14,0
640.0,-0.03,-0.06,2.46640900173e-15,0
640.0,-0.025,-0.06,-4.43612344294e-16,0
640.0,-0.03,-0.055,3.51087403953e-14,0
640.0,-0.025,-0.055,3.2618221365e-14,0
640.0,-0.03,-0.05,6.01643838786e-14,0
640.0,-0.025,-0.05,5.84991281622e-14,0
640.0,-0.03,-0.045,7.73554154444e-14,0
640.0,-0.025,-0.045,7.71457693732e-14,0
640.0,-0.03,-0.04,8.62072383688e-14,0
640.0,-0.03,-0.035,8.63292035558e-14,0
640.0,-0.025,-0.04,8.86620598165e-14,0
640.0,-0.025,-0.035,9.31278454861e-14,0
640.0,-0.03,-0.03,7.8173288493e-14,0
640.0,-0.03,-0.025,6.32721260693e-14,0
640.0,-0.025,-0.03,8.92929101585e-14,0
640.0,-0.025,-0.025,7.76398645521e-14,0
640.0,-0.03,-0.02,4.38808996794e-14,0
640.0,-0.025,-0.02,6.14527614107e-14,0
640.0,-0.03,-0.015,2.25526853235e-14,0
640.0,-0.025,-0.015,4.39053543513e-14,0
640.0,-0.03,-0.01,-4.85759745685e-16,0
640.0,-0.025,-0.01,2.63124378975e-14,0
640.0,-0.03,-0.005,-2.4028878807e-14,0
640.0,-0.025,-0.005,1.02457311229e-14,0
640.0,-0.03,0,-4.82003764686e-14,0
640.0,-0.03,0.005,-6.37462837853e-14,0
640.0,-0.025,4.16333634234e-19,-1.66915484501e-15,0
640.0,-0.025,0.005,-1.0901195849e-14,0
640.0,-0.03,0.01,-6.31830633517e-14,0
640.0,-0.03,0.015,-5.25684181343e-14,0
640.0,-0.025,0.01,-1.63818088831e-14,0
640.0,-0.025,0.015,-1.52443481877e-14,0
640.0,-0.03,0.02,-3.52486809787e-14,0
640.0,-0.03,0.025,-1.49930545932e-14,0
640.0,-0.025,0.02,-5.93206918035e-15,0
640.0,-0.025,0.025,7.27591937604e-15,0
640.0,-0.03,0.03,6.22871929241e-15,0
640.0,-0.03,0.035,2.70949077421e-14,0
640.0,-0.025,0.03,2.17761855968e-14,0
640.0,-0.025,0.035,3.59206107063e-14,0
640.0,-0.03,0.04,4.68987906982e-14,0
640.0,-0.03,0.045,6.56916167244e-14,0
640.0,-0.025,0.04,4.81976843145e-14,0
640.0,-0.025,0.045,5.80278315732e-14,0
640.0,-0.03,0.05,8.28157561012e-14,0
640.0,-0.03,0.055,9.73167293479e-14,0
640.0,-0.025,0.05,6.20008084227e-14,0
640.0,-0.025,0.055,5.50564695737e-14,0
640.0,-0.03,0.06,1.0149036034e-13,0
640.0,-0.03,0.065,9.49890962685e-14,0
640.0,-0.025,0.06,2.58720226768e-14,0
640.0,-0.025,0.065,-1.73305935373e-14,0
640.0,-0.03,0.07,8.7771123152e-14,0
640.0,-0.03,0.075,8.3610403622e-14,0
640.0,-0.025,0.07,-6.38008659211e-14,0
640.0,-0.025,0.075,-1.1826833731e-13,0
640.0,-0.02,-0.075,-1.2513338819e-13,0
640.0,-0.02,-0.07,-8.33002603426e-14,0
640.0,-0.015,-0.075,-1.24819268232e-13,0
640.0,-0.015,-0.07,-8.40005585568e-14,0
640.0,-0.02,-0.065,-4.2252259472e-14,0
640.0,-0.015,-0.065,-4.43599708492e-14,0
640.0,-0.02,-0.06,-3.52124680452e-15,0
640.0,-0.015,-0.06,-7.22480496925e-15,0
640.0,-0.02,-0.055,2.88752322921e-14,0
640.0,-0.015,-0.055,2.23379042245e-14,0
640.0,-0.02,-0.05,5.42417209015e-14,0
640.0,-0.015,-0.05,4.57781602768e-14,0
640.0,-0.02,-0.045,7.3658830028e-14,0
640.0,-0.015,-0.045,6.57514921943e-14,0
640.0,-0.02,-0.04,8.71552522181e-14,0
640.0,-0.015,-0.04,8.15167653211e-14,0
640.0,-0.02,-0.035,9.54360383815e-14,0
640.0,-0.015,-0.035,9.30090392228e-14,0
640.0,-0.02,-0.03,9.58560484143e-14,0
640.0,-0.02,-0.025,8.69574363502e-14,0
640.0,-0.015,-0.03,9.7049672753e-14,0
640.0,-0.015,-0.025,9.03973545886e-14,0
640.0,-0.02,-0.02,7.29042203332e-14,0
640.0,-0.02,-0.015,5.77578087327e-14,0
640.0,-0.015,-0.02,7.78215026856e-14,0
640.0,-0.015,-0.015,6.38613116031e-14,0
640.0,-0.02,-0.01,4.28567069059e-14,0
640.0,-0.015,-0.01,5.00589568022e-14,0
640.0,-0.02,-0.005,2.97397173759e-14,0
640.0,-0.015,-0.005,3.8531759946e-14,0
640.0,-0.02,0,2.01275661617e-14,0
640.0,-0.015,4.16333634234e-19,3.14547585437e-14,0
640.0,-0.02,0.005,1.40885545475e-14,0
640.0,-0.015,0.005,2.9201899812e-14,0
640.0,-0.02,0.01,1.10276875758e-14,0
640.0,-0.02,0.015,1.22309234255e-14,0
640.0,-0.015,0.01,2.97314747457e-14,0
640.0,-0.015,0.015,3.2120532816e-14,0
640.0,-0.02,0.02,1.76908144111e-14,0
640.0,-0.02,0.025,2.54198045942e-14,0
640.0,-0.015,0.02,3.56399648107e-14,0
640.0,-0.015,0.025,3.89426840235e-14,0
640.0,-0.02,0.03,3.37200226499e-14,0
640.0,-0.02,0.035,4.10522181997e-14,0
640.0,-0.015,0.03,4.18087789062e-14,0
640.0,-0.015,0.035,4.32537789152e-14,0
640.0,-0.02,0.04,4.54696246916e-14,0
640.0,-0.02,0.045,4.52861428935e-14,0
640.0,-0.015,0.04,4.08463431407e-14,0
640.0,-0.015,0.045,3.04228741621e-14,0
640.0,-0.02,0.05,3.10502882489e-14,0
640.0,-0.02,0.055,-4.97523168499e-15,0
640.0,-0.015,0.05,-3.60686064951e-15,0
640.0,-0.015,0.055,-6.41205053831e-14,0
640.0,-0.02,0.06,-6.11733472111e-14,0
640.0,-0.02,0.065,-1.30090800372e-13,0
640.0,-0.015,0.06,-1.41896191715e-13,0
640.0,-0.015,0.065,-2.32304120478e-13,0
640.0,-0.02,0.07,-2.08256514611e-13,0
640.0,-0.02,0.075,-2.93096892665e-13,0
640.0,-0.015,0.07,-3.35207162535e-13,0
640.0,-0.015,0.075,-4.44258112637e-13,0
640.0,-0.01,-0.075,-1.19337161644e-13,0
640.0,-0.01,-0.07,-8.07304814957e-14,0
640.0,-0.005,-0.075,-1.06614974499e-13,0
640.0,-0.005,-0.07,-7.12110088642e-14,0
640.0,-0.01,-0.065,-4.48439402765e-14,0
640.0,-0.005,-0.065,-4.04359257628e-14,0
640.0,-0.01,-0.06,-1.34434311589e-14,0
640.0,-0.005,-0.06,-2.2335528237e-14,0
640.0,-0.01,-0.055,1.08301415435e-14,0
640.0,-0.005,-0.055,-7.79585011524e-15,0
640.0,-0.01,-0.05,3.13261829197e-14,0
640.0,-0.005,-0.05,1.04420265882e-14,0
640.0,-0.01,-0.045,5.12583047177e-14,0
640.0,-0.005,-0.045,2.96248434895e-14,0
640.0,-0.01,-0.04,6.91846645906e-14,0
640.0,-0.005,-0.04,4.94057696497e-14,0
640.0,-0.01,-0.035,8.41399699023e-14,0
640.0,-0.005,-0.035,6.7861326548e-14,0
640.0,-0.01,-0.03,9.20842581426e-14,0
640.0,-0.005,-0.03,8.14999770805e-14,0
640.0,-0.01,-0.025,8.82884391095e-14,0
640.0,-0.005,-0.025,8.18795969824e-14,0
640.0,-0.01,-0.02,7.72111552251e-14,0
640.0,-0.01,-0.015,6.37341952609e-14,0
640.0,-0.005,-0.02,7.32764482246e-14,0
640.0,-0.005,-0.015,6.05003077319e-14,0
640.0,-0.0117873230072,-0.0115873794689,5.46126683823e-14,0
640.0,-0.00939961996336,-0.005,3.64803774279e-14,0
640.0,-0.00792797428371,-0.00964253216809,4.65593746443e-14,0
640.0,-0.005,-0.00939961996336,4.2388089911e-14,0
640.0,-0.0108753492546,-0.00150606400588,3.28956169052e-14,0
640.0,-0.00818101620308,-0.00211452602544,2.93276879127e-14,0
640.0,-0.00651817360753,-0.000255934956239,2.22560853987e-14,0
640.0,-0.005,6.71033969428e-08,1.15774993421e-14,0
640.0,-0.0107292118043,0.00160660295843,3.1381895891e-14,0
640.0,-0.0080188992252,0.000768320427092,2.71771056905e-14,0
640.0,-0.00939946851065,0.005,3.27879118095e-14,0
640.0,-0.00802129342231,0.00264911934363,2.85271319561e-14,0
640.0,-0.00887989370213,0.00887989479405,3.86271585123e-14,0
640.0,-0.01,0.015,4.44340080214e-14,0
640.0,-0.005,0.00939947397025,4.05354026369e-14,0
640.0,-0.005,0.015,4.74067443735e-14,0
640.0,-0.01,0.02,4.65930261897e-14,0
640.0,-0.01,0.025,4.61164300033e-14,0
640.0,-0.005,0.02,4.78016627243e-14,0
640.0,-0.005,0.025,4.51101937944e-14,0
640.0,-0.01,0.03,4.45234059096e-14,0
640.0,-0.01,0.035,4.12852068433e-14,0
640.0,-0.005,0.03,4.06929027612e-14,0
640.0,-0.005,0.035,3.35241945205e-14,0
640.0,-0.01,0.04,3.06618416653e-14,0
640.0,-0.01,0.045,6.36483655024e-15,0
640.0,-0.005,0.04,1.62617990253e-14,0
640.0,-0.005,0.045,-1.5047685877e-14,0
640.0,-0.01,0.05,-3.90598714516e-14,0
640.0,-0.01,0.055,-1.06208950283e-13,0
640.0,-0.005,0.05,-5.70345783876e-14,0
640.0,-0.005,0.055,-1.12408149844e-13,0
640.0,-0.01,0.06,-1.93318033597e-13,0
640.0,-0.01,0.065,-2.96036090911e-13,0
640.0,-0.005,0.06,-1.88107684143e-13,0
640.0,-0.005,0.065,-2.80170404418e-13,0
640.0,-0.01,0.07,-4.09968771476e-13,0
640.0,-0.01,0.075,-5.37536797753e-13,0
640.0,-0.005,0.07,-3.85181542109e-13,0
640.0,-0.005,0.075,-5.05486380047e-13,0
640.0,0,-0.075,-4.21938696285e-14,0
640.0,0,-0.07,-2.9884466982e-14,0
640.0,0.005,-0.075,6.55649791496e-14,0
640.0,0.005,-0.07,3.59033979687e-14,0
640.0,0,-0.065,-2.40683314032e-14,0
640.0,0.005,-0.065,3.94887538874e-15,0
640.0,0,-0.06,-3.4684836449e-14,0
640.0,0.005,-0.06,-4.08280095455e-14,0
640.0,0,-0.055,-4.60097625716e-14,0
640.0,0.005,-0.055,-8.21555382014e-14,0
640.0,0,-0.05,-4.47576669197e-14,0
640.0,0.005,-0.05,-1.05844292026e-13,0
640.0,0,-0.045,-3.19080383408e-14,0
640.0,0.005,-0.045,-1.06986276468e-13,0
640.0,0,-0.04,-9.99350268139e-15,0
640.0,0.005,-0.04,-8.64876980599e-14,0
640.0,0,-0.035,1.98939348286e-14,0
640.0,0.005,-0.035,-4.53695620293e-14,0
640.0,0,-0.03,5.1615752177e-14,0
640.0,0.005,-0.03,6.76120480086e-15,0
640.0,0,-0.025,6.90379745442e-14,0
640.0,0.005,-0.025,5.07631746629e-14,0
640.0,0,-0.02,6.7790994818e-14,0
640.0,0.005,-0.02,6.40768157252e-14,0
640.0,0,-0.015,5.78581048854e-14,0
640.0,0.005,-0.015,5.98681262214e-14,0
640.0,-0.0021196717084,-0.00776771017156,3.24330455717e-14,0
640.0,-0.00084550708518,-0.00631514607954,2.34582570211e-14,0
640.0,6.71033969406e-08,-0.005,1.21801044023e-14,0
640.0,-0.00139054260708,-0.0110960807567,4.5443451983e-14,0
640.0,0.00132468676756,-0.00775008274642,3.18999936532e-14,0
640.0,0.00160394440688,-0.0116908851489,4.79468154661e-14,0
640.0,0.005,-0.00939946851065,4.51654531353e-14,0
640.0,0.005,0.005,2.83296759421e-14,0
640.0,-0.000107646311398,0.00617659695633,2.5302317393e-14,0
640.0,-0.00190846935279,0.0076427502668,3.47310718339e-14,0
640.0,0.00131146485568,0.00777290068297,3.36584336633e-14,0
640.0,0.00295884413402,0.00640276348073,2.85710436937e-14,0
640.0,-1.21517769428e-05,0.0108932602996,4.13168044775e-14,0
640.0,0,0.015,4.39375377648e-14,0
640.0,0.005,0.00939942566771,3.77344194865e-14,0
640.0,0.005,0.015,3.98642129972e-14,0
640.0,0,0.02,4.28930639725e-14,0
640.0,0,0.025,3.89611653826e-14,0
640.0,0.005,0.02,3.67083831849e-14,0
640.0,0.005,0.025,3.0371411185e-14,0
640.0,0,0.03,3.24430820095e-14,0
640.0,0,0.035,2.30762845476e-14,0
640.0,0.005,0.03,2.22827930082e-14,0
640.0,0.005,0.035,1.2677562248e-14,0
640.0,0,0.04,4.53803365906e-15,0
640.0,0,0.045,-2.17224854538e-14,0
640.0,0.005,0.04,-1.25078835097e-15,0
640.0,0.005,0.045,-1.75556182876e-14,0
640.0,0,0.05,-5.15368682262e-14,0
640.0,0,0.055,-8.89264090167e-14,0
640.0,0.005,0.05,-3.37802446154e-14,0
640.0,0.005,0.055,-5.21452492911e-14,0
640.0,0,0.06,-1.36786484306e-13,0
640.0,0,0.065,-1.97709677215e-13,0
640.0,0.005,0.06,-7.24430591169e-14,0
640.0,0.005,0.065,-9.49403653777e-14,0
640.0,0,0.07,-2.80889763203e-13,0
640.0,0,0.075,-3.7702262577e-13,0
640.0,0.005,0.07,-1.44462532682e-13,0
640.0,0.005,0.075,-2.03419749748e-13,0
640.0,0.01,-0.075,1.70254654219e-13,0
640.0,0.01,-0.07,9.26139932677e-14,0
640.0,0.015,-0.075,2.47239789027e-13,0
640.0,0.015,-0.07,1.38202144261e-13,0
640.0,0.01,-0.065,2.12895460194e-14,0
640.0,0.015,-0.065,4.06043272723e-14,0
640.0,0.01,-0.06,-3.87668261361e-14,0
640.0,0.015,-0.06,-3.57195582869e-14,0
640.0,0.01,-0.055,-9.42802699156e-14,0
640.0,0.015,-0.055,-1.02489742172e-13,0
640.0,0.01,-0.05,-1.37869906069e-13,0
640.0,0.015,-0.05,-1.59276130622e-13,0
640.0,0.01,-0.045,-1.57518233582e-13,0
640.0,0.015,-0.045,-2.00392198049e-13,0
640.0,0.01,-0.04,-1.4295105587e-13,0
640.0,0.015,-0.04,-1.96563357787e-13,0
640.0,0.01,-0.035,-9.58318902037e-14,0
640.0,0.015,-0.035,-1.42351095463e-13,0
640.0,0.01,-0.03,-3.3071099214e-14,0
640.0,0.015,-0.03,-6.65830041971e-14,0
640.0,0.01,-0.025,2.76741146365e-14,0
640.0,0.015,-0.025,8.8785477483e-15,0
640.0,0.01,-0.02,6.54178485939e-14,0
640.0,0.01,-0.015,7.37655243378e-14,0
640.0,0.015,-0.02,7.37274484563e-14,0
640.0,0.015,-0.015,1.03342539118e-13,0
640.0,0.00999280436795,-0.0116358337096,7.05393993883e-14,0
640.0,0.0105889214373,-0.00845762197625,6.87225241009e-14,0
640.0,0.015,-0.01,1.04167101635e-13,0
640.0,0.00939947397025,-0.005,5.38599673568e-14,0
640.0,0.015,-0.005,9.62622991397e-14,0
640.0,0.00658051136513,-0.00296146438142,3.18271371133e-14,0
640.0,0.00636794669772,-3.54305826484e-06,2.53660643918e-14,0
640.0,0.00795807888052,-0.00113999998936,3.73237093316e-14,0
640.0,0.00758147027913,0.00183630393596,3.41552880216e-14,0
640.0,0.0112534647756,-1.47536350887e-07,5.7993800825e-14,0
640.0,0.015,4.16333634234e-19,8.31952061526e-14,0
640.0,0.00939942566771,0.005,4.5180646293e-14,0
640.0,0.015,0.005,7.05228464312e-14,0
640.0,0.00999018807453,0.0109670628501,4.47245265292e-14,0
640.0,0.01,0.015,3.96890867563e-14,0
640.0,0.015,0.01,5.6403120385e-14,0
640.0,0.015,0.015,4.06396666629e-14,0
640.0,0.01,0.02,3.07533235915e-14,0
640.0,0.01,0.025,2.07382726137e-14,0
640.0,0.015,0.02,2.38180683513e-14,0
640.0,0.015,0.025,9.1480451804e-15,0
640.0,0.01,0.03,1.15625204801e-14,0
640.0,0.01,0.035,3.83893962388e-15,0
640.0,0.015,0.03,-9.88851907835e-16,0
640.0,0.015,0.035,-6.32537146281e-15,0
640.0,0.01,0.04,-1.87293451943e-15,0
640.0,0.01,0.045,-6.69381841799e-15,0
640.0,0.015,0.04,-4.6507351653e-15,0
640.0,0.015,0.045,9.21508857515e-16,0
640.0,0.01,0.05,-1.12315476231e-14,0
640.0,0.01,0.055,-1.49687239485e-14,0
640.0,0.015,0.05,7.98225120945e-15,0
640.0,0.015,0.055,1.89196545352e-14,0
640.0,0.01,0.06,-1.80284841989e-14,0
640.0,0.01,0.065,-1.94711101518e-14,0
640.0,0.015,0.06,3.30032047544e-14,0
640.0,0.015,0.065,5.03498572721e-14,0
640.0,0.01,0.07,-1.67135834474e-14,0
640.0,0.01,0.075,-1.29643100124e-14,0
640.0,0.015,0.07,8.66213912488e-14,0
640.0,0.015,0.075,1.35045318249e-13,0
640.0,0.02,-0.075,2.9130909339e-13,0
640.0,0.02,-0.07,1.74885521144e-13,0
640.0,0.025,-0.075,3.23482029281e-13,0
640.0,0.025,-0.07,2.02778137546e-13,0
640.0,0.02,-0.065,6.56351317673e-14,0
640.0,0.025,-0.065,8.76248926737e-14,0
640.0,0.02,-0.06,-2.99692663071e-14,0
640.0,0.025,-0.06,-1.76863619805e-14,0
640.0,0.02,-0.055,-1.09128820245e-13,0
640.0,0.025,-0.055,-1.07923575389e-13,0
640.0,0.02,-0.05,-1.72531935255e-13,0
640.0,0.025,-0.05,-1.80135154991e-13,0
640.0,0.02,-0.045,-2.26892320713e-13,0
640.0,0.025,-0.045,-2.40900537316e-13,0
640.0,0.02,-0.04,-2.37465016801e-13,0
640.0,0.025,-0.04,-2.60044816122e-13,0
640.0,0.02,-0.035,-1.77843794672e-13,0
640.0,0.025,-0.035,-2.00927276956e-13,0
640.0,0.02,-0.03,-9.01065717589e-14,0
640.0,0.025,-0.03,-1.03839920859e-13,0
640.0,0.02,-0.025,-6.4908096488e-17,0
640.0,0.025,-0.025,1.05843820553e-15,0
640.0,0.02,-0.02,9.12361426751e-14,0
640.0,0.025,-0.02,1.15029611213e-13,0
640.0,0.02,-0.015,1.44605320298e-13,0
640.0,0.025,-0.015,1.93530661851e-13,0
640.0,0.02,-0.01,1.52872949097e-13,0
640.0,0.025,-0.01,2.12317928396e-13,0
640.0,0.02,-0.005,1.47678414325e-13,0
640.0,0.025,-0.005,2.09729976042e-13,0
640.0,0.02,0,1.2652439118e-13,0
640.0,0.025,4.16333634234e-19,1.77132720557e-13,0
640.0,0.02,0.005,9.6799038772e-14,0
640.0,0.025,0.005,1.22682744717e-13,0
640.0,0.02,0.01,6.75677562093e-14,0
640.0,0.025,0.01,7.66664226071e-14,0
640.0,0.02,0.015,3.89972531443e-14,0
640.0,0.025,0.015,3.34570165137e-14,0
640.0,0.02,0.02,1.23472894931e-14,0
640.0,0.02,0.025,-7.69717732365e-15,0
640.0,0.025,0.02,-5.73344065864e-15,0
640.0,0.025,0.025,-3.33310265713e-14,0
640.0,0.02,0.03,-1.8392866612e-14,0
640.0,0.02,0.035,-1.97158014937e-14,0
640.0,0.025,0.03,-4.22962759582e-14,0
640.0,0.025,0.035,-3.86814976827e-14,0
640.0,0.02,0.04,-1.22900329398e-14,0
640.0,0.02,0.045,6.21928721128e-16,0
640.0,0.025,0.04,-2.5548874819e-14,0
640.0,0.025,0.045,-5.98831891493e-15,0
640.0,0.02,0.05,1.86433598312e-14,0
640.0,0.02,0.055,4.21196671946e-14,0
640.0,0.025,0.05,2.05069170486e-14,0
640.0,0.025,0.055,5.43250320047e-14,0
640.0,0.02,0.06,7.5419197824e-14,0
640.0,0.02,0.065,1.13126712455e-13,0
640.0,0.025,0.06,9.78568183324e-14,0
640.0,0.025,0.065,1.45422340472e-13,0
640.0,0.02,0.07,1.58768016026e-13,0
640.0,0.02,0.075,2.15689471903e-13,0
640.0,0.025,0.07,1.96996642869e-13,0
640.0,0.025,0.075,2.56980243658e-13,0
640.0,0.03,-0.075,3.44682191062e-13,0
640.0,0.03,-0.07,2.21593880288e-13,0
640.0,0.035,-0.075,3.61433452342e-13,0
640.0,0.035,-0.07,2.35190387974e-13,0
640.0,0.03,-0.065,1.03660926303e-13,0
640.0,0.035,-0.065,1.1413371697e-13,0
640.0,0.03,-0.06,-4.213081299e-15,0
640.0,0.035,-0.06,6.57517842478e-15,0
640.0,0.03,-0.055,-9.90762267734e-14,0
640.0,0.035,-0.055,-8.72379825806e-14,0
640.0,0.03,-0.05,-1.77668210243e-13,0
640.0,0.035,-0.05,-1.64106798543e-13,0
640.0,0.03,-0.045,-2.41894850012e-13,0
640.0,0.035,-0.045,-2.26264717548e-13,0
640.0,0.03,-0.04,-2.66583039407e-13,0
640.0,0.035,-0.04,-2.53373536546e-13,0
640.0,0.03,-0.035,-2.14090744577e-13,0
640.0,0.035,-0.035,-2.16558580772e-13,0
640.0,0.03,-0.03,-1.09703249312e-13,0
640.0,0.035,-0.03,-1.11594627253e-13,0
640.0,0.03,-0.025,1.15996914751e-14,0
640.0,0.035,-0.025,2.74753146085e-14,0
640.0,0.03,-0.02,1.43436341672e-13,0
640.0,0.035,-0.02,1.77642384671e-13,0
640.0,0.03,-0.015,2.51933484653e-13,0
640.0,0.035,-0.015,3.11377089458e-13,0
640.0,0.03,-0.01,3.02088407683e-13,0
640.0,0.035,-0.01,3.87745564813e-13,0
640.0,0.03,-0.005,2.97518541425e-13,0
640.0,0.035,-0.005,3.82207276292e-13,0
640.0,0.03,0,2.44863196587e-13,0
640.0,0.035,4.16333634234e-19,3.0708223239e-13,0
640.0,0.03,0.005,1.5827906338e-13,0
640.0,0.035,0.005,1.81609150772e-13,0
640.0,0.03,0.01,7.18527037786e-14,0
640.0,0.035,0.01,4.66569529764e-14,0
640.0,0.03,0.015,3.42766847486e-15,0
640.0,0.035,0.015,-4.86430537892e-14,0
640.0,0.03,0.02,-4.41818495958e-14,0
640.0,0.035,0.02,-9.30633540988e-14,0
640.0,0.03,0.025,-7.03799846055e-14,0
640.0,0.035,0.025,-1.12180320804e-13,0
640.0,0.03,0.03,-7.31610287322e-14,0
640.0,0.03,0.035,-6.39146532788e-14,0
640.0,0.035,0.03,-1.10174766762e-13,0
640.0,0.035,0.035,-9.43363565927e-14,0
640.0,0.03,0.04,-4.47341865919e-14,0
640.0,0.03,0.045,-1.89574948231e-14,0
640.0,0.035,0.04,-6.8529583283e-14,0
640.0,0.035,0.045,-3.58336002706e-14,0
640.0,0.03,0.05,1.50448822715e-14,0
640.0,0.03,0.055,5.55912771836e-14,0
640.0,0.035,0.05,5.34249395097e-15,0
640.0,0.035,0.055,5.00452925356e-14,0
640.0,0.03,0.06,1.00457777202e-13,0
640.0,0.03,0.065,1.49369225107e-13,0
640.0,0.035,0.06,9.37042707241e-14,0
640.0,0.035,0.065,1.39601001871e-13,0
640.0,0.03,0.07,2.03095398943e-13,0
640.0,0.03,0.075,2.62996958046e-13,0
640.0,0.035,0.07,1.90490275325e-13,0
640.0,0.035,0.075,2.47692456893e-13,0
640.0,0.04,-0.075,3.71752285176e-13,0
640.0,0.04,-0.07,2.40921779027e-13,0
640.0,0.045,-0.075,3.68936121113e-13,0
640.0,0.045,-0.07,2.3938499616e-13,0
640.0,0.04,-0.065,1.18653278907e-13,0
640.0,0.045,-0.065,1.20241058399e-13,0
640.0,0.04,-0.06,1.45821486634e-14,0
640.0,0.045,-0.06,1.89132230028e-14,0
640.0,0.04,-0.055,-7.57199747889e-14,0
640.0,0.045,-0.055,-6.86837440931e-14,0
640.0,0.04,-0.05,-1.48906714798e-13,0
640.0,0.045,-0.05,-1.38583115918e-13,0
640.0,0.04,-0.045,-2.0707674316e-13,0
640.0,0.045,-0.045,-1.89636594654e-13,0
640.0,0.04,-0.04,-2.30164141884e-13,0
640.0,0.045,-0.04,-2.06494274444e-13,0
640.0,0.04,-0.035,-2.0611086105e-13,0
640.0,0.045,-0.035,-1.83942973427e-13,0
640.0,0.04,-0.03,-1.09620704165e-13,0
640.0,0.045,-0.03,-9.45032867215e-14,0
640.0,0.04,-0.025,4.78537776871e-14,0
640.0,0.045,-0.025,6.4578069705e-14,0
640.0,0.04,-0.02,2.11659871722e-13,0
640.0,0.045,-0.02,2.42792765958e-13,0
640.0,0.04,-0.015,3.54088653933e-13,0
640.0,0.045,-0.015,3.76456091578e-13,0
640.0,0.04,-0.01,4.30415099875e-13,0
640.0,0.045,-0.01,4.22166414886e-13,0
640.0,0.04,-0.005,4.26854653996e-13,0
640.0,0.045,-0.005,4.2162773267e-13,0
640.0,0.04,0,3.3807187829e-13,0
640.0,0.045,4.16333634234e-19,3.31871873822e-13,0
640.0,0.04,0.005,1.79051633722e-13,0
640.0,0.045,0.005,1.49008002342e-13,0
640.0,0.04,0.01,6.63075390166e-15,0
640.0,0.045,0.01,-4.52610827978e-14,0
640.0,0.04,0.015,-1.03727869017e-13,0
640.0,0.045,0.015,-1.61370848884e-13,0
640.0,0.04,0.02,-1.42753495201e-13,0
640.0,0.045,0.02,-1.96232230016e-13,0
640.0,0.04,0.025,-1.58839032164e-13,0
640.0,0.045,0.025,-2.10282494524e-13,0
640.0,0.04,0.03,-1.52250572709e-13,0
640.0,0.045,0.03,-1.96432735399e-13,0
640.0,0.04,0.035,-1.29011045174e-13,0
640.0,0.045,0.035,-1.58693312916e-13,0
640.0,0.04,0.04,-9.30324839158e-14,0
640.0,0.04,0.045,-5.02030208508e-14,0
640.0,0.045,0.04,-1.07729477168e-13,0
640.0,0.045,0.045,-5.57733708632e-14,0
640.0,0.04,0.05,-3.01791300214e-15,0
640.0,0.04,0.055,4.03637999596e-14,0
640.0,0.045,0.05,-7.83987212659e-15,0
640.0,0.045,0.055,2.76773994597e-14,0
640.0,0.04,0.06,7.624257854e-14,0
640.0,0.04,0.065,1.13071108128e-13,0
640.0,0.045,0.06,4.87293696975e-14,0
640.0,0.045,0.065,6.93087261813e-14,0
640.0,0.04,0.07,1.55988597719e-13,0
640.0,0.04,0.075,2.06536640517e-13,0
640.0,0.045,0.07,9.99532757606e-14,0
640.0,0.045,0.075,1.39233705561e-13,0
640.0,0.05,-0.075,3.60968319444e-13,0
640.0,0.05,-0.07,2.34096337482e-13,0
640.0,0.055,-0.075,3.51187772242e-13,0
640.0,0.055,-0.07,2.25452589999e-13,0
640.0,0.05,-0.065,1.17867666926e-13,0
640.0,0.055,-0.065,1.10406828516e-13,0
640.0,0.05,-0.06,1.8227104087e-14,0
640.0,0.055,-0.06,1.14077291631e-14,0
640.0,0.05,-0.055,-6.81546952528e-14,0
640.0,0.055,-0.055,-7.55654921676e-14,0
640.0,0.05,-0.05,-1.35419346881e-13,0
640.0,0.055,-0.05,-1.41993414193e-13,0
640.0,0.05,-0.045,-1.79597548325e-13,0
640.0,0.055,-0.045,-1.81886426389e-13,0
640.0,0.05,-0.04,-1.90018591881e-13,0
640.0,0.055,-0.04,-1.85681362234e-13,0
640.0,0.05,-0.035,-1.64061730263e-13,0
640.0,0.055,-0.035,-1.50896849697e-13,0
640.0,0.05,-0.03,-7.17675679787e-14,0
640.0,0.055,-0.03,-5.07144290554e-14,0
640.0,0.05,-0.025,8.29207597095e-14,0
640.0,0.055,-0.025,1.06870736689e-13,0
640.0,0.05,-0.02,2.63260450972e-13,0
640.0,0.055,-0.02,2.7592748893e-13,0
640.0,0.05,-0.015,3.76122753657e-13,0
640.0,0.055,-0.015,3.69685747207e-13,0
640.0,0.05,-0.01,3.97760457262e-13,0
640.0,0.055,-0.01,3.76649660624e-13,0
640.0,0.05,-0.005,3.88975064625e-13,0
640.0,0.055,-0.005,3.4130392344e-13,0
640.0,0.05,0,2.88672610367e-13,0
640.0,0.055,4.16333634234e-19,2.13425374395e-13,0
640.0,0.05,0.005,9.46590865305e-14,0
640.0,0.055,0.005,1.98908219935e-14,0
640.0,0.05,0.01,-1.05115368811e-13,0
640.0,0.055,0.01,-1.69995251032e-13,0
640.0,0.05,0.015,-2.20589321527e-13,0
640.0,0.055,0.015,-2.7966651253e-13,0
640.0,0.05,0.02,-2.52221610117e-13,0
640.0,0.055,0.02,-3.095034172e-13,0
640.0,0.05,0.025,-2.66074603932e-13,0
640.0,0.055,0.025,-3.12713793474e-13,0
640.0,0.05,0.03,-2.36511066254e-13,0
640.0,0.055,0.03,-2.50970098123e-13,0
640.0,0.05,0.035,-1.68932386142e-13,0
640.0,0.055,0.035,-1.55846596551e-13,0
640.0,0.05,0.04,-1.05030055035e-13,0
640.0,0.055,0.04,-8.34966092623e-14,0
640.0,0.05,0.045,-4.86378972493e-14,0
640.0,0.055,0.045,-2.22107166292e-14,0
640.0,0.05,0.05,-6.32272439491e-15,0
640.0,0.05,0.055,1.39746372121e-14,0
640.0,0.055,0.05,1.21672434627e-14,0
640.0,0.055,0.055,7.16981363164e-15,0
640.0,0.05,0.06,1.64691661763e-14,0
640.0,0.05,0.065,1.32096808142e-14,0
640.0,0.055,0.06,-1.40276051191e-14,0
640.0,0.055,0.065,-5.19791903666e-14,0
640.0,0.05,0.07,-6.23044775917e-15,0
640.0,0.05,0.075,-3.93799426247e-14,0
640.0,0.055,0.07,-1.78606834047e-13,0
640.0,0.055,0.075,-3.41207653229e-13,0
640.0,0.06,-0.075,3.38889326587e-13,0
640.0,0.06,-0.07,2.13062516238e-13,0
640.0,0.065,-0.075,3.25033997647e-13,0
640.0,0.065,-0.07,1.97740142544e-13,0
640.0,0.06,-0.065,9.76305768343e-14,0
640.0,0.065,-0.065,8.03832934645e-14,0
640.0,0.06,-0.06,-2.09815808442e-15,0
640.0,0.065,-0.06,-2.18913231387e-14,0
640.0,0.06,-0.055,-9.14953568061e-14,0
640.0,0.065,-0.055,-1.15562562951e-13,0
640.0,0.06,-0.05,-1.59577597763e-13,0
640.0,0.065,-0.05,-1.87722649489e-13,0
640.0,0.06,-0.045,-1.96598812776e-13,0
640.0,0.065,-0.045,-2.23846747848e-13,0
640.0,0.06,-0.04,-1.9264937759e-13,0
640.0,0.065,-0.04,-2.1162472285e-13,0
640.0,0.06,-0.035,-1.41280402369e-13,0
640.0,0.065,-0.035,-1.3818817841e-13,0
640.0,0.06,-0.03,-2.6319261826e-14,0
640.0,0.065,-0.03,-3.80987835812e-15,0
640.0,0.06,-0.025,1.35741067727e-13,0
640.0,0.065,-0.025,1.59930947135e-13,0
640.0,0.06,-0.02,2.94189223545e-13,0
640.0,0.065,-0.02,3.14419530767e-13,0
640.0,0.06,-0.015,3.70665445307e-13,0
640.0,0.065,-0.015,3.60511823027e-13,0
640.0,0.06,-0.01,3.44061449817e-13,0
640.0,0.065,-0.01,2.82959470055e-13,0
640.0,0.06,-0.005,2.58019282187e-13,0
640.0,0.065,-0.005,1.68814077994e-13,0
640.0,0.06,0,1.14604328878e-13,0
640.0,0.065,4.16333634234e-19,2.56934298822e-14,0
640.0,0.06,0.005,-6.34937272628e-14,0
640.0,0.065,0.005,-1.35572425442e-13,0
640.0,0.06,0.01,-2.35110423035e-13,0
640.0,0.065,0.01,-2.90132631609e-13,0
640.0,0.06,0.015,-3.36069404937e-13,0
640.0,0.065,0.015,-3.6215600129e-13,0
640.0,0.06,0.02,-3.48509441082e-13,0
640.0,0.065,0.02,-3.30164391963e-13,0
640.0,0.06,0.025,-3.04870338195e-13,0
640.0,0.065,0.025,-2.41700127991e-13,0
640.0,0.06,0.03,-2.04924095078e-13,0
640.0,0.065,0.03,-1.06644606518e-13,0
640.0,0.06,0.035,-7.92643391436e-14,0
640.0,0.065,0.035,6.09125226189e-14,0
640.0,0.06,0.04,2.6664551412e-14,0
640.0,0.065,0.04,2.17182477224e-13,0
640.0,0.06,0.045,9.08662499686e-14,0
640.0,0.065,0.045,2.92350185703e-13,0
640.0,0.06,0.05,1.01169082544e-13,0
640.0,0.065,0.05,2.72582431533e-13,0
640.0,0.06,0.055,7.23605521341e-14,0
640.0,0.065,0.055,2.26066389025e-13,0
640.0,0.06,0.06,-8.0973825458e-16,0
640.0,0.06,0.065,-1.53052491101e-13,0
640.0,0.065,0.06,7.85502062565e-14,0
640.0,0.065,0.065,-2.16037420953e-13,0
640.0,0.06,0.07,-4.04210543311e-13,0
640.0,0.06,0.075,-6.99478646058e-13,0
640.0,0.065,0.07,-6.03642140146e-13,0
640.0,0.065,0.075,-1.0317380488e-12,0
640.0,0.07,-0.075,3.08536881394e-13,0
640.0,0.07,-0.07,1.79083430198e-13,0
640.0,0.075,-0.075,2.87712993147e-13,0
640.0,0.075,-0.07,1.55800099201e-13,0
640.0,0.07,-0.065,5.90827673578e-14,0
640.0,0.075,-0.065,3.27277030796e-14,0
640.0,0.07,-0.06,-4.6736189785e-14,0
640.0,0.075,-0.06,-7.55452763672e-14,0
640.0,0.07,-0.055,-1.45104482313e-13,0
640.0,0.075,-0.055,-1.77944494744e-13,0
640.0,0.07,-0.05,-2.26200875658e-13,0
640.0,0.075,-0.05,-2.71914179698e-13,0
640.0,0.07,-0.045,-2.64177698082e-13,0
640.0,0.075,-0.045,-3.14641032223e-13,0
640.0,0.07,-0.04,-2.3870888525e-13,0
640.0,0.075,-0.04,-2.71843003672e-13,0
640.0,0.07,-0.035,-1.38848786066e-13,0
640.0,0.075,-0.035,-1.43148978168e-13,0
640.0,0.07,-0.03,8.56573151796e-15,0
640.0,0.075,-0.03,1.27522202338e-14,0
640.0,0.07,-0.025,1.73028014284e-13,0
640.0,0.075,-0.025,1.80588597958e-13,0
640.0,0.07,-0.02,3.14870824367e-13,0
640.0,0.075,-0.02,3.13318746062e-13,0
640.0,0.07,-0.015,3.26256522853e-13,0
640.0,0.075,-0.015,2.92995681162e-13,0
640.0,0.07,-0.01,2.27302929551e-13,0
640.0,0.075,-0.01,1.80927244156e-13,0
640.0,0.07,-0.005,1.03403574043e-13,0
640.0,0.075,-0.005,4.80499327314e-14,0
640.0,0.07,0,-4.19696908216e-14,0
640.0,0.075,0,-1.02517290761e-13,0
640.0,0.07,0.005,-1.97830812059e-13,0
640.0,0.075,0.005,-2.58097586029e-13,0
640.0,0.07,0.01,-3.28161365818e-13,0
640.0,0.075,0.01,-3.70147969952e-13,0
640.0,0.07,0.015,-3.56993759459e-13,0
640.0,0.075,0.015,-3.59191905502e-13,0
640.0,0.07,0.02,-2.90363544634e-13,0
640.0,0.075,0.02,-2.6483946381e-13,0
640.0,0.07,0.025,-1.73251429897e-13,0
640.0,0.075,0.025,-1.19910713502e-13,0
640.0,0.07,0.03,-6.61419592385e-15,0
640.0,0.075,0.03,7.90223619709e-14,0
640.0,0.07,0.035,1.95727103806e-13,0
640.0,0.075,0.035,3.15600877171e-13,0
640.0,0.07,0.04,4.08439347287e-13,0
640.0,0.075,0.04,5.96445057215e-13,0
640.0,0.07,0.045,5.0843000227e-13,0
640.0,0.075,0.045,7.30896237556e-13,0
640.0,0.07,0.05,4.82901617104e-13,0
640.0,0.075,0.05,7.03926060631e-13,0
640.0,0.07,0.055,4.30799213825e-13,0
640.0,0.075,0.055,6.49500457205e-13,0
640.0,0.07,0.06,2.10436658014e-13,0
640.0,0.075,0.06,3.7999825186e-13,0
640.0,0.07,0.065,-2.14215777323e-13,0
640.0,0.075,0.065,-1.60660700083e-13,0
640.0,0.07,0.07,-7.30493279198e-13,0
640.0,0.07,0.075,-1.2684654179e-12,0
640.0,0.075,0.07,-7.96034196214e-13,0
640.0,0.075,0.075,-1.41106848042e-12,0
750.0,-0.00382671281566,-0.00202612167119,0,0
750.0,-0.005,-0.005,2.60285669178e-14,0
750.0,-0.00197892066871,-0.00385133392306,0,0
750.0,-0.005,-0.00190753787223,1.59505520709e-14,0
750.0,-0.00433,0,0,0
750.0,-0.00190753787223,-0.005,1.50562505519e-14,0
750.0,0,-0.00433,0,0
750.0,-0.005,0.00190775150599,1.59611161361e-14,0
750.0,-0.00385133392306,0.00197892066871,0,0
750.0,0.00190775150599,-0.005,1.52525412665e-14,0
750.0,0.00202612167119,-0.00382671281566,0,0
750.0,-0.00202612167119,0.00382671281566,0,0
750.0,-0.005,0.005,2.75198839671e-14,0
750.0,-0.0019094272225,0.005,1.57086775677e-14,0
750.0,0,0.00433,0,0
750.0,0.00147766755988,0.00407006125046,0,0
750.0,8.32667268469e-19,0.005,1.12916801036e-14,0
750.0,0.00433,0,0,0
750.0,0.005,1.38777878078e-18,1.2556097352e-14,0
750.0,0.00407006125046,0.00147766755988,0,0
750.0,0.005,-0.005,2.86607944003e-14,0
750.0,0.00385133392306,-0.00197892066871,0,0
750.0,0.005,-0.0019094272225,1.67771321632e-14,0
750.0,0.00306177236254,0.00306177236254,0,0
750.0,0.0019094272225,0.005,1.62630180641e-14,0
750.0,0.005,0.0019094272225,1.78526753744e-14,0
750.0,-0.000885,-0.0015328649647,1.27166592203e-12,0
750.0,-0.0015328649647,-0.000885,1.27178833972e-12,0
750.0,-0.00186450691264,-0.00187567167242,8.43121318961e-13,0
750.0,-0.00177,0,1.27147995993e-12,0
750.0,-0.00268433516245,-0.000738983120158,7.59193156683e-13,0
750.0,0,-0.00177,1.27162743181e-12,0
750.0,-0.000718432264205,-0.00269192408424,7.5748676109e-13,0
750.0,-0.0015328649647,0.000885,1.26997518714e-12,0
750.0,-0.00265321485144,0.000647311733689,7.89979604719e-13,0
750.0,-0.000885,0.0015328649647,1.26834720068e-12,0
750.0,-0.00194719253591,0.00178443766524,8.44047536928e-13,0
750.0,0,0.00177,1.2642402128e-12,0
750.0,-0.000802720381054,0.00273415977115,7.17581536964e-13,0
750.0,0.000885,-0.0015328649647,1.27031597694e-12,0
750.0,0.00075154031863,-0.00270385456952,7.45375310819e-13,0
750.0,0.00177,0,1.26257977159e-12,0
750.0,0.0015328649647,-0.000885,1.26816304323e-12,0
750.0,0.00271471102228,-0.000564731152102,7.61000565887e-13,0
750.0,0.00192394637685,-0.00189207206672,8.10188121483e-13,0
750.0,0.00231817117671,0.00040530921667,9.88022680833e-13,0
750.0,0.0015328649647,0.000885,1.26084562611e-12,0
750.0,0.000885,0.0015328649647,1.26155077749e-12,0
750.0,0.000427053001345,0.00287092483521,6.82266768294e-13,0
750.0,0.00187618296239,0.00184774001435,8.33434587856e-13,0
750.0,0.00312733402203,0.000607809752493,5.19257576525e-13,0
750.0,0.00276214303706,0.00136595635004,5.76924480076e-13,0
750.0,0.0014100336009,0.00268674970267,6.04839964738e-13,0
750.0,-0.075,-0.075,2.51025878193e-13,0
750.0,-0.07,-0.075,2.14944898668e-13,0
750.0,-0.075,-0.07,1.64504696402e-13,0
750.0,-0.07,-0.07,1.34454396964e-13,0
750.0,-0.075,-0.065,7.22737416669e-14,0
750.0,-0.07,-0.065,5.15194431091e-14,0
750.0,-0.065,-0.075,1.76667222388e-13,0
750.0,-0.065,-0.07,1.05147932452e-13,0
750.0,-0.065,-0.065,3.28716004163e-14,0
750.0,-0.075,-0.06,-2.7560615175e-14,0
750.0,-0.07,-0.06,-2.73540532061e-14,0
750.0,-0.065,-0.06,-3.02964316562e-14,0
750.0,-0.075,-0.055,-9.02891640206e-14,0
750.0,-0.07,-0.055,-7.31941914624e-14,0
750.0,-0.065,-0.055,-6.31119685023e-14,0
750.0,-0.075,-0.05,-1.06499935299e-13,0
750.0,-0.07,-0.05,-8.51233084468e-14,0
750.0,-0.065,-0.05,-6.92913127249e-14,0
750.0,-0.075,-0.045,-1.04581816485e-13,0
750.0,-0.07,-0.045,-8.2352549095e-14,0
750.0,-0.065,-0.045,-6.50788677352e-14,0
750.0,-0.075,-0.04,-8.79465494982e-14,0
750.0,-0.07,-0.04,-6.62400405982e-14,0
750.0,-0.075,-0.035,-6.17921335756e-14,0
750.0,-0.07,-0.035,-4.00486708703e-14,0
750.0,-0.065,-0.04,-4.88797325333e-14,0
750.0,-0.065,-0.035,-2.13695851466e-14,0
750.0,-0.075,-0.03,-1.3359883761e-14,0
750.0,-0.07,-0.03,3.16945712756e-15,0
750.0,-0.075,-0.025,4.57484785675e-14,0
750.0,-0.07,-0.025,5.25216111658e-14,0
750.0,-0.065,-0.03,1.7701725351e-14,0
750.0,-0.065,-0.025,5.93844577984e-14,0
750.0,-0.075,-0.02,8.29457768655e-14,0
750.0,-0.07,-0.02,8.50757931734e-14,0
750.0,-0.075,-0.015,7.54109169761e-14,0
750.0,-0.07,-0.015,8.32971636039e-14,0
750.0,-0.065,-0.02,8.99915365245e-14,0
750.0,-0.065,-0.015,9.82961577212e-14,0
750.0,-0.075,-0.01,1.91686985348e-14,0
750.0,-0.07,-0.01,3.59337698032e-14,0
750.0,-0.075,-0.005,-6.24852851323e-14,0
750.0,-0.07,-0.005,-4.24621598081e-14,0
750.0,-0.065,-0.01,6.1425843272e-14,0
750.0,-0.065,-0.005,-1.74050496494e-14,0
750.0,-0.075,0,-1.29039616741e-13,0
750.0,-0.07,0,-1.16340255386e-13,0
750.0,-0.075,0.005,-1.48829618452e-13,0
750.0,-0.07,0.005,-1.56078535021e-13,0
750.0,-0.065,4.16333634234e-19,-1.0478138256e-13,0
750.0,-0.065,0.005,-1.68875873953e-13,0
750.0,-0.075,0.01,-9.81394715425e-14,0
750.0,-0.07,0.01,-1.38879549983e-13,0
750.0,-0.075,0.015,9.41361072711e-15,0
750.0,-0.07,0.015,-6.37988564691e-14,0
750.0,-0.065,0.01,-1.8358143261e-13,0
750.0,-0.065,0.015,-1.35910746878e-13,0
750.0,-0.075,0.02,1.16556270583e-13,0
750.0,-0.07,0.02,3.28657952241e-14,0
750.0,-0.075,0.025,2.17438882171e-13,0
750.0,-0.07,0.025,1.26122060302e-13,0
750.0,-0.065,0.02,-4.89543960162e-14,0
750.0,-0.065,0.025,3.95605890876e-14,0
750.0,-0.075,0.03,3.01906367165e-13,0
750.0,-0.07,0.03,2.02133900425e-13,0
750.0,-0.075,0.035,3.5472877574e-13,0
750.0,-0.07,0.035,2.47815980726e-13,0
750.0,-0.065,0.03,1.12645973753e-13,0
750.0,-0.065,0.035,1.52353286976e-13,0
750.0,-0.075,0.04,3.42252389043e-13,0
750.0,-0.07,0.04,2.42959813826e-13,0
750.0,-0.075,0.045,2.68346781509e-13,0
750.0,-0.07,0.045,1.95764778185e-13,0
750.0,-0.065,0.04,1.54226454109e-13,0
750.0,-0.065,0.045,1.30044847697e-13,0
750.0,-0.075,0.05,1.9148826704e-13,0
750.0,-0.07,0.05,1.3826429827e-13,0
750.0,-0.075,0.055,1.1075734693e-13,0
750.0,-0.07,0.055,7.39699356011e-14,0
750.0,-0.065,0.05,9.19242792387e-14,0
750.0,-0.065,0.055,4.27467600689e-14,0
750.0,-0.075,0.06,2.92892605479e-14,0
750.0,-0.07,0.06,3.59308042273e-15,0
750.0,-0.075,0.065,-5.49283151201e-14,0
750.0,-0.07,0.065,-7.22704692191e-14,0
750.0,-0.065,0.06,-1.58870375978e-14,0
750.0,-0.065,0.065,-8.14201645891e-14,0
750.0,-0.075,0.07,-1.56251056833e-13,0
750.0,-0.07,0.07,-1.58188611572e-13,0
750.0,-0.075,0.075,-2.59122572072e-13,0
750.0,-0.07,0.075,-2.46388973274e-13,0
750.0,-0.065,0.07,-1.53271706258e-13,0
750.0,-0.065,0.075,-2.25382093115e-13,0
750.0,-0.06,-0.075,1.4254505436e-13,0
750.0,-0.06,-0.07,7.82331087039e-14,0
750.0,-0.06,-0.065,1.610371507e-14,0
750.0,-0.055,-0.075,1.08523563554e-13,0
750.0,-0.055,-0.07,5.11381480159e-14,0
750.0,-0.055,-0.065,-2.25966227083e-15,0
750.0,-0.06,-0.06,-3.41501491758e-14,0
750.0,-0.06,-0.055,-5.79155569518e-14,0
750.0,-0.055,-0.06,-4.22878271269e-14,0
750.0,-0.055,-0.055,-5.68316576118e-14,0
750.0,-0.06,-0.05,-6.00865174776e-14,0
750.0,-0.055,-0.05,-5.53011448151e-14,0
750.0,-0.06,-0.045,-5.36308014989e-14,0
750.0,-0.055,-0.045,-4.59999020394e-14,0
750.0,-0.06,-0.04,-3.57617766911e-14,0
750.0,-0.055,-0.04,-2.64808604674e-14,0
750.0,-0.06,-0.035,-7.82792624751e-15,0
750.0,-0.055,-0.035,7.08026307096e-16,0
750.0,-0.06,-0.03,2.78712125165e-14,0
750.0,-0.06,-0.025,6.49530341385e-14,0
750.0,-0.055,-0.03,3.39086510671e-14,0
750.0,-0.055,-0.025,6.75242025526e-14,0
750.0,-0.06,-0.02,9.43861300078e-14,0
750.0,-0.06,-0.015,1.10512058252e-13,0
750.0,-0.055,-0.02,9.57738169477e-14,0
750.0,-0.055,-0.015,1.16903071793e-13,0
750.0,-0.06,-0.01,8.80522624097e-14,0
750.0,-0.06,-0.005,1.71472969478e-14,0
750.0,-0.055,-0.01,1.06344553442e-13,0
750.0,-0.055,-0.005,5.20128744305e-14,0
750.0,-0.06,0,-8.03057073056e-14,0
750.0,-0.06,0.005,-1.67493209417e-13,0
750.0,-0.055,4.16333634234e-19,-4.37964252269e-14,0
750.0,-0.055,0.005,-1.4415971531e-13,0
750.0,-0.06,0.01,-2.09273950378e-13,0
750.0,-0.06,0.015,-1.89952392648e-13,0
750.0,-0.055,0.01,-2.06264697173e-13,0
750.0,-0.055,0.015,-2.11181586373e-13,0
750.0,-0.06,0.02,-1.21118945244e-13,0
750.0,-0.06,0.025,-3.79110069061e-14,0
750.0,-0.055,0.02,-1.62917862336e-13,0
750.0,-0.055,0.025,-8.94167365211e-14,0
750.0,-0.06,0.03,3.37640534369e-14,0
750.0,-0.06,0.035,7.69139136028e-14,0
750.0,-0.055,0.03,-2.63826289082e-14,0
750.0,-0.055,0.035,1.69991138731e-14,0
750.0,-0.06,0.04,8.96248001402e-14,0
750.0,-0.06,0.045,8.33456330865e-14,0
750.0,-0.055,0.04,3.80329943714e-14,0
750.0,-0.055,0.045,4.5169903717e-14,0
750.0,-0.06,0.05,5.7680718559e-14,0
750.0,-0.06,0.055,1.99796604876e-14,0
750.0,-0.055,0.05,3.16212517904e-14,0
750.0,-0.055,0.055,4.31809817852e-15,0
750.0,-0.06,0.06,-2.79934396573e-14,0
750.0,-0.06,0.065,-8.35976382188e-14,0
750.0,-0.055,0.06,-3.32916182189e-14,0
750.0,-0.055,0.065,-7.90453413815e-14,0
750.0,-0.06,0.07,-1.45268215216e-13,0
750.0,-0.06,0.075,-2.10601224112e-13,0
750.0,-0.055,0.07,-1.3048717303e-13,0
750.0,-0.055,0.075,-1.88562061974e-13,0
750.0,-0.05,-0.075,6.80119819763e-14,0
750.0,-0.05,-0.07,2.53271215423e-14,0
750.0,-0.045,-0.075,4.55087530029e-14,0
750.0,-0.045,-0.07,1.37860337411e-14,0
750.0,-0.05,-0.065,-1.56882225141e-14,0
750.0,-0.045,-0.065,-1.70614220237e-14,0
750.0,-0.05,-0.06,-4.57373587511e-14,0
750.0,-0.05,-0.055,-5.56236703287e-14,0
750.0,-0.045,-0.06,-4.09179865285e-14,0
750.0,-0.045,-0.055,-5.11684103269e-14,0
750.0,-0.05,-0.05,-5.26770233301e-14,0
750.0,-0.05,-0.045,-4.14928116821e-14,0
750.0,-0.045,-0.05,-4.98529889763e-14,0
750.0,-0.045,-0.045,-3.94900973396e-14,0
750.0,-0.05,-0.04,-2.16687387831e-14,0
750.0,-0.045,-0.04,-2.06958294156e-14,0
750.0,-0.05,-0.035,4.41182674687e-15,0
750.0,-0.045,-0.035,4.30684372074e-15,0
750.0,-0.05,-0.03,3.55149742402e-14,0
750.0,-0.045,-0.03,3.39028557366e-14,0
750.0,-0.05,-0.025,6.70946566704e-14,0
750.0,-0.045,-0.025,6.49623277919e-14,0
750.0,-0.05,-0.02,9.51133056186e-14,0
750.0,-0.05,-0.015,1.1871605793e-13,0
750.0,-0.045,-0.02,9.40853852072e-14,0
750.0,-0.045,-0.015,1.20118842284e-13,0
750.0,-0.05,-0.01,1.15684894604e-13,0
750.0,-0.05,-0.005,7.5324657109e-14,0
750.0,-0.045,-0.01,1.26233144925e-13,0
750.0,-0.045,-0.005,9.44660862157e-14,0
750.0,-0.05,0,-9.510231285e-15,0
750.0,-0.05,0.005,-1.07921827232e-13,0
750.0,-0.045,4.16333634234e-19,1.99478215365e-14,0
750.0,-0.045,0.005,-6.76168136346e-14,0
750.0,-0.05,0.01,-1.76365146417e-13,0
750.0,-0.05,0.015,-2.03799238776e-13,0
750.0,-0.045,0.01,-1.29102518787e-13,0
750.0,-0.045,0.015,-1.74377999509e-13,0
750.0,-0.05,0.02,-1.7677624348e-13,0
750.0,-0.05,0.025,-1.17175043465e-13,0
750.0,-0.045,0.02,-1.70493833947e-13,0
750.0,-0.045,0.025,-1.26404745776e-13,0
750.0,-0.05,0.03,-6.37670057969e-14,0
750.0,-0.05,0.035,-2.33112407794e-14,0
750.0,-0.045,0.03,-8.61230395972e-14,0
750.0,-0.045,0.035,-5.15890255622e-14,0
750.0,-0.05,0.04,5.27429767676e-16,0
750.0,-0.05,0.045,1.46708121859e-14,0
750.0,-0.045,0.04,-2.60406264849e-14,0
750.0,-0.045,0.045,-7.19334659423e-15,0
750.0,-0.05,0.05,1.41145248535e-14,0
750.0,-0.05,0.055,3.38414379082e-16,0
750.0,-0.045,0.05,4.74036868164e-15,0
750.0,-0.045,0.055,8.54538147541e-15,0
750.0,-0.05,0.06,-2.44527163813e-14,0
750.0,-0.05,0.065,-5.6761845145e-14,0
750.0,-0.045,0.06,-2.50788302342e-17,0
750.0,-0.045,0.065,-1.34605348832e-14,0
750.0,-0.05,0.07,-9.39539564115e-14,0
750.0,-0.05,0.075,-1.37695552453e-13,0
750.0,-0.045,0.07,-2.836101254e-14,0
750.0,-0.045,0.075,-5.03487333347e-14,0
750.0,-0.04,-0.075,4.76984708977e-14,0
750.0,-0.04,-0.07,1.69911732741e-14,0
750.0,-0.035,-0.075,5.42837062256e-14,0
750.0,-0.035,-0.07,2.2695296999e-14,0
750.0,-0.04,-0.065,-1.23782034748e-14,0
750.0,-0.035,-0.065,-7.22406995665e-15,0
750.0,-0.04,-0.06,-3.55964067534e-14,0
750.0,-0.035,-0.06,-3.13851638951e-14,0
750.0,-0.04,-0.055,-4.74808156362e-14,0
750.0,-0.035,-0.055,-4.56971574744e-14,0
750.0,-0.04,-0.05,-4.82203934039e-14,0
750.0,-0.04,-0.045,-3.99745638906e-14,0
750.0,-0.035,-0.05,-4.92004220427e-14,0
750.0,-0.035,-0.045,-4.3313278891e-14,0
750.0,-0.04,-0.04,-2.31384827042e-14,0
750.0,-0.04,-0.035,4.8586359491e-16,0
750.0,-0.035,-0.04,-2.85458054128e-14,0
750.0,-0.035,-0.035,-6.50118595285e-15,0
750.0,-0.04,-0.03,2.87200972211e-14,0
750.0,-0.035,-0.03,2.03575567165e-14,0
750.0,-0.04,-0.025,5.91232851091e-14,0
750.0,-0.035,-0.025,4.94249120432e-14,0
750.0,-0.04,-0.02,8.90473554857e-14,0
750.0,-0.035,-0.02,7.80298293207e-14,0
750.0,-0.04,-0.015,1.16104326005e-13,0
750.0,-0.035,-0.015,1.0354549484e-13,0
750.0,-0.04,-0.01,1.30233270059e-13,0
750.0,-0.04,-0.005,1.11814270621e-13,0
750.0,-0.035,-0.01,1.19780747668e-13,0
750.0,-0.035,-0.005,1.18635167555e-13,0
750.0,-0.04,0,5.03715330249e-14,0
750.0,-0.04,0.005,-2.60264859407e-14,0
750.0,-0.035,4.16333634234e-19,7.76359444832e-14,0
750.0,-0.035,0.005,1.37222192252e-14,0
750.0,-0.04,0.01,-8.49768262216e-14,0
750.0,-0.04,0.015,-1.33222754283e-13,0
750.0,-0.035,0.01,-4.49173589092e-14,0
750.0,-0.035,0.015,-9.20754728762e-14,0
750.0,-0.04,0.02,-1.46220900206e-13,0
750.0,-0.04,0.025,-1.22445534695e-13,0
750.0,-0.035,0.02,-1.11254091413e-13,0
750.0,-0.035,0.025,-1.06384910674e-13,0
750.0,-0.04,0.03,-9.29103531828e-14,0
750.0,-0.04,0.035,-6.55713276502e-14,0
750.0,-0.035,0.03,-8.84163924408e-14,0
750.0,-0.035,0.035,-6.78194934507e-14,0
750.0,-0.04,0.04,-4.07453935634e-14,0
750.0,-0.04,0.045,-1.80247072942e-14,0
750.0,-0.035,0.04,-4.54923872548e-14,0
750.0,-0.035,0.045,-2.1344597613e-14,0
750.0,-0.04,0.05,3.15253966711e-15,0
750.0,-0.04,0.055,2.21512604669e-14,0
750.0,-0.035,0.05,6.16613640028e-15,0
750.0,-0.035,0.055,3.7151135366e-14,0
750.0,-0.04,0.06,3.93760102031e-14,0
750.0,-0.04,0.065,5.33548516069e-14,0
750.0,-0.035,0.06,8.36000929008e-14,0
750.0,-0.035,0.065,1.30908504923e-13,0
750.0,-0.04,0.07,6.12517702687e-14,0
750.0,-0.04,0.075,6.24740198106e-14,0
750.0,-0.035,0.07,1.62914832863e-13,0
750.0,-0.035,0.075,1.86974436015e-13,0
750.0,-0.03,-0.075,6.43068519463e-14,0
750.0,-0.03,-0.07,3.05441303186e-14,0
750.0,-0.025,-0.075,7.78904755304e-14,0
750.0,-0.025,-0.07,4.0495340417e-14,0
750.0,-0.03,-0.065,-1.76427785725e-15,0
750.0,-0.025,-0.065,3.69739458522e-15,0
750.0,-0.03,-0.06,-2.84041777704e-14,0
750.0,-0.025,-0.06,-2.74157285414e-14,0
750.0,-0.03,-0.055,-4.57769371354e-14,0
750.0,-0.025,-0.055,-4.8541108698e-14,0
750.0,-0.03,-0.05,-5.25822061493e-14,0
750.0,-0.025,-0.05,-5.85616860249e-14,0
750.0,-0.03,-0.045,-4.92338301261e-14,0
750.0,-0.025,-0.045,-5.76366202326e-14,0
750.0,-0.03,-0.04,-3.65662898325e-14,0
750.0,-0.03,-0.035,-1.62452274137e-14,0
750.0,-0.025,-0.04,-4.68242412477e-14,0
750.0,-0.025,-0.035,-2.82368597532e-14,0
750.0,-0.03,-0.03,9.18665870673e-15,0
750.0,-0.03,-0.025,3.68245386972e-14,0
750.0,-0.025,-0.03,-3.90315412345e-15,0
750.0,-0.025,-0.025,2.28997704215e-14,0
750.0,-0.03,-0.02,6.37897302709e-14,0
750.0,-0.025,-0.02,4.87218727661e-14,0
750.0,-0.03,-0.015,8.79217562403e-14,0
750.0,-0.025,-0.015,7.13031767506e-14,0
750.0,-0.03,-0.01,1.03532951936e-13,0
750.0,-0.025,-0.01,8.60010664431e-14,0
750.0,-0.03,-0.005,1.07004214155e-13,0
750.0,-0.025,-0.005,8.90211031012e-14,0
750.0,-0.03,0,8.66142175409e-14,0
750.0,-0.03,0.005,4.38771422713e-14,0
750.0,-0.025,4.16333634234e-19,7.85740337841e-14,0
750.0,-0.025,0.005,5.47805446673e-14,0
750.0,-0.03,0.01,-8.66513978991e-15,0
750.0,-0.03,0.015,-5.44573472501e-14,0
750.0,-0.025,0.01,1.86808864641e-14,0
750.0,-0.025,0.015,-1.90760708929e-14,0
750.0,-0.03,0.02,-7.65026913572e-14,0
750.0,-0.03,0.025,-8.22635373415e-14,0
750.0,-0.025,0.02,-4.44075501765e-14,0
750.0,-0.025,0.025,-5.57342766947e-14,0
750.0,-0.03,0.03,-7.46314021876e-14,0
750.0,-0.03,0.035,-6.13754464978e-14,0
750.0,-0.025,0.03,-5.56319709665e-14,0
750.0,-0.025,0.035,-4.91808623527e-14,0
750.0,-0.03,0.04,-4.34683585091e-14,0
750.0,-0.03,0.045,-2.10197230307e-14,0
750.0,-0.025,0.04,-3.74013157828e-14,0
750.0,-0.025,0.045,-2.00167414683e-14,0
750.0,-0.03,0.05,9.71086243158e-15,0
750.0,-0.03,0.055,5.03052396077e-14,0
750.0,-0.025,0.05,8.69075659862e-15,0
750.0,-0.025,0.055,5.23429354925e-14,0
750.0,-0.03,0.06,1.14408926572e-13,0
750.0,-0.03,0.065,1.86211889882e-13,0
750.0,-0.025,0.06,1.14977009273e-13,0
750.0,-0.025,0.065,1.88469537462e-13,0
750.0,-0.03,0.07,2.49520575891e-13,0
750.0,-0.03,0.075,3.13266562639e-13,0
750.0,-0.025,0.07,2.669737077e-13,0
750.0,-0.025,0.075,3.526069901e-13,0
750.0,-0.02,-0.075,9.49890615272e-14,0
750.0,-0.02,-0.07,5.33584825848e-14,0
750.0,-0.015,-0.075,1.15476843931e-13,0
750.0,-0.015,-0.07,6.93830676258e-14,0
750.0,-0.02,-0.065,1.10623378396e-14,0
750.0,-0.015,-0.065,2.08494496702e-14,0
750.0,-0.02,-0.06,-2.72853293069e-14,0
750.0,-0.015,-0.06,-2.76244725414e-14,0
750.0,-0.02,-0.055,-5.39165771403e-14,0
750.0,-0.015,-0.055,-6.19539438044e-14,0
750.0,-0.02,-0.05,-6.7199781271e-14,0
750.0,-0.015,-0.05,-7.81637684501e-14,0
750.0,-0.02,-0.045,-6.8635278997e-14,0
750.0,-0.015,-0.045,-8.19939677592e-14,0
750.0,-0.02,-0.04,-5.92865760923e-14,0
750.0,-0.015,-0.04,-7.40047735031e-14,0
750.0,-0.02,-0.035,-4.19735815864e-14,0
750.0,-0.015,-0.035,-5.69280626552e-14,0
750.0,-0.02,-0.03,-1.80748433827e-14,0
750.0,-0.02,-0.025,8.68540388282e-15,0
750.0,-0.015,-0.03,-3.22035518811e-14,0
750.0,-0.015,-0.025,-4.47295664232e-15,0
750.0,-0.02,-0.02,3.38088843355e-14,0
750.0,-0.02,-0.015,5.49749603697e-14,0
750.0,-0.015,-0.02,2.04739888354e-14,0
750.0,-0.015,-0.015,4.03790453375e-14,0
750.0,-0.02,-0.01,6.86075343359e-14,0
750.0,-0.015,-0.01,5.25620959929e-14,0
750.0,-0.02,-0.005,7.2392582473e-14,0
750.0,-0.015,-0.005,5.64731985198e-14,0
750.0,-0.02,0,6.68662509055e-14,0
750.0,-0.015,4.16333634234e-19,5.43928014583e-14,0
750.0,-0.02,0.005,5.32242734201e-14,0
750.0,-0.015,0.005,4.96212405278e-14,0
750.0,-0.02,0.01,3.11061592706e-14,0
750.0,-0.02,0.015,5.66186204414e-15,0
750.0,-0.015,0.01,3.97157295266e-14,0
750.0,-0.015,0.015,2.54984221903e-14,0
750.0,-0.02,0.02,-1.5782698221e-14,0
750.0,-0.02,0.025,-2.86000039882e-14,0
750.0,-0.015,0.02,1.0446318257e-14,0
750.0,-0.015,0.025,-8.43088411338e-16,0
750.0,-0.02,0.03,-3.35159438228e-14,0
750.0,-0.02,0.035,-3.38614726772e-14,0
750.0,-0.015,0.03,-9.07852110711e-15,0
750.0,-0.015,0.035,-1.64489994963e-14,0
750.0,-0.02,0.04,-2.94319962862e-14,0
750.0,-0.02,0.045,-2.02858095693e-14,0
750.0,-0.015,0.04,-2.11134658842e-14,0
750.0,-0.015,0.045,-2.16951450121e-14,0
750.0,-0.02,0.05,-7.30433437695e-16,0
750.0,-0.02,0.055,3.43876290261e-14,0
750.0,-0.015,0.05,-1.84393428436e-14,0
750.0,-0.015,0.055,4.3154626405e-16,0
750.0,-0.02,0.06,8.46537153616e-14,0
750.0,-0.02,0.065,1.47315517312e-13,0
750.0,-0.015,0.06,3.65109868538e-14,0
750.0,-0.015,0.065,8.38347726234e-14,0
750.0,-0.02,0.07,2.19821001285e-13,0
750.0,-0.02,0.075,3.01670298981e-13,0
750.0,-0.015,0.07,1.3812178312e-13,0
750.0,-0.015,0.075,2.04924810799e-13,0
750.0,-0.01,-0.075,1.42833558616e-13,0
750.0,-0.01,-0.07,9.09349847286e-14,0
750.0,-0.005,-0.075,1.73459831715e-13,0
750.0,-0.005,-0.07,1.16936102086e-13,0
750.0,-0.01,-0.065,3.63123160139e-14,0
750.0,-0.005,-0.065,5.65653169264e-14,0
750.0,-0.01,-0.06,-2.69074193589e-14,0
750.0,-0.005,-0.06,-1.92585046072e-14,0
750.0,-0.01,-0.055,-7.32539655711e-14,0
750.0,-0.005,-0.055,-8.13930893596e-14,0
750.0,-0.01,-0.05,-9.11002836671e-14,0
750.0,-0.005,-0.05,-1.05112482534e-13,0
750.0,-0.01,-0.045,-9.74335318313e-14,0
750.0,-0.005,-0.045,-1.14867543804e-13,0
750.0,-0.01,-0.04,-9.07630444475e-14,0
750.0,-0.005,-0.04,-1.0922404577e-13,0
750.0,-0.01,-0.035,-7.27488954592e-14,0
750.0,-0.005,-0.035,-8.91371214553e-14,0
750.0,-0.01,-0.03,-4.52061094086e-14,0
750.0,-0.005,-0.03,-5.64170522171e-14,0
750.0,-0.01,-0.025,-1.49598828945e-14,0
750.0,-0.005,-0.025,-2.15593568806e-14,0
750.0,-0.01,-0.02,1.02945009055e-14,0
750.0,-0.01,-0.015,2.90455522251e-14,0
750.0,-0.005,-0.02,4.6656090814e-15,0
750.0,-0.005,-0.015,2.26088046341e-14,0
750.0,-0.0117873230072,-0.0115873794689,4.10575750703e-14,0
750.0,-0.00939961996336,-0.005,3.91452953238e-14,0
750.0,-0.00792797428371,-0.00964253216809,3.49728033766e-14,0
750.0,-0.005,-0.00939961996336,3.00832721037e-14,0
750.0,-0.0108753492546,-0.00150606400588,4.24713795182e-14,0
750.0,-0.00818101620308,-0.00211452602544,3.30180994456e-14,0
750.0,-0.00651817360753,-0.000255934956239,2.40662878331e-14,0
750.0,-0.005,6.71033969428e-08,1.19161099726e-14,0
750.0,-0.0107292118043,0.00160660295843,4.13014431142e-14,0
750.0,-0.0080188992252,0.000768320427092,3.13382897729e-14,0
750.0,-0.00939946851065,0.005,3.90733797708e-14,0
750.0,-0.00802129342231,0.00264911934363,3.27103854399e-14,0
750.0,-0.00887989370213,0.00887989479405,4.25788390415e-14,0
750.0,-0.01,0.015,4.3341901116e-14,0
750.0,-0.005,0.00939947397025,4.39411645268e-14,0
750.0,-0.005,0.015,5.88012642206e-14,0
750.0,-0.01,0.02,3.8719781328e-14,0
750.0,-0.01,0.025,3.03682189162e-14,0
750.0,-0.005,0.02,6.51465550996e-14,0
750.0,-0.005,0.025,6.17952125256e-14,0
750.0,-0.01,0.03,2.00857944404e-14,0
750.0,-0.01,0.035,7.80902549593e-15,0
750.0,-0.005,0.03,5.10314599375e-14,0
750.0,-0.005,0.035,3.53449630248e-14,0
750.0,-0.01,0.04,-8.53994127053e-15,0
750.0,-0.01,0.045,-2.79306467138e-14,0
750.0,-0.005,0.04,7.7830582505e-15,0
750.0,-0.005,0.045,-3.05376232134e-14,0
750.0,-0.01,0.05,-4.62955048984e-14,0
750.0,-0.01,0.055,-5.290947652e-14,0
750.0,-0.005,0.05,-7.02710848985e-14,0
750.0,-0.005,0.055,-1.05200105839e-13,0
750.0,-0.01,0.06,-4.15361753065e-14,0
750.0,-0.01,0.065,-1.93206014469e-14,0
750.0,-0.005,0.06,-1.25522292518e-13,0
750.0,-0.005,0.065,-1.3258640493e-13,0
750.0,-0.01,0.07,6.97611121002e-15,0
750.0,-0.01,0.075,3.67226669039e-14,0
750.0,-0.005,0.07,-1.36127670609e-13,0
750.0,-0.005,0.075,-1.47604024648e-13,0
750.0,0,-0.075,2.30598146785e-13,0
750.0,0,-0.07,1.56970072847e-13,0
750.0,0.005,-0.075,2.86301860804e-13,0
750.0,0.005,-0.07,1.93418200377e-13,0
750.0,0,-0.065,8.24468702303e-14,0
750.0,0.005,-0.065,1.05309950769e-13,0
750.0,0,-0.06,2.72338800705e-15,0
750.0,0.005,-0.06,2.59433916977e-14,0
750.0,0,-0.055,-6.88030591397e-14,0
750.0,0.005,-0.055,-4.73868867587e-14,0
750.0,0,-0.05,-1.12844180061e-13,0
750.0,0.005,-0.05,-1.03859408344e-13,0
750.0,0,-0.045,-1.32545146653e-13,0
750.0,0.005,-0.045,-1.31922056134e-13,0
750.0,0,-0.04,-1.28925766292e-13,0
750.0,0.005,-0.04,-1.3174335631e-13,0
750.0,0,-0.035,-1.04258403202e-13,0
750.0,0.005,-0.035,-1.04124979717e-13,0
750.0,0,-0.03,-6.34350552126e-14,0
750.0,0.005,-0.03,-6.07283043887e-14,0
750.0,0,-0.025,-2.19220569494e-14,0
750.0,0.005,-0.025,-1.65735352159e-14,0
750.0,0,-0.02,5.69609644263e-15,0
750.0,0.005,-0.02,1.42957076403e-14,0
750.0,0,-0.015,2.3180712912e-14,0
750.0,0.005,-0.015,3.2299656087e-14,0
750.0,-0.0021196717084,-0.00776771017156,2.56508896378e-14,0
750.0,-0.00084550708518,-0.00631514607954,2.06228870101e-14,0
750.0,6.71033969406e-08,-0.005,1.16262820471e-14,0
750.0,-0.00139054260708,-0.0110960807567,2.72859671063e-14,0
750.0,0.00132468676756,-0.00775008274642,2.60673480198e-14,0
750.0,0.00160394440688,-0.0116908851489,2.93127164761e-14,0
750.0,0.005,-0.00939946851065,3.66626108071e-14,0
750.0,0.005,0.005,3.61458180162e-14,0
750.0,-0.000107646311398,0.00617659695633,2.62711785801e-14,0
750.0,-0.00190846935279,0.0076427502668,3.71895139945e-14,0
750.0,0.00131146485568,0.00777290068297,3.99829801359e-14,0
750.0,0.00295884413402,0.00640276348073,3.37973455173e-14,0
750.0,-1.21517769428e-05,0.0108932602996,5.62583197155e-14,0
750.0,0,0.015,7.48572219148e-14,0
750.0,0.005,0.00939942566771,6.54843665455e-14,0
750.0,0.005,0.015,9.72796350635e-14,0
750.0,0,0.02,8.83032709207e-14,0
750.0,0,0.025,8.92491626061e-14,0
750.0,0.005,0.02,1.1329112248e-13,0
750.0,0.005,0.025,1.12773261716e-13,0
750.0,0,0.03,7.81642794051e-14,0
750.0,0,0.035,5.92420328642e-14,0
750.0,0.005,0.03,9.79643546495e-14,0
750.0,0.005,0.035,7.45755322793e-14,0
750.0,0,0.04,2.39257357856e-14,0
750.0,0,0.045,-2.6258515816e-14,0
750.0,0.005,0.04,3.74143356985e-14,0
750.0,0.005,0.045,-1.47776490514e-14,0
750.0,0,0.05,-7.75263633441e-14,0
750.0,0,0.055,-1.28574849322e-13,0
750.0,0.005,0.05,-6.90241984029e-14,0
750.0,0.005,0.055,-1.22572597133e-13,0
750.0,0,0.06,-1.7472671765e-13,0
750.0,0,0.065,-2.06796604613e-13,0
750.0,0.005,0.06,-1.73284873896e-13,0
750.0,0.005,0.065,-2.17831418992e-13,0
750.0,0,0.07,-2.30866786441e-13,0
750.0,0,0.075,-2.65661141627e-13,0
750.0,0.005,0.07,-2.58197510547e-13,0
750.0,0.005,0.075,-3.0215743138e-13,0
750.0,0.01,-0.075,3.02322361824e-13,0
750.0,0.01,-0.07,2.07247585315e-13,0
750.0,0.015,-0.075,2.74515236131e-13,0
750.0,0.015,-0.07,1.95486640772e-13,0
750.0,0.01,-0.065,1.15207833065e-13,0
750.0,0.015,-0.065,1.16160575178e-13,0
750.0,0.01,-0.06,3.68825897195e-14,0
750.0,0.015,-0.06,4.13148569584e-14,0
750.0,0.01,-0.055,-3.35516876123e-14,0
750.0,0.015,-0.055,-2.42006411649e-14,0
750.0,0.01,-0.05,-8.80749951499e-14,0
750.0,0.015,-0.05,-7.28495464457e-14,0
750.0,0.01,-0.045,-1.18938870464e-13,0
750.0,0.015,-0.045,-1.06430270373e-13,0
750.0,0.01,-0.04,-1.20593522158e-13,0
750.0,0.015,-0.04,-1.10498405168e-13,0
750.0,0.01,-0.035,-9.21780921308e-14,0
750.0,0.015,-0.035,-7.81544560264e-14,0
750.0,0.01,-0.03,-4.74938534349e-14,0
750.0,0.015,-0.03,-2.93911694882e-14,0
750.0,0.01,-0.025,-1.36587867374e-15,0
750.0,0.015,-0.025,2.14020810576e-14,0
750.0,0.01,-0.02,3.6004066571e-14,0
750.0,0.01,-0.015,5.68915574837e-14,0
750.0,0.015,-0.02,6.91302789302e-14,0
750.0,0.015,-0.015,9.75027325063e-14,0
750.0,0.00999280436795,-0.0116358337096,6.27025299314e-14,0
750.0,0.0105889214373,-0.00845762197625,6.9234350698e-14,0
750.0,0.015,-0.01,1.09236380734e-13,0
750.0,0.00939947397025,-0.005,5.84592655721e-14,0
750.0,0.015,-0.005,1.15398436523e-13,0
750.0,0.00658051136513,-0.00296146438142,3.36051674925e-14,0
750.0,0.00636794669772,-3.54305826484e-06,2.83605782918e-14,0
750.0,0.00795807888052,-0.00113999998936,4.36171452002e-14,0
750.0,0.00758147027913,0.00183630393596,4.40442085149e-14,0
750.0,0.0112534647756,-1.47536350887e-07,7.92965871846e-14,0
750.0,0.015,4.16333634234e-19,1.21101485891e-13,0
750.0,0.00939942566771,0.005,7.612326496e-14,0
750.0,0.015,0.005,1.35998811513e-13,0
750.0,0.00999018807453,0.0109670628501,1.12523856781e-13,0
750.0,0.01,0.015,1.2969872643e-13,0
750.0,0.015,0.01,1.53609921667e-13,0
750.0,0.015,0.015,1.66639096185e-13,0
750.0,0.01,0.02,1.39974999642e-13,0
750.0,0.01,0.025,1.32847591112e-13,0
750.0,0.015,0.02,1.67579562176e-13,0
750.0,0.015,0.025,1.51757832472e-13,0
750.0,0.01,0.03,1.12366431853e-13,0
750.0,0.01,0.035,8.49041124258e-14,0
750.0,0.015,0.03,1.24610773617e-13,0
750.0,0.015,0.035,9.02278728951e-14,0
750.0,0.01,0.04,4.63644195157e-14,0
750.0,0.01,0.045,-2.38447178705e-15,0
750.0,0.015,0.04,4.91215596141e-14,0
750.0,0.015,0.045,5.13401134725e-15,0
750.0,0.01,0.05,-5.23488768716e-14,0
750.0,0.01,0.055,-9.9464505898e-14,0
750.0,0.015,0.05,-3.78924442473e-14,0
750.0,0.015,0.055,-7.58193357207e-14,0
750.0,0.01,0.06,-1.42551995943e-13,0
750.0,0.01,0.065,-1.81644320703e-13,0
750.0,0.015,0.06,-1.07821798811e-13,0
750.0,0.015,0.065,-1.28953364608e-13,0
750.0,0.01,0.07,-2.15046557105e-13,0
750.0,0.01,0.075,-2.379991587e-13,0
750.0,0.015,0.07,-1.22917779375e-13,0
750.0,0.015,0.075,-1.00495747123e-13,0
750.0,0.02,-0.075,2.28536623132e-13,0
750.0,0.02,-0.07,1.62843451595e-13,0
750.0,0.025,-0.075,1.72621708848e-13,0
750.0,0.025,-0.07,1.20534485808e-13,0
750.0,0.02,-0.065,9.85540104756e-14,0
750.0,0.025,-0.065,6.89610965388e-14,0
750.0,0.02,-0.06,3.58271590763e-14,0
750.0,0.025,-0.06,2.21903312671e-14,0
750.0,0.02,-0.055,-1.93004068959e-14,0
750.0,0.025,-0.055,-1.84521681047e-14,0
750.0,0.02,-0.05,-6.1154451339e-14,0
750.0,0.025,-0.05,-5.25701349377e-14,0
750.0,0.02,-0.045,-9.39449633769e-14,0
750.0,0.025,-0.045,-7.96037309634e-14,0
750.0,0.02,-0.04,-9.78264293332e-14,0
750.0,0.025,-0.04,-8.0597553292e-14,0
750.0,0.02,-0.035,-6.11117102243e-14,0
750.0,0.025,-0.035,-4.34535543415e-14,0
750.0,0.02,-0.03,-8.68526962955e-15,0
750.0,0.025,-0.03,1.01884380115e-14,0
750.0,0.02,-0.025,4.72692618106e-14,0
750.0,0.025,-0.025,6.94425486565e-14,0
750.0,0.02,-0.02,1.06311604197e-13,0
750.0,0.025,-0.02,1.35527529606e-13,0
750.0,0.02,-0.015,1.43981569137e-13,0
750.0,0.025,-0.015,1.85443192175e-13,0
750.0,0.02,-0.01,1.6166144056e-13,0
750.0,0.025,-0.01,2.12401920878e-13,0
750.0,0.02,-0.005,1.75221804808e-13,0
750.0,0.025,-0.005,2.32099179549e-13,0
750.0,0.02,0,1.85748082589e-13,0
750.0,0.025,4.16333634234e-19,2.45787594704e-13,0
750.0,0.02,0.005,1.94984536359e-13,0
750.0,0.025,0.005,2.49169885585e-13,0
750.0,0.02,0.01,2.01772476165e-13,0
750.0,0.025,0.01,2.46309040858e-13,0
750.0,0.02,0.015,2.02629977451e-13,0
750.0,0.025,0.015,2.33703805268e-13,0
750.0,0.02,0.02,1.90698209792e-13,0
750.0,0.02,0.025,1.63634627629e-13,0
750.0,0.025,0.02,2.04505545705e-13,0
750.0,0.025,0.025,1.58019155334e-13,0
750.0,0.02,0.03,1.26481902551e-13,0
750.0,0.02,0.035,8.41862592281e-14,0
750.0,0.025,0.03,1.1027351801e-13,0
750.0,0.025,0.035,6.54502110971e-14,0
750.0,0.02,0.04,4.22108622422e-14,0
750.0,0.02,0.045,3.42309980565e-15,0
750.0,0.025,0.04,2.59434849595e-14,0
750.0,0.025,0.045,-7.12412169093e-15,0
750.0,0.02,0.05,-2.98510299521e-14,0
750.0,0.02,0.055,-5.42822126638e-14,0
750.0,0.025,0.05,-2.95462688752e-14,0
750.0,0.025,0.055,-3.49993291782e-14,0
750.0,0.02,0.06,-6.17422527935e-14,0
750.0,0.02,0.065,-4.80049853997e-14,0
750.0,0.025,0.06,-1.30716051794e-14,0
750.0,0.025,0.065,2.7388405697e-14,0
750.0,0.02,0.07,-1.4005152566e-14,0
750.0,0.02,0.075,3.15587722264e-14,0
750.0,0.025,0.07,7.98381338448e-14,0
750.0,0.025,0.075,1.45222079708e-13,0
750.0,0.03,-0.075,1.17838511936e-13,0
750.0,0.03,-0.07,7.5647701749e-14,0
750.0,0.035,-0.075,6.20085447959e-14,0
750.0,0.035,-0.07,2.90165511549e-14,0
750.0,0.03,-0.065,3.67332551889e-14,0
750.0,0.035,-0.065,2.97777220608e-15,0
750.0,0.03,-0.06,3.82773437748e-15,0
750.0,0.035,-0.06,-1.46017201761e-14,0
750.0,0.03,-0.055,-2.37923010011e-14,0
750.0,0.035,-0.055,-2.87219153457e-14,0
750.0,0.03,-0.05,-4.56087649878e-14,0
750.0,0.035,-0.05,-3.77152687352e-14,0
750.0,0.03,-0.045,-6.20774953858e-14,0
750.0,0.035,-0.045,-4.36581582847e-14,0
750.0,0.03,-0.04,-6.04246986969e-14,0
750.0,0.035,-0.04,-4.06727614836e-14,0
750.0,0.03,-0.035,-2.88746849579e-14,0
750.0,0.035,-0.035,-1.99260932836e-14,0
750.0,0.03,-0.03,2.15970431624e-14,0
750.0,0.035,-0.03,2.24067021169e-14,0
750.0,0.03,-0.025,7.90408997345e-14,0
750.0,0.035,-0.025,6.9968357186e-14,0
750.0,0.03,-0.02,1.39325352557e-13,0
750.0,0.035,-0.02,1.11180918863e-13,0
750.0,0.03,-0.015,1.92150238461e-13,0
750.0,0.035,-0.015,1.49069737825e-13,0
750.0,0.03,-0.01,2.30271205996e-13,0
750.0,0.035,-0.01,1.82763451919e-13,0
750.0,0.03,-0.005,2.54642861617e-13,0
750.0,0.035,-0.005,2.03478077021e-13,0
750.0,0.03,0,2.67465177393e-13,0
750.0,0.035,4.16333634234e-19,2.15068679079e-13,0
750.0,0.03,0.005,2.67351365139e-13,0
750.0,0.035,0.005,2.12324382266e-13,0
750.0,0.03,0.01,2.52451271917e-13,0
750.0,0.035,0.01,1.90500865882e-13,0
750.0,0.03,0.015,2.22849591173e-13,0
750.0,0.035,0.015,1.50546914199e-13,0
750.0,0.03,0.02,1.78784232521e-13,0
750.0,0.035,0.02,1.10367302881e-13,0
750.0,0.03,0.025,1.23351788546e-13,0
750.0,0.035,0.025,6.74673673613e-14,0
750.0,0.03,0.03,7.56030577711e-14,0
750.0,0.03,0.035,3.33433400683e-14,0
750.0,0.035,0.03,2.59744686088e-14,0
750.0,0.035,0.035,-1.0109804639e-14,0
750.0,0.03,0.04,-1.56061432316e-15,0
750.0,0.03,0.045,-2.82902664717e-14,0
750.0,0.035,0.04,-3.94136857378e-14,0
750.0,0.035,0.045,-5.96325137076e-14,0
750.0,0.03,0.05,-3.81063334437e-14,0
750.0,0.03,0.055,-2.1666176992e-14,0
750.0,0.035,0.05,-5.68950879235e-14,0
750.0,0.035,0.055,-2.11337211619e-14,0
750.0,0.03,0.06,1.97167127087e-14,0
750.0,0.03,0.065,7.78747157884e-14,0
750.0,0.035,0.06,3.90460307667e-14,0
750.0,0.035,0.065,1.1419521945e-13,0
750.0,0.03,0.07,1.4854199998e-13,0
750.0,0.03,0.075,2.28325746114e-13,0
750.0,0.035,0.07,2.01095319591e-13,0
750.0,0.035,0.075,2.95174268433e-13,0
750.0,0.04,-0.075,-1.49565650164e-14,0
750.0,0.04,-0.07,-2.21260736665e-14,0
750.0,0.045,-0.075,-8.51852248826e-14,0
750.0,0.045,-0.07,-6.46398680971e-14,0
750.0,0.04,-0.065,-2.73076644475e-14,0
750.0,0.045,-0.065,-4.88074530911e-14,0
750.0,0.04,-0.06,-2.82185414989e-14,0
750.0,0.045,-0.06,-3.53031630545e-14,0
750.0,0.04,-0.055,-2.860692389e-14,0
750.0,0.045,-0.055,-2.43060984379e-14,0
750.0,0.04,-0.05,-2.83701318663e-14,0
750.0,0.045,-0.05,-1.62668156113e-14,0
750.0,0.04,-0.045,-2.82085281547e-14,0
750.0,0.045,-0.045,-1.07293333751e-14,0
750.0,0.04,-0.04,-2.41409230423e-14,0
750.0,0.045,-0.04,-6.45079159082e-15,0
750.0,0.04,-0.035,-1.32986996208e-14,0
750.0,0.045,-0.035,-3.97323218972e-15,0
750.0,0.04,-0.03,9.76136611568e-15,0
750.0,0.045,-0.03,-3.66535859009e-15,0
750.0,0.04,-0.025,3.55944856565e-14,0
750.0,0.045,-0.025,-6.86519772151e-15,0
750.0,0.04,-0.02,5.75509338747e-14,0
750.0,0.045,-0.02,-4.71872840814e-15,0
750.0,0.04,-0.015,7.71917239584e-14,0
750.0,0.045,-0.015,-6.75696068523e-15,0
750.0,0.04,-0.01,8.78817779365e-14,0
750.0,0.045,-0.01,-1.93347816413e-14,0
750.0,0.04,-0.005,9.31064933749e-14,0
750.0,0.045,-0.005,-3.14513632817e-14,0
750.0,0.04,0,1.01365947306e-13,0
750.0,0.045,4.16333634234e-19,-3.13420381851e-14,0
750.0,0.04,0.005,1.03134710475e-13,0
750.0,0.045,0.005,-2.54027395483e-14,0
750.0,0.04,0.01,8.93134063955e-14,0
750.0,0.045,0.01,-2.07872296681e-14,0
750.0,0.04,0.015,6.09300413391e-14,0
750.0,0.045,0.015,-2.79345619267e-14,0
750.0,0.04,0.02,3.04756931267e-14,0
750.0,0.045,0.02,-4.81978886291e-14,0
750.0,0.04,0.025,-2.07039467295e-15,0
750.0,0.045,0.025,-7.3297093138e-14,0
750.0,0.04,0.03,-3.58966364808e-14,0
750.0,0.045,0.03,-1.0242243572e-13,0
750.0,0.04,0.035,-6.65582964342e-14,0
750.0,0.045,0.035,-1.2858024233e-13,0
750.0,0.04,0.04,-8.9940342862e-14,0
750.0,0.04,0.045,-1.02513860824e-13,0
750.0,0.045,0.04,-1.45002140392e-13,0
750.0,0.045,0.045,-1.52647319734e-13,0
750.0,0.04,0.05,-8.8643408439e-14,0
750.0,0.04,0.055,-3.64504970605e-14,0
750.0,0.045,0.05,-1.32265004644e-13,0
750.0,0.045,0.055,-6.80929137179e-14,0
750.0,0.04,0.06,4.10497069768e-14,0
750.0,0.04,0.065,1.32621787574e-13,0
750.0,0.045,0.06,2.29340632219e-14,0
750.0,0.045,0.065,1.27924897089e-13,0
750.0,0.04,0.07,2.34944279372e-13,0
750.0,0.04,0.075,3.44147714482e-13,0
750.0,0.045,0.07,2.48707475364e-13,0
750.0,0.045,0.075,3.72426776441e-13,0
750.0,0.05,-0.075,-1.2519019284e-13,0
750.0,0.05,-0.07,-9.03378251407e-14,0
750.0,0.055,-0.075,-1.49903325232e-13,0
750.0,0.055,-0.07,-1.04243760384e-13,0
750.0,0.05,-0.065,-6.04048872449e-14,0
750.0,0.055,-0.065,-6.36724469384e-14,0
750.0,0.05,-0.06,-3.57154860987e-14,0
750.0,0.055,-0.06,-2.96395803314e-14,0
750.0,0.05,-0.055,-1.51517036565e-14,0
750.0,0.055,-0.055,-3.62044755457e-16,0
750.0,0.05,-0.05,8.28921978634e-17,0
750.0,0.055,-0.05,2.1705713178e-14,0
750.0,0.05,-0.045,1.0151768878e-14,0
750.0,0.055,-0.045,3.62492075228e-14,0
750.0,0.05,-0.04,1.42948156246e-14,0
750.0,0.055,-0.04,4.10258424207e-14,0
750.0,0.05,-0.035,1.13463179212e-14,0
750.0,0.055,-0.035,3.3561801035e-14,0
750.0,0.05,-0.03,-5.11504063343e-15,0
750.0,0.055,-0.03,3.30435448614e-15,0
750.0,0.05,-0.025,-3.45484365504e-14,0
750.0,0.055,-0.025,-4.85011856827e-14,0
750.0,0.05,-0.02,-6.85133907293e-14,0
750.0,0.055,-0.02,-1.17337247662e-13,0
750.0,0.05,-0.015,-9.40867659632e-14,0
750.0,0.055,-0.015,-1.71196542599e-13,0
750.0,0.05,-0.01,-1.11862716018e-13,0
750.0,0.055,-0.01,-1.94720420051e-13,0
750.0,0.05,-0.005,-1.29572734437e-13,0
750.0,0.055,-0.005,-2.08522324507e-13,0
750.0,0.05,0,-1.43091371281e-13,0
750.0,0.055,4.16333634234e-19,-2.08084495631e-13,0
750.0,0.05,0.005,-1.36436045685e-13,0
750.0,0.055,0.005,-1.91672493639e-13,0
750.0,0.05,0.01,-1.15339954101e-13,0
750.0,0.055,0.01,-1.68902893235e-13,0
750.0,0.05,0.015,-1.02990509897e-13,0
750.0,0.055,0.015,-1.57714167347e-13,0
750.0,0.05,0.02,-1.16411965627e-13,0
750.0,0.055,0.02,-1.68461698587e-13,0
750.0,0.05,0.025,-1.37754620731e-13,0
750.0,0.055,0.025,-1.83908135464e-13,0
750.0,0.05,0.03,-1.66179524123e-13,0
750.0,0.055,0.03,-2.0035243372e-13,0
750.0,0.05,0.035,-1.83121483727e-13,0
750.0,0.055,0.035,-2.16586673058e-13,0
750.0,0.05,0.04,-1.92418860687e-13,0
750.0,0.055,0.04,-2.26971934348e-13,0
750.0,0.05,0.045,-1.99125780284e-13,0
750.0,0.055,0.045,-2.32984534687e-13,0
750.0,0.05,0.05,-1.78792353858e-13,0
750.0,0.05,0.055,-1.095034617e-13,0
750.0,0.055,0.05,-2.17237380491e-13,0
750.0,0.055,0.055,-1.55528872925e-13,0
750.0,0.05,0.06,-1.25566537194e-14,0
750.0,0.05,0.065,9.62724103143e-14,0
750.0,0.055,0.06,-5.91949811757e-14,0
750.0,0.055,0.065,4.83346186483e-14,0
750.0,0.05,0.07,2.28654173823e-13,0
750.0,0.05,0.075,3.69329217956e-13,0
750.0,0.055,0.07,1.70231674701e-13,0
750.0,0.055,0.075,3.04260541865e-13,0
750.0,0.06,-0.075,-1.62175440048e-13,0
750.0,0.06,-0.07,-1.0799018505e-13,0
750.0,0.065,-0.075,-1.65873226288e-13,0
750.0,0.065,-0.07,-1.04935687781e-13,0
750.0,0.06,-0.065,-5.89829822238e-14,0
750.0,0.065,-0.065,-4.88124159957e-14,0
750.0,0.06,-0.06,-1.76491699327e-14,0
750.0,0.065,-0.06,-9.44993947153e-16,0
750.0,0.06,-0.055,1.95316122784e-14,0
750.0,0.065,-0.055,4.40070174319e-14,0
750.0,0.06,-0.05,5.00729079004e-14,0
750.0,0.065,-0.05,8.4798507935e-14,0
750.0,0.06,-0.045,7.1527345469e-14,0
750.0,0.065,-0.045,1.1611955405e-13,0
750.0,0.06,-0.04,7.92040191449e-14,0
750.0,0.065,-0.04,1.31149986984e-13,0
750.0,0.06,-0.035,6.72224435986e-14,0
750.0,0.065,-0.035,1.17624944727e-13,0
750.0,0.06,-0.03,2.52445239875e-14,0
750.0,0.065,-0.03,6.73243467983e-14,0
750.0,0.06,-0.025,-4.27140135076e-14,0
750.0,0.065,-0.025,-5.68894429948e-15,0
750.0,0.06,-0.02,-1.29437473147e-13,0
750.0,0.065,-0.02,-9.94129175718e-14,0
750.0,0.06,-0.015,-2.00358461843e-13,0
750.0,0.065,-0.015,-1.63602487312e-13,0
750.0,0.06,-0.01,-2.26405815286e-13,0
750.0,0.065,-0.01,-1.72237963786e-13,0
750.0,0.06,-0.005,-2.23636553261e-13,0
750.0,0.065,-0.005,-1.59793620234e-13,0
750.0,0.06,0,-2.01788834171e-13,0
750.0,0.065,4.16333634234e-19,-1.31089842215e-13,0
750.0,0.06,0.005,-1.73766620812e-13,0
750.0,0.065,0.005,-9.15373854754e-14,0
750.0,0.06,0.01,-1.4791592526e-13,0
750.0,0.065,0.01,-4.65232882018e-14,0
750.0,0.06,0.015,-1.3400961793e-13,0
750.0,0.065,0.015,-3.2098799743e-15,0
750.0,0.06,0.02,-1.29527867565e-13,0
750.0,0.065,0.02,2.9289188492e-14,0
750.0,0.06,0.025,-1.29285772646e-13,0
750.0,0.065,0.025,4.53153208315e-14,0
750.0,0.06,0.03,-1.3563661454e-13,0
750.0,0.065,0.03,3.97278563991e-14,0
750.0,0.06,0.035,-1.57508762009e-13,0
750.0,0.065,0.035,1.26503633631e-14,0
750.0,0.06,0.04,-1.79706803723e-13,0
750.0,0.065,0.04,-3.18198218655e-14,0
750.0,0.06,0.045,-1.96147054239e-13,0
750.0,0.065,0.045,-7.37042006956e-14,0
750.0,0.06,0.05,-2.04709922109e-13,0
750.0,0.065,0.05,-1.16439934889e-13,0
750.0,0.06,0.055,-1.85088345754e-13,0
750.0,0.065,0.055,-1.52305336844e-13,0
750.0,0.06,0.06,-1.14780164897e-13,0
750.0,0.06,0.065,-2.00908586131e-14,0
750.0,0.065,0.06,-1.35921391016e-13,0
750.0,0.065,0.065,-8.18305393296e-14,0
750.0,0.06,0.07,8.25581023538e-14,0
750.0,0.06,0.075,1.90295883937e-13,0
750.0,0.065,0.07,-1.27524371004e-14,0
750.0,0.065,0.075,5.9357978689e-14,0
750.0,0.07,-0.075,-1.63352087634e-13,0
750.0,0.07,-0.07,-9.67394582655e-14,0
750.0,0.075,-0.075,-1.5449915687e-13,0
750.0,0.075,-0.07,-8.37742638546e-14,0
750.0,0.07,-0.065,-3.49132619725e-14,0
750.0,0.075,-0.065,-1.66963737276e-14,0
750.0,0.07,-0.06,1.92358115302e-14,0
750.0,0.075,-0.06,4.14570660598e-14,0
750.0,0.07,-0.055,7.14028530029e-14,0
750.0,0.075,-0.055,9.87380952174e-14,0
750.0,0.07,-0.05,1.28043410783e-13,0
750.0,0.075,-0.05,1.75737123486e-13,0
750.0,0.07,-0.045,1.78450023107e-13,0
750.0,0.075,-0.045,2.50505518757e-13,0
750.0,0.07,-0.04,2.04447943306e-13,0
750.0,0.075,-0.04,2.87166555497e-13,0
750.0,0.07,-0.035,1.852894786e-13,0
750.0,0.075,-0.035,2.59443862899e-13,0
750.0,0.07,-0.03,1.27103256338e-13,0
750.0,0.075,-0.03,1.95745260706e-13,0
750.0,0.07,-0.025,5.38618721701e-14,0
750.0,0.075,-0.025,1.21279496199e-13,0
750.0,0.07,-0.02,-3.60714118148e-14,0
750.0,0.075,-0.02,3.3900831539e-14,0
750.0,0.07,-0.015,-8.73369118414e-14,0
750.0,0.075,-0.015,-9.20241828375e-15,0
750.0,0.07,-0.01,-8.51776519916e-14,0
750.0,0.075,-0.01,-1.23656622595e-15,0
750.0,0.07,-0.005,-6.64637774319e-14,0
750.0,0.075,-0.005,2.39568507723e-14,0
750.0,0.07,0,-3.05054342704e-14,0
750.0,0.075,0,6.77268596301e-14,0
750.0,0.07,0.005,1.96794472857e-14,0
750.0,0.075,0.005,1.29100932247e-13,0
750.0,0.07,0.01,9.88859774243e-14,0
750.0,0.075,0.01,2.52035627756e-13,0
750.0,0.07,0.015,1.80992367023e-13,0
750.0,0.075,0.015,3.78741837616e-13,0
750.0,0.07,0.02,2.32363849648e-13,0
750.0,0.075,0.02,4.46200175514e-13,0
750.0,0.07,0.025,2.59190700643e-13,0
750.0,0.075,0.025,4.82675386507e-13,0
750.0,0.07,0.03,2.55680350711e-13,0
750.0,0.075,0.03,4.82066893183e-13,0
750.0,0.07,0.035,2.22226339367e-13,0
750.0,0.075,0.035,4.4196020262e-13,0
750.0,0.07,0.04,1.4317013738e-13,0
750.0,0.075,0.04,3.191210779e-13,0
750.0,0.07,0.045,5.70098127362e-14,0
750.0,0.075,0.045,1.83309262641e-13,0
750.0,0.07,0.05,-1.22305744174e-15,0
750.0,0.075,0.05,1.1420821731e-13,0
750.0,0.07,0.055,-5.62895211517e-14,0
750.0,0.075,0.055,4.76274004008e-14,0
750.0,0.07,0.06,-1.01333460663e-13,0
750.0,0.075,0.06,-5.20929580988e-14,0
750.0,0.07,0.065,-1.13465108771e-13,0
750.0,0.075,0.065,-1.31417377889e-13,0
750.0,0.07,0.07,-9.37164282704e-14,0
750.0,0.07,0.075,-5.82963487151e-14,0
750.0,0.075,0.07,-1.60447215296e-13,0
750.0,0.075,0.075,-1.52148542461e-13,0
860.0,-0.00382671281566,-0.00202612167119,0,0
860.0,-0.005,-0.005,4.28556117939e-14,0
860.0,-0.00197892066871,-0.00385133392306,0,0
860.0,-0.005,-0.00190753787223,2.08555286873e-14,0
860.0,-0.00433,0,0,0
860.0,-0.00190753787223,-0.005,1.67875527791e-14,0
860.0,0,-0.00433,0,0
860.0,-0.005,0.00190775150599,2.16484680283e-14,0
860.0,-0.00385133392306,0.00197892066871,0,0
860.0,0.00190775150599,-0.005,9.04847727402e-15,0
860.0,0.00202612167119,-0.00382671281566,0,0
860.0,-0.00202612167119,0.00382671281566,0,0
860.0,-0.005,0.005,4.60892715209e-14,0
860.0,-0.0019094272225,0.005,1.74002737557e-14,0
860.0,0,0.00433,0,0
860.0,0.00147766755988,0.00407006125046,0,0
860.0,8.32667268469e-19,0.005,1.22383986429e-14,0
860.0,0.00433,0,0,0
860.0,0.005,1.38777878078e-18,1.00140809914e-14,0
860.0,0.00407006125046,0.00147766755988,0,0
860.0,0.005,-0.005,-1.21441247144e-14,0
860.0,0.00385133392306,-0.00197892066871,0,0
860.0,0.005,-0.0019094272225,8.41500215019e-15,0
860.0,0.00306177236254,0.00306177236254,0,0
860.0,0.0019094272225,0.005,1.99243195982e-14,0
860.0,0.005,0.0019094272225,1.74318554306e-14,0
860.0,-0.000885,-0.0015328649647,1.27171999976e-12,0
860.0,-0.0015328649647,-0.000885,1.27184243056e-12,0
860.0,-0.00186450691264,-0.00187567167242,8.43156892458e-13,0
860.0,-0.00177,0,1.27153400961e-12,0
860.0,-0.00268433516245,-0.000738983120158,7.59225136568e-13,0
860.0,0,-0.00177,1.27168146342e-12,0
860.0,-0.000718432264205,-0.00269192408424,7.57518656599e-13,0
860.0,-0.0015328649647,0.000885,1.27002912816e-12,0
860.0,-0.00265321485144,0.000647311733689,7.90012875881e-13,0
860.0,-0.000885,0.0015328649647,1.26840096917e-12,0
860.0,-0.00194719253591,0.00178443766524,8.44083079168e-13,0
860.0,0,0.00177,1.26429368225e-12,0
860.0,-0.000802720381054,0.00273415977115,7.17611617579e-13,0
860.0,0.000885,-0.0015328649647,1.27036990205e-12,0
860.0,0.00075154031863,-0.00270385456952,7.45406665189e-13,0
860.0,0.00177,0,1.26263316695e-12,0
860.0,0.0015328649647,-0.000885,1.26821678221e-12,0
860.0,0.00271471102228,-0.000564731152102,7.61032468975e-13,0
860.0,0.00192394637685,-0.00189207206672,8.1022220065e-13,0
860.0,0.00231817117671,0.00040530921667,9.88064134231e-13,0
860.0,0.0015328649647,0.000885,1.26089883825e-12,0
860.0,0.000885,0.0015328649647,1.26160402306e-12,0
860.0,0.000427053001345,0.00287092483521,6.82295279519e-13,0
860.0,0.00187618296239,0.00184774001435,8.33469433567e-13,0
860.0,0.00312733402203,0.000607809752493,5.19279158238e-13,0
860.0,0.00276214303706,0.00136595635004,5.76948493445e-13,0
860.0,0.0014100336009,0.00268674970267,6.04865154494e-13,0
860.0,-0.075,-0.075,2.04129120624e-12,0
860.0,-0.07,-0.075,1.17894292482e-12,0
860.0,-0.075,-0.07,1.89726279587e-12,0
860.0,-0.07,-0.07,1.07377920108e-12,0
860.0,-0.075,-0.065,1.69009017713e-12,0
860.0,-0.07,-0.065,9.15398886759e-13,0
860.0,-0.065,-0.075,3.69693886399e-13,0
860.0,-0.065,-0.07,3.23505092351e-13,0
860.0,-0.065,-0.065,2.27968605811e-13,0
860.0,-0.075,-0.06,1.32475217213e-12,0
860.0,-0.07,-0.06,6.83208954431e-13,0
860.0,-0.065,-0.06,1.06993636504e-13,0
860.0,-0.075,-0.055,1.00402395483e-12,0
860.0,-0.07,-0.055,5.04353233812e-13,0
860.0,-0.065,-0.055,4.48586562293e-14,0
860.0,-0.075,-0.05,9.14975655731e-13,0
860.0,-0.07,-0.05,4.66037754767e-13,0
860.0,-0.065,-0.05,6.13366477448e-14,0
860.0,-0.075,-0.045,9.09078354691e-13,0
860.0,-0.07,-0.045,4.80444647631e-13,0
860.0,-0.065,-0.045,9.07402495114e-14,0
860.0,-0.075,-0.04,9.58851243785e-13,0
860.0,-0.07,-0.04,5.27128507615e-13,0
860.0,-0.075,-0.035,1.05654950383e-12,0
860.0,-0.07,-0.035,5.95352374322e-13,0
860.0,-0.065,-0.04,1.27257447958e-13,0
860.0,-0.065,-0.035,1.65365174544e-13,0
860.0,-0.075,-0.03,1.33393680874e-12,0
860.0,-0.07,-0.03,7.27368068339e-13,0
860.0,-0.075,-0.025,1.6893801786e-12,0
860.0,-0.07,-0.025,9.03615064686e-13,0
860.0,-0.065,-0.03,2.03763488807e-13,0
860.0,-0.065,-0.025,2.58293697426e-13,0
860.0,-0.075,-0.02,1.95941446881e-12,0
860.0,-0.07,-0.02,1.05119526171e-12,0
860.0,-0.075,-0.015,2.05780734292e-12,0
860.0,-0.07,-0.015,1.10713263126e-12,0
860.0,-0.065,-0.02,3.03891078532e-13,0
860.0,-0.065,-0.015,3.07942535615e-13,0
860.0,-0.075,-0.01,1.89392300609e-12,0
860.0,-0.07,-0.01,1.01268388386e-12,0
860.0,-0.075,-0.005,1.46933704723e-12,0
860.0,-0.07,-0.005,7.273597261e-13,0
860.0,-0.065,-0.01,2.40737952527e-13,0
860.0,-0.065,-0.005,4.70800423977e-14,0
860.0,-0.075,0,9.28211926818e-13,0
860.0,-0.07,0,3.36692071335e-13,0
860.0,-0.075,0.005,3.97921151219e-13,0
860.0,-0.07,0.005,-3.42771385453e-14,0
860.0,-0.065,4.16333634234e-19,-2.20305737029e-13,0
860.0,-0.065,0.005,-4.53713005731e-13,0
860.0,-0.075,0.01,1.41163344228e-14,0
860.0,-0.07,0.01,-2.67808298261e-13,0
860.0,-0.075,0.015,-7.64553232207e-14,0
860.0,-0.07,0.015,-2.7391519601e-13,0
860.0,-0.065,0.01,-5.53540780628e-13,0
860.0,-0.065,0.015,-4.75487504673e-13,0
860.0,-0.075,0.02,4.48715958415e-14,0
860.0,-0.07,0.02,-1.36987740082e-13,0
860.0,-0.075,0.025,1.98300590052e-13,0
860.0,-0.07,0.025,2.06331102797e-14,0
860.0,-0.065,0.02,-3.14256061673e-13,0
860.0,-0.065,0.025,-1.41074750707e-13,0
860.0,-0.075,0.03,3.61268009854e-13,0
860.0,-0.07,0.03,1.74782780744e-13,0
860.0,-0.075,0.035,5.11778782175e-13,0
860.0,-0.07,0.035,3.00641397683e-13,0
860.0,-0.065,0.03,1.37922374779e-14,0
860.0,-0.065,0.035,1.15073039798e-13,0
860.0,-0.075,0.04,6.22587491373e-13,0
860.0,-0.07,0.04,3.70149267204e-13,0
860.0,-0.075,0.045,6.50014266924e-13,0
860.0,-0.07,0.045,3.86928202681e-13,0
860.0,-0.065,0.04,1.48159280498e-13,0
860.0,-0.065,0.045,1.57056574013e-13,0
860.0,-0.075,0.05,6.4067906802e-13,0
860.0,-0.07,0.05,3.82360256646e-13,0
860.0,-0.075,0.055,6.27630448999e-13,0
860.0,-0.07,0.055,3.73182156061e-13,0
860.0,-0.065,0.05,1.52053963492e-13,0
860.0,-0.065,0.055,1.42625364887e-13,0
860.0,-0.075,0.06,6.12020092216e-13,0
860.0,-0.07,0.06,3.59220863118e-13,0
860.0,-0.075,0.065,5.98368618428e-13,0
860.0,-0.07,0.065,3.41074766807e-13,0
860.0,-0.065,0.06,1.29423679143e-13,0
860.0,-0.065,0.065,1.09092102858e-13,0
860.0,-0.075,0.07,5.98168723708e-13,0
860.0,-0.07,0.07,3.20347118056e-13,0
860.0,-0.075,0.075,5.87101582781e-13,0
860.0,-0.07,0.075,2.92371171076e-13,0
860.0,-0.065,0.07,7.91385160515e-14,0
860.0,-0.065,0.075,4.51022742033e-14,0
860.0,-0.06,-0.075,-3.07209384336e-13,0
860.0,-0.06,-0.07,-3.04753954504e-13,0
860.0,-0.06,-0.065,-3.29588932184e-13,0
860.0,-0.055,-0.075,-8.95381866878e-13,0
860.0,-0.055,-0.07,-8.43981758118e-13,0
860.0,-0.055,-0.065,-8.07095264884e-13,0
860.0,-0.06,-0.06,-3.45251431367e-13,0
860.0,-0.06,-0.055,-3.12678251892e-13,0
860.0,-0.055,-0.06,-7.34744098752e-13,0
860.0,-0.055,-0.055,-6.15053971198e-13,0
860.0,-0.06,-0.05,-2.58792000667e-13,0
860.0,-0.055,-0.05,-5.16258520439e-13,0
860.0,-0.06,-0.045,-2.20285857769e-13,0
860.0,-0.055,-0.045,-4.43690430213e-13,0
860.0,-0.06,-0.04,-1.92831722699e-13,0
860.0,-0.055,-0.04,-3.89145783651e-13,0
860.0,-0.06,-0.035,-1.67651544526e-13,0
860.0,-0.055,-0.035,-3.54652918791e-13,0
860.0,-0.06,-0.03,-1.50036179225e-13,0
860.0,-0.06,-0.025,-1.41113467652e-13,0
860.0,-0.055,-0.03,-3.39532483954e-13,0
860.0,-0.055,-0.025,-3.4033067156e-13,0
860.0,-0.06,-0.02,-1.49611210652e-13,0
860.0,-0.06,-0.015,-1.92911900123e-13,0
860.0,-0.055,-0.02,-3.61548392181e-13,0
860.0,-0.055,-0.015,-4.05611556427e-13,0
860.0,-0.06,-0.01,-2.89120130345e-13,0
860.0,-0.06,-0.005,-4.4123505209e-13,0
860.0,-0.055,-0.01,-4.96423961941e-13,0
860.0,-0.055,-0.005,-6.11365964855e-13,0
860.0,-0.06,0,-6.11923641381e-13,0
860.0,-0.06,0.005,-7.23805156993e-13,0
860.0,-0.055,4.16333634234e-19,-7.14738916071e-13,0
860.0,-0.055,0.005,-7.26746348441e-13,0
860.0,-0.06,0.01,-7.12634549433e-13,0
860.0,-0.06,0.015,-5.74066998785e-13,0
860.0,-0.055,0.01,-6.35134110947e-13,0
860.0,-0.055,0.015,-4.55810668577e-13,0
860.0,-0.06,0.02,-3.73238595264e-13,0
860.0,-0.06,0.025,-1.89436091254e-13,0
860.0,-0.055,0.02,-2.43308909321e-13,0
860.0,-0.055,0.025,-9.01363346471e-14,0
860.0,-0.06,0.03,-6.66251767736e-14,0
860.0,-0.06,0.035,-7.22895885039e-15,0
860.0,-0.055,0.03,-5.47417492746e-14,0
860.0,-0.055,0.035,-6.48902935091e-14,0
860.0,-0.06,0.04,-8.3047004125e-15,0
860.0,-0.06,0.045,-2.10522665074e-14,0
860.0,-0.055,0.04,-1.13234238767e-13,0
860.0,-0.055,0.045,-1.67749164205e-13,0
860.0,-0.06,0.05,-3.6393768186e-14,0
860.0,-0.06,0.055,-5.1718832692e-14,0
860.0,-0.055,0.05,-2.06925297455e-13,0
860.0,-0.055,0.055,-2.31191205148e-13,0
860.0,-0.06,0.06,-6.57510060802e-14,0
860.0,-0.06,0.065,-8.11913368367e-14,0
860.0,-0.055,0.06,-2.42340590149e-13,0
860.0,-0.055,0.065,-2.46726750655e-13,0
860.0,-0.06,0.07,-1.00437446122e-13,0
860.0,-0.06,0.075,-1.27145813274e-13,0
860.0,-0.055,0.07,-2.47006822362e-13,0
860.0,-0.055,0.075,-2.59494521362e-13,0
860.0,-0.05,-0.075,-1.20183303518e-12,0
860.0,-0.05,-0.07,-1.10447049955e-12,0
860.0,-0.045,-0.075,-9.91071757894e-13,0
860.0,-0.045,-0.07,-9.31581297846e-13,0
860.0,-0.05,-0.065,-1.03489322967e-12,0
860.0,-0.045,-0.065,-8.6492111987e-13,0
860.0,-0.05,-0.06,-9.19606397351e-13,0
860.0,-0.05,-0.055,-7.62088189082e-13,0
860.0,-0.045,-0.06,-7.74460672458e-13,0
860.0,-0.045,-0.055,-6.64326421152e-13,0
860.0,-0.05,-0.05,-6.32593287599e-13,0
860.0,-0.05,-0.045,-5.25911527879e-13,0
860.0,-0.045,-0.05,-5.61209948755e-13,0
860.0,-0.045,-0.045,-4.74536206007e-13,0
860.0,-0.05,-0.04,-4.48892118408e-13,0
860.0,-0.045,-0.04,-4.07833757058e-13,0
860.0,-0.05,-0.035,-4.05264626318e-13,0
860.0,-0.045,-0.035,-3.65770131119e-13,0
860.0,-0.05,-0.03,-3.81835520294e-13,0
860.0,-0.045,-0.03,-3.41197471918e-13,0
860.0,-0.05,-0.025,-3.6960751267e-13,0
860.0,-0.045,-0.025,-3.30318434931e-13,0
860.0,-0.05,-0.02,-3.78442346936e-13,0
860.0,-0.05,-0.015,-4.13329205141e-13,0
860.0,-0.045,-0.02,-3.35084967942e-13,0
860.0,-0.045,-0.015,-3.5554606859e-13,0
860.0,-0.05,-0.01,-4.79128986482e-13,0
860.0,-0.05,-0.005,-5.50690713211e-13,0
860.0,-0.045,-0.01,-3.81043660994e-13,0
860.0,-0.045,-0.005,-3.81190927769e-13,0
860.0,-0.05,0,-5.70120120625e-13,0
860.0,-0.05,0.005,-4.89833258362e-13,0
860.0,-0.045,4.16333634234e-19,-2.93965479785e-13,0
860.0,-0.045,0.005,-1.38312552075e-13,0
860.0,-0.05,0.01,-3.49944740383e-13,0
860.0,-0.05,0.015,-1.78657760628e-13,0
860.0,-0.045,0.01,6.81122735862e-15,0
860.0,-0.045,0.015,1.41031066805e-13,0
860.0,-0.05,0.02,-1.59425693315e-14,0
860.0,-0.05,0.025,4.76264735352e-14,0
860.0,-0.045,0.02,2.32399033134e-13,0
860.0,-0.045,0.025,1.96781807689e-13,0
860.0,-0.05,0.03,-2.50478348116e-15,0
860.0,-0.05,0.035,-7.68274033983e-14,0
860.0,-0.045,0.03,7.01689304024e-14,0
860.0,-0.045,0.035,-6.03412236741e-14,0
860.0,-0.05,0.04,-1.619387364e-13,0
860.0,-0.05,0.045,-2.534682738e-13,0
860.0,-0.045,0.04,-1.79625655243e-13,0
860.0,-0.045,0.045,-2.94173074106e-13,0
860.0,-0.05,0.05,-3.33368654999e-13,0
860.0,-0.05,0.055,-3.7376906383e-13,0
860.0,-0.045,0.05,-3.92607097719e-13,0
860.0,-0.045,0.055,-4.50921324269e-13,0
860.0,-0.05,0.06,-3.74398073819e-13,0
860.0,-0.05,0.065,-3.4591519944e-13,0
860.0,-0.045,0.06,-4.40495144165e-13,0
860.0,-0.045,0.065,-3.43272704492e-13,0
860.0,-0.05,0.07,-2.97731928529e-13,0
860.0,-0.05,0.075,-2.63941257968e-13,0
860.0,-0.045,0.07,-1.93773109268e-13,0
860.0,-0.045,0.075,-7.03588496782e-14,0
860.0,-0.04,-0.075,-5.88940344238e-13,0
860.0,-0.04,-0.07,-5.62623447547e-13,0
860.0,-0.035,-0.075,-1.69697134343e-13,0
860.0,-0.035,-0.07,-1.80097824649e-13,0
860.0,-0.04,-0.065,-5.31245456339e-13,0
860.0,-0.035,-0.065,-1.81216079883e-13,0
860.0,-0.04,-0.06,-4.87502382724e-13,0
860.0,-0.035,-0.06,-1.73925880609e-13,0
860.0,-0.04,-0.055,-4.31048633957e-13,0
860.0,-0.035,-0.055,-1.588873768e-13,0
860.0,-0.04,-0.05,-3.71975819518e-13,0
860.0,-0.04,-0.045,-3.21992282428e-13,0
860.0,-0.035,-0.05,-1.37396266254e-13,0
860.0,-0.035,-0.045,-1.18456410872e-13,0
860.0,-0.04,-0.04,-2.81486096935e-13,0
860.0,-0.04,-0.035,-2.51880397715e-13,0
860.0,-0.035,-0.04,-1.04051803853e-13,0
860.0,-0.035,-0.035,-9.39526955598e-14,0
860.0,-0.04,-0.03,-2.33379785724e-13,0
860.0,-0.035,-0.03,-8.77737359594e-14,0
860.0,-0.04,-0.025,-2.26006840526e-13,0
860.0,-0.035,-0.025,-8.27211615813e-14,0
860.0,-0.04,-0.02,-2.24357760706e-13,0
860.0,-0.035,-0.02,-7.25352886841e-14,0
860.0,-0.04,-0.015,-2.22919532604e-13,0
860.0,-0.035,-0.015,-4.83867227661e-14,0
860.0,-0.04,-0.01,-1.88912876545e-13,0
860.0,-0.04,-0.005,-1.11240080248e-13,0
860.0,-0.035,-0.01,2.32074555364e-14,0
860.0,-0.035,-0.005,1.34126097215e-13,0
860.0,-0.04,0,2.54507630785e-14,0
860.0,-0.04,0.005,1.83925768672e-13,0
860.0,-0.035,4.16333634234e-19,2.97666967435e-13,0
860.0,-0.035,0.005,4.69971941159e-13,0
860.0,-0.04,0.01,3.14146798211e-13,0
860.0,-0.04,0.015,4.30538615711e-13,0
860.0,-0.035,0.01,5.94576465554e-13,0
860.0,-0.035,0.015,6.62699993551e-13,0
860.0,-0.04,0.02,4.49170294068e-13,0
860.0,-0.04,0.025,3.2087864652e-13,0
860.0,-0.035,0.02,5.95116179743e-13,0
860.0,-0.035,0.025,4.21450988596e-13,0
860.0,-0.04,0.03,1.51237171934e-13,0
860.0,-0.04,0.035,-1.72306871725e-14,0
860.0,-0.035,0.03,2.26324888106e-13,0
860.0,-0.035,0.035,3.18230843452e-14,0
860.0,-0.04,0.04,-1.70790259172e-13,0
860.0,-0.04,0.045,-3.04693954729e-13,0
860.0,-0.035,0.04,-1.47691627182e-13,0
860.0,-0.035,0.045,-2.98617068632e-13,0
860.0,-0.04,0.05,-4.05606576185e-13,0
860.0,-0.04,0.055,-4.65775578897e-13,0
860.0,-0.035,0.05,-3.97855658351e-13,0
860.0,-0.035,0.055,-4.34099279837e-13,0
860.0,-0.04,0.06,-4.0782703169e-13,0
860.0,-0.04,0.065,-1.87495018059e-13,0
860.0,-0.035,0.06,-2.7079990172e-13,0
860.0,-0.035,0.065,9.48743186031e-14,0
860.0,-0.04,0.07,7.76684885778e-14,0
860.0,-0.04,0.075,3.06916927088e-13,0
860.0,-0.035,0.07,4.74740294635e-13,0
860.0,-0.035,0.075,8.16800144621e-13,0
860.0,-0.03,-0.075,2.27958476229e-13,0
860.0,-0.03,-0.07,1.87061790906e-13,0
860.0,-0.025,-0.075,5.8018879344e-13,0
860.0,-0.025,-0.07,5.1449847976e-13,0
860.0,-0.03,-0.065,1.59038554065e-13,0
860.0,-0.025,-0.065,4.69302610255e-13,0
860.0,-0.03,-0.06,1.3994795344e-13,0
860.0,-0.025,-0.06,4.34026256721e-13,0
860.0,-0.03,-0.055,1.26840516527e-13,0
860.0,-0.025,-0.055,3.98758989163e-13,0
860.0,-0.03,-0.05,1.17099754377e-13,0
860.0,-0.025,-0.05,3.61741413398e-13,0
860.0,-0.03,-0.045,1.07118160855e-13,0
860.0,-0.025,-0.045,3.24489573642e-13,0
860.0,-0.03,-0.04,9.50429811816e-14,0
860.0,-0.03,-0.035,8.20535409936e-14,0
860.0,-0.025,-0.04,2.86082869691e-13,0
860.0,-0.025,-0.035,2.50085355213e-13,0
860.0,-0.03,-0.03,7.14214577024e-14,0
860.0,-0.03,-0.025,6.63392967917e-14,0
860.0,-0.025,-0.03,2.19621890606e-13,0
860.0,-0.025,-0.025,1.9680380474e-13,0
860.0,-0.03,-0.02,7.19546862773e-14,0
860.0,-0.025,-0.02,1.86199259093e-13,0
860.0,-0.03,-0.015,9.58911304287e-14,0
860.0,-0.025,-0.015,1.96095665842e-13,0
860.0,-0.03,-0.01,1.61379796542e-13,0
860.0,-0.025,-0.01,2.39533135037e-13,0
860.0,-0.03,-0.005,2.69071558358e-13,0
860.0,-0.025,-0.005,3.22300780808e-13,0
860.0,-0.03,0,4.39839358456e-13,0
860.0,-0.03,0.005,6.19422721097e-13,0
860.0,-0.025,4.16333634234e-19,4.4005409736e-13,0
860.0,-0.025,0.005,5.72333696932e-13,0
860.0,-0.03,0.01,7.43870245498e-13,0
860.0,-0.03,0.015,7.57652274256e-13,0
860.0,-0.025,0.01,6.93150686045e-13,0
860.0,-0.025,0.015,7.34255049031e-13,0
860.0,-0.03,0.02,6.53947440425e-13,0
860.0,-0.03,0.025,4.86894844423e-13,0
860.0,-0.025,0.02,6.67847934406e-13,0
860.0,-0.025,0.025,5.18653711022e-13,0
860.0,-0.03,0.03,2.83425327751e-13,0
860.0,-0.03,0.035,7.30592796944e-14,0
860.0,-0.025,0.03,3.17193691665e-13,0
860.0,-0.025,0.035,9.84146589191e-14,0
860.0,-0.03,0.04,-1.25825926636e-13,0
860.0,-0.03,0.045,-2.92405514163e-13,0
860.0,-0.025,0.04,-1.16685038243e-13,0
860.0,-0.025,0.045,-3.01667139632e-13,0
860.0,-0.03,0.05,-3.84130012794e-13,0
860.0,-0.03,0.055,-3.69552594524e-13,0
860.0,-0.025,0.05,-3.91094486593e-13,0
860.0,-0.025,0.055,-3.14215644148e-13,0
860.0,-0.03,0.06,-9.63865775268e-14,0
860.0,-0.03,0.065,4.00272993083e-13,0
860.0,-0.025,0.06,3.10548134213e-14,0
860.0,-0.025,0.065,5.90484514384e-13,0
860.0,-0.03,0.07,9.60862015981e-13,0
860.0,-0.03,0.075,1.54749938261e-12,0
860.0,-0.025,0.07,1.28022366538e-12,0
860.0,-0.025,0.075,2.06213142181e-12,0
860.0,-0.02,-0.075,8.56180225228e-13,0
860.0,-0.02,-0.07,7.71196581134e-13,0
860.0,-0.015,-0.075,1.03579836738e-12,0
860.0,-0.015,-0.07,9.32978728147e-13,0
860.0,-0.02,-0.065,7.18395038067e-13,0
860.0,-0.015,-0.065,8.75814616371e-13,0
860.0,-0.02,-0.06,6.76158842199e-13,0
860.0,-0.015,-0.06,8.38576730033e-13,0
860.0,-0.02,-0.055,6.22378213538e-13,0
860.0,-0.015,-0.055,7.64568881088e-13,0
860.0,-0.02,-0.05,5.62508096818e-13,0
860.0,-0.015,-0.05,6.89819011072e-13,0
860.0,-0.02,-0.045,5.02121500529e-13,0
860.0,-0.015,-0.045,6.19967304029e-13,0
860.0,-0.02,-0.04,4.42293163081e-13,0
860.0,-0.015,-0.04,5.48044463557e-13,0
860.0,-0.02,-0.035,3.8641783212e-13,0
860.0,-0.015,-0.035,4.73878832691e-13,0
860.0,-0.02,-0.03,3.33179600946e-13,0
860.0,-0.02,-0.025,2.85654773518e-13,0
860.0,-0.015,-0.03,3.94136023168e-13,0
860.0,-0.015,-0.025,3.17967439357e-13,0
860.0,-0.02,-0.02,2.52696748057e-13,0
860.0,-0.02,-0.015,2.39623792256e-13,0
860.0,-0.015,-0.02,2.63462990364e-13,0
860.0,-0.015,-0.015,2.28872589178e-13,0
860.0,-0.02,-0.01,2.49335171886e-13,0
860.0,-0.015,-0.01,2.10453683991e-13,0
860.0,-0.02,-0.005,2.86997682993e-13,0
860.0,-0.015,-0.005,2.11007203419e-13,0
860.0,-0.02,0,3.55001026038e-13,0
860.0,-0.015,4.16333634234e-19,2.40146835743e-13,0
860.0,-0.02,0.005,4.52623804953e-13,0
860.0,-0.015,0.005,3.05048929144e-13,0
860.0,-0.02,0.01,5.69120775658e-13,0
860.0,-0.02,0.015,6.50181957263e-13,0
860.0,-0.015,0.01,4.26978188729e-13,0
860.0,-0.015,0.015,5.52540816587e-13,0
860.0,-0.02,0.02,6.39365909884e-13,0
860.0,-0.02,0.025,5.20841243538e-13,0
860.0,-0.015,0.02,5.96321472939e-13,0
860.0,-0.015,0.025,5.07784136008e-13,0
860.0,-0.02,0.03,3.29338870483e-13,0
860.0,-0.02,0.035,1.06688941029e-13,0
860.0,-0.015,0.03,3.29499990974e-13,0
860.0,-0.015,0.035,1.07734946978e-13,0
860.0,-0.02,0.04,-1.24343975181e-13,0
860.0,-0.02,0.045,-3.35888818768e-13,0
860.0,-0.015,0.04,-1.45202669197e-13,0
860.0,-0.015,0.045,-3.9179168859e-13,0
860.0,-0.02,0.05,-4.42105465895e-13,0
860.0,-0.02,0.055,-3.30336487689e-13,0
860.0,-0.015,0.05,-5.4620410311e-13,0
860.0,-0.015,0.055,-4.52266646113e-13,0
860.0,-0.02,0.06,2.93491317401e-14,0
860.0,-0.02,0.065,5.91175498642e-13,0
860.0,-0.015,0.06,-1.00029097494e-13,0
860.0,-0.015,0.065,4.52712763558e-13,0
860.0,-0.02,0.07,1.31661440783e-12,0
860.0,-0.02,0.075,2.14312023461e-12,0
860.0,-0.015,0.07,1.16469354975e-12,0
860.0,-0.015,0.075,1.98280434833e-12,0
860.0,-0.01,-0.075,1.04165988231e-12,0
860.0,-0.01,-0.07,9.17185868012e-13,0
860.0,-0.005,-0.075,8.33041693683e-13,0
860.0,-0.005,-0.07,6.88755377758e-13,0
860.0,-0.01,-0.065,8.599980076e-13,0
860.0,-0.005,-0.065,5.9806230642e-13,0
860.0,-0.01,-0.06,8.45025936527e-13,0
860.0,-0.005,-0.06,5.74123607282e-13,0
860.0,-0.01,-0.055,7.83721970371e-13,0
860.0,-0.005,-0.055,6.51666726431e-13,0
860.0,-0.01,-0.05,7.17964324136e-13,0
860.0,-0.005,-0.05,6.44811986162e-13,0
860.0,-0.01,-0.045,6.56148658967e-13,0
860.0,-0.005,-0.045,6.11270658424e-13,0
860.0,-0.01,-0.04,5.82081060299e-13,0
860.0,-0.005,-0.04,5.43928897932e-13,0
860.0,-0.01,-0.035,4.91971876159e-13,0
860.0,-0.005,-0.035,4.38696214275e-13,0
860.0,-0.01,-0.03,3.84536122386e-13,0
860.0,-0.005,-0.03,3.01420538692e-13,0
860.0,-0.01,-0.025,2.83857745024e-13,0
860.0,-0.005,-0.025,1.79339604746e-13,0
860.0,-0.01,-0.02,2.17721575003e-13,0
860.0,-0.01,-0.015,1.7362476012e-13,0
860.0,-0.005,-0.02,1.20522478468e-13,0
860.0,-0.005,-0.015,8.93033407353e-14,0
860.0,-0.0117873230072,-0.0115873794689,1.76033270994e-13,0
860.0,-0.00939961996336,-0.005,1.08047220685e-13,0
860.0,-0.00792797428371,-0.00964253216809,1.09948967163e-13,0
860.0,-0.005,-0.00939961996336,6.81136224564e-14,0
860.0,-0.0108753492546,-0.00150606400588,1.3351732639e-13,0
860.0,-0.00818101620308,-0.00211452602544,7.62308369131e-14,0
860.0,-0.00651817360753,-0.000255934956239,4.23150481444e-14,0
860.0,-0.005,6.71033969428e-08,1.49341476928e-14,0
860.0,-0.0107292118043,0.00160660295843,1.44221178685e-13,0
860.0,-0.0080188992252,0.000768320427092,7.47494069204e-14,0
860.0,-0.00939946851065,0.005,1.38475318558e-13,0
860.0,-0.00802129342231,0.00264911934363,8.47741438737e-14,0
860.0,-0.00887989370213,0.00887989479405,2.10229190518e-13,0
860.0,-0.01,0.015,4.29986290979e-13,0
860.0,-0.005,0.00939947397025,1.52237505112e-13,0
860.0,-0.005,0.015,3.38067484531e-13,0
860.0,-0.01,0.02,5.22453982088e-13,0
860.0,-0.01,0.025,4.79143078216e-13,0
860.0,-0.005,0.02,4.41415520089e-13,0
860.0,-0.005,0.025,4.35438183541e-13,0
860.0,-0.01,0.03,3.24056693572e-13,0
860.0,-0.01,0.035,1.19400487604e-13,0
860.0,-0.005,0.03,3.14261890482e-13,0
860.0,-0.005,0.035,1.25849315757e-13,0
860.0,-0.01,0.04,-1.7425898873e-13,0
860.0,-0.01,0.045,-4.90476022189e-13,0
860.0,-0.005,0.04,-1.87408679363e-13,0
860.0,-0.005,0.045,-5.36954893344e-13,0
860.0,-0.01,0.05,-6.97316609948e-13,0
860.0,-0.01,0.055,-6.87026770116e-13,0
860.0,-0.005,0.05,-7.75078315796e-13,0
860.0,-0.005,0.055,-8.75694293549e-13,0
860.0,-0.01,0.06,-4.05310670237e-13,0
860.0,-0.01,0.065,9.5767398161e-14,0
860.0,-0.005,0.06,-7.46767765053e-13,0
860.0,-0.005,0.065,-3.74847437505e-13,0
860.0,-0.01,0.07,7.35621155022e-13,0
860.0,-0.01,0.075,1.44215456116e-12,0
860.0,-0.005,0.07,1.3114702e-13,0
860.0,-0.005,0.075,6.530055561e-13,0
860.0,0,-0.075,-2.43245573856e-13,0
860.0,0,-0.07,-2.73950084627e-13,0
860.0,0.005,-0.075,-1.9159242492e-12,0
860.0,0.005,-0.07,-1.57457261333e-12,0
860.0,0,-0.065,-3.08034942281e-13,0
860.0,0.005,-0.065,-1.30688411425e-12,0
860.0,0,-0.06,-1.97635183166e-13,0
860.0,0.005,-0.06,-9.4872567416e-13,0
860.0,0,-0.055,3.92369672889e-14,0
860.0,0.005,-0.055,-6.05126020625e-13,0
860.0,0,-0.05,2.08894768207e-13,0
860.0,0.005,-0.05,-3.34105565675e-13,0
860.0,0,-0.045,2.80084351842e-13,0
860.0,0.005,-0.045,-1.78866798956e-13,0
860.0,0,-0.04,2.64465547682e-13,0
860.0,0.005,-0.04,-1.33467393339e-13,0
860.0,0,-0.035,1.78302946027e-13,0
860.0,0.005,-0.035,-1.85116812551e-13,0
860.0,0,-0.03,5.79222774192e-14,0
860.0,0.005,-0.03,-2.71605620782e-13,0
860.0,0,-0.025,-2.66023483744e-14,0
860.0,0.005,-0.025,-3.1499474311e-13,0
860.0,0,-0.02,-4.15209805755e-14,0
860.0,0.005,-0.02,-2.67450252969e-13,0
860.0,0,-0.015,-2.71977682788e-14,0
860.0,0.005,-0.015,-1.87507839317e-13,0
860.0,-0.0021196717084,-0.00776771017156,3.070952432e-14,0
860.0,-0.00084550708518,-0.00631514607954,1.9030701513e-14,0
860.0,6.71033969406e-08,-0.005,1.06564422216e-14,0
860.0,-0.00139054260708,-0.0110960807567,1.89736868912e-14,0
860.0,0.00132468676756,-0.00775008274642,-8.24855804789e-16,0
860.0,0.00160394440688,-0.0116908851489,-4.19714188272e-14,0
860.0,0.005,-0.00939946851065,-8.51414874919e-14,0
860.0,0.005,0.005,5.42283201205e-14,0
860.0,-0.000107646311398,0.00617659695633,3.66785635876e-14,0
860.0,-0.00190846935279,0.0076427502668,7.53696756833e-14,0
860.0,0.00131146485568,0.00777290068297,8.28130255806e-14,0
860.0,0.00295884413402,0.00640276348073,5.8855809737e-14,0
860.0,-1.21517769428e-05,0.0108932602996,1.78867958207e-13,0
860.0,0,0.015,3.11204111787e-13,0
860.0,0.005,0.00939942566771,1.65888667354e-13,0
860.0,0.005,0.015,3.30054309427e-13,0
860.0,0,0.02,4.11175775363e-13,0
860.0,0,0.025,4.10299808389e-13,0
860.0,0.005,0.02,4.22654622548e-13,0
860.0,0.005,0.025,4.14242250452e-13,0
860.0,0,0.03,3.06698832485e-13,0
860.0,0,0.035,1.33070926288e-13,0
860.0,0.005,0.03,3.1234908018e-13,0
860.0,0.005,0.035,1.49376363202e-13,0
860.0,0,0.04,-1.61412680882e-13,0
860.0,0,0.045,-4.91146637804e-13,0
860.0,0.005,0.04,-9.87499282898e-14,0
860.0,0.005,0.045,-3.79092970753e-13,0
860.0,0,0.05,-7.31071874959e-13,0
860.0,0,0.055,-8.92790586527e-13,0
860.0,0.005,0.05,-6.02279196243e-13,0
860.0,0.005,0.055,-7.61140893122e-13,0
860.0,0,0.06,-9.15726746441e-13,0
860.0,0,0.065,-7.29726601483e-13,0
860.0,0.005,0.06,-8.34123798344e-13,0
860.0,0.005,0.065,-8.11688275147e-13,0
860.0,0,0.07,-3.65933069571e-13,0
860.0,0,0.075,1.08417749626e-14,0
860.0,0.005,0.07,-6.02766597331e-13,0
860.0,0.005,0.075,-3.29027958171e-13,0
860.0,0.01,-0.075,-3.02875602213e-12,0
860.0,0.01,-0.07,-2.34024986777e-12,0
860.0,0.015,-0.075,-3.07739436293e-12,0
860.0,0.015,-0.07,-2.42264154141e-12,0
860.0,0.01,-0.065,-1.69835324807e-12,0
860.0,0.015,-0.065,-1.81483320077e-12,0
860.0,0.01,-0.06,-1.22927344712e-12,0
860.0,0.015,-0.06,-1.31388459752e-12,0
860.0,0.01,-0.055,-8.5912143512e-13,0
860.0,0.015,-0.055,-9.0224083311e-13,0
860.0,0.01,-0.05,-5.92247733514e-13,0
860.0,0.015,-0.05,-6.20143298223e-13,0
860.0,0.01,-0.045,-4.22390844887e-13,0
860.0,0.015,-0.045,-4.51966629834e-13,0
860.0,0.01,-0.04,-3.69445577883e-13,0
860.0,0.015,-0.04,-4.55479009449e-13,0
860.0,0.01,-0.035,-4.33110748905e-13,0
860.0,0.015,-0.035,-5.82726832315e-13,0
860.0,0.01,-0.03,-5.52628641164e-13,0
860.0,0.015,-0.03,-7.75869944067e-13,0
860.0,0.01,-0.025,-6.67244344537e-13,0
860.0,0.015,-0.025,-9.83291114912e-13,0
860.0,0.01,-0.02,-6.29392772519e-13,0
860.0,0.01,-0.015,-4.61960564563e-13,0
860.0,0.015,-0.02,-1.03577866139e-12,0
860.0,0.015,-0.015,-8.44584580717e-13,0
860.0,0.00999280436795,-0.0116358337096,-3.52265063821e-13,0
860.0,0.0105889214373,-0.00845762197625,-2.72615811784e-13,0
860.0,0.015,-0.01,-6.00241394783e-13,0
860.0,0.00939947397025,-0.005,-1.18911302552e-13,0
860.0,0.015,-0.005,-3.42555333067e-13,0
860.0,0.00658051136513,-0.00296146438142,-1.30385484204e-14,0
860.0,0.00636794669772,-3.54305826484e-06,1.24204988513e-14,0
860.0,0.00795807888052,-0.00113999998936,-1.26511217728e-14,0
860.0,0.00758147027913,0.00183630393596,2.64479775044e-14,0
860.0,0.0112534647756,-1.47536350887e-07,-4.24020085277e-14,0
860.0,0.015,4.16333634234e-19,-1.13834114884e-13,0
860.0,0.00939942566771,0.005,8.82582798417e-14,0
860.0,0.015,0.005,8.72535101882e-14,0
860.0,0.00999018807453,0.0109670628501,2.61666268031e-13,0
860.0,0.01,0.015,3.75717024594e-13,0
860.0,0.015,0.01,2.72943331154e-13,0
860.0,0.015,0.015,4.32763977029e-13,0
860.0,0.01,0.02,4.62687180465e-13,0
860.0,0.01,0.025,4.45789953028e-13,0
860.0,0.015,0.02,5.21404100419e-13,0
860.0,0.015,0.025,4.97937481168e-13,0
860.0,0.01,0.03,3.40836083713e-13,0
860.0,0.01,0.035,1.84303194797e-13,0
860.0,0.015,0.03,3.85385636832e-13,0
860.0,0.015,0.035,2.21783929098e-13,0
860.0,0.01,0.04,-2.83974075916e-14,0
860.0,0.01,0.045,-2.59741378925e-13,0
860.0,0.015,0.04,2.76633399309e-14,0
860.0,0.015,0.045,-1.65331951598e-13,0
860.0,0.01,0.05,-4.51064261216e-13,0
860.0,0.01,0.055,-5.81706168247e-13,0
860.0,0.015,0.05,-3.23519830519e-13,0
860.0,0.015,0.055,-4.21424435569e-13,0
860.0,0.01,0.06,-6.35273096239e-13,0
860.0,0.01,0.065,-6.20568928447e-13,0
860.0,0.015,0.06,-4.36907781946e-13,0
860.0,0.015,0.065,-3.5319015652e-13,0
860.0,0.01,0.07,-4.78897547679e-13,0
860.0,0.01,0.075,-2.35290689896e-13,0
860.0,0.015,0.07,-1.08810595151e-13,0
860.0,0.015,0.075,2.19222403154e-13,0
860.0,0.02,-0.075,-2.45599813144e-12,0
860.0,0.02,-0.07,-1.9410504221e-12,0
860.0,0.025,-0.075,-1.5912902215e-12,0
860.0,0.025,-0.07,-1.2138651546e-12,0
860.0,0.02,-0.065,-1.48410053929e-12,0
860.0,0.025,-0.065,-8.46529110344e-13,0
860.0,0.02,-0.06,-1.05384707063e-12,0
860.0,0.025,-0.06,-5.21171420355e-13,0
860.0,0.02,-0.055,-6.66756033084e-13,0
860.0,0.025,-0.055,-2.49542063419e-13,0
860.0,0.02,-0.05,-4.02048203034e-13,0
860.0,0.025,-0.05,-4.24837588029e-14,0
860.0,0.02,-0.045,-2.4534124518e-13,0
860.0,0.025,-0.045,8.27329381044e-14,0
860.0,0.02,-0.04,-3.35298566439e-13,0
860.0,0.025,-0.04,-5.99357794472e-14,0
860.0,0.02,-0.035,-5.93574856125e-13,0
860.0,0.025,-0.035,-4.3685162616e-13,0
860.0,0.02,-0.03,-8.79494083344e-13,0
860.0,0.025,-0.03,-8.27288180934e-13,0
860.0,0.02,-0.025,-1.19627642236e-12,0
860.0,0.025,-0.025,-1.24218782067e-12,0
860.0,0.02,-0.02,-1.3843229816e-12,0
860.0,0.025,-0.02,-1.58391167696e-12,0
860.0,0.02,-0.015,-1.24479665788e-12,0
860.0,0.025,-0.015,-1.59856695532e-12,0
860.0,0.02,-0.01,-9.58124116906e-13,0
860.0,0.025,-0.01,-1.3273463093e-12,0
860.0,0.02,-0.005,-6.28201760962e-13,0
860.0,0.025,-0.005,-9.49998440565e-13,0
860.0,0.02,0,-2.6089191217e-13,0
860.0,0.025,4.16333634234e-19,-4.38633281567e-13,0
860.0,0.02,0.005,6.92514221763e-14,0
860.0,0.025,0.005,5.22009371613e-14,0
860.0,0.02,0.01,3.14956024473e-13,0
860.0,0.025,0.01,3.69403904004e-13,0
860.0,0.02,0.015,5.0221119159e-13,0
860.0,0.025,0.015,5.89005716924e-13,0
860.0,0.02,0.02,5.92412301247e-13,0
860.0,0.02,0.025,5.56632252963e-13,0
860.0,0.025,0.02,6.73276671866e-13,0
860.0,0.025,0.025,5.97161328224e-13,0
860.0,0.02,0.03,4.23914684087e-13,0
860.0,0.02,0.035,2.43337600315e-13,0
860.0,0.025,0.03,4.25825990872e-13,0
860.0,0.025,0.035,2.32464551122e-13,0
860.0,0.02,0.04,5.57359120363e-14,0
860.0,0.02,0.045,-1.1250193267e-13,0
860.0,0.025,0.04,5.04621791806e-14,0
860.0,0.025,0.045,-1.01286763109e-13,0
860.0,0.02,0.05,-2.32831946391e-13,0
860.0,0.02,0.055,-2.83235683525e-13,0
860.0,0.025,0.05,-1.85937526215e-13,0
860.0,0.025,0.055,-1.63923975572e-13,0
860.0,0.02,0.06,-2.05620175009e-13,0
860.0,0.02,0.065,3.73205374615e-16,0
860.0,0.025,0.06,8.54201664178e-15,0
860.0,0.025,0.065,2.81123618044e-13,0
860.0,0.02,0.07,3.10495325233e-13,0
860.0,0.02,0.075,6.83558056887e-13,0
860.0,0.025,0.07,6.26600790261e-13,0
860.0,0.025,0.075,1.03537632472e-12,0
860.0,0.03,-0.075,-6.93290890807e-13,0
860.0,0.03,-0.07,-4.14968000983e-13,0
860.0,0.035,-0.075,1.80120911381e-13,0
860.0,0.035,-0.07,3.61558379708e-13,0
860.0,0.03,-0.065,-1.54138441408e-13,0
860.0,0.035,-0.065,4.97433623813e-13,0
860.0,0.03,-0.06,6.44050517343e-14,0
860.0,0.035,-0.06,5.81574482292e-13,0
860.0,0.03,-0.055,2.48950944827e-13,0
860.0,0.035,-0.055,6.62859268221e-13,0
860.0,0.03,-0.05,3.83941243601e-13,0
860.0,0.035,-0.05,7.16621525121e-13,0
860.0,0.03,-0.045,4.603037803e-13,0
860.0,0.035,-0.045,7.46166394549e-13,0
860.0,0.03,-0.04,3.0201995843e-13,0
860.0,0.035,-0.04,6.3566599351e-13,0
860.0,0.03,-0.035,-1.20723942722e-13,0
860.0,0.035,-0.035,2.88191629027e-13,0
860.0,0.03,-0.03,-6.01599533315e-13,0
860.0,0.035,-0.03,-2.39678750598e-13,0
860.0,0.03,-0.025,-1.10375805516e-12,0
860.0,0.035,-0.025,-7.76858539263e-13,0
860.0,0.03,-0.02,-1.53081894166e-12,0
860.0,0.035,-0.02,-1.21973165933e-12,0
860.0,0.03,-0.015,-1.74064599007e-12,0
860.0,0.035,-0.015,-1.52988737453e-12,0
860.0,0.03,-0.01,-1.6141946906e-12,0
860.0,0.035,-0.01,-1.55175782351e-12,0
860.0,0.03,-0.005,-1.19860525108e-12,0
860.0,0.035,-0.005,-1.18860792027e-12,0
860.0,0.03,0,-5.88007487157e-13,0
860.0,0.035,4.16333634234e-19,-5.80583887723e-13,0
860.0,0.03,0.005,3.95726297367e-14,0
860.0,0.035,0.005,9.46226593362e-14,0
860.0,0.03,0.01,4.9826559847e-13,0
860.0,0.035,0.01,6.23639116368e-13,0
860.0,0.03,0.015,7.39114711751e-13,0
860.0,0.035,0.015,8.19965706434e-13,0
860.0,0.03,0.02,7.39473246741e-13,0
860.0,0.035,0.02,7.08029540983e-13,0
860.0,0.03,0.025,5.82677326868e-13,0
860.0,0.035,0.025,5.07193458126e-13,0
860.0,0.03,0.03,3.80625191686e-13,0
860.0,0.03,0.035,1.79269889165e-13,0
860.0,0.035,0.03,2.89416465017e-13,0
860.0,0.035,0.035,8.30147708329e-14,0
860.0,0.03,0.04,1.37101536814e-15,0
860.0,0.03,0.045,-1.39275341326e-13,0
860.0,0.035,0.04,-9.24928106195e-14,0
860.0,0.035,0.045,-2.25890928792e-13,0
860.0,0.03,0.05,-1.92299167163e-13,0
860.0,0.03,0.055,-1.05828920318e-13,0
860.0,0.035,0.05,-2.55275582834e-13,0
860.0,0.035,0.055,-1.21697844627e-13,0
860.0,0.03,0.06,1.11719653794e-13,0
860.0,0.03,0.065,4.21856432443e-13,0
860.0,0.035,0.06,1.37868609203e-13,0
860.0,0.035,0.065,4.7895188115e-13,0
860.0,0.03,0.07,8.04672287016e-13,0
860.0,0.03,0.075,1.23864863406e-12,0
860.0,0.035,0.07,8.88586135061e-13,0
860.0,0.035,0.075,1.3451002208e-12,0
860.0,0.04,-0.075,1.0963076066e-12,0
860.0,0.04,-0.07,1.02971882665e-12,0
860.0,0.045,-0.075,1.60127180547e-12,0
860.0,0.045,-0.07,1.34214902108e-12,0
860.0,0.04,-0.065,9.74707710996e-13,0
860.0,0.045,-0.065,1.15445383816e-12,0
860.0,0.04,-0.06,9.22769247894e-13,0
860.0,0.045,-0.06,1.03372168801e-12,0
860.0,0.04,-0.055,8.97469122491e-13,0
860.0,0.045,-0.055,9.62516635449e-13,0
860.0,0.04,-0.05,8.88627664423e-13,0
860.0,0.045,-0.05,9.270026477e-13,0
860.0,0.04,-0.045,8.99378635035e-13,0
860.0,0.045,-0.045,9.19995791727e-13,0
860.0,0.04,-0.04,8.3809915189e-13,0
860.0,0.045,-0.04,8.88557690114e-13,0
860.0,0.04,-0.035,6.43786077539e-13,0
860.0,0.045,-0.035,7.97700963708e-13,0
860.0,0.04,-0.03,2.19882878326e-13,0
860.0,0.045,-0.03,5.54044685146e-13,0
860.0,0.04,-0.025,-3.10662530519e-13,0
860.0,0.045,-0.025,1.59631970749e-13,0
860.0,0.04,-0.02,-7.45851671933e-13,0
860.0,0.045,-0.02,-2.61836271769e-13,0
860.0,0.04,-0.015,-1.06572541826e-12,0
860.0,0.045,-0.015,-5.32678724552e-13,0
860.0,0.04,-0.01,-1.1341038938e-12,0
860.0,0.045,-0.01,-5.67370753929e-13,0
860.0,0.04,-0.005,-9.06786160215e-13,0
860.0,0.045,-0.005,-4.82598813622e-13,0
860.0,0.04,0,-4.06230847227e-13,0
860.0,0.045,4.16333634234e-19,-1.39596122437e-13,0
860.0,0.04,0.005,2.01764536166e-13,0
860.0,0.045,0.005,3.30248330863e-13,0
860.0,0.04,0.01,6.62673416539e-13,0
860.0,0.045,0.01,6.50213478469e-13,0
860.0,0.04,0.015,7.62201526098e-13,0
860.0,0.045,0.015,6.4541400188e-13,0
860.0,0.04,0.02,5.91893077461e-13,0
860.0,0.045,0.02,4.3494591229e-13,0
860.0,0.04,0.025,3.76483246932e-13,0
860.0,0.045,0.025,2.0282580857e-13,0
860.0,0.04,0.03,1.45295592135e-13,0
860.0,0.045,0.03,-4.33614486839e-14,0
860.0,0.04,0.035,-7.21922009421e-14,0
860.0,0.045,0.035,-2.81786543058e-13,0
860.0,0.04,0.04,-2.51772033728e-13,0
860.0,0.04,0.045,-3.77800367761e-13,0
860.0,0.045,0.04,-4.59469784819e-13,0
860.0,0.045,0.045,-5.81767554922e-13,0
860.0,0.04,0.05,-3.85461612339e-13,0
860.0,0.04,0.055,-2.15297662625e-13,0
860.0,0.045,0.05,-5.73926095835e-13,0
860.0,0.045,0.055,-3.73255572903e-13,0
860.0,0.04,0.06,7.56379268109e-14,0
860.0,0.04,0.065,4.35612210397e-13,0
860.0,0.045,0.06,-6.84810566114e-14,0
860.0,0.045,0.065,2.86508408839e-13,0
860.0,0.04,0.07,8.59836448447e-13,0
860.0,0.04,0.075,1.3309412946e-12,0
860.0,0.045,0.07,7.19175115969e-13,0
860.0,0.045,0.075,1.18971249395e-12,0
860.0,0.05,-0.075,1.55715007446e-12,0
860.0,0.05,-0.07,1.26258259721e-12,0
860.0,0.055,-0.075,1.17242136176e-12,0
860.0,0.055,-0.07,8.99524344546e-13,0
860.0,0.05,-0.065,1.0485061946e-12,0
860.0,0.055,-0.065,7.02062111591e-13,0
860.0,0.05,-0.06,9.16843505441e-13,0
860.0,0.055,-0.06,5.94952573865e-13,0
860.0,0.05,-0.055,8.43318260475e-13,0
860.0,0.055,-0.055,5.51636338892e-13,0
860.0,0.05,-0.05,8.09166072105e-13,0
860.0,0.055,-0.05,5.48222919593e-13,0
860.0,0.05,-0.045,8.00741684804e-13,0
860.0,0.055,-0.045,5.65965373756e-13,0
860.0,0.05,-0.04,7.86790349659e-13,0
860.0,0.055,-0.04,5.86800469212e-13,0
860.0,0.05,-0.035,7.56908480055e-13,0
860.0,0.055,-0.035,6.04987154456e-13,0
860.0,0.05,-0.03,6.45477338121e-13,0
860.0,0.055,-0.03,5.94083059027e-13,0
860.0,0.05,-0.025,4.38682638094e-13,0
860.0,0.055,-0.025,5.25542066774e-13,0
860.0,0.05,-0.02,1.50547049958e-13,0
860.0,0.055,-0.02,4.18895343757e-13,0
860.0,0.05,-0.015,-6.51764322278e-14,0
860.0,0.055,-0.015,3.29426621466e-13,0
860.0,0.05,-0.01,-9.08725607954e-14,0
860.0,0.055,-0.01,3.16227971883e-13,0
860.0,0.05,-0.005,-4.23029616112e-14,0
860.0,0.055,-0.005,3.40302085114e-13,0
860.0,0.05,0,1.71849234664e-13,0
860.0,0.055,4.16333634234e-19,4.09123599003e-13,0
860.0,0.05,0.005,4.45516755658e-13,0
860.0,0.055,0.005,4.79206557259e-13,0
860.0,0.05,0.01,5.81383257129e-13,0
860.0,0.055,0.01,4.52779358735e-13,0
860.0,0.05,0.015,4.77237621014e-13,0
860.0,0.055,0.015,2.75846093734e-13,0
860.0,0.05,0.02,2.42274135076e-13,0
860.0,0.055,0.02,2.96153135178e-14,0
860.0,0.05,0.025,-3.33645632865e-15,0
860.0,0.055,0.025,-2.28944751493e-13,0
860.0,0.05,0.03,-2.83157188294e-13,0
860.0,0.055,0.03,-5.10384770267e-13,0
860.0,0.05,0.035,-5.20537290496e-13,0
860.0,0.055,0.035,-7.25466304313e-13,0
860.0,0.05,0.04,-6.72877735366e-13,0
860.0,0.055,0.04,-8.65412635341e-13,0
860.0,0.05,0.045,-7.8951599942e-13,0
860.0,0.055,0.045,-9.57189547756e-13,0
860.0,0.05,0.05,-7.7002055238e-13,0
860.0,0.05,0.055,-5.501250925e-13,0
860.0,0.055,0.05,-9.00292095704e-13,0
860.0,0.055,0.055,-6.91853991202e-13,0
860.0,0.05,0.06,-2.54693083515e-13,0
860.0,0.05,0.065,5.41671181127e-14,0
860.0,0.055,0.06,-4.36210785779e-13,0
860.0,0.055,0.065,-2.01628441179e-13,0
860.0,0.05,0.07,3.76351437734e-13,0
860.0,0.05,0.075,6.7983907726e-13,0
860.0,0.055,0.07,-1.52377202228e-13,0
860.0,0.055,0.075,-2.00910815357e-13,0
860.0,0.06,-0.075,5.14672884335e-13,0
860.0,0.06,-0.07,3.04991989183e-13,0
860.0,0.065,-0.075,-3.28111333685e-13,0
860.0,0.065,-0.07,-4.49940457278e-13,0
860.0,0.06,-0.065,1.60700955639e-13,0
860.0,0.065,-0.065,-5.15332764365e-13,0
860.0,0.06,-0.06,9.15427373388e-14,0
860.0,0.065,-0.06,-5.44341664042e-13,0
860.0,0.06,-0.055,8.24526977651e-14,0
860.0,0.065,-0.055,-5.26475175656e-13,0
860.0,0.06,-0.05,1.19883987385e-13,0
860.0,0.065,-0.05,-4.45946745404e-13,0
860.0,0.06,-0.045,1.75162603641e-13,0
860.0,0.065,-0.045,-3.55773480636e-13,0
860.0,0.06,-0.04,2.31644588212e-13,0
860.0,0.065,-0.04,-2.75280727621e-13,0
860.0,0.06,-0.035,2.91813026148e-13,0
860.0,0.065,-0.035,-2.0531350476e-13,0
860.0,0.06,-0.03,3.56484183191e-13,0
860.0,0.065,-0.03,-9.16327487202e-14,0
860.0,0.06,-0.025,4.11733155596e-13,0
860.0,0.065,-0.025,6.05611512621e-14,0
860.0,0.06,-0.02,4.49065212757e-13,0
860.0,0.065,-0.02,2.22137329134e-13,0
860.0,0.06,-0.015,4.77044208065e-13,0
860.0,0.065,-0.015,3.16978337546e-13,0
860.0,0.06,-0.01,4.91585033741e-13,0
860.0,0.065,-0.01,3.48898538423e-13,0
860.0,0.06,-0.005,4.79816822359e-13,0
860.0,0.065,-0.005,3.44852400593e-13,0
860.0,0.06,0,4.50001837035e-13,0
860.0,0.065,4.16333634234e-19,3.10299376493e-13,0
860.0,0.06,0.005,4.08440543291e-13,0
860.0,0.065,0.005,2.44961661643e-13,0
860.0,0.06,0.01,2.78794920045e-13,0
860.0,0.065,0.01,8.46925118723e-14,0
860.0,0.06,0.015,4.92302882752e-14,0
860.0,0.065,0.015,-1.51085653566e-13,0
860.0,0.06,0.02,-2.00404506963e-13,0
860.0,0.065,0.02,-3.47433777375e-13,0
860.0,0.06,0.025,-4.27428996354e-13,0
860.0,0.065,0.025,-4.84470075163e-13,0
860.0,0.06,0.03,-6.19751148823e-13,0
860.0,0.065,0.03,-5.40855934914e-13,0
860.0,0.06,0.035,-7.45660528399e-13,0
860.0,0.065,0.035,-4.96248087054e-13,0
860.0,0.06,0.04,-8.09337613795e-13,0
860.0,0.065,0.04,-3.66156168142e-13,0
860.0,0.06,0.045,-7.96458505465e-13,0
860.0,0.065,0.045,-1.56944703416e-13,0
860.0,0.06,0.05,-6.64836778235e-13,0
860.0,0.065,0.05,4.84156824367e-14,0
860.0,0.06,0.055,-4.80899081206e-13,0
860.0,0.065,0.055,2.15751178189e-13,0
860.0,0.06,0.06,-3.51409241689e-13,0
860.0,0.06,0.065,-4.01668217428e-13,0
860.0,0.065,0.06,1.40899089433e-13,0
860.0,0.065,0.065,-2.97848091904e-13,0
860.0,0.06,0.07,-6.95654692684e-13,0
860.0,0.06,0.075,-1.13601862702e-12,0
860.0,0.065,0.07,-9.91657876108e-13,0
860.0,0.065,0.075,-1.82477329576e-12,0
860.0,0.07,-0.075,-1.30247930762e-12,0
860.0,0.07,-0.07,-1.32240803057e-12,0
860.0,0.075,-0.075,-2.28551454478e-12,0
860.0,0.075,-0.07,-2.23284049189e-12,0
860.0,0.07,-0.065,-1.3062829687e-12,0
860.0,0.075,-0.065,-2.13970009283e-12,0
860.0,0.07,-0.06,-1.29307058525e-12,0
860.0,0.075,-0.06,-2.09749798787e-12,0
860.0,0.07,-0.055,-1.26971839428e-12,0
860.0,0.075,-0.055,-2.07848548364e-12,0
860.0,0.07,-0.05,-1.20803772869e-12,0
860.0,0.075,-0.05,-2.07312317014e-12,0
860.0,0.07,-0.045,-1.10560224602e-12,0
860.0,0.075,-0.045,-1.98248593456e-12,0
860.0,0.07,-0.04,-9.80973961069e-13,0
860.0,0.075,-0.04,-1.7705407024e-12,0
860.0,0.07,-0.035,-8.37845395264e-13,0
860.0,0.075,-0.035,-1.49762579533e-12,0
860.0,0.07,-0.03,-6.62883595901e-13,0
860.0,0.075,-0.03,-1.27124606118e-12,0
860.0,0.07,-0.025,-4.50034026879e-13,0
860.0,0.075,-0.025,-1.01332994543e-12,0
860.0,0.07,-0.02,-1.60198295543e-13,0
860.0,0.075,-0.02,-5.72755663472e-13,0
860.0,0.07,-0.015,4.22453910996e-14,0
860.0,0.075,-0.015,-2.2983202948e-13,0
860.0,0.07,-0.01,9.2105584009e-14,0
860.0,0.075,-0.01,-1.58681685375e-13,0
860.0,0.07,-0.005,1.07210948969e-13,0
860.0,0.075,-0.005,-1.2686628766e-13,0
860.0,0.07,0,8.66757416941e-14,0
860.0,0.075,0,-1.33821321301e-13,0
860.0,0.07,0.005,3.74785779687e-14,0
860.0,0.075,0.005,-1.68969886958e-13,0
860.0,0.07,0.01,-9.31532007878e-14,0
860.0,0.075,0.01,-2.56074980824e-13,0
860.0,0.07,0.015,-2.70691602953e-13,0
860.0,0.075,0.015,-3.77929807219e-13,0
860.0,0.07,0.02,-3.99898388116e-13,0
860.0,0.075,0.02,-4.60103189238e-13,0
860.0,0.07,0.025,-4.55119009533e-13,0
860.0,0.075,0.025,-4.46238843344e-13,0
860.0,0.07,0.03,-3.9457223418e-13,0
860.0,0.075,0.03,-2.85265375214e-13,0
860.0,0.07,0.035,-2.01411139995e-13,0
860.0,0.075,0.035,4.0679138125e-14,0
860.0,0.07,0.04,2.3989779002e-13,0
860.0,0.075,0.04,8.41357559846e-13,0
860.0,0.07,0.045,6.98727729454e-13,0
860.0,0.075,0.045,1.58586421333e-12,0
860.0,0.07,0.05,9.37326623312e-13,0
860.0,0.075,0.05,1.85345924548e-12,0
860.0,0.07,0.055,1.11298493544e-12,0
860.0,0.075,0.055,2.04270761034e-12,0
860.0,0.07,0.06,8.74064840539e-13,0
860.0,0.075,0.06,1.72182988827e-12,0
860.0,0.07,0.065,9.49991664032e-14,0
860.0,0.075,0.065,6.63584579534e-13,0
860.0,0.07,0.07,-9.6306125315e-13,0
860.0,0.07,0.075,-2.11021386393e-12,0
860.0,0.075,0.07,-7.16677071543e-13,0
860.0,0.075,0.075,-2.07726264532e-12,0
950.0,-0.00382671281566,-0.00202612167119,0,0
950.0,-0.005,-0.005,3.67106496663e-14,0
950.0,-0.00197892066871,-0.00385133392306,0,0
950.0,-0.005,-0.00190753787223,1.87840847108e-14,0
950.0,-0.00433,0,0,0
950.0,-0.00190753787223,-0.005,1.6101286619e-14,0
950.0,0,-0.00433,0,0
950.0,-0.005,0.00190775150599,1.76671742901e-14,0
950.0,-0.00385133392306,0.00197892066871,0,0
950.0,0.00190775150599,-0.005,1.54187825841e-14,0
950.0,0.00202612167119,-0.00382671281566,0,0
950.0,-0.00202612167119,0.00382671281566,0,0
950.0,-0.005,0.005,2.73271076406e-14,0
950.0,-0.0019094272225,0.005,1.42916416662e-14,0
950.0,0,0.00433,0,0
950.0,0.00147766755988,0.00407006125046,0,0
950.0,8.32667268469e-19,0.005,1.03672870628e-14,0
950.0,0.00433,0,0,0
950.0,0.005,1.38777878078e-18,1.45803357714e-14,0
950.0,0.00407006125046,0.00147766755988,0,0
950.0,0.005,-0.005,3.75138187136e-14,0
950.0,0.00385133392306,-0.00197892066871,0,0
950.0,0.005,-0.0019094272225,2.05422276729e-14,0
950.0,0.00306177236254,0.00306177236254,0,0
950.0,0.0019094272225,0.005,1.3613236507e-14,0
950.0,0.005,0.0019094272225,1.97055360263e-14,0
950.0,-0.000885,-0.0015328649647,1.27176974554e-12,0
950.0,-0.0015328649647,-0.000885,1.27189218841e-12,0
950.0,-0.00186450691264,-0.00187567167242,8.43189616304e-13,0
950.0,-0.00177,0,1.27158372959e-12,0
950.0,-0.00268433516245,-0.000738983120158,7.59254554671e-13,0
950.0,0,-0.00177,1.27173116677e-12,0
950.0,-0.000718432264205,-0.00269192408424,7.57547997083e-13,0
950.0,-0.0015328649647,0.000885,1.27007874818e-12,0
950.0,-0.00265321485144,0.000647311733689,7.9004348182e-13,0
950.0,-0.000885,0.0015328649647,1.26845043048e-12,0
950.0,-0.00194719253591,0.00178443766524,8.44115774256e-13,0
950.0,0,0.00177,1.26434286847e-12,0
950.0,-0.000802720381054,0.00273415977115,7.17639288547e-13,0
950.0,0.000885,-0.0015328649647,1.27041950743e-12,0
950.0,0.00075154031863,-0.00270385456952,7.4543550788e-13,0
950.0,0.00177,0,1.26268228501e-12,0
950.0,0.0015328649647,-0.000885,1.26826621636e-12,0
950.0,0.00271471102228,-0.000564731152102,7.61061816422e-13,0
950.0,0.00192394637685,-0.00189207206672,8.10253549864e-13,0
950.0,0.00231817117671,0.00040530921667,9.8810226695e-13,0
950.0,0.0015328649647,0.000885,1.26094778777e-12,0
950.0,0.000885,0.0015328649647,1.26165300333e-12,0
950.0,0.000427053001345,0.00287092483521,6.82321506811e-13,0
950.0,0.00187618296239,0.00184774001435,8.33501487912e-13,0
950.0,0.00312733402203,0.000607809752493,5.19299011116e-13,0
950.0,0.00276214303706,0.00136595635004,5.76970583185e-13,0
950.0,0.0014100336009,0.00268674970267,6.04888326386e-13,0
950.0,-0.075,-0.075,9.19450584183e-13,0
950.0,-0.07,-0.075,5.56205031889e-13,0
950.0,-0.075,-0.07,8.07626189947e-13,0
950.0,-0.07,-0.07,4.78190372221e-13,0
950.0,-0.075,-0.065,6.4466132026e-13,0
950.0,-0.07,-0.065,3.6305718441e-13,0
950.0,-0.065,-0.075,2.02409346167e-13,0
950.0,-0.065,-0.07,1.77371762425e-13,0
950.0,-0.065,-0.065,1.23185410838e-13,0
950.0,-0.075,-0.06,3.323178419e-13,0
950.0,-0.07,-0.06,1.7496037682e-13,0
950.0,-0.065,-0.06,3.69605074193e-14,0
950.0,-0.075,-0.055,2.6269967484e-14,0
950.0,-0.07,-0.055,-4.71551703732e-15,0
950.0,-0.065,-0.055,-4.37578072433e-14,0
950.0,-0.075,-0.05,-1.19465561917e-13,0
950.0,-0.07,-0.05,-1.01536015596e-13,0
950.0,-0.065,-0.05,-8.64993271314e-14,0
950.0,-0.075,-0.045,-2.11267359346e-13,0
950.0,-0.07,-0.045,-1.66265854289e-13,0
950.0,-0.065,-0.045,-1.22542650865e-13,0
950.0,-0.075,-0.04,-2.58946869632e-13,0
950.0,-0.07,-0.04,-2.07473685621e-13,0
950.0,-0.075,-0.035,-2.71354734367e-13,0
950.0,-0.07,-0.035,-2.27968823069e-13,0
950.0,-0.065,-0.04,-1.56553614555e-13,0
950.0,-0.065,-0.035,-1.83187944601e-13,0
950.0,-0.075,-0.03,-7.93291470389e-14,0
950.0,-0.07,-0.03,-1.49521969907e-13,0
950.0,-0.075,-0.025,3.64955806834e-13,0
950.0,-0.07,-0.025,6.56683185156e-14,0
950.0,-0.065,-0.03,-1.84544097448e-13,0
950.0,-0.065,-0.025,-1.48377816943e-13,0
950.0,-0.075,-0.02,9.46084888256e-13,0
950.0,-0.07,-0.02,3.65091276665e-13,0
950.0,-0.075,-0.015,1.54877040261e-12,0
950.0,-0.07,-0.015,6.92202690599e-13,0
950.0,-0.065,-0.02,-8.48471438947e-14,0
950.0,-0.065,-0.015,-1.81129396357e-14,0
950.0,-0.075,-0.01,1.98766994016e-12,0
950.0,-0.07,-0.01,9.65538618256e-13,0
950.0,-0.075,-0.005,2.07642837617e-12,0
950.0,-0.07,-0.005,1.0243878005e-12,0
950.0,-0.065,-0.01,6.36681135427e-14,0
950.0,-0.065,-0.005,5.15432532144e-14,0
950.0,-0.075,0,1.79908711537e-12,0
950.0,-0.07,0,8.51732363874e-13,0
950.0,-0.075,0.005,1.27073577579e-12,0
950.0,-0.07,0.005,5.450889606e-13,0
950.0,-0.065,4.16333634234e-19,-5.50143527578e-14,0
950.0,-0.065,0.005,-1.76710902063e-13,0
950.0,-0.075,0.01,6.15419142531e-13,0
950.0,-0.07,0.01,2.08121581896e-13,0
950.0,-0.075,0.015,1.19183634262e-13,0
950.0,-0.07,0.015,-2.14939768101e-14,0
950.0,-0.065,0.01,-2.28854431871e-13,0
950.0,-0.065,0.015,-1.94586345604e-13,0
950.0,-0.075,0.02,-7.92011907206e-14,0
950.0,-0.07,0.02,-1.29389764314e-13,0
950.0,-0.075,0.025,-2.38471839136e-13,0
950.0,-0.07,0.025,-2.12201571708e-13,0
950.0,-0.065,0.02,-1.83432845169e-13,0
950.0,-0.065,0.025,-1.68769599882e-13,0
950.0,-0.075,0.03,-3.97125115344e-13,0
950.0,-0.07,0.03,-2.83948399706e-13,0
950.0,-0.075,0.035,-5.34096401458e-13,0
950.0,-0.07,0.035,-3.5263491372e-13,0
950.0,-0.065,0.03,-1.45609630027e-13,0
950.0,-0.065,0.035,-1.40510121354e-13,0
950.0,-0.075,0.04,-6.72181524692e-13,0
950.0,-0.07,0.04,-4.14444436733e-13,0
950.0,-0.075,0.045,-7.36324908587e-13,0
950.0,-0.07,0.045,-4.4330667581e-13,0
950.0,-0.065,0.04,-1.62988626092e-13,0
950.0,-0.065,0.045,-1.85486398028e-13,0
950.0,-0.075,0.05,-7.2909560532e-13,0
950.0,-0.07,0.05,-4.40810298041e-13,0
950.0,-0.075,0.055,-6.89132938164e-13,0
950.0,-0.07,0.055,-4.1127096216e-13,0
950.0,-0.065,0.05,-1.90209716197e-13,0
950.0,-0.065,0.055,-1.6999704492e-13,0
950.0,-0.075,0.06,-6.24934360339e-13,0
950.0,-0.07,0.06,-3.54411848417e-13,0
950.0,-0.075,0.065,-5.46705098386e-13,0
950.0,-0.07,0.065,-2.74402298739e-13,0
950.0,-0.065,0.06,-1.2035157739e-13,0
950.0,-0.065,0.065,-4.04870847878e-14,0
950.0,-0.075,0.07,-4.50915220179e-13,0
950.0,-0.07,0.07,-1.65872418379e-13,0
950.0,-0.075,0.075,-3.27887909251e-13,0
950.0,-0.07,0.075,-3.47057981617e-14,0
950.0,-0.065,0.07,7.09208269885e-14,0
950.0,-0.065,0.075,1.99986101048e-13,0
950.0,-0.06,-0.075,-9.77430076176e-14,0
950.0,-0.06,-0.07,-7.86407318054e-14,0
950.0,-0.06,-0.065,-6.86101393507e-14,0
950.0,-0.055,-0.075,-3.75679754212e-13,0
950.0,-0.055,-0.07,-3.11472705096e-13,0
950.0,-0.055,-0.065,-2.39304032242e-13,0
950.0,-0.06,-0.06,-6.38596995207e-14,0
950.0,-0.06,-0.055,-6.27806812721e-14,0
950.0,-0.055,-0.06,-1.49473973853e-13,0
950.0,-0.055,-0.055,-7.20419892859e-14,0
950.0,-0.06,-0.05,-6.79393788162e-14,0
950.0,-0.055,-0.05,-4.01380099404e-14,0
950.0,-0.06,-0.045,-8.01409719046e-14,0
950.0,-0.055,-0.045,-2.71740357846e-14,0
950.0,-0.06,-0.04,-1.00512639969e-13,0
950.0,-0.055,-0.04,-3.09743755768e-14,0
950.0,-0.06,-0.035,-1.29547583397e-13,0
950.0,-0.055,-0.035,-5.52041455375e-14,0
950.0,-0.06,-0.03,-1.71865349758e-13,0
950.0,-0.06,-0.025,-2.28045464508e-13,0
950.0,-0.055,-0.03,-1.10943744755e-13,0
950.0,-0.055,-0.025,-2.08960167992e-13,0
950.0,-0.06,-0.02,-3.01156919881e-13,0
950.0,-0.06,-0.015,-3.99518252421e-13,0
950.0,-0.055,-0.02,-3.43620747339e-13,0
950.0,-0.055,-0.015,-5.08721956762e-13,0
950.0,-0.06,-0.01,-5.36315876596e-13,0
950.0,-0.06,-0.005,-6.93525108622e-13,0
950.0,-0.055,-0.01,-7.45845091698e-13,0
950.0,-0.055,-0.005,-1.0161825666e-12,0
950.0,-0.06,0,-8.01446255363e-13,0
950.0,-0.06,0.005,-7.97424246729e-13,0
950.0,-0.055,4.16333634234e-19,-1.18574887054e-12,0
950.0,-0.055,0.005,-1.12362243216e-12,0
950.0,-0.06,0.01,-6.43921008566e-13,0
950.0,-0.06,0.015,-3.91538750021e-13,0
950.0,-0.055,0.01,-8.52056040263e-13,0
950.0,-0.055,0.015,-4.49582672515e-13,0
950.0,-0.06,0.02,-1.64625734317e-13,0
950.0,-0.06,0.025,-6.69546603479e-15,0
950.0,-0.055,0.02,-3.96236575271e-14,0
950.0,-0.055,0.025,2.20915603242e-13,0
950.0,-0.06,0.03,7.39864603497e-14,0
950.0,-0.06,0.035,8.81810806829e-14,0
950.0,-0.055,0.03,2.82592413152e-13,0
950.0,-0.055,0.035,2.62921892041e-13,0
950.0,-0.06,0.04,4.97141820033e-14,0
950.0,-0.06,0.045,1.41511351713e-14,0
950.0,-0.055,0.04,2.1172001409e-13,0
950.0,-0.055,0.045,1.7297263386e-13,0
950.0,-0.06,0.05,2.08886824561e-15,0
950.0,-0.06,0.055,1.6736000746e-14,0
950.0,-0.055,0.05,1.59477172377e-13,0
950.0,-0.055,0.055,1.68214947997e-13,0
950.0,-0.06,0.06,6.10590443533e-14,0
950.0,-0.06,0.065,1.34974636376e-13,0
950.0,-0.055,0.06,2.0443971761e-13,0
950.0,-0.055,0.065,2.71095089904e-13,0
950.0,-0.06,0.07,2.38191842913e-13,0
950.0,-0.06,0.075,3.63497512439e-13,0
950.0,-0.055,0.07,3.68296138038e-13,0
950.0,-0.055,0.075,4.94522625767e-13,0
950.0,-0.05,-0.075,-6.14987516878e-13,0
950.0,-0.05,-0.07,-4.76893990112e-13,0
950.0,-0.045,-0.075,-6.56822764571e-13,0
950.0,-0.045,-0.07,-4.88645669551e-13,0
950.0,-0.05,-0.065,-3.42451798981e-13,0
950.0,-0.045,-0.065,-3.20827170297e-13,0
950.0,-0.05,-0.06,-1.88599970564e-13,0
950.0,-0.05,-0.055,-5.8821940836e-14,0
950.0,-0.045,-0.06,-1.55268798745e-13,0
950.0,-0.045,-0.055,-2.05176329497e-14,0
950.0,-0.05,-0.05,7.6785556408e-15,0
950.0,-0.05,-0.045,4.44980387814e-14,0
950.0,-0.045,-0.05,6.95312910383e-14,0
950.0,-0.045,-0.045,1.22948218876e-13,0
950.0,-0.05,-0.04,5.17704205078e-14,0
950.0,-0.045,-0.04,1.4135416145e-13,0
950.0,-0.05,-0.035,3.46477107439e-14,0
950.0,-0.045,-0.035,1.30158324694e-13,0
950.0,-0.05,-0.03,-1.82583819483e-14,0
950.0,-0.045,-0.03,8.45996994072e-14,0
950.0,-0.05,-0.025,-1.16709457926e-13,0
950.0,-0.045,-0.025,-1.27952379013e-15,0
950.0,-0.05,-0.02,-2.5529862541e-13,0
950.0,-0.05,-0.015,-4.27590190151e-13,0
950.0,-0.045,-0.02,-1.29867342079e-13,0
950.0,-0.045,-0.015,-2.89632830464e-13,0
950.0,-0.05,-0.01,-6.86608168032e-13,0
950.0,-0.05,-0.005,-9.91249763939e-13,0
950.0,-0.045,-0.01,-5.33348840933e-13,0
950.0,-0.045,-0.005,-8.07575844697e-13,0
950.0,-0.05,0,-1.18590078523e-12,0
950.0,-0.05,0.005,-1.08993915999e-12,0
950.0,-0.045,4.16333634234e-19,-9.4338827147e-13,0
950.0,-0.045,0.005,-7.86254967694e-13,0
950.0,-0.05,0.01,-7.66872219931e-13,0
950.0,-0.05,0.015,-3.35178953756e-13,0
950.0,-0.045,0.01,-4.70450757009e-13,0
950.0,-0.045,0.015,-1.13933047129e-13,0
950.0,-0.05,0.02,1.26112591914e-13,0
950.0,-0.05,0.025,3.88664936676e-13,0
950.0,-0.045,0.02,2.92582233186e-13,0
950.0,-0.045,0.025,4.92707025813e-13,0
950.0,-0.05,0.03,4.03284116528e-13,0
950.0,-0.05,0.035,3.58932348191e-13,0
950.0,-0.045,0.03,4.62496576894e-13,0
950.0,-0.045,0.035,3.99116979671e-13,0
950.0,-0.05,0.04,2.99124043806e-13,0
950.0,-0.05,0.045,2.58688587808e-13,0
950.0,-0.045,0.04,3.27931314191e-13,0
950.0,-0.045,0.045,2.68888460779e-13,0
950.0,-0.05,0.05,2.4305549043e-13,0
950.0,-0.05,0.055,2.40196627933e-13,0
950.0,-0.045,0.05,2.22924137106e-13,0
950.0,-0.045,0.055,1.95849636948e-13,0
950.0,-0.05,0.06,2.62621647811e-13,0
950.0,-0.05,0.065,3.15482517095e-13,0
950.0,-0.045,0.06,2.10296341066e-13,0
950.0,-0.045,0.065,2.31516469323e-13,0
950.0,-0.05,0.07,3.98492452068e-13,0
950.0,-0.05,0.075,5.18253290476e-13,0
950.0,-0.045,0.07,2.75316190534e-13,0
950.0,-0.045,0.075,3.63490396651e-13,0
950.0,-0.04,-0.075,-5.68115765388e-13,0
950.0,-0.04,-0.07,-4.06216603313e-13,0
950.0,-0.035,-0.075,-4.59923545128e-13,0
950.0,-0.035,-0.07,-3.12066555409e-13,0
950.0,-0.04,-0.065,-2.45056186044e-13,0
950.0,-0.035,-0.065,-1.63365919656e-13,0
950.0,-0.04,-0.06,-9.00192828847e-14,0
950.0,-0.035,-0.06,-2.10026860007e-14,0
950.0,-0.04,-0.055,3.97869824596e-14,0
950.0,-0.035,-0.055,1.01826726226e-13,0
950.0,-0.04,-0.05,1.35107645486e-13,0
950.0,-0.04,-0.045,1.98790622426e-13,0
950.0,-0.035,-0.05,1.97809271797e-13,0
950.0,-0.035,-0.045,2.65454534227e-13,0
950.0,-0.04,-0.04,2.27645779842e-13,0
950.0,-0.04,-0.035,2.22799673904e-13,0
950.0,-0.035,-0.04,3.00892427971e-13,0
950.0,-0.035,-0.035,3.02026569968e-13,0
950.0,-0.04,-0.03,1.84725630588e-13,0
950.0,-0.035,-0.03,2.7230514442e-13,0
950.0,-0.04,-0.025,1.17558762805e-13,0
950.0,-0.035,-0.025,2.1864593359e-13,0
950.0,-0.04,-0.02,1.82348577422e-14,0
950.0,-0.035,-0.02,1.47375174712e-13,0
950.0,-0.04,-0.015,-1.03509697432e-13,0
950.0,-0.035,-0.015,6.65796171864e-14,0
950.0,-0.04,-0.01,-2.76398980868e-13,0
950.0,-0.04,-0.005,-4.70112779919e-13,0
950.0,-0.035,-0.01,-1.96302568836e-14,0
950.0,-0.035,-0.005,-1.13285229359e-13,0
950.0,-0.04,0,-5.70605789264e-13,0
950.0,-0.04,0.005,-4.3694492535e-13,0
950.0,-0.035,4.16333634234e-19,-1.93362447221e-13,0
950.0,-0.035,0.005,-1.07680593323e-13,0
950.0,-0.04,0.01,-1.52574647365e-13,0
950.0,-0.04,0.015,1.56179614523e-13,0
950.0,-0.035,0.01,1.33571492726e-13,0
950.0,-0.035,0.015,3.69047579137e-13,0
950.0,-0.04,0.02,4.31080053722e-13,0
950.0,-0.04,0.025,5.1294964902e-13,0
950.0,-0.035,0.02,4.78053374661e-13,0
950.0,-0.035,0.025,4.65544297873e-13,0
950.0,-0.04,0.03,4.52687833459e-13,0
950.0,-0.04,0.035,3.75742924714e-13,0
950.0,-0.035,0.03,3.90153218009e-13,0
950.0,-0.035,0.035,2.94225132126e-13,0
950.0,-0.04,0.04,2.87498121775e-13,0
950.0,-0.04,0.045,1.98909106931e-13,0
950.0,-0.035,0.04,1.84957593116e-13,0
950.0,-0.035,0.045,6.94028628371e-14,0
950.0,-0.04,0.05,1.14948632166e-13,0
950.0,-0.04,0.055,4.71182398829e-14,0
950.0,-0.035,0.05,-4.76714330329e-14,0
950.0,-0.035,0.055,-1.5954793727e-13,0
950.0,-0.04,0.06,1.12285791028e-14,0
950.0,-0.04,0.065,-5.02186388376e-15,0
950.0,-0.035,0.06,-2.75664487988e-13,0
950.0,-0.035,0.065,-3.38927735491e-13,0
950.0,-0.04,0.07,6.85938148535e-15,0
950.0,-0.04,0.075,5.52338163072e-14,0
950.0,-0.035,0.07,-3.50031168829e-13,0
950.0,-0.035,0.075,-3.37777117171e-13,0
950.0,-0.03,-0.075,-3.4454483185e-13,0
950.0,-0.03,-0.07,-2.13716419919e-13,0
950.0,-0.025,-0.075,-2.26825810688e-13,0
950.0,-0.025,-0.07,-1.16751543781e-13,0
950.0,-0.03,-0.065,-8.20116836828e-14,0
950.0,-0.025,-0.065,-5.07428794243e-15,0
950.0,-0.03,-0.06,4.51038004699e-14,0
950.0,-0.025,-0.06,1.04810757534e-13,0
950.0,-0.03,-0.055,1.56816109346e-13,0
950.0,-0.025,-0.055,1.98316170854e-13,0
950.0,-0.03,-0.05,2.46016395812e-13,0
950.0,-0.025,-0.05,2.69727347418e-13,0
950.0,-0.03,-0.045,3.10823522675e-13,0
950.0,-0.025,-0.045,3.21724407417e-13,0
950.0,-0.03,-0.04,3.47889500527e-13,0
950.0,-0.03,-0.035,3.54819973847e-13,0
950.0,-0.025,-0.04,3.54841424953e-13,0
950.0,-0.025,-0.035,3.69629698259e-13,0
950.0,-0.03,-0.03,3.33417952149e-13,0
950.0,-0.03,-0.025,2.90210600856e-13,0
950.0,-0.025,-0.03,3.59841458638e-13,0
950.0,-0.025,-0.025,3.25189841984e-13,0
950.0,-0.03,-0.02,2.34522164983e-13,0
950.0,-0.025,-0.02,2.79835853045e-13,0
950.0,-0.03,-0.015,1.78233397872e-13,0
950.0,-0.025,-0.015,2.36919921133e-13,0
950.0,-0.03,-0.01,1.26799261217e-13,0
950.0,-0.025,-0.01,2.02970910164e-13,0
950.0,-0.03,-0.005,8.76515482412e-14,0
950.0,-0.025,-0.005,1.87779353711e-13,0
950.0,-0.03,0,8.63467817937e-14,0
950.0,-0.03,0.005,1.60372301234e-13,0
950.0,-0.025,4.16333634234e-19,2.0476775288e-13,0
950.0,-0.025,0.005,2.45805150852e-13,0
950.0,-0.03,0.01,3.05063801049e-13,0
950.0,-0.03,0.015,4.08274816288e-13,0
950.0,-0.025,0.01,3.04011816682e-13,0
950.0,-0.025,0.015,3.34719557813e-13,0
950.0,-0.03,0.02,4.19337712394e-13,0
950.0,-0.03,0.025,3.73104010997e-13,0
950.0,-0.025,0.02,3.16768554926e-13,0
950.0,-0.025,0.025,2.46603195563e-13,0
950.0,-0.03,0.03,2.80553702136e-13,0
950.0,-0.03,0.035,1.67570439327e-13,0
950.0,-0.025,0.03,1.3903221292e-13,0
950.0,-0.025,0.035,1.29567688384e-14,0
950.0,-0.03,0.04,3.99042853009e-14,0
950.0,-0.03,0.045,-9.60977105443e-14,0
950.0,-0.025,0.04,-1.25142358271e-13,0
950.0,-0.025,0.045,-2.70117195036e-13,0
950.0,-0.03,0.05,-2.38588205875e-13,0
950.0,-0.03,0.055,-3.83646655803e-13,0
950.0,-0.025,0.05,-4.15213847159e-13,0
950.0,-0.025,0.055,-5.46674851728e-13,0
950.0,-0.03,0.06,-5.38220791575e-13,0
950.0,-0.03,0.065,-6.30765601823e-13,0
950.0,-0.025,0.06,-6.40117554988e-13,0
950.0,-0.025,0.065,-6.74661556907e-13,0
950.0,-0.03,0.07,-6.63068655566e-13,0
950.0,-0.03,0.075,-6.93349587525e-13,0
950.0,-0.025,0.07,-6.76277413985e-13,0
950.0,-0.025,0.075,-6.75337069274e-13,0
950.0,-0.02,-0.075,-1.10499924817e-13,0
950.0,-0.02,-0.07,-2.3619715882e-14,0
950.0,-0.015,-0.075,3.40456357929e-15,0
950.0,-0.015,-0.07,6.39697625861e-14,0
950.0,-0.02,-0.065,6.37161054517e-14,0
950.0,-0.015,-0.065,1.20391265507e-13,0
950.0,-0.02,-0.06,1.45387102665e-13,0
950.0,-0.015,-0.06,1.58165406056e-13,0
950.0,-0.02,-0.055,2.06293443521e-13,0
950.0,-0.015,-0.055,1.63798816351e-13,0
950.0,-0.02,-0.05,2.4959249852e-13,0
950.0,-0.015,-0.05,1.72303106023e-13,0
950.0,-0.02,-0.045,2.84435945467e-13,0
950.0,-0.015,-0.045,1.92021834288e-13,0
950.0,-0.02,-0.04,3.12138632467e-13,0
950.0,-0.015,-0.04,2.18894534343e-13,0
950.0,-0.02,-0.035,3.34578370227e-13,0
950.0,-0.015,-0.035,2.48459096671e-13,0
950.0,-0.02,-0.03,3.37847626472e-13,0
950.0,-0.02,-0.025,3.13108549901e-13,0
950.0,-0.015,-0.03,2.65163587509e-13,0
950.0,-0.015,-0.025,2.52947618533e-13,0
950.0,-0.02,-0.02,2.76404486944e-13,0
950.0,-0.02,-0.015,2.41189476479e-13,0
950.0,-0.015,-0.02,2.28436936269e-13,0
950.0,-0.015,-0.015,2.01186929894e-13,0
950.0,-0.02,-0.01,2.09970885456e-13,0
950.0,-0.015,-0.01,1.72817406599e-13,0
950.0,-0.02,-0.005,1.89493471961e-13,0
950.0,-0.015,-0.005,1.4866652165e-13,0
950.0,-0.02,0,1.87356932183e-13,0
950.0,-0.015,4.16333634234e-19,1.36656415082e-13,0
950.0,-0.02,0.005,2.03679038414e-13,0
950.0,-0.015,0.005,1.36102386771e-13,0
950.0,-0.02,0.01,2.26055688178e-13,0
950.0,-0.02,0.015,2.26369797056e-13,0
950.0,-0.015,0.01,1.35539672018e-13,0
950.0,-0.015,0.015,1.10416629694e-13,0
950.0,-0.02,0.02,1.86133071378e-13,0
950.0,-0.02,0.025,9.93519790421e-14,0
950.0,-0.015,0.02,4.97230581192e-14,0
950.0,-0.015,0.025,-5.0631124823e-14,0
950.0,-0.02,0.03,-1.73013958351e-14,0
950.0,-0.02,0.035,-1.4861537756e-13,0
950.0,-0.015,0.03,-1.68576023281e-13,0
950.0,-0.015,0.035,-2.97755268544e-13,0
950.0,-0.02,0.04,-2.86758950252e-13,0
950.0,-0.02,0.045,-4.24135422148e-13,0
950.0,-0.015,0.04,-4.30340183597e-13,0
950.0,-0.015,0.045,-5.45064789422e-13,0
950.0,-0.02,0.05,-5.36452206669e-13,0
950.0,-0.02,0.055,-5.83384958167e-13,0
950.0,-0.015,0.05,-5.86766437868e-13,0
950.0,-0.015,0.055,-5.33055448799e-13,0
950.0,-0.02,0.06,-5.63480319274e-13,0
950.0,-0.02,0.065,-5.00508808024e-13,0
950.0,-0.015,0.06,-4.09887381548e-13,0
950.0,-0.015,0.065,-2.26002041875e-13,0
950.0,-0.02,0.07,-4.0668457745e-13,0
950.0,-0.02,0.075,-3.22952783058e-13,0
950.0,-0.015,0.07,1.33899998654e-14,0
950.0,-0.015,0.075,2.19661570527e-13,0
950.0,-0.01,-0.075,1.27189219259e-13,0
950.0,-0.01,-0.07,1.4794401301e-13,0
950.0,-0.005,-0.075,2.49194483618e-13,0
950.0,-0.005,-0.07,2.28496467436e-13,0
950.0,-0.01,-0.065,1.59861982521e-13,0
950.0,-0.005,-0.065,1.80710395547e-13,0
950.0,-0.01,-0.06,1.16744203161e-13,0
950.0,-0.005,-0.06,1.34095744742e-14,0
950.0,-0.01,-0.055,4.84383434088e-14,0
950.0,-0.005,-0.055,-1.33705835042e-13,0
950.0,-0.01,-0.05,2.77408126026e-14,0
950.0,-0.005,-0.05,-1.77265899747e-13,0
950.0,-0.01,-0.045,3.32542769388e-14,0
950.0,-0.005,-0.045,-1.87110211173e-13,0
950.0,-0.01,-0.04,6.00923649277e-14,0
950.0,-0.005,-0.04,-1.59923510654e-13,0
950.0,-0.01,-0.035,1.01712059827e-13,0
950.0,-0.005,-0.035,-1.03242262371e-13,0
950.0,-0.01,-0.03,1.40487220358e-13,0
950.0,-0.005,-0.03,-2.59528466039e-14,0
950.0,-0.01,-0.025,1.54277087071e-13,0
950.0,-0.005,-0.025,3.13747605277e-14,0
950.0,-0.01,-0.02,1.50098837921e-13,0
950.0,-0.01,-0.015,1.36474884467e-13,0
950.0,-0.005,-0.02,5.98146910856e-14,0
950.0,-0.005,-0.015,6.95200014617e-14,0
950.0,-0.0117873230072,-0.0115873794689,1.44180354027e-13,0
950.0,-0.00939961996336,-0.005,8.23536180951e-14,0
950.0,-0.00792797428371,-0.00964253216809,8.82382600844e-14,0
950.0,-0.005,-0.00939961996336,5.78097554035e-14,0
950.0,-0.0108753492546,-0.00150606400588,8.79617003698e-14,0
950.0,-0.00818101620308,-0.00211452602544,5.63285585779e-14,0
950.0,-0.00651817360753,-0.000255934956239,3.25647902857e-14,0
950.0,-0.005,6.71033969428e-08,1.33350901545e-14,0
950.0,-0.0107292118043,0.00160660295843,8.13023793754e-14,0
950.0,-0.0080188992252,0.000768320427092,4.90917497801e-14,0
950.0,-0.00939946851065,0.005,6.3562553101e-14,0
950.0,-0.00802129342231,0.00264911934363,4.92284249813e-14,0
950.0,-0.00887989370213,0.00887989479405,4.62766074331e-14,0
950.0,-0.01,0.015,1.91424948138e-15,0
950.0,-0.005,0.00939947397025,1.04461438877e-14,0
950.0,-0.005,0.015,-6.83053147971e-14,0
950.0,-0.01,0.02,-8.39244795079e-14,0
950.0,-0.01,0.025,-1.83031230319e-13,0
950.0,-0.005,0.02,-1.62484223096e-13,0
950.0,-0.005,0.025,-2.50156740025e-13,0
950.0,-0.01,0.03,-2.84827696029e-13,0
950.0,-0.01,0.035,-3.9848569751e-13,0
950.0,-0.005,0.03,-3.32739918393e-13,0
950.0,-0.005,0.035,-4.13832693869e-13,0
950.0,-0.01,0.04,-5.05242892356e-13,0
950.0,-0.01,0.045,-5.40437131109e-13,0
950.0,-0.005,0.04,-4.52627171748e-13,0
950.0,-0.005,0.045,-3.77488554989e-13,0
950.0,-0.01,0.05,-4.72480372425e-13,0
950.0,-0.01,0.055,-3.18221986666e-13,0
950.0,-0.005,0.05,-2.13113136887e-13,0
950.0,-0.005,0.055,1.40022855407e-14,0
950.0,-0.01,0.06,-8.14057237106e-14,0
950.0,-0.01,0.065,2.43720031766e-13,0
950.0,-0.005,0.06,3.15835187226e-13,0
950.0,-0.005,0.065,7.0709445874e-13,0
950.0,-0.01,0.07,6.33118192289e-13,0
950.0,-0.01,0.075,1.03778976861e-12,0
950.0,-0.005,0.07,1.169699758e-12,0
950.0,-0.005,0.075,1.70941201916e-12,0
950.0,0,-0.075,5.36552058474e-13,0
950.0,0,-0.07,3.54602782197e-13,0
950.0,0.005,-0.075,8.65194968377e-13,0
950.0,0.005,-0.07,5.02074607054e-13,0
950.0,0,-0.065,1.31242296215e-13,0
950.0,0.005,-0.065,1.197001355e-13,0
950.0,0,-0.06,-1.62818305953e-13,0
950.0,0.005,-0.06,-2.60499442597e-13,0
950.0,0,-0.055,-4.23920833078e-13,0
950.0,0.005,-0.055,-6.15442087368e-13,0
950.0,0,-0.05,-5.74970616962e-13,0
950.0,0.005,-0.05,-8.77393129131e-13,0
950.0,0,-0.045,-6.30163025281e-13,0
950.0,0.005,-0.045,-9.89376041609e-13,0
950.0,0,-0.04,-5.95255489995e-13,0
950.0,0.005,-0.04,-9.54833420157e-13,0
950.0,0,-0.035,-4.77331250435e-13,0
950.0,0.005,-0.035,-7.7470273716e-13,0
950.0,0,-0.03,-2.89163360295e-13,0
950.0,0.005,-0.03,-5.03636285469e-13,0
950.0,0,-0.025,-1.11090489307e-13,0
950.0,0.005,-0.025,-2.31444709134e-13,0
950.0,0,-0.02,-2.20534162382e-14,0
950.0,0.005,-0.02,-7.06036466785e-14,0
950.0,0,-0.015,2.38426690006e-14,0
950.0,0.005,-0.015,1.69910147439e-14,0
950.0,-0.0021196717084,-0.00776771017156,3.27695611648e-14,0
950.0,-0.00084550708518,-0.00631514607954,2.21691902734e-14,0
950.0,6.71033969406e-08,-0.005,1.15918223071e-14,0
950.0,-0.00139054260708,-0.0110960807567,3.76959161049e-14,0
950.0,0.00132468676756,-0.00775008274642,2.76242453249e-14,0
950.0,0.00160394440688,-0.0116908851489,3.01315637446e-14,0
950.0,0.005,-0.00939946851065,4.64677593377e-14,0
950.0,0.005,0.005,2.85511348181e-14,0
950.0,-0.000107646311398,0.00617659695633,1.85016570407e-14,0
950.0,-0.00190846935279,0.0076427502668,1.54913673959e-14,0
950.0,0.00131146485568,0.00777290068297,9.91437208592e-15,0
950.0,0.00295884413402,0.00640276348073,1.7099581063e-14,0
950.0,-1.21517769428e-05,0.0108932602996,-2.40238715383e-14,0
950.0,0,0.015,-8.79540110765e-14,0
950.0,0.005,0.00939942566771,2.91853501569e-15,0
950.0,0.005,0.015,-7.11477581341e-14,0
950.0,0,0.02,-1.73252481676e-13,0
950.0,0,0.025,-2.52980978291e-13,0
950.0,0.005,0.02,-1.5023345029e-13,0
950.0,0.005,0.025,-2.16852918741e-13,0
950.0,0,0.03,-3.14818434256e-13,0
950.0,0,0.035,-3.57355709039e-13,0
950.0,0.005,0.03,-2.55153010069e-13,0
950.0,0.005,0.035,-2.63432072711e-13,0
950.0,0,0.04,-3.21661865285e-13,0
950.0,0,0.045,-1.810337425e-13,0
950.0,0.005,0.04,-1.98642174442e-13,0
950.0,0.005,0.045,-5.47310735694e-14,0
950.0,0,0.05,1.13119829341e-14,0
950.0,0,0.055,2.50933987827e-13,0
950.0,0.005,0.05,1.18959569287e-13,0
950.0,0.005,0.055,3.1638820387e-13,0
950.0,0,0.06,5.44996770274e-13,0
950.0,0,0.065,8.84561207878e-13,0
950.0,0.005,0.06,5.28712410543e-13,0
950.0,0.005,0.065,7.40011116636e-13,0
950.0,0,0.07,1.31700435023e-12,0
950.0,0,0.075,1.85064906959e-12,0
950.0,0.005,0.07,1.07624982582e-12,0
950.0,0.005,0.075,1.48583302398e-12,0
950.0,0.01,-0.075,1.05421273468e-12,0
950.0,0.01,-0.07,6.10190524991e-13,0
950.0,0.015,-0.075,1.05581371295e-12,0
950.0,0.015,-0.07,6.41445636301e-13,0
950.0,0.01,-0.065,1.65803816339e-13,0
950.0,0.015,-0.065,2.21109974511e-13,0
950.0,0.01,-0.06,-2.27369155809e-13,0
950.0,0.015,-0.06,-1.72079592483e-13,0
950.0,0.01,-0.055,-5.98842169142e-13,0
950.0,0.015,-0.055,-5.21036529667e-13,0
950.0,0.01,-0.05,-8.9556344116e-13,0
950.0,0.015,-0.05,-7.92190462536e-13,0
950.0,0.01,-0.045,-1.05175892324e-12,0
950.0,0.015,-0.045,-9.88509345081e-13,0
950.0,0.01,-0.04,-1.03014534825e-12,0
950.0,0.015,-0.04,-1.01662680081e-12,0
950.0,0.01,-0.035,-8.29211594534e-13,0
950.0,0.015,-0.035,-7.95498367382e-13,0
950.0,0.01,-0.03,-5.38695884144e-13,0
950.0,0.015,-0.03,-4.82263451831e-13,0
950.0,0.01,-0.025,-2.54749343556e-13,0
950.0,0.015,-0.025,-1.75147223801e-13,0
950.0,0.01,-0.02,-2.45066689224e-14,0
950.0,0.01,-0.015,1.07832874973e-13,0
950.0,0.015,-0.02,1.25343774792e-13,0
950.0,0.015,-0.015,3.05501353008e-13,0
950.0,0.00999280436795,-0.0116358337096,1.39504726842e-13,0
950.0,0.0105889214373,-0.00845762197625,1.69786800093e-13,0
950.0,0.015,-0.01,3.47615659984e-13,0
950.0,0.00939947397025,-0.005,1.28482594506e-13,0
950.0,0.015,-0.005,3.39988883991e-13,0
950.0,0.00658051136513,-0.00296146438142,5.31553232502e-14,0
950.0,0.00636794669772,-3.54305826484e-06,4.00348758843e-14,0
950.0,0.00795807888052,-0.00113999998936,7.72221992358e-14,0
950.0,0.00758147027913,0.00183630393596,6.40096336229e-14,0
950.0,0.0112534647756,-1.47536350887e-07,1.66797508418e-13,0
950.0,0.015,4.16333634234e-19,2.94886688904e-13,0
950.0,0.00939942566771,0.005,9.36223565743e-14,0
950.0,0.015,0.005,2.35247227252e-13,0
950.0,0.00999018807453,0.0109670628501,4.41082427446e-14,0
950.0,0.01,0.015,-1.87088741704e-14,0
950.0,0.015,0.01,1.51003553725e-13,0
950.0,0.015,0.015,5.03460243874e-14,0
950.0,0.01,0.02,-1.01222292549e-13,0
950.0,0.01,0.025,-1.61724969614e-13,0
950.0,0.015,0.02,-4.6975543972e-14,0
950.0,0.015,0.025,-1.11708611362e-13,0
950.0,0.01,0.03,-1.88183392929e-13,0
950.0,0.01,0.035,-1.82632551049e-13,0
950.0,0.015,0.03,-1.331662656e-13,0
950.0,0.015,0.035,-1.15005367606e-13,0
950.0,0.01,0.04,-1.20719982035e-13,0
950.0,0.01,0.045,-7.55266905456e-15,0
950.0,0.015,0.04,-5.188238845e-14,0
950.0,0.015,0.045,3.39769248679e-14,0
950.0,0.01,0.05,1.23283653182e-13,0
950.0,0.01,0.055,2.547057331e-13,0
950.0,0.015,0.05,1.20791058626e-13,0
950.0,0.015,0.055,1.86016152021e-13,0
950.0,0.01,0.06,3.78554118421e-13,0
950.0,0.01,0.065,4.88401171152e-13,0
950.0,0.015,0.06,2.15486651827e-13,0
950.0,0.015,0.065,1.88789529033e-13,0
950.0,0.01,0.07,5.74795868915e-13,0
950.0,0.01,0.075,6.292151352e-13,0
950.0,0.015,0.07,-1.63609890339e-14,0
950.0,0.015,0.075,-3.29852241075e-13,0
950.0,0.02,-0.075,9.53735416832e-13,0
950.0,0.02,-0.07,6.01860422095e-13,0
950.0,0.025,-0.075,7.87622026753e-13,0
950.0,0.025,-0.07,5.15797895413e-13,0
950.0,0.02,-0.065,2.53330672518e-13,0
950.0,0.025,-0.065,2.50150289614e-13,0
950.0,0.02,-0.06,-8.3254808092e-14,0
950.0,0.025,-0.06,1.29662098126e-14,0
950.0,0.02,-0.055,-3.7385669682e-13,0
950.0,0.025,-0.055,-1.95020196297e-13,0
950.0,0.02,-0.05,-6.01874784524e-13,0
950.0,0.025,-0.05,-3.76898871076e-13,0
950.0,0.02,-0.045,-8.00238486959e-13,0
950.0,0.025,-0.045,-5.34357443544e-13,0
950.0,0.02,-0.04,-8.59532707135e-13,0
950.0,0.025,-0.04,-5.79153427351e-13,0
950.0,0.02,-0.035,-6.45872334798e-13,0
950.0,0.025,-0.035,-4.0516047667e-13,0
950.0,0.02,-0.03,-3.30387110596e-13,0
950.0,0.025,-0.03,-1.19046004557e-13,0
950.0,0.02,-0.025,-1.15831027598e-14,0
950.0,0.025,-0.025,1.93372255022e-13,0
950.0,0.02,-0.02,3.39664713529e-13,0
950.0,0.025,-0.02,5.51718259487e-13,0
950.0,0.02,-0.015,5.55303076088e-13,0
950.0,0.025,-0.015,7.98287940844e-13,0
950.0,0.02,-0.01,6.06260770127e-13,0
950.0,0.025,-0.01,8.82760513483e-13,0
950.0,0.02,-0.005,6.06632869412e-13,0
950.0,0.025,-0.005,8.96201688064e-13,0
950.0,0.02,0,5.34179949111e-13,0
950.0,0.025,4.16333634234e-19,7.95165869669e-13,0
950.0,0.02,0.005,4.06562794623e-13,0
950.0,0.025,0.005,5.84851562601e-13,0
950.0,0.02,0.01,2.65793798564e-13,0
950.0,0.025,0.01,3.8139252175e-13,0
950.0,0.02,0.015,1.22389775119e-13,0
950.0,0.025,0.015,1.8307231585e-13,0
950.0,0.02,0.02,-3.90988909449e-15,0
950.0,0.02,0.025,-8.05490920105e-14,0
950.0,0.025,0.02,1.12348749581e-14,0
950.0,0.025,0.025,-8.69765086814e-14,0
950.0,0.02,0.03,-9.77247123664e-14,0
950.0,0.02,0.035,-6.43970148565e-14,0
950.0,0.025,0.03,-8.79344030646e-14,0
950.0,0.025,0.035,-3.28184308494e-14,0
950.0,0.02,0.04,4.89769429377e-15,0
950.0,0.02,0.045,8.21691570132e-14,0
950.0,0.025,0.04,5.43949821696e-14,0
950.0,0.025,0.045,1.4213214715e-13,0
950.0,0.02,0.05,1.35779903853e-13,0
950.0,0.02,0.055,1.41027796469e-13,0
950.0,0.025,0.05,1.8055374304e-13,0
950.0,0.025,0.055,1.20523124633e-13,0
950.0,0.02,0.06,3.26405282305e-14,0
950.0,0.02,0.065,-1.90543710569e-13,0
950.0,0.025,0.06,-9.68740810522e-14,0
950.0,0.025,0.065,-4.2904651709e-13,0
950.0,0.02,0.07,-5.30218997414e-13,0
950.0,0.02,0.075,-9.60598277547e-13,0
950.0,0.025,0.07,-8.46453387589e-13,0
950.0,0.025,0.075,-1.35122405687e-12,0
950.0,0.03,-0.075,6.02632607675e-13,0
950.0,0.03,-0.07,3.94843032491e-13,0
950.0,0.035,-0.075,3.80707780667e-13,0
950.0,0.035,-0.07,2.34768569233e-13,0
950.0,0.03,-0.065,2.13631789031e-13,0
950.0,0.035,-0.065,1.38112308755e-13,0
950.0,0.03,-0.06,6.97472856765e-14,0
950.0,0.035,-0.06,9.5006974813e-14,0
950.0,0.03,-0.055,-4.5698527243e-14,0
950.0,0.035,-0.055,7.12786209076e-14,0
950.0,0.03,-0.05,-1.38177563849e-13,0
950.0,0.035,-0.05,6.70494396712e-14,0
950.0,0.03,-0.045,-2.15492358426e-13,0
950.0,0.035,-0.045,6.73883984087e-14,0
950.0,0.03,-0.04,-2.35877157192e-13,0
950.0,0.035,-0.04,7.54874531663e-14,0
950.0,0.03,-0.035,-1.29631288988e-13,0
950.0,0.035,-0.035,1.13217487169e-13,0
950.0,0.03,-0.03,9.12981302751e-14,0
950.0,0.035,-0.03,2.39803982852e-13,0
950.0,0.03,-0.025,3.5725777018e-13,0
950.0,0.035,-0.025,3.99653374851e-13,0
950.0,0.03,-0.02,6.52314853076e-13,0
950.0,0.035,-0.02,5.53407120135e-13,0
950.0,0.03,-0.015,9.06606548862e-13,0
950.0,0.035,-0.015,7.32289423929e-13,0
950.0,0.03,-0.01,1.06418736507e-12,0
950.0,0.035,-0.01,9.31846010007e-13,0
950.0,0.03,-0.005,1.10682625147e-12,0
950.0,0.035,-0.005,1.02916507948e-12,0
950.0,0.03,0,9.91023588806e-13,0
950.0,0.035,4.16333634234e-19,9.51435800457e-13,0
950.0,0.03,0.005,7.2896879647e-13,0
950.0,0.035,0.005,6.85264480403e-13,0
950.0,0.03,0.01,4.19600733478e-13,0
950.0,0.035,0.01,3.11503136509e-13,0
950.0,0.03,0.015,1.36573723099e-13,0
950.0,0.035,0.015,-1.83153101595e-14,0
950.0,0.03,0.02,-6.20649947426e-14,0
950.0,0.035,0.02,-1.907620041e-13,0
950.0,0.03,0.025,-1.47372192104e-13,0
950.0,0.035,0.025,-2.46115237962e-13,0
950.0,0.03,0.03,-1.14677593282e-13,0
950.0,0.03,0.035,-2.53989110139e-14,0
950.0,0.035,0.03,-1.87797489022e-13,0
950.0,0.035,0.035,-5.02275991434e-14,0
950.0,0.03,0.04,9.60682981867e-14,0
950.0,0.03,0.045,2.16543604394e-13,0
950.0,0.035,0.04,1.29686717515e-13,0
950.0,0.035,0.045,3.08602023462e-13,0
950.0,0.03,0.05,2.66638492041e-13,0
950.0,0.03,0.055,1.66772736178e-13,0
950.0,0.035,0.05,4.04666392761e-13,0
950.0,0.035,0.055,3.01046364597e-13,0
950.0,0.03,0.06,-9.02106922189e-14,0
950.0,0.03,0.065,-4.67960991997e-13,0
950.0,0.035,0.06,1.54697200105e-14,0
950.0,0.035,0.065,-3.95903027954e-13,0
950.0,0.03,0.07,-9.44706431951e-13,0
950.0,0.03,0.075,-1.49252426062e-12,0
950.0,0.035,0.07,-9.15058465909e-13,0
950.0,0.035,0.075,-1.50225922256e-12,0
950.0,0.04,-0.075,-9.0129785466e-14,0
950.0,0.04,-0.07,-3.62102487619e-14,0
950.0,0.045,-0.075,-6.57442401133e-13,0
950.0,0.045,-0.07,-3.59760201731e-13,0
950.0,0.04,-0.065,2.31295938336e-14,0
950.0,0.045,-0.065,-1.17688892417e-13,0
950.0,0.04,-0.06,9.65723591353e-14,0
950.0,0.045,-0.06,7.81835937156e-14,0
950.0,0.04,-0.055,1.64363202957e-13,0
950.0,0.045,-0.055,2.37949659739e-13,0
950.0,0.04,-0.05,2.1880584923e-13,0
950.0,0.045,-0.05,3.47736661637e-13,0
950.0,0.04,-0.045,2.60594340875e-13,0
950.0,0.045,-0.045,4.13763220128e-13,0
950.0,0.04,-0.04,2.7963353528e-13,0
950.0,0.045,-0.04,4.14761910315e-13,0
950.0,0.04,-0.035,2.71489846312e-13,0
950.0,0.045,-0.035,3.35405179804e-13,0
950.0,0.04,-0.03,2.56448877181e-13,0
950.0,0.045,-0.03,1.61477936099e-13,0
950.0,0.04,-0.025,2.23174946246e-13,0
950.0,0.045,-0.025,-8.60492349043e-14,0
950.0,0.04,-0.02,2.34500445886e-13,0
950.0,0.045,-0.02,-2.22245943431e-13,0
950.0,0.04,-0.015,3.22991670203e-13,0
950.0,0.045,-0.015,-2.20937700945e-13,0
950.0,0.04,-0.01,5.02079143278e-13,0
950.0,0.045,-0.01,-5.72729270299e-14,0
950.0,0.04,-0.005,6.60482372264e-13,0
950.0,0.045,-0.005,1.53806616138e-13,0
950.0,0.04,0,6.63551771625e-13,0
950.0,0.045,4.16333634234e-19,2.63512334951e-13,0
950.0,0.04,0.005,4.68698750425e-13,0
950.0,0.045,0.005,1.92932523486e-13,0
950.0,0.04,0.01,1.36190501054e-13,0
950.0,0.045,0.01,-2.9010444469e-14,0
950.0,0.04,0.015,-1.63069967201e-13,0
950.0,0.045,0.015,-2.72876348689e-13,0
950.0,0.04,0.02,-3.25625602793e-13,0
950.0,0.045,0.02,-4.62941988573e-13,0
950.0,0.04,0.025,-3.93475700932e-13,0
950.0,0.045,0.025,-5.85807123156e-13,0
950.0,0.04,0.03,-3.28222116019e-13,0
950.0,0.045,0.03,-5.35763943148e-13,0
950.0,0.04,0.035,-1.43847688129e-13,0
950.0,0.045,0.035,-3.10057796713e-13,0
950.0,0.04,0.04,1.34024282997e-13,0
950.0,0.04,0.045,4.33043149293e-13,0
950.0,0.045,0.04,8.42161683398e-14,0
950.0,0.045,0.045,5.32295433556e-13,0
950.0,0.04,0.05,6.15701345265e-13,0
950.0,0.04,0.055,5.36359574458e-13,0
950.0,0.045,0.05,8.6270569938e-13,0
950.0,0.045,0.055,8.55048321224e-13,0
950.0,0.04,0.06,2.36190252626e-13,0
950.0,0.04,0.065,-1.9817397682e-13,0
950.0,0.045,0.06,5.59301273404e-13,0
950.0,0.045,0.065,1.24581039707e-13,0
950.0,0.04,0.07,-7.54830267663e-13,0
950.0,0.04,0.075,-1.38554330976e-12,0
950.0,0.045,0.07,-4.88675277008e-13,0
950.0,0.045,0.075,-1.17949631645e-12,0
950.0,0.05,-0.075,-1.08074659892e-12,0
950.0,0.05,-0.07,-6.36047579683e-13,0
950.0,0.055,-0.075,-1.44268621727e-12,0
950.0,0.055,-0.07,-8.69372880733e-13,0
950.0,0.05,-0.065,-2.51711206635e-13,0
950.0,0.055,-0.065,-3.65801040917e-13,0
950.0,0.05,-0.06,5.27744639532e-14,0
950.0,0.055,-0.06,3.78207124738e-14,0
950.0,0.05,-0.055,3.0074724305e-13,0
950.0,0.055,-0.055,3.75216514608e-13,0
950.0,0.05,-0.05,4.65041808954e-13,0
950.0,0.055,-0.05,5.96392410481e-13,0
950.0,0.05,-0.045,5.41367623968e-13,0
950.0,0.055,-0.045,6.84826669193e-13,0
950.0,0.05,-0.04,5.0618825705e-13,0
950.0,0.055,-0.04,6.1286716504e-13,0
950.0,0.05,-0.035,3.59161255049e-13,0
950.0,0.055,-0.035,3.79244937785e-13,0
950.0,0.05,-0.03,3.58079271958e-14,0
950.0,0.055,-0.03,-1.07427660371e-13,0
950.0,0.05,-0.025,-4.12827722952e-13,0
950.0,0.055,-0.025,-7.56527385793e-13,0
950.0,0.05,-0.02,-7.80241829852e-13,0
950.0,0.055,-0.02,-1.31394115483e-12,0
950.0,0.05,-0.015,-8.15994759352e-13,0
950.0,0.055,-0.015,-1.39152022789e-12,0
950.0,0.05,-0.01,-5.91287470622e-13,0
950.0,0.055,-0.01,-1.1032259358e-12,0
950.0,0.05,-0.005,-3.28255181573e-13,0
950.0,0.055,-0.005,-7.099572856e-13,0
950.0,0.05,0,-9.74693032976e-14,0
950.0,0.055,4.16333634234e-19,-2.16956605513e-13,0
950.0,0.05,0.005,9.96230118725e-15,0
950.0,0.055,0.005,1.24802478274e-13,0
950.0,0.05,0.01,-8.93408913929e-14,0
950.0,0.055,0.01,8.60836657032e-14,0
950.0,0.05,0.015,-3.2395486679e-13,0
950.0,0.055,0.015,-2.79170514788e-13,0
950.0,0.05,0.02,-5.74267747853e-13,0
950.0,0.055,0.02,-6.44565436998e-13,0
950.0,0.05,0.025,-7.9765235266e-13,0
950.0,0.055,0.025,-9.69751548932e-13,0
950.0,0.05,0.03,-8.32590276113e-13,0
950.0,0.055,0.03,-1.13269013963e-12,0
950.0,0.05,0.035,-5.4064869784e-13,0
950.0,0.055,0.035,-8.26261120117e-13,0
950.0,0.05,0.04,-3.4874400565e-14,0
950.0,0.055,0.04,-2.33112497203e-13,0
950.0,0.05,0.045,5.44441162602e-13,0
950.0,0.055,0.045,4.68884735671e-13,0
950.0,0.05,0.05,1.08536216725e-12,0
950.0,0.05,0.055,1.21875668796e-12,0
950.0,0.055,0.05,1.2547595406e-12,0
950.0,0.055,0.055,1.61153965594e-12,0
950.0,0.05,0.06,9.49772361889e-13,0
950.0,0.05,0.065,5.31799730355e-13,0
950.0,0.055,0.06,1.38899645387e-12,0
950.0,0.055,0.065,9.23828664949e-13,0
950.0,0.05,0.07,-1.94128601574e-13,0
950.0,0.05,0.075,-1.11573906141e-12,0
950.0,0.055,0.07,-1.02991168408e-13,0
950.0,0.055,0.075,-1.40408177272e-12,0
950.0,0.06,-0.075,-1.74581554525e-12,0
950.0,0.06,-0.07,-1.05506421781e-12,0
950.0,0.065,-0.075,-2.00381213939e-12,0
950.0,0.065,-0.07,-1.20508577168e-12,0
950.0,0.06,-0.065,-4.43230798018e-13,0
950.0,0.065,-0.065,-4.88367222253e-13,0
950.0,0.06,-0.06,4.39904318031e-14,0
950.0,0.065,-0.06,7.99830777202e-14,0
950.0,0.06,-0.055,4.66050538896e-13,0
950.0,0.065,-0.055,5.87273830374e-13,0
950.0,0.06,-0.05,7.57197735408e-13,0
950.0,0.065,-0.05,9.58309327809e-13,0
950.0,0.06,-0.045,8.63130325674e-13,0
950.0,0.065,-0.045,1.08725540575e-12,0
950.0,0.06,-0.04,7.43273498936e-13,0
950.0,0.065,-0.04,9.09828005435e-13,0
950.0,0.06,-0.035,3.82465330331e-13,0
950.0,0.065,-0.035,3.9111534511e-13,0
950.0,0.06,-0.03,-2.74744154162e-13,0
950.0,0.065,-0.03,-4.11175351728e-13,0
950.0,0.06,-0.025,-1.0854789915e-12,0
950.0,0.065,-0.025,-1.29373817362e-12,0
950.0,0.06,-0.02,-1.72713536209e-12,0
950.0,0.065,-0.02,-1.92097702984e-12,0
950.0,0.06,-0.015,-1.81034681931e-12,0
950.0,0.065,-0.015,-1.78033058117e-12,0
950.0,0.06,-0.01,-1.33764120764e-12,0
950.0,0.065,-0.01,-1.02715637431e-12,0
950.0,0.06,-0.005,-6.51345053923e-13,0
950.0,0.065,-0.005,-1.82848914318e-13,0
950.0,0.06,0,6.89546306982e-14,0
950.0,0.065,4.16333634234e-19,6.25632197799e-13,0
950.0,0.06,0.005,5.97226926299e-13,0
950.0,0.065,0.005,1.29528080234e-12,0
950.0,0.06,0.01,6.34506698324e-13,0
950.0,0.065,0.01,1.39517960581e-12,0
950.0,0.06,0.015,1.57998055074e-13,0
950.0,0.065,0.015,7.84907709095e-13,0
950.0,0.06,0.02,-4.95777415084e-13,0
950.0,0.065,0.02,-1.32746011651e-13,0
950.0,0.06,0.025,-1.09303201752e-12,0
950.0,0.065,0.025,-9.9598656394e-13,0
950.0,0.06,0.03,-1.45452964274e-12,0
950.0,0.065,0.03,-1.61783223472e-12,0
950.0,0.06,0.035,-1.3532881944e-12,0
950.0,0.065,0.035,-1.857956821e-12,0
950.0,0.06,0.04,-7.29199088095e-13,0
950.0,0.065,0.04,-1.3202883219e-12,0
950.0,0.06,0.045,2.08143486333e-13,0
950.0,0.065,0.045,-2.16430289695e-13,0
950.0,0.06,0.05,1.21243957957e-12,0
950.0,0.065,0.05,8.92801558535e-13,0
950.0,0.06,0.055,1.90431623053e-12,0
950.0,0.065,0.055,1.87242027486e-12,0
950.0,0.06,0.06,1.84427433135e-12,0
950.0,0.06,0.065,1.03678786165e-12,0
950.0,0.065,0.06,1.96754123033e-12,0
950.0,0.065,0.065,8.39339583614e-13,0
950.0,0.06,0.07,-4.34118265284e-13,0
950.0,0.06,0.075,-2.14594900594e-12,0
950.0,0.065,0.07,-1.05932261123e-12,0
950.0,0.065,0.075,-3.21084703399e-12,0
950.0,0.07,-0.075,-2.21925118375e-12,0
950.0,0.07,-0.07,-1.3188744016e-12,0
950.0,0.075,-0.075,-2.34843380714e-12,0
950.0,0.075,-0.07,-1.37223542759e-12,0
950.0,0.07,-0.065,-5.09317987314e-13,0
950.0,0.075,-0.065,-4.76126520828e-13,0
950.0,0.07,-0.06,1.42211307825e-13,0
950.0,0.075,-0.06,2.29735721338e-13,0
950.0,0.07,-0.055,7.32702009983e-13,0
950.0,0.075,-0.055,8.7951574032e-13,0
950.0,0.07,-0.05,1.21630480927e-12,0
950.0,0.075,-0.05,1.50328742023e-12,0
950.0,0.07,-0.045,1.38354783077e-12,0
950.0,0.075,-0.045,1.72592176001e-12,0
950.0,0.07,-0.04,1.09243789923e-12,0
950.0,0.075,-0.04,1.29134202914e-12,0
950.0,0.07,-0.035,3.78391948722e-13,0
950.0,0.075,-0.035,3.64486301225e-13,0
950.0,0.07,-0.03,-4.93872613607e-13,0
950.0,0.075,-0.03,-5.54987217839e-13,0
950.0,0.07,-0.025,-1.37599383983e-12,0
950.0,0.075,-0.025,-1.44213026898e-12,0
950.0,0.07,-0.02,-1.83658384801e-12,0
950.0,0.075,-0.02,-1.71999191319e-12,0
950.0,0.07,-0.015,-1.38847199393e-12,0
950.0,0.075,-0.015,-9.52956229607e-13,0
950.0,0.07,-0.01,-4.96161634479e-13,0
950.0,0.075,-0.01,4.25950885522e-14,0
950.0,0.07,-0.005,4.25000372299e-13,0
950.0,0.075,-0.005,1.05550224765e-12,0
950.0,0.07,0,1.28952049983e-12,0
950.0,0.075,0,1.99458558398e-12,0
950.0,0.07,0.005,2.0207696334e-12,0
950.0,0.075,0.005,2.78171076627e-12,0
950.0,0.07,0.01,2.11587942645e-12,0
950.0,0.075,0.01,2.86194773342e-12,0
950.0,0.07,0.015,1.32812549479e-12,0
950.0,0.075,0.015,1.84469689283e-12,0
950.0,0.07,0.02,2.27717106542e-13,0
950.0,0.075,0.02,5.56143422415e-13,0
950.0,0.07,0.025,-8.19524764326e-13,0
950.0,0.075,0.025,-6.92172676177e-13,0
950.0,0.07,0.03,-1.63775703268e-12,0
950.0,0.075,0.03,-1.71767676941e-12,0
950.0,0.07,0.035,-2.11015875255e-12,0
950.0,0.075,0.035,-2.36230691917e-12,0
950.0,0.07,0.04,-1.72994152942e-12,0
950.0,0.075,0.04,-2.11367739157e-12,0
950.0,0.07,0.045,-5.82884445747e-13,0
950.0,0.075,0.045,-9.17113109456e-13,0
950.0,0.07,0.05,5.5887403446e-13,0
950.0,0.075,0.05,2.5905378392e-13,0
950.0,0.07,0.055,1.61117329133e-12,0
950.0,0.075,0.055,1.36367129985e-12,0
950.0,0.07,0.06,1.77294178615e-12,0
950.0,0.075,0.06,1.64852367386e-12,0
950.0,0.07,0.065,4.73508536043e-13,0
950.0,0.075,0.065,2.13048381756e-13,0
950.0,0.07,0.07,-1.74986383001e-12,0
950.0,0.07,0.075,-4.25919248846e-12,0
950.0,0.075,0.07,-2.31788476656e-12,0
950.0,0.075,0.075,-5.09010970001e-12,0
