frequency_hz,x,y,real_uz,imag_uz
180.0,-0.00382671281566,-0.00202612167119,0,0
180.0,-0.005,-0.005,2.70990172281e-14,0
180.0,-0.00197892066871,-0.00385133392306,0,0
180.0,-0.005,-0.00190753787223,1.57825323508e-14,0
180.0,-0.00433,0,0,0
180.0,-0.00190753787223,-0.005,1.56902026919e-14,0
180.0,0,-0.00433,0,0
180.0,-0.005,0.00190775150599,1.58169084547e-14,0
180.0,-0.00385133392306,0.00197892066871,0,0
180.0,0.00190775150599,-0.005,1.5732167041e-14,0
180.0,0.00202612167119,-0.00382671281566,0,0
180.0,-0.00202612167119,0.00382671281566,0,0
180.0,-0.005,0.005,2.7305741764e-14,0
180.0,-0.0019094272225,0.005,1.57403113757e-14,0
180.0,0,0.00433,0,0
180.0,0.00147766755988,0.00407006125046,0,0
180.0,8.32667268469e-19,0.005,1.18883967048e-14,0
180.0,0.00433,0,0,0
180.0,0.005,1.38777878078e-18,1.14493622904e-14,0
180.0,0.00407006125046,0.00147766755988,0,0
180.0,0.005,-0.005,2.77611061172e-14,0
180.0,0.00385133392306,-0.00197892066871,0,0
180.0,0.005,-0.0019094272225,1.57358959764e-14,0
180.0,0.00306177236254,0.00306177236254,0,0
180.0,0.0019094272225,0.005,1.59480598585e-14,0
180.0,0.005,0.0019094272225,1.58101270267e-14,0
180.0,-0.000885,-0.0015328649647,1.27150408265e-12,0
180.0,-0.0015328649647,-0.000885,1.27162646107e-12,0
180.0,-0.00186450691264,-0.00187567167242,8.43014857484e-13,0
180.0,-0.00177,0,1.27131820449e-12,0
180.0,-0.00268433516245,-0.000738983120158,7.59097449866e-13,0
180.0,0,-0.00177,1.27146573043e-12,0
180.0,-0.000718432264205,-0.00269192408424,7.57391306785e-13,0
180.0,-0.0015328649647,0.000885,1.26981375684e-12,0
180.0,-0.00265321485144,0.000647311733689,7.89880033464e-13,0
180.0,-0.000885,0.0015328649647,1.26818628668e-12,0
180.0,-0.00194719253591,0.00178443766524,8.43941168958e-13,0
180.0,0,0.00177,1.26408019372e-12,0
180.0,-0.000802720381054,0.00273415977115,7.17491514076e-13,0
180.0,0.000885,-0.0015328649647,1.27015459427e-12,0
180.0,0.00075154031863,-0.00270385456952,7.45281475979e-13,0
180.0,0.00177,0,1.26241997423e-12,0
180.0,0.0015328649647,-0.000885,1.26800221754e-12,0
180.0,0.00271471102228,-0.000564731152102,7.60905088842e-13,0
180.0,0.00192394637685,-0.00189207206672,8.10086132071e-13,0
180.0,0.00231817117671,0.00040530921667,9.87898622376e-13,0
180.0,0.0015328649647,0.000885,1.26068637705e-12,0
180.0,0.000885,0.0015328649647,1.26139142839e-12,0
180.0,0.000427053001345,0.00287092483521,6.8218144213e-13,0
180.0,0.00187618296239,0.00184774001435,8.33330304337e-13,0
180.0,0.00312733402203,0.000607809752493,5.19192988447e-13,0
180.0,0.00276214303706,0.00136595635004,5.76852614727e-13,0
180.0,0.0014100336009,0.00268674970267,6.04764578791e-13,0
180.0,-0.075,-0.075,-2.46878707199e-13,0
180.0,-0.07,-0.075,-2.23495203027e-13,0
180.0,-0.075,-0.07,-2.22592576185e-13,0
180.0,-0.07,-0.07,-2.00650867568e-13,0
180.0,-0.075,-0.065,-1.98117090746e-13,0
180.0,-0.07,-0.065,-1.77972237765e-13,0
180.0,-0.065,-0.075,-1.98183449022e-13,0
180.0,-0.065,-0.07,-1.77399570657e-13,0
180.0,-0.065,-0.065,-1.56798463436e-13,0
180.0,-0.075,-0.06,-1.75148303867e-13,0
180.0,-0.07,-0.06,-1.56172028926e-13,0
180.0,-0.065,-0.06,-1.36487975772e-13,0
180.0,-0.075,-0.055,-1.53550002829e-13,0
180.0,-0.07,-0.055,-1.35592287438e-13,0
180.0,-0.065,-0.055,-1.1713156011e-13,0
180.0,-0.075,-0.05,-1.33619947873e-13,0
180.0,-0.07,-0.05,-1.16221488148e-13,0
180.0,-0.065,-0.05,-9.86537620193e-14,0
180.0,-0.075,-0.045,-1.13866893788e-13,0
180.0,-0.07,-0.045,-9.7129022232e-14,0
180.0,-0.065,-0.045,-8.04495126576e-14,0
180.0,-0.075,-0.04,-9.35315990493e-14,0
180.0,-0.07,-0.04,-7.81415159316e-14,0
180.0,-0.075,-0.035,-7.3403761648e-14,0
180.0,-0.07,-0.035,-5.94170276361e-14,0
180.0,-0.065,-0.04,-6.2697774022e-14,0
180.0,-0.065,-0.035,-4.51924083679e-14,0
180.0,-0.075,-0.03,-5.43052608541e-14,0
180.0,-0.07,-0.03,-4.11160719413e-14,0
180.0,-0.075,-0.025,-3.54947249911e-14,0
180.0,-0.07,-0.025,-2.30921163326e-14,0
180.0,-0.065,-0.03,-2.78379834231e-14,0
180.0,-0.065,-0.025,-1.07474183714e-14,0
180.0,-0.075,-0.02,-1.6752747461e-14,0
180.0,-0.07,-0.02,-5.48952333084e-15,0
180.0,-0.075,-0.015,7.11780002753e-16,0
180.0,-0.07,-0.015,1.10526857125e-14,0
180.0,-0.065,-0.02,5.89423806387e-15,0
180.0,-0.065,-0.015,2.18538634429e-14,0
180.0,-0.075,-0.01,1.60245268622e-14,0
180.0,-0.07,-0.01,2.57686287247e-14,0
180.0,-0.075,-0.005,2.86418368808e-14,0
180.0,-0.07,-0.005,3.79752506476e-14,0
180.0,-0.065,-0.01,3.62545676049e-14,0
180.0,-0.065,-0.005,4.82267629781e-14,0
180.0,-0.075,0,3.8065588937e-14,0
180.0,-0.07,0,4.71871386545e-14,0
180.0,-0.075,0.005,4.39682211985e-14,0
180.0,-0.07,0.005,5.30723053347e-14,0
180.0,-0.065,4.16333634234e-19,5.73461346474e-14,0
180.0,-0.065,0.005,6.32149338439e-14,0
180.0,-0.075,0.01,4.65120958445e-14,0
180.0,-0.07,0.01,5.57177829211e-14,0
180.0,-0.075,0.015,4.59862413916e-14,0
180.0,-0.07,0.015,5.53220918219e-14,0
180.0,-0.065,0.01,6.60044973813e-14,0
180.0,-0.065,0.015,6.59504884624e-14,0
180.0,-0.075,0.02,4.20745503295e-14,0
180.0,-0.07,0.02,5.14389668198e-14,0
180.0,-0.075,0.025,3.49396739414e-14,0
180.0,-0.07,0.025,4.38225363987e-14,0
180.0,-0.065,0.02,6.2381447608e-14,0
180.0,-0.065,0.025,5.43110982305e-14,0
180.0,-0.075,0.03,2.08108625484e-14,0
180.0,-0.07,0.03,2.84976335171e-14,0
180.0,-0.075,0.035,-3.03021567591e-15,0
180.0,-0.07,0.035,4.6258765773e-15,0
180.0,-0.065,0.03,3.80407568463e-14,0
180.0,-0.065,0.035,1.45627447452e-14,0
180.0,-0.075,0.04,-4.04871973732e-14,0
180.0,-0.07,0.04,-2.84081556016e-14,0
180.0,-0.075,0.045,-9.44598378154e-14,0
180.0,-0.07,0.045,-7.30680860547e-14,0
180.0,-0.065,0.04,-1.50342467116e-14,0
180.0,-0.065,0.045,-5.03103839362e-14,0
180.0,-0.075,0.05,-1.60766258544e-13,0
180.0,-0.07,0.05,-1.31245852074e-13,0
180.0,-0.075,0.055,-2.37397478003e-13,0
180.0,-0.07,0.055,-2.00140296653e-13,0
180.0,-0.065,0.05,-9.93740299262e-14,0
180.0,-0.065,0.055,-1.60123290138e-13,0
180.0,-0.075,0.06,-3.24396583105e-13,0
180.0,-0.07,0.06,-2.77751567848e-13,0
180.0,-0.075,0.065,-4.15866019749e-13,0
180.0,-0.07,0.065,-3.60218525482e-13,0
180.0,-0.065,0.06,-2.28852206866e-13,0
180.0,-0.065,0.065,-3.0281579646e-13,0
180.0,-0.075,0.07,-5.05540772599e-13,0
180.0,-0.07,0.07,-4.42982312153e-13,0
180.0,-0.075,0.075,-5.915038573e-13,0
180.0,-0.07,0.075,-5.24597926204e-13,0
180.0,-0.065,0.07,-3.77959222188e-13,0
180.0,-0.065,0.075,-4.52916635053e-13,0
180.0,-0.06,-0.075,-1.71091509518e-13,0
180.0,-0.06,-0.07,-1.52488015061e-13,0
180.0,-0.06,-0.065,-1.33931644418e-13,0
180.0,-0.055,-0.075,-1.43106164428e-13,0
180.0,-0.055,-0.07,-1.27033431454e-13,0
180.0,-0.055,-0.065,-1.10589186837e-13,0
180.0,-0.06,-0.06,-1.15862769635e-13,0
180.0,-0.06,-0.055,-9.82032135395e-14,0
180.0,-0.055,-0.06,-9.48216014999e-14,0
180.0,-0.055,-0.055,-7.89288485462e-14,0
180.0,-0.06,-0.05,-8.09360820082e-14,0
180.0,-0.055,-0.05,-6.30028837264e-14,0
180.0,-0.06,-0.045,-6.39324444817e-14,0
180.0,-0.055,-0.045,-4.72871445188e-14,0
180.0,-0.06,-0.04,-4.72571373178e-14,0
180.0,-0.055,-0.04,-3.17736234481e-14,0
180.0,-0.06,-0.035,-3.08162475692e-14,0
180.0,-0.055,-0.035,-1.64934969796e-14,0
180.0,-0.06,-0.03,-1.45465620368e-14,0
180.0,-0.06,-0.025,1.5152206083e-15,0
180.0,-0.055,-0.03,-1.3873013398e-15,0
180.0,-0.055,-0.025,1.3623564741e-14,0
180.0,-0.06,-0.02,1.72988440905e-14,0
180.0,-0.06,-0.015,3.27241074128e-14,0
180.0,-0.055,-0.02,2.86007078137e-14,0
180.0,-0.055,-0.015,4.33732876433e-14,0
180.0,-0.06,-0.01,4.69022585768e-14,0
180.0,-0.06,-0.005,5.87819456971e-14,0
180.0,-0.055,-0.01,5.71683720485e-14,0
180.0,-0.055,-0.005,6.8971479656e-14,0
180.0,-0.06,0,6.79205845805e-14,0
180.0,-0.06,0.005,7.38384772217e-14,0
180.0,-0.055,4.16333634234e-19,7.82236795865e-14,0
180.0,-0.055,0.005,8.42485969319e-14,0
180.0,-0.06,0.01,7.68315872814e-14,0
180.0,-0.06,0.015,7.75531537345e-14,0
180.0,-0.055,0.01,8.73644005463e-14,0
180.0,-0.055,0.015,8.83155588789e-14,0
180.0,-0.06,0.02,7.50260010036e-14,0
180.0,-0.06,0.025,6.58596436079e-14,0
180.0,-0.055,0.02,8.58678609529e-14,0
180.0,-0.055,0.025,7.6590221226e-14,0
180.0,-0.06,0.03,4.9256258235e-14,0
180.0,-0.06,0.035,2.76656083975e-14,0
180.0,-0.055,0.03,6.1526627955e-14,0
180.0,-0.055,0.035,4.2709113131e-14,0
180.0,-0.06,0.04,6.35338900806e-16,0
180.0,-0.06,0.045,-3.08924993101e-14,0
180.0,-0.055,0.04,1.83467302431e-14,0
180.0,-0.055,0.045,-1.1217109447e-14,0
180.0,-0.06,0.05,-7.05324260855e-14,0
180.0,-0.06,0.055,-1.19519926882e-13,0
180.0,-0.055,0.05,-4.51447469732e-14,0
180.0,-0.055,0.055,-8.25232237697e-14,0
180.0,-0.06,0.06,-1.78678896114e-13,0
180.0,-0.06,0.065,-2.43889508171e-13,0
180.0,-0.055,0.06,-1.31008805071e-13,0
180.0,-0.055,0.065,-1.86283872822e-13,0
180.0,-0.06,0.07,-3.10337790645e-13,0
180.0,-0.06,0.075,-3.76259814256e-13,0
180.0,-0.055,0.07,-2.42381418895e-13,0
180.0,-0.055,0.075,-2.97375336344e-13,0
180.0,-0.05,-0.075,-1.15373349484e-13,0
180.0,-0.05,-0.07,-1.02261286679e-13,0
180.0,-0.045,-0.075,-8.84202378267e-14,0
180.0,-0.045,-0.07,-7.77399944196e-14,0
180.0,-0.05,-0.065,-8.8476985651e-14,0
180.0,-0.045,-0.065,-6.63183017592e-14,0
180.0,-0.05,-0.06,-7.40459289524e-14,0
180.0,-0.05,-0.055,-5.94503908915e-14,0
180.0,-0.045,-0.06,-5.33337290763e-14,0
180.0,-0.045,-0.055,-3.98943681642e-14,0
180.0,-0.05,-0.05,-4.48745332539e-14,0
180.0,-0.05,-0.045,-3.04889993665e-14,0
180.0,-0.045,-0.05,-2.66906494235e-14,0
180.0,-0.045,-0.045,-1.37624964845e-14,0
180.0,-0.05,-0.04,-1.63375136219e-14,0
180.0,-0.045,-0.04,-1.18079017573e-15,0
180.0,-0.05,-0.035,-2.42006938059e-15,0
180.0,-0.045,-0.035,1.11296069025e-14,0
180.0,-0.05,-0.03,1.13212700097e-14,0
180.0,-0.045,-0.03,2.31553969867e-14,0
180.0,-0.05,-0.025,2.50369703588e-14,0
180.0,-0.045,-0.025,3.50829525766e-14,0
180.0,-0.05,-0.02,3.87175670436e-14,0
180.0,-0.05,-0.015,5.20509822128e-14,0
180.0,-0.045,-0.02,4.65880129577e-14,0
180.0,-0.045,-0.015,5.77100604863e-14,0
180.0,-0.05,-0.01,6.50999882922e-14,0
180.0,-0.05,-0.005,7.68040900226e-14,0
180.0,-0.045,-0.01,6.94018334176e-14,0
180.0,-0.045,-0.005,8.03552783628e-14,0
180.0,-0.05,0,8.60998630531e-14,0
180.0,-0.05,0.005,9.19751229454e-14,0
180.0,-0.045,4.16333634234e-19,8.9052636925e-14,0
180.0,-0.045,0.005,9.37424063471e-14,0
180.0,-0.05,0.01,9.43775848558e-14,0
180.0,-0.05,0.015,9.46559296295e-14,0
180.0,-0.045,0.01,9.47789703664e-14,0
180.0,-0.045,0.015,9.46877735127e-14,0
180.0,-0.05,0.02,9.2080070768e-14,0
180.0,-0.05,0.025,8.4548281335e-14,0
180.0,-0.045,0.02,9.28019916881e-14,0
180.0,-0.045,0.025,8.78599156158e-14,0
180.0,-0.05,0.03,7.27139311855e-14,0
180.0,-0.05,0.035,5.80506292056e-14,0
180.0,-0.045,0.03,8.01976717265e-14,0
180.0,-0.045,0.035,7.10829233833e-14,0
180.0,-0.05,0.04,3.76355689986e-14,0
180.0,-0.05,0.045,1.10197575372e-14,0
180.0,-0.045,0.04,5.63453056172e-14,0
180.0,-0.045,0.045,3.39526526632e-14,0
180.0,-0.05,0.05,-1.96662691211e-14,0
180.0,-0.05,0.055,-5.23799367024e-14,0
180.0,-0.045,0.05,6.22662600338e-15,0
180.0,-0.045,0.055,-2.33392621858e-14,0
180.0,-0.05,0.06,-9.00641038451e-14,0
180.0,-0.05,0.065,-1.33011948542e-13,0
180.0,-0.045,0.06,-5.3502980329e-14,0
180.0,-0.045,0.065,-8.55105844039e-14,0
180.0,-0.05,0.07,-1.77240205551e-13,0
180.0,-0.05,0.075,-2.20121353919e-13,0
180.0,-0.045,0.07,-1.18170012063e-13,0
180.0,-0.045,0.075,-1.49061914037e-13,0
180.0,-0.04,-0.075,-6.32046169546e-14,0
180.0,-0.04,-0.07,-5.32917137366e-14,0
180.0,-0.035,-0.075,-3.8274557749e-14,0
180.0,-0.035,-0.07,-2.92052084755e-14,0
180.0,-0.04,-0.065,-4.30328198141e-14,0
180.0,-0.035,-0.065,-1.97674677274e-14,0
180.0,-0.04,-0.06,-3.16800077402e-14,0
180.0,-0.035,-0.06,-1.01011843687e-14,0
180.0,-0.04,-0.055,-2.00209484142e-14,0
180.0,-0.035,-0.055,-8.42865251808e-16,0
180.0,-0.04,-0.05,-8.73643424678e-15,0
180.0,-0.04,-0.045,2.35230320102e-15,0
180.0,-0.035,-0.05,8.30998419184e-15,0
180.0,-0.035,-0.045,1.72564552246e-14,0
180.0,-0.04,-0.04,1.30953678841e-14,0
180.0,-0.04,-0.035,2.35071018294e-14,0
180.0,-0.035,-0.04,2.58826386383e-14,0
180.0,-0.035,-0.035,3.41264458266e-14,0
180.0,-0.04,-0.03,3.348710634e-14,0
180.0,-0.035,-0.03,4.18640573311e-14,0
180.0,-0.04,-0.025,4.31673404753e-14,0
180.0,-0.035,-0.025,4.9329189944e-14,0
180.0,-0.04,-0.02,5.2365736449e-14,0
180.0,-0.035,-0.02,5.63630950759e-14,0
180.0,-0.04,-0.015,6.13625942859e-14,0
180.0,-0.035,-0.015,6.31858793965e-14,0
180.0,-0.04,-0.01,7.09687517983e-14,0
180.0,-0.04,-0.005,8.02417478351e-14,0
180.0,-0.035,-0.01,7.05293173944e-14,0
180.0,-0.035,-0.005,7.770651032e-14,0
180.0,-0.04,0,8.75605704081e-14,0
180.0,-0.04,0.005,9.09558468953e-14,0
180.0,-0.035,4.16333634234e-19,8.37900829324e-14,0
180.0,-0.035,0.005,8.683282412e-14,0
180.0,-0.04,0.01,9.17292030176e-14,0
180.0,-0.04,0.015,9.19539260922e-14,0
180.0,-0.035,0.01,8.78218893226e-14,0
180.0,-0.035,0.015,8.83710467305e-14,0
180.0,-0.04,0.02,9.11388651653e-14,0
180.0,-0.04,0.025,8.8462857436e-14,0
180.0,-0.035,0.02,8.84722260012e-14,0
180.0,-0.035,0.025,8.77083368429e-14,0
180.0,-0.04,0.03,8.39037694751e-14,0
180.0,-0.04,0.035,7.84239299613e-14,0
180.0,-0.035,0.03,8.54541478328e-14,0
180.0,-0.035,0.035,8.21258749211e-14,0
180.0,-0.04,0.04,6.94424253662e-14,0
180.0,-0.04,0.045,5.29573263166e-14,0
180.0,-0.035,0.04,7.59157356433e-14,0
180.0,-0.035,0.045,6.43693500783e-14,0
180.0,-0.04,0.05,3.00590359522e-14,0
180.0,-0.04,0.055,4.42112807156e-15,0
180.0,-0.035,0.05,4.68162099663e-14,0
180.0,-0.035,0.055,2.57507890051e-14,0
180.0,-0.04,0.06,-2.10178534749e-14,0
180.0,-0.04,0.065,-4.5631750858e-14,0
180.0,-0.035,0.06,3.88663147762e-15,0
180.0,-0.035,0.065,-1.70065046867e-14,0
180.0,-0.04,0.07,-6.90728584811e-14,0
180.0,-0.04,0.075,-9.02112007602e-14,0
180.0,-0.035,0.07,-3.60105476562e-14,0
180.0,-0.035,0.075,-5.24563412927e-14,0
180.0,-0.03,-0.075,-1.39018632055e-14,0
180.0,-0.03,-0.07,-5.82686591511e-15,0
180.0,-0.025,-0.075,9.79698896354e-15,0
180.0,-0.025,-0.07,1.68705933908e-14,0
180.0,-0.03,-0.065,2.2881320921e-15,0
180.0,-0.025,-0.065,2.34952903735e-14,0
180.0,-0.03,-0.06,1.00386554243e-14,0
180.0,-0.025,-0.06,2.89823961868e-14,0
180.0,-0.03,-0.055,1.71823737541e-14,0
180.0,-0.025,-0.055,3.35486701226e-14,0
180.0,-0.03,-0.05,2.40249963514e-14,0
180.0,-0.025,-0.05,3.79361912392e-14,0
180.0,-0.03,-0.045,3.07133894078e-14,0
180.0,-0.025,-0.045,4.24035377461e-14,0
180.0,-0.03,-0.04,3.70466976331e-14,0
180.0,-0.03,-0.035,4.30006195431e-14,0
180.0,-0.025,-0.04,4.65915517885e-14,0
180.0,-0.025,-0.035,5.05912528503e-14,0
180.0,-0.03,-0.03,4.86359649897e-14,0
180.0,-0.03,-0.025,5.39999746127e-14,0
180.0,-0.025,-0.03,5.43938635044e-14,0
180.0,-0.025,-0.025,5.78120133092e-14,0
180.0,-0.03,-0.02,5.90412922741e-14,0
180.0,-0.025,-0.02,6.0806832231e-14,0
180.0,-0.03,-0.015,6.40013038441e-14,0
180.0,-0.025,-0.015,6.36466824718e-14,0
180.0,-0.03,-0.01,6.90412629789e-14,0
180.0,-0.025,-0.01,6.61539050653e-14,0
180.0,-0.03,-0.005,7.39234736384e-14,0
180.0,-0.025,-0.005,6.83448192133e-14,0
180.0,-0.03,0,7.8124564353e-14,0
180.0,-0.03,0.005,8.08858678115e-14,0
180.0,-0.025,4.16333634234e-19,7.05380672326e-14,0
180.0,-0.025,0.005,7.3029562248e-14,0
180.0,-0.03,0.01,8.25776061393e-14,0
180.0,-0.03,0.015,8.39087704769e-14,0
180.0,-0.025,0.01,7.57578530306e-14,0
180.0,-0.025,0.015,7.84004119958e-14,0
180.0,-0.03,0.02,8.48762945864e-14,0
180.0,-0.03,0.025,8.54651327764e-14,0
180.0,-0.025,0.02,8.06179093477e-14,0
180.0,-0.025,0.025,8.24571386229e-14,0
180.0,-0.03,0.03,8.51706209116e-14,0
180.0,-0.03,0.035,8.37403624871e-14,0
180.0,-0.025,0.03,8.36117432034e-14,0
180.0,-0.025,0.035,8.38382602059e-14,0
180.0,-0.03,0.04,7.90965466195e-14,0
180.0,-0.03,0.045,6.99717845241e-14,0
180.0,-0.025,0.04,8.07361829429e-14,0
180.0,-0.025,0.045,7.28833186152e-14,0
180.0,-0.03,0.05,5.61315398044e-14,0
180.0,-0.03,0.055,3.85500927687e-14,0
180.0,-0.025,0.05,6.06541449739e-14,0
180.0,-0.025,0.055,4.4646608099e-14,0
180.0,-0.03,0.06,1.96411230382e-14,0
180.0,-0.03,0.065,5.46469393606e-16,0
180.0,-0.025,0.06,2.73707783084e-14,0
180.0,-0.025,0.065,1.00820384417e-14,0
180.0,-0.03,0.07,-1.7402646982e-14,0
180.0,-0.03,0.075,-3.31669289828e-14,0
180.0,-0.025,0.07,-6.66060447263e-15,0
180.0,-0.025,0.075,-2.2404007756e-14,0
180.0,-0.02,-0.075,3.42983089433e-14,0
180.0,-0.02,-0.07,3.79591032832e-14,0
180.0,-0.015,-0.075,5.13597948434e-14,0
180.0,-0.015,-0.07,5.2176417528e-14,0
180.0,-0.02,-0.065,4.19446407051e-14,0
180.0,-0.015,-0.065,5.3943758592e-14,0
180.0,-0.02,-0.06,4.49278605685e-14,0
180.0,-0.015,-0.06,5.57275294336e-14,0
180.0,-0.02,-0.055,4.71757525606e-14,0
180.0,-0.015,-0.055,5.74866239514e-14,0
180.0,-0.02,-0.05,4.96296070612e-14,0
180.0,-0.015,-0.05,5.92695126545e-14,0
180.0,-0.02,-0.045,5.22482238938e-14,0
180.0,-0.015,-0.045,6.08096977927e-14,0
180.0,-0.02,-0.04,5.48314544262e-14,0
180.0,-0.015,-0.04,6.21975768449e-14,0
180.0,-0.02,-0.035,5.72765036915e-14,0
180.0,-0.015,-0.035,6.32944302181e-14,0
180.0,-0.02,-0.03,5.93496361332e-14,0
180.0,-0.02,-0.025,6.07848977845e-14,0
180.0,-0.015,-0.03,6.37140421819e-14,0
180.0,-0.015,-0.025,6.30319460903e-14,0
180.0,-0.02,-0.02,6.1558803625e-14,0
180.0,-0.02,-0.015,6.19888057697e-14,0
180.0,-0.015,-0.02,6.12539331869e-14,0
180.0,-0.015,-0.015,5.8780318354e-14,0
180.0,-0.02,-0.01,6.1544871925e-14,0
180.0,-0.015,-0.01,5.49797937415e-14,0
180.0,-0.02,-0.005,6.09341965769e-14,0
180.0,-0.015,-0.005,5.15372744783e-14,0
180.0,-0.02,0,6.15318337186e-14,0
180.0,-0.015,4.16333634234e-19,5.06263772145e-14,0
180.0,-0.02,0.005,6.39610383447e-14,0
180.0,-0.015,0.005,5.34535230838e-14,0
180.0,-0.02,0.01,6.77815930905e-14,0
180.0,-0.02,0.015,7.19835312747e-14,0
180.0,-0.015,0.01,5.88679261113e-14,0
180.0,-0.015,0.015,6.50758421094e-14,0
180.0,-0.02,0.02,7.57996053035e-14,0
180.0,-0.02,0.025,7.90221772048e-14,0
180.0,-0.015,0.02,7.06839858005e-14,0
180.0,-0.015,0.025,7.54569596644e-14,0
180.0,-0.02,0.03,8.13754749916e-14,0
180.0,-0.02,0.035,8.2803425717e-14,0
180.0,-0.015,0.03,7.9012445237e-14,0
180.0,-0.015,0.035,8.1392675148e-14,0
180.0,-0.02,0.04,8.10019556556e-14,0
180.0,-0.02,0.045,7.41234063231e-14,0
180.0,-0.015,0.04,8.06739961219e-14,0
180.0,-0.015,0.045,7.46527135428e-14,0
180.0,-0.02,0.05,6.28206469092e-14,0
180.0,-0.02,0.055,4.78207804984e-14,0
180.0,-0.015,0.05,6.4255173997e-14,0
180.0,-0.015,0.055,5.00961166466e-14,0
180.0,-0.02,0.06,3.12718752326e-14,0
180.0,-0.02,0.065,1.4730167815e-14,0
180.0,-0.015,0.06,3.42459034294e-14,0
180.0,-0.015,0.065,1.83023357323e-14,0
180.0,-0.02,0.07,-1.40637038795e-15,0
180.0,-0.02,0.075,-1.6962166964e-14,0
180.0,-0.015,0.07,2.64406082998e-15,0
180.0,-0.015,0.075,-1.25189602481e-14,0
180.0,-0.01,-0.075,5.9419259587e-14,0
180.0,-0.01,-0.07,5.95981612509e-14,0
180.0,-0.005,-0.075,6.43364490954e-14,0
180.0,-0.005,-0.07,6.41306441711e-14,0
180.0,-0.01,-0.065,6.06209128759e-14,0
180.0,-0.005,-0.065,6.47514294782e-14,0
180.0,-0.01,-0.06,6.21836644096e-14,0
180.0,-0.005,-0.06,6.60964363355e-14,0
180.0,-0.01,-0.055,6.42818951603e-14,0
180.0,-0.005,-0.055,6.81125895587e-14,0
180.0,-0.01,-0.05,6.6416369919e-14,0
180.0,-0.005,-0.05,7.05508447161e-14,0
180.0,-0.01,-0.045,6.77448538352e-14,0
180.0,-0.005,-0.045,7.25476354599e-14,0
180.0,-0.01,-0.04,6.83517436042e-14,0
180.0,-0.005,-0.04,7.30916958163e-14,0
180.0,-0.01,-0.035,6.82829152631e-14,0
180.0,-0.005,-0.035,7.17819260844e-14,0
180.0,-0.01,-0.03,6.70324656493e-14,0
180.0,-0.005,-0.03,6.88525371697e-14,0
180.0,-0.01,-0.025,6.41967149842e-14,0
180.0,-0.005,-0.025,6.44808221024e-14,0
180.0,-0.01,-0.02,5.99667693014e-14,0
180.0,-0.01,-0.015,5.43919764509e-14,0
180.0,-0.005,-0.02,5.863125041e-14,0
180.0,-0.005,-0.015,5.08771001588e-14,0
180.0,-0.0117873230072,-0.0115873794689,5.20249336554e-14,0
180.0,-0.00939961996336,-0.005,3.89396770843e-14,0
180.0,-0.00792797428371,-0.00964253216809,4.35920551353e-14,0
180.0,-0.005,-0.00939961996336,3.89520737428e-14,0
180.0,-0.0108753492546,-0.00150606400588,4.00089690271e-14,0
180.0,-0.00818101620308,-0.00211452602544,3.18834691712e-14,0
180.0,-0.00651817360753,-0.000255934956239,2.34755182863e-14,0
180.0,-0.005,6.71033969428e-08,1.17772692155e-14,0
180.0,-0.0107292118043,0.00160660295843,3.99598059648e-14,0
180.0,-0.0080188992252,0.000768320427092,3.03790186447e-14,0
180.0,-0.00939946851065,0.005,3.98088767259e-14,0
180.0,-0.00802129342231,0.00264911934363,3.22471505068e-14,0
180.0,-0.00887989370213,0.00887989479405,4.53434223797e-14,0
180.0,-0.01,0.015,5.81825227233e-14,0
180.0,-0.005,0.00939947397025,3.95939214016e-14,0
180.0,-0.005,0.015,5.26010102369e-14,0
180.0,-0.01,0.02,6.57160851396e-14,0
180.0,-0.01,0.025,7.19436935493e-14,0
180.0,-0.005,0.02,6.16502109653e-14,0
180.0,-0.005,0.025,6.88834651106e-14,0
180.0,-0.01,0.03,7.66831507222e-14,0
180.0,-0.01,0.035,7.97083790241e-14,0
180.0,-0.005,0.03,7.46262648424e-14,0
180.0,-0.005,0.035,7.76323820897e-14,0
180.0,-0.01,0.04,7.889619166e-14,0
180.0,-0.01,0.045,7.3141739464e-14,0
180.0,-0.005,0.04,7.53298876213e-14,0
180.0,-0.005,0.045,6.92410535379e-14,0
180.0,-0.01,0.05,6.35963640833e-14,0
180.0,-0.01,0.055,5.05929133899e-14,0
180.0,-0.005,0.05,6.02481603262e-14,0
180.0,-0.005,0.055,4.85489290422e-14,0
180.0,-0.01,0.06,3.57037429309e-14,0
180.0,-0.01,0.065,2.04269022388e-14,0
180.0,-0.005,0.06,3.49644524744e-14,0
180.0,-0.005,0.065,2.07085873388e-14,0
180.0,-0.01,0.07,5.28056005835e-15,0
180.0,-0.01,0.075,-9.33958599429e-15,0
180.0,-0.005,0.07,6.28043239759e-15,0
180.0,-0.005,0.075,-7.7208067246e-15,0
180.0,0,-0.075,6.66328009644e-14,0
180.0,0,-0.07,6.61989533314e-14,0
180.0,0.005,-0.075,6.68871629464e-14,0
180.0,0.005,-0.07,6.63219029184e-14,0
180.0,0,-0.065,6.65364219431e-14,0
180.0,0.005,-0.065,6.66938102244e-14,0
180.0,0,-0.06,6.76925103453e-14,0
180.0,0.005,-0.06,6.76758286792e-14,0
180.0,0,-0.055,6.95639338752e-14,0
180.0,0.005,-0.055,6.90905926014e-14,0
180.0,0,-0.05,7.20112315883e-14,0
180.0,0.005,-0.05,7.09739096514e-14,0
180.0,0,-0.045,7.44874682293e-14,0
180.0,0.005,-0.045,7.33192375716e-14,0
180.0,0,-0.04,7.53654320583e-14,0
180.0,0.005,-0.04,7.4516530216e-14,0
180.0,0,-0.035,7.32697355884e-14,0
180.0,0.005,-0.035,7.26888943517e-14,0
180.0,0,-0.03,6.94678835301e-14,0
180.0,0.005,-0.03,6.917127711e-14,0
180.0,0,-0.025,6.4572379677e-14,0
180.0,0.005,-0.025,6.46943248418e-14,0
180.0,0,-0.02,5.82384449567e-14,0
180.0,0.005,-0.02,5.90591856846e-14,0
180.0,0,-0.015,4.97801190016e-14,0
180.0,0.005,-0.015,5.18219130185e-14,0
180.0,-0.0021196717084,-0.00776771017156,3.05204683993e-14,0
180.0,-0.00084550708518,-0.00631514607954,2.26533810661e-14,0
180.0,6.71033969406e-08,-0.005,1.20315802304e-14,0
180.0,-0.00139054260708,-0.0110960807567,4.06443617195e-14,0
180.0,0.00132468676756,-0.00775008274642,2.99858518402e-14,0
180.0,0.00160394440688,-0.0116908851489,4.26355391248e-14,0
180.0,0.005,-0.00939946851065,4.00067223634e-14,0
180.0,0.005,0.005,2.75133596095e-14,0
180.0,-0.000107646311398,0.00617659695633,2.15270914038e-14,0
180.0,-0.00190846935279,0.0076427502668,2.97592155334e-14,0
180.0,0.00131146485568,0.00777290068297,2.95248049222e-14,0
180.0,0.00295884413402,0.00640276348073,2.65974582023e-14,0
180.0,-1.21517769428e-05,0.0108932602996,3.96517526924e-14,0
180.0,0,0.015,4.99724733575e-14,0
180.0,0.005,0.00939942566771,3.9393967736e-14,0
180.0,0.005,0.015,5.1547836678e-14,0
180.0,0,0.02,5.94551074565e-14,0
180.0,0,0.025,6.67893899331e-14,0
180.0,0.005,0.02,5.96763707392e-14,0
180.0,0.005,0.025,6.60316790136e-14,0
180.0,0,0.03,7.29974622555e-14,0
180.0,0,0.035,7.53254399856e-14,0
180.0,0.005,0.03,7.09528710388e-14,0
180.0,0.005,0.035,7.26042574847e-14,0
180.0,0,0.04,7.18821552759e-14,0
180.0,0,0.045,6.54239941595e-14,0
180.0,0.005,0.04,6.91619204227e-14,0
180.0,0.005,0.045,6.20146037391e-14,0
180.0,0,0.05,5.60883721919e-14,0
180.0,0,0.055,4.47228835232e-14,0
180.0,0.005,0.05,5.1666116618e-14,0
180.0,0.005,0.055,3.98835489105e-14,0
180.0,0,0.06,3.19741634868e-14,0
180.0,0,0.065,1.85312586059e-14,0
180.0,0.005,0.06,2.71312127467e-14,0
180.0,0.005,0.065,1.38958801854e-14,0
180.0,0,0.07,4.88453039002e-15,0
180.0,0,0.075,-8.34914974562e-15,0
180.0,0.005,0.07,5.86747076029e-16,0
180.0,0.005,0.075,-1.23247630652e-14,0
180.0,0.01,-0.075,6.20364130622e-14,0
180.0,0.01,-0.07,6.1469393775e-14,0
180.0,0.015,-0.075,4.93341132325e-14,0
180.0,0.015,-0.07,4.94312513149e-14,0
180.0,0.01,-0.065,6.22736969772e-14,0
180.0,0.015,-0.065,5.09083931634e-14,0
180.0,0.01,-0.06,6.36336479147e-14,0
180.0,0.015,-0.06,5.38260693937e-14,0
180.0,0.01,-0.055,6.51335084909e-14,0
180.0,0.015,-0.055,5.71382820628e-14,0
180.0,0.01,-0.05,6.69948525817e-14,0
180.0,0.015,-0.05,6.02626582303e-14,0
180.0,0.01,-0.045,6.94745274738e-14,0
180.0,0.015,-0.045,6.31766726133e-14,0
180.0,0.01,-0.04,7.1058865162e-14,0
180.0,0.015,-0.04,6.50806974287e-14,0
180.0,0.01,-0.035,7.0130573739e-14,0
180.0,0.015,-0.035,6.53373276286e-14,0
180.0,0.01,-0.03,6.77516252458e-14,0
180.0,0.015,-0.03,6.4742659343e-14,0
180.0,0.01,-0.025,6.45459634637e-14,0
180.0,0.015,-0.025,6.35023385296e-14,0
180.0,0.01,-0.02,6.04196371233e-14,0
180.0,0.01,-0.015,5.55012666228e-14,0
180.0,0.015,-0.02,6.14691264677e-14,0
180.0,0.015,-0.015,5.91522245474e-14,0
180.0,0.00999280436795,-0.0116358337096,5.14294054012e-14,0
180.0,0.0105889214373,-0.00845762197625,4.83662703171e-14,0
180.0,0.015,-0.01,5.65283572805e-14,0
180.0,0.00939947397025,-0.005,4.1640607761e-14,0
180.0,0.015,-0.005,5.41757007002e-14,0
180.0,0.00658051136513,-0.00296146438142,2.95326441949e-14,0
180.0,0.00636794669772,-3.54305826484e-06,2.48138044182e-14,0
180.0,0.00795807888052,-0.00113999998936,3.33369384909e-14,0
180.0,0.00758147027913,0.00183630393596,3.19030284839e-14,0
180.0,0.0112534647756,-1.47536350887e-07,4.39174274996e-14,0
180.0,0.015,4.16333634234e-19,5.29224527628e-14,0
180.0,0.00939942566771,0.005,4.08677518197e-14,0
180.0,0.015,0.005,5.37371914133e-14,0
180.0,0.00999018807453,0.0109670628501,5.0253654642e-14,0
180.0,0.01,0.015,5.57650845789e-14,0
180.0,0.015,0.01,5.70517199495e-14,0
180.0,0.015,0.015,6.07409201172e-14,0
180.0,0.01,0.02,6.15186415444e-14,0
180.0,0.01,0.025,6.6155744047e-14,0
180.0,0.015,0.02,6.3787258034e-14,0
180.0,0.015,0.025,6.63342555035e-14,0
180.0,0.01,0.03,6.9253731718e-14,0
180.0,0.01,0.035,7.02498397331e-14,0
180.0,0.015,0.03,6.76410124078e-14,0
180.0,0.015,0.035,6.74614270545e-14,0
180.0,0.01,0.04,6.70217547058e-14,0
180.0,0.01,0.045,5.83874908823e-14,0
180.0,0.015,0.04,6.35140243228e-14,0
180.0,0.015,0.045,5.34527109264e-14,0
180.0,0.01,0.05,4.65568346698e-14,0
180.0,0.01,0.055,3.39923516196e-14,0
180.0,0.015,0.05,4.0501234623e-14,0
180.0,0.015,0.055,2.71214411261e-14,0
180.0,0.01,0.06,2.08061172761e-14,0
180.0,0.01,0.065,7.36086203505e-15,0
180.0,0.015,0.06,1.32971830937e-14,0
180.0,0.015,0.065,-6.79951525958e-16,0
180.0,0.01,0.07,-6.03474169828e-15,0
180.0,0.01,0.075,-1.9024967592e-14,0
180.0,0.015,0.07,-1.45086695534e-14,0
180.0,0.015,0.075,-2.78760039655e-14,0
180.0,0.02,-0.075,3.08470153748e-14,0
180.0,0.02,-0.07,3.26338372467e-14,0
180.0,0.025,-0.075,8.41704231842e-15,0
180.0,0.025,-0.07,1.26114185136e-14,0
180.0,0.02,-0.065,3.55856918297e-14,0
180.0,0.025,-0.065,1.77564349902e-14,0
180.0,0.02,-0.06,3.99790661913e-14,0
180.0,0.025,-0.06,2.37215427498e-14,0
180.0,0.02,-0.055,4.51790019119e-14,0
180.0,0.025,-0.055,3.04643059598e-14,0
180.0,0.02,-0.05,5.03602724867e-14,0
180.0,0.025,-0.05,3.75002125704e-14,0
180.0,0.02,-0.045,5.45166791744e-14,0
180.0,0.025,-0.045,4.36757270284e-14,0
180.0,0.02,-0.04,5.75234125671e-14,0
180.0,0.025,-0.04,4.86428724886e-14,0
180.0,0.02,-0.035,5.93567539232e-14,0
180.0,0.025,-0.035,5.23626296659e-14,0
180.0,0.02,-0.03,6.04556014031e-14,0
180.0,0.025,-0.03,5.52806111534e-14,0
180.0,0.02,-0.025,6.12199168915e-14,0
180.0,0.025,-0.025,5.79755194488e-14,0
180.0,0.02,-0.02,6.15615765062e-14,0
180.0,0.025,-0.02,6.04540164064e-14,0
180.0,0.02,-0.015,6.17615644275e-14,0
180.0,0.025,-0.015,6.29579932747e-14,0
180.0,0.02,-0.01,6.1827437944e-14,0
180.0,0.025,-0.01,6.5339628351e-14,0
180.0,0.02,-0.005,6.18610522802e-14,0
180.0,0.025,-0.005,6.73006248402e-14,0
180.0,0.02,0,6.20851567266e-14,0
180.0,0.025,4.16333634234e-19,6.86612576154e-14,0
180.0,0.02,0.005,6.27810920034e-14,0
180.0,0.025,0.005,6.8897445779e-14,0
180.0,0.02,0.01,6.38662965581e-14,0
180.0,0.025,0.01,6.81417303084e-14,0
180.0,0.02,0.015,6.47502082039e-14,0
180.0,0.025,0.015,6.71388326495e-14,0
180.0,0.02,0.02,6.54994808821e-14,0
180.0,0.02,0.025,6.60810111249e-14,0
180.0,0.025,0.02,6.6217494508e-14,0
180.0,0.025,0.025,6.52201288443e-14,0
180.0,0.02,0.03,6.57197125039e-14,0
180.0,0.02,0.035,6.40102150862e-14,0
180.0,0.025,0.03,6.33227950919e-14,0
180.0,0.025,0.035,5.92518187251e-14,0
180.0,0.02,0.04,5.81939155415e-14,0
180.0,0.02,0.045,4.71745394011e-14,0
180.0,0.025,0.04,5.09430734783e-14,0
180.0,0.025,0.045,3.97275563796e-14,0
180.0,0.02,0.05,3.34656686268e-14,0
180.0,0.02,0.055,1.91544348873e-14,0
180.0,0.025,0.05,2.56396859935e-14,0
180.0,0.025,0.055,9.95808486702e-15,0
180.0,0.02,0.06,4.33470744952e-15,0
180.0,0.02,0.065,-1.05750703474e-14,0
180.0,0.025,0.06,-6.41826960298e-15,0
180.0,0.025,0.065,-2.26477770349e-14,0
180.0,0.02,0.07,-2.52952157255e-14,0
180.0,0.02,0.075,-3.95940935041e-14,0
180.0,0.025,0.07,-3.86132759915e-14,0
180.0,0.025,0.075,-5.42653522142e-14,0
180.0,0.03,-0.075,-1.70488466889e-14,0
180.0,0.03,-0.07,-1.03542156549e-14,0
180.0,0.035,-0.075,-4.45640892396e-14,0
180.0,0.035,-0.07,-3.54181129636e-14,0
180.0,0.03,-0.065,-2.97084063578e-15,0
180.0,0.035,-0.065,-2.59124247073e-14,0
180.0,0.03,-0.06,4.97968479618e-15,0
180.0,0.035,-0.06,-1.58923139998e-14,0
180.0,0.03,-0.055,1.35121807954e-14,0
180.0,0.035,-0.055,-5.59717997612e-15,0
180.0,0.03,-0.05,2.24312267032e-14,0
180.0,0.035,-0.05,5.17058088656e-15,0
180.0,0.03,-0.045,3.08866554896e-14,0
180.0,0.035,-0.045,1.59568579304e-14,0
180.0,0.03,-0.04,3.81745783605e-14,0
180.0,0.035,-0.04,2.58586771525e-14,0
180.0,0.03,-0.035,4.41320412217e-14,0
180.0,0.035,-0.035,3.46439302556e-14,0
180.0,0.03,-0.03,4.90597586279e-14,0
180.0,0.035,-0.03,4.18847901785e-14,0
180.0,0.03,-0.025,5.36586935206e-14,0
180.0,0.035,-0.025,4.8377835062e-14,0
180.0,0.03,-0.02,5.80710076907e-14,0
180.0,0.035,-0.02,5.45301247466e-14,0
180.0,0.03,-0.015,6.25272664358e-14,0
180.0,0.035,-0.015,6.05699750435e-14,0
180.0,0.03,-0.01,6.6928415823e-14,0
180.0,0.035,-0.01,6.64076348645e-14,0
180.0,0.03,-0.005,7.05671785784e-14,0
180.0,0.035,-0.005,7.10803573917e-14,0
180.0,0.03,0,7.25621994511e-14,0
180.0,0.035,4.16333634234e-19,7.36655208375e-14,0
180.0,0.03,0.005,7.2024107943e-14,0
180.0,0.035,0.005,7.3351437145e-14,0
180.0,0.03,0.01,7.02367679976e-14,0
180.0,0.035,0.01,7.12185432423e-14,0
180.0,0.03,0.015,6.81938906244e-14,0
180.0,0.035,0.015,6.8197665071e-14,0
180.0,0.03,0.02,6.58916291606e-14,0
180.0,0.035,0.02,6.44709366837e-14,0
180.0,0.03,0.025,6.34428807386e-14,0
180.0,0.035,0.025,6.03676632173e-14,0
180.0,0.03,0.03,5.97509157454e-14,0
180.0,0.03,0.035,5.30749148122e-14,0
180.0,0.035,0.03,5.47172866766e-14,0
180.0,0.035,0.035,4.65893712171e-14,0
180.0,0.03,0.04,4.32888127012e-14,0
180.0,0.03,0.045,3.16553140592e-14,0
180.0,0.035,0.04,3.57676048572e-14,0
180.0,0.035,0.045,2.25861085886e-14,0
180.0,0.03,0.05,1.66386278329e-14,0
180.0,0.03,0.055,-1.04147278244e-15,0
180.0,0.035,0.05,5.4850018484e-15,0
180.0,0.035,0.055,-1.35389035621e-14,0
180.0,0.03,0.06,-1.88402832173e-14,0
180.0,0.03,0.065,-3.63715272909e-14,0
180.0,0.035,0.06,-3.24386036854e-14,0
180.0,0.035,0.065,-5.12601885867e-14,0
180.0,0.03,0.07,-5.36009638803e-14,0
180.0,0.03,0.075,-7.03601045429e-14,0
180.0,0.035,0.07,-6.98967281636e-14,0
180.0,0.035,0.075,-8.77389899475e-14,0
180.0,0.04,-0.075,-7.33260828893e-14,0
180.0,0.04,-0.07,-6.14198819744e-14,0
180.0,0.045,-0.075,-1.03442064749e-13,0
180.0,0.045,-0.07,-8.84549452922e-14,0
180.0,0.04,-0.065,-4.95681790727e-14,0
180.0,0.045,-0.065,-7.39520055199e-14,0
180.0,0.04,-0.06,-3.78004867007e-14,0
180.0,0.045,-0.06,-6.04270839745e-14,0
180.0,0.04,-0.055,-2.58254474894e-14,0
180.0,0.045,-0.055,-4.66751291582e-14,0
180.0,0.04,-0.05,-1.36554761573e-14,0
180.0,0.045,-0.05,-3.31047073226e-14,0
180.0,0.04,-0.045,-1.30069539666e-15,0
180.0,0.045,-0.045,-1.94592798042e-14,0
180.0,0.04,-0.04,1.1041931266e-14,0
180.0,0.045,-0.04,-5.38415382441e-15,0
180.0,0.04,-0.035,2.2589585963e-14,0
180.0,0.045,-0.035,8.27205412309e-15,0
180.0,0.04,-0.03,3.27393634408e-14,0
180.0,0.045,-0.03,2.09782320609e-14,0
180.0,0.04,-0.025,4.15609054645e-14,0
180.0,0.045,-0.025,3.25253125464e-14,0
180.0,0.04,-0.02,4.95714876878e-14,0
180.0,0.045,-0.02,4.28101983372e-14,0
180.0,0.04,-0.015,5.72642711486e-14,0
180.0,0.045,-0.015,5.23465659018e-14,0
180.0,0.04,-0.01,6.43103786395e-14,0
180.0,0.045,-0.01,6.09825755779e-14,0
180.0,0.04,-0.005,6.99510860903e-14,0
180.0,0.045,-0.005,6.82227417298e-14,0
180.0,0.04,0,7.32078942336e-14,0
180.0,0.045,4.16333634234e-19,7.25631462125e-14,0
180.0,0.04,0.005,7.34056983741e-14,0
180.0,0.045,0.005,7.30123840277e-14,0
180.0,0.04,0.01,7.11690722071e-14,0
180.0,0.045,0.01,7.04114700993e-14,0
180.0,0.04,0.015,6.71777572707e-14,0
180.0,0.045,0.015,6.53412503977e-14,0
180.0,0.04,0.02,6.20541892156e-14,0
180.0,0.045,0.02,5.88719438508e-14,0
180.0,0.04,0.025,5.63531042211e-14,0
180.0,0.045,0.025,5.1875590151e-14,0
180.0,0.04,0.03,4.91780070259e-14,0
180.0,0.045,0.03,4.3384659786e-14,0
180.0,0.04,0.035,4.01330683806e-14,0
180.0,0.045,0.035,3.23157277984e-14,0
180.0,0.04,0.04,2.75800841829e-14,0
180.0,0.04,0.045,1.13237276037e-14,0
180.0,0.045,0.04,1.68399052566e-14,0
180.0,0.045,0.045,-1.46963882924e-15,0
180.0,0.04,0.05,-7.54634495172e-15,0
180.0,0.04,0.055,-2.73993075194e-14,0
180.0,0.045,0.05,-2.14273739326e-14,0
180.0,0.045,0.055,-4.24726934146e-14,0
180.0,0.04,0.06,-4.77005665248e-14,0
180.0,0.04,0.065,-6.83722380206e-14,0
180.0,0.045,0.06,-6.46255818574e-14,0
180.0,0.045,0.065,-8.78838434727e-14,0
180.0,0.04,0.07,-8.88439894806e-14,0
180.0,0.04,0.075,-1.08291222983e-13,0
180.0,0.045,0.07,-1.1105267217e-13,0
180.0,0.045,0.075,-1.32660539421e-13,0
180.0,0.05,-0.075,-1.35678196936e-13,0
180.0,0.05,-0.07,-1.17278044335e-13,0
180.0,0.055,-0.075,-1.70890339913e-13,0
180.0,0.055,-0.07,-1.48313856428e-13,0
180.0,0.05,-0.065,-9.98620521745e-14,0
180.0,0.055,-0.065,-1.26717699925e-13,0
180.0,0.05,-0.06,-8.41648245242e-14,0
180.0,0.055,-0.06,-1.08473342411e-13,0
180.0,0.05,-0.055,-6.86362345016e-14,0
180.0,0.055,-0.055,-9.08220247924e-14,0
180.0,0.05,-0.05,-5.31292465923e-14,0
180.0,0.055,-0.05,-7.31300293214e-14,0
180.0,0.05,-0.045,-3.76368747034e-14,0
180.0,0.055,-0.045,-5.57998940835e-14,0
180.0,0.05,-0.04,-2.21361829286e-14,0
180.0,0.055,-0.04,-3.89233468251e-14,0
180.0,0.05,-0.035,-6.94215586553e-15,0
180.0,0.055,-0.035,-2.23995194972e-14,0
180.0,0.05,-0.03,7.67775392377e-15,0
180.0,0.055,-0.03,-6.28552376472e-15,0
180.0,0.05,-0.025,2.15066960409e-14,0
180.0,0.055,-0.025,9.30750718374e-15,0
180.0,0.05,-0.02,3.42154886189e-14,0
180.0,0.055,-0.02,2.40092795411e-14,0
180.0,0.05,-0.015,4.57959186448e-14,0
180.0,0.055,-0.015,3.76721218276e-14,0
180.0,0.05,-0.01,5.61030257703e-14,0
180.0,0.055,-0.01,4.97048275662e-14,0
180.0,0.05,-0.005,6.50917178256e-14,0
180.0,0.055,-0.005,5.98830333111e-14,0
180.0,0.05,0,7.08441394273e-14,0
180.0,0.055,4.16333634234e-19,6.65348717519e-14,0
180.0,0.05,0.005,7.17070159515e-14,0
180.0,0.055,0.005,6.82094375458e-14,0
180.0,0.05,0.01,6.86780449139e-14,0
180.0,0.055,0.01,6.54201126456e-14,0
180.0,0.05,0.015,6.25422743383e-14,0
180.0,0.055,0.015,5.85331449008e-14,0
180.0,0.05,0.02,5.47373749545e-14,0
180.0,0.055,0.02,4.95533938221e-14,0
180.0,0.05,0.025,4.642736768e-14,0
180.0,0.055,0.025,3.95997425152e-14,0
180.0,0.05,0.03,3.61642805425e-14,0
180.0,0.055,0.03,2.7125054939e-14,0
180.0,0.05,0.035,2.22259557243e-14,0
180.0,0.055,0.035,1.15935180908e-14,0
180.0,0.05,0.04,4.94289608774e-15,0
180.0,0.055,0.04,-6.57523993864e-15,0
180.0,0.05,0.045,-1.44236855584e-14,0
180.0,0.055,0.045,-2.70049599398e-14,0
180.0,0.05,0.05,-3.56037814377e-14,0
180.0,0.05,0.055,-5.80767895446e-14,0
180.0,0.055,0.05,-4.97411886053e-14,0
180.0,0.055,0.055,-7.44794981789e-14,0
180.0,0.05,0.06,-8.34401016362e-14,0
180.0,0.05,0.065,-1.11686299606e-13,0
180.0,0.055,0.06,-1.0579080744e-13,0
180.0,0.055,0.065,-1.41040293101e-13,0
180.0,0.05,0.07,-1.40094119654e-13,0
180.0,0.05,0.075,-1.66975843323e-13,0
180.0,0.055,0.07,-1.76380329297e-13,0
180.0,0.055,0.075,-2.10557331869e-13,0
180.0,0.06,-0.075,-2.08920395708e-13,0
180.0,0.06,-0.07,-1.82461776605e-13,0
180.0,0.065,-0.075,-2.4810875785e-13,0
180.0,0.065,-0.07,-2.17994228123e-13,0
180.0,0.06,-0.065,-1.5653102777e-13,0
180.0,0.065,-0.065,-1.87911941665e-13,0
180.0,0.06,-0.06,-1.33030585086e-13,0
180.0,0.065,-0.06,-1.58720798997e-13,0
180.0,0.06,-0.055,-1.11893051137e-13,0
180.0,0.065,-0.055,-1.32716135192e-13,0
180.0,0.06,-0.05,-9.25241717382e-14,0
180.0,0.065,-0.05,-1.11556527638e-13,0
180.0,0.06,-0.045,-7.37383128972e-14,0
180.0,0.065,-0.045,-9.12659101382e-14,0
180.0,0.06,-0.04,-5.5592280403e-14,0
180.0,0.065,-0.04,-7.19912172577e-14,0
180.0,0.06,-0.035,-3.78864678689e-14,0
180.0,0.065,-0.035,-5.32354232322e-14,0
180.0,0.06,-0.03,-2.05591322934e-14,0
180.0,0.065,-0.03,-3.48404032645e-14,0
180.0,0.06,-0.025,-3.61164639021e-15,0
180.0,0.065,-0.025,-1.67533670473e-14,0
180.0,0.06,-0.02,1.27706470245e-14,0
180.0,0.065,-0.02,1.03922925623e-15,0
180.0,0.06,-0.015,2.83574565398e-14,0
180.0,0.065,-0.015,1.83917523033e-14,0
180.0,0.06,-0.01,4.22000108965e-14,0
180.0,0.065,-0.01,3.43426027824e-14,0
180.0,0.06,-0.005,5.32556135346e-14,0
180.0,0.065,-0.005,4.59970687245e-14,0
180.0,0.06,0,6.00350096359e-14,0
180.0,0.065,4.16333634234e-19,5.21037636316e-14,0
180.0,0.06,0.005,6.25184706306e-14,0
180.0,0.065,0.005,5.49517664363e-14,0
180.0,0.06,0.01,6.05908663862e-14,0
180.0,0.065,0.01,5.35652808398e-14,0
180.0,0.06,0.015,5.32769199138e-14,0
180.0,0.065,0.015,4.59487462179e-14,0
180.0,0.06,0.02,4.28487030005e-14,0
180.0,0.065,0.02,3.44333097122e-14,0
180.0,0.06,0.025,3.1002665397e-14,0
180.0,0.065,0.025,2.14361893739e-14,0
180.0,0.06,0.03,1.70450571649e-14,0
180.0,0.065,0.03,6.76481134803e-15,0
180.0,0.06,0.035,1.03213978263e-15,0
180.0,0.065,0.035,-9.56196288838e-15,0
180.0,0.06,0.04,-1.75375934722e-14,0
180.0,0.065,0.04,-2.85058739855e-14,0
180.0,0.06,0.045,-3.90784258469e-14,0
180.0,0.065,0.045,-5.08179923436e-14,0
180.0,0.06,0.05,-6.44601247185e-14,0
180.0,0.065,0.05,-7.97626558102e-14,0
180.0,0.06,0.055,-9.52057307501e-14,0
180.0,0.065,0.055,-1.17371475557e-13,0
180.0,0.06,0.06,-1.32795461757e-13,0
180.0,0.06,0.065,-1.74147538888e-13,0
180.0,0.065,0.06,-1.61278172761e-13,0
180.0,0.065,0.065,-2.08441713738e-13,0
180.0,0.06,0.07,-2.16048877065e-13,0
180.0,0.06,0.075,-2.57366052755e-13,0
180.0,0.065,0.07,-2.56099771479e-13,0
180.0,0.065,0.075,-3.03475916001e-13,0
180.0,0.07,-0.075,-2.86229467244e-13,0
180.0,0.07,-0.07,-2.53196352833e-13,0
180.0,0.075,-0.075,-3.2258938957e-13,0
180.0,0.075,-0.07,-2.87656298594e-13,0
180.0,0.07,-0.065,-2.19681327514e-13,0
180.0,0.075,-0.065,-2.51187176621e-13,0
180.0,0.07,-0.06,-1.86523229782e-13,0
180.0,0.075,-0.06,-2.14276649302e-13,0
180.0,0.07,-0.055,-1.5615027745e-13,0
180.0,0.075,-0.055,-1.79630202435e-13,0
180.0,0.07,-0.05,-1.30457634883e-13,0
180.0,0.075,-0.05,-1.49195925912e-13,0
180.0,0.07,-0.045,-1.08065832418e-13,0
180.0,0.075,-0.045,-1.24150675952e-13,0
180.0,0.07,-0.04,-8.79259032839e-14,0
180.0,0.075,-0.04,-1.03416594794e-13,0
180.0,0.07,-0.035,-6.82802260266e-14,0
180.0,0.075,-0.035,-8.30353100598e-14,0
180.0,0.07,-0.03,-4.90178919909e-14,0
180.0,0.075,-0.03,-6.30817073812e-14,0
180.0,0.07,-0.025,-2.99871272039e-14,0
180.0,0.075,-0.025,-4.32960350281e-14,0
180.0,0.07,-0.02,-1.10530265289e-14,0
180.0,0.075,-0.02,-2.33655627007e-14,0
180.0,0.07,-0.015,7.71953186753e-15,0
180.0,0.075,-0.015,-3.56690939251e-15,0
180.0,0.07,-0.01,2.60978194799e-14,0
180.0,0.075,-0.01,1.76730469082e-14,0
180.0,0.07,-0.005,3.86578495433e-14,0
180.0,0.075,-0.005,3.18630073512e-14,0
180.0,0.07,0,4.43159444579e-14,0
180.0,0.075,0,3.75237731347e-14,0
180.0,0.07,0.005,4.72449197085e-14,0
180.0,0.075,0.005,4.06592069206e-14,0
180.0,0.07,0.01,4.56520426428e-14,0
180.0,0.075,0.01,3.89276732726e-14,0
180.0,0.07,0.015,3.77108476918e-14,0
180.0,0.075,0.015,3.00267742721e-14,0
180.0,0.07,0.02,2.56638792857e-14,0
180.0,0.075,0.02,1.74364598863e-14,0
180.0,0.07,0.025,1.21688077782e-14,0
180.0,0.075,0.025,3.52570319706e-15,0
180.0,0.07,0.03,-2.88169571969e-15,0
180.0,0.075,0.03,-1.18394092322e-14,0
180.0,0.07,0.035,-1.94432818116e-14,0
180.0,0.075,0.035,-2.85436084028e-14,0
180.0,0.07,0.04,-3.8850410184e-14,0
180.0,0.075,0.04,-4.80944471717e-14,0
180.0,0.07,0.045,-6.16806438707e-14,0
180.0,0.075,0.045,-7.13054467222e-14,0
180.0,0.07,0.05,-9.42627284729e-14,0
180.0,0.075,0.05,-1.0691628719e-13,0
180.0,0.07,0.055,-1.38349084699e-13,0
180.0,0.075,0.055,-1.57312805437e-13,0
180.0,0.07,0.06,-1.88793481701e-13,0
180.0,0.075,0.06,-2.14842461888e-13,0
180.0,0.07,0.065,-2.41799279069e-13,0
180.0,0.075,0.065,-2.74065043036e-13,0
180.0,0.07,0.07,-2.94619177891e-13,0
180.0,0.07,0.075,-3.46514563604e-13,0
180.0,0.075,0.07,-3.31561979901e-13,0
180.0,0.075,0.075,-3.86398794976e-13,0
250.0,-0.00382671281566,-0.00202612167119,0,0
250.0,-0.005,-0.005,2.61985947457e-14,0
250.0,-0.00197892066871,-0.00385133392306,0,0
250.0,-0.005,-0.00190753787223,1.55229364719e-14,0
250.0,-0.00433,0,0,0
250.0,-0.00190753787223,-0.005,1.55801684752e-14,0
250.0,0,-0.00433,0,0
250.0,-0.005,0.00190775150599,1.5123774331e-14,0
250.0,-0.00385133392306,0.00197892066871,0,0
250.0,0.00190775150599,-0.005,1.57445375912e-14,0
250.0,0.00202612167119,-0.00382671281566,0,0
250.0,-0.00202612167119,0.00382671281566,0,0
250.0,-0.005,0.005,2.36468589756e-14,0
250.0,-0.0019094272225,0.005,1.5192406933e-14,0
250.0,0,0.00433,0,0
250.0,0.00147766755988,0.00407006125046,0,0
250.0,8.32667268469e-19,0.005,1.18153516903e-14,0
250.0,0.00433,0,0,0
250.0,0.005,1.38777878078e-18,1.15411312158e-14,0
250.0,0.00407006125046,0.00147766755988,0,0
250.0,0.005,-0.005,2.82156274799e-14,0
250.0,0.00385133392306,-0.00197892066871,0,0
250.0,0.005,-0.0019094272225,1.58796306851e-14,0
250.0,0.00306177236254,0.00306177236254,0,0
250.0,0.0019094272225,0.005,1.61819698449e-14,0
250.0,0.005,0.0019094272225,1.61274930252e-14,0
250.0,-0.000885,-0.0015328649647,1.27151327107e-12,0
250.0,-0.0015328649647,-0.000885,1.27163565172e-12,0
250.0,-0.00186450691264,-0.00187567167242,8.4302090183e-13,0
250.0,-0.00177,0,1.27132738815e-12,0
250.0,-0.00268433516245,-0.000738983120158,7.59102883617e-13,0
250.0,0,-0.00177,1.27147491102e-12,0
250.0,-0.000718432264205,-0.00269192408424,7.573967262e-13,0
250.0,-0.0015328649647,0.000885,1.26982292204e-12,0
250.0,-0.00265321485144,0.000647311733689,7.89885686619e-13,0
250.0,-0.000885,0.0015328649647,1.26819542257e-12,0
250.0,-0.00194719253591,0.00178443766524,8.43947207997e-13,0
250.0,0,0.00177,1.2640892788e-12,0
250.0,-0.000802720381054,0.00273415977115,7.17496625125e-13,0
250.0,0.000885,-0.0015328649647,1.27016375676e-12,0
250.0,0.00075154031863,-0.00270385456952,7.4528680345e-13,0
250.0,0.00177,0,1.26242904672e-12,0
250.0,0.0015328649647,-0.000885,1.26801134841e-12,0
250.0,0.00271471102228,-0.000564731152102,7.60910509551e-13,0
250.0,0.00192394637685,-0.00189207206672,8.10091922518e-13,0
250.0,0.00231817117671,0.00040530921667,9.87905665794e-13,0
250.0,0.0015328649647,0.000885,1.26069541841e-12,0
250.0,0.000885,0.0015328649647,1.26140047543e-12,0
250.0,0.000427053001345,0.00287092483521,6.82186286523e-13,0
250.0,0.00187618296239,0.00184774001435,8.33336225034e-13,0
250.0,0.00312733402203,0.000607809752493,5.19196655436e-13,0
250.0,0.00276214303706,0.00136595635004,5.76856694883e-13,0
250.0,0.0014100336009,0.00268674970267,6.04768858828e-13,0
250.0,-0.075,-0.075,6.39546913977e-14,0
250.0,-0.07,-0.075,5.56033028017e-14,0
250.0,-0.075,-0.07,5.74640354225e-14,0
250.0,-0.07,-0.07,5.03686214485e-14,0
250.0,-0.075,-0.065,5.02615272255e-14,0
250.0,-0.07,-0.065,4.47890013492e-14,0
250.0,-0.065,-0.075,4.55155316704e-14,0
250.0,-0.065,-0.07,4.2166927689e-14,0
250.0,-0.065,-0.065,3.8559158409e-14,0
250.0,-0.075,-0.06,4.34210265873e-14,0
250.0,-0.07,-0.06,3.90645619372e-14,0
250.0,-0.065,-0.06,3.43156219545e-14,0
250.0,-0.075,-0.055,3.67538023083e-14,0
250.0,-0.07,-0.055,3.34013669532e-14,0
250.0,-0.065,-0.055,2.98022254281e-14,0
250.0,-0.075,-0.05,3.07158025003e-14,0
250.0,-0.07,-0.05,2.78558546413e-14,0
250.0,-0.065,-0.05,2.50528139212e-14,0
250.0,-0.075,-0.045,2.45063953335e-14,0
250.0,-0.07,-0.045,2.21179615641e-14,0
250.0,-0.065,-0.045,2.00082294586e-14,0
250.0,-0.075,-0.04,1.71141984789e-14,0
250.0,-0.07,-0.04,1.56609865495e-14,0
250.0,-0.075,-0.035,8.52736474676e-15,0
250.0,-0.07,-0.035,8.1766553328e-15,0
250.0,-0.065,-0.04,1.44847216276e-14,0
250.0,-0.065,-0.035,8.04184283442e-15,0
250.0,-0.075,-0.03,-2.19529238304e-16,0
250.0,-0.07,-0.03,-4.8988301779e-17,0
250.0,-0.075,-0.025,-9.12473503338e-15,0
250.0,-0.07,-0.025,-8.813300801e-15,0
250.0,-0.065,-0.03,5.47306856913e-16,0
250.0,-0.065,-0.025,-7.8799017689e-15,0
250.0,-0.075,-0.02,-1.84833252403e-14,0
250.0,-0.07,-0.02,-1.84251221505e-14,0
250.0,-0.075,-0.015,-2.81397368737e-14,0
250.0,-0.07,-0.015,-2.87898397408e-14,0
250.0,-0.065,-0.02,-1.74910080343e-14,0
250.0,-0.065,-0.015,-2.83595331888e-14,0
250.0,-0.075,-0.01,-3.75580850653e-14,0
250.0,-0.07,-0.01,-3.95367137976e-14,0
250.0,-0.075,-0.005,-4.57919600945e-14,0
250.0,-0.07,-0.005,-4.99775410201e-14,0
250.0,-0.065,-0.01,-4.0825571964e-14,0
250.0,-0.065,-0.005,-5.40382915015e-14,0
250.0,-0.075,0,-5.19825551675e-14,0
250.0,-0.07,0,-5.88864046041e-14,0
250.0,-0.075,0.005,-5.49208458062e-14,0
250.0,-0.07,0.005,-6.499322369e-14,0
250.0,-0.065,4.16333634234e-19,-6.62118626647e-14,0
250.0,-0.065,0.005,-7.58608995481e-14,0
250.0,-0.075,0.01,-5.42900272306e-14,0
250.0,-0.07,0.01,-6.74992355042e-14,0
250.0,-0.075,0.015,-4.92075169491e-14,0
250.0,-0.07,0.015,-6.56559094146e-14,0
250.0,-0.065,0.01,-8.21106279519e-14,0
250.0,-0.065,0.015,-8.44189782186e-14,0
250.0,-0.075,0.02,-3.84160006114e-14,0
250.0,-0.07,0.02,-5.79913180866e-14,0
250.0,-0.075,0.025,-2.17802169715e-14,0
250.0,-0.07,0.025,-4.35380007338e-14,0
250.0,-0.065,0.02,-8.08966194359e-14,0
250.0,-0.065,0.025,-7.01808552342e-14,0
250.0,-0.075,0.03,1.260012896e-14,0
250.0,-0.07,0.03,-1.41021244831e-14,0
250.0,-0.075,0.035,6.87334790786e-14,0
250.0,-0.07,0.035,3.25929098732e-14,0
250.0,-0.065,0.03,-4.75454207423e-14,0
250.0,-0.065,0.035,-1.14495611626e-14,0
250.0,-0.075,0.04,1.65916209801e-13,0
250.0,-0.07,0.04,1.01216098374e-13,0
250.0,-0.075,0.045,3.13462893146e-13,0
250.0,-0.07,0.045,2.0390522514e-13,0
250.0,-0.065,0.04,3.59209744391e-14,0
250.0,-0.065,0.045,9.63470434216e-14,0
250.0,-0.075,0.05,4.98103341895e-13,0
250.0,-0.07,0.05,3.50799133714e-13,0
250.0,-0.075,0.055,7.15615321545e-13,0
250.0,-0.07,0.055,5.30081516048e-13,0
250.0,-0.065,0.05,2.00215543656e-13,0
250.0,-0.065,0.055,3.37847778996e-13,0
250.0,-0.075,0.06,9.65553313388e-13,0
250.0,-0.07,0.06,7.33410115397e-13,0
250.0,-0.075,0.065,1.2216234159e-12,0
250.0,-0.07,0.065,9.45487413397e-13,0
250.0,-0.065,0.06,4.96604612756e-13,0
250.0,-0.065,0.065,6.66395119726e-13,0
250.0,-0.075,0.07,1.45994467514e-12,0
250.0,-0.07,0.07,1.15018830217e-12,0
250.0,-0.075,0.075,1.67651626705e-12,0
250.0,-0.07,0.075,1.3449903966e-12,0
250.0,-0.065,0.07,8.33078617539e-13,0
250.0,-0.065,0.075,9.93916539754e-13,0
250.0,-0.06,-0.075,3.35222521181e-14,0
250.0,-0.06,-0.07,3.23290353741e-14,0
250.0,-0.06,-0.065,3.07685172473e-14,0
250.0,-0.055,-0.075,1.98358018945e-14,0
250.0,-0.055,-0.07,2.14437939092e-14,0
250.0,-0.055,-0.065,2.21254914421e-14,0
250.0,-0.06,-0.06,2.87118436162e-14,0
250.0,-0.06,-0.055,2.5814210609e-14,0
250.0,-0.055,-0.06,2.22688457883e-14,0
250.0,-0.055,-0.055,2.12558847999e-14,0
250.0,-0.06,-0.05,2.22532295101e-14,0
250.0,-0.055,-0.05,1.92397722084e-14,0
250.0,-0.06,-0.045,1.82830545583e-14,0
250.0,-0.055,-0.045,1.66294413179e-14,0
250.0,-0.06,-0.04,1.36906735307e-14,0
250.0,-0.055,-0.04,1.32160758149e-14,0
250.0,-0.06,-0.035,8.24535475364e-15,0
250.0,-0.055,-0.035,8.93379623896e-15,0
250.0,-0.06,-0.03,1.72429645299e-15,0
250.0,-0.06,-0.025,-5.99415931514e-15,0
250.0,-0.055,-0.03,3.57039880226e-15,0
250.0,-0.055,-0.025,-3.08666875901e-15,0
250.0,-0.06,-0.02,-1.52118341098e-14,0
250.0,-0.06,-0.015,-2.59829309538e-14,0
250.0,-0.055,-0.02,-1.16801541347e-14,0
250.0,-0.055,-0.015,-2.20620205409e-14,0
250.0,-0.06,-0.01,-3.9945163688e-14,0
250.0,-0.06,-0.005,-5.61898476123e-14,0
250.0,-0.055,-0.01,-3.68916446197e-14,0
250.0,-0.055,-0.005,-5.57997840732e-14,0
250.0,-0.06,0,-7.21325795462e-14,0
250.0,-0.06,0.005,-8.58779709182e-14,0
250.0,-0.055,4.16333634234e-19,-7.56230514526e-14,0
250.0,-0.055,0.005,-9.38930039769e-14,0
250.0,-0.06,0.01,-9.65592700702e-14,0
250.0,-0.06,0.015,-1.04505920381e-13,0
250.0,-0.055,0.01,-1.0931109058e-13,0
250.0,-0.055,0.015,-1.2260788404e-13,0
250.0,-0.06,0.02,-1.09022233955e-13,0
250.0,-0.06,0.025,-1.0442407397e-13,0
250.0,-0.055,0.02,-1.35138338173e-13,0
250.0,-0.055,0.025,-1.3799454075e-13,0
250.0,-0.06,0.03,-8.85017090545e-14,0
250.0,-0.06,0.035,-6.38766249706e-14,0
250.0,-0.055,0.03,-1.30769851536e-13,0
250.0,-0.055,0.035,-1.18380572481e-13,0
250.0,-0.06,0.04,-2.97218920024e-14,0
250.0,-0.06,0.045,1.18922675047e-14,0
250.0,-0.055,0.04,-9.69923087141e-14,0
250.0,-0.055,0.045,-6.8934680858e-14,0
250.0,-0.06,0.05,6.85045162701e-14,0
250.0,-0.06,0.055,1.50121393092e-13,0
250.0,-0.055,0.05,-4.13400211814e-14,0
250.0,-0.055,0.055,-9.40858295442e-15,0
250.0,-0.06,0.06,2.63221210279e-13,0
250.0,-0.06,0.065,3.89607495823e-13,0
250.0,-0.055,0.06,5.41984690167e-14,0
250.0,-0.055,0.065,1.32245582153e-13,0
250.0,-0.06,0.07,5.13395798567e-13,0
250.0,-0.06,0.075,6.2968364755e-13,0
250.0,-0.055,0.07,2.07868844298e-13,0
250.0,-0.055,0.075,2.7371481702e-13,0
250.0,-0.05,-0.075,4.85776209773e-15,0
250.0,-0.05,-0.07,1.00898405509e-14,0
250.0,-0.045,-0.075,-1.13392708024e-14,0
250.0,-0.045,-0.07,-2.66265493155e-15,0
250.0,-0.05,-0.065,1.38872449045e-14,0
250.0,-0.045,-0.065,4.80312672679e-15,0
250.0,-0.05,-0.06,1.57024619185e-14,0
250.0,-0.05,-0.055,1.64002941908e-14,0
250.0,-0.045,-0.06,9.13009185804e-15,0
250.0,-0.045,-0.055,1.15721475815e-14,0
250.0,-0.05,-0.05,1.60393028086e-14,0
250.0,-0.05,-0.045,1.49442217645e-14,0
250.0,-0.045,-0.05,1.28625362533e-14,0
250.0,-0.045,-0.045,1.34118467763e-14,0
250.0,-0.05,-0.04,1.30036215247e-14,0
250.0,-0.045,-0.04,1.31218142224e-14,0
250.0,-0.05,-0.035,1.01263302009e-14,0
250.0,-0.045,-0.035,1.18663587996e-14,0
250.0,-0.05,-0.03,6.17496191482e-15,0
250.0,-0.045,-0.03,9.61324973289e-15,0
250.0,-0.05,-0.025,1.05310094834e-15,0
250.0,-0.045,-0.025,6.32079332053e-15,0
250.0,-0.05,-0.02,-5.79410001626e-15,0
250.0,-0.05,-0.015,-1.448085118e-14,0
250.0,-0.045,-0.02,2.07784391835e-15,0
250.0,-0.045,-0.015,-3.52299155977e-15,0
250.0,-0.05,-0.01,-2.88325416499e-14,0
250.0,-0.05,-0.005,-4.89750202419e-14,0
250.0,-0.045,-0.01,-1.55229909566e-14,0
250.0,-0.045,-0.005,-3.45873381543e-14,0
250.0,-0.05,0,-7.13436643388e-14,0
250.0,-0.05,0.005,-9.33150245754e-14,0
250.0,-0.045,4.16333634234e-19,-5.72310113187e-14,0
250.0,-0.045,0.005,-8.03493724834e-14,0
250.0,-0.05,0.01,-1.13573435532e-13,0
250.0,-0.05,0.015,-1.32576252535e-13,0
250.0,-0.045,0.01,-1.03137265698e-13,0
250.0,-0.045,0.015,-1.25771368382e-13,0
250.0,-0.05,0.02,-1.50234717178e-13,0
250.0,-0.05,0.025,-1.61142722669e-13,0
250.0,-0.045,0.02,-1.47300657132e-13,0
250.0,-0.045,0.025,-1.65737249714e-13,0
250.0,-0.05,0.03,-1.65235621946e-13,0
250.0,-0.05,0.035,-1.6751532e-13,0
250.0,-0.045,0.03,-1.82108915803e-13,0
250.0,-0.045,0.035,-2.01035916085e-13,0
250.0,-0.05,0.04,-1.62875418212e-13,0
250.0,-0.05,0.045,-1.5225176182e-13,0
250.0,-0.045,0.04,-2.19073984078e-13,0
250.0,-0.045,0.045,-2.30261756395e-13,0
250.0,-0.05,0.05,-1.39894417526e-13,0
250.0,-0.05,0.055,-1.27618554161e-13,0
250.0,-0.045,0.05,-2.33112349934e-13,0
250.0,-0.045,0.055,-2.35465225302e-13,0
250.0,-0.05,0.06,-1.13193203756e-13,0
250.0,-0.05,0.065,-8.9578644465e-14,0
250.0,-0.045,0.06,-2.50484412386e-13,0
250.0,-0.045,0.065,-2.67524249093e-13,0
250.0,-0.05,0.07,-6.36762073808e-14,0
250.0,-0.05,0.075,-4.7843923773e-14,0
250.0,-0.045,0.07,-2.82731845392e-13,0
250.0,-0.045,0.075,-3.08331461551e-13,0
250.0,-0.04,-0.075,-2.68030532837e-14,0
250.0,-0.04,-0.07,-1.68766619656e-14,0
250.0,-0.035,-0.075,-4.2869330365e-14,0
250.0,-0.035,-0.07,-3.15803438861e-14,0
250.0,-0.04,-0.065,-7.20710048826e-15,0
250.0,-0.035,-0.065,-2.03944795865e-14,0
250.0,-0.04,-0.06,6.1172532512e-16,0
250.0,-0.035,-0.06,-9.83540935866e-15,0
250.0,-0.04,-0.055,5.84119746769e-15,0
250.0,-0.035,-0.055,-1.14284654366e-15,0
250.0,-0.04,-0.05,9.38110564066e-15,0
250.0,-0.04,-0.045,1.19936711032e-14,0
250.0,-0.035,-0.05,5.36278427599e-15,0
250.0,-0.035,-0.045,1.04943103273e-14,0
250.0,-0.04,-0.04,1.35907990168e-14,0
250.0,-0.04,-0.035,1.41651483155e-14,0
250.0,-0.035,-0.04,1.42663296232e-14,0
250.0,-0.035,-0.035,1.67889009495e-14,0
250.0,-0.04,-0.03,1.37905906506e-14,0
250.0,-0.035,-0.03,1.82618964169e-14,0
250.0,-0.04,-0.025,1.25485350801e-14,0
250.0,-0.035,-0.025,1.88055833012e-14,0
250.0,-0.04,-0.02,1.05033868238e-14,0
250.0,-0.035,-0.02,1.85331383063e-14,0
250.0,-0.04,-0.015,7.38743535408e-15,0
250.0,-0.035,-0.015,1.73321526339e-14,0
250.0,-0.04,-0.01,-9.79366129769e-16,0
250.0,-0.04,-0.005,-1.67150235559e-14,0
250.0,-0.035,-0.01,1.22265499373e-14,0
250.0,-0.035,-0.005,1.02849151053e-15,0
250.0,-0.04,0,-3.82317618426e-14,0
250.0,-0.04,0.005,-6.17861777975e-14,0
250.0,-0.035,4.16333634234e-19,-1.81589886059e-14,0
250.0,-0.035,0.005,-4.17481057295e-14,0
250.0,-0.04,0.01,-8.51928490357e-14,0
250.0,-0.04,0.015,-1.0931086722e-13,0
250.0,-0.035,0.01,-6.54732389089e-14,0
250.0,-0.035,0.015,-9.01654108305e-14,0
250.0,-0.04,0.02,-1.33751220936e-13,0
250.0,-0.04,0.025,-1.57548049015e-13,0
250.0,-0.035,0.02,-1.15951633638e-13,0
250.0,-0.035,0.025,-1.42656472603e-13,0
250.0,-0.04,0.03,-1.81701172542e-13,0
250.0,-0.04,0.035,-2.09447151185e-13,0
250.0,-0.035,0.03,-1.7072943058e-13,0
250.0,-0.035,0.035,-2.02223285637e-13,0
250.0,-0.04,0.04,-2.45666483146e-13,0
250.0,-0.04,0.045,-2.78803123354e-13,0
250.0,-0.035,0.04,-2.42324839233e-13,0
250.0,-0.035,0.045,-2.8677351773e-13,0
250.0,-0.04,0.05,-3.02707500934e-13,0
250.0,-0.04,0.055,-3.24640886353e-13,0
250.0,-0.035,0.05,-3.28924869894e-13,0
250.0,-0.035,0.055,-3.68599547292e-13,0
250.0,-0.04,0.06,-3.54870250441e-13,0
250.0,-0.04,0.065,-3.92145687586e-13,0
250.0,-0.035,0.06,-4.07893603054e-13,0
250.0,-0.035,0.065,-4.46997501396e-13,0
250.0,-0.04,0.07,-4.31052517803e-13,0
250.0,-0.04,0.075,-4.79558947343e-13,0
250.0,-0.035,0.07,-4.86424833535e-13,0
250.0,-0.035,0.075,-5.33900564262e-13,0
250.0,-0.03,-0.075,-5.94506086108e-14,0
250.0,-0.03,-0.07,-4.66217886831e-14,0
250.0,-0.025,-0.075,-7.65405361529e-14,0
250.0,-0.025,-0.07,-6.22015276172e-14,0
250.0,-0.03,-0.065,-3.34316548826e-14,0
250.0,-0.025,-0.065,-4.67641921438e-14,0
250.0,-0.03,-0.06,-2.02562959836e-14,0
250.0,-0.025,-0.06,-3.03209296718e-14,0
250.0,-0.03,-0.055,-8.47707383738e-15,0
250.0,-0.025,-0.055,-1.51715725124e-14,0
250.0,-0.03,-0.05,1.19279487004e-15,0
250.0,-0.025,-0.05,-2.56775503497e-15,0
250.0,-0.03,-0.045,8.97245681883e-15,0
250.0,-0.025,-0.045,7.68503900268e-15,0
250.0,-0.03,-0.04,1.50671040876e-14,0
250.0,-0.03,-0.035,1.96057856151e-14,0
250.0,-0.025,-0.04,1.59120639235e-14,0
250.0,-0.025,-0.035,2.23658602377e-14,0
250.0,-0.03,-0.03,2.27265378891e-14,0
250.0,-0.03,-0.025,2.47458880953e-14,0
250.0,-0.025,-0.03,2.70152821092e-14,0
250.0,-0.025,-0.025,3.02489435721e-14,0
250.0,-0.03,-0.02,2.57756424888e-14,0
250.0,-0.025,-0.02,3.22794245362e-14,0
250.0,-0.03,-0.015,2.59818637189e-14,0
250.0,-0.025,-0.015,3.34785351752e-14,0
250.0,-0.03,-0.01,2.32095274121e-14,0
250.0,-0.025,-0.01,3.2633571387e-14,0
250.0,-0.03,-0.005,1.56300850097e-14,0
250.0,-0.025,-0.005,2.75012960362e-14,0
250.0,-0.03,0,7.01973386153e-16,0
250.0,-0.03,0.005,-2.08211609847e-14,0
250.0,-0.025,4.16333634234e-19,1.64742976226e-14,0
250.0,-0.025,0.005,-1.72220761385e-15,0
250.0,-0.03,0.01,-4.41513937785e-14,0
250.0,-0.03,0.015,-6.88927157239e-14,0
250.0,-0.025,0.01,-2.30983067619e-14,0
250.0,-0.025,0.015,-4.65127101482e-14,0
250.0,-0.03,0.02,-9.45910681485e-14,0
250.0,-0.03,0.025,-1.21760649238e-13,0
250.0,-0.025,0.02,-7.11155113872e-14,0
250.0,-0.025,0.025,-9.7213211147e-14,0
250.0,-0.03,0.03,-1.51143418354e-13,0
250.0,-0.03,0.035,-1.83577718308e-13,0
250.0,-0.025,0.03,-1.25390501655e-13,0
250.0,-0.025,0.035,-1.56105653472e-13,0
250.0,-0.03,0.04,-2.23414853665e-13,0
250.0,-0.03,0.045,-2.6997825949e-13,0
250.0,-0.025,0.04,-1.9416194397e-13,0
250.0,-0.025,0.045,-2.38538100808e-13,0
250.0,-0.03,0.05,-3.19415208663e-13,0
250.0,-0.03,0.055,-3.65858975057e-13,0
250.0,-0.025,0.05,-2.84258281434e-13,0
250.0,-0.025,0.055,-3.25494623719e-13,0
250.0,-0.03,0.06,-4.05289232148e-13,0
250.0,-0.03,0.065,-4.37461429869e-13,0
250.0,-0.025,0.06,-3.58856614255e-13,0
250.0,-0.025,0.065,-3.89305031388e-13,0
250.0,-0.03,0.07,-4.69408281613e-13,0
250.0,-0.03,0.075,-5.08990369184e-13,0
250.0,-0.025,0.07,-4.18726768879e-13,0
250.0,-0.025,0.075,-4.50176568801e-13,0
250.0,-0.02,-0.075,-1.01855003871e-13,0
250.0,-0.02,-0.07,-8.15791898537e-14,0
250.0,-0.015,-0.075,-1.26369904009e-13,0
250.0,-0.015,-0.07,-1.0003488994e-13,0
250.0,-0.02,-0.065,-6.11428814356e-14,0
250.0,-0.015,-0.065,-7.485972206e-14,0
250.0,-0.02,-0.06,-4.01466456372e-14,0
250.0,-0.015,-0.06,-5.00698150599e-14,0
250.0,-0.02,-0.055,-2.10128338777e-14,0
250.0,-0.015,-0.055,-2.70370186874e-14,0
250.0,-0.02,-0.05,-5.62793082083e-15,0
250.0,-0.015,-0.05,-8.23428514714e-15,0
250.0,-0.02,-0.045,6.97861048537e-15,0
250.0,-0.015,-0.045,6.77608254353e-15,0
250.0,-0.02,-0.04,1.6963679502e-14,0
250.0,-0.015,-0.04,1.84530152502e-14,0
250.0,-0.02,-0.035,2.50269874187e-14,0
250.0,-0.015,-0.035,2.7954087636e-14,0
250.0,-0.02,-0.03,3.10363434695e-14,0
250.0,-0.02,-0.025,3.51321655423e-14,0
250.0,-0.015,-0.03,3.497662971e-14,0
250.0,-0.015,-0.025,3.940296052e-14,0
250.0,-0.02,-0.02,3.77034863149e-14,0
250.0,-0.02,-0.015,3.93654739039e-14,0
250.0,-0.015,-0.02,4.17090693472e-14,0
250.0,-0.015,-0.015,4.26922930713e-14,0
250.0,-0.02,-0.01,3.94304332749e-14,0
250.0,-0.015,-0.01,4.1688707333e-14,0
250.0,-0.02,-0.005,3.5853274697e-14,0
250.0,-0.015,-0.005,3.82899913806e-14,0
250.0,-0.02,0,2.76389357804e-14,0
250.0,-0.015,4.16333634234e-19,3.24476647702e-14,0
250.0,-0.02,0.005,1.36969485017e-14,0
250.0,-0.015,0.005,2.33162541422e-14,0
250.0,-0.02,0.01,-4.24884468106e-15,0
250.0,-0.02,0.015,-2.44730144808e-14,0
250.0,-0.015,0.01,1.08049630198e-14,0
250.0,-0.015,0.015,-4.30724601937e-15,0
250.0,-0.02,0.02,-4.64448078656e-14,0
250.0,-0.02,0.025,-7.00063987547e-14,0
250.0,-0.015,0.02,-2.19617148599e-14,0
250.0,-0.015,0.025,-4.15213459326e-14,0
250.0,-0.02,0.03,-9.57672587105e-14,0
250.0,-0.02,0.035,-1.23760989133e-13,0
250.0,-0.015,0.03,-6.40220092607e-14,0
250.0,-0.015,0.035,-8.85881320827e-14,0
250.0,-0.02,0.04,-1.57332358149e-13,0
250.0,-0.02,0.045,-1.9513884549e-13,0
250.0,-0.015,0.04,-1.16303434467e-13,0
250.0,-0.015,0.045,-1.46288622857e-13,0
250.0,-0.02,0.05,-2.3213143482e-13,0
250.0,-0.02,0.055,-2.64502521885e-13,0
250.0,-0.015,0.05,-1.74770045551e-13,0
250.0,-0.015,0.055,-1.99661535347e-13,0
250.0,-0.02,0.06,-2.92953833844e-13,0
250.0,-0.02,0.065,-3.20334914266e-13,0
250.0,-0.015,0.06,-2.23771861702e-13,0
250.0,-0.015,0.065,-2.47760062526e-13,0
250.0,-0.02,0.07,-3.47605922979e-13,0
250.0,-0.02,0.075,-3.76211883719e-13,0
250.0,-0.015,0.07,-2.72183260542e-13,0
250.0,-0.015,0.075,-2.98031053532e-13,0
250.0,-0.01,-0.075,-1.41534290949e-13,0
250.0,-0.01,-0.07,-1.13275304354e-13,0
250.0,-0.005,-0.075,-1.53947099303e-13,0
250.0,-0.005,-0.07,-1.24300077903e-13,0
250.0,-0.01,-0.065,-8.58784524829e-14,0
250.0,-0.005,-0.065,-9.54457129825e-14,0
250.0,-0.01,-0.06,-5.92769764894e-14,0
250.0,-0.005,-0.06,-6.74079228253e-14,0
250.0,-0.01,-0.055,-3.38297005543e-14,0
250.0,-0.005,-0.055,-4.0286172252e-14,0
250.0,-0.01,-0.05,-1.13139968269e-14,0
250.0,-0.005,-0.05,-1.52384565156e-14,0
250.0,-0.01,-0.045,6.60003926888e-15,0
250.0,-0.005,-0.045,6.20572850823e-15,0
250.0,-0.01,-0.04,2.02755557461e-14,0
250.0,-0.005,-0.04,2.23933032454e-14,0
250.0,-0.01,-0.035,3.10538274656e-14,0
250.0,-0.005,-0.035,3.41239120927e-14,0
250.0,-0.01,-0.03,3.8628479441e-14,0
250.0,-0.005,-0.03,4.14444375343e-14,0
250.0,-0.01,-0.025,4.27799318603e-14,0
250.0,-0.005,-0.025,4.51675306458e-14,0
250.0,-0.01,-0.02,4.41352474092e-14,0
250.0,-0.01,-0.015,4.33112201786e-14,0
250.0,-0.005,-0.02,4.5719672327e-14,0
250.0,-0.005,-0.015,4.32954095091e-14,0
250.0,-0.0117873230072,-0.0115873794689,4.17620736954e-14,0
250.0,-0.00939961996336,-0.005,3.41071335716e-14,0
250.0,-0.00792797428371,-0.00964253216809,3.83142515857e-14,0
250.0,-0.005,-0.00939961996336,3.58633661605e-14,0
250.0,-0.0108753492546,-0.00150606400588,3.211916405e-14,0
250.0,-0.00818101620308,-0.00211452602544,2.86167308139e-14,0
250.0,-0.00651817360753,-0.000255934956239,2.19397792857e-14,0
250.0,-0.005,6.71033969428e-08,1.15432001214e-14,0
250.0,-0.0107292118043,0.00160660295843,2.92185789663e-14,0
250.0,-0.0080188992252,0.000768320427092,2.61219836247e-14,0
250.0,-0.00939946851065,0.005,2.64729608112e-14,0
250.0,-0.00802129342231,0.00264911934363,2.61240770429e-14,0
250.0,-0.00887989370213,0.00887989479405,2.40212918242e-14,0
250.0,-0.01,0.015,1.28955413869e-14,0
250.0,-0.005,0.00939947397025,2.80095196025e-14,0
250.0,-0.005,0.015,2.83374609581e-14,0
250.0,-0.01,0.02,1.42361105243e-15,0
250.0,-0.01,0.025,-1.28002861329e-14,0
250.0,-0.005,0.02,2.40522841341e-14,0
250.0,-0.005,0.025,1.63631393615e-14,0
250.0,-0.01,0.03,-3.05127925911e-14,0
250.0,-0.01,0.035,-5.07449619985e-14,0
250.0,-0.005,0.03,4.37083847578e-15,0
250.0,-0.005,0.035,-1.00451370765e-14,0
250.0,-0.01,0.04,-7.13547624045e-14,0
250.0,-0.01,0.045,-9.19101163732e-14,0
250.0,-0.005,0.04,-2.27169794243e-14,0
250.0,-0.005,0.045,-3.51481609767e-14,0
250.0,-0.01,0.05,-1.11831667028e-13,0
250.0,-0.01,0.055,-1.31131558275e-13,0
250.0,-0.005,0.05,-4.80355481415e-14,0
250.0,-0.005,0.055,-6.19936046368e-14,0
250.0,-0.01,0.06,-1.51007427795e-13,0
250.0,-0.01,0.065,-1.71231372516e-13,0
250.0,-0.005,0.06,-7.67601423482e-14,0
250.0,-0.005,0.065,-9.19248664404e-14,0
250.0,-0.01,0.07,-1.92178011152e-13,0
250.0,-0.01,0.075,-2.14378591394e-13,0
250.0,-0.005,0.07,-1.08493625296e-13,0
250.0,-0.005,0.075,-1.26145352883e-13,0
250.0,0,-0.075,-1.64050279235e-13,0
250.0,0,-0.07,-1.33350691605e-13,0
250.0,0.005,-0.075,-1.72699692311e-13,0
250.0,0.005,-0.07,-1.4109971098e-13,0
250.0,0,-0.065,-1.03303634041e-13,0
250.0,0.005,-0.065,-1.10008310482e-13,0
250.0,0,-0.06,-7.42496730194e-14,0
250.0,0.005,-0.06,-8.00102584601e-14,0
250.0,0,-0.055,-4.60646511765e-14,0
250.0,0.005,-0.055,-5.07351824676e-14,0
250.0,0,-0.05,-1.93998519717e-14,0
250.0,0.005,-0.05,-2.26470726656e-14,0
250.0,0,-0.045,4.87394252534e-15,0
250.0,0.005,-0.045,3.42674713331e-15,0
250.0,0,-0.04,2.45671228845e-14,0
250.0,0.005,-0.04,2.53071344381e-14,0
250.0,0,-0.035,3.7062544435e-14,0
250.0,0.005,-0.035,3.87571536647e-14,0
250.0,0,-0.03,4.37663741034e-14,0
250.0,0.005,-0.03,4.59270693118e-14,0
250.0,0,-0.025,4.74061056538e-14,0
250.0,0.005,-0.025,5.01208352447e-14,0
250.0,0,-0.02,4.77425052068e-14,0
250.0,0.005,-0.02,5.1153562911e-14,0
250.0,0,-0.015,4.4598347655e-14,0
250.0,0.005,-0.015,4.89895480874e-14,0
250.0,-0.0021196717084,-0.00776771017156,2.94816400254e-14,0
250.0,-0.00084550708518,-0.00631514607954,2.23526932599e-14,0
250.0,6.71033969406e-08,-0.005,1.20004061373e-14,0
250.0,-0.00139054260708,-0.0110960807567,3.79699335227e-14,0
250.0,0.00132468676756,-0.00775008274642,2.95869642822e-14,0
250.0,0.00160394440688,-0.0116908851489,4.06092688016e-14,0
250.0,0.005,-0.00939946851065,4.01914241374e-14,0
250.0,0.005,0.005,2.94721629551e-14,0
250.0,-0.000107646311398,0.00617659695633,2.10541920832e-14,0
250.0,-0.00190846935279,0.0076427502668,2.66451636997e-14,0
250.0,0.00131146485568,0.00777290068297,2.94589690177e-14,0
250.0,0.00295884413402,0.00640276348073,2.77198981802e-14,0
250.0,-1.21517769428e-05,0.0108932602996,3.6013498175e-14,0
250.0,0,0.015,4.2261358848e-14,0
250.0,0.005,0.00939942566771,4.38731934181e-14,0
250.0,0.005,0.015,5.70849533534e-14,0
250.0,0,0.02,4.55434686207e-14,0
250.0,0,0.025,4.59315053906e-14,0
250.0,0.005,0.02,6.53088744541e-14,0
250.0,0.005,0.025,7.18581163751e-14,0
250.0,0,0.03,4.27703482509e-14,0
250.0,0,0.035,3.58141279065e-14,0
250.0,0.005,0.03,7.74961162423e-14,0
250.0,0.005,0.035,7.96991625548e-14,0
250.0,0,0.04,2.74672794122e-14,0
250.0,0,0.045,1.91658346742e-14,0
250.0,0.005,0.04,7.58671353197e-14,0
250.0,0.005,0.045,7.11572773595e-14,0
250.0,0,0.05,1.1274402151e-14,0
250.0,0,0.055,3.49500896727e-15,0
250.0,0.005,0.05,6.79741586235e-14,0
250.0,0.005,0.055,6.57266384351e-14,0
250.0,0,0.06,-4.50304676092e-15,0
250.0,0,0.065,-1.30406197235e-14,0
250.0,0.005,0.06,6.42413874011e-14,0
250.0,0.005,0.065,6.30864111102e-14,0
250.0,0,0.07,-2.25403440483e-14,0
250.0,0,0.075,-3.20601825042e-14,0
250.0,0.005,0.07,6.18897133765e-14,0
250.0,0.005,0.075,6.18647577779e-14,0
250.0,0.01,-0.075,-1.81079050005e-13,0
250.0,0.01,-0.07,-1.47472326169e-13,0
250.0,0.015,-0.075,-1.86303612365e-13,0
250.0,0.015,-0.07,-1.50533008781e-13,0
250.0,0.01,-0.065,-1.14942102601e-13,0
250.0,0.015,-0.065,-1.16363141836e-13,0
250.0,0.01,-0.06,-8.35636270638e-14,0
250.0,0.015,-0.06,-8.42800263637e-14,0
250.0,0.01,-0.055,-5.30678138418e-14,0
250.0,0.015,-0.055,-5.33099096095e-14,0
250.0,0.01,-0.05,-2.41717025516e-14,0
250.0,0.015,-0.05,-2.39983819267e-14,0
250.0,0.01,-0.045,2.63741935009e-15,0
250.0,0.015,-0.045,2.78653098322e-15,0
250.0,0.01,-0.04,2.5021579132e-14,0
250.0,0.015,-0.04,2.46407019086e-14,0
250.0,0.01,-0.035,3.9492030251e-14,0
250.0,0.015,-0.035,3.98710117603e-14,0
250.0,0.01,-0.03,4.79917173126e-14,0
250.0,0.015,-0.03,5.00939729786e-14,0
250.0,0.01,-0.025,5.35202299214e-14,0
250.0,0.015,-0.025,5.74124546577e-14,0
250.0,0.01,-0.02,5.60171619053e-14,0
250.0,0.01,-0.015,5.60936658857e-14,0
250.0,0.015,-0.02,6.19247040016e-14,0
250.0,0.015,-0.015,6.4611072863e-14,0
250.0,0.00999280436795,-0.0116358337096,5.41414601736e-14,0
250.0,0.0105889214373,-0.00845762197625,5.26313147142e-14,0
250.0,0.015,-0.01,6.52057528552e-14,0
250.0,0.00939947397025,-0.005,4.51058989558e-14,0
250.0,0.015,-0.005,6.48220355517e-14,0
250.0,0.00658051136513,-0.00296146438142,3.0492317686e-14,0
250.0,0.00636794669772,-3.54305826484e-06,2.56287550952e-14,0
250.0,0.00795807888052,-0.00113999998936,3.55262931591e-14,0
250.0,0.00758147027913,0.00183630393596,3.45430823806e-14,0
250.0,0.0112534647756,-1.47536350887e-07,5.09682513881e-14,0
250.0,0.015,4.16333634234e-19,6.60409235734e-14,0
250.0,0.00939942566771,0.005,4.86454021212e-14,0
250.0,0.015,0.005,7.13189015551e-14,0
250.0,0.00999018807453,0.0109670628501,6.46644171415e-14,0
250.0,0.01,0.015,7.36213230564e-14,0
250.0,0.015,0.01,8.03325258984e-14,0
250.0,0.015,0.015,8.99889794314e-14,0
250.0,0.01,0.02,8.3610395591e-14,0
250.0,0.01,0.025,9.32044244385e-14,0
250.0,0.015,0.02,9.96770474218e-14,0
250.0,0.015,0.025,1.10448199891e-13,0
250.0,0.01,0.03,1.03195849234e-13,0
250.0,0.01,0.035,1.12982012121e-13,0
250.0,0.015,0.03,1.23007425691e-13,0
250.0,0.015,0.035,1.36948590352e-13,0
250.0,0.01,0.04,1.17879632396e-13,0
250.0,0.01,0.045,1.18473354788e-13,0
250.0,0.015,0.04,1.50077700249e-13,0
250.0,0.015,0.045,1.57974831575e-13,0
250.0,0.01,0.05,1.19896757676e-13,0
250.0,0.01,0.055,1.23057349991e-13,0
250.0,0.015,0.05,1.64443157391e-13,0
250.0,0.015,0.055,1.73259446639e-13,0
250.0,0.01,0.06,1.27708110028e-13,0
250.0,0.01,0.065,1.3381102526e-13,0
250.0,0.015,0.06,1.84273293218e-13,0
250.0,0.015,0.065,1.97719500439e-13,0
250.0,0.01,0.07,1.41006740771e-13,0
250.0,0.01,0.075,1.49822910409e-13,0
250.0,0.015,0.07,2.13274002868e-13,0
250.0,0.015,0.075,2.3071896172e-13,0
250.0,0.02,-0.075,-1.87167021034e-13,0
250.0,0.02,-0.07,-1.50168058324e-13,0
250.0,0.025,-0.075,-1.84529074738e-13,0
250.0,0.025,-0.07,-1.47312881641e-13,0
250.0,0.02,-0.065,-1.15112797534e-13,0
250.0,0.025,-0.065,-1.12286713901e-13,0
250.0,0.02,-0.06,-8.28996172545e-14,0
250.0,0.025,-0.06,-8.01732691981e-14,0
250.0,0.02,-0.055,-5.17986251287e-14,0
250.0,0.025,-0.055,-4.91903541541e-14,0
250.0,0.02,-0.05,-2.23600641041e-14,0
250.0,0.025,-0.05,-2.00566965733e-14,0
250.0,0.02,-0.045,3.90621498086e-15,0
250.0,0.025,-0.045,5.81828626717e-15,0
250.0,0.02,-0.04,2.55047659329e-14,0
250.0,0.025,-0.04,2.74180662203e-14,0
250.0,0.02,-0.035,4.14528623267e-14,0
250.0,0.025,-0.035,4.38609393241e-14,0
250.0,0.02,-0.03,5.27502631431e-14,0
250.0,0.025,-0.03,5.60107780219e-14,0
250.0,0.02,-0.025,6.15587227885e-14,0
250.0,0.025,-0.025,6.59268421315e-14,0
250.0,0.02,-0.02,6.80951636105e-14,0
250.0,0.025,-0.02,7.3904474627e-14,0
250.0,0.02,-0.015,7.313264887e-14,0
250.0,0.025,-0.015,8.07255169717e-14,0
250.0,0.02,-0.01,7.67070973109e-14,0
250.0,0.025,-0.01,8.63088797483e-14,0
250.0,0.02,-0.005,7.93726863484e-14,0
250.0,0.025,-0.005,9.06417911995e-14,0
250.0,0.02,0,8.2867740573e-14,0
250.0,0.025,4.16333634234e-19,9.47037022462e-14,0
250.0,0.02,0.005,8.8424915262e-14,0
250.0,0.025,0.005,9.87365832795e-14,0
250.0,0.02,0.01,9.53210756025e-14,0
250.0,0.025,0.01,1.02818588235e-13,0
250.0,0.02,0.015,1.02556167762e-13,0
250.0,0.025,0.015,1.08245777765e-13,0
250.0,0.02,0.02,1.11262607854e-13,0
250.0,0.02,0.025,1.22335777931e-13,0
250.0,0.025,0.02,1.16311437389e-13,0
250.0,0.025,0.025,1.27582634401e-13,0
250.0,0.02,0.03,1.36236638303e-13,0
250.0,0.02,0.035,1.53105506943e-13,0
250.0,0.025,0.03,1.42743875538e-13,0
250.0,0.025,0.035,1.61549658983e-13,0
250.0,0.02,0.04,1.7353886391e-13,0
250.0,0.02,0.045,1.88544417151e-13,0
250.0,0.025,0.04,1.85226800077e-13,0
250.0,0.025,0.045,2.07685534077e-13,0
250.0,0.02,0.05,1.99626072934e-13,0
250.0,0.02,0.055,2.1320874553e-13,0
250.0,0.025,0.05,2.25308232e-13,0
250.0,0.025,0.055,2.41223844413e-13,0
250.0,0.02,0.06,2.29989184936e-13,0
250.0,0.02,0.065,2.50201491286e-13,0
250.0,0.025,0.06,2.61248463571e-13,0
250.0,0.025,0.065,2.86119680865e-13,0
250.0,0.02,0.07,2.73956564824e-13,0
250.0,0.02,0.075,3.01709723841e-13,0
250.0,0.025,0.07,3.15999213353e-13,0
250.0,0.025,0.075,3.51230541163e-13,0
250.0,0.03,-0.075,-1.79218420231e-13,0
250.0,0.03,-0.07,-1.42386007547e-13,0
250.0,0.035,-0.075,-1.72425622476e-13,0
250.0,0.035,-0.07,-1.36041202897e-13,0
250.0,0.03,-0.065,-1.07788084676e-13,0
250.0,0.035,-0.065,-1.01962541873e-13,0
250.0,0.03,-0.06,-7.61572248304e-14,0
250.0,0.035,-0.06,-7.11260498385e-14,0
250.0,0.03,-0.055,-4.58063253367e-14,0
250.0,0.035,-0.055,-4.16357844422e-14,0
250.0,0.03,-0.05,-1.73672970045e-14,0
250.0,0.035,-0.05,-1.41666319056e-14,0
250.0,0.03,-0.045,8.25119934895e-15,0
250.0,0.035,-0.045,1.11533144594e-14,0
250.0,0.03,-0.04,2.99852788428e-14,0
250.0,0.035,-0.04,3.29917669842e-14,0
250.0,0.03,-0.035,4.68303218931e-14,0
250.0,0.035,-0.035,5.01632274877e-14,0
250.0,0.03,-0.03,5.96206928169e-14,0
250.0,0.035,-0.03,6.34304077934e-14,0
250.0,0.03,-0.025,7.01755676128e-14,0
250.0,0.035,-0.025,7.41359990541e-14,0
250.0,0.03,-0.02,7.88963380896e-14,0
250.0,0.035,-0.02,8.28039204358e-14,0
250.0,0.03,-0.015,8.65857230106e-14,0
250.0,0.035,-0.015,9.02194445654e-14,0
250.0,0.03,-0.01,9.30294777104e-14,0
250.0,0.035,-0.01,9.56401043313e-14,0
250.0,0.03,-0.005,9.74986829295e-14,0
250.0,0.035,-0.005,9.83713361044e-14,0
250.0,0.03,0,9.98590628095e-14,0
250.0,0.035,4.16333634234e-19,9.84431925527e-14,0
250.0,0.03,0.005,1.00505801067e-13,0
250.0,0.035,0.005,9.6824840391e-14,0
250.0,0.03,0.01,1.02354616504e-13,0
250.0,0.035,0.01,9.634635272e-14,0
250.0,0.03,0.015,1.06566162366e-13,0
250.0,0.035,0.015,9.79212443672e-14,0
250.0,0.03,0.02,1.13570483408e-13,0
250.0,0.035,0.02,1.02216983012e-13,0
250.0,0.03,0.025,1.24166486869e-13,0
250.0,0.035,0.025,1.10534921847e-13,0
250.0,0.03,0.03,1.39522610646e-13,0
250.0,0.03,0.035,1.58492140731e-13,0
250.0,0.035,0.03,1.24171677314e-13,0
250.0,0.035,0.035,1.43454616831e-13,0
250.0,0.03,0.04,1.81800391592e-13,0
250.0,0.03,0.045,2.08511282711e-13,0
250.0,0.035,0.04,1.69231753574e-13,0
250.0,0.035,0.045,1.96416773507e-13,0
250.0,0.03,0.05,2.34928314998e-13,0
250.0,0.03,0.055,2.54901777591e-13,0
250.0,0.035,0.05,2.24686551837e-13,0
250.0,0.035,0.055,2.52559708265e-13,0
250.0,0.03,0.06,2.779613397e-13,0
250.0,0.03,0.065,3.06615531894e-13,0
250.0,0.035,0.06,2.81425752815e-13,0
250.0,0.035,0.065,3.14393247233e-13,0
250.0,0.03,0.07,3.40829240077e-13,0
250.0,0.03,0.075,3.80331857832e-13,0
250.0,0.035,0.07,3.52772870153e-13,0
250.0,0.035,0.075,3.96798652925e-13,0
250.0,0.04,-0.075,-1.65199389625e-13,0
250.0,0.04,-0.07,-1.29324505626e-13,0
250.0,0.045,-0.075,-1.58546962484e-13,0
250.0,0.045,-0.07,-1.22836609695e-13,0
250.0,0.04,-0.065,-9.57869600654e-14,0
250.0,0.045,-0.065,-8.94942011086e-14,0
250.0,0.04,-0.06,-6.55534426983e-14,0
250.0,0.045,-0.06,-5.94572460614e-14,0
250.0,0.04,-0.055,-3.67977599341e-14,0
250.0,0.045,-0.055,-3.11213620791e-14,0
250.0,0.04,-0.05,-1.0074261376e-14,0
250.0,0.045,-0.05,-5.04968840728e-15,0
250.0,0.04,-0.045,1.46186033452e-14,0
250.0,0.045,-0.045,1.84361747033e-14,0
250.0,0.04,-0.04,3.58481641122e-14,0
250.0,0.045,-0.04,3.79587422134e-14,0
250.0,0.04,-0.035,5.28926685671e-14,0
250.0,0.045,-0.035,5.41643069921e-14,0
250.0,0.04,-0.03,6.64388440969e-14,0
250.0,0.045,-0.03,6.73481557139e-14,0
250.0,0.04,-0.025,7.68951398641e-14,0
250.0,0.045,-0.025,7.74969911129e-14,0
250.0,0.04,-0.02,8.49365324932e-14,0
250.0,0.045,-0.02,8.49645772538e-14,0
250.0,0.04,-0.015,9.11725357256e-14,0
250.0,0.045,-0.015,8.98446823487e-14,0
250.0,0.04,-0.01,9.46954569961e-14,0
250.0,0.045,-0.01,9.14767467796e-14,0
250.0,0.04,-0.005,9.50774098587e-14,0
250.0,0.045,-0.005,8.9789594369e-14,0
250.0,0.04,0,9.26395815557e-14,0
250.0,0.045,4.16333634234e-19,8.43697426307e-14,0
250.0,0.04,0.005,8.82962042849e-14,0
250.0,0.045,0.005,7.55890260187e-14,0
250.0,0.04,0.01,8.41432771203e-14,0
250.0,0.045,0.01,6.62096632987e-14,0
250.0,0.04,0.015,8.16360836862e-14,0
250.0,0.045,0.015,5.79763596244e-14,0
250.0,0.04,0.02,8.20243407174e-14,0
250.0,0.045,0.02,5.34185682056e-14,0
250.0,0.04,0.025,8.65187289862e-14,0
250.0,0.045,0.025,5.33787883214e-14,0
250.0,0.04,0.03,9.66394029285e-14,0
250.0,0.045,0.03,5.88677835669e-14,0
250.0,0.04,0.035,1.13198210328e-13,0
250.0,0.045,0.035,6.99554237859e-14,0
250.0,0.04,0.04,1.38410919542e-13,0
250.0,0.04,0.045,1.63437023351e-13,0
250.0,0.045,0.04,8.60835295485e-14,0
250.0,0.045,0.045,1.06321844666e-13,0
250.0,0.04,0.05,1.89906430728e-13,0
250.0,0.04,0.055,2.23145865105e-13,0
250.0,0.045,0.05,1.32377155158e-13,0
250.0,0.045,0.055,1.66901589069e-13,0
250.0,0.04,0.06,2.6055761358e-13,0
250.0,0.04,0.065,3.0050345e-13,0
250.0,0.045,0.06,2.12598293496e-13,0
250.0,0.045,0.065,2.60633531371e-13,0
250.0,0.04,0.07,3.44371499425e-13,0
250.0,0.04,0.075,3.94768959279e-13,0
250.0,0.045,0.07,3.10165461952e-13,0
250.0,0.045,0.075,3.65978574664e-13,0
250.0,0.05,-0.075,-1.52903234696e-13,0
250.0,0.05,-0.07,-1.16797200123e-13,0
250.0,0.055,-0.075,-1.48983349038e-13,0
250.0,0.055,-0.07,-1.11736203431e-13,0
250.0,0.05,-0.065,-8.29475783333e-14,0
250.0,0.055,-0.065,-7.6347628227e-14,0
250.0,0.05,-0.06,-5.26024197606e-14,0
250.0,0.055,-0.06,-4.50588496041e-14,0
250.0,0.05,-0.055,-2.43966863845e-14,0
250.0,0.055,-0.055,-1.71772809108e-14,0
250.0,0.05,-0.05,6.70688754345e-16,0
250.0,0.055,-0.05,5.76685577006e-15,0
250.0,0.05,-0.045,2.20046508839e-14,0
250.0,0.055,-0.045,2.5175838441e-14,0
250.0,0.05,-0.04,3.96145853393e-14,0
250.0,0.055,-0.04,4.13823193785e-14,0
250.0,0.05,-0.035,5.46960446221e-14,0
250.0,0.055,-0.035,5.51568416873e-14,0
250.0,0.05,-0.03,6.69822342e-14,0
250.0,0.055,-0.03,6.61829280975e-14,0
250.0,0.05,-0.025,7.65215665605e-14,0
250.0,0.055,-0.025,7.45365167127e-14,0
250.0,0.05,-0.02,8.31125920133e-14,0
250.0,0.055,-0.02,7.96569220148e-14,0
250.0,0.05,-0.015,8.63171428807e-14,0
250.0,0.055,-0.015,8.0854649727e-14,0
250.0,0.05,-0.01,8.577318209e-14,0
250.0,0.055,-0.01,7.73119937193e-14,0
250.0,0.05,-0.005,8.18479202906e-14,0
250.0,0.055,-0.005,6.88356145014e-14,0
250.0,0.05,0,7.22834926704e-14,0
250.0,0.055,4.16333634234e-19,5.17029482023e-14,0
250.0,0.05,0.005,5.65618613875e-14,0
250.0,0.055,0.005,2.70629642991e-14,0
250.0,0.05,0.01,3.97198550552e-14,0
250.0,0.055,0.01,3.11442047891e-15,0
250.0,0.05,0.015,2.50181041754e-14,0
250.0,0.055,0.015,-1.76777603994e-14,0
250.0,0.05,0.02,1.4819782664e-14,0
250.0,0.055,0.02,-3.38933466125e-14,0
250.0,0.05,0.025,8.74160537116e-15,0
250.0,0.055,0.025,-4.7622194525e-14,0
250.0,0.05,0.03,6.05210654634e-15,0
250.0,0.055,0.03,-6.12409405014e-14,0
250.0,0.05,0.035,7.36126427697e-15,0
250.0,0.055,0.035,-6.87605084513e-14,0
250.0,0.05,0.04,1.61952675837e-14,0
250.0,0.055,0.04,-6.38698241055e-14,0
250.0,0.05,0.045,3.22468220678e-14,0
250.0,0.055,0.045,-5.19877771615e-14,0
250.0,0.05,0.05,5.57115167545e-14,0
250.0,0.05,0.055,8.67287867374e-14,0
250.0,0.055,0.05,-3.35189535061e-14,0
250.0,0.055,0.055,-9.97417726887e-15,0
250.0,0.05,0.06,1.31025471136e-13,0
250.0,0.05,0.065,1.77676566356e-13,0
250.0,0.055,0.06,1.27321617557e-14,0
250.0,0.055,0.065,4.07846500636e-14,0
250.0,0.05,0.07,2.25009115569e-13,0
250.0,0.05,0.075,2.82178915463e-13,0
250.0,0.055,0.07,7.54722342795e-14,0
250.0,0.055,0.075,1.21466752796e-13,0
250.0,0.06,-0.075,-1.46768686066e-13,0
250.0,0.06,-0.07,-1.08438022431e-13,0
250.0,0.065,-0.075,-1.45395003866e-13,0
250.0,0.065,-0.07,-1.05987881661e-13,0
250.0,0.06,-0.065,-7.13178093623e-14,0
250.0,0.065,-0.065,-6.75074236655e-14,0
250.0,0.06,-0.06,-3.77055421191e-14,0
250.0,0.065,-0.06,-3.22357607683e-14,0
250.0,0.06,-0.055,-1.03187015015e-14,0
250.0,0.065,-0.055,-4.21341281007e-15,0
250.0,0.06,-0.05,1.06419852281e-14,0
250.0,0.065,-0.05,1.61641005714e-14,0
250.0,0.06,-0.045,2.86479322487e-14,0
250.0,0.065,-0.045,3.29790422069e-14,0
250.0,0.06,-0.04,4.35476808523e-14,0
250.0,0.065,-0.04,4.64401568817e-14,0
250.0,0.06,-0.035,5.5912291949e-14,0
250.0,0.065,-0.035,5.73573899672e-14,0
250.0,0.06,-0.03,6.55046457348e-14,0
250.0,0.065,-0.03,6.54277148247e-14,0
250.0,0.06,-0.025,7.23959921409e-14,0
250.0,0.065,-0.025,7.06703318595e-14,0
250.0,0.06,-0.02,7.55691619415e-14,0
250.0,0.065,-0.02,7.1641886645e-14,0
250.0,0.06,-0.015,7.42921972829e-14,0
250.0,0.065,-0.015,6.75630320375e-14,0
250.0,0.06,-0.01,6.60173700287e-14,0
250.0,0.065,-0.01,5.20619697388e-14,0
250.0,0.06,-0.005,4.91790351646e-14,0
250.0,0.065,-0.005,2.1261526476e-14,0
250.0,0.06,0,2.06025750308e-14,0
250.0,0.065,4.16333634234e-19,-2.25544454877e-14,0
250.0,0.06,0.005,-1.41846587374e-14,0
250.0,0.065,0.005,-6.81919959733e-14,0
250.0,0.06,0.01,-4.54787631694e-14,0
250.0,0.065,0.01,-1.08888160619e-13,0
250.0,0.06,0.015,-7.18263389341e-14,0
250.0,0.065,0.015,-1.42654857391e-13,0
250.0,0.06,0.02,-9.64630963977e-14,0
250.0,0.065,0.02,-1.74299849869e-13,0
250.0,0.06,0.025,-1.19437273908e-13,0
250.0,0.065,0.025,-2.03979076596e-13,0
250.0,0.06,0.03,-1.41572545308e-13,0
250.0,0.065,0.03,-2.32133327349e-13,0
250.0,0.06,0.035,-1.58955494031e-13,0
250.0,0.065,0.035,-2.5838858541e-13,0
250.0,0.06,0.04,-1.66301533428e-13,0
250.0,0.065,0.04,-2.80638124064e-13,0
250.0,0.06,0.045,-1.66059501368e-13,0
250.0,0.065,0.045,-2.99430847505e-13,0
250.0,0.06,0.05,-1.57685935071e-13,0
250.0,0.065,0.05,-3.09346175899e-13,0
250.0,0.06,0.055,-1.49188040033e-13,0
250.0,0.065,0.055,-3.20876855485e-13,0
250.0,0.06,0.06,-1.45847935615e-13,0
250.0,0.06,0.065,-1.37581279642e-13,0
250.0,0.065,0.06,-3.34393944057e-13,0
250.0,0.065,0.065,-3.43504365978e-13,0
250.0,0.06,0.07,-1.20010580338e-13,0
250.0,0.06,0.075,-9.25683526894e-14,0
250.0,0.065,0.07,-3.4331631166e-13,0
250.0,0.065,0.075,-3.35022996121e-13,0
250.0,0.07,-0.075,-1.43620299105e-13,0
250.0,0.07,-0.07,-1.03367073273e-13,0
250.0,0.075,-0.075,-1.41042364272e-13,0
250.0,0.075,-0.07,-1.00111678083e-13,0
250.0,0.07,-0.065,-6.40674882973e-14,0
250.0,0.075,-0.065,-5.98642803058e-14,0
250.0,0.07,-0.06,-2.82393387124e-14,0
250.0,0.075,-0.06,-2.30411516228e-14,0
250.0,0.07,-0.055,8.7136806025e-16,0
250.0,0.075,-0.055,7.0884999043e-15,0
250.0,0.07,-0.05,2.24068320629e-14,0
250.0,0.075,-0.05,2.89466470199e-14,0
250.0,0.07,-0.045,3.81385925765e-14,0
250.0,0.075,-0.045,4.32491561767e-14,0
250.0,0.07,-0.04,4.99621751698e-14,0
250.0,0.075,-0.04,5.40079179161e-14,0
250.0,0.07,-0.035,5.94561837987e-14,0
250.0,0.075,-0.035,6.23032756274e-14,0
250.0,0.07,-0.03,6.61242786839e-14,0
250.0,0.075,-0.03,6.78666180588e-14,0
250.0,0.07,-0.025,6.97796111339e-14,0
250.0,0.075,-0.025,7.03502107204e-14,0
250.0,0.07,-0.02,6.8631209751e-14,0
250.0,0.075,-0.02,6.74478904845e-14,0
250.0,0.07,-0.015,6.16914905087e-14,0
250.0,0.075,-0.015,5.80346773648e-14,0
250.0,0.07,-0.01,3.20038610211e-14,0
250.0,0.075,-0.01,9.22879139303e-15,0
250.0,0.07,-0.005,-1.98068641298e-14,0
250.0,0.075,-0.005,-6.63601105797e-14,0
250.0,0.07,0,-7.41832149724e-14,0
250.0,0.075,0,-1.27880598857e-13,0
250.0,0.07,0.005,-1.28258061032e-13,0
250.0,0.075,0.005,-1.9006610573e-13,0
250.0,0.07,0.01,-1.79453303797e-13,0
250.0,0.075,0.01,-2.52849381741e-13,0
250.0,0.07,0.015,-2.22838957795e-13,0
250.0,0.075,0.015,-3.05523365291e-13,0
250.0,0.07,0.02,-2.593146504e-13,0
250.0,0.075,0.02,-3.45863445779e-13,0
250.0,0.07,0.025,-2.93575631476e-13,0
250.0,0.075,0.025,-3.84014122614e-13,0
250.0,0.07,0.03,-3.26175145059e-13,0
250.0,0.075,0.03,-4.20540803087e-13,0
250.0,0.07,0.035,-3.57786495378e-13,0
250.0,0.075,0.035,-4.56430439332e-13,0
250.0,0.07,0.04,-3.89082231306e-13,0
250.0,0.075,0.04,-4.95676257498e-13,0
250.0,0.07,0.045,-4.20538519683e-13,0
250.0,0.075,0.045,-5.36311952216e-13,0
250.0,0.07,0.05,-4.57229108759e-13,0
250.0,0.075,0.05,-5.99935257466e-13,0
250.0,0.07,0.055,-4.97335557032e-13,0
250.0,0.075,0.055,-6.72218149176e-13,0
250.0,0.07,0.06,-5.34011757947e-13,0
250.0,0.075,0.06,-7.35591238885e-13,0
250.0,0.07,0.065,-5.6163922934e-13,0
250.0,0.075,0.065,-7.83605532485e-13,0
250.0,0.07,0.07,-5.77766220393e-13,0
250.0,0.07,0.075,-5.85127517825e-13,0
250.0,0.075,0.07,-8.14005345579e-13,0
250.0,0.075,0.075,-8.31128322428e-13,0
320.0,-0.00382671281566,-0.00202612167119,0,0
320.0,-0.005,-0.005,2.71571355824e-14,0
320.0,-0.00197892066871,-0.00385133392306,0,0
320.0,-0.005,-0.00190753787223,1.57955146804e-14,0
320.0,-0.00433,0,0,0
320.0,-0.00190753787223,-0.005,1.56951440147e-14,0
320.0,0,-0.00433,0,0
320.0,-0.005,0.00190775150599,1.59563419011e-14,0
320.0,-0.00385133392306,0.00197892066871,0,0
320.0,0.00190775150599,-0.005,1.58116683394e-14,0
320.0,0.00202612167119,-0.00382671281566,0,0
320.0,-0.00202612167119,0.00382671281566,0,0
320.0,-0.005,0.005,2.86623085359e-14,0
320.0,-0.0019094272225,0.005,1.61386190792e-14,0
320.0,0,0.00433,0,0
320.0,0.00147766755988,0.00407006125046,0,0
320.0,8.32667268469e-19,0.005,1.21293514611e-14,0
320.0,0.00433,0,0,0
320.0,0.005,1.38777878078e-18,1.14589601626e-14,0
320.0,0.00407006125046,0.00147766755988,0,0
320.0,0.005,-0.005,2.82282673624e-14,0
320.0,0.00385133392306,-0.00197892066871,0,0
320.0,0.005,-0.0019094272225,1.57915293436e-14,0
320.0,0.00306177236254,0.00306177236254,0,0
320.0,0.0019094272225,0.005,1.63914804147e-14,0
320.0,0.005,0.0019094272225,1.59002486713e-14,0
320.0,-0.000885,-0.0015328649647,1.27152545128e-12,0
320.0,-0.0015328649647,-0.000885,1.27164783489e-12,0
320.0,-0.00186450691264,-0.00187567167242,8.43028914237e-13,0
320.0,-0.00177,0,1.27133956204e-12,0
320.0,-0.00268433516245,-0.000738983120158,7.59110086617e-13,0
320.0,0,-0.00177,1.27148708084e-12,0
320.0,-0.000718432264205,-0.00269192408424,7.57403910196e-13,0
320.0,-0.0015328649647,0.000885,1.26983507146e-12,0
320.0,-0.00265321485144,0.000647311733689,7.89893180461e-13,0
320.0,-0.000885,0.0015328649647,1.26820753313e-12,0
320.0,-0.00194719253591,0.00178443766524,8.43955213368e-13,0
320.0,0,0.00177,1.26410132201e-12,0
320.0,-0.000802720381054,0.00273415977115,7.17503400349e-13,0
320.0,0.000885,-0.0015328649647,1.2701759026e-12,0
320.0,0.00075154031863,-0.00270385456952,7.45293865564e-13,0
320.0,0.00177,0,1.26244107324e-12,0
320.0,0.0015328649647,-0.000885,1.26802345233e-12,0
320.0,0.00271471102228,-0.000564731152102,7.6091769526e-13,0
320.0,0.00192394637685,-0.00189207206672,8.10099598354e-13,0
320.0,0.00231817117671,0.00040530921667,9.87915002573e-13,0
320.0,0.0015328649647,0.000885,1.26070740367e-12,0
320.0,0.000885,0.0015328649647,1.26141246822e-12,0
320.0,0.000427053001345,0.00287092483521,6.82192708267e-13,0
320.0,0.00187618296239,0.00184774001435,8.3334407353e-13,0
320.0,0.00312733402203,0.000607809752493,5.19201516408e-13,0
320.0,0.00276214303706,0.00136595635004,5.76862103551e-13,0
320.0,0.0014100336009,0.00268674970267,6.04774532461e-13,0
320.0,-0.075,-0.075,4.58603613647e-14,0
320.0,-0.07,-0.075,3.49401182892e-14,0
320.0,-0.075,-0.07,4.46229476409e-14,0
320.0,-0.07,-0.07,3.59262594543e-14,0
320.0,-0.075,-0.065,4.15733204059e-14,0
320.0,-0.07,-0.065,3.58793765567e-14,0
320.0,-0.065,-0.075,2.10362938978e-14,0
320.0,-0.065,-0.07,2.53427210221e-14,0
320.0,-0.065,-0.065,2.88766346368e-14,0
320.0,-0.075,-0.06,3.81515769021e-14,0
320.0,-0.07,-0.06,3.47098028667e-14,0
320.0,-0.065,-0.06,3.06345670063e-14,0
320.0,-0.075,-0.055,3.39370348009e-14,0
320.0,-0.07,-0.055,3.26547487367e-14,0
320.0,-0.065,-0.055,3.09162933364e-14,0
320.0,-0.075,-0.05,2.99677205877e-14,0
320.0,-0.07,-0.05,2.98597066583e-14,0
320.0,-0.065,-0.05,2.98577441828e-14,0
320.0,-0.075,-0.045,2.49138116926e-14,0
320.0,-0.07,-0.045,2.61940561822e-14,0
320.0,-0.065,-0.045,2.79871623001e-14,0
320.0,-0.075,-0.04,1.61004098805e-14,0
320.0,-0.07,-0.04,2.04253208515e-14,0
320.0,-0.075,-0.035,3.78135540462e-15,0
320.0,-0.07,-0.035,1.18665231741e-14,0
320.0,-0.065,-0.04,2.49093653061e-14,0
320.0,-0.065,-0.035,1.971114998e-14,0
320.0,-0.075,-0.03,-9.33627024765e-15,0
320.0,-0.07,-0.03,1.21235930478e-15,0
320.0,-0.075,-0.025,-2.46422997125e-14,0
320.0,-0.07,-0.025,-1.13298247961e-14,0
320.0,-0.065,-0.03,1.21686449312e-14,0
320.0,-0.065,-0.025,2.80886087321e-15,0
320.0,-0.075,-0.02,-4.62307447193e-14,0
320.0,-0.07,-0.02,-2.74089015214e-14,0
320.0,-0.075,-0.015,-7.42258330499e-14,0
320.0,-0.07,-0.015,-4.81444033696e-14,0
320.0,-0.065,-0.02,-8.42029322858e-15,0
320.0,-0.065,-0.015,-2.20784124889e-14,0
320.0,-0.075,-0.01,-1.05766868513e-13,0
320.0,-0.07,-0.01,-7.31226467629e-14,0
320.0,-0.075,-0.005,-1.38888473058e-13,0
320.0,-0.07,-0.005,-9.98885072583e-14,0
320.0,-0.065,-0.01,-4.06623013762e-14,0
320.0,-0.065,-0.005,-6.15177297623e-14,0
320.0,-0.075,0,-1.70627093722e-13,0
320.0,-0.07,0,-1.25811507645e-13,0
320.0,-0.075,0.005,-1.98859624026e-13,0
320.0,-0.07,0.005,-1.48886015297e-13,0
320.0,-0.065,4.16333634234e-19,-8.1943516212e-14,0
320.0,-0.065,0.005,-1.00040032374e-13,0
320.0,-0.075,0.01,-2.22074601487e-13,0
320.0,-0.07,0.01,-1.68120994809e-13,0
320.0,-0.075,0.015,-2.40587321448e-13,0
320.0,-0.07,0.015,-1.83387200876e-13,0
320.0,-0.065,0.01,-1.15252082139e-13,0
320.0,-0.065,0.015,-1.27380965096e-13,0
320.0,-0.075,0.02,-2.54326726725e-13,0
320.0,-0.07,0.02,-1.94220273654e-13,0
320.0,-0.075,0.025,-2.63706213057e-13,0
320.0,-0.07,0.025,-2.00787032016e-13,0
320.0,-0.065,0.02,-1.35372791355e-13,0
320.0,-0.065,0.025,-1.38270538123e-13,0
320.0,-0.075,0.03,-2.67246435207e-13,0
320.0,-0.07,0.03,-2.00013912231e-13,0
320.0,-0.075,0.035,-2.61659568399e-13,0
320.0,-0.07,0.035,-1.9156093297e-13,0
320.0,-0.065,0.03,-1.34186585298e-13,0
320.0,-0.065,0.035,-1.24079284926e-13,0
320.0,-0.075,0.04,-2.43447294879e-13,0
320.0,-0.07,0.04,-1.74666513743e-13,0
320.0,-0.075,0.045,-2.08373065428e-13,0
320.0,-0.07,0.045,-1.47219978601e-13,0
320.0,-0.065,0.04,-1.08797052216e-13,0
320.0,-0.065,0.045,-8.91634706613e-14,0
320.0,-0.075,0.05,-1.60158616592e-13,0
320.0,-0.07,0.05,-1.07729701104e-13,0
320.0,-0.075,0.055,-1.00495352568e-13,0
320.0,-0.07,0.055,-5.73871551657e-14,0
320.0,-0.065,0.05,-5.89186563996e-14,0
320.0,-0.065,0.055,-1.83583539832e-14,0
320.0,-0.075,0.06,-2.80920016696e-14,0
320.0,-0.07,0.06,2.72450203295e-15,0
320.0,-0.075,0.065,5.01944866936e-14,0
320.0,-0.07,0.065,6.83954205251e-14,0
320.0,-0.065,0.06,2.96978988149e-14,0
320.0,-0.065,0.065,8.27171101171e-14,0
320.0,-0.075,0.07,1.26513877383e-13,0
320.0,-0.07,0.07,1.34552014221e-13,0
320.0,-0.075,0.075,1.98061869708e-13,0
320.0,-0.07,0.075,1.9985136901e-13,0
320.0,-0.065,0.07,1.37036557539e-13,0
320.0,-0.065,0.075,1.92495546123e-13,0
320.0,-0.06,-0.075,3.82469373418e-15,0
320.0,-0.06,-0.07,1.19062710212e-14,0
320.0,-0.06,-0.065,1.90966959691e-14,0
320.0,-0.055,-0.075,-1.64073910687e-14,0
320.0,-0.055,-0.07,-3.49891816295e-15,0
320.0,-0.055,-0.065,7.54899350211e-15,0
320.0,-0.06,-0.06,2.47454171811e-14,0
320.0,-0.06,-0.055,2.80688401606e-14,0
320.0,-0.055,-0.06,1.67885879144e-14,0
320.0,-0.055,-0.055,2.35091683015e-14,0
320.0,-0.06,-0.05,2.94863476637e-14,0
320.0,-0.055,-0.05,2.80300036878e-14,0
320.0,-0.06,-0.045,3.00151787908e-14,0
320.0,-0.055,-0.045,3.13697028386e-14,0
320.0,-0.06,-0.04,2.93152982073e-14,0
320.0,-0.055,-0.04,3.33032824188e-14,0
320.0,-0.06,-0.035,2.70962048993e-14,0
320.0,-0.055,-0.035,3.39757330411e-14,0
320.0,-0.06,-0.03,2.30751639698e-14,0
320.0,-0.06,-0.025,1.7357870283e-14,0
320.0,-0.055,-0.03,3.33131026472e-14,0
320.0,-0.055,-0.025,3.15224492021e-14,0
320.0,-0.06,-0.02,9.88680395397e-15,0
320.0,-0.06,-0.015,9.58378677801e-16,0
320.0,-0.055,-0.02,2.78266510301e-14,0
320.0,-0.055,-0.015,2.26001940803e-14,0
320.0,-0.06,-0.01,-1.06371939877e-14,0
320.0,-0.06,-0.005,-2.46947282738e-14,0
320.0,-0.055,-0.01,1.71764091023e-14,0
320.0,-0.055,-0.005,1.00719127114e-14,0
320.0,-0.06,0,-3.88623360004e-14,0
320.0,-0.06,0.005,-5.15823950552e-14,0
320.0,-0.055,4.16333634234e-19,2.80298321017e-15,0
320.0,-0.055,0.005,-3.728680912e-15,0
320.0,-0.06,0.01,-6.23244637927e-14,0
320.0,-0.06,0.015,-7.10822198215e-14,0
320.0,-0.055,0.01,-9.63188232632e-15,0
320.0,-0.055,0.015,-1.44845714032e-14,0
320.0,-0.06,0.02,-7.59530541282e-14,0
320.0,-0.06,0.025,-7.57298989107e-14,0
320.0,-0.055,0.02,-1.63037707622e-14,0
320.0,-0.055,0.025,-1.52765407697e-14,0
320.0,-0.06,0.03,-7.07730011265e-14,0
320.0,-0.06,0.035,-6.20464027198e-14,0
320.0,-0.055,0.03,-1.10236256118e-14,0
320.0,-0.055,0.035,-4.00942475816e-15,0
320.0,-0.06,0.04,-4.94139402005e-14,0
320.0,-0.06,0.045,-3.32745718179e-14,0
320.0,-0.055,0.04,5.64820031842e-15,0
320.0,-0.055,0.045,1.78411396899e-14,0
320.0,-0.06,0.05,-1.16266496857e-14,0
320.0,-0.06,0.055,1.57214497442e-14,0
320.0,-0.055,0.05,3.09491554057e-14,0
320.0,-0.055,0.055,4.46940339382e-14,0
320.0,-0.06,0.06,5.06682106521e-14,0
320.0,-0.06,0.065,8.96806425772e-14,0
320.0,-0.055,0.06,6.57963825937e-14,0
320.0,-0.055,0.065,8.84431872807e-14,0
320.0,-0.06,0.07,1.29570065477e-13,0
320.0,-0.06,0.075,1.70932450951e-13,0
320.0,-0.055,0.07,1.10132872219e-13,0
320.0,-0.055,0.075,1.33161545381e-13,0
320.0,-0.05,-0.075,-3.88514887371e-14,0
320.0,-0.05,-0.07,-2.00844367809e-14,0
320.0,-0.045,-0.075,-6.27608525599e-14,0
320.0,-0.045,-0.07,-3.88567793785e-14,0
320.0,-0.05,-0.065,-3.87906492261e-15,0
320.0,-0.045,-0.065,-1.68995333262e-14,0
320.0,-0.05,-0.06,8.27577187578e-15,0
320.0,-0.05,-0.055,1.80519178075e-14,0
320.0,-0.045,-0.06,-3.77241794024e-16,0
320.0,-0.045,-0.055,1.24130737577e-14,0
320.0,-0.05,-0.05,2.55636094146e-14,0
320.0,-0.05,-0.045,3.16677809895e-14,0
320.0,-0.045,-0.05,2.25758628658e-14,0
320.0,-0.045,-0.045,3.12657009963e-14,0
320.0,-0.05,-0.04,3.6341719517e-14,0
320.0,-0.045,-0.04,3.84313611005e-14,0
320.0,-0.05,-0.035,3.96968505458e-14,0
320.0,-0.045,-0.035,4.41471527921e-14,0
320.0,-0.05,-0.03,4.19139920808e-14,0
320.0,-0.045,-0.03,4.8645139302e-14,0
320.0,-0.05,-0.025,4.34071691215e-14,0
320.0,-0.045,-0.025,5.23809897359e-14,0
320.0,-0.05,-0.02,4.3963691833e-14,0
320.0,-0.05,-0.015,4.34988001034e-14,0
320.0,-0.045,-0.02,5.58735019949e-14,0
320.0,-0.045,-0.015,5.90799846433e-14,0
320.0,-0.05,-0.01,4.26918554081e-14,0
320.0,-0.05,-0.005,4.09205203557e-14,0
320.0,-0.045,-0.01,6.18079092555e-14,0
320.0,-0.045,-0.005,6.33384534844e-14,0
320.0,-0.05,0,3.94683958424e-14,0
320.0,-0.05,0.005,3.91230530354e-14,0
320.0,-0.045,4.16333634234e-19,6.4297709863e-14,0
320.0,-0.045,0.005,6.58969320204e-14,0
320.0,-0.05,0.01,3.84655931218e-14,0
320.0,-0.05,0.015,3.77686598368e-14,0
320.0,-0.045,0.01,6.78981501988e-14,0
320.0,-0.045,0.015,7.01571526675e-14,0
320.0,-0.05,0.02,3.7437019201e-14,0
320.0,-0.05,0.025,3.78063150381e-14,0
320.0,-0.045,0.02,7.22908348672e-14,0
320.0,-0.045,0.025,7.41856021703e-14,0
320.0,-0.05,0.03,4.09056162097e-14,0
320.0,-0.05,0.035,4.67188523976e-14,0
320.0,-0.045,0.03,7.84491726515e-14,0
320.0,-0.045,0.035,8.55126203156e-14,0
320.0,-0.05,0.04,5.31983608611e-14,0
320.0,-0.05,0.045,5.94210926909e-14,0
320.0,-0.045,0.04,9.23051405636e-14,0
320.0,-0.045,0.045,9.56508035755e-14,0
320.0,-0.05,0.05,6.57756034746e-14,0
320.0,-0.05,0.055,7.26259077432e-14,0
320.0,-0.045,0.05,9.71575812476e-14,0
320.0,-0.045,0.055,9.6239191618e-14,0
320.0,-0.05,0.06,7.79609756042e-14,0
320.0,-0.05,0.065,7.88620542911e-14,0
320.0,-0.045,0.06,8.15737480842e-14,0
320.0,-0.045,0.065,5.86774790785e-14,0
320.0,-0.05,0.07,7.82188083537e-14,0
320.0,-0.05,0.075,7.93220498742e-14,0
320.0,-0.045,0.07,3.48518072526e-14,0
320.0,-0.045,0.075,1.23286137034e-14,0
320.0,-0.04,-0.075,-8.50098713634e-14,0
320.0,-0.04,-0.07,-5.94289099741e-14,0
320.0,-0.035,-0.075,-1.07950763218e-13,0
320.0,-0.035,-0.07,-8.05047657641e-14,0
320.0,-0.04,-0.065,-3.43628002516e-14,0
320.0,-0.035,-0.065,-5.33781277228e-14,0
320.0,-0.04,-0.06,-1.2261439868e-14,0
320.0,-0.035,-0.06,-2.75499325348e-14,0
320.0,-0.04,-0.055,4.90501725613e-15,0
320.0,-0.035,-0.055,-5.57757136526e-15,0
320.0,-0.04,-0.05,1.81835517212e-14,0
320.0,-0.04,-0.045,2.96627796294e-14,0
320.0,-0.035,-0.05,1.17967341563e-14,0
320.0,-0.035,-0.045,2.63811451064e-14,0
320.0,-0.04,-0.04,3.91789350339e-14,0
320.0,-0.04,-0.035,4.6952088495e-14,0
320.0,-0.035,-0.04,3.82377543007e-14,0
320.0,-0.035,-0.035,4.77276010706e-14,0
320.0,-0.04,-0.03,5.32457614309e-14,0
320.0,-0.035,-0.03,5.53010212382e-14,0
320.0,-0.04,-0.025,5.85976527426e-14,0
320.0,-0.035,-0.025,6.16103229971e-14,0
320.0,-0.04,-0.02,6.34416288487e-14,0
320.0,-0.035,-0.02,6.70683847585e-14,0
320.0,-0.04,-0.015,6.82552064084e-14,0
320.0,-0.035,-0.015,7.22253611626e-14,0
320.0,-0.04,-0.01,7.30553993486e-14,0
320.0,-0.04,-0.005,7.62970113495e-14,0
320.0,-0.035,-0.01,7.72956784037e-14,0
320.0,-0.035,-0.005,8.1208163208e-14,0
320.0,-0.04,0,7.74559736253e-14,0
320.0,-0.04,0.005,7.79656177368e-14,0
320.0,-0.035,4.16333634234e-19,8.37653229189e-14,0
320.0,-0.035,0.005,8.57747443077e-14,0
320.0,-0.04,0.01,8.06523198133e-14,0
320.0,-0.04,0.015,8.47743414299e-14,0
320.0,-0.035,0.01,8.93259619049e-14,0
320.0,-0.035,0.015,9.44046859895e-14,0
320.0,-0.04,0.02,8.99717916324e-14,0
320.0,-0.04,0.025,9.56388867354e-14,0
320.0,-0.035,0.02,1.01255566406e-13,0
320.0,-0.035,0.025,1.09185716153e-13,0
320.0,-0.04,0.03,1.02389326008e-13,0
320.0,-0.04,0.035,1.11378604675e-13,0
320.0,-0.035,0.03,1.17739664727e-13,0
320.0,-0.035,0.035,1.27264566591e-13,0
320.0,-0.04,0.04,1.20563521981e-13,0
320.0,-0.04,0.045,1.22707460308e-13,0
320.0,-0.035,0.04,1.34439935772e-13,0
320.0,-0.035,0.045,1.3262684585e-13,0
320.0,-0.04,0.05,1.1704799466e-13,0
320.0,-0.04,0.055,1.00592549221e-13,0
320.0,-0.035,0.05,1.18758295023e-13,0
320.0,-0.035,0.055,8.921330815e-14,0
320.0,-0.04,0.06,6.88959569981e-14,0
320.0,-0.04,0.065,2.86560907322e-14,0
320.0,-0.035,0.06,4.64797565768e-14,0
320.0,-0.035,0.065,-5.44222249752e-15,0
320.0,-0.04,0.07,-1.52060579738e-14,0
320.0,-0.04,0.075,-5.96051662144e-14,0
320.0,-0.035,0.07,-6.1323785765e-14,0
320.0,-0.035,0.075,-1.19523816096e-13,0
320.0,-0.03,-0.075,-1.31088691222e-13,0
320.0,-0.03,-0.07,-1.01580636296e-13,0
320.0,-0.025,-0.075,-1.54302013523e-13,0
320.0,-0.025,-0.07,-1.22804465875e-13,0
320.0,-0.03,-0.065,-7.18270724304e-14,0
320.0,-0.025,-0.065,-9.01278740318e-14,0
320.0,-0.03,-0.06,-4.26910878058e-14,0
320.0,-0.025,-0.06,-5.67952600909e-14,0
320.0,-0.03,-0.055,-1.68357521338e-14,0
320.0,-0.025,-0.055,-2.67429706553e-14,0
320.0,-0.03,-0.05,4.59489466494e-15,0
320.0,-0.025,-0.05,-1.92779874405e-15,0
320.0,-0.03,-0.045,2.2176563704e-14,0
320.0,-0.025,-0.045,1.81689071193e-14,0
320.0,-0.03,-0.04,3.6240508605e-14,0
320.0,-0.03,-0.035,4.72449455679e-14,0
320.0,-0.025,-0.04,3.3973591833e-14,0
320.0,-0.025,-0.035,4.6304001159e-14,0
320.0,-0.03,-0.03,5.56636288218e-14,0
320.0,-0.03,-0.025,6.23006991699e-14,0
320.0,-0.025,-0.03,5.53899612136e-14,0
320.0,-0.025,-0.025,6.19536959554e-14,0
320.0,-0.03,-0.02,6.76289262924e-14,0
320.0,-0.025,-0.02,6.65895161887e-14,0
320.0,-0.03,-0.015,7.2457453101e-14,0
320.0,-0.025,-0.015,7.02481460703e-14,0
320.0,-0.03,-0.01,7.66765132694e-14,0
320.0,-0.025,-0.01,7.26869458409e-14,0
320.0,-0.03,-0.005,8.00859216456e-14,0
320.0,-0.025,-0.005,7.42269454033e-14,0
320.0,-0.03,0,8.32607055299e-14,0
320.0,-0.03,0.005,8.70927164999e-14,0
320.0,-0.025,4.16333634234e-19,7.64835431133e-14,0
320.0,-0.025,0.005,8.12739117957e-14,0
320.0,-0.03,0.01,9.20317184125e-14,0
320.0,-0.03,0.015,9.82764277521e-14,0
320.0,-0.025,0.01,8.85101444761e-14,0
320.0,-0.025,0.015,9.72498462885e-14,0
320.0,-0.03,0.02,1.06279606166e-13,0
320.0,-0.03,0.025,1.15698088891e-13,0
320.0,-0.025,0.02,1.07076361103e-13,0
320.0,-0.025,0.025,1.17659879079e-13,0
320.0,-0.03,0.03,1.25619907448e-13,0
320.0,-0.03,0.035,1.35073645101e-13,0
320.0,-0.025,0.03,1.28059243164e-13,0
320.0,-0.025,0.035,1.37322317341e-13,0
320.0,-0.03,0.04,1.38746846473e-13,0
320.0,-0.03,0.045,1.32205108369e-13,0
320.0,-0.025,0.04,1.38842084141e-13,0
320.0,-0.025,0.045,1.26732438047e-13,0
320.0,-0.03,0.05,1.10594484932e-13,0
320.0,-0.03,0.055,7.19285514619e-14,0
320.0,-0.025,0.05,9.83703127505e-14,0
320.0,-0.025,0.055,5.2913014781e-14,0
320.0,-0.03,0.06,2.05224010435e-14,0
320.0,-0.03,0.065,-3.73225565236e-14,0
320.0,-0.025,0.06,-2.69703181393e-15,0
320.0,-0.025,0.065,-6.15833192375e-14,0
320.0,-0.03,0.07,-9.64202539516e-14,0
320.0,-0.03,0.075,-1.5774183502e-13,0
320.0,-0.025,0.07,-1.2208466755e-13,0
320.0,-0.025,0.075,-1.8399861352e-13,0
320.0,-0.02,-0.075,-1.82425322195e-13,0
320.0,-0.02,-0.07,-1.44471074988e-13,0
320.0,-0.015,-0.075,-2.01491744264e-13,0
320.0,-0.015,-0.07,-1.58492348673e-13,0
320.0,-0.02,-0.065,-1.06681892976e-13,0
320.0,-0.015,-0.065,-1.17118077606e-13,0
320.0,-0.02,-0.06,-6.87696067295e-14,0
320.0,-0.015,-0.06,-7.71502192196e-14,0
320.0,-0.02,-0.055,-3.43470049528e-14,0
320.0,-0.015,-0.055,-4.00904352854e-14,0
320.0,-0.02,-0.05,-6.72963570238e-15,0
320.0,-0.015,-0.05,-9.4722924078e-15,0
320.0,-0.02,-0.045,1.54552675173e-14,0
320.0,-0.015,-0.045,1.44961566727e-14,0
320.0,-0.02,-0.04,3.24476166983e-14,0
320.0,-0.015,-0.04,3.24676777241e-14,0
320.0,-0.02,-0.035,4.5660639061e-14,0
320.0,-0.015,-0.035,4.61987632898e-14,0
320.0,-0.02,-0.03,5.50746186613e-14,0
320.0,-0.02,-0.025,6.10678422338e-14,0
320.0,-0.015,-0.03,5.54468212613e-14,0
320.0,-0.015,-0.025,6.02705986836e-14,0
320.0,-0.02,-0.02,6.43805249417e-14,0
320.0,-0.02,-0.015,6.61255427926e-14,0
320.0,-0.015,-0.02,6.15714142528e-14,0
320.0,-0.015,-0.015,6.05682815741e-14,0
320.0,-0.02,-0.01,6.57739556716e-14,0
320.0,-0.015,-0.01,5.69718026313e-14,0
320.0,-0.02,-0.005,6.48644693753e-14,0
320.0,-0.015,-0.005,5.34713088003e-14,0
320.0,-0.02,0,6.61685090934e-14,0
320.0,-0.015,4.16333634234e-19,5.340606189e-14,0
320.0,-0.02,0.005,7.16044132981e-14,0
320.0,-0.015,0.005,5.93371596669e-14,0
320.0,-0.02,0.01,8.08593891725e-14,0
320.0,-0.02,0.015,9.22670423823e-14,0
320.0,-0.015,0.01,7.06053587131e-14,0
320.0,-0.015,0.015,8.48324854255e-14,0
320.0,-0.02,0.02,1.04383619049e-13,0
320.0,-0.02,0.025,1.16380499914e-13,0
320.0,-0.015,0.02,9.95354394406e-14,0
320.0,-0.015,0.025,1.13543206363e-13,0
320.0,-0.02,0.03,1.27267112908e-13,0
320.0,-0.02,0.035,1.36455840108e-13,0
320.0,-0.015,0.03,1.25422432451e-13,0
320.0,-0.015,0.035,1.34498973317e-13,0
320.0,-0.02,0.04,1.35625413491e-13,0
320.0,-0.02,0.045,1.18120744808e-13,0
320.0,-0.015,0.04,1.31558834163e-13,0
320.0,-0.015,0.045,1.09536381956e-13,0
320.0,-0.02,0.05,8.46275195694e-14,0
320.0,-0.02,0.055,3.62362101649e-14,0
320.0,-0.015,0.05,7.20496293324e-14,0
320.0,-0.015,0.055,2.12040299524e-14,0
320.0,-0.02,0.06,-2.02194858751e-14,0
320.0,-0.02,0.065,-7.92723224653e-14,0
320.0,-0.015,0.06,-3.56722223718e-14,0
320.0,-0.015,0.065,-9.47056189218e-14,0
320.0,-0.02,0.07,-1.40068212354e-13,0
320.0,-0.02,0.075,-2.02058779671e-13,0
320.0,-0.015,0.07,-1.55545141429e-13,0
320.0,-0.015,0.075,-2.17741234592e-13,0
320.0,-0.01,-0.075,-2.07062755059e-13,0
320.0,-0.01,-0.07,-1.63244115511e-13,0
320.0,-0.005,-0.075,-2.08253653959e-13,0
320.0,-0.005,-0.07,-1.64109045228e-13,0
320.0,-0.01,-0.065,-1.21117612748e-13,0
320.0,-0.005,-0.065,-1.21751669463e-13,0
320.0,-0.01,-0.06,-8.10444628985e-14,0
320.0,-0.005,-0.06,-8.17312667784e-14,0
320.0,-0.01,-0.055,-4.33890181628e-14,0
320.0,-0.005,-0.055,-4.37921439374e-14,0
320.0,-0.01,-0.05,-1.03490305248e-14,0
320.0,-0.005,-0.05,-9.62338479476e-15,0
320.0,-0.01,-0.045,1.5553295085e-14,0
320.0,-0.005,-0.045,1.84925502004e-14,0
320.0,-0.01,-0.04,3.45641683047e-14,0
320.0,-0.005,-0.04,3.88265032637e-14,0
320.0,-0.01,-0.035,4.84721057985e-14,0
320.0,-0.005,-0.035,5.24947635856e-14,0
320.0,-0.01,-0.03,5.68561654513e-14,0
320.0,-0.005,-0.03,5.90761069095e-14,0
320.0,-0.01,-0.025,5.98829994406e-14,0
320.0,-0.005,-0.025,6.03286894042e-14,0
320.0,-0.01,-0.02,5.88153184902e-14,0
320.0,-0.01,-0.015,5.47916560942e-14,0
320.0,-0.005,-0.02,5.73795666403e-14,0
320.0,-0.005,-0.015,5.09167534556e-14,0
320.0,-0.0117873230072,-0.0115873794689,5.31566570006e-14,0
320.0,-0.00939961996336,-0.005,3.95505400322e-14,0
320.0,-0.00792797428371,-0.00964253216809,4.40506940144e-14,0
320.0,-0.005,-0.00939961996336,3.91746330499e-14,0
320.0,-0.0108753492546,-0.00150606400588,4.11944000318e-14,0
320.0,-0.00818101620308,-0.00211452602544,3.23144581595e-14,0
320.0,-0.00651817360753,-0.000255934956239,2.36925970479e-14,0
320.0,-0.005,6.71033969428e-08,1.18006120903e-14,0
320.0,-0.0107292118043,0.00160660295843,4.19473468155e-14,0
320.0,-0.0080188992252,0.000768320427092,3.11269687184e-14,0
320.0,-0.00939946851065,0.005,4.32513908358e-14,0
320.0,-0.00802129342231,0.00264911934363,3.35944554394e-14,0
320.0,-0.00887989370213,0.00887989479405,5.28137153438e-14,0
320.0,-0.01,0.015,7.64738124775e-14,0
320.0,-0.005,0.00939947397025,4.60732844057e-14,0
320.0,-0.005,0.015,6.94489546346e-14,0
320.0,-0.01,0.02,9.39392422039e-14,0
320.0,-0.01,0.025,1.10129063308e-13,0
320.0,-0.005,0.02,8.9279174575e-14,0
320.0,-0.005,0.025,1.07311180402e-13,0
320.0,-0.01,0.03,1.23246431605e-13,0
320.0,-0.01,0.035,1.31285163489e-13,0
320.0,-0.005,0.03,1.2208797379e-13,0
320.0,-0.005,0.035,1.27493123361e-13,0
320.0,-0.01,0.04,1.23247725813e-13,0
320.0,-0.01,0.045,9.67592897968e-14,0
320.0,-0.005,0.04,1.12575036887e-13,0
320.0,-0.005,0.045,8.37255340889e-14,0
320.0,-0.01,0.05,5.74117048585e-14,0
320.0,-0.01,0.055,7.38718151437e-15,0
320.0,-0.005,0.05,4.49638465826e-14,0
320.0,-0.005,0.055,-2.311421589e-15,0
320.0,-0.01,0.06,-4.82237341667e-14,0
320.0,-0.01,0.065,-1.06784023503e-13,0
320.0,-0.005,0.06,-5.62917178732e-14,0
320.0,-0.005,0.065,-1.14388792936e-13,0
320.0,-0.01,0.07,-1.6748129617e-13,0
320.0,-0.01,0.075,-2.29897509447e-13,0
320.0,-0.005,0.07,-1.75089160909e-13,0
320.0,-0.005,0.075,-2.37661379038e-13,0
320.0,0,-0.075,-2.057159756e-13,0
320.0,0,-0.07,-1.61496584006e-13,0
320.0,0.005,-0.075,-2.00412069078e-13,0
320.0,0.005,-0.07,-1.56118976947e-13,0
320.0,0,-0.065,-1.19118219099e-13,0
320.0,0.005,-0.065,-1.13982224213e-13,0
320.0,0,-0.06,-7.92489888444e-14,0
320.0,0.005,-0.06,-7.43868177574e-14,0
320.0,0,-0.055,-4.14587481748e-14,0
320.0,0.005,-0.055,-3.68545643165e-14,0
320.0,0,-0.05,-7.15114179333e-15,0
320.0,0.005,-0.05,-2.74345190133e-15,0
320.0,0,-0.045,2.2692239529e-14,0
320.0,0.005,-0.045,2.77293982491e-14,0
320.0,0,-0.04,4.5446387692e-14,0
320.0,0.005,-0.04,5.14142498496e-14,0
320.0,0,-0.035,5.79354522443e-14,0
320.0,0.005,-0.035,6.28233985615e-14,0
320.0,0,-0.03,6.21917798704e-14,0
320.0,0.005,-0.03,6.60474960904e-14,0
320.0,0,-0.025,6.22282422747e-14,0
320.0,0.005,-0.025,6.56090971518e-14,0
320.0,0,-0.02,5.82771758236e-14,0
320.0,0.005,-0.02,6.17257973084e-14,0
320.0,0,-0.015,5.06286265337e-14,0
320.0,0.005,-0.015,5.4695787257e-14,0
320.0,-0.0021196717084,-0.00776771017156,3.0667980559e-14,0
320.0,-0.00084550708518,-0.00631514607954,2.27348146831e-14,0
320.0,6.71033969406e-08,-0.005,1.20502392046e-14,0
320.0,-0.00139054260708,-0.0110960807567,4.11090500192e-14,0
320.0,0.00132468676756,-0.00775008274642,3.0408064052e-14,0
320.0,0.00160394440688,-0.0116908851489,4.37472861896e-14,0
320.0,0.005,-0.00939946851065,4.166617358e-14,0
320.0,0.005,0.005,2.90967491933e-14,0
320.0,-0.000107646311398,0.00617659695633,2.26734078596e-14,0
320.0,-0.00190846935279,0.0076427502668,3.27728502676e-14,0
320.0,0.00131146485568,0.00777290068297,3.2797337961e-14,0
320.0,0.00295884413402,0.00640276348073,2.86534272611e-14,0
320.0,-1.21517769428e-05,0.0108932602996,4.79155662577e-14,0
320.0,0,0.015,6.65336095043e-14,0
320.0,0.005,0.00939942566771,4.69182015646e-14,0
320.0,0.005,0.015,6.99922510632e-14,0
320.0,0,0.02,8.73410897819e-14,0
320.0,0,0.025,1.05999175711e-13,0
320.0,0.005,0.02,8.92212424983e-14,0
320.0,0.005,0.025,1.06741206265e-13,0
320.0,0,0.03,1.22783397263e-13,0
320.0,0,0.035,1.25829451806e-13,0
320.0,0.005,0.03,1.21429034696e-13,0
320.0,0.005,0.035,1.25040580247e-13,0
320.0,0,0.04,1.07939600541e-13,0
320.0,0,0.045,7.90065852353e-14,0
320.0,0.005,0.04,1.08506471722e-13,0
320.0,0.005,0.045,7.89576430842e-14,0
320.0,0,0.05,4.00415389132e-14,0
320.0,0,0.055,-6.6207645931e-15,0
320.0,0.005,0.05,3.95226864401e-14,0
320.0,0.005,0.055,-6.32479372701e-15,0
320.0,0,0.06,-5.93733802913e-14,0
320.0,0,0.065,-1.16440415318e-13,0
320.0,0.005,0.06,-5.73817897673e-14,0
320.0,0.005,0.065,-1.12404093675e-13,0
320.0,0,0.07,-1.76397545294e-13,0
320.0,0,0.075,-2.3850013662e-13,0
320.0,0.005,0.07,-1.70501602636e-13,0
320.0,0.005,0.075,-2.3075339806e-13,0
320.0,0.01,-0.075,-1.88343752735e-13,0
320.0,0.01,-0.07,-1.44396541002e-13,0
320.0,0.015,-0.075,-1.67677454772e-13,0
320.0,0.015,-0.07,-1.25909889747e-13,0
320.0,0.01,-0.065,-1.03097600647e-13,0
320.0,0.015,-0.065,-8.6898122854e-14,0
320.0,0.01,-0.06,-6.52679548222e-14,0
320.0,0.015,-0.06,-5.26788858756e-14,0
320.0,0.01,-0.055,-2.93258116543e-14,0
320.0,0.015,-0.055,-1.96332774135e-14,0
320.0,0.01,-0.05,3.69262781137e-15,0
320.0,0.015,-0.05,1.17164786412e-14,0
320.0,0.01,-0.045,3.35411960685e-14,0
320.0,0.015,-0.045,3.93542069912e-14,0
320.0,0.01,-0.04,5.60199826808e-14,0
320.0,0.015,-0.04,5.88582801402e-14,0
320.0,0.01,-0.035,6.67163717036e-14,0
320.0,0.015,-0.035,6.89076907663e-14,0
320.0,0.01,-0.03,6.99577822718e-14,0
320.0,0.015,-0.03,7.30331776714e-14,0
320.0,0.01,-0.025,6.9939686995e-14,0
320.0,0.015,-0.025,7.4226654711e-14,0
320.0,0.01,-0.02,6.70072764449e-14,0
320.0,0.01,-0.015,6.19163770816e-14,0
320.0,0.015,-0.02,7.2929729674e-14,0
320.0,0.015,-0.015,7.01872067555e-14,0
320.0,0.00999280436795,-0.0116358337096,5.69419954532e-14,0
320.0,0.0105889214373,-0.00845762197625,5.31596727538e-14,0
320.0,0.015,-0.01,6.60325517386e-14,0
320.0,0.00939947397025,-0.005,4.42652262609e-14,0
320.0,0.015,-0.005,6.18541273136e-14,0
320.0,0.00658051136513,-0.00296146438142,3.00823206409e-14,0
320.0,0.00636794669772,-3.54305826484e-06,2.50911055453e-14,0
320.0,0.00795807888052,-0.00113999998936,3.43564244724e-14,0
320.0,0.00758147027913,0.00183630393596,3.30585055722e-14,0
320.0,0.0112534647756,-1.47536350887e-07,4.75334892519e-14,0
320.0,0.015,4.16333634234e-19,6.01685435119e-14,0
320.0,0.00939942566771,0.005,4.57493235444e-14,0
320.0,0.015,0.005,6.3812402427e-14,0
320.0,0.00999018807453,0.0109670628501,6.43235399792e-14,0
320.0,0.01,0.015,7.74693895688e-14,0
320.0,0.015,0.01,7.35992472428e-14,0
320.0,0.015,0.015,8.58302430513e-14,0
320.0,0.01,0.02,9.35559461626e-14,0
320.0,0.01,0.025,1.08560700562e-13,0
320.0,0.015,0.02,9.82278585247e-14,0
320.0,0.015,0.025,1.10275491508e-13,0
320.0,0.01,0.03,1.20326529156e-13,0
320.0,0.01,0.035,1.25765766242e-13,0
320.0,0.015,0.03,1.19889798982e-13,0
320.0,0.015,0.035,1.25653148091e-13,0
320.0,0.01,0.04,1.13857647492e-13,0
320.0,0.01,0.045,8.30387306564e-14,0
320.0,0.015,0.04,1.17562935853e-13,0
320.0,0.015,0.045,8.8263374459e-14,0
320.0,0.01,0.05,4.28799252355e-14,0
320.0,0.01,0.055,-1.76743625736e-15,0
320.0,0.015,0.05,4.89759077994e-14,0
320.0,0.015,0.055,6.09723197881e-15,0
320.0,0.01,0.06,-5.0821114443e-14,0
320.0,0.01,0.065,-1.03446355639e-13,0
320.0,0.015,0.06,-4.06800221595e-14,0
320.0,0.015,0.065,-9.05745061024e-14,0
320.0,0.01,0.07,-1.5906123017e-13,0
320.0,0.01,0.075,-2.16844801162e-13,0
320.0,0.015,0.07,-1.43284328099e-13,0
320.0,0.015,0.075,-1.98202046995e-13,0
320.0,0.02,-0.075,-1.43059356161e-13,0
320.0,0.02,-0.07,-1.05587126908e-13,0
320.0,0.025,-0.075,-1.18088256184e-13,0
320.0,0.025,-0.07,-8.52967320402e-14,0
320.0,0.02,-0.065,-7.05519500903e-14,0
320.0,0.025,-0.065,-5.43907537802e-14,0
320.0,0.02,-0.06,-3.91659241903e-14,0
320.0,0.025,-0.06,-2.59720011952e-14,0
320.0,0.02,-0.055,-8.55663801435e-15,0
320.0,0.025,-0.055,1.7561350752e-15,0
320.0,0.02,-0.05,2.01354873341e-14,0
320.0,0.025,-0.05,2.69839988877e-14,0
320.0,0.02,-0.045,4.39652705216e-14,0
320.0,0.025,-0.045,4.76475005018e-14,0
320.0,0.02,-0.04,6.09554818721e-14,0
320.0,0.025,-0.04,6.29175287553e-14,0
320.0,0.02,-0.035,7.07794995829e-14,0
320.0,0.025,-0.035,7.2263675957e-14,0
320.0,0.02,-0.03,7.54042759506e-14,0
320.0,0.025,-0.03,7.72001079451e-14,0
320.0,0.02,-0.025,7.77553436826e-14,0
320.0,0.025,-0.025,8.02710250129e-14,0
320.0,0.02,-0.02,7.82066844741e-14,0
320.0,0.025,-0.02,8.18943540763e-14,0
320.0,0.02,-0.015,7.76066793939e-14,0
320.0,0.025,-0.015,8.29276788305e-14,0
320.0,0.02,-0.01,7.60665758583e-14,0
320.0,0.025,-0.01,8.33470998126e-14,0
320.0,0.02,-0.005,7.43178686148e-14,0
320.0,0.025,-0.005,8.31506846242e-14,0
320.0,0.02,0,7.41706630816e-14,0
320.0,0.025,4.16333634234e-19,8.33844980703e-14,0
320.0,0.02,0.005,7.74230450738e-14,0
320.0,0.025,0.005,8.50874556604e-14,0
320.0,0.02,0.01,8.39285933666e-14,0
320.0,0.025,0.01,8.84574636454e-14,0
320.0,0.02,0.015,9.19852431987e-14,0
320.0,0.025,0.015,9.34459150007e-14,0
320.0,0.02,0.02,1.01080739311e-13,0
320.0,0.02,0.025,1.10660511723e-13,0
320.0,0.025,0.02,1.00448262114e-13,0
320.0,0.025,0.025,1.08673435773e-13,0
320.0,0.02,0.03,1.18578682743e-13,0
320.0,0.02,0.035,1.23510828162e-13,0
320.0,0.025,0.03,1.15800702862e-13,0
320.0,0.025,0.035,1.18413924987e-13,0
320.0,0.02,0.04,1.17551896738e-13,0
320.0,0.02,0.045,9.33777331405e-14,0
320.0,0.025,0.04,1.12493884953e-13,0
320.0,0.025,0.045,9.67422884047e-14,0
320.0,0.02,0.05,5.68469419747e-14,0
320.0,0.02,0.055,1.63872263765e-14,0
320.0,0.025,0.05,6.59838969101e-14,0
320.0,0.025,0.055,2.85709459748e-14,0
320.0,0.02,0.06,-2.74499616722e-14,0
320.0,0.02,0.065,-7.38823801739e-14,0
320.0,0.025,0.06,-1.15961518578e-14,0
320.0,0.025,0.065,-5.37837878244e-14,0
320.0,0.02,0.07,-1.22580368701e-13,0
320.0,0.02,0.075,-1.72765846607e-13,0
320.0,0.025,0.07,-9.76288091853e-14,0
320.0,0.025,0.075,-1.42126550896e-13,0
320.0,0.03,-0.075,-9.48457021911e-14,0
320.0,0.03,-0.07,-6.64128325698e-14,0
320.0,0.035,-0.075,-7.56964659019e-14,0
320.0,0.035,-0.07,-5.12383841278e-14,0
320.0,0.03,-0.065,-3.9298922378e-14,0
320.0,0.035,-0.065,-2.78614420079e-14,0
320.0,0.03,-0.06,-1.45742696273e-14,0
320.0,0.035,-0.06,-6.65299230712e-15,0
320.0,0.03,-0.055,9.54526727585e-15,0
320.0,0.035,-0.055,1.41471852203e-14,0
320.0,0.03,-0.05,3.13682708011e-14,0
320.0,0.035,-0.05,3.29792511382e-14,0
320.0,0.03,-0.045,4.97355838932e-14,0
320.0,0.035,-0.045,4.97477466723e-14,0
320.0,0.03,-0.04,6.38601710663e-14,0
320.0,0.035,-0.04,6.33031437476e-14,0
320.0,0.03,-0.035,7.28225564595e-14,0
320.0,0.035,-0.035,7.21443714537e-14,0
320.0,0.03,-0.03,7.78845712905e-14,0
320.0,0.035,-0.03,7.72757489659e-14,0
320.0,0.03,-0.025,8.11772916143e-14,0
320.0,0.035,-0.025,8.01870182863e-14,0
320.0,0.03,-0.02,8.32527239913e-14,0
320.0,0.035,-0.02,8.17999931125e-14,0
320.0,0.03,-0.015,8.50662980533e-14,0
320.0,0.035,-0.015,8.315647392e-14,0
320.0,0.03,-0.01,8.64919183093e-14,0
320.0,0.035,-0.01,8.37304702859e-14,0
320.0,0.03,-0.005,8.68279993036e-14,0
320.0,0.035,-0.005,8.3008616619e-14,0
320.0,0.03,0,8.59217928066e-14,0
320.0,0.035,4.16333634234e-19,8.11670245658e-14,0
320.0,0.03,0.005,8.47943269279e-14,0
320.0,0.035,0.005,7.90521350464e-14,0
320.0,0.03,0.01,8.60912838796e-14,0
320.0,0.035,0.01,7.88493795703e-14,0
320.0,0.03,0.015,8.96570286401e-14,0
320.0,0.035,0.015,8.07253080294e-14,0
320.0,0.03,0.02,9.52332691494e-14,0
320.0,0.035,0.02,8.46189619943e-14,0
320.0,0.03,0.025,1.02514886251e-13,0
320.0,0.035,0.025,9.03880706638e-14,0
320.0,0.03,0.03,1.0928100855e-13,0
320.0,0.03,0.035,1.10625144262e-13,0
320.0,0.035,0.03,9.6324602604e-14,0
320.0,0.035,0.035,9.97555344745e-14,0
320.0,0.03,0.04,1.05423473659e-13,0
320.0,0.03,0.045,9.55792234096e-14,0
320.0,0.035,0.04,9.78775825942e-14,0
320.0,0.035,0.045,9.07706899958e-14,0
320.0,0.03,0.05,7.45740138854e-14,0
320.0,0.03,0.055,4.24190975833e-14,0
320.0,0.035,0.05,7.71579840459e-14,0
320.0,0.035,0.055,5.48666911833e-14,0
320.0,0.03,0.06,6.11052104024e-15,0
320.0,0.03,0.065,-3.16525933499e-14,0
320.0,0.035,0.06,2.43382754078e-14,0
320.0,0.035,0.065,-8.42897519552e-15,0
320.0,0.03,0.07,-7.07437741005e-14,0
320.0,0.03,0.075,-1.10864204633e-13,0
320.0,0.035,0.07,-4.23262835394e-14,0
320.0,0.035,0.075,-7.80668878666e-14,0
320.0,0.04,-0.075,-6.1656494304e-14,0
320.0,0.04,-0.07,-4.07246724212e-14,0
320.0,0.045,-0.075,-5.26042007244e-14,0
320.0,0.045,-0.07,-3.40011985037e-14,0
320.0,0.04,-0.065,-2.06335096884e-14,0
320.0,0.045,-0.065,-1.59860201234e-14,0
320.0,0.04,-0.06,-1.95157572948e-15,0
320.0,0.045,-0.06,9.66852320785e-16,0
320.0,0.04,-0.055,1.61408609595e-14,0
320.0,0.045,-0.055,1.72329866833e-14,0
320.0,0.04,-0.05,3.28682418148e-14,0
320.0,0.045,-0.05,3.21314030534e-14,0
320.0,0.04,-0.045,4.81172979968e-14,0
320.0,0.045,-0.045,4.46948500395e-14,0
320.0,0.04,-0.04,6.02874072323e-14,0
320.0,0.045,-0.04,5.34543619723e-14,0
320.0,0.04,-0.035,6.8349216903e-14,0
320.0,0.045,-0.035,5.95208660505e-14,0
320.0,0.04,-0.03,7.31655247809e-14,0
320.0,0.045,-0.03,6.33135548422e-14,0
320.0,0.04,-0.025,7.53074403717e-14,0
320.0,0.045,-0.025,6.49224037217e-14,0
320.0,0.04,-0.02,7.5984567119e-14,0
320.0,0.045,-0.02,6.50465252782e-14,0
320.0,0.04,-0.015,7.61855019866e-14,0
320.0,0.045,-0.015,6.41526548087e-14,0
320.0,0.04,-0.01,7.52967351088e-14,0
320.0,0.045,-0.01,6.21178660181e-14,0
320.0,0.04,-0.005,7.32973408755e-14,0
320.0,0.045,-0.005,5.94270611457e-14,0
320.0,0.04,0,7.06029808543e-14,0
320.0,0.045,4.16333634234e-19,5.6129727116e-14,0
320.0,0.04,0.005,6.77783840384e-14,0
320.0,0.045,0.005,5.17472015328e-14,0
320.0,0.04,0.01,6.60085186026e-14,0
320.0,0.045,0.01,4.78483435867e-14,0
320.0,0.04,0.015,6.605205079e-14,0
320.0,0.045,0.015,4.55690999494e-14,0
320.0,0.04,0.02,6.83508217457e-14,0
320.0,0.045,0.02,4.65682146717e-14,0
320.0,0.04,0.025,7.2674839363e-14,0
320.0,0.045,0.025,5.03218766361e-14,0
320.0,0.04,0.03,7.77392343223e-14,0
320.0,0.045,0.03,5.54115038845e-14,0
320.0,0.04,0.035,8.25662354985e-14,0
320.0,0.045,0.035,5.99502582627e-14,0
320.0,0.04,0.04,8.50597924424e-14,0
320.0,0.04,0.045,8.16795498277e-14,0
320.0,0.045,0.04,6.34864521568e-14,0
320.0,0.045,0.045,6.49857661144e-14,0
320.0,0.04,0.05,7.30286932619e-14,0
320.0,0.04,0.055,6.07538312797e-14,0
320.0,0.045,0.05,6.36611108633e-14,0
320.0,0.045,0.055,6.15913072235e-14,0
320.0,0.04,0.06,4.11344864692e-14,0
320.0,0.04,0.065,1.6730777671e-14,0
320.0,0.045,0.06,5.49405047456e-14,0
320.0,0.045,0.065,4.26687704066e-14,0
320.0,0.04,0.07,-9.83155847132e-15,0
320.0,0.04,0.075,-3.87209094481e-14,0
320.0,0.045,0.07,2.71286721844e-14,0
320.0,0.045,0.075,7.38246674907e-15,0
320.0,0.05,-0.075,-4.83505741732e-14,0
320.0,0.05,-0.07,-3.08234533604e-14,0
320.0,0.055,-0.075,-4.95699745363e-14,0
320.0,0.055,-0.07,-3.20422225285e-14,0
320.0,0.05,-0.065,-1.37901234723e-14,0
320.0,0.055,-0.065,-1.46846804959e-14,0
320.0,0.05,-0.06,1.83198438593e-15,0
320.0,0.055,-0.06,2.30745399333e-16,0
320.0,0.05,-0.055,1.64713589683e-14,0
320.0,0.055,-0.055,1.22569506156e-14,0
320.0,0.05,-0.05,2.86871958861e-14,0
320.0,0.055,-0.05,2.06348872192e-14,0
320.0,0.05,-0.045,3.73529114973e-14,0
320.0,0.055,-0.045,2.64755207691e-14,0
320.0,0.05,-0.04,4.29699264321e-14,0
320.0,0.055,-0.04,3.01786303619e-14,0
320.0,0.05,-0.035,4.7085336349e-14,0
320.0,0.055,-0.035,3.2513207196e-14,0
320.0,0.05,-0.03,4.94548586662e-14,0
320.0,0.055,-0.03,3.32039772935e-14,0
320.0,0.05,-0.025,5.02038029349e-14,0
320.0,0.055,-0.025,3.24013663347e-14,0
320.0,0.05,-0.02,4.94352402954e-14,0
320.0,0.055,-0.02,2.99644269222e-14,0
320.0,0.05,-0.015,4.71015100661e-14,0
320.0,0.055,-0.015,2.56669702619e-14,0
320.0,0.05,-0.01,4.35307422767e-14,0
320.0,0.055,-0.01,1.9721379668e-14,0
320.0,0.05,-0.005,3.95143888445e-14,0
320.0,0.055,-0.005,1.24672842675e-14,0
320.0,0.05,0,3.44439572807e-14,0
320.0,0.055,4.16333634234e-19,2.84615737662e-15,0
320.0,0.05,0.005,2.75870899818e-14,0
320.0,0.055,0.005,-7.69770015048e-15,0
320.0,0.05,0.01,2.12063940666e-14,0
320.0,0.055,0.01,-1.5351680941e-14,0
320.0,0.05,0.015,1.741687879e-14,0
320.0,0.055,0.015,-1.89189105431e-14,0
320.0,0.05,0.02,1.76725836964e-14,0
320.0,0.055,0.02,-1.89074415339e-14,0
320.0,0.05,0.025,2.1236279585e-14,0
320.0,0.055,0.025,-1.59287294203e-14,0
320.0,0.05,0.03,2.67366697569e-14,0
320.0,0.055,0.03,-1.05407949612e-14,0
320.0,0.05,0.035,3.1729327723e-14,0
320.0,0.055,0.035,-2.47724963002e-15,0
320.0,0.05,0.04,3.70553658106e-14,0
320.0,0.055,0.04,7.33251662998e-15,0
320.0,0.05,0.045,4.28794179799e-14,0
320.0,0.055,0.045,1.79362620268e-14,0
320.0,0.05,0.05,4.8705752942e-14,0
320.0,0.05,0.055,5.51013999531e-14,0
320.0,0.055,0.05,3.01213971426e-14,0
320.0,0.055,0.055,4.39869642296e-14,0
320.0,0.05,0.06,6.31732388732e-14,0
320.0,0.05,0.065,7.01363203497e-14,0
320.0,0.055,0.06,6.89783950447e-14,0
320.0,0.055,0.065,9.89687511847e-14,0
320.0,0.05,0.07,7.40503883793e-14,0
320.0,0.05,0.075,7.51947238846e-14,0
320.0,0.055,0.07,1.27796702661e-13,0
320.0,0.055,0.075,1.55643947471e-13,0
320.0,0.06,-0.075,-5.64941607869e-14,0
320.0,0.06,-0.07,-3.86988254775e-14,0
320.0,0.065,-0.075,-6.79076126969e-14,0
320.0,0.065,-0.07,-4.97291842315e-14,0
320.0,0.06,-0.065,-2.08569210132e-14,0
320.0,0.065,-0.065,-3.17845669946e-14,0
320.0,0.06,-0.06,-5.79166376635e-15,0
320.0,0.065,-0.06,-1.62846945709e-14,0
320.0,0.06,-0.055,4.12672584185e-15,0
320.0,0.065,-0.055,-6.0888505689e-15,0
320.0,0.06,-0.05,9.95414616048e-15,0
320.0,0.065,-0.05,-1.25341022626e-15,0
320.0,0.06,-0.045,1.39336059054e-14,0
320.0,0.065,-0.045,1.04632619958e-15,0
320.0,0.06,-0.04,1.6035428785e-14,0
320.0,0.065,-0.04,1.51409603934e-15,0
320.0,0.06,-0.035,1.66635346255e-14,0
320.0,0.065,-0.035,5.04854438183e-16,0
320.0,0.06,-0.03,1.56438450488e-14,0
320.0,0.065,-0.03,-2.2408112863e-15,0
320.0,0.06,-0.025,1.30847699781e-14,0
320.0,0.065,-0.025,-6.67478874185e-15,0
320.0,0.06,-0.02,8.46721597165e-15,0
320.0,0.065,-0.02,-1.37161801687e-14,0
320.0,0.06,-0.015,1.53869261708e-15,0
320.0,0.065,-0.015,-2.37104253214e-14,0
320.0,0.06,-0.01,-8.37901719952e-15,0
320.0,0.065,-0.01,-3.95987824968e-14,0
320.0,0.06,-0.005,-2.1239028444e-14,0
320.0,0.065,-0.005,-6.1058387632e-14,0
320.0,0.06,0,-3.73845566295e-14,0
320.0,0.065,4.16333634234e-19,-8.46146603744e-14,0
320.0,0.06,0.005,-5.32884108913e-14,0
320.0,0.065,0.005,-1.05822696003e-13,0
320.0,0.06,0.01,-6.33620837219e-14,0
320.0,0.065,0.01,-1.20061470025e-13,0
320.0,0.06,0.015,-6.63196443476e-14,0
320.0,0.065,0.015,-1.24278121081e-13,0
320.0,0.06,0.02,-6.61523515211e-14,0
320.0,0.065,0.02,-1.23666241635e-13,0
320.0,0.06,0.025,-6.35441342594e-14,0
320.0,0.065,0.025,-1.20884429892e-13,0
320.0,0.06,0.03,-5.84731123506e-14,0
320.0,0.065,0.03,-1.15764493668e-13,0
320.0,0.06,0.035,-4.9801559965e-14,0
320.0,0.065,0.035,-1.08067583994e-13,0
320.0,0.06,0.04,-3.74192188553e-14,0
320.0,0.065,0.04,-9.58651685891e-14,0
320.0,0.06,0.045,-2.1839442471e-14,0
320.0,0.065,0.045,-7.71879598272e-14,0
320.0,0.06,0.05,-4.06599343284e-16,0
320.0,0.065,0.05,-4.38919404469e-14,0
320.0,0.06,0.055,3.06630871247e-14,0
320.0,0.065,0.055,8.36842544751e-15,0
320.0,0.06,0.06,7.47696224934e-14,0
320.0,0.06,0.065,1.26081675371e-13,0
320.0,0.065,0.06,7.42660408241e-14,0
320.0,0.065,0.065,1.47080655473e-13,0
320.0,0.06,0.07,1.78754380775e-13,0
320.0,0.06,0.075,2.31811044447e-13,0
320.0,0.065,0.07,2.20914184895e-13,0
320.0,0.065,0.075,2.9514859726e-13,0
320.0,0.07,-0.075,-8.1460758257e-14,0
320.0,0.07,-0.07,-6.28832129385e-14,0
320.0,0.075,-0.075,-9.53371804652e-14,0
320.0,0.075,-0.07,-7.63596782116e-14,0
320.0,0.07,-0.065,-4.4809011085e-14,0
320.0,0.075,-0.065,-5.78854687357e-14,0
320.0,0.07,-0.06,-2.92387576367e-14,0
320.0,0.075,-0.06,-4.19910325826e-14,0
320.0,0.07,-0.055,-1.85630441114e-14,0
320.0,0.075,-0.055,-3.11498571046e-14,0
320.0,0.07,-0.05,-1.3495600781e-14,0
320.0,0.075,-0.05,-2.63450289815e-14,0
320.0,0.07,-0.045,-1.23460333925e-14,0
320.0,0.075,-0.045,-2.63547379216e-14,0
320.0,0.07,-0.04,-1.33396179883e-14,0
320.0,0.075,-0.04,-2.82691386195e-14,0
320.0,0.07,-0.035,-1.58393017746e-14,0
320.0,0.075,-0.035,-3.20096741767e-14,0
320.0,0.07,-0.03,-2.01002317243e-14,0
320.0,0.075,-0.03,-3.74729465779e-14,0
320.0,0.07,-0.025,-2.62787483865e-14,0
320.0,0.075,-0.025,-4.49954795128e-14,0
320.0,0.07,-0.02,-3.55488182666e-14,0
320.0,0.075,-0.02,-5.61683758991e-14,0
320.0,0.07,-0.015,-4.84169038443e-14,0
320.0,0.075,-0.015,-7.13672615244e-14,0
320.0,0.07,-0.01,-7.46917956408e-14,0
320.0,0.075,-0.01,-1.10929297251e-13,0
320.0,0.07,-0.005,-1.0822942655e-13,0
320.0,0.075,-0.005,-1.58561112811e-13,0
320.0,0.07,0,-1.36074628786e-13,0
320.0,0.075,0,-1.89584159221e-13,0
320.0,0.07,0.005,-1.60602423067e-13,0
320.0,0.075,0.005,-2.17433551782e-13,0
320.0,0.07,0.01,-1.7829784631e-13,0
320.0,0.075,0.01,-2.38887517152e-13,0
320.0,0.07,0.015,-1.85222262596e-13,0
320.0,0.075,0.015,-2.47321141926e-13,0
320.0,0.07,0.02,-1.84949308938e-13,0
320.0,0.075,0.02,-2.47260485006e-13,0
320.0,0.07,0.025,-1.8236264255e-13,0
320.0,0.075,0.025,-2.4488553028e-13,0
320.0,0.07,0.03,-1.77297284887e-13,0
320.0,0.075,0.03,-2.39976408578e-13,0
320.0,0.07,0.035,-1.69814439996e-13,0
320.0,0.075,0.035,-2.32803774577e-13,0
320.0,0.07,0.04,-1.57036131007e-13,0
320.0,0.075,0.04,-2.20350925201e-13,0
320.0,0.07,0.045,-1.37173303045e-13,0
320.0,0.075,0.045,-1.99810376315e-13,0
320.0,0.07,0.05,-9.35712520719e-14,0
320.0,0.075,0.05,-1.47832180991e-13,0
320.0,0.07,0.055,-2.14224111317e-14,0
320.0,0.075,0.055,-5.67768584627e-14,0
320.0,0.07,0.06,6.64019648787e-14,0
320.0,0.075,0.06,5.37149989259e-14,0
320.0,0.07,0.065,1.60067285628e-13,0
320.0,0.075,0.065,1.68361125371e-13,0
320.0,0.07,0.07,2.52526527353e-13,0
320.0,0.07,0.075,3.42435347537e-13,0
320.0,0.075,0.07,2.77136470113e-13,0
320.0,0.075,0.075,3.77152003851e-13,0
420.0,-0.00382671281566,-0.00202612167119,0,0
420.0,-0.005,-0.005,2.74398949836e-14,0
420.0,-0.00197892066871,-0.00385133392306,0,0
420.0,-0.005,-0.00190753787223,1.56678069898e-14,0
420.0,-0.00433,0,0,0
420.0,-0.00190753787223,-0.005,1.5957855951e-14,0
420.0,0,-0.00433,0,0
420.0,-0.005,0.00190775150599,1.52777743021e-14,0
420.0,-0.00385133392306,0.00197892066871,0,0
420.0,0.00190775150599,-0.005,1.60737144113e-14,0
420.0,0.00202612167119,-0.00382671281566,0,0
420.0,-0.00202612167119,0.00382671281566,0,0
420.0,-0.005,0.005,2.42782459564e-14,0
420.0,-0.0019094272225,0.005,1.52021322655e-14,0
420.0,0,0.00433,0,0
420.0,0.00147766755988,0.00407006125046,0,0
420.0,8.32667268469e-19,0.005,1.16767526139e-14,0
420.0,0.00433,0,0,0
420.0,0.005,1.38777878078e-18,1.14830360757e-14,0
420.0,0.00407006125046,0.00147766755988,0,0
420.0,0.005,-0.005,2.88535111825e-14,0
420.0,0.00385133392306,-0.00197892066871,0,0
420.0,0.005,-0.0019094272225,1.58467872652e-14,0
420.0,0.00306177236254,0.00306177236254,0,0
420.0,0.0019094272225,0.005,1.56249500339e-14,0
420.0,0.005,0.0019094272225,1.5811609379e-14,0
420.0,-0.000885,-0.0015328649647,1.27154804175e-12,0
420.0,-0.0015328649647,-0.000885,1.27167043084e-12,0
420.0,-0.00186450691264,-0.00187567167242,8.43043774745e-13,0
420.0,-0.00177,0,1.27136214079e-12,0
420.0,-0.00268433516245,-0.000738983120158,7.59123445928e-13,0
420.0,0,-0.00177,1.27150965205e-12,0
420.0,-0.000718432264205,-0.00269192408424,7.57417234259e-13,0
420.0,-0.0015328649647,0.000885,1.26985760483e-12,0
420.0,-0.00265321485144,0.000647311733689,7.89907079192e-13,0
420.0,-0.000885,0.0015328649647,1.26822999444e-12,0
420.0,-0.00194719253591,0.00178443766524,8.43970060825e-13,0
420.0,0,0.00177,1.2641236584e-12,0
420.0,-0.000802720381054,0.00273415977115,7.17515966267e-13,0
420.0,0.000885,-0.0015328649647,1.27019842932e-12,0
420.0,0.00075154031863,-0.00270385456952,7.45306963574e-13,0
420.0,0.00177,0,1.26246337869e-12,0
420.0,0.0015328649647,-0.000885,1.26804590131e-12,0
420.0,0.00271471102228,-0.000564731152102,7.60931022502e-13,0
420.0,0.00192394637685,-0.00189207206672,8.10113834627e-13,0
420.0,0.00231817117671,0.00040530921667,9.87932319373e-13,0
420.0,0.0015328649647,0.000885,1.26072963258e-12,0
420.0,0.000885,0.0015328649647,1.2614347111e-12,0
420.0,0.000427053001345,0.00287092483521,6.8220461859e-13,0
420.0,0.00187618296239,0.00184774001435,8.33358630031e-13,0
420.0,0.00312733402203,0.000607809752493,5.1921053199e-13,0
420.0,0.00276214303706,0.00136595635004,5.76872134937e-13,0
420.0,0.0014100336009,0.00268674970267,6.04785055272e-13,0
420.0,-0.075,-0.075,1.37693587896e-13,0
420.0,-0.07,-0.075,1.43223695762e-13,0
420.0,-0.075,-0.07,9.24385988698e-14,0
420.0,-0.07,-0.07,1.01140404302e-13,0
420.0,-0.075,-0.065,4.93252280918e-14,0
420.0,-0.07,-0.065,6.15216712674e-14,0
420.0,-0.065,-0.075,1.42976001565e-13,0
420.0,-0.065,-0.07,1.05825410421e-13,0
420.0,-0.065,-0.065,7.07306782804e-14,0
420.0,-0.075,-0.06,1.33244072795e-14,0
420.0,-0.07,-0.06,2.73483449388e-14,0
420.0,-0.065,-0.06,3.91266216779e-14,0
420.0,-0.075,-0.055,-1.61922866772e-14,0
420.0,-0.07,-0.055,-1.00246859136e-15,0
420.0,-0.065,-0.055,1.27083488514e-14,0
420.0,-0.075,-0.05,-4.00951682263e-14,0
420.0,-0.07,-0.05,-2.41711148357e-14,0
420.0,-0.065,-0.05,-9.20173679999e-15,0
420.0,-0.075,-0.045,-6.26632218111e-14,0
420.0,-0.07,-0.045,-4.56263684367e-14,0
420.0,-0.065,-0.045,-2.92183464297e-14,0
420.0,-0.075,-0.04,-8.29302700692e-14,0
420.0,-0.07,-0.04,-6.42366551017e-14,0
420.0,-0.075,-0.035,-9.73067617638e-14,0
420.0,-0.07,-0.035,-7.83103219564e-14,0
420.0,-0.065,-0.04,-4.62700961388e-14,0
420.0,-0.065,-0.035,-6.0065301171e-14,0
420.0,-0.075,-0.03,-1.06687542701e-13,0
420.0,-0.07,-0.03,-8.82303115289e-14,0
420.0,-0.075,-0.025,-1.12460877338e-13,0
420.0,-0.07,-0.025,-9.50459117611e-14,0
420.0,-0.065,-0.03,-7.06893877099e-14,0
420.0,-0.065,-0.025,-7.8502653301e-14,0
420.0,-0.075,-0.02,-1.09873770626e-13,0
420.0,-0.07,-0.02,-9.61755903595e-14,0
420.0,-0.075,-0.015,-9.49284590456e-14,0
420.0,-0.07,-0.015,-8.84859011072e-14,0
420.0,-0.065,-0.02,-8.28489885853e-14,0
420.0,-0.065,-0.015,-8.26924893729e-14,0
420.0,-0.075,-0.01,-6.89844892522e-14,0
420.0,-0.07,-0.01,-7.06971414081e-14,0
420.0,-0.075,-0.005,-3.30749445306e-14,0
420.0,-0.07,-0.005,-4.40233538465e-14,0
420.0,-0.065,-0.01,-7.36341365914e-14,0
420.0,-0.065,-0.005,-5.60018629679e-14,0
420.0,-0.075,0,9.78095061188e-15,0
420.0,-0.07,0,-1.06966148034e-14,0
420.0,-0.075,0.005,5.68576823184e-14,0
420.0,-0.07,0.005,2.68050876783e-14,0
420.0,-0.065,4.16333634234e-19,-3.19172778793e-14,0
420.0,-0.065,0.005,-3.44304016034e-15,0
420.0,-0.075,0.01,1.04491751e-13,0
420.0,-0.07,0.01,6.60905979962e-14,0
420.0,-0.075,0.015,1.51838047496e-13,0
420.0,-0.07,0.015,1.05627330972e-13,0
420.0,-0.065,0.01,2.74986147094e-14,0
420.0,-0.065,0.015,5.91600147528e-14,0
420.0,-0.075,0.02,1.98151940061e-13,0
420.0,-0.07,0.02,1.44251539861e-13,0
420.0,-0.075,0.025,2.42708699426e-13,0
420.0,-0.07,0.025,1.81169279576e-13,0
420.0,-0.065,0.02,9.00708417051e-14,0
420.0,-0.065,0.025,1.17034806046e-13,0
420.0,-0.075,0.03,2.92388073418e-13,0
420.0,-0.07,0.03,2.14516567024e-13,0
420.0,-0.075,0.035,3.40819873268e-13,0
420.0,-0.07,0.035,2.43168393216e-13,0
420.0,-0.065,0.03,1.3403495565e-13,0
420.0,-0.065,0.035,1.44314613232e-13,0
420.0,-0.075,0.04,3.97757447222e-13,0
420.0,-0.07,0.04,2.67736538611e-13,0
420.0,-0.075,0.045,4.52720102124e-13,0
420.0,-0.07,0.045,2.90756395976e-13,0
420.0,-0.065,0.04,1.46407906754e-13,0
420.0,-0.065,0.045,1.4367734679e-13,0
420.0,-0.075,0.05,4.95271873458e-13,0
420.0,-0.07,0.05,3.13019958156e-13,0
420.0,-0.075,0.055,5.25634566204e-13,0
420.0,-0.07,0.055,3.23425705447e-13,0
420.0,-0.065,0.05,1.42899759177e-13,0
420.0,-0.065,0.055,1.31316372659e-13,0
420.0,-0.075,0.06,5.36610687441e-13,0
420.0,-0.07,0.06,3.1346570255e-13,0
420.0,-0.075,0.065,5.17906356377e-13,0
420.0,-0.07,0.065,2.79116128136e-13,0
420.0,-0.065,0.06,1.02412736322e-13,0
420.0,-0.065,0.065,5.39492081288e-14,0
420.0,-0.075,0.07,4.72115115848e-13,0
420.0,-0.07,0.07,2.23526243212e-13,0
420.0,-0.075,0.075,4.10117207077e-13,0
420.0,-0.07,0.075,1.53948420634e-13,0
420.0,-0.065,0.07,-1.25712278526e-14,0
420.0,-0.065,0.075,-9.39689086131e-14,0
420.0,-0.06,-0.075,1.35159608941e-13,0
420.0,-0.06,-0.07,1.04104870948e-13,0
420.0,-0.06,-0.065,7.4685035114e-14,0
420.0,-0.055,-0.075,1.19661199351e-13,0
420.0,-0.055,-0.07,9.64083995401e-14,0
420.0,-0.055,-0.065,7.3363322917e-14,0
420.0,-0.06,-0.06,4.81237865945e-14,0
420.0,-0.06,-0.055,2.45900421328e-14,0
420.0,-0.055,-0.06,5.32517276145e-14,0
420.0,-0.055,-0.055,3.3767549643e-14,0
420.0,-0.06,-0.05,4.46281374147e-15,0
420.0,-0.055,-0.05,1.60559759929e-14,0
420.0,-0.06,-0.045,-1.37188650906e-14,0
420.0,-0.055,-0.045,1.71810722616e-16,0
420.0,-0.06,-0.04,-2.94605525499e-14,0
420.0,-0.055,-0.04,-1.39309031437e-14,0
420.0,-0.06,-0.035,-4.27736625339e-14,0
420.0,-0.055,-0.035,-2.62389808617e-14,0
420.0,-0.06,-0.03,-5.37094727086e-14,0
420.0,-0.06,-0.025,-6.24384408704e-14,0
420.0,-0.055,-0.03,-3.6888814958e-14,0
420.0,-0.055,-0.025,-4.62416227182e-14,0
420.0,-0.06,-0.02,-6.8881176272e-14,0
420.0,-0.06,-0.015,-7.32218395364e-14,0
420.0,-0.055,-0.02,-5.43706021189e-14,0
420.0,-0.055,-0.015,-6.13179817897e-14,0
420.0,-0.06,-0.01,-7.29484189826e-14,0
420.0,-0.06,-0.005,-6.52822749582e-14,0
420.0,-0.055,-0.01,-6.81837649133e-14,0
420.0,-0.055,-0.005,-7.01713864763e-14,0
420.0,-0.06,0,-5.13001102257e-14,0
420.0,-0.06,0.005,-3.24098130807e-14,0
420.0,-0.055,4.16333634234e-19,-6.67859396359e-14,0
420.0,-0.055,0.005,-5.85392863488e-14,0
420.0,-0.06,0.01,-1.06261617104e-14,0
420.0,-0.06,0.015,1.20517367202e-14,0
420.0,-0.055,0.01,-4.67464855319e-14,0
420.0,-0.055,0.015,-3.38494505422e-14,0
420.0,-0.06,0.02,3.23819823215e-14,0
420.0,-0.06,0.025,4.59371105986e-14,0
420.0,-0.055,0.02,-2.63466577455e-14,0
420.0,-0.055,0.025,-2.39070262382e-14,0
420.0,-0.06,0.03,5.10935784841e-14,0
420.0,-0.06,0.035,5.0784610681e-14,0
420.0,-0.055,0.03,-2.63826057483e-14,0
420.0,-0.055,0.035,-3.46516067179e-14,0
420.0,-0.06,0.04,4.326174137e-14,0
420.0,-0.06,0.045,2.77036336585e-14,0
420.0,-0.055,0.04,-4.91591274049e-14,0
420.0,-0.055,0.045,-7.30556136184e-14,0
420.0,-0.06,0.05,-1.6162321807e-15,0
420.0,-0.06,0.055,-3.69598771587e-14,0
420.0,-0.055,0.05,-1.12366823144e-13,0
420.0,-0.055,0.055,-1.58114684724e-13,0
420.0,-0.06,0.06,-8.01416683549e-14,0
420.0,-0.06,0.065,-1.39335345861e-13,0
420.0,-0.055,0.06,-2.13487938103e-13,0
420.0,-0.055,0.065,-2.79731425876e-13,0
420.0,-0.06,0.07,-2.1400594548e-13,0
420.0,-0.06,0.075,-3.05267777894e-13,0
420.0,-0.055,0.07,-3.54972499948e-13,0
420.0,-0.055,0.075,-4.46987653643e-13,0
420.0,-0.05,-0.075,9.75083740731e-14,0
420.0,-0.05,-0.07,8.49316503884e-14,0
420.0,-0.045,-0.075,6.87490256798e-14,0
420.0,-0.045,-0.07,6.72492202669e-14,0
420.0,-0.05,-0.065,7.04992535992e-14,0
420.0,-0.045,-0.065,6.34909796774e-14,0
420.0,-0.05,-0.06,5.48909986145e-14,0
420.0,-0.05,-0.055,3.96282823102e-14,0
420.0,-0.045,-0.06,5.43245308471e-14,0
420.0,-0.045,-0.055,4.33047392223e-14,0
420.0,-0.05,-0.05,2.52570432874e-14,0
420.0,-0.05,-0.045,1.21440852463e-14,0
420.0,-0.045,-0.05,3.24729942767e-14,0
420.0,-0.045,-0.045,2.2512793556e-14,0
420.0,-0.05,-0.04,3.11426623165e-16,0
420.0,-0.045,-0.04,1.33950766401e-14,0
420.0,-0.05,-0.035,-1.03097325957e-14,0
420.0,-0.045,-0.035,4.97971812695e-15,0
420.0,-0.05,-0.03,-1.98604534621e-14,0
420.0,-0.045,-0.03,-2.79364839583e-15,0
420.0,-0.05,-0.025,-2.86644431276e-14,0
420.0,-0.045,-0.025,-1.00917377692e-14,0
420.0,-0.05,-0.02,-3.68939573955e-14,0
420.0,-0.05,-0.015,-4.46840842795e-14,0
420.0,-0.045,-0.02,-1.66715889129e-14,0
420.0,-0.045,-0.015,-2.30605268263e-14,0
420.0,-0.05,-0.01,-5.508054331e-14,0
420.0,-0.05,-0.005,-6.42719116403e-14,0
420.0,-0.045,-0.01,-3.34320710439e-14,0
420.0,-0.045,-0.005,-4.56949633032e-14,0
420.0,-0.05,0,-6.9485515318e-14,0
420.0,-0.05,0.005,-7.14691037083e-14,0
420.0,-0.045,4.16333634234e-19,-5.61077515053e-14,0
420.0,-0.045,0.005,-6.43427301411e-14,0
420.0,-0.05,0.01,-7.19772589775e-14,0
420.0,-0.05,0.015,-7.21078038902e-14,0
420.0,-0.045,0.01,-7.39171817221e-14,0
420.0,-0.045,0.015,-8.37127256363e-14,0
420.0,-0.05,0.02,-7.44335138039e-14,0
420.0,-0.05,0.025,-7.89946035818e-14,0
420.0,-0.045,0.02,-9.37299792176e-14,0
420.0,-0.045,0.025,-1.04663199657e-13,0
420.0,-0.05,0.03,-8.7514900642e-14,0
420.0,-0.05,0.035,-1.02777015408e-13,0
420.0,-0.045,0.03,-1.20144634501e-13,0
420.0,-0.045,0.035,-1.43429758084e-13,0
420.0,-0.05,0.04,-1.23921632488e-13,0
420.0,-0.05,0.045,-1.52657399602e-13,0
420.0,-0.045,0.04,-1.76965575632e-13,0
420.0,-0.045,0.045,-2.15151892902e-13,0
420.0,-0.05,0.05,-1.9042949523e-13,0
420.0,-0.05,0.055,-2.3530514518e-13,0
420.0,-0.045,0.05,-2.54165342991e-13,0
420.0,-0.045,0.055,-2.93177924721e-13,0
420.0,-0.05,0.06,-2.9441751356e-13,0
420.0,-0.05,0.065,-3.54812797064e-13,0
420.0,-0.045,0.06,-3.27723189459e-13,0
420.0,-0.045,0.065,-3.60369070516e-13,0
420.0,-0.05,0.07,-4.16918763311e-13,0
420.0,-0.05,0.075,-4.94544893022e-13,0
420.0,-0.045,0.07,-3.95026978596e-13,0
420.0,-0.045,0.075,-4.4123273223e-13,0
420.0,-0.04,-0.075,3.98720015711e-14,0
420.0,-0.04,-0.07,4.26369590335e-14,0
420.0,-0.035,-0.075,7.6784905268e-15,0
420.0,-0.035,-0.07,1.4601130323e-14,0
420.0,-0.04,-0.065,4.57852941852e-14,0
420.0,-0.035,-0.065,2.22827790596e-14,0
420.0,-0.04,-0.06,4.6140025553e-14,0
420.0,-0.035,-0.06,3.00052227765e-14,0
420.0,-0.04,-0.055,4.21315879026e-14,0
420.0,-0.035,-0.055,3.480266389e-14,0
420.0,-0.04,-0.05,3.64296650666e-14,0
420.0,-0.04,-0.045,3.07084102543e-14,0
420.0,-0.035,-0.05,3.61160404592e-14,0
420.0,-0.035,-0.045,3.58957727356e-14,0
420.0,-0.04,-0.04,2.4959331145e-14,0
420.0,-0.04,-0.035,1.92336948417e-14,0
420.0,-0.035,-0.04,3.42675033608e-14,0
420.0,-0.035,-0.035,3.1571203393e-14,0
420.0,-0.04,-0.03,1.36465391641e-14,0
420.0,-0.035,-0.03,2.82459475157e-14,0
420.0,-0.04,-0.025,8.27175326789e-15,0
420.0,-0.035,-0.025,2.45753009352e-14,0
420.0,-0.04,-0.02,3.22443641209e-15,0
420.0,-0.035,-0.02,2.07849716376e-14,0
420.0,-0.04,-0.015,-1.668609546e-15,0
420.0,-0.035,-0.015,1.68944910068e-14,0
420.0,-0.04,-0.01,-9.94198101548e-15,0
420.0,-0.04,-0.005,-2.21694853516e-14,0
420.0,-0.035,-0.01,1.08249402692e-14,0
420.0,-0.035,-0.005,5.69250429975e-16,0
420.0,-0.04,0,-3.60309596052e-14,0
420.0,-0.04,0.005,-4.88715230006e-14,0
420.0,-0.035,4.16333634234e-19,-1.48322584682e-14,0
420.0,-0.035,0.005,-3.1188898275e-14,0
420.0,-0.04,0.01,-6.12665581152e-14,0
420.0,-0.04,0.015,-7.47467223617e-14,0
420.0,-0.035,0.01,-4.56733327902e-14,0
420.0,-0.035,0.015,-6.11565929648e-14,0
420.0,-0.04,0.02,-8.97799012639e-14,0
420.0,-0.04,0.025,-1.06656393255e-13,0
420.0,-0.035,0.02,-7.83590904761e-14,0
420.0,-0.035,0.025,-9.74783175826e-14,0
420.0,-0.04,0.03,-1.27168191792e-13,0
420.0,-0.04,0.035,-1.54198797839e-13,0
420.0,-0.035,0.03,-1.19408144998e-13,0
420.0,-0.035,0.035,-1.45711786235e-13,0
420.0,-0.04,0.04,-1.95727908373e-13,0
420.0,-0.04,0.045,-2.38687796098e-13,0
420.0,-0.035,0.04,-1.7945943247e-13,0
420.0,-0.035,0.045,-2.12403457647e-13,0
420.0,-0.04,0.05,-2.73981625233e-13,0
420.0,-0.04,0.055,-2.96202701948e-13,0
420.0,-0.035,0.05,-2.36573522314e-13,0
420.0,-0.035,0.055,-2.42212787123e-13,0
420.0,-0.04,0.06,-3.02882628879e-13,0
420.0,-0.04,0.065,-3.04194342609e-13,0
420.0,-0.035,0.06,-2.30959145285e-13,0
420.0,-0.035,0.065,-2.06397885074e-13,0
420.0,-0.04,0.07,-3.02888856418e-13,0
420.0,-0.04,0.075,-3.0571512272e-13,0
420.0,-0.035,0.07,-1.76181291803e-13,0
420.0,-0.035,0.075,-1.42163684103e-13,0
420.0,-0.03,-0.075,-2.79911924123e-14,0
420.0,-0.03,-0.07,-1.66079098339e-14,0
420.0,-0.025,-0.075,-6.67669843784e-14,0
420.0,-0.025,-0.07,-5.11379766203e-14,0
420.0,-0.03,-0.065,-3.37506704122e-15,0
420.0,-0.025,-0.065,-3.19079293897e-14,0
420.0,-0.03,-0.06,1.11546154984e-14,0
420.0,-0.025,-0.06,-8.8776268219e-15,0
420.0,-0.03,-0.055,2.3844938813e-14,0
420.0,-0.025,-0.055,1.23913306635e-14,0
420.0,-0.03,-0.05,3.2848010834e-14,0
420.0,-0.025,-0.05,2.85462845706e-14,0
420.0,-0.03,-0.045,3.8555395127e-14,0
420.0,-0.025,-0.045,3.97756605553e-14,0
420.0,-0.03,-0.04,4.14677029949e-14,0
420.0,-0.03,-0.035,4.20373219538e-14,0
420.0,-0.025,-0.04,4.69310170839e-14,0
420.0,-0.025,-0.035,5.07974632999e-14,0
420.0,-0.03,-0.03,4.07811455069e-14,0
420.0,-0.03,-0.025,3.84622622014e-14,0
420.0,-0.025,-0.03,5.16220946465e-14,0
420.0,-0.025,-0.025,5.0402703006e-14,0
420.0,-0.03,-0.02,3.54423245438e-14,0
420.0,-0.025,-0.02,4.77969123832e-14,0
420.0,-0.03,-0.015,3.22264548258e-14,0
420.0,-0.025,-0.015,4.46846296418e-14,0
420.0,-0.03,-0.01,2.71812294839e-14,0
420.0,-0.025,-0.01,4.03217394269e-14,0
420.0,-0.03,-0.005,1.88899474195e-14,0
420.0,-0.025,-0.005,3.30311469456e-14,0
420.0,-0.03,0,5.48020181864e-15,0
420.0,-0.03,0.005,-1.12197513423e-14,0
420.0,-0.025,4.16333634234e-19,2.22028815384e-14,0
420.0,-0.025,0.005,7.31922252795e-15,0
420.0,-0.03,0.01,-2.72289674584e-14,0
420.0,-0.03,0.015,-4.3871112622e-14,0
420.0,-0.025,0.01,-8.47694349539e-15,0
420.0,-0.025,0.015,-2.49470170253e-14,0
420.0,-0.03,0.02,-6.12274052942e-14,0
420.0,-0.03,0.025,-8.00679988476e-14,0
420.0,-0.025,0.02,-4.15616357037e-14,0
420.0,-0.025,0.025,-5.86816720878e-14,0
420.0,-0.03,0.03,-1.00705100831e-13,0
420.0,-0.03,0.035,-1.23185912595e-13,0
420.0,-0.025,0.03,-7.60400521279e-14,0
420.0,-0.025,0.035,-9.33215806146e-14,0
420.0,-0.03,0.04,-1.46728589321e-13,0
420.0,-0.03,0.045,-1.66742137299e-13,0
420.0,-0.025,0.04,-1.08344171289e-13,0
420.0,-0.025,0.045,-1.15148381234e-13,0
420.0,-0.03,0.05,-1.74331371963e-13,0
420.0,-0.03,0.055,-1.63258469708e-13,0
420.0,-0.025,0.05,-1.07515049617e-13,0
420.0,-0.025,0.055,-8.22872225345e-14,0
420.0,-0.03,0.06,-1.35079188873e-13,0
420.0,-0.03,0.065,-9.65529032441e-14,0
420.0,-0.025,0.06,-4.52602933264e-14,0
420.0,-0.025,0.065,-3.32820656518e-15,0
420.0,-0.03,0.07,-5.5747947913e-14,0
420.0,-0.03,0.075,-9.95817797404e-15,0
420.0,-0.025,0.07,4.25944990249e-14,0
420.0,-0.025,0.075,9.29634036411e-14,0
420.0,-0.02,-0.075,-1.31979149421e-13,0
420.0,-0.02,-0.07,-9.90164236267e-14,0
420.0,-0.015,-0.075,-1.9412870927e-13,0
420.0,-0.015,-0.07,-1.43672508403e-13,0
420.0,-0.02,-0.065,-6.55112968369e-14,0
420.0,-0.015,-0.065,-9.66869040361e-14,0
420.0,-0.02,-0.06,-2.99658862937e-14,0
420.0,-0.015,-0.06,-5.09845095765e-14,0
420.0,-0.02,-0.055,1.74766553145e-15,0
420.0,-0.015,-0.055,-9.64850192547e-15,0
420.0,-0.02,-0.05,2.46215808463e-14,0
420.0,-0.015,-0.05,2.12619730147e-14,0
420.0,-0.02,-0.045,4.10620327145e-14,0
420.0,-0.015,-0.045,4.29298185025e-14,0
420.0,-0.02,-0.04,5.16476128833e-14,0
420.0,-0.015,-0.04,5.67678993759e-14,0
420.0,-0.02,-0.035,5.82780942158e-14,0
420.0,-0.015,-0.035,6.57431628356e-14,0
420.0,-0.02,-0.03,6.09535412414e-14,0
420.0,-0.02,-0.025,6.03063992965e-14,0
420.0,-0.015,-0.03,6.95586434232e-14,0
420.0,-0.015,-0.025,6.84814167198e-14,0
420.0,-0.02,-0.02,5.74284891233e-14,0
420.0,-0.02,-0.015,5.37382748997e-14,0
420.0,-0.015,-0.02,6.40972901052e-14,0
420.0,-0.015,-0.015,5.83174939669e-14,0
420.0,-0.02,-0.01,4.89096269789e-14,0
420.0,-0.015,-0.01,5.11061970486e-14,0
420.0,-0.02,-0.005,4.19624426663e-14,0
420.0,-0.015,-0.005,4.34661253837e-14,0
420.0,-0.02,0,3.29445639421e-14,0
420.0,-0.015,4.16333634234e-19,3.63218344759e-14,0
420.0,-0.02,0.005,2.1221846962e-14,0
420.0,-0.015,0.005,2.86682780826e-14,0
420.0,-0.02,0.01,7.70815607937e-15,0
420.0,-0.02,0.015,-6.67187577923e-15,0
420.0,-0.015,0.01,1.94259309519e-14,0
420.0,-0.015,0.015,8.79402987752e-15,0
420.0,-0.02,0.02,-2.12818200856e-14,0
420.0,-0.02,0.025,-3.57051226327e-14,0
420.0,-0.015,0.02,-2.72890721978e-15,0
420.0,-0.015,0.025,-1.38304238082e-14,0
420.0,-0.02,0.03,-4.94992130148e-14,0
420.0,-0.02,0.035,-6.21706002762e-14,0
420.0,-0.015,0.03,-2.3918283839e-14,0
420.0,-0.015,0.035,-3.20128772572e-14,0
420.0,-0.02,0.04,-6.79361536621e-14,0
420.0,-0.02,0.045,-6.19736672338e-14,0
420.0,-0.015,0.04,-2.88086411749e-14,0
420.0,-0.015,0.045,-1.14219332306e-14,0
420.0,-0.02,0.05,-4.3395692928e-14,0
420.0,-0.02,0.055,-1.2076269268e-14,0
420.0,-0.015,0.05,1.60436220158e-14,0
420.0,-0.015,0.055,5.22162210485e-14,0
420.0,-0.02,0.06,2.71434024757e-14,0
420.0,-0.02,0.065,7.06913253939e-14,0
420.0,-0.015,0.06,9.27878266499e-14,0
420.0,-0.015,0.065,1.37024492434e-13,0
420.0,-0.02,0.07,1.18562260542e-13,0
420.0,-0.02,0.075,1.70378354798e-13,0
420.0,-0.015,0.07,1.8610639168e-13,0
420.0,-0.015,0.075,2.40066341173e-13,0
420.0,-0.01,-0.075,-2.26346281052e-13,0
420.0,-0.01,-0.07,-1.70848612746e-13,0
420.0,-0.005,-0.075,-2.49121267263e-13,0
420.0,-0.005,-0.07,-1.9036203852e-13,0
420.0,-0.01,-0.065,-1.18300478901e-13,0
420.0,-0.005,-0.065,-1.3458564728e-13,0
420.0,-0.01,-0.06,-6.85777516373e-14,0
420.0,-0.005,-0.06,-8.2196955469e-14,0
420.0,-0.01,-0.055,-2.22034935875e-14,0
420.0,-0.005,-0.055,-3.28227412542e-14,0
420.0,-0.01,-0.05,1.68651332631e-14,0
420.0,-0.005,-0.05,1.10147135346e-14,0
420.0,-0.01,-0.045,4.46314483645e-14,0
420.0,-0.005,-0.045,4.56702925588e-14,0
420.0,-0.01,-0.04,6.21901069355e-14,0
420.0,-0.005,-0.04,6.79153874793e-14,0
420.0,-0.01,-0.035,7.30715116827e-14,0
420.0,-0.005,-0.035,7.97084440971e-14,0
420.0,-0.01,-0.03,7.69959370377e-14,0
420.0,-0.005,-0.03,8.21114210526e-14,0
420.0,-0.01,-0.025,7.4491697029e-14,0
420.0,-0.005,-0.025,7.81396042958e-14,0
420.0,-0.01,-0.02,6.77844662495e-14,0
420.0,-0.01,-0.015,5.87818734163e-14,0
420.0,-0.005,-0.02,6.97082422215e-14,0
420.0,-0.005,-0.015,5.81316434285e-14,0
420.0,-0.0117873230072,-0.0115873794689,5.25102394589e-14,0
420.0,-0.00939961996336,-0.005,3.72249418949e-14,0
420.0,-0.00792797428371,-0.00964253216809,4.54150503823e-14,0
420.0,-0.005,-0.00939961996336,4.16656842882e-14,0
420.0,-0.0108753492546,-0.00150606400588,3.44656975858e-14,0
420.0,-0.00818101620308,-0.00211452602544,2.99118556896e-14,0
420.0,-0.00651817360753,-0.000255934956239,2.23678410402e-14,0
420.0,-0.005,6.71033969428e-08,1.16027650861e-14,0
420.0,-0.0107292118043,0.00160660295843,3.14832222261e-14,0
420.0,-0.0080188992252,0.000768320427092,2.71214538206e-14,0
420.0,-0.00939946851065,0.005,2.89696524041e-14,0
420.0,-0.00802129342231,0.00264911934363,2.73766875145e-14,0
420.0,-0.00887989370213,0.00887989479405,2.75234643464e-14,0
420.0,-0.01,0.015,2.00668494759e-14,0
420.0,-0.005,0.00939947397025,2.87542203421e-14,0
420.0,-0.005,0.015,2.80513812138e-14,0
420.0,-0.01,0.02,1.2387601737e-14,0
420.0,-0.01,0.025,4.55140967865e-15,0
420.0,-0.005,0.02,2.37280132055e-14,0
420.0,-0.005,0.025,1.84872476728e-14,0
420.0,-0.01,0.03,-1.52646334955e-15,0
420.0,-0.01,0.035,-3.67101896227e-15,0
420.0,-0.005,0.03,1.5210460604e-14,0
420.0,-0.005,0.035,1.78719197747e-14,0
420.0,-0.01,0.04,1.03641844488e-14,0
420.0,-0.01,0.045,3.69640855848e-14,0
420.0,-0.005,0.04,3.68045073083e-14,0
420.0,-0.005,0.045,6.46299243213e-14,0
420.0,-0.01,0.05,6.91747010261e-14,0
420.0,-0.01,0.055,1.0539396019e-13,0
420.0,-0.005,0.05,9.74301438513e-14,0
420.0,-0.005,0.055,1.33611083239e-13,0
420.0,-0.01,0.06,1.45319089208e-13,0
420.0,-0.01,0.065,1.89957538829e-13,0
420.0,-0.005,0.06,1.75469374294e-13,0
420.0,-0.005,0.065,2.23536641729e-13,0
420.0,-0.01,0.07,2.4037601082e-13,0
420.0,-0.01,0.075,2.97247179995e-13,0
420.0,-0.005,0.07,2.77164365052e-13,0
420.0,-0.005,0.075,3.37435382916e-13,0
420.0,0,-0.075,-2.63609978107e-13,0
420.0,0,-0.07,-2.02776353527e-13,0
420.0,0.005,-0.075,-2.7220502685e-13,0
420.0,0.005,-0.07,-2.09755154162e-13,0
420.0,0,-0.065,-1.4492913334e-13,0
420.0,0.005,-0.065,-1.50700023554e-13,0
420.0,0,-0.06,-9.11594798972e-14,0
420.0,0.005,-0.06,-9.62079339941e-14,0
420.0,0,-0.055,-4.05437118908e-14,0
420.0,0.005,-0.055,-4.48557121643e-14,0
420.0,0,-0.05,5.23786991543e-15,0
420.0,0.005,-0.05,1.72458713774e-15,0
420.0,0,-0.045,4.45369305538e-14,0
420.0,0.005,-0.045,4.27732408927e-14,0
420.0,0,-0.04,7.30378373186e-14,0
420.0,0.005,-0.04,7.43390562937e-14,0
420.0,0,-0.035,8.51317478881e-14,0
420.0,0.005,-0.035,8.70648754342e-14,0
420.0,0,-0.03,8.54003123749e-14,0
420.0,0.005,-0.03,8.71602697592e-14,0
420.0,0,-0.025,8.06920076898e-14,0
420.0,0.005,-0.025,8.27057588179e-14,0
420.0,0,-0.02,7.16200147899e-14,0
420.0,0.005,-0.02,7.43674970729e-14,0
420.0,0,-0.015,5.89151527119e-14,0
420.0,0.005,-0.015,6.28924982516e-14,0
420.0,-0.0021196717084,-0.00776771017156,3.23919592793e-14,0
420.0,-0.00084550708518,-0.00631514607954,2.35323014024e-14,0
420.0,6.71033969406e-08,-0.005,1.22202000074e-14,0
420.0,-0.00139054260708,-0.0110960807567,4.55324669366e-14,0
420.0,0.00132468676756,-0.00775008274642,3.21932754489e-14,0
420.0,0.00160394440688,-0.0116908851489,4.89117532451e-14,0
420.0,0.005,-0.00939946851065,4.49587823879e-14,0
420.0,0.005,0.005,2.64209337244e-14,0
420.0,-0.000107646311398,0.00617659695633,2.03929709548e-14,0
420.0,-0.00190846935279,0.0076427502668,2.59484056115e-14,0
420.0,0.00131146485568,0.00777290068297,2.6509591343e-14,0
420.0,0.00295884413402,0.00640276348073,2.49449640199e-14,0
420.0,-1.21517769428e-05,0.0108932602996,3.09323716785e-14,0
420.0,0,0.015,3.23971961466e-14,0
420.0,0.005,0.00939942566771,3.27690412085e-14,0
420.0,0.005,0.015,3.37926025756e-14,0
420.0,0,0.02,2.99516616652e-14,0
420.0,0,0.025,2.574284854e-14,0
420.0,0.005,0.02,3.01398167036e-14,0
420.0,0.005,0.025,2.46749888889e-14,0
420.0,0,0.03,2.14849146872e-14,0
420.0,0,0.035,2.40784834642e-14,0
420.0,0.005,0.03,1.96535806078e-14,0
420.0,0.005,0.035,2.01348611323e-14,0
420.0,0,0.04,4.12801191209e-14,0
420.0,0,0.045,6.65161832569e-14,0
420.0,0.005,0.04,3.52343132989e-14,0
420.0,0.005,0.045,5.77800647466e-14,0
420.0,0,0.05,9.83857280226e-14,0
420.0,0,0.055,1.36350005646e-13,0
420.0,0.005,0.05,8.61023091827e-14,0
420.0,0.005,0.055,1.21227505789e-13,0
420.0,0,0.06,1.80597996214e-13,0
420.0,0,0.065,2.30996481774e-13,0
420.0,0.005,0.06,1.62814683269e-13,0
420.0,0.005,0.065,2.10611032187e-13,0
420.0,0,0.07,2.87024193741e-13,0
420.0,0,0.075,3.50254119814e-13,0
420.0,0.005,0.07,2.64707271419e-13,0
420.0,0.005,0.075,3.25634975583e-13,0
420.0,0.01,-0.075,-2.68149631436e-13,0
420.0,0.01,-0.07,-2.04019328541e-13,0
420.0,0.015,-0.075,-2.4310400423e-13,0
420.0,0.015,-0.07,-1.81283428782e-13,0
420.0,0.01,-0.065,-1.45146878225e-13,0
420.0,0.015,-0.065,-1.25607758533e-13,0
420.0,0.01,-0.06,-9.27393836508e-14,0
420.0,0.015,-0.06,-7.9707953292e-14,0
420.0,0.01,-0.055,-4.32277423989e-14,0
420.0,0.015,-0.055,-3.59396244295e-14,0
420.0,0.01,-0.05,1.98075611255e-15,0
420.0,0.015,-0.05,5.81626793931e-15,0
420.0,0.01,-0.045,4.22463713089e-14,0
420.0,0.015,-0.045,4.24237154398e-14,0
420.0,0.01,-0.04,7.25030148369e-14,0
420.0,0.015,-0.04,6.77025949449e-14,0
420.0,0.01,-0.035,8.54409429924e-14,0
420.0,0.015,-0.035,7.97924525166e-14,0
420.0,0.01,-0.03,8.6699799667e-14,0
420.0,0.015,-0.03,8.31481937082e-14,0
420.0,0.01,-0.025,8.36748588455e-14,0
420.0,0.015,-0.025,8.24899871668e-14,0
420.0,0.01,-0.02,7.7171446296e-14,0
420.0,0.01,-0.015,6.86173145019e-14,0
420.0,0.015,-0.02,7.86580633144e-14,0
420.0,0.015,-0.015,7.33403634951e-14,0
420.0,0.00999280436795,-0.0116358337096,6.1356140259e-14,0
420.0,0.0105889214373,-0.00845762197625,5.53422906696e-14,0
420.0,0.015,-0.01,6.6492431737e-14,0
420.0,0.00939947397025,-0.005,4.49243775569e-14,0
420.0,0.015,-0.005,5.9138385059e-14,0
420.0,0.00658051136513,-0.00296146438142,3.0341391576e-14,0
420.0,0.00636794669772,-3.54305826484e-06,2.49960829212e-14,0
420.0,0.00795807888052,-0.00113999998936,3.40478497233e-14,0
420.0,0.00758147027913,0.00183630393596,3.17087660206e-14,0
420.0,0.0112534647756,-1.47536350887e-07,4.4323376406e-14,0
420.0,0.015,4.16333634234e-19,5.25225761486e-14,0
420.0,0.00939942566771,0.005,3.75089099547e-14,0
420.0,0.015,0.005,4.62235241116e-14,0
420.0,0.00999018807453,0.0109670628501,3.65639307194e-14,0
420.0,0.01,0.015,3.30981845404e-14,0
420.0,0.015,0.01,3.97130625404e-14,0
420.0,0.015,0.015,3.07318404128e-14,0
420.0,0.01,0.02,2.6345311197e-14,0
420.0,0.01,0.025,1.85601322909e-14,0
420.0,0.015,0.02,1.9822633125e-14,0
420.0,0.015,0.025,8.79994386194e-15,0
420.0,0.01,0.03,1.1418252259e-14,0
420.0,0.01,0.035,7.31485769148e-15,0
420.0,0.015,0.03,-1.96642424802e-15,0
420.0,0.015,0.035,-1.14101713094e-14,0
420.0,0.01,0.04,1.59397697481e-14,0
420.0,0.01,0.045,3.4994238836e-14,0
420.0,0.015,0.04,-1.17937686063e-14,0
420.0,0.015,0.045,4.30526172666e-16,0
420.0,0.01,0.05,5.9302729312e-14,0
420.0,0.01,0.055,8.95218453401e-14,0
420.0,0.015,0.05,2.01314660225e-14,0
420.0,0.015,0.055,4.49071398013e-14,0
420.0,0.01,0.06,1.25977075406e-13,0
420.0,0.01,0.065,1.68626525749e-13,0
420.0,0.015,0.06,7.53164683484e-14,0
420.0,0.015,0.065,1.1103594359e-13,0
420.0,0.01,0.07,2.1756389995e-13,0
420.0,0.01,0.075,2.72793415314e-13,0
420.0,0.015,0.07,1.52416193122e-13,0
420.0,0.015,0.075,1.99620107752e-13,0
420.0,0.02,-0.075,-2.03149672443e-13,0
420.0,0.02,-0.07,-1.49470551237e-13,0
420.0,0.025,-0.075,-1.5492381408e-13,0
420.0,0.025,-0.07,-1.1234134041e-13,0
420.0,0.02,-0.065,-1.01362648296e-13,0
420.0,0.025,-0.065,-7.41420656117e-14,0
420.0,0.02,-0.06,-6.14886361669e-14,0
420.0,0.025,-0.06,-4.12526246224e-14,0
420.0,0.02,-0.055,-2.35485258592e-14,0
420.0,0.025,-0.055,-1.00483587188e-14,0
420.0,0.02,-0.05,1.19454655897e-14,0
420.0,0.025,-0.05,1.7629067051e-14,0
420.0,0.02,-0.045,4.15279908164e-14,0
420.0,0.025,-0.045,4.01956964728e-14,0
420.0,0.02,-0.04,6.22241143129e-14,0
420.0,0.025,-0.04,5.68271433755e-14,0
420.0,0.02,-0.035,7.34516573199e-14,0
420.0,0.025,-0.035,6.65855672799e-14,0
420.0,0.02,-0.03,7.76368147924e-14,0
420.0,0.025,-0.03,7.10235230659e-14,0
420.0,0.02,-0.025,7.88753327021e-14,0
420.0,0.025,-0.025,7.32657064367e-14,0
420.0,0.02,-0.02,7.77025760401e-14,0
420.0,0.025,-0.02,7.38104402115e-14,0
420.0,0.02,-0.015,7.52565375654e-14,0
420.0,0.025,-0.015,7.35799359099e-14,0
420.0,0.02,-0.01,7.12830840319e-14,0
420.0,0.025,-0.01,7.19356661657e-14,0
420.0,0.02,-0.005,6.57424965344e-14,0
420.0,0.025,-0.005,6.76943635441e-14,0
420.0,0.02,0,5.86927596377e-14,0
420.0,0.025,4.16333634234e-19,6.01086784568e-14,0
420.0,0.02,0.005,4.97209610048e-14,0
420.0,0.025,0.005,4.79682870341e-14,0
420.0,0.02,0.01,3.85072993905e-14,0
420.0,0.025,0.01,3.28192117963e-14,0
420.0,0.02,0.015,2.48754941222e-14,0
420.0,0.025,0.015,1.63594646416e-14,0
420.0,0.02,0.02,1.03807063191e-14,0
420.0,0.02,0.025,-4.21259032355e-15,0
420.0,0.025,0.02,-8.24777346916e-16,0
420.0,0.025,0.025,-1.87474268542e-14,0
420.0,0.02,0.03,-1.87038458097e-14,0
420.0,0.02,0.035,-3.24900928719e-14,0
420.0,0.025,0.03,-3.7217943985e-14,0
420.0,0.025,0.035,-5.55722231446e-14,0
420.0,0.02,0.04,-4.28500312261e-14,0
420.0,0.02,0.045,-4.12912555159e-14,0
420.0,0.025,0.04,-7.39974538235e-14,0
420.0,0.025,0.045,-8.51231826719e-14,0
420.0,0.02,0.05,-2.78488108686e-14,0
420.0,0.02,0.055,-9.57273042859e-15,0
420.0,0.025,0.05,-8.1074727339e-14,0
420.0,0.025,0.055,-7.06891599626e-14,0
420.0,0.02,0.06,1.30777812721e-14,0
420.0,0.02,0.065,3.96040826279e-14,0
420.0,0.025,0.06,-5.72118758779e-14,0
420.0,0.025,0.065,-4.12589000683e-14,0
420.0,0.02,0.07,6.98172317417e-14,0
420.0,0.02,0.075,1.03031081162e-13,0
420.0,0.025,0.07,-2.38091060513e-14,0
420.0,0.025,0.075,-6.56587886988e-15,0
420.0,0.03,-0.075,-1.02292722436e-13,0
420.0,0.03,-0.07,-7.19822689708e-14,0
420.0,0.035,-0.075,-4.99703798271e-14,0
420.0,0.035,-0.07,-3.27987594601e-14,0
420.0,0.03,-0.065,-4.43604360933e-14,0
420.0,0.035,-0.065,-1.66932579485e-14,0
420.0,0.03,-0.06,-2.0941150066e-14,0
420.0,0.035,-0.06,-3.36331535076e-15,0
420.0,0.03,-0.055,1.57289319993e-15,0
420.0,0.035,-0.055,1.03832346098e-14,0
420.0,0.03,-0.05,2.11936085857e-14,0
420.0,0.035,-0.05,2.22889099335e-14,0
420.0,0.03,-0.045,3.75223636103e-14,0
420.0,0.035,-0.045,3.30039374483e-14,0
420.0,0.03,-0.04,5.04565121875e-14,0
420.0,0.035,-0.04,4.26979009429e-14,0
420.0,0.03,-0.035,5.85639452024e-14,0
420.0,0.035,-0.035,4.91006117103e-14,0
420.0,0.03,-0.03,6.2768799416e-14,0
420.0,0.035,-0.03,5.27877116904e-14,0
420.0,0.03,-0.025,6.52758490182e-14,0
420.0,0.035,-0.025,5.47906768297e-14,0
420.0,0.03,-0.02,6.66214042837e-14,0
420.0,0.035,-0.02,5.60177205277e-14,0
420.0,0.03,-0.015,6.76885120177e-14,0
420.0,0.035,-0.015,5.7210132786e-14,0
420.0,0.03,-0.01,6.75128165801e-14,0
420.0,0.035,-0.01,5.71305370525e-14,0
420.0,0.03,-0.005,6.42496738454e-14,0
420.0,0.035,-0.005,5.40472277351e-14,0
420.0,0.03,0,5.59785636977e-14,0
420.0,0.035,4.16333634234e-19,4.65863834014e-14,0
420.0,0.03,0.005,4.1855001795e-14,0
420.0,0.035,0.005,3.38972510273e-14,0
420.0,0.03,0.01,2.53175707609e-14,0
420.0,0.035,0.01,1.76982988512e-14,0
420.0,0.03,0.015,7.41515770627e-15,0
420.0,0.035,0.015,-6.1534398689e-16,0
420.0,0.03,0.02,-1.18191956482e-14,0
420.0,0.035,0.02,-2.08756679432e-14,0
420.0,0.03,0.025,-3.2634496306e-14,0
420.0,0.035,0.025,-4.36095834271e-14,0
420.0,0.03,0.03,-5.61462031901e-14,0
420.0,0.03,0.035,-8.03489295281e-14,0
420.0,0.035,0.03,-7.07535115376e-14,0
420.0,0.035,0.035,-1.0084801176e-13,0
420.0,0.03,0.04,-1.03537435736e-13,0
420.0,0.03,0.045,-1.24655543991e-13,0
420.0,0.035,0.04,-1.30909000681e-13,0
420.0,0.035,0.045,-1.58700167939e-13,0
420.0,0.03,0.05,-1.36704415009e-13,0
420.0,0.03,0.055,-1.35873087252e-13,0
420.0,0.035,0.05,-1.82287449206e-13,0
420.0,0.035,0.055,-1.95875966575e-13,0
420.0,0.03,0.06,-1.30168951961e-13,0
420.0,0.03,0.065,-1.2387470696e-13,0
420.0,0.035,0.06,-2.00255542953e-13,0
420.0,0.035,0.065,-2.03333088533e-13,0
420.0,0.03,0.07,-1.17407925807e-13,0
420.0,0.03,0.075,-1.11385907523e-13,0
420.0,0.035,0.07,-2.07027016651e-13,0
420.0,0.035,0.075,-2.11175934954e-13,0
420.0,0.04,-0.075,7.74923695208e-16,0
420.0,0.04,-0.07,2.6101383465e-15,0
420.0,0.045,-0.075,5.33150195852e-14,0
420.0,0.045,-0.07,3.78938841111e-14,0
420.0,0.04,-0.065,5.93786637575e-15,0
420.0,0.045,-0.065,2.69007060751e-14,0
420.0,0.04,-0.06,1.04947519808e-14,0
420.0,0.045,-0.06,2.25021367896e-14,0
420.0,0.04,-0.055,1.58340479842e-14,0
420.0,0.045,-0.055,1.95655029139e-14,0
420.0,0.04,-0.05,2.16179438039e-14,0
420.0,0.045,-0.05,1.93024854189e-14,0
420.0,0.04,-0.045,2.76116798897e-14,0
420.0,0.045,-0.045,1.94091156736e-14,0
420.0,0.04,-0.04,3.27932207316e-14,0
420.0,0.045,-0.04,1.82936262402e-14,0
420.0,0.04,-0.035,3.61957400837e-14,0
420.0,0.045,-0.035,1.75394147095e-14,0
420.0,0.04,-0.03,3.83666028288e-14,0
420.0,0.045,-0.03,1.75770042774e-14,0
420.0,0.04,-0.025,3.95457330009e-14,0
420.0,0.045,-0.025,1.8260394907e-14,0
420.0,0.04,-0.02,4.05182504166e-14,0
420.0,0.045,-0.02,1.96961681653e-14,0
420.0,0.04,-0.015,4.18086056583e-14,0
420.0,0.045,-0.015,2.18137130778e-14,0
420.0,0.04,-0.01,4.21976163458e-14,0
420.0,0.045,-0.01,2.39729899335e-14,0
420.0,0.04,-0.005,4.04920733953e-14,0
420.0,0.045,-0.005,2.53935876189e-14,0
420.0,0.04,0,3.51941311393e-14,0
420.0,0.045,4.16333634234e-19,2.38668893852e-14,0
420.0,0.04,0.005,2.50927822547e-14,0
420.0,0.045,0.005,1.70404704399e-14,0
420.0,0.04,0.01,1.08353194732e-14,0
420.0,0.045,0.01,5.60060686952e-15,0
420.0,0.04,0.015,-6.55478076042e-15,0
420.0,0.045,0.015,-9.49653032229e-15,0
420.0,0.04,0.02,-2.65863967254e-14,0
420.0,0.045,0.02,-2.78785723144e-14,0
420.0,0.04,0.025,-4.96612615168e-14,0
420.0,0.045,0.025,-4.99136630041e-14,0
420.0,0.04,0.03,-7.74151575972e-14,0
420.0,0.045,0.03,-7.69687410495e-14,0
420.0,0.04,0.035,-1.09618734532e-13,0
420.0,0.045,0.035,-1.08312482355e-13,0
420.0,0.04,0.04,-1.47110191798e-13,0
420.0,0.04,0.045,-1.80084669247e-13,0
420.0,0.045,0.04,-1.43551586525e-13,0
420.0,0.045,0.045,-1.78312653779e-13,0
420.0,0.04,0.05,-2.07876879789e-13,0
420.0,0.04,0.055,-2.35049564017e-13,0
420.0,0.045,0.05,-2.12408849491e-13,0
420.0,0.045,0.055,-2.49980021979e-13,0
420.0,0.04,0.06,-2.55962716469e-13,0
420.0,0.04,0.065,-2.71562364392e-13,0
420.0,0.045,0.06,-2.8888451964e-13,0
420.0,0.045,0.065,-3.18869955569e-13,0
420.0,0.04,0.07,-2.86000718212e-13,0
420.0,0.04,0.075,-3.03119645396e-13,0
420.0,0.045,0.07,-3.43926672855e-13,0
420.0,0.045,0.075,-3.72493960808e-13,0
420.0,0.05,-0.075,1.13648733211e-13,0
420.0,0.05,-0.07,7.78700504358e-14,0
420.0,0.055,-0.075,1.87653718616e-13,0
420.0,0.055,-0.07,1.26059239694e-13,0
420.0,0.05,-0.065,4.97618422855e-14,0
420.0,0.055,-0.065,7.26564833582e-14,0
420.0,0.05,-0.06,3.32038669817e-14,0
420.0,0.055,-0.06,4.06323606356e-14,0
420.0,0.05,-0.055,2.06930070898e-14,0
420.0,0.055,-0.055,1.55251826719e-14,0
420.0,0.05,-0.05,1.15785466645e-14,0
420.0,0.055,-0.05,-3.05673758501e-15,0
420.0,0.05,-0.045,4.18923406608e-15,0
420.0,0.055,-0.045,-1.66332026448e-14,0
420.0,0.05,-0.04,-1.76138371562e-15,0
420.0,0.055,-0.04,-2.59620539227e-14,0
420.0,0.05,-0.035,-5.65819665228e-15,0
420.0,0.055,-0.035,-3.21636698925e-14,0
420.0,0.05,-0.03,-7.48739422714e-15,0
420.0,0.055,-0.03,-3.54536242079e-14,0
420.0,0.05,-0.025,-7.41728230297e-15,0
420.0,0.055,-0.025,-3.60663306758e-14,0
420.0,0.05,-0.02,-5.51078624495e-15,0
420.0,0.055,-0.02,-3.37683528708e-14,0
420.0,0.05,-0.015,-2.07413704984e-15,0
420.0,0.055,-0.015,-2.87184948379e-14,0
420.0,0.05,-0.01,2.4161176138e-15,0
420.0,0.055,-0.01,-2.12228677044e-14,0
420.0,0.05,-0.005,7.46027775243e-15,0
420.0,0.055,-0.005,-1.20165610028e-14,0
420.0,0.05,0,1.07254844e-14,0
420.0,0.055,4.16333634234e-19,-1.97363070776e-15,0
420.0,0.05,0.005,9.86073797003e-15,0
420.0,0.055,0.005,6.13724856552e-15,0
420.0,0.05,0.01,3.7620441915e-15,0
420.0,0.055,0.01,7.12189536079e-15,0
420.0,0.05,0.015,-7.30107201735e-15,0
420.0,0.055,0.015,1.28899213414e-15,0
420.0,0.05,0.02,-2.25854453767e-14,0
420.0,0.055,0.02,-9.61082429429e-15,0
420.0,0.05,0.025,-4.16801809248e-14,0
420.0,0.055,0.025,-2.35843920918e-14,0
420.0,0.05,0.03,-6.51138101447e-14,0
420.0,0.055,0.03,-3.97104005147e-14,0
420.0,0.05,0.035,-9.19139085387e-14,0
420.0,0.055,0.035,-6.2080872331e-14,0
420.0,0.05,0.04,-1.23481406811e-13,0
420.0,0.055,0.04,-9.38691580234e-14,0
420.0,0.05,0.045,-1.5847219882e-13,0
420.0,0.055,0.045,-1.28606123952e-13,0
420.0,0.05,0.05,-1.95737535776e-13,0
420.0,0.05,0.055,-2.3632430568e-13,0
420.0,0.055,0.05,-1.64460487702e-13,0
420.0,0.055,0.055,-1.99052832759e-13,0
420.0,0.05,0.06,-2.81526157567e-13,0
420.0,0.05,0.065,-3.14310944672e-13,0
420.0,0.055,0.06,-2.18264493369e-13,0
420.0,0.055,0.065,-2.28212045446e-13,0
420.0,0.05,0.07,-3.4001184557e-13,0
420.0,0.05,0.075,-3.77180960559e-13,0
420.0,0.055,0.07,-2.39255646336e-13,0
420.0,0.055,0.075,-2.66103017444e-13,0
420.0,0.06,-0.075,2.75067052689e-13,0
420.0,0.06,-0.07,1.88485240004e-13,0
420.0,0.065,-0.075,3.66616782801e-13,0
420.0,0.065,-0.07,2.56095281311e-13,0
420.0,0.06,-0.065,1.07420054836e-13,0
420.0,0.065,-0.065,1.48396842549e-13,0
420.0,0.06,-0.06,4.39567316377e-14,0
420.0,0.065,-0.06,5.23151593575e-14,0
420.0,0.06,-0.055,1.43111632473e-15,0
420.0,0.065,-0.055,-1.44135243376e-14,0
420.0,0.06,-0.05,-2.30137920175e-14,0
420.0,0.065,-0.05,-4.64196349512e-14,0
420.0,0.06,-0.045,-4.1256285369e-14,0
420.0,0.065,-0.045,-6.95354680913e-14,0
420.0,0.06,-0.04,-5.3367571478e-14,0
420.0,0.065,-0.04,-8.35454064113e-14,0
420.0,0.06,-0.035,-6.13145081916e-14,0
420.0,0.065,-0.035,-9.25918563084e-14,0
420.0,0.06,-0.03,-6.55279852495e-14,0
420.0,0.065,-0.03,-9.73217002194e-14,0
420.0,0.06,-0.025,-6.64807190511e-14,0
420.0,0.065,-0.025,-9.82512467106e-14,0
420.0,0.06,-0.02,-6.3551729693e-14,0
420.0,0.065,-0.02,-9.43800317113e-14,0
420.0,0.06,-0.015,-5.66050861417e-14,0
420.0,0.065,-0.015,-8.52289957835e-14,0
420.0,0.06,-0.01,-4.48143493019e-14,0
420.0,0.065,-0.01,-6.63325407403e-14,0
420.0,0.06,-0.005,-2.87840987154e-14,0
420.0,0.065,-0.005,-3.82317276557e-14,0
420.0,0.06,0,-9.08009431194e-15,0
420.0,0.065,4.16333634234e-19,-5.73090153518e-15,0
420.0,0.06,0.005,9.73172032961e-15,0
420.0,0.065,0.005,2.45720548663e-14,0
420.0,0.06,0.01,1.95375299371e-14,0
420.0,0.065,0.01,4.53988620615e-14,0
420.0,0.06,0.015,1.94178299116e-14,0
420.0,0.065,0.015,5.34110037603e-14,0
420.0,0.06,0.02,1.57652209846e-14,0
420.0,0.065,0.02,5.64205979792e-14,0
420.0,0.06,0.025,9.50866358621e-15,0
420.0,0.065,0.025,5.67501291247e-14,0
420.0,0.06,0.03,1.18098444397e-15,0
420.0,0.065,0.03,5.51548203544e-14,0
420.0,0.06,0.035,-1.22034613137e-14,0
420.0,0.065,0.035,5.19645169502e-14,0
420.0,0.06,0.04,-3.46898243315e-14,0
420.0,0.065,0.04,4.62629553858e-14,0
420.0,0.06,0.045,-6.02742251067e-14,0
420.0,0.065,0.045,4.12916112943e-14,0
420.0,0.06,0.05,-8.58051570737e-14,0
420.0,0.065,0.05,3.89585328938e-14,0
420.0,0.06,0.055,-9.75870732506e-14,0
420.0,0.065,0.055,5.94520677874e-14,0
420.0,0.06,0.06,-8.62416069278e-14,0
420.0,0.06,0.065,-6.7351756195e-14,0
420.0,0.065,0.06,1.00550591001e-13,0
420.0,0.065,0.065,1.48807029542e-13,0
420.0,0.06,0.07,-5.39009405277e-14,0
420.0,0.06,0.075,-5.50410950599e-14,0
420.0,0.065,0.07,1.90543546245e-13,0
420.0,0.065,0.075,2.20510549774e-13,0
420.0,0.07,-0.075,4.4931686036e-13,0
420.0,0.07,-0.07,3.19673829906e-13,0
420.0,0.075,-0.075,5.19461953297e-13,0
420.0,0.075,-0.07,3.77030658161e-13,0
420.0,0.07,-0.065,1.90090411415e-13,0
420.0,0.075,-0.065,2.28131715238e-13,0
420.0,0.07,-0.06,7.08815395844e-14,0
420.0,0.075,-0.06,8.59812730609e-14,0
420.0,0.07,-0.055,-2.00102433289e-14,0
420.0,0.075,-0.055,-2.84774730762e-14,0
420.0,0.07,-0.05,-7.41269424098e-14,0
420.0,0.075,-0.05,-1.03387862476e-13,0
420.0,0.07,-0.045,-1.02936349016e-13,0
420.0,0.075,-0.045,-1.3866210203e-13,0
420.0,0.07,-0.04,-1.16737610282e-13,0
420.0,0.075,-0.04,-1.52144447521e-13,0
420.0,0.07,-0.035,-1.26112022693e-13,0
420.0,0.075,-0.035,-1.61464463953e-13,0
420.0,0.07,-0.03,-1.30860364915e-13,0
420.0,0.075,-0.03,-1.66074066561e-13,0
420.0,0.07,-0.025,-1.31510550525e-13,0
420.0,0.075,-0.025,-1.66463229904e-13,0
420.0,0.07,-0.02,-1.26479122503e-13,0
420.0,0.075,-0.02,-1.6048647243e-13,0
420.0,0.07,-0.015,-1.14922918028e-13,0
420.0,0.075,-0.015,-1.46739465166e-13,0
420.0,0.07,-0.01,-8.20629646691e-14,0
420.0,0.075,-0.01,-9.49997760111e-14,0
420.0,0.07,-0.005,-3.46723336433e-14,0
420.0,0.075,-0.005,-2.51600996874e-14,0
420.0,0.07,0,7.38955735411e-15,0
420.0,0.075,0,2.37381014344e-14,0
420.0,0.07,0.005,4.674680619e-14,0
420.0,0.075,0.005,7.18851159374e-14,0
420.0,0.07,0.01,7.89053819103e-14,0
420.0,0.075,0.01,1.16515632523e-13,0
420.0,0.07,0.015,9.72031174075e-14,0
420.0,0.075,0.015,1.44076121731e-13,0
420.0,0.07,0.02,1.05147977376e-13,0
420.0,0.075,0.02,1.55806088446e-13,0
420.0,0.07,0.025,1.10400475891e-13,0
420.0,0.075,0.025,1.651308053e-13,0
420.0,0.07,0.03,1.13951500948e-13,0
420.0,0.075,0.03,1.72969461596e-13,0
420.0,0.07,0.035,1.17123774704e-13,0
420.0,0.075,0.035,1.80959176732e-13,0
420.0,0.07,0.04,1.22539404235e-13,0
420.0,0.075,0.04,1.9547399569e-13,0
420.0,0.07,0.045,1.32658479489e-13,0
420.0,0.075,0.045,2.16491933368e-13,0
420.0,0.07,0.05,1.66447140455e-13,0
420.0,0.075,0.05,2.86211945645e-13,0
420.0,0.07,0.055,2.30614718439e-13,0
420.0,0.075,0.055,3.98822341135e-13,0
420.0,0.07,0.06,3.10691167461e-13,0
420.0,0.075,0.06,5.2363620951e-13,0
420.0,0.07,0.065,3.91772909358e-13,0
420.0,0.075,0.065,6.41595047173e-13,0
420.0,0.07,0.07,4.62264548723e-13,0
420.0,0.07,0.075,5.19947620647e-13,0
420.0,0.075,0.07,7.38890464113e-13,0
420.0,0.075,0.075,8.15077122329e-13,0
540.0,-0.00382671281566,-0.00202612167119,0,0
540.0,-0.005,-0.005,2.43487158571e-14,0
540.0,-0.00197892066871,-0.00385133392306,0,0
540.0,-0.005,-0.00190753787223,1.47041403869e-14,0
540.0,-0.00433,0,0,0
540.0,-0.00190753787223,-0.005,1.62867842297e-14,0
540.0,0,-0.00433,0,0
540.0,-0.005,0.00190775150599,1.59140169045e-14,0
540.0,-0.00385133392306,0.00197892066871,0,0
540.0,0.00190775150599,-0.005,1.8279418958e-14,0
540.0,0.00202612167119,-0.00382671281566,0,0
540.0,-0.00202612167119,0.00382671281566,0,0
540.0,-0.005,0.005,2.89803100567e-14,0
540.0,-0.0019094272225,0.005,1.59223332672e-14,0
540.0,0,0.00433,0,0
540.0,0.00147766755988,0.00407006125046,0,0
540.0,8.32667268469e-19,0.005,1.16524103196e-14,0
540.0,0.00433,0,0,0
540.0,0.005,1.38777878078e-18,1.14238054056e-14,0
540.0,0.00407006125046,0.00147766755988,0,0
540.0,0.005,-0.005,3.68189395271e-14,0
540.0,0.00385133392306,-0.00197892066871,0,0
540.0,0.005,-0.0019094272225,1.64004686426e-14,0
540.0,0.00306177236254,0.00306177236254,0,0
540.0,0.0019094272225,0.005,1.4878770178e-14,0
540.0,0.005,0.0019094272225,1.52587571236e-14,0
540.0,-0.000885,-0.0015328649647,1.27158321121e-12,0
540.0,-0.0015328649647,-0.000885,1.27170560883e-12,0
540.0,-0.00186450691264,-0.00187567167242,8.43066909985e-13,0
540.0,-0.00177,0,1.27139729201e-12,0
540.0,-0.00268433516245,-0.000738983120158,7.59144244063e-13,0
540.0,0,-0.00177,1.27154479152e-12,0
540.0,-0.000718432264205,-0.00269192408424,7.57437977521e-13,0
540.0,-0.0015328649647,0.000885,1.26989268539e-12,0
540.0,-0.00265321485144,0.000647311733689,7.89928717112e-13,0
540.0,-0.000885,0.0015328649647,1.26826496281e-12,0
540.0,-0.00194719253591,0.00178443766524,8.43993175746e-13,0
540.0,0,0.00177,1.2641584323e-12,0
540.0,-0.000802720381054,0.00273415977115,7.17535529224e-13,0
540.0,0.000885,-0.0015328649647,1.27023349954e-12,0
540.0,0.00075154031863,-0.00270385456952,7.45327354908e-13,0
540.0,0.00177,0,1.2624981044e-12,0
540.0,0.0015328649647,-0.000885,1.26808085049e-12,0
540.0,0.00271471102228,-0.000564731152102,7.60951770707e-13,0
540.0,0.00192394637685,-0.00189207206672,8.1013599804e-13,0
540.0,0.00231817117671,0.00040530921667,9.87959278632e-13,0
540.0,0.0015328649647,0.000885,1.26076423914e-12,0
540.0,0.000885,0.0015328649647,1.2614693394e-12,0
540.0,0.000427053001345,0.00287092483521,6.82223160899e-13,0
540.0,0.00187618296239,0.00184774001435,8.33381291981e-13,0
540.0,0.00312733402203,0.000607809752493,5.19224567686e-13,0
540.0,0.00276214303706,0.00136595635004,5.76887752064e-13,0
540.0,0.0014100336009,0.00268674970267,6.04801437464e-13,0
540.0,-0.075,-0.075,1.36993238908e-12,0
540.0,-0.07,-0.075,1.09507633999e-12,0
540.0,-0.075,-0.07,1.10192314957e-12,0
540.0,-0.07,-0.07,8.70942208783e-13,0
540.0,-0.075,-0.065,8.35230286061e-13,0
540.0,-0.07,-0.065,6.55705041699e-13,0
540.0,-0.065,-0.075,7.79602991681e-13,0
540.0,-0.065,-0.07,6.14561886993e-13,0
540.0,-0.065,-0.065,4.54185212077e-13,0
540.0,-0.075,-0.06,6.24907262701e-13,0
540.0,-0.07,-0.06,4.75718939781e-13,0
540.0,-0.065,-0.06,3.11179038306e-13,0
540.0,-0.075,-0.055,4.65415264935e-13,0
540.0,-0.07,-0.055,3.38998159805e-13,0
540.0,-0.065,-0.055,2.03461795882e-13,0
540.0,-0.075,-0.05,3.59597004715e-13,0
540.0,-0.07,-0.05,2.43269545848e-13,0
540.0,-0.065,-0.05,1.24276980432e-13,0
540.0,-0.075,-0.045,2.65236392283e-13,0
540.0,-0.07,-0.045,1.58628769816e-13,0
540.0,-0.065,-0.045,5.33195575314e-14,0
540.0,-0.075,-0.04,1.814511963e-13,0
540.0,-0.07,-0.04,8.96436552576e-14,0
540.0,-0.075,-0.035,1.27394488405e-13,0
540.0,-0.07,-0.035,4.50382869012e-14,0
540.0,-0.065,-0.04,-1.89924135226e-15,0
540.0,-0.065,-0.035,-3.95475266883e-14,0
540.0,-0.075,-0.03,1.00990383377e-13,0
540.0,-0.07,-0.03,2.14046164194e-14,0
540.0,-0.075,-0.025,8.954551094e-14,0
540.0,-0.07,-0.025,1.18303955951e-14,0
540.0,-0.065,-0.03,-6.1509271911e-14,0
540.0,-0.065,-0.025,-6.91971632381e-14,0
540.0,-0.075,-0.02,1.00204458332e-13,0
540.0,-0.07,-0.02,2.27297919995e-14,0
540.0,-0.075,-0.015,1.38984341952e-13,0
540.0,-0.07,-0.015,5.82927387026e-14,0
540.0,-0.065,-0.02,-5.91862106011e-14,0
540.0,-0.065,-0.015,-2.95727883538e-14,0
540.0,-0.075,-0.01,1.96438334318e-13,0
540.0,-0.07,-0.01,1.14990518218e-13,0
540.0,-0.075,-0.005,2.59222715131e-13,0
540.0,-0.07,-0.005,1.81484418839e-13,0
540.0,-0.065,-0.01,2.87353672998e-14,0
540.0,-0.065,-0.005,1.04605921849e-13,0
540.0,-0.075,0,3.12823854196e-13,0
540.0,-0.07,0,2.41473671146e-13,0
540.0,-0.075,0.005,3.43046000392e-13,0
540.0,-0.07,0.005,2.8017819342e-13,0
540.0,-0.065,4.16333634234e-19,1.76311398161e-13,0
540.0,-0.065,0.005,2.26755863122e-13,0
540.0,-0.075,0.01,3.44220850255e-13,0
540.0,-0.07,0.01,2.90089097867e-13,0
540.0,-0.075,0.015,3.13907798194e-13,0
540.0,-0.07,0.015,2.68520178965e-13,0
540.0,-0.065,0.01,2.47744721563e-13,0
540.0,-0.065,0.015,2.37465708799e-13,0
540.0,-0.075,0.02,2.48732659668e-13,0
540.0,-0.07,0.02,2.11551820521e-13,0
540.0,-0.075,0.025,1.53014200424e-13,0
540.0,-0.07,0.025,1.21119851833e-13,0
540.0,-0.065,0.02,1.89418086365e-13,0
540.0,-0.065,0.025,1.05347858311e-13,0
540.0,-0.075,0.03,-1.19105777704e-14,0
540.0,-0.07,0.03,-2.59852870126e-14,0
540.0,-0.075,0.035,-2.42347171191e-13,0
540.0,-0.07,0.035,-2.19941406126e-13,0
540.0,-0.065,0.03,-2.16918955913e-14,0
540.0,-0.065,0.035,-1.78718253659e-13,0
540.0,-0.075,0.04,-5.25928075975e-13,0
540.0,-0.07,0.04,-4.32497505202e-13,0
540.0,-0.075,0.045,-7.54325874228e-13,0
540.0,-0.07,0.045,-6.07913651611e-13,0
540.0,-0.065,0.04,-3.39166708208e-13,0
540.0,-0.065,0.045,-4.83766003609e-13,0
540.0,-0.075,0.05,-8.37154170366e-13,0
540.0,-0.07,0.05,-6.7994527626e-13,0
540.0,-0.075,0.055,-7.53651522619e-13,0
540.0,-0.07,0.055,-6.06629724078e-13,0
540.0,-0.065,0.05,-5.61644821446e-13,0
540.0,-0.065,0.055,-5.06357049606e-13,0
540.0,-0.075,0.06,-4.486711478e-13,0
540.0,-0.07,0.06,-3.42075803431e-13,0
540.0,-0.075,0.065,5.93662237706e-14,0
540.0,-0.07,0.065,1.02030239329e-13,0
540.0,-0.065,0.06,-2.82723037605e-13,0
540.0,-0.065,0.065,1.03028005207e-13,0
540.0,-0.075,0.07,6.64002981788e-13,0
540.0,-0.07,0.07,6.44721105335e-13,0
540.0,-0.075,0.075,1.27700562388e-12,0
540.0,-0.07,0.075,1.21710951997e-12,0
540.0,-0.065,0.07,5.84414689031e-13,0
540.0,-0.065,0.075,1.10160990663e-12,0
540.0,-0.06,-0.075,4.53337009129e-13,0
540.0,-0.06,-0.07,3.45092098573e-13,0
540.0,-0.06,-0.065,2.33930020502e-13,0
540.0,-0.055,-0.075,1.6312327697e-13,0
540.0,-0.055,-0.07,1.09679276221e-13,0
540.0,-0.055,-0.065,4.61648739742e-14,0
540.0,-0.06,-0.06,1.41282599768e-13,0
540.0,-0.06,-0.055,7.01667089825e-14,0
540.0,-0.055,-0.06,-3.91446935452e-16,0
540.0,-0.055,-0.055,-4.40419533363e-14,0
540.0,-0.06,-0.05,1.07759458359e-14,0
540.0,-0.055,-0.05,-8.82704626109e-14,0
540.0,-0.06,-0.045,-4.37782215846e-14,0
540.0,-0.055,-0.045,-1.3098188696e-13,0
540.0,-0.06,-0.04,-8.85162876198e-14,0
540.0,-0.055,-0.04,-1.68383807101e-13,0
540.0,-0.06,-0.035,-1.22246681748e-13,0
540.0,-0.055,-0.035,-1.98420634412e-13,0
540.0,-0.06,-0.03,-1.43619540443e-13,0
540.0,-0.06,-0.025,-1.51588259804e-13,0
540.0,-0.055,-0.03,-2.19638120244e-13,0
540.0,-0.055,-0.025,-2.31786375112e-13,0
540.0,-0.06,-0.02,-1.43473557856e-13,0
540.0,-0.06,-0.015,-1.19746262335e-13,0
540.0,-0.055,-0.02,-2.28971843382e-13,0
540.0,-0.055,-0.015,-2.09535725596e-13,0
540.0,-0.06,-0.01,-6.14272527393e-14,0
540.0,-0.06,-0.005,2.69964544697e-14,0
540.0,-0.055,-0.01,-1.48954382039e-13,0
540.0,-0.055,-0.005,-4.55798380175e-14,0
540.0,-0.06,0,1.15702003501e-13,0
540.0,-0.06,0.005,1.82041599329e-13,0
540.0,-0.055,4.16333634234e-19,6.36929187007e-14,0
540.0,-0.055,0.005,1.4801688848e-13,0
540.0,-0.06,0.01,2.16609180316e-13,0
540.0,-0.06,0.015,2.22337810484e-13,0
540.0,-0.055,0.01,1.95622228461e-13,0
540.0,-0.055,0.015,2.14157942858e-13,0
540.0,-0.06,0.02,1.91876068172e-13,0
540.0,-0.06,0.025,1.17375953427e-13,0
540.0,-0.055,0.02,2.02635179565e-13,0
540.0,-0.055,0.025,1.43313991692e-13,0
540.0,-0.06,0.03,7.70661839654e-15,0
540.0,-0.06,0.035,-1.20573761449e-13,0
540.0,-0.055,0.03,5.07378982992e-14,0
540.0,-0.055,0.035,-5.54354943305e-14,0
540.0,-0.06,0.04,-2.54028569557e-13,0
540.0,-0.06,0.045,-3.78290716313e-13,0
540.0,-0.055,0.04,-1.70096844031e-13,0
540.0,-0.055,0.045,-2.73915773529e-13,0
540.0,-0.06,0.05,-4.53627517748e-13,0
540.0,-0.06,0.055,-4.32160816901e-13,0
540.0,-0.055,0.05,-3.38008116271e-13,0
540.0,-0.055,0.055,-3.60992495482e-13,0
540.0,-0.06,0.06,-2.58344302572e-13,0
540.0,-0.06,0.065,6.58115658225e-14,0
540.0,-0.055,0.06,-2.48042956089e-13,0
540.0,-0.055,0.065,9.87643376826e-15,0
540.0,-0.06,0.07,4.78013688609e-13,0
540.0,-0.06,0.075,9.20516676593e-13,0
540.0,-0.055,0.07,3.41415042347e-13,0
540.0,-0.055,0.075,6.95512467895e-13,0
540.0,-0.05,-0.075,-4.51309474272e-14,0
540.0,-0.05,-0.07,-5.67923492887e-14,0
540.0,-0.045,-0.075,-1.49300380868e-13,0
540.0,-0.045,-0.07,-1.51058658216e-13,0
540.0,-0.05,-0.065,-7.53658899695e-14,0
540.0,-0.045,-0.065,-1.62505694261e-13,0
540.0,-0.05,-0.06,-1.03942635568e-13,0
540.0,-0.05,-0.055,-1.36640965754e-13,0
540.0,-0.045,-0.06,-1.87797977603e-13,0
540.0,-0.045,-0.055,-2.12628419069e-13,0
540.0,-0.05,-0.05,-1.70719662063e-13,0
540.0,-0.05,-0.045,-2.04587575751e-13,0
540.0,-0.045,-0.05,-2.36833402844e-13,0
540.0,-0.045,-0.045,-2.61570841223e-13,0
540.0,-0.05,-0.04,-2.35209893394e-13,0
540.0,-0.045,-0.04,-2.84075115339e-13,0
540.0,-0.05,-0.035,-2.6072446792e-13,0
540.0,-0.045,-0.035,-3.03367317613e-13,0
540.0,-0.05,-0.03,-2.80379600608e-13,0
540.0,-0.045,-0.03,-3.18318429712e-13,0
540.0,-0.05,-0.025,-2.96034205437e-13,0
540.0,-0.045,-0.025,-3.30547319517e-13,0
540.0,-0.05,-0.02,-3.00881284445e-13,0
540.0,-0.05,-0.015,-2.88525948882e-13,0
540.0,-0.045,-0.02,-3.34489353922e-13,0
540.0,-0.045,-0.015,-3.26445569942e-13,0
540.0,-0.05,-0.01,-2.24344938315e-13,0
540.0,-0.05,-0.005,-1.02494126713e-13,0
540.0,-0.045,-0.01,-2.64868435989e-13,0
540.0,-0.045,-0.005,-1.3349157525e-13,0
540.0,-0.05,0,3.09059915517e-14,0
540.0,-0.05,0.005,1.31088834835e-13,0
540.0,-0.045,4.16333634234e-19,1.83770104016e-14,0
540.0,-0.045,0.005,1.25905421085e-13,0
540.0,-0.05,0.01,1.83594995374e-13,0
540.0,-0.05,0.015,2.09414820455e-13,0
540.0,-0.045,0.01,1.70322702865e-13,0
540.0,-0.045,0.015,1.97826109371e-13,0
540.0,-0.05,0.02,2.08335110665e-13,0
540.0,-0.05,0.025,1.67348426044e-13,0
540.0,-0.045,0.02,2.03756320682e-13,0
540.0,-0.045,0.025,1.79537956112e-13,0
540.0,-0.05,0.03,9.67372879277e-14,0
540.0,-0.05,0.035,1.26718846521e-14,0
540.0,-0.045,0.03,1.32985558501e-13,0
540.0,-0.045,0.035,7.58386232791e-14,0
540.0,-0.05,0.04,-8.53575664855e-14,0
540.0,-0.05,0.045,-1.75395191894e-13,0
540.0,-0.045,0.04,-4.08121212819e-15,0
540.0,-0.045,0.045,-8.60107216377e-14,0
540.0,-0.05,0.05,-2.38036201372e-13,0
540.0,-0.05,0.055,-2.75401257565e-13,0
540.0,-0.045,0.05,-1.49247656533e-13,0
540.0,-0.045,0.055,-1.91282657764e-13,0
540.0,-0.05,0.06,-2.17972117181e-13,0
540.0,-0.05,0.065,-4.01903706515e-14,0
540.0,-0.045,0.06,-1.71291554014e-13,0
540.0,-0.045,0.065,-7.07357673364e-14,0
540.0,-0.05,0.07,2.00194560317e-13,0
540.0,-0.05,0.075,4.56416677572e-13,0
540.0,-0.045,0.07,7.73116661159e-14,0
540.0,-0.045,0.075,2.35775745386e-13,0
540.0,-0.04,-0.075,-1.77845440271e-13,0
540.0,-0.04,-0.07,-1.81477791538e-13,0
540.0,-0.035,-0.075,-1.80604999942e-13,0
540.0,-0.035,-0.07,-1.82236999221e-13,0
540.0,-0.04,-0.065,-1.97244624347e-13,0
540.0,-0.035,-0.065,-1.94690682097e-13,0
540.0,-0.04,-0.06,-2.29122427837e-13,0
540.0,-0.035,-0.06,-2.17610083546e-13,0
540.0,-0.04,-0.055,-2.53226151831e-13,0
540.0,-0.035,-0.055,-2.37334647072e-13,0
540.0,-0.04,-0.05,-2.68491454275e-13,0
540.0,-0.04,-0.045,-2.85582041732e-13,0
540.0,-0.035,-0.05,-2.51261889246e-13,0
540.0,-0.035,-0.045,-2.64971702239e-13,0
540.0,-0.04,-0.04,-3.01062555196e-13,0
540.0,-0.04,-0.035,-3.14243835551e-13,0
540.0,-0.035,-0.04,-2.76689260451e-13,0
540.0,-0.035,-0.035,-2.85108793014e-13,0
540.0,-0.04,-0.03,-3.23496993141e-13,0
540.0,-0.035,-0.03,-2.89946092093e-13,0
540.0,-0.04,-0.025,-3.29351699563e-13,0
540.0,-0.035,-0.025,-2.91723614791e-13,0
540.0,-0.04,-0.02,-3.27973285444e-13,0
540.0,-0.035,-0.02,-2.87848686626e-13,0
540.0,-0.04,-0.015,-3.20460276398e-13,0
540.0,-0.035,-0.015,-2.77837151659e-13,0
540.0,-0.04,-0.01,-2.65242492e-13,0
540.0,-0.04,-0.005,-1.42554040689e-13,0
540.0,-0.035,-0.01,-2.30198291044e-13,0
540.0,-0.035,-0.005,-1.3140035419e-13,0
540.0,-0.04,0,9.54967006612e-15,0
540.0,-0.04,0.005,1.16242645421e-13,0
540.0,-0.035,4.16333634234e-19,4.31899922677e-15,0
540.0,-0.035,0.005,1.04768934686e-13,0
540.0,-0.04,0.01,1.58180334333e-13,0
540.0,-0.04,0.015,1.86387769368e-13,0
540.0,-0.035,0.01,1.47568062704e-13,0
540.0,-0.035,0.015,1.74469861239e-13,0
540.0,-0.04,0.02,1.95562076297e-13,0
540.0,-0.04,0.025,1.83327108017e-13,0
540.0,-0.035,0.02,1.83855492049e-13,0
540.0,-0.035,0.025,1.80730612172e-13,0
540.0,-0.04,0.03,1.54336277816e-13,0
540.0,-0.04,0.035,1.17953608156e-13,0
540.0,-0.035,0.03,1.64621716628e-13,0
540.0,-0.035,0.035,1.40837781928e-13,0
540.0,-0.04,0.04,6.37132351971e-14,0
540.0,-0.04,0.045,-5.62274655225e-15,0
540.0,-0.035,0.04,1.03938551846e-13,0
540.0,-0.035,0.045,4.9468005818e-14,0
540.0,-0.04,0.05,-7.16816893455e-14,0
540.0,-0.04,0.055,-1.18466621393e-13,0
540.0,-0.035,0.05,-1.19448170015e-14,0
540.0,-0.035,0.055,-6.1262643153e-14,0
540.0,-0.04,0.06,-1.22680709964e-13,0
540.0,-0.04,0.065,-7.92054410179e-14,0
540.0,-0.035,0.06,-8.1515828796e-14,0
540.0,-0.035,0.065,-7.21485256057e-14,0
540.0,-0.04,0.07,-1.11913656877e-14,0
540.0,-0.04,0.075,5.9133223752e-14,0
540.0,-0.035,0.07,-5.52937376082e-14,0
540.0,-0.035,0.075,-4.30323451518e-14,0
540.0,-0.03,-0.075,-1.5538601348e-13,0
540.0,-0.03,-0.07,-1.53612025245e-13,0
540.0,-0.025,-0.075,-1.09195520692e-13,0
540.0,-0.025,-0.07,-1.03237669388e-13,0
540.0,-0.03,-0.065,-1.58956136324e-13,0
540.0,-0.025,-0.065,-9.89896784591e-14,0
540.0,-0.03,-0.06,-1.69623751737e-13,0
540.0,-0.025,-0.06,-9.69896449442e-14,0
540.0,-0.03,-0.055,-1.8220110095e-13,0
540.0,-0.025,-0.055,-1.00186952738e-13,0
540.0,-0.03,-0.05,-1.94644361289e-13,0
540.0,-0.025,-0.05,-1.09336023909e-13,0
540.0,-0.03,-0.045,-2.07185574001e-13,0
540.0,-0.025,-0.045,-1.21078058426e-13,0
540.0,-0.03,-0.04,-2.17748170695e-13,0
540.0,-0.03,-0.035,-2.24678816334e-13,0
540.0,-0.025,-0.04,-1.32969206196e-13,0
540.0,-0.025,-0.035,-1.43194552144e-13,0
540.0,-0.03,-0.03,-2.28360656658e-13,0
540.0,-0.03,-0.025,-2.29216818973e-13,0
540.0,-0.025,-0.03,-1.50424786498e-13,0
540.0,-0.025,-0.025,-1.5428396904e-13,0
540.0,-0.03,-0.02,-2.25321858599e-13,0
540.0,-0.025,-0.02,-1.5338842936e-13,0
540.0,-0.03,-0.015,-2.16351094059e-13,0
540.0,-0.025,-0.015,-1.46901425208e-13,0
540.0,-0.03,-0.01,-1.75662056149e-13,0
540.0,-0.025,-0.01,-1.15174690648e-13,0
540.0,-0.03,-0.005,-9.67977248679e-14,0
540.0,-0.025,-0.005,-5.39681290224e-14,0
540.0,-0.03,0,9.11922376537e-15,0
540.0,-0.03,0.005,9.33420140364e-14,0
540.0,-0.025,4.16333634234e-19,1.98989493593e-14,0
540.0,-0.025,0.005,8.11351620061e-14,0
540.0,-0.03,0.01,1.35337284017e-13,0
540.0,-0.03,0.015,1.59757943094e-13,0
540.0,-0.025,0.01,1.1827117544e-13,0
540.0,-0.025,0.015,1.40632310093e-13,0
540.0,-0.03,0.02,1.68584923224e-13,0
540.0,-0.03,0.025,1.70278749229e-13,0
540.0,-0.025,0.02,1.50544085812e-13,0
540.0,-0.025,0.025,1.54245495758e-13,0
540.0,-0.03,0.03,1.63173207526e-13,0
540.0,-0.03,0.035,1.48474842888e-13,0
540.0,-0.025,0.03,1.51268326108e-13,0
540.0,-0.025,0.035,1.42541395844e-13,0
540.0,-0.03,0.04,1.18929885883e-13,0
540.0,-0.03,0.045,7.3911069147e-14,0
540.0,-0.025,0.04,1.19621492898e-13,0
540.0,-0.025,0.045,8.00944860379e-14,0
540.0,-0.03,0.05,2.20617331558e-14,0
540.0,-0.03,0.055,-2.3021973113e-14,0
540.0,-0.025,0.05,3.43384781827e-14,0
540.0,-0.025,0.055,-5.48587847968e-15,0
540.0,-0.03,0.06,-5.14922458278e-14,0
540.0,-0.03,0.065,-6.31788065958e-14,0
540.0,-0.025,0.06,-3.26253037306e-14,0
540.0,-0.025,0.065,-5.2021000035e-14,0
540.0,-0.03,0.07,-6.66387906925e-14,0
540.0,-0.03,0.075,-7.17264950372e-14,0
540.0,-0.025,0.07,-6.56704358188e-14,0
540.0,-0.025,0.075,-7.85952776473e-14,0
540.0,-0.02,-0.075,-1.10280080457e-14,0
540.0,-0.02,-0.07,-5.11951893579e-15,0
540.0,-0.015,-0.075,1.0279565788e-13,0
540.0,-0.015,-0.07,1.03610622912e-13,0
540.0,-0.02,-0.065,2.44914103915e-15,0
540.0,-0.015,-0.065,1.08979327447e-13,0
540.0,-0.02,-0.06,7.70017218509e-15,0
540.0,-0.015,-0.06,1.14844440758e-13,0
540.0,-0.02,-0.055,4.8905986203e-15,0
540.0,-0.015,-0.055,1.15382605502e-13,0
540.0,-0.02,-0.05,-5.16660955495e-15,0
540.0,-0.015,-0.05,1.06414143362e-13,0
540.0,-0.02,-0.045,-1.850895829e-14,0
540.0,-0.015,-0.045,9.11602205835e-14,0
540.0,-0.02,-0.04,-3.35080288776e-14,0
540.0,-0.015,-0.04,7.21619173815e-14,0
540.0,-0.02,-0.035,-4.86426516142e-14,0
540.0,-0.015,-0.035,5.15189087739e-14,0
540.0,-0.02,-0.03,-6.19400777809e-14,0
540.0,-0.02,-0.025,-7.19572450937e-14,0
540.0,-0.015,-0.03,3.07690787026e-14,0
540.0,-0.015,-0.025,1.20723050168e-14,0
540.0,-0.02,-0.02,-7.71260294893e-14,0
540.0,-0.02,-0.015,-7.55323780629e-14,0
540.0,-0.015,-0.02,-3.27979385495e-15,0
540.0,-0.015,-0.015,-1.07380815628e-14,0
540.0,-0.02,-0.01,-5.53418754161e-14,0
540.0,-0.015,-0.01,-6.41831691672e-15,0
540.0,-0.02,-0.005,-1.68041465777e-14,0
540.0,-0.015,-0.005,9.03986351518e-15,0
540.0,-0.02,0,2.87319836314e-14,0
540.0,-0.015,4.16333634234e-19,3.21094542913e-14,0
540.0,-0.02,0.005,6.9371408715e-14,0
540.0,-0.015,0.005,5.71905905466e-14,0
540.0,-0.02,0.01,9.91770581657e-14,0
540.0,-0.02,0.015,1.19082427404e-13,0
540.0,-0.015,0.01,7.98496739264e-14,0
540.0,-0.015,0.015,9.64048248444e-14,0
540.0,-0.02,0.02,1.29416699106e-13,0
540.0,-0.02,0.025,1.336529429e-13,0
540.0,-0.015,0.02,1.05934814794e-13,0
540.0,-0.015,0.025,1.09940099714e-13,0
540.0,-0.02,0.03,1.32119700691e-13,0
540.0,-0.02,0.035,1.26373349809e-13,0
540.0,-0.015,0.03,1.08806826863e-13,0
540.0,-0.015,0.035,1.0367304606e-13,0
540.0,-0.02,0.04,1.08137186612e-13,0
540.0,-0.02,0.045,7.39018788366e-14,0
540.0,-0.015,0.04,8.90465117294e-14,0
540.0,-0.015,0.045,5.99450674553e-14,0
540.0,-0.02,0.05,3.35876440997e-14,0
540.0,-0.02,0.055,-1.05814661969e-15,0
540.0,-0.015,0.05,2.64066691033e-14,0
540.0,-0.015,0.055,-1.41529038159e-15,0
540.0,-0.02,0.06,-2.53599755464e-14,0
540.0,-0.02,0.065,-4.37474978667e-14,0
540.0,-0.015,0.06,-2.09977963438e-14,0
540.0,-0.015,0.065,-3.62581909256e-14,0
540.0,-0.02,0.07,-5.79245205096e-14,0
540.0,-0.02,0.075,-7.13902297124e-14,0
540.0,-0.015,0.07,-4.84651994223e-14,0
540.0,-0.015,0.075,-6.03771727762e-14,0
540.0,-0.01,-0.075,1.7474310811e-13,0
540.0,-0.01,-0.07,1.7554218823e-13,0
540.0,-0.005,-0.075,2.19871487947e-13,0
540.0,-0.005,-0.07,2.22220477193e-13,0
540.0,-0.01,-0.065,1.83214118834e-13,0
540.0,-0.005,-0.065,2.3301579906e-13,0
540.0,-0.01,-0.06,1.95085136826e-13,0
540.0,-0.005,-0.06,2.51918811823e-13,0
540.0,-0.01,-0.055,2.08793104635e-13,0
540.0,-0.005,-0.055,2.76469303876e-13,0
540.0,-0.01,-0.05,2.13613394018e-13,0
540.0,-0.005,-0.05,2.9863855996e-13,0
540.0,-0.01,-0.045,2.02952223255e-13,0
540.0,-0.005,-0.045,3.06214661666e-13,0
540.0,-0.01,-0.04,1.81675653051e-13,0
540.0,-0.005,-0.04,2.87763497704e-13,0
540.0,-0.01,-0.035,1.55059181572e-13,0
540.0,-0.005,-0.035,2.54138560255e-13,0
540.0,-0.01,-0.03,1.24244970876e-13,0
540.0,-0.005,-0.03,2.10462534738e-13,0
540.0,-0.01,-0.025,9.22524474567e-14,0
540.0,-0.005,-0.025,1.64356066708e-13,0
540.0,-0.01,-0.02,6.25529314265e-14,0
540.0,-0.01,-0.015,3.87230672701e-14,0
540.0,-0.005,-0.02,1.19813765063e-13,0
540.0,-0.005,-0.015,7.90219893779e-14,0
540.0,-0.0117873230072,-0.0115873794689,1.56550471006e-14,0
540.0,-0.00939961996336,-0.005,2.27812836443e-14,0
540.0,-0.00792797428371,-0.00964253216809,3.30034391291e-14,0
540.0,-0.005,-0.00939961996336,4.22983282545e-14,0
540.0,-0.0108753492546,-0.00150606400588,2.66194896963e-14,0
540.0,-0.00818101620308,-0.00211452602544,2.43420026966e-14,0
540.0,-0.00651817360753,-0.000255934956239,2.14472880166e-14,0
540.0,-0.005,6.71033969428e-08,1.1448733118e-14,0
540.0,-0.0107292118043,0.00160660295843,3.51452338971e-14,0
540.0,-0.0080188992252,0.000768320427092,2.75093604512e-14,0
540.0,-0.00939946851065,0.005,4.31322475555e-14,0
540.0,-0.00802129342231,0.00264911934363,3.20132415732e-14,0
540.0,-0.00887989370213,0.00887989479405,5.4064431689e-14,0
540.0,-0.01,0.015,7.39032061079e-14,0
540.0,-0.005,0.00939947397025,4.2469904679e-14,0
540.0,-0.005,0.015,5.19848813236e-14,0
540.0,-0.01,0.02,8.0745382189e-14,0
540.0,-0.01,0.025,8.27849838812e-14,0
540.0,-0.005,0.02,5.43451559112e-14,0
540.0,-0.005,0.025,5.24757887029e-14,0
540.0,-0.01,0.03,7.98853795254e-14,0
540.0,-0.01,0.035,7.23561813607e-14,0
540.0,-0.005,0.03,4.61621679826e-14,0
540.0,-0.005,0.035,3.25104952273e-14,0
540.0,-0.01,0.04,5.65072684588e-14,0
540.0,-0.01,0.045,3.36176167177e-14,0
540.0,-0.005,0.04,1.52040864781e-14,0
540.0,-0.005,0.045,2.26599834632e-16,0
540.0,-0.01,0.05,1.09921778107e-14,0
540.0,-0.01,0.055,-6.4253008894e-15,0
540.0,-0.005,0.05,-9.89930353917e-15,0
540.0,-0.005,0.055,-1.51663692988e-14,0
540.0,-0.01,0.06,-1.87896916975e-14,0
540.0,-0.01,0.065,-2.85528960246e-14,0
540.0,-0.005,0.06,-1.85673949153e-14,0
540.0,-0.005,0.065,-2.02979657081e-14,0
540.0,-0.01,0.07,-3.6856349049e-14,0
540.0,-0.01,0.075,-4.54616160003e-14,0
540.0,-0.005,0.07,-2.2929988324e-14,0
540.0,-0.005,0.075,-2.66928919662e-14,0
540.0,0,-0.075,2.36033951987e-13,0
540.0,0,-0.07,2.41731874989e-13,0
540.0,0.005,-0.075,2.25070520259e-13,0
540.0,0.005,-0.07,2.35286978942e-13,0
540.0,0,-0.065,2.57351025128e-13,0
540.0,0.005,-0.065,2.60427862442e-13,0
540.0,0,-0.06,2.82613636615e-13,0
540.0,0.005,-0.06,2.92763589058e-13,0
540.0,0,-0.055,3.1600610085e-13,0
540.0,0.005,-0.055,3.31408446347e-13,0
540.0,0,-0.05,3.53394884625e-13,0
540.0,0.005,-0.05,3.76782417612e-13,0
540.0,0,-0.045,3.84773230148e-13,0
540.0,0.005,-0.045,4.23074274758e-13,0
540.0,0,-0.04,3.80869051675e-13,0
540.0,0.005,-0.04,4.36680961666e-13,0
540.0,0,-0.035,3.37072715717e-13,0
540.0,0.005,-0.035,3.95286766741e-13,0
540.0,0,-0.03,2.82577826464e-13,0
540.0,0.005,-0.03,3.38013718493e-13,0
540.0,0,-0.025,2.26301224001e-13,0
540.0,0.005,-0.025,2.77233550575e-13,0
540.0,0,-0.02,1.70317459862e-13,0
540.0,0.005,-0.02,2.15294950343e-13,0
540.0,0,-0.015,1.15269619348e-13,0
540.0,0.005,-0.015,1.52343597864e-13,0
540.0,-0.0021196717084,-0.00776771017156,3.77565392954e-14,0
540.0,-0.00084550708518,-0.00631514607954,2.68237894418e-14,0
540.0,6.71033969406e-08,-0.005,1.30583902989e-14,0
540.0,-0.00139054260708,-0.0110960807567,6.77009702757e-14,0
540.0,0.00132468676756,-0.00775008274642,4.51681395475e-14,0
540.0,0.00160394440688,-0.0116908851489,8.8916293575e-14,0
540.0,0.005,-0.00939946851065,8.17545326933e-14,0
540.0,0.005,0.005,2.19654109533e-14,0
540.0,-0.000107646311398,0.00617659695633,2.03969045536e-14,0
540.0,-0.00190846935279,0.0076427502668,2.89849026657e-14,0
540.0,0.00131146485568,0.00777290068297,2.40663422336e-14,0
540.0,0.00295884413402,0.00640276348073,2.13981104787e-14,0
540.0,-1.21517769428e-05,0.0108932602996,3.03019003346e-14,0
540.0,0,0.015,3.07226180918e-14,0
540.0,0.005,0.00939942566771,1.89651660604e-14,0
540.0,0.005,0.015,8.6009726609e-15,0
540.0,0,0.02,2.58376219795e-14,0
540.0,0,0.025,1.73540697821e-14,0
540.0,0.005,0.02,-5.17184004791e-15,0
540.0,0.005,0.025,-2.14595791701e-14,0
540.0,0,0.03,3.70096787526e-15,0
540.0,0,0.035,-1.22116069879e-14,0
540.0,0.005,0.03,-4.05139025221e-14,0
540.0,0.005,0.035,-5.64554422873e-14,0
540.0,0,0.04,-2.3809165128e-14,0
540.0,0,0.045,-3.09895307789e-14,0
540.0,0.005,0.04,-6.41697622803e-14,0
540.0,0.005,0.045,-6.38059606201e-14,0
540.0,0,0.05,-3.13511025159e-14,0
540.0,0,0.055,-2.69467497492e-14,0
540.0,0.005,0.05,-5.26867502099e-14,0
540.0,0.005,0.055,-3.76518788722e-14,0
540.0,0,0.06,-1.99388992685e-14,0
540.0,0,0.065,-1.2151000379e-14,0
540.0,0.005,0.06,-2.00341152722e-14,0
540.0,0.005,0.065,-1.88238839646e-15,0
540.0,0,0.07,-5.64838696033e-15,0
540.0,0,0.075,-4.57259240765e-16,0
540.0,0.005,0.07,1.49799168825e-14,0
540.0,0.005,0.075,3.07664131919e-14,0
540.0,0.01,-0.075,8.74352611284e-14,0
540.0,0.01,-0.07,1.27482107009e-13,0
540.0,0.015,-0.075,-2.02779809362e-13,0
540.0,0.015,-0.07,-9.86972967243e-14,0
540.0,0.01,-0.065,1.81984788727e-13,0
540.0,0.015,-0.065,7.2678416639e-15,0
540.0,0.01,-0.06,2.43931415641e-13,0
540.0,0.015,-0.06,1.19702837997e-13,0
540.0,0.01,-0.055,3.04134418145e-13,0
540.0,0.015,-0.055,2.2549796372e-13,0
540.0,0.01,-0.05,3.62392218879e-13,0
540.0,0.015,-0.05,3.13294962349e-13,0
540.0,0.01,-0.045,4.21139748525e-13,0
540.0,0.015,-0.045,3.83962123472e-13,0
540.0,0.01,-0.04,4.49759369709e-13,0
540.0,0.015,-0.04,4.20584803287e-13,0
540.0,0.01,-0.035,4.22454882676e-13,0
540.0,0.015,-0.035,4.10314598589e-13,0
540.0,0.01,-0.03,3.71437513355e-13,0
540.0,0.015,-0.03,3.75602674697e-13,0
540.0,0.01,-0.025,3.13690090711e-13,0
540.0,0.015,-0.025,3.30039457813e-13,0
540.0,0.01,-0.02,2.52480600325e-13,0
540.0,0.01,-0.015,1.90435376987e-13,0
540.0,0.015,-0.02,2.76623034747e-13,0
540.0,0.015,-0.015,2.20822499558e-13,0
540.0,0.00999280436795,-0.0116358337096,1.47135644993e-13,0
540.0,0.0105889214373,-0.00845762197625,1.12535182241e-13,0
540.0,0.015,-0.01,1.6065785796e-13,0
540.0,0.00939947397025,-0.005,6.86817066836e-14,0
540.0,0.015,-0.005,1.0252254106e-13,0
540.0,0.00658051136513,-0.00296146438142,3.52859283071e-14,0
540.0,0.00636794669772,-3.54305826484e-06,2.49556538548e-14,0
540.0,0.00795807888052,-0.00113999998936,3.69692729429e-14,0
540.0,0.00758147027913,0.00183630393596,2.87240530596e-14,0
540.0,0.0112534647756,-1.47536350887e-07,4.5954026232e-14,0
540.0,0.015,4.16333634234e-19,5.49647840062e-14,0
540.0,0.00939942566771,0.005,2.3126249632e-14,0
540.0,0.015,0.005,1.71880700941e-14,0
540.0,0.00999018807453,0.0109670628501,3.49513898102e-16,0
540.0,0.01,0.015,-1.58245738002e-14,0
540.0,0.015,0.01,-1.32100256559e-14,0
540.0,0.015,0.015,-4.20482293036e-14,0
540.0,0.01,0.02,-3.69824704786e-14,0
540.0,0.01,0.025,-5.85868996628e-14,0
540.0,0.015,0.02,-6.88385864599e-14,0
540.0,0.015,0.025,-9.39898952377e-14,0
540.0,0.01,0.03,-8.00796382977e-14,0
540.0,0.01,0.035,-9.84953076583e-14,0
540.0,0.015,0.03,-1.16902810979e-13,0
540.0,0.015,0.035,-1.35317168639e-13,0
540.0,0.01,0.04,-1.0543189291e-13,0
540.0,0.01,0.045,-9.40185352191e-14,0
540.0,0.015,0.04,-1.3916367808e-13,0
540.0,0.015,0.045,-1.17530094269e-13,0
540.0,0.01,0.05,-7.0849799871e-14,0
540.0,0.01,0.055,-4.50873005884e-14,0
540.0,0.015,0.05,-8.45740802618e-14,0
540.0,0.015,0.055,-4.91598333404e-14,0
540.0,0.01,0.06,-1.74191148199e-14,0
540.0,0.01,0.065,1.0719140158e-14,0
540.0,0.015,0.06,-1.19135871839e-14,0
540.0,0.015,0.065,2.61753325609e-14,0
540.0,0.01,0.07,3.7972048871e-14,0
540.0,0.01,0.075,6.37151701637e-14,0
540.0,0.015,0.07,6.36779701386e-14,0
540.0,0.015,0.075,9.89794477374e-14,0
540.0,0.02,-0.075,-5.51845231711e-13,0
540.0,0.02,-0.07,-3.62225167287e-13,0
540.0,0.025,-0.075,-8.95565255871e-13,0
540.0,0.025,-0.07,-6.22961269328e-13,0
540.0,0.02,-0.065,-1.89523491245e-13,0
540.0,0.025,-0.065,-3.87071332505e-13,0
540.0,0.02,-0.06,-3.98486366023e-14,0
540.0,0.025,-0.06,-2.03758073286e-13,0
540.0,0.02,-0.055,1.0293165647e-13,0
540.0,0.025,-0.055,-3.42530025742e-14,0
540.0,0.02,-0.05,2.27335329322e-13,0
540.0,0.025,-0.05,1.16635812627e-13,0
540.0,0.02,-0.045,3.1759641594e-13,0
540.0,0.025,-0.045,2.32364712161e-13,0
540.0,0.02,-0.04,3.68252258697e-13,0
540.0,0.025,-0.04,3.05889134558e-13,0
540.0,0.02,-0.035,3.77486868259e-13,0
540.0,0.025,-0.035,3.34295231299e-13,0
540.0,0.02,-0.03,3.57748334248e-13,0
540.0,0.025,-0.03,3.29257128641e-13,0
540.0,0.02,-0.025,3.26376266551e-13,0
540.0,0.025,-0.025,3.09791794254e-13,0
540.0,0.02,-0.02,2.84877021406e-13,0
540.0,0.025,-0.02,2.78398592048e-13,0
540.0,0.02,-0.015,2.37624781166e-13,0
540.0,0.025,-0.015,2.39714149825e-13,0
540.0,0.02,-0.01,1.81542830652e-13,0
540.0,0.025,-0.01,1.8840022701e-13,0
540.0,0.02,-0.005,1.19564521684e-13,0
540.0,0.025,-0.005,1.23712262586e-13,0
540.0,0.02,0,5.93641293065e-14,0
540.0,0.025,4.16333634234e-19,5.3042684043e-14,0
540.0,0.02,0.005,6.8677182747e-15,0
540.0,0.025,0.005,-1.12978625348e-14,0
540.0,0.02,0.01,-3.5769487074e-14,0
540.0,0.025,0.01,-6.00257827041e-14,0
540.0,0.02,0.015,-7.09550830362e-14,0
540.0,0.025,0.015,-9.82839467831e-14,0
540.0,0.02,0.02,-1.00125333602e-13,0
540.0,0.02,0.025,-1.26960220239e-13,0
540.0,0.025,0.02,-1.28799008366e-13,0
540.0,0.025,0.025,-1.56212125019e-13,0
540.0,0.02,0.03,-1.49291612714e-13,0
540.0,0.02,0.035,-1.65125431688e-13,0
540.0,0.025,0.03,-1.77286716406e-13,0
540.0,0.025,0.035,-1.85339850468e-13,0
540.0,0.02,0.04,-1.62334354974e-13,0
540.0,0.02,0.045,-1.33914195748e-13,0
540.0,0.025,0.04,-1.72400729984e-13,0
540.0,0.025,0.045,-1.42799928014e-13,0
540.0,0.02,0.05,-9.36726242569e-14,0
540.0,0.02,0.055,-4.97422877199e-14,0
540.0,0.025,0.05,-9.86510957677e-14,0
540.0,0.025,0.055,-4.54400078993e-14,0
540.0,0.02,0.06,-2.8101443893e-15,0
540.0,0.02,0.065,4.51768777777e-14,0
540.0,0.025,0.06,1.12763213924e-14,0
540.0,0.025,0.065,6.78281142905e-14,0
540.0,0.02,0.07,9.32765209311e-14,0
540.0,0.02,0.075,1.4035676523e-13,0
540.0,0.025,0.07,1.2440022749e-13,0
540.0,0.025,0.075,1.81054272919e-13,0
540.0,0.03,-0.075,-1.18780866844e-12,0
540.0,0.03,-0.07,-8.50320570442e-13,0
540.0,0.035,-0.075,-1.39348295467e-12,0
540.0,0.035,-0.07,-1.0085122695e-12,0
540.0,0.03,-0.065,-5.66292407377e-13,0
540.0,0.035,-0.065,-6.89778758598e-13,0
540.0,0.03,-0.06,-3.51649893319e-13,0
540.0,0.035,-0.06,-4.58598312076e-13,0
540.0,0.03,-0.055,-1.61156196035e-13,0
540.0,0.035,-0.055,-2.57903174994e-13,0
540.0,0.03,-0.05,6.3896381265e-15,0
540.0,0.035,-0.05,-8.51599883237e-14,0
540.0,0.03,-0.045,1.42922505552e-13,0
540.0,0.035,-0.045,6.17910025844e-14,0
540.0,0.03,-0.04,2.37436833667e-13,0
540.0,0.035,-0.04,1.69794890657e-13,0
540.0,0.03,-0.035,2.83755649441e-13,0
540.0,0.035,-0.035,2.3021800091e-13,0
540.0,0.03,-0.03,2.92270634623e-13,0
540.0,0.035,-0.03,2.51249611371e-13,0
540.0,0.03,-0.025,2.82718730179e-13,0
540.0,0.035,-0.025,2.48739386414e-13,0
540.0,0.03,-0.02,2.58891199029e-13,0
540.0,0.035,-0.02,2.29265235136e-13,0
540.0,0.03,-0.015,2.26591103008e-13,0
540.0,0.035,-0.015,1.98389699479e-13,0
540.0,0.03,-0.01,1.78460545874e-13,0
540.0,0.035,-0.01,1.49678865248e-13,0
540.0,0.03,-0.005,1.1256705035e-13,0
540.0,0.035,-0.005,8.27140619082e-14,0
540.0,0.03,0,3.45487579419e-14,0
540.0,0.035,4.16333634234e-19,7.29377977104e-15,0
540.0,0.03,0.005,-3.5559123365e-14,0
540.0,0.035,0.005,-6.00272871445e-14,0
540.0,0.03,0.01,-8.42920410397e-14,0
540.0,0.035,0.01,-1.09777540605e-13,0
540.0,0.03,0.015,-1.23057028637e-13,0
540.0,0.035,0.015,-1.4592434534e-13,0
540.0,0.03,0.02,-1.52710142886e-13,0
540.0,0.035,0.02,-1.7043625825e-13,0
540.0,0.03,0.025,-1.78526102488e-13,0
540.0,0.035,0.025,-1.89868742962e-13,0
540.0,0.03,0.03,-1.95930049343e-13,0
540.0,0.03,0.035,-1.93881016904e-13,0
540.0,0.035,0.03,-1.99679789593e-13,0
540.0,0.035,0.035,-1.93767703338e-13,0
540.0,0.03,0.04,-1.73637732532e-13,0
540.0,0.03,0.045,-1.4372191637e-13,0
540.0,0.035,0.04,-1.70894422387e-13,0
540.0,0.035,0.045,-1.33443476901e-13,0
540.0,0.03,0.05,-9.56404544304e-14,0
540.0,0.03,0.055,-3.21200696426e-14,0
540.0,0.035,0.05,-7.67772186638e-14,0
540.0,0.035,0.055,-1.09988935527e-14,0
540.0,0.03,0.06,3.06710744668e-14,0
540.0,0.03,0.065,9.22790249071e-14,0
540.0,0.035,0.06,5.37529423928e-14,0
540.0,0.035,0.065,1.16913580859e-13,0
540.0,0.03,0.07,1.53301019721e-13,0
540.0,0.03,0.075,2.14312398817e-13,0
540.0,0.035,0.07,1.78740989336e-13,0
540.0,0.035,0.075,2.4078897783e-13,0
540.0,0.04,-0.075,-1.48138981115e-12,0
540.0,0.04,-0.07,-1.08343309569e-12,0
540.0,0.045,-0.075,-1.42903797131e-12,0
540.0,0.045,-0.07,-1.06434122358e-12,0
540.0,0.04,-0.065,-7.52317465393e-13,0
540.0,0.045,-0.065,-7.61006178507e-13,0
540.0,0.04,-0.06,-5.19745155411e-13,0
540.0,0.045,-0.06,-5.38698536634e-13,0
540.0,0.04,-0.055,-3.19012116199e-13,0
540.0,0.045,-0.055,-3.50808120551e-13,0
540.0,0.04,-0.05,-1.48931766679e-13,0
540.0,0.045,-0.05,-1.89799249309e-13,0
540.0,0.04,-0.045,-4.52062316364e-15,0
540.0,0.045,-0.045,-5.42830462618e-14,0
540.0,0.04,-0.04,1.02864301471e-13,0
540.0,0.045,-0.04,4.21756592906e-14,0
540.0,0.04,-0.035,1.69201258018e-13,0
540.0,0.045,-0.035,1.05883632528e-13,0
540.0,0.04,-0.03,2.01404021322e-13,0
540.0,0.045,-0.03,1.41809788036e-13,0
540.0,0.04,-0.025,2.05605320307e-13,0
540.0,0.045,-0.025,1.51964358261e-13,0
540.0,0.04,-0.02,1.89122549196e-13,0
540.0,0.045,-0.02,1.40324603291e-13,0
540.0,0.04,-0.015,1.584208105e-13,0
540.0,0.045,-0.015,1.11364985939e-13,0
540.0,0.04,-0.01,1.09807192856e-13,0
540.0,0.045,-0.01,6.54259509299e-14,0
540.0,0.04,-0.005,4.55403251775e-14,0
540.0,0.045,-0.005,6.09323934505e-15,0
540.0,0.04,0,-2.47252294717e-14,0
540.0,0.045,4.16333634234e-19,-6.01820889225e-14,0
540.0,0.04,0.005,-8.80287575205e-14,0
540.0,0.045,0.005,-1.20164857047e-13,0
540.0,0.04,0.01,-1.3595409103e-13,0
540.0,0.045,0.01,-1.62861127008e-13,0
540.0,0.04,0.015,-1.65864947444e-13,0
540.0,0.045,0.015,-1.82748781022e-13,0
540.0,0.04,0.02,-1.81604121347e-13,0
540.0,0.045,0.02,-1.86603423897e-13,0
540.0,0.04,0.025,-1.91531296158e-13,0
540.0,0.045,0.025,-1.86073902853e-13,0
540.0,0.04,0.03,-1.9200532345e-13,0
540.0,0.045,0.03,-1.76258070079e-13,0
540.0,0.04,0.035,-1.81901299631e-13,0
540.0,0.045,0.035,-1.51215203517e-13,0
540.0,0.04,0.04,-1.52264605858e-13,0
540.0,0.04,0.045,-1.00907634052e-13,0
540.0,0.045,0.04,-1.0434600678e-13,0
540.0,0.045,0.045,-4.72492327542e-14,0
540.0,0.04,0.05,-3.96153040125e-14,0
540.0,0.04,0.055,2.17238527926e-14,0
540.0,0.045,0.05,1.10968464988e-14,0
540.0,0.045,0.055,6.57163790132e-14,0
540.0,0.04,0.06,8.22230211429e-14,0
540.0,0.04,0.065,1.39447909306e-13,0
540.0,0.045,0.06,1.14811105903e-13,0
540.0,0.045,0.065,1.55463445704e-13,0
540.0,0.04,0.07,1.94299483274e-13,0
540.0,0.04,0.075,2.51863156402e-13,0
540.0,0.045,0.07,1.91361299448e-13,0
540.0,0.045,0.075,2.34854446178e-13,0
540.0,0.05,-0.075,-1.18076118987e-12,0
540.0,0.05,-0.07,-9.14047541592e-13,0
540.0,0.055,-0.075,-6.72679059667e-13,0
540.0,0.055,-0.07,-5.76994454479e-13,0
540.0,0.05,-0.065,-6.82770953694e-13,0
540.0,0.055,-0.065,-5.05661347235e-13,0
540.0,0.05,-0.06,-4.92429342087e-13,0
540.0,0.055,-0.06,-3.78613081862e-13,0
540.0,0.05,-0.055,-3.29386422259e-13,0
540.0,0.055,-0.055,-2.51752398268e-13,0
540.0,0.05,-0.05,-1.92694085982e-13,0
540.0,0.055,-0.05,-1.58756960607e-13,0
540.0,0.05,-0.045,-8.08252676585e-14,0
540.0,0.055,-0.045,-8.33671206374e-14,0
540.0,0.05,-0.04,-1.78880931913e-15,0
540.0,0.055,-0.04,-2.58919695008e-14,0
540.0,0.05,-0.035,5.33252796294e-14,0
540.0,0.055,-0.035,1.50833743233e-14,0
540.0,0.05,-0.03,8.53259918929e-14,0
540.0,0.055,-0.03,3.86711276071e-14,0
540.0,0.05,-0.025,9.64976061613e-14,0
540.0,0.055,-0.025,4.61225837559e-14,0
540.0,0.05,-0.02,8.78559468665e-14,0
540.0,0.055,-0.02,3.68126455519e-14,0
540.0,0.05,-0.015,6.08986313513e-14,0
540.0,0.055,-0.015,1.07482342282e-14,0
540.0,0.05,-0.01,1.79512756354e-14,0
540.0,0.055,-0.01,-3.02563309405e-14,0
540.0,0.05,-0.005,-3.5605079563e-14,0
540.0,0.055,-0.005,-8.09546629756e-14,0
540.0,0.05,0,-9.94700468569e-14,0
540.0,0.055,4.16333634234e-19,-1.37014602748e-13,0
540.0,0.05,0.005,-1.55119048101e-13,0
540.0,0.055,0.005,-1.81613961112e-13,0
540.0,0.05,0.01,-1.87378718058e-13,0
540.0,0.055,0.01,-2.02098607216e-13,0
540.0,0.05,0.015,-1.92901801182e-13,0
540.0,0.055,0.015,-1.90903602545e-13,0
540.0,0.05,0.02,-1.8157937787e-13,0
540.0,0.055,0.02,-1.63880280737e-13,0
540.0,0.05,0.025,-1.67671433902e-13,0
540.0,0.055,0.025,-1.31411885393e-13,0
540.0,0.05,0.03,-1.41154314771e-13,0
540.0,0.055,0.03,-8.21644799755e-14,0
540.0,0.05,0.035,-9.45219401387e-14,0
540.0,0.055,0.035,-2.20613142141e-14,0
540.0,0.05,0.04,-3.78525618605e-14,0
540.0,0.055,0.04,3.69981365141e-14,0
540.0,0.05,0.045,1.940379281e-14,0
540.0,0.055,0.045,9.43097203955e-14,0
540.0,0.05,0.05,7.2980758086e-14,0
540.0,0.05,0.055,1.19656836371e-13,0
540.0,0.055,0.05,1.42780461753e-13,0
540.0,0.055,0.055,1.76982200047e-13,0
540.0,0.05,0.06,1.46002509065e-13,0
540.0,0.05,0.065,1.4382517563e-13,0
540.0,0.055,0.06,1.55285674949e-13,0
540.0,0.055,0.065,8.35885220255e-14,0
540.0,0.05,0.07,1.30082583937e-13,0
540.0,0.05,0.075,1.23641394599e-13,0
540.0,0.055,0.07,-6.53281638219e-15,0
540.0,0.055,0.075,-9.34045144368e-14,0
540.0,0.06,-0.075,1.22834194861e-13,0
540.0,0.06,-0.07,2.05849320839e-14,0
540.0,0.065,-0.075,1.12430462746e-12,0
540.0,0.065,-0.07,8.18817291094e-13,0
540.0,0.06,-0.065,-1.07270137822e-13,0
540.0,0.065,-0.065,4.87043224718e-13,0
540.0,0.06,-0.06,-1.65210801865e-13,0
540.0,0.065,-0.06,1.77277931176e-13,0
540.0,0.06,-0.055,-1.45435545145e-13,0
540.0,0.065,-0.055,-1.64228900118e-14,0
540.0,0.06,-0.05,-1.04096289031e-13,0
540.0,0.065,-0.05,-3.93802700173e-14,0
540.0,0.06,-0.045,-6.65113661073e-14,0
540.0,0.065,-0.045,-4.32575545147e-14,0
540.0,0.06,-0.04,-3.38273989369e-14,0
540.0,0.065,-0.04,-3.39740934311e-14,0
540.0,0.06,-0.035,-9.57877740008e-15,0
540.0,0.065,-0.035,-2.59118741215e-14,0
540.0,0.06,-0.03,3.2534362538e-15,0
540.0,0.065,-0.03,-2.41722606143e-14,0
540.0,0.06,-0.025,4.3833803396e-15,0
540.0,0.065,-0.025,-3.00940533157e-14,0
540.0,0.06,-0.02,-8.44934274654e-15,0
540.0,0.065,-0.02,-4.69863050718e-14,0
540.0,0.06,-0.015,-3.53655655254e-14,0
540.0,0.065,-0.015,-7.51079638863e-14,0
540.0,0.06,-0.01,-7.5926616821e-14,0
540.0,0.065,-0.01,-1.161588253e-13,0
540.0,0.06,-0.005,-1.23428285586e-13,0
540.0,0.065,-0.005,-1.56470743881e-13,0
540.0,0.06,0,-1.65803018297e-13,0
540.0,0.065,4.16333634234e-19,-1.77330154918e-13,0
540.0,0.06,0.005,-1.94111390895e-13,0
540.0,0.065,0.005,-1.84460399105e-13,0
540.0,0.06,0.01,-2.01050294561e-13,0
540.0,0.065,0.01,-1.7296611631e-13,0
540.0,0.06,0.015,-1.74100309942e-13,0
540.0,0.065,0.015,-1.29018488695e-13,0
540.0,0.06,0.02,-1.25233229271e-13,0
540.0,0.065,0.02,-6.19296200282e-14,0
540.0,0.06,0.025,-6.90793478286e-14,0
540.0,0.065,0.025,1.10041033019e-14,0
540.0,0.06,0.03,-1.91149082513e-15,0
540.0,0.065,0.03,8.97421572864e-14,0
540.0,0.06,0.035,6.97412841897e-14,0
540.0,0.065,0.035,1.72020175245e-13,0
540.0,0.06,0.04,1.39823515264e-13,0
540.0,0.065,0.04,2.5247391143e-13,0
540.0,0.06,0.045,2.01925748304e-13,0
540.0,0.065,0.045,3.21189407809e-13,0
540.0,0.06,0.05,2.36946476251e-13,0
540.0,0.065,0.05,3.36847168906e-13,0
540.0,0.06,0.055,2.21770442361e-13,0
540.0,0.065,0.055,2.61995593156e-13,0
540.0,0.06,0.06,1.33007219479e-13,0
540.0,0.06,0.065,-1.45063911313e-14,0
540.0,0.065,0.06,9.93470362267e-14,0
540.0,0.065,0.065,-1.27628237989e-13,0
540.0,0.06,0.07,-1.88705572996e-13,0
540.0,0.06,0.075,-3.6507271e-13,0
540.0,0.065,0.07,-3.8305521302e-13,0
540.0,0.065,0.075,-6.43564608991e-13,0
540.0,0.07,-0.075,2.17252307263e-12,0
540.0,0.07,-0.07,1.69564072277e-12,0
540.0,0.075,-0.075,3.16055612199e-12,0
540.0,0.075,-0.07,2.56949612279e-12,0
540.0,0.07,-0.065,1.1754072732e-12,0
540.0,0.075,-0.065,1.88300754138e-12,0
540.0,0.07,-0.06,6.57327373945e-13,0
540.0,0.075,-0.06,1.16468775431e-12,0
540.0,0.07,-0.055,2.53860852303e-13,0
540.0,0.075,-0.055,5.57913918893e-13,0
540.0,0.07,-0.05,4.95515382677e-14,0
540.0,0.075,-0.05,1.57931212047e-13,0
540.0,0.07,-0.045,-2.37543798216e-14,0
540.0,0.075,-0.045,-1.1990311246e-14,0
540.0,0.07,-0.04,-3.29687528667e-14,0
540.0,0.075,-0.04,-3.39314233067e-14,0
540.0,0.07,-0.035,-3.88456899994e-14,0
540.0,0.075,-0.035,-5.04801065868e-14,0
540.0,0.07,-0.03,-4.6292867526e-14,0
540.0,0.075,-0.03,-6.50523693958e-14,0
540.0,0.07,-0.025,-5.86429397346e-14,0
540.0,0.075,-0.025,-8.22321370569e-14,0
540.0,0.07,-0.02,-7.91603865164e-14,0
540.0,0.075,-0.02,-1.06303730241e-13,0
540.0,0.07,-0.015,-1.07848472856e-13,0
540.0,0.075,-0.015,-1.35930602368e-13,0
540.0,0.07,-0.01,-1.46154528126e-13,0
540.0,0.075,-0.01,-1.68190862753e-13,0
540.0,0.07,-0.005,-1.7180852279e-13,0
540.0,0.075,-0.005,-1.79884028576e-13,0
540.0,0.07,0,-1.74856719435e-13,0
540.0,0.075,0,-1.73158132503e-13,0
540.0,0.07,0.005,-1.65338359672e-13,0
540.0,0.075,0.005,-1.50434157225e-13,0
540.0,0.07,0.01,-1.31586896595e-13,0
540.0,0.075,0.01,-9.40201997181e-14,0
540.0,0.07,0.015,-6.80284854005e-14,0
540.0,0.075,0.015,-6.67776532898e-15,0
540.0,0.07,0.02,1.05672315711e-14,0
540.0,0.075,0.02,8.22453055553e-14,0
540.0,0.07,0.025,9.34109588111e-14,0
540.0,0.075,0.025,1.73964901562e-13,0
540.0,0.07,0.03,1.79988750108e-13,0
540.0,0.075,0.03,2.68219110229e-13,0
540.0,0.07,0.035,2.68679530082e-13,0
540.0,0.075,0.035,3.63154024174e-13,0
540.0,0.07,0.04,3.54709449484e-13,0
540.0,0.075,0.04,4.57771781637e-13,0
540.0,0.07,0.045,4.28927302358e-13,0
540.0,0.075,0.045,5.38092309126e-13,0
540.0,0.07,0.05,4.29227712622e-13,0
540.0,0.075,0.05,5.32055637416e-13,0
540.0,0.07,0.055,3.03720774423e-13,0
540.0,0.075,0.055,3.62812016628e-13,0
540.0,0.07,0.06,7.05046311088e-14,0
540.0,0.075,0.06,5.85039855264e-14,0
540.0,0.07,0.065,-2.33267686526e-13,0
540.0,0.075,0.065,-3.23616688234e-13,0
540.0,0.07,0.07,-5.62354851908e-13,0
540.0,0.07,0.075,-8.88985968162e-13,0
540.0,0.075,0.07,-7.1978065198e-13,0
540.0,0.075,0.075,-1.09092034001e-12,0
636.547,-0.00382671281566,-0.00202612167119,0,0
636.547,-0.005,-0.005,2.43885241679e-14,0
636.547,-0.00197892066871,-0.00385133392306,0,0
636.547,-0.005,-0.00190753787223,1.54506524433e-14,0
636.547,-0.00433,0,0,0
636.547,-0.00190753787223,-0.005,1.50059917332e-14,0
636.547,0,-0.00433,0,0
636.547,-0.005,0.00190775150599,1.57174536789e-14,0
636.547,-0.00385133392306,0.00197892066871,0,0
636.547,0.00190775150599,-0.005,1.52356302487e-14,0
636.547,0.00202612167119,-0.00382671281566,0,0
636.547,-0.00202612167119,0.00382671281566,0,0
636.547,-0.005,0.005,2.67098375344e-14,0
636.547,-0.0019094272225,0.005,1.56581554835e-14,0
636.547,0,0.00433,0,0
636.547,0.00147766755988,0.00407006125046,0,0
636.547,8.32667268469e-19,0.005,1.17962920199e-14,0
636.547,0.00433,0,0,0
636.547,0.005,1.38777878078e-18,1.14728370822e-14,0
636.547,0.00407006125046,0.00147766755988,0,0
636.547,0.005,-0.005,2.66585405242e-14,0
636.547,0.00385133392306,-0.00197892066871,0,0
636.547,0.005,-0.0019094272225,1.57670454082e-14,0
636.547,0.00306177236254,0.00306177236254,0,0
636.547,0.0019094272225,0.005,1.56174887592e-14,0
636.547,0.005,0.0019094272225,1.57055078474e-14,0
636.547,-0.000885,-0.0015328649647,1.27161789169e-12,0
636.547,-0.0015328649647,-0.000885,1.27174029772e-12,0
636.547,-0.00186450691264,-0.00187567167242,8.43089723558e-13,0
636.547,-0.00177,0,1.2714319545e-12,0
636.547,-0.00268433516245,-0.000738983120158,7.59164753025e-13,0
636.547,0,-0.00177,1.27157944242e-12,0
636.547,-0.000718432264205,-0.00269192408424,7.57458432372e-13,0
636.547,-0.0015328649647,0.000885,1.26992727821e-12,0
636.547,-0.00265321485144,0.000647311733689,7.89950054183e-13,0
636.547,-0.000885,0.0015328649647,1.26829944498e-12,0
636.547,-0.00194719253591,0.00178443766524,8.4401596928e-13,0
636.547,0,0.00177,1.2641927227e-12,0
636.547,-0.000802720381054,0.00273415977115,7.17554820179e-13,0
636.547,0.000885,-0.0015328649647,1.27026808215e-12,0
636.547,0.00075154031863,-0.00270385456952,7.45347462725e-13,0
636.547,0.00177,0,1.26253234729e-12,0
636.547,0.0015328649647,-0.000885,1.26811531374e-12,0
636.547,0.00271471102228,-0.000564731152102,7.6097223043e-13,0
636.547,0.00192394637685,-0.00189207206672,8.10157853295e-13,0
636.547,0.00231817117671,0.00040530921667,9.8798586305e-13,0
636.547,0.0015328649647,0.000885,1.26079836454e-12,0
636.547,0.000885,0.0015328649647,1.26150348623e-12,0
636.547,0.000427053001345,0.00287092483521,6.82241445395e-13,0
636.547,0.00187618296239,0.00184774001435,8.33403638837e-13,0
636.547,0.00312733402203,0.000607809752493,5.19238408228e-13,0
636.547,0.00276214303706,0.00136595635004,5.76903152049e-13,0
636.547,0.0014100336009,0.00268674970267,6.04817591875e-13,0
636.547,-0.075,-0.075,-1.69157052736e-13,0
636.547,-0.07,-0.075,-1.3609475422e-13,0
636.547,-0.075,-0.07,-1.27602559398e-13,0
636.547,-0.07,-0.07,-1.04434012404e-13,0
636.547,-0.075,-0.065,-8.40537754069e-14,0
636.547,-0.07,-0.065,-7.28248787327e-14,0
636.547,-0.065,-0.075,-9.19921601169e-14,0
636.547,-0.065,-0.07,-7.44140918982e-14,0
636.547,-0.065,-0.065,-5.63840692452e-14,0
636.547,-0.075,-0.06,-4.89820558715e-14,0
636.547,-0.07,-0.06,-4.51918617036e-14,0
636.547,-0.065,-0.06,-3.8220552248e-14,0
636.547,-0.075,-0.055,-2.07644782375e-14,0
636.547,-0.07,-0.055,-2.28547249066e-14,0
636.547,-0.065,-0.055,-2.29527961065e-14,0
636.547,-0.075,-0.05,-7.01656873694e-16,0
636.547,-0.07,-0.05,-5.58854483916e-15,0
636.547,-0.065,-0.05,-9.88841688802e-15,0
636.547,-0.075,-0.045,1.89921150214e-14,0
636.547,-0.07,-0.045,1.09806156154e-14,0
636.547,-0.065,-0.045,2.69841057112e-15,0
636.547,-0.075,-0.04,4.03135801875e-14,0
636.547,-0.07,-0.04,2.68486239435e-14,0
636.547,-0.075,-0.035,5.84236261229e-14,0
636.547,-0.07,-0.035,4.04430801341e-14,0
636.547,-0.065,-0.04,1.38620768217e-14,0
636.547,-0.065,-0.035,2.37198191273e-14,0
636.547,-0.075,-0.03,7.14581879916e-14,0
636.547,-0.07,-0.03,5.12989891041e-14,0
636.547,-0.075,-0.025,8.29799490295e-14,0
636.547,-0.07,-0.025,6.04170699205e-14,0
636.547,-0.065,-0.03,3.21820957338e-14,0
636.547,-0.065,-0.025,3.87182770251e-14,0
636.547,-0.075,-0.02,9.26691416033e-14,0
636.547,-0.07,-0.02,6.64979357143e-14,0
636.547,-0.075,-0.015,9.6531546006e-14,0
636.547,-0.07,-0.015,6.77495687815e-14,0
636.547,-0.065,-0.02,4.19961902398e-14,0
636.547,-0.065,-0.015,4.14495111501e-14,0
636.547,-0.075,-0.01,9.35093499845e-14,0
636.547,-0.07,-0.01,6.31307345917e-14,0
636.547,-0.075,-0.005,8.42590521831e-14,0
636.547,-0.07,-0.005,5.25116567378e-14,0
636.547,-0.065,-0.01,3.51337937637e-14,0
636.547,-0.065,-0.005,2.22209661933e-14,0
636.547,-0.075,0,7.03001554648e-14,0
636.547,-0.07,0,3.76457111753e-14,0
636.547,-0.075,0.005,5.42553255792e-14,0
636.547,-0.07,0.005,2.12204771735e-14,0
636.547,-0.065,4.16333634234e-19,5.50368256214e-15,0
636.547,-0.065,0.005,-1.21286667382e-14,0
636.547,-0.075,0.01,3.8651812927e-14,0
636.547,-0.07,0.01,5.61307879062e-15,0
636.547,-0.075,0.015,2.54320835108e-14,0
636.547,-0.07,0.015,-7.3343255201e-15,0
636.547,-0.065,0.01,-2.82388344295e-14,0
636.547,-0.065,0.015,-4.143203322e-14,0
636.547,-0.075,0.02,1.65432196626e-14,0
636.547,-0.07,0.02,-1.57644187223e-14,0
636.547,-0.075,0.025,1.29944388689e-14,0
636.547,-0.07,0.025,-1.85191724642e-14,0
636.547,-0.065,0.02,-4.97585747606e-14,0
636.547,-0.065,0.025,-5.07094712828e-14,0
636.547,-0.075,0.03,2.3719572696e-14,0
636.547,-0.07,0.03,-8.08186875394e-15,0
636.547,-0.075,0.035,5.66847011479e-14,0
636.547,-0.07,0.035,1.8117079236e-14,0
636.547,-0.065,0.03,-3.82724419357e-14,0
636.547,-0.065,0.035,-1.69790046205e-14,0
636.547,-0.075,0.04,1.26758538116e-13,0
636.547,-0.07,0.04,6.15715961544e-14,0
636.547,-0.075,0.045,2.22636859124e-13,0
636.547,-0.07,0.045,1.20897934016e-13,0
636.547,-0.065,0.04,8.46933965147e-15,0
636.547,-0.065,0.045,3.69441244181e-14,0
636.547,-0.075,0.05,3.11944210802e-13,0
636.547,-0.07,0.05,1.83535941533e-13,0
636.547,-0.075,0.055,3.79769799107e-13,0
636.547,-0.07,0.055,2.25632331968e-13,0
636.547,-0.065,0.05,7.23541025942e-14,0
636.547,-0.065,0.055,8.96143877057e-14,0
636.547,-0.075,0.06,4.04438463e-13,0
636.547,-0.07,0.06,2.2491945064e-13,0
636.547,-0.075,0.065,3.66857482134e-13,0
636.547,-0.07,0.065,1.71004102626e-13,0
636.547,-0.065,0.06,6.77411447871e-14,0
636.547,-0.065,0.065,-4.11770435886e-16,0
636.547,-0.075,0.07,2.78319339106e-13,0
636.547,-0.07,0.07,7.45498135598e-14,0
636.547,-0.075,0.075,1.64303260736e-13,0
636.547,-0.07,0.075,-4.59485772376e-14,0
636.547,-0.065,0.07,-1.06312375797e-13,0
636.547,-0.065,0.075,-2.37242253304e-13,0
636.547,-0.06,-0.075,-4.00314879474e-14,0
636.547,-0.06,-0.07,-3.72250151963e-14,0
636.547,-0.06,-0.065,-3.25969957887e-14,0
636.547,-0.055,-0.075,1.33087916276e-14,0
636.547,-0.055,-0.07,-2.72903777942e-17,0
636.547,-0.055,-0.065,-8.70819312572e-15,0
636.547,-0.06,-0.06,-2.74208889188e-14,0
636.547,-0.06,-0.055,-2.1099283334e-14,0
636.547,-0.055,-0.06,-1.54262033811e-14,0
636.547,-0.055,-0.055,-1.76526124581e-14,0
636.547,-0.06,-0.05,-1.35039565594e-14,0
636.547,-0.055,-0.05,-1.60146569042e-14,0
636.547,-0.06,-0.045,-5.63959488554e-15,0
636.547,-0.055,-0.045,-1.28678143447e-14,0
636.547,-0.06,-0.04,1.88079701656e-15,0
636.547,-0.055,-0.04,-8.80742564517e-15,0
636.547,-0.06,-0.035,8.70273871567e-15,0
636.547,-0.055,-0.035,-4.74904243776e-15,0
636.547,-0.06,-0.03,1.45075011507e-14,0
636.547,-0.06,-0.025,1.86353850473e-14,0
636.547,-0.055,-0.03,-1.3093669245e-15,0
636.547,-0.055,-0.025,7.02798160193e-16,0
636.547,-0.06,-0.02,2.01509788111e-14,0
636.547,-0.06,-0.015,1.85978661868e-14,0
636.547,-0.055,-0.02,6.10344619957e-16,0
636.547,-0.055,-0.015,-1.91860966168e-15,0
636.547,-0.06,-0.01,9.9395513825e-15,0
636.547,-0.06,-0.005,-6.25752575871e-15,0
636.547,-0.055,-0.01,-1.26927551205e-14,0
636.547,-0.055,-0.005,-3.22367406824e-14,0
636.547,-0.06,0,-2.57878925497e-14,0
636.547,-0.06,0.005,-4.48828466585e-14,0
636.547,-0.055,4.16333634234e-19,-5.46959376713e-14,0
636.547,-0.055,0.005,-7.49410850001e-14,0
636.547,-0.06,0.01,-6.12444998512e-14,0
636.547,-0.06,0.015,-7.47128182325e-14,0
636.547,-0.055,0.01,-9.04157525005e-14,0
636.547,-0.055,0.015,-1.01287284188e-13,0
636.547,-0.06,0.02,-8.24404123283e-14,0
636.547,-0.06,0.025,-7.73547392553e-14,0
636.547,-0.055,0.02,-1.03401547505e-13,0
636.547,-0.055,0.025,-9.30473725356e-14,0
636.547,-0.06,0.03,-6.21126631685e-14,0
636.547,-0.06,0.035,-4.40908145698e-14,0
636.547,-0.055,0.03,-7.81388706052e-14,0
636.547,-0.055,0.035,-6.35588313918e-14,0
636.547,-0.06,0.04,-2.57755005727e-14,0
636.547,-0.06,0.045,-1.09447913528e-14,0
636.547,-0.055,0.04,-4.98908868902e-14,0
636.547,-0.055,0.045,-4.16551625186e-14,0
636.547,-0.06,0.05,-5.82352712951e-15,0
636.547,-0.06,0.055,-1.18769920029e-14,0
636.547,-0.055,0.05,-4.55478077635e-14,0
636.547,-0.055,0.055,-5.83748705446e-14,0
636.547,-0.06,0.06,-4.71585809644e-14,0
636.547,-0.06,0.065,-1.24063798191e-13,0
636.547,-0.055,0.06,-1.00881298474e-13,0
636.547,-0.055,0.065,-1.79782193202e-13,0
636.547,-0.06,0.07,-2.34386865964e-13,0
636.547,-0.06,0.075,-3.69998107236e-13,0
636.547,-0.055,0.07,-2.8376015143e-13,0
636.547,-0.055,0.075,-4.10276510665e-13,0
636.547,-0.05,-0.075,6.00176263429e-14,0
636.547,-0.05,-0.07,3.13695511777e-14,0
636.547,-0.045,-0.075,9.47622140443e-14,0
636.547,-0.045,-0.07,5.70492804217e-14,0
636.547,-0.05,-0.065,8.1598769169e-15,0
636.547,-0.045,-0.065,2.37940229416e-14,0
636.547,-0.05,-0.06,-5.72104299072e-15,0
636.547,-0.05,-0.055,-1.41429840297e-14,0
636.547,-0.045,-0.06,2.02441904443e-15,0
636.547,-0.045,-0.055,-1.19283734332e-14,0
636.547,-0.05,-0.05,-1.77152587313e-14,0
636.547,-0.05,-0.045,-1.87026472339e-14,0
636.547,-0.045,-0.05,-1.9601244922e-14,0
636.547,-0.045,-0.045,-2.39149743809e-14,0
636.547,-0.05,-0.04,-1.7867277401e-14,0
636.547,-0.045,-0.04,-2.55296138222e-14,0
636.547,-0.05,-0.035,-1.61311179186e-14,0
636.547,-0.045,-0.035,-2.53338217635e-14,0
636.547,-0.05,-0.03,-1.43941017659e-14,0
636.547,-0.045,-0.03,-2.42441907323e-14,0
636.547,-0.05,-0.025,-1.36286218804e-14,0
636.547,-0.045,-0.025,-2.33488736396e-14,0
636.547,-0.05,-0.02,-1.47243096586e-14,0
636.547,-0.05,-0.015,-1.79765325652e-14,0
636.547,-0.045,-0.02,-2.32995000529e-14,0
636.547,-0.045,-0.015,-2.47463895252e-14,0
636.547,-0.05,-0.01,-2.96768064147e-14,0
636.547,-0.05,-0.005,-5.02739315603e-14,0
636.547,-0.045,-0.01,-3.45890443721e-14,0
636.547,-0.045,-0.005,-5.20554540327e-14,0
636.547,-0.05,0,-7.33079530007e-14,0
636.547,-0.05,0.005,-9.19139953754e-14,0
636.547,-0.045,4.16333634234e-19,-7.07316532276e-14,0
636.547,-0.045,0.005,-8.22784063673e-14,0
636.547,-0.05,0.01,-1.01771292558e-13,0
636.547,-0.05,0.015,-1.05935861913e-13,0
636.547,-0.045,0.01,-8.45659415989e-14,0
636.547,-0.045,0.015,-8.43446335062e-14,0
636.547,-0.05,0.02,-1.03173523059e-13,0
636.547,-0.05,0.025,-9.30058929078e-14,0
636.547,-0.045,0.02,-8.11408098125e-14,0
636.547,-0.045,0.025,-7.43149625464e-14,0
636.547,-0.05,0.03,-8.03031697072e-14,0
636.547,-0.05,0.035,-6.88016505439e-14,0
636.547,-0.045,0.03,-6.55051006903e-14,0
636.547,-0.045,0.035,-5.73931274089e-14,0
636.547,-0.05,0.04,-5.81744372883e-14,0
636.547,-0.05,0.045,-5.12728081367e-14,0
636.547,-0.045,0.04,-5.16223170479e-14,0
636.547,-0.045,0.045,-4.75716849866e-14,0
636.547,-0.05,0.05,-5.25731649873e-14,0
636.547,-0.05,0.055,-6.2518023554e-14,0
636.547,-0.045,0.05,-4.76227834978e-14,0
636.547,-0.045,0.055,-5.15952310175e-14,0
636.547,-0.05,0.06,-1.01089240603e-13,0
636.547,-0.05,0.065,-1.6623134347e-13,0
636.547,-0.045,0.06,-6.55890011046e-14,0
636.547,-0.045,0.065,-9.87237656676e-14,0
636.547,-0.05,0.07,-2.48405071687e-13,0
636.547,-0.05,0.075,-3.4782071363e-13,0
636.547,-0.045,0.07,-1.46969781721e-13,0
636.547,-0.045,0.075,-2.04981319792e-13,0
636.547,-0.04,-0.075,1.16055365125e-13,0
636.547,-0.04,-0.07,7.65896067014e-14,0
636.547,-0.035,-0.075,1.34156719877e-13,0
636.547,-0.035,-0.07,9.25416129486e-14,0
636.547,-0.04,-0.065,3.96956019157e-14,0
636.547,-0.035,-0.065,5.30353579796e-14,0
636.547,-0.04,-0.06,9.59006637785e-15,0
636.547,-0.035,-0.06,1.79837598697e-14,0
636.547,-0.04,-0.055,-1.03459954103e-14,0
636.547,-0.035,-0.055,-7.30046540986e-15,0
636.547,-0.04,-0.05,-2.14414406298e-14,0
636.547,-0.04,-0.045,-2.83995970118e-14,0
636.547,-0.035,-0.05,-2.24039938938e-14,0
636.547,-0.035,-0.045,-3.14333156019e-14,0
636.547,-0.04,-0.04,-3.15067241676e-14,0
636.547,-0.04,-0.035,-3.18774921275e-14,0
636.547,-0.035,-0.04,-3.52415207989e-14,0
636.547,-0.035,-0.035,-3.51880588606e-14,0
636.547,-0.04,-0.03,-3.03467103368e-14,0
636.547,-0.035,-0.03,-3.23981478148e-14,0
636.547,-0.04,-0.025,-2.80915448466e-14,0
636.547,-0.035,-0.025,-2.82861969359e-14,0
636.547,-0.04,-0.02,-2.56983719507e-14,0
636.547,-0.035,-0.02,-2.34225338554e-14,0
636.547,-0.04,-0.015,-2.43657941253e-14,0
636.547,-0.035,-0.015,-1.87896693862e-14,0
636.547,-0.04,-0.01,-2.88134769291e-14,0
636.547,-0.04,-0.005,-3.88449925892e-14,0
636.547,-0.035,-0.01,-1.6896623212e-14,0
636.547,-0.035,-0.005,-1.79644930247e-14,0
636.547,-0.04,0,-4.99553103854e-14,0
636.547,-0.04,0.005,-5.53240261101e-14,0
636.547,-0.035,4.16333634234e-19,-2.27755148448e-14,0
636.547,-0.035,0.005,-2.61293071802e-14,0
636.547,-0.04,0.01,-5.58920176632e-14,0
636.547,-0.04,0.015,-5.49995450552e-14,0
636.547,-0.035,0.01,-2.67449446013e-14,0
636.547,-0.035,0.015,-2.59579487536e-14,0
636.547,-0.04,0.02,-5.22139827627e-14,0
636.547,-0.04,0.025,-4.73018935808e-14,0
636.547,-0.035,0.02,-2.36858077083e-14,0
636.547,-0.035,0.025,-1.9770268285e-14,0
636.547,-0.04,0.03,-4.07062044915e-14,0
636.547,-0.04,0.035,-3.38002949166e-14,0
636.547,-0.035,0.03,-1.38664173667e-14,0
636.547,-0.035,0.035,-6.19969781564e-15,0
636.547,-0.04,0.04,-2.80518807036e-14,0
636.547,-0.04,0.045,-2.14843385859e-14,0
636.547,-0.035,0.04,4.88274971581e-15,0
636.547,-0.035,0.045,1.90649694771e-14,0
636.547,-0.04,0.05,-1.47457678845e-14,0
636.547,-0.04,0.055,-7.60836691199e-15,0
636.547,-0.035,0.05,3.45253315041e-14,0
636.547,-0.035,0.055,5.06207359362e-14,0
636.547,-0.04,0.06,-2.36266096166e-15,0
636.547,-0.04,0.065,-6.70973805719e-15,0
636.547,-0.035,0.06,6.3557316826e-14,0
636.547,-0.035,0.065,7.09330153174e-14,0
636.547,-0.04,0.07,-2.01338421351e-14,0
636.547,-0.04,0.075,-3.51528431342e-14,0
636.547,-0.035,0.07,7.4262770847e-14,0
636.547,-0.035,0.075,8.3489009601e-14,0
636.547,-0.03,-0.075,1.47519751189e-13,0
636.547,-0.03,-0.07,1.03809206107e-13,0
636.547,-0.025,-0.075,1.56459083826e-13,0
636.547,-0.025,-0.07,1.11064322369e-13,0
636.547,-0.03,-0.065,6.15934200273e-14,0
636.547,-0.025,-0.065,6.60554264478e-14,0
636.547,-0.03,-0.06,2.33721145201e-14,0
636.547,-0.025,-0.06,2.44420096993e-14,0
636.547,-0.03,-0.055,-5.23209966583e-15,0
636.547,-0.025,-0.055,-6.58585815112e-15,0
636.547,-0.03,-0.05,-2.33485245104e-14,0
636.547,-0.025,-0.05,-2.56786734236e-14,0
636.547,-0.03,-0.045,-3.36084716148e-14,0
636.547,-0.025,-0.045,-3.59359746613e-14,0
636.547,-0.03,-0.04,-3.72795044297e-14,0
636.547,-0.03,-0.035,-3.61982876081e-14,0
636.547,-0.025,-0.04,-3.86008362898e-14,0
636.547,-0.025,-0.035,-3.62765107399e-14,0
636.547,-0.03,-0.03,-3.17890063819e-14,0
636.547,-0.03,-0.025,-2.55558281981e-14,0
636.547,-0.025,-0.03,-3.02656706301e-14,0
636.547,-0.025,-0.025,-2.18578034238e-14,0
636.547,-0.03,-0.02,-1.82237823457e-14,0
636.547,-0.025,-0.02,-1.20763230664e-14,0
636.547,-0.03,-0.015,-1.07710540867e-14,0
636.547,-0.025,-0.015,-1.84185239066e-15,0
636.547,-0.03,-0.01,-3.76635006537e-15,0
636.547,-0.025,-0.01,9.04765453435e-15,0
636.547,-0.03,-0.005,1.50240469038e-15,0
636.547,-0.025,-0.005,1.83535592667e-14,0
636.547,-0.03,0,3.55130112854e-15,0
636.547,-0.03,0.005,2.42543862767e-15,0
636.547,-0.025,4.16333634234e-19,2.40648624058e-14,0
636.547,-0.025,0.005,2.42401165314e-14,0
636.547,-0.03,0.01,7.86758581742e-16,0
636.547,-0.03,0.015,8.03980814988e-17,0
636.547,-0.025,0.01,2.26010143852e-14,0
636.547,-0.025,0.015,2.14690413425e-14,0
636.547,-0.03,0.02,1.53840573064e-15,0
636.547,-0.03,0.025,5.14835502635e-15,0
636.547,-0.025,0.02,2.23418346661e-14,0
636.547,-0.025,0.025,2.54077083024e-14,0
636.547,-0.03,0.03,1.11120320944e-14,0
636.547,-0.03,0.035,1.9512596673e-14,0
636.547,-0.025,0.03,3.06922541024e-14,0
636.547,-0.025,0.035,3.84732253123e-14,0
636.547,-0.03,0.04,3.26509028017e-14,0
636.547,-0.03,0.045,5.04359643355e-14,0
636.547,-0.025,0.04,5.11070452612e-14,0
636.547,-0.025,0.045,6.76340417151e-14,0
636.547,-0.03,0.05,7.15423167674e-14,0
636.547,-0.03,0.055,9.14038916202e-14,0
636.547,-0.025,0.05,8.54572669719e-14,0
636.547,-0.025,0.055,9.99889569774e-14,0
636.547,-0.03,0.06,1.04994854411e-13,0
636.547,-0.03,0.065,1.10824512586e-13,0
636.547,-0.025,0.06,1.07601181103e-13,0
636.547,-0.025,0.065,1.12724940588e-13,0
636.547,-0.03,0.07,1.14522398791e-13,0
636.547,-0.03,0.075,1.25706769636e-13,0
636.547,-0.025,0.07,1.175512348e-13,0
636.547,-0.025,0.075,1.25543450152e-13,0
636.547,-0.02,-0.075,1.48821861792e-13,0
636.547,-0.02,-0.07,1.04185678282e-13,0
636.547,-0.015,-0.075,1.22607846668e-13,0
636.547,-0.015,-0.07,8.38676667964e-14,0
636.547,-0.02,-0.065,6.0035677263e-14,0
636.547,-0.015,-0.065,4.53766113196e-14,0
636.547,-0.02,-0.06,1.96438934677e-14,0
636.547,-0.015,-0.06,1.08161129315e-14,0
636.547,-0.02,-0.055,-1.15063120023e-14,0
636.547,-0.015,-0.055,-1.81078238768e-14,0
636.547,-0.02,-0.05,-3.0100419064e-14,0
636.547,-0.015,-0.05,-3.6993942273e-14,0
636.547,-0.02,-0.045,-3.94135074856e-14,0
636.547,-0.015,-0.045,-4.49194388692e-14,0
636.547,-0.02,-0.04,-4.05402202219e-14,0
636.547,-0.015,-0.04,-4.41270004927e-14,0
636.547,-0.02,-0.035,-3.66265730409e-14,0
636.547,-0.015,-0.035,-3.79877189207e-14,0
636.547,-0.02,-0.03,-2.86508296949e-14,0
636.547,-0.02,-0.025,-1.79504492123e-14,0
636.547,-0.015,-0.03,-2.7549801758e-14,0
636.547,-0.015,-0.025,-1.43359839904e-14,0
636.547,-0.02,-0.02,-5.78266219026e-15,0
636.547,-0.02,-0.015,6.8283734581e-15,0
636.547,-0.015,-0.02,-2.29910933979e-16,0
636.547,-0.015,-0.015,1.36130006778e-14,0
636.547,-0.02,-0.01,1.9973710065e-14,0
636.547,-0.015,-0.01,2.5976181284e-14,0
636.547,-0.02,-0.005,3.02719553557e-14,0
636.547,-0.015,-0.005,3.43949899155e-14,0
636.547,-0.02,0,3.60168155462e-14,0
636.547,-0.015,4.16333634234e-19,3.90162279858e-14,0
636.547,-0.02,0.005,3.72914752426e-14,0
636.547,-0.015,0.005,4.13534919943e-14,0
636.547,-0.02,0.01,3.67122900265e-14,0
636.547,-0.02,0.015,3.64543360224e-14,0
636.547,-0.015,0.01,4.29501659285e-14,0
636.547,-0.015,0.015,4.44209819918e-14,0
636.547,-0.02,0.02,3.7280617297e-14,0
636.547,-0.02,0.025,3.96443833406e-14,0
636.547,-0.015,0.02,4.59131866738e-14,0
636.547,-0.015,0.025,4.81510146154e-14,0
636.547,-0.02,0.03,4.37670228454e-14,0
636.547,-0.02,0.035,5.00396482896e-14,0
636.547,-0.015,0.03,5.12314244776e-14,0
636.547,-0.015,0.035,5.52065257148e-14,0
636.547,-0.02,0.04,5.93323149744e-14,0
636.547,-0.02,0.045,6.95527483812e-14,0
636.547,-0.015,0.04,5.93616046646e-14,0
636.547,-0.015,0.045,6.16751128716e-14,0
636.547,-0.02,0.05,7.81962770777e-14,0
636.547,-0.02,0.055,8.34608004014e-14,0
636.547,-0.015,0.05,6.18034406695e-14,0
636.547,-0.015,0.055,6.00924911861e-14,0
636.547,-0.02,0.06,8.67578329836e-14,0
636.547,-0.02,0.065,9.01787672702e-14,0
636.547,-0.015,0.06,6.04914296053e-14,0
636.547,-0.015,0.065,6.22363453637e-14,0
636.547,-0.02,0.07,9.45499741106e-14,0
636.547,-0.02,0.075,1.01076650005e-13,0
636.547,-0.015,0.07,6.54688427627e-14,0
636.547,-0.015,0.075,7.06626691916e-14,0
636.547,-0.01,-0.075,9.84946947518e-14,0
636.547,-0.01,-0.07,6.3663922088e-14,0
636.547,-0.005,-0.075,7.57778959597e-14,0
636.547,-0.005,-0.07,4.44493407256e-14,0
636.547,-0.01,-0.065,2.99413194577e-14,0
636.547,-0.005,-0.065,1.4459603733e-14,0
636.547,-0.01,-0.06,-3.77547176759e-16,0
636.547,-0.005,-0.06,-1.22439314533e-14,0
636.547,-0.01,-0.055,-2.69324313772e-14,0
636.547,-0.005,-0.055,-3.6387466993e-14,0
636.547,-0.01,-0.05,-4.57778265682e-14,0
636.547,-0.005,-0.05,-5.43761060038e-14,0
636.547,-0.01,-0.045,-5.26421481628e-14,0
636.547,-0.005,-0.045,-6.15688410378e-14,0
636.547,-0.01,-0.04,-4.95634237128e-14,0
636.547,-0.005,-0.04,-5.64558859471e-14,0
636.547,-0.01,-0.035,-4.05067916095e-14,0
636.547,-0.005,-0.035,-4.34803706152e-14,0
636.547,-0.01,-0.03,-2.68336037803e-14,0
636.547,-0.005,-0.03,-2.65399238585e-14,0
636.547,-0.01,-0.025,-1.11517574567e-14,0
636.547,-0.005,-0.025,-9.05066512583e-15,0
636.547,-0.01,-0.02,4.0249903899e-15,0
636.547,-0.01,-0.015,1.73238607934e-14,0
636.547,-0.005,-0.02,6.7892359681e-15,0
636.547,-0.005,-0.015,1.96047593685e-14,0
636.547,-0.0117873230072,-0.0115873794689,2.37390185712e-14,0
636.547,-0.00939961996336,-0.005,3.07537136127e-14,0
636.547,-0.00792797428371,-0.00964253216809,2.71465079459e-14,0
636.547,-0.005,-0.00939961996336,2.68295611192e-14,0
636.547,-0.0108753492546,-0.00150606400588,3.37316125692e-14,0
636.547,-0.00818101620308,-0.00211452602544,2.86670917976e-14,0
636.547,-0.00651817360753,-0.000255934956239,2.26458754962e-14,0
636.547,-0.005,6.71033969428e-08,1.16947128634e-14,0
636.547,-0.0107292118043,0.00160660295843,3.51333251499e-14,0
636.547,-0.0080188992252,0.000768320427092,2.85049686778e-14,0
636.547,-0.00939946851065,0.005,3.60427750174e-14,0
636.547,-0.00802129342231,0.00264911934363,3.03910638331e-14,0
636.547,-0.00887989370213,0.00887989479405,3.99292046467e-14,0
636.547,-0.01,0.015,4.59693318434e-14,0
636.547,-0.005,0.00939947397025,3.64864354375e-14,0
636.547,-0.005,0.015,4.37464461426e-14,0
636.547,-0.01,0.02,4.85316455528e-14,0
636.547,-0.01,0.025,5.04917216985e-14,0
636.547,-0.005,0.02,4.64930598833e-14,0
636.547,-0.005,0.025,4.72597526818e-14,0
636.547,-0.01,0.03,5.17979631527e-14,0
636.547,-0.01,0.035,5.21640983768e-14,0
636.547,-0.005,0.03,4.58082538941e-14,0
636.547,-0.005,0.035,3.85030893303e-14,0
636.547,-0.01,0.04,4.80044809803e-14,0
636.547,-0.01,0.045,4.05564803835e-14,0
636.547,-0.005,0.04,2.43294071539e-14,0
636.547,-0.005,0.045,1.00207210167e-14,0
636.547,-0.01,0.05,3.34333582972e-14,0
636.547,-0.01,0.055,2.87424866937e-14,0
636.547,-0.005,0.05,-6.68697047826e-16,0
636.547,-0.005,0.055,-6.20660835373e-15,0
636.547,-0.01,0.06,2.7760035157e-14,0
636.547,-0.01,0.065,2.84898710026e-14,0
636.547,-0.005,0.06,-8.4538460391e-15,0
636.547,-0.005,0.065,-8.79867715273e-15,0
636.547,-0.01,0.07,3.05846536439e-14,0
636.547,-0.01,0.075,3.39850379861e-14,0
636.547,-0.005,0.07,-8.01378188843e-15,0
636.547,-0.005,0.075,-6.86010062364e-15,0
636.547,0,-0.075,5.52618274099e-14,0
636.547,0,-0.07,2.67922430434e-14,0
636.547,0.005,-0.075,3.65608937339e-14,0
636.547,0.005,-0.07,1.02399238901e-14,0
636.547,0,-0.065,-2.53664814558e-17,0
636.547,0.005,-0.065,-1.40263957567e-14,0
636.547,0,-0.06,-2.40858949694e-14,0
636.547,0.005,-0.06,-3.57325776245e-14,0
636.547,0,-0.055,-4.59538940403e-14,0
636.547,0.005,-0.055,-5.45228820329e-14,0
636.547,0,-0.05,-6.21119745929e-14,0
636.547,0.005,-0.05,-6.73578174569e-14,0
636.547,0,-0.045,-7.05618389492e-14,0
636.547,0.005,-0.045,-7.51533892345e-14,0
636.547,0,-0.04,-6.39762911307e-14,0
636.547,0.005,-0.04,-6.78713298394e-14,0
636.547,0,-0.035,-4.55470496082e-14,0
636.547,0.005,-0.035,-4.6863496692e-14,0
636.547,0,-0.03,-2.65935591937e-14,0
636.547,0.005,-0.03,-2.69436006248e-14,0
636.547,0,-0.025,-8.02436237876e-15,0
636.547,0.005,-0.025,-7.88290454168e-15,0
636.547,0,-0.02,8.33056132229e-15,0
636.547,0.005,-0.02,9.00816645388e-15,0
636.547,0,-0.015,2.13108211864e-14,0
636.547,0.005,-0.015,2.32497024655e-14,0
636.547,-0.0021196717084,-0.00776771017156,2.50079424005e-14,0
636.547,-0.00084550708518,-0.00631514607954,2.05609408343e-14,0
636.547,6.71033969406e-08,-0.005,1.16791591012e-14,0
636.547,-0.00139054260708,-0.0110960807567,2.60670533737e-14,0
636.547,0.00132468676756,-0.00775008274642,2.53947392738e-14,0
636.547,0.00160394440688,-0.0116908851489,2.68488799238e-14,0
636.547,0.005,-0.00939946851065,3.09885264702e-14,0
636.547,0.005,0.005,2.57312088986e-14,0
636.547,-0.000107646311398,0.00617659695633,2.09759623387e-14,0
636.547,-0.00190846935279,0.0076427502668,2.84590735231e-14,0
636.547,0.00131146485568,0.00777290068297,2.7293438763e-14,0
636.547,0.00295884413402,0.00640276348073,2.47997021847e-14,0
636.547,-1.21517769428e-05,0.0108932602996,3.45561176888e-14,0
636.547,0,0.015,3.90923145393e-14,0
636.547,0.005,0.00939942566771,3.16425820348e-14,0
636.547,0.005,0.015,3.30288429994e-14,0
636.547,0,0.02,3.9789026665e-14,0
636.547,0,0.025,3.72818890419e-14,0
636.547,0.005,0.02,2.88309812773e-14,0
636.547,0.005,0.025,2.07778515921e-14,0
636.547,0,0.03,2.88555650962e-14,0
636.547,0,0.035,1.30743621569e-14,0
636.547,0.005,0.03,6.14679743716e-15,0
636.547,0.005,0.035,-1.3711605679e-14,0
636.547,0,0.04,-4.24373066606e-15,0
636.547,0,0.045,-1.98192472413e-14,0
636.547,0.005,0.04,-3.34990208073e-14,0
636.547,0.005,0.045,-4.9998026226e-14,0
636.547,0,0.05,-3.10907940133e-14,0
636.547,0,0.055,-3.83455848833e-14,0
636.547,0.005,0.05,-5.95068730791e-14,0
636.547,0.005,0.055,-6.59662005953e-14,0
636.547,0,0.06,-4.24680080128e-14,0
636.547,0,0.065,-4.46272989223e-14,0
636.547,0.005,0.06,-7.01578290271e-14,0
636.547,0.005,0.065,-7.332323887e-14,0
636.547,0,0.07,-4.6131276144e-14,0
636.547,0,0.075,-4.87703695214e-14,0
636.547,0.005,0.07,-7.68697582421e-14,0
636.547,0.005,0.075,-8.27437845864e-14,0
636.547,0.01,-0.075,2.23833391962e-14,0
636.547,0.01,-0.07,-1.48571619832e-15,0
636.547,0.015,-0.075,2.12374076689e-14,0
636.547,0.015,-0.07,-1.42479572973e-15,0
636.547,0.01,-0.065,-2.40270622321e-14,0
636.547,0.015,-0.065,-2.23539951368e-14,0
636.547,0.01,-0.06,-4.27512233218e-14,0
636.547,0.015,-0.06,-3.94984906951e-14,0
636.547,0.01,-0.055,-5.80106388548e-14,0
636.547,0.015,-0.055,-5.46523628124e-14,0
636.547,0.01,-0.05,-6.82391568525e-14,0
636.547,0.015,-0.05,-6.52128068677e-14,0
636.547,0.01,-0.045,-7.48092281398e-14,0
636.547,0.015,-0.045,-6.93584340533e-14,0
636.547,0.01,-0.04,-6.70942097845e-14,0
636.547,0.015,-0.04,-6.15742521094e-14,0
636.547,0.01,-0.035,-4.69546698013e-14,0
636.547,0.015,-0.035,-4.50295651227e-14,0
636.547,0.01,-0.03,-2.73632987476e-14,0
636.547,0.015,-0.03,-2.71025559789e-14,0
636.547,0.01,-0.025,-8.47144651648e-15,0
636.547,0.015,-0.025,-9.3627252687e-15,0
636.547,0.01,-0.02,8.60630561515e-15,0
636.547,0.01,-0.015,2.39755464953e-14,0
636.547,0.015,-0.02,7.42456145509e-15,0
636.547,0.015,-0.015,2.29315366528e-14,0
636.547,0.00999280436795,-0.0116358337096,3.20780806481e-14,0
636.547,0.0105889214373,-0.00845762197625,3.69610521356e-14,0
636.547,0.015,-0.01,3.52204658731e-14,0
636.547,0.00939947397025,-0.005,3.73629441347e-14,0
636.547,0.015,-0.005,4.17021166062e-14,0
636.547,0.00658051136513,-0.00296146438142,2.89987260591e-14,0
636.547,0.00636794669772,-3.54305826484e-06,2.46110764707e-14,0
636.547,0.00795807888052,-0.00113999998936,3.23023425382e-14,0
636.547,0.00758147027913,0.00183630393596,3.04802659684e-14,0
636.547,0.0112534647756,-1.47536350887e-07,3.9090810057e-14,0
636.547,0.015,4.16333634234e-19,4.19412323213e-14,0
636.547,0.00939942566771,0.005,3.39769931117e-14,0
636.547,0.015,0.005,3.68949788062e-14,0
636.547,0.00999018807453,0.0109670628501,3.06564383765e-14,0
636.547,0.01,0.015,2.58445142058e-14,0
636.547,0.015,0.01,2.9059837159e-14,0
636.547,0.015,0.015,1.8004744839e-14,0
636.547,0.01,0.02,1.65332905249e-14,0
636.547,0.01,0.025,4.1181148365e-15,0
636.547,0.015,0.02,4.39760162783e-15,0
636.547,0.015,0.025,-1.12139345049e-14,0
636.547,0.01,0.03,-1.35999144129e-14,0
636.547,0.01,0.035,-3.54781284455e-14,0
636.547,0.015,0.03,-3.07185986177e-14,0
636.547,0.015,0.035,-5.28852711081e-14,0
636.547,0.01,0.04,-6.02642538844e-14,0
636.547,0.01,0.045,-7.66966850324e-14,0
636.547,0.015,0.04,-7.89508934483e-14,0
636.547,0.015,0.045,-9.34871519985e-14,0
636.547,0.01,0.05,-8.19825537962e-14,0
636.547,0.01,0.055,-8.59424804511e-14,0
636.547,0.015,0.05,-9.54011026488e-14,0
636.547,0.015,0.055,-9.64777266478e-14,0
636.547,0.01,0.06,-8.85918719619e-14,0
636.547,0.01,0.065,-9.13184095989e-14,0
636.547,0.015,0.06,-9.65700541445e-14,0
636.547,0.015,0.065,-9.70102285493e-14,0
636.547,0.01,0.07,-9.53071553077e-14,0
636.547,0.01,0.075,-1.02491824821e-13,0
636.547,0.015,0.07,-9.93395255672e-14,0
636.547,0.015,0.075,-1.05456390642e-13,0
636.547,0.02,-0.075,3.37424577806e-14,0
636.547,0.02,-0.07,9.75281680164e-15,0
636.547,0.025,-0.075,5.64350448379e-14,0
636.547,0.025,-0.07,2.81551305843e-14,0
636.547,0.02,-0.065,-1.14158378043e-14,0
636.547,0.025,-0.065,3.88167165391e-15,0
636.547,0.02,-0.06,-2.88414785325e-14,0
636.547,0.025,-0.06,-1.47824253116e-14,0
636.547,0.02,-0.055,-4.53251430156e-14,0
636.547,0.025,-0.055,-3.1882179889e-14,0
636.547,0.02,-0.05,-5.72882523843e-14,0
636.547,0.025,-0.05,-4.45723148348e-14,0
636.547,0.02,-0.045,-6.04475454461e-14,0
636.547,0.025,-0.045,-4.94497035699e-14,0
636.547,0.02,-0.04,-5.43145406738e-14,0
636.547,0.025,-0.04,-4.63966950537e-14,0
636.547,0.02,-0.035,-4.14418178681e-14,0
636.547,0.025,-0.035,-3.68444581593e-14,0
636.547,0.02,-0.03,-2.57572175638e-14,0
636.547,0.025,-0.03,-2.37368751651e-14,0
636.547,0.02,-0.025,-9.7755709686e-15,0
636.547,0.025,-0.025,-9.80879002481e-15,0
636.547,0.02,-0.02,5.87441631448e-15,0
636.547,0.025,-0.02,4.16599758792e-15,0
636.547,0.02,-0.015,2.0634707565e-14,0
636.547,0.025,-0.015,1.75752391794e-14,0
636.547,0.02,-0.01,3.27844318978e-14,0
636.547,0.025,-0.01,2.88192050982e-14,0
636.547,0.02,-0.005,3.99165797762e-14,0
636.547,0.025,-0.005,3.53540468139e-14,0
636.547,0.02,0,4.02632222302e-14,0
636.547,0.025,4.16333634234e-19,3.48509554319e-14,0
636.547,0.02,0.005,3.37960719425e-14,0
636.547,0.025,0.005,2.59178166385e-14,0
636.547,0.02,0.01,2.26080098462e-14,0
636.547,0.025,0.01,1.28191171946e-14,0
636.547,0.02,0.015,8.26461323013e-15,0
636.547,0.025,0.015,-1.978535685e-15,0
636.547,0.02,0.02,-7.44734873381e-15,0
636.547,0.02,0.025,-2.47024702181e-14,0
636.547,0.025,0.02,-1.80034771296e-14,0
636.547,0.025,0.025,-3.5400934361e-14,0
636.547,0.02,0.03,-4.45105024327e-14,0
636.547,0.02,0.035,-6.58930752766e-14,0
636.547,0.025,0.03,-5.46144105865e-14,0
636.547,0.025,0.035,-7.33663790187e-14,0
636.547,0.02,0.04,-8.85222178056e-14,0
636.547,0.02,0.045,-9.96300328376e-14,0
636.547,0.025,0.04,-8.78411095144e-14,0
636.547,0.025,0.045,-9.54190673782e-14,0
636.547,0.02,0.05,-9.8606599432e-14,0
636.547,0.02,0.055,-9.54913150629e-14,0
636.547,0.025,0.05,-9.31539920728e-14,0
636.547,0.025,0.055,-8.21111211162e-14,0
636.547,0.02,0.06,-9.0313985171e-14,0
636.547,0.02,0.065,-8.5376063595e-14,0
636.547,0.025,0.06,-6.69899335409e-14,0
636.547,0.025,0.065,-5.3101188134e-14,0
636.547,0.02,0.07,-8.21585373481e-14,0
636.547,0.02,0.075,-8.24521270585e-14,0
636.547,0.025,0.07,-4.0786439631e-14,0
636.547,0.025,0.075,-3.05788650868e-14,0
636.547,0.03,-0.075,8.42062198608e-14,0
636.547,0.03,-0.07,5.03947776636e-14,0
636.547,0.035,-0.075,1.12011245668e-13,0
636.547,0.035,-0.07,7.23895928689e-14,0
636.547,0.03,-0.065,2.21979884207e-14,0
636.547,0.035,-0.065,4.02390091952e-14,0
636.547,0.03,-0.06,1.64691363849e-15,0
636.547,0.035,-0.06,1.80597263074e-14,0
636.547,0.03,-0.055,-1.61104402952e-14,0
636.547,0.035,-0.055,-4.12210606704e-16,0
636.547,0.03,-0.05,-2.96754091739e-14,0
636.547,0.035,-0.05,-1.47483541696e-14,0
636.547,0.03,-0.045,-3.72650552479e-14,0
636.547,0.035,-0.045,-2.49292165989e-14,0
636.547,0.03,-0.04,-3.77754161806e-14,0
636.547,0.035,-0.04,-2.87868916753e-14,0
636.547,0.03,-0.035,-3.16087644276e-14,0
636.547,0.035,-0.035,-2.60425157481e-14,0
636.547,0.03,-0.03,-2.12282530246e-14,0
636.547,0.035,-0.03,-1.85280713114e-14,0
636.547,0.03,-0.025,-9.5649616814e-15,0
636.547,0.035,-0.025,-9.13995796143e-15,0
636.547,0.03,-0.02,2.44037147827e-15,0
636.547,0.035,-0.02,7.1610963895e-16,0
636.547,0.03,-0.015,1.40460151862e-14,0
636.547,0.035,-0.015,1.01869014822e-14,0
636.547,0.03,-0.01,2.34074644861e-14,0
636.547,0.035,-0.01,1.69377531823e-14,0
636.547,0.03,-0.005,2.82380174614e-14,0
636.547,0.035,-0.005,1.93107665261e-14,0
636.547,0.03,0,2.62127984564e-14,0
636.547,0.035,4.16333634234e-19,1.62100851988e-14,0
636.547,0.03,0.005,1.65892670517e-14,0
636.547,0.035,0.005,7.63975476857e-15,0
636.547,0.03,0.01,3.50459010984e-15,0
636.547,0.035,0.01,-4.531754316e-15,0
636.547,0.03,0.015,-1.08961451226e-14,0
636.547,0.035,0.015,-1.77840440069e-14,0
636.547,0.03,0.02,-2.61686068895e-14,0
636.547,0.035,0.02,-3.12869455152e-14,0
636.547,0.03,0.025,-4.24203528551e-14,0
636.547,0.035,0.025,-4.51548262675e-14,0
636.547,0.03,0.03,-5.91213622964e-14,0
636.547,0.03,0.035,-7.20784468473e-14,0
636.547,0.035,0.03,-5.75926859114e-14,0
636.547,0.035,0.035,-6.58798214656e-14,0
636.547,0.03,0.04,-7.95250249655e-14,0
636.547,0.03,0.045,-8.26580150244e-14,0
636.547,0.035,0.04,-6.85512138051e-14,0
636.547,0.035,0.045,-6.32933257677e-14,0
636.547,0.03,0.05,-7.4405788489e-14,0
636.547,0.03,0.055,-5.30695775446e-14,0
636.547,0.035,0.05,-4.28310452197e-14,0
636.547,0.035,0.055,-1.39071740833e-14,0
636.547,0.03,0.06,-2.92804485611e-14,0
636.547,0.03,0.065,-6.36016061803e-15,0
636.547,0.035,0.06,1.63885710691e-14,0
636.547,0.035,0.065,4.81013452903e-14,0
636.547,0.03,0.07,1.5536697779e-14,0
636.547,0.03,0.075,3.4955472145e-14,0
636.547,0.035,0.07,8.03063869949e-14,0
636.547,0.035,0.075,1.09060342515e-13,0
636.547,0.04,-0.075,1.34180402044e-13,0
636.547,0.04,-0.07,9.0535811327e-14,0
636.547,0.045,-0.075,1.45851917924e-13,0
636.547,0.045,-0.07,1.01801514806e-13,0
636.547,0.04,-0.065,5.52297100584e-14,0
636.547,0.045,-0.065,6.63163718506e-14,0
636.547,0.04,-0.06,3.20752979865e-14,0
636.547,0.045,-0.06,4.26614450321e-14,0
636.547,0.04,-0.055,1.29277804599e-14,0
636.547,0.045,-0.055,2.3431915794e-14,0
636.547,0.04,-0.05,-1.92669751777e-15,0
636.547,0.045,-0.05,8.39634413798e-15,0
636.547,0.04,-0.045,-1.31131351954e-14,0
636.547,0.045,-0.045,-2.99919658513e-15,0
636.547,0.04,-0.04,-1.89996959361e-14,0
636.547,0.045,-0.04,-9.66009959547e-15,0
636.547,0.04,-0.035,-1.9236128211e-14,0
636.547,0.045,-0.035,-1.20637530876e-14,0
636.547,0.04,-0.03,-1.51810763898e-14,0
636.547,0.045,-0.03,-1.10426006394e-14,0
636.547,0.04,-0.025,-8.56315545e-15,0
636.547,0.045,-0.025,-7.51626712869e-15,0
636.547,0.04,-0.02,-1.07855863258e-15,0
636.547,0.045,-0.02,-2.55334291394e-15,0
636.547,0.04,-0.015,5.92133429694e-15,0
636.547,0.045,-0.015,2.22560808195e-15,0
636.547,0.04,-0.01,1.06107884139e-14,0
636.547,0.045,-0.01,5.28451970225e-15,0
636.547,0.04,-0.005,1.16240849972e-14,0
636.547,0.045,-0.005,5.65698611246e-15,0
636.547,0.04,0,8.13495680309e-15,0
636.547,0.045,4.16333634234e-19,2.11440117024e-15,0
636.547,0.04,0.005,1.03900779314e-16,0
636.547,0.045,0.005,-5.48181395902e-15,0
636.547,0.04,0.01,-1.07323692268e-14,0
636.547,0.045,0.01,-1.49906715039e-14,0
636.547,0.04,0.015,-2.21538944619e-14,0
636.547,0.045,0.015,-2.41565432487e-14,0
636.547,0.04,0.02,-3.32954349347e-14,0
636.547,0.045,0.02,-3.26503350859e-14,0
636.547,0.04,0.025,-4.41861746032e-14,0
636.547,0.045,0.025,-4.08849351012e-14,0
636.547,0.04,0.03,-5.2711501797e-14,0
636.547,0.045,0.03,-4.61626657894e-14,0
636.547,0.04,0.035,-5.7250071481e-14,0
636.547,0.045,0.035,-4.4379176748e-14,0
636.547,0.04,0.04,-5.22055800692e-14,0
636.547,0.04,0.045,-3.45869810222e-14,0
636.547,0.045,0.04,-2.89362073821e-14,0
636.547,0.045,0.045,-4.04713780583e-15,0
636.547,0.04,0.05,-6.03219894013e-15,0
636.547,0.04,0.055,2.85910441702e-14,0
636.547,0.045,0.05,2.84291444822e-14,0
636.547,0.045,0.055,6.83461230174e-14,0
636.547,0.04,0.06,6.7973743442e-14,0
636.547,0.04,0.065,1.10990590572e-13,0
636.547,0.045,0.06,1.19145089491e-13,0
636.547,0.045,0.065,1.75094714957e-13,0
636.547,0.04,0.07,1.54518714539e-13,0
636.547,0.04,0.075,1.96055457078e-13,0
636.547,0.045,0.07,2.30361920305e-13,0
636.547,0.045,0.075,2.84501848751e-13,0
636.547,0.05,-0.075,1.38896435091e-13,0
636.547,0.05,-0.07,1.01177498774e-13,0
636.547,0.055,-0.075,1.04672568345e-13,0
636.547,0.055,-0.07,8.12756259023e-14,0
636.547,0.05,-0.065,6.98717102942e-14,0
636.547,0.055,-0.065,6.31104237193e-14,0
636.547,0.05,-0.06,4.72113323417e-14,0
636.547,0.055,-0.06,4.44064660019e-14,0
636.547,0.05,-0.055,2.88077753155e-14,0
636.547,0.055,-0.055,2.76276379542e-14,0
636.547,0.05,-0.05,1.45222595124e-14,0
636.547,0.055,-0.05,1.60096729306e-14,0
636.547,0.05,-0.045,3.84370463561e-15,0
636.547,0.055,-0.045,7.37591996827e-15,0
636.547,0.05,-0.04,-2.72695319966e-15,0
636.547,0.055,-0.04,1.50772333127e-15,0
636.547,0.05,-0.035,-6.24350001281e-15,0
636.547,0.055,-0.035,-2.17270045166e-15,0
636.547,0.05,-0.03,-7.065510822e-15,0
636.547,0.055,-0.03,-3.90451238147e-15,0
636.547,0.05,-0.025,-5.85710467002e-15,0
636.547,0.055,-0.025,-4.14106692507e-15,0
636.547,0.05,-0.02,-3.308835973e-15,0
636.547,0.055,-0.02,-3.27670572317e-15,0
636.547,0.05,-0.015,-5.31945801639e-16,0
636.547,0.055,-0.015,-2.0306471643e-15,0
636.547,0.05,-0.01,1.23296678443e-15,0
636.547,0.055,-0.01,-1.29121912362e-15,0
636.547,0.05,-0.005,1.29050511142e-15,0
636.547,0.055,-0.005,-1.65667266238e-15,0
636.547,0.05,0,-2.24105906889e-15,0
636.547,0.055,4.16333634234e-19,-4.44659917946e-15,0
636.547,0.05,0.005,-9.0199471443e-15,0
636.547,0.055,0.005,-9.30679679676e-15,0
636.547,0.05,0.01,-1.66550689538e-14,0
636.547,0.055,0.01,-1.48135587394e-14,0
636.547,0.05,0.015,-2.32685822171e-14,0
636.547,0.055,0.015,-1.88243127381e-14,0
636.547,0.05,0.02,-2.88573943121e-14,0
636.547,0.055,0.02,-2.18128448402e-14,0
636.547,0.05,0.025,-3.43558402819e-14,0
636.547,0.055,0.025,-2.38000967027e-14,0
636.547,0.05,0.03,-3.55649850774e-14,0
636.547,0.055,0.03,-2.04590526171e-14,0
636.547,0.05,0.035,-2.64126917853e-14,0
636.547,0.055,0.035,-8.58035066384e-15,0
636.547,0.05,0.04,-6.3438068193e-15,0
636.547,0.055,0.04,1.28044646335e-14,0
636.547,0.05,0.045,2.11256845724e-14,0
636.547,0.055,0.045,4.13288911555e-14,0
636.547,0.05,0.05,5.58968118526e-14,0
636.547,0.05,0.055,9.74510908776e-14,0
636.547,0.055,0.05,7.60689680365e-14,0
636.547,0.055,0.055,1.15059641985e-13,0
636.547,0.05,0.06,1.54970247929e-13,0
636.547,0.05,0.065,2.17021272515e-13,0
636.547,0.055,0.06,1.5696258762e-13,0
636.547,0.055,0.065,2.03402273669e-13,0
636.547,0.05,0.07,2.77682987835e-13,0
636.547,0.05,0.075,3.45703533758e-13,0
636.547,0.055,0.07,2.54176399369e-13,0
636.547,0.055,0.075,3.18671395385e-13,0
636.547,0.06,-0.075,3.79055133515e-14,0
636.547,0.06,-0.07,3.32146039411e-14,0
636.547,0.065,-0.075,-5.46287103466e-14,0
636.547,0.065,-0.07,-3.9143693767e-14,0
636.547,0.06,-0.065,3.32940132528e-14,0
636.547,0.065,-0.065,-1.94708803893e-14,0
636.547,0.06,-0.06,2.97001385874e-14,0
636.547,0.065,-0.06,3.00855001806e-16,0
636.547,0.06,-0.055,2.14274524895e-14,0
636.547,0.065,-0.055,1.19952418776e-14,0
636.547,0.06,-0.05,1.4021707242e-14,0
636.547,0.065,-0.05,1.01676829468e-14,0
636.547,0.06,-0.045,8.05434338238e-15,0
636.547,0.065,-0.045,7.35720847613e-15,0
636.547,0.06,-0.04,3.50426939893e-15,0
636.547,0.065,-0.04,4.25624606312e-15,0
636.547,0.06,-0.035,2.71060864476e-16,0
636.547,0.065,-0.035,1.70398945222e-15,0
636.547,0.06,-0.03,-1.65956922373e-15,0
636.547,0.065,-0.03,-7.53282761526e-17,0
636.547,0.06,-0.025,-2.54615253386e-15,0
636.547,0.065,-0.025,-1.17014428356e-15,0
636.547,0.06,-0.02,-2.61747208205e-15,0
636.547,0.065,-0.02,-1.62178244183e-15,0
636.547,0.06,-0.015,-2.27214766532e-15,0
636.547,0.065,-0.015,-1.60564272224e-15,0
636.547,0.06,-0.01,-2.10773637033e-15,0
636.547,0.065,-0.01,-1.3164286826e-15,0
636.547,0.06,-0.005,-2.53797218065e-15,0
636.547,0.065,-0.005,-7.94639415456e-16,0
636.547,0.06,0,-3.96353650983e-15,0
636.547,0.065,4.16333634234e-19,-2.93252986086e-16,0
636.547,0.06,0.005,-6.44142977507e-15,0
636.547,0.065,0.005,-3.32414465485e-16,0
636.547,0.06,0.01,-9.46257191961e-15,0
636.547,0.065,0.01,-8.50865323773e-16,0
636.547,0.06,0.015,-1.1185001841e-14,0
636.547,0.065,0.015,-4.52566190378e-16,0
636.547,0.06,0.02,-1.11549391236e-14,0
636.547,0.065,0.02,1.61150072569e-15,0
636.547,0.06,0.025,-9.52426259764e-15,0
636.547,0.065,0.025,4.91356649984e-15,0
636.547,0.06,0.03,-4.12554351917e-15,0
636.547,0.065,0.03,9.95052466437e-15,0
636.547,0.06,0.035,5.85341673975e-15,0
636.547,0.065,0.035,1.6674614419e-14,0
636.547,0.06,0.04,2.32945413072e-14,0
636.547,0.065,0.04,2.54777238952e-14,0
636.547,0.06,0.045,4.56580788379e-14,0
636.547,0.065,0.045,3.31604737756e-14,0
636.547,0.06,0.05,7.14015719023e-14,0
636.547,0.065,0.05,3.75694172106e-14,0
636.547,0.06,0.055,9.22282462466e-14,0
636.547,0.065,0.055,2.61500527591e-14,0
636.547,0.06,0.06,1.06140334406e-13,0
636.547,0.06,0.065,1.23105662597e-13,0
636.547,0.065,0.06,4.62318613783e-15,0
636.547,0.065,0.065,-1.51901175501e-14,0
636.547,0.06,0.07,1.48768412045e-13,0
636.547,0.06,0.075,1.89626730771e-13,0
636.547,0.065,0.07,-2.35405781737e-14,0
636.547,0.065,0.075,-1.74943611464e-14,0
636.547,0.07,-0.075,-1.56202788656e-13,0
636.547,0.07,-0.07,-1.23195885592e-13,0
636.547,0.075,-0.075,-2.53469905719e-13,0
636.547,0.075,-0.07,-2.08723877091e-13,0
636.547,0.07,-0.065,-8.45910566828e-14,0
636.547,0.075,-0.065,-1.53333617207e-13,0
636.547,0.07,-0.06,-4.41087428635e-14,0
636.547,0.075,-0.06,-9.27879271194e-14,0
636.547,0.07,-0.055,-1.21072819837e-14,0
636.547,0.075,-0.055,-4.09123927682e-14,0
636.547,0.07,-0.05,2.77913686135e-15,0
636.547,0.075,-0.05,-7.39042066357e-15,0
636.547,0.07,-0.045,6.18792246834e-15,0
636.547,0.075,-0.045,5.19542296056e-15,0
636.547,0.07,-0.04,4.40576633378e-15,0
636.547,0.075,-0.04,4.39432265815e-15,0
636.547,0.07,-0.035,2.57399908038e-15,0
636.547,0.075,-0.035,3.14743622023e-15,0
636.547,0.07,-0.03,1.05392413659e-15,0
636.547,0.075,-0.03,1.89269224678e-15,0
636.547,0.07,-0.025,-1.33559860489e-17,0
636.547,0.075,-0.025,9.17477998888e-16,0
636.547,0.07,-0.02,-5.2114803598e-16,0
636.547,0.075,-0.02,4.788737638e-16,0
636.547,0.07,-0.015,-4.61556085931e-16,0
636.547,0.075,-0.015,7.37845792357e-16,0
636.547,0.07,-0.01,1.30891281663e-15,0
636.547,0.075,-0.01,4.75207484503e-15,0
636.547,0.07,-0.005,4.06055468298e-15,0
636.547,0.075,-0.005,1.00565596716e-14,0
636.547,0.07,0,5.91709153322e-15,0
636.547,0.075,0,1.27292458879e-14,0
636.547,0.07,0.005,7.36174405836e-15,0
636.547,0.075,0.005,1.53071572804e-14,0
636.547,0.07,0.01,8.8332198703e-15,0
636.547,0.075,0.01,1.85221232371e-14,0
636.547,0.07,0.015,1.0940162351e-14,0
636.547,0.075,0.015,2.21556680247e-14,0
636.547,0.07,0.02,1.37449392732e-14,0
636.547,0.075,0.02,2.53767378458e-14,0
636.547,0.07,0.025,1.71036520255e-14,0
636.547,0.075,0.025,2.85460108403e-14,0
636.547,0.07,0.03,2.10589312065e-14,0
636.547,0.075,0.03,3.16377536173e-14,0
636.547,0.07,0.035,2.51620364344e-14,0
636.547,0.075,0.035,3.38385385733e-14,0
636.547,0.07,0.04,2.71552614261e-14,0
636.547,0.075,0.04,3.07782801092e-14,0
636.547,0.07,0.045,2.42178984648e-14,0
636.547,0.075,0.045,1.99943763427e-14,0
636.547,0.07,0.05,-2.54203890807e-15,0
636.547,0.075,0.05,-3.96818807422e-14,0
636.547,0.07,0.055,-5.82668582581e-14,0
636.547,0.075,0.055,-1.45180998857e-13,0
636.547,0.07,0.06,-1.25228744518e-13,0
636.547,0.075,0.06,-2.62880693843e-13,0
636.547,0.07,0.065,-1.86606435677e-13,0
636.547,0.075,0.065,-3.69097029938e-13,0
636.547,0.07,0.07,-2.31306749105e-13,0
636.547,0.07,0.075,-2.59106521677e-13,0
636.547,0.075,0.07,-4.47409920399e-13,0
636.547,0.075,0.075,-4.9835640169e-13,0
720.0,-0.00382671281566,-0.00202612167119,0,0
720.0,-0.005,-0.005,2.62852062126e-14,0
720.0,-0.00197892066871,-0.00385133392306,0,0
720.0,-0.005,-0.00190753787223,1.58494202171e-14,0
720.0,-0.00433,0,0,0
720.0,-0.00190753787223,-0.005,1.53639938285e-14,0
720.0,0,-0.00433,0,0
720.0,-0.005,0.00190775150599,1.59058557238e-14,0
720.0,-0.00385133392306,0.00197892066871,0,0
720.0,0.00190775150599,-0.005,1.54578490764e-14,0
720.0,0.00202612167119,-0.00382671281566,0,0
720.0,-0.00202612167119,0.00382671281566,0,0
720.0,-0.005,0.005,2.70573125639e-14,0
720.0,-0.0019094272225,0.005,1.56825913061e-14,0
720.0,0,0.00433,0,0
720.0,0.00147766755988,0.00407006125046,0,0
720.0,8.32667268469e-19,0.005,1.18720945313e-14,0
720.0,0.00433,0,0,0
720.0,0.005,1.38777878078e-18,1.15083481458e-14,0
720.0,0.00407006125046,0.00147766755988,0,0
720.0,0.005,-0.005,2.72903148764e-14,0
720.0,0.00385133392306,-0.00197892066871,0,0
720.0,0.005,-0.0019094272225,1.58151398211e-14,0
720.0,0.00306177236254,0.00306177236254,0,0
720.0,0.0019094272225,0.005,1.59427639355e-14,0
720.0,0.005,0.0019094272225,1.59091199555e-14,0
720.0,-0.000885,-0.0015328649647,1.27165245675e-12,0
720.0,-0.0015328649647,-0.000885,1.27177487117e-12,0
720.0,-0.00186450691264,-0.00187567167242,8.43112461207e-13,0
720.0,-0.00177,0,1.27146650164e-12,0
720.0,-0.00268433516245,-0.000738983120158,7.59185193733e-13,0
720.0,0,-0.00177,1.27161397801e-12,0
720.0,-0.000718432264205,-0.00269192408424,7.57478819149e-13,0
720.0,-0.0015328649647,0.000885,1.26996175589e-12,0
720.0,-0.00265321485144,0.000647311733689,7.89971320242e-13,0
720.0,-0.000885,0.0015328649647,1.26833381239e-12,0
720.0,-0.00194719253591,0.00178443766524,8.44038686955e-13,0
720.0,0,0.00177,1.26422689898e-12,0
720.0,-0.000802720381054,0.00273415977115,7.17574046928e-13,0
720.0,0.000885,-0.0015328649647,1.27030254966e-12,0
720.0,0.00075154031863,-0.00270385456952,7.45367503621e-13,0
720.0,0.00177,0,1.26256647621e-12,0
720.0,0.0015328649647,-0.000885,1.26814966229e-12,0
720.0,0.00271471102228,-0.000564731152102,7.60992622057e-13,0
720.0,0.00192394637685,-0.00189207206672,8.10179635813e-13,0
720.0,0.00231817117671,0.00040530921667,9.88012358988e-13,0
720.0,0.0015328649647,0.000885,1.26083237635e-12,0
720.0,0.000885,0.0015328649647,1.26153751941e-12,0
720.0,0.000427053001345,0.00287092483521,6.82259669034e-13,0
720.0,0.00187618296239,0.00184774001435,8.33425911316e-13,0
720.0,0.00312733402203,0.000607809752493,5.19252202704e-13,0
720.0,0.00276214303706,0.00136595635004,5.76918500776e-13,0
720.0,0.0014100336009,0.00268674970267,6.04833692518e-13,0
720.0,-0.075,-0.075,1.56133680487e-13,0
720.0,-0.07,-0.075,1.42658045398e-13,0
720.0,-0.075,-0.07,9.70980286017e-14,0
720.0,-0.07,-0.07,8.76137463642e-14,0
720.0,-0.075,-0.065,4.67147574665e-14,0
720.0,-0.07,-0.065,4.06811125853e-14,0
720.0,-0.065,-0.075,1.24380872522e-13,0
720.0,-0.065,-0.07,7.44122751174e-14,0
720.0,-0.065,-0.065,3.09979251526e-14,0
720.0,-0.075,-0.06,1.43809449038e-14,0
720.0,-0.07,-0.06,9.16156432613e-15,0
720.0,-0.065,-0.06,4.88880335226e-16,0
720.0,-0.075,-0.055,-2.24021855031e-15,0
720.0,-0.07,-0.055,-7.84583639792e-15,0
720.0,-0.065,-0.055,-1.53647543904e-14,0
720.0,-0.075,-0.05,-7.18501252265e-15,0
720.0,-0.07,-0.05,-1.29172146091e-14,0
720.0,-0.065,-0.05,-2.00228532437e-14,0
720.0,-0.075,-0.045,-8.37746988116e-15,0
720.0,-0.07,-0.045,-1.40190196429e-14,0
720.0,-0.065,-0.045,-2.06896452931e-14,0
720.0,-0.075,-0.04,-3.44932296924e-15,0
720.0,-0.07,-0.04,-9.51611701889e-15,0
720.0,-0.075,-0.035,8.22963331293e-15,0
720.0,-0.07,-0.035,6.65603894658e-16,0
720.0,-0.065,-0.04,-1.62129036563e-14,0
720.0,-0.065,-0.035,-7.11063903776e-15,0
720.0,-0.075,-0.03,2.22905960292e-14,0
720.0,-0.07,-0.03,1.36366107719e-14,0
720.0,-0.075,-0.025,3.73939302395e-14,0
720.0,-0.07,-0.025,2.75628016517e-14,0
720.0,-0.065,-0.03,4.89085269567e-15,0
720.0,-0.065,-0.025,1.79440468188e-14,0
720.0,-0.075,-0.02,5.20521910813e-14,0
720.0,-0.07,-0.02,4.06432406471e-14,0
720.0,-0.075,-0.015,6.12482693012e-14,0
720.0,-0.07,-0.015,4.9478280551e-14,0
720.0,-0.065,-0.02,3.02755825283e-14,0
720.0,-0.065,-0.015,3.99339997527e-14,0
720.0,-0.075,-0.01,6.22659259776e-14,0
720.0,-0.07,-0.01,5.09030626037e-14,0
720.0,-0.075,-0.005,5.44869675314e-14,0
720.0,-0.07,-0.005,4.37293423312e-14,0
720.0,-0.065,-0.01,4.24059599573e-14,0
720.0,-0.065,-0.005,3.55253122365e-14,0
720.0,-0.075,0,3.91972072524e-14,0
720.0,-0.07,0,2.91639984848e-14,0
720.0,-0.075,0.005,1.93502473526e-14,0
720.0,-0.07,0.005,9.9811737462e-15,0
720.0,-0.065,4.16333634234e-19,2.09387492265e-14,0
720.0,-0.065,0.005,1.32830109004e-15,0
720.0,-0.075,0.01,-1.3331411699e-15,0
720.0,-0.07,0.01,-1.03362730343e-14,0
720.0,-0.075,0.015,-1.95020705287e-14,0
720.0,-0.07,0.015,-2.84299876807e-14,0
720.0,-0.065,0.01,-1.97441308749e-14,0
720.0,-0.065,0.015,-3.90647715579e-14,0
720.0,-0.075,0.02,-3.21929543257e-14,0
720.0,-0.07,0.02,-4.10165778463e-14,0
720.0,-0.075,0.025,-3.78300547143e-14,0
720.0,-0.07,0.025,-4.58680638696e-14,0
720.0,-0.065,0.02,-5.27383101483e-14,0
720.0,-0.065,0.025,-5.69058543694e-14,0
720.0,-0.075,0.03,-2.54904391537e-14,0
720.0,-0.07,0.03,-3.32216037512e-14,0
720.0,-0.075,0.035,1.1427072543e-14,0
720.0,-0.07,0.035,-1.00696143178e-15,0
720.0,-0.065,0.03,-4.37847539848e-14,0
720.0,-0.065,0.035,-1.59433364002e-14,0
720.0,-0.075,0.04,7.7293354128e-14,0
720.0,-0.07,0.04,4.81996369097e-14,0
720.0,-0.075,0.045,1.49208173034e-13,0
720.0,-0.07,0.045,1.0271035552e-13,0
720.0,-0.065,0.04,2.1082648088e-14,0
720.0,-0.065,0.045,6.22895164262e-14,0
720.0,-0.075,0.05,1.94727369762e-13,0
720.0,-0.07,0.05,1.42861034838e-13,0
720.0,-0.075,0.055,1.98784933129e-13,0
720.0,-0.07,0.055,1.49671042369e-13,0
720.0,-0.065,0.05,1.00920035559e-13,0
720.0,-0.065,0.055,1.13269520509e-13,0
720.0,-0.075,0.06,1.37950763684e-13,0
720.0,-0.07,0.06,1.03065211905e-13,0
720.0,-0.075,0.065,1.30299103061e-14,0
720.0,-0.07,0.065,1.87961880028e-15,0
720.0,-0.065,0.06,8.16976174338e-14,0
720.0,-0.065,0.065,3.34464245378e-15,0
720.0,-0.075,0.07,-1.43287688364e-13,0
720.0,-0.07,0.07,-1.30616354379e-13,0
720.0,-0.075,0.075,-3.01020321393e-13,0
720.0,-0.07,0.075,-2.72189320953e-13,0
720.0,-0.065,0.07,-1.04435259919e-13,0
720.0,-0.065,0.075,-2.2346599273e-13,0
720.0,-0.06,-0.075,1.04245758359e-13,0
720.0,-0.06,-0.07,5.88535939195e-14,0
720.0,-0.06,-0.065,1.90252854186e-14,0
720.0,-0.055,-0.075,8.82267340408e-14,0
720.0,-0.055,-0.07,4.56618129378e-14,0
720.0,-0.055,-0.065,9.09405240104e-15,0
720.0,-0.06,-0.06,-8.56692081579e-15,0
720.0,-0.06,-0.055,-2.28612447021e-14,0
720.0,-0.055,-0.06,-1.41424800219e-14,0
720.0,-0.055,-0.055,-2.82360613453e-14,0
720.0,-0.06,-0.05,-2.74743094216e-14,0
720.0,-0.055,-0.05,-3.41743223845e-14,0
720.0,-0.06,-0.045,-2.77772093695e-14,0
720.0,-0.055,-0.045,-3.49162698692e-14,0
720.0,-0.06,-0.04,-2.33007284411e-14,0
720.0,-0.055,-0.04,-3.07034062369e-14,0
720.0,-0.06,-0.035,-1.48845468311e-14,0
720.0,-0.055,-0.035,-2.25385554965e-14,0
720.0,-0.06,-0.03,-3.57740332928e-15,0
720.0,-0.06,-0.025,9.05054981072e-15,0
720.0,-0.055,-0.03,-1.14674277496e-14,0
720.0,-0.055,-0.025,1.0279192755e-15,0
720.0,-0.06,-0.02,2.1360759884e-14,0
720.0,-0.06,-0.015,3.201061281e-14,0
720.0,-0.055,-0.02,1.36739505641e-14,0
720.0,-0.055,-0.015,2.53521019614e-14,0
720.0,-0.06,-0.01,3.60740182458e-14,0
720.0,-0.06,-0.005,3.00120051939e-14,0
720.0,-0.055,-0.01,3.16997747765e-14,0
720.0,-0.055,-0.005,2.72168354586e-14,0
720.0,-0.06,0,1.5329638241e-14,0
720.0,-0.06,0.005,-5.19007456533e-15,0
720.0,-0.055,4.16333634234e-19,1.27580959911e-14,0
720.0,-0.055,0.005,-8.67971303028e-15,0
720.0,-0.06,0.01,-2.75342800216e-14,0
720.0,-0.06,0.015,-4.91259656461e-14,0
720.0,-0.055,0.01,-3.21146532392e-14,0
720.0,-0.055,0.015,-5.48031340922e-14,0
720.0,-0.06,0.02,-6.67601314697e-14,0
720.0,-0.06,0.025,-6.9511076746e-14,0
720.0,-0.055,0.02,-7.39932462138e-14,0
720.0,-0.055,0.025,-7.7341604198e-14,0
720.0,-0.06,0.03,-5.57138319308e-14,0
720.0,-0.06,0.035,-3.26492343347e-14,0
720.0,-0.055,0.03,-6.68282516985e-14,0
720.0,-0.055,0.035,-4.96270545067e-14,0
720.0,-0.06,0.04,-1.64297321422e-15,0
720.0,-0.06,0.045,3.30217138722e-14,0
720.0,-0.055,0.04,-2.37147238883e-14,0
720.0,-0.055,0.045,7.22648429973e-15,0
720.0,-0.06,0.05,6.68917546673e-14,0
720.0,-0.06,0.055,8.57568048791e-14,0
720.0,-0.055,0.05,3.73158294502e-14,0
720.0,-0.055,0.055,6.30594743475e-14,0
720.0,-0.06,0.06,7.03629017766e-14,0
720.0,-0.06,0.065,1.59776751954e-14,0
720.0,-0.055,0.06,6.44255598838e-14,0
720.0,-0.055,0.065,3.35278771588e-14,0
720.0,-0.06,0.07,-6.44515437639e-14,0
720.0,-0.06,0.075,-1.54441437373e-13,0
720.0,-0.055,0.07,-1.82841228663e-14,0
720.0,-0.055,0.075,-7.71674221926e-14,0
720.0,-0.05,-0.075,8.15106907106e-14,0
720.0,-0.05,-0.07,4.03739840231e-14,0
720.0,-0.045,-0.075,8.40984852122e-14,0
720.0,-0.045,-0.07,4.27338334614e-14,0
720.0,-0.05,-0.065,5.25998666844e-15,0
720.0,-0.045,-0.065,4.50567222832e-15,0
720.0,-0.05,-0.06,-1.81456371973e-14,0
720.0,-0.05,-0.055,-3.34399030376e-14,0
720.0,-0.045,-0.06,-2.30518457337e-14,0
720.0,-0.045,-0.055,-3.98839698366e-14,0
720.0,-0.05,-0.05,-4.05016076797e-14,0
720.0,-0.05,-0.045,-4.17883876003e-14,0
720.0,-0.045,-0.05,-4.7265534268e-14,0
720.0,-0.045,-0.045,-4.85071352372e-14,0
720.0,-0.05,-0.04,-3.77403871783e-14,0
720.0,-0.045,-0.04,-4.40153189174e-14,0
720.0,-0.05,-0.035,-2.94291613825e-14,0
720.0,-0.045,-0.035,-3.50009634401e-14,0
720.0,-0.05,-0.03,-1.80954775898e-14,0
720.0,-0.045,-0.03,-2.27241791377e-14,0
720.0,-0.05,-0.025,-5.40208091814e-15,0
720.0,-0.045,-0.025,-8.8081745865e-15,0
720.0,-0.05,-0.02,8.29578024061e-15,0
720.0,-0.05,-0.015,2.18001928123e-14,0
720.0,-0.045,-0.02,6.71770105181e-15,0
720.0,-0.045,-0.015,2.25482340553e-14,0
720.0,-0.05,-0.01,3.12796381187e-14,0
720.0,-0.05,-0.005,3.02308238208e-14,0
720.0,-0.045,-0.01,3.55963791153e-14,0
720.0,-0.045,-0.005,3.90032955279e-14,0
720.0,-0.05,0,1.72753573683e-14,0
720.0,-0.05,0.005,-3.83691360604e-15,0
720.0,-0.045,4.16333634234e-19,2.93676403265e-14,0
720.0,-0.045,0.005,1.01762055303e-14,0
720.0,-0.05,0.01,-2.69611601269e-14,0
720.0,-0.05,0.015,-4.92505436076e-14,0
720.0,-0.045,0.01,-1.07904200591e-14,0
720.0,-0.045,0.015,-3.13619294837e-14,0
720.0,-0.05,0.02,-6.79247983752e-14,0
720.0,-0.05,0.025,-7.54433451222e-14,0
720.0,-0.045,0.02,-4.96781771103e-14,0
720.0,-0.045,0.025,-6.1772343472e-14,0
720.0,-0.05,0.03,-7.1837963711e-14,0
720.0,-0.05,0.035,-6.27584422498e-14,0
720.0,-0.045,0.03,-6.67006035259e-14,0
720.0,-0.045,0.035,-6.78571302652e-14,0
720.0,-0.05,0.04,-4.33550358006e-14,0
720.0,-0.05,0.045,-1.55333245339e-14,0
720.0,-0.045,0.04,-5.81778709087e-14,0
720.0,-0.045,0.045,-3.55477007511e-14,0
720.0,-0.05,0.05,1.38803408165e-14,0
720.0,-0.05,0.055,4.14248641663e-14,0
720.0,-0.045,0.05,-7.35102691876e-15,0
720.0,-0.045,0.055,2.10204203234e-14,0
720.0,-0.05,0.06,5.61176396406e-14,0
720.0,-0.05,0.065,4.77887638441e-14,0
720.0,-0.045,0.06,4.38332265115e-14,0
720.0,-0.045,0.065,5.30401950063e-14,0
720.0,-0.05,0.07,2.29137201284e-14,0
720.0,-0.05,0.075,-6.70274234145e-15,0
720.0,-0.045,0.07,4.98007636737e-14,0
720.0,-0.045,0.075,4.31994200236e-14,0
720.0,-0.04,-0.075,9.03630611382e-14,0
720.0,-0.04,-0.07,4.87880251451e-14,0
720.0,-0.035,-0.075,9.73197698257e-14,0
720.0,-0.035,-0.07,5.51178090065e-14,0
720.0,-0.04,-0.065,8.46042396614e-15,0
720.0,-0.035,-0.065,1.38908896484e-14,0
720.0,-0.04,-0.06,-2.55774382005e-14,0
720.0,-0.035,-0.06,-2.21743741167e-14,0
720.0,-0.04,-0.055,-4.53072971194e-14,0
720.0,-0.035,-0.055,-4.45143725254e-14,0
720.0,-0.04,-0.05,-5.25139381935e-14,0
720.0,-0.04,-0.045,-5.34474407183e-14,0
720.0,-0.035,-0.05,-5.36888561402e-14,0
720.0,-0.035,-0.045,-5.4818146509e-14,0
720.0,-0.04,-0.04,-4.8144191006e-14,0
720.0,-0.04,-0.035,-3.80875033796e-14,0
720.0,-0.035,-0.04,-4.89735259225e-14,0
720.0,-0.035,-0.035,-3.78697356144e-14,0
720.0,-0.04,-0.03,-2.44893968359e-14,0
720.0,-0.035,-0.03,-2.31467764578e-14,0
720.0,-0.04,-0.025,-8.90413352872e-15,0
720.0,-0.035,-0.025,-6.4790048622e-15,0
720.0,-0.04,-0.02,8.19947367668e-15,0
720.0,-0.035,-0.02,1.14089750962e-14,0
720.0,-0.04,-0.015,2.54370288165e-14,0
720.0,-0.035,-0.015,2.94686374317e-14,0
720.0,-0.04,-0.01,4.17843502488e-14,0
720.0,-0.04,-0.005,5.01782026088e-14,0
720.0,-0.035,-0.01,4.71919653586e-14,0
720.0,-0.035,-0.005,5.95265388567e-14,0
720.0,-0.04,0,4.45620424276e-14,0
720.0,-0.04,0.005,2.72811404356e-14,0
720.0,-0.035,4.16333634234e-19,5.84717679091e-14,0
720.0,-0.035,0.005,4.33761083428e-14,0
720.0,-0.04,0.01,7.2156247817e-15,0
720.0,-0.04,0.015,-1.24393825862e-14,0
720.0,-0.035,0.01,2.42457426953e-14,0
720.0,-0.035,0.015,5.42822594543e-15,0
720.0,-0.04,0.02,-3.02461929967e-14,0
720.0,-0.04,0.025,-4.43324705309e-14,0
720.0,-0.035,0.02,-1.16179574679e-14,0
720.0,-0.035,0.025,-2.66828907649e-14,0
720.0,-0.04,0.03,-5.41656158313e-14,0
720.0,-0.04,0.035,-6.14882034492e-14,0
720.0,-0.035,0.03,-3.90479444256e-14,0
720.0,-0.035,0.035,-4.89972728573e-14,0
720.0,-0.04,0.04,-6.18036856728e-14,0
720.0,-0.04,0.045,-4.84886891688e-14,0
720.0,-0.035,0.04,-5.37083259884e-14,0
720.0,-0.035,0.045,-4.88563412344e-14,0
720.0,-0.04,0.05,-2.4333325146e-14,0
720.0,-0.04,0.055,4.1865816109e-15,0
720.0,-0.035,0.05,-3.2224325299e-14,0
720.0,-0.035,0.055,-7.94400274687e-15,0
720.0,-0.04,0.06,3.01961701962e-14,0
720.0,-0.04,0.065,4.80485996667e-14,0
720.0,-0.035,0.06,1.67187044875e-14,0
720.0,-0.035,0.065,3.59226487754e-14,0
720.0,-0.04,0.07,5.8044992138e-14,0
720.0,-0.04,0.075,6.57883937924e-14,0
720.0,-0.035,0.07,5.00244446314e-14,0
720.0,-0.035,0.075,6.29126068119e-14,0
720.0,-0.03,-0.075,1.03921421865e-13,0
720.0,-0.03,-0.07,6.1070589583e-14,0
720.0,-0.025,-0.075,1.09818523386e-13,0
720.0,-0.025,-0.07,6.64634192969e-14,0
720.0,-0.03,-0.065,1.92424924731e-14,0
720.0,-0.025,-0.065,2.39400747854e-14,0
720.0,-0.03,-0.06,-1.71719042161e-14,0
720.0,-0.025,-0.06,-1.33529303274e-14,0
720.0,-0.03,-0.055,-4.09298441358e-14,0
720.0,-0.025,-0.055,-3.75385594343e-14,0
720.0,-0.03,-0.05,-5.17626695546e-14,0
720.0,-0.025,-0.05,-4.84133406941e-14,0
720.0,-0.03,-0.045,-5.32389169743e-14,0
720.0,-0.025,-0.045,-4.97589802684e-14,0
720.0,-0.03,-0.04,-4.69980467267e-14,0
720.0,-0.03,-0.035,-3.52640400727e-14,0
720.0,-0.025,-0.04,-4.31108740361e-14,0
720.0,-0.025,-0.035,-3.13583227913e-14,0
720.0,-0.03,-0.03,-1.99416651142e-14,0
720.0,-0.03,-0.025,-2.82222584266e-15,0
720.0,-0.025,-0.03,-1.60410962133e-14,0
720.0,-0.025,-0.025,1.08225693914e-15,0
720.0,-0.03,-0.02,1.52227426752e-14,0
720.0,-0.025,-0.02,1.87894148824e-14,0
720.0,-0.03,-0.015,3.33462866834e-14,0
720.0,-0.025,-0.015,3.62827292875e-14,0
720.0,-0.03,-0.01,5.09359253302e-14,0
720.0,-0.025,-0.01,5.25947662504e-14,0
720.0,-0.03,-0.005,6.42016467892e-14,0
720.0,-0.025,-0.005,6.40187178601e-14,0
720.0,-0.03,0,6.65471876726e-14,0
720.0,-0.03,0.005,5.52580176028e-14,0
720.0,-0.025,4.16333634234e-19,6.69618027752e-14,0
720.0,-0.025,0.005,5.95292820135e-14,0
720.0,-0.03,0.01,3.83827362847e-14,0
720.0,-0.03,0.015,2.0812680019e-14,0
720.0,-0.025,0.01,4.70948466087e-14,0
720.0,-0.025,0.015,3.28425624236e-14,0
720.0,-0.03,0.02,4.74664453173e-15,0
720.0,-0.03,0.025,-9.97919297737e-15,0
720.0,-0.025,0.02,1.85724016168e-14,0
720.0,-0.025,0.025,4.90071698998e-15,0
720.0,-0.03,0.03,-2.31308877171e-14,0
720.0,-0.03,0.035,-3.45106061875e-14,0
720.0,-0.025,0.03,-8.05975571548e-15,0
720.0,-0.025,0.035,-2.00814235192e-14,0
720.0,-0.03,0.04,-4.16472572497e-14,0
720.0,-0.03,0.045,-4.16300664208e-14,0
720.0,-0.025,0.04,-2.94882110899e-14,0
720.0,-0.025,0.045,-3.31069078134e-14,0
720.0,-0.03,0.05,-3.19657512395e-14,0
720.0,-0.03,0.055,-1.42759710671e-14,0
720.0,-0.025,0.05,-2.89573704737e-14,0
720.0,-0.025,0.055,-1.70921018879e-14,0
720.0,-0.03,0.06,5.07218616398e-15,0
720.0,-0.03,0.065,2.18745932504e-14,0
720.0,-0.025,0.06,-3.60322144342e-15,0
720.0,-0.025,0.065,9.95348178802e-15,0
720.0,-0.03,0.07,3.56192785916e-14,0
720.0,-0.03,0.075,4.8279446781e-14,0
720.0,-0.025,0.07,2.25109087294e-14,0
720.0,-0.025,0.075,3.40689993511e-14,0
720.0,-0.02,-0.075,1.12198691413e-13,0
720.0,-0.02,-0.07,6.94061476984e-14,0
720.0,-0.015,-0.075,1.07887009656e-13,0
720.0,-0.015,-0.07,6.85393151906e-14,0
720.0,-0.02,-0.065,2.77981572927e-14,0
720.0,-0.015,-0.065,3.07994299331e-14,0
720.0,-0.02,-0.06,-8.40739936574e-15,0
720.0,-0.015,-0.06,-1.91189708671e-15,0
720.0,-0.02,-0.055,-3.34594169092e-14,0
720.0,-0.015,-0.055,-2.76776858032e-14,0
720.0,-0.02,-0.05,-4.45765402946e-14,0
720.0,-0.015,-0.05,-4.13563779592e-14,0
720.0,-0.02,-0.045,-4.58855814396e-14,0
720.0,-0.015,-0.045,-4.2934623363e-14,0
720.0,-0.02,-0.04,-3.88876378871e-14,0
720.0,-0.015,-0.04,-3.55529864562e-14,0
720.0,-0.02,-0.035,-2.71297739076e-14,0
720.0,-0.015,-0.035,-2.33909989577e-14,0
720.0,-0.02,-0.03,-1.19166272096e-14,0
720.0,-0.02,-0.025,4.90860396316e-15,0
720.0,-0.015,-0.03,-7.9728660399e-15,0
720.0,-0.015,-0.025,8.49918878399e-15,0
720.0,-0.02,-0.02,2.17770295065e-14,0
720.0,-0.02,-0.015,3.78243523264e-14,0
720.0,-0.015,-0.02,2.38833907336e-14,0
720.0,-0.015,-0.015,3.72547259789e-14,0
720.0,-0.02,-0.01,5.12032925812e-14,0
720.0,-0.015,-0.01,4.61740645744e-14,0
720.0,-0.02,-0.005,5.9334105297e-14,0
720.0,-0.015,-0.005,5.03521361691e-14,0
720.0,-0.02,0,6.16791435602e-14,0
720.0,-0.015,4.16333634234e-19,5.15366744012e-14,0
720.0,-0.02,0.005,5.80144591474e-14,0
720.0,-0.015,0.005,5.12059038675e-14,0
720.0,-0.02,0.01,5.03562136151e-14,0
720.0,-0.02,0.015,4.06341864887e-14,0
720.0,-0.015,0.01,4.89826396149e-14,0
720.0,-0.015,0.015,4.44407471004e-14,0
720.0,-0.02,0.02,2.93665874512e-14,0
720.0,-0.02,0.025,1.75282824413e-14,0
720.0,-0.015,0.02,3.70915558439e-14,0
720.0,-0.015,0.025,2.80192062969e-14,0
720.0,-0.02,0.03,5.27670027931e-15,0
720.0,-0.02,0.035,-6.85868192994e-15,0
720.0,-0.015,0.03,1.70535754406e-14,0
720.0,-0.015,0.035,5.03150527929e-15,0
720.0,-0.02,0.04,-1.82712521991e-14,0
720.0,-0.02,0.045,-2.58933735625e-14,0
720.0,-0.015,0.04,-8.44175132375e-15,0
720.0,-0.015,0.045,-2.00923749901e-14,0
720.0,-0.02,0.05,-2.69769590634e-14,0
720.0,-0.02,0.055,-2.0567847673e-14,0
720.0,-0.015,0.05,-2.6103982088e-14,0
720.0,-0.015,0.055,-2.3956047232e-14,0
720.0,-0.02,0.06,-1.01190570146e-14,0
720.0,-0.02,0.065,1.11129185524e-15,0
720.0,-0.015,0.06,-1.61893444643e-14,0
720.0,-0.015,0.065,-6.93550257291e-15,0
720.0,-0.02,0.07,1.22464644083e-14,0
720.0,-0.02,0.075,2.29268462471e-14,0
720.0,-0.015,0.07,2.84481858084e-15,0
720.0,-0.015,0.075,1.24021137171e-14,0
720.0,-0.01,-0.075,1.02761909244e-13,0
720.0,-0.01,-0.07,6.59279328817e-14,0
720.0,-0.005,-0.075,9.58235572762e-14,0
720.0,-0.005,-0.07,6.13411301959e-14,0
720.0,-0.01,-0.065,3.1538976882e-14,0
720.0,-0.005,-0.065,2.96362585377e-14,0
720.0,-0.01,-0.06,1.8159752511e-15,0
720.0,-0.005,-0.06,2.71194145147e-15,0
720.0,-0.01,-0.055,-2.29960744213e-14,0
720.0,-0.005,-0.055,-2.04146293646e-14,0
720.0,-0.01,-0.05,-3.86037049508e-14,0
720.0,-0.005,-0.05,-3.60082774499e-14,0
720.0,-0.01,-0.045,-4.09633360158e-14,0
720.0,-0.005,-0.045,-3.99913239023e-14,0
720.0,-0.01,-0.04,-3.31250120637e-14,0
720.0,-0.005,-0.04,-3.18111333564e-14,0
720.0,-0.01,-0.035,-2.00826455569e-14,0
720.0,-0.005,-0.035,-1.70300383166e-14,0
720.0,-0.01,-0.03,-4.11268653554e-15,0
720.0,-0.005,-0.03,-8.38801523619e-16,0
720.0,-0.01,-0.025,1.16461633007e-14,0
720.0,-0.005,-0.025,1.38941697138e-14,0
720.0,-0.01,-0.02,2.4916086457e-14,0
720.0,-0.01,-0.015,3.47314381519e-14,0
720.0,-0.005,-0.02,2.543534107e-14,0
720.0,-0.005,-0.015,3.27509161397e-14,0
720.0,-0.0117873230072,-0.0115873794689,4.0331923519e-14,0
720.0,-0.00939961996336,-0.005,3.76698306436e-14,0
720.0,-0.00792797428371,-0.00964253216809,3.66587619368e-14,0
720.0,-0.005,-0.00939961996336,3.31205490186e-14,0
720.0,-0.0108753492546,-0.00150606400588,4.05129704105e-14,0
720.0,-0.00818101620308,-0.00211452602544,3.20969978182e-14,0
720.0,-0.00651817360753,-0.000255934956239,2.37661193734e-14,0
720.0,-0.005,6.71033969428e-08,1.18641251449e-14,0
720.0,-0.0107292118043,0.00160660295843,4.04202770705e-14,0
720.0,-0.0080188992252,0.000768320427092,3.08288876634e-14,0
720.0,-0.00939946851065,0.005,3.90108213674e-14,0
720.0,-0.00802129342231,0.00264911934363,3.24487462551e-14,0
720.0,-0.00887989370213,0.00887989479405,4.17175456025e-14,0
720.0,-0.01,0.015,4.49457298141e-14,0
720.0,-0.005,0.00939947397025,3.72616186212e-14,0
720.0,-0.005,0.015,4.46431847398e-14,0
720.0,-0.01,0.02,4.20877616835e-14,0
720.0,-0.01,0.025,3.61266536005e-14,0
720.0,-0.005,0.02,4.5646840485e-14,0
720.0,-0.005,0.025,4.24277000377e-14,0
720.0,-0.01,0.03,2.68062393611e-14,0
720.0,-0.01,0.035,1.50534036895e-14,0
720.0,-0.005,0.03,3.43091785862e-14,0
720.0,-0.005,0.035,2.10287363809e-14,0
720.0,-0.01,0.04,1.5088422231e-16,0
720.0,-0.01,0.045,-1.43130425649e-14,0
720.0,-0.005,0.04,4.90028241931e-15,0
720.0,-0.005,0.045,-9.97252586938e-15,0
720.0,-0.01,0.05,-2.4030807385e-14,0
720.0,-0.01,0.055,-2.59432590451e-14,0
720.0,-0.005,0.05,-2.06930079867e-14,0
720.0,-0.005,0.055,-2.53573135092e-14,0
720.0,-0.01,0.06,-2.11135096229e-14,0
720.0,-0.01,0.065,-1.38063976254e-14,0
720.0,-0.005,0.06,-2.37984972104e-14,0
720.0,-0.005,0.065,-1.8657706711e-14,0
720.0,-0.01,0.07,-5.3191191192e-15,0
720.0,-0.01,0.075,2.91231940195e-15,0
720.0,-0.005,0.07,-1.15855411013e-14,0
720.0,-0.005,0.075,-4.55465510106e-15,0
720.0,0,-0.075,8.71696545786e-14,0
720.0,0,-0.07,5.4744209517e-14,0
720.0,0.005,-0.075,7.68183688124e-14,0
720.0,0.005,-0.07,4.59666934173e-14,0
720.0,0,-0.065,2.54455129546e-14,0
720.0,0.005,-0.065,1.89695649951e-14,0
720.0,0,-0.06,6.90010603527e-16,0
720.0,0.005,-0.06,-3.71934935357e-15,0
720.0,0,-0.055,-2.04790272279e-14,0
720.0,0.005,-0.055,-2.23835557657e-14,0
720.0,0,-0.05,-3.45605651856e-14,0
720.0,0.005,-0.05,-3.38900550916e-14,0
720.0,0,-0.045,-4.01576124125e-14,0
720.0,0.005,-0.045,-3.92401482203e-14,0
720.0,0,-0.04,-3.15594280346e-14,0
720.0,0.005,-0.04,-3.06163244079e-14,0
720.0,0,-0.035,-1.40361681583e-14,0
720.0,0.005,-0.035,-1.23324457151e-14,0
720.0,0,-0.03,1.53031096165e-15,0
720.0,0.005,-0.03,2.81685704112e-15,0
720.0,0,-0.025,1.5449497864e-14,0
720.0,0.005,-0.025,1.62345351218e-14,0
720.0,0,-0.02,2.60756132077e-14,0
720.0,0.005,-0.02,2.68658679868e-14,0
720.0,0,-0.015,3.25171876952e-14,0
720.0,0.005,-0.015,3.44218523168e-14,0
720.0,-0.0021196717084,-0.00776771017156,2.76684512566e-14,0
720.0,-0.00084550708518,-0.00631514607954,2.15390139062e-14,0
720.0,6.71033969406e-08,-0.005,1.18364389892e-14,0
720.0,-0.00139054260708,-0.0110960807567,3.24010202168e-14,0
720.0,0.00132468676756,-0.00775008274642,2.74084661596e-14,0
720.0,0.00160394440688,-0.0116908851489,3.33938499378e-14,0
720.0,0.005,-0.00939946851065,3.49725640933e-14,0
720.0,0.005,0.005,2.75909677918e-14,0
720.0,-0.000107646311398,0.00617659695633,2.1373810737e-14,0
720.0,-0.00190846935279,0.0076427502668,2.90792083036e-14,0
720.0,0.00131146485568,0.00777290068297,2.90367701066e-14,0
720.0,0.00295884413402,0.00640276348073,2.64402322581e-14,0
720.0,-1.21517769428e-05,0.0108932602996,3.76309373856e-14,0
720.0,0,0.015,4.47085984547e-14,0
720.0,0.005,0.00939942566771,3.81247726778e-14,0
720.0,0.005,0.015,4.60678180537e-14,0
720.0,0,0.02,4.77694187319e-14,0
720.0,0,0.025,4.64290078569e-14,0
720.0,0.005,0.02,4.77020344669e-14,0
720.0,0.005,0.025,4.53558175092e-14,0
720.0,0,0.03,3.82929670019e-14,0
720.0,0,0.035,2.24744605806e-14,0
720.0,0.005,0.03,3.72017623613e-14,0
720.0,0.005,0.035,2.19396156244e-14,0
720.0,0,0.04,5.49169517879e-15,0
720.0,0,0.045,-9.27276551023e-15,0
720.0,0.005,0.04,3.96266770989e-15,0
720.0,0.005,0.045,-1.12378175972e-14,0
720.0,0,0.05,-1.93148600016e-14,0
720.0,0,0.055,-2.41448380147e-14,0
720.0,0.005,0.05,-1.95845363065e-14,0
720.0,0.005,0.055,-2.31951212938e-14,0
720.0,0,0.06,-2.40070977326e-14,0
720.0,0,0.065,-2.02443136223e-14,0
720.0,0.005,0.06,-2.24189298047e-14,0
720.0,0.005,0.065,-1.84139461265e-14,0
720.0,0,0.07,-1.44162648905e-14,0
720.0,0,0.075,-8.48965322011e-15,0
720.0,0.005,0.07,-1.25461297798e-14,0
720.0,0.005,0.075,-6.42967510061e-15,0
720.0,0.01,-0.075,5.79447797308e-14,0
720.0,0.01,-0.07,3.08330406019e-14,0
720.0,0.015,-0.075,3.29202132102e-14,0
720.0,0.015,-0.07,1.24724187736e-14,0
720.0,0.01,-0.065,7.2207602543e-15,0
720.0,0.015,-0.065,-5.14569936646e-15,0
720.0,0.01,-0.06,-1.07534940064e-14,0
720.0,0.015,-0.06,-1.69751611531e-14,0
720.0,0.01,-0.055,-2.4917704887e-14,0
720.0,0.015,-0.055,-2.69929295504e-14,0
720.0,0.01,-0.05,-3.35190227885e-14,0
720.0,0.015,-0.05,-3.36064793874e-14,0
720.0,0.01,-0.045,-3.75274883013e-14,0
720.0,0.015,-0.045,-3.47926444108e-14,0
720.0,0.01,-0.04,-2.88399646142e-14,0
720.0,0.015,-0.04,-2.65048835607e-14,0
720.0,0.01,-0.035,-1.18803929074e-14,0
720.0,0.015,-0.035,-1.27667593172e-14,0
720.0,0.01,-0.03,2.60141445706e-15,0
720.0,0.015,-0.03,7.72230488475e-16,0
720.0,0.01,-0.025,1.57602008929e-14,0
720.0,0.015,-0.025,1.3584130298e-14,0
720.0,0.01,-0.02,2.6823169831e-14,0
720.0,0.01,-0.015,3.62007194117e-14,0
720.0,0.015,-0.02,2.52306385774e-14,0
720.0,0.015,-0.015,3.5970867797e-14,0
720.0,0.00999280436795,-0.0116358337096,4.0443386683e-14,0
720.0,0.0105889214373,-0.00845762197625,4.27922799713e-14,0
720.0,0.015,-0.01,4.45970199256e-14,0
720.0,0.00939947397025,-0.005,4.04296463211e-14,0
720.0,0.015,-0.005,4.97252319664e-14,0
720.0,0.00658051136513,-0.00296146438142,2.96306277455e-14,0
720.0,0.00636794669772,-3.54305826484e-06,2.50977003817e-14,0
720.0,0.00795807888052,-0.00113999998936,3.37537943015e-14,0
720.0,0.00758147027913,0.00183630393596,3.24152569279e-14,0
720.0,0.0112534647756,-1.47536350887e-07,4.42939809069e-14,0
720.0,0.015,4.16333634234e-19,5.17493347046e-14,0
720.0,0.00939942566771,0.005,4.08748389937e-14,0
720.0,0.015,0.005,5.19665084548e-14,0
720.0,0.00999018807453,0.0109670628501,4.65202327196e-14,0
720.0,0.01,0.015,4.77487605988e-14,0
720.0,0.015,0.01,5.15003505081e-14,0
720.0,0.015,0.015,4.8399481866e-14,0
720.0,0.01,0.02,4.60555931542e-14,0
720.0,0.01,0.025,4.15075931588e-14,0
720.0,0.015,0.02,4.26782138201e-14,0
720.0,0.015,0.025,3.54647612388e-14,0
720.0,0.01,0.03,3.23372814487e-14,0
720.0,0.01,0.035,1.8620831723e-14,0
720.0,0.015,0.03,2.4979273189e-14,0
720.0,0.015,0.035,1.15023836531e-14,0
720.0,0.01,0.04,-7.40082650562e-16,0
720.0,0.01,0.045,-1.61462888038e-14,0
720.0,0.015,0.04,-7.62991619332e-15,0
720.0,0.015,0.045,-2.14547917439e-14,0
720.0,0.01,0.05,-2.11555526457e-14,0
720.0,0.01,0.055,-2.24359521316e-14,0
720.0,0.015,0.05,-2.36317536556e-14,0
720.0,0.015,0.055,-2.21713902218e-14,0
720.0,0.01,0.06,-1.97296269857e-14,0
720.0,0.01,0.065,-1.40632567177e-14,0
720.0,0.015,0.06,-1.66044036359e-14,0
720.0,0.015,0.065,-7.91477475204e-15,0
720.0,0.01,0.07,-6.61970075491e-15,0
720.0,0.01,0.075,1.03593662312e-15,0
720.0,0.015,0.07,2.62211582065e-15,0
720.0,0.015,0.075,1.33069610457e-14,0
720.0,0.02,-0.075,1.08475619234e-14,0
720.0,0.02,-0.07,-1.60545755134e-15,0
720.0,0.025,-0.075,-3.87160523448e-15,0
720.0,0.025,-0.07,-1.01540606045e-14,0
720.0,0.02,-0.065,-1.23449225136e-14,0
720.0,0.025,-0.065,-1.6072052094e-14,0
720.0,0.02,-0.06,-2.05571380335e-14,0
720.0,0.025,-0.06,-2.16114616009e-14,0
720.0,0.02,-0.055,-2.82922557105e-14,0
720.0,0.025,-0.055,-2.7146043062e-14,0
720.0,0.02,-0.05,-3.31591862161e-14,0
720.0,0.025,-0.05,-3.03802711939e-14,0
720.0,0.02,-0.045,-3.21784522967e-14,0
720.0,0.025,-0.045,-2.91921347417e-14,0
720.0,0.02,-0.04,-2.50003180088e-14,0
720.0,0.025,-0.04,-2.37043857139e-14,0
720.0,0.02,-0.035,-1.3955041432e-14,0
720.0,0.025,-0.035,-1.50443599119e-14,0
720.0,0.02,-0.03,-1.87460028457e-15,0
720.0,0.025,-0.03,-4.93637362204e-15,0
720.0,0.02,-0.025,1.01089703237e-14,0
720.0,0.025,-0.025,5.55431225902e-15,0
720.0,0.02,-0.02,2.17312838585e-14,0
720.0,0.025,-0.02,1.62189584199e-14,0
720.0,0.02,-0.015,3.3029642428e-14,0
720.0,0.025,-0.015,2.70930221397e-14,0
720.0,0.02,-0.01,4.3315642169e-14,0
720.0,0.025,-0.01,3.80231780316e-14,0
720.0,0.02,-0.005,5.11028942306e-14,0
720.0,0.025,-0.005,4.69914743296e-14,0
720.0,0.02,0,5.52310075917e-14,0
720.0,0.025,4.16333634234e-19,5.19229155472e-14,0
720.0,0.02,0.005,5.53534247586e-14,0
720.0,0.025,0.005,5.01716804018e-14,0
720.0,0.02,0.01,5.18692938528e-14,0
720.0,0.025,0.01,4.42774888062e-14,0
720.0,0.02,0.015,4.48050152167e-14,0
720.0,0.025,0.015,3.60658151918e-14,0
720.0,0.02,0.02,3.61803393294e-14,0
720.0,0.02,0.025,2.68050508901e-14,0
720.0,0.025,0.02,2.64876386211e-14,0
720.0,0.025,0.025,1.61681121218e-14,0
720.0,0.02,0.03,1.52227631869e-14,0
720.0,0.02,0.035,1.80122407996e-15,0
720.0,0.025,0.03,3.97985102771e-15,0
720.0,0.025,0.035,-9.78197781946e-15,0
720.0,0.02,0.04,-1.52146514731e-14,0
720.0,0.02,0.045,-2.68176391192e-14,0
720.0,0.025,0.04,-2.32194891782e-14,0
720.0,0.025,0.045,-3.22872923357e-14,0
720.0,0.02,0.05,-2.70702500868e-14,0
720.0,0.02,0.055,-2.26453483408e-14,0
720.0,0.025,0.05,-3.19011672836e-14,0
720.0,0.025,0.055,-2.3951426908e-14,0
720.0,0.02,0.06,-1.30596359322e-14,0
720.0,0.02,0.065,4.18604894487e-17,0
720.0,0.025,0.06,-8.93111278516e-15,0
720.0,0.025,0.065,9.43680574895e-15,0
720.0,0.02,0.07,1.54801955654e-14,0
720.0,0.02,0.075,3.18189619353e-14,0
720.0,0.025,0.07,3.04780096339e-14,0
720.0,0.025,0.075,5.31925129887e-14,0
720.0,0.03,-0.075,-1.04870299346e-14,0
720.0,0.03,-0.07,-1.26847797815e-14,0
720.0,0.035,-0.075,-9.93383299872e-15,0
720.0,0.035,-0.07,-9.17613102547e-15,0
720.0,0.03,-0.065,-1.55020665607e-14,0
720.0,0.035,-0.065,-9.58098444401e-15,0
720.0,0.03,-0.06,-1.86644863534e-14,0
720.0,0.035,-0.06,-1.11312077648e-14,0
720.0,0.03,-0.055,-2.22263870311e-14,0
720.0,0.035,-0.055,-1.34333978826e-14,0
720.0,0.03,-0.05,-2.46675204761e-14,0
720.0,0.035,-0.05,-1.5826239031e-14,0
720.0,0.03,-0.045,-2.46735552649e-14,0
720.0,0.035,-0.045,-1.77907399154e-14,0
720.0,0.03,-0.04,-2.17011841012e-14,0
720.0,0.035,-0.04,-1.81455787751e-14,0
720.0,0.03,-0.035,-1.59593236379e-14,0
720.0,0.035,-0.035,-1.63568900653e-14,0
720.0,0.03,-0.03,-8.40195207471e-15,0
720.0,0.035,-0.03,-1.21151148405e-14,0
720.0,0.03,-0.025,-9.63300955931e-17,0
720.0,0.035,-0.025,-6.63877995243e-15,0
720.0,0.03,-0.02,8.77132607535e-15,0
720.0,0.035,-0.02,-3.7367434681e-16,0
720.0,0.03,-0.015,1.81708590852e-14,0
720.0,0.035,-0.015,6.61692416498e-15,0
720.0,0.03,-0.01,2.79996098687e-14,0
720.0,0.035,-0.01,1.35938379605e-14,0
720.0,0.03,-0.005,3.64216594974e-14,0
720.0,0.035,-0.005,1.98674194313e-14,0
720.0,0.03,0,4.07941507507e-14,0
720.0,0.035,4.16333634234e-19,2.3764701694e-14,0
720.0,0.03,0.005,3.84509276053e-14,0
720.0,0.035,0.005,2.34693582487e-14,0
720.0,0.03,0.01,3.22264132332e-14,0
720.0,0.035,0.01,1.87300708346e-14,0
720.0,0.03,0.015,2.42380606801e-14,0
720.0,0.035,0.015,1.14485172618e-14,0
720.0,0.03,0.02,1.4692706378e-14,0
720.0,0.035,0.02,2.29359123177e-15,0
720.0,0.03,0.025,4.07216624908e-15,0
720.0,0.035,0.025,-8.36418125747e-15,0
720.0,0.03,0.03,-8.64457505571e-15,0
720.0,0.03,0.035,-2.19260602935e-14,0
720.0,0.035,0.03,-2.09235007426e-14,0
720.0,0.035,0.035,-3.35188527128e-14,0
720.0,0.03,0.04,-3.29441959419e-14,0
720.0,0.03,0.045,-4.05699331572e-14,0
720.0,0.035,0.04,-4.35050176915e-14,0
720.0,0.035,0.045,-4.88991637609e-14,0
720.0,0.03,0.05,-3.84146810763e-14,0
720.0,0.03,0.055,-2.48224550206e-14,0
720.0,0.035,0.05,-4.26383775401e-14,0
720.0,0.035,0.055,-2.54029928289e-14,0
720.0,0.03,0.06,-4.59919637579e-15,0
720.0,0.03,0.065,1.88440737096e-14,0
720.0,0.035,0.06,-1.29837432589e-15,0
720.0,0.035,0.065,2.728827571e-14,0
720.0,0.03,0.07,4.51620098185e-14,0
720.0,0.03,0.075,7.27300752592e-14,0
720.0,0.035,0.07,5.94456765287e-14,0
720.0,0.035,0.075,9.21164483756e-14,0
720.0,0.04,-0.075,-5.90905092279e-15,0
720.0,0.04,-0.07,-2.07845489334e-15,0
720.0,0.045,-0.075,-4.2319884649e-15,0
720.0,0.045,-0.07,4.49672762821e-15,0
720.0,0.04,-0.065,-3.38745020769e-16,0
720.0,0.045,-0.065,9.81903425014e-15,0
720.0,0.04,-0.06,-7.60760104971e-16,0
720.0,0.045,-0.06,1.09576628493e-14,0
720.0,0.04,-0.055,-2.31936390346e-15,0
720.0,0.045,-0.055,1.01779280379e-14,0
720.0,0.04,-0.05,-4.95203060506e-15,0
720.0,0.045,-0.05,7.11938475015e-15,0
720.0,0.04,-0.045,-8.32911271238e-15,0
720.0,0.045,-0.045,2.44503717226e-15,0
720.0,0.04,-0.04,-1.20005593778e-14,0
720.0,0.045,-0.04,-4.09134049746e-15,0
720.0,0.04,-0.035,-1.46569957611e-14,0
720.0,0.045,-0.035,-1.08113149516e-14,0
720.0,0.04,-0.03,-1.52886983923e-14,0
720.0,0.045,-0.03,-1.65207157651e-14,0
720.0,0.04,-0.025,-1.39401672634e-14,0
720.0,0.045,-0.025,-2.04776012005e-14,0
720.0,0.04,-0.02,-1.11069234256e-14,0
720.0,0.045,-0.02,-2.20303132949e-14,0
720.0,0.04,-0.015,-7.41009106901e-15,0
720.0,0.045,-0.015,-2.20039232346e-14,0
720.0,0.04,-0.01,-3.11898326536e-15,0
720.0,0.045,-0.01,-2.04467915464e-14,0
720.0,0.04,-0.005,1.62445839251e-15,0
720.0,0.045,-0.005,-1.71311833182e-14,0
720.0,0.04,0,5.74745491956e-15,0
720.0,0.045,4.16333634234e-19,-1.20139184394e-14,0
720.0,0.04,0.005,7.2160769511e-15,0
720.0,0.045,0.005,-8.2148872945e-15,0
720.0,0.04,0.01,4.88352240635e-15,0
720.0,0.045,0.01,-7.76505740891e-15,0
720.0,0.04,0.015,-8.2792838475e-16,0
720.0,0.045,0.015,-1.1141673028e-14,0
720.0,0.04,0.02,-9.08205658611e-15,0
720.0,0.045,0.02,-1.79462542081e-14,0
720.0,0.04,0.025,-1.92814207922e-14,0
720.0,0.045,0.025,-2.74636209055e-14,0
720.0,0.04,0.03,-3.11378998536e-14,0
720.0,0.045,0.03,-3.89411447124e-14,0
720.0,0.04,0.035,-4.33634921745e-14,0
720.0,0.045,0.035,-4.96446150796e-14,0
720.0,0.04,0.04,-5.32677639447e-14,0
720.0,0.04,0.045,-5.46427932646e-14,0
720.0,0.045,0.04,-5.59990318255e-14,0
720.0,0.045,0.045,-5.54188088935e-14,0
720.0,0.04,0.05,-4.51235933697e-14,0
720.0,0.04,0.055,-2.77828528816e-14,0
720.0,0.045,0.05,-4.70756166895e-14,0
720.0,0.045,0.055,-3.17699748317e-14,0
720.0,0.04,0.06,-5.50904999466e-16,0
720.0,0.04,0.065,3.47481470654e-14,0
720.0,0.045,0.06,-2.17592026411e-15,0
720.0,0.045,0.065,4.00345189008e-14,0
720.0,0.04,0.07,7.38365000242e-14,0
720.0,0.04,0.075,1.13526048974e-13,0
720.0,0.045,0.07,8.66932555601e-14,0
720.0,0.045,0.075,1.33269141193e-13,0
720.0,0.05,-0.075,-1.1949562362e-14,0
720.0,0.05,-0.07,6.18720567307e-15,0
720.0,0.055,-0.075,-3.6536981243e-14,0
720.0,0.055,-0.07,-2.5851366643e-15,0
720.0,0.05,-0.065,1.88532363396e-14,0
720.0,0.055,-0.065,2.52842203292e-14,0
720.0,0.05,-0.06,2.37067803512e-14,0
720.0,0.055,-0.06,3.69547964251e-14,0
720.0,0.05,-0.055,2.47337756596e-14,0
720.0,0.055,-0.055,4.030984992e-14,0
720.0,0.05,-0.05,2.10936945681e-14,0
720.0,0.055,-0.05,3.50927653805e-14,0
720.0,0.05,-0.045,1.38440089523e-14,0
720.0,0.055,-0.045,2.54933125804e-14,0
720.0,0.05,-0.04,4.41291089288e-15,0
720.0,0.055,-0.04,1.34388211808e-14,0
720.0,0.05,-0.035,-5.66750396497e-15,0
720.0,0.055,-0.035,3.68556843318e-16,0
720.0,0.05,-0.03,-1.56144726026e-14,0
720.0,0.055,-0.03,-1.30905213932e-14,0
720.0,0.05,-0.025,-2.45180203968e-14,0
720.0,0.055,-0.025,-2.61085235957e-14,0
720.0,0.05,-0.02,-3.12130281755e-14,0
720.0,0.055,-0.02,-3.72644498653e-14,0
720.0,0.05,-0.015,-3.54052786764e-14,0
720.0,0.055,-0.015,-4.57534723787e-14,0
720.0,0.05,-0.01,-3.67620398292e-14,0
720.0,0.055,-0.01,-4.99059065874e-14,0
720.0,0.05,-0.005,-3.57441225865e-14,0
720.0,0.055,-0.005,-4.97953435333e-14,0
720.0,0.05,0,-3.04335814721e-14,0
720.0,0.055,4.16333634234e-19,-4.28651831457e-14,0
720.0,0.05,0.005,-2.23435195402e-14,0
720.0,0.055,0.005,-2.99969449337e-14,0
720.0,0.05,0.01,-1.7101206014e-14,0
720.0,0.055,0.01,-2.00617112879e-14,0
720.0,0.05,0.015,-1.69027799616e-14,0
720.0,0.055,0.015,-1.63566774287e-14,0
720.0,0.05,0.02,-2.18152488097e-14,0
720.0,0.055,0.02,-1.89827402765e-14,0
720.0,0.05,0.025,-3.02304765419e-14,0
720.0,0.055,0.025,-2.50436056526e-14,0
720.0,0.05,0.03,-4.08591981585e-14,0
720.0,0.055,0.03,-3.29862001222e-14,0
720.0,0.05,0.035,-4.90376168914e-14,0
720.0,0.055,0.035,-4.16681211935e-14,0
720.0,0.05,0.04,-5.34439339829e-14,0
720.0,0.055,0.04,-4.88697389101e-14,0
720.0,0.05,0.045,-5.38483686105e-14,0
720.0,0.055,0.045,-5.1769673714e-14,0
720.0,0.05,0.05,-4.81242114612e-14,0
720.0,0.05,0.055,-3.63354839447e-14,0
720.0,0.055,0.05,-4.89322624297e-14,0
720.0,0.055,0.055,-3.94234917619e-14,0
720.0,0.05,0.06,-7.03518763673e-15,0
720.0,0.05,0.065,3.95845129557e-14,0
720.0,0.055,0.06,-1.41847617653e-14,0
720.0,0.055,0.065,2.969086845e-14,0
720.0,0.05,0.07,9.24600315869e-14,0
720.0,0.05,0.075,1.47505868567e-13,0
720.0,0.055,0.07,8.25634133657e-14,0
720.0,0.055,0.075,1.39751212347e-13,0
720.0,0.06,-0.075,-7.99760636635e-14,0
720.0,0.06,-0.07,-2.82911901106e-14,0
720.0,0.065,-0.075,-1.34758539457e-13,0
720.0,0.065,-0.07,-6.46290007871e-14,0
720.0,0.06,-0.065,1.84947257179e-14,0
720.0,0.065,-0.065,9.25300587965e-16,0
720.0,0.06,-0.06,4.78458102996e-14,0
720.0,0.065,-0.06,5.00384820257e-14,0
720.0,0.06,-0.055,5.56871245474e-14,0
720.0,0.065,-0.055,6.92805679543e-14,0
720.0,0.06,-0.05,4.85761911073e-14,0
720.0,0.065,-0.05,6.27753608526e-14,0
720.0,0.06,-0.045,3.72492669855e-14,0
720.0,0.065,-0.045,4.96346552676e-14,0
720.0,0.06,-0.04,2.28334512238e-14,0
720.0,0.065,-0.04,3.2622858041e-14,0
720.0,0.06,-0.035,7.08002546208e-15,0
720.0,0.065,-0.035,1.4214263491e-14,0
720.0,0.06,-0.03,-9.27720021545e-15,0
720.0,0.065,-0.03,-4.78760025544e-15,0
720.0,0.06,-0.025,-2.54311742411e-14,0
720.0,0.065,-0.025,-2.35280589094e-14,0
720.0,0.06,-0.02,-4.01645653333e-14,0
720.0,0.065,-0.02,-4.09664355771e-14,0
720.0,0.06,-0.015,-5.22105455067e-14,0
720.0,0.065,-0.015,-5.57566949905e-14,0
720.0,0.06,-0.01,-5.82588789038e-14,0
720.0,0.065,-0.01,-6.21852991745e-14,0
720.0,0.06,-0.005,-5.63175487079e-14,0
720.0,0.065,-0.005,-5.38783235498e-14,0
720.0,0.06,0,-4.41109364651e-14,0
720.0,0.065,4.16333634234e-19,-3.32963052308e-14,0
720.0,0.06,0.005,-2.62600755175e-14,0
720.0,0.065,0.005,-9.89800063722e-15,0
720.0,0.06,0.01,-1.1828905921e-14,0
720.0,0.065,0.01,9.48254148888e-15,0
720.0,0.06,0.015,-5.47485801089e-15,0
720.0,0.065,0.015,1.89594823818e-14,0
720.0,0.06,0.02,-4.87490101555e-15,0
720.0,0.065,0.02,2.18497241169e-14,0
720.0,0.06,0.025,-7.5573383086e-15,0
720.0,0.065,0.025,2.14822177656e-14,0
720.0,0.06,0.03,-1.25327719937e-14,0
720.0,0.065,0.03,1.82650671978e-14,0
720.0,0.06,0.035,-2.03950842235e-14,0
720.0,0.065,0.035,1.24475524555e-14,0
720.0,0.06,0.04,-3.01862930931e-14,0
720.0,0.065,0.04,2.89397262082e-15,0
720.0,0.06,0.045,-3.87972440519e-14,0
720.0,0.065,0.045,-1.08636302989e-14,0
720.0,0.06,0.05,-4.33353745919e-14,0
720.0,0.065,0.05,-2.69781058073e-14,0
720.0,0.06,0.055,-4.07242085109e-14,0
720.0,0.065,0.055,-3.86535217181e-14,0
720.0,0.06,0.06,-2.38423098515e-14,0
720.0,0.06,0.065,1.01489441006e-14,0
720.0,0.065,0.06,-3.67692904305e-14,0
720.0,0.065,0.065,-1.75271384428e-14,0
720.0,0.06,0.07,5.56365666346e-14,0
720.0,0.06,0.075,1.06749239946e-13,0
720.0,0.065,0.07,1.57242871413e-14,0
720.0,0.065,0.075,5.59570553151e-14,0
720.0,0.07,-0.075,-1.87410688532e-13,0
720.0,0.07,-0.07,-1.01871383202e-13,0
720.0,0.075,-0.075,-2.31062100093e-13,0
720.0,0.075,-0.07,-1.34594574968e-13,0
720.0,0.07,-0.065,-1.98254116544e-14,0
720.0,0.075,-0.065,-3.7153971618e-14,0
720.0,0.07,-0.06,4.49134275158e-14,0
720.0,0.075,-0.06,4.35136587001e-14,0
720.0,0.07,-0.055,7.784667548e-14,0
720.0,0.075,-0.055,8.85649720503e-14,0
720.0,0.07,-0.05,7.85693294709e-14,0
720.0,0.075,-0.05,9.40520901068e-14,0
720.0,0.07,-0.045,6.25917024618e-14,0
720.0,0.075,-0.045,7.45304834683e-14,0
720.0,0.07,-0.04,4.24350761571e-14,0
720.0,0.075,-0.04,5.1990215845e-14,0
720.0,0.07,-0.035,2.13603772406e-14,0
720.0,0.075,-0.035,2.83594181902e-14,0
720.0,0.07,-0.03,3.23642196362e-17,0
720.0,0.075,-0.03,4.90919332358e-15,0
720.0,0.07,-0.025,-2.0873316208e-14,0
720.0,0.075,-0.025,-1.7936122824e-14,0
720.0,0.07,-0.02,-4.03198168103e-14,0
720.0,0.075,-0.02,-3.93798721912e-14,0
720.0,0.07,-0.015,-5.68169747632e-14,0
720.0,0.075,-0.015,-5.6947797483e-14,0
720.0,0.07,-0.01,-5.98207462333e-14,0
720.0,0.075,-0.01,-5.46152267198e-14,0
720.0,0.07,-0.005,-4.19626189856e-14,0
720.0,0.075,-0.005,-2.6934529332e-14,0
720.0,0.07,0,-1.55643246081e-14,0
720.0,0.075,0,3.27744624055e-15,0
720.0,0.07,0.005,1.19124893512e-14,0
720.0,0.075,0.005,3.5260771751e-14,0
720.0,0.07,0.01,3.60726487206e-14,0
720.0,0.075,0.01,6.54068782706e-14,0
720.0,0.07,0.015,4.97730387233e-14,0
720.0,0.075,0.015,8.2731307956e-14,0
720.0,0.07,0.02,5.4272967122e-14,0
720.0,0.075,0.02,8.83735306021e-14,0
720.0,0.07,0.025,5.53433560844e-14,0
720.0,0.075,0.025,9.05133722998e-14,0
720.0,0.07,0.03,5.30929644658e-14,0
720.0,0.075,0.03,8.90668807447e-14,0
720.0,0.07,0.035,4.79737062411e-14,0
720.0,0.075,0.035,8.44904391381e-14,0
720.0,0.07,0.04,3.78460025094e-14,0
720.0,0.075,0.04,7.43668803162e-14,0
720.0,0.07,0.045,2.18643552453e-14,0
720.0,0.075,0.045,5.64933419788e-14,0
720.0,0.07,0.05,-5.4261558912e-15,0
720.0,0.075,0.05,1.64169081755e-14,0
720.0,0.07,0.055,-3.55138684605e-14,0
720.0,0.075,0.055,-3.45012331435e-14,0
720.0,0.07,0.06,-5.27179014388e-14,0
720.0,0.075,0.06,-7.26246087817e-14,0
720.0,0.07,0.065,-5.03988210987e-14,0
720.0,0.075,0.065,-8.73396901348e-14,0
720.0,0.07,0.07,-3.07560486819e-14,0
720.0,0.07,0.075,-1.77629035888e-15,0
720.0,0.075,0.07,-7.94185566761e-14,0
720.0,0.075,0.075,-5.77590037936e-14,0
820.0,-0.00382671281566,-0.00202612167119,0,0
820.0,-0.005,-0.005,2.34834908384e-14,0
820.0,-0.00197892066871,-0.00385133392306,0,0
820.0,-0.005,-0.00190753787223,1.66904144974e-14,0
820.0,-0.00433,0,0,0
820.0,-0.00190753787223,-0.005,1.41171496029e-14,0
820.0,0,-0.00433,0,0
820.0,-0.005,0.00190775150599,1.95034611666e-14,0
820.0,-0.00385133392306,0.00197892066871,0,0
820.0,0.00190775150599,-0.005,1.5315247446e-14,0
820.0,0.00202612167119,-0.00382671281566,0,0
820.0,-0.00202612167119,0.00382671281566,0,0
820.0,-0.005,0.005,4.425918146e-14,0
820.0,-0.0019094272225,0.005,1.92317618943e-14,0
820.0,0,0.00433,0,0
820.0,0.00147766755988,0.00407006125046,0,0
820.0,8.32667268469e-19,0.005,1.36011577266e-14,0
820.0,0.00433,0,0,0
820.0,0.005,1.38777878078e-18,1.06914568446e-14,0
820.0,0.00407006125046,0.00147766755988,0,0
820.0,0.005,-0.005,2.63578402768e-14,0
820.0,0.00385133392306,-0.00197892066871,0,0
820.0,0.005,-0.0019094272225,1.49129866017e-14,0
820.0,0.00306177236254,0.00306177236254,0,0
820.0,0.0019094272225,0.005,1.81570826724e-14,0
820.0,0.005,0.0019094272225,1.42102914579e-14,0
820.0,-0.000885,-0.0015328649647,1.27169947961e-12,0
820.0,-0.0015328649647,-0.000885,1.27182190543e-12,0
820.0,-0.00186450691264,-0.00187567167242,8.4314339386e-13,0
820.0,-0.00177,0,1.2715135001e-12,0
820.0,-0.00268433516245,-0.000738983120158,7.5921300159e-13,0
820.0,0,-0.00177,1.27166096077e-12,0
820.0,-0.000718432264205,-0.00269192408424,7.57506553638e-13,0
820.0,-0.0015328649647,0.000885,1.27000865988e-12,0
820.0,-0.00265321485144,0.000647311733689,7.90000250919e-13,0
820.0,-0.000885,0.0015328649647,1.26838056636e-12,0
820.0,-0.00194719253591,0.00178443766524,8.44069592431e-13,0
820.0,0,0.00177,1.26427339292e-12,0
820.0,-0.000802720381054,0.00273415977115,7.17600203293e-13,0
820.0,0.000885,-0.0015328649647,1.27034943981e-12,0
820.0,0.00075154031863,-0.00270385456952,7.45394767567e-13,0
820.0,0.00177,0,1.26261290573e-12,0
820.0,0.0015328649647,-0.000885,1.2681963906e-12,0
820.0,0.00271471102228,-0.000564731152102,7.61020363139e-13,0
820.0,0.00192394637685,-0.00189207206672,8.10209269086e-13,0
820.0,0.00231817117671,0.00040530921667,9.88048404468e-13,0
820.0,0.0015328649647,0.000885,1.26087864655e-12,0
820.0,0.000885,0.0015328649647,1.26158381868e-12,0
820.0,0.000427053001345,0.00287092483521,6.82284460748e-13,0
820.0,0.00187618296239,0.00184774001435,8.33456211134e-13,0
820.0,0.00312733402203,0.000607809752493,5.19270968916e-13,0
820.0,0.00276214303706,0.00136595635004,5.76939381415e-13,0
820.0,0.0014100336009,0.00268674970267,6.04855596076e-13,0
820.0,-0.075,-0.075,-1.04889102387e-12,0
820.0,-0.07,-0.075,-1.25962629351e-12,0
820.0,-0.075,-0.07,-3.41069313889e-13,0
820.0,-0.07,-0.07,-5.99717997312e-13,0
820.0,-0.075,-0.065,2.51857304665e-13,0
820.0,-0.07,-0.065,-4.2150806554e-14,0
820.0,-0.065,-0.075,-1.35115086383e-12,0
820.0,-0.065,-0.07,-7.75214866146e-13,0
820.0,-0.065,-0.065,-2.78276200529e-13,0
820.0,-0.075,-0.06,6.23069965361e-13,0
820.0,-0.07,-0.06,3.28950224691e-13,0
820.0,-0.065,-0.06,8.01809168237e-14,0
820.0,-0.075,-0.055,8.11428431722e-13,0
820.0,-0.07,-0.055,5.36082867093e-13,0
820.0,-0.065,-0.055,2.84114758466e-13,0
820.0,-0.075,-0.05,8.81196327325e-13,0
820.0,-0.07,-0.05,6.15128340824e-13,0
820.0,-0.065,-0.05,3.70223999873e-13,0
820.0,-0.075,-0.045,9.09883426357e-13,0
820.0,-0.07,-0.045,6.50376011563e-13,0
820.0,-0.065,-0.045,4.11559645497e-13,0
820.0,-0.075,-0.04,8.47467504175e-13,0
820.0,-0.07,-0.04,6.16031581833e-13,0
820.0,-0.075,-0.035,6.81818420528e-13,0
820.0,-0.07,-0.035,5.05401296884e-13,0
820.0,-0.065,-0.04,3.99009704661e-13,0
820.0,-0.065,-0.035,3.32998139754e-13,0
820.0,-0.075,-0.03,4.8731279446e-13,0
820.0,-0.07,-0.03,3.5115578935e-13,0
820.0,-0.075,-0.025,2.64466379219e-13,0
820.0,-0.07,-0.025,1.72446893514e-13,0
820.0,-0.065,-0.03,2.23898441055e-13,0
820.0,-0.065,-0.025,9.17016989879e-14,0
820.0,-0.075,-0.02,-2.61005076207e-14,0
820.0,-0.07,-0.02,-3.58948292525e-14,0
820.0,-0.075,-0.015,-3.4153136246e-13,0
820.0,-0.07,-0.015,-2.56813421696e-13,0
820.0,-0.065,-0.02,-4.86655926608e-14,0
820.0,-0.065,-0.015,-1.87934347513e-13,0
820.0,-0.075,-0.01,-6.17193151399e-13,0
820.0,-0.07,-0.01,-4.56095839433e-13,0
820.0,-0.075,-0.005,-8.17534678499e-13,0
820.0,-0.07,-0.005,-5.92681190346e-13,0
820.0,-0.065,-0.01,-3.16731836879e-13,0
820.0,-0.065,-0.005,-3.87941994414e-13,0
820.0,-0.075,0,-9.13351213175e-13,0
820.0,-0.07,0,-6.44599365271e-13,0
820.0,-0.075,0.005,-8.98265513478e-13,0
820.0,-0.07,0.005,-6.10126113853e-13,0
820.0,-0.065,4.16333634234e-19,-3.91349282443e-13,0
820.0,-0.065,0.005,-3.29938903581e-13,0
820.0,-0.075,0.01,-7.88422170479e-13,0
820.0,-0.07,0.01,-5.03788004999e-13,0
820.0,-0.075,0.015,-6.07035770802e-13,0
820.0,-0.07,0.015,-3.46202467877e-13,0
820.0,-0.065,0.01,-2.2495874101e-13,0
820.0,-0.065,0.015,-9.35103136077e-14,0
820.0,-0.075,0.02,-3.71694937382e-13,0
820.0,-0.07,0.02,-1.48554688426e-13,0
820.0,-0.075,0.025,-1.02666039475e-13,0
820.0,-0.07,0.025,7.28420036719e-14,0
820.0,-0.065,0.02,6.28297612716e-14,0
820.0,-0.065,0.025,2.18689488672e-13,0
820.0,-0.075,0.03,2.70688199936e-13,0
820.0,-0.07,0.03,3.14933256831e-13,0
820.0,-0.075,0.035,6.74526293119e-13,0
820.0,-0.07,0.035,5.50310325955e-13,0
820.0,-0.065,0.03,3.06500529111e-13,0
820.0,-0.065,0.035,3.67001019707e-13,0
820.0,-0.075,0.04,1.12243149194e-12,0
820.0,-0.07,0.04,7.52720857722e-13,0
820.0,-0.075,0.045,1.42441061464e-12,0
820.0,-0.07,0.045,8.76175076281e-13,0
820.0,-0.065,0.04,3.87717161619e-13,0
820.0,-0.065,0.045,3.79972999795e-13,0
820.0,-0.075,0.05,1.47004459951e-12,0
820.0,-0.07,0.05,8.84968659517e-13,0
820.0,-0.075,0.055,1.27306068799e-12,0
820.0,-0.07,0.055,7.31508620952e-13,0
820.0,-0.065,0.05,3.52748238321e-13,0
820.0,-0.065,0.055,2.37815720806e-13,0
820.0,-0.075,0.06,7.9168365354e-13,0
820.0,-0.07,0.06,3.96331762607e-13,0
820.0,-0.075,0.065,1.2495508665e-13,0
820.0,-0.07,0.065,-5.76548877868e-14,0
820.0,-0.065,0.06,4.57987784783e-14,0
820.0,-0.065,0.065,-1.8741557814e-13,0
820.0,-0.075,0.07,-5.53593518261e-13,0
820.0,-0.07,0.07,-5.32703807216e-13,0
820.0,-0.075,0.075,-1.14649894937e-12,0
820.0,-0.07,0.075,-9.8839174917e-13,0
820.0,-0.065,0.07,-4.20816399748e-13,0
820.0,-0.065,0.075,-6.6070361135e-13,0
820.0,-0.06,-0.075,-1.27267564526e-12,0
820.0,-0.06,-0.07,-8.14501605782e-13,0
820.0,-0.06,-0.065,-4.17892967305e-13,0
820.0,-0.055,-0.075,-1.02629561789e-12,0
820.0,-0.055,-0.07,-7.18349110402e-13,0
820.0,-0.055,-0.065,-4.41302028947e-13,0
820.0,-0.06,-0.06,-1.25697297827e-13,0
820.0,-0.06,-0.055,6.14243741973e-14,0
820.0,-0.055,-0.06,-2.563076184e-13,0
820.0,-0.055,-0.055,-1.09619813696e-13,0
820.0,-0.06,-0.05,1.54663099419e-13,0
820.0,-0.055,-0.05,-1.80278147876e-14,0
820.0,-0.06,-0.045,2.04660589271e-13,0
820.0,-0.055,-0.045,3.23324072142e-14,0
820.0,-0.06,-0.04,2.09339916823e-13,0
820.0,-0.055,-0.04,4.72557808332e-14,0
820.0,-0.06,-0.035,1.74149028974e-13,0
820.0,-0.055,-0.035,3.36485512051e-14,0
820.0,-0.06,-0.03,1.06697031759e-13,0
820.0,-0.06,-0.025,2.09892639175e-14,0
820.0,-0.055,-0.03,-9.44981711692e-16,0
820.0,-0.055,-0.025,-4.63465656642e-14,0
820.0,-0.06,-0.02,-7.03497129499e-14,0
820.0,-0.06,-0.015,-1.55999531583e-13,0
820.0,-0.055,-0.02,-9.59737833576e-14,0
820.0,-0.055,-0.015,-1.37141367052e-13,0
820.0,-0.06,-0.01,-2.00475247442e-13,0
820.0,-0.06,-0.005,-1.79345988336e-13,0
820.0,-0.055,-0.01,-8.91572911635e-14,0
820.0,-0.055,-0.005,4.85942593258e-14,0
820.0,-0.06,0,-1.08355593911e-13,0
820.0,-0.06,0.005,-1.12554176669e-14,0
820.0,-0.055,4.16333634234e-19,2.1755217135e-13,0
820.0,-0.055,0.005,3.57753794983e-13,0
820.0,-0.06,0.01,8.99504547894e-14,0
820.0,-0.06,0.015,1.84559170232e-13,0
820.0,-0.055,0.01,4.40920762459e-13,0
820.0,-0.055,0.015,4.78004725719e-13,0
820.0,-0.06,0.02,2.59264467055e-13,0
820.0,-0.06,0.025,2.6811038086e-13,0
820.0,-0.055,0.02,4.12091082968e-13,0
820.0,-0.055,0.025,2.56725683249e-13,0
820.0,-0.06,0.03,2.1479724971e-13,0
820.0,-0.06,0.035,1.5066028821e-13,0
820.0,-0.055,0.03,9.71922463888e-14,0
820.0,-0.055,0.035,-6.68012549183e-14,0
820.0,-0.06,0.04,7.71848736829e-14,0
820.0,-0.06,0.045,-3.73603917635e-15,0
820.0,-0.055,0.04,-2.16680342537e-13,0
820.0,-0.055,0.045,-3.43585708366e-13,0
820.0,-0.06,0.05,-9.54702068336e-14,0
820.0,-0.06,0.055,-1.79868227704e-13,0
820.0,-0.055,0.05,-4.40291033234e-13,0
820.0,-0.055,0.055,-4.83673920924e-13,0
820.0,-0.06,0.06,-2.28337987336e-13,0
820.0,-0.06,0.065,-2.18041340066e-13,0
820.0,-0.055,0.06,-4.0311207861e-13,0
820.0,-0.055,0.065,-1.43755307566e-13,0
820.0,-0.06,0.07,-1.71016502923e-13,0
820.0,-0.06,0.075,-1.29735159421e-13,0
820.0,-0.055,0.07,1.94848911413e-13,0
820.0,-0.055,0.075,5.38177254475e-13,0
820.0,-0.05,-0.075,-6.69599339769e-13,0
820.0,-0.05,-0.07,-5.50090523142e-13,0
820.0,-0.045,-0.075,-2.66422968421e-13,0
820.0,-0.045,-0.07,-3.20301649316e-13,0
820.0,-0.05,-0.065,-4.22164086781e-13,0
820.0,-0.045,-0.065,-3.4619027964e-13,0
820.0,-0.05,-0.06,-3.05183470597e-13,0
820.0,-0.05,-0.055,-2.09753976176e-13,0
820.0,-0.045,-0.06,-3.14505911828e-13,0
820.0,-0.045,-0.055,-2.67451837209e-13,0
820.0,-0.05,-0.05,-1.42798986355e-13,0
820.0,-0.05,-0.045,-1.02955099402e-13,0
820.0,-0.045,-0.05,-2.29266709594e-13,0
820.0,-0.045,-0.045,-2.05459218485e-13,0
820.0,-0.05,-0.04,-8.64555097525e-14,0
820.0,-0.045,-0.04,-1.92670614389e-13,0
820.0,-0.05,-0.035,-8.72304200404e-14,0
820.0,-0.045,-0.035,-1.86086118116e-13,0
820.0,-0.05,-0.03,-9.87212749199e-14,0
820.0,-0.045,-0.03,-1.80148245983e-13,0
820.0,-0.05,-0.025,-1.14652293009e-13,0
820.0,-0.045,-0.025,-1.70584570503e-13,0
820.0,-0.05,-0.02,-1.21263226341e-13,0
820.0,-0.05,-0.015,-1.01690367942e-13,0
820.0,-0.045,-0.02,-1.37515324178e-13,0
820.0,-0.045,-0.015,-6.91725938971e-14,0
820.0,-0.05,-0.01,4.40171326755e-14,0
820.0,-0.05,-0.005,3.1858843972e-13,0
820.0,-0.045,-0.01,1.53719176931e-13,0
820.0,-0.045,-0.005,5.27426697842e-13,0
820.0,-0.05,0,6.06389875033e-13,0
820.0,-0.05,0.005,7.81442910983e-13,0
820.0,-0.045,4.16333634234e-19,8.82918586298e-13,0
820.0,-0.045,0.005,1.01882304316e-12,0
820.0,-0.05,0.01,7.80780240002e-13,0
820.0,-0.05,0.015,6.89194953333e-13,0
820.0,-0.045,0.01,9.00600113397e-13,0
820.0,-0.045,0.015,7.21333035606e-13,0
820.0,-0.05,0.02,4.9307881097e-13,0
820.0,-0.05,0.025,2.30410327894e-13,0
820.0,-0.045,0.02,4.80376511311e-13,0
820.0,-0.045,0.025,1.8900945349e-13,0
820.0,-0.05,0.03,-1.71179944743e-14,0
820.0,-0.05,0.035,-2.6479750165e-13,0
820.0,-0.045,0.03,-1.07306772745e-13,0
820.0,-0.045,0.035,-4.12184814263e-13,0
820.0,-0.05,0.04,-4.83739249746e-13,0
820.0,-0.05,0.045,-6.31193768941e-13,0
820.0,-0.045,0.04,-7.03108369018e-13,0
820.0,-0.045,0.045,-8.86120188225e-13,0
820.0,-0.05,0.05,-6.99522275191e-13,0
820.0,-0.05,0.055,-7.11260862768e-13,0
820.0,-0.045,0.05,-9.41566580286e-13,0
820.0,-0.045,0.055,-8.86993943155e-13,0
820.0,-0.05,0.06,-4.91438772621e-13,0
820.0,-0.05,0.065,5.12053680955e-15,0
820.0,-0.045,0.06,-4.84731375561e-13,0
820.0,-0.045,0.065,1.9978526772e-13,0
820.0,-0.05,0.07,6.01751818954e-13,0
820.0,-0.05,0.075,1.20338591549e-12,0
820.0,-0.045,0.07,9.49939977635e-13,0
820.0,-0.045,0.075,1.70125856129e-12,0
820.0,-0.04,-0.075,7.17632685585e-14,0
820.0,-0.04,-0.07,-3.83169573224e-14,0
820.0,-0.035,-0.075,4.15863799217e-13,0
820.0,-0.035,-0.07,2.58017627124e-13,0
820.0,-0.04,-0.065,-1.45818867059e-13,0
820.0,-0.035,-0.065,1.02342749721e-13,0
820.0,-0.04,-0.06,-2.26901426425e-13,0
820.0,-0.035,-0.06,-5.07116190162e-14,0
820.0,-0.04,-0.055,-2.58796442152e-13,0
820.0,-0.035,-0.055,-1.67462827134e-13,0
820.0,-0.04,-0.05,-2.62823837316e-13,0
820.0,-0.04,-0.045,-2.65464592138e-13,0
820.0,-0.035,-0.05,-2.32212742889e-13,0
820.0,-0.035,-0.045,-2.721665695e-13,0
820.0,-0.04,-0.04,-2.63147274078e-13,0
820.0,-0.04,-0.035,-2.54343053934e-13,0
820.0,-0.035,-0.04,-2.88507369476e-13,0
820.0,-0.035,-0.035,-2.83065773788e-13,0
820.0,-0.04,-0.03,-2.35128459725e-13,0
820.0,-0.035,-0.03,-2.57146143459e-13,0
820.0,-0.04,-0.025,-2.02558368679e-13,0
820.0,-0.035,-0.025,-2.11623774394e-13,0
820.0,-0.04,-0.02,-1.43145287243e-13,0
820.0,-0.035,-0.02,-1.40066378182e-13,0
820.0,-0.04,-0.015,-5.34417671104e-14,0
820.0,-0.035,-0.015,-4.04480888072e-14,0
820.0,-0.04,-0.01,1.93210878436e-13,0
820.0,-0.04,-0.005,5.79197397963e-13,0
820.0,-0.035,-0.01,1.76977484067e-13,0
820.0,-0.035,-0.005,5.00694876976e-13,0
820.0,-0.04,0,9.16159180017e-13,0
820.0,-0.04,0.005,9.82089780433e-13,0
820.0,-0.035,4.16333634234e-19,8.15289179073e-13,0
820.0,-0.035,0.005,8.83224317604e-13,0
820.0,-0.04,0.01,8.35577899233e-13,0
820.0,-0.04,0.015,6.48490214831e-13,0
820.0,-0.035,0.01,7.47580565934e-13,0
820.0,-0.035,0.015,5.62505876098e-13,0
820.0,-0.04,0.02,4.11901447439e-13,0
820.0,-0.04,0.025,1.34336944028e-13,0
820.0,-0.035,0.02,3.38432616252e-13,0
820.0,-0.035,0.025,8.46090570564e-14,0
820.0,-0.04,0.03,-1.66200088763e-13,0
820.0,-0.04,0.035,-4.81240212322e-13,0
820.0,-0.035,0.03,-1.99066665909e-13,0
820.0,-0.035,0.035,-5.00294731684e-13,0
820.0,-0.04,0.04,-8.20081011265e-13,0
820.0,-0.04,0.045,-1.05003162504e-12,0
820.0,-0.035,0.04,-8.06719330118e-13,0
820.0,-0.035,0.045,-1.01764044391e-12,0
820.0,-0.04,0.05,-1.08635310946e-12,0
820.0,-0.04,0.055,-8.7723147171e-13,0
820.0,-0.035,0.05,-1.01775585067e-12,0
820.0,-0.035,0.055,-7.21414818932e-13,0
820.0,-0.04,0.06,-3.41485273919e-13,0
820.0,-0.04,0.065,3.89828232223e-13,0
820.0,-0.035,0.06,-1.70343665424e-13,0
820.0,-0.035,0.065,5.0159605629e-13,0
820.0,-0.04,0.07,1.14360372447e-12,0
820.0,-0.04,0.075,1.87825549026e-12,0
820.0,-0.035,0.07,1.12445997165e-12,0
820.0,-0.035,0.075,1.71475934122e-12,0
820.0,-0.03,-0.075,7.50476340228e-13,0
820.0,-0.03,-0.07,5.48461519135e-13,0
820.0,-0.025,-0.075,1.05859595766e-12,0
820.0,-0.025,-0.07,8.22394671829e-13,0
820.0,-0.03,-0.065,3.42909681192e-13,0
820.0,-0.025,-0.065,5.70139269049e-13,0
820.0,-0.03,-0.06,1.35045900993e-13,0
820.0,-0.025,-0.06,3.04793677755e-13,0
820.0,-0.03,-0.055,-4.06201272159e-14,0
820.0,-0.025,-0.055,7.5930711813e-14,0
820.0,-0.03,-0.05,-1.62676067823e-13,0
820.0,-0.025,-0.05,-8.61825509831e-14,0
820.0,-0.03,-0.045,-2.40169251138e-13,0
820.0,-0.025,-0.045,-1.90410542513e-13,0
820.0,-0.03,-0.04,-2.77291662348e-13,0
820.0,-0.03,-0.035,-2.80489050627e-13,0
820.0,-0.025,-0.04,-2.43666871467e-13,0
820.0,-0.025,-0.035,-2.5830623414e-13,0
820.0,-0.03,-0.03,-2.54680013946e-13,0
820.0,-0.03,-0.025,-2.06093759994e-13,0
820.0,-0.025,-0.03,-2.39165944245e-13,0
820.0,-0.025,-0.025,-1.93425723321e-13,0
820.0,-0.03,-0.02,-1.33031672547e-13,0
820.0,-0.025,-0.02,-1.24901667387e-13,0
820.0,-0.03,-0.015,-3.77970739999e-14,0
820.0,-0.025,-0.015,-3.89067000773e-14,0
820.0,-0.03,-0.01,1.42065885999e-13,0
820.0,-0.025,-0.01,9.99046146213e-14,0
820.0,-0.03,-0.005,3.9626841102e-13,0
820.0,-0.025,-0.005,2.83753303892e-13,0
820.0,-0.03,0,6.4166404043e-13,0
820.0,-0.03,0.005,7.16347345577e-13,0
820.0,-0.025,4.16333634234e-19,4.44764097622e-13,0
820.0,-0.025,0.005,5.11313659896e-13,0
820.0,-0.03,0.01,6.23951552128e-13,0
820.0,-0.03,0.015,4.68028561384e-13,0
820.0,-0.025,0.01,4.73533776271e-13,0
820.0,-0.025,0.015,3.69139168726e-13,0
820.0,-0.03,0.02,2.69788896142e-13,0
820.0,-0.03,0.025,4.59991157335e-14,0
820.0,-0.025,0.02,2.12775881031e-13,0
820.0,-0.025,0.025,2.65176870875e-14,0
820.0,-0.03,0.03,-2.05638261473e-13,0
820.0,-0.03,0.035,-4.744752465e-13,0
820.0,-0.025,0.03,-1.85068844917e-13,0
820.0,-0.025,0.035,-4.12884087522e-13,0
820.0,-0.03,0.04,-7.30296824261e-13,0
820.0,-0.03,0.045,-8.95742175799e-13,0
820.0,-0.025,0.04,-6.34353002824e-13,0
820.0,-0.025,0.045,-7.60034617459e-13,0
820.0,-0.03,0.05,-8.43341691349e-13,0
820.0,-0.03,0.055,-5.27766176881e-13,0
820.0,-0.025,0.05,-6.90047300596e-13,0
820.0,-0.025,0.055,-3.97114263168e-13,0
820.0,-0.03,0.06,-4.79248006726e-14,0
820.0,-0.03,0.065,4.7631916366e-13,0
820.0,-0.025,0.06,-2.23660342963e-14,0
820.0,-0.025,0.065,3.68664017225e-13,0
820.0,-0.03,0.07,9.58668059926e-13,0
820.0,-0.03,0.075,1.42854546676e-12,0
820.0,-0.025,0.07,7.43874314435e-13,0
820.0,-0.025,0.075,1.1017492032e-12,0
820.0,-0.02,-0.075,1.26115196314e-12,0
820.0,-0.02,-0.07,9.78518347142e-13,0
820.0,-0.015,-0.075,1.14976945381e-12,0
820.0,-0.015,-0.07,8.87659397161e-13,0
820.0,-0.02,-0.065,6.94061519695e-13,0
820.0,-0.015,-0.065,6.28904996431e-13,0
820.0,-0.02,-0.06,4.07286089068e-13,0
820.0,-0.015,-0.06,3.92622364254e-13,0
820.0,-0.02,-0.055,1.52905724003e-13,0
820.0,-0.015,-0.055,1.77583525613e-13,0
820.0,-0.02,-0.05,-2.67370040629e-14,0
820.0,-0.015,-0.05,2.25241715347e-15,0
820.0,-0.02,-0.045,-1.44703344169e-13,0
820.0,-0.015,-0.045,-1.13435012635e-13,0
820.0,-0.02,-0.04,-2.05050085997e-13,0
820.0,-0.015,-0.04,-1.73472453324e-13,0
820.0,-0.02,-0.035,-2.27504445498e-13,0
820.0,-0.015,-0.035,-1.97150321968e-13,0
820.0,-0.02,-0.03,-2.15026912095e-13,0
820.0,-0.02,-0.025,-1.74223905341e-13,0
820.0,-0.015,-0.03,-1.87625468013e-13,0
820.0,-0.015,-0.025,-1.49442000152e-13,0
820.0,-0.02,-0.02,-1.12701220757e-13,0
820.0,-0.02,-0.015,-3.85252881411e-14,0
820.0,-0.015,-0.02,-9.50903221076e-14,0
820.0,-0.015,-0.015,-3.28415864036e-14,0
820.0,-0.02,-0.01,5.88255397968e-14,0
820.0,-0.015,-0.01,3.14622908557e-14,0
820.0,-0.02,-0.005,1.74437296725e-13,0
820.0,-0.015,-0.005,9.38772995171e-14,0
820.0,-0.02,0,2.77845815406e-13,0
820.0,-0.015,4.16333634234e-19,1.50441268748e-13,0
820.0,-0.02,0.005,3.35678344108e-13,0
820.0,-0.015,0.005,1.9885681795e-13,0
820.0,-0.02,0.01,3.34085547979e-13,0
820.0,-0.02,0.015,2.80003386203e-13,0
820.0,-0.015,0.01,2.24126465041e-13,0
820.0,-0.015,0.015,2.13387486455e-13,0
820.0,-0.02,0.02,1.74141516775e-13,0
820.0,-0.02,0.025,3.35722140537e-14,0
820.0,-0.015,0.02,1.57559643455e-13,0
820.0,-0.015,0.025,6.53704351684e-14,0
820.0,-0.02,0.03,-1.38553330809e-13,0
820.0,-0.02,0.035,-3.32766053144e-13,0
820.0,-0.015,0.03,-6.69296780534e-14,0
820.0,-0.015,0.035,-2.27797932657e-13,0
820.0,-0.02,0.04,-5.26934592127e-13,0
820.0,-0.02,0.045,-6.42874598763e-13,0
820.0,-0.015,0.04,-4.06280787058e-13,0
820.0,-0.015,0.045,-5.31447389403e-13,0
820.0,-0.02,0.05,-6.06589511637e-13,0
820.0,-0.02,0.055,-3.97503316319e-13,0
820.0,-0.015,0.05,-5.43716777714e-13,0
820.0,-0.015,0.055,-4.0691285893e-13,0
820.0,-0.02,0.06,-9.99997120712e-14,0
820.0,-0.02,0.065,2.14401221862e-13,0
820.0,-0.015,0.06,-1.84792897958e-13,0
820.0,-0.015,0.065,5.54309019492e-14,0
820.0,-0.02,0.07,5.26963065735e-13,0
820.0,-0.02,0.075,8.35637411202e-13,0
820.0,-0.015,0.07,3.03698244961e-13,0
820.0,-0.015,0.075,5.56078600459e-13,0
820.0,-0.01,-0.075,8.79274092793e-13,0
820.0,-0.01,-0.07,6.62311935524e-13,0
820.0,-0.005,-0.075,5.587938721e-13,0
820.0,-0.005,-0.07,3.9666724284e-13,0
820.0,-0.01,-0.065,4.58809258352e-13,0
820.0,-0.005,-0.065,2.49428071856e-13,0
820.0,-0.01,-0.06,2.82189101594e-13,0
820.0,-0.005,-0.06,1.33278318678e-13,0
820.0,-0.01,-0.055,1.27609463645e-13,0
820.0,-0.005,-0.055,3.34803204416e-14,0
820.0,-0.01,-0.05,-6.9152961753e-15,0
820.0,-0.005,-0.05,-4.9484040823e-14,0
820.0,-0.01,-0.045,-1.00174081196e-13,0
820.0,-0.005,-0.045,-1.01172856475e-13,0
820.0,-0.01,-0.04,-1.47247276452e-13,0
820.0,-0.005,-0.04,-1.24873801178e-13,0
820.0,-0.01,-0.035,-1.6303455088e-13,0
820.0,-0.005,-0.035,-1.2012923398e-13,0
820.0,-0.01,-0.03,-1.50300159558e-13,0
820.0,-0.005,-0.03,-9.96146302852e-14,0
820.0,-0.01,-0.025,-1.15500429048e-13,0
820.0,-0.005,-0.025,-7.03625071341e-14,0
820.0,-0.01,-0.02,-7.10486247125e-14,0
820.0,-0.01,-0.015,-2.50008491052e-14,0
820.0,-0.005,-0.02,-3.88861594376e-14,0
820.0,-0.005,-0.015,-9.33650037356e-15,0
820.0,-0.0117873230072,-0.0115873794689,5.78209529713e-15,0
820.0,-0.00939961996336,-0.005,4.49460248191e-14,0
820.0,-0.00792797428371,-0.00964253216809,1.5910827937e-14,0
820.0,-0.005,-0.00939961996336,1.60456745757e-14,0
820.0,-0.0108753492546,-0.00150606400588,7.76852948417e-14,0
820.0,-0.00818101620308,-0.00211452602544,4.52223085194e-14,0
820.0,-0.00651817360753,-0.000255934956239,3.15961829527e-14,0
820.0,-0.005,6.71033969428e-08,1.32099293285e-14,0
820.0,-0.0107292118043,0.00160660295843,9.57061741645e-14,0
820.0,-0.0080188992252,0.000768320427092,5.27172579437e-14,0
820.0,-0.00939946851065,0.005,1.00225404205e-13,0
820.0,-0.00802129342231,0.00264911934363,6.29077702262e-14,0
820.0,-0.00887989370213,0.00887989479405,1.25872513179e-13,0
820.0,-0.01,0.015,1.71704188294e-13,0
820.0,-0.005,0.00939947397025,9.26206418523e-14,0
820.0,-0.005,0.015,1.54664245848e-13,0
820.0,-0.01,0.02,1.62788993731e-13,0
820.0,-0.01,0.025,1.20673589531e-13,0
820.0,-0.005,0.02,1.90037506027e-13,0
820.0,-0.005,0.025,2.00012539447e-13,0
820.0,-0.01,0.03,3.76736275807e-14,0
820.0,-0.01,0.035,-7.75786820478e-14,0
820.0,-0.005,0.03,1.71262383485e-13,0
820.0,-0.005,0.035,1.10653078204e-13,0
820.0,-0.01,0.04,-2.15047676844e-13,0
820.0,-0.01,0.045,-3.36078436077e-13,0
820.0,-0.005,0.04,2.56988530362e-14,0
820.0,-0.005,0.045,-8.03994041412e-14,0
820.0,-0.01,0.05,-4.02804661403e-13,0
820.0,-0.01,0.055,-3.70470533695e-13,0
820.0,-0.005,0.05,-1.90001752134e-13,0
820.0,-0.005,0.055,-2.68467059852e-13,0
820.0,-0.01,0.06,-2.52172529727e-13,0
820.0,-0.01,0.065,-1.01562044084e-13,0
820.0,-0.005,0.06,-2.76176600778e-13,0
820.0,-0.005,0.065,-2.40302513251e-13,0
820.0,-0.01,0.07,7.16653227954e-14,0
820.0,-0.01,0.075,2.51009924265e-13,0
820.0,-0.005,0.07,-1.58193587448e-13,0
820.0,-0.005,0.075,-6.1410156453e-14,0
820.0,0,-0.075,2.13629172571e-13,0
820.0,0,-0.07,1.09089418102e-13,0
820.0,0.005,-0.075,-1.51936329059e-13,0
820.0,0.005,-0.07,-1.9789457939e-13,0
820.0,0,-0.065,2.4537680986e-14,0
820.0,0.005,-0.065,-2.11473843764e-13,0
820.0,0,-0.06,-3.8718475822e-14,0
820.0,0.005,-0.06,-2.18533390631e-13,0
820.0,0,-0.055,-8.80541062508e-14,0
820.0,0.005,-0.055,-2.0753470152e-13,0
820.0,0,-0.05,-1.11683709284e-13,0
820.0,0.005,-0.05,-1.60507988341e-13,0
820.0,0,-0.045,-1.130835986e-13,0
820.0,0.005,-0.045,-1.07607365634e-13,0
820.0,0,-0.04,-9.34861392826e-14,0
820.0,0.005,-0.04,-4.44681131767e-14,0
820.0,0,-0.035,-6.24799833383e-14,0
820.0,0.005,-0.035,7.09917081623e-15,0
820.0,0,-0.03,-3.96180353603e-14,0
820.0,0.005,-0.03,2.6461728301e-14,0
820.0,0,-0.025,-1.85410374436e-14,0
820.0,0.005,-0.025,3.6379675853e-14,0
820.0,0,-0.02,-9.4909670902e-16,0
820.0,0.005,-0.02,3.89000970127e-14,0
820.0,0,-0.015,1.353595814e-14,0
820.0,0.005,-0.015,3.8170284857e-14,0
820.0,-0.0021196717084,-0.00776771017156,2.03232702093e-14,0
820.0,-0.00084550708518,-0.00631514607954,1.8896807809e-14,0
820.0,6.71033969406e-08,-0.005,1.14192040975e-14,0
820.0,-0.00139054260708,-0.0110960807567,1.74402100113e-14,0
820.0,0.00132468676756,-0.00775008274642,2.45594319223e-14,0
820.0,0.00160394440688,-0.0116908851489,2.56568398796e-14,0
820.0,0.005,-0.00939946851065,3.49496254876e-14,0
820.0,0.005,0.005,2.82607757876e-14,0
820.0,-0.000107646311398,0.00617659695633,2.94616838758e-14,0
820.0,-0.00190846935279,0.0076427502668,5.25462218237e-14,0
820.0,0.00131146485568,0.00777290068297,4.93470145011e-14,0
820.0,0.00295884413402,0.00640276348073,3.58816303727e-14,0
820.0,-1.21517769428e-05,0.0108932602996,9.35132389381e-14,0
820.0,0,0.015,1.55388630141e-13,0
820.0,0.005,0.00939942566771,7.22427512256e-14,0
820.0,0.005,0.015,1.62527273109e-13,0
820.0,0,0.02,2.30973382744e-13,0
820.0,0,0.025,2.99666598996e-13,0
820.0,0.005,0.02,2.64455506652e-13,0
820.0,0.005,0.025,3.78086674072e-13,0
820.0,0,0.03,3.52212959194e-13,0
820.0,0,0.035,3.40618019393e-13,0
820.0,0.005,0.03,4.96089502203e-13,0
820.0,0.005,0.035,5.5197341733e-13,0
820.0,0,0.04,2.55756521524e-13,0
820.0,0,0.045,1.37930034586e-13,0
820.0,0.005,0.04,4.86488928038e-13,0
820.0,0.005,0.045,3.5468847804e-13,0
820.0,0,0.05,-2.76286119729e-15,0
820.0,0,0.055,-1.39234344846e-13,0
820.0,0.005,0.05,1.7817580858e-13,0
820.0,0.005,0.055,-9.1516361233e-15,0
820.0,0,0.06,-2.49409616796e-13,0
820.0,0,0.065,-3.26024834879e-13,0
820.0,0.005,0.06,-1.94005641616e-13,0
820.0,0.005,0.065,-3.65260823872e-13,0
820.0,0,0.07,-3.65198785241e-13,0
820.0,0,0.075,-3.94430625915e-13,0
820.0,0.005,0.07,-5.16525337212e-13,0
820.0,0.005,0.075,-6.66207393191e-13,0
820.0,0.01,-0.075,-6.95859199409e-13,0
820.0,0.01,-0.07,-5.83408062337e-13,0
820.0,0.015,-0.075,-1.21989788522e-12,0
820.0,0.015,-0.07,-9.09458212972e-13,0
820.0,0.01,-0.065,-4.79319681404e-13,0
820.0,0.015,-0.065,-6.52768882579e-13,0
820.0,0.01,-0.06,-3.77686707047e-13,0
820.0,0.015,-0.06,-4.53631198319e-13,0
820.0,0.01,-0.055,-2.74457975152e-13,0
820.0,0.015,-0.055,-2.82874498304e-13,0
820.0,0.01,-0.05,-1.69362802009e-13,0
820.0,0.015,-0.05,-1.39428195971e-13,0
820.0,0.01,-0.045,-7.64079908037e-14,0
820.0,0.015,-0.045,-1.37595726523e-14,0
820.0,0.01,-0.04,2.0989177387e-14,0
820.0,0.015,-0.04,9.66206421216e-14,0
820.0,0.01,-0.035,8.20943205338e-14,0
820.0,0.015,-0.035,1.50169511927e-13,0
820.0,0.01,-0.03,9.37228385921e-14,0
820.0,0.015,-0.03,1.54283615591e-13,0
820.0,0.01,-0.025,8.98653648561e-14,0
820.0,0.015,-0.025,1.36942187895e-13,0
820.0,0.01,-0.02,7.61697116363e-14,0
820.0,0.01,-0.015,5.87353664564e-14,0
820.0,0.015,-0.02,1.06750065566e-13,0
820.0,0.015,-0.015,6.90055713522e-14,0
820.0,0.00999280436795,-0.0116358337096,4.58881370677e-14,0
820.0,0.0105889214373,-0.00845762197625,3.11983395927e-14,0
820.0,0.015,-0.01,2.4669508366e-14,0
820.0,0.00939947397025,-0.005,2.18827058171e-14,0
820.0,0.015,-0.005,-1.95508564239e-14,0
820.0,0.00658051136513,-0.00296146438142,2.397625369e-14,0
820.0,0.00636794669772,-3.54305826484e-06,1.91853721306e-14,0
820.0,0.00795807888052,-0.00113999998936,1.83944163208e-14,0
820.0,0.00758147027913,0.00183630393596,1.77256771873e-14,0
820.0,0.0112534647756,-1.47536350887e-07,-3.9920571504e-15,0
820.0,0.015,4.16333634234e-19,-4.56004847382e-14,0
820.0,0.00939942566771,0.005,1.91614513639e-14,0
820.0,0.015,0.005,-3.3610329933e-14,0
820.0,0.00999018807453,0.0109670628501,8.09286781934e-14,0
820.0,0.01,0.015,1.53724055953e-13,0
820.0,0.015,0.01,2.20065152291e-14,0
820.0,0.015,0.015,1.12507121063e-13,0
820.0,0.01,0.02,2.70817133781e-13,0
820.0,0.01,0.025,4.08408227615e-13,0
820.0,0.015,0.02,2.4012803165e-13,0
820.0,0.015,0.025,3.93394966667e-13,0
820.0,0.01,0.03,5.57090305009e-13,0
820.0,0.01,0.035,6.86189189603e-13,0
820.0,0.015,0.03,5.65150960344e-13,0
820.0,0.015,0.035,7.34615094576e-13,0
820.0,0.01,0.04,6.96973336605e-13,0
820.0,0.01,0.045,5.52050721792e-13,0
820.0,0.015,0.04,8.22193098807e-13,0
820.0,0.015,0.045,7.05187996008e-13,0
820.0,0.01,0.05,3.42703391882e-13,0
820.0,0.01,0.055,1.15760609776e-13,0
820.0,0.015,0.05,4.84332109947e-13,0
820.0,0.015,0.055,2.34734475641e-13,0
820.0,0.01,0.06,-1.22835910859e-13,0
820.0,0.01,0.065,-3.64310370072e-13,0
820.0,0.015,0.06,-4.1096188265e-14,0
820.0,0.015,0.065,-3.33903235191e-13,0
820.0,0.01,0.07,-6.02702087203e-13,0
820.0,0.01,0.075,-8.41844913433e-13,0
820.0,0.015,0.07,-6.36222674015e-13,0
820.0,0.015,0.075,-9.38008023085e-13,0
820.0,0.02,-0.075,-1.4838616322e-12,0
820.0,0.02,-0.07,-1.03754539845e-12,0
820.0,0.025,-0.075,-1.44889383766e-12,0
820.0,0.025,-0.07,-9.75709131915e-13,0
820.0,0.02,-0.065,-6.73296152273e-13,0
820.0,0.025,-0.065,-5.99250865139e-13,0
820.0,0.02,-0.06,-4.38352053785e-13,0
820.0,0.025,-0.06,-3.59283583392e-13,0
820.0,0.02,-0.055,-2.40379160516e-13,0
820.0,0.025,-0.055,-1.54290027341e-13,0
820.0,0.02,-0.05,-7.0058422193e-14,0
820.0,0.025,-0.05,2.23651626204e-14,0
820.0,0.02,-0.045,7.09630163392e-14,0
820.0,0.025,-0.045,1.59270418951e-13,0
820.0,0.02,-0.04,1.7125908784e-13,0
820.0,0.025,-0.04,2.48213871682e-13,0
820.0,0.02,-0.035,2.14253261701e-13,0
820.0,0.025,-0.035,2.77774781557e-13,0
820.0,0.02,-0.03,2.07784646163e-13,0
820.0,0.025,-0.03,2.59155989935e-13,0
820.0,0.02,-0.025,1.78174878908e-13,0
820.0,0.025,-0.025,2.14692603657e-13,0
820.0,0.02,-0.02,1.29918107496e-13,0
820.0,0.025,-0.02,1.46831585351e-13,0
820.0,0.02,-0.015,6.88592156721e-14,0
820.0,0.025,-0.015,6.15770078328e-14,0
820.0,0.02,-0.01,-5.45069333055e-15,0
820.0,0.025,-0.01,-4.70983814847e-14,0
820.0,0.02,-0.005,-8.29282636546e-14,0
820.0,0.025,-0.005,-1.66925997472e-13,0
820.0,0.02,0,-1.35998639738e-13,0
820.0,0.025,4.16333634234e-19,-2.62754207983e-13,0
820.0,0.02,0.005,-1.36586474708e-13,0
820.0,0.025,0.005,-2.85415189588e-13,0
820.0,0.02,0.01,-7.87437000591e-14,0
820.0,0.025,0.01,-2.21000052057e-13,0
820.0,0.02,0.015,2.42515813936e-14,0
820.0,0.025,0.015,-1.06717468194e-13,0
820.0,0.02,0.02,1.63631931046e-13,0
820.0,0.02,0.025,3.29274295119e-13,0
820.0,0.025,0.02,4.19096193879e-14,0
820.0,0.025,0.025,2.17416221421e-13,0
820.0,0.02,0.03,5.16831548967e-13,0
820.0,0.02,0.035,7.0932250339e-13,0
820.0,0.025,0.03,4.22664223833e-13,0
820.0,0.025,0.035,6.24744148494e-13,0
820.0,0.02,0.04,8.52951803033e-13,0
820.0,0.02,0.045,8.06084261133e-13,0
820.0,0.025,0.04,7.8255964274e-13,0
820.0,0.025,0.045,8.36522541399e-13,0
820.0,0.02,0.05,6.00420165979e-13,0
820.0,0.02,0.055,3.46166467338e-13,0
820.0,0.025,0.05,6.96157517146e-13,0
820.0,0.025,0.055,4.44615291841e-13,0
820.0,0.02,0.06,4.90819289064e-14,0
820.0,0.02,0.065,-2.74688200236e-13,0
820.0,0.025,0.06,1.38554427636e-13,0
820.0,0.025,0.065,-1.94721367105e-13,0
820.0,0.02,0.07,-6.18510293945e-13,0
820.0,0.02,0.075,-9.69568511304e-13,0
820.0,0.025,0.07,-5.51679246343e-13,0
820.0,0.025,0.075,-9.19951109472e-13,0
820.0,0.03,-0.075,-1.15012117341e-12,0
820.0,0.03,-0.07,-7.51710889382e-13,0
820.0,0.035,-0.075,-6.79683433021e-13,0
820.0,0.035,-0.07,-4.20423762998e-13,0
820.0,0.03,-0.065,-4.3065595675e-13,0
820.0,0.035,-0.065,-2.05089776768e-13,0
820.0,0.03,-0.06,-2.23101302882e-13,0
820.0,0.035,-0.06,-6.24411312333e-14,0
820.0,0.03,-0.055,-3.9962160947e-14,0
820.0,0.035,-0.055,7.4333764691e-14,0
820.0,0.03,-0.05,1.16498134265e-13,0
820.0,0.035,-0.05,1.93502073358e-13,0
820.0,0.03,-0.045,2.38651201968e-13,0
820.0,0.035,-0.045,2.95128320357e-13,0
820.0,0.03,-0.04,3.15985979507e-13,0
820.0,0.035,-0.04,3.66245346444e-13,0
820.0,0.03,-0.035,3.35297400479e-13,0
820.0,0.035,-0.035,3.82021200365e-13,0
820.0,0.03,-0.03,3.05824555322e-13,0
820.0,0.035,-0.03,3.47681837726e-13,0
820.0,0.03,-0.025,2.46495361839e-13,0
820.0,0.035,-0.025,2.74353859492e-13,0
820.0,0.03,-0.02,1.58998990238e-13,0
820.0,0.035,-0.02,1.67551191079e-13,0
820.0,0.03,-0.015,5.05779429999e-14,0
820.0,0.035,-0.015,3.40346798857e-14,0
820.0,0.03,-0.01,-9.67088836164e-14,0
820.0,0.035,-0.01,-1.46641030016e-13,0
820.0,0.03,-0.005,-2.6549439187e-13,0
820.0,0.035,-0.005,-3.50409928119e-13,0
820.0,0.03,0,-4.08524639971e-13,0
820.0,0.035,4.16333634234e-19,-5.22000817236e-13,0
820.0,0.03,0.005,-4.45275074004e-13,0
820.0,0.035,0.005,-5.83242045505e-13,0
820.0,0.03,0.01,-3.77730484173e-13,0
820.0,0.035,0.01,-5.37784308075e-13,0
820.0,0.03,0.015,-2.64630479486e-13,0
820.0,0.035,0.015,-4.32565344281e-13,0
820.0,0.03,0.02,-1.13408976593e-13,0
820.0,0.035,0.02,-2.84786149285e-13,0
820.0,0.03,0.025,6.3244502461e-14,0
820.0,0.035,0.025,-1.13773376578e-13,0
820.0,0.03,0.03,2.7481415652e-13,0
820.0,0.03,0.035,4.84095226387e-13,0
820.0,0.035,0.03,8.57216261983e-14,0
820.0,0.035,0.035,3.01049920433e-13,0
820.0,0.03,0.04,6.50921433722e-13,0
820.0,0.03,0.045,7.69529463105e-13,0
820.0,0.035,0.04,4.99628777759e-13,0
820.0,0.035,0.045,6.3756602317e-13,0
820.0,0.03,0.05,7.367587347e-13,0
820.0,0.03,0.055,5.1827303257e-13,0
820.0,0.035,0.05,6.64788961669e-13,0
820.0,0.035,0.055,5.46308982029e-13,0
820.0,0.03,0.06,2.20672734379e-13,0
820.0,0.03,0.065,-1.0370105075e-13,0
820.0,0.035,0.06,2.95728988619e-13,0
820.0,0.035,0.065,-4.62605301261e-15,0
820.0,0.03,0.07,-4.53429299872e-13,0
820.0,0.03,0.075,-8.1693035649e-13,0
820.0,0.035,0.07,-3.35248568373e-13,0
820.0,0.035,0.075,-6.83161094729e-13,0
820.0,0.04,-0.075,-1.28228244138e-13,0
820.0,0.04,-0.07,-6.23502360712e-14,0
820.0,0.045,-0.075,4.23821227818e-13,0
820.0,0.045,-0.07,2.82494524589e-13,0
820.0,0.04,-0.065,9.35221166746e-15,0
820.0,0.045,-0.065,1.99690284614e-13,0
820.0,0.04,-0.06,8.31170218928e-14,0
820.0,0.045,-0.06,2.01498571566e-13,0
820.0,0.04,-0.055,1.63908955175e-13,0
820.0,0.045,-0.055,2.27609901054e-13,0
820.0,0.04,-0.05,2.46066115166e-13,0
820.0,0.045,-0.05,2.74928792082e-13,0
820.0,0.04,-0.045,3.255801649e-13,0
820.0,0.045,-0.045,3.18815084808e-13,0
820.0,0.04,-0.04,3.83129430409e-13,0
820.0,0.045,-0.04,3.44442455588e-13,0
820.0,0.04,-0.035,3.96961303393e-13,0
820.0,0.045,-0.035,3.50537700411e-13,0
820.0,0.04,-0.03,3.65132807848e-13,0
820.0,0.045,-0.03,3.28750739658e-13,0
820.0,0.04,-0.025,2.86573915635e-13,0
820.0,0.045,-0.025,2.67858253816e-13,0
820.0,0.04,-0.02,1.68487575727e-13,0
820.0,0.045,-0.02,1.62140126446e-13,0
820.0,0.04,-0.015,1.63597916303e-14,0
820.0,0.045,-0.015,1.333424095e-14,0
820.0,0.04,-0.01,-1.81372246342e-13,0
820.0,0.045,-0.01,-1.85036446154e-13,0
820.0,0.04,-0.005,-4.04029214923e-13,0
820.0,0.045,-0.005,-4.21928245732e-13,0
820.0,0.04,0,-5.97052181288e-13,0
820.0,0.045,4.16333634234e-19,-6.5916843293e-13,0
820.0,0.04,0.005,-6.95303822913e-13,0
820.0,0.045,0.005,-7.96434361286e-13,0
820.0,0.04,0.01,-6.85370312204e-13,0
820.0,0.045,0.01,-8.11079821029e-13,0
820.0,0.04,0.015,-5.92321864426e-13,0
820.0,0.045,0.015,-7.22811870322e-13,0
820.0,0.04,0.02,-4.51848840725e-13,0
820.0,0.045,0.02,-5.92812556483e-13,0
820.0,0.04,0.025,-2.9507915279e-13,0
820.0,0.045,0.025,-4.6154436863e-13,0
820.0,0.04,0.03,-1.13683123191e-13,0
820.0,0.045,0.03,-3.08199305827e-13,0
820.0,0.04,0.035,8.52328799649e-14,0
820.0,0.045,0.035,-1.2815184998e-13,0
820.0,0.04,0.04,2.93945656681e-13,0
820.0,0.04,0.045,4.4953089876e-13,0
820.0,0.045,0.04,4.73139167398e-14,0
820.0,0.045,0.045,2.07243002672e-13,0
820.0,0.04,0.05,5.07777225116e-13,0
820.0,0.04,0.055,4.87989613865e-13,0
820.0,0.045,0.05,3.16315655954e-13,0
820.0,0.045,0.055,3.80105437401e-13,0
820.0,0.04,0.06,3.41266413281e-13,0
820.0,0.04,0.065,9.75404512625e-14,0
820.0,0.045,0.06,3.45125287545e-13,0
820.0,0.045,0.065,1.87119604152e-13,0
820.0,0.04,0.07,-1.92984729448e-13,0
820.0,0.04,0.075,-5.04239333951e-13,0
820.0,0.045,0.07,-3.50805188127e-14,0
820.0,0.045,0.075,-2.89946207583e-13,0
820.0,0.05,-0.075,9.03229270107e-13,0
820.0,0.05,-0.07,5.77830438503e-13,0
820.0,0.055,-0.075,1.22658063944e-12,0
820.0,0.055,-0.07,7.5733647255e-13,0
820.0,0.05,-0.065,3.49995849997e-13,0
820.0,0.055,-0.065,4.09570891667e-13,0
820.0,0.05,-0.06,2.62256440933e-13,0
820.0,0.055,-0.06,2.33611646539e-13,0
820.0,0.05,-0.055,2.2768684332e-13,0
820.0,0.055,-0.055,1.19974976826e-13,0
820.0,0.05,-0.05,2.29510671833e-13,0
820.0,0.055,-0.05,8.44099260791e-14,0
820.0,0.05,-0.045,2.36672273126e-13,0
820.0,0.055,-0.045,8.25012640489e-14,0
820.0,0.05,-0.04,2.45112497841e-13,0
820.0,0.055,-0.04,9.88347415875e-14,0
820.0,0.05,-0.035,2.54020973982e-13,0
820.0,0.055,-0.035,1.23004185515e-13,0
820.0,0.05,-0.03,2.49873896637e-13,0
820.0,0.055,-0.03,1.44720193996e-13,0
820.0,0.05,-0.025,2.20967491757e-13,0
820.0,0.055,-0.025,1.54512871401e-13,0
820.0,0.05,-0.02,1.50932264031e-13,0
820.0,0.055,-0.02,1.34164088157e-13,0
820.0,0.05,-0.015,3.35441996297e-14,0
820.0,0.055,-0.015,7.51904148218e-14,0
820.0,0.05,-0.01,-1.37977196325e-13,0
820.0,0.055,-0.01,-4.08910548194e-14,0
820.0,0.05,-0.005,-3.5262982535e-13,0
820.0,0.055,-0.005,-2.03824976947e-13,0
820.0,0.05,0,-6.16188776412e-13,0
820.0,0.055,4.16333634234e-19,-4.16476445854e-13,0
820.0,0.05,0.005,-8.03147703617e-13,0
820.0,0.055,0.005,-6.12687188585e-13,0
820.0,0.05,0.01,-8.46416779935e-13,0
820.0,0.055,0.01,-7.20191149141e-13,0
820.0,0.05,0.015,-7.7453723389e-13,0
820.0,0.055,0.015,-7.07166085693e-13,0
820.0,0.05,0.02,-6.64162832907e-13,0
820.0,0.055,0.02,-6.33857545276e-13,0
820.0,0.05,0.025,-5.71333685188e-13,0
820.0,0.055,0.025,-5.77814650468e-13,0
820.0,0.05,0.03,-4.67316416041e-13,0
820.0,0.055,0.03,-5.32175382948e-13,0
820.0,0.05,0.035,-3.22610583047e-13,0
820.0,0.055,0.035,-4.6903666811e-13,0
820.0,0.05,0.04,-1.679162117e-13,0
820.0,0.055,0.04,-3.61781236543e-13,0
820.0,0.05,0.045,-2.05134897211e-14,0
820.0,0.055,0.045,-2.33740134232e-13,0
820.0,0.05,0.05,1.07896652494e-13,0
820.0,0.05,0.055,2.15691036663e-13,0
820.0,0.055,0.05,-1.03029519539e-13,0
820.0,0.055,0.055,2.03350092497e-14,0
820.0,0.05,0.06,2.72174646676e-13,0
820.0,0.05,0.065,2.31698637738e-13,0
820.0,0.055,0.06,1.31664401361e-13,0
820.0,0.055,0.065,2.00447974669e-13,0
820.0,0.05,0.07,1.2413949604e-13,0
820.0,0.05,0.075,-2.0536261902e-15,0
820.0,0.055,0.07,2.28595262997e-13,0
820.0,0.055,0.075,2.4886948871e-13,0
820.0,0.06,-0.075,1.29487460799e-12,0
820.0,0.06,-0.07,7.50540848086e-13,0
820.0,0.065,-0.075,1.06194597814e-12,0
820.0,0.065,-0.07,4.83298850113e-13,0
820.0,0.06,-0.065,3.25735766669e-13,0
820.0,0.065,-0.065,1.36298441446e-14,0
820.0,0.06,-0.06,4.58901442466e-14,0
820.0,0.065,-0.06,-2.85412925904e-13,0
820.0,0.06,-0.055,-1.04226312887e-13,0
820.0,0.065,-0.055,-3.82704060606e-13,0
820.0,0.06,-0.05,-1.28731732766e-13,0
820.0,0.065,-0.05,-3.80064367966e-13,0
820.0,0.06,-0.045,-1.16951697114e-13,0
820.0,0.065,-0.045,-3.42470440729e-13,0
820.0,0.06,-0.04,-7.97703168699e-14,0
820.0,0.065,-0.04,-2.76668541099e-13,0
820.0,0.06,-0.035,-3.09753278196e-14,0
820.0,0.065,-0.035,-1.97115653755e-13,0
820.0,0.06,-0.03,2.24489433072e-14,0
820.0,0.065,-0.03,-1.08371839668e-13,0
820.0,0.06,-0.025,7.34474739671e-14,0
820.0,0.065,-0.025,-1.49890733566e-14,0
820.0,0.06,-0.02,1.10981651905e-13,0
820.0,0.065,-0.02,8.25126338432e-14,0
820.0,0.06,-0.015,1.2632931531e-13,0
820.0,0.065,-0.015,1.79880819866e-13,0
820.0,0.06,-0.01,9.72321381325e-14,0
820.0,0.065,-0.01,2.70719595252e-13,0
820.0,0.06,-0.005,1.93146600451e-14,0
820.0,0.065,-0.005,3.12395747698e-13,0
820.0,0.06,0,-9.79513678491e-14,0
820.0,0.065,4.16333634234e-19,2.98928083833e-13,0
820.0,0.06,0.005,-2.3597027885e-13,0
820.0,0.065,0.005,2.36918343302e-13,0
820.0,0.06,0.01,-3.66414886974e-13,0
820.0,0.065,0.01,1.34093497308e-13,0
820.0,0.06,0.015,-4.28421007691e-13,0
820.0,0.065,0.015,3.04774426263e-14,0
820.0,0.06,0.02,-4.27338409125e-13,0
820.0,0.065,0.02,-4.34754031548e-14,0
820.0,0.06,0.025,-4.30429761813e-13,0
820.0,0.065,0.025,-1.08223987734e-13,0
820.0,0.06,0.03,-4.3944574692e-13,0
820.0,0.065,0.03,-1.72947966897e-13,0
820.0,0.06,0.035,-4.60767511244e-13,0
820.0,0.065,0.035,-2.44717595618e-13,0
820.0,0.06,0.04,-4.52117677291e-13,0
820.0,0.065,0.04,-3.14907274921e-13,0
820.0,0.06,0.045,-3.99986684588e-13,0
820.0,0.065,0.045,-3.77976231985e-13,0
820.0,0.06,0.05,-2.98714760917e-13,0
820.0,0.065,0.05,-3.74402679401e-13,0
820.0,0.06,0.055,-1.72127609298e-13,0
820.0,0.065,0.055,-3.06408821726e-13,0
820.0,0.06,0.06,-3.03465317313e-14,0
820.0,0.06,0.065,1.13105234905e-13,0
820.0,0.065,0.06,-1.80491988919e-13,0
820.0,0.065,0.065,-8.30341309727e-15,0
820.0,0.06,0.07,2.46722633905e-13,0
820.0,0.06,0.075,3.81213550806e-13,0
820.0,0.065,0.07,1.86870143339e-13,0
820.0,0.065,0.075,3.91047877741e-13,0
820.0,0.07,-0.075,5.81446089094e-13,0
820.0,0.07,-0.07,-9.01861549068e-16,0
820.0,0.075,-0.075,-9.0539857245e-15,0
820.0,0.075,-0.07,-5.9443218912e-13,0
820.0,0.07,-0.065,-4.79141224157e-13,0
820.0,0.075,-0.065,-1.07985167027e-12,0
820.0,0.07,-0.06,-7.57253382915e-13,0
820.0,0.075,-0.06,-1.33641399323e-12,0
820.0,0.07,-0.055,-8.04254498215e-13,0
820.0,0.075,-0.055,-1.31947117029e-12,0
820.0,0.07,-0.05,-7.16298483544e-13,0
820.0,0.075,-0.05,-1.09415120287e-12,0
820.0,0.07,-0.045,-5.9304447931e-13,0
820.0,0.075,-0.045,-8.3723041595e-13,0
820.0,0.07,-0.04,-4.84515647855e-13,0
820.0,0.075,-0.04,-6.93093052277e-13,0
820.0,0.07,-0.035,-3.69213119633e-13,0
820.0,0.075,-0.035,-5.42188179693e-13,0
820.0,0.07,-0.03,-2.45001681195e-13,0
820.0,0.075,-0.03,-3.86056116407e-13,0
820.0,0.07,-0.025,-1.1110156616e-13,0
820.0,0.075,-0.025,-2.17252756866e-13,0
820.0,0.07,-0.02,4.09462493753e-14,0
820.0,0.075,-0.02,-1.64302355141e-14,0
820.0,0.07,-0.015,2.1110699757e-13,0
820.0,0.075,-0.015,2.09105099753e-13,0
820.0,0.07,-0.01,4.87082971575e-13,0
820.0,0.075,-0.01,7.15582919842e-13,0
820.0,0.07,-0.005,7.02974168726e-13,0
820.0,0.075,-0.005,1.13835387165e-12,0
820.0,0.07,0,7.36446844074e-13,0
820.0,0.075,0,1.20068849747e-12,0
820.0,0.07,0.005,7.04360946973e-13,0
820.0,0.075,0.005,1.18313638623e-12,0
820.0,0.07,0.01,6.11081327042e-13,0
820.0,0.075,0.01,1.08499516338e-12,0
820.0,0.07,0.015,4.92171165369e-13,0
820.0,0.075,0.015,9.40009277913e-13,0
820.0,0.07,0.02,3.86381731393e-13,0
820.0,0.075,0.02,8.12748592571e-13,0
820.0,0.07,0.025,2.86189083154e-13,0
820.0,0.075,0.025,6.8561080229e-13,0
820.0,0.07,0.03,1.85981297497e-13,0
820.0,0.075,0.03,5.56853819586e-13,0
820.0,0.07,0.035,8.0276066671e-14,0
820.0,0.075,0.035,4.24752516089e-13,0
820.0,0.07,0.04,-3.83493075952e-14,0
820.0,0.075,0.04,2.62986810267e-13,0
820.0,0.07,0.045,-1.69815234233e-13,0
820.0,0.075,0.045,8.24127147796e-14,0
820.0,0.07,0.05,-3.02395022674e-13,0
820.0,0.075,0.05,-1.84902983758e-13,0
820.0,0.07,0.055,-3.59577579326e-13,0
820.0,0.075,0.055,-3.84978238511e-13,0
820.0,0.07,0.06,-3.00944092868e-13,0
820.0,0.075,0.06,-4.1332772169e-13,0
820.0,0.07,0.065,-1.41554613643e-13,0
820.0,0.075,0.065,-2.82207825222e-13,0
820.0,0.07,0.07,7.61504261924e-14,0
820.0,0.07,0.075,3.12428754994e-13,0
820.0,0.075,0.07,-5.73847308012e-14,0
820.0,0.075,0.075,1.92397375184e-13,0
920.0,-0.00382671281566,-0.00202612167119,0,0
920.0,-0.005,-0.005,3.1520391375e-14,0
920.0,-0.00197892066871,-0.00385133392306,0,0
920.0,-0.005,-0.00190753787223,1.66939000988e-14,0
920.0,-0.00433,0,0,0
920.0,-0.00190753787223,-0.005,1.71616125316e-14,0
920.0,0,-0.00433,0,0
920.0,-0.005,0.00190775150599,1.93463493346e-14,0
920.0,-0.00385133392306,0.00197892066871,0,0
920.0,0.00190775150599,-0.005,1.81743381791e-14,0
920.0,0.00202612167119,-0.00382671281566,0,0
920.0,-0.00202612167119,0.00382671281566,0,0
920.0,-0.005,0.005,4.89104718966e-14,0
920.0,-0.0019094272225,0.005,2.05423267694e-14,0
920.0,0,0.00433,0,0
920.0,0.00147766755988,0.00407006125046,0,0
920.0,8.32667268469e-19,0.005,1.44129113622e-14,0
920.0,0.00433,0,0,0
920.0,0.005,1.38777878078e-18,1.21606213305e-14,0
920.0,0.00407006125046,0.00147766755988,0,0
920.0,0.005,-0.005,3.75434132714e-14,0
920.0,0.00385133392306,-0.00197892066871,0,0
920.0,0.005,-0.0019094272225,1.71420132254e-14,0
920.0,0.00306177236254,0.00306177236254,0,0
920.0,0.0019094272225,0.005,2.09257189141e-14,0
920.0,0.005,0.0019094272225,1.83886785978e-14,0
920.0,-0.000885,-0.0015328649647,1.2717526135e-12,0
920.0,-0.0015328649647,-0.000885,1.27187505221e-12,0
920.0,-0.00186450691264,-0.00187567167242,8.43178346478e-13,0
920.0,-0.00177,0,1.27156660643e-12,0
920.0,-0.00268433516245,-0.000738983120158,7.59244423317e-13,0
920.0,0,-0.00177,1.27171404934e-12,0
920.0,-0.000718432264205,-0.00269192408424,7.5753789246e-13,0
920.0,-0.0015328649647,0.000885,1.27006165945e-12,0
920.0,-0.00265321485144,0.000647311733689,7.90032941385e-13,0
920.0,-0.000885,0.0015328649647,1.26843339641e-12,0
920.0,-0.00194719253591,0.00178443766524,8.44104514335e-13,0
920.0,0,0.00177,1.26432592914e-12,0
920.0,-0.000802720381054,0.00273415977115,7.17629758892e-13,0
920.0,0.000885,-0.0015328649647,1.27040242374e-12,0
920.0,0.00075154031863,-0.00270385456952,7.45425574693e-13,0
920.0,0.00177,0,1.26266536915e-12,0
920.0,0.0015328649647,-0.000885,1.26824919164e-12,0
920.0,0.00271471102228,-0.000564731152102,7.61051709402e-13,0
920.0,0.00192394637685,-0.00189207206672,8.10242753451e-13,0
920.0,0.00231817117671,0.00040530921667,9.88089134354e-13,0
920.0,0.0015328649647,0.000885,1.26093092995e-12,0
920.0,0.000885,0.0015328649647,1.26163613492e-12,0
920.0,0.000427053001345,0.00287092483521,6.82312474347e-13,0
920.0,0.00187618296239,0.00184774001435,8.33490448659e-13,0
920.0,0.00312733402203,0.000607809752493,5.19292173948e-13,0
920.0,0.00276214303706,0.00136595635004,5.7696297566e-13,0
920.0,0.0014100336009,0.00268674970267,6.04880346177e-13,0
920.0,-0.075,-0.075,-1.18723334656e-12,0
920.0,-0.07,-0.075,-9.24269246466e-13,0
920.0,-0.075,-0.07,-7.61294661954e-13,0
920.0,-0.07,-0.07,-5.97260586933e-13,0
920.0,-0.075,-0.065,-3.48274951935e-13,0
920.0,-0.07,-0.065,-2.96675426649e-13,0
920.0,-0.065,-0.075,-5.64822470133e-13,0
920.0,-0.065,-0.07,-3.73201533897e-13,0
920.0,-0.065,-0.065,-1.96498880245e-13,0
920.0,-0.075,-0.06,-6.68902242546e-14,0
920.0,-0.07,-0.06,-7.74304341479e-14,0
920.0,-0.065,-0.06,-5.59414913131e-14,0
920.0,-0.075,-0.055,1.12722463075e-13,0
920.0,-0.07,-0.055,5.97396779178e-14,0
920.0,-0.065,-0.055,2.46468867147e-14,0
920.0,-0.075,-0.05,1.98694650891e-13,0
920.0,-0.07,-0.05,1.28047842823e-13,0
920.0,-0.065,-0.05,6.49600093158e-14,0
920.0,-0.075,-0.045,2.70644626599e-13,0
920.0,-0.07,-0.045,1.81603454691e-13,0
920.0,-0.065,-0.045,9.41087618284e-14,0
920.0,-0.075,-0.04,3.34046842237e-13,0
920.0,-0.07,-0.04,2.18315639307e-13,0
920.0,-0.075,-0.035,3.64880200938e-13,0
920.0,-0.07,-0.035,2.33615421583e-13,0
920.0,-0.065,-0.04,1.070574739e-13,0
920.0,-0.065,-0.035,1.08798293579e-13,0
920.0,-0.075,-0.03,3.68933930706e-13,0
920.0,-0.07,-0.03,2.33530403038e-13,0
920.0,-0.075,-0.025,3.64166146657e-13,0
920.0,-0.07,-0.025,2.26283452547e-13,0
920.0,-0.065,-0.03,1.03137626111e-13,0
920.0,-0.065,-0.025,9.20815396332e-14,0
920.0,-0.075,-0.02,3.45410114536e-13,0
920.0,-0.07,-0.02,2.09350546692e-13,0
920.0,-0.075,-0.015,3.05793113137e-13,0
920.0,-0.07,-0.015,1.80887078755e-13,0
920.0,-0.065,-0.02,7.60596776677e-14,0
920.0,-0.065,-0.015,5.6993854844e-14,0
920.0,-0.075,-0.01,2.50503165218e-13,0
920.0,-0.07,-0.01,1.42030224403e-13,0
920.0,-0.075,-0.005,1.82929923661e-13,0
920.0,-0.07,-0.005,9.48441391379e-14,0
920.0,-0.065,-0.01,3.5253480861e-14,0
920.0,-0.065,-0.005,1.00377544823e-14,0
920.0,-0.075,0,1.10110274111e-13,0
920.0,-0.07,0,4.17116251486e-14,0
920.0,-0.075,0.005,3.96284917382e-14,0
920.0,-0.07,0.005,-1.30992078787e-14,0
920.0,-0.065,4.16333634234e-19,-2.16935975111e-14,0
920.0,-0.065,0.005,-6.03425564386e-14,0
920.0,-0.075,0.01,-1.92932644648e-14,0
920.0,-0.07,0.01,-6.37348989803e-14,0
920.0,-0.075,0.015,-6.01726367982e-14,0
920.0,-0.07,0.015,-1.03968837309e-13,0
920.0,-0.065,0.01,-1.04404697726e-13,0
920.0,-0.065,0.015,-1.48755891392e-13,0
920.0,-0.075,0.02,-7.52160621674e-14,0
920.0,-0.07,0.02,-1.23426701527e-13,0
920.0,-0.075,0.025,-5.91291285068e-14,0
920.0,-0.07,0.025,-1.1454107927e-13,0
920.0,-0.065,0.02,-1.79209051856e-13,0
920.0,-0.065,0.025,-1.79732689833e-13,0
920.0,-0.075,0.03,5.3027899748e-14,0
920.0,-0.07,0.03,-3.54000312091e-14,0
920.0,-0.075,0.035,2.82971640348e-13,0
920.0,-0.07,0.035,1.26180455071e-13,0
920.0,-0.065,0.03,-1.33897556035e-13,0
920.0,-0.065,0.035,-3.84200484777e-14,0
920.0,-0.075,0.04,6.7624804225e-13,0
920.0,-0.07,0.04,3.66365358236e-13,0
920.0,-0.075,0.045,1.07587305357e-12,0
920.0,-0.07,0.045,6.2753044041e-13,0
920.0,-0.065,0.04,8.68239352792e-14,0
920.0,-0.065,0.045,2.32625603142e-13,0
920.0,-0.075,0.05,1.27755372167e-12,0
920.0,-0.07,0.05,8.08088412988e-13,0
920.0,-0.075,0.055,1.1930935769e-12,0
920.0,-0.07,0.055,7.92765043274e-13,0
920.0,-0.065,0.05,3.96157695667e-13,0
920.0,-0.065,0.055,4.50755298008e-13,0
920.0,-0.075,0.06,6.81251981998e-13,0
920.0,-0.07,0.06,4.80814715766e-13,0
920.0,-0.075,0.065,-1.87609709519e-13,0
920.0,-0.07,0.065,-9.81333239938e-14,0
920.0,-0.065,0.06,3.31749758686e-13,0
920.0,-0.065,0.065,3.80326175209e-14,0
920.0,-0.075,0.07,-1.15528390219e-12,0
920.0,-0.07,0.07,-7.88708081825e-13,0
920.0,-0.075,0.075,-2.03264067641e-12,0
920.0,-0.07,0.075,-1.47374600235e-12,0
920.0,-0.065,0.07,-3.47175400208e-13,0
920.0,-0.065,0.075,-7.5205215819e-13,0
920.0,-0.06,-0.075,-1.65690607631e-13,0
920.0,-0.06,-0.07,-1.04310683496e-13,0
920.0,-0.06,-0.065,-4.35490299752e-14,0
920.0,-0.055,-0.075,1.89533709632e-13,0
920.0,-0.055,-0.07,1.31935366532e-13,0
920.0,-0.055,-0.065,8.9980787908e-14,0
920.0,-0.06,-0.06,-9.09011399619e-15,0
920.0,-0.06,-0.055,3.24790186416e-15,0
920.0,-0.055,-0.06,3.40497711777e-14,0
920.0,-0.055,-0.055,-8.04373118563e-15,0
920.0,-0.06,-0.05,9.62537241632e-15,0
920.0,-0.055,-0.05,-3.48679751603e-14,0
920.0,-0.06,-0.045,1.17852933316e-14,0
920.0,-0.055,-0.045,-5.74910750876e-14,0
920.0,-0.06,-0.04,7.23151853507e-15,0
920.0,-0.055,-0.04,-7.8513346368e-14,0
920.0,-0.06,-0.035,-3.36249664086e-15,0
920.0,-0.055,-0.035,-1.0054987629e-13,0
920.0,-0.06,-0.03,-1.76219382365e-14,0
920.0,-0.06,-0.025,-3.37763269688e-14,0
920.0,-0.055,-0.03,-1.23613301158e-13,0
920.0,-0.055,-0.025,-1.4777600587e-13,0
920.0,-0.06,-0.02,-4.99161826642e-14,0
920.0,-0.06,-0.015,-6.49617207905e-14,0
920.0,-0.055,-0.02,-1.68168275368e-13,0
920.0,-0.055,-0.015,-1.80818010472e-13,0
920.0,-0.06,-0.01,-6.93027199768e-14,0
920.0,-0.06,-0.005,-6.2587544037e-14,0
920.0,-0.055,-0.01,-1.61363659557e-13,0
920.0,-0.055,-0.005,-1.09327582396e-13,0
920.0,-0.06,0,-6.03249476159e-14,0
920.0,-0.06,0.005,-7.49288656226e-14,0
920.0,-0.055,4.16333634234e-19,-5.66910606561e-14,0
920.0,-0.055,0.005,-3.70052388414e-14,0
920.0,-0.06,0.01,-1.0933454719e-13,0
920.0,-0.06,0.015,-1.60569472035e-13,0
920.0,-0.055,0.01,-6.07712086284e-14,0
920.0,-0.055,0.015,-1.13060608226e-13,0
920.0,-0.06,0.02,-2.17326624816e-13,0
920.0,-0.06,0.025,-2.41072452337e-13,0
920.0,-0.055,0.02,-1.91253371502e-13,0
920.0,-0.055,0.025,-2.5587180879e-13,0
920.0,-0.06,0.03,-2.27247385999e-13,0
920.0,-0.06,0.035,-1.88905832187e-13,0
920.0,-0.055,0.03,-2.91299956737e-13,0
920.0,-0.055,0.035,-3.16249594645e-13,0
920.0,-0.06,0.04,-1.23122298892e-13,0
920.0,-0.06,0.045,-4.13943288502e-14,0
920.0,-0.055,0.04,-3.08326617808e-13,0
920.0,-0.055,0.045,-2.66072359246e-13,0
920.0,-0.06,0.05,6.00237516288e-14,0
920.0,-0.06,0.055,1.52353989965e-13,0
920.0,-0.055,0.05,-1.9757996436e-13,0
920.0,-0.055,0.055,-9.42081935384e-14,0
920.0,-0.06,0.06,2.03989601219e-13,0
920.0,-0.06,0.065,1.90998198881e-13,0
920.0,-0.055,0.06,7.97374283633e-14,0
920.0,-0.055,0.065,3.01523752913e-13,0
920.0,-0.06,0.07,1.23267070528e-13,0
920.0,-0.06,0.075,4.5008051168e-14,0
920.0,-0.055,0.07,5.12614974125e-13,0
920.0,-0.055,0.075,7.26780341569e-13,0
920.0,-0.05,-0.075,4.2081056052e-13,0
920.0,-0.05,-0.07,2.79515874507e-13,0
920.0,-0.045,-0.075,5.03506994801e-13,0
920.0,-0.045,-0.07,3.41032883534e-13,0
920.0,-0.05,-0.065,1.51417484464e-13,0
920.0,-0.045,-0.065,1.88113913952e-13,0
920.0,-0.05,-0.06,5.5941055732e-14,0
920.0,-0.05,-0.055,-1.72477817166e-14,0
920.0,-0.045,-0.06,6.45883828656e-14,0
920.0,-0.045,-0.055,-3.17642853252e-14,0
920.0,-0.05,-0.05,-6.90198187699e-14,0
920.0,-0.05,-0.045,-1.10461471474e-13,0
920.0,-0.045,-0.05,-9.77960672337e-14,0
920.0,-0.045,-0.045,-1.49418169638e-13,0
920.0,-0.05,-0.04,-1.44943901167e-13,0
920.0,-0.045,-0.04,-1.90399233714e-13,0
920.0,-0.05,-0.035,-1.75663421107e-13,0
920.0,-0.045,-0.035,-2.23889801102e-13,0
920.0,-0.05,-0.03,-2.0445242214e-13,0
920.0,-0.045,-0.03,-2.51885674948e-13,0
920.0,-0.05,-0.025,-2.34690336173e-13,0
920.0,-0.045,-0.025,-2.77506461389e-13,0
920.0,-0.05,-0.02,-2.59752126546e-13,0
920.0,-0.05,-0.015,-2.69134356239e-13,0
920.0,-0.045,-0.02,-2.92995875081e-13,0
920.0,-0.045,-0.015,-2.90936800283e-13,0
920.0,-0.05,-0.01,-2.16156065946e-13,0
920.0,-0.05,-0.005,-9.06625284475e-14,0
920.0,-0.045,-0.01,-2.05021513251e-13,0
920.0,-0.045,-0.005,-1.05650929301e-14,0
920.0,-0.05,0,4.33148959281e-14,0
920.0,-0.05,0.005,1.13603527923e-13,0
920.0,-0.045,4.16333634234e-19,1.97810630654e-13,0
920.0,-0.045,0.005,2.97692664222e-13,0
920.0,-0.05,0.01,9.33061451996e-14,0
920.0,-0.05,0.015,2.87868163609e-14,0
920.0,-0.045,0.01,2.6075937285e-13,0
920.0,-0.045,0.015,1.88411298363e-13,0
920.0,-0.05,0.02,-7.55734518242e-14,0
920.0,-0.05,0.025,-1.92889262942e-13,0
920.0,-0.045,0.02,7.77809433849e-14,0
920.0,-0.045,0.025,-6.5041451013e-14,0
920.0,-0.05,0.03,-2.88500575585e-13,0
920.0,-0.05,0.035,-3.82685453045e-13,0
920.0,-0.045,0.03,-2.07336242445e-13,0
920.0,-0.045,0.035,-3.58596086141e-13,0
920.0,-0.05,0.04,-4.45377847191e-13,0
920.0,-0.05,0.045,-4.45032680393e-13,0
920.0,-0.045,0.04,-5.15288214788e-13,0
920.0,-0.045,0.045,-5.90292118609e-13,0
920.0,-0.05,0.05,-3.86462943905e-13,0
920.0,-0.05,0.055,-2.89823813282e-13,0
920.0,-0.045,0.05,-5.61714672015e-13,0
920.0,-0.045,0.055,-4.59686536534e-13,0
920.0,-0.05,0.06,-4.96488942788e-14,0
920.0,-0.05,0.065,3.22377060219e-13,0
920.0,-0.045,0.06,-1.79430753251e-13,0
920.0,-0.045,0.065,2.51098272441e-13,0
920.0,-0.05,0.07,7.19511979508e-13,0
920.0,-0.05,0.075,1.12468411973e-12,0
920.0,-0.045,0.07,7.0933406693e-13,0
920.0,-0.045,0.075,1.16756686598e-12,0
920.0,-0.04,-0.075,4.8511397449e-13,0
920.0,-0.04,-0.07,3.32567423592e-13,0
920.0,-0.035,-0.075,4.33083383514e-13,0
920.0,-0.035,-0.07,2.93694399453e-13,0
920.0,-0.04,-0.065,1.91170502551e-13,0
920.0,-0.035,-0.065,1.64025357795e-13,0
920.0,-0.04,-0.06,5.76920364256e-14,0
920.0,-0.035,-0.06,4.63967887426e-14,0
920.0,-0.04,-0.055,-4.7385994373e-14,0
920.0,-0.035,-0.055,-4.30979068477e-14,0
920.0,-0.04,-0.05,-1.12469942717e-13,0
920.0,-0.04,-0.045,-1.64730260487e-13,0
920.0,-0.035,-0.05,-1.01597424777e-13,0
920.0,-0.035,-0.045,-1.45652666539e-13,0
920.0,-0.04,-0.04,-2.04168270961e-13,0
920.0,-0.04,-0.035,-2.34663380207e-13,0
920.0,-0.035,-0.04,-1.77962661358e-13,0
920.0,-0.035,-0.035,-2.00319963283e-13,0
920.0,-0.04,-0.03,-2.56179989001e-13,0
920.0,-0.035,-0.03,-2.13734899018e-13,0
920.0,-0.04,-0.025,-2.70662751657e-13,0
920.0,-0.035,-0.025,-2.19086991509e-13,0
920.0,-0.04,-0.02,-2.7139614279e-13,0
920.0,-0.035,-0.02,-2.11487235146e-13,0
920.0,-0.04,-0.015,-2.58690453305e-13,0
920.0,-0.035,-0.015,-1.88099161421e-13,0
920.0,-0.04,-0.01,-1.51199957421e-13,0
920.0,-0.04,-0.005,7.04795472705e-14,0
920.0,-0.035,-0.01,-8.1805956383e-14,0
920.0,-0.035,-0.005,1.20559809437e-13,0
920.0,-0.04,0,3.05254607356e-13,0
920.0,-0.04,0.005,3.99992647194e-13,0
920.0,-0.035,4.16333634234e-19,3.59728941239e-13,0
920.0,-0.035,0.005,4.66373346436e-13,0
920.0,-0.04,0.01,3.57542818508e-13,0
920.0,-0.04,0.015,2.91490254015e-13,0
920.0,-0.035,0.01,4.34666042703e-13,0
920.0,-0.035,0.015,3.72785025572e-13,0
920.0,-0.04,0.02,1.92537971141e-13,0
920.0,-0.04,0.025,6.30405982665e-14,0
920.0,-0.035,0.02,2.84188973105e-13,0
920.0,-0.035,0.025,1.74988295795e-13,0
920.0,-0.04,0.03,-8.4769911292e-14,0
920.0,-0.04,0.035,-2.45297338621e-13,0
920.0,-0.035,0.03,4.22879453602e-14,0
920.0,-0.035,0.035,-1.068274651e-13,0
920.0,-0.04,0.04,-4.5468320656e-13,0
920.0,-0.04,0.045,-6.18593106403e-13,0
920.0,-0.035,0.04,-2.96820458474e-13,0
920.0,-0.035,0.045,-4.88410897789e-13,0
920.0,-0.04,0.05,-6.55763593584e-13,0
920.0,-0.04,0.055,-5.4572279724e-13,0
920.0,-0.035,0.05,-5.84358263273e-13,0
920.0,-0.035,0.055,-5.14173412743e-13,0
920.0,-0.04,0.06,-2.59379994397e-13,0
920.0,-0.04,0.065,1.32856901278e-13,0
920.0,-0.035,0.06,-2.82488968799e-13,0
920.0,-0.035,0.065,3.29697047572e-14,0
920.0,-0.04,0.07,5.3339326054e-13,0
920.0,-0.04,0.075,9.12214123516e-13,0
920.0,-0.035,0.07,3.21336739691e-13,0
920.0,-0.035,0.075,5.73908697794e-13,0
920.0,-0.03,-0.075,3.42857970203e-13,0
920.0,-0.03,-0.07,2.2201812528e-13,0
920.0,-0.025,-0.075,2.18983274191e-13,0
920.0,-0.025,-0.07,1.20062487633e-13,0
920.0,-0.03,-0.065,1.15294958944e-13,0
920.0,-0.025,-0.065,4.32366357956e-14,0
920.0,-0.03,-0.06,2.83760024021e-14,0
920.0,-0.025,-0.06,6.86595409137e-16,0
920.0,-0.03,-0.055,-3.12715261893e-14,0
920.0,-0.025,-0.055,-1.45678322704e-14,0
920.0,-0.03,-0.05,-6.94022237205e-14,0
920.0,-0.025,-0.05,-2.08550038589e-14,0
920.0,-0.03,-0.045,-9.81473816399e-14,0
920.0,-0.025,-0.045,-2.87535290474e-14,0
920.0,-0.03,-0.04,-1.18887081026e-13,0
920.0,-0.03,-0.035,-1.3280919086e-13,0
920.0,-0.025,-0.04,-3.72025078623e-14,0
920.0,-0.025,-0.035,-4.57157314829e-14,0
920.0,-0.03,-0.03,-1.40481309704e-13,0
920.0,-0.03,-0.025,-1.41758349173e-13,0
920.0,-0.025,-0.03,-5.2712432256e-14,0
920.0,-0.025,-0.025,-5.55283696844e-14,0
920.0,-0.03,-0.02,-1.32170959686e-13,0
920.0,-0.025,-0.02,-5.0411949998e-14,0
920.0,-0.03,-0.015,-1.09068990283e-13,0
920.0,-0.025,-0.015,-3.36495985654e-14,0
920.0,-0.03,-0.01,-1.68208793945e-14,0
920.0,-0.025,-0.01,3.28965540761e-14,0
920.0,-0.03,-0.005,1.50558045556e-13,0
920.0,-0.025,-0.005,1.55394574535e-13,0
920.0,-0.03,0,3.54556137965e-13,0
920.0,-0.03,0.005,4.67997461745e-13,0
920.0,-0.025,4.16333634234e-19,2.96160610162e-13,0
920.0,-0.025,0.005,3.94640541399e-13,0
920.0,-0.03,0.01,4.63735250224e-13,0
920.0,-0.03,0.015,4.17026775887e-13,0
920.0,-0.025,0.01,4.27852080169e-13,0
920.0,-0.025,0.015,4.1826809774e-13,0
920.0,-0.03,0.02,3.4359043191e-13,0
920.0,-0.03,0.025,2.59262043998e-13,0
920.0,-0.025,0.02,3.75527212435e-13,0
920.0,-0.025,0.025,3.17360205515e-13,0
920.0,-0.03,0.03,1.54305976874e-13,0
920.0,-0.03,0.035,2.86274325746e-14,0
920.0,-0.025,0.03,2.39475622169e-13,0
920.0,-0.025,0.035,1.42119678138e-13,0
920.0,-0.03,0.04,-1.40871651681e-13,0
920.0,-0.03,0.045,-3.24285933888e-13,0
920.0,-0.025,0.04,-7.36429629036e-15,0
920.0,-0.025,0.045,-1.82518379883e-13,0
920.0,-0.03,0.05,-4.33707058714e-13,0
920.0,-0.03,0.055,-4.02326607047e-13,0
920.0,-0.025,0.05,-2.98598319253e-13,0
920.0,-0.025,0.055,-2.88439399748e-13,0
920.0,-0.03,0.06,-2.49680148612e-13,0
920.0,-0.03,0.065,-3.61006715703e-14,0
920.0,-0.025,0.06,-1.93787374244e-13,0
920.0,-0.025,0.065,-6.12461090769e-14,0
920.0,-0.03,0.07,1.70829426774e-13,0
920.0,-0.03,0.075,3.55611612972e-13,0
920.0,-0.025,0.07,8.30863065605e-14,0
920.0,-0.025,0.075,2.18776609244e-13,0
920.0,-0.02,-0.075,-1.20802730189e-13,0
920.0,-0.02,-0.07,-9.84469679071e-14,0
920.0,-0.015,-0.075,-4.626906407e-13,0
920.0,-0.015,-0.07,-3.08924383003e-13,0
920.0,-0.02,-0.065,-7.47595149764e-14,0
920.0,-0.015,-0.065,-1.80338660347e-13,0
920.0,-0.02,-0.06,-3.17551480683e-14,0
920.0,-0.015,-0.06,-5.90749052876e-14,0
920.0,-0.02,-0.055,1.36683749305e-14,0
920.0,-0.015,-0.055,4.41093606252e-14,0
920.0,-0.02,-0.05,4.08834979199e-14,0
920.0,-0.015,-0.05,1.08458233935e-13,0
920.0,-0.02,-0.045,5.40662729208e-14,0
920.0,-0.015,-0.045,1.42183223206e-13,0
920.0,-0.02,-0.04,5.53648054273e-14,0
920.0,-0.015,-0.04,1.51759652261e-13,0
920.0,-0.02,-0.035,5.03311032131e-14,0
920.0,-0.015,-0.035,1.48812648324e-13,0
920.0,-0.02,-0.03,4.13853851394e-14,0
920.0,-0.02,-0.025,3.2045612573e-14,0
920.0,-0.015,-0.03,1.35147566248e-13,0
920.0,-0.015,-0.025,1.14396676021e-13,0
920.0,-0.02,-0.02,2.69501486243e-14,0
920.0,-0.02,-0.015,3.14432182943e-14,0
920.0,-0.015,-0.02,9.2704052914e-14,0
920.0,-0.015,-0.015,7.85214789937e-14,0
920.0,-0.02,-0.01,6.35247660956e-14,0
920.0,-0.015,-0.01,7.61414521215e-14,0
920.0,-0.02,-0.005,1.29549205208e-13,0
920.0,-0.015,-0.005,9.2729193885e-14,0
920.0,-0.02,0,2.15736207448e-13,0
920.0,-0.015,4.16333634234e-19,1.33851111187e-13,0
920.0,-0.02,0.005,2.97651213165e-13,0
920.0,-0.015,0.005,1.9919734425e-13,0
920.0,-0.02,0.01,3.55318674082e-13,0
920.0,-0.02,0.015,3.84774011114e-13,0
920.0,-0.015,0.01,2.71922957172e-13,0
920.0,-0.015,0.015,3.32299303118e-13,0
920.0,-0.02,0.02,3.80083476187e-13,0
920.0,-0.02,0.025,3.52289300668e-13,0
920.0,-0.015,0.02,3.64230290577e-13,0
920.0,-0.015,0.025,3.69856937837e-13,0
920.0,-0.02,0.03,2.98673710556e-13,0
920.0,-0.02,0.035,2.24387141758e-13,0
920.0,-0.015,0.03,3.42072380693e-13,0
920.0,-0.015,0.035,2.8576061529e-13,0
920.0,-0.02,0.04,9.26950436226e-14,0
920.0,-0.02,0.045,-8.03846965396e-14,0
920.0,-0.015,0.04,1.673752463e-13,0
920.0,-0.015,0.045,-9.04955495679e-15,0
920.0,-0.02,0.05,-2.12835002998e-13,0
920.0,-0.02,0.055,-2.36460943857e-13,0
920.0,-0.015,0.05,-1.58352164056e-13,0
920.0,-0.015,0.055,-2.03248193441e-13,0
920.0,-0.02,0.06,-1.7000460848e-13,0
920.0,-0.02,0.065,-6.85319203541e-14,0
920.0,-0.015,0.06,-1.57227586873e-13,0
920.0,-0.015,0.065,-7.67424730742e-14,0
920.0,-0.02,0.07,5.01772911484e-14,0
920.0,-0.02,0.075,1.69083380675e-13,0
920.0,-0.015,0.07,2.4824458852e-14,0
920.0,-0.015,0.075,1.30531277749e-13,0
920.0,-0.01,-0.075,-5.79787375811e-13,0
920.0,-0.01,-0.07,-3.89914452139e-13,0
920.0,-0.005,-0.075,-6.20522834704e-13,0
920.0,-0.005,-0.07,-4.13954687137e-13,0
920.0,-0.01,-0.065,-2.20274802399e-13,0
920.0,-0.005,-0.065,-2.26891105993e-13,0
920.0,-0.01,-0.06,-6.99721855033e-14,0
920.0,-0.005,-0.06,-6.44028376177e-14,0
920.0,-0.01,-0.055,6.46207758239e-14,0
920.0,-0.005,-0.055,8.35989662953e-14,0
920.0,-0.01,-0.05,1.69916514276e-13,0
920.0,-0.005,-0.05,2.10755447721e-13,0
920.0,-0.01,-0.045,2.28158488795e-13,0
920.0,-0.005,-0.045,2.96937191587e-13,0
920.0,-0.01,-0.04,2.46759125898e-13,0
920.0,-0.005,-0.04,3.30171979268e-13,0
920.0,-0.01,-0.035,2.4381883593e-13,0
920.0,-0.005,-0.035,3.20165700133e-13,0
920.0,-0.01,-0.03,2.20483874633e-13,0
920.0,-0.005,-0.03,2.80894988207e-13,0
920.0,-0.01,-0.025,1.82635703068e-13,0
920.0,-0.005,-0.025,2.28509251211e-13,0
920.0,-0.01,-0.02,1.41036793166e-13,0
920.0,-0.01,-0.015,1.03036207421e-13,0
920.0,-0.005,-0.02,1.73081253577e-13,0
920.0,-0.005,-0.015,1.18333920847e-13,0
920.0,-0.0117873230072,-0.0115873794689,8.01953288632e-14,0
920.0,-0.00939961996336,-0.005,5.60823987515e-14,0
920.0,-0.00792797428371,-0.00964253216809,6.86020306779e-14,0
920.0,-0.005,-0.00939961996336,6.27696463704e-14,0
920.0,-0.0108753492546,-0.00150606400588,7.40953044115e-14,0
920.0,-0.00818101620308,-0.00211452602544,4.54089626073e-14,0
920.0,-0.00651817360753,-0.000255934956239,3.04874676427e-14,0
920.0,-0.005,6.71033969428e-08,1.28228197212e-14,0
920.0,-0.0107292118043,0.00160660295843,9.22742346529e-14,0
920.0,-0.0080188992252,0.000768320427092,5.09309474564e-14,0
920.0,-0.00939946851065,0.005,1.08595511992e-13,0
920.0,-0.00802129342231,0.00264911934363,6.34412408186e-14,0
920.0,-0.00887989370213,0.00887989479405,1.59038978757e-13,0
920.0,-0.01,0.015,2.74781168855e-13,0
920.0,-0.005,0.00939947397025,1.20074928044e-13,0
920.0,-0.005,0.015,2.27952948756e-13,0
920.0,-0.01,0.02,3.36007927042e-13,0
920.0,-0.01,0.025,3.70183099699e-13,0
920.0,-0.005,0.02,3.08692016147e-13,0
920.0,-0.005,0.025,3.6175521997e-13,0
920.0,-0.01,0.03,3.65710514414e-13,0
920.0,-0.01,0.035,3.20938910649e-13,0
920.0,-0.005,0.03,3.73187723061e-13,0
920.0,-0.005,0.035,3.15677987541e-13,0
920.0,-0.01,0.04,2.03887953846e-13,0
920.0,-0.01,0.045,3.63719970284e-14,0
920.0,-0.005,0.04,1.87154773889e-13,0
920.0,-0.005,0.045,4.24655657694e-14,0
920.0,-0.01,0.05,-1.10216096732e-13,0
920.0,-0.01,0.055,-1.72760906106e-13,0
920.0,-0.005,0.05,-7.72298700489e-14,0
920.0,-0.005,0.055,-1.42743195222e-13,0
920.0,-0.01,0.06,-1.48442299434e-13,0
920.0,-0.01,0.065,-8.46178574382e-14,0
920.0,-0.005,0.06,-1.40163730911e-13,0
920.0,-0.005,0.065,-8.94391005183e-14,0
920.0,-0.01,0.07,4.60533940646e-15,0
920.0,-0.01,0.075,9.86507281682e-14,0
920.0,-0.005,0.07,-9.40839415543e-15,0
920.0,-0.005,0.075,7.75590226084e-14,0
920.0,0,-0.075,-5.96754248438e-13,0
920.0,0,-0.07,-3.8849263179e-13,0
920.0,0.005,-0.075,-5.24221118078e-13,0
920.0,0.005,-0.07,-3.23953278947e-13,0
920.0,0,-0.065,-2.01794299797e-13,0
920.0,0.005,-0.065,-1.51597309841e-13,0
920.0,0,-0.06,-4.22655017841e-14,0
920.0,0.005,-0.06,-7.25922002858e-15,0
920.0,0,-0.055,1.02347395885e-13,0
920.0,0.005,-0.055,1.18253619053e-13,0
920.0,0,-0.05,2.26756405092e-13,0
920.0,0.005,-0.05,2.17864491455e-13,0
920.0,0,-0.045,3.25877771554e-13,0
920.0,0.005,-0.045,3.03317843497e-13,0
920.0,0,-0.04,3.78637003823e-13,0
920.0,0.005,-0.04,3.61547876381e-13,0
920.0,0,-0.035,3.59117670568e-13,0
920.0,0.005,-0.035,3.4561261087e-13,0
920.0,0,-0.03,3.07972166699e-13,0
920.0,0.005,-0.03,3.00370307208e-13,0
920.0,0,-0.025,2.51498598392e-13,0
920.0,0.005,-0.025,2.51649000495e-13,0
920.0,0,-0.02,1.9275323499e-13,0
920.0,0.005,-0.02,2.01821321566e-13,0
920.0,0,-0.015,1.32130654182e-13,0
920.0,0.005,-0.015,1.4936812724e-13,0
920.0,-0.0021196717084,-0.00776771017156,4.43649852546e-14,0
920.0,-0.00084550708518,-0.00631514607954,2.86631578451e-14,0
920.0,6.71033969406e-08,-0.005,1.32081995044e-14,0
920.0,-0.00139054260708,-0.0110960807567,8.10962105265e-14,0
920.0,0.00132468676756,-0.00775008274642,4.70518953809e-14,0
920.0,0.00160394440688,-0.0116908851489,9.56141113171e-14,0
920.0,0.005,-0.00939946851065,8.20599432462e-14,0
920.0,0.005,0.005,5.01561324213e-14,0
920.0,-0.000107646311398,0.00617659695633,3.37996730795e-14,0
920.0,-0.00190846935279,0.0076427502668,6.38126023608e-14,0
920.0,0.00131146485568,0.00777290068297,6.4240351108e-14,0
920.0,0.00295884413402,0.00640276348073,5.01359971712e-14,0
920.0,-1.21517769428e-05,0.0108932602996,1.24065766009e-13,0
920.0,0,0.015,2.0693681865e-13,0
920.0,0.005,0.00939942566771,1.23603414357e-13,0
920.0,0.005,0.015,2.25248196711e-13,0
920.0,0,0.02,2.92883321732e-13,0
920.0,0,0.025,3.50077524768e-13,0
920.0,0.005,0.02,2.95789811759e-13,0
920.0,0.005,0.025,3.37202050844e-13,0
920.0,0,0.03,3.61312604451e-13,0
920.0,0,0.035,2.83741974466e-13,0
920.0,0.005,0.03,3.29520848703e-13,0
920.0,0.005,0.035,2.43477052871e-13,0
920.0,0,0.04,1.49386277414e-13,0
920.0,0,0.045,1.57177898156e-14,0
920.0,0.005,0.04,1.00670144828e-13,0
920.0,0.005,0.045,-3.53078718408e-14,0
920.0,0,0.05,-8.46994715725e-14,0
920.0,0,0.055,-1.36364877487e-13,0
920.0,0.005,0.05,-1.14365002113e-13,0
920.0,0.005,0.055,-1.47234510634e-13,0
920.0,0,0.06,-1.33970389506e-13,0
920.0,0,0.065,-8.66708966193e-14,0
920.0,0.005,0.06,-1.30967458274e-13,0
920.0,0.005,0.065,-7.49287758831e-14,0
920.0,0,0.07,-1.07884610488e-14,0
920.0,0,0.075,7.36563033396e-14,0
920.0,0.005,0.07,7.44949016339e-15,0
920.0,0.005,0.075,9.94346596647e-14,0
920.0,0.01,-0.075,-2.85684359699e-13,0
920.0,0.01,-0.07,-1.52637435862e-13,0
920.0,0.015,-0.075,9.11166715894e-14,0
920.0,0.015,-0.07,9.14254455628e-14,0
920.0,0.01,-0.065,-3.71276360727e-14,0
920.0,0.015,-0.065,9.71331811403e-14,0
920.0,0.01,-0.06,4.37891716388e-14,0
920.0,0.015,-0.06,8.96606633172e-14,0
920.0,0.01,-0.055,1.16101371622e-13,0
920.0,0.015,-0.055,9.50569411286e-14,0
920.0,0.01,-0.05,1.8088564601e-13,0
920.0,0.015,-0.05,1.21819061792e-13,0
920.0,0.01,-0.045,2.43725004405e-13,0
920.0,0.015,-0.045,1.516664651e-13,0
920.0,0.01,-0.04,2.84499815969e-13,0
920.0,0.015,-0.04,1.63524386103e-13,0
920.0,0.01,-0.035,2.79979128589e-13,0
920.0,0.015,-0.035,1.68969797937e-13,0
920.0,0.01,-0.03,2.54592788616e-13,0
920.0,0.015,-0.03,1.71888144035e-13,0
920.0,0.01,-0.025,2.26804274094e-13,0
920.0,0.015,-0.025,1.74007692268e-13,0
920.0,0.01,-0.02,1.9706914905e-13,0
920.0,0.01,-0.015,1.67445826325e-13,0
920.0,0.015,-0.02,1.73744522467e-13,0
920.0,0.015,-0.015,1.76613835658e-13,0
920.0,0.00999280436795,-0.0116358337096,1.43524184513e-13,0
920.0,0.0105889214373,-0.00845762197625,1.27651404495e-13,0
920.0,0.015,-0.01,1.80733194497e-13,0
920.0,0.00939947397025,-0.005,9.18626853905e-14,0
920.0,0.015,-0.005,1.9021167721e-13,0
920.0,0.00658051136513,-0.00296146438142,4.15854753257e-14,0
920.0,0.00636794669772,-3.54305826484e-06,3.28975255499e-14,0
920.0,0.00795807888052,-0.00113999998936,5.81092227261e-14,0
920.0,0.00758147027913,0.00183630393596,5.88950836842e-14,0
920.0,0.0112534647756,-1.47536350887e-07,1.25703419269e-13,0
920.0,0.015,4.16333634234e-19,2.10988979505e-13,0
920.0,0.00939942566771,0.005,1.25666975357e-13,0
920.0,0.015,0.005,2.48950829513e-13,0
920.0,0.00999018807453,0.0109670628501,2.20609254479e-13,0
920.0,0.01,0.015,2.72578660746e-13,0
920.0,0.015,0.01,2.98069776527e-13,0
920.0,0.015,0.015,3.33600557599e-13,0
920.0,0.01,0.02,3.14516168017e-13,0
920.0,0.01,0.025,3.29278570898e-13,0
920.0,0.015,0.02,3.37386200134e-13,0
920.0,0.015,0.025,3.18367727619e-13,0
920.0,0.01,0.03,2.95942276833e-13,0
920.0,0.01,0.035,2.06305652651e-13,0
920.0,0.015,0.03,2.57409458751e-13,0
920.0,0.015,0.035,1.52995654107e-13,0
920.0,0.01,0.04,3.67070036183e-14,0
920.0,0.01,0.045,-1.11811391581e-13,0
920.0,0.015,0.04,-3.68526907035e-14,0
920.0,0.015,0.045,-1.89333000528e-13,0
920.0,0.01,0.05,-1.60604736616e-13,0
920.0,0.01,0.055,-1.69540099467e-13,0
920.0,0.015,0.05,-2.16942987435e-13,0
920.0,0.015,0.055,-2.02446046762e-13,0
920.0,0.01,0.06,-1.32023746324e-13,0
920.0,0.01,0.065,-5.68919612804e-14,0
920.0,0.015,0.06,-1.38080125724e-13,0
920.0,0.015,0.065,-3.35665016161e-14,0
920.0,0.01,0.07,4.40709251707e-14,0
920.0,0.01,0.075,1.53533043786e-13,0
920.0,0.015,0.07,9.81426516379e-14,0
920.0,0.015,0.075,2.37095108499e-13,0
920.0,0.02,-0.075,4.55323559941e-13,0
920.0,0.02,-0.07,2.98529531139e-13,0
920.0,0.025,-0.075,7.35168320144e-13,0
920.0,0.025,-0.07,4.48191982836e-13,0
920.0,0.02,-0.065,1.7921227769e-13,0
920.0,0.025,-0.065,2.30920446873e-13,0
920.0,0.02,-0.06,1.12793044955e-13,0
920.0,0.025,-0.06,1.13200012114e-13,0
920.0,0.02,-0.055,6.53734558539e-14,0
920.0,0.025,-0.055,1.87274256354e-14,0
920.0,0.02,-0.05,3.99996949547e-14,0
920.0,0.025,-0.05,-5.4980758523e-14,0
920.0,0.02,-0.045,3.13866657917e-14,0
920.0,0.025,-0.045,-9.59379560484e-14,0
920.0,0.02,-0.04,3.25570166061e-14,0
920.0,0.025,-0.04,-1.04514303061e-13,0
920.0,0.02,-0.035,4.58653100518e-14,0
920.0,0.025,-0.035,-8.36397179964e-14,0
920.0,0.02,-0.03,6.85222630244e-14,0
920.0,0.025,-0.03,-4.42441516368e-14,0
920.0,0.02,-0.025,9.68176512087e-14,0
920.0,0.025,-0.025,5.8263515253e-15,0
920.0,0.02,-0.02,1.29252068006e-13,0
920.0,0.025,-0.02,6.59515866434e-14,0
920.0,0.02,-0.015,1.68036784146e-13,0
920.0,0.025,-0.015,1.36673710278e-13,0
920.0,0.02,-0.01,2.15401647487e-13,0
920.0,0.025,-0.01,2.2572864194e-13,0
920.0,0.02,-0.005,2.69877986223e-13,0
920.0,0.025,-0.005,3.24052630929e-13,0
920.0,0.02,0,3.25872482953e-13,0
920.0,0.025,4.16333634234e-19,4.14501450186e-13,0
920.0,0.02,0.005,3.72474399946e-13,0
920.0,0.025,0.005,4.58700831631e-13,0
920.0,0.02,0.01,3.95473959899e-13,0
920.0,0.025,0.01,4.45662225245e-13,0
920.0,0.02,0.015,3.8524061706e-13,0
920.0,0.025,0.015,4.00286463914e-13,0
920.0,0.02,0.02,3.4834861796e-13,0
920.0,0.02,0.025,2.96075894883e-13,0
920.0,0.025,0.02,3.37361333148e-13,0
920.0,0.025,0.025,2.6151620563e-13,0
920.0,0.02,0.03,2.08296553717e-13,0
920.0,0.02,0.035,8.56041355575e-14,0
920.0,0.025,0.03,1.51048016574e-13,0
920.0,0.025,0.035,-4.00741086783e-16,0
920.0,0.02,0.04,-1.10722512545e-13,0
920.0,0.02,0.045,-2.63022567084e-13,0
920.0,0.025,0.04,-1.83166975105e-13,0
920.0,0.025,0.045,-3.28428826724e-13,0
920.0,0.02,0.05,-2.81991058255e-13,0
920.0,0.02,0.055,-2.452851775e-13,0
920.0,0.025,0.05,-3.59647057917e-13,0
920.0,0.025,0.055,-2.96458303461e-13,0
920.0,0.02,0.06,-1.45785082859e-13,0
920.0,0.02,0.065,-1.62354908949e-15,0
920.0,0.025,0.06,-1.48778176403e-13,0
920.0,0.025,0.065,4.05845359734e-14,0
920.0,0.02,0.07,1.74652131997e-13,0
920.0,0.02,0.075,3.64223876882e-13,0
920.0,0.025,0.07,2.63829579371e-13,0
920.0,0.025,0.075,5.06111954258e-13,0
920.0,0.03,-0.075,9.01873678549e-13,0
920.0,0.03,-0.07,5.32206364725e-13,0
920.0,0.035,-0.075,9.55550865334e-13,0
920.0,0.035,-0.07,5.41908279234e-13,0
920.0,0.03,-0.065,2.49875954719e-13,0
920.0,0.035,-0.065,2.2659755104e-13,0
920.0,0.03,-0.06,8.81669327155e-14,0
920.0,0.035,-0.06,4.50703979511e-14,0
920.0,0.03,-0.055,-4.43317786212e-14,0
920.0,0.035,-0.055,-1.04671434543e-13,0
920.0,0.03,-0.05,-1.48721870359e-13,0
920.0,0.035,-0.05,-2.22719829818e-13,0
920.0,0.03,-0.045,-2.15323120259e-13,0
920.0,0.035,-0.045,-3.09331573268e-13,0
920.0,0.03,-0.04,-2.35653437162e-13,0
920.0,0.035,-0.04,-3.47434207289e-13,0
920.0,0.03,-0.035,-2.12190383511e-13,0
920.0,0.035,-0.035,-3.29742246853e-13,0
920.0,0.03,-0.03,-1.605119106e-13,0
920.0,0.035,-0.03,-2.73591251244e-13,0
920.0,0.03,-0.025,-9.32169093568e-14,0
920.0,0.035,-0.025,-1.92756424233e-13,0
920.0,0.03,-0.02,-1.14472487191e-14,0
920.0,0.035,-0.02,-9.44914414657e-14,0
920.0,0.03,-0.015,8.24173479614e-14,0
920.0,0.035,-0.015,1.58259734465e-14,0
920.0,0.03,-0.01,2.03077059915e-13,0
920.0,0.035,-0.01,1.49412204626e-13,0
920.0,0.03,-0.005,3.34976823517e-13,0
920.0,0.035,-0.005,2.89855411373e-13,0
920.0,0.03,0,4.43889876049e-13,0
920.0,0.035,4.16333634234e-19,4.00078015254e-13,0
920.0,0.03,0.005,4.73473922816e-13,0
920.0,0.035,0.005,4.35324128304e-13,0
920.0,0.03,0.01,4.39176506468e-13,0
920.0,0.035,0.01,4.03538882891e-13,0
920.0,0.03,0.015,3.80947161572e-13,0
920.0,0.035,0.015,3.35274399152e-13,0
920.0,0.03,0.02,3.0157967356e-13,0
920.0,0.035,0.02,2.42397633901e-13,0
920.0,0.03,0.025,2.09264215492e-13,0
920.0,0.035,0.025,1.34300276581e-13,0
920.0,0.03,0.03,7.77622877916e-14,0
920.0,0.03,0.035,-9.18385010292e-14,0
920.0,0.035,0.03,-7.80450282262e-15,0
920.0,0.035,0.035,-1.757259014e-13,0
920.0,0.03,0.04,-2.62812673917e-13,0
920.0,0.03,0.045,-4.07078885951e-13,0
920.0,0.035,0.04,-3.44879346913e-13,0
920.0,0.035,0.045,-4.76110728253e-13,0
920.0,0.03,0.05,-4.45827639215e-13,0
920.0,0.03,0.055,-3.38831047612e-13,0
920.0,0.035,0.05,-4.85253128872e-13,0
920.0,0.035,0.055,-3.62740343029e-13,0
920.0,0.03,0.06,-1.46648855967e-13,0
920.0,0.03,0.065,8.30691054987e-14,0
920.0,0.035,0.06,-1.48806505477e-13,0
920.0,0.035,0.065,1.17559839932e-13,0
920.0,0.03,0.07,3.47125632041e-13,0
920.0,0.03,0.075,6.26611839654e-13,0
920.0,0.035,0.07,4.23550651831e-13,0
920.0,0.035,0.075,7.39076095668e-13,0
920.0,0.04,-0.075,9.05138666252e-13,0
920.0,0.04,-0.07,4.95015088691e-13,0
920.0,0.045,-0.075,7.85002325733e-13,0
920.0,0.045,-0.07,4.13766017226e-13,0
920.0,0.04,-0.065,1.78670491147e-13,0
920.0,0.045,-0.065,1.24477549238e-13,0
920.0,0.04,-0.06,-3.90314655463e-15,0
920.0,0.045,-0.06,-5.2838076487e-14,0
920.0,0.04,-0.055,-1.55421175872e-13,0
920.0,0.045,-0.055,-2.00747727279e-13,0
920.0,0.04,-0.05,-2.73559813157e-13,0
920.0,0.045,-0.05,-3.13252396569e-13,0
920.0,0.04,-0.045,-3.66344699741e-13,0
920.0,0.045,-0.045,-3.87108981331e-13,0
920.0,0.04,-0.04,-4.15226488328e-13,0
920.0,0.045,-0.04,-4.13821840548e-13,0
920.0,0.04,-0.035,-4.0819428778e-13,0
920.0,0.045,-0.035,-4.05246791366e-13,0
920.0,0.04,-0.03,-3.5739146802e-13,0
920.0,0.045,-0.03,-3.66742638881e-13,0
920.0,0.04,-0.025,-2.71611471362e-13,0
920.0,0.045,-0.025,-2.9853056217e-13,0
920.0,0.04,-0.02,-1.6619597257e-13,0
920.0,0.045,-0.02,-2.07676393565e-13,0
920.0,0.04,-0.015,-5.04271465798e-14,0
920.0,0.045,-0.015,-1.03912507498e-13,0
920.0,0.04,-0.01,8.07560843419e-14,0
920.0,0.045,-0.01,1.14054963168e-14,0
920.0,0.04,-0.005,2.14743665962e-13,0
920.0,0.045,-0.005,1.31008299054e-13,0
920.0,0.04,0,3.20729841218e-13,0
920.0,0.045,4.16333634234e-19,2.3796063123e-13,0
920.0,0.04,0.005,3.63240138532e-13,0
920.0,0.045,0.005,2.80494350876e-13,0
920.0,0.04,0.01,3.38481100645e-13,0
920.0,0.045,0.01,2.54285287272e-13,0
920.0,0.04,0.015,2.65400822283e-13,0
920.0,0.045,0.015,1.75682637704e-13,0
920.0,0.04,0.02,1.65734740938e-13,0
920.0,0.045,0.02,7.94836260728e-14,0
920.0,0.04,0.025,5.16974871628e-14,0
920.0,0.045,0.025,-2.70053000934e-14,0
920.0,0.04,0.03,-8.80855189319e-14,0
920.0,0.045,0.03,-1.55067126635e-13,0
920.0,0.04,0.035,-2.45657772266e-13,0
920.0,0.045,0.035,-2.91789616181e-13,0
920.0,0.04,0.04,-4.09789613986e-13,0
920.0,0.04,0.045,-5.00173018755e-13,0
920.0,0.045,0.04,-3.99801996762e-13,0
920.0,0.045,0.045,-4.50345862389e-13,0
920.0,0.04,0.05,-4.74966473486e-13,0
920.0,0.04,0.055,-3.68958080199e-13,0
920.0,0.045,0.05,-4.32400590284e-13,0
920.0,0.045,0.055,-3.53872033845e-13,0
920.0,0.04,0.06,-1.53985360016e-13,0
920.0,0.04,0.065,1.48900839362e-13,0
920.0,0.045,0.06,-1.52688793619e-13,0
920.0,0.045,0.065,1.71111269285e-13,0
920.0,0.04,0.07,4.94311692666e-13,0
920.0,0.04,0.075,8.50930437486e-13,0
920.0,0.045,0.07,5.41729029172e-13,0
920.0,0.045,0.075,9.22418400284e-13,0
920.0,0.05,-0.075,6.07540613732e-13,0
920.0,0.05,-0.07,3.11786666746e-13,0
920.0,0.055,-0.075,3.89632784163e-13,0
920.0,0.055,-0.07,1.9394911146e-13,0
920.0,0.05,-0.065,7.12258344689e-14,0
920.0,0.055,-0.065,2.81704307798e-14,0
920.0,0.05,-0.06,-8.78045492948e-14,0
920.0,0.055,-0.06,-9.84818325306e-14,0
920.0,0.05,-0.055,-2.18407128442e-13,0
920.0,0.055,-0.055,-1.80116856862e-13,0
920.0,0.05,-0.05,-3.05009159135e-13,0
920.0,0.055,-0.05,-2.14746791178e-13,0
920.0,0.05,-0.045,-3.40946360878e-13,0
920.0,0.055,-0.045,-2.23962744085e-13,0
920.0,0.05,-0.04,-3.42259974379e-13,0
920.0,0.055,-0.04,-2.17628656335e-13,0
920.0,0.05,-0.035,-3.31665368783e-13,0
920.0,0.055,-0.035,-2.07003069314e-13,0
920.0,0.05,-0.03,-3.05083867158e-13,0
920.0,0.055,-0.03,-1.90983440938e-13,0
920.0,0.05,-0.025,-2.62868540183e-13,0
920.0,0.055,-0.025,-1.70724644846e-13,0
920.0,0.05,-0.02,-2.03014391209e-13,0
920.0,0.055,-0.02,-1.43968344967e-13,0
920.0,0.05,-0.015,-1.29508380174e-13,0
920.0,0.055,-0.015,-1.13072721659e-13,0
920.0,0.05,-0.01,-4.63858767691e-14,0
920.0,0.055,-0.01,-7.75312381788e-14,0
920.0,0.05,-0.005,3.67224457759e-14,0
920.0,0.055,-0.005,-4.47788885768e-14,0
920.0,0.05,0,1.17514813547e-13,0
920.0,0.055,4.16333634234e-19,-2.44362924162e-14,0
920.0,0.05,0.005,1.53236764978e-13,0
920.0,0.055,0.005,-1.91306651899e-14,0
920.0,0.05,0.01,1.27886170769e-13,0
920.0,0.055,0.01,-3.30028148126e-14,0
920.0,0.05,0.015,6.39199053824e-14,0
920.0,0.055,0.015,-6.09895882252e-14,0
920.0,0.05,0.02,-1.21450654616e-14,0
920.0,0.055,0.02,-1.00765206528e-13,0
920.0,0.05,0.025,-9.53067859327e-14,0
920.0,0.055,0.025,-1.43194269051e-13,0
920.0,0.05,0.03,-1.89870127548e-13,0
920.0,0.055,0.03,-1.75824619689e-13,0
920.0,0.05,0.035,-2.74658627224e-13,0
920.0,0.055,0.035,-2.08274947986e-13,0
920.0,0.05,0.04,-3.36218837505e-13,0
920.0,0.055,0.04,-2.52176811151e-13,0
920.0,0.05,0.045,-3.69174571671e-13,0
920.0,0.055,0.045,-2.73152209924e-13,0
920.0,0.05,0.05,-3.57446821869e-13,0
920.0,0.05,0.055,-3.03904679087e-13,0
920.0,0.055,0.05,-2.60362384017e-13,0
920.0,0.055,0.055,-2.10316356333e-13,0
920.0,0.05,0.06,-1.31529579714e-13,0
920.0,0.05,0.065,1.66937539871e-13,0
920.0,0.055,0.06,-8.18137818109e-14,0
920.0,0.055,0.065,1.23547499674e-13,0
920.0,0.05,0.07,5.09564150754e-13,0
920.0,0.05,0.075,8.62760611869e-13,0
920.0,0.055,0.07,3.50930723027e-13,0
920.0,0.055,0.075,5.85578118475e-13,0
920.0,0.06,-0.075,1.41956477791e-13,0
920.0,0.06,-0.07,5.82036102966e-14,0
920.0,0.065,-0.075,-1.02582929994e-13,0
920.0,0.065,-0.07,-7.57242071091e-14,0
920.0,0.06,-0.065,-1.2019391628e-14,0
920.0,0.065,-0.065,-3.88986974548e-14,0
920.0,0.06,-0.06,-5.98519519791e-14,0
920.0,0.065,-0.06,1.34087938775e-14,0
920.0,0.06,-0.055,-7.59544080716e-14,0
920.0,0.065,-0.055,6.11724908727e-14,0
920.0,0.06,-0.05,-7.41741797328e-14,0
920.0,0.065,-0.05,8.6468315722e-14,0
920.0,0.06,-0.045,-6.59375437288e-14,0
920.0,0.065,-0.045,1.14094919475e-13,0
920.0,0.06,-0.04,-5.49112661445e-14,0
920.0,0.065,-0.04,1.29940195769e-13,0
920.0,0.06,-0.035,-4.5488862476e-14,0
920.0,0.065,-0.035,1.37450151537e-13,0
920.0,0.06,-0.03,-3.84722488605e-14,0
920.0,0.065,-0.03,1.3654647236e-13,0
920.0,0.06,-0.025,-3.57845251401e-14,0
920.0,0.065,-0.025,1.25387338372e-13,0
920.0,0.06,-0.02,-3.90023331397e-14,0
920.0,0.065,-0.02,9.8578475298e-14,0
920.0,0.06,-0.015,-5.01127007259e-14,0
920.0,0.065,-0.015,5.21101339918e-14,0
920.0,0.06,-0.01,-7.14847563331e-14,0
920.0,0.065,-0.01,-3.25642114635e-14,0
920.0,0.06,-0.005,-1.01153241162e-13,0
920.0,0.065,-0.005,-1.2572709237e-13,0
920.0,0.06,0,-1.4155075786e-13,0
920.0,0.065,4.16333634234e-19,-2.06972723088e-13,0
920.0,0.06,0.005,-1.78611972416e-13,0
920.0,0.065,0.005,-2.65530713359e-13,0
920.0,0.06,0.01,-1.97054917553e-13,0
920.0,0.065,0.01,-2.82870935922e-13,0
920.0,0.06,0.015,-1.86005892119e-13,0
920.0,0.065,0.015,-2.38226349995e-13,0
920.0,0.06,0.02,-1.62424616774e-13,0
920.0,0.065,0.02,-1.60931296974e-13,0
920.0,0.06,0.025,-1.38203241603e-13,0
920.0,0.065,0.025,-8.1027848332e-14,0
920.0,0.06,0.03,-1.04233257855e-13,0
920.0,0.065,0.03,6.01752153707e-15,0
920.0,0.06,0.035,-7.22257074728e-14,0
920.0,0.065,0.035,9.97732129107e-14,0
920.0,0.06,0.04,-5.65363757272e-14,0
920.0,0.065,0.04,1.93147784185e-13,0
920.0,0.06,0.045,-3.9113679893e-14,0
920.0,0.065,0.045,2.79829036262e-13,0
920.0,0.06,0.05,-2.80159836199e-14,0
920.0,0.065,0.05,3.02991265598e-13,0
920.0,0.06,0.055,-1.69587475154e-14,0
920.0,0.065,0.055,2.5248401293e-13,0
920.0,0.06,0.06,1.29407077877e-14,0
920.0,0.06,0.065,5.49146783427e-14,0
920.0,0.065,0.06,1.38292538858e-13,0
920.0,0.065,0.065,-1.87151219598e-14,0
920.0,0.06,0.07,9.76664414547e-14,0
920.0,0.06,0.075,1.42974990645e-13,0
920.0,0.065,0.07,-1.88791658838e-13,0
920.0,0.065,0.075,-3.55506631308e-13,0
920.0,0.07,-0.075,-3.05616819831e-13,0
920.0,0.07,-0.07,-1.88940101269e-13,0
920.0,0.075,-0.075,-4.55620271958e-13,0
920.0,0.075,-0.07,-2.80830545705e-13,0
920.0,0.07,-0.065,-5.28608178068e-14,0
920.0,0.075,-0.065,-5.99922392545e-14,0
920.0,0.07,-0.06,9.29399740114e-14,0
920.0,0.075,-0.06,1.79871856409e-13,0
920.0,0.07,-0.055,2.14516215193e-13,0
920.0,0.075,-0.055,3.83086324129e-13,0
920.0,0.07,-0.05,2.88838118962e-13,0
920.0,0.075,-0.05,5.06376417371e-13,0
920.0,0.07,-0.045,3.24032924795e-13,0
920.0,0.075,-0.045,5.45052862303e-13,0
920.0,0.07,-0.04,3.35187374761e-13,0
920.0,0.075,-0.04,5.50499408806e-13,0
920.0,0.07,-0.035,3.37850384994e-13,0
920.0,0.075,-0.035,5.46754031728e-13,0
920.0,0.07,-0.03,3.28644730933e-13,0
920.0,0.075,-0.03,5.30340505053e-13,0
920.0,0.07,-0.025,3.06366652644e-13,0
920.0,0.075,-0.025,4.9962627627e-13,0
920.0,0.07,-0.02,2.6171794795e-13,0
920.0,0.075,-0.02,4.41497545202e-13,0
920.0,0.07,-0.015,1.91199723079e-13,0
920.0,0.075,-0.015,3.54131444731e-13,0
920.0,0.07,-0.01,2.93592966052e-14,0
920.0,0.075,-0.01,1.00796086316e-13,0
920.0,0.07,-0.005,-1.42530312174e-13,0
920.0,0.075,-0.005,-1.65218823377e-13,0
920.0,0.07,0,-2.35372155206e-13,0
920.0,0.075,0,-2.68752422016e-13,0
920.0,0.07,0.005,-2.93334493165e-13,0
920.0,0.075,0.005,-3.2509265396e-13,0
920.0,0.07,0.01,-2.9186685014e-13,0
920.0,0.075,0.01,-3.01723953886e-13,0
920.0,0.07,0.015,-2.19439720626e-13,0
920.0,0.075,0.015,-1.9174029599e-13,0
920.0,0.07,0.02,-1.14060792948e-13,0
920.0,0.075,0.02,-6.26531576553e-14,0
920.0,0.07,0.025,-1.23965868484e-15,0
920.0,0.075,0.025,7.81910730348e-14,0
920.0,0.07,0.03,1.19914364711e-13,0
920.0,0.075,0.03,2.28720295858e-13,0
920.0,0.07,0.035,2.49032382301e-13,0
920.0,0.075,0.035,3.8642545208e-13,0
920.0,0.07,0.04,3.89615040225e-13,0
920.0,0.075,0.04,5.72802798996e-13,0
920.0,0.07,0.045,5.28365714759e-13,0
920.0,0.075,0.045,7.52521195398e-13,0
920.0,0.07,0.05,6.00129255045e-13,0
920.0,0.075,0.05,8.78944658552e-13,0
920.0,0.07,0.055,5.12663184885e-13,0
920.0,0.075,0.055,7.68691338324e-13,0
920.0,0.07,0.06,2.65617767181e-13,0
920.0,0.075,0.06,3.9826467004e-13,0
920.0,0.07,0.065,-8.18310577967e-14,0
920.0,0.075,0.065,-1.29347117854e-13,0
920.0,0.07,0.07,-4.5138962671e-13,0
920.0,0.07,0.075,-7.98857660533e-13,0
920.0,0.075,0.07,-6.72201751468e-13,0
920.0,0.075,0.075,-1.13988315017e-12,0
