frequency_hz,x,y,real_uz,imag_uz
256.0,-0.00382671281566,-0.00202612167119,0,0
256.0,-0.005,-0.005,2.59579286596e-14,0
256.0,-0.00197892066871,-0.00385133392306,0,0
256.0,-0.005,-0.00190753787223,1.55583367316e-14,0
256.0,-0.00433,0,0,0
256.0,-0.00190753787223,-0.005,1.54129034892e-14,0
256.0,0,-0.00433,0,0
256.0,-0.005,0.00190775150599,1.5549219446e-14,0
256.0,-0.00385133392306,0.00197892066871,0,0
256.0,0.00190775150599,-0.005,1.54001116728e-14,0
256.0,0.00202612167119,-0.00382671281566,0,0
256.0,-0.00202612167119,0.00382671281566,0,0
256.0,-0.005,0.005,2.58691310186e-14,0
256.0,-0.0019094272225,0.005,1.54367146564e-14,0
256.0,0,0.00433,0,0
256.0,0.00147766755988,0.00407006125046,0,0
256.0,8.32667268469e-19,0.005,1.17160061441e-14,0
256.0,0.00433,0,0,0
256.0,0.005,1.38777878078e-18,1.13965178924e-14,0
256.0,0.00407006125046,0.00147766755988,0,0
256.0,0.005,-0.005,2.66362378182e-14,0
256.0,0.00385133392306,-0.00197892066871,0,0
256.0,0.005,-0.0019094272225,1.56487208232e-14,0
256.0,0.00306177236254,0.00306177236254,0,0
256.0,0.0019094272225,0.005,1.55961596848e-14,0
256.0,0.005,0.0019094272225,1.56992567084e-14,0
256.0,-0.000885,-0.0015328649647,1.27151419786e-12,0
256.0,-0.0015328649647,-0.000885,1.27163657874e-12,0
256.0,-0.00186450691264,-0.00187567167242,8.43021511491e-13,0
256.0,-0.00177,0,1.27132831445e-12,0
256.0,-0.00268433516245,-0.000738983120158,7.5910343169e-13,0
256.0,0,-0.00177,1.27147583702e-12,0
256.0,-0.000718432264205,-0.00269192408424,7.57397272827e-13,0
256.0,-0.0015328649647,0.000885,1.26982384648e-12,0
256.0,-0.00265321485144,0.000647311733689,7.89886256822e-13,0
256.0,-0.000885,0.0015328649647,1.26819634406e-12,0
256.0,-0.00194719253591,0.00178443766524,8.43947817122e-13,0
256.0,0,0.00177,1.26409019516e-12,0
256.0,-0.000802720381054,0.00273415977115,7.17497140649e-13,0
256.0,0.000885,-0.0015328649647,1.27016468093e-12,0
256.0,0.00075154031863,-0.00270385456952,7.45287340803e-13,0
256.0,0.00177,0,1.26242996181e-12,0
256.0,0.0015328649647,-0.000885,1.2680122694e-12,0
256.0,0.00271471102228,-0.000564731152102,7.60911056308e-13,0
256.0,0.00192394637685,-0.00189207206672,8.10092506569e-13,0
256.0,0.00231817117671,0.00040530921667,9.87906376225e-13,0
256.0,0.0015328649647,0.000885,1.26069633036e-12,0
256.0,0.000885,0.0015328649647,1.26140138796e-12,0
256.0,0.000427053001345,0.00287092483521,6.82186775151e-13,0
256.0,0.00187618296239,0.00184774001435,8.33336822223e-13,0
256.0,0.00312733402203,0.000607809752493,5.19197025305e-13,0
256.0,0.00276214303706,0.00136595635004,5.76857106426e-13,0
256.0,0.0014100336009,0.00268674970267,6.04769290533e-13,0
256.0,-0.075,-0.075,2.35722357396e-13,0
256.0,-0.07,-0.075,2.096239953e-13,0
256.0,-0.075,-0.07,2.05758783071e-13,0
256.0,-0.07,-0.07,1.81175299871e-13,0
256.0,-0.075,-0.065,1.73906306308e-13,0
256.0,-0.07,-0.065,1.51903489887e-13,0
256.0,-0.065,-0.075,1.81573352973e-13,0
256.0,-0.065,-0.07,1.55691002436e-13,0
256.0,-0.065,-0.065,1.29537662797e-13,0
256.0,-0.075,-0.06,1.39582744549e-13,0
256.0,-0.07,-0.06,1.21064760308e-13,0
256.0,-0.065,-0.06,1.02421990445e-13,0
256.0,-0.075,-0.055,1.02878591021e-13,0
256.0,-0.07,-0.055,8.86119832193e-14,0
256.0,-0.065,-0.055,7.42454075478e-14,0
256.0,-0.075,-0.05,6.4479799715e-14,0
256.0,-0.07,-0.05,5.50033482439e-14,0
256.0,-0.065,-0.05,4.53341884636e-14,0
256.0,-0.075,-0.045,2.53396414342e-14,0
256.0,-0.07,-0.045,2.10233276218e-14,0
256.0,-0.065,-0.045,1.63360292774e-14,0
256.0,-0.075,-0.04,-1.33743310286e-14,0
256.0,-0.07,-0.04,-1.23688085313e-14,0
256.0,-0.075,-0.035,-5.04778579181e-14,0
256.0,-0.07,-0.035,-4.4176682912e-14,0
256.0,-0.065,-0.04,-1.19331924113e-14,0
256.0,-0.065,-0.035,-3.8620029463e-14,0
256.0,-0.075,-0.03,-8.48669141042e-14,0
256.0,-0.07,-0.03,-7.34876658872e-14,0
256.0,-0.075,-0.025,-1.1555324636e-13,0
256.0,-0.07,-0.025,-9.95392468156e-14,0
256.0,-0.065,-0.03,-6.29851456653e-14,0
256.0,-0.065,-0.025,-8.44794882246e-14,0
256.0,-0.075,-0.02,-1.41746918311e-13,0
256.0,-0.07,-0.02,-1.21698097218e-13,0
256.0,-0.075,-0.015,-1.62727259804e-13,0
256.0,-0.07,-0.015,-1.39451799781e-13,0
256.0,-0.065,-0.02,-1.02701517497e-13,0
256.0,-0.065,-0.015,-1.17292186566e-13,0
256.0,-0.075,-0.01,-1.77977134075e-13,0
256.0,-0.07,-0.01,-1.52335546539e-13,0
256.0,-0.075,-0.005,-1.87019226797e-13,0
256.0,-0.07,-0.005,-1.60001208977e-13,0
256.0,-0.065,-0.01,-1.27918130589e-13,0
256.0,-0.065,-0.005,-1.34246960633e-13,0
256.0,-0.075,0,-1.89639672518e-13,0
256.0,-0.07,0,-1.62200071269e-13,0
256.0,-0.075,0.005,-1.85717552036e-13,0
256.0,-0.07,0.005,-1.58884025052e-13,0
256.0,-0.065,4.16333634234e-19,-1.36063192207e-13,0
256.0,-0.065,0.005,-1.33297655279e-13,0
256.0,-0.075,0.01,-1.75440656234e-13,0
256.0,-0.07,0.01,-1.5016221113e-13,0
256.0,-0.075,0.015,-1.59084959503e-13,0
256.0,-0.07,0.015,-1.36339943091e-13,0
256.0,-0.065,0.01,-1.26074828626e-13,0
256.0,-0.065,0.015,-1.14663965238e-13,0
256.0,-0.075,0.02,-1.37177297038e-13,0
256.0,-0.07,0.02,-1.17811761025e-13,0
256.0,-0.075,0.025,-1.10270789985e-13,0
256.0,-0.07,0.025,-9.50735686562e-14,0
256.0,-0.065,0.02,-9.94420757771e-14,0
256.0,-0.065,0.025,-8.07691518315e-14,0
256.0,-0.075,0.03,-7.91042803472e-14,0
256.0,-0.07,0.03,-6.86541485556e-14,0
256.0,-0.075,0.035,-4.44757715571e-14,0
256.0,-0.07,0.035,-3.91918118592e-14,0
256.0,-0.065,0.03,-5.90154818678e-14,0
256.0,-0.065,0.035,-3.45855595217e-14,0
256.0,-0.075,0.04,-7.37041106987e-15,0
256.0,-0.07,0.04,-7.44862329446e-15,0
256.0,-0.075,0.045,3.11153040102e-14,0
256.0,-0.07,0.045,2.56681818663e-14,0
256.0,-0.065,0.04,-8.02736374578e-15,0
256.0,-0.065,0.045,1.99187731934e-14,0
256.0,-0.075,0.05,6.98140546075e-14,0
256.0,-0.07,0.05,5.91736734034e-14,0
256.0,-0.075,0.055,1.07583115978e-13,0
256.0,-0.07,0.055,9.21301719056e-14,0
256.0,-0.065,0.05,4.8404785112e-14,0
256.0,-0.065,0.055,7.66330806195e-14,0
256.0,-0.075,0.06,1.43503521658e-13,0
256.0,-0.07,0.06,1.23783798475e-13,0
256.0,-0.075,0.065,1.76929114348e-13,0
256.0,-0.07,0.065,1.53713290624e-13,0
256.0,-0.065,0.06,1.03984679168e-13,0
256.0,-0.065,0.065,1.3016808442e-13,0
256.0,-0.075,0.07,2.07810892034e-13,0
256.0,-0.07,0.07,1.82004533138e-13,0
256.0,-0.075,0.075,2.3677054395e-13,0
256.0,-0.07,0.075,2.0943872871e-13,0
256.0,-0.065,0.07,1.55318053966e-13,0
256.0,-0.065,0.075,1.80159317775e-13,0
256.0,-0.06,-0.075,1.50866702994e-13,0
256.0,-0.06,-0.07,1.28463681958e-13,0
256.0,-0.06,-0.065,1.06051502756e-13,0
256.0,-0.055,-0.075,1.17428679272e-13,0
256.0,-0.055,-0.07,9.93088455855e-14,0
256.0,-0.055,-0.065,8.12386249949e-14,0
256.0,-0.06,-0.06,8.30547791398e-14,0
256.0,-0.06,-0.055,5.93565331162e-14,0
256.0,-0.055,-0.06,6.2781459699e-14,0
256.0,-0.055,-0.055,4.38473782579e-14,0
256.0,-0.06,-0.05,3.52193617173e-14,0
256.0,-0.055,-0.05,2.46338189282e-14,0
256.0,-0.06,-0.045,1.11775283508e-14,0
256.0,-0.055,-0.045,5.59690508366e-15,0
256.0,-0.06,-0.04,-1.20385258885e-14,0
256.0,-0.055,-0.04,-1.26180672651e-14,0
256.0,-0.06,-0.035,-3.36590439003e-14,0
256.0,-0.055,-0.035,-2.92300306787e-14,0
256.0,-0.06,-0.03,-5.30771121736e-14,0
256.0,-0.06,-0.025,-7.00019032244e-14,0
256.0,-0.055,-0.03,-4.36929653409e-14,0
256.0,-0.055,-0.025,-5.6046055765e-14,0
256.0,-0.06,-0.02,-8.42743485315e-14,0
256.0,-0.06,-0.015,-9.57499157243e-14,0
256.0,-0.055,-0.02,-6.64067835891e-14,0
256.0,-0.055,-0.015,-7.48103267942e-14,0
256.0,-0.06,-0.01,-1.04171238908e-13,0
256.0,-0.06,-0.005,-1.09224409497e-13,0
256.0,-0.055,-0.01,-8.11193720122e-14,0
256.0,-0.055,-0.005,-8.49440407692e-14,0
256.0,-0.06,0,-1.1066524167e-13,0
256.0,-0.06,0.005,-1.08432974788e-13,0
256.0,-0.055,4.16333634234e-19,-8.60298220477e-14,0
256.0,-0.055,0.005,-8.43051732527e-14,0
256.0,-0.06,0.01,-1.02637309264e-13,0
256.0,-0.06,0.015,-9.35727513701e-14,0
256.0,-0.055,0.01,-7.98851881782e-14,0
256.0,-0.055,0.015,-7.30681460212e-14,0
256.0,-0.06,0.02,-8.1601867164e-14,0
256.0,-0.06,0.025,-6.69984899274e-14,0
256.0,-0.055,0.02,-6.42975947852e-14,0
256.0,-0.055,0.025,-5.37080831176e-14,0
256.0,-0.06,0.03,-4.99143031888e-14,0
256.0,-0.06,0.035,-3.05109636385e-14,0
256.0,-0.055,0.03,-4.12681841298e-14,0
256.0,-0.055,0.035,-2.68831464265e-14,0
256.0,-0.06,0.04,-9.0748623608e-15,0
256.0,-0.06,0.045,1.37738010958e-14,0
256.0,-0.055,0.04,-1.05002273014e-14,0
256.0,-0.055,0.045,7.30423492402e-15,0
256.0,-0.06,0.05,3.72637323529e-14,0
256.0,-0.06,0.055,6.06815507614e-14,0
256.0,-0.055,0.05,2.5745787159e-14,0
256.0,-0.055,0.055,4.41985625511e-14,0
256.0,-0.06,0.06,8.3521416153e-14,0
256.0,-0.06,0.065,1.05554333189e-13,0
256.0,-0.055,0.06,6.22358072678e-14,0
256.0,-0.055,0.065,7.96923275173e-14,0
256.0,-0.06,0.07,1.26930671752e-13,0
256.0,-0.06,0.075,1.48254257862e-13,0
256.0,-0.055,0.07,9.66882022394e-14,0
256.0,-0.055,0.075,1.13682936007e-13,0
256.0,-0.05,-0.075,8.17511303706e-14,0
256.0,-0.05,-0.07,6.85094181813e-14,0
256.0,-0.045,-0.075,4.45806283203e-14,0
256.0,-0.045,-0.07,3.66600414864e-14,0
256.0,-0.05,-0.065,5.52791155724e-14,0
256.0,-0.045,-0.065,2.86311861558e-14,0
256.0,-0.05,-0.06,4.17532704383e-14,0
256.0,-0.05,-0.055,2.78685545048e-14,0
256.0,-0.045,-0.06,2.03359393973e-14,0
256.0,-0.045,-0.055,1.17451520344e-14,0
256.0,-0.05,-0.05,1.37710448957e-14,0
256.0,-0.05,-0.045,-2.01731532908e-16,0
256.0,-0.045,-0.05,2.94934867451e-15,0
256.0,-0.045,-0.045,-5.83563428668e-15,0
256.0,-0.05,-0.04,-1.34814085607e-14,0
256.0,-0.045,-0.04,-1.42261187039e-14,0
256.0,-0.05,-0.035,-2.52466327041e-14,0
256.0,-0.045,-0.035,-2.14294539231e-14,0
256.0,-0.05,-0.03,-3.48711092194e-14,0
256.0,-0.045,-0.03,-2.6644847306e-14,0
256.0,-0.05,-0.025,-4.28563912523e-14,0
256.0,-0.045,-0.025,-3.09463280053e-14,0
256.0,-0.05,-0.02,-4.94979734759e-14,0
256.0,-0.05,-0.015,-5.49522464089e-14,0
256.0,-0.045,-0.02,-3.44115560996e-14,0
256.0,-0.045,-0.015,-3.71098950949e-14,0
256.0,-0.05,-0.01,-5.92401567828e-14,0
256.0,-0.05,-0.005,-6.1864657133e-14,0
256.0,-0.045,-0.01,-3.93652853867e-14,0
256.0,-0.045,-0.005,-4.0699084428e-14,0
256.0,-0.05,0,-6.25817998386e-14,0
256.0,-0.05,0.005,-6.13713521541e-14,0
256.0,-0.045,4.16333634234e-19,-4.10196061825e-14,0
256.0,-0.045,0.005,-4.03341125134e-14,0
256.0,-0.05,0.01,-5.82953255666e-14,0
256.0,-0.05,0.015,-5.36403694581e-14,0
256.0,-0.045,0.01,-3.86732977331e-14,0
256.0,-0.045,0.015,-3.61681684532e-14,0
256.0,-0.05,0.02,-4.79349094382e-14,0
256.0,-0.05,0.025,-4.1136784395e-14,0
256.0,-0.045,0.02,-3.32970282191e-14,0
256.0,-0.045,0.025,-2.97287537618e-14,0
256.0,-0.05,0.03,-3.31003424688e-14,0
256.0,-0.05,0.035,-2.3566400461e-14,0
256.0,-0.045,0.03,-2.54216712035e-14,0
256.0,-0.045,0.035,-2.03220634022e-14,0
256.0,-0.05,0.04,-1.20803021132e-14,0
256.0,-0.05,0.045,7.37062320497e-16,0
256.0,-0.045,0.04,-1.34184591825e-14,0
256.0,-0.045,0.045,-5.53605104451e-15,0
256.0,-0.05,0.05,1.40658952368e-14,0
256.0,-0.05,0.055,2.73581989268e-14,0
256.0,-0.045,0.05,2.55774938482e-15,0
256.0,-0.045,0.055,1.05057767325e-14,0
256.0,-0.05,0.06,4.03054975137e-14,0
256.0,-0.05,0.065,5.27922604306e-14,0
256.0,-0.045,0.06,1.81211653189e-14,0
256.0,-0.045,0.065,2.53421541242e-14,0
256.0,-0.05,0.07,6.4908549607e-14,0
256.0,-0.05,0.075,7.69782424129e-14,0
256.0,-0.045,0.07,3.22207303391e-14,0
256.0,-0.045,0.075,3.89270253512e-14,0
256.0,-0.04,-0.075,6.91361707543e-15,0
256.0,-0.04,-0.07,4.53878653459e-15,0
256.0,-0.035,-0.075,-3.01734297614e-14,0
256.0,-0.035,-0.07,-2.69774781815e-14,0
256.0,-0.04,-0.065,1.90935135074e-15,0
256.0,-0.035,-0.065,-2.41958713765e-14,0
256.0,-0.04,-0.06,-9.87955036188e-16,0
256.0,-0.035,-0.06,-2.17008663844e-14,0
256.0,-0.04,-0.055,-4.14308747883e-15,0
256.0,-0.035,-0.055,-1.94386043005e-14,0
256.0,-0.04,-0.05,-7.50959566835e-15,0
256.0,-0.04,-0.045,-1.098425507e-14,0
256.0,-0.035,-0.05,-1.74152302934e-14,0
256.0,-0.035,-0.045,-1.56473167651e-14,0
256.0,-0.04,-0.04,-1.43306706538e-14,0
256.0,-0.04,-0.035,-1.70604698285e-14,0
256.0,-0.035,-0.04,-1.41508631127e-14,0
256.0,-0.035,-0.035,-1.29192118687e-14,0
256.0,-0.04,-0.03,-1.89836131575e-14,0
256.0,-0.035,-0.03,-1.19011440762e-14,0
256.0,-0.04,-0.025,-2.04491121731e-14,0
256.0,-0.035,-0.025,-1.08402600357e-14,0
256.0,-0.04,-0.02,-2.14471711043e-14,0
256.0,-0.035,-0.02,-9.72671848444e-15,0
256.0,-0.04,-0.015,-2.19595638332e-14,0
256.0,-0.035,-0.015,-8.54584671109e-15,0
256.0,-0.04,-0.01,-2.20478988133e-14,0
256.0,-0.04,-0.005,-2.20355885866e-14,0
256.0,-0.035,-0.01,-7.24816755487e-15,0
256.0,-0.035,-0.005,-6.36322724338e-15,0
256.0,-0.04,0,-2.19554918067e-14,0
256.0,-0.04,0.005,-2.17741653541e-14,0
256.0,-0.035,4.16333634234e-19,-5.99436554951e-15,0
256.0,-0.035,0.005,-6.18303709612e-15,0
256.0,-0.04,0.01,-2.15509256187e-14,0
256.0,-0.04,0.015,-2.12792054234e-14,0
256.0,-0.035,0.01,-6.90478195447e-15,0
256.0,-0.035,0.015,-8.07257447851e-15,0
256.0,-0.04,0.02,-2.06476426018e-14,0
256.0,-0.04,0.025,-1.95994880574e-14,0
256.0,-0.035,0.02,-9.18949121215e-15,0
256.0,-0.035,0.025,-1.0295289753e-14,0
256.0,-0.04,0.03,-1.81739830464e-14,0
256.0,-0.04,0.035,-1.63915290905e-14,0
256.0,-0.035,0.03,-1.14268835543e-14,0
256.0,-0.035,0.035,-1.26097225553e-14,0
256.0,-0.04,0.04,-1.39933303322e-14,0
256.0,-0.04,0.045,-1.11949613929e-14,0
256.0,-0.035,0.04,-1.41831908232e-14,0
256.0,-0.035,0.045,-1.62437429794e-14,0
256.0,-0.04,0.05,-8.44882839366e-15,0
256.0,-0.04,0.055,-5.96370498408e-15,0
256.0,-0.035,0.05,-1.87587635722e-14,0
256.0,-0.035,0.055,-2.16812087989e-14,0
256.0,-0.04,0.06,-3.81338338049e-15,0
256.0,-0.04,0.065,-2.01767843243e-15,0
256.0,-0.035,0.06,-2.49646880826e-14,0
256.0,-0.035,0.065,-2.85760107734e-14,0
256.0,-0.04,0.07,-5.66056233887e-16,0
256.0,-0.04,0.075,5.61709349697e-16,0
256.0,-0.035,0.07,-3.25507941992e-14,0
256.0,-0.035,0.075,-3.70118578733e-14,0
256.0,-0.03,-0.075,-6.5569046727e-14,0
256.0,-0.03,-0.07,-5.69810505429e-14,0
256.0,-0.025,-0.075,-9.81664860523e-14,0
256.0,-0.025,-0.07,-8.45884543799e-14,0
256.0,-0.03,-0.065,-4.89786002935e-14,0
256.0,-0.025,-0.065,-7.17436073353e-14,0
256.0,-0.03,-0.06,-4.12860130164e-14,0
256.0,-0.025,-0.06,-5.92504626518e-14,0
256.0,-0.03,-0.055,-3.38249945455e-14,0
256.0,-0.025,-0.055,-4.69948828902e-14,0
256.0,-0.03,-0.05,-2.66525670676e-14,0
256.0,-0.025,-0.05,-3.51102354133e-14,0
256.0,-0.03,-0.045,-1.99540369641e-14,0
256.0,-0.025,-0.045,-2.39330367141e-14,0
256.0,-0.03,-0.04,-1.40124893233e-14,0
256.0,-0.03,-0.035,-9.25679304242e-15,0
256.0,-0.025,-0.04,-1.40061348285e-14,0
256.0,-0.025,-0.035,-6.12003790576e-15,0
256.0,-0.03,-0.03,-5.53398190476e-15,0
256.0,-0.03,-0.025,-2.17920229502e-15,0
256.0,-0.025,-0.03,1.715429525e-17,0
256.0,-0.025,-0.025,5.41247251865e-15,0
256.0,-0.03,-0.02,7.95984964592e-16,0
256.0,-0.025,-0.02,1.00350508138e-14,0
256.0,-0.03,-0.015,3.36617023958e-15,0
256.0,-0.025,-0.015,1.38771641486e-14,0
256.0,-0.03,-0.01,5.43462349994e-15,0
256.0,-0.025,-0.01,1.67488729695e-14,0
256.0,-0.03,-0.005,6.79145183671e-15,0
256.0,-0.025,-0.005,1.84881603868e-14,0
256.0,-0.03,0,7.29475795548e-15,0
256.0,-0.03,0.005,6.90444883549e-15,0
256.0,-0.025,4.16333634234e-19,1.90872102466e-14,0
256.0,-0.025,0.005,1.8534330711e-14,0
256.0,-0.03,0.01,5.64751907089e-15,0
256.0,-0.03,0.015,3.65139340529e-15,0
256.0,-0.025,0.01,1.68384830974e-14,0
256.0,-0.025,0.015,1.39981115095e-14,0
256.0,-0.03,0.02,1.11393422396e-15,0
256.0,-0.03,0.025,-1.87896759549e-15,0
256.0,-0.025,0.02,1.01670369333e-14,0
256.0,-0.025,0.025,5.51930639153e-15,0
256.0,-0.03,0.03,-5.31920976276e-15,0
256.0,-0.03,0.035,-9.21048387661e-15,0
256.0,-0.025,0.03,4.25224119585e-17,0
256.0,-0.025,0.035,-6.24979797546e-15,0
256.0,-0.03,0.04,-1.43069467399e-14,0
256.0,-0.03,0.045,-2.08076363746e-14,0
256.0,-0.025,0.04,-1.44515654724e-14,0
256.0,-0.025,0.045,-2.49100536784e-14,0
256.0,-0.03,0.05,-2.8250981481e-14,0
256.0,-0.03,0.055,-3.63224019113e-14,0
256.0,-0.025,0.05,-3.68095340754e-14,0
256.0,-0.025,0.055,-4.95746010105e-14,0
256.0,-0.03,0.06,-4.48046068539e-14,0
256.0,-0.03,0.065,-5.36137216228e-14,0
256.0,-0.025,0.06,-6.28355660641e-14,0
256.0,-0.025,0.065,-7.64297053377e-14,0
256.0,-0.03,0.07,-6.28092217495e-14,0
256.0,-0.03,0.075,-7.26638062816e-14,0
256.0,-0.025,0.07,-9.04517947778e-14,0
256.0,-0.025,0.075,-1.0527876188e-13,0
256.0,-0.02,-0.075,-1.26967230906e-13,0
256.0,-0.02,-0.07,-1.08955960839e-13,0
256.0,-0.015,-0.075,-1.51013008897e-13,0
256.0,-0.015,-0.07,-1.29336191576e-13,0
256.0,-0.02,-0.065,-9.18425139269e-14,0
256.0,-0.015,-0.065,-1.08672067249e-13,0
256.0,-0.02,-0.06,-7.51154863486e-14,0
256.0,-0.015,-0.06,-8.84494762449e-14,0
256.0,-0.02,-0.055,-5.86567233888e-14,0
256.0,-0.015,-0.055,-6.85191124572e-14,0
256.0,-0.02,-0.05,-4.26472729224e-14,0
256.0,-0.015,-0.05,-4.91225585492e-14,0
256.0,-0.02,-0.045,-2.75633731642e-14,0
256.0,-0.015,-0.045,-3.08310639186e-14,0
256.0,-0.02,-0.04,-1.41608258744e-14,0
256.0,-0.015,-0.04,-1.45383474424e-14,0
256.0,-0.02,-0.035,-3.51523472218e-15,0
256.0,-0.015,-0.035,-1.52595720178e-15,0
256.0,-0.02,-0.03,4.69437876733e-15,0
256.0,-0.02,-0.025,1.18108474557e-14,0
256.0,-0.015,-0.03,8.47266514974e-15,0
256.0,-0.015,-0.025,1.69762489067e-14,0
256.0,-0.02,-0.02,1.77621810624e-14,0
256.0,-0.02,-0.015,2.25387527375e-14,0
256.0,-0.015,-0.02,2.38275819304e-14,0
256.0,-0.015,-0.015,2.88901563481e-14,0
256.0,-0.02,-0.01,2.59480765111e-14,0
256.0,-0.015,-0.01,3.19815794453e-14,0
256.0,-0.02,-0.005,2.78404764449e-14,0
256.0,-0.015,-0.005,3.3377485629e-14,0
256.0,-0.02,0,2.84120436605e-14,0
256.0,-0.015,4.16333634234e-19,3.36914773171e-14,0
256.0,-0.02,0.005,2.78069220717e-14,0
256.0,-0.015,0.005,3.32207886542e-14,0
256.0,-0.02,0.01,2.58979034858e-14,0
256.0,-0.02,0.015,2.24870934695e-14,0
256.0,-0.015,0.01,3.17306633554e-14,0
256.0,-0.015,0.015,2.86102142035e-14,0
256.0,-0.02,0.02,1.77192967263e-14,0
256.0,-0.02,0.025,1.17630864917e-14,0
256.0,-0.015,0.02,2.3586009025e-14,0
256.0,-0.015,0.025,1.67954073354e-14,0
256.0,-0.02,0.03,4.59733564756e-15,0
256.0,-0.02,0.035,-3.72717555614e-15,0
256.0,-0.015,0.03,8.31674273282e-15,0
256.0,-0.015,0.035,-1.71455972055e-15,0
256.0,-0.02,0.04,-1.46364701465e-14,0
256.0,-0.02,0.045,-2.85226231014e-14,0
256.0,-0.015,0.04,-1.49005925786e-14,0
256.0,-0.015,0.045,-3.16191591047e-14,0
256.0,-0.02,0.05,-4.42891326328e-14,0
256.0,-0.02,0.055,-6.11461900415e-14,0
256.0,-0.015,0.05,-5.05481212285e-14,0
256.0,-0.015,0.055,-7.07521302364e-14,0
256.0,-0.02,0.06,-7.8580584927e-14,0
256.0,-0.02,0.065,-9.63794851903e-14,0
256.0,-0.015,0.06,-9.16191856926e-14,0
256.0,-0.015,0.065,-1.12873378639e-13,0
256.0,-0.02,0.07,-1.14638849587e-13,0
256.0,-0.02,0.075,-1.33863946714e-13,0
256.0,-0.015,0.07,-1.34639383212e-13,0
256.0,-0.015,0.075,-1.57478215261e-13,0
256.0,-0.01,-0.075,-1.69554410823e-13,0
256.0,-0.01,-0.07,-1.45061437067e-13,0
256.0,-0.005,-0.075,-1.81904714934e-13,0
256.0,-0.005,-0.07,-1.55613376133e-13,0
256.0,-0.01,-0.065,-1.21716525952e-13,0
256.0,-0.005,-0.065,-1.30534919276e-13,0
256.0,-0.01,-0.06,-9.88491990472e-14,0
256.0,-0.005,-0.06,-1.05986332611e-13,0
256.0,-0.01,-0.055,-7.63164631291e-14,0
256.0,-0.005,-0.055,-8.17950184763e-14,0
256.0,-0.01,-0.05,-5.43809066776e-14,0
256.0,-0.005,-0.05,-5.82563361435e-14,0
256.0,-0.01,-0.045,-3.36923153496e-14,0
256.0,-0.005,-0.045,-3.60546891041e-14,0
256.0,-0.01,-0.04,-1.52481289442e-14,0
256.0,-0.005,-0.04,-1.62315530225e-14,0
256.0,-0.01,-0.035,-4.01654643854e-16,0
256.0,-0.005,-0.035,-1.62847380894e-16,0
256.0,-0.01,-0.03,1.10739645959e-14,0
256.0,-0.005,-0.03,1.23022198096e-14,0
256.0,-0.01,-0.025,2.05724293193e-14,0
256.0,-0.005,-0.025,2.22427264706e-14,0
256.0,-0.01,-0.02,2.78600880287e-14,0
256.0,-0.01,-0.015,3.25466237261e-14,0
256.0,-0.005,-0.02,2.95013298436e-14,0
256.0,-0.005,-0.015,3.35650828381e-14,0
256.0,-0.0117873230072,-0.0115873794689,3.34099334367e-14,0
256.0,-0.00939961996336,-0.005,3.30613136696e-14,0
256.0,-0.00792797428371,-0.00964253216809,3.39569591861e-14,0
256.0,-0.005,-0.00939961996336,3.24743136311e-14,0
256.0,-0.0108753492546,-0.00150606400588,3.33868551202e-14,0
256.0,-0.00818101620308,-0.00211452602544,2.97258970287e-14,0
256.0,-0.00651817360753,-0.000255934956239,2.32441690487e-14,0
256.0,-0.005,6.71033969428e-08,1.14929214704e-14,0
256.0,-0.0107292118043,0.00160660295843,3.32079280668e-14,0
256.0,-0.0080188992252,0.000768320427092,2.86054458133e-14,0
256.0,-0.00939946851065,0.005,3.28319445487e-14,0
256.0,-0.00802129342231,0.00264911934363,2.96754607486e-14,0
256.0,-0.00887989370213,0.00887989479405,3.36485326398e-14,0
256.0,-0.01,0.015,3.20940839977e-14,0
256.0,-0.005,0.00939947397025,3.21333097968e-14,0
256.0,-0.005,0.015,3.31950600221e-14,0
256.0,-0.01,0.02,2.75196280618e-14,0
256.0,-0.01,0.025,2.04075662393e-14,0
256.0,-0.005,0.02,2.93491528894e-14,0
256.0,-0.005,0.025,2.24320571645e-14,0
256.0,-0.01,0.03,1.1050365885e-14,0
256.0,-0.01,0.035,-3.51113415139e-16,0
256.0,-0.005,0.03,1.27590284272e-14,0
256.0,-0.005,0.035,3.70463726247e-16,0
256.0,-0.01,0.04,-1.53183968802e-14,0
256.0,-0.01,0.045,-3.41550902211e-14,0
256.0,-0.005,0.04,-1.58716700246e-14,0
256.0,-0.005,0.045,-3.60714177388e-14,0
256.0,-0.01,0.05,-5.54429658375e-14,0
256.0,-0.01,0.055,-7.81439636192e-14,0
256.0,-0.005,0.05,-5.88357671878e-14,0
256.0,-0.005,0.055,-8.30966538446e-14,0
256.0,-0.01,0.06,-1.01569130867e-13,0
256.0,-0.01,0.065,-1.25420482743e-13,0
256.0,-0.005,0.06,-1.08133874882e-13,0
256.0,-0.005,0.065,-1.33614795903e-13,0
256.0,-0.01,0.07,-1.49813192567e-13,0
256.0,-0.01,0.075,-1.75403763396e-13,0
256.0,-0.005,0.07,-1.59680973069e-13,0
256.0,-0.005,0.075,-1.86996190347e-13,0
256.0,0,-0.075,-1.87659083733e-13,0
256.0,0,-0.07,-1.60587066988e-13,0
256.0,0.005,-0.075,-1.86497086769e-13,0
256.0,0.005,-0.07,-1.59766875029e-13,0
256.0,0,-0.065,-1.34810987762e-13,0
256.0,0.005,-0.065,-1.34333288946e-13,0
256.0,0,-0.06,-1.09587143562e-13,0
256.0,0.005,-0.06,-1.09485899903e-13,0
256.0,0,-0.055,-8.47517682374e-14,0
256.0,0.005,-0.055,-8.50306533186e-14,0
256.0,0,-0.05,-6.05871825738e-14,0
256.0,0.005,-0.05,-6.12463603695e-14,0
256.0,0,-0.045,-3.77922379273e-14,0
256.0,0.005,-0.045,-3.88051166991e-14,0
256.0,0,-0.04,-1.7429190401e-14,0
256.0,0.005,-0.04,-1.87518707934e-14,0
256.0,0,-0.035,-8.53207511577e-16,0
256.0,0.005,-0.035,-2.53752604444e-15,0
256.0,0,-0.03,1.20187925151e-14,0
256.0,0.005,-0.03,1.00369763098e-14,0
256.0,0,-0.025,2.21187227233e-14,0
256.0,0.005,-0.025,2.0259912186e-14,0
256.0,0,-0.02,2.93366906084e-14,0
256.0,0.005,-0.02,2.79791817204e-14,0
256.0,0,-0.015,3.32482766037e-14,0
256.0,0.005,-0.015,3.28534584809e-14,0
256.0,-0.0021196717084,-0.00776771017156,2.76644741833e-14,0
256.0,-0.00084550708518,-0.00631514607954,2.15716454356e-14,0
256.0,6.71033969406e-08,-0.005,1.18531442237e-14,0
256.0,-0.00139054260708,-0.0110960807567,3.24982961944e-14,0
256.0,0.00132468676756,-0.00775008274642,2.71085734114e-14,0
256.0,0.00160394440688,-0.0116908851489,3.28839848775e-14,0
256.0,0.005,-0.00939946851065,3.27248717355e-14,0
256.0,0.005,0.005,2.59622801814e-14,0
256.0,-0.000107646311398,0.00617659695633,2.05867351378e-14,0
256.0,-0.00190846935279,0.0076427502668,2.69415639919e-14,0
256.0,0.00131146485568,0.00777290068297,2.66619531743e-14,0
256.0,0.00295884413402,0.00640276348073,2.47889438383e-14,0
256.0,-1.21517769428e-05,0.0108932602996,3.17836847973e-14,0
256.0,0,0.015,3.30398362449e-14,0
256.0,0.005,0.00939942566771,3.21582056029e-14,0
256.0,0.005,0.015,3.27956490062e-14,0
256.0,0,0.02,2.95111179412e-14,0
256.0,0,0.025,2.27826799819e-14,0
256.0,0.005,0.02,2.84512726088e-14,0
256.0,0.005,0.025,2.12414442365e-14,0
256.0,0,0.03,1.30366755629e-14,0
256.0,0,0.035,1.79326489784e-16,0
256.0,0.005,0.03,1.13893156445e-14,0
256.0,0.005,0.035,-1.06105670417e-15,0
256.0,0,0.04,-1.65859457486e-14,0
256.0,0,0.045,-3.72854929319e-14,0
256.0,0.005,0.04,-1.73841576906e-14,0
256.0,0.005,0.045,-3.77285744846e-14,0
256.0,0,0.05,-6.06008039333e-14,0
256.0,0,0.055,-8.54446189563e-14,0
256.0,0.005,0.05,-6.064981359e-14,0
256.0,0.005,0.055,-8.50751703996e-14,0
256.0,0,0.06,-1.11080074966e-13,0
256.0,0,0.065,-1.37184291023e-13,0
256.0,0.005,0.06,-1.10289321005e-13,0
256.0,0.005,0.065,-1.35968283609e-13,0
256.0,0,0.07,-1.63885611017e-13,0
256.0,0,0.075,-1.91903395501e-13,0
256.0,0.005,0.07,-1.62266283501e-13,0
256.0,0.005,0.075,-1.89864293686e-13,0
256.0,0.01,-0.075,-1.78422448902e-13,0
256.0,0.01,-0.07,-1.53075955561e-13,0
256.0,0.015,-0.075,-1.63540621771e-13,0
256.0,0.015,-0.07,-1.40645072849e-13,0
256.0,0.01,-0.065,-1.29041642511e-13,0
256.0,0.015,-0.065,-1.18995941931e-13,0
256.0,0.01,-0.06,-1.05595542837e-13,0
256.0,0.015,-0.06,-9.79502397144e-14,0
256.0,0.01,-0.055,-8.25548830052e-14,0
256.0,0.015,-0.055,-7.73023751193e-14,0
256.0,0.01,-0.05,-6.01489778877e-14,0
256.0,0.015,-0.05,-5.72471864684e-14,0
256.0,0.01,-0.045,-3.90042728504e-14,0
256.0,0.015,-0.045,-3.83129645047e-14,0
256.0,0.01,-0.04,-2.01202476295e-14,0
256.0,0.015,-0.04,-2.1364281291e-14,0
256.0,0.01,-0.035,-4.91877601568e-15,0
256.0,0.015,-0.035,-7.66387580582e-15,0
256.0,0.01,-0.03,6.93578893081e-15,0
256.0,0.015,-0.03,3.14091691902e-15,0
256.0,0.01,-0.025,1.70159569039e-14,0
256.0,0.015,-0.025,1.25973771427e-14,0
256.0,0.01,-0.02,2.51678512009e-14,0
256.0,0.01,-0.015,3.13077131661e-14,0
256.0,0.015,-0.02,2.0685855172e-14,0
256.0,0.015,-0.015,2.76187520816e-14,0
256.0,0.00999280436795,-0.0116358337096,3.39407376944e-14,0
256.0,0.0105889214373,-0.00845762197625,3.52480806301e-14,0
256.0,0.015,-0.01,3.29642426505e-14,0
256.0,0.00939947397025,-0.005,3.50978735226e-14,0
256.0,0.015,-0.005,3.61968501033e-14,0
256.0,0.00658051136513,-0.00296146438142,2.85322025374e-14,0
256.0,0.00636794669772,-3.54305826484e-06,2.46138073303e-14,0
256.0,0.00795807888052,-0.00113999998936,3.16542149448e-14,0
256.0,0.00758147027913,0.00183630393596,3.05083522356e-14,0
256.0,0.0112534647756,-1.47536350887e-07,3.71343976731e-14,0
256.0,0.015,4.16333634234e-19,3.74354654077e-14,0
256.0,0.00939942566771,0.005,3.46289941797e-14,0
256.0,0.015,0.005,3.61389603977e-14,0
256.0,0.00999018807453,0.0109670628501,3.41172782555e-14,0
256.0,0.01,0.015,3.15403778011e-14,0
256.0,0.015,0.01,3.31682665064e-14,0
256.0,0.015,0.015,2.82875198005e-14,0
256.0,0.01,0.02,2.59696207558e-14,0
256.0,0.01,0.025,1.82873625993e-14,0
256.0,0.015,0.02,2.18425449113e-14,0
256.0,0.015,0.025,1.41917155419e-14,0
256.0,0.01,0.03,8.56845056398e-15,0
256.0,0.01,0.035,-3.05635573334e-15,0
256.0,0.015,0.03,5.11027951477e-15,0
256.0,0.015,0.035,-5.4033680651e-15,0
256.0,0.01,0.04,-1.82404961321e-14,0
256.0,0.01,0.045,-3.73563630245e-14,0
256.0,0.015,0.04,-1.89990515395e-14,0
256.0,0.015,0.045,-3.61293302669e-14,0
256.0,0.01,0.05,-5.89437935199e-14,0
256.0,0.01,0.055,-8.19604733667e-14,0
256.0,0.015,0.05,-5.54818764369e-14,0
256.0,0.015,0.055,-7.61300468629e-14,0
256.0,0.01,0.06,-1.05726526863e-13,0
256.0,0.01,0.065,-1.29961333074e-13,0
256.0,0.015,0.06,-9.74791810057e-14,0
256.0,0.015,0.065,-1.1927809534e-13,0
256.0,0.01,0.07,-1.54803759151e-13,0
256.0,0.01,0.075,-1.80944119126e-13,0
256.0,0.015,0.07,-1.41685567208e-13,0
256.0,0.015,0.075,-1.65308750147e-13,0
256.0,0.02,-0.075,-1.4228522506e-13,0
256.0,0.02,-0.07,-1.22753686664e-13,0
256.0,0.025,-0.075,-1.15202019297e-13,0
256.0,0.025,-0.07,-9.98830088797e-14,0
256.0,0.02,-0.065,-1.04412396006e-13,0
256.0,0.025,-0.065,-8.56278767038e-14,0
256.0,0.02,-0.06,-8.6663654054e-14,0
256.0,0.025,-0.06,-7.19660950552e-14,0
256.0,0.02,-0.055,-6.93248595226e-14,0
256.0,0.025,-0.055,-5.8716887808e-14,0
256.0,0.02,-0.05,-5.2515945778e-14,0
256.0,0.025,-0.05,-4.59538697865e-14,0
256.0,0.02,-0.045,-3.66481705063e-14,0
256.0,0.025,-0.045,-3.39304843761e-14,0
256.0,0.02,-0.04,-2.23932495415e-14,0
256.0,0.025,-0.04,-2.30745502418e-14,0
256.0,0.02,-0.035,-1.07317254858e-14,0
256.0,0.025,-0.035,-1.4019088288e-14,0
256.0,0.02,-0.03,-1.38654696147e-15,0
256.0,0.025,-0.03,-6.57070979838e-15,0
256.0,0.02,-0.025,6.9467323653e-15,0
256.0,0.025,-0.025,1.4924310444e-16,0
256.0,0.02,-0.02,1.43320065527e-14,0
256.0,0.025,-0.02,6.15110774983e-15,0
256.0,0.02,-0.015,2.10296806729e-14,0
256.0,0.025,-0.015,1.15754295083e-14,0
256.0,0.02,-0.01,2.66381704995e-14,0
256.0,0.025,-0.01,1.59909506573e-14,0
256.0,0.02,-0.005,3.01728783397e-14,0
256.0,0.025,-0.005,1.90351044013e-14,0
256.0,0.02,0,3.14577890936e-14,0
256.0,0.025,4.16333634234e-19,2.03286445579e-14,0
256.0,0.02,0.005,3.03832924603e-14,0
256.0,0.025,0.005,1.92727008319e-14,0
256.0,0.02,0.01,2.72023103674e-14,0
256.0,0.025,0.01,1.66149147672e-14,0
256.0,0.02,0.015,2.20421214939e-14,0
256.0,0.025,0.015,1.2717050285e-14,0
256.0,0.02,0.02,1.57809808842e-14,0
256.0,0.02,0.025,8.83113711831e-15,0
256.0,0.025,0.02,7.77063793143e-15,0
256.0,0.025,0.025,2.2443662159e-15,0
256.0,0.02,0.03,9.15592895083e-16,0
256.0,0.02,0.035,-8.06750782625e-15,0
256.0,0.025,0.03,-3.98426462692e-15,0
256.0,0.025,0.035,-1.09870439376e-14,0
256.0,0.02,0.04,-1.95721650579e-14,0
256.0,0.02,0.045,-3.39952753083e-14,0
256.0,0.025,0.04,-1.98653858936e-14,0
256.0,0.025,0.045,-3.09273535131e-14,0
256.0,0.02,0.05,-5.02860836244e-14,0
256.0,0.02,0.055,-6.76866498577e-14,0
256.0,0.025,0.05,-4.34090958953e-14,0
256.0,0.025,0.055,-5.67771689188e-14,0
256.0,0.02,0.06,-8.57127199992e-14,0
256.0,0.02,0.065,-1.04185271031e-13,0
256.0,0.025,0.06,-7.0702472613e-14,0
256.0,0.025,0.065,-8.50601244252e-14,0
256.0,0.02,0.07,-1.23241299126e-13,0
256.0,0.02,0.075,-1.43443081309e-13,0
256.0,0.025,0.07,-9.99910540273e-14,0
256.0,0.025,0.075,-1.15932690515e-13,0
256.0,0.03,-0.075,-8.31276679641e-14,0
256.0,0.03,-0.07,-7.26592957834e-14,0
256.0,0.035,-0.075,-4.70091307752e-14,0
256.0,0.035,-0.07,-4.18800605656e-14,0
256.0,0.03,-0.065,-6.31269332091e-14,0
256.0,0.035,-0.065,-3.75103154657e-14,0
256.0,0.03,-0.06,-5.41679609019e-14,0
256.0,0.035,-0.06,-3.36952926478e-14,0
256.0,0.03,-0.055,-4.56444092322e-14,0
256.0,0.035,-0.055,-3.03318037301e-14,0
256.0,0.03,-0.05,-3.75643008856e-14,0
256.0,0.035,-0.05,-2.73911996935e-14,0
256.0,0.03,-0.045,-3.00514613147e-14,0
256.0,0.035,-0.045,-2.48622230543e-14,0
256.0,0.03,-0.04,-2.32664679217e-14,0
256.0,0.035,-0.04,-2.27027139369e-14,0
256.0,0.03,-0.035,-1.73929111044e-14,0
256.0,0.035,-0.035,-2.06648221008e-14,0
256.0,0.03,-0.03,-1.22841079351e-14,0
256.0,0.035,-0.03,-1.83504819119e-14,0
256.0,0.03,-0.025,-7.62558066422e-15,0
256.0,0.035,-0.025,-1.61591833169e-14,0
256.0,0.03,-0.02,-3.51340239508e-15,0
256.0,0.035,-0.02,-1.42819584835e-14,0
256.0,0.03,-0.015,1.28845321726e-16,0
256.0,0.035,-0.015,-1.25221860277e-14,0
256.0,0.03,-0.01,3.11284674907e-15,0
256.0,0.035,-0.01,-1.09856782303e-14,0
256.0,0.03,-0.005,5.37694301095e-15,0
256.0,0.035,-0.005,-9.67241010908e-15,0
256.0,0.03,0,6.43422858513e-15,0
256.0,0.035,4.16333634234e-19,-8.93709396927e-15,0
256.0,0.03,0.005,5.67137525217e-15,0
256.0,0.035,0.005,-9.24857155279e-15,0
256.0,0.03,0.01,3.80163692637e-15,0
256.0,0.035,0.01,-1.01108697794e-14,0
256.0,0.03,0.015,1.33260542525e-15,0
256.0,0.035,0.015,-1.11436865607e-14,0
256.0,0.03,0.02,-1.79326482842e-15,0
256.0,0.035,0.02,-1.24047585183e-14,0
256.0,0.03,0.025,-5.40326809549e-15,0
256.0,0.035,0.025,-1.38320349259e-14,0
256.0,0.03,0.03,-9.48440242186e-15,0
256.0,0.03,0.035,-1.40542161745e-14,0
256.0,0.035,0.03,-1.54207868353e-14,0
256.0,0.035,0.035,-1.71719131405e-14,0
256.0,0.03,0.04,-1.98047474491e-14,0
256.0,0.03,0.045,-2.68971113414e-14,0
256.0,0.035,0.04,-1.92943789954e-14,0
256.0,0.035,0.045,-2.18706057922e-14,0
256.0,0.03,0.05,-3.49217473576e-14,0
256.0,0.03,0.055,-4.36117969617e-14,0
256.0,0.035,0.05,-2.4917481827e-14,0
256.0,0.035,0.055,-2.84326168369e-14,0
256.0,0.03,0.06,-5.27898271283e-14,0
256.0,0.03,0.065,-6.24117189349e-14,0
256.0,0.035,0.06,-3.24068929394e-14,0
256.0,0.035,0.065,-3.68409364485e-14,0
256.0,0.03,0.07,-7.25817261558e-14,0
256.0,0.03,0.075,-8.36338982545e-14,0
256.0,0.035,0.07,-4.1810868973e-14,0
256.0,0.035,0.075,-4.74937489499e-14,0
256.0,0.04,-0.075,-7.99444720028e-15,0
256.0,0.04,-0.07,-8.45949223376e-15,0
256.0,0.045,-0.075,3.2698664763e-14,0
256.0,0.045,-0.07,2.65938495637e-14,0
256.0,0.04,-0.065,-9.50057768431e-15,0
256.0,0.045,-0.065,2.00999610066e-14,0
256.0,0.04,-0.06,-1.1066403247e-14,0
256.0,0.045,-0.06,1.31024879798e-14,0
256.0,0.04,-0.055,-1.31070310594e-14,0
256.0,0.045,-0.055,5.60072746719e-15,0
256.0,0.04,-0.05,-1.55484019181e-14,0
256.0,0.045,-0.05,-2.29738100142e-15,0
256.0,0.04,-0.045,-1.82668818013e-14,0
256.0,0.045,-0.045,-1.03601919654e-14,0
256.0,0.04,-0.04,-2.10032059475e-14,0
256.0,0.045,-0.04,-1.82202624528e-14,0
256.0,0.04,-0.035,-2.32522049755e-14,0
256.0,0.045,-0.035,-2.52704468533e-14,0
256.0,0.04,-0.03,-2.46698678252e-14,0
256.0,0.045,-0.03,-3.09375894323e-14,0
256.0,0.04,-0.025,-2.55264743746e-14,0
256.0,0.045,-0.025,-3.5367812878e-14,0
256.0,0.04,-0.02,-2.59928978109e-14,0
256.0,0.045,-0.02,-3.83914214568e-14,0
256.0,0.04,-0.015,-2.61781761174e-14,0
256.0,0.045,-0.015,-4.06545052641e-14,0
256.0,0.04,-0.01,-2.61155988288e-14,0
256.0,0.045,-0.01,-4.22006123953e-14,0
256.0,0.04,-0.005,-2.5780104642e-14,0
256.0,0.045,-0.005,-4.29488063864e-14,0
256.0,0.04,0,-2.53905277586e-14,0
256.0,0.045,4.16333634234e-19,-4.29838650811e-14,0
256.0,0.04,0.005,-2.52045245542e-14,0
256.0,0.045,0.005,-4.2195770225e-14,0
256.0,0.04,0.01,-2.49944462321e-14,0
256.0,0.045,0.01,-4.080420392e-14,0
256.0,0.04,0.015,-2.45108425102e-14,0
256.0,0.045,0.015,-3.86624072933e-14,0
256.0,0.04,0.02,-2.37852397116e-14,0
256.0,0.045,0.02,-3.57812694011e-14,0
256.0,0.04,0.025,-2.28200558573e-14,0
256.0,0.045,0.025,-3.21980551336e-14,0
256.0,0.04,0.03,-2.16131319905e-14,0
256.0,0.045,0.03,-2.78690241092e-14,0
256.0,0.04,0.035,-2.01690983858e-14,0
256.0,0.045,0.035,-2.28347204776e-14,0
256.0,0.04,0.04,-1.81722346963e-14,0
256.0,0.04,0.045,-1.57773999089e-14,0
256.0,0.045,0.04,-1.61211927592e-14,0
256.0,0.045,0.045,-8.49028014572e-15,0
256.0,0.04,0.05,-1.3482175153e-14,0
256.0,0.04,0.055,-1.15361854937e-14,0
256.0,0.045,0.05,-7.46916048377e-16,0
256.0,0.045,0.055,6.73434425271e-15,0
256.0,0.04,0.06,-1.00415549233e-14,0
256.0,0.04,0.065,-9.04554999852e-15,0
256.0,0.045,0.06,1.37494877769e-14,0
256.0,0.045,0.065,2.02188758349e-14,0
256.0,0.04,0.07,-8.56946951105e-15,0
256.0,0.04,0.075,-8.63765241078e-15,0
256.0,0.045,0.07,2.61735272588e-14,0
256.0,0.045,0.075,3.17538656673e-14,0
256.0,0.05,-0.075,7.38194783595e-14,0
256.0,0.05,-0.07,6.22486891627e-14,0
256.0,0.055,-0.075,1.14164945415e-13,0
256.0,0.055,-0.07,9.75384699342e-14,0
256.0,0.05,-0.065,5.04538367952e-14,0
256.0,0.055,-0.065,8.07736814315e-14,0
256.0,0.05,-0.06,3.81478635893e-14,0
256.0,0.055,-0.06,6.34229933471e-14,0
256.0,0.05,-0.055,2.52740800051e-14,0
256.0,0.055,-0.055,4.53809522072e-14,0
256.0,0.05,-0.05,1.19792055906e-14,0
256.0,0.055,-0.05,2.68238444777e-14,0
256.0,0.05,-0.045,-1.41702637546e-15,0
256.0,0.055,-0.045,8.16980277393e-15,0
256.0,0.05,-0.04,-1.44180078072e-14,0
256.0,0.055,-0.04,-9.99409167125e-15,0
256.0,0.05,-0.035,-2.63849925111e-14,0
256.0,0.055,-0.035,-2.69648102161e-14,0
256.0,0.05,-0.03,-3.67061311992e-14,0
256.0,0.055,-0.03,-4.2102663244e-14,0
256.0,0.05,-0.025,-4.51307312721e-14,0
256.0,0.055,-0.025,-5.49439321562e-14,0
256.0,0.05,-0.02,-5.15793565201e-14,0
256.0,0.055,-0.02,-6.52890208283e-14,0
256.0,0.05,-0.015,-5.64557584035e-14,0
256.0,0.055,-0.015,-7.3256173058e-14,0
256.0,0.05,-0.01,-5.98985479937e-14,0
256.0,0.055,-0.01,-7.88980284072e-14,0
256.0,0.05,-0.005,-6.18592136767e-14,0
256.0,0.055,-0.005,-8.21630391983e-14,0
256.0,0.05,0,-6.22583675105e-14,0
256.0,0.055,4.16333634234e-19,-8.29603985746e-14,0
256.0,0.05,0.005,-6.09881291088e-14,0
256.0,0.055,0.005,-8.12378744792e-14,0
256.0,0.05,0.01,-5.82704475986e-14,0
256.0,0.055,0.01,-7.71596237903e-14,0
256.0,0.05,0.015,-5.41773854203e-14,0
256.0,0.055,0.015,-7.08650582728e-14,0
256.0,0.05,0.02,-4.87345681382e-14,0
256.0,0.055,0.02,-6.24357182689e-14,0
256.0,0.05,0.025,-4.19615415541e-14,0
256.0,0.055,0.025,-5.19459559536e-14,0
256.0,0.05,0.03,-3.38254676806e-14,0
256.0,0.055,0.03,-3.94423185576e-14,0
256.0,0.05,0.035,-2.41992822899e-14,0
256.0,0.055,0.035,-2.49420095261e-14,0
256.0,0.05,0.04,-1.27214183574e-14,0
256.0,0.055,0.04,-8.49917669568e-15,0
256.0,0.05,0.045,-2.3972544859e-17,0
256.0,0.055,0.045,9.26061275641e-15,0
256.0,0.05,0.05,1.30539555656e-14,0
256.0,0.05,0.055,2.59576048682e-14,0
256.0,0.055,0.05,2.75259872886e-14,0
256.0,0.055,0.055,4.56578821432e-14,0
256.0,0.05,0.06,3.83701351134e-14,0
256.0,0.05,0.065,5.01686785529e-14,0
256.0,0.055,0.06,6.32255029534e-14,0
256.0,0.055,0.065,8.00620125507e-14,0
256.0,0.05,0.07,6.14341224025e-14,0
256.0,0.05,0.075,7.24770701878e-14,0
256.0,0.055,0.07,9.62901900235e-14,0
256.0,0.055,0.075,1.12373219621e-13,0
256.0,0.06,-0.075,1.52763478067e-13,0
256.0,0.06,-0.07,1.3167027891e-13,0
256.0,0.065,-0.075,1.88908601055e-13,0
256.0,0.065,-0.07,1.64173255692e-13,0
256.0,0.06,-0.065,1.10421486045e-13,0
256.0,0.065,-0.065,1.39050589086e-13,0
256.0,0.06,-0.06,8.84017520407e-14,0
256.0,0.065,-0.06,1.12784733349e-13,0
256.0,0.06,-0.055,6.54579916879e-14,0
256.0,0.065,-0.055,8.52261110008e-14,0
256.0,0.06,-0.05,4.18174422322e-14,0
256.0,0.065,-0.05,5.66634303577e-14,0
256.0,0.06,-0.045,1.79816936144e-14,0
256.0,0.065,-0.045,2.77190801601e-14,0
256.0,0.06,-0.04,-5.34988842976e-15,0
256.0,0.065,-0.04,-7.89442364283e-16,0
256.0,0.06,-0.035,-2.74001839666e-14,0
256.0,0.065,-0.035,-2.79562662888e-14,0
256.0,0.06,-0.03,-4.74242896137e-14,0
256.0,0.065,-0.03,-5.29097106999e-14,0
256.0,0.06,-0.025,-6.48294534014e-14,0
256.0,0.065,-0.025,-7.49037972683e-14,0
256.0,0.06,-0.02,-7.92341587851e-14,0
256.0,0.065,-0.02,-9.3383126114e-14,0
256.0,0.06,-0.015,-9.04946013468e-14,0
256.0,0.065,-0.015,-1.07972795166e-13,0
256.0,0.06,-0.01,-9.85075083506e-14,0
256.0,0.065,-0.01,-1.18433817759e-13,0
256.0,0.06,-0.005,-1.03186982408e-13,0
256.0,0.065,-0.005,-1.24585740871e-13,0
256.0,0.06,0,-1.04440533182e-13,0
256.0,0.065,4.16333634234e-19,-1.26338928404e-13,0
256.0,0.06,0.005,-1.02264827649e-13,0
256.0,0.065,0.005,-1.23684893023e-13,0
256.0,0.06,0.01,-9.6771673128e-14,0
256.0,0.065,0.01,-1.16739451431e-13,0
256.0,0.06,0.015,-8.81306966207e-14,0
256.0,0.065,0.015,-1.05682317919e-13,0
256.0,0.06,0.02,-7.64939818936e-14,0
256.0,0.065,0.02,-9.07623780922e-14,0
256.0,0.06,0.025,-6.20406445692e-14,0
256.0,0.065,0.025,-7.22635318684e-14,0
256.0,0.06,0.03,-4.49488014825e-14,0
256.0,0.065,0.03,-5.0550917904e-14,0
256.0,0.06,0.035,-2.54631445023e-14,0
256.0,0.065,0.035,-2.60813638712e-14,0
256.0,0.06,0.04,-3.95985522855e-15,0
256.0,0.065,0.04,5.26620274726e-16,0
256.0,0.06,0.045,1.88766480849e-14,0
256.0,0.065,0.045,2.84692344944e-14,0
256.0,0.06,0.05,4.22362439422e-14,0
256.0,0.065,0.05,5.68531516744e-14,0
256.0,0.06,0.055,6.53865145842e-14,0
256.0,0.065,0.055,8.48530350156e-14,0
256.0,0.06,0.06,8.78135799135e-14,0
256.0,0.06,0.065,1.0929156294e-13,0
256.0,0.065,0.06,1.1183947777e-13,0
256.0,0.065,0.065,1.37523801146e-13,0
256.0,0.06,0.07,1.29981894471e-13,0
256.0,0.06,0.075,1.50508462794e-13,0
256.0,0.065,0.07,1.62058581807e-13,0
256.0,0.065,0.075,1.86201202673e-13,0
256.0,0.07,-0.075,2.2250195966e-13,0
256.0,0.07,-0.07,1.95080110403e-13,0
256.0,0.075,-0.075,2.54136929473e-13,0
256.0,0.075,-0.07,2.25140908499e-13,0
256.0,0.07,-0.065,1.66731430951e-13,0
256.0,0.075,-0.065,1.94138207963e-13,0
256.0,0.07,-0.06,1.36630565292e-13,0
256.0,0.075,-0.06,1.60462429455e-13,0
256.0,0.07,-0.055,1.04673006162e-13,0
256.0,0.075,-0.055,1.24145101984e-13,0
256.0,0.07,-0.05,7.12784585089e-14,0
256.0,0.075,-0.05,8.58372029416e-14,0
256.0,0.07,-0.045,3.72189060205e-14,0
256.0,0.075,-0.045,4.64863284559e-14,0
256.0,0.07,-0.04,3.47467064016e-15,0
256.0,0.075,-0.04,7.29226062955e-15,0
256.0,0.07,-0.035,-2.88884525155e-14,0
256.0,0.075,-0.035,-3.04805044877e-14,0
256.0,0.07,-0.03,-5.88343365131e-14,0
256.0,0.075,-0.03,-6.56099673131e-14,0
256.0,0.07,-0.025,-8.5450416885e-14,0
256.0,0.075,-0.025,-9.69734000878e-14,0
256.0,0.07,-0.02,-1.07994415433e-13,0
256.0,0.075,-0.02,-1.23683045142e-13,0
256.0,0.07,-0.015,-1.25924354629e-13,0
256.0,0.075,-0.015,-1.44989448516e-13,0
256.0,0.07,-0.01,-1.38839907566e-13,0
256.0,0.075,-0.01,-1.60421655238e-13,0
256.0,0.07,-0.005,-1.4649891875e-13,0
256.0,0.075,-0.005,-1.69588202497e-13,0
256.0,0.07,0,-1.48752600941e-13,0
256.0,0.075,0,-1.72364684789e-13,0
256.0,0.07,0.005,-1.45608166632e-13,0
256.0,0.075,0.005,-1.68677613739e-13,0
256.0,0.07,0.01,-1.37167449294e-13,0
256.0,0.075,0.01,-1.58714865956e-13,0
256.0,0.07,0.015,-1.23673019215e-13,0
256.0,0.075,0.015,-1.4269974079e-13,0
256.0,0.07,0.02,-1.05433816702e-13,0
256.0,0.075,0.02,-1.21089826829e-13,0
256.0,0.07,0.025,-8.28808938568e-14,0
256.0,0.075,0.025,-9.4382236621e-14,0
256.0,0.07,0.03,-5.6533071616e-14,0
256.0,0.075,0.03,-6.33015605429e-14,0
256.0,0.07,0.035,-2.70592395591e-14,0
256.0,0.075,0.035,-2.86691177156e-14,0
256.0,0.07,0.04,4.72058342819e-15,0
256.0,0.075,0.04,8.47689828319e-15,0
256.0,0.07,0.045,3.7840180155e-14,0
256.0,0.075,0.045,4.6983254166e-14,0
256.0,0.07,0.05,7.1265341179e-14,0
256.0,0.075,0.05,8.56290961882e-14,0
256.0,0.07,0.055,1.04026407095e-13,0
256.0,0.075,0.055,1.23236077586e-13,0
256.0,0.07,0.06,1.35353908456e-13,0
256.0,0.075,0.06,1.58865559622e-13,0
256.0,0.07,0.065,1.6482944656e-13,0
256.0,0.075,0.065,1.91872272153e-13,0
256.0,0.07,0.07,1.92558897828e-13,0
256.0,0.07,0.075,2.19364809277e-13,0
256.0,0.075,0.07,2.22225936553e-13,0
256.0,0.075,0.075,2.50590146178e-13,0
261.0,-0.00382671281566,-0.00202612167119,0,0
261.0,-0.005,-0.005,2.61042163438e-14,0
261.0,-0.00197892066871,-0.00385133392306,0,0
261.0,-0.005,-0.00190753787223,1.55786072467e-14,0
261.0,-0.00433,0,0,0
261.0,-0.00190753787223,-0.005,1.54450417697e-14,0
261.0,0,-0.00433,0,0
261.0,-0.005,0.00190775150599,1.55696275391e-14,0
261.0,-0.00385133392306,0.00197892066871,0,0
261.0,0.00190775150599,-0.005,1.54338663318e-14,0
261.0,0.00202612167119,-0.00382671281566,0,0
261.0,-0.00202612167119,0.00382671281566,0,0
261.0,-0.005,0.005,2.60211974384e-14,0
261.0,-0.0019094272225,0.005,1.54707909214e-14,0
261.0,0,0.00433,0,0
261.0,0.00147766755988,0.00407006125046,0,0
261.0,8.32667268469e-19,0.005,1.17344729702e-14,0
261.0,0.00433,0,0,0
261.0,0.005,1.38777878078e-18,1.13974458895e-14,0
261.0,0.00407006125046,0.00147766755988,0,0
261.0,0.005,-0.005,2.67654060876e-14,0
261.0,0.00385133392306,-0.00197892066871,0,0
261.0,0.005,-0.0019094272225,1.5656387705e-14,0
261.0,0.00306177236254,0.00306177236254,0,0
261.0,0.0019094272225,0.005,1.56309188784e-14,0
261.0,0.005,0.0019094272225,1.57084765281e-14,0
261.0,-0.000885,-0.0015328649647,1.27151498697e-12,0
261.0,-0.0015328649647,-0.000885,1.27163736804e-12,0
261.0,-0.00186450691264,-0.00187567167242,8.43022030587e-13,0
261.0,-0.00177,0,1.27132910316e-12,0
261.0,-0.00268433516245,-0.000738983120158,7.59103898347e-13,0
261.0,0,-0.00177,1.27147662546e-12,0
261.0,-0.000718432264205,-0.00269192408424,7.57397738253e-13,0
261.0,-0.0015328649647,0.000885,1.2698246336e-12,0
261.0,-0.00265321485144,0.000647311733689,7.89886742322e-13,0
261.0,-0.000885,0.0015328649647,1.26819712866e-12,0
261.0,-0.00194719253591,0.00178443766524,8.43948335762e-13,0
261.0,0,0.00177,1.2640909754e-12,0
261.0,-0.000802720381054,0.00273415977115,7.17497579592e-13,0
261.0,0.000885,-0.0015328649647,1.27016546782e-12,0
261.0,0.00075154031863,-0.00270385456952,7.45287798332e-13,0
261.0,0.00177,0,1.26243074097e-12,0
261.0,0.0015328649647,-0.000885,1.26801305357e-12,0
261.0,0.00271471102228,-0.000564731152102,7.60911521845e-13,0
261.0,0.00192394637685,-0.00189207206672,8.10093003859e-13,0
261.0,0.00231817117671,0.00040530921667,9.87906981122e-13,0
261.0,0.0015328649647,0.000885,1.26069710685e-12,0
261.0,0.000885,0.0015328649647,1.26140216493e-12,0
261.0,0.000427053001345,0.00287092483521,6.82187191193e-13,0
261.0,0.00187618296239,0.00184774001435,8.33337330699e-13,0
261.0,0.00312733402203,0.000607809752493,5.1919734023e-13,0
261.0,0.00276214303706,0.00136595635004,5.76857456835e-13,0
261.0,0.0014100336009,0.00268674970267,6.04769658107e-13,0
261.0,-0.075,-0.075,2.0750450979e-13,0
261.0,-0.07,-0.075,1.8446475486e-13,0
261.0,-0.075,-0.07,1.8079829929e-13,0
261.0,-0.07,-0.07,1.59163352723e-13,0
261.0,-0.075,-0.065,1.52337084287e-13,0
261.0,-0.07,-0.065,1.33096856645e-13,0
261.0,-0.065,-0.075,1.59609075465e-13,0
261.0,-0.065,-0.07,1.36688548676e-13,0
261.0,-0.065,-0.065,1.13519451489e-13,0
261.0,-0.075,-0.06,1.21569546105e-13,0
261.0,-0.07,-0.06,1.05563443839e-13,0
261.0,-0.065,-0.06,8.94471012943e-14,0
261.0,-0.075,-0.055,8.8561698842e-14,0
261.0,-0.07,-0.055,7.65011074592e-14,0
261.0,-0.065,-0.055,6.43604270641e-14,0
261.0,-0.075,-0.05,5.39289801238e-14,0
261.0,-0.07,-0.05,4.63134849601e-14,0
261.0,-0.065,-0.05,3.8538714181e-14,0
261.0,-0.075,-0.045,1.85341308791e-14,0
261.0,-0.07,-0.045,1.57061197084e-14,0
261.0,-0.065,-0.045,1.25595115046e-14,0
261.0,-0.075,-0.04,-1.65582211346e-14,0
261.0,-0.07,-0.04,-1.44499485183e-14,0
261.0,-0.075,-0.035,-5.02633413556e-14,0
261.0,-0.07,-0.035,-4.32447135142e-14,0
261.0,-0.065,-0.04,-1.28415024818e-14,0
261.0,-0.065,-0.035,-3.68869911596e-14,0
261.0,-0.075,-0.03,-8.15634869461e-14,0
261.0,-0.07,-0.03,-6.98375415528e-14,0
261.0,-0.075,-0.025,-1.09541925081e-13,0
261.0,-0.07,-0.025,-9.35205554053e-14,0
261.0,-0.065,-0.03,-5.88976898796e-14,0
261.0,-0.065,-0.025,-7.83610009943e-14,0
261.0,-0.075,-0.02,-1.33459048824e-13,0
261.0,-0.07,-0.02,-1.13698778664e-13,0
261.0,-0.075,-0.015,-1.52636711581e-13,0
261.0,-0.07,-0.015,-1.29886926636e-13,0
261.0,-0.065,-0.02,-9.48958362435e-14,0
261.0,-0.065,-0.015,-1.08157470549e-13,0
261.0,-0.075,-0.01,-1.66583365805e-13,0
261.0,-0.07,-0.01,-1.4164220011e-13,0
261.0,-0.075,-0.005,-1.74846741085e-13,0
261.0,-0.07,-0.005,-1.48632341235e-13,0
261.0,-0.065,-0.01,-1.17825242493e-13,0
261.0,-0.065,-0.005,-1.23580748152e-13,0
261.0,-0.075,0,-1.77221558975e-13,0
261.0,-0.07,0,-1.50619979473e-13,0
261.0,-0.075,0.005,-1.73594564667e-13,0
261.0,-0.07,0.005,-1.47559291239e-13,0
261.0,-0.065,4.16333634234e-19,-1.25218049464e-13,0
261.0,-0.065,0.005,-1.22671018811e-13,0
261.0,-0.075,0.01,-1.64143434876e-13,0
261.0,-0.07,0.01,-1.39554648177e-13,0
261.0,-0.075,0.015,-1.49133488491e-13,0
261.0,-0.07,0.015,-1.26897822757e-13,0
261.0,-0.065,0.01,-1.16058573016e-13,0
261.0,-0.065,0.015,-1.05637931127e-13,0
261.0,-0.075,0.02,-1.29065246329e-13,0
261.0,-0.07,0.02,-1.09966088962e-13,0
261.0,-0.075,0.025,-1.04466042598e-13,0
261.0,-0.07,0.025,-8.92330647128e-14,0
261.0,-0.065,0.02,-9.17702752796e-14,0
261.0,-0.065,0.025,-7.48026421401e-14,0
261.0,-0.075,0.03,-7.60329427129e-14,0
261.0,-0.07,0.03,-6.52013016732e-14,0
261.0,-0.075,0.035,-4.45149007742e-14,0
261.0,-0.07,0.035,-3.84722414933e-14,0
261.0,-0.065,0.03,-5.50921004265e-14,0
261.0,-0.065,0.035,-3.30246663265e-14,0
261.0,-0.075,0.04,-1.08267441474e-14,0
261.0,-0.07,0.04,-9.75473085805e-15,0
261.0,-0.075,0.045,2.40206514878e-14,0
261.0,-0.07,0.045,2.01151902848e-14,0
261.0,-0.065,0.04,-9.11382981084e-15,0
261.0,-0.065,0.045,1.59592918158e-14,0
261.0,-0.075,0.05,5.89594226933e-14,0
261.0,-0.07,0.05,5.02388791492e-14,0
261.0,-0.075,0.055,9.29501260972e-14,0
261.0,-0.07,0.055,7.97671360107e-14,0
261.0,-0.065,0.05,4.14227520455e-14,0
261.0,-0.065,0.055,6.65594310431e-14,0
261.0,-0.075,0.06,1.25164774717e-13,0
261.0,-0.07,0.06,1.08025350155e-13,0
261.0,-0.075,0.065,1.55028091674e-13,0
261.0,-0.07,0.065,1.34646972018e-13,0
261.0,-0.065,0.06,9.08207602794e-14,0
261.0,-0.065,0.065,1.1396232275e-13,0
261.0,-0.075,0.07,1.82515426847e-13,0
261.0,-0.07,0.07,1.59732504644e-13,0
261.0,-0.075,0.075,2.08216783891e-13,0
261.0,-0.07,0.075,1.8402018302e-13,0
261.0,-0.065,0.07,1.36131101665e-13,0
261.0,-0.065,0.075,1.58014298082e-13,0
261.0,-0.06,-0.075,1.32269763161e-13,0
261.0,-0.06,-0.07,1.12577759133e-13,0
261.0,-0.06,-0.065,9.2886553779e-14,0
261.0,-0.055,-0.075,1.02354976779e-13,0
261.0,-0.055,-0.07,8.66382656263e-14,0
261.0,-0.055,-0.065,7.09842830079e-14,0
261.0,-0.06,-0.06,7.26468910456e-14,0
261.0,-0.06,-0.055,5.17278467023e-14,0
261.0,-0.055,-0.06,5.49693832099e-14,0
261.0,-0.055,-0.055,3.8484785418e-14,0
261.0,-0.06,-0.05,3.03474499607e-14,0
261.0,-0.055,-0.05,2.16840901286e-14,0
261.0,-0.06,-0.045,8.97481529189e-15,0
261.0,-0.055,-0.045,4.96097192067e-15,0
261.0,-0.06,-0.04,-1.17356481112e-14,0
261.0,-0.055,-0.04,-1.11136130797e-14,0
261.0,-0.06,-0.035,-3.10872022978e-14,0
261.0,-0.055,-0.035,-2.5836118176e-14,0
261.0,-0.06,-0.03,-4.85214725034e-14,0
261.0,-0.06,-0.025,-6.3761427278e-14,0
261.0,-0.055,-0.03,-3.87024445873e-14,0
261.0,-0.055,-0.025,-4.97299250836e-14,0
261.0,-0.06,-0.02,-7.66469617618e-14,0
261.0,-0.06,-0.015,-8.70308680593e-14,0
261.0,-0.055,-0.02,-5.90084578795e-14,0
261.0,-0.055,-0.015,-6.65572059834e-14,0
261.0,-0.06,-0.01,-9.46629280144e-14,0
261.0,-0.06,-0.005,-9.92422329592e-14,0
261.0,-0.055,-0.01,-7.22397430879e-14,0
261.0,-0.055,-0.005,-7.56866832376e-14,0
261.0,-0.06,0,-1.00535980251e-13,0
261.0,-0.06,0.005,-9.84862600659e-14,0
261.0,-0.055,4.16333634234e-19,-7.66556584357e-14,0
261.0,-0.055,0.005,-7.50788735471e-14,0
261.0,-0.06,0.01,-9.31975375238e-14,0
261.0,-0.06,0.015,-8.49501965826e-14,0
261.0,-0.055,0.01,-7.10657069539e-14,0
261.0,-0.055,0.015,-6.48999005947e-14,0
261.0,-0.06,0.02,-7.40908615899e-14,0
261.0,-0.06,0.025,-6.08860608271e-14,0
261.0,-0.055,0.02,-5.69994648312e-14,0
261.0,-0.055,0.025,-4.74982206795e-14,0
261.0,-0.06,0.03,-4.54915745718e-14,0
261.0,-0.06,0.035,-2.80723371695e-14,0
261.0,-0.055,0.03,-3.63826176322e-14,0
261.0,-0.055,0.035,-2.35861572487e-14,0
261.0,-0.06,0.04,-8.90428417521e-15,0
261.0,-0.06,0.045,1.14401460298e-14,0
261.0,-0.055,0.04,-9.08416816569e-15,0
261.0,-0.055,0.045,6.58791069958e-15,0
261.0,-0.06,0.05,3.22630284819e-14,0
261.0,-0.06,0.055,5.29273034556e-14,0
261.0,-0.055,0.05,2.27239160055e-14,0
261.0,-0.055,0.055,3.87727163653e-14,0
261.0,-0.06,0.06,7.29925296888e-14,0
261.0,-0.06,0.065,9.22743755705e-14,0
261.0,-0.055,0.06,5.4370312616e-14,0
261.0,-0.055,0.065,6.93955280746e-14,0
261.0,-0.06,0.07,1.10936971768e-13,0
261.0,-0.06,0.075,1.29557368271e-13,0
261.0,-0.055,0.07,8.3987226458e-14,0
261.0,-0.055,0.075,9.85916514143e-14,0
261.0,-0.05,-0.075,7.0296625177e-14,0
261.0,-0.05,-0.07,5.91083886586e-14,0
261.0,-0.045,-0.075,3.67632592069e-14,0
261.0,-0.045,-0.07,3.05161109397e-14,0
261.0,-0.05,-0.065,4.79542200026e-14,0
261.0,-0.045,-0.065,2.41975806991e-14,0
261.0,-0.05,-0.06,3.65276502777e-14,0
261.0,-0.05,-0.055,2.47399127395e-14,0
261.0,-0.045,-0.06,1.76350102346e-14,0
261.0,-0.045,-0.055,1.07669853689e-14,0
261.0,-0.05,-0.05,1.2693093877e-14,0
261.0,-0.05,-0.045,6.65622481469e-16,0
261.0,-0.045,-0.05,3.63768964433e-15,0
261.0,-0.045,-0.045,-3.59307360773e-15,0
261.0,-0.05,-0.04,-1.08464498268e-14,0
261.0,-0.045,-0.04,-1.06082156519e-14,0
261.0,-0.05,-0.035,-2.11098960965e-14,0
261.0,-0.045,-0.035,-1.6713616327e-14,0
261.0,-0.05,-0.03,-2.9542017486e-14,0
261.0,-0.045,-0.03,-2.11466036596e-14,0
261.0,-0.05,-0.025,-3.6562076296e-14,0
261.0,-0.045,-0.025,-2.48100163065e-14,0
261.0,-0.05,-0.02,-4.24205167429e-14,0
261.0,-0.05,-0.015,-4.72492825562e-14,0
261.0,-0.045,-0.02,-2.77588922484e-14,0
261.0,-0.045,-0.015,-3.00429800255e-14,0
261.0,-0.05,-0.01,-5.10659970654e-14,0
261.0,-0.05,-0.005,-5.3405320654e-14,0
261.0,-0.045,-0.01,-3.1972908453e-14,0
261.0,-0.045,-0.005,-3.31186291173e-14,0
261.0,-0.05,0,-5.40358052834e-14,0
261.0,-0.05,0.005,-5.29376494556e-14,0
261.0,-0.045,4.16333634234e-19,-3.33839329096e-14,0
261.0,-0.045,0.005,-3.27728424804e-14,0
261.0,-0.05,0.01,-5.01707457684e-14,0
261.0,-0.05,0.015,-4.60070508981e-14,0
261.0,-0.045,0.01,-3.13173343355e-14,0
261.0,-0.045,0.015,-2.91510859807e-14,0
261.0,-0.05,0.02,-4.09379179943e-14,0
261.0,-0.05,0.025,-3.49247549127e-14,0
261.0,-0.045,0.02,-2.66994337343e-14,0
261.0,-0.045,0.025,-2.36453061655e-14,0
261.0,-0.05,0.03,-2.78484508567e-14,0
261.0,-0.05,0.035,-1.94941606737e-14,0
261.0,-0.045,0.03,-1.99671570857e-14,0
261.0,-0.045,0.035,-1.56331234743e-14,0
261.0,-0.05,0.04,-9.49243968738e-15,0
261.0,-0.05,0.045,1.57260557492e-15,0
261.0,-0.045,0.04,-9.80654147759e-15,0
261.0,-0.045,0.045,-3.27882908018e-15,0
261.0,-0.05,0.05,1.29706899894e-14,0
261.0,-0.05,0.055,2.42270574485e-14,0
261.0,-0.045,0.05,3.2812618554e-15,0
261.0,-0.045,0.055,9.58332667734e-15,0
261.0,-0.05,0.06,3.509273635e-14,0
261.0,-0.05,0.065,4.54964862381e-14,0
261.0,-0.045,0.06,1.54968723537e-14,0
261.0,-0.045,0.065,2.10068547591e-14,0
261.0,-0.05,0.07,5.55539842193e-14,0
261.0,-0.05,0.075,6.55885948441e-14,0
261.0,-0.045,0.07,2.61979182016e-14,0
261.0,-0.045,0.075,3.12550513649e-14,0
261.0,-0.04,-0.075,2.65973810813e-15,0
261.0,-0.04,-0.07,1.56397604915e-15,0
261.0,-0.035,-0.075,-3.10298477137e-14,0
261.0,-0.035,-0.07,-2.69487051961e-14,0
261.0,-0.04,-0.065,2.6433929681e-16,0
261.0,-0.035,-0.065,-2.32182318013e-14,0
261.0,-0.04,-0.06,-1.28093973918e-15,0
261.0,-0.035,-0.06,-1.97534716325e-14,0
261.0,-0.04,-0.055,-3.10286153881e-15,0
261.0,-0.035,-0.055,-1.65495652674e-14,0
261.0,-0.04,-0.05,-5.20430478716e-15,0
261.0,-0.04,-0.045,-7.53811555984e-15,0
261.0,-0.035,-0.05,-1.36644166974e-14,0
261.0,-0.035,-0.045,-1.11685711815e-14,0
261.0,-0.04,-0.04,-9.93349194494e-15,0
261.0,-0.04,-0.035,-1.19871402893e-14,0
261.0,-0.035,-0.04,-9.12812965019e-15,0
261.0,-0.035,-0.035,-7.58297866361e-15,0
261.0,-0.04,-0.03,-1.34545979168e-14,0
261.0,-0.035,-0.03,-6.39838664436e-15,0
261.0,-0.04,-0.025,-1.45540779655e-14,0
261.0,-0.035,-0.025,-5.22793308512e-15,0
261.0,-0.04,-0.02,-1.52661230249e-14,0
261.0,-0.035,-0.02,-4.05458343795e-15,0
261.0,-0.04,-0.015,-1.55523470422e-14,0
261.0,-0.035,-0.015,-2.84672548946e-15,0
261.0,-0.04,-0.01,-1.5486437238e-14,0
261.0,-0.04,-0.005,-1.5397943959e-14,0
261.0,-0.035,-0.01,-1.56855925612e-15,0
261.0,-0.035,-0.005,-7.14699511527e-16,0
261.0,-0.04,0,-1.52992034336e-14,0
261.0,-0.04,0.005,-1.51495718665e-14,0
261.0,-0.035,4.16333634234e-19,-3.61772653903e-16,0
261.0,-0.035,0.005,-5.4310163398e-16,0
261.0,-0.04,0.01,-1.50128741489e-14,0
261.0,-0.04,0.015,-1.49016854103e-14,0
261.0,-0.035,0.01,-1.23961293194e-15,0
261.0,-0.035,0.015,-2.38960375517e-15,0
261.0,-0.04,0.02,-1.44980086203e-14,0
261.0,-0.04,0.025,-1.37300526363e-14,0
261.0,-0.035,0.02,-3.53175818656e-15,0
261.0,-0.035,0.025,-4.6876228171e-15,0
261.0,-0.04,0.03,-1.26576982056e-14,0
261.0,-0.04,0.035,-1.13111750222e-14,0
261.0,-0.035,0.03,-5.91161559116e-15,0
261.0,-0.035,0.035,-7.2367448583e-15,0
261.0,-0.04,0.04,-9.56404015474e-15,0
261.0,-0.04,0.045,-7.6908145193e-15,0
261.0,-0.035,0.04,-9.09438915352e-15,0
261.0,-0.035,0.045,-1.16677743086e-14,0
261.0,-0.04,0.05,-6.0594068198e-15,0
261.0,-0.04,0.055,-4.81327427348e-15,0
261.0,-0.035,0.05,-1.48794070529e-14,0
261.0,-0.035,0.055,-1.86325228739e-14,0
261.0,-0.04,0.06,-3.96990019884e-15,0
261.0,-0.04,0.065,-3.4993098399e-15,0
261.0,-0.035,0.06,-2.28265240395e-14,0
261.0,-0.035,0.065,-2.73759183953e-14,0
261.0,-0.04,0.07,-3.34932193257e-15,0
261.0,-0.04,0.075,-3.47051758509e-15,0
261.0,-0.035,0.07,-3.2266494523e-14,0
261.0,-0.035,0.075,-3.75772482165e-14,0
261.0,-0.03,-0.075,-6.32812793707e-14,0
261.0,-0.03,-0.07,-5.41867611581e-14,0
261.0,-0.025,-0.075,-9.30691305641e-14,0
261.0,-0.025,-0.07,-7.93319249295e-14,0
261.0,-0.03,-0.065,-4.56025167864e-14,0
261.0,-0.025,-0.065,-6.62440104564e-14,0
261.0,-0.03,-0.06,-3.7309059722e-14,0
261.0,-0.025,-0.06,-5.34904268016e-14,0
261.0,-0.03,-0.055,-2.92836646997e-14,0
261.0,-0.025,-0.055,-4.1018561047e-14,0
261.0,-0.03,-0.05,-2.16365124202e-14,0
261.0,-0.025,-0.05,-2.9013233917e-14,0
261.0,-0.03,-0.045,-1.45982207108e-14,0
261.0,-0.025,-0.045,-1.78492204479e-14,0
261.0,-0.03,-0.04,-8.48482889568e-15,0
261.0,-0.03,-0.035,-3.73652171862e-15,0
261.0,-0.025,-0.04,-8.08443794341e-15,0
261.0,-0.025,-0.035,-4.95322684144e-16,0
261.0,-0.03,-0.03,-1.19819369262e-16,0
261.0,-0.03,-0.025,3.0953166521e-15,0
261.0,-0.025,-0.03,5.28470808486e-15,0
261.0,-0.025,-0.025,1.03056264988e-14,0
261.0,-0.03,-0.02,5.90485288442e-15,0
261.0,-0.025,-0.02,1.45456270251e-14,0
261.0,-0.03,-0.015,8.29853663247e-15,0
261.0,-0.025,-0.015,1.80173352959e-14,0
261.0,-0.03,-0.01,1.02000122368e-14,0
261.0,-0.025,-0.01,2.05730303757e-14,0
261.0,-0.03,-0.005,1.14348707344e-14,0
261.0,-0.025,-0.005,2.20940965842e-14,0
261.0,-0.03,0,1.18909081712e-14,0
261.0,-0.03,0.005,1.15407684687e-14,0
261.0,-0.025,4.16333634234e-19,2.26116233828e-14,0
261.0,-0.025,0.005,2.21313149048e-14,0
261.0,-0.03,0.01,1.04020220475e-14,0
261.0,-0.03,0.015,8.57396615989e-15,0
261.0,-0.025,0.01,2.06505351889e-14,0
261.0,-0.025,0.015,1.81304490493e-14,0
261.0,-0.03,0.02,6.2196852852e-15,0
261.0,-0.03,0.025,3.40674095391e-15,0
261.0,-0.025,0.02,1.46819639837e-14,0
261.0,-0.025,0.025,1.04363321479e-14,0
261.0,-0.03,0.03,1.27951003557e-16,0
261.0,-0.03,0.035,-3.62826266268e-15,0
261.0,-0.025,0.03,5.36045204223e-15,0
261.0,-0.025,0.035,-5.41420078847e-16,0
261.0,-0.03,0.04,-8.68324562799e-15,0
261.0,-0.03,0.045,-1.53201855252e-14,0
261.0,-0.025,0.04,-8.40792272416e-15,0
261.0,-0.025,0.045,-1.86653886495e-14,0
261.0,-0.03,0.05,-2.30675447824e-14,0
261.0,-0.03,0.055,-3.15783484735e-14,0
261.0,-0.025,0.05,-3.05128005128e-14,0
261.0,-0.025,0.055,-4.33601505526e-14,0
261.0,-0.03,0.06,-4.05897530533e-14,0
261.0,-0.03,0.065,-4.99640585832e-14,0
261.0,-0.025,0.06,-5.67992506812e-14,0
261.0,-0.025,0.065,-7.06152399002e-14,0
261.0,-0.03,0.07,-5.97041531688e-14,0
261.0,-0.03,0.075,-7.00251314948e-14,0
261.0,-0.025,0.07,-8.48401637533e-14,0
261.0,-0.025,0.075,-9.97827393046e-14,0
261.0,-0.02,-0.075,-1.19461492916e-13,0
261.0,-0.02,-0.07,-1.01596586449e-13,0
261.0,-0.015,-0.075,-1.41560422637e-13,0
261.0,-0.015,-0.07,-1.20279213001e-13,0
261.0,-0.02,-0.065,-8.45370423839e-14,0
261.0,-0.015,-0.065,-9.99135168403e-14,0
261.0,-0.02,-0.06,-6.78485638812e-14,0
261.0,-0.015,-0.06,-7.99747627402e-14,0
261.0,-0.02,-0.055,-5.14778036613e-14,0
261.0,-0.015,-0.055,-6.03824348367e-14,0
261.0,-0.02,-0.05,-3.56572089997e-14,0
261.0,-0.015,-0.05,-4.142729882e-14,0
261.0,-0.02,-0.045,-2.08935580636e-14,0
261.0,-0.015,-0.045,-2.37071794856e-14,0
261.0,-0.02,-0.04,-7.94510284071e-15,0
261.0,-0.015,-0.04,-8.10918846054e-15,0
261.0,-0.02,-0.035,2.14687200771e-15,0
261.0,-0.015,-0.035,4.13270553083e-15,0
261.0,-0.02,-0.03,9.77668340952e-15,0
261.0,-0.02,-0.025,1.63046929404e-14,0
261.0,-0.015,-0.03,1.33597838815e-14,0
261.0,-0.015,-0.025,2.10840637674e-14,0
261.0,-0.02,-0.02,2.16705652999e-14,0
261.0,-0.02,-0.015,2.58898375109e-14,0
261.0,-0.015,-0.02,2.71633644837e-14,0
261.0,-0.015,-0.015,3.14955887012e-14,0
261.0,-0.02,-0.01,2.88217664572e-14,0
261.0,-0.015,-0.01,3.39565114986e-14,0
261.0,-0.02,-0.005,3.03873169114e-14,0
261.0,-0.015,-0.005,3.49121154797e-14,0
261.0,-0.02,0,3.08373921202e-14,0
261.0,-0.015,4.16333634234e-19,3.50601329947e-14,0
261.0,-0.02,0.005,3.03428024212e-14,0
261.0,-0.015,0.005,3.47475903966e-14,0
261.0,-0.02,0.01,2.87592795809e-14,0
261.0,-0.02,0.015,2.58342601029e-14,0
261.0,-0.015,0.01,3.37017274878e-14,0
261.0,-0.015,0.015,3.12231645967e-14,0
261.0,-0.02,0.02,2.1639914909e-14,0
261.0,-0.02,0.025,1.62927005126e-14,0
261.0,-0.015,0.02,2.6945960769e-14,0
261.0,-0.015,0.025,2.09517250632e-14,0
261.0,-0.02,0.03,9.74576482019e-15,0
261.0,-0.02,0.035,2.03816482076e-15,0
261.0,-0.015,0.03,1.32839369995e-14,0
261.0,-0.015,0.035,4.06282759906e-15,0
261.0,-0.02,0.04,-8.27715646483e-15,0
261.0,-0.02,0.045,-2.16687971483e-14,0
261.0,-0.015,0.04,-8.31262822428e-15,0
261.0,-0.015,0.045,-2.42957485778e-14,0
261.0,-0.02,0.05,-3.70745687516e-14,0
261.0,-0.02,0.055,-5.37026454398e-14,0
261.0,-0.015,0.05,-4.26122952722e-14,0
261.0,-0.015,0.055,-6.23343087236e-14,0
261.0,-0.02,0.06,-7.1009227165e-14,0
261.0,-0.02,0.065,-8.87294017248e-14,0
261.0,-0.015,0.06,-8.28232837667e-14,0
261.0,-0.015,0.065,-1.03753426837e-13,0
261.0,-0.02,0.07,-1.06892994519e-13,0
261.0,-0.02,0.075,-1.25926160385e-13,0
261.0,-0.015,0.07,-1.25179141313e-13,0
261.0,-0.015,0.075,-1.47576638439e-13,0
261.0,-0.01,-0.075,-1.58657916034e-13,0
261.0,-0.01,-0.07,-1.3474880934e-13,0
261.0,-0.005,-0.075,-1.70103904542e-13,0
261.0,-0.005,-0.07,-1.44512842325e-13,0
261.0,-0.01,-0.065,-1.11884716124e-13,0
261.0,-0.005,-0.065,-1.20030073999e-13,0
261.0,-0.01,-0.06,-8.94846747794e-14,0
261.0,-0.005,-0.06,-9.60629469508e-14,0
261.0,-0.01,-0.055,-6.74753566261e-14,0
261.0,-0.005,-0.055,-7.25108287043e-14,0
261.0,-0.01,-0.05,-4.61688809084e-14,0
261.0,-0.005,-0.05,-4.97167792083e-14,0
261.0,-0.01,-0.045,-2.62367124386e-14,0
261.0,-0.005,-0.045,-2.83860854274e-14,0
261.0,-0.01,-0.04,-8.66442349122e-15,0
261.0,-0.005,-0.04,-9.54555876665e-15,0
261.0,-0.01,-0.035,5.24829678101e-15,0
261.0,-0.005,-0.035,5.48221905341e-15,0
261.0,-0.01,-0.03,1.57929479129e-14,0
261.0,-0.005,-0.03,1.69119368678e-14,0
261.0,-0.01,-0.025,2.43549246572e-14,0
261.0,-0.005,-0.025,2.58177566887e-14,0
261.0,-0.01,-0.02,3.07126458686e-14,0
261.0,-0.01,-0.015,3.45188168239e-14,0
261.0,-0.005,-0.02,3.20496883916e-14,0
261.0,-0.005,-0.015,3.51309965779e-14,0
261.0,-0.0117873230072,-0.0115873794689,3.50831443251e-14,0
261.0,-0.00939961996336,-0.005,3.36549041416e-14,0
261.0,-0.00792797428371,-0.00964253216809,3.48755315804e-14,0
261.0,-0.005,-0.00939961996336,3.31021467844e-14,0
261.0,-0.0108753492546,-0.00150606400588,3.4019766553e-14,0
261.0,-0.00818101620308,-0.00211452602544,3.000068383e-14,0
261.0,-0.00651817360753,-0.000255934956239,2.33272836922e-14,0
261.0,-0.005,6.71033969428e-08,1.15010873374e-14,0
261.0,-0.0107292118043,0.00160660295843,3.38191217469e-14,0
261.0,-0.0080188992252,0.000768320427092,2.88324254096e-14,0
261.0,-0.00939946851065,0.005,3.34273166959e-14,0
261.0,-0.00802129342231,0.00264911934363,2.99513175031e-14,0
261.0,-0.00887989370213,0.00887989479405,3.45855913397e-14,0
261.0,-0.01,0.015,3.40904462466e-14,0
261.0,-0.005,0.00939947397025,3.27763442106e-14,0
261.0,-0.005,0.015,3.47988779617e-14,0
261.0,-0.01,0.02,3.04128667722e-14,0
261.0,-0.01,0.025,2.42521956179e-14,0
261.0,-0.005,0.02,3.19537598514e-14,0
261.0,-0.005,0.025,2.60799816053e-14,0
261.0,-0.01,0.03,1.58608181698e-14,0
261.0,-0.01,0.035,5.42547228938e-15,0
261.0,-0.005,0.03,1.74677432636e-14,0
261.0,-0.005,0.035,6.14703646964e-15,0
261.0,-0.01,0.04,-8.56863029228e-15,0
261.0,-0.01,0.045,-2.64925931841e-14,0
261.0,-0.005,0.04,-9.01670037285e-15,0
261.0,-0.005,0.045,-2.81950516335e-14,0
261.0,-0.01,0.05,-4.69834232546e-14,0
261.0,-0.01,0.055,-6.90157151346e-14,0
261.0,-0.005,0.05,-5.00502477462e-14,0
261.0,-0.005,0.055,-7.35297709292e-14,0
261.0,-0.01,0.06,-9.18788244915e-14,0
261.0,-0.01,0.065,-1.15224403639e-13,0
261.0,-0.005,0.06,-9.78924914848e-14,0
261.0,-0.005,0.065,-1.22757213342e-13,0
261.0,-0.01,0.07,-1.39096341856e-13,0
261.0,-0.01,0.075,-1.64059133434e-13,0
261.0,-0.005,0.07,-1.48191745012e-13,0
261.0,-0.005,0.075,-1.74766913622e-13,0
261.0,0,-0.075,-1.75509523907e-13,0
261.0,0,-0.07,-1.49183603486e-13,0
261.0,0.005,-0.075,-1.74566558933e-13,0
261.0,0.005,-0.07,-1.48551549658e-13,0
261.0,0,-0.065,-1.24045824509e-13,0
261.0,0.005,-0.065,-1.23726718194e-13,0
261.0,0,-0.06,-9.94458046909e-14,0
261.0,0.005,-0.06,-9.94715953788e-14,0
261.0,0,-0.055,-7.52908864992e-14,0
261.0,0.005,-0.055,-7.56640210957e-14,0
261.0,0,-0.05,-5.19123642927e-14,0
261.0,0.005,-0.05,-5.26309345621e-14,0
261.0,0,-0.045,-3.00286025661e-14,0
261.0,0.005,-0.045,-3.10664805518e-14,0
261.0,0,-0.04,-1.06882843491e-14,0
261.0,0.005,-0.04,-1.20028129493e-14,0
261.0,0,-0.035,4.80697748377e-15,0
261.0,0.005,-0.035,3.16154552981e-15,0
261.0,0,-0.03,1.66022886549e-14,0
261.0,0.005,-0.03,1.46937836301e-14,0
261.0,0,-0.025,2.56330214244e-14,0
261.0,0.005,-0.025,2.38765862339e-14,0
261.0,0,-0.02,3.1798092353e-14,0
261.0,0.005,-0.02,3.05663379185e-14,0
261.0,0,-0.015,3.4689717983e-14,0
261.0,0.005,-0.015,3.44400291236e-14,0
261.0,-0.0021196717084,-0.00776771017156,2.79420182211e-14,0
261.0,-0.00084550708518,-0.00631514607954,2.16770331611e-14,0
261.0,6.71033969406e-08,-0.005,1.18708672262e-14,0
261.0,-0.00139054260708,-0.0110960807567,3.32388588507e-14,0
261.0,0.00132468676756,-0.00775008274642,2.73675799767e-14,0
261.0,0.00160394440688,-0.0116908851489,3.37317671299e-14,0
261.0,0.005,-0.00939946851065,3.33425475963e-14,0
261.0,0.005,0.005,2.61043460387e-14,0
261.0,-0.000107646311398,0.00617659695633,2.06809229559e-14,0
261.0,-0.00190846935279,0.0076427502668,2.72084251236e-14,0
261.0,0.00131146485568,0.00777290068297,2.69390029768e-14,0
261.0,0.00295884413402,0.00640276348073,2.49629597611e-14,0
261.0,-1.21517769428e-05,0.0108932602996,3.25103671953e-14,0
261.0,0,0.015,3.45371979231e-14,0
261.0,0.005,0.00939942566771,3.28362812267e-14,0
261.0,0.005,0.015,3.44764302927e-14,0
261.0,0,0.02,3.20507137457e-14,0
261.0,0,0.025,2.6389641545e-14,0
261.0,0.005,0.02,3.1149264489e-14,0
261.0,0.005,0.025,2.49819714849e-14,0
261.0,0,0.03,1.77325543889e-14,0
261.0,0,0.035,5.97938473283e-15,0
261.0,0.005,0.03,1.61805701476e-14,0
261.0,0.005,0.035,4.78570686815e-15,0
261.0,0,0.04,-9.67459249075e-15,0
261.0,0,0.045,-2.93182439713e-14,0
261.0,0.005,0.04,-1.04659486026e-14,0
261.0,0.005,0.045,-2.9795260958e-14,0
261.0,0,0.05,-5.16892657463e-14,0
261.0,0,0.055,-7.57154615629e-14,0
261.0,0.005,0.05,-5.18140008313e-14,0
261.0,0.005,0.055,-7.54641216013e-14,0
261.0,0,0.06,-1.00640717827e-13,0
261.0,0,0.065,-1.26092289651e-13,0
261.0,0.005,0.06,-1.00008626173e-13,0
261.0,0.005,0.065,-1.2507466916e-13,0
261.0,0,0.07,-1.52125613905e-13,0
261.0,0,0.075,-1.79363974928e-13,0
261.0,0.005,0.07,-1.50742762419e-13,0
261.0,0.005,0.075,-1.77601204738e-13,0
261.0,0.01,-0.075,-1.67269663901e-13,0
261.0,0.01,-0.07,-1.42537422262e-13,0
261.0,0.015,-0.075,-1.5371118024e-13,0
261.0,0.015,-0.07,-1.31258207427e-13,0
261.0,0.01,-0.065,-1.19010725776e-13,0
261.0,0.015,-0.065,-1.09949308842e-13,0
261.0,0.01,-0.06,-9.60542417499e-14,0
261.0,0.015,-0.06,-8.92227662658e-14,0
261.0,0.01,-0.055,-7.35546636831e-14,0
261.0,0.015,-0.055,-6.89412686382e-14,0
261.0,0.01,-0.05,-5.1791546258e-14,0
261.0,0.015,-0.05,-4.93497125955e-14,0
261.0,0.01,-0.045,-3.14149539106e-14,0
261.0,0.015,-0.045,-3.10057679085e-14,0
261.0,0.01,-0.04,-1.34156455285e-14,0
261.0,0.015,-0.04,-1.47723894644e-14,0
261.0,0.01,-0.035,8.33613612433e-16,0
261.0,0.015,-0.035,-1.87341832335e-15,0
261.0,0.01,-0.03,1.17372846986e-14,0
261.0,0.015,-0.03,8.11986476936e-15,0
261.0,0.01,-0.025,2.08667423549e-14,0
261.0,0.015,-0.025,1.67647635575e-14,0
261.0,0.01,-0.02,2.80750614006e-14,0
261.0,0.01,-0.015,3.32984707667e-14,0
261.0,0.015,-0.02,2.40499098894e-14,0
261.0,0.015,-0.015,3.02043265514e-14,0
261.0,0.00999280436795,-0.0116358337096,3.5362953322e-14,0
261.0,0.0105889214373,-0.00845762197625,3.62947350379e-14,0
261.0,0.015,-0.01,3.48469876734e-14,0
261.0,0.00939947397025,-0.005,3.56143843249e-14,0
261.0,0.015,-0.005,3.75856518303e-14,0
261.0,0.00658051136513,-0.00296146438142,2.86311601273e-14,0
261.0,0.00636794669772,-3.54305826484e-06,2.46523489336e-14,0
261.0,0.00795807888052,-0.00113999998936,3.18132325617e-14,0
261.0,0.00758147027913,0.00183630393596,3.06564525441e-14,0
261.0,0.0112534647756,-1.47536350887e-07,3.7700985455e-14,0
261.0,0.015,4.16333634234e-19,3.86656492482e-14,0
261.0,0.00939942566771,0.005,3.51978242848e-14,0
261.0,0.015,0.005,3.76072111911e-14,0
261.0,0.00999018807453,0.0109670628501,3.55504684297e-14,0
261.0,0.01,0.015,3.36598567847e-14,0
261.0,0.015,0.01,3.51809740601e-14,0
261.0,0.015,0.015,3.10211276741e-14,0
261.0,0.01,0.02,2.90167302264e-14,0
261.0,0.01,0.025,2.22862095244e-14,0
261.0,0.015,0.02,2.53649821895e-14,0
261.0,0.015,0.025,1.85211884417e-14,0
261.0,0.01,0.03,1.35227074134e-14,0
261.0,0.01,0.035,2.85273483809e-15,0
261.0,0.015,0.03,1.02505380278e-14,0
261.0,0.015,0.035,5.45839481621e-16,0
261.0,0.01,0.04,-1.13696363937e-14,0
261.0,0.01,0.045,-2.95858511667e-14,0
261.0,0.015,0.04,-1.2249610318e-14,0
261.0,0.015,0.045,-2.86607273669e-14,0
261.0,0.01,0.05,-5.03891653681e-14,0
261.0,0.01,0.055,-7.27485343588e-14,0
261.0,0.015,0.05,-4.74174693539e-14,0
261.0,0.015,0.055,-6.75980365403e-14,0
261.0,0.01,0.06,-9.59613189538e-14,0
261.0,0.01,0.065,-1.19696126014e-13,0
261.0,0.015,0.06,-8.85799466764e-14,0
261.0,0.015,0.065,-1.10061474792e-13,0
261.0,0.01,0.07,-1.4402058016e-13,0
261.0,0.01,0.075,-1.69533604942e-13,0
261.0,0.015,0.07,-1.32131283968e-13,0
261.0,0.015,0.075,-1.55312468343e-13,0
261.0,0.02,-0.075,-1.34290599174e-13,0
261.0,0.02,-0.07,-1.14970464106e-13,0
261.0,0.025,-0.075,-1.09513982882e-13,0
261.0,0.025,-0.07,-9.41208898955e-14,0
261.0,0.02,-0.065,-9.67418200127e-14,0
261.0,0.025,-0.065,-7.97007198621e-14,0
261.0,0.02,-0.06,-7.90820942373e-14,0
261.0,0.025,-0.06,-6.58470318687e-14,0
261.0,0.02,-0.055,-6.18724924963e-14,0
261.0,0.025,-0.055,-5.24385594077e-14,0
261.0,0.02,-0.05,-4.52851207748e-14,0
261.0,0.025,-0.05,-3.96000244083e-14,0
261.0,0.02,-0.045,-2.97654967098e-14,0
261.0,0.025,-0.045,-2.76268627652e-14,0
261.0,0.02,-0.04,-1.59959650437e-14,0
261.0,0.025,-0.04,-1.69717849112e-14,0
261.0,0.02,-0.035,-4.93452747616e-15,0
261.0,0.025,-0.035,-8.27062282646e-15,0
261.0,0.02,-0.03,3.77530003302e-15,0
261.0,0.025,-0.03,-1.24928592266e-15,0
261.0,0.02,-0.025,1.14707496917e-14,0
261.0,0.025,-0.025,5.03180837238e-15,0
261.0,0.02,-0.02,1.82263981653e-14,0
261.0,0.025,-0.02,1.05994232924e-14,0
261.0,0.02,-0.015,2.43207015404e-14,0
261.0,0.025,-0.015,1.56176075298e-14,0
261.0,0.02,-0.01,2.94039833702e-14,0
261.0,0.025,-0.01,1.9713865906e-14,0
261.0,0.02,-0.005,3.25882539134e-14,0
261.0,0.025,-0.005,2.2551119207e-14,0
261.0,0.02,0,3.37745200806e-14,0
261.0,0.025,4.16333634234e-19,2.37853724014e-14,0
261.0,0.02,0.005,3.28829177344e-14,0
261.0,0.025,0.005,2.28613858375e-14,0
261.0,0.02,0.01,3.01039110009e-14,0
261.0,0.025,0.01,2.04617544873e-14,0
261.0,0.02,0.015,2.54889822326e-14,0
261.0,0.025,0.015,1.69074630828e-14,0
261.0,0.02,0.02,1.98397404459e-14,0
261.0,0.02,0.025,1.35189069761e-14,0
261.0,0.025,0.02,1.23758285613e-14,0
261.0,0.025,0.025,7.27992303995e-15,0
261.0,0.02,0.03,6.23400032754e-15,0
261.0,0.02,0.035,-2.12400452817e-15,0
261.0,0.025,0.03,1.47516682524e-15,0
261.0,0.025,0.035,-5.11958792131e-15,0
261.0,0.02,0.04,-1.30376189936e-14,0
261.0,0.02,0.045,-2.69794237249e-14,0
261.0,0.025,0.04,-1.36572858705e-14,0
261.0,0.025,0.045,-2.45252282284e-14,0
261.0,0.02,0.05,-4.29252520667e-14,0
261.0,0.02,0.055,-6.01109352669e-14,0
261.0,0.025,0.05,-3.69661544876e-14,0
261.0,0.025,0.055,-5.04268817163e-14,0
261.0,0.02,0.06,-7.80193844857e-14,0
261.0,0.02,0.065,-9.64186484778e-14,0
261.0,0.025,0.06,-6.45369592353e-14,0
261.0,0.025,0.065,-7.91181732817e-14,0
261.0,0.02,0.07,-1.1537958151e-13,0
261.0,0.02,0.075,-1.35386308346e-13,0
261.0,0.025,0.07,-9.42487249185e-14,0
261.0,0.025,0.075,-1.10298676007e-13,0
261.0,0.03,-0.075,-8.01587810897e-14,0
261.0,0.03,-0.07,-6.92909684939e-14,0
261.0,0.035,-0.075,-4.71054093796e-14,0
261.0,0.035,-0.07,-4.12221386812e-14,0
261.0,0.03,-0.065,-5.92768974645e-14,0
261.0,0.035,-0.065,-3.602814353e-14,0
261.0,0.03,-0.06,-4.98070872044e-14,0
261.0,0.035,-0.06,-3.13587095301e-14,0
261.0,0.03,-0.055,-4.07961868949e-14,0
261.0,0.035,-0.055,-2.71557083811e-14,0
261.0,0.03,-0.05,-3.2302667971e-14,0
261.0,0.035,-0.05,-2.34379385553e-14,0
261.0,0.03,-0.045,-2.44957612321e-14,0
261.0,0.035,-0.045,-2.02425362746e-14,0
261.0,0.03,-0.04,-1.75774366824e-14,0
261.0,0.035,-0.04,-1.75761330476e-14,0
261.0,0.03,-0.035,-1.17674154238e-14,0
261.0,0.035,-0.035,-1.52547054463e-14,0
261.0,0.03,-0.03,-6.84878290184e-15,0
261.0,0.035,-0.03,-1.285901004e-14,0
261.0,0.03,-0.025,-2.41207315109e-15,0
261.0,0.035,-0.025,-1.06597367202e-14,0
261.0,0.03,-0.02,1.47437619175e-15,0
261.0,0.035,-0.02,-8.79810619308e-15,0
261.0,0.03,-0.015,4.90982294171e-15,0
261.0,0.035,-0.015,-7.06044009173e-15,0
261.0,0.03,-0.01,7.73712691258e-15,0
261.0,0.035,-0.01,-5.53475819626e-15,0
261.0,0.03,-0.005,9.90743061031e-15,0
261.0,0.035,-0.005,-4.21578157682e-15,0
261.0,0.03,0,1.094728921e-14,0
261.0,0.035,4.16333634234e-19,-3.46114621812e-15,0
261.0,0.03,0.005,1.02570734366e-14,0
261.0,0.035,0.005,-3.74860498636e-15,0
261.0,0.03,0.01,8.52573089376e-15,0
261.0,0.035,0.01,-4.579870803e-15,0
261.0,0.03,0.015,6.24154568927e-15,0
261.0,0.035,0.015,-5.57619476358e-15,0
261.0,0.03,0.02,3.33339668234e-15,0
261.0,0.035,0.02,-6.80806873224e-15,0
261.0,0.03,0.025,-5.84570328605e-17,0
261.0,0.035,0.025,-8.23528510036e-15,0
261.0,0.03,0.03,-3.94361656094e-15,0
261.0,0.03,0.035,-8.35109263433e-15,0
261.0,0.035,0.03,-9.87238181669e-15,0
261.0,0.035,0.035,-1.17319630412e-14,0
261.0,0.03,0.04,-1.404769922e-14,0
261.0,0.03,0.045,-2.12764846792e-14,0
261.0,0.035,0.04,-1.41222377589e-14,0
261.0,0.035,0.045,-1.72042910347e-14,0
261.0,0.03,0.05,-2.9609719805e-14,0
261.0,0.03,0.055,-3.87429175162e-14,0
261.0,0.035,0.05,-2.09436374962e-14,0
261.0,0.035,0.055,-2.52839669212e-14,0
261.0,0.03,0.06,-4.8450387697e-14,0
261.0,0.03,0.065,-5.86330808702e-14,0
261.0,0.035,0.06,-3.0160143275e-14,0
261.0,0.035,0.065,-3.5519554151e-14,0
261.0,0.03,0.07,-6.9338516539e-14,0
261.0,0.03,0.075,-8.08439935872e-14,0
261.0,0.035,0.07,-4.13883878863e-14,0
261.0,0.035,0.075,-4.79004428195e-14,0
261.0,0.04,-0.075,-1.14202635524e-14,0
261.0,0.04,-0.07,-1.07622718816e-14,0
261.0,0.045,-0.075,2.57668350726e-14,0
261.0,0.045,-0.07,2.11541774267e-14,0
261.0,0.04,-0.065,-1.06244811945e-14,0
261.0,0.045,-0.065,1.61931168286e-14,0
261.0,0.04,-0.06,-1.09815939417e-14,0
261.0,0.045,-0.06,1.07564409124e-14,0
261.0,0.04,-0.055,-1.18210449424e-14,0
261.0,0.045,-0.055,4.81439409793e-15,0
261.0,0.04,-0.05,-1.31131134012e-14,0
261.0,0.045,-0.05,-1.56673818744e-15,0
261.0,0.04,-0.045,-1.47838443683e-14,0
261.0,0.045,-0.045,-8.20554156216e-15,0
261.0,0.04,-0.04,-1.66315663215e-14,0
261.0,0.045,-0.04,-1.47917844498e-14,0
261.0,0.04,-0.035,-1.8223851178e-14,0
261.0,0.045,-0.035,-2.07863899232e-14,0
261.0,0.04,-0.03,-1.92133706991e-14,0
261.0,0.045,-0.03,-2.56462772001e-14,0
261.0,0.04,-0.025,-1.97890798116e-14,0
261.0,0.045,-0.025,-2.94707025786e-14,0
261.0,0.04,-0.02,-2.00632268322e-14,0
261.0,0.045,-0.02,-3.20704401829e-14,0
261.0,0.04,-0.015,-2.00954336346e-14,0
261.0,0.045,-0.015,-3.40014059612e-14,0
261.0,0.04,-0.01,-1.9911576754e-14,0
261.0,0.045,-0.01,-3.52943410566e-14,0
261.0,0.04,-0.005,-1.94816402511e-14,0
261.0,0.045,-0.005,-3.58694407168e-14,0
261.0,0.04,0,-1.90396943064e-14,0
261.0,0.045,4.16333634234e-19,-3.58235278083e-14,0
261.0,0.04,0.005,-1.88700839903e-14,0
261.0,0.045,0.005,-3.5084540261e-14,0
261.0,0.04,0.01,-1.87259179254e-14,0
261.0,0.045,0.01,-3.38431608056e-14,0
261.0,0.04,0.015,-1.8345461084e-14,0
261.0,0.045,0.015,-3.19419865839e-14,0
261.0,0.04,0.02,-1.77753606133e-14,0
261.0,0.045,0.02,-2.94033830152e-14,0
261.0,0.04,0.025,-1.70338275332e-14,0
261.0,0.045,0.025,-2.62775918145e-14,0
261.0,0.04,0.03,-1.61362225285e-14,0
261.0,0.045,0.03,-2.25409050601e-14,0
261.0,0.04,0.035,-1.50980127771e-14,0
261.0,0.045,0.035,-1.82473451936e-14,0
261.0,0.04,0.04,-1.3730263653e-14,0
261.0,0.04,0.045,-1.22431466934e-14,0
261.0,0.045,0.04,-1.25808366977e-14,0
261.0,0.045,0.045,-6.27552457203e-15,0
261.0,0.04,0.05,-1.10468468964e-14,0
261.0,0.04,0.055,-1.03227723358e-14,0
261.0,0.045,0.05,-3.68390874248e-17,0
261.0,0.045,0.055,5.82837239689e-15,0
261.0,0.04,0.06,-1.01155843457e-14,0
261.0,0.04,0.065,-1.04220367946e-14,0
261.0,0.045,0.06,1.1173138378e-14,0
261.0,0.045,0.065,1.5965145946e-14,0
261.0,0.04,0.07,-1.12215120551e-14,0
261.0,0.04,0.075,-1.25094925291e-14,0
261.0,0.045,0.07,2.02684209987e-14,0
261.0,0.045,0.075,2.42382889369e-14,0
261.0,0.05,-0.075,6.32976888649e-14,0
261.0,0.05,-0.07,5.35747715821e-14,0
261.0,0.055,-0.075,1.0006013772e-13,0
261.0,0.055,-0.07,8.56089508974e-14,0
261.0,0.05,-0.065,4.36533386456e-14,0
261.0,0.055,-0.065,7.10348220018e-14,0
261.0,0.05,-0.06,3.32479411206e-14,0
261.0,0.055,-0.06,5.59040564974e-14,0
261.0,0.05,-0.055,2.22799010979e-14,0
261.0,0.055,-0.055,4.00961506106e-14,0
261.0,0.05,-0.05,1.08570231725e-14,0
261.0,0.055,-0.05,2.37500907207e-14,0
261.0,0.05,-0.045,-7.52015603849e-16,0
261.0,0.055,-0.045,7.2313730421e-15,0
261.0,0.05,-0.04,-1.21092747383e-14,0
261.0,0.055,-0.04,-8.9337967863e-15,0
261.0,0.05,-0.035,-2.26371559274e-14,0
261.0,0.055,-0.035,-2.4103171018e-14,0
261.0,0.05,-0.03,-3.17649944962e-14,0
261.0,0.055,-0.03,-3.76834466487e-14,0
261.0,0.05,-0.025,-3.92431903258e-14,0
261.0,0.055,-0.025,-4.92350845702e-14,0
261.0,0.05,-0.02,-4.49755121799e-14,0
261.0,0.055,-0.02,-5.85559911131e-14,0
261.0,0.05,-0.015,-4.93055297564e-14,0
261.0,0.055,-0.015,-6.57359302802e-14,0
261.0,0.05,-0.01,-5.23479023091e-14,0
261.0,0.055,-0.01,-7.08093806875e-14,0
261.0,0.05,-0.005,-5.40516242609e-14,0
261.0,0.055,-0.005,-7.37214157173e-14,0
261.0,0.05,0,-5.43491736043e-14,0
261.0,0.055,4.16333634234e-19,-7.43878659337e-14,0
261.0,0.05,0.005,-5.31519408215e-14,0
261.0,0.055,0.005,-7.27670031298e-14,0
261.0,0.05,0.01,-5.06697165307e-14,0
261.0,0.055,0.01,-6.9017526698e-14,0
261.0,0.05,0.015,-4.69654662847e-14,0
261.0,0.055,0.015,-6.32743689724e-14,0
261.0,0.05,0.02,-4.20726282648e-14,0
261.0,0.055,0.02,-5.5623988274e-14,0
261.0,0.05,0.025,-3.60231395813e-14,0
261.0,0.055,0.025,-4.61505437808e-14,0
261.0,0.05,0.03,-2.88057315868e-14,0
261.0,0.055,0.03,-3.49150071484e-14,0
261.0,0.05,0.035,-2.03265687724e-14,0
261.0,0.055,0.035,-2.19547331293e-14,0
261.0,0.05,0.04,-1.02957389315e-14,0
261.0,0.055,0.04,-7.34261899498e-15,0
261.0,0.05,0.045,6.89868002943e-16,0
261.0,0.055,0.045,8.33796852877e-15,0
261.0,0.05,0.05,1.18789078075e-14,0
261.0,0.05,0.055,2.27893820542e-14,0
261.0,0.055,0.05,2.4352558185e-14,0
261.0,0.055,0.055,4.01359586132e-14,0
261.0,0.05,0.06,3.31639671231e-14,0
261.0,0.05,0.065,4.29243968973e-14,0
261.0,0.055,0.06,5.53196332774e-14,0
261.0,0.055,0.065,6.97808384335e-14,0
261.0,0.05,0.07,5.21775743112e-14,0
261.0,0.05,0.075,6.12339810666e-14,0
261.0,0.055,0.07,8.36615490671e-14,0
261.0,0.055,0.075,9.74124502016e-14,0
261.0,0.06,-0.075,1.35159378976e-13,0
261.0,0.06,-0.07,1.16529879677e-13,0
261.0,0.065,-0.075,1.67947476105e-13,0
261.0,0.065,-0.07,1.45910744567e-13,0
261.0,0.06,-0.065,9.7756601736e-14,0
261.0,0.065,-0.065,1.23509859288e-13,0
261.0,0.06,-0.06,7.82509686635e-14,0
261.0,0.065,-0.06,1.00026061978e-13,0
261.0,0.06,-0.055,5.7850298512e-14,0
261.0,0.065,-0.055,7.53021364931e-14,0
261.0,0.06,-0.05,3.67447685783e-14,0
261.0,0.065,-0.05,4.95877461636e-14,0
261.0,0.06,-0.045,1.53807458088e-14,0
261.0,0.065,-0.045,2.34450160244e-14,0
261.0,0.06,-0.04,-5.60690760322e-15,0
261.0,0.065,-0.04,-2.37925736738e-15,0
261.0,0.06,-0.035,-2.55054293959e-14,0
261.0,0.065,-0.035,-2.705005074e-14,0
261.0,0.06,-0.03,-4.36235535523e-14,0
261.0,0.065,-0.03,-4.97586990301e-14,0
261.0,0.06,-0.025,-5.94048019965e-14,0
261.0,0.065,-0.025,-6.980680029e-14,0
261.0,0.06,-0.02,-7.24830249029e-14,0
261.0,0.065,-0.02,-8.66694238203e-14,0
261.0,0.06,-0.015,-8.27104598351e-14,0
261.0,0.065,-0.015,-9.99867965046e-14,0
261.0,0.06,-0.01,-8.99791245655e-14,0
261.0,0.065,-0.01,-1.09526796815e-13,0
261.0,0.06,-0.005,-9.42016088576e-14,0
261.0,0.065,-0.005,-1.15114769237e-13,0
261.0,0.06,0,-9.52902029739e-14,0
261.0,0.065,4.16333634234e-19,-1.16665643239e-13,0
261.0,0.06,0.005,-9.32457091321e-14,0
261.0,0.065,0.005,-1.14174671451e-13,0
261.0,0.06,0.01,-8.81796597181e-14,0
261.0,0.065,0.01,-1.07757691558e-13,0
261.0,0.06,0.015,-8.0259558264e-14,0
261.0,0.065,0.015,-9.75927790091e-14,0
261.0,0.06,0.02,-6.96392632514e-14,0
261.0,0.065,0.02,-8.39250689538e-14,0
261.0,0.06,0.025,-5.65000265669e-14,0
261.0,0.065,0.025,-6.70333913865e-14,0
261.0,0.06,0.03,-4.10241479433e-14,0
261.0,0.065,0.03,-4.72722586319e-14,0
261.0,0.06,0.035,-2.34550080356e-14,0
261.0,0.065,0.035,-2.50784375247e-14,0
261.0,0.06,0.04,-4.15307156613e-15,0
261.0,0.065,0.04,-1.03340124059e-15,0
261.0,0.06,0.045,1.62468844655e-14,0
261.0,0.065,0.045,2.41196321185e-14,0
261.0,0.06,0.05,3.70077970215e-14,0
261.0,0.065,0.05,4.95634970697e-14,0
261.0,0.06,0.055,5.74726997577e-14,0
261.0,0.065,0.055,7.45527398954e-14,0
261.0,0.06,0.06,7.71925766919e-14,0
261.0,0.06,0.065,9.59860934727e-14,0
261.0,0.065,0.06,9.85277495067e-14,0
261.0,0.065,0.065,1.21246791287e-13,0
261.0,0.06,0.07,1.14028948833e-13,0
261.0,0.06,0.075,1.31919415659e-13,0
261.0,0.065,0.07,1.42875205895e-13,0
261.0,0.065,0.075,1.64134425602e-13,0
261.0,0.07,-0.075,1.9834286094e-13,0
261.0,0.07,-0.07,1.73793161575e-13,0
261.0,0.075,-0.075,2.26906254208e-13,0
261.0,0.075,-0.07,2.00884967542e-13,0
261.0,0.07,-0.065,1.48372811891e-13,0
261.0,0.075,-0.065,1.72983527885e-13,0
261.0,0.07,-0.06,1.21298899685e-13,0
261.0,0.075,-0.06,1.42567928877e-13,0
261.0,0.07,-0.055,9.24574252679e-14,0
261.0,0.075,-0.055,1.09651694065e-13,0
261.0,0.07,-0.05,6.22222061297e-14,0
261.0,0.075,-0.05,7.48252614155e-14,0
261.0,0.07,-0.045,3.12962504506e-14,0
261.0,0.075,-0.045,3.89564658237e-14,0
261.0,0.07,-0.04,5.80392252522e-16,0
261.0,0.075,-0.04,3.15158526064e-15,0
261.0,0.07,-0.035,-2.89408775423e-14,0
261.0,0.075,-0.035,-3.14186701867e-14,0
261.0,0.07,-0.03,-5.63045279369e-14,0
261.0,0.075,-0.03,-6.36179000548e-14,0
261.0,0.07,-0.025,-8.06583267668e-14,0
261.0,0.075,-0.025,-9.23977836571e-14,0
261.0,0.07,-0.02,-1.01303809946e-13,0
261.0,0.075,-0.02,-1.16924911833e-13,0
261.0,0.07,-0.015,-1.17727891732e-13,0
261.0,0.075,-0.015,-1.36493363481e-13,0
261.0,0.07,-0.01,-1.29549094074e-13,0
261.0,0.075,-0.01,-1.50656507437e-13,0
261.0,0.07,-0.005,-1.3653662444e-13,0
261.0,0.075,-0.005,-1.59044930854e-13,0
261.0,0.07,0,-1.38550259001e-13,0
261.0,0.075,0,-1.61541489062e-13,0
261.0,0.07,0.005,-1.35600597039e-13,0
261.0,0.075,0.005,-1.58082120387e-13,0
261.0,0.07,0.01,-1.27790261066e-13,0
261.0,0.075,0.01,-1.48850191294e-13,0
261.0,0.07,0.015,-1.15357138564e-13,0
261.0,0.075,0.015,-1.34066644921e-13,0
261.0,0.07,0.02,-9.86024787182e-14,0
261.0,0.075,0.02,-1.14171838767e-13,0
261.0,0.07,0.025,-7.79425783361e-14,0
261.0,0.075,0.025,-8.96443026093e-14,0
261.0,0.07,0.03,-5.38734853515e-14,0
261.0,0.075,0.03,-6.11712868765e-14,0
261.0,0.07,0.035,-2.70278941112e-14,0
261.0,0.075,0.035,-2.95267689693e-14,0
261.0,0.07,0.04,1.82820862962e-15,0
261.0,0.075,0.04,4.32111551321e-15,0
261.0,0.07,0.045,3.18004265042e-14,0
261.0,0.075,0.045,3.93046149184e-14,0
261.0,0.07,0.05,6.19407133363e-14,0
261.0,0.075,0.05,7.43019599321e-14,0
261.0,0.07,0.055,9.13672961787e-14,0
261.0,0.075,0.055,1.08237146346e-13,0
261.0,0.07,0.06,1.19389292332e-13,0
261.0,0.075,0.06,1.40261697998e-13,0
261.0,0.07,0.065,1.4564273504e-13,0
261.0,0.075,0.065,1.69800551184e-13,0
261.0,0.07,0.07,1.70248668754e-13,0
261.0,0.07,0.075,1.93988524538e-13,0
261.0,0.075,0.07,1.96848174988e-13,0
261.0,0.075,0.075,2.22038077128e-13,0
266.0,-0.00382671281566,-0.00202612167119,0,0
266.0,-0.005,-0.005,2.62023890715e-14,0
266.0,-0.00197892066871,-0.00385133392306,0,0
266.0,-0.005,-0.00190753787223,1.55758541818e-14,0
266.0,-0.00433,0,0,0
266.0,-0.00190753787223,-0.005,1.55018311225e-14,0
266.0,0,-0.00433,0,0
266.0,-0.005,0.00190775150599,1.56009276758e-14,0
266.0,-0.00385133392306,0.00197892066871,0,0
266.0,0.00190775150599,-0.005,1.54634815209e-14,0
266.0,0.00202612167119,-0.00382671281566,0,0
266.0,-0.00202612167119,0.00382671281566,0,0
266.0,-0.005,0.005,2.61736572438e-14,0
266.0,-0.0019094272225,0.005,1.54702084385e-14,0
266.0,0,0.00433,0,0
266.0,0.00147766755988,0.00407006125046,0,0
266.0,8.32667268469e-19,0.005,1.17283596956e-14,0
266.0,0.00433,0,0,0
266.0,0.005,1.38777878078e-18,1.14079760541e-14,0
266.0,0.00407006125046,0.00147766755988,0,0
266.0,0.005,-0.005,2.70422384768e-14,0
266.0,0.00385133392306,-0.00197892066871,0,0
266.0,0.005,-0.0019094272225,1.56963288554e-14,0
266.0,0.00306177236254,0.00306177236254,0,0
266.0,0.0019094272225,0.005,1.56211491498e-14,0
266.0,0.005,0.0019094272225,1.57031209311e-14,0
266.0,-0.000885,-0.0015328649647,1.27151579135e-12,0
266.0,-0.0015328649647,-0.000885,1.27163817261e-12,0
266.0,-0.00186450691264,-0.00187567167242,8.43022559723e-13,0
266.0,-0.00177,0,1.27132990712e-12,0
266.0,-0.00268433516245,-0.000738983120158,7.59104374031e-13,0
266.0,0,-0.00177,1.27147742915e-12,0
266.0,-0.000718432264205,-0.00269192408424,7.57398212682e-13,0
266.0,-0.0015328649647,0.000885,1.26982543594e-12,0
266.0,-0.00265321485144,0.000647311733689,7.89887237213e-13,0
266.0,-0.000885,0.0015328649647,1.26819792844e-12,0
266.0,-0.00194719253591,0.00178443766524,8.43948864434e-13,0
266.0,0,0.00177,1.26409177073e-12,0
266.0,-0.000802720381054,0.00273415977115,7.17498027025e-13,0
266.0,0.000885,-0.0015328649647,1.27016626993e-12,0
266.0,0.00075154031863,-0.00270385456952,7.45288264712e-13,0
266.0,0.00177,0,1.26243153519e-12,0
266.0,0.0015328649647,-0.000885,1.26801385291e-12,0
266.0,0.00271471102228,-0.000564731152102,7.60911996387e-13,0
266.0,0.00192394637685,-0.00189207206672,8.10093510769e-13,0
266.0,0.00231817117671,0.00040530921667,9.8790759772e-13,0
266.0,0.0015328649647,0.000885,1.26069789835e-12,0
266.0,0.000885,0.0015328649647,1.26140295693e-12,0
266.0,0.000427053001345,0.00287092483521,6.82187615283e-13,0
266.0,0.00187618296239,0.00184774001435,8.33337849011e-13,0
266.0,0.00312733402203,0.000607809752493,5.19197661247e-13,0
266.0,0.00276214303706,0.00136595635004,5.76857814022e-13,0
266.0,0.0014100336009,0.00268674970267,6.04770032792e-13,0
266.0,-0.075,-0.075,1.88071783889e-13,0
266.0,-0.07,-0.075,1.68107837846e-13,0
266.0,-0.075,-0.07,1.62622985172e-13,0
266.0,-0.07,-0.07,1.43999419624e-13,0
266.0,-0.075,-0.065,1.35512900749e-13,0
266.0,-0.07,-0.065,1.19180666801e-13,0
266.0,-0.065,-0.075,1.46389736307e-13,0
266.0,-0.065,-0.07,1.24548928588e-13,0
266.0,-0.065,-0.065,1.02499679251e-13,0
266.0,-0.075,-0.06,1.06234982563e-13,0
266.0,-0.07,-0.06,9.29960934695e-14,0
266.0,-0.065,-0.06,7.96239479584e-14,0
266.0,-0.075,-0.055,7.48745597735e-14,0
266.0,-0.07,-0.055,6.54026698939e-14,0
266.0,-0.065,-0.055,5.58252090735e-14,0
266.0,-0.075,-0.05,4.20443038315e-14,0
266.0,-0.07,-0.05,3.68048646726e-14,0
266.0,-0.065,-0.05,3.13814127272e-14,0
266.0,-0.075,-0.045,8.59491328099e-15,0
266.0,-0.07,-0.045,7.89597428093e-15,0
266.0,-0.065,-0.045,6.8581581635e-15,0
266.0,-0.075,-0.04,-2.44312229051e-14,0
266.0,-0.07,-0.04,-2.04702343619e-14,0
266.0,-0.075,-0.035,-5.59721587131e-14,0
266.0,-0.07,-0.035,-4.74040438542e-14,0
266.0,-0.065,-0.04,-1.70270178796e-14,0
266.0,-0.065,-0.035,-3.9513116197e-14,0
266.0,-0.075,-0.03,-8.50362395787e-14,0
266.0,-0.07,-0.03,-7.20815298807e-14,0
266.0,-0.075,-0.025,-1.10734221333e-13,0
266.0,-0.07,-0.025,-9.38122522649e-14,0
266.0,-0.065,-0.03,-5.99315572202e-14,0
266.0,-0.065,-0.025,-7.77716919835e-14,0
266.0,-0.075,-0.02,-1.323627667e-13,0
266.0,-0.07,-0.02,-1.12024029043e-13,0
266.0,-0.075,-0.015,-1.49296637217e-13,0
266.0,-0.07,-0.015,-1.26269537193e-13,0
266.0,-0.065,-0.02,-9.26577906992e-14,0
266.0,-0.065,-0.015,-1.04266259816e-13,0
266.0,-0.075,-0.01,-1.61115799528e-13,0
266.0,-0.07,-0.01,-1.36167396064e-13,0
266.0,-0.075,-0.005,-1.67464232878e-13,0
266.0,-0.07,-0.005,-1.41468881816e-13,0
266.0,-0.065,-0.01,-1.12323442484e-13,0
266.0,-0.065,-0.005,-1.16589247471e-13,0
266.0,-0.075,0,-1.68242998613e-13,0
266.0,-0.07,0,-1.42037913421e-13,0
266.0,-0.075,0.005,-1.6345575136e-13,0
266.0,-0.07,0.005,-1.37934157834e-13,0
266.0,-0.065,4.16333634234e-19,-1.1695400207e-13,0
266.0,-0.065,0.005,-1.13453379317e-13,0
266.0,-0.075,0.01,-1.53383281063e-13,0
266.0,-0.07,0.01,-1.29362562094e-13,0
266.0,-0.075,0.015,-1.38383930975e-13,0
266.0,-0.07,0.015,-1.16698604308e-13,0
266.0,-0.065,0.01,-1.06302494314e-13,0
266.0,-0.065,0.015,-9.58404948208e-14,0
266.0,-0.075,0.02,-1.19014693633e-13,0
266.0,-0.07,0.02,-1.00378303093e-13,0
266.0,-0.075,0.025,-9.58338465954e-14,0
266.0,-0.07,0.025,-8.09018118024e-14,0
266.0,-0.065,0.02,-8.24860812074e-14,0
266.0,-0.065,0.025,-6.66127886856e-14,0
266.0,-0.075,0.03,-6.9522019553e-14,0
266.0,-0.07,0.03,-5.87651220772e-14,0
266.0,-0.075,0.035,-4.07819338872e-14,0
266.0,-0.07,0.035,-3.45294022231e-14,0
266.0,-0.065,0.03,-4.8575049852e-14,0
266.0,-0.065,0.035,-2.87300345862e-14,0
266.0,-0.075,0.04,-1.04377658755e-14,0
266.0,-0.07,0.04,-8.83035342051e-15,0
266.0,-0.075,0.045,2.061571515e-14,0
266.0,-0.07,0.045,1.75981549762e-14,0
266.0,-0.065,0.04,-7.53271923833e-15,0
266.0,-0.065,0.045,1.44248889304e-14,0
266.0,-0.075,0.05,5.14518803948e-14,0
266.0,-0.07,0.05,4.3979828518e-14,0
266.0,-0.075,0.055,8.11777821972e-14,0
266.0,-0.07,0.055,6.95930804705e-14,0
266.0,-0.065,0.05,3.64802283807e-14,0
266.0,-0.065,0.055,5.80303252402e-14,0
266.0,-0.075,0.06,1.09101365157e-13,0
266.0,-0.07,0.06,9.38803579274e-14,0
266.0,-0.075,0.065,1.34758511114e-13,0
266.0,-0.07,0.065,1.16564260629e-13,0
266.0,-0.065,0.06,7.86297508436e-14,0
266.0,-0.065,0.065,9.81096197256e-14,0
266.0,-0.075,0.07,1.58181622854e-13,0
266.0,-0.07,0.07,1.37786699255e-13,0
266.0,-0.075,0.075,1.79950497589e-13,0
266.0,-0.07,0.075,1.58259714884e-13,0
266.0,-0.065,0.07,1.16650896156e-13,0
266.0,-0.065,0.075,1.3491525636e-13,0
266.0,-0.06,-0.075,1.22236362361e-13,0
266.0,-0.06,-0.07,1.03472725245e-13,0
266.0,-0.06,-0.065,8.4750467396e-14,0
266.0,-0.055,-0.075,9.55015390256e-14,0
266.0,-0.055,-0.07,8.05347335631e-14,0
266.0,-0.055,-0.065,6.56814909807e-14,0
266.0,-0.06,-0.06,6.5542796725e-14,0
266.0,-0.06,-0.055,4.57254570572e-14,0
266.0,-0.055,-0.06,5.05241408703e-14,0
266.0,-0.055,-0.055,3.49501827949e-14,0
266.0,-0.06,-0.05,2.55107223747e-14,0
266.0,-0.055,-0.05,1.91012974978e-14,0
266.0,-0.06,-0.045,5.35263479595e-15,0
266.0,-0.055,-0.045,3.35254092556e-15,0
266.0,-0.06,-0.04,-1.41142844534e-14,0
266.0,-0.055,-0.04,-1.17492966647e-14,0
266.0,-0.06,-0.035,-3.22120858651e-14,0
266.0,-0.055,-0.035,-2.55254823493e-14,0
266.0,-0.06,-0.03,-4.83854013365e-14,0
266.0,-0.06,-0.025,-6.2340803656e-14,0
266.0,-0.055,-0.03,-3.74730414706e-14,0
266.0,-0.055,-0.025,-4.75627436988e-14,0
266.0,-0.06,-0.02,-7.39010462876e-14,0
266.0,-0.06,-0.015,-8.29172731376e-14,0
266.0,-0.055,-0.02,-5.58444895761e-14,0
266.0,-0.055,-0.015,-6.23123877248e-14,0
266.0,-0.06,-0.01,-8.91720461494e-14,0
266.0,-0.06,-0.005,-9.24412575086e-14,0
266.0,-0.055,-0.01,-6.68384893362e-14,0
266.0,-0.055,-0.005,-6.9143625825e-14,0
266.0,-0.06,0,-9.25896997949e-14,0
266.0,-0.06,0.005,-8.96580782137e-14,0
266.0,-0.055,4.16333634234e-19,-6.90877906794e-14,0
266.0,-0.055,0.005,-6.66967005507e-14,0
266.0,-0.06,0.01,-8.38442499936e-14,0
266.0,-0.06,0.015,-7.55101447281e-14,0
266.0,-0.055,0.01,-6.21667628917e-14,0
266.0,-0.055,0.015,-5.58679572922e-14,0
266.0,-0.06,0.02,-6.50608941735e-14,0
266.0,-0.06,0.025,-5.27828284226e-14,0
266.0,-0.055,0.02,-4.82787487546e-14,0
266.0,-0.055,0.025,-3.95337087698e-14,0
266.0,-0.06,0.03,-3.88331798907e-14,0
266.0,-0.06,0.035,-2.33609792908e-14,0
266.0,-0.055,0.03,-2.96192623938e-14,0
266.0,-0.055,0.035,-1.84732064402e-14,0
266.0,-0.06,0.04,-6.60301492703e-15,0
266.0,-0.06,0.045,1.09458132027e-14,0
266.0,-0.055,0.04,-6.06387565697e-15,0
266.0,-0.055,0.045,7.14124441479e-15,0
266.0,-0.06,0.05,2.8689957307e-14,0
266.0,-0.06,0.055,4.60979063427e-14,0
266.0,-0.055,0.05,2.05399448381e-14,0
266.0,-0.055,0.055,3.36802601439e-14,0
266.0,-0.06,0.06,6.28218795098e-14,0
266.0,-0.06,0.065,7.87455172813e-14,0
266.0,-0.055,0.06,4.62835338139e-14,0
266.0,-0.055,0.065,5.82907211334e-14,0
266.0,-0.06,0.07,9.40630914707e-14,0
266.0,-0.06,0.075,1.09331412143e-13,0
266.0,-0.055,0.07,6.98702289707e-14,0
266.0,-0.055,0.075,8.14559297994e-14,0
266.0,-0.05,-0.075,6.65322813347e-14,0
266.0,-0.05,-0.07,5.59034638218e-14,0
266.0,-0.045,-0.075,3.5900587497e-14,0
266.0,-0.045,-0.07,3.00247108167e-14,0
266.0,-0.05,-0.065,4.53737320249e-14,0
266.0,-0.045,-0.065,2.41570308193e-14,0
266.0,-0.05,-0.06,3.46253633684e-14,0
266.0,-0.05,-0.055,2.35539206839e-14,0
266.0,-0.045,-0.06,1.80954066991e-14,0
266.0,-0.045,-0.055,1.17502094352e-14,0
266.0,-0.05,-0.05,1.22431264696e-14,0
266.0,-0.05,-0.045,9.49480051535e-16,0
266.0,-0.045,-0.05,5.13863514804e-15,0
266.0,-0.045,-0.045,-1.6042054614e-15,0
266.0,-0.05,-0.04,-9.85785586087e-15,0
266.0,-0.045,-0.04,-8.18689288967e-15,0
266.0,-0.05,-0.035,-1.94831940645e-14,0
266.0,-0.045,-0.035,-1.39590086366e-14,0
266.0,-0.05,-0.03,-2.7343570614e-14,0
266.0,-0.045,-0.03,-1.81580839138e-14,0
266.0,-0.05,-0.025,-3.37641013888e-14,0
266.0,-0.045,-0.025,-2.15111978601e-14,0
266.0,-0.05,-0.02,-3.89450323802e-14,0
266.0,-0.05,-0.015,-4.2973219255e-14,0
266.0,-0.045,-0.02,-2.40554848884e-14,0
266.0,-0.045,-0.015,-2.58100723641e-14,0
266.0,-0.05,-0.01,-4.58457527551e-14,0
266.0,-0.05,-0.005,-4.72122009191e-14,0
266.0,-0.045,-0.01,-2.70025178444e-14,0
266.0,-0.045,-0.005,-2.73679800854e-14,0
266.0,-0.05,0,-4.69476907738e-14,0
266.0,-0.05,0.005,-4.51135831596e-14,0
266.0,-0.045,4.16333634234e-19,-2.68943945951e-14,0
266.0,-0.045,0.005,-2.56507118255e-14,0
266.0,-0.05,0.01,-4.18476418677e-14,0
266.0,-0.05,0.015,-3.7509215129e-14,0
266.0,-0.045,0.01,-2.37365592261e-14,0
266.0,-0.045,0.015,-2.13713216464e-14,0
266.0,-0.05,0.02,-3.26569507613e-14,0
266.0,-0.05,0.025,-2.72259918116e-14,0
266.0,-0.045,0.02,-1.90584434507e-14,0
266.0,-0.045,0.025,-1.64136373205e-14,0
266.0,-0.05,0.03,-2.109311584e-14,0
266.0,-0.05,0.035,-1.40674781611e-14,0
266.0,-0.045,0.03,-1.34190909005e-14,0
266.0,-0.045,0.035,-1.00605886378e-14,0
266.0,-0.05,0.04,-5.82184223058e-15,0
266.0,-0.05,0.045,3.12433725444e-15,0
266.0,-0.045,0.04,-5.62173218373e-15,0
266.0,-0.045,0.045,-8.34060119861e-16,0
266.0,-0.05,0.05,1.21500922498e-14,0
266.0,-0.05,0.055,2.08745393582e-14,0
266.0,-0.045,0.05,3.75196042638e-15,0
266.0,-0.045,0.055,7.93241085228e-15,0
266.0,-0.05,0.06,2.91267100769e-14,0
266.0,-0.05,0.065,3.68928724855e-14,0
266.0,-0.045,0.06,1.16487555642e-14,0
266.0,-0.045,0.065,1.49405114477e-14,0
266.0,-0.05,0.07,4.43193607583e-14,0
266.0,-0.05,0.075,5.17230562403e-14,0
266.0,-0.045,0.07,1.792366951e-14,0
266.0,-0.045,0.075,2.0785630142e-14,0
266.0,-0.04,-0.075,4.41370632422e-15,0
266.0,-0.04,-0.07,3.51784984791e-15,0
266.0,-0.035,-0.075,-2.70365258007e-14,0
266.0,-0.035,-0.07,-2.2893493151e-14,0
266.0,-0.04,-0.065,2.51021778975e-15,0
266.0,-0.035,-0.065,-1.90015068377e-14,0
266.0,-0.04,-0.06,1.30086651144e-15,0
266.0,-0.035,-0.06,-1.5341395885e-14,0
266.0,-0.04,-0.055,-1.83844841389e-16,0
266.0,-0.035,-0.055,-1.19654184194e-14,0
266.0,-0.04,-0.05,-1.98318087203e-15,0
266.0,-0.04,-0.045,-4.08163744767e-15,0
266.0,-0.035,-0.05,-8.97843452863e-15,0
266.0,-0.035,-0.045,-6.48776954808e-15,0
266.0,-0.04,-0.04,-6.33793153267e-15,0
266.0,-0.04,-0.035,-8.39091072297e-15,0
266.0,-0.035,-0.04,-4.58270099438e-15,0
266.0,-0.035,-0.035,-3.31909485647e-15,0
266.0,-0.04,-0.03,-9.8874344887e-15,0
266.0,-0.035,-0.03,-2.425165794e-15,0
266.0,-0.04,-0.025,-1.09077893144e-14,0
266.0,-0.035,-0.025,-1.40839040275e-15,0
266.0,-0.04,-0.02,-1.14188497162e-14,0
266.0,-0.035,-0.02,-2.38814692664e-16,0
266.0,-0.04,-0.015,-1.13533325025e-14,0
266.0,-0.035,-0.015,1.14580994839e-15,0
266.0,-0.04,-0.01,-1.08130993557e-14,0
266.0,-0.04,-0.005,-1.01822050578e-14,0
266.0,-0.035,-0.01,2.65681785349e-15,0
266.0,-0.035,-0.005,3.84624134998e-15,0
266.0,-0.04,0,-9.5187012228e-15,0
266.0,-0.04,0.005,-8.84777179531e-15,0
266.0,-0.035,4.16333634234e-19,4.61778624456e-15,0
266.0,-0.035,0.005,4.87349995977e-15,0
266.0,-0.04,0.01,-8.31097789134e-15,0
266.0,-0.04,0.015,-7.99261479418e-15,0
266.0,-0.035,0.01,4.55767359922e-15,0
266.0,-0.035,0.015,3.6729825424e-15,0
266.0,-0.04,0.02,-7.59112065221e-15,0
266.0,-0.04,0.025,-7.04858324438e-15,0
266.0,-0.035,0.02,2.6868923406e-15,0
266.0,-0.035,0.025,1.47990744958e-15,0
266.0,-0.04,0.03,-6.43304688415e-15,0
266.0,-0.04,0.035,-5.77761263238e-15,0
266.0,-0.035,0.03,4.15153896327e-19,0
266.0,-0.035,0.035,-1.78320350529e-15,0
266.0,-0.04,0.04,-5.03565387021e-15,0
266.0,-0.04,0.045,-4.48911010801e-15,0
266.0,-0.035,0.04,-4.33338594829e-15,0
266.0,-0.035,0.045,-7.84169839445e-15,0
266.0,-0.04,0.05,-4.40441545057e-15,0
266.0,-0.04,0.055,-4.83981177394e-15,0
266.0,-0.035,0.05,-1.21653109156e-14,0
266.0,-0.035,0.055,-1.71440710137e-14,0
266.0,-0.04,0.06,-5.74627104321e-15,0
266.0,-0.04,0.065,-7.04216540662e-15,0
266.0,-0.035,0.06,-2.26193998079e-14,0
266.0,-0.035,0.065,-2.84601084283e-14,0
266.0,-0.04,0.07,-8.64223922261e-15,0
266.0,-0.04,0.075,-1.04883071665e-14,0
266.0,-0.035,0.07,-3.46191214481e-14,0
266.0,-0.035,0.075,-4.11594430509e-14,0
266.0,-0.03,-0.075,-5.75003007847e-14,0
266.0,-0.03,-0.07,-4.84368240071e-14,0
266.0,-0.025,-0.075,-8.60153243506e-14,0
266.0,-0.025,-0.07,-7.2340532868e-14,0
266.0,-0.03,-0.065,-3.97793093703e-14,0
266.0,-0.025,-0.065,-5.92122081543e-14,0
266.0,-0.03,-0.06,-3.13922606357e-14,0
266.0,-0.025,-0.06,-4.64132513948e-14,0
266.0,-0.03,-0.055,-2.33240628336e-14,0
266.0,-0.025,-0.055,-3.39763483298e-14,0
266.0,-0.03,-0.05,-1.57426699175e-14,0
266.0,-0.025,-0.05,-2.21535736912e-14,0
266.0,-0.03,-0.045,-8.91877883214e-15,0
266.0,-0.025,-0.045,-1.13659244863e-14,0
266.0,-0.03,-0.04,-3.18422437165e-15,0
266.0,-0.03,-0.035,1.0283187592e-15,0
266.0,-0.025,-0.04,-2.18490508704e-15,0
266.0,-0.025,-0.035,4.63725864018e-15,0
266.0,-0.03,-0.03,4.10605226822e-15,0
266.0,-0.03,-0.025,6.91986954528e-15,0
266.0,-0.025,-0.03,9.65689086753e-15,0
266.0,-0.025,-0.025,1.40270088431e-14,0
266.0,-0.03,-0.02,9.48125161971e-15,0
266.0,-0.025,-0.02,1.77449860723e-14,0
266.0,-0.03,-0.015,1.17953814365e-14,0
266.0,-0.025,-0.015,2.08627956834e-14,0
266.0,-0.03,-0.01,1.37581097659e-14,0
266.0,-0.025,-0.01,2.32950574546e-14,0
266.0,-0.03,-0.005,1.52071074479e-14,0
266.0,-0.025,-0.005,2.4940767384e-14,0
266.0,-0.03,0,1.60159068707e-14,0
266.0,-0.03,0.005,1.60920261093e-14,0
266.0,-0.025,4.16333634234e-19,2.58262062618e-14,0
266.0,-0.025,0.005,2.58427723821e-14,0
266.0,-0.03,0.01,1.53723391759e-14,0
266.0,-0.03,0.015,1.38984685735e-14,0
266.0,-0.025,0.01,2.48486876008e-14,0
266.0,-0.025,0.015,2.27434896635e-14,0
266.0,-0.03,0.02,1.17866510094e-14,0
266.0,-0.03,0.025,9.05490610106e-15,0
266.0,-0.025,0.02,1.95908426649e-14,0
266.0,-0.025,0.025,1.55170240293e-14,0
266.0,-0.03,0.03,5.68955469447e-15,0
266.0,-0.03,0.035,1.68064976738e-15,0
266.0,-0.025,0.03,1.04907205527e-14,0
266.0,-0.025,0.035,4.51610628345e-15,0
266.0,-0.03,0.04,-3.79342356119e-15,0
266.0,-0.03,0.045,-1.09995451659e-14,0
266.0,-0.025,0.04,-3.51635159205e-15,0
266.0,-0.025,0.045,-1.39960164625e-14,0
266.0,-0.03,0.05,-1.94347228774e-14,0
266.0,-0.03,0.055,-2.87111369055e-14,0
266.0,-0.025,0.05,-2.6117358886e-14,0
266.0,-0.025,0.055,-3.92756337022e-14,0
266.0,-0.03,0.06,-3.85259516662e-14,0
266.0,-0.03,0.065,-4.87038006664e-14,0
266.0,-0.025,0.06,-5.30399444919e-14,0
266.0,-0.025,0.065,-6.71695790007e-14,0
266.0,-0.03,0.07,-5.92170606653e-14,0
266.0,-0.03,0.075,-7.02600648622e-14,0
266.0,-0.025,0.07,-8.16698977813e-14,0
266.0,-0.025,0.075,-9.68255454939e-14,0
266.0,-0.02,-0.075,-1.11687395656e-13,0
266.0,-0.02,-0.07,-9.38483146863e-14,0
266.0,-0.015,-0.075,-1.33647594466e-13,0
266.0,-0.015,-0.07,-1.12274420893e-13,0
266.0,-0.02,-0.065,-7.67135812922e-14,0
266.0,-0.015,-0.065,-9.17226966973e-14,0
266.0,-0.02,-0.06,-5.99618523003e-14,0
266.0,-0.015,-0.06,-7.1625285589e-14,0
266.0,-0.02,-0.055,-4.36364880961e-14,0
266.0,-0.015,-0.055,-5.20107535592e-14,0
266.0,-0.02,-0.05,-2.80485829838e-14,0
266.0,-0.015,-0.05,-3.32571305961e-14,0
266.0,-0.02,-0.045,-1.37561077451e-14,0
266.0,-0.015,-0.045,-1.60226484966e-14,0
266.0,-0.02,-0.04,-1.5298780705e-15,0
266.0,-0.015,-0.04,-1.21226143776e-15,0
266.0,-0.02,-0.035,7.62211911664e-15,0
266.0,-0.015,-0.035,9.97012352849e-15,0
266.0,-0.02,-0.03,1.42771646223e-14,0
266.0,-0.02,-0.025,1.99079350869e-14,0
266.0,-0.015,-0.03,1.80371764989e-14,0
266.0,-0.015,-0.025,2.46330084939e-14,0
266.0,-0.02,-0.02,2.44819372748e-14,0
266.0,-0.02,-0.015,2.80851430987e-14,0
266.0,-0.015,-0.02,2.9672690809e-14,0
266.0,-0.015,-0.015,3.31509077559e-14,0
266.0,-0.02,-0.01,3.0665074869e-14,0
266.0,-0.015,-0.01,3.50334829007e-14,0
266.0,-0.02,-0.005,3.22387232612e-14,0
266.0,-0.015,-0.005,3.58266700524e-14,0
266.0,-0.02,0,3.30845510234e-14,0
266.0,-0.015,4.16333634234e-19,3.63341984626e-14,0
266.0,-0.02,0.005,3.31831279007e-14,0
266.0,-0.015,0.005,3.66674076858e-14,0
266.0,-0.02,0.01,3.21434909543e-14,0
266.0,-0.02,0.015,2.96653527343e-14,0
266.0,-0.015,0.01,3.61868544618e-14,0
266.0,-0.015,0.015,3.41907292522e-14,0
266.0,-0.02,0.02,2.58240515128e-14,0
266.0,-0.02,0.025,2.07228596272e-14,0
266.0,-0.015,0.02,3.03207342409e-14,0
266.0,-0.015,0.025,2.46386509731e-14,0
266.0,-0.02,0.03,1.43350376606e-14,0
266.0,-0.02,0.035,6.70795376755e-15,0
266.0,-0.015,0.03,1.72165454834e-14,0
266.0,-0.015,0.035,8.20503980371e-15,0
266.0,-0.02,0.04,-3.53358620322e-15,0
266.0,-0.02,0.045,-1.68110327146e-14,0
266.0,-0.015,0.04,-3.86895879908e-15,0
266.0,-0.015,0.045,-1.94151284829e-14,0
266.0,-0.02,0.05,-3.20887740916e-14,0
266.0,-0.02,0.055,-4.85829458525e-14,0
266.0,-0.015,0.05,-3.7217018257e-14,0
266.0,-0.015,0.055,-5.63773982196e-14,0
266.0,-0.02,0.06,-6.57454399847e-14,0
266.0,-0.02,0.065,-8.32965654933e-14,0
266.0,-0.015,0.06,-7.62693528909e-14,0
266.0,-0.015,0.065,-9.65642297815e-14,0
266.0,-0.02,0.07,-1.01245168856e-13,0
266.0,-0.02,0.075,-1.19991084953e-13,0
266.0,-0.015,0.07,-1.17300991122e-13,0
266.0,-0.015,0.075,-1.389298825e-13,0
266.0,-0.01,-0.075,-1.51191719153e-13,0
266.0,-0.01,-0.07,-1.26992271949e-13,0
266.0,-0.005,-0.075,-1.63670322228e-13,0
266.0,-0.005,-0.07,-1.37502404033e-13,0
266.0,-0.01,-0.065,-1.0374829832e-13,0
266.0,-0.005,-0.065,-1.12361443987e-13,0
266.0,-0.01,-0.06,-8.10106472591e-14,0
266.0,-0.005,-0.06,-8.77897701719e-14,0
266.0,-0.01,-0.055,-5.88237563187e-14,0
266.0,-0.005,-0.055,-6.3814746179e-14,0
266.0,-0.01,-0.05,-3.75985636607e-14,0
266.0,-0.005,-0.05,-4.08868792456e-14,0
266.0,-0.01,-0.045,-1.80734887301e-14,0
266.0,-0.005,-0.045,-1.97879748543e-14,0
266.0,-0.01,-0.04,-1.26177823722e-15,0
266.0,-0.005,-0.04,-1.57290607339e-15,0
266.0,-0.01,-0.035,1.15590594276e-14,0
266.0,-0.005,-0.035,1.24600005357e-14,0
266.0,-0.01,-0.03,2.08379489181e-14,0
266.0,-0.005,-0.03,2.26316570929e-14,0
266.0,-0.01,-0.025,2.80925307366e-14,0
266.0,-0.005,-0.025,3.0165948742e-14,0
266.0,-0.01,-0.02,3.3215617526e-14,0
266.0,-0.01,-0.015,3.59326205227e-14,0
266.0,-0.005,-0.02,3.50684553828e-14,0
266.0,-0.005,-0.015,3.68446918022e-14,0
266.0,-0.0117873230072,-0.0115873794689,3.59981380906e-14,0
266.0,-0.00939961996336,-0.005,3.38600990382e-14,0
266.0,-0.00792797428371,-0.00964253216809,3.53433239562e-14,0
266.0,-0.005,-0.00939961996336,3.36027822269e-14,0
266.0,-0.0108753492546,-0.00150606400588,3.44753338922e-14,0
266.0,-0.00818101620308,-0.00211452602544,3.01240078363e-14,0
266.0,-0.00651817360753,-0.000255934956239,2.33844302547e-14,0
266.0,-0.005,6.71033969428e-08,1.15076190166e-14,0
266.0,-0.0107292118043,0.00160660295843,3.44944346435e-14,0
266.0,-0.0080188992252,0.000768320427092,2.90656395499e-14,0
266.0,-0.00939946851065,0.005,3.42750434954e-14,0
266.0,-0.00802129342231,0.00264911934363,3.03238480468e-14,0
266.0,-0.00887989370213,0.00887989479405,3.58086275157e-14,0
266.0,-0.01,0.015,3.60998383888e-14,0
266.0,-0.005,0.00939947397025,3.33384753329e-14,0
266.0,-0.005,0.015,3.57331580498e-14,0
266.0,-0.01,0.02,3.28409348026e-14,0
266.0,-0.01,0.025,2.70552479213e-14,0
266.0,-0.005,0.02,3.32609744284e-14,0
266.0,-0.005,0.025,2.78254627342e-14,0
266.0,-0.01,0.03,1.8979951941e-14,0
266.0,-0.01,0.035,8.88867389856e-15,0
266.0,-0.005,0.03,1.96038147151e-14,0
266.0,-0.005,0.035,8.77293303442e-15,0
266.0,-0.01,0.04,-4.57469670409e-15,0
266.0,-0.01,0.045,-2.17507959173e-14,0
266.0,-0.005,0.04,-5.60248063352e-15,0
266.0,-0.005,0.045,-2.37384078165e-14,0
266.0,-0.01,0.05,-4.13612286595e-14,0
266.0,-0.01,0.055,-6.24284284393e-14,0
266.0,-0.005,0.05,-4.43790051204e-14,0
266.0,-0.005,0.055,-6.65236425968e-14,0
266.0,-0.01,0.06,-8.42667493118e-14,0
266.0,-0.01,0.065,-1.06534821456e-13,0
266.0,-0.005,0.06,-8.94652679483e-14,0
266.0,-0.005,0.065,-1.12841792125e-13,0
266.0,-0.01,0.07,-1.29268729262e-13,0
266.0,-0.01,0.075,-1.53007051758e-13,0
266.0,-0.005,0.07,-1.36720229223e-13,0
266.0,-0.005,0.075,-1.61649391945e-13,0
266.0,0,-0.075,-1.70673070096e-13,0
266.0,0,-0.07,-1.43403339418e-13,0
266.0,0.005,-0.075,-1.71870683462e-13,0
266.0,0.005,-0.07,-1.44464013573e-13,0
266.0,0,-0.065,-1.17244921085e-13,0
266.0,0.005,-0.065,-1.18177940084e-13,0
266.0,0,-0.06,-9.16874535599e-14,0
266.0,0.005,-0.06,-9.25303969448e-14,0
266.0,0,-0.055,-6.67731348584e-14,0
266.0,0.005,-0.055,-6.7541950452e-14,0
266.0,0,-0.05,-4.29537005393e-14,0
266.0,0.005,-0.05,-4.36702931467e-14,0
266.0,0,-0.045,-2.10350370027e-14,0
266.0,0.005,-0.045,-2.17148283814e-14,0
266.0,0,-0.04,-2.10288308817e-15,0
266.0,0.005,-0.04,-2.76061446111e-15,0
266.0,0,-0.035,1.2579300981e-14,0
266.0,0.005,-0.035,1.18306191371e-14,0
266.0,0,-0.03,2.32999650241e-14,0
266.0,0.005,-0.03,2.25298831183e-14,0
266.0,0,-0.025,3.10765262596e-14,0
266.0,0.005,-0.025,3.06288804442e-14,0
266.0,0,-0.02,3.58407458932e-14,0
266.0,0.005,-0.02,3.59279731806e-14,0
266.0,0,-0.015,3.71935448309e-14,0
266.0,0.005,-0.015,3.81757212575e-14,0
266.0,-0.0021196717084,-0.00776771017156,2.83104198616e-14,0
266.0,-0.00084550708518,-0.00631514607954,2.18450813551e-14,0
266.0,6.71033969406e-08,-0.005,1.18998227211e-14,0
266.0,-0.00139054260708,-0.0110960807567,3.43717454084e-14,0
266.0,0.00132468676756,-0.00775008274642,2.78847661717e-14,0
266.0,0.00160394440688,-0.0116908851489,3.54676056541e-14,0
266.0,0.005,-0.00939946851065,3.50590949081e-14,0
266.0,0.005,0.005,2.59771048389e-14,0
266.0,-0.000107646311398,0.00617659695633,2.06564905513e-14,0
266.0,-0.00190846935279,0.0076427502668,2.72756041073e-14,0
266.0,0.00131146485568,0.00777290068297,2.67750721818e-14,0
266.0,0.00295884413402,0.00640276348073,2.48005264208e-14,0
266.0,-1.21517769428e-05,0.0108932602996,3.23752129591e-14,0
266.0,0,0.015,3.44015786713e-14,0
266.0,0.005,0.00939942566771,3.20110065221e-14,0
266.0,0.005,0.015,3.33123680963e-14,0
266.0,0,0.02,3.21216642591e-14,0
266.0,0,0.025,2.68479804992e-14,0
266.0,0.005,0.02,3.00573664478e-14,0
266.0,0.005,0.025,2.4225051998e-14,0
266.0,0,0.03,1.87460369165e-14,0
266.0,0,0.035,7.73901513688e-15,0
266.0,0.005,0.03,1.60985624694e-14,0
266.0,0.005,0.035,5.63624422798e-15,0
266.0,0,0.04,-6.91281771822e-15,0
266.0,0,0.045,-2.52752125e-14,0
266.0,0.005,0.04,-8.45547380887e-15,0
266.0,0.005,0.045,-2.63032715273e-14,0
266.0,0,0.05,-4.614292099e-14,0
266.0,0,0.055,-6.85029546748e-14,0
266.0,0.005,0.05,-4.65662848304e-14,0
266.0,0.005,0.055,-6.82568486665e-14,0
266.0,0,0.06,-9.16481508596e-14,0
266.0,0,0.065,-1.15236590271e-13,0
266.0,0.005,0.06,-9.07008068747e-14,0
266.0,0.005,0.065,-1.13569021716e-13,0
266.0,0,0.07,-1.39332958278e-13,0
266.0,0,0.075,-1.64541051817e-13,0
266.0,0.005,0.07,-1.36959570877e-13,0
266.0,0.005,0.075,-1.61447666882e-13,0
266.0,0.01,-0.075,-1.67216982034e-13,0
266.0,0.01,-0.07,-1.405781246e-13,0
266.0,0.015,-0.075,-1.5676265007e-13,0
266.0,0.015,-0.07,-1.31828106195e-13,0
266.0,0.01,-0.065,-1.15080060231e-13,0
266.0,0.015,-0.065,-1.07980956862e-13,0
266.0,0.01,-0.06,-9.02247689191e-14,0
266.0,0.015,-0.06,-8.47916033979e-14,0
266.0,0.01,-0.055,-6.60462343413e-14,0
266.0,0.015,-0.055,-6.22741068742e-14,0
266.0,0.01,-0.05,-4.29671806218e-14,0
266.0,0.015,-0.05,-4.08273617621e-14,0
266.0,0.01,-0.045,-2.17572524905e-14,0
266.0,0.015,-0.045,-2.11483469201e-14,0
266.0,0.01,-0.04,-3.48123835673e-15,0
266.0,0.015,-0.04,-4.20268300381e-15,0
266.0,0.01,-0.035,1.04852694998e-14,0
266.0,0.015,-0.035,8.72436473179e-15,0
266.0,0.01,-0.03,2.07270249578e-14,0
266.0,0.015,-0.03,1.82262573323e-14,0
266.0,0.01,-0.025,2.89054809844e-14,0
266.0,0.015,-0.025,2.60622959808e-14,0
266.0,0.01,-0.02,3.48329410024e-14,0
266.0,0.01,-0.015,3.84571702742e-14,0
266.0,0.015,-0.02,3.2199258762e-14,0
266.0,0.015,-0.015,3.68652110921e-14,0
266.0,0.00999280436795,-0.0116358337096,3.93560434881e-14,0
266.0,0.0105889214373,-0.00845762197625,3.93899335633e-14,0
266.0,0.015,-0.01,3.98702014457e-14,0
266.0,0.00939947397025,-0.005,3.70902705682e-14,0
266.0,0.015,-0.005,4.06983153558e-14,0
266.0,0.00658051136513,-0.00296146438142,2.89392626143e-14,0
266.0,0.00636794669772,-3.54305826484e-06,2.47050462226e-14,0
266.0,0.00795807888052,-0.00113999998936,3.20850025846e-14,0
266.0,0.00758147027913,0.00183630393596,3.05960946556e-14,0
266.0,0.0112534647756,-1.47536350887e-07,3.80960102669e-14,0
266.0,0.015,4.16333634234e-19,3.9480889325e-14,0
266.0,0.00939942566771,0.005,3.44810747664e-14,0
266.0,0.015,0.005,3.63863677678e-14,0
266.0,0.00999018807453,0.0109670628501,3.37816439462e-14,0
266.0,0.01,0.015,3.16517618534e-14,0
266.0,0.015,0.01,3.29144618094e-14,0
266.0,0.015,0.015,2.83924520888e-14,0
266.0,0.01,0.02,2.69931698395e-14,0
266.0,0.01,0.025,2.05823606603e-14,0
266.0,0.015,0.02,2.26366789602e-14,0
266.0,0.015,0.025,1.60336417619e-14,0
266.0,0.01,0.03,1.24703227139e-14,0
266.0,0.01,0.035,2.7245585334e-15,0
266.0,0.015,0.03,8.33102724743e-15,0
266.0,0.015,0.035,-5.1122012069e-16,0
266.0,0.01,0.04,-1.02254787247e-14,0
266.0,0.01,0.045,-2.67793279767e-14,0
266.0,0.015,0.04,-1.20012029823e-14,0
266.0,0.015,0.045,-2.66267398365e-14,0
266.0,0.01,0.05,-4.56044268755e-14,0
266.0,0.01,0.055,-6.57487390749e-14,0
266.0,0.015,0.05,-4.32310845428e-14,0
266.0,0.015,0.055,-6.09890087268e-14,0
266.0,0.01,0.06,-8.65825276562e-14,0
266.0,0.01,0.065,-1.0782758377e-13,0
266.0,0.015,0.06,-7.93606294508e-14,0
266.0,0.015,0.065,-9.81085831152e-14,0
266.0,0.01,0.07,-1.29578872428e-13,0
266.0,0.01,0.075,-1.52425805939e-13,0
266.0,0.015,0.07,-1.17356124134e-13,0
266.0,0.015,0.075,-1.37625138039e-13,0
266.0,0.02,-0.075,-1.40845614253e-13,0
266.0,0.02,-0.07,-1.18426483367e-13,0
266.0,0.025,-0.075,-1.19904185716e-13,0
266.0,0.025,-0.07,-1.00765288944e-13,0
266.0,0.02,-0.065,-9.7051926803e-14,0
266.0,0.025,-0.065,-8.2566260939e-14,0
266.0,0.02,-0.06,-7.63251570594e-14,0
266.0,0.025,-0.06,-6.50199441511e-14,0
266.0,0.02,-0.055,-5.62826883254e-14,0
266.0,0.025,-0.055,-4.81618918028e-14,0
266.0,0.02,-0.05,-3.72631073612e-14,0
266.0,0.025,-0.05,-3.22953650794e-14,0
266.0,0.02,-0.045,-1.98745031344e-14,0
266.0,0.025,-0.045,-1.79024943236e-14,0
266.0,0.02,-0.04,-4.94181838074e-15,0
266.0,0.025,-0.04,-5.6152265114e-15,0
266.0,0.02,-0.035,6.45695086697e-15,0
266.0,0.025,-0.035,3.75384523274e-15,0
266.0,0.02,-0.03,1.48727715735e-14,0
266.0,0.025,-0.03,1.06927635193e-14,0
266.0,0.02,-0.025,2.19132637799e-14,0
266.0,0.025,-0.025,1.64637573063e-14,0
266.0,0.02,-0.02,2.76539027138e-14,0
266.0,0.025,-0.02,2.10917167033e-14,0
266.0,0.02,-0.015,3.23739844064e-14,0
266.0,0.025,-0.015,2.47500322396e-14,0
266.0,0.02,-0.01,3.57613935275e-14,0
266.0,0.025,-0.01,2.69902970234e-14,0
266.0,0.02,-0.005,3.67783642539e-14,0
266.0,0.025,-0.005,2.75154517194e-14,0
266.0,0.02,0,3.53820828003e-14,0
266.0,0.025,4.16333634234e-19,2.63187127864e-14,0
266.0,0.02,0.005,3.21370306507e-14,0
266.0,0.025,0.005,2.31579794599e-14,0
266.0,0.02,0.01,2.78669616998e-14,0
266.0,0.025,0.01,1.88954921485e-14,0
266.0,0.02,0.015,2.25716934882e-14,0
266.0,0.025,0.015,1.41316663727e-14,0
266.0,0.02,0.02,1.66614486541e-14,0
266.0,0.02,0.025,1.04434780961e-14,0
266.0,0.025,0.02,9.03750758966e-15,0
266.0,0.025,0.025,3.81153166512e-15,0
266.0,0.02,0.03,3.59725266712e-15,0
266.0,0.02,0.035,-4.00289798764e-15,0
266.0,0.025,0.03,-1.73765182259e-15,0
266.0,0.025,0.035,-7.71852287071e-15,0
266.0,0.02,0.04,-1.36485512889e-14,0
266.0,0.02,0.045,-2.57554015326e-14,0
266.0,0.025,0.04,-1.50783819565e-14,0
266.0,0.025,0.045,-2.41270379724e-14,0
266.0,0.02,0.05,-3.94399236979e-14,0
266.0,0.02,0.055,-5.40526208164e-14,0
266.0,0.025,0.05,-3.42632062277e-14,0
266.0,0.025,0.055,-4.5062686219e-14,0
266.0,0.02,0.06,-6.91741474226e-14,0
266.0,0.02,0.065,-8.4646378697e-14,0
266.0,0.025,0.06,-5.62648536496e-14,0
266.0,0.025,0.065,-6.77790001512e-14,0
266.0,0.02,0.07,-1.00586335192e-13,0
266.0,0.02,0.075,-1.17482125532e-13,0
266.0,0.025,0.07,-7.97384237491e-14,0
266.0,0.025,0.075,-9.25287437021e-14,0
266.0,0.03,-0.075,-9.46284740466e-14,0
266.0,0.03,-0.07,-7.93563193084e-14,0
266.0,0.035,-0.075,-6.58019727005e-14,0
266.0,0.035,-0.07,-5.48602266636e-14,0
266.0,0.03,-0.065,-6.49237822442e-14,0
266.0,0.035,-0.065,-4.46150888149e-14,0
266.0,0.03,-0.06,-5.11308796666e-14,0
266.0,0.035,-0.06,-3.50044505412e-14,0
266.0,0.03,-0.055,-3.80517922389e-14,0
266.0,0.035,-0.055,-2.61279789002e-14,0
266.0,0.03,-0.05,-2.59328157409e-14,0
266.0,0.035,-0.05,-1.81991434609e-14,0
266.0,0.03,-0.045,-1.51460769152e-14,0
266.0,0.035,-0.045,-1.14694856553e-14,0
266.0,0.03,-0.04,-6.10558026941e-15,0
266.0,0.035,-0.04,-6.1672100443e-15,0
266.0,0.03,-0.035,7.44485511213e-16,0
266.0,0.035,-0.035,-2.35531240554e-15,0
266.0,0.03,-0.03,5.81758524435e-15,0
266.0,0.035,-0.03,4.99133766884e-16,0
266.0,0.03,-0.025,9.88336526335e-15,0
266.0,0.035,-0.025,2.46879882156e-15,0
266.0,0.03,-0.02,1.28729907261e-14,0
266.0,0.035,-0.02,3.4774611779e-15,0
266.0,0.03,-0.015,1.4913748506e-14,0
266.0,0.035,-0.015,3.84268991911e-15,0
266.0,0.03,-0.01,1.58477409179e-14,0
266.0,0.035,-0.01,3.48347263406e-15,0
266.0,0.03,-0.005,1.5745135243e-14,0
266.0,0.035,-0.005,2.52441047728e-15,0
266.0,0.03,0,1.43561967488e-14,0
266.0,0.035,4.16333634234e-19,7.5520747942e-16,0
266.0,0.03,0.005,1.13607659018e-14,0
266.0,0.035,0.005,-1.99140650714e-15,0
266.0,0.03,0.01,7.65117412275e-15,0
266.0,0.035,0.01,-4.94487001759e-15,0
266.0,0.03,0.015,3.86308589649e-15,0
266.0,0.035,0.015,-7.65214861304e-15,0
266.0,0.03,0.02,2.89041238314e-17,0
266.0,0.035,0.02,-1.00787161134e-14,0
266.0,0.03,0.025,-3.78136035648e-15,0
266.0,0.035,0.025,-1.21906177459e-14,0
266.0,0.03,0.03,-7.63316022873e-15,0
266.0,0.03,0.035,-1.1599260441e-14,0
266.0,0.035,0.03,-1.40211357472e-14,0
266.0,0.035,0.035,-1.56194193014e-14,0
266.0,0.03,0.04,-1.62453295224e-14,0
266.0,0.03,0.045,-2.1725023244e-14,0
266.0,0.035,0.04,-1.71073372457e-14,0
266.0,0.035,0.045,-1.85459259022e-14,0
266.0,0.03,0.05,-2.77682766507e-14,0
266.0,0.03,0.055,-3.42088252587e-14,0
266.0,0.035,0.05,-2.00561156857e-14,0
266.0,0.035,0.055,-2.17205907779e-14,0
266.0,0.03,0.06,-4.09421581822e-14,0
266.0,0.03,0.065,-4.7967100869e-14,0
266.0,0.035,0.06,-2.3602632817e-14,0
266.0,0.035,0.065,-2.57590848868e-14,0
266.0,0.03,0.07,-5.53997696166e-14,0
266.0,0.03,0.075,-6.35412014451e-14,0
266.0,0.035,0.07,-2.82949363627e-14,0
266.0,0.035,0.075,-3.13814516142e-14,0
266.0,0.04,-0.075,-3.43813822055e-14,0
266.0,0.04,-0.07,-2.8030071932e-14,0
266.0,0.045,-0.075,-1.38219407651e-15,0
266.0,0.045,-0.07,2.97510608144e-16,0
266.0,0.04,-0.065,-2.22323119174e-14,0
266.0,0.045,-0.065,1.57213231908e-15,0
266.0,0.04,-0.06,-1.70539208058e-14,0
266.0,0.045,-0.06,2.22984509898e-15,0
266.0,0.04,-0.055,-1.26408304985e-14,0
266.0,0.045,-0.055,2.08579365196e-15,0
266.0,0.04,-0.05,-9.16154922177e-15,0
266.0,0.045,-0.05,1.00476587689e-15,0
266.0,0.04,-0.045,-6.76138455933e-15,0
266.0,0.045,-0.045,-1.05430675107e-15,0
266.0,0.04,-0.04,-5.46808355661e-15,0
266.0,0.045,-0.04,-4.00207753035e-15,0
266.0,0.04,-0.035,-5.08017593451e-15,0
266.0,0.045,-0.035,-7.50600771919e-15,0
266.0,0.04,-0.03,-5.20619667868e-15,0
266.0,0.045,-0.03,-1.1053760178e-14,0
266.0,0.04,-0.025,-5.82178465449e-15,0
266.0,0.045,-0.025,-1.46159702421e-14,0
266.0,0.04,-0.02,-6.86844154534e-15,0
266.0,0.045,-0.02,-1.78304315418e-14,0
266.0,0.04,-0.015,-8.23811585376e-15,0
266.0,0.045,-0.015,-2.10522292275e-14,0
266.0,0.04,-0.01,-9.93239198051e-15,0
266.0,0.045,-0.01,-2.42491860011e-14,0
266.0,0.04,-0.005,-1.18229341159e-14,0
266.0,0.045,-0.005,-2.7243814595e-14,0
266.0,0.04,0,-1.40679269083e-14,0
266.0,0.045,4.16333634234e-19,-3.01290315009e-14,0
266.0,0.04,0.005,-1.65722904927e-14,0
266.0,0.045,0.005,-3.23609499501e-14,0
266.0,0.04,0.01,-1.87305778657e-14,0
266.0,0.045,0.01,-3.36487013365e-14,0
266.0,0.04,0.015,-2.02618725023e-14,0
266.0,0.045,0.015,-3.38928806037e-14,0
266.0,0.04,0.02,-2.11281121636e-14,0
266.0,0.045,0.02,-3.30380273252e-14,0
266.0,0.04,0.025,-2.13115770994e-14,0
266.0,0.045,0.025,-3.10683291232e-14,0
266.0,0.04,0.03,-2.08213035422e-14,0
266.0,0.045,0.03,-2.79394831125e-14,0
266.0,0.04,0.035,-1.96895548745e-14,0
266.0,0.045,0.035,-2.36843842299e-14,0
266.0,0.04,0.04,-1.75656601743e-14,0
266.0,0.04,0.045,-1.45635911566e-14,0
266.0,0.045,0.04,-1.73907010601e-14,0
266.0,0.045,0.045,-9.70390996678e-15,0
266.0,0.04,0.05,-1.12297726588e-14,0
266.0,0.04,0.055,-7.88206790791e-15,0
266.0,0.045,0.05,-1.43550280056e-15,0
266.0,0.045,0.055,6.98016589313e-15,0
266.0,0.04,0.06,-4.69766708194e-15,0
266.0,0.04,0.065,-1.79146610017e-15,0
266.0,0.045,0.06,1.52607830793e-14,0
266.0,0.045,0.065,2.32482776591e-14,0
266.0,0.04,0.07,7.6569529239e-16,0
266.0,0.04,0.075,2.93057588139e-15,0
266.0,0.045,0.07,3.09055836051e-14,0
266.0,0.045,0.075,3.83267079696e-14,0
266.0,0.05,-0.075,3.21477742829e-14,0
266.0,0.05,-0.07,2.92698689746e-14,0
266.0,0.055,-0.075,6.51961531367e-14,0
266.0,0.055,-0.07,5.80812344459e-14,0
266.0,0.05,-0.065,2.61143137357e-14,0
266.0,0.055,-0.065,5.07533315179e-14,0
266.0,0.05,-0.06,2.23222126225e-14,0
266.0,0.055,-0.06,4.27109744799e-14,0
266.0,0.05,-0.055,1.76600205238e-14,0
266.0,0.055,-0.055,3.36807993294e-14,0
266.0,0.05,-0.05,1.20320904599e-14,0
266.0,0.055,-0.05,2.35946290211e-14,0
266.0,0.05,-0.045,5.4829287509e-15,0
266.0,0.055,-0.045,1.2588760285e-14,0
266.0,0.05,-0.04,-1.76724532399e-15,0
266.0,0.055,-0.04,9.70976413893e-16,0
266.0,0.05,-0.035,-9.31813196495e-15,0
266.0,0.055,-0.035,-1.07912361444e-14,0
266.0,0.05,-0.03,-1.66747944921e-14,0
266.0,0.055,-0.03,-2.21974093929e-14,0
266.0,0.05,-0.025,-2.35374190201e-14,0
266.0,0.055,-0.025,-3.28068329631e-14,0
266.0,0.05,-0.02,-2.96712752509e-14,0
266.0,0.055,-0.02,-4.23177747506e-14,0
266.0,0.05,-0.015,-3.52444587874e-14,0
266.0,0.055,-0.015,-5.06822449301e-14,0
266.0,0.05,-0.01,-4.02634588874e-14,0
266.0,0.055,-0.01,-5.7794838377e-14,0
266.0,0.05,-0.005,-4.45680882361e-14,0
266.0,0.055,-0.005,-6.34432079511e-14,0
266.0,0.05,0,-4.79511601475e-14,0
266.0,0.055,4.16333634234e-19,-6.73308826479e-14,0
266.0,0.05,0.005,-4.99261400652e-14,0
266.0,0.055,0.005,-6.90762536965e-14,0
266.0,0.05,0.01,-5.03064021525e-14,0
266.0,0.055,0.01,-6.84968427594e-14,0
266.0,0.05,0.015,-4.90589342338e-14,0
266.0,0.055,0.015,-6.55506214096e-14,0
266.0,0.05,0.02,-4.61404841023e-14,0
266.0,0.055,0.02,-6.02029228857e-14,0
266.0,0.05,0.025,-4.15105188628e-14,0
266.0,0.055,0.025,-5.24413399673e-14,0
266.0,0.05,0.03,-3.51099594739e-14,0
266.0,0.055,0.03,-4.22605241331e-14,0
266.0,0.05,0.035,-2.68082691935e-14,0
266.0,0.055,0.035,-2.96493440918e-14,0
266.0,0.05,0.04,-1.62572880726e-14,0
266.0,0.055,0.04,-1.46467918595e-14,0
266.0,0.05,0.045,-4.01506354498e-15,0
266.0,0.055,0.045,2.17053602896e-15,0
266.0,0.05,0.05,9.09579009746e-15,0
266.0,0.05,0.055,2.24749201576e-14,0
266.0,0.055,0.05,2.00032582516e-14,0
266.0,0.055,0.055,3.8174777881e-14,0
266.0,0.05,0.06,3.57309514467e-14,0
266.0,0.05,0.065,4.86539183271e-14,0
266.0,0.055,0.06,5.61820043759e-14,0
266.0,0.055,0.065,7.37657025117e-14,0
266.0,0.05,0.07,6.12395328927e-14,0
266.0,0.05,0.075,7.37263904742e-14,0
266.0,0.055,0.07,9.0948653238e-14,0
266.0,0.055,0.075,1.08097652864e-13,0
266.0,0.06,-0.075,9.69382099195e-14,0
266.0,0.06,-0.07,8.60687492863e-14,0
266.0,0.065,-0.075,1.26760887354e-13,0
266.0,0.065,-0.07,1.12828089299e-13,0
266.0,0.06,-0.065,7.49663209115e-14,0
266.0,0.065,-0.065,9.84687562078e-14,0
266.0,0.06,-0.06,6.29834223758e-14,0
266.0,0.065,-0.06,8.29097662407e-14,0
266.0,0.06,-0.055,4.98027462189e-14,0
266.0,0.065,-0.055,6.58320235812e-14,0
266.0,0.06,-0.05,3.54004018644e-14,0
266.0,0.065,-0.05,4.72588564751e-14,0
266.0,0.06,-0.045,1.99854286395e-14,0
266.0,0.065,-0.045,2.74990844367e-14,0
266.0,0.06,-0.04,3.96588907042e-15,0
266.0,0.065,-0.04,7.05717400492e-15,0
266.0,0.06,-0.035,-1.21280983277e-14,0
266.0,0.065,-0.035,-1.34303985716e-14,0
266.0,0.06,-0.03,-2.77160483958e-14,0
266.0,0.065,-0.03,-3.3285586322e-14,0
266.0,0.06,-0.025,-4.22655498727e-14,0
266.0,0.065,-0.025,-5.18573216824e-14,0
266.0,0.06,-0.02,-5.53531350568e-14,0
266.0,0.065,-0.02,-6.85848435603e-14,0
266.0,0.06,-0.015,-6.67101768023e-14,0
266.0,0.065,-0.015,-8.30012153458e-14,0
266.0,0.06,-0.01,-7.60742752813e-14,0
266.0,0.065,-0.01,-9.47057334789e-14,0
266.0,0.06,-0.005,-8.31597103487e-14,0
266.0,0.065,-0.005,-1.0330210699e-13,0
266.0,0.06,0,-8.76266252394e-14,0
266.0,0.065,4.16333634234e-19,-1.08432938477e-13,0
266.0,0.06,0.005,-8.91639389369e-14,0
266.0,0.065,0.005,-1.09785914984e-13,0
266.0,0.06,0.01,-8.75774840672e-14,0
266.0,0.065,0.01,-1.07173311179e-13,0
266.0,0.06,0.015,-8.28045290382e-14,0
266.0,0.065,0.015,-1.00515970714e-13,0
266.0,0.06,0.02,-7.48319463204e-14,0
266.0,0.065,0.02,-8.98543834349e-14,0
266.0,0.06,0.025,-6.37172377097e-14,0
266.0,0.065,0.025,-7.53135111142e-14,0
266.0,0.06,0.03,-4.95539963122e-14,0
266.0,0.065,0.03,-5.71413412818e-14,0
266.0,0.06,0.035,-3.25318156286e-14,0
266.0,0.065,0.035,-3.57114821345e-14,0
266.0,0.06,0.04,-1.29874463682e-14,0
266.0,0.065,0.04,-1.15875668821e-14,0
266.0,0.06,0.045,8.42815071077e-15,0
266.0,0.065,0.045,1.44590340558e-14,0
266.0,0.06,0.05,3.09096113244e-14,0
266.0,0.065,0.05,4.15346762354e-14,0
266.0,0.06,0.055,5.36883266447e-14,0
266.0,0.065,0.055,6.87763952386e-14,0
266.0,0.06,0.06,7.61785383705e-14,0
266.0,0.06,0.065,9.80566323603e-14,0
266.0,0.065,0.06,9.54813382026e-14,0
266.0,0.065,0.065,1.2125776434e-13,0
266.0,0.06,0.07,1.19370287264e-13,0
266.0,0.06,0.075,1.40623955127e-13,0
266.0,0.065,0.07,1.4613414363e-13,0
266.0,0.065,0.075,1.70728044922e-13,0
266.0,0.07,-0.075,1.5455269182e-13,0
266.0,0.07,-0.07,1.38366929361e-13,0
266.0,0.075,-0.075,1.80763557248e-13,0
266.0,0.075,-0.07,1.6327620185e-13,0
266.0,0.07,-0.065,1.21313821532e-13,0
266.0,0.075,-0.065,1.44047187211e-13,0
266.0,0.07,-0.06,1.02552965028e-13,0
266.0,0.075,-0.06,1.22355953261e-13,0
266.0,0.07,-0.055,8.17932814982e-14,0
266.0,0.075,-0.055,9.80081971604e-14,0
266.0,0.07,-0.05,5.91579101366e-14,0
266.0,0.075,-0.05,7.13023796815e-14,0
266.0,0.07,-0.045,3.50714363313e-14,0
266.0,0.075,-0.045,4.27906466646e-14,0
266.0,0.07,-0.04,1.01679450631e-14,0
266.0,0.075,-0.04,1.32784938386e-14,0
266.0,0.07,-0.035,-1.47907109918e-14,0
266.0,0.075,-0.035,-1.63212238797e-14,0
266.0,0.07,-0.03,-3.89938040593e-14,0
266.0,0.075,-0.03,-4.50454857014e-14,0
266.0,0.07,-0.025,-6.16571263662e-14,0
266.0,0.075,-0.025,-7.19412530847e-14,0
266.0,0.07,-0.02,-8.20622698579e-14,0
266.0,0.075,-0.02,-9.6158366749e-14,0
266.0,0.07,-0.015,-9.95924340526e-14,0
266.0,0.075,-0.015,-1.16897116934e-13,0
266.0,0.07,-0.01,-1.13690183672e-13,0
266.0,0.075,-0.01,-1.33516146818e-13,0
266.0,0.07,-0.005,-1.23884461195e-13,0
266.0,0.075,-0.005,-1.45394769093e-13,0
266.0,0.07,0,-1.29745551187e-13,0
266.0,0.075,0,-1.52098388974e-13,0
266.0,0.07,0.005,-1.30964926975e-13,0
266.0,0.075,0.005,-1.53225769827e-13,0
266.0,0.07,0.01,-1.27330393785e-13,0
266.0,0.075,0.01,-1.48617659221e-13,0
266.0,0.07,0.015,-1.18795779438e-13,0
266.0,0.075,0.015,-1.38184697875e-13,0
266.0,0.07,0.02,-1.05428811924e-13,0
266.0,0.075,0.02,-1.22105656432e-13,0
266.0,0.07,0.025,-8.74656333115e-14,0
266.0,0.075,0.025,-1.00651965053e-13,0
266.0,0.07,0.03,-6.52768186334e-14,0
266.0,0.075,0.03,-7.4372435162e-14,0
266.0,0.07,0.035,-3.94247506231e-14,0
266.0,0.075,0.035,-4.39572458606e-14,0
266.0,0.07,0.04,-1.0657861323e-14,0
266.0,0.075,0.04,-1.03624192517e-14,0
266.0,0.07,0.045,2.00928054116e-14,0
266.0,0.075,0.045,2.53053554241e-14,0
266.0,0.07,0.05,5.17932422865e-14,0
266.0,0.075,0.05,6.18225792298e-14,0
266.0,0.07,0.055,8.34338041306e-14,0
266.0,0.075,0.055,9.7973806874e-14,0
266.0,0.07,0.06,1.14169849462e-13,0
266.0,0.075,0.06,1.32738180945e-13,0
266.0,0.07,0.065,1.43475517599e-13,0
266.0,0.075,0.065,1.65362461726e-13,0
266.0,0.07,0.07,1.71324168136e-13,0
266.0,0.07,0.075,1.98383364521e-13,0
266.0,0.075,0.07,1.95677933762e-13,0
266.0,0.075,0.075,2.24192697828e-13,0
271.0,-0.00382671281566,-0.00202612167119,0,0
271.0,-0.005,-0.005,2.63392442022e-14,0
271.0,-0.00197892066871,-0.00385133392306,0,0
271.0,-0.005,-0.00190753787223,1.56097118758e-14,0
271.0,-0.00433,0,0,0
271.0,-0.00190753787223,-0.005,1.55003030525e-14,0
271.0,0,-0.00433,0,0
271.0,-0.005,0.00190775150599,1.5604676247e-14,0
271.0,-0.00385133392306,0.00197892066871,0,0
271.0,0.00190775150599,-0.005,1.54875626392e-14,0
271.0,0.00202612167119,-0.00382671281566,0,0
271.0,-0.00202612167119,0.00382671281566,0,0
271.0,-0.005,0.005,2.62719854783e-14,0
271.0,-0.0019094272225,0.005,1.55232537055e-14,0
271.0,0,0.00433,0,0
271.0,0.00147766755988,0.00407006125046,0,0
271.0,8.32667268469e-19,0.005,1.17620599301e-14,0
271.0,0.00433,0,0,0
271.0,0.005,1.38777878078e-18,1.13998368196e-14,0
271.0,0.00407006125046,0.00147766755988,0,0
271.0,0.005,-0.005,2.69860141549e-14,0
271.0,0.00385133392306,-0.00197892066871,0,0
271.0,0.005,-0.0019094272225,1.56717673732e-14,0
271.0,0.00306177236254,0.00306177236254,0,0
271.0,0.0019094272225,0.005,1.56824050675e-14,0
271.0,0.005,0.0019094272225,1.57214435583e-14,0
271.0,-0.000885,-0.0015328649647,1.27151661099e-12,0
271.0,-0.0015328649647,-0.000885,1.27163899245e-12,0
271.0,-0.00186450691264,-0.00187567167242,8.43023098902e-13,0
271.0,-0.00177,0,1.27133072633e-12,0
271.0,-0.00268433516245,-0.000738983120158,7.59104858742e-13,0
271.0,0,-0.00177,1.27147824809e-12,0
271.0,-0.000718432264205,-0.00269192408424,7.57398696114e-13,0
271.0,-0.0015328649647,0.000885,1.26982625351e-12,0
271.0,-0.00265321485144,0.000647311733689,7.89887741495e-13,0
271.0,-0.000885,0.0015328649647,1.26819874339e-12,0
271.0,-0.00194719253591,0.00178443766524,8.43949403139e-13,0
271.0,0,0.00177,1.26409258115e-12,0
271.0,-0.000802720381054,0.00273415977115,7.1749848295e-13,0
271.0,0.000885,-0.0015328649647,1.27016708726e-12,0
271.0,0.00075154031863,-0.00270385456952,7.45288739942e-13,0
271.0,0.00177,0,1.26243234449e-12,0
271.0,0.0015328649647,-0.000885,1.26801466741e-12,0
271.0,0.00271471102228,-0.000564731152102,7.60912479934e-13,0
271.0,0.00192394637685,-0.00189207206672,8.10094027298e-13,0
271.0,0.00231817117671,0.00040530921667,9.87908226019e-13,0
271.0,0.0015328649647,0.000885,1.26069870487e-12,0
271.0,0.000885,0.0015328649647,1.26140376396e-12,0
271.0,0.000427053001345,0.00287092483521,6.82188047421e-13,0
271.0,0.00187618296239,0.00184774001435,8.33338377159e-13,0
271.0,0.00312733402203,0.000607809752493,5.19197988356e-13,0
271.0,0.00276214303706,0.00136595635004,5.76858177987e-13,0
271.0,0.0014100336009,0.00268674970267,6.04770414588e-13,0
271.0,-0.075,-0.075,1.66569949377e-13,0
271.0,-0.07,-0.075,1.48239495796e-13,0
271.0,-0.075,-0.07,1.44374826561e-13,0
271.0,-0.07,-0.07,1.272974368e-13,0
271.0,-0.075,-0.065,1.20611688929e-13,0
271.0,-0.07,-0.065,1.0567481323e-13,0
271.0,-0.065,-0.075,1.28274601622e-13,0
271.0,-0.065,-0.07,1.09456758729e-13,0
271.0,-0.065,-0.065,9.04290659549e-14,0
271.0,-0.075,-0.06,9.47738244398e-14,0
271.0,-0.07,-0.06,8.27286454525e-14,0
271.0,-0.065,-0.06,7.05865455102e-14,0
271.0,-0.075,-0.055,6.68948384358e-14,0
271.0,-0.07,-0.055,5.83766816614e-14,0
271.0,-0.065,-0.055,4.9799762985e-14,0
271.0,-0.075,-0.05,3.74946901553e-14,0
271.0,-0.07,-0.05,3.29479241997e-14,0
271.0,-0.065,-0.05,2.82821094689e-14,0
271.0,-0.075,-0.045,7.31339853689e-15,0
271.0,-0.07,-0.045,7.03990113825e-15,0
271.0,-0.065,-0.045,6.51420335396e-15,0
271.0,-0.075,-0.04,-2.27234493744e-14,0
271.0,-0.07,-0.04,-1.8595973402e-14,0
271.0,-0.075,-0.035,-5.16645652283e-14,0
271.0,-0.07,-0.035,-4.31661359066e-14,0
271.0,-0.065,-0.04,-1.48783810927e-14,0
271.0,-0.065,-0.035,-3.52211297766e-14,0
271.0,-0.075,-0.03,-7.86067930331e-14,0
271.0,-0.07,-0.03,-6.59249891422e-14,0
271.0,-0.075,-0.025,-1.02727207988e-13,0
271.0,-0.07,-0.025,-8.62355362586e-14,0
271.0,-0.065,-0.03,-5.39141994671e-14,0
271.0,-0.065,-0.025,-7.04899505808e-14,0
271.0,-0.075,-0.02,-1.23351752814e-13,0
271.0,-0.07,-0.02,-1.0355108789e-13,0
271.0,-0.075,-0.015,-1.39859072554e-13,0
271.0,-0.07,-0.015,-1.17421402294e-13,0
271.0,-0.065,-0.02,-8.45902149388e-14,0
271.0,-0.065,-0.015,-9.58859837935e-14,0
271.0,-0.075,-0.01,-1.51794739891e-13,0
271.0,-0.07,-0.01,-1.27434757031e-13,0
271.0,-0.075,-0.005,-1.58747481454e-13,0
271.0,-0.07,-0.005,-1.33286322437e-13,0
271.0,-0.065,-0.01,-1.04073620978e-13,0
271.0,-0.065,-0.005,-1.08858403136e-13,0
271.0,-0.075,0,-1.60535090455e-13,0
271.0,-0.07,0,-1.34764496104e-13,0
271.0,-0.075,0.005,-1.57070615455e-13,0
271.0,-0.07,0.005,-1.31841054997e-13,0
271.0,-0.065,4.16333634234e-19,-1.10057042471e-13,0
271.0,-0.065,0.005,-1.07621046622e-13,0
271.0,-0.075,0.01,-1.48536087701e-13,0
271.0,-0.07,0.01,-1.24630874804e-13,0
271.0,-0.075,0.015,-1.35202123099e-13,0
271.0,-0.07,0.015,-1.13425495637e-13,0
271.0,-0.065,0.01,-1.01678067301e-13,0
271.0,-0.065,0.015,-9.24862391896e-14,0
271.0,-0.075,0.02,-1.17551170524e-13,0
271.0,-0.07,0.02,-9.85956020507e-14,0
271.0,-0.075,0.025,-9.60910970253e-14,0
271.0,-0.07,0.025,-8.05986746836e-14,0
271.0,-0.065,0.02,-8.04016339255e-14,0
271.0,-0.065,0.025,-6.57668419095e-14,0
271.0,-0.075,0.03,-7.14717486652e-14,0
271.0,-0.07,0.03,-5.99112504728e-14,0
271.0,-0.075,0.035,-4.43803264442e-14,0
271.0,-0.07,0.035,-3.70893513025e-14,0
271.0,-0.065,0.03,-4.89304360478e-14,0
271.0,-0.065,0.035,-3.02585312179e-14,0
271.0,-0.075,0.04,-1.56331745386e-14,0
271.0,-0.07,0.04,-1.27679925168e-14,0
271.0,-0.075,0.045,1.38836412518e-14,0
271.0,-0.07,0.045,1.23209955943e-14,0
271.0,-0.065,0.04,-1.02177996129e-14,0
271.0,-0.065,0.045,1.05975461553e-14,0
271.0,-0.075,0.05,4.32525617099e-14,0
271.0,-0.07,0.05,3.74095248457e-14,0
271.0,-0.075,0.055,7.15931001701e-14,0
271.0,-0.07,0.055,6.17855746093e-14,0
271.0,-0.065,0.05,3.15309654354e-14,0
271.0,-0.065,0.055,5.19908144148e-14,0
271.0,-0.075,0.06,9.82216274333e-14,0
271.0,-0.07,0.06,8.4900971363e-14,0
271.0,-0.075,0.065,1.22678687844e-13,0
271.0,-0.07,0.065,1.06480935278e-13,0
271.0,-0.065,0.06,7.1541711527e-14,0
271.0,-0.065,0.065,9.00197433001e-14,0
271.0,-0.075,0.07,1.44987580849e-13,0
271.0,-0.07,0.07,1.26658985995e-13,0
271.0,-0.075,0.075,1.65702172264e-13,0
271.0,-0.07,0.075,1.46120457466e-13,0
271.0,-0.065,0.07,1.07601076973e-13,0
271.0,-0.065,0.075,1.24927619551e-13,0
271.0,-0.06,-0.075,1.06043463033e-13,0
271.0,-0.06,-0.07,9.01075394243e-14,0
271.0,-0.06,-0.065,7.41980652074e-14,0
271.0,-0.055,-0.075,8.14135537248e-14,0
271.0,-0.055,-0.07,6.9029286769e-14,0
271.0,-0.055,-0.065,5.67420518924e-14,0
271.0,-0.06,-0.06,5.77986793894e-14,0
271.0,-0.06,-0.055,4.07559661503e-14,0
271.0,-0.055,-0.06,4.41401167975e-14,0
271.0,-0.055,-0.055,3.10832671208e-14,0
271.0,-0.06,-0.05,2.32238708307e-14,0
271.0,-0.055,-0.05,1.76598468247e-14,0
271.0,-0.06,-0.045,5.57974104502e-15,0
271.0,-0.055,-0.045,4.1740979185e-15,0
271.0,-0.06,-0.04,-1.16274153879e-14,0
271.0,-0.055,-0.04,-8.90764316033e-15,0
271.0,-0.06,-0.035,-2.78008667952e-14,0
271.0,-0.055,-0.035,-2.09893415822e-14,0
271.0,-0.06,-0.03,-4.24457303177e-14,0
271.0,-0.06,-0.025,-5.52978054376e-14,0
271.0,-0.055,-0.03,-3.16214795351e-14,0
271.0,-0.055,-0.025,-4.07819787531e-14,0
271.0,-0.06,-0.02,-6.61884099599e-14,0
271.0,-0.06,-0.015,-7.4960724956e-14,0
271.0,-0.055,-0.02,-4.85134984263e-14,0
271.0,-0.055,-0.015,-5.48052279474e-14,0
271.0,-0.06,-0.01,-8.13719439225e-14,0
271.0,-0.06,-0.005,-8.51428022492e-14,0
271.0,-0.055,-0.01,-5.951680417e-14,0
271.0,-0.055,-0.005,-6.2311480814e-14,0
271.0,-0.06,0,-8.60653123864e-14,0
271.0,-0.06,0.005,-8.4098425943e-14,0
271.0,-0.055,4.16333634234e-19,-6.29729927321e-14,0
271.0,-0.055,0.005,-6.14509245451e-14,0
271.0,-0.06,0.01,-7.93550327826e-14,0
271.0,-0.06,0.015,-7.2113357232e-14,0
271.0,-0.055,0.01,-5.78614488606e-14,0
271.0,-0.055,0.015,-5.24859911754e-14,0
271.0,-0.06,0.02,-6.27144492392e-14,0
271.0,-0.06,0.025,-5.14265508943e-14,0
271.0,-0.055,0.02,-4.57236595941e-14,0
271.0,-0.055,0.025,-3.77152277122e-14,0
271.0,-0.06,0.03,-3.84201061269e-14,0
271.0,-0.06,0.035,-2.38708959353e-14,0
271.0,-0.055,0.03,-2.84792355488e-14,0
271.0,-0.055,0.035,-1.79964244156e-14,0
271.0,-0.06,0.04,-8.04320066371e-15,0
271.0,-0.06,0.045,8.56008432897e-15,0
271.0,-0.055,0.04,-6.28843413773e-15,0
271.0,-0.055,0.045,6.16698361249e-15,0
271.0,-0.06,0.05,2.53524533325e-14,0
271.0,-0.06,0.055,4.18161592422e-14,0
271.0,-0.055,0.05,1.87824571368e-14,0
271.0,-0.055,0.055,3.11243785202e-14,0
271.0,-0.06,0.06,5.76168860043e-14,0
271.0,-0.06,0.065,7.26472363071e-14,0
271.0,-0.055,0.06,4.29313033341e-14,0
271.0,-0.055,0.065,5.4158550897e-14,0
271.0,-0.06,0.07,8.71028711735e-14,0
271.0,-0.06,0.075,1.0153091973e-13,0
271.0,-0.055,0.07,6.49838628569e-14,0
271.0,-0.055,0.075,7.58432328816e-14,0
271.0,-0.05,-0.075,5.47150674415e-14,0
271.0,-0.05,-0.07,4.63812542777e-14,0
271.0,-0.045,-0.075,2.6490919778e-14,0
271.0,-0.045,-0.07,2.25833053869e-14,0
271.0,-0.05,-0.065,3.81327984928e-14,0
271.0,-0.045,-0.065,1.86778177943e-14,0
271.0,-0.05,-0.06,2.96551141934e-14,0
271.0,-0.05,-0.055,2.08160503581e-14,0
271.0,-0.045,-0.06,1.45700438813e-14,0
271.0,-0.045,-0.055,1.01429990735e-14,0
271.0,-0.05,-0.05,1.16500861482e-14,0
271.0,-0.05,-0.045,2.34878748292e-15,0
271.0,-0.045,-0.05,5.36712639416e-15,0
271.0,-0.045,-0.045,3.1734158861e-16,0
271.0,-0.05,-0.04,-6.69449638065e-15,0
271.0,-0.045,-0.04,-4.78605848305e-15,0
271.0,-0.05,-0.035,-1.48704347225e-14,0
271.0,-0.045,-0.035,-9.38885228448e-15,0
271.0,-0.05,-0.03,-2.16527563736e-14,0
271.0,-0.045,-0.03,-1.27722234988e-14,0
271.0,-0.05,-0.025,-2.73308903164e-14,0
271.0,-0.045,-0.025,-1.55732409564e-14,0
271.0,-0.05,-0.02,-3.20833258039e-14,0
271.0,-0.05,-0.015,-3.59989432571e-14,0
271.0,-0.045,-0.02,-1.78095935695e-14,0
271.0,-0.045,-0.015,-1.94969660763e-14,0
271.0,-0.05,-0.01,-3.90831189591e-14,0
271.0,-0.05,-0.005,-4.09202282132e-14,0
271.0,-0.045,-0.01,-2.09148113267e-14,0
271.0,-0.045,-0.005,-2.17146284091e-14,0
271.0,-0.05,0,-4.13065457684e-14,0
271.0,-0.05,0.005,-4.02339458354e-14,0
271.0,-0.045,4.16333634234e-19,-2.18023613243e-14,0
271.0,-0.045,0.005,-2.11861745328e-14,0
271.0,-0.05,0.01,-3.77723783034e-14,0
271.0,-0.05,0.015,-3.4190743054e-14,0
271.0,-0.045,0.01,-1.99111207843e-14,0
271.0,-0.045,0.015,-1.81313182796e-14,0
271.0,-0.05,0.02,-2.9946172894e-14,0
271.0,-0.05,0.025,-2.50070683237e-14,0
271.0,-0.045,0.02,-1.6213633633e-14,0
271.0,-0.045,0.025,-1.38544433138e-14,0
271.0,-0.05,0.03,-1.92967483979e-14,0
271.0,-0.05,0.035,-1.26713035562e-14,0
271.0,-0.045,0.03,-1.10665527542e-14,0
271.0,-0.045,0.035,-7.85613767379e-15,0
271.0,-0.05,0.04,-4.89596359333e-15,0
271.0,-0.05,0.045,3.49420386498e-15,0
271.0,-0.045,0.04,-3.66044815376e-15,0
271.0,-0.045,0.045,7.66998786177e-16,0
271.0,-0.05,0.05,1.19048002557e-14,0
271.0,-0.05,0.055,1.9976980084e-14,0
271.0,-0.045,0.05,4.90965072959e-15,0
271.0,-0.045,0.055,8.58535112571e-15,0
271.0,-0.05,0.06,2.7560557457e-14,0
271.0,-0.05,0.065,3.46617005865e-14,0
271.0,-0.045,0.06,1.17591249826e-14,0
271.0,-0.045,0.065,1.44978485049e-14,0
271.0,-0.05,0.07,4.14454268476e-14,0
271.0,-0.05,0.075,4.82431961411e-14,0
271.0,-0.045,0.07,1.69460298367e-14,0
271.0,-0.045,0.075,1.93191871867e-14,0
271.0,-0.04,-0.075,-2.49403367488e-15,0
271.0,-0.04,-0.07,-1.77881174884e-15,0
271.0,-0.035,-0.075,-3.13925189206e-14,0
271.0,-0.035,-0.07,-2.60205948207e-14,0
271.0,-0.04,-0.065,-1.17363451759e-15,0
271.0,-0.035,-0.065,-2.08882427826e-14,0
271.0,-0.04,-0.06,-7.7404790634e-16,0
271.0,-0.035,-0.06,-1.59862758954e-14,0
271.0,-0.04,-0.055,-6.81776001642e-16,0
271.0,-0.035,-0.055,-1.13942586599e-14,0
271.0,-0.04,-0.05,-9.80506246822e-16,0
271.0,-0.04,-0.045,-1.71097675571e-15,0
271.0,-0.035,-0.05,-7.2569752938e-15,0
271.0,-0.035,-0.045,-3.73251458017e-15,0
271.0,-0.04,-0.04,-2.80076070664e-15,0
271.0,-0.04,-0.035,-3.96931768032e-15,0
271.0,-0.035,-0.04,-9.64299646778e-16,0
271.0,-0.035,-0.035,9.40291511752e-16,0
271.0,-0.04,-0.03,-4.86882997334e-15,0
271.0,-0.035,-0.03,2.26531272291e-15,0
271.0,-0.04,-0.025,-5.50736085358e-15,0
271.0,-0.035,-0.025,3.51499899162e-15,0
271.0,-0.04,-0.02,-5.84706062173e-15,0
271.0,-0.035,-0.02,4.72107882576e-15,0
271.0,-0.04,-0.015,-5.81379739627e-15,0
271.0,-0.035,-0.015,5.94670721969e-15,0
271.0,-0.04,-0.01,-5.49798926901e-15,0
271.0,-0.04,-0.005,-5.24610298977e-15,0
271.0,-0.035,-0.01,7.19844936147e-15,0
271.0,-0.035,-0.005,8.03614981612e-15,0
271.0,-0.04,0,-5.04556845736e-15,0
271.0,-0.04,0.005,-4.85222748395e-15,0
271.0,-0.035,4.16333634234e-19,8.42040166446e-15,0
271.0,-0.035,0.005,8.32218676519e-15,0
271.0,-0.04,0.01,-4.74941953383e-15,0
271.0,-0.04,0.015,-4.79090425077e-15,0
271.0,-0.035,0.01,7.74164644693e-15,0
271.0,-0.035,0.015,6.69312215733e-15,0
271.0,-0.04,0.02,-4.65123180704e-15,0
271.0,-0.04,0.025,-4.24117333278e-15,0
271.0,-0.035,0.02,5.58580636604e-15,0
271.0,-0.035,0.025,4.40933255792e-15,0
271.0,-0.04,0.03,-3.65732879811e-15,0
271.0,-0.04,0.035,-2.94836075306e-15,0
271.0,-0.035,0.03,3.07846750592e-15,0
271.0,-0.035,0.035,1.54542364433e-15,0
271.0,-0.04,0.04,-2.20484327696e-15,0
271.0,-0.04,0.045,-1.80591057978e-15,0
271.0,-0.035,0.04,-7.80091473735e-16,0
271.0,-0.035,0.045,-4.22755988036e-15,0
271.0,-0.04,0.05,-1.9861320885e-15,0
271.0,-0.04,0.055,-2.78049438774e-15,0
271.0,-0.035,0.05,-8.64394068577e-15,0
271.0,-0.035,0.055,-1.38467759512e-14,0
271.0,-0.04,0.06,-4.10977299072e-15,0
271.0,-0.04,0.065,-5.85676274013e-15,0
271.0,-0.035,0.06,-1.96409149249e-14,0
271.0,-0.035,0.065,-2.58495653905e-14,0
271.0,-0.04,0.07,-7.89584965805e-15,0
271.0,-0.04,0.075,-1.01266326302e-14,0
271.0,-0.035,0.07,-3.23731951659e-14,0
271.0,-0.035,0.075,-3.92187929699e-14,0
271.0,-0.03,-0.075,-5.93030010803e-14,0
271.0,-0.03,-0.07,-4.94090843416e-14,0
271.0,-0.025,-0.075,-8.53097155384e-14,0
271.0,-0.025,-0.07,-7.12127005989e-14,0
271.0,-0.03,-0.065,-3.99002586366e-14,0
271.0,-0.025,-0.065,-5.76313521996e-14,0
271.0,-0.03,-0.06,-3.06532249509e-14,0
271.0,-0.025,-0.06,-4.4362263021e-14,0
271.0,-0.03,-0.055,-2.1741104621e-14,0
271.0,-0.025,-0.055,-3.14589027669e-14,0
271.0,-0.03,-0.05,-1.33654978263e-14,0
271.0,-0.025,-0.05,-1.91971152711e-14,0
271.0,-0.03,-0.045,-5.83417502105e-15,0
271.0,-0.025,-0.045,-8.02126926618e-15,0
271.0,-0.03,-0.04,4.82529868208e-16,0
271.0,-0.03,-0.035,5.12726809366e-15,0
271.0,-0.025,-0.04,1.48026262903e-15,0
271.0,-0.025,-0.035,8.54903445916e-15,0
271.0,-0.03,-0.03,8.48154630099e-15,0
271.0,-0.03,-0.025,1.14012068113e-14,0
271.0,-0.025,-0.03,1.3697218585e-14,0
271.0,-0.025,-0.025,1.80676784027e-14,0
271.0,-0.03,-0.02,1.38975979599e-14,0
271.0,-0.025,-0.02,2.16571638028e-14,0
271.0,-0.03,-0.015,1.59878352665e-14,0
271.0,-0.025,-0.015,2.45166558394e-14,0
271.0,-0.03,-0.01,1.76265211297e-14,0
271.0,-0.025,-0.01,2.65714881575e-14,0
271.0,-0.03,-0.005,1.86954857564e-14,0
271.0,-0.025,-0.005,2.777281009e-14,0
271.0,-0.03,0,1.91253482402e-14,0
271.0,-0.03,0.005,1.89000118159e-14,0
271.0,-0.025,4.16333634234e-19,2.82115542107e-14,0
271.0,-0.025,0.005,2.79072089044e-14,0
271.0,-0.03,0.01,1.80120787535e-14,0
271.0,-0.03,0.015,1.6509814494e-14,0
271.0,-0.025,0.01,2.68228703511e-14,0
271.0,-0.025,0.015,2.48530041983e-14,0
271.0,-0.03,0.02,1.44955498324e-14,0
271.0,-0.03,0.025,1.19991365337e-14,0
271.0,-0.025,0.02,2.20344557176e-14,0
271.0,-0.025,0.025,1.84291315946e-14,0
271.0,-0.03,0.03,8.98498147809e-15,0
271.0,-0.03,0.035,5.42618187763e-15,0
271.0,-0.025,0.03,1.39676609201e-14,0
271.0,-0.025,0.035,8.63627791295e-15,0
271.0,-0.03,0.04,3.77687923513e-16,0
271.0,-0.03,0.045,-6.58457387301e-15,0
271.0,-0.025,0.04,1.20567117988e-15,0
271.0,-0.025,0.045,-8.88356049331e-15,0
271.0,-0.03,0.05,-1.49650596781e-14,0
271.0,-0.03,0.055,-2.43562221789e-14,0
271.0,-0.025,0.05,-2.08421932907e-14,0
271.0,-0.025,0.055,-3.40463885016e-14,0
271.0,-0.03,0.06,-3.44135614714e-14,0
271.0,-0.03,0.065,-4.49058072859e-14,0
271.0,-0.025,0.06,-4.80167883954e-14,0
271.0,-0.025,0.065,-6.24478526564e-14,0
271.0,-0.03,0.07,-5.57408297569e-14,0
271.0,-0.03,0.075,-6.70425849123e-14,0
271.0,-0.025,0.07,-7.72683243524e-14,0
271.0,-0.025,0.075,-9.26810495959e-14,0
271.0,-0.02,-0.075,-1.08563382457e-13,0
271.0,-0.02,-0.07,-9.07129101154e-14,0
271.0,-0.015,-0.075,-1.28236771309e-13,0
271.0,-0.015,-0.07,-1.07259239991e-13,0
271.0,-0.02,-0.065,-7.35265210022e-14,0
271.0,-0.015,-0.065,-8.70543584751e-14,0
271.0,-0.02,-0.06,-5.66968414849e-14,0
271.0,-0.015,-0.06,-6.72680807723e-14,0
271.0,-0.02,-0.055,-4.02826017217e-14,0
271.0,-0.015,-0.055,-4.79386995559e-14,0
271.0,-0.02,-0.05,-2.46093156155e-14,0
271.0,-0.015,-0.05,-2.94483826749e-14,0
271.0,-0.02,-0.045,-1.02441264976e-14,0
271.0,-0.015,-0.045,-1.24519098275e-14,0
271.0,-0.02,-0.04,2.04023472928e-15,0
271.0,-0.015,-0.04,2.16042217261e-15,0
271.0,-0.02,-0.035,1.12482556778e-14,0
271.0,-0.015,-0.035,1.32169682564e-14,0
271.0,-0.02,-0.03,1.79173721262e-14,0
271.0,-0.02,-0.025,2.34690827189e-14,0
271.0,-0.015,-0.03,2.12021321819e-14,0
271.0,-0.015,-0.025,2.76582891278e-14,0
271.0,-0.02,-0.02,2.78665897544e-14,0
271.0,-0.02,-0.015,3.11750284001e-14,0
271.0,-0.015,-0.02,3.24757373278e-14,0
271.0,-0.015,-0.015,3.56186471762e-14,0
271.0,-0.02,-0.01,3.33439782211e-14,0
271.0,-0.015,-0.01,3.70645507352e-14,0
271.0,-0.02,-0.005,3.44142683116e-14,0
271.0,-0.015,-0.005,3.73350317238e-14,0
271.0,-0.02,0,3.47259299641e-14,0
271.0,-0.015,4.16333634234e-19,3.72714617276e-14,0
271.0,-0.02,0.005,3.4471014489e-14,0
271.0,-0.015,0.005,3.72733800527e-14,0
271.0,-0.02,0.01,3.34507359468e-14,0
271.0,-0.02,0.015,3.13198722962e-14,0
271.0,-0.015,0.01,3.69690898874e-14,0
271.0,-0.015,0.015,3.55190809748e-14,0
271.0,-0.02,0.02,2.80365349717e-14,0
271.0,-0.02,0.025,2.36325876071e-14,0
271.0,-0.015,0.02,3.24124511866e-14,0
271.0,-0.015,0.025,2.76384246328e-14,0
271.0,-0.02,0.03,1.80185809816e-14,0
271.0,-0.02,0.035,1.12125814325e-14,0
271.0,-0.015,0.03,2.11849430736e-14,0
271.0,-0.015,0.035,1.31477096068e-14,0
271.0,-0.02,0.04,1.7129937168e-15,0
271.0,-0.02,0.045,-1.10769808109e-14,0
271.0,-0.015,0.04,1.90851519023e-15,0
271.0,-0.015,0.045,-1.31124223604e-14,0
271.0,-0.02,0.05,-2.6136958174e-14,0
271.0,-0.02,0.055,-4.26600900265e-14,0
271.0,-0.015,0.05,-3.07040345092e-14,0
271.0,-0.015,0.055,-4.9938670091e-14,0
271.0,-0.02,0.06,-6.004378702e-14,0
271.0,-0.02,0.065,-7.79331546683e-14,0
271.0,-0.015,0.06,-7.01257477846e-14,0
271.0,-0.015,0.065,-9.08535229652e-14,0
271.0,-0.02,0.07,-9.62504024794e-14,0
271.0,-0.02,0.075,-1.15301290911e-13,0
271.0,-0.015,0.07,-1.12063802089e-13,0
271.0,-0.015,0.075,-1.34105013858e-13,0
271.0,-0.01,-0.075,-1.43662207253e-13,0
271.0,-0.01,-0.07,-1.20256339995e-13,0
271.0,-0.005,-0.075,-1.54222748219e-13,0
271.0,-0.005,-0.07,-1.29231104519e-13,0
271.0,-0.01,-0.065,-9.77494000175e-14,0
271.0,-0.005,-0.065,-1.05204238519e-13,0
271.0,-0.01,-0.06,-7.57042718085e-14,0
271.0,-0.005,-0.06,-8.16938428578e-14,0
271.0,-0.01,-0.055,-5.41683971171e-14,0
271.0,-0.005,-0.055,-5.872384172e-14,0
271.0,-0.01,-0.05,-3.35474507146e-14,0
271.0,-0.005,-0.05,-3.67293356826e-14,0
271.0,-0.01,-0.045,-1.45642568885e-14,0
271.0,-0.005,-0.045,-1.64676239718e-14,0
271.0,-0.01,-0.04,1.79752198599e-15,0
271.0,-0.005,-0.04,1.03987214656e-15,0
271.0,-0.01,-0.035,1.43079595315e-14,0
271.0,-0.005,-0.035,1.45397975624e-14,0
271.0,-0.01,-0.03,2.33845731344e-14,0
271.0,-0.005,-0.03,2.4365757367e-14,0
271.0,-0.01,-0.025,3.04404729023e-14,0
271.0,-0.005,-0.025,3.16245938897e-14,0
271.0,-0.01,-0.02,3.52895592758e-14,0
271.0,-0.01,-0.015,3.76619962645e-14,0
271.0,-0.005,-0.02,3.62023339929e-14,0
271.0,-0.005,-0.015,3.76809267942e-14,0
271.0,-0.0117873230072,-0.0115873794689,3.77234349332e-14,0
271.0,-0.00939961996336,-0.005,3.4583339195e-14,0
271.0,-0.00792797428371,-0.00964253216809,3.63253070962e-14,0
271.0,-0.005,-0.00939961996336,3.41113501087e-14,0
271.0,-0.0108753492546,-0.00150606400588,3.50337844034e-14,0
271.0,-0.00818101620308,-0.00211452602544,3.04348307335e-14,0
271.0,-0.00651817360753,-0.000255934956239,2.34613577021e-14,0
271.0,-0.005,6.71033969428e-08,1.15144929758e-14,0
271.0,-0.0107292118043,0.00160660295843,3.48248998975e-14,0
271.0,-0.0080188992252,0.000768320427092,2.92056650264e-14,0
271.0,-0.00939946851065,0.005,3.44303420965e-14,0
271.0,-0.00802129342231,0.00264911934363,3.04148206332e-14,0
271.0,-0.00887989370213,0.00887989479405,3.61514186616e-14,0
271.0,-0.01,0.015,3.73493454349e-14,0
271.0,-0.005,0.00939947397025,3.38208434807e-14,0
271.0,-0.005,0.015,3.73377823724e-14,0
271.0,-0.01,0.02,3.50643399375e-14,0
271.0,-0.01,0.025,3.03555645146e-14,0
271.0,-0.005,0.02,3.6032260009e-14,0
271.0,-0.005,0.025,3.17500677642e-14,0
271.0,-0.01,0.03,2.34063488926e-14,0
271.0,-0.01,0.035,1.43851977295e-14,0
271.0,-0.005,0.03,2.47230689346e-14,0
271.0,-0.005,0.035,1.49710346745e-14,0
271.0,-0.01,0.04,1.77291615438e-15,0
271.0,-0.01,0.045,-1.49158850507e-14,0
271.0,-0.005,0.04,1.35804558328e-15,0
271.0,-0.005,0.045,-1.64073824281e-14,0
271.0,-0.01,0.05,-3.43950909553e-14,0
271.0,-0.01,0.055,-5.56482638663e-14,0
271.0,-0.005,0.05,-3.70650043968e-14,0
271.0,-0.005,0.055,-5.95760582503e-14,0
271.0,-0.01,0.06,-7.79207479167e-14,0
271.0,-0.01,0.065,-1.00778448261e-13,0
271.0,-0.005,0.06,-8.31571767632e-14,0
271.0,-0.005,0.065,-1.07345299999e-13,0
271.0,-0.01,0.07,-1.24152135471e-13,0
271.0,-0.01,0.075,-1.48469502189e-13,0
271.0,-0.005,0.07,-1.32092846919e-13,0
271.0,-0.005,0.075,-1.57833364831e-13,0
271.0,0,-0.075,-1.59533128007e-13,0
271.0,0,-0.07,-1.33803349903e-13,0
271.0,0.005,-0.075,-1.59285292651e-13,0
271.0,0.005,-0.07,-1.337571856e-13,0
271.0,0,-0.065,-1.09117805085e-13,0
271.0,0.005,-0.065,-1.09280325779e-13,0
271.0,0,-0.06,-8.49735974131e-14,0
271.0,0.005,-0.06,-8.53761132771e-14,0
271.0,0,-0.055,-6.14017083333e-14,0
271.0,0.005,-0.055,-6.20471457527e-14,0
271.0,0,-0.05,-3.88286188633e-14,0
271.0,0.005,-0.05,-3.97150758733e-14,0
271.0,0,-0.045,-1.80240543075e-14,0
271.0,0.005,-0.045,-1.91310111575e-14,0
271.0,0,-0.04,-3.48433405008e-17,0
271.0,0.005,-0.04,-1.327976625e-15,0
271.0,0,-0.035,1.39087721351e-14,0
271.0,0.005,-0.035,1.2362900452e-14,0
271.0,0,-0.03,2.40722091662e-14,0
271.0,0.005,-0.03,2.2346290159e-14,0
271.0,0,-0.025,3.1427855185e-14,0
271.0,0.005,-0.025,2.99238643925e-14,0
271.0,0,-0.02,3.5900391311e-14,0
271.0,0.005,-0.02,3.49659161517e-14,0
271.0,0,-0.015,3.71168547292e-14,0
271.0,0.005,-0.015,3.71931781955e-14,0
271.0,-0.0021196717084,-0.00776771017156,2.84027795057e-14,0
271.0,-0.00084550708518,-0.00631514607954,2.18547768359e-14,0
271.0,6.71033969406e-08,-0.005,1.19008182845e-14,0
271.0,-0.00139054260708,-0.0110960807567,3.4477009957e-14,0
271.0,0.00132468676756,-0.00775008274642,2.78114667781e-14,0
271.0,0.00160394440688,-0.0116908851489,3.51860612181e-14,0
271.0,0.005,-0.00939946851065,3.44429261399e-14,0
271.0,0.005,0.005,2.63029400046e-14,0
271.0,-0.000107646311398,0.00617659695633,2.08219136958e-14,0
271.0,-0.00190846935279,0.0076427502668,2.76235698399e-14,0
271.0,0.00131146485568,0.00777290068297,2.73411061118e-14,0
271.0,0.00295884413402,0.00640276348073,2.52077203946e-14,0
271.0,-1.21517769428e-05,0.0108932602996,3.35978200196e-14,0
271.0,0,0.015,3.67851828864e-14,0
271.0,0.005,0.00939942566771,3.37656662548e-14,0
271.0,0.005,0.015,3.68725751158e-14,0
271.0,0,0.02,3.58775125329e-14,0
271.0,0,0.025,3.18347861052e-14,0
271.0,0.005,0.02,3.50664133839e-14,0
271.0,0.005,0.025,3.04695425749e-14,0
271.0,0,0.03,2.48176804331e-14,0
271.0,0,0.035,1.47070815585e-14,0
271.0,0.005,0.03,2.32606363339e-14,0
271.0,0.005,0.035,1.34574906294e-14,0
271.0,0,0.04,6.68668198307e-16,0
271.0,0,0.045,-1.74909667638e-14,0
271.0,0.005,0.04,-2.18266576406e-16,0
271.0,0.005,0.045,-1.81000461551e-14,0
271.0,0,0.05,-3.85873047611e-14,0
271.0,0,0.055,-6.15615023471e-14,0
271.0,0.005,0.05,-3.88743582051e-14,0
271.0,0.005,0.055,-6.14977843018e-14,0
271.0,0,0.06,-8.56194881112e-14,0
271.0,0,0.065,-1.10306286125e-13,0
271.0,0.005,0.06,-8.51936617224e-14,0
271.0,0.005,0.065,-1.0951026157e-13,0
271.0,0,0.07,-1.35564503429e-13,0
271.0,0,0.075,-1.61877003304e-13,0
271.0,0.005,0.07,-1.34415704236e-13,0
271.0,0.005,0.075,-1.60363517496e-13,0
271.0,0.01,-0.075,-1.53446413441e-13,0
271.0,0.01,-0.07,-1.28997140284e-13,0
271.0,0.015,-0.075,-1.42078666118e-13,0
271.0,0.015,-0.07,-1.19611273261e-13,0
271.0,0.01,-0.065,-1.05616604529e-13,0
271.0,0.015,-0.065,-9.81583626469e-14,0
271.0,0.01,-0.06,-8.28081269952e-14,0
271.0,0.015,-0.06,-7.72859010755e-14,0
271.0,0.01,-0.055,-6.05796853666e-14,0
271.0,0.015,-0.055,-5.69757331254e-14,0
271.0,0.01,-0.05,-3.93091875259e-14,0
271.0,0.015,-0.05,-3.75713061206e-14,0
271.0,0.01,-0.045,-1.97068449071e-14,0
271.0,0.015,-0.045,-1.97000070908e-14,0
271.0,0.01,-0.04,-2.77253065105e-15,0
271.0,0.015,-0.04,-4.24633465894e-15,0
271.0,0.01,-0.035,1.01783514823e-14,0
271.0,0.015,-0.035,7.60188609486e-15,0
271.0,0.01,-0.03,1.96864796226e-14,0
271.0,0.015,-0.03,1.64186381668e-14,0
271.0,0.01,-0.025,2.73613553753e-14,0
271.0,0.015,-0.025,2.38282246941e-14,0
271.0,0.01,-0.02,3.3067498059e-14,0
271.0,0.01,-0.015,3.67798634069e-14,0
271.0,0.015,-0.02,2.98344633057e-14,0
271.0,0.015,-0.015,3.46981264927e-14,0
271.0,0.00999280436795,-0.0116358337096,3.78833147598e-14,0
271.0,0.0105889214373,-0.00845762197625,3.81632942384e-14,0
271.0,0.015,-0.01,3.81371679047e-14,0
271.0,0.00939947397025,-0.005,3.65304442364e-14,0
271.0,0.015,-0.005,3.99465371161e-14,0
271.0,0.00658051136513,-0.00296146438142,2.88092417482e-14,0
271.0,0.00636794669772,-3.54305826484e-06,2.4714369995e-14,0
271.0,0.00795807888052,-0.00113999998936,3.20754172804e-14,0
271.0,0.00758147027913,0.00183630393596,3.08682941513e-14,0
271.0,0.0112534647756,-1.47536350887e-07,3.85744694497e-14,0
271.0,0.015,4.16333634234e-19,4.05520980801e-14,0
271.0,0.00939942566771,0.005,3.59639098087e-14,0
271.0,0.015,0.005,3.96355874844e-14,0
271.0,0.00999018807453,0.0109670628501,3.74945047848e-14,0
271.0,0.01,0.015,3.66014450568e-14,0
271.0,0.015,0.01,3.79115016448e-14,0
271.0,0.015,0.015,3.47846538605e-14,0
271.0,0.01,0.02,3.3331410429e-14,0
271.0,0.01,0.025,2.80312473164e-14,0
271.0,0.015,0.02,3.0283781171e-14,0
271.0,0.015,0.025,2.46480291029e-14,0
271.0,0.01,0.03,2.07164413131e-14,0
271.0,0.01,0.035,1.14948509609e-14,0
271.0,0.015,0.03,1.76082236841e-14,0
271.0,0.015,0.035,9.13992863588e-15,0
271.0,0.01,0.04,-1.29191060755e-15,0
271.0,0.01,0.045,-1.8199863569e-14,0
271.0,0.015,0.04,-2.43887495715e-15,0
271.0,0.015,0.045,-1.77735864438e-14,0
271.0,0.01,0.05,-3.78947416659e-14,0
271.0,0.01,0.055,-5.93563760421e-14,0
271.0,0.015,0.05,-3.56549283995e-14,0
271.0,0.015,0.055,-5.51656691297e-14,0
271.0,0.01,0.06,-8.18428265133e-14,0
271.0,0.01,0.065,-1.04942910713e-13,0
271.0,0.015,0.06,-7.56387591466e-14,0
271.0,0.015,0.065,-9.66950375269e-14,0
271.0,0.01,0.07,-1.28616830098e-13,0
271.0,0.01,0.075,-1.53331617143e-13,0
271.0,0.015,0.07,-1.18318889714e-13,0
271.0,0.015,0.075,-1.40912468166e-13,0
271.0,0.02,-0.075,-1.25525310695e-13,0
271.0,0.02,-0.07,-1.05816836597e-13,0
271.0,0.025,-0.075,-1.04231043413e-13,0
271.0,0.025,-0.07,-8.80080772631e-14,0
271.0,0.02,-0.065,-8.70763181285e-14,0
271.0,0.025,-0.065,-7.26455407009e-14,0
271.0,0.02,-0.06,-6.8899051787e-14,0
271.0,0.025,-0.06,-5.7839452681e-14,0
271.0,0.02,-0.055,-5.12792080935e-14,0
271.0,0.025,-0.055,-4.35750030203e-14,0
271.0,0.02,-0.05,-3.44907383048e-14,0
271.0,0.025,-0.05,-3.00777420534e-14,0
271.0,0.02,-0.045,-1.90571614128e-14,0
271.0,0.025,-0.045,-1.77331660499e-14,0
271.0,0.02,-0.04,-5.70310359714e-15,0
271.0,0.025,-0.04,-7.05839634588e-15,0
271.0,0.02,-0.035,4.62138711389e-15,0
271.0,0.025,-0.035,1.2783507746e-15,0
271.0,0.02,-0.03,1.24249371146e-14,0
271.0,0.025,-0.03,7.70603604702e-15,0
271.0,0.02,-0.025,1.91505764138e-14,0
271.0,0.025,-0.025,1.33124713432e-14,0
271.0,0.02,-0.02,2.48937576059e-14,0
271.0,0.025,-0.02,1.81528379818e-14,0
271.0,0.02,-0.015,2.99669509608e-14,0
271.0,0.025,-0.015,2.24331816343e-14,0
271.0,0.02,-0.01,3.41033530556e-14,0
271.0,0.025,-0.01,2.58622545535e-14,0
271.0,0.02,-0.005,3.65432007242e-14,0
271.0,0.025,-0.005,2.81477457666e-14,0
271.0,0.02,0,3.73137200425e-14,0
271.0,0.025,4.16333634234e-19,2.90393082375e-14,0
271.0,0.02,0.005,3.64506342435e-14,0
271.0,0.025,0.005,2.8081023107e-14,0
271.0,0.02,0.01,3.4116899331e-14,0
271.0,0.025,0.01,2.58780435952e-14,0
271.0,0.02,0.015,3.02412987003e-14,0
271.0,0.025,0.015,2.27160473701e-14,0
271.0,0.02,0.02,2.54699802668e-14,0
271.0,0.02,0.025,2.00849821541e-14,0
271.0,0.025,0.02,1.87483994321e-14,0
271.0,0.025,0.025,1.42819981654e-14,0
271.0,0.02,0.03,1.37611103366e-14,0
271.0,0.02,0.035,6.37184323443e-15,0
271.0,0.025,0.03,9.12932837108e-15,0
271.0,0.025,0.035,3.18789667907e-15,0
271.0,0.02,0.04,-3.61551134333e-15,0
271.0,0.02,0.045,-1.67955633865e-14,0
271.0,0.025,0.04,-4.77328828362e-15,0
271.0,0.025,0.045,-1.52651731371e-14,0
271.0,0.02,0.05,-3.21872901089e-14,0
271.0,0.02,0.055,-4.90183338016e-14,0
271.0,0.025,0.05,-2.75485538088e-14,0
271.0,0.025,0.055,-4.10464287463e-14,0
271.0,0.02,0.06,-6.67228564571e-14,0
271.0,0.02,0.065,-8.49901916961e-14,0
271.0,0.025,0.06,-5.53303402244e-14,0
271.0,0.025,0.065,-7.01452852647e-14,0
271.0,0.02,0.07,-1.03794106754e-13,0
271.0,0.02,0.075,-1.23506844777e-13,0
271.0,0.025,0.07,-8.54788248822e-14,0
271.0,0.025,0.075,-1.01604822287e-13,0
271.0,0.03,-0.075,-7.88877867753e-14,0
271.0,0.03,-0.07,-6.67011982065e-14,0
271.0,0.035,-0.075,-5.0281893552e-14,0
271.0,0.035,-0.07,-4.25588576106e-14,0
271.0,0.03,-0.065,-5.52685231353e-14,0
271.0,0.035,-0.065,-3.54422303815e-14,0
271.0,0.03,-0.06,-4.43667677097e-14,0
271.0,0.035,-0.06,-2.88359732415e-14,0
271.0,0.03,-0.055,-3.40076763728e-14,0
271.0,0.035,-0.055,-2.27680293577e-14,0
271.0,0.03,-0.05,-2.43495163617e-14,0
271.0,0.035,-0.05,-1.73527057883e-14,0
271.0,0.03,-0.045,-1.56565623102e-14,0
271.0,0.035,-0.045,-1.27258988932e-14,0
271.0,0.03,-0.04,-8.21986889234e-15,0
271.0,0.035,-0.04,-8.9923826304e-15,0
271.0,0.03,-0.035,-2.34033377987e-15,0
271.0,0.035,-0.035,-6.08688410174e-15,0
271.0,0.03,-0.03,2.33519158704e-15,0
271.0,0.035,-0.03,-3.53286061199e-15,0
271.0,0.03,-0.025,6.41164298662e-15,0
271.0,0.035,-0.025,-1.36770853369e-15,0
271.0,0.03,-0.02,9.86487487196e-15,0
271.0,0.035,-0.02,3.50616720825e-16,0
271.0,0.03,-0.015,1.28370532821e-14,0
271.0,0.035,-0.015,1.87980781949e-15,0
271.0,0.03,-0.01,1.52207765491e-14,0
271.0,0.035,-0.01,3.16276946678e-15,0
271.0,0.03,-0.005,1.70030469134e-14,0
271.0,0.035,-0.005,4.22917291285e-15,0
271.0,0.03,0,1.77586119435e-14,0
271.0,0.035,4.16333634234e-19,4.73854740519e-15,0
271.0,0.03,0.005,1.69399794014e-14,0
271.0,0.035,0.005,4.23624777322e-15,0
271.0,0.03,0.01,1.52211978062e-14,0
271.0,0.035,0.01,3.25116924945e-15,0
271.0,0.03,0.015,1.30741615029e-14,0
271.0,0.035,0.015,2.1627780848e-15,0
271.0,0.03,0.02,1.04150648507e-14,0
271.0,0.035,0.02,8.89997224025e-16,0
271.0,0.03,0.025,7.32612299339e-15,0
271.0,0.035,0.025,-5.63055309722e-16,0
271.0,0.03,0.03,3.75436356509e-15,0
271.0,0.03,0.035,-3.54614949827e-16,0
271.0,0.035,0.03,-2.24517135753e-15,0
271.0,0.035,0.035,-4.19368005738e-15,0
271.0,0.03,0.04,-5.87531464449e-15,0
271.0,0.03,0.045,-1.31745904651e-14,0
271.0,0.035,0.04,-6.85556551036e-15,0
271.0,0.035,0.045,-1.05081918042e-14,0
271.0,0.03,0.05,-2.18106039349e-14,0
271.0,0.03,0.055,-3.14327563728e-14,0
271.0,0.035,0.05,-1.50585781282e-14,0
271.0,0.035,0.055,-2.03838505003e-14,0
271.0,0.03,0.06,-4.175060741e-14,0
271.0,0.03,0.065,-5.25884538715e-14,0
271.0,0.035,0.06,-2.63458419606e-14,0
271.0,0.035,0.065,-3.28200628193e-14,0
271.0,0.03,0.07,-6.39133185322e-14,0
271.0,0.03,0.075,-7.59217524775e-14,0
271.0,0.035,0.07,-3.97634018249e-14,0
271.0,0.035,0.075,-4.7248319897e-14,0
271.0,0.04,-0.075,-1.93669500231e-14,0
271.0,0.04,-0.07,-1.63364413236e-14,0
271.0,0.045,-0.075,1.28477430057e-14,0
271.0,0.045,-0.07,1.11333227866e-14,0
271.0,0.04,-0.065,-1.37635683344e-14,0
271.0,0.045,-0.065,9.11193336945e-15,0
271.0,0.04,-0.06,-1.16722815483e-14,0
271.0,0.045,-0.06,6.62453714017e-15,0
271.0,0.04,-0.055,-1.01256638711e-14,0
271.0,0.045,-0.055,3.57768317367e-15,0
271.0,0.04,-0.05,-9.18448688818e-15,0
271.0,0.045,-0.05,-4.86282343177e-17,0
271.0,0.04,-0.045,-8.87418783685e-15,0
271.0,0.045,-0.045,-4.1717422986e-15,0
271.0,0.04,-0.04,-9.10197299749e-15,0
271.0,0.045,-0.04,-8.58676005816e-15,0
271.0,0.04,-0.035,-9.56119488666e-15,0
271.0,0.045,-0.035,-1.28687566201e-14,0
271.0,0.04,-0.03,-9.88313158741e-15,0
271.0,0.045,-0.03,-1.65088893914e-14,0
271.0,0.04,-0.025,-1.01079883403e-14,0
271.0,0.045,-0.025,-1.95180337172e-14,0
271.0,0.04,-0.02,-1.02392867682e-14,0
271.0,0.045,-0.02,-2.16505317485e-14,0
271.0,0.04,-0.015,-1.02415185678e-14,0
271.0,0.045,-0.015,-2.33105537901e-14,0
271.0,0.04,-0.01,-1.01230403529e-14,0
271.0,0.045,-0.01,-2.44993907767e-14,0
271.0,0.04,-0.005,-9.831853357e-15,0
271.0,0.045,-0.005,-2.51233658759e-14,0
271.0,0.04,0,-9.61018593426e-15,0
271.0,0.045,4.16333634234e-19,-2.52898967634e-14,0
271.0,0.04,0.005,-9.73619091074e-15,0
271.0,0.045,0.005,-2.4923867209e-14,0
271.0,0.04,0.01,-9.89982807601e-15,0
271.0,0.045,0.01,-2.4128715409e-14,0
271.0,0.04,0.015,-9.82491912228e-15,0
271.0,0.045,0.015,-2.27441667615e-14,0
271.0,0.04,0.02,-9.57421522125e-15,0
271.0,0.045,0.02,-2.08040355409e-14,0
271.0,0.04,0.025,-9.18887479323e-15,0
271.0,0.045,0.025,-1.83745789384e-14,0
271.0,0.04,0.03,-8.7132039044e-15,0
271.0,0.045,0.03,-1.54627426713e-14,0
271.0,0.04,0.035,-8.1839018465e-15,0
271.0,0.045,0.035,-1.21445061068e-14,0
271.0,0.04,0.04,-7.5868234801e-15,0
271.0,0.04,0.045,-7.21401777086e-15,0
271.0,0.045,0.04,-7.82187865305e-15,0
271.0,0.045,0.045,-3.19447938093e-15,0
271.0,0.04,0.05,-7.36791808077e-15,0
271.0,0.04,0.055,-8.14528683774e-15,0
271.0,0.045,0.05,1.15686482206e-15,0
271.0,0.045,0.055,5.00787323113e-15,0
271.0,0.04,0.06,-9.51805515565e-15,0
271.0,0.04,0.065,-1.14171822089e-14,0
271.0,0.045,0.06,8.28146128043e-15,0
271.0,0.045,0.065,1.10045984816e-14,0
271.0,0.04,0.07,-1.37655982302e-14,0
271.0,0.04,0.075,-1.65180250633e-14,0
271.0,0.045,0.07,1.32837718973e-14,0
271.0,0.045,0.075,1.52950962086e-14,0
271.0,0.05,-0.075,4.53293765497e-14,0
271.0,0.05,-0.07,3.90061040431e-14,0
271.0,0.055,-0.075,7.70880577335e-14,0
271.0,0.055,-0.07,6.6494175801e-14,0
271.0,0.05,-0.065,3.2504308519e-14,0
271.0,0.055,-0.065,5.57832819307e-14,0
271.0,0.05,-0.06,2.55261598634e-14,0
271.0,0.055,-0.06,4.45250832305e-14,0
271.0,0.05,-0.055,1.79387587429e-14,0
271.0,0.055,-0.055,3.25545388387e-14,0
271.0,0.05,-0.05,9.76820459157e-15,0
271.0,0.055,-0.05,1.99314382851e-14,0
271.0,0.05,-0.045,1.184598692e-15,0
271.0,0.055,-0.045,6.92153880087e-15,0
271.0,0.05,-0.04,-7.47900722913e-15,0
271.0,0.055,-0.04,-6.05553304862e-15,0
271.0,0.05,-0.035,-1.57446735484e-14,0
271.0,0.055,-0.035,-1.8455261984e-14,0
271.0,0.05,-0.03,-2.30980418557e-14,0
271.0,0.055,-0.03,-2.97503708108e-14,0
271.0,0.05,-0.025,-2.92761418542e-14,0
271.0,0.055,-0.025,-3.95251868529e-14,0
271.0,0.05,-0.02,-3.41355299602e-14,0
271.0,0.055,-0.02,-4.75541589659e-14,0
271.0,0.05,-0.015,-3.79116001605e-14,0
271.0,0.055,-0.015,-5.38658925709e-14,0
271.0,0.05,-0.01,-4.06691244136e-14,0
271.0,0.055,-0.01,-5.84482041378e-14,0
271.0,0.05,-0.005,-4.23361096815e-14,0
271.0,0.055,-0.005,-6.12182559882e-14,0
271.0,0.05,0,-4.28401956787e-14,0
271.0,0.055,4.16333634234e-19,-6.20724873788e-14,0
271.0,0.05,0.005,-4.20720948204e-14,0
271.0,0.055,0.005,-6.09443381176e-14,0
271.0,0.05,0.01,-4.018677836e-14,0
271.0,0.055,0.01,-5.79511037939e-14,0
271.0,0.05,0.015,-3.72302520525e-14,0
271.0,0.055,0.015,-5.3207993078e-14,0
271.0,0.05,0.02,-3.32435018139e-14,0
271.0,0.055,0.02,-4.68008714427e-14,0
271.0,0.05,0.025,-2.82729170602e-14,0
271.0,0.055,0.025,-3.8823262231e-14,0
271.0,0.05,0.03,-2.23377803013e-14,0
271.0,0.055,0.03,-2.93553875164e-14,0
271.0,0.05,0.035,-1.53921914356e-14,0
271.0,0.055,0.035,-1.84641642325e-14,0
271.0,0.05,0.04,-7.24703685212e-15,0
271.0,0.055,0.04,-6.25199132281e-15,0
271.0,0.05,0.045,1.54452876808e-15,0
271.0,0.055,0.045,6.74900450303e-15,0
271.0,0.05,0.05,1.03409781284e-14,0
271.0,0.05,0.055,1.87484222878e-14,0
271.0,0.055,0.05,1.98988009931e-14,0
271.0,0.055,0.055,3.2721177933e-14,0
271.0,0.05,0.06,2.65811460233e-14,0
271.0,0.05,0.065,3.38143382125e-14,0
271.0,0.055,0.06,4.49211417553e-14,0
271.0,0.055,0.065,5.64270961006e-14,0
271.0,0.05,0.07,4.05862527696e-14,0
271.0,0.05,0.075,4.72069057165e-14,0
271.0,0.055,0.07,6.74015594684e-14,0
271.0,0.055,0.075,7.82771329717e-14,0
271.0,0.06,-0.075,1.07330608794e-13,0
271.0,0.06,-0.07,9.29594271973e-14,0
271.0,0.065,-0.075,1.35484300119e-13,0
271.0,0.065,-0.07,1.1803186276e-13,0
271.0,0.06,-0.065,7.84456193579e-14,0
271.0,0.065,-0.065,1.00233063818e-13,0
271.0,0.06,-0.06,6.32210172162e-14,0
271.0,0.065,-0.06,8.14026988328e-14,0
271.0,0.06,-0.055,4.70853525428e-14,0
271.0,0.065,-0.055,6.13479763368e-14,0
271.0,0.06,-0.05,3.01500688265e-14,0
271.0,0.065,-0.05,4.02364627566e-14,0
271.0,0.06,-0.045,1.27585087046e-14,0
271.0,0.065,-0.045,1.85199936476e-14,0
271.0,0.06,-0.04,-4.56543977431e-15,0
271.0,0.065,-0.04,-3.17460027895e-15,0
271.0,0.06,-0.035,-2.12117482843e-14,0
271.0,0.065,-0.035,-2.41243752172e-14,0
271.0,0.06,-0.03,-3.65665808294e-14,0
271.0,0.065,-0.03,-4.36123238552e-14,0
271.0,0.06,-0.025,-5.01163263802e-14,0
271.0,0.065,-0.025,-6.10000075124e-14,0
271.0,0.06,-0.02,-6.15000954581e-14,0
271.0,0.065,-0.02,-7.57898776359e-14,0
271.0,0.06,-0.015,-7.05430957752e-14,0
271.0,0.065,-0.015,-8.7621359584e-14,0
271.0,0.06,-0.01,-7.7106461899e-14,0
271.0,0.065,-0.01,-9.62448128943e-14,0
271.0,0.06,-0.005,-8.10726058145e-14,0
271.0,0.065,-0.005,-1.01462277479e-13,0
271.0,0.06,0,-8.23280274219e-14,0
271.0,0.065,4.16333634234e-19,-1.03160640947e-13,0
271.0,0.06,0.005,-8.08435168354e-14,0
271.0,0.065,0.005,-1.01305217805e-13,0
271.0,0.06,0.01,-7.66994219939e-14,0
271.0,0.065,0.01,-9.59809561407e-14,0
271.0,0.06,0.015,-7.00405346056e-14,0
271.0,0.065,0.015,-8.73406008903e-14,0
271.0,0.06,0.02,-6.10113574692e-14,0
271.0,0.065,0.02,-7.56088764273e-14,0
271.0,0.06,0.025,-4.97898639676e-14,0
271.0,0.065,0.025,-6.10489783951e-14,0
271.0,0.06,0.03,-3.65621766094e-14,0
271.0,0.065,0.03,-4.39981911122e-14,0
271.0,0.06,0.035,-2.1572009998e-14,0
271.0,0.065,0.035,-2.48679078859e-14,0
271.0,0.06,0.04,-5.16345242199e-15,0
271.0,0.065,0.04,-4.19568716061e-15,0
271.0,0.06,0.045,1.20879092034e-14,0
271.0,0.065,0.045,1.73476377621e-14,0
271.0,0.06,0.05,2.95331204238e-14,0
271.0,0.065,0.05,3.9035235115e-14,0
271.0,0.06,0.055,4.66047851913e-14,0
271.0,0.065,0.055,6.02155613197e-14,0
271.0,0.06,0.06,6.29295170201e-14,0
271.0,0.06,0.065,7.83758970635e-14,0
271.0,0.065,0.06,8.0409206218e-14,0
271.0,0.065,0.065,9.94258994513e-14,0
271.0,0.06,0.07,9.3132187588e-14,0
271.0,0.06,0.075,1.07760166764e-13,0
271.0,0.065,0.07,1.17439934178e-13,0
271.0,0.065,0.075,1.35121656592e-13,0
271.0,0.07,-0.075,1.61484112071e-13,0
271.0,0.07,-0.07,1.41760240692e-13,0
271.0,0.075,-0.075,1.85836921068e-13,0
271.0,0.075,-0.07,1.64786721308e-13,0
271.0,0.07,-0.065,1.21231501612e-13,0
271.0,0.075,-0.065,1.42024484784e-13,0
271.0,0.07,-0.06,9.9154616091e-14,0
271.0,0.075,-0.06,1.16939948e-13,0
271.0,0.07,-0.055,7.5376069309e-14,0
271.0,0.075,-0.055,8.94929203742e-14,0
271.0,0.07,-0.05,5.01766953743e-14,0
271.0,0.075,-0.05,6.0157961107e-14,0
271.0,0.07,-0.045,2.41358184102e-14,0
271.0,0.075,-0.045,2.96616223699e-14,0
271.0,0.07,-0.04,-1.97884286529e-15,0
271.0,0.075,-0.04,-1.04405507573e-15,0
271.0,0.07,-0.035,-2.73105529534e-14,0
271.0,0.075,-0.035,-3.09354517777e-14,0
271.0,0.07,-0.03,-5.10026663115e-14,0
271.0,0.075,-0.03,-5.90003313211e-14,0
271.0,0.07,-0.025,-7.22815019648e-14,0
271.0,0.075,-0.025,-8.42893752553e-14,0
271.0,0.07,-0.02,-9.04945038796e-14,0
271.0,0.075,-0.02,-1.06028455608e-13,0
271.0,0.07,-0.015,-1.05145833818e-13,0
271.0,0.075,-0.015,-1.23548169665e-13,0
271.0,0.07,-0.01,-1.15850774741e-13,0
271.0,0.075,-0.01,-1.36403265876e-13,0
271.0,0.07,-0.005,-1.22360401936e-13,0
271.0,0.075,-0.005,-1.44218247997e-13,0
271.0,0.07,0,-1.24509606142e-13,0
271.0,0.075,0,-1.46846304754e-13,0
271.0,0.07,0.005,-1.22277462805e-13,0
271.0,0.075,0.005,-1.44197435002e-13,0
271.0,0.07,0.01,-1.15735213304e-13,0
271.0,0.075,0.01,-1.36413982795e-13,0
271.0,0.07,0.015,-1.05088688921e-13,0
271.0,0.075,0.015,-1.23685030289e-13,0
271.0,0.07,0.02,-9.0610497145e-14,0
271.0,0.075,0.02,-1.06407483864e-13,0
271.0,0.07,0.025,-7.26864006419e-14,0
271.0,0.075,0.025,-8.5021853806e-14,0
271.0,0.07,0.03,-5.17775006531e-14,0
271.0,0.075,0.03,-6.01608293719e-14,0
271.0,0.07,0.035,-2.84697368572e-14,0
271.0,0.075,0.035,-3.25361328011e-14,0
271.0,0.07,0.04,-3.46300340407e-15,0
271.0,0.075,0.04,-3.0301531626e-15,0
271.0,0.07,0.045,2.24338068546e-14,0
271.0,0.075,0.045,2.73918959306e-14,0
271.0,0.07,0.05,4.83745880301e-14,0
271.0,0.075,0.05,5.77246724497e-14,0
271.0,0.07,0.055,7.35798038954e-14,0
271.0,0.075,0.055,8.70113646415e-14,0
271.0,0.07,0.06,9.74484563712e-14,0
271.0,0.075,0.06,1.14505958649e-13,0
271.0,0.07,0.065,1.19675720767e-13,0
271.0,0.075,0.065,1.39710771284e-13,0
271.0,0.07,0.07,1.40393182347e-13,0
271.0,0.07,0.075,1.60323301857e-13,0
271.0,0.075,0.07,1.6264134873e-13,0
271.0,0.075,0.075,1.83884977723e-13,0
276.0,-0.00382671281566,-0.00202612167119,0,0
276.0,-0.005,-0.005,2.64423514637e-14,0
276.0,-0.00197892066871,-0.00385133392306,0,0
276.0,-0.005,-0.00190753787223,1.56244165305e-14,0
276.0,-0.00433,0,0,0
276.0,-0.00190753787223,-0.005,1.55225798065e-14,0
276.0,0,-0.00433,0,0
276.0,-0.005,0.00190775150599,1.56195071566e-14,0
276.0,-0.00385133392306,0.00197892066871,0,0
276.0,0.00190775150599,-0.005,1.55097048963e-14,0
276.0,0.00202612167119,-0.00382671281566,0,0
276.0,-0.00202612167119,0.00382671281566,0,0
276.0,-0.005,0.005,2.63805925636e-14,0
276.0,-0.0019094272225,0.005,1.55475963463e-14,0
276.0,0,0.00433,0,0
276.0,0.00147766755988,0.00407006125046,0,0
276.0,8.32667268469e-19,0.005,1.17749834296e-14,0
276.0,0.00433,0,0,0
276.0,0.005,1.38777878078e-18,1.14002390654e-14,0
276.0,0.00407006125046,0.00147766755988,0,0
276.0,0.005,-0.005,2.70675226706e-14,0
276.0,0.00385133392306,-0.00197892066871,0,0
276.0,0.005,-0.0019094272225,1.56762103877e-14,0
276.0,0.00306177236254,0.00306177236254,0,0
276.0,0.0019094272225,0.005,1.57059834569e-14,0
276.0,0.005,0.0019094272225,1.57271900356e-14,0
276.0,-0.000885,-0.0015328649647,1.27151744589e-12,0
276.0,-0.0015328649647,-0.000885,1.27163982756e-12,0
276.0,-0.00186450691264,-0.00187567167242,8.43023648121e-13,0
276.0,-0.00177,0,1.27133156081e-12,0
276.0,-0.00268433516245,-0.000738983120158,7.5910535248e-13,0
276.0,0,-0.00177,1.27147908229e-12,0
276.0,-0.000718432264205,-0.00269192408424,7.57399188549e-13,0
276.0,-0.0015328649647,0.000885,1.26982708631e-12,0
276.0,-0.00265321485144,0.000647311733689,7.89888255169e-13,0
276.0,-0.000885,0.0015328649647,1.26819957352e-12,0
276.0,-0.00194719253591,0.00178443766524,8.43949951876e-13,0
276.0,0,0.00177,1.26409340667e-12,0
276.0,-0.000802720381054,0.00273415977115,7.17498947365e-13,0
276.0,0.000885,-0.0015328649647,1.27016791981e-12,0
276.0,0.00075154031863,-0.00270385456952,7.45289224023e-13,0
276.0,0.00177,0,1.26243316887e-12,0
276.0,0.0015328649647,-0.000885,1.26801549709e-12,0
276.0,0.00271471102228,-0.000564731152102,7.60912972487e-13,0
276.0,0.00192394637685,-0.00189207206672,8.10094553447e-13,0
276.0,0.00231817117671,0.00040530921667,9.87908866019e-13,0
276.0,0.0015328649647,0.000885,1.26069952642e-12,0
276.0,0.000885,0.0015328649647,1.26140458602e-12,0
276.0,0.000427053001345,0.00287092483521,6.82188487607e-13,0
276.0,0.00187618296239,0.00184774001435,8.33338915143e-13,0
276.0,0.00312733402203,0.000607809752493,5.19198321557e-13,0
276.0,0.00276214303706,0.00136595635004,5.7685854873e-13,0
276.0,0.0014100336009,0.00268674970267,6.04770803493e-13,0
276.0,-0.075,-0.075,1.50783761198e-13,0
276.0,-0.07,-0.075,1.3439500097e-13,0
276.0,-0.075,-0.07,1.30238724882e-13,0
276.0,-0.07,-0.07,1.1504748962e-13,0
276.0,-0.075,-0.065,1.08195285555e-13,0
276.0,-0.07,-0.065,9.5052782185e-14,0
276.0,-0.065,-0.075,1.16434818855e-13,0
276.0,-0.065,-0.07,9.9116973063e-14,0
276.0,-0.065,-0.065,8.16077293417e-14,0
276.0,-0.075,-0.06,8.41638261919e-14,0
276.0,-0.07,-0.06,7.37898017317e-14,0
276.0,-0.065,-0.06,6.33199495048e-14,0
276.0,-0.075,-0.055,5.81661481978e-14,0
276.0,-0.07,-0.055,5.1168637471e-14,0
276.0,-0.065,-0.055,4.41167511275e-14,0
276.0,-0.075,-0.05,3.06872222762e-14,0
276.0,-0.07,-0.05,2.74905314219e-14,0
276.0,-0.065,-0.05,2.41864024585e-14,0
276.0,-0.075,-0.045,2.42182130608e-15,0
276.0,-0.07,-0.045,3.31279541617e-15,0
276.0,-0.065,-0.045,3.97309232246e-15,0
276.0,-0.075,-0.04,-2.57555361935e-14,0
276.0,-0.07,-0.04,-2.06574559147e-14,0
276.0,-0.075,-0.035,-5.2942486571e-14,0
276.0,-0.07,-0.035,-4.36697829437e-14,0
276.0,-0.065,-0.04,-1.59389526143e-14,0
276.0,-0.065,-0.035,-3.49136525126e-14,0
276.0,-0.075,-0.03,-7.82773703334e-14,0
276.0,-0.07,-0.03,-6.50132354138e-14,0
276.0,-0.075,-0.025,-1.00970549004e-13,0
276.0,-0.07,-0.025,-8.40761408528e-14,0
276.0,-0.065,-0.03,-5.23807613483e-14,0
276.0,-0.065,-0.025,-6.78886296171e-14,0
276.0,-0.075,-0.02,-1.20370138086e-13,0
276.0,-0.07,-0.02,-1.00327772995e-13,0
276.0,-0.075,-0.015,-1.35873201814e-13,0
276.0,-0.07,-0.015,-1.13328593435e-13,0
276.0,-0.065,-0.02,-8.10861553653e-14,0
276.0,-0.065,-0.015,-9.16477361407e-14,0
276.0,-0.075,-0.01,-1.47036426165e-13,0
276.0,-0.07,-0.01,-1.22675623358e-13,0
276.0,-0.075,-0.005,-1.53461586862e-13,0
276.0,-0.07,-0.005,-1.28072083026e-13,0
276.0,-0.065,-0.01,-9.92732866623e-14,0
276.0,-0.065,-0.005,-1.0367419068e-13,0
276.0,-0.075,0,-1.54974183661e-13,0
276.0,-0.07,0,-1.2931474892e-13,0
276.0,-0.075,0.005,-1.51497824769e-13,0
276.0,-0.07,0.005,-1.26382563686e-13,0
276.0,-0.065,4.16333634234e-19,-1.04674170103e-13,0
276.0,-0.065,0.005,-1.02231491257e-13,0
276.0,-0.075,0.01,-1.43218911239e-13,0
276.0,-0.07,0.01,-1.19396582583e-13,0
276.0,-0.075,0.015,-1.30414561644e-13,0
276.0,-0.07,0.015,-1.08652366019e-13,0
276.0,-0.065,0.01,-9.64791083603e-14,0
276.0,-0.065,0.015,-8.76790735207e-14,0
276.0,-0.075,0.02,-1.1356645194e-13,0
276.0,-0.07,0.02,-9.45235052416e-14,0
276.0,-0.075,0.025,-9.31821308936e-14,0
276.0,-0.07,0.025,-7.74678377679e-14,0
276.0,-0.065,0.02,-7.61905376517e-14,0
276.0,-0.065,0.025,-6.23603226872e-14,0
276.0,-0.075,0.03,-6.99008174943e-14,0
276.0,-0.07,0.03,-5.79587271551e-14,0
276.0,-0.075,0.035,-4.43932924383e-14,0
276.0,-0.07,0.035,-3.65414470734e-14,0
276.0,-0.065,0.03,-4.65401308251e-14,0
276.0,-0.065,0.035,-2.9094673974e-14,0
276.0,-0.075,0.04,-1.74442057879e-14,0
276.0,-0.07,0.04,-1.38283598317e-14,0
276.0,-0.075,0.045,1.01035952754e-14,0
276.0,-0.07,0.045,9.48445249078e-15,0
276.0,-0.065,0.04,-1.04782516985e-14,0
276.0,-0.065,0.045,8.74426747729e-15,0
276.0,-0.075,0.05,3.73879046045e-14,0
276.0,-0.07,0.05,3.26769534329e-14,0
276.0,-0.075,0.055,6.35889177366e-14,0
276.0,-0.07,0.055,5.50898788806e-14,0
276.0,-0.065,0.05,2.79587098242e-14,0
276.0,-0.065,0.055,4.66222049005e-14,0
276.0,-0.075,0.06,8.80805581017e-14,0
276.0,-0.07,0.06,7.62259356556e-14,0
276.0,-0.075,0.065,1.10451461795e-13,0
276.0,-0.07,0.065,9.58496213771e-14,0
276.0,-0.065,0.06,6.43454984215e-14,0
276.0,-0.065,0.065,8.10001168939e-14,0
276.0,-0.075,0.07,1.30748606334e-13,0
276.0,-0.07,0.07,1.1411254745e-13,0
276.0,-0.075,0.075,1.49517843966e-13,0
276.0,-0.07,0.075,1.31685953188e-13,0
276.0,-0.065,0.07,9.67790282119e-14,0
276.0,-0.065,0.075,1.12312964193e-13,0
276.0,-0.06,-0.075,9.62774622159e-14,0
276.0,-0.06,-0.07,8.17139136668e-14,0
276.0,-0.06,-0.065,6.71927078026e-14,0
276.0,-0.055,-0.075,7.37664893054e-14,0
276.0,-0.055,-0.07,6.25992858323e-14,0
276.0,-0.055,-0.065,5.15504346072e-14,0
276.0,-0.06,-0.06,5.22082527537e-14,0
276.0,-0.06,-0.055,3.65973782565e-14,0
276.0,-0.055,-0.06,4.02101605135e-14,0
276.0,-0.055,-0.055,2.84243987338e-14,0
276.0,-0.06,-0.05,2.04891102943e-14,0
276.0,-0.055,-0.05,1.62553832506e-14,0
276.0,-0.06,-0.045,4.22574934719e-15,0
276.0,-0.055,-0.045,3.97285689461e-15,0
276.0,-0.06,-0.04,-1.16835815877e-14,0
276.0,-0.055,-0.04,-7.99675811119e-15,0
276.0,-0.06,-0.035,-2.66801328285e-14,0
276.0,-0.055,-0.035,-1.90986218007e-14,0
276.0,-0.06,-0.03,-4.02932297394e-14,0
276.0,-0.06,-0.025,-5.22632843036e-14,0
276.0,-0.055,-0.03,-2.89046132594e-14,0
276.0,-0.055,-0.025,-3.73778391313e-14,0
276.0,-0.06,-0.02,-6.2417093791e-14,0
276.0,-0.06,-0.015,-7.0592037485e-14,0
276.0,-0.055,-0.02,-4.45419667114e-14,0
276.0,-0.055,-0.015,-5.03731135165e-14,0
276.0,-0.06,-0.01,-7.65449105095e-14,0
276.0,-0.06,-0.005,-8.00011950584e-14,0
276.0,-0.055,-0.01,-5.47263863423e-14,0
276.0,-0.055,-0.005,-5.72729192883e-14,0
276.0,-0.06,0,-8.07602423256e-14,0
276.0,-0.06,0.005,-7.87873161604e-14,0
276.0,-0.055,4.16333634234e-19,-5.78038342471e-14,0
276.0,-0.055,0.005,-5.62752226837e-14,0
276.0,-0.06,0.01,-7.42001723468e-14,0
276.0,-0.06,0.015,-6.72794515928e-14,0
276.0,-0.055,0.01,-5.28074450741e-14,0
276.0,-0.055,0.015,-4.76839086593e-14,0
276.0,-0.06,0.02,-5.83685432306e-14,0
276.0,-0.06,0.025,-4.77418426389e-14,0
276.0,-0.055,0.02,-4.13000919695e-14,0
276.0,-0.055,0.025,-3.38043985767e-14,0
276.0,-0.06,0.03,-3.55813655522e-14,0
276.0,-0.06,0.035,-2.20730584517e-14,0
276.0,-0.055,0.03,-2.52330713283e-14,0
276.0,-0.055,0.035,-1.55908521978e-14,0
276.0,-0.06,0.04,-7.48255488514e-15,0
276.0,-0.06,0.045,7.70953580513e-15,0
276.0,-0.055,0.04,-4.92405370848e-15,0
276.0,-0.055,0.045,6.30623275287e-15,0
276.0,-0.06,0.05,2.29578481638e-14,0
276.0,-0.06,0.055,3.77913874513e-14,0
276.0,-0.055,0.05,1.75568177161e-14,0
276.0,-0.055,0.055,2.8440910465e-14,0
276.0,-0.06,0.06,5.19199152743e-14,0
276.0,-0.06,0.065,6.52705021643e-14,0
276.0,-0.055,0.06,3.87403914416e-14,0
276.0,-0.055,0.065,4.84455657128e-14,0
276.0,-0.06,0.07,7.8056908838e-14,0
276.0,-0.06,0.075,9.08209427137e-14,0
276.0,-0.055,0.07,5.77553914037e-14,0
276.0,-0.055,0.075,6.71081506888e-14,0
276.0,-0.05,-0.075,4.91855480603e-14,0
276.0,-0.05,-0.07,4.18947561686e-14,0
276.0,-0.045,-0.075,2.30231637099e-14,0
276.0,-0.045,-0.07,1.99729708383e-14,0
276.0,-0.05,-0.065,3.47187862355e-14,0
276.0,-0.045,-0.065,1.69637669917e-14,0
276.0,-0.05,-0.06,2.73365399048e-14,0
276.0,-0.05,-0.055,1.95965522846e-14,0
276.0,-0.045,-0.06,1.37748832482e-14,0
276.0,-0.045,-0.055,1.02645071723e-14,0
276.0,-0.05,-0.05,1.15055657674e-14,0
276.0,-0.05,-0.045,3.22088608986e-15,0
276.0,-0.045,-0.05,6.37197320421e-15,0
276.0,-0.045,-0.045,2.13772779016e-15,0
276.0,-0.05,-0.04,-4.90324390532e-15,0
276.0,-0.045,-0.04,-2.25577468916e-15,0
276.0,-0.05,-0.035,-1.23047170211e-14,0
276.0,-0.045,-0.035,-6.3075505427e-15,0
276.0,-0.05,-0.03,-1.84800597779e-14,0
276.0,-0.045,-0.03,-9.3140697422e-15,0
276.0,-0.05,-0.025,-2.36688027782e-14,0
276.0,-0.045,-0.025,-1.18092886217e-14,0
276.0,-0.05,-0.02,-2.80210100173e-14,0
276.0,-0.05,-0.015,-3.16082081469e-14,0
276.0,-0.045,-0.02,-1.37949132167e-14,0
276.0,-0.045,-0.015,-1.52729850877e-14,0
276.0,-0.05,-0.01,-3.442881e-14,0
276.0,-0.05,-0.005,-3.6080069446e-14,0
276.0,-0.045,-0.01,-1.6511200602e-14,0
276.0,-0.045,-0.005,-1.71864004496e-14,0
276.0,-0.05,0,-3.63665041809e-14,0
276.0,-0.05,0.005,-3.52846835686e-14,0
276.0,-0.045,4.16333634234e-19,-1.72036234091e-14,0
276.0,-0.045,0.005,-1.65725659917e-14,0
276.0,-0.05,0.01,-3.29098870999e-14,0
276.0,-0.05,0.015,-2.95122685948e-14,0
276.0,-0.045,0.01,-1.534458913e-14,0
276.0,-0.045,0.015,-1.36845339959e-14,0
276.0,-0.05,0.02,-2.55383968515e-14,0
276.0,-0.05,0.025,-2.0963257222e-14,0
276.0,-0.045,0.02,-1.19363690556e-14,0
276.0,-0.045,0.025,-9.80475170748e-15,0
276.0,-0.05,0.03,-1.57314164258e-14,0
276.0,-0.05,0.035,-9.73134628042e-15,0
276.0,-0.045,0.03,-7.32023625315e-15,0
276.0,-0.045,0.035,-4.50731823291e-15,0
276.0,-0.05,0.04,-2.78966700875e-15,0
276.0,-0.05,0.045,4.56982893837e-15,0
276.0,-0.045,0.04,-9.22553866514e-16,0
276.0,-0.045,0.045,2.68348184134e-15,0
276.0,-0.05,0.05,1.18042886063e-14,0
276.0,-0.05,0.055,1.8601857278e-14,0
276.0,-0.045,0.05,5.85392111447e-15,0
276.0,-0.045,0.055,8.45188560604e-15,0
276.0,-0.05,0.06,2.48551787127e-14,0
276.0,-0.05,0.065,3.06064103606e-14,0
276.0,-0.045,0.06,1.04849969946e-14,0
276.0,-0.045,0.065,1.20587327754e-14,0
276.0,-0.05,0.07,3.60463399232e-14,0
276.0,-0.05,0.075,4.15158103205e-14,0
276.0,-0.045,0.07,1.33478453922e-14,0
276.0,-0.045,0.075,1.45859812905e-14,0
276.0,-0.04,-0.075,-4.01296042034e-15,0
276.0,-0.04,-0.07,-2.62859455485e-15,0
276.0,-0.035,-0.075,-3.11289255856e-14,0
276.0,-0.035,-0.07,-2.52702880043e-14,0
276.0,-0.04,-0.065,-1.30743630566e-15,0
276.0,-0.035,-0.065,-1.95984206325e-14,0
276.0,-0.04,-0.06,-1.70253546036e-16,0
276.0,-0.035,-0.06,-1.41379250213e-14,0
276.0,-0.04,-0.055,6.49823209221e-16,0
276.0,-0.035,-0.055,-9.00559191206e-15,0
276.0,-0.04,-0.05,1.03425389111e-15,0
276.0,-0.04,-0.045,9.05625052894e-16,0
276.0,-0.035,-0.05,-4.38402815093e-15,0
276.0,-0.035,-0.045,-4.68823687117e-16,0
276.0,-0.04,-0.04,2.96651989869e-16,0
276.0,-0.04,-0.035,-5.5878343516e-16,0
276.0,-0.035,-0.04,2.56475924709e-15,0
276.0,-0.035,-0.035,4.58385539447e-15,0
276.0,-0.04,-0.03,-1.26837854543e-15,0
276.0,-0.035,-0.03,5.93587191111e-15,0
276.0,-0.04,-0.025,-1.75667074123e-15,0
276.0,-0.035,-0.025,7.18837206844e-15,0
276.0,-0.04,-0.02,-1.97746502617e-15,0
276.0,-0.035,-0.02,8.37979419485e-15,0
276.0,-0.04,-0.015,-1.841732296e-15,0
276.0,-0.035,-0.015,9.58657905352e-15,0
276.0,-0.04,-0.01,-1.44375063524e-15,0
276.0,-0.04,-0.005,-1.13690216713e-15,0
276.0,-0.035,-0.01,1.08100519395e-14,0
276.0,-0.035,-0.005,1.16299364397e-14,0
276.0,-0.04,0,-8.97554157741e-16,0
276.0,-0.04,0.005,-6.78288965352e-16,0
276.0,-0.035,4.16333634234e-19,1.2022845967e-14,0
276.0,-0.035,0.005,1.19631907705e-14,0
276.0,-0.04,0.01,-5.71032556091e-16,0
276.0,-0.04,0.015,-6.48693040654e-16,0
276.0,-0.035,0.01,1.14436874491e-14,0
276.0,-0.035,0.015,1.04576256893e-14,0
276.0,-0.04,0.02,-5.82577820924e-16,0
276.0,-0.04,0.025,-2.76299193499e-16,0
276.0,-0.035,0.02,9.39029003533e-15,0
276.0,-0.035,0.025,8.23825988465e-15,0
276.0,-0.04,0.03,1.54352700051e-16,0
276.0,-0.04,0.035,6.50732511607e-16,0
276.0,-0.035,0.03,6.89944191742e-15,0
276.0,-0.035,0.035,5.31744225853e-15,0
276.0,-0.04,0.04,1.02066456392e-15,0
276.0,-0.04,0.045,8.28893676379e-16,0
276.0,-0.035,0.04,2.82038211917e-15,0
276.0,-0.035,0.045,-9.96001886308e-16,0
276.0,-0.04,0.05,-1.04847428295e-16,0
276.0,-0.04,0.055,-1.7688997092e-15,0
276.0,-0.035,0.05,-5.94586962661e-15,0
276.0,-0.035,0.055,-1.18078840811e-14,0
276.0,-0.04,0.06,-4.03984166323e-15,0
276.0,-0.04,0.065,-6.75899624598e-15,0
276.0,-0.035,0.06,-1.83424259023e-14,0
276.0,-0.035,0.065,-2.53287851878e-14,0
276.0,-0.04,0.07,-9.76468230656e-15,0
276.0,-0.04,0.075,-1.29305038099e-14,0
276.0,-0.035,0.07,-3.26263497885e-14,0
276.0,-0.035,0.075,-4.02079463543e-14,0
276.0,-0.03,-0.075,-5.74676189081e-14,0
276.0,-0.03,-0.07,-4.7256280605e-14,0
276.0,-0.025,-0.075,-8.21499734219e-14,0
276.0,-0.025,-0.07,-6.78834525438e-14,0
276.0,-0.03,-0.065,-3.73731324169e-14,0
276.0,-0.025,-0.065,-5.40744258272e-14,0
276.0,-0.03,-0.06,-2.77363267057e-14,0
276.0,-0.025,-0.06,-4.05662770432e-14,0
276.0,-0.03,-0.055,-1.84607710899e-14,0
276.0,-0.025,-0.055,-2.74581417317e-14,0
276.0,-0.03,-0.05,-9.78818866772e-15,0
276.0,-0.025,-0.05,-1.50659348573e-14,0
276.0,-0.03,-0.045,-2.0601531119e-15,0
276.0,-0.025,-0.045,-3.86542609749e-15,0
276.0,-0.03,-0.04,4.32942102868e-15,0
276.0,-0.03,-0.035,8.91658077841e-15,0
276.0,-0.025,-0.04,5.54029786981e-15,0
276.0,-0.025,-0.035,1.23986254168e-14,0
276.0,-0.03,-0.03,1.21454582536e-14,0
276.0,-0.03,-0.025,1.49241288495e-14,0
276.0,-0.025,-0.03,1.72828327942e-14,0
276.0,-0.025,-0.025,2.13775468916e-14,0
276.0,-0.03,-0.02,1.72706740996e-14,0
276.0,-0.025,-0.02,2.46877419271e-14,0
276.0,-0.03,-0.015,1.92144327427e-14,0
276.0,-0.025,-0.015,2.72806712358e-14,0
276.0,-0.03,-0.01,2.0726347505e-14,0
276.0,-0.025,-0.01,2.91121680496e-14,0
276.0,-0.03,-0.005,2.17130701124e-14,0
276.0,-0.025,-0.005,3.01645403362e-14,0
276.0,-0.03,0,2.2124094047e-14,0
276.0,-0.03,0.005,2.1950184001e-14,0
276.0,-0.025,4.16333634234e-19,3.05560851598e-14,0
276.0,-0.025,0.005,3.03175392981e-14,0
276.0,-0.03,0.01,2.11747032214e-14,0
276.0,-0.03,0.015,1.98236759305e-14,0
276.0,-0.025,0.01,2.94019497756e-14,0
276.0,-0.025,0.015,2.76741429323e-14,0
276.0,-0.03,0.02,1.79722311666e-14,0
276.0,-0.03,0.025,1.56330010875e-14,0
276.0,-0.025,0.02,2.51372511221e-14,0
276.0,-0.025,0.025,2.18196845415e-14,0
276.0,-0.03,0.03,1.27552195517e-14,0
276.0,-0.03,0.035,9.30303205936e-15,0
276.0,-0.025,0.03,1.76326654684e-14,0
276.0,-0.025,0.035,1.25521446928e-14,0
276.0,-0.03,0.04,4.2617952103e-15,0
276.0,-0.03,0.045,-2.86662577493e-15,0
276.0,-0.025,0.04,5.29104765678e-15,0
276.0,-0.025,0.045,-4.78236155299e-15,0
276.0,-0.03,0.05,-1.15734002327e-14,0
276.0,-0.03,0.055,-2.14207581728e-14,0
276.0,-0.025,0.05,-1.68784805578e-14,0
276.0,-0.025,0.055,-3.03528134627e-14,0
276.0,-0.03,0.06,-3.20237866584e-14,0
276.0,-0.03,0.065,-4.31056228891e-14,0
276.0,-0.025,0.06,-4.46886567286e-14,0
276.0,-0.025,0.065,-5.9535296415e-14,0
276.0,-0.03,0.07,-5.45287958211e-14,0
276.0,-0.03,0.075,-6.63758663292e-14,0
276.0,-0.025,0.07,-7.47726214786e-14,0
276.0,-0.025,0.075,-9.05564304658e-14,0
276.0,-0.02,-0.075,-1.0434997447e-13,0
276.0,-0.02,-0.07,-8.64524141077e-14,0
276.0,-0.015,-0.075,-1.23256995749e-13,0
276.0,-0.015,-0.07,-1.02322973866e-13,0
276.0,-0.02,-0.065,-6.9160320218e-14,0
276.0,-0.015,-0.065,-8.21051856376e-14,0
276.0,-0.02,-0.06,-5.22181279996e-14,0
276.0,-0.015,-0.06,-6.2303321266e-14,0
276.0,-0.02,-0.055,-3.57322110542e-14,0
276.0,-0.015,-0.055,-4.3005375341e-14,0
276.0,-0.02,-0.05,-2.0069034143e-14,0
276.0,-0.015,-0.05,-2.46336421291e-14,0
276.0,-0.02,-0.045,-5.82372823875e-15,0
276.0,-0.015,-0.045,-7.86979407711e-15,0
276.0,-0.02,-0.04,6.22164600708e-15,0
276.0,-0.015,-0.04,6.39082071863e-15,0
276.0,-0.02,-0.035,1.50873036429e-14,0
276.0,-0.015,-0.035,1.69979439645e-14,0
276.0,-0.02,-0.03,2.13712418971e-14,0
276.0,-0.02,-0.025,2.65252274666e-14,0
276.0,-0.015,-0.03,2.44966605358e-14,0
276.0,-0.015,-0.025,3.04473065278e-14,0
276.0,-0.02,-0.02,3.05225591583e-14,0
276.0,-0.02,-0.015,3.34484182278e-14,0
276.0,-0.015,-0.02,3.47531540008e-14,0
276.0,-0.015,-0.015,3.74044954838e-14,0
276.0,-0.02,-0.01,3.52893436086e-14,0
276.0,-0.015,-0.01,3.8421583747e-14,0
276.0,-0.02,-0.005,3.61362677305e-14,0
276.0,-0.015,-0.005,3.83905740886e-14,0
276.0,-0.02,0,3.63693263073e-14,0
276.0,-0.015,4.16333634234e-19,3.82147583193e-14,0
276.0,-0.02,0.005,3.62002319208e-14,0
276.0,-0.015,0.005,3.83309032608e-14,0
276.0,-0.02,0.01,3.54165626661e-14,0
276.0,-0.02,0.015,3.36305081813e-14,0
276.0,-0.015,0.01,3.83399630854e-14,0
276.0,-0.015,0.015,3.73354672356e-14,0
276.0,-0.02,0.02,3.07456080712e-14,0
276.0,-0.02,0.025,2.67536103917e-14,0
276.0,-0.015,0.02,3.47371400439e-14,0
276.0,-0.015,0.025,3.04901913441e-14,0
276.0,-0.02,0.03,2.15415623023e-14,0
276.0,-0.02,0.035,1.51154223715e-14,0
276.0,-0.015,0.03,2.45528361562e-14,0
276.0,-0.015,0.035,1.70056371352e-14,0
276.0,-0.02,0.04,5.92840068498e-15,0
276.0,-0.02,0.045,-6.68668149272e-15,0
276.0,-0.015,0.04,6.19875805326e-15,0
276.0,-0.015,0.045,-8.51641027056e-15,0
276.0,-0.02,0.05,-2.1719868799e-14,0
276.0,-0.02,0.055,-3.83499452411e-14,0
276.0,-0.015,0.05,-2.59463273396e-14,0
276.0,-0.015,0.055,-4.51543399591e-14,0
276.0,-0.02,0.06,-5.59411013909e-14,0
276.0,-0.02,0.065,-7.40929235797e-14,0
276.0,-0.015,0.06,-6.54185257365e-14,0
276.0,-0.015,0.065,-8.62827406889e-14,0
276.0,-0.02,0.07,-9.26767468895e-14,0
276.0,-0.02,0.075,-1.11945963815e-13,0
276.0,-0.015,0.07,-1.07635843658e-13,0
276.0,-0.015,0.075,-1.29771126763e-13,0
276.0,-0.01,-0.075,-1.38206691478e-13,0
276.0,-0.01,-0.07,-1.14902578497e-13,0
276.0,-0.005,-0.075,-1.48581796857e-13,0
276.0,-0.005,-0.07,-1.23714102367e-13,0
276.0,-0.01,-0.065,-9.24428678273e-14,0
276.0,-0.005,-0.065,-9.97606031602e-14,0
276.0,-0.01,-0.06,-7.04464588007e-14,0
276.0,-0.005,-0.06,-7.63281122621e-14,0
276.0,-0.01,-0.055,-4.90106462554e-14,0
276.0,-0.005,-0.055,-5.34910701866e-14,0
276.0,-0.01,-0.05,-2.85818371663e-14,0
276.0,-0.005,-0.05,-3.17243559846e-14,0
276.0,-0.01,-0.045,-9.9075390541e-15,0
276.0,-0.005,-0.045,-1.18103075178e-14,0
276.0,-0.01,-0.04,6.02522418825e-15,0
276.0,-0.005,-0.04,5.2273100655e-15,0
276.0,-0.01,-0.035,1.80108173833e-14,0
276.0,-0.005,-0.035,1.81586536114e-14,0
276.0,-0.01,-0.03,2.65203555519e-14,0
276.0,-0.005,-0.03,2.73701695502e-14,0
276.0,-0.01,-0.025,3.29842444567e-14,0
276.0,-0.005,-0.025,3.39869222599e-14,0
276.0,-0.01,-0.02,3.72285230701e-14,0
276.0,-0.01,-0.015,3.90160681255e-14,0
276.0,-0.005,-0.02,3.79070105507e-14,0
276.0,-0.005,-0.015,3.87418281667e-14,0
276.0,-0.0117873230072,-0.0115873794689,3.88785498788e-14,0
276.0,-0.00939961996336,-0.005,3.49988044004e-14,0
276.0,-0.00792797428371,-0.00964253216809,3.69627655394e-14,0
276.0,-0.005,-0.00939961996336,3.45444391418e-14,0
276.0,-0.0108753492546,-0.00150606400588,3.54757992402e-14,0
276.0,-0.00818101620308,-0.00211452602544,3.06287604372e-14,0
276.0,-0.00651817360753,-0.000255934956239,2.35207046287e-14,0
276.0,-0.005,6.71033969428e-08,1.15204731666e-14,0
276.0,-0.0107292118043,0.00160660295843,3.52529159718e-14,0
276.0,-0.0080188992252,0.000768320427092,2.93663085762e-14,0
276.0,-0.00939946851065,0.005,3.48496023419e-14,0
276.0,-0.00802129342231,0.00264911934363,3.06101719075e-14,0
276.0,-0.00887989370213,0.00887989479405,3.68097736873e-14,0
276.0,-0.01,0.015,3.87391978186e-14,0
276.0,-0.005,0.00939947397025,3.42719892699e-14,0
276.0,-0.005,0.015,3.84471562468e-14,0
276.0,-0.01,0.02,3.70589629444e-14,0
276.0,-0.01,0.025,3.29740885755e-14,0
276.0,-0.005,0.02,3.78120687058e-14,0
276.0,-0.005,0.025,3.42105559396e-14,0
276.0,-0.01,0.03,2.66339835983e-14,0
276.0,-0.01,0.035,1.81912940943e-14,0
276.0,-0.005,0.03,2.78498053727e-14,0
276.0,-0.005,0.035,1.87322629672e-14,0
276.0,-0.01,0.04,6.10036608684e-15,0
276.0,-0.01,0.045,-1.01857968288e-14,0
276.0,-0.005,0.04,5.69711193753e-15,0
276.0,-0.005,0.045,-1.16059797625e-14,0
276.0,-0.01,0.05,-2.94035752333e-14,0
276.0,-0.01,0.055,-5.05302488237e-14,0
276.0,-0.005,0.05,-3.1940347756e-14,0
276.0,-0.005,0.055,-5.42631204929e-14,0
276.0,-0.01,0.06,-7.27826914634e-14,0
276.0,-0.01,0.065,-9.56821241446e-14,0
276.0,-0.005,0.06,-7.77628487089e-14,0
276.0,-0.005,0.065,-1.01933041292e-13,0
276.0,-0.01,0.07,-1.19105951894e-13,0
276.0,-0.01,0.075,-1.43423589863e-13,0
276.0,-0.005,0.07,-1.26671829742e-13,0
276.0,-0.005,0.075,-1.52354339883e-13,0
276.0,0,-0.075,-1.53985793508e-13,0
276.0,0,-0.07,-1.2836865296e-13,0
276.0,0.005,-0.075,-1.54098623704e-13,0
276.0,0.005,-0.07,-1.28637333524e-13,0
276.0,0,-0.065,-1.03747988058e-13,0
276.0,0.005,-0.065,-1.04183752181e-13,0
276.0,0,-0.06,-7.96758589891e-14,0
276.0,0.005,-0.06,-8.03112019114e-14,0
276.0,0,-0.055,-5.62326603727e-14,0
276.0,0.005,-0.055,-5.70711885288e-14,0
276.0,0,-0.05,-3.38853549303e-14,0
276.0,0.005,-0.05,-3.49249853393e-14,0
276.0,0,-0.045,-1.34281369063e-14,0
276.0,0.005,-0.045,-1.46498830273e-14,0
276.0,0,-0.04,4.08799800401e-15,0
276.0,0.005,-0.04,2.71633595029e-15,0
276.0,0,-0.035,1.74566011263e-14,0
276.0,0.005,-0.035,1.58634433842e-14,0
276.0,0,-0.03,2.69952071195e-14,0
276.0,0.005,-0.03,2.52539347556e-14,0
276.0,0,-0.025,3.3699359073e-14,0
276.0,0.005,-0.025,3.22099382237e-14,0
276.0,0,-0.02,3.75078176412e-14,0
276.0,0.005,-0.02,3.66142697926e-14,0
276.0,0,-0.015,3.80669078609e-14,0
276.0,0.005,-0.015,3.82081175268e-14,0
276.0,-0.0021196717084,-0.00776771017156,2.8592041745e-14,0
276.0,-0.00084550708518,-0.00631514607954,2.19261641576e-14,0
276.0,6.71033969406e-08,-0.005,1.19127729236e-14,0
276.0,-0.00139054260708,-0.0110960807567,3.49736333709e-14,0
276.0,0.00132468676756,-0.00775008274642,2.79818656959e-14,0
276.0,0.00160394440688,-0.0116908851489,3.57411908525e-14,0
276.0,0.005,-0.00939946851065,3.48365262338e-14,0
276.0,0.005,0.005,2.63967063184e-14,0
276.0,-0.000107646311398,0.00617659695633,2.08874177397e-14,0
276.0,-0.00190846935279,0.0076427502668,2.78103097679e-14,0
276.0,0.00131146485568,0.00777290068297,2.75309959467e-14,0
276.0,0.00295884413402,0.00640276348073,2.53253544902e-14,0
276.0,-1.21517769428e-05,0.0108932602996,3.40972917325e-14,0
276.0,0,0.015,3.78064813489e-14,0
276.0,0.005,0.00939942566771,3.4221142515e-14,0
276.0,0.005,0.015,3.79998964495e-14,0
276.0,0,0.02,3.75919951173e-14,0
276.0,0,0.025,3.42424706044e-14,0
276.0,0.005,0.02,3.68643226176e-14,0
276.0,0.005,0.025,3.29393150108e-14,0
276.0,0,0.03,2.79057244005e-14,0
276.0,0,0.035,1.84468577227e-14,0
276.0,0.005,0.03,2.63824387687e-14,0
276.0,0.005,0.035,1.72010204057e-14,0
276.0,0,0.04,5.00278779394e-15,0
276.0,0,0.045,-1.26746458518e-14,0
276.0,0.005,0.04,4.09740403603e-15,0
276.0,0.005,0.045,-1.33238974455e-14,0
276.0,0,0.05,-3.34267629836e-14,0
276.0,0,0.055,-5.6190057049e-14,0
276.0,0.005,0.05,-3.37734946488e-14,0
276.0,0.005,0.055,-5.62038507646e-14,0
276.0,0,0.06,-8.01438457268e-14,0
276.0,0,0.065,-1.04789312101e-13,0
276.0,0.005,0.06,-7.98106546557e-14,0
276.0,0.005,0.065,-1.04099585554e-13,0
276.0,0,0.07,-1.30015635841e-13,0
276.0,0,0.075,-1.56246354973e-13,0
276.0,0.005,0.07,-1.28985590803e-13,0
276.0,0.005,0.075,-1.54865022072e-13,0
276.0,0.01,-0.075,-1.4886727517e-13,0
276.0,0.01,-0.07,-1.24409270253e-13,0
276.0,0.015,-0.075,-1.38334567699e-13,0
276.0,0.015,-0.07,-1.15754661523e-13,0
276.0,0.01,-0.065,-1.00979332131e-13,0
276.0,0.015,-0.065,-9.41523905395e-14,0
276.0,0.01,-0.06,-7.81303727106e-14,0
276.0,0.015,-0.06,-7.31387113048e-14,0
276.0,0.01,-0.055,-5.59171978114e-14,0
276.0,0.015,-0.055,-5.27406132206e-14,0
276.0,0.01,-0.05,-3.47579116172e-14,0
276.0,0.015,-0.05,-3.33409756833e-14,0
276.0,0.01,-0.045,-1.53893860734e-14,0
276.0,0.015,-0.045,-1.55966351465e-14,0
276.0,0.01,-0.04,1.18100505016e-15,0
276.0,0.015,-0.04,-4.03310927327e-16,0
276.0,0.01,-0.035,1.36554742581e-14,0
276.0,0.015,-0.035,1.10618501744e-14,0
276.0,0.01,-0.03,2.26329744993e-14,0
276.0,0.015,-0.03,1.94357889171e-14,0
276.0,0.01,-0.025,2.97505381579e-14,0
276.0,0.015,-0.025,2.63783753546e-14,0
276.0,0.01,-0.02,3.48827370558e-14,0
276.0,0.01,-0.015,3.80253236108e-14,0
276.0,0.015,-0.02,3.19041441762e-14,0
276.0,0.015,-0.015,3.62919366948e-14,0
276.0,0.00999280436795,-0.0116358337096,3.87712593601e-14,0
276.0,0.0105889214373,-0.00845762197625,3.88123977838e-14,0
276.0,0.015,-0.01,3.92955409363e-14,0
276.0,0.00939947397025,-0.005,3.68497320092e-14,0
276.0,0.015,-0.005,4.079978355e-14,0
276.0,0.00658051136513,-0.00296146438142,2.88698953624e-14,0
276.0,0.00636794669772,-3.54305826484e-06,2.47379938679e-14,0
276.0,0.00795807888052,-0.00113999998936,3.21736756048e-14,0
276.0,0.00758147027913,0.00183630393596,3.09622393724e-14,0
276.0,0.0112534647756,-1.47536350887e-07,3.89286685543e-14,0
276.0,0.015,4.16333634234e-19,4.13177263215e-14,0
276.0,0.00939942566771,0.005,3.63327552705e-14,0
276.0,0.015,0.005,4.05699561362e-14,0
276.0,0.00999018807453,0.0109670628501,3.8437893826e-14,0
276.0,0.01,0.015,3.79991736981e-14,0
276.0,0.015,0.01,3.92105457067e-14,0
276.0,0.015,0.015,3.65583302722e-14,0
276.0,0.01,0.02,3.53357604902e-14,0
276.0,0.01,0.025,3.06446001836e-14,0
276.0,0.015,0.02,3.25708097156e-14,0
276.0,0.015,0.025,2.74505208745e-14,0
276.0,0.01,0.03,2.39200757781e-14,0
276.0,0.01,0.035,1.52617205324e-14,0
276.0,0.015,0.03,2.09123284895e-14,0
276.0,0.015,0.035,1.29231599928e-14,0
276.0,0.01,0.04,2.9865970018e-15,0
276.0,0.01,0.045,-1.35221247936e-14,0
276.0,0.015,0.04,1.76789508888e-15,0
276.0,0.015,0.045,-1.32620312898e-14,0
276.0,0.01,0.05,-3.29516587136e-14,0
276.0,0.01,0.055,-5.42759935751e-14,0
276.0,0.015,0.05,-3.09722133762e-14,0
276.0,0.015,0.055,-5.04367548473e-14,0
276.0,0.01,0.06,-7.67258300198e-14,0
276.0,0.01,0.065,-9.9847130598e-14,0
276.0,0.015,0.06,-7.09592058936e-14,0
276.0,0.015,0.065,-9.2118582674e-14,0
276.0,0.01,0.07,-1.23548860419e-13,0
276.0,0.01,0.075,-1.48242263004e-13,0
276.0,0.015,0.07,-1.13849496326e-13,0
276.0,0.015,0.075,-1.36502355932e-13,0
276.0,0.02,-0.075,-1.22818281019e-13,0
276.0,0.02,-0.07,-1.02871420444e-13,0
276.0,0.025,-0.075,-1.02738288348e-13,0
276.0,0.025,-0.07,-8.61326058236e-14,0
276.0,0.02,-0.065,-8.38586219881e-14,0
276.0,0.025,-0.065,-7.03572513216e-14,0
276.0,0.02,-0.06,-6.54158848362e-14,0
276.0,0.025,-0.06,-5.51432813903e-14,0
276.0,0.02,-0.055,-4.75795787408e-14,0
276.0,0.025,-0.055,-4.05149715446e-14,0
276.0,0.02,-0.05,-3.06633292428e-14,0
276.0,0.025,-0.05,-2.67362498128e-14,0
276.0,0.02,-0.045,-1.52220148952e-14,0
276.0,0.025,-0.045,-1.42271427602e-14,0
276.0,0.02,-0.04,-1.99799270418e-15,0
276.0,0.025,-0.04,-3.5290743658e-15,0
276.0,0.02,-0.035,8.06075369052e-15,0
276.0,0.025,-0.035,4.67828623584e-15,0
276.0,0.02,-0.03,1.55267602775e-14,0
276.0,0.025,-0.03,1.08874251906e-14,0
276.0,0.02,-0.025,2.18916485207e-14,0
276.0,0.025,-0.025,1.62488027059e-14,0
276.0,0.02,-0.02,2.72628762912e-14,0
276.0,0.025,-0.02,2.08327546253e-14,0
276.0,0.02,-0.015,3.19718946361e-14,0
276.0,0.025,-0.015,2.48669824412e-14,0
276.0,0.02,-0.01,3.57877967507e-14,0
276.0,0.025,-0.01,2.81012795743e-14,0
276.0,0.02,-0.005,3.80156184695e-14,0
276.0,0.025,-0.005,3.02629786888e-14,0
276.0,0.02,0,3.87383345289e-14,0
276.0,0.025,4.16333634234e-19,3.11292125102e-14,0
276.0,0.02,0.005,3.80112676835e-14,0
276.0,0.025,0.005,3.02726730332e-14,0
276.0,0.02,0.01,3.59526702771e-14,0
276.0,0.025,0.01,2.82557745062e-14,0
276.0,0.02,0.015,3.24388394702e-14,0
276.0,0.025,0.015,2.53332964577e-14,0
276.0,0.02,0.02,2.80679531596e-14,0
276.0,0.02,0.025,2.30887296108e-14,0
276.0,0.025,0.02,2.16479051044e-14,0
276.0,0.025,0.025,1.74704239012e-14,0
276.0,0.02,0.03,1.71599364913e-14,0
276.0,0.02,0.035,1.01457519621e-14,0
276.0,0.025,0.03,1.25945894881e-14,0
276.0,0.025,0.035,6.90777173676e-15,0
276.0,0.02,0.04,4.69050430664e-16,0
276.0,0.02,0.045,-1.25287492092e-14,0
276.0,0.025,0.04,-8.75786286841e-16,0
276.0,0.025,0.045,-1.13318111098e-14,0
276.0,0.02,0.05,-2.78738674321e-14,0
276.0,0.02,0.055,-4.4779777816e-14,0
276.0,0.025,0.05,-2.37181194228e-14,0
276.0,0.025,0.055,-3.74374879128e-14,0
276.0,0.02,0.06,-6.26496072118e-14,0
276.0,0.02,0.065,-8.11305781732e-14,0
276.0,0.025,0.06,-5.2026904096e-14,0
276.0,0.025,0.065,-6.71900786272e-14,0
276.0,0.02,0.07,-1.00149412045e-13,0
276.0,0.02,0.075,-1.20030229963e-13,0
276.0,0.025,0.07,-8.28702240862e-14,0
276.0,0.025,0.075,-9.9298721701e-14,0
276.0,0.03,-0.075,-7.8756748606e-14,0
276.0,0.03,-0.07,-6.60312365327e-14,0
276.0,0.035,-0.075,-5.16296295733e-14,0
276.0,0.035,-0.07,-4.3204712816e-14,0
276.0,0.03,-0.065,-5.40335076066e-14,0
276.0,0.035,-0.065,-3.53648515595e-14,0
276.0,0.03,-0.06,-4.25697056531e-14,0
276.0,0.035,-0.06,-2.80371932471e-14,0
276.0,0.03,-0.055,-3.16868366785e-14,0
276.0,0.035,-0.055,-2.12805257513e-14,0
276.0,0.03,-0.05,-2.1580183872e-14,0
276.0,0.035,-0.05,-1.52438858556e-14,0
276.0,0.03,-0.045,-1.25491805151e-14,0
276.0,0.035,-0.045,-1.00985122853e-14,0
276.0,0.03,-0.04,-4.91673706052e-15,0
276.0,0.035,-0.04,-5.98312942927e-15,0
276.0,0.03,-0.035,9.8865025344e-16,0
276.0,0.035,-0.035,-2.87217085225e-15,0
276.0,0.03,-0.03,5.57576524055e-15,0
276.0,0.035,-0.03,-2.62164632318e-16,0
276.0,0.03,-0.025,9.5274455353e-15,0
276.0,0.035,-0.025,1.89921080034e-15,0
276.0,0.03,-0.02,1.28410499289e-14,0
276.0,0.035,-0.02,3.58885117382e-15,0
276.0,0.03,-0.015,1.56799856101e-14,0
276.0,0.035,-0.015,5.08334401299e-15,0
276.0,0.03,-0.01,1.79610049847e-14,0
276.0,0.035,-0.01,6.34121099686e-15,0
276.0,0.03,-0.005,1.96835397227e-14,0
276.0,0.035,-0.005,7.39945493485e-15,0
276.0,0.03,0,2.04353051222e-14,0
276.0,0.035,4.16333634234e-19,7.9215789469e-15,0
276.0,0.03,0.005,1.96793081155e-14,0
276.0,0.035,0.005,7.45016085812e-15,0
276.0,0.03,0.01,1.80730041707e-14,0
276.0,0.035,0.01,6.51360213739e-15,0
276.0,0.03,0.015,1.60726628387e-14,0
276.0,0.035,0.015,5.48607686108e-15,0
276.0,0.03,0.02,1.35825528079e-14,0
276.0,0.035,0.02,4.27582963651e-15,0
276.0,0.03,0.025,1.06620513596e-14,0
276.0,0.035,0.025,2.8703136301e-15,0
276.0,0.03,0.03,7.24033392314e-15,0
276.0,0.03,0.035,3.25234322585e-15,0
276.0,0.035,0.03,1.20517033208e-15,0
276.0,0.035,0.035,-7.67560688916e-16,0
276.0,0.03,0.04,-2.24116410559e-15,0
276.0,0.03,0.045,-9.67104667149e-15,0
276.0,0.035,0.04,-3.56905943613e-15,0
276.0,0.035,0.045,-7.53704756673e-15,0
276.0,0.03,0.05,-1.85804868831e-14,0
276.0,0.03,0.055,-2.85901003557e-14,0
276.0,0.035,0.05,-1.25467329019e-14,0
276.0,0.035,0.055,-1.843925012e-14,0
276.0,0.03,0.06,-3.93726000584e-14,0
276.0,0.03,0.065,-5.07113389594e-14,0
276.0,0.035,0.06,-2.50368744456e-14,0
276.0,0.035,0.065,-3.21763334957e-14,0
276.0,0.03,0.07,-6.25328145618e-14,0
276.0,0.03,0.075,-7.4996967875e-14,0
276.0,0.035,0.07,-3.97785279879e-14,0
276.0,0.035,0.075,-4.78862817511e-14,0
276.0,0.04,-0.075,-2.22765075037e-14,0
276.0,0.04,-0.07,-1.83803824094e-14,0
276.0,0.045,-0.075,8.32846099612e-15,0
276.0,0.045,-0.07,7.63855170609e-15,0
276.0,0.04,-0.065,-1.49263226851e-14,0
276.0,0.045,-0.065,6.65143267038e-15,0
276.0,0.04,-0.06,-1.19549553563e-14,0
276.0,0.045,-0.06,5.1967621562e-15,0
276.0,0.04,-0.055,-9.55634401975e-15,0
276.0,0.045,-0.055,3.15851875465e-15,0
276.0,0.04,-0.05,-7.82340901129e-15,0
276.0,0.045,-0.05,4.86604034047e-16,0
276.0,0.04,-0.045,-6.81623697734e-15,0
276.0,0.045,-0.045,-2.76976998789e-15,0
276.0,0.04,-0.04,-6.47870620428e-15,0
276.0,0.045,-0.04,-6.44020201437e-15,0
276.0,0.04,-0.035,-6.545092821e-15,0
276.0,0.045,-0.035,-1.01355341926e-14,0
276.0,0.04,-0.03,-6.63275497208e-15,0
276.0,0.045,-0.03,-1.33527953062e-14,0
276.0,0.04,-0.025,-6.72340306385e-15,0
276.0,0.045,-0.025,-1.60670252194e-14,0
276.0,0.04,-0.02,-6.77908597612e-15,0
276.0,0.045,-0.02,-1.80104254559e-14,0
276.0,0.04,-0.015,-6.72788132003e-15,0
276.0,0.045,-0.015,-1.95314887611e-14,0
276.0,0.04,-0.01,-6.56927489549e-15,0
276.0,0.045,-0.01,-2.06195688996e-14,0
276.0,0.04,-0.005,-6.24378860943e-15,0
276.0,0.045,-0.005,-2.11765432064e-14,0
276.0,0.04,0,-5.99714178318e-15,0
276.0,0.045,4.16333634234e-19,-2.13110213022e-14,0
276.0,0.04,0.005,-6.11942708312e-15,0
276.0,0.045,0.005,-2.09633764469e-14,0
276.0,0.04,0.01,-6.29149093402e-15,0
276.0,0.045,0.01,-2.02243186956e-14,0
276.0,0.04,0.015,-6.23445309248e-15,0
276.0,0.045,0.015,-1.89329671707e-14,0
276.0,0.04,0.02,-6.02307643957e-15,0
276.0,0.045,0.02,-1.71328007344e-14,0
276.0,0.04,0.025,-5.71161181197e-15,0
276.0,0.045,0.025,-1.49018002072e-14,0
276.0,0.04,0.03,-5.35882255711e-15,0
276.0,0.045,0.03,-1.22625925848e-14,0
276.0,0.04,0.035,-5.01141252594e-15,0
276.0,0.045,0.035,-9.30367563935e-15,0
276.0,0.04,0.04,-4.74044721351e-15,0
276.0,0.04,0.045,-4.88290878874e-15,0
276.0,0.045,0.04,-5.52358354485e-15,0
276.0,0.045,0.045,-1.61817287263e-15,0
276.0,0.04,0.05,-5.69170451998e-15,0
276.0,0.04,0.055,-7.22146135627e-15,0
276.0,0.045,0.05,1.88520767335e-15,0
276.0,0.045,0.055,4.80191592006e-15,0
276.0,0.04,0.06,-9.40555595791e-15,0
276.0,0.04,0.065,-1.21390663221e-14,0
276.0,0.045,0.06,7.09128248566e-15,0
276.0,0.045,0.065,8.81305977871e-15,0
276.0,0.04,0.07,-1.53139145373e-14,0
276.0,0.04,0.075,-1.88629097095e-14,0
276.0,0.045,0.07,1.0099055176e-14,0
276.0,0.045,0.075,1.11400737384e-14,0
276.0,0.05,-0.075,3.91878954298e-14,0
276.0,0.05,-0.07,3.40386410288e-14,0
276.0,0.055,-0.075,6.93460063645e-14,0
276.0,0.055,-0.07,6.00609492267e-14,0
276.0,0.05,-0.065,2.8714538563e-14,0
276.0,0.055,-0.065,5.06587035423e-14,0
276.0,0.05,-0.06,2.29125044036e-14,0
276.0,0.055,-0.06,4.07083111328e-14,0
276.0,0.05,-0.055,1.64803457507e-14,0
276.0,0.055,-0.055,3.00288426768e-14,0
276.0,0.05,-0.05,9.41631378032e-15,0
276.0,0.055,-0.05,1.86535662135e-14,0
276.0,0.05,-0.045,1.85791633611e-15,0
276.0,0.055,-0.045,6.81613451978e-15,0
276.0,0.05,-0.04,-5.89513901984e-15,0
276.0,0.055,-0.04,-5.09702860408e-15,0
276.0,0.05,-0.035,-1.33951190739e-14,0
276.0,0.055,-0.035,-1.65703279298e-14,0
276.0,0.05,-0.03,-2.01415783931e-14,0
276.0,0.055,-0.03,-2.70940662696e-14,0
276.0,0.05,-0.025,-2.5862311542e-14,0
276.0,0.055,-0.025,-3.6256184031e-14,0
276.0,0.05,-0.02,-3.03947431276e-14,0
276.0,0.055,-0.02,-4.38198677291e-14,0
276.0,0.05,-0.015,-3.39345114092e-14,0
276.0,0.055,-0.015,-4.97905677165e-14,0
276.0,0.05,-0.01,-3.65280134238e-14,0
276.0,0.055,-0.01,-5.41393758611e-14,0
276.0,0.05,-0.005,-3.80960865052e-14,0
276.0,0.055,-0.005,-5.67751221226e-14,0
276.0,0.05,0,-3.85667119935e-14,0
276.0,0.055,4.16333634234e-19,-5.75919102852e-14,0
276.0,0.05,0.005,-3.78360493244e-14,0
276.0,0.055,0.005,-5.65253879152e-14,0
276.0,0.05,0.01,-3.60556103151e-14,0
276.0,0.055,0.01,-5.36914743694e-14,0
276.0,0.05,0.015,-3.3271562557e-14,0
276.0,0.055,0.015,-4.92074582124e-14,0
276.0,0.05,0.02,-2.95335536196e-14,0
276.0,0.055,0.02,-4.31667412491e-14,0
276.0,0.05,0.025,-2.48993185305e-14,0
276.0,0.055,0.025,-3.5673709907e-14,0
276.0,0.05,0.03,-1.94053505959e-14,0
276.0,0.055,0.03,-2.6822304333e-14,0
276.0,0.05,0.035,-1.3029510279e-14,0
276.0,0.055,0.035,-1.66968046689e-14,0
276.0,0.05,0.04,-5.62940818366e-15,0
276.0,0.055,0.04,-5.41638816607e-15,0
276.0,0.05,0.045,2.2534529551e-15,0
276.0,0.055,0.045,6.50328626409e-15,0
276.0,0.05,0.05,1.00225519124e-14,0
276.0,0.05,0.055,1.73241737012e-14,0
276.0,0.055,0.05,1.84602233682e-14,0
276.0,0.055,0.055,3.00176917777e-14,0
276.0,0.05,0.06,2.40086161296e-14,0
276.0,0.05,0.065,3.00808971104e-14,0
276.0,0.055,0.06,4.09164978191e-14,0
276.0,0.055,0.065,5.11134737807e-14,0
276.0,0.05,0.07,3.5700210907e-14,0
276.0,0.05,0.075,4.11833435324e-14,0
276.0,0.055,0.07,6.07876604813e-14,0
276.0,0.055,0.075,7.03720754875e-14,0
276.0,0.06,-0.075,9.80372584216e-14,0
276.0,0.06,-0.07,8.50919781838e-14,0
276.0,0.065,-0.075,1.24708848122e-13,0
276.0,0.065,-0.07,1.08776888437e-13,0
276.0,0.06,-0.065,7.20026347217e-14,0
276.0,0.065,-0.065,9.25021567505e-14,0
276.0,0.06,-0.06,5.8205403763e-14,0
276.0,0.065,-0.06,7.52075360877e-14,0
276.0,0.06,-0.055,4.34864528977e-14,0
276.0,0.065,-0.055,5.66875491779e-14,0
276.0,0.06,-0.05,2.7931460365e-14,0
276.0,0.065,-0.05,3.70833887634e-14,0
276.0,0.06,-0.045,1.18512428313e-14,0
276.0,0.065,-0.045,1.68127809641e-14,0
276.0,0.06,-0.04,-4.26414410502e-15,0
276.0,0.065,-0.04,-3.53358669257e-15,0
276.0,0.06,-0.035,-1.98348623588e-14,0
276.0,0.065,-0.035,-2.32653814722e-14,0
276.0,0.06,-0.03,-3.42682665166e-14,0
276.0,0.065,-0.03,-4.16912203115e-14,0
276.0,0.06,-0.025,-4.70607394092e-14,0
276.0,0.065,-0.025,-5.81880508431e-14,0
276.0,0.06,-0.02,-5.78496478105e-14,0
276.0,0.065,-0.02,-7.22639662242e-14,0
276.0,0.06,-0.015,-6.64489903548e-14,0
276.0,0.065,-0.015,-8.35561547863e-14,0
276.0,0.06,-0.01,-7.27091947083e-14,0
276.0,0.065,-0.01,-9.18093814634e-14,0
276.0,0.06,-0.005,-7.6504692433e-14,0
276.0,0.065,-0.005,-9.68208327211e-14,0
276.0,0.06,0,-7.77188041235e-14,0
276.0,0.065,4.16333634234e-19,-9.84740744806e-14,0
276.0,0.06,0.005,-7.63215349771e-14,0
276.0,0.065,0.005,-9.67334500565e-14,0
276.0,0.06,0.01,-7.23940051277e-14,0
276.0,0.065,0.01,-9.16844434075e-14,0
276.0,0.06,0.015,-6.60837133777e-14,0
276.0,0.065,0.015,-8.34822680147e-14,0
276.0,0.06,0.02,-5.75413003929e-14,0
276.0,0.065,0.02,-7.23551735142e-14,0
276.0,0.06,0.025,-4.69520805704e-14,0
276.0,0.065,0.025,-5.85703739532e-14,0
276.0,0.06,0.03,-3.45112098859e-14,0
276.0,0.065,0.03,-4.24671720647e-14,0
276.0,0.06,0.035,-2.04687918252e-14,0
276.0,0.065,0.035,-2.44540716584e-14,0
276.0,0.06,0.04,-5.16730091386e-15,0
276.0,0.065,0.04,-5.05651103306e-15,0
276.0,0.06,0.045,1.08381769319e-14,0
276.0,0.065,0.045,1.50805014561e-14,0
276.0,0.06,0.05,2.69338902532e-14,0
276.0,0.065,0.05,3.52658482749e-14,0
276.0,0.06,0.055,4.25913215985e-14,0
276.0,0.065,0.055,5.48881767908e-14,0
276.0,0.06,0.06,5.74730837853e-14,0
276.0,0.06,0.065,7.14751883322e-14,0
276.0,0.065,0.06,7.3505288832e-14,0
276.0,0.065,0.065,9.09547032899e-14,0
276.0,0.06,0.07,8.47993339898e-14,0
276.0,0.06,0.075,9.80009788455e-14,0
276.0,0.065,0.07,1.07422642303e-13,0
276.0,0.065,0.075,1.23567938162e-13,0
276.0,0.07,-0.075,1.49298678434e-13,0
276.0,0.07,-0.07,1.31165208298e-13,0
276.0,0.075,-0.075,1.72296307806e-13,0
276.0,0.075,-0.07,1.52878754202e-13,0
276.0,0.07,-0.065,1.12244661974e-13,0
276.0,0.075,-0.065,1.31797080034e-13,0
276.0,0.07,-0.06,9.18035558036e-14,0
276.0,0.075,-0.06,1.08446139871e-13,0
276.0,0.07,-0.055,6.96746849724e-14,0
276.0,0.075,-0.055,8.27679735628e-14,0
276.0,0.07,-0.05,4.61096428913e-14,0
276.0,0.075,-0.05,5.52013167353e-14,0
276.0,0.07,-0.045,2.16499927665e-14,0
276.0,0.075,-0.045,2.64300397298e-14,0
276.0,0.07,-0.04,-2.97615123495e-15,0
276.0,0.075,-0.04,-2.63945422982e-15,0
276.0,0.07,-0.035,-2.69492084444e-14,0
276.0,0.075,-0.035,-3.10261332771e-14,0
276.0,0.07,-0.03,-4.94423824839e-14,0
276.0,0.075,-0.03,-5.77528473803e-14,0
276.0,0.07,-0.025,-6.97032494897e-14,0
276.0,0.075,-0.025,-8.18975563976e-14,0
276.0,0.07,-0.02,-8.70907808429e-14,0
276.0,0.075,-0.02,-1.02701931201e-13,0
276.0,0.07,-0.015,-1.01113112583e-13,0
276.0,0.075,-0.015,-1.19506661604e-13,0
276.0,0.07,-0.01,-1.1138500931e-13,0
276.0,0.075,-0.01,-1.31867911204e-13,0
276.0,0.07,-0.005,-1.17655040699e-13,0
276.0,0.075,-0.005,-1.39411964265e-13,0
276.0,0.07,0,-1.19756302878e-13,0
276.0,0.075,0,-1.4198930355e-13,0
276.0,0.07,0.005,-1.1766667733e-13,0
276.0,0.075,0.005,-1.39511116964e-13,0
276.0,0.07,0.01,-1.11457918939e-13,0
276.0,0.075,0.01,-1.321178125e-13,0
276.0,0.07,0.015,-1.01336844713e-13,0
276.0,0.075,0.015,-1.20000385058e-13,0
276.0,0.07,0.02,-8.75775650213e-14,0
276.0,0.075,0.02,-1.03553173374e-13,0
276.0,0.07,0.025,-7.05656309991e-14,0
276.0,0.075,0.025,-8.32148694391e-14,0
276.0,0.07,0.03,-5.07583895788e-14,0
276.0,0.075,0.03,-5.96081245222e-14,0
276.0,0.07,0.035,-2.87315442039e-14,0
276.0,0.075,0.035,-3.34294541412e-14,0
276.0,0.07,0.04,-5.16468978087e-15,0
276.0,0.075,0.04,-5.53394912349e-15,0
276.0,0.07,0.045,1.91638135553e-14,0
276.0,0.075,0.045,2.31497528951e-14,0
276.0,0.07,0.05,4.34479082953e-14,0
276.0,0.075,0.05,5.16618147248e-14,0
276.0,0.07,0.055,6.69510697939e-14,0
276.0,0.075,0.055,7.9094710118e-14,0
276.0,0.07,0.06,8.91130540592e-14,0
276.0,0.075,0.06,1.04748130454e-13,0
276.0,0.07,0.065,1.0965956448e-13,0
276.0,0.075,0.065,1.28161870153e-13,0
276.0,0.07,0.07,1.28734798933e-13,0
276.0,0.07,0.075,1.47046999233e-13,0
276.0,0.075,0.07,1.49368314393e-13,0
276.0,0.075,0.075,1.68945387376e-13,0
281.0,-0.00382671281566,-0.00202612167119,0,0
281.0,-0.005,-0.005,2.65399775933e-14,0
281.0,-0.00197892066871,-0.00385133392306,0,0
281.0,-0.005,-0.00190753787223,1.56384356172e-14,0
281.0,-0.00433,0,0,0
281.0,-0.00190753787223,-0.005,1.5543764332e-14,0
281.0,0,-0.00433,0,0
281.0,-0.005,0.00190775150599,1.56341982889e-14,0
281.0,-0.00385133392306,0.00197892066871,0,0
281.0,0.00190775150599,-0.005,1.55294988093e-14,0
281.0,0.00202612167119,-0.00382671281566,0,0
281.0,-0.00202612167119,0.00382671281566,0,0
281.0,-0.005,0.005,2.64856475792e-14,0
281.0,-0.0019094272225,0.005,1.55705530535e-14,0
281.0,0,0.00433,0,0
281.0,0.00147766755988,0.00407006125046,0,0
281.0,8.32667268469e-19,0.005,1.17868775451e-14,0
281.0,0.00433,0,0,0
281.0,0.005,1.38777878078e-18,1.14005386038e-14,0
281.0,0.00407006125046,0.00147766755988,0,0
281.0,0.005,-0.005,2.71403671534e-14,0
281.0,0.00385133392306,-0.00197892066871,0,0
281.0,0.005,-0.0019094272225,1.56801467375e-14,0
281.0,0.00306177236254,0.00306177236254,0,0
281.0,0.0019094272225,0.005,1.5727175156e-14,0
281.0,0.005,0.0019094272225,1.57318688808e-14,0
281.0,-0.000885,-0.0015328649647,1.27151829606e-12,0
281.0,-0.0015328649647,-0.000885,1.27164067794e-12,0
281.0,-0.00186450691264,-0.00187567167242,8.43024207382e-13,0
281.0,-0.00177,0,1.27133241053e-12,0
281.0,-0.00268433516245,-0.000738983120158,7.59105855244e-13,0
281.0,0,-0.00177,1.27147993173e-12,0
281.0,-0.000718432264205,-0.00269192408424,7.57399689987e-13,0
281.0,-0.0015328649647,0.000885,1.26982793433e-12,0
281.0,-0.00265321485144,0.000647311733689,7.89888778234e-13,0
281.0,-0.000885,0.0015328649647,1.26820041883e-12,0
281.0,-0.00194719253591,0.00178443766524,8.43950510645e-13,0
281.0,0,0.00177,1.26409424728e-12,0
281.0,-0.000802720381054,0.00273415977115,7.17499420271e-13,0
281.0,0.000885,-0.0015328649647,1.27016876758e-12,0
281.0,0.00075154031863,-0.00270385456952,7.45289716954e-13,0
281.0,0.00177,0,1.26243400831e-12,0
281.0,0.0015328649647,-0.000885,1.26801634193e-12,0
281.0,0.00271471102228,-0.000564731152102,7.60913474045e-13,0
281.0,0.00192394637685,-0.00189207206672,8.10095089215e-13,0
281.0,0.00231817117671,0.00040530921667,9.8790951772e-13,0
281.0,0.0015328649647,0.000885,1.26070036298e-12,0
281.0,0.000885,0.0015328649647,1.26140542311e-12,0
281.0,0.000427053001345,0.00287092483521,6.8218893584e-13,0
281.0,0.00187618296239,0.00184774001435,8.33339462963e-13,0
281.0,0.00312733402203,0.000607809752493,5.1919866085e-13,0
281.0,0.00276214303706,0.00136595635004,5.76858926251e-13,0
281.0,0.0014100336009,0.00268674970267,6.04771199509e-13,0
281.0,-0.075,-0.075,1.37040577265e-13,0
281.0,-0.07,-0.075,1.22676336869e-13,0
281.0,-0.075,-0.07,1.17626208091e-13,0
281.0,-0.07,-0.07,1.04413095671e-13,0
281.0,-0.075,-0.065,9.67770568832e-14,0
281.0,-0.07,-0.065,8.55386946851e-14,0
281.0,-0.065,-0.075,1.06786049654e-13,0
281.0,-0.065,-0.07,9.04713153503e-14,0
281.0,-0.065,-0.065,7.39919023375e-14,0
281.0,-0.075,-0.06,7.40264001658e-14,0
281.0,-0.07,-0.06,6.54576404049e-14,0
281.0,-0.065,-0.06,5.67810626963e-14,0
281.0,-0.075,-0.055,4.939591547e-14,0
281.0,-0.07,-0.055,4.40819603915e-14,0
281.0,-0.065,-0.055,3.87026456034e-14,0
281.0,-0.075,-0.05,2.33517109451e-14,0
281.0,-0.07,-0.05,2.16985733611e-14,0
281.0,-0.065,-0.05,1.99313032389e-14,0
281.0,-0.075,-0.045,-3.43964239652e-15,0
281.0,-0.07,-0.045,-1.16079520269e-15,0
281.0,-0.065,-0.045,8.87819902827e-16,0
281.0,-0.075,-0.04,-3.01385366219e-14,0
281.0,-0.07,-0.04,-2.38193658276e-14,0
281.0,-0.075,-0.035,-5.58777940627e-14,0
281.0,-0.07,-0.035,-4.55585109015e-14,0
281.0,-0.065,-0.04,-1.78727400218e-14,0
281.0,-0.065,-0.035,-3.57431224116e-14,0
281.0,-0.075,-0.03,-7.98277630018e-14,0
281.0,-0.07,-0.03,-6.56940566774e-14,0
281.0,-0.075,-0.025,-1.01225978963e-13,0
281.0,-0.07,-0.025,-8.3635750781e-14,0
281.0,-0.065,-0.03,-5.21769976459e-14,0
281.0,-0.065,-0.025,-6.67366219191e-14,0
281.0,-0.075,-0.02,-1.19441496348e-13,0
281.0,-0.07,-0.02,-9.8867971379e-14,0
281.0,-0.075,-0.015,-1.33891229589e-13,0
281.0,-0.07,-0.015,-1.10964260647e-13,0
281.0,-0.065,-0.02,-7.9078651642e-14,0
281.0,-0.065,-0.015,-8.88831684653e-14,0
281.0,-0.075,-0.01,-1.44149033572e-13,0
281.0,-0.07,-0.01,-1.19535289064e-13,0
281.0,-0.075,-0.005,-1.49838275649e-13,0
281.0,-0.07,-0.005,-1.24300536995e-13,0
281.0,-0.065,-0.01,-9.58581072379e-14,0
281.0,-0.065,-0.005,-9.97279026303e-14,0
281.0,-0.075,0,-1.50804846577e-13,0
281.0,-0.07,0,-1.250761057e-13,0
281.0,-0.075,0.005,-1.46997412356e-13,0
281.0,-0.07,0.005,-1.21861667007e-13,0
281.0,-0.065,4.16333634234e-19,-1.00333296047e-13,0
281.0,-0.065,0.005,-9.76516772087e-14,0
281.0,-0.075,0.01,-1.3862339825e-13,0
281.0,-0.07,0.01,-1.14799271308e-13,0
281.0,-0.075,0.015,-1.25982902723e-13,0
281.0,-0.07,0.015,-1.04203649393e-13,0
281.0,-0.065,0.01,-9.18351760756e-14,0
281.0,-0.065,0.015,-8.31636480205e-14,0
281.0,-0.075,0.02,-1.0957258989e-13,0
281.0,-0.07,0.02,-9.04651514159e-14,0
281.0,-0.075,0.025,-8.99134819323e-14,0
281.0,-0.07,0.025,-7.40539236198e-14,0
281.0,-0.065,0.02,-7.20118693828e-14,0
281.0,-0.065,0.025,-5.87407828238e-14,0
281.0,-0.075,0.03,-6.76455695654e-14,0
281.0,-0.07,0.03,-5.54498651638e-14,0
281.0,-0.075,0.035,-4.34326178912e-14,0
281.0,-0.07,0.035,-3.51952221267e-14,0
281.0,-0.065,0.03,-4.3712883565e-14,0
281.0,-0.065,0.035,-2.72976834594e-14,0
281.0,-0.075,0.04,-1.80342565807e-14,0
281.0,-0.07,0.04,-1.38857718777e-14,0
281.0,-0.075,0.045,7.7451437485e-15,0
281.0,-0.07,0.045,7.81417788312e-15,0
281.0,-0.065,0.04,-9.94221084503e-15,0
281.0,-0.065,0.045,7.81400422123e-15,0
281.0,-0.075,0.05,3.30973696256e-14,0
281.0,-0.07,0.05,2.92310253779e-14,0
281.0,-0.075,0.055,5.72644398118e-14,0
281.0,-0.07,0.055,4.97596517479e-14,0
281.0,-0.065,0.05,2.53974450044e-14,0
281.0,-0.065,0.055,4.23152249232e-14,0
281.0,-0.075,0.06,7.968254148e-14,0
281.0,-0.07,0.06,6.89578592869e-14,0
281.0,-0.075,0.065,9.99953023878e-14,0
281.0,-0.07,0.065,8.66363401858e-14,0
281.0,-0.065,0.06,5.82283156434e-14,0
281.0,-0.065,0.065,7.30503005837e-14,0
281.0,-0.075,0.07,1.1828296469e-13,0
281.0,-0.07,0.07,1.02973935699e-13,0
281.0,-0.075,0.075,1.35094662835e-13,0
281.0,-0.07,0.075,1.18639013059e-13,0
281.0,-0.065,0.07,8.69994275031e-14,0
281.0,-0.065,0.075,1.00705212045e-13,0
281.0,-0.06,-0.075,8.87353254511e-14,0
281.0,-0.06,-0.07,7.50653650668e-14,0
281.0,-0.06,-0.065,6.14659279345e-14,0
281.0,-0.055,-0.075,6.83308139451e-14,0
281.0,-0.055,-0.07,5.792561389e-14,0
281.0,-0.055,-0.065,4.76751272449e-14,0
281.0,-0.06,-0.06,4.74437337454e-14,0
281.0,-0.06,-0.055,3.28327008642e-14,0
281.0,-0.055,-0.06,3.7172117394e-14,0
281.0,-0.055,-0.055,2.62543849119e-14,0
281.0,-0.06,-0.05,1.77472746267e-14,0
281.0,-0.055,-0.05,1.49672043957e-14,0
281.0,-0.06,-0.045,2.50644053404e-15,0
281.0,-0.055,-0.045,3.5568712523e-15,0
281.0,-0.06,-0.04,-1.24093120255e-14,0
281.0,-0.055,-0.04,-7.57928307801e-15,0
281.0,-0.06,-0.035,-2.64708819579e-14,0
281.0,-0.055,-0.035,-1.79195152778e-14,0
281.0,-0.06,-0.03,-3.92283395523e-14,0
281.0,-0.06,-0.025,-5.04275535533e-14,0
281.0,-0.055,-0.03,-2.70561076287e-14,0
281.0,-0.055,-0.025,-3.494215704e-14,0
281.0,-0.06,-0.02,-5.98928138219e-14,0
281.0,-0.06,-0.015,-6.74583643852e-14,0
281.0,-0.055,-0.02,-4.15863934507e-14,0
281.0,-0.055,-0.015,-4.69542044029e-14,0
281.0,-0.06,-0.01,-7.28835963498e-14,0
281.0,-0.06,-0.005,-7.59044654012e-14,0
281.0,-0.055,-0.01,-5.08972400176e-14,0
281.0,-0.055,-0.005,-5.30985084945e-14,0
281.0,-0.06,0,-7.63366482105e-14,0
281.0,-0.06,0.005,-7.41633366528e-14,0
281.0,-0.055,4.16333634234e-19,-5.33650406686e-14,0
281.0,-0.055,0.005,-5.16702979143e-14,0
281.0,-0.06,0.01,-6.95201645871e-14,0
281.0,-0.06,0.015,-6.27035365201e-14,0
281.0,-0.055,0.01,-4.81511656295e-14,0
281.0,-0.055,0.015,-4.31060884702e-14,0
281.0,-0.06,0.02,-5.40706030931e-14,0
281.0,-0.06,0.025,-4.39094768664e-14,0
281.0,-0.055,0.02,-3.69380599743e-14,0
281.0,-0.055,0.025,-2.98073184402e-14,0
281.0,-0.06,0.03,-3.24190123419e-14,0
281.0,-0.06,0.035,-1.97995862389e-14,0
281.0,-0.055,0.03,-2.17705211474e-14,0
281.0,-0.055,0.035,-1.28589469931e-14,0
281.0,-0.06,0.04,-6.3226619513e-15,0
281.0,-0.06,0.045,7.54890903288e-15,0
281.0,-0.055,0.04,-3.14714649388e-15,0
281.0,-0.055,0.045,6.91417011238e-15,0
281.0,-0.06,0.05,2.13087037472e-14,0
281.0,-0.06,0.055,3.45335328502e-14,0
281.0,-0.055,0.05,1.68231493014e-14,0
281.0,-0.055,0.055,2.62410059167e-14,0
281.0,-0.06,0.06,4.69812611655e-14,0
281.0,-0.06,0.065,5.86196503686e-14,0
281.0,-0.055,0.06,3.49970157559e-14,0
281.0,-0.055,0.065,4.31223448185e-14,0
281.0,-0.06,0.07,6.9688242158e-14,0
281.0,-0.06,0.075,8.0731766825e-14,0
281.0,-0.055,0.07,5.08437688498e-14,0
281.0,-0.055,0.075,5.86082421468e-14,0
281.0,-0.05,-0.075,4.57993786325e-14,0
281.0,-0.05,-0.07,3.91263263432e-14,0
281.0,-0.045,-0.075,2.15673181737e-14,0
281.0,-0.045,-0.07,1.89861015543e-14,0
281.0,-0.05,-0.065,3.26145869547e-14,0
281.0,-0.045,-0.065,1.65024629601e-14,0
281.0,-0.05,-0.06,2.59359065304e-14,0
281.0,-0.05,-0.055,1.89241297771e-14,0
281.0,-0.045,-0.06,1.38781797037e-14,0
281.0,-0.045,-0.055,1.09500499238e-14,0
281.0,-0.05,-0.05,1.15663058209e-14,0
281.0,-0.05,-0.045,3.99554502207e-15,0
281.0,-0.045,-0.05,7.63315234767e-15,0
281.0,-0.045,-0.045,3.94239558992e-15,0
281.0,-0.05,-0.04,-3.46189063296e-15,0
281.0,-0.045,-0.04,3.26249647566e-17,0
281.0,-0.05,-0.035,-1.02815897475e-14,0
281.0,-0.045,-0.035,-3.63583248508e-15,0
281.0,-0.05,-0.03,-1.59843105833e-14,0
281.0,-0.045,-0.03,-6.37677087075e-15,0
281.0,-0.05,-0.025,-2.07705657466e-14,0
281.0,-0.045,-0.025,-8.64004230854e-15,0
281.0,-0.05,-0.02,-2.476718691e-14,0
281.0,-0.05,-0.015,-2.80303856882e-14,0
281.0,-0.045,-0.02,-1.0414179265e-14,0
281.0,-0.045,-0.015,-1.1690637888e-14,0
281.0,-0.05,-0.01,-3.05501499664e-14,0
281.0,-0.05,-0.005,-3.19388185012e-14,0
281.0,-0.045,-0.01,-1.27212044128e-14,0
281.0,-0.045,-0.005,-1.32107002054e-14,0
281.0,-0.05,0,-3.20179542801e-14,0
281.0,-0.05,0.005,-3.07992046913e-14,0
281.0,-0.045,4.16333634234e-19,-1.30734152805e-14,0
281.0,-0.045,0.005,-1.23292422633e-14,0
281.0,-0.05,0.01,-2.83741460665e-14,0
281.0,-0.05,0.015,-2.5027068698e-14,0
281.0,-0.045,0.01,-1.10447075733e-14,0
281.0,-0.045,0.015,-9.40665693401e-15,0
281.0,-0.05,0.02,-2.12050679653e-14,0
281.0,-0.05,0.025,-1.68899653412e-14,0
281.0,-0.045,0.02,-7.7477507774e-15,0
281.0,-0.045,0.025,-5.77575939064e-15,0
281.0,-0.05,0.03,-1.20484097826e-14,0
281.0,-0.05,0.035,-6.60236376961e-15,0
281.0,-0.045,0.03,-3.54127820143e-15,0
281.0,-0.045,0.035,-1.08870256052e-15,0
281.0,-0.05,0.04,-4.42772166359e-16,0
281.0,-0.05,0.045,5.90893224796e-15,0
281.0,-0.045,0.04,1.90472339262e-15,0
281.0,-0.045,0.045,4.67927769565e-15,0
281.0,-0.05,0.05,1.19584724257e-14,0
281.0,-0.05,0.055,1.74427823599e-14,0
281.0,-0.045,0.05,6.83670696695e-15,0
281.0,-0.045,0.055,8.28811804442e-15,0
281.0,-0.05,0.06,2.23016225682e-14,0
281.0,-0.05,0.065,2.66186313732e-14,0
281.0,-0.045,0.06,9.08828308513e-15,0
281.0,-0.045,0.065,9.38626210136e-15,0
281.0,-0.05,0.07,3.06159005709e-14,0
281.0,-0.05,0.075,3.46480534456e-14,0
281.0,-0.045,0.07,9.39134539381e-15,0
281.0,-0.045,0.075,9.35779923142e-15,0
281.0,-0.04,-0.075,-3.71837741156e-15,0
281.0,-0.04,-0.07,-2.00959043341e-15,0
281.0,-0.035,-0.075,-2.93174271321e-14,0
281.0,-0.035,-0.07,-2.32658641311e-14,0
281.0,-0.04,-0.065,-2.99420437034e-16,0
281.0,-0.035,-0.065,-1.73317750249e-14,0
281.0,-0.04,-0.06,1.26407138672e-15,0
281.0,-0.035,-0.06,-1.15755018213e-14,0
281.0,-0.04,-0.055,2.51900586323e-15,0
281.0,-0.035,-0.055,-6.14920922186e-15,0
281.0,-0.04,-0.05,3.31756949828e-15,0
281.0,-0.04,-0.045,3.55348384945e-15,0
281.0,-0.035,-0.05,-1.26862612486e-15,0
281.0,-0.035,-0.045,2.83970848688e-15,0
281.0,-0.04,-0.04,3.22905904336e-15,0
281.0,-0.04,-0.035,2.54426052656e-15,0
281.0,-0.035,-0.04,5.97685793471e-15,0
281.0,-0.035,-0.035,7.9949209598e-15,0
281.0,-0.04,-0.03,1.93142173614e-15,0
281.0,-0.035,-0.03,9.29878626488e-15,0
281.0,-0.04,-0.025,1.53146326698e-15,0
281.0,-0.035,-0.025,1.05052343726e-14,0
281.0,-0.04,-0.02,1.39783033998e-15,0
281.0,-0.035,-0.02,1.16583512418e-14,0
281.0,-0.04,-0.015,1.63124489554e-15,0
281.0,-0.035,-0.015,1.28455729864e-14,0
281.0,-0.04,-0.01,2.13543640757e-15,0
281.0,-0.04,-0.005,2.54546388424e-15,0
281.0,-0.035,-0.01,1.40609994625e-14,0
281.0,-0.035,-0.005,1.48995978252e-14,0
281.0,-0.04,0,2.88688280878e-15,0
281.0,-0.04,0.005,3.20337520105e-15,0
281.0,-0.035,4.16333634234e-19,1.53472555235e-14,0
281.0,-0.035,0.005,1.53754481702e-14,0
281.0,-0.04,0.01,3.38681412627e-15,0
281.0,-0.04,0.015,3.3370696282e-15,0
281.0,-0.035,0.01,1.49632487557e-14,0
281.0,-0.035,0.015,1.40781056782e-14,0
281.0,-0.04,0.02,3.38271920757e-15,0
281.0,-0.04,0.025,3.62649949872e-15,0
281.0,-0.035,0.02,1.30816323276e-14,0
281.0,-0.035,0.025,1.19722047949e-14,0
281.0,-0.04,0.03,3.93059760145e-15,0
281.0,-0.04,0.035,4.22520216739e-15,0
281.0,-0.035,0.03,1.06287478617e-14,0
281.0,-0.035,0.035,8.98507836804e-15,0
281.0,-0.04,0.04,4.20874244887e-15,0
281.0,-0.04,0.045,3.38304008073e-15,0
281.0,-0.035,0.04,6.2765444947e-15,0
281.0,-0.035,0.045,2.01875100534e-15,0
281.0,-0.04,0.05,1.62366809157e-15,0
281.0,-0.04,0.055,-1.00780896292e-15,0
281.0,-0.035,0.05,-3.56485978719e-15,0
281.0,-0.035,0.055,-1.02096061301e-14,0
281.0,-0.04,0.06,-4.33930007723e-15,0
281.0,-0.04,0.065,-8.16634065623e-15,0
281.0,-0.035,0.06,-1.76269483474e-14,0
281.0,-0.035,0.065,-2.5548481241e-14,0
281.0,-0.04,0.07,-1.22880640842e-14,0
281.0,-0.04,0.075,-1.65516287971e-14,0
281.0,-0.035,0.07,-3.37906867089e-14,0
281.0,-0.035,0.075,-4.22933934172e-14,0
281.0,-0.03,-0.075,-5.44123731723e-14,0
281.0,-0.03,-0.07,-4.41203574335e-14,0
281.0,-0.025,-0.075,-7.81524915049e-14,0
281.0,-0.025,-0.07,-6.38908225446e-14,0
281.0,-0.03,-0.065,-3.40850458722e-14,0
281.0,-0.025,-0.065,-5.00169296804e-14,0
281.0,-0.03,-0.06,-2.42678553807e-14,0
281.0,-0.025,-0.06,-3.64218836443e-14,0
281.0,-0.03,-0.055,-1.48238951966e-14,0
281.0,-0.025,-0.055,-2.32491648635e-14,0
281.0,-0.03,-0.05,-6.03137237605e-15,0
281.0,-0.025,-0.05,-1.08519095334e-14,0
281.0,-0.03,-0.045,1.73956647533e-15,0
281.0,-0.025,-0.045,2.66299819738e-16,0
281.0,-0.03,-0.04,8.07777426711e-15,0
281.0,-0.03,-0.035,1.25198909617e-14,0
281.0,-0.025,-0.04,9.49164157554e-15,0
281.0,-0.025,-0.035,1.60814850585e-14,0
281.0,-0.03,-0.03,1.55677163937e-14,0
281.0,-0.03,-0.025,1.81709524101e-14,0
281.0,-0.025,-0.03,2.0667473973e-14,0
281.0,-0.025,-0.025,2.44680843944e-14,0
281.0,-0.03,-0.02,2.03530052855e-14,0
281.0,-0.025,-0.02,2.74952662407e-14,0
281.0,-0.03,-0.015,2.21531039431e-14,0
281.0,-0.025,-0.015,2.98304887358e-14,0
281.0,-0.03,-0.01,2.35557724835e-14,0
281.0,-0.025,-0.01,3.14572708447e-14,0
281.0,-0.03,-0.005,2.4488757453e-14,0
281.0,-0.025,-0.005,3.23852983069e-14,0
281.0,-0.03,0,2.49149254657e-14,0
281.0,-0.03,0.005,2.48261556412e-14,0
281.0,-0.025,4.16333634234e-19,3.27557340168e-14,0
281.0,-0.025,0.005,3.26053030727e-14,0
281.0,-0.03,0.01,2.4191584039e-14,0
281.0,-0.03,0.015,2.30116498591e-14,0
281.0,-0.025,0.01,3.18724771386e-14,0
281.0,-0.025,0.015,3.03898610614e-14,0
281.0,-0.03,0.02,2.13326652559e-14,0
281.0,-0.03,0.025,1.9147572423e-14,0
281.0,-0.025,0.02,2.812535147e-14,0
281.0,-0.025,0.025,2.50736104187e-14,0
281.0,-0.03,0.03,1.63883285919e-14,0
281.0,-0.03,0.035,1.30087053067e-14,0
281.0,-0.025,0.03,2.11247021989e-14,0
281.0,-0.025,0.035,1.62428811633e-14,0
281.0,-0.03,0.04,7.91210560386e-15,0
281.0,-0.03,0.045,5.21280885152e-16,0
281.0,-0.025,0.04,9.07030087967e-15,0
281.0,-0.025,0.045,-1.10175042694e-15,0
281.0,-0.03,0.05,-8.63496729514e-15,0
281.0,-0.03,0.055,-1.90830134898e-14,0
281.0,-0.025,0.05,-1.34752814115e-14,0
281.0,-0.025,0.055,-2.73789021972e-14,0
281.0,-0.03,0.06,-3.03928060158e-14,0
281.0,-0.03,0.065,-4.22387388313e-14,0
281.0,-0.025,0.06,-4.2253839853e-14,0
281.0,-0.025,0.065,-5.77014011659e-14,0
281.0,-0.03,0.07,-5.44370890774e-14,0
281.0,-0.03,0.075,-6.70319571918e-14,0
281.0,-0.025,0.07,-7.35527653806e-14,0
281.0,-0.025,0.075,-8.99206396423e-14,0
281.0,-0.02,-0.075,-9.97220842247e-14,0
281.0,-0.02,-0.07,-8.18860015698e-14,0
281.0,-0.015,-0.075,-1.18311047066e-13,0
281.0,-0.015,-0.07,-9.74617475438e-14,0
281.0,-0.02,-0.065,-6.45889115638e-14,0
281.0,-0.015,-0.065,-7.72688381844e-14,0
281.0,-0.02,-0.06,-4.7626908562e-14,0
281.0,-0.015,-0.06,-5.74841801539e-14,0
281.0,-0.02,-0.055,-3.1152564682e-14,0
281.0,-0.015,-0.055,-3.8243795938e-14,0
281.0,-0.02,-0.05,-1.55712744325e-14,0
281.0,-0.015,-0.05,-2.00086690361e-14,0
281.0,-0.02,-0.045,-1.50396707332e-15,0
281.0,-0.015,-0.045,-3.48651302565e-15,0
281.0,-0.02,-0.04,1.02596302764e-14,0
281.0,-0.015,-0.04,1.0422117522e-14,0
281.0,-0.02,-0.035,1.87564392718e-14,0
281.0,-0.015,-0.035,2.05862450894e-14,0
281.0,-0.02,-0.03,2.46428782848e-14,0
281.0,-0.02,-0.025,2.93980691166e-14,0
281.0,-0.015,-0.03,2.7609138142e-14,0
281.0,-0.015,-0.025,3.30714876125e-14,0
281.0,-0.02,-0.02,3.30041980334e-14,0
281.0,-0.02,-0.015,3.55647231185e-14,0
281.0,-0.015,-0.02,3.68887405727e-14,0
281.0,-0.015,-0.015,3.90753297525e-14,0
281.0,-0.02,-0.01,3.71000121019e-14,0
281.0,-0.015,-0.01,3.96911024752e-14,0
281.0,-0.02,-0.005,3.77472154865e-14,0
281.0,-0.015,-0.005,3.93828025302e-14,0
281.0,-0.02,0,3.79229116693e-14,0
281.0,-0.015,4.16333634234e-19,3.91127405093e-14,0
281.0,-0.02,0.005,3.78533440947e-14,0
281.0,-0.015,0.005,3.93496420642e-14,0
281.0,-0.02,0.01,3.73077614258e-14,0
281.0,-0.02,0.015,3.58543994118e-14,0
281.0,-0.015,0.01,3.96627940065e-14,0
281.0,-0.015,0.015,3.90797368247e-14,0
281.0,-0.02,0.02,3.33430399975e-14,0
281.0,-0.02,0.025,2.97253773893e-14,0
281.0,-0.015,0.02,3.6952680278e-14,0
281.0,-0.015,0.025,3.31827790082e-14,0
281.0,-0.02,0.03,2.486369047e-14,0
281.0,-0.02,0.035,1.87507155944e-14,0
281.0,-0.015,0.03,2.76981239676e-14,0
281.0,-0.015,0.035,2.05634662448e-14,0
281.0,-0.02,0.04,9.7815436908e-15,0
281.0,-0.02,0.045,-2.78510993274e-15,0
281.0,-0.015,0.04,1.00856102238e-14,0
281.0,-0.015,0.045,-4.45569705844e-15,0
281.0,-0.02,0.05,-1.79413144739e-14,0
281.0,-0.02,0.055,-3.48450355781e-14,0
281.0,-0.015,0.05,-2.18761828278e-14,0
281.0,-0.015,0.055,-4.12240675439e-14,0
281.0,-0.02,0.06,-5.28226376813e-14,0
281.0,-0.02,0.065,-7.14260018708e-14,0
281.0,-0.015,0.06,-6.17419426829e-14,0
281.0,-0.015,0.065,-8.29274903611e-14,0
281.0,-0.02,0.07,-9.04763376792e-14,0
281.0,-0.02,0.075,-1.10179878413e-13,0
281.0,-0.015,0.07,-1.04618176761e-13,0
281.0,-0.015,0.075,-1.27057765815e-13,0
281.0,-0.01,-0.075,-1.3323929984e-13,0
281.0,-0.01,-0.07,-1.10011559393e-13,0
281.0,-0.005,-0.075,-1.43868284808e-13,0
281.0,-0.005,-0.07,-1.19035879892e-13,0
281.0,-0.01,-0.065,-8.75752235999e-14,0
281.0,-0.005,-0.065,-9.50736675663e-14,0
281.0,-0.01,-0.06,-6.56020134787e-14,0
281.0,-0.005,-0.06,-7.16389239145e-14,0
281.0,-0.01,-0.055,-4.42370781299e-14,0
281.0,-0.005,-0.055,-4.88541305462e-14,0
281.0,-0.01,-0.05,-2.39666219597e-14,0
281.0,-0.005,-0.05,-2.7233518171e-14,0
281.0,-0.01,-0.045,-5.56315561047e-15,0
281.0,-0.005,-0.045,-7.58578720832e-15,0
281.0,-0.01,-0.04,9.98102905065e-15,0
281.0,-0.005,-0.04,9.05983438329e-15,0
281.0,-0.01,-0.035,2.14803217464e-14,0
281.0,-0.005,-0.035,2.14917739565e-14,0
281.0,-0.01,-0.03,2.94578310575e-14,0
281.0,-0.005,-0.03,3.01474343995e-14,0
281.0,-0.01,-0.025,3.53660014043e-14,0
281.0,-0.005,-0.025,3.61763802925e-14,0
281.0,-0.01,-0.02,3.90436795131e-14,0
281.0,-0.01,-0.015,4.02838397211e-14,0
281.0,-0.005,-0.02,3.94916602129e-14,0
281.0,-0.005,-0.015,3.9731110215e-14,0
281.0,-0.0117873230072,-0.0115873794689,3.99603200038e-14,0
281.0,-0.00939961996336,-0.005,3.53900609678e-14,0
281.0,-0.00792797428371,-0.00964253216809,3.75597732295e-14,0
281.0,-0.005,-0.00939961996336,3.49497313039e-14,0
281.0,-0.0108753492546,-0.00150606400588,3.58965821948e-14,0
281.0,-0.00818101620308,-0.00211452602544,3.08131275481e-14,0
281.0,-0.00651817360753,-0.000255934956239,2.35778999682e-14,0
281.0,-0.005,6.71033969428e-08,1.15263397429e-14,0
281.0,-0.0107292118043,0.00160660295843,3.5665170832e-14,0
281.0,-0.0080188992252,0.000768320427092,2.9521535722e-14,0
281.0,-0.00939946851065,0.005,3.52569119226e-14,0
281.0,-0.00802129342231,0.00264911934363,3.08002697392e-14,0
281.0,-0.00887989370213,0.00887989479405,3.74455207792e-14,0
281.0,-0.01,0.015,4.00650012527e-14,0
281.0,-0.005,0.00939947397025,3.47017301914e-14,0
281.0,-0.005,0.015,3.9488794153e-14,0
281.0,-0.01,0.02,3.89426800472e-14,0
281.0,-0.01,0.025,3.54228820292e-14,0
281.0,-0.005,0.02,3.94696861036e-14,0
281.0,-0.005,0.025,3.64860236364e-14,0
281.0,-0.01,0.03,2.96205386387e-14,0
281.0,-0.01,0.035,2.16722313978e-14,0
281.0,-0.005,0.03,3.07176372959e-14,0
281.0,-0.005,0.035,2.21491212694e-14,0
281.0,-0.01,0.04,9.99658373056e-15,0
281.0,-0.01,0.045,-6.01712927822e-15,0
281.0,-0.005,0.04,9.58920932771e-15,0
281.0,-0.005,0.045,-7.37318422322e-15,0
281.0,-0.01,0.05,-2.51205677618e-14,0
281.0,-0.01,0.055,-4.62791274554e-14,0
281.0,-0.005,0.05,-2.75187777853e-14,0
281.0,-0.005,0.055,-4.97957036292e-14,0
281.0,-0.01,0.06,-6.86775551191e-14,0
281.0,-0.01,0.065,-9.17913083195e-14,0
281.0,-0.005,0.06,-7.33615267783e-14,0
281.0,-0.005,0.065,-9.7665818769e-14,0
281.0,-0.01,0.07,-1.15446386691e-13,0
281.0,-0.01,0.075,-1.39960226902e-13,0
281.0,-0.005,0.07,-1.22555015831e-13,0
281.0,-0.005,0.075,-1.48352017783e-13,0
281.0,0,-0.075,-1.49768892925e-13,0
281.0,0,-0.07,-1.24117889888e-13,0
281.0,0.005,-0.075,-1.50587659996e-13,0
281.0,0.005,-0.07,-1.24997014924e-13,0
281.0,0,-0.065,-9.94274411704e-14,0
281.0,0.005,-0.065,-1.00386956711e-13,0
281.0,0,-0.06,-7.52981680505e-14,0
281.0,0.005,-0.06,-7.63752486361e-14,0
281.0,0,-0.055,-5.18570865333e-14,0
281.0,0.005,-0.055,-5.30589738149e-14,0
281.0,0,-0.05,-2.96115346369e-14,0
281.0,0.005,-0.05,-3.09392652007e-14,0
281.0,0,-0.045,-9.38248036433e-15,0
281.0,0.005,-0.045,-1.0822617078e-14,0
281.0,0,-0.04,7.77060944383e-15,0
281.0,0.005,-0.04,6.24309911644e-15,0
281.0,0,-0.035,2.06595601312e-14,0
281.0,0.005,-0.035,1.89619018097e-14,0
281.0,0,-0.03,2.96543038123e-14,0
281.0,0.005,-0.03,2.78564855584e-14,0
281.0,0,-0.025,3.57785424276e-14,0
281.0,0.005,-0.025,3.42751558734e-14,0
281.0,0,-0.02,3.89866397928e-14,0
281.0,0.005,-0.02,3.81136796187e-14,0
281.0,0,-0.015,3.89449829031e-14,0
281.0,0.005,-0.015,3.91366109184e-14,0
281.0,-0.0021196717084,-0.00776771017156,2.87690415754e-14,0
281.0,-0.00084550708518,-0.00631514607954,2.19928039416e-14,0
281.0,6.71033969406e-08,-0.005,1.19238637041e-14,0
281.0,-0.00139054260708,-0.0110960807567,3.54353410384e-14,0
281.0,0.00132468676756,-0.00775008274642,2.81389725316e-14,0
281.0,0.00160394440688,-0.0116908851489,3.62535169088e-14,0
281.0,0.005,-0.00939946851065,3.51974802076e-14,0
281.0,0.005,0.005,2.64779822298e-14,0
281.0,-0.000107646311398,0.00617659695633,2.09476774932e-14,0
281.0,-0.00190846935279,0.0076427502668,2.79851407374e-14,0
281.0,0.00131146485568,0.00777290068297,2.77027537923e-14,0
281.0,0.00295884413402,0.00640276348073,2.5429601399e-14,0
281.0,-1.21517769428e-05,0.0108932602996,3.45552279885e-14,0
281.0,0,0.015,3.8742019888e-14,0
281.0,0.005,0.00939942566771,3.46214255997e-14,0
281.0,0.005,0.015,3.90062583687e-14,0
281.0,0,0.02,3.91603769286e-14,0
281.0,0,0.025,3.64402098397e-14,0
281.0,0.005,0.02,3.84792683679e-14,0
281.0,0.005,0.025,3.51639332014e-14,0
281.0,0,0.03,3.07136896104e-14,0
281.0,0,0.035,2.18275462838e-14,0
281.0,0.005,0.03,2.9196606216e-14,0
281.0,0.005,0.035,2.05711200657e-14,0
281.0,0,0.04,8.88469829351e-15,0
281.0,0,0.045,-8.41738243693e-15,0
281.0,0.005,0.04,7.96228350342e-15,0
281.0,0.005,0.045,-9.0842709765e-15,0
281.0,0,0.05,-2.89401975378e-14,0
281.0,0,0.055,-5.16115798747e-14,0
281.0,0.005,0.05,-2.92975806525e-14,0
281.0,0.005,0.055,-5.16231656652e-14,0
281.0,0,0.06,-7.55822870661e-14,0
281.0,0,0.065,-1.00310049088e-13,0
281.0,0.005,0.06,-7.52283529607e-14,0
281.0,0.005,0.065,-9.95773922035e-14,0
281.0,0,0.07,-1.25633540081e-13,0
281.0,0,0.075,-1.51923366986e-13,0
281.0,0.005,0.07,-1.24535506444e-13,0
281.0,0.005,0.075,-1.50447785945e-13,0
281.0,0.01,-0.075,-1.4623265102e-13,0
281.0,0.01,-0.07,-1.21529628256e-13,0
281.0,0.015,-0.075,-1.36710480676e-13,0
281.0,0.015,-0.07,-1.13753515432e-13,0
281.0,0.01,-0.065,-9.78348367546e-14,0
281.0,0.015,-0.065,-9.17613013662e-14,0
281.0,0.01,-0.06,-7.47419163956e-14,0
281.0,0.015,-0.06,-7.0380683394e-14,0
281.0,0.01,-0.055,-5.23489921024e-14,0
281.0,0.015,-0.055,-4.96798922779e-14,0
281.0,0.01,-0.05,-3.11145720323e-14,0
281.0,0.015,-0.05,-3.00816689831e-14,0
281.0,0.01,-0.045,-1.18056685882e-14,0
281.0,0.015,-0.045,-1.22758316503e-14,0
281.0,0.01,-0.04,4.55676124021e-15,0
281.0,0.015,-0.04,2.82406433667e-15,0
281.0,0.01,-0.035,1.66840681729e-14,0
281.0,0.015,-0.035,1.404133378e-14,0
281.0,0.01,-0.03,2.52349098816e-14,0
281.0,0.015,-0.03,2.20766633872e-14,0
281.0,0.01,-0.025,3.18840617771e-14,0
281.0,0.015,-0.025,2.86391083318e-14,0
281.0,0.01,-0.02,3.65172409989e-14,0
281.0,0.01,-0.015,3.91531018624e-14,0
281.0,0.015,-0.02,3.3755432045e-14,0
281.0,0.015,-0.015,3.77248181596e-14,0
281.0,0.00999280436795,-0.0116358337096,3.95770570178e-14,0
281.0,0.0105889214373,-0.00845762197625,3.94004112151e-14,0
281.0,0.015,-0.01,4.0337448765e-14,0
281.0,0.00939947397025,-0.005,3.71368310639e-14,0
281.0,0.015,-0.005,4.15585122727e-14,0
281.0,0.00658051136513,-0.00296146438142,2.8924022062e-14,0
281.0,0.00636794669772,-3.54305826484e-06,2.4758084858e-14,0
281.0,0.00795807888052,-0.00113999998936,3.22591667513e-14,0
281.0,0.00758147027913,0.00183630393596,3.10415513e-14,0
281.0,0.0112534647756,-1.47536350887e-07,3.92341931117e-14,0
281.0,0.015,4.16333634234e-19,4.19790626435e-14,0
281.0,0.00939942566771,0.005,3.66457710497e-14,0
281.0,0.015,0.005,4.13621459424e-14,0
281.0,0.00999018807453,0.0109670628501,3.92538945407e-14,0
281.0,0.01,0.015,3.92228297449e-14,0
281.0,0.015,0.01,4.03186402416e-14,0
281.0,0.015,0.015,3.80895265627e-14,0
281.0,0.01,0.02,3.71079448054e-14,0
281.0,0.01,0.025,3.29704749064e-14,0
281.0,0.015,0.02,3.45653192767e-14,0
281.0,0.015,0.025,2.99157409572e-14,0
281.0,0.01,0.03,2.67836219e-14,0
281.0,0.01,0.035,1.86368561772e-14,0
281.0,0.015,0.03,2.38397593713e-14,0
281.0,0.015,0.035,1.6294793407e-14,0
281.0,0.01,0.04,6.81765266279e-15,0
281.0,0.01,0.045,-9.34950370389e-15,0
281.0,0.015,0.04,5.53180082029e-15,0
281.0,0.015,0.045,-9.21804874703e-15,0
281.0,0.01,0.05,-2.85688033831e-14,0
281.0,0.01,0.055,-4.98067387527e-14,0
281.0,0.015,0.05,-2.67732344604e-14,0
281.0,0.015,0.055,-4.61993125537e-14,0
281.0,0.01,0.06,-7.22670361364e-14,0
281.0,0.01,0.065,-9.5454929653e-14,0
281.0,0.015,0.06,-6.67722134278e-14,0
281.0,0.015,0.065,-8.80320836438e-14,0
281.0,0.01,0.07,-1.19231821793e-13,0
281.0,0.01,0.075,-1.43958835032e-13,0
281.0,0.015,0.07,-1.09867782896e-13,0
281.0,0.015,0.075,-1.32582911817e-13,0
281.0,0.02,-0.075,-1.22301864589e-13,0
281.0,0.02,-0.07,-1.01835858724e-13,0
281.0,0.025,-0.075,-1.03393678443e-13,0
281.0,0.025,-0.07,-8.6121554514e-14,0
281.0,0.02,-0.065,-8.22967330363e-14,0
281.0,0.025,-0.065,-6.96775153811e-14,0
281.0,0.02,-0.06,-6.3351638585e-14,0
281.0,0.025,-0.06,-5.38191538736e-14,0
281.0,0.02,-0.055,-4.50756022967e-14,0
281.0,0.025,-0.055,-3.86065353011e-14,0
281.0,0.02,-0.05,-2.78222008928e-14,0
281.0,0.025,-0.05,-2.43427544171e-14,0
281.0,0.02,-0.045,-1.21813813161e-14,0
281.0,0.025,-0.045,-1.14856517052e-14,0
281.0,0.02,-0.04,1.08007853263e-15,0
281.0,0.025,-0.04,-6.06889493867e-16,0
281.0,0.02,-0.035,1.1005627767e-14,0
281.0,0.025,-0.035,7.59267156522e-15,0
281.0,0.02,-0.03,1.82327191805e-14,0
281.0,0.025,-0.03,1.36700604862e-14,0
281.0,0.02,-0.025,2.43157909967e-14,0
281.0,0.025,-0.025,1.88517003365e-14,0
281.0,0.02,-0.02,2.93761486242e-14,0
281.0,0.025,-0.02,2.32244364055e-14,0
281.0,0.02,-0.015,3.37666545474e-14,0
281.0,0.025,-0.015,2.70399010227e-14,0
281.0,0.02,-0.01,3.72909124237e-14,0
281.0,0.025,-0.01,3.00858087315e-14,0
281.0,0.02,-0.005,3.93122889804e-14,0
281.0,0.025,-0.005,3.21109260546e-14,0
281.0,0.02,0,3.99676866115e-14,0
281.0,0.025,4.16333634234e-19,3.29256303056e-14,0
281.0,0.02,0.005,3.93382169456e-14,0
281.0,0.025,0.005,3.21329104417e-14,0
281.0,0.02,0.01,3.75099061145e-14,0
281.0,0.025,0.01,3.0260429343e-14,0
281.0,0.02,0.015,3.43139352636e-14,0
281.0,0.025,0.015,2.75408679711e-14,0
281.0,0.02,0.02,3.03040000889e-14,0
281.0,0.02,0.025,2.5698630644e-14,0
281.0,0.025,0.02,2.41091439761e-14,0
281.0,0.025,0.025,2.02022654083e-14,0
281.0,0.02,0.03,2.01411380408e-14,0
281.0,0.02,0.035,1.34862100766e-14,0
281.0,0.025,0.03,1.55966104177e-14,0
281.0,0.025,0.035,1.01695338081e-14,0
281.0,0.02,0.04,4.1158846255e-15,0
281.0,0.02,0.045,-8.68784497602e-15,0
281.0,0.025,0.04,2.58856092344e-15,0
281.0,0.025,0.045,-7.78064345592e-15,0
281.0,0.02,0.05,-2.39594064519e-14,0
281.0,0.02,0.055,-4.09003927095e-14,0
281.0,0.025,0.05,-2.01969071473e-14,0
281.0,0.025,0.055,-3.40474742843e-14,0
281.0,0.02,0.06,-5.88862600353e-14,0
281.0,0.02,0.065,-7.752608676e-14,0
281.0,0.025,0.06,-4.8839913275e-14,0
281.0,0.025,0.065,-6.42416024003e-14,0
281.0,0.02,0.07,-9.67037671572e-14,0
281.0,0.02,0.075,-1.16699638616e-13,0
281.0,0.025,0.07,-8.01558611741e-14,0
281.0,0.025,0.075,-9.67751486196e-14,0
281.0,0.03,-0.075,-8.06169174023e-14,0
281.0,0.03,-0.07,-6.70777480038e-14,0
281.0,0.035,-0.075,-5.46999934135e-14,0
281.0,0.035,-0.07,-4.53190324692e-14,0
281.0,0.03,-0.065,-5.42686861489e-14,0
281.0,0.035,-0.065,-3.65291949727e-14,0
281.0,0.03,-0.06,-4.20174688891e-14,0
281.0,0.035,-0.06,-2.82756051679e-14,0
281.0,0.03,-0.055,-3.04042704459e-14,0
281.0,0.035,-0.055,-2.06469696352e-14,0
281.0,0.03,-0.05,-1.96624177969e-14,0
281.0,0.035,-0.05,-1.38290282226e-14,0
281.0,0.03,-0.045,-1.01298451735e-14,0
281.0,0.035,-0.045,-8.03151887687e-15,0
281.0,0.03,-0.04,-2.16572906014e-15,0
281.0,0.035,-0.04,-3.43058336045e-15,0
281.0,0.03,-0.035,3.86741320271e-15,0
281.0,0.035,-0.035,-4.25639948712e-17,0
281.0,0.03,-0.03,8.43540013628e-15,0
281.0,0.035,-0.03,2.66890865123e-15,0
281.0,0.03,-0.025,1.23085955624e-14,0
281.0,0.035,-0.025,4.84877677018e-15,0
281.0,0.03,-0.02,1.55063743834e-14,0
281.0,0.035,-0.02,6.50787107317e-15,0
281.0,0.03,-0.015,1.82165047736e-14,0
281.0,0.035,-0.015,7.9473876712e-15,0
281.0,0.03,-0.01,2.03802547812e-14,0
281.0,0.035,-0.01,9.142940854e-15,0
281.0,0.03,-0.005,2.20133635366e-14,0
281.0,0.035,-0.005,1.01435579768e-14,0
281.0,0.03,0,2.2722751231e-14,0
281.0,0.035,4.16333634234e-19,1.06237720113e-14,0
281.0,0.03,0.005,2.19874370857e-14,0
281.0,0.035,0.005,1.01329127841e-14,0
281.0,0.03,0.01,2.04544365048e-14,0
281.0,0.035,0.01,9.20478325309e-15,0
281.0,0.03,0.015,1.85696195095e-14,0
281.0,0.035,0.015,8.21048699068e-15,0
281.0,0.03,0.02,1.62293168372e-14,0
281.0,0.035,0.02,7.05194556302e-15,0
281.0,0.03,0.025,1.34725168595e-14,0
281.0,0.035,0.025,5.70246465047e-15,0
281.0,0.03,0.03,1.02121788628e-14,0
281.0,0.03,0.035,6.37294631012e-15,0
281.0,0.035,0.03,4.0841799049e-15,0
281.0,0.035,0.035,2.138866496e-15,0
281.0,0.03,0.04,9.6258621274e-16,0
281.0,0.03,0.045,-6.50592348946e-15,0
281.0,0.035,0.04,-7.1339315484e-16,0
281.0,0.035,0.045,-4.86218172738e-15,0
281.0,0.03,0.05,-1.55679867492e-14,0
281.0,0.03,0.055,-2.58227267691e-14,0
281.0,0.035,0.05,-1.01618785933e-14,0
281.0,0.035,0.055,-1.64270916405e-14,0
281.0,0.03,0.06,-3.69128151041e-14,0
281.0,0.03,0.065,-4.85866011665e-14,0
281.0,0.035,0.06,-2.34488809485e-14,0
281.0,0.035,0.065,-3.1031977985e-14,0
281.0,0.03,0.07,-6.07347230579e-14,0
281.0,0.03,0.075,-7.34832894629e-14,0
281.0,0.035,0.07,-3.90660649223e-14,0
281.0,0.035,0.075,-4.75664573265e-14,0
281.0,0.04,-0.075,-2.65380788971e-14,0
281.0,0.04,-0.07,-2.15517272862e-14,0
281.0,0.045,-0.075,2.91618780639e-15,0
281.0,0.045,-0.07,3.43879896754e-15,0
281.0,0.04,-0.065,-1.70175841421e-14,0
281.0,0.045,-0.065,3.65115698105e-15,0
281.0,0.04,-0.06,-1.29900384961e-14,0
281.0,0.045,-0.06,3.37140057588e-15,0
281.0,0.04,-0.055,-9.58701946249e-15,0
281.0,0.045,-0.055,2.45831429769e-15,0
281.0,0.04,-0.05,-6.93631958402e-15,0
281.0,0.045,-0.05,8.28029704984e-16,0
281.0,0.04,-0.045,-5.13593074119e-15,0
281.0,0.045,-0.045,-1.50694769282e-15,0
281.0,0.04,-0.04,-4.16848059766e-15,0
281.0,0.045,-0.04,-4.4121456119e-15,0
281.0,0.04,-0.035,-3.80788705104e-15,0
281.0,0.045,-0.035,-7.53159080186e-15,0
281.0,0.04,-0.03,-3.65110268275e-15,0
281.0,0.045,-0.03,-1.03602157961e-14,0
281.0,0.04,-0.025,-3.61866482402e-15,0
281.0,0.045,-0.025,-1.28343439178e-14,0
281.0,0.04,-0.02,-3.63011423278e-15,0
281.0,0.045,-0.02,-1.46552200072e-14,0
281.0,0.04,-0.015,-3.57335350806e-15,0
281.0,0.045,-0.015,-1.61171868832e-14,0
281.0,0.04,-0.01,-3.43674136089e-15,0
281.0,0.045,-0.01,-1.71957431007e-14,0
281.0,0.04,-0.005,-3.14873613554e-15,0
281.0,0.045,-0.005,-1.77829769137e-14,0
281.0,0.04,0,-2.95222726119e-15,0
281.0,0.045,4.16333634234e-19,-1.79851403125e-14,0
281.0,0.04,0.005,-3.1343635326e-15,0
281.0,0.045,0.005,-1.77376283289e-14,0
281.0,0.04,0.01,-3.3593573835e-15,0
281.0,0.045,0.01,-1.7107444263e-14,0
281.0,0.04,0.015,-3.34661026688e-15,0
281.0,0.045,0.015,-1.59369094346e-14,0
281.0,0.04,0.02,-3.1785546998e-15,0
281.0,0.045,0.02,-1.42752400367e-14,0
281.0,0.04,0.025,-2.91966049143e-15,0
281.0,0.045,0.025,-1.22088749973e-14,0
281.0,0.04,0.03,-2.64077641402e-15,0
281.0,0.045,0.03,-9.77325305467e-15,0
281.0,0.04,0.035,-2.39786672989e-15,0
281.0,0.045,0.035,-7.06759879876e-15,0
281.0,0.04,0.04,-2.3288577546e-15,0
281.0,0.04,0.045,-2.80874258282e-15,0
281.0,0.045,0.04,-3.6667778786e-15,0
281.0,0.045,0.045,-2.62829564981e-16,0
281.0,0.04,0.05,-4.05519013833e-15,0
281.0,0.04,0.055,-6.09191055556e-15,0
281.0,0.045,0.05,2.65551556587e-15,0
281.0,0.045,0.055,4.93158250812e-15,0
281.0,0.04,0.06,-8.82310040267e-15,0
281.0,0.04,0.065,-1.21154119825e-14,0
281.0,0.045,0.06,6.55090216451e-15,0
281.0,0.045,0.065,7.59781198035e-15,0
281.0,0.04,0.07,-1.58347587463e-14,0
281.0,0.04,0.075,-1.9893385355e-14,0
281.0,0.045,0.07,8.22433650058e-15,0
281.0,0.045,0.075,8.6349890714e-15,0
281.0,0.05,-0.075,3.26824324743e-14,0
281.0,0.05,-0.07,2.88548432263e-14,0
281.0,0.055,-0.075,6.1818372125e-14,0
281.0,0.055,-0.07,5.39486976495e-14,0
281.0,0.05,-0.065,2.48365283991e-14,0
281.0,0.055,-0.065,4.59454023806e-14,0
281.0,0.05,-0.06,2.0315851851e-14,0
281.0,0.055,-0.06,3.73702168955e-14,0
281.0,0.05,-0.055,1.51167316195e-14,0
281.0,0.055,-0.055,2.80199155493e-14,0
281.0,0.05,-0.05,9.20509297733e-15,0
281.0,0.055,-0.05,1.78959771447e-14,0
281.0,0.05,-0.045,2.68263008023e-15,0
281.0,0.055,-0.045,7.19680085607e-15,0
281.0,0.05,-0.04,-4.18507395972e-15,0
281.0,0.055,-0.04,-3.72458055453e-15,0
281.0,0.05,-0.035,-1.09773450784e-14,0
281.0,0.055,-0.035,-1.43780576856e-14,0
281.0,0.05,-0.03,-1.72005776782e-14,0
281.0,0.055,-0.03,-2.42650087215e-14,0
281.0,0.05,-0.025,-2.25664576492e-14,0
281.0,0.055,-0.025,-3.29689007697e-14,0
281.0,0.05,-0.02,-2.68850531192e-14,0
281.0,0.055,-0.02,-4.02332626554e-14,0
281.0,0.05,-0.015,-3.03106397635e-14,0
281.0,0.055,-0.015,-4.60355425553e-14,0
281.0,0.05,-0.01,-3.28689697585e-14,0
281.0,0.055,-0.01,-5.03251207903e-14,0
281.0,0.05,-0.005,-3.44685677902e-14,0
281.0,0.055,-0.005,-5.29954408562e-14,0
281.0,0.05,0,-3.5029942403e-14,0
281.0,0.055,4.16333634234e-19,-5.39285124993e-14,0
281.0,0.05,0.005,-3.44381522316e-14,0
281.0,0.055,0.005,-5.30483852237e-14,0
281.0,0.05,0.01,-3.28303114397e-14,0
281.0,0.055,0.01,-5.04588315256e-14,0
281.0,0.05,0.015,-3.02513719225e-14,0
281.0,0.055,0.015,-4.6274355064e-14,0
281.0,0.05,0.02,-2.67565337959e-14,0
281.0,0.055,0.02,-4.05916932949e-14,0
281.0,0.05,0.025,-2.24114442376e-14,0
281.0,0.055,0.025,-3.35223235893e-14,0
281.0,0.05,0.03,-1.72663331927e-14,0
281.0,0.055,0.03,-2.51705422763e-14,0
281.0,0.05,0.035,-1.13183247543e-14,0
281.0,0.055,0.035,-1.56345229995e-14,0
281.0,0.05,0.04,-4.46162281562e-15,0
281.0,0.055,0.04,-5.04680772691e-15,0
281.0,0.05,0.045,2.77226304595e-15,0
281.0,0.055,0.045,6.08932839584e-15,0
281.0,0.05,0.05,9.819446607e-15,0
281.0,0.05,0.055,1.63537991092e-14,0
281.0,0.055,0.05,1.71988083173e-14,0
281.0,0.055,0.055,2.7871709421e-14,0
281.0,0.05,0.06,2.22504753233e-14,0
281.0,0.05,0.065,2.75354058617e-14,0
281.0,0.055,0.06,3.78725224203e-14,0
281.0,0.055,0.065,4.71768111232e-14,0
281.0,0.05,0.07,3.23832527669e-14,0
281.0,0.05,0.075,3.7117161839e-14,0
281.0,0.055,0.07,5.59743611906e-14,0
281.0,0.055,0.075,6.46983265582e-14,0
281.0,0.06,-0.075,8.95650248874e-14,0
281.0,0.06,-0.07,7.81136459928e-14,0
281.0,0.065,-0.075,1.15370071751e-13,0
281.0,0.065,-0.07,1.00994067208e-13,0
281.0,0.06,-0.065,6.6503042337e-14,0
281.0,0.065,-0.065,8.62658493718e-14,0
281.0,0.06,-0.06,5.41638860589e-14,0
281.0,0.065,-0.06,7.0503652918e-14,0
281.0,0.06,-0.055,4.08605558211e-14,0
281.0,0.065,-0.055,5.34797613863e-14,0
281.0,0.06,-0.05,2.66470416015e-14,0
281.0,0.065,-0.05,3.53025724791e-14,0
281.0,0.06,-0.045,1.17985442067e-14,0
281.0,0.065,-0.045,1.63526643437e-14,0
281.0,0.06,-0.04,-3.22853682801e-15,0
281.0,0.065,-0.04,-2.81485223595e-15,0
281.0,0.06,-0.035,-1.7880891685e-14,0
281.0,0.065,-0.035,-2.15382698287e-14,0
281.0,0.06,-0.03,-3.15805009351e-14,0
281.0,0.065,-0.03,-3.91447595585e-14,0
281.0,0.06,-0.025,-4.3825186318e-14,0
281.0,0.065,-0.025,-5.5017562923e-14,0
281.0,0.06,-0.02,-5.42415814885e-14,0
281.0,0.065,-0.02,-6.86601437237e-14,0
281.0,0.06,-0.015,-6.26244845646e-14,0
281.0,0.065,-0.015,-7.96970790461e-14,0
281.0,0.06,-0.01,-6.88055849979e-14,0
281.0,0.065,-0.01,-8.78567365502e-14,0
281.0,0.06,-0.005,-7.26420448303e-14,0
281.0,0.065,-0.005,-9.29197492556e-14,0
281.0,0.06,0,-7.40027192972e-14,0
281.0,0.065,4.16333634234e-19,-9.47538403848e-14,0
281.0,0.06,0.005,-7.28443271427e-14,0
281.0,0.065,0.005,-9.33095935159e-14,0
281.0,0.06,0.01,-6.9237929794e-14,0
281.0,0.065,0.01,-8.86617344076e-14,0
281.0,0.06,0.015,-6.33263833059e-14,0
281.0,0.065,0.015,-8.09591150936e-14,0
281.0,0.06,0.02,-5.52610021979e-14,0
281.0,0.065,0.02,-7.04272568763e-14,0
281.0,0.06,0.025,-4.52305891377e-14,0
281.0,0.065,0.025,-5.73332282114e-14,0
281.0,0.06,0.03,-3.34364366418e-14,0
281.0,0.065,0.03,-4.20166647224e-14,0
281.0,0.06,0.035,-2.01338825522e-14,0
281.0,0.065,0.035,-2.48839692558e-14,0
281.0,0.06,0.04,-5.66492135533e-15,0
281.0,0.065,0.04,-6.45279108019e-15,0
281.0,0.06,0.045,9.42948543513e-15,0
281.0,0.065,0.045,1.26490795703e-14,0
281.0,0.06,0.05,2.45595994312e-14,0
281.0,0.065,0.05,3.17538245192e-14,0
281.0,0.06,0.055,3.92224705783e-14,0
281.0,0.065,0.055,5.02758459755e-14,0
281.0,0.06,0.06,5.31037804113e-14,0
281.0,0.06,0.065,6.61163449343e-14,0
281.0,0.065,0.06,6.77958503864e-14,0
281.0,0.065,0.065,8.41674382178e-14,0
281.0,0.06,0.07,7.84690772231e-14,0
281.0,0.06,0.075,9.07111953295e-14,0
281.0,0.065,0.07,9.958171743e-14,0
281.0,0.065,0.075,1.14686209439e-13,0
281.0,0.07,-0.075,1.39160857758e-13,0
281.0,0.07,-0.07,1.22629340238e-13,0
281.0,0.075,-0.075,1.61404081194e-13,0
281.0,0.075,-0.07,1.43617917324e-13,0
281.0,0.07,-0.065,1.05313401983e-13,0
281.0,0.075,-0.065,1.24193802001e-13,0
281.0,0.07,-0.06,8.64745710264e-14,0
281.0,0.075,-0.06,1.02517003072e-13,0
281.0,0.07,-0.055,6.59215392245e-14,0
281.0,0.075,-0.055,7.85011075101e-14,0
281.0,0.07,-0.05,4.38699983194e-14,0
281.0,0.075,-0.05,5.25428297804e-14,0
281.0,0.07,-0.045,2.08210176153e-14,0
281.0,0.075,-0.045,2.52805302153e-14,0
281.0,0.07,-0.04,-2.53601661494e-15,0
281.0,0.075,-0.04,-2.42325255436e-15,0
281.0,0.07,-0.035,-2.541399168e-14,0
281.0,0.075,-0.035,-2.96249556057e-14,0
281.0,0.07,-0.03,-4.7008287453e-14,0
281.0,0.075,-0.03,-5.53735135979e-14,0
281.0,0.07,-0.025,-6.65774852758e-14,0
281.0,0.075,-0.025,-7.87627883158e-14,0
281.0,0.07,-0.02,-8.34804550176e-14,0
281.0,0.075,-0.02,-9.90367551057e-14,0
281.0,0.07,-0.015,-9.72166886238e-14,0
281.0,0.075,-0.015,-1.15531489144e-13,0
281.0,0.07,-0.01,-1.07387210319e-13,0
281.0,0.075,-0.01,-1.27789255012e-13,0
281.0,0.07,-0.005,-1.13724311168e-13,0
281.0,0.075,-0.005,-1.35421879757e-13,0
281.0,0.07,0,-1.16045057739e-13,0
281.0,0.075,0,-1.38261548291e-13,0
281.0,0.07,0.005,-1.14312495206e-13,0
281.0,0.075,0.005,-1.36204967138e-13,0
281.0,0.07,0.01,-1.0858658321e-13,0
281.0,0.075,0.01,-1.29377723237e-13,0
281.0,0.07,0.015,-9.90654405419e-14,0
281.0,0.075,0.015,-1.17961350862e-13,0
281.0,0.07,0.02,-8.60175762751e-14,0
281.0,0.075,0.02,-1.02340744762e-13,0
281.0,0.07,0.025,-6.98244609371e-14,0
281.0,0.075,0.025,-8.29481815585e-14,0
281.0,0.07,0.03,-5.09387202702e-14,0
281.0,0.075,0.03,-6.03969284582e-14,0
281.0,0.07,0.035,-2.99286247942e-14,0
281.0,0.075,0.035,-3.53719786939e-14,0
281.0,0.07,0.04,-7.4600949785e-15,0
281.0,0.075,0.04,-8.71041051964e-15,0
281.0,0.07,0.045,1.57081634439e-14,0
281.0,0.075,0.045,1.86828267214e-14,0
281.0,0.07,0.05,3.87957820612e-14,0
281.0,0.075,0.05,4.58763096708e-14,0
281.0,0.07,0.055,6.10928964246e-14,0
281.0,0.075,0.055,7.19928723884e-14,0
281.0,0.07,0.06,8.20638520173e-14,0
281.0,0.075,0.06,9.63591034258e-14,0
281.0,0.07,0.065,1.01451242566e-13,0
281.0,0.075,0.065,1.18535638726e-13,0
281.0,0.07,0.07,1.19403639821e-13,0
281.0,0.07,0.075,1.36614913671e-13,0
281.0,0.075,0.07,1.38561273665e-13,0
281.0,0.075,0.075,1.57002220302e-13,0
286.0,-0.00382671281566,-0.00202612167119,0,0
286.0,-0.005,-0.005,2.66386779915e-14,0
286.0,-0.00197892066871,-0.00385133392306,0,0
286.0,-0.005,-0.00190753787223,1.56531675773e-14,0
286.0,-0.00433,0,0,0
286.0,-0.00190753787223,-0.005,1.55646132668e-14,0
286.0,0,-0.00433,0,0
286.0,-0.005,0.00190775150599,1.56509856154e-14,0
286.0,-0.00385133392306,0.00197892066871,0,0
286.0,0.00190775150599,-0.005,1.55462644136e-14,0
286.0,0.00202612167119,-0.00382671281566,0,0
286.0,-0.00202612167119,0.00382671281566,0,0
286.0,-0.005,0.005,2.65994303517e-14,0
286.0,-0.0019094272225,0.005,1.55942868395e-14,0
286.0,0,0.00433,0,0
286.0,0.00147766755988,0.00407006125046,0,0
286.0,8.32667268469e-19,0.005,1.17984429416e-14,0
286.0,0.00433,0,0,0
286.0,0.005,1.38777878078e-18,1.1400253938e-14,0
286.0,0.00407006125046,0.00147766755988,0,0
286.0,0.005,-0.005,2.71982234632e-14,0
286.0,0.00385133392306,-0.00197892066871,0,0
286.0,0.005,-0.0019094272225,1.56825246175e-14,0
286.0,0.00306177236254,0.00306177236254,0,0
286.0,0.0019094272225,0.005,1.57462773608e-14,0
286.0,0.005,0.0019094272225,1.57343966263e-14,0
286.0,-0.000885,-0.0015328649647,1.2715191615e-12,0
286.0,-0.0015328649647,-0.000885,1.27164154358e-12,0
286.0,-0.00186450691264,-0.00187567167242,8.43024776684e-13,0
286.0,-0.00177,0,1.27133327552e-12,0
286.0,-0.00268433516245,-0.000738983120158,7.59106367036e-13,0
286.0,0,-0.00177,1.27148079643e-12,0
286.0,-0.000718432264205,-0.00269192408424,7.57400200428e-13,0
286.0,-0.0015328649647,0.000885,1.26982879758e-12,0
286.0,-0.00265321485144,0.000647311733689,7.89889310691e-13,0
286.0,-0.000885,0.0015328649647,1.26820127932e-12,0
286.0,-0.00194719253591,0.00178443766524,8.43951079448e-13,0
286.0,0,0.00177,1.26409510298e-12,0
286.0,-0.000802720381054,0.00273415977115,7.17499901668e-13,0
286.0,0.000885,-0.0015328649647,1.27016963057e-12,0
286.0,0.00075154031863,-0.00270385456952,7.45290218735e-13,0
286.0,0.00177,0,1.26243486283e-12,0
286.0,0.0015328649647,-0.000885,1.26801720195e-12,0
286.0,0.00271471102228,-0.000564731152102,7.60913984608e-13,0
286.0,0.00192394637685,-0.00189207206672,8.10095634603e-13,0
286.0,0.00231817117671,0.00040530921667,9.87910181122e-13,0
286.0,0.0015328649647,0.000885,1.26070121456e-12,0
286.0,0.000885,0.0015328649647,1.26140627523e-12,0
286.0,0.000427053001345,0.00287092483521,6.82189392121e-13,0
286.0,0.00187618296239,0.00184774001435,8.33340020619e-13,0
286.0,0.00312733402203,0.000607809752493,5.19199006234e-13,0
286.0,0.00276214303706,0.00136595635004,5.76859310551e-13,0
286.0,0.0014100336009,0.00268674970267,6.04771602635e-13,0
286.0,-0.075,-0.075,1.24049811991e-13,0
286.0,-0.07,-0.075,1.14763174384e-13,0
286.0,-0.075,-0.07,1.02580836791e-13,0
286.0,-0.07,-0.07,9.43994855985e-14,0
286.0,-0.075,-0.065,7.98002214677e-14,0
286.0,-0.07,-0.065,7.35437619213e-14,0
286.0,-0.065,-0.075,1.03934365659e-13,0
286.0,-0.065,-0.07,8.54159454646e-14,0
286.0,-0.065,-0.065,6.68659475853e-14,0
286.0,-0.075,-0.06,5.53692476316e-14,0
286.0,-0.07,-0.06,5.17182787164e-14,0
286.0,-0.065,-0.06,4.78147038755e-14,0
286.0,-0.075,-0.055,2.9435529027e-14,0
286.0,-0.07,-0.055,2.8948354061e-14,0
286.0,-0.065,-0.055,2.82255411332e-14,0
286.0,-0.075,-0.05,2.5802644678e-15,0
286.0,-0.07,-0.05,5.62520973205e-15,0
286.0,-0.065,-0.05,8.36495286476e-15,0
286.0,-0.075,-0.045,-2.44336894119e-14,0
286.0,-0.07,-0.045,-1.76372116963e-14,0
286.0,-0.065,-0.045,-1.12715356059e-14,0
286.0,-0.075,-0.04,-5.07045837779e-14,0
286.0,-0.07,-0.04,-4.01063694555e-14,0
286.0,-0.075,-0.035,-7.53332865621e-14,0
286.0,-0.07,-0.035,-6.10436301571e-14,0
286.0,-0.065,-0.04,-3.00832003503e-14,0
286.0,-0.065,-0.035,-4.74499684937e-14,0
286.0,-0.075,-0.03,-9.74995829573e-14,0
286.0,-0.07,-0.03,-7.97738523731e-14,0
286.0,-0.075,-0.025,-1.16476123644e-13,0
286.0,-0.07,-0.025,-9.57455200931e-14,0
286.0,-0.065,-0.03,-6.28449074131e-14,0
286.0,-0.065,-0.025,-7.58667375951e-14,0
286.0,-0.075,-0.02,-1.3170313154e-13,0
286.0,-0.07,-0.02,-1.08500909863e-13,0
286.0,-0.075,-0.015,-1.42692284348e-13,0
286.0,-0.07,-0.015,-1.17697538916e-13,0
286.0,-0.065,-0.02,-8.62236312495e-14,0
286.0,-0.065,-0.015,-9.36600129612e-14,0
286.0,-0.075,-0.01,-1.49147054457e-13,0
286.0,-0.07,-0.01,-1.23054883946e-13,0
286.0,-0.075,-0.005,-1.50848192159e-13,0
286.0,-0.07,-0.005,-1.24431557836e-13,0
286.0,-0.065,-0.01,-9.79729124644e-14,0
286.0,-0.065,-0.005,-9.90069806359e-14,0
286.0,-0.075,0,-1.47824235115e-13,0
286.0,-0.07,0,-1.21807470446e-13,0
286.0,-0.075,0.005,-1.40222424661e-13,0
286.0,-0.07,0.005,-1.15360761239e-13,0
286.0,-0.065,4.16333634234e-19,-9.67514296494e-14,0
286.0,-0.065,0.005,-9.13480353233e-14,0
286.0,-0.075,0.01,-1.28445466917e-13,0
286.0,-0.07,0.01,-1.05412865312e-13,0
286.0,-0.075,0.015,-1.12980582138e-13,0
286.0,-0.07,0.015,-9.24443392278e-14,0
286.0,-0.065,0.01,-8.31143969091e-14,0
286.0,-0.065,0.015,-7.24820399064e-14,0
286.0,-0.075,0.02,-9.44777118787e-14,0
286.0,-0.07,0.02,-7.69874459298e-14,0
286.0,-0.075,0.025,-7.35862659115e-14,0
286.0,-0.07,0.025,-5.96221370618e-14,0
286.0,-0.065,0.02,-5.9951428727e-14,0
286.0,-0.065,0.025,-4.59803647002e-14,0
286.0,-0.075,0.03,-5.10242274797e-14,0
286.0,-0.07,0.03,-4.09073627937e-14,0
286.0,-0.075,0.035,-2.750096115e-14,0
286.0,-0.07,0.035,-2.14270094887e-14,0
286.0,-0.065,0.03,-3.10019938595e-14,0
286.0,-0.065,0.035,-1.54352313066e-14,0
286.0,-0.075,0.04,-3.76157379556e-15,0
286.0,-0.07,0.04,-1.77951639183e-15,0
286.0,-0.075,0.045,1.94474637295e-14,0
286.0,-0.07,0.045,1.74176990325e-14,0
286.0,-0.065,0.04,2.56068786983e-16,0
286.0,-0.065,0.045,1.55602259024e-14,0
286.0,-0.075,0.05,4.14358063837e-14,0
286.0,-0.07,0.05,3.55865998156e-14,0
286.0,-0.075,0.055,6.1600589466e-14,0
286.0,-0.07,0.055,5.22592646161e-14,0
286.0,-0.065,0.05,2.9983635225e-14,0
286.0,-0.065,0.055,4.31559708857e-14,0
286.0,-0.075,0.06,7.95613748781e-14,0
286.0,-0.07,0.06,6.7153680236e-14,0
286.0,-0.075,0.065,9.51471642138e-14,0
286.0,-0.07,0.065,8.02427901564e-14,0
286.0,-0.065,0.06,5.48843056187e-14,0
286.0,-0.065,0.065,6.52281915984e-14,0
286.0,-0.075,0.07,1.08595026837e-13,0
286.0,-0.07,0.07,9.1842219234e-14,0
286.0,-0.075,0.075,1.20560035303e-13,0
286.0,-0.07,0.075,1.02708258261e-13,0
286.0,-0.065,0.07,7.45290091892e-14,0
286.0,-0.065,0.075,8.34918624162e-14,0
286.0,-0.06,-0.075,9.08132577698e-14,0
286.0,-0.06,-0.07,7.47987705318e-14,0
286.0,-0.06,-0.065,5.90144926667e-14,0
286.0,-0.055,-0.075,7.50412386191e-14,0
286.0,-0.055,-0.07,6.21353186245e-14,0
286.0,-0.055,-0.065,4.95771016298e-14,0
286.0,-0.06,-0.06,4.3038092962e-14,0
286.0,-0.06,-0.055,2.67858124513e-14,0
286.0,-0.055,-0.06,3.70015352625e-14,0
286.0,-0.055,-0.055,2.43093446983e-14,0
286.0,-0.06,-0.05,1.04537005285e-14,0
286.0,-0.055,-0.05,1.16155800763e-14,0
286.0,-0.06,-0.045,-5.57223886394e-15,0
286.0,-0.055,-0.045,-7.69865491354e-16,0
286.0,-0.06,-0.04,-2.07713299511e-14,0
286.0,-0.055,-0.04,-1.24109634597e-14,0
286.0,-0.06,-0.035,-3.46127780029e-14,0
286.0,-0.055,-0.035,-2.27933342167e-14,0
286.0,-0.06,-0.03,-4.66789350336e-14,0
286.0,-0.06,-0.025,-5.67581052193e-14,0
286.0,-0.055,-0.03,-3.15658494056e-14,0
286.0,-0.055,-0.025,-3.87274775368e-14,0
286.0,-0.06,-0.02,-6.47127018184e-14,0
286.0,-0.06,-0.015,-7.04216688949e-14,0
286.0,-0.055,-0.02,-4.43141532998e-14,0
286.0,-0.055,-0.015,-4.83119926859e-14,0
286.0,-0.06,-0.01,-7.37065392305e-14,0
286.0,-0.06,-0.005,-7.44059358488e-14,0
286.0,-0.055,-0.01,-5.06005347371e-14,0
286.0,-0.055,-0.005,-5.09526172567e-14,0
286.0,-0.06,0,-7.24734246193e-14,0
286.0,-0.06,0.005,-6.80462784822e-14,0
286.0,-0.055,4.16333634234e-19,-4.93076358535e-14,0
286.0,-0.055,0.005,-4.57849454499e-14,0
286.0,-0.06,0.01,-6.14152396561e-14,0
286.0,-0.06,0.015,-5.30174553301e-14,0
286.0,-0.055,0.01,-4.06675402947e-14,0
286.0,-0.055,0.015,-3.43893829179e-14,0
286.0,-0.06,0.02,-4.33196577662e-14,0
286.0,-0.06,0.025,-3.26842715007e-14,0
286.0,-0.055,0.02,-2.74438381576e-14,0
286.0,-0.055,0.025,-2.00336244033e-14,0
286.0,-0.06,0.03,-2.13751731659e-14,0
286.0,-0.06,0.035,-9.64775255583e-15,0
286.0,-0.055,0.03,-1.22683954915e-14,0
286.0,-0.055,0.035,-4.24640592142e-15,0
286.0,-0.06,0.04,2.18297918506e-15,0
286.0,-0.06,0.045,1.36582500898e-14,0
286.0,-0.055,0.04,3.87376944048e-15,0
286.0,-0.055,0.045,1.16128724295e-14,0
286.0,-0.06,0.05,2.43402692387e-14,0
286.0,-0.06,0.055,3.39205484295e-14,0
286.0,-0.055,0.05,1.85355190683e-14,0
286.0,-0.055,0.055,2.44167534652e-14,0
286.0,-0.06,0.06,4.22937662393e-14,0
286.0,-0.06,0.065,4.9563693142e-14,0
286.0,-0.055,0.06,2.92188474804e-14,0
286.0,-0.055,0.065,3.31007424014e-14,0
286.0,-0.06,0.07,5.6081405397e-14,0
286.0,-0.06,0.075,6.24552117469e-14,0
286.0,-0.055,0.07,3.63900447477e-14,0
286.0,-0.055,0.075,3.95862418803e-14,0
286.0,-0.05,-0.075,5.66516168684e-14,0
286.0,-0.05,-0.07,4.73328358531e-14,0
286.0,-0.045,-0.075,3.58788310698e-14,0
286.0,-0.045,-0.07,3.05457314058e-14,0
286.0,-0.05,-0.065,3.84022519282e-14,0
286.0,-0.045,-0.065,2.55634465372e-14,0
286.0,-0.05,-0.06,2.95427599738e-14,0
286.0,-0.05,-0.055,2.0630459483e-14,0
286.0,-0.045,-0.06,2.06773556909e-14,0
286.0,-0.045,-0.055,1.5744088105e-14,0
286.0,-0.05,-0.05,1.17101303021e-14,0
286.0,-0.05,-0.045,2.97327931699e-15,0
286.0,-0.045,-0.05,1.07210163555e-14,0
286.0,-0.045,-0.045,5.67451934188e-15,0
286.0,-0.05,-0.04,-5.20707822848e-15,0
286.0,-0.045,-0.04,8.06344571373e-16,0
286.0,-0.05,-0.035,-1.2309315764e-14,0
286.0,-0.045,-0.035,-3.39775819651e-15,0
286.0,-0.05,-0.03,-1.79488208474e-14,0
286.0,-0.045,-0.03,-6.35829558855e-15,0
286.0,-0.05,-0.025,-2.2372609666e-14,0
286.0,-0.045,-0.025,-8.56568695841e-15,0
286.0,-0.05,-0.02,-2.57236676434e-14,0
286.0,-0.05,-0.015,-2.80621741771e-14,0
286.0,-0.045,-0.02,-1.00216826924e-14,0
286.0,-0.045,-0.015,-1.07405223097e-14,0
286.0,-0.05,-0.01,-2.9364811503e-14,0
286.0,-0.05,-0.005,-2.93249994979e-14,0
286.0,-0.045,-0.01,-1.09096240732e-14,0
286.0,-0.045,-0.005,-1.03332577077e-14,0
286.0,-0.05,0,-2.78990066304e-14,0
286.0,-0.05,0.005,-2.5232827437e-14,0
286.0,-0.045,4.16333634234e-19,-9.05421551747e-15,0
286.0,-0.045,0.005,-7.1999082368e-15,0
286.0,-0.05,0.01,-2.15536050667e-14,0
286.0,-0.05,0.015,-1.72802652327e-14,0
286.0,-0.045,0.01,-4.94950662184e-15,0
286.0,-0.045,0.015,-2.63101325726e-15,0
286.0,-0.05,0.02,-1.29301372632e-14,0
286.0,-0.05,0.025,-8.48815519877e-15,0
286.0,-0.045,0.02,-6.37416222025e-16,0
286.0,-0.045,0.025,1.36709389453e-15,0
286.0,-0.05,0.03,-3.96389355218e-15,0
286.0,-0.05,0.035,6.50745035046e-16,0
286.0,-0.045,0.03,3.27782931255e-15,0
286.0,-0.045,0.035,5.00580039543e-15,0
286.0,-0.05,0.04,5.31513136446e-15,0
286.0,-0.05,0.045,9.43947505222e-15,0
286.0,-0.045,0.04,6.63047360007e-15,0
286.0,-0.045,0.045,7.29011433372e-15,0
286.0,-0.05,0.05,1.26110881581e-14,0
286.0,-0.05,0.055,1.46874308313e-14,0
286.0,-0.045,0.05,6.70629123801e-15,0
286.0,-0.045,0.055,4.91083849725e-15,0
286.0,-0.05,0.06,1.57372719927e-14,0
286.0,-0.05,0.065,1.59644388466e-14,0
286.0,-0.045,0.06,2.08333073778e-15,0
286.0,-0.045,0.065,-1.51430228019e-15,0
286.0,-0.05,0.07,1.56828962302e-14,0
286.0,-0.05,0.075,1.52859143478e-14,0
286.0,-0.045,0.07,-5.59170718157e-15,0
286.0,-0.045,0.075,-9.86448349453e-15,0
286.0,-0.04,-0.075,1.32050365084e-14,0
286.0,-0.04,-0.07,1.2115345918e-14,0
286.0,-0.035,-0.075,-1.0760597914e-14,0
286.0,-0.035,-0.07,-7.46968858981e-15,0
286.0,-0.04,-0.065,1.12997926573e-14,0
286.0,-0.035,-0.065,-4.01901474336e-15,0
286.0,-0.04,-0.06,1.05657647812e-14,0
286.0,-0.035,-0.06,-5.3139443149e-16,0
286.0,-0.04,-0.055,9.75130680827e-15,0
286.0,-0.035,-0.055,2.82118698668e-15,0
286.0,-0.04,-0.05,8.73345060053e-15,0
286.0,-0.04,-0.045,7.44652476459e-15,0
286.0,-0.035,-0.05,5.83560402435e-15,0
286.0,-0.035,-0.045,8.31596851288e-15,0
286.0,-0.04,-0.04,5.93389697588e-15,0
286.0,-0.04,-0.035,4.44646135954e-15,0
286.0,-0.035,-0.04,1.01130570081e-14,0
286.0,-0.035,-0.035,1.11559205389e-14,0
286.0,-0.04,-0.03,3.38916260174e-15,0
286.0,-0.035,-0.03,1.18397441653e-14,0
286.0,-0.04,-0.025,2.80975523676e-15,0
286.0,-0.035,-0.025,1.26726678273e-14,0
286.0,-0.04,-0.02,2.75430296705e-15,0
286.0,-0.035,-0.02,1.3689106721e-14,0
286.0,-0.04,-0.015,3.29747980375e-15,0
286.0,-0.035,-0.015,1.49585564724e-14,0
286.0,-0.04,-0.01,4.35060081241e-15,0
286.0,-0.04,-0.005,5.4894949137e-15,0
286.0,-0.035,-0.01,1.64383665694e-14,0
286.0,-0.035,-0.005,1.77071290863e-14,0
286.0,-0.04,0,6.64449019401e-15,0
286.0,-0.04,0.005,7.77711262662e-15,0
286.0,-0.035,4.16333634234e-19,1.86948187311e-14,0
286.0,-0.035,0.005,1.93025337736e-14,0
286.0,-0.04,0.01,8.68326231937e-15,0
286.0,-0.04,0.015,9.13882327905e-15,0
286.0,-0.035,0.01,1.94277981348e-14,0
286.0,-0.035,0.015,1.89472419011e-14,0
286.0,-0.04,0.02,9.43078905262e-15,0
286.0,-0.04,0.025,9.67701014286e-15,0
286.0,-0.035,0.02,1.8171114617e-14,0
286.0,-0.035,0.025,1.70700497737e-14,0
286.0,-0.04,0.03,9.679638526e-15,0
286.0,-0.04,0.035,9.34321091642e-15,0
286.0,-0.035,0.03,1.54754237019e-14,0
286.0,-0.035,0.035,1.32976827824e-14,0
286.0,-0.04,0.04,8.1003357754e-15,0
286.0,-0.04,0.045,5.31280855017e-15,0
286.0,-0.035,0.04,9.51816376084e-15,0
286.0,-0.035,0.045,3.4965838e-15,0
286.0,-0.04,0.05,9.91550411853e-16,0
286.0,-0.04,0.055,-4.68039867526e-15,0
286.0,-0.035,0.05,-4.41768968945e-15,0
286.0,-0.035,0.055,-1.38434785217e-14,0
286.0,-0.04,0.06,-1.14108646619e-14,0
286.0,-0.04,0.065,-1.88911699949e-14,0
286.0,-0.035,0.06,-2.43785710889e-14,0
286.0,-0.035,0.065,-3.56561783757e-14,0
286.0,-0.04,0.07,-2.6846075643e-14,0
286.0,-0.04,0.075,-3.51036018185e-14,0
286.0,-0.035,0.07,-4.74268828043e-14,0
286.0,-0.035,0.075,-5.96140339124e-14,0
286.0,-0.03,-0.075,-3.52714505563e-14,0
286.0,-0.03,-0.07,-2.76095713945e-14,0
286.0,-0.025,-0.075,-5.95013946064e-14,0
286.0,-0.025,-0.07,-4.76322796714e-14,0
286.0,-0.03,-0.065,-1.99306889706e-14,0
286.0,-0.025,-0.065,-3.58974383581e-14,0
286.0,-0.03,-0.06,-1.22760777922e-14,0
286.0,-0.025,-0.06,-2.42716956854e-14,0
286.0,-0.03,-0.055,-4.83217014114e-15,0
286.0,-0.025,-0.055,-1.2941204163e-14,0
286.0,-0.03,-0.05,2.12209171794e-15,0
286.0,-0.025,-0.05,-2.26634837944e-15,0
286.0,-0.03,-0.045,8.24428731499e-15,0
286.0,-0.025,-0.045,7.26843641502e-15,0
286.0,-0.03,-0.04,1.3176119817e-14,0
286.0,-0.03,-0.035,1.65395460916e-14,0
286.0,-0.025,-0.04,1.50988369436e-14,0
286.0,-0.025,-0.035,2.05666192105e-14,0
286.0,-0.03,-0.03,1.8831979466e-14,0
286.0,-0.03,-0.025,2.09003864414e-14,0
286.0,-0.025,-0.03,2.43135906339e-14,0
286.0,-0.025,-0.025,2.74611680411e-14,0
286.0,-0.03,-0.02,2.27543754285e-14,0
286.0,-0.025,-0.02,3.00107320257e-14,0
286.0,-0.03,-0.015,2.44151580236e-14,0
286.0,-0.025,-0.015,3.20325530392e-14,0
286.0,-0.03,-0.01,2.58548205179e-14,0
286.0,-0.025,-0.01,3.35159682888e-14,0
286.0,-0.03,-0.005,2.6992202052e-14,0
286.0,-0.025,-0.005,3.44684364628e-14,0
286.0,-0.03,0,2.77539882412e-14,0
286.0,-0.03,0.005,2.80768395662e-14,0
286.0,-0.025,4.16333634234e-19,3.50153742091e-14,0
286.0,-0.025,0.005,3.51561236491e-14,0
286.0,-0.03,0.01,2.7859264682e-14,0
286.0,-0.03,0.015,2.70266846519e-14,0
286.0,-0.025,0.01,3.47704336139e-14,0
286.0,-0.025,0.015,3.36184481145e-14,0
286.0,-0.03,0.02,2.55665814239e-14,0
286.0,-0.03,0.025,2.34255680749e-14,0
286.0,-0.025,0.02,3.16019536708e-14,0
286.0,-0.025,0.025,2.86602123634e-14,0
286.0,-0.03,0.03,2.04915209692e-14,0
286.0,-0.03,0.035,1.66903397415e-14,0
286.0,-0.025,0.03,2.46372097399e-14,0
286.0,-0.025,0.035,1.94689411168e-14,0
286.0,-0.03,0.04,1.06949375819e-14,0
286.0,-0.03,0.045,1.7779234502e-15,0
286.0,-0.025,0.04,1.15919217076e-14,0
286.0,-0.025,0.045,1.61742812558e-16,0
286.0,-0.03,0.05,-9.42960766058e-15,0
286.0,-0.03,0.055,-2.23470077797e-14,0
286.0,-0.025,0.05,-1.39411013841e-14,0
286.0,-0.025,0.055,-2.99555644743e-14,0
286.0,-0.03,0.06,-3.64391667129e-14,0
286.0,-0.03,0.065,-5.1290275706e-14,0
286.0,-0.025,0.06,-4.72291415824e-14,0
286.0,-0.025,0.065,-6.52796656407e-14,0
286.0,-0.03,0.07,-6.66541501918e-14,0
286.0,-0.03,0.075,-8.25630006196e-14,0
286.0,-0.025,0.07,-8.38810388854e-14,0
286.0,-0.025,0.075,-1.03130565871e-13,0
286.0,-0.02,-0.075,-8.25890183032e-14,0
286.0,-0.02,-0.07,-6.68078498528e-14,0
286.0,-0.015,-0.075,-1.0363483625e-13,0
286.0,-0.015,-0.07,-8.44027628704e-14,0
286.0,-0.02,-0.065,-5.13393668033e-14,0
286.0,-0.015,-0.065,-6.56423355875e-14,0
286.0,-0.02,-0.06,-3.60670597351e-14,0
286.0,-0.015,-0.06,-4.71848368435e-14,0
286.0,-0.02,-0.055,-2.11894621882e-14,0
286.0,-0.015,-0.055,-2.92158696846e-14,0
286.0,-0.02,-0.05,-7.12868516482e-15,0
286.0,-0.015,-0.05,-1.22174854413e-14,0
286.0,-0.02,-0.045,5.5074177896e-15,0
286.0,-0.015,-0.045,3.10552623749e-15,0
286.0,-0.02,-0.04,1.59690852146e-14,0
286.0,-0.015,-0.04,1.58829918484e-14,0
286.0,-0.02,-0.035,2.33673542235e-14,0
286.0,-0.015,-0.035,2.50403528464e-14,0
286.0,-0.02,-0.03,2.83783540797e-14,0
286.0,-0.02,-0.025,3.24078475616e-14,0
286.0,-0.015,-0.03,3.12040114885e-14,0
286.0,-0.015,-0.025,3.59126593688e-14,0
286.0,-0.02,-0.02,3.54307301771e-14,0
286.0,-0.02,-0.015,3.75454197641e-14,0
286.0,-0.015,-0.02,3.9079876676e-14,0
286.0,-0.015,-0.015,4.07233617903e-14,0
286.0,-0.02,-0.01,3.87838622114e-14,0
286.0,-0.015,-0.01,4.09223078962e-14,0
286.0,-0.02,-0.005,3.9305460755e-14,0
286.0,-0.015,-0.005,4.03645206655e-14,0
286.0,-0.02,0,3.95343099193e-14,0
286.0,-0.015,4.16333634234e-19,4.00535677925e-14,0
286.0,-0.02,0.005,3.96797570997e-14,0
286.0,-0.015,0.005,4.04698905449e-14,0
286.0,-0.02,0.01,3.94589842888e-14,0
286.0,-0.02,0.015,3.83632419494e-14,0
286.0,-0.015,0.01,4.11253712135e-14,0
286.0,-0.015,0.015,4.09560983328e-14,0
286.0,-0.02,0.02,3.61629614432e-14,0
286.0,-0.02,0.025,3.2748069516e-14,0
286.0,-0.015,0.02,3.92254087118e-14,0
286.0,-0.015,0.025,3.57703086628e-14,0
286.0,-0.02,0.03,2.79335555586e-14,0
286.0,-0.02,0.035,2.16841490694e-14,0
286.0,-0.015,0.03,3.04698966281e-14,0
286.0,-0.015,0.035,2.33614087659e-14,0
286.0,-0.02,0.04,1.22279744026e-14,0
286.0,-0.02,0.045,-1.29794095328e-15,0
286.0,-0.015,0.04,1.26317267444e-14,0
286.0,-0.015,0.045,-2.54954493292e-15,0
286.0,-0.02,0.05,-1.78274164905e-14,0
286.0,-0.02,0.055,-3.64456097523e-14,0
286.0,-0.015,0.05,-2.09638354109e-14,0
286.0,-0.015,0.055,-4.16040690473e-14,0
286.0,-0.02,0.06,-5.6397486761e-14,0
286.0,-0.02,0.065,-7.71597101598e-14,0
286.0,-0.015,0.06,-6.36436916256e-14,0
286.0,-0.015,0.065,-8.65122302141e-14,0
286.0,-0.02,0.07,-9.84975954883e-14,0
286.0,-0.02,0.075,-1.20599769486e-13,0
286.0,-0.015,0.07,-1.09993491544e-13,0
286.0,-0.015,0.075,-1.34305876405e-13,0
286.0,-0.01,-0.075,-1.21808632649e-13,0
286.0,-0.01,-0.07,-9.96798411352e-14,0
286.0,-0.005,-0.075,-1.36291450446e-13,0
286.0,-0.005,-0.07,-1.11972298514e-13,0
286.0,-0.01,-0.065,-7.82040743659e-14,0
286.0,-0.005,-0.065,-8.84398118554e-14,0
286.0,-0.01,-0.06,-5.71247629757e-14,0
286.0,-0.005,-0.06,-6.5408283917e-14,0
286.0,-0.01,-0.055,-3.66349891638e-14,0
286.0,-0.005,-0.055,-4.30471229786e-14,0
286.0,-0.01,-0.05,-1.72490202335e-14,0
286.0,-0.005,-0.05,-2.19033847681e-14,0
286.0,-0.01,-0.045,2.55386284549e-16,0
286.0,-0.005,-0.045,-2.80257799452e-15,0
286.0,-0.01,-0.04,1.49032578553e-14,0
286.0,-0.005,-0.04,1.32307238624e-14,0
286.0,-0.01,-0.035,2.55467267415e-14,0
286.0,-0.005,-0.035,2.50089399049e-14,0
286.0,-0.01,-0.03,3.27358089182e-14,0
286.0,-0.005,-0.03,3.30020217547e-14,0
286.0,-0.01,-0.025,3.79127456285e-14,0
286.0,-0.005,-0.025,3.83777657828e-14,0
286.0,-0.01,-0.02,4.09204347119e-14,0
286.0,-0.01,-0.015,4.15625146487e-14,0
286.0,-0.005,-0.02,4.10642273e-14,0
286.0,-0.005,-0.015,4.07068753742e-14,0
286.0,-0.0117873230072,-0.0115873794689,4.10326092661e-14,0
286.0,-0.00939961996336,-0.005,3.57839821787e-14,0
286.0,-0.00792797428371,-0.00964253216809,3.81559481726e-14,0
286.0,-0.005,-0.00939961996336,3.53511379331e-14,0
286.0,-0.0108753492546,-0.00150606400588,3.63335636751e-14,0
286.0,-0.00818101620308,-0.00211452602544,3.10042688582e-14,0
286.0,-0.00651817360753,-0.000255934956239,2.36395023892e-14,0
286.0,-0.005,6.71033969428e-08,1.15329115043e-14,0
286.0,-0.0107292118043,0.00160660295843,3.6109945426e-14,0
286.0,-0.0080188992252,0.000768320427092,2.96895513274e-14,0
286.0,-0.00939946851065,0.005,3.57035861242e-14,0
286.0,-0.00802129342231,0.00264911934363,3.10092678936e-14,0
286.0,-0.00887989370213,0.00887989479405,3.81271251758e-14,0
286.0,-0.01,0.015,4.14319635207e-14,0
286.0,-0.005,0.00939947397025,3.51452183e-14,0
286.0,-0.005,0.015,4.05251984336e-14,0
286.0,-0.01,0.02,4.08002644455e-14,0
286.0,-0.01,0.025,3.77151425083e-14,0
286.0,-0.005,0.02,4.10752914701e-14,0
286.0,-0.005,0.025,3.86284187986e-14,0
286.0,-0.01,0.03,3.22401688986e-14,0
286.0,-0.01,0.035,2.44887831715e-14,0
286.0,-0.005,0.03,3.33191952378e-14,0
286.0,-0.005,0.035,2.51126154751e-14,0
286.0,-0.01,0.04,1.280053489e-14,0
286.0,-0.01,0.045,-3.52763582887e-15,0
286.0,-0.005,0.04,1.2778173741e-14,0
286.0,-0.005,0.045,-4.18284022029e-15,0
286.0,-0.01,0.05,-2.32377355657e-14,0
286.0,-0.01,0.055,-4.52553103983e-14,0
286.0,-0.005,0.05,-2.45557395456e-14,0
286.0,-0.005,0.055,-4.72630412155e-14,0
286.0,-0.01,0.06,-6.87085115764e-14,0
286.0,-0.01,0.065,-9.30118195086e-14,0
286.0,-0.005,0.06,-7.14168363229e-14,0
286.0,-0.005,0.065,-9.64138141974e-14,0
286.0,-0.01,0.07,-1.17938151616e-13,0
286.0,-0.01,0.075,-1.43772401566e-13,0
286.0,-0.005,0.07,-1.22048231769e-13,0
286.0,-0.005,0.075,-1.48601553022e-13,0
286.0,0,-0.075,-1.46437567685e-13,0
286.0,0,-0.07,-1.20672450563e-13,0
286.0,0.005,-0.075,-1.51667259738e-13,0
286.0,0.005,-0.07,-1.25315458744e-13,0
286.0,0,-0.065,-9.58401483913e-14,0
286.0,0.005,-0.065,-9.99724880934e-14,0
286.0,0,-0.06,-7.15839564843e-14,0
286.0,0.005,-0.06,-7.52825442962e-14,0
286.0,0,-0.055,-4.80743518596e-14,0
286.0,0.005,-0.055,-5.13827715705e-14,0
286.0,0,-0.05,-2.58582960299e-14,0
286.0,0.005,-0.05,-2.88186417074e-14,0
286.0,0,-0.045,-5.78487385221e-15,0
286.0,0.005,-0.045,-8.43776325694e-15,0
286.0,0,-0.04,1.10749357943e-14,0
286.0,0.005,-0.04,8.68595241551e-15,0
286.0,0,-0.035,2.35500283427e-14,0
286.0,0.005,-0.035,2.12589469112e-14,0
286.0,0,-0.03,3.20657611309e-14,0
286.0,0.005,-0.03,2.98878373609e-14,0
286.0,0,-0.025,3.76719635627e-14,0
286.0,0.005,-0.025,3.59511623473e-14,0
286.0,0,-0.02,4.03378181196e-14,0
286.0,0.005,-0.02,3.93591802059e-14,0
286.0,0,-0.015,3.97496897557e-14,0
286.0,0.005,-0.015,3.99169878264e-14,0
286.0,-0.0021196717084,-0.00776771017156,2.89395387218e-14,0
286.0,-0.00084550708518,-0.00631514607954,2.20556502135e-14,0
286.0,6.71033969406e-08,-0.005,1.19340589002e-14,0
286.0,-0.00139054260708,-0.0110960807567,3.58703314661e-14,0
286.0,0.00132468676756,-0.00775008274642,2.82783765501e-14,0
286.0,0.00160394440688,-0.0116908851489,3.67092965282e-14,0
286.0,0.005,-0.00939946851065,3.54982476828e-14,0
286.0,0.005,0.005,2.65442294449e-14,0
286.0,-0.000107646311398,0.00617659695633,2.10063305324e-14,0
286.0,-0.00190846935279,0.0076427502668,2.81607151769e-14,0
286.0,0.00131146485568,0.00777290068297,2.78648962848e-14,0
286.0,0.00295884413402,0.00640276348073,2.55230338241e-14,0
286.0,-1.21517769428e-05,0.0108932602996,3.49985802904e-14,0
286.0,0,0.015,3.96466621043e-14,0
286.0,0.005,0.00939942566771,3.49789802985e-14,0
286.0,0.005,0.015,3.99469418684e-14,0
286.0,0,0.02,4.0674287481e-14,0
286.0,0,0.025,3.85563284347e-14,0
286.0,0.005,0.02,4.00290434955e-14,0
286.0,0.005,0.025,3.73498123006e-14,0
286.0,0,0.03,3.34057585419e-14,0
286.0,0,0.035,2.50466139724e-14,0
286.0,0.005,0.03,3.20365694933e-14,0
286.0,0.005,0.035,2.40666083404e-14,0
286.0,0,0.04,1.25391738142e-14,0
286.0,0,0.045,-4.47351800057e-15,0
286.0,0.005,0.04,1.2075751987e-14,0
286.0,0.005,0.045,-4.42280009764e-15,0
286.0,0,0.05,-2.48674329437e-14,0
286.0,0,0.055,-4.75578594138e-14,0
286.0,0.005,0.05,-2.41788295705e-14,0
286.0,0.005,0.055,-4.61399274928e-14,0
286.0,0,0.06,-7.16640423369e-14,0
286.0,0,0.065,-9.65985758883e-14,0
286.0,0.005,0.06,-6.94537344477e-14,0
286.0,0.005,0.065,-9.35483244391e-14,0
286.0,0,0.07,-1.22149534511e-13,0
286.0,0,0.075,-1.4863717899e-13,0
286.0,0.005,0.07,-1.18239595952e-13,0
286.0,0.005,0.075,-1.43815214518e-13,0
286.0,0.01,-0.075,-1.51658679615e-13,0
286.0,0.01,-0.07,-1.25553207587e-13,0
286.0,0.015,-0.075,-1.46200873377e-13,0
286.0,0.015,-0.07,-1.21231123183e-13,0
286.0,0.01,-0.065,-1.00536941238e-13,0
286.0,0.015,-0.065,-9.73524223649e-14,0
286.0,0.01,-0.06,-7.62136127411e-14,0
286.0,0.015,-0.06,-7.42092398395e-14,0
286.0,0.01,-0.055,-5.27175588068e-14,0
286.0,0.015,-0.055,-5.19017229912e-14,0
286.0,0.01,-0.05,-3.05561716745e-14,0
286.0,0.015,-0.05,-3.09058166647e-14,0
286.0,0.01,-0.045,-1.05472058518e-14,0
286.0,0.015,-0.045,-1.19724762407e-14,0
286.0,0.01,-0.04,6.24725872602e-15,0
286.0,0.015,-0.04,3.9264394555e-15,0
286.0,0.01,-0.035,1.85174552175e-14,0
286.0,0.015,-0.035,1.55615454857e-14,0
286.0,0.01,-0.03,2.70011524083e-14,0
286.0,0.015,-0.03,2.3720546488e-14,0
286.0,0.01,-0.025,3.34559329436e-14,0
286.0,0.015,-0.025,3.02448173667e-14,0
286.0,0.01,-0.02,3.7788218815e-14,0
286.0,0.01,-0.015,4.00596983272e-14,0
286.0,0.015,-0.02,3.51875952209e-14,0
286.0,0.015,-0.015,3.88927456474e-14,0
286.0,0.00999280436795,-0.0116358337096,4.02321360233e-14,0
286.0,0.0105889214373,-0.00845762197625,3.98784884786e-14,0
286.0,0.015,-0.01,4.12027933179e-14,0
286.0,0.00939947397025,-0.005,3.73646404327e-14,0
286.0,0.015,-0.005,4.21736768164e-14,0
286.0,0.00658051136513,-0.00296146438142,2.8964433546e-14,0
286.0,0.00636794669772,-3.54305826484e-06,2.47709928261e-14,0
286.0,0.00795807888052,-0.00113999998936,3.23211754351e-14,0
286.0,0.00758147027913,0.00183630393596,3.10971780848e-14,0
286.0,0.0112534647756,-1.47536350887e-07,3.94620885837e-14,0
286.0,0.015,4.16333634234e-19,4.2482728857e-14,0
286.0,0.00939942566771,0.005,3.6885141299e-14,0
286.0,0.015,0.005,4.1949451967e-14,0
286.0,0.00999018807453,0.0109670628501,3.99406966302e-14,0
286.0,0.01,0.015,4.03077412979e-14,0
286.0,0.015,0.01,4.11732635782e-14,0
286.0,0.015,0.015,3.93496581623e-14,0
286.0,0.01,0.02,3.87667622018e-14,0
286.0,0.01,0.025,3.52606539694e-14,0
286.0,0.015,0.02,3.63306638397e-14,0
286.0,0.015,0.025,3.22701858184e-14,0
286.0,0.01,0.03,2.97560510168e-14,0
286.0,0.01,0.035,2.23366022777e-14,0
286.0,0.015,0.03,2.68693649705e-14,0
286.0,0.015,0.035,2.0085363589e-14,0
286.0,0.01,0.04,1.1289831348e-14,0
286.0,0.01,0.045,-4.09780682423e-15,0
286.0,0.015,0.04,1.02025460294e-14,0
286.0,0.015,0.045,-3.58004460661e-15,0
286.0,0.01,0.05,-2.25647861089e-14,0
286.0,0.01,0.055,-4.30903513018e-14,0
286.0,0.015,0.05,-2.01321904858e-14,0
286.0,0.015,0.055,-3.85448252637e-14,0
286.0,0.01,0.06,-6.48696752675e-14,0
286.0,0.01,0.065,-8.73787135147e-14,0
286.0,0.015,0.06,-5.80942215068e-14,0
286.0,0.015,0.065,-7.82997831286e-14,0
286.0,0.01,0.07,-1.10432383326e-13,0
286.0,0.01,0.075,-1.34326696312e-13,0
286.0,0.015,0.07,-9.90060760278e-14,0
286.0,0.015,0.075,-1.20449125707e-13,0
286.0,0.02,-0.075,-1.35384388874e-13,0
286.0,0.02,-0.07,-1.12345054888e-13,0
286.0,0.025,-0.075,-1.19435219145e-13,0
286.0,0.025,-0.07,-9.91006903601e-14,0
286.0,0.02,-0.065,-9.03989130442e-14,0
286.0,0.025,-0.065,-7.97884173413e-14,0
286.0,0.02,-0.06,-6.91979518617e-14,0
286.0,0.025,-0.06,-6.12375823381e-14,0
286.0,0.02,-0.055,-4.88483888253e-14,0
286.0,0.025,-0.055,-4.35379963435e-14,0
286.0,0.02,-0.05,-2.97602242921e-14,0
286.0,0.025,-0.05,-2.70554257128e-14,0
286.0,0.02,-0.045,-1.25950293572e-14,0
286.0,0.025,-0.045,-1.23268582245e-14,0
286.0,0.02,-0.04,1.80383951392e-15,0
286.0,0.025,-0.04,-1.29089904929e-17,0
286.0,0.02,-0.035,1.24001292649e-14,0
286.0,0.025,-0.035,9.08043324605e-15,0
286.0,0.02,-0.03,1.99272569832e-14,0
286.0,0.025,-0.03,1.56098157532e-14,0
286.0,0.02,-0.025,2.61117930203e-14,0
286.0,0.025,-0.025,2.10072208273e-14,0
286.0,0.02,-0.02,3.11074313629e-14,0
286.0,0.025,-0.02,2.53955246189e-14,0
286.0,0.02,-0.015,3.53176979392e-14,0
286.0,0.025,-0.015,2.90845297455e-14,0
286.0,0.02,-0.01,3.85962003558e-14,0
286.0,0.025,-0.01,3.19139254997e-14,0
286.0,0.02,-0.005,4.03874686673e-14,0
286.0,0.025,-0.005,3.36894452083e-14,0
286.0,0.02,0,4.09144365944e-14,0
286.0,0.025,4.16333634234e-19,3.43095606006e-14,0
286.0,0.02,0.005,4.02997907959e-14,0
286.0,0.025,0.005,3.34258379186e-14,0
286.0,0.02,0.01,3.86192991443e-14,0
286.0,0.025,0.01,3.15523991985e-14,0
286.0,0.02,0.015,3.57041848063e-14,0
286.0,0.025,0.015,2.89575971437e-14,0
286.0,0.02,0.02,3.21005448965e-14,0
286.0,0.02,0.025,2.80133119506e-14,0
286.0,0.025,0.02,2.58073706097e-14,0
286.0,0.025,0.025,2.23224567521e-14,0
286.0,0.02,0.03,2.3093377018e-14,0
286.0,0.02,0.035,1.71995095432e-14,0
286.0,0.025,0.03,1.82872000335e-14,0
286.0,0.025,0.035,1.35842978974e-14,0
286.0,0.02,0.04,8.76994994516e-15,0
286.0,0.02,0.045,-2.93207555977e-15,0
286.0,0.025,0.04,6.9586470815e-15,0
286.0,0.025,0.045,-2.23086758838e-15,0
286.0,0.02,0.05,-1.70055235677e-14,0
286.0,0.02,0.055,-3.2687734602e-14,0
286.0,0.025,0.05,-1.33154725599e-14,0
286.0,0.025,0.055,-2.5726180417e-14,0
286.0,0.02,0.06,-4.93653228574e-14,0
286.0,0.02,0.065,-6.66331742895e-14,0
286.0,0.025,0.06,-3.89889122843e-14,0
286.0,0.025,0.065,-5.27668443346e-14,0
286.0,0.02,0.07,-8.43368517175e-14,0
286.0,0.02,0.075,-1.02686062967e-13,0
286.0,0.025,0.07,-6.69304350611e-14,0
286.0,0.025,0.075,-8.16069346591e-14,0
286.0,0.03,-0.075,-9.887265111e-14,0
286.0,0.03,-0.07,-8.18604858756e-14,0
286.0,0.035,-0.075,-7.43518414119e-14,0
286.0,0.035,-0.07,-6.11775534325e-14,0
286.0,0.03,-0.065,-6.57947720278e-14,0
286.0,0.035,-0.065,-4.88187251733e-14,0
286.0,0.03,-0.06,-5.04810900248e-14,0
286.0,0.035,-0.06,-3.72067339006e-14,0
286.0,0.03,-0.055,-3.60349087631e-14,0
286.0,0.035,-0.055,-2.64702700504e-14,0
286.0,0.03,-0.05,-2.27562126676e-14,0
286.0,0.035,-0.05,-1.68708249624e-14,0
286.0,0.03,-0.045,-1.1069811954e-14,0
286.0,0.035,-0.045,-8.70970315006e-15,0
286.0,0.03,-0.04,-1.4305431211e-15,0
286.0,0.035,-0.04,-2.26126771679e-15,0
286.0,0.03,-0.035,5.68392462379e-15,0
286.0,0.035,-0.035,2.35050368031e-15,0
286.0,0.03,-0.03,1.0832993167e-14,0
286.0,0.035,-0.03,5.74699939963e-15,0
286.0,0.03,-0.025,1.50025826678e-14,0
286.0,0.035,-0.025,8.26725186713e-15,0
286.0,0.03,-0.02,1.82560629324e-14,0
286.0,0.035,-0.02,9.9752852292e-15,0
286.0,0.03,-0.015,2.08479863231e-14,0
286.0,0.035,-0.015,1.12562312141e-14,0
286.0,0.03,-0.01,2.27667886588e-14,0
286.0,0.035,-0.01,1.21260717474e-14,0
286.0,0.03,-0.005,2.40823801403e-14,0
286.0,0.035,-0.005,1.26883054148e-14,0
286.0,0.03,0,2.44762544637e-14,0
286.0,0.035,4.16333634234e-19,1.26851321876e-14,0
286.0,0.03,0.005,2.3488587316e-14,0
286.0,0.035,0.005,1.17451308525e-14,0
286.0,0.03,0.01,2.1795476191e-14,0
286.0,0.035,0.01,1.04659749876e-14,0
286.0,0.03,0.015,1.98787330498e-14,0
286.0,0.035,0.015,9.25266076145e-15,0
286.0,0.03,0.02,1.76681335246e-14,0
286.0,0.035,0.02,8.04638422511e-15,0
286.0,0.03,0.025,1.52068887534e-14,0
286.0,0.035,0.025,6.83463221381e-15,0
286.0,0.03,0.03,1.24178753536e-14,0
286.0,0.03,0.035,9.23191438673e-15,0
286.0,0.035,0.03,5.55512620188e-15,0
286.0,0.035,0.035,4.15349214359e-15,0
286.0,0.03,0.04,4.7430473795e-15,0
286.0,0.03,0.045,-1.52837895914e-15,0
286.0,0.035,0.04,2.14173170219e-15,0
286.0,0.035,0.045,-8.5255432751e-16,0
286.0,0.03,0.05,-9.19113061434e-15,0
286.0,0.03,0.055,-1.78914373628e-14,0
286.0,0.035,0.05,-4.75110120238e-15,0
286.0,0.035,0.055,-9.41467755671e-15,0
286.0,0.03,0.06,-2.72986649907e-14,0
286.0,0.03,0.065,-3.71645492208e-14,0
286.0,0.035,0.06,-1.46655854127e-14,0
286.0,0.035,0.065,-2.0324329764e-14,0
286.0,0.03,0.07,-4.73580096109e-14,0
286.0,0.03,0.075,-5.79450704176e-14,0
286.0,0.035,0.07,-2.62698667528e-14,0
286.0,0.035,0.075,-3.2472290877e-14,0
286.0,0.04,-0.075,-4.67527651166e-14,0
286.0,0.04,-0.07,-3.7736499599e-14,0
286.0,0.045,-0.075,-1.70522387706e-14,0
286.0,0.045,-0.07,-1.23458399152e-14,0
286.0,0.04,-0.065,-2.93988512198e-14,0
286.0,0.045,-0.065,-8.16471667157e-15,0
286.0,0.04,-0.06,-2.17878954472e-14,0
286.0,0.045,-0.06,-4.70211443301e-15,0
286.0,0.04,-0.055,-1.50732733409e-14,0
286.0,0.045,-0.055,-2.16131192832e-15,0
286.0,0.04,-0.05,-9.46556573586e-15,0
286.0,0.045,-0.05,-7.18809607966e-16,0
286.0,0.04,-0.045,-5.16051019047e-15,0
286.0,0.045,-0.045,-4.64051420852e-16,0
286.0,0.04,-0.04,-2.2383788346e-15,0
286.0,0.045,-0.04,-1.35557060464e-15,0
286.0,0.04,-0.035,-5.56203818828e-16,0
286.0,0.045,-0.035,-3.10217777229e-15,0
286.0,0.04,-0.03,3.62354543733e-16,0
286.0,0.045,-0.03,-5.15377612957e-15,0
286.0,0.04,-0.025,7.28758978721e-16,0
286.0,0.045,-0.025,-7.35585288213e-15,0
286.0,0.04,-0.02,7.06075260879e-16,0
286.0,0.045,-0.02,-9.28777642116e-15,0
286.0,0.04,-0.015,5.13231661001e-16,0
286.0,0.045,-0.015,-1.11390131129e-14,0
286.0,0.04,-0.01,1.94726027562e-16,0
286.0,0.045,-0.01,-1.28520155798e-14,0
286.0,0.04,-0.005,-1.2279261224e-16,0
286.0,0.045,-0.005,-1.42632405309e-14,0
286.0,0.04,0,-6.37007387399e-16,0
286.0,0.045,4.16333634234e-19,-1.54595488287e-14,0
286.0,0.04,0.005,-1.51677356112e-15,0
286.0,0.045,0.005,-1.62089809812e-14,0
286.0,0.04,0.01,-2.31678002648e-15,0
286.0,0.045,0.01,-1.64124933562e-14,0
286.0,0.04,0.015,-2.7386356318e-15,0
286.0,0.045,0.015,-1.59278831073e-14,0
286.0,0.04,0.02,-2.82626136486e-15,0
286.0,0.045,0.02,-1.47645057756e-14,0
286.0,0.04,0.025,-2.62015795186e-15,0
286.0,0.045,0.025,-1.2976998478e-14,0
286.0,0.04,0.03,-2.17141574632e-15,0
286.0,0.045,0.03,-1.05806228248e-14,0
286.0,0.04,0.035,-1.52790156108e-15,0
286.0,0.045,0.035,-7.65793356033e-15,0
286.0,0.04,0.04,-7.5005842574e-16,0
286.0,0.04,0.045,-1.81628107708e-16,0
286.0,0.045,0.04,-3.74317365677e-15,0
286.0,0.045,0.045,5.49553087229e-16,0
286.0,0.04,0.05,-8.78478909275e-17,0
286.0,0.04,0.055,-5.34751715563e-16,0
286.0,0.045,0.05,4.70180674797e-15,0
286.0,0.045,0.055,8.51006214378e-15,0
286.0,0.04,0.06,-1.46700418938e-15,0
286.0,0.04,0.065,-2.77847858157e-15,0
286.0,0.045,0.06,1.19097646021e-14,0
286.0,0.045,0.065,1.49434318015e-14,0
286.0,0.04,0.07,-4.34105959517e-15,0
286.0,0.04,0.075,-6.03648916117e-15,0
286.0,0.045,0.07,1.77406756327e-14,0
286.0,0.045,0.075,2.05144198459e-14,0
286.0,0.05,-0.075,1.36931498647e-14,0
286.0,0.05,-0.07,1.41374880016e-14,0
286.0,0.055,-0.075,4.44347519829e-14,0
286.0,0.055,-0.07,4.08715156952e-14,0
286.0,0.05,-0.065,1.41925315688e-14,0
286.0,0.055,-0.065,3.70013291348e-14,0
286.0,0.05,-0.06,1.35193668492e-14,0
286.0,0.055,-0.06,3.23368845044e-14,0
286.0,0.05,-0.055,1.18653554643e-14,0
286.0,0.055,-0.055,2.65854093354e-14,0
286.0,0.05,-0.05,9.09549871677e-15,0
286.0,0.055,-0.05,1.96382265118e-14,0
286.0,0.05,-0.045,5.2058533594e-15,0
286.0,0.055,-0.045,1.15835938149e-14,0
286.0,0.05,-0.04,3.70902609522e-16,0
286.0,0.055,-0.04,2.68471535123e-15,0
286.0,0.05,-0.035,-5.04024756974e-15,0
286.0,0.055,-0.035,-6.6183757057e-15,0
286.0,0.05,-0.03,-1.05143223025e-14,0
286.0,0.055,-0.03,-1.58223523156e-14,0
286.0,0.05,-0.025,-1.56907746552e-14,0
286.0,0.055,-0.025,-2.44568792168e-14,0
286.0,0.05,-0.02,-2.02648283013e-14,0
286.0,0.055,-0.02,-3.21699788076e-14,0
286.0,0.05,-0.015,-2.42923857591e-14,0
286.0,0.055,-0.015,-3.88476563427e-14,0
286.0,0.05,-0.01,-2.77458536811e-14,0
286.0,0.055,-0.01,-4.43626270345e-14,0
286.0,0.05,-0.005,-3.04768603078e-14,0
286.0,0.055,-0.005,-4.85279683796e-14,0
286.0,0.05,0,-3.23388884042e-14,0
286.0,0.055,4.16333634234e-19,-5.11278248825e-14,0
286.0,0.05,0.005,-3.30622288972e-14,0
286.0,0.055,0.005,-5.1945055682e-14,0
286.0,0.05,0.01,-3.26385361249e-14,0
286.0,0.055,0.01,-5.09475638766e-14,0
286.0,0.05,0.015,-3.10731891067e-14,0
286.0,0.055,0.015,-4.8176686468e-14,0
286.0,0.05,0.02,-2.83842695089e-14,0
286.0,0.055,0.02,-4.36742754653e-14,0
286.0,0.05,0.025,-2.46022113801e-14,0
286.0,0.055,0.025,-3.75067460906e-14,0
286.0,0.05,0.03,-1.97525644475e-14,0
286.0,0.055,0.03,-2.97424114015e-14,0
286.0,0.05,0.035,-1.38107031659e-14,0
286.0,0.055,0.035,-2.0447614922e-14,0
286.0,0.05,0.04,-6.6273146291e-15,0
286.0,0.055,0.04,-9.71703144096e-15,0
286.0,0.05,0.045,1.32959826375e-15,0
286.0,0.055,0.045,1.98470255718e-15,0
286.0,0.05,0.05,9.48595355042e-15,0
286.0,0.05,0.055,1.74679396503e-14,0
286.0,0.055,0.05,1.40745432179e-14,0
286.0,0.055,0.055,2.60987730131e-14,0
286.0,0.05,0.06,2.50940132999e-14,0
286.0,0.05,0.065,3.23351294895e-14,0
286.0,0.055,0.06,3.7759235666e-14,0
286.0,0.055,0.065,4.89657565038e-14,0
286.0,0.05,0.07,3.93253868625e-14,0
286.0,0.05,0.075,4.6375203718e-14,0
286.0,0.055,0.07,5.98508657619e-14,0
286.0,0.055,0.075,7.08111556816e-14,0
286.0,0.06,-0.075,7.42774097952e-14,0
286.0,0.06,-0.07,6.71347424794e-14,0
286.0,0.065,-0.075,1.02523105361e-13,0
286.0,0.065,-0.07,9.24441838154e-14,0
286.0,0.06,-0.065,5.96863410815e-14,0
286.0,0.065,-0.065,8.18948304995e-14,0
286.0,0.06,-0.06,5.12946894094e-14,0
286.0,0.065,-0.06,7.01059570535e-14,0
286.0,0.06,-0.055,4.16198180221e-14,0
286.0,0.065,-0.055,5.67310364244e-14,0
286.0,0.06,-0.05,3.05957264941e-14,0
286.0,0.065,-0.05,4.17476391054e-14,0
286.0,0.06,-0.045,1.83819704957e-14,0
286.0,0.065,-0.045,2.54111215324e-14,0
286.0,0.06,-0.04,5.34129750442e-15,0
286.0,0.065,-0.04,8.17612128905e-15,0
286.0,0.06,-0.035,-8.02758308485e-15,0
286.0,0.065,-0.035,-9.35863007931e-15,0
286.0,0.06,-0.03,-2.11536837182e-14,0
286.0,0.065,-0.03,-2.6536874338e-14,0
286.0,0.06,-0.025,-3.34941323534e-14,0
286.0,0.065,-0.025,-4.27133243592e-14,0
286.0,0.06,-0.02,-4.45998457729e-14,0
286.0,0.065,-0.02,-5.7323972518e-14,0
286.0,0.06,-0.015,-5.41735920558e-14,0
286.0,0.065,-0.015,-6.99024661593e-14,0
286.0,0.06,-0.01,-6.19539267023e-14,0
286.0,0.065,-0.01,-8.0068120536e-14,0
286.0,0.06,-0.005,-6.76937422379e-14,0
286.0,0.065,-0.005,-8.74790648724e-14,0
286.0,0.06,0,-7.11416787716e-14,0
286.0,0.065,4.16333634234e-19,-9.18659538555e-14,0
286.0,0.06,0.005,-7.2115523479e-14,0
286.0,0.065,0.005,-9.30338245722e-14,0
286.0,0.06,0.01,-7.05545956808e-14,0
286.0,0.065,0.01,-9.09184214423e-14,0
286.0,0.06,0.015,-6.65023567437e-14,0
286.0,0.065,0.015,-8.55504858762e-14,0
286.0,0.06,0.02,-6.00340768361e-14,0
286.0,0.065,0.02,-7.70599286015e-14,0
286.0,0.06,0.025,-5.12788675254e-14,0
286.0,0.065,0.025,-6.56370438793e-14,0
286.0,0.06,0.03,-4.03897595174e-14,0
286.0,0.065,0.03,-5.15632686935e-14,0
286.0,0.06,0.035,-2.75843304909e-14,0
286.0,0.065,0.035,-3.52004811872e-14,0
286.0,0.06,0.04,-1.31709038545e-14,0
286.0,0.065,0.04,-1.7039542642e-14,0
286.0,0.06,0.045,2.32810058313e-15,0
286.0,0.065,0.045,2.29856834526e-15,0
286.0,0.06,0.05,1.83088242259e-14,0
286.0,0.065,0.05,2.21223540959e-14,0
286.0,0.06,0.055,3.42216107868e-14,0
286.0,0.065,0.055,4.17940035613e-14,0
286.0,0.06,0.06,4.96850202567e-14,0
286.0,0.06,0.065,6.45353600977e-14,0
286.0,0.065,0.06,6.08190679187e-14,0
286.0,0.065,0.065,7.89650043225e-14,0
286.0,0.06,0.07,7.89084306162e-14,0
286.0,0.06,0.075,9.32951121355e-14,0
286.0,0.065,0.07,9.63354379263e-14,0
286.0,0.065,0.075,1.13499542327e-13,0
286.0,0.07,-0.075,1.28958730047e-13,0
286.0,0.07,-0.07,1.16716627641e-13,0
286.0,0.075,-0.075,1.53928618154e-13,0
286.0,0.075,-0.07,1.40442879815e-13,0
286.0,0.07,-0.065,1.03600542259e-13,0
286.0,0.075,-0.065,1.25263124609e-13,0
286.0,0.07,-0.06,8.87678292595e-14,0
286.0,0.075,-0.06,1.07654737494e-13,0
286.0,0.07,-0.055,7.18939860817e-14,0
286.0,0.075,-0.055,8.73804748057e-14,0
286.0,0.07,-0.05,5.3048480345e-14,0
286.0,0.075,-0.05,6.46720750252e-14,0
286.0,0.07,-0.045,3.25955979788e-14,0
286.0,0.075,-0.045,4.00114277355e-14,0
286.0,0.07,-0.04,1.11120517243e-14,0
286.0,0.075,-0.04,1.41357824069e-14,0
286.0,0.07,-0.035,-1.06872961189e-14,0
286.0,0.075,-0.035,-1.20998798392e-14,0
286.0,0.07,-0.03,-3.20248065002e-14,0
286.0,0.075,-0.03,-3.77761753982e-14,0
286.0,0.07,-0.025,-5.21371771072e-14,0
286.0,0.075,-0.025,-6.19754655134e-14,0
286.0,0.07,-0.02,-7.0321553409e-14,0
286.0,0.075,-0.02,-8.38745182305e-14,0
286.0,0.07,-0.015,-8.59808672875e-14,0
286.0,0.075,-0.015,-1.02712000419e-13,0
286.0,0.07,-0.01,-9.85969405707e-14,0
286.0,0.075,-0.01,-1.17893943571e-13,0
286.0,0.07,-0.005,-1.07762272422e-13,0
286.0,0.075,-0.005,-1.28879856838e-13,0
286.0,0.07,0,-1.13141440775e-13,0
286.0,0.075,0,-1.35329583497e-13,0
286.0,0.07,0.005,-1.14539055766e-13,0
286.0,0.075,0.005,-1.36965546846e-13,0
286.0,0.07,0.01,-1.11863133222e-13,0
286.0,0.075,0.01,-1.33743913977e-13,0
286.0,0.07,0.015,-1.0517674217e-13,0
286.0,0.075,0.015,-1.2569260847e-13,0
286.0,0.07,0.02,-9.46342784696e-14,0
286.0,0.075,0.02,-1.13067713998e-13,0
286.0,0.07,0.025,-8.05268914163e-14,0
286.0,0.075,0.025,-9.6193875973e-14,0
286.0,0.07,0.03,-6.3236619395e-14,0
286.0,0.075,0.03,-7.56083376244e-14,0
286.0,0.07,0.035,-4.3285424103e-14,0
286.0,0.075,0.035,-5.19407123078e-14,0
286.0,0.07,0.04,-2.13132830005e-14,0
286.0,0.075,0.04,-2.60082313454e-14,0
286.0,0.07,0.045,1.91773187709e-15,0
286.0,0.075,0.045,1.2792096191e-15,0
286.0,0.07,0.05,2.55960639838e-14,0
286.0,0.075,0.05,2.89464686e-14,0
286.0,0.07,0.055,4.89496640555e-14,0
286.0,0.075,0.055,5.60466054729e-14,0
286.0,0.07,0.06,7.13596124886e-14,0
286.0,0.075,0.06,8.18086398478e-14,0
286.0,0.07,0.065,9.24703354851e-14,0
286.0,0.075,0.065,1.05683418426e-13,0
286.0,0.07,0.07,1.12330644195e-13,0
286.0,0.07,0.075,1.31539725692e-13,0
286.0,0.075,0.07,1.27597435217e-13,0
286.0,0.075,0.075,1.48012081884e-13,0
291.0,-0.00382671281566,-0.00202612167119,0,0
291.0,-0.005,-0.005,2.67309838927e-14,0
291.0,-0.00197892066871,-0.00385133392306,0,0
291.0,-0.005,-0.00190753787223,1.56673450013e-14,0
291.0,-0.00433,0,0,0
291.0,-0.00190753787223,-0.005,1.55834808565e-14,0
291.0,0,-0.00433,0,0
291.0,-0.005,0.00190775150599,1.56645673923e-14,0
291.0,-0.00385133392306,0.00197892066871,0,0
291.0,0.00190775150599,-0.005,1.55621338609e-14,0
291.0,0.00202612167119,-0.00382671281566,0,0
291.0,-0.00202612167119,0.00382671281566,0,0
291.0,-0.005,0.005,2.66981233278e-14,0
291.0,-0.0019094272225,0.005,1.56162601093e-14,0
291.0,0,0.00433,0,0
291.0,0.00147766755988,0.00407006125046,0,0
291.0,8.32667268469e-19,0.005,1.1809632825e-14,0
291.0,0.00433,0,0,0
291.0,0.005,1.38777878078e-18,1.14004896233e-14,0
291.0,0.00407006125046,0.00147766755988,0,0
291.0,0.005,-0.005,2.7254370696e-14,0
291.0,0.00385133392306,-0.00197892066871,0,0
291.0,0.005,-0.0019094272225,1.56850865358e-14,0
291.0,0.00306177236254,0.00306177236254,0,0
291.0,0.0019094272225,0.005,1.57656990776e-14,0
291.0,0.005,0.0019094272225,1.57388729985e-14,0
291.0,-0.000885,-0.0015328649647,1.2715200422e-12,0
291.0,-0.0015328649647,-0.000885,1.2716424245e-12,0
291.0,-0.00186450691264,-0.00187567167242,8.43025356027e-13,0
291.0,-0.00177,0,1.27133415576e-12,0
291.0,-0.00268433516245,-0.000738983120158,7.59106887855e-13,0
291.0,0,-0.00177,1.27148167638e-12,0
291.0,-0.000718432264205,-0.00269192408424,7.57400719872e-13,0
291.0,-0.0015328649647,0.000885,1.26982967605e-12,0
291.0,-0.00265321485144,0.000647311733689,7.89889852539e-13,0
291.0,-0.000885,0.0015328649647,1.26820215498e-12,0
291.0,-0.00194719253591,0.00178443766524,8.43951658282e-13,0
291.0,0,0.00177,1.26409597377e-12,0
291.0,-0.000802720381054,0.00273415977115,7.17500391556e-13,0
291.0,0.000885,-0.0015328649647,1.27017050878e-12,0
291.0,0.00075154031863,-0.00270385456952,7.45290729367e-13,0
291.0,0.00177,0,1.26243573241e-12,0
291.0,0.0015328649647,-0.000885,1.26801807713e-12,0
291.0,0.00271471102228,-0.000564731152102,7.60914504176e-13,0
291.0,0.00192394637685,-0.00189207206672,8.10096189611e-13,0
291.0,0.00231817117671,0.00040530921667,9.87910856226e-13,0
291.0,0.0015328649647,0.000885,1.26070208117e-12,0
291.0,0.000885,0.0015328649647,1.26140714238e-12,0
291.0,0.000427053001345,0.00287092483521,6.82189856451e-13,0
291.0,0.00187618296239,0.00184774001435,8.33340588111e-13,0
291.0,0.00312733402203,0.000607809752493,5.19199357711e-13,0
291.0,0.00276214303706,0.00136595635004,5.76859701629e-13,0
291.0,0.0014100336009,0.00268674970267,6.04772012871e-13,0
291.0,-0.075,-0.075,1.13331588026e-13,0
291.0,-0.07,-0.075,1.00018739412e-13,0
291.0,-0.075,-0.07,9.84248985766e-14,0
291.0,-0.07,-0.07,8.6190390395e-14,0
291.0,-0.075,-0.065,8.21329252363e-14,0
291.0,-0.07,-0.065,7.17407272953e-14,0
291.0,-0.065,-0.075,8.52934762963e-14,0
291.0,-0.065,-0.07,7.3304998786e-14,0
291.0,-0.065,-0.065,6.11128281692e-14,0
291.0,-0.075,-0.06,6.39322713614e-14,0
291.0,-0.07,-0.06,5.60321218097e-14,0
291.0,-0.065,-0.06,4.81114388508e-14,0
291.0,-0.075,-0.055,4.37307275939e-14,0
291.0,-0.07,-0.055,3.88783754099e-14,0
291.0,-0.065,-0.055,3.40744754915e-14,0
291.0,-0.075,-0.05,2.18441087763e-14,0
291.0,-0.07,-0.05,2.04359178803e-14,0
291.0,-0.065,-0.05,1.9057446976e-14,0
291.0,-0.075,-0.045,-1.21815453039e-15,0
291.0,-0.07,-0.045,1.09772234534e-15,0
291.0,-0.065,-0.045,3.3539748719e-15,0
291.0,-0.075,-0.04,-2.47584912714e-14,0
291.0,-0.07,-0.04,-1.85851790057e-14,0
291.0,-0.075,-0.035,-4.80250360245e-14,0
291.0,-0.07,-0.035,-3.79910832043e-14,0
291.0,-0.065,-0.04,-1.25958517529e-14,0
291.0,-0.065,-0.035,-2.8268176355e-14,0
291.0,-0.075,-0.03,-7.02566339445e-14,0
291.0,-0.07,-0.03,-5.64923549228e-14,0
291.0,-0.075,-0.025,-9.07231695181e-14,0
291.0,-0.07,-0.025,-7.35142544911e-14,0
291.0,-0.065,-0.03,-4.31581146179e-14,0
291.0,-0.065,-0.025,-5.6826880574e-14,0
291.0,-0.075,-0.02,-1.08776264419e-13,0
291.0,-0.07,-0.02,-8.85214463159e-14,0
291.0,-0.075,-0.015,-1.23791012453e-13,0
291.0,-0.07,-0.015,-1.01038841906e-13,0
291.0,-0.065,-0.02,-6.8899675712e-14,0
291.0,-0.065,-0.015,-7.90064976932e-14,0
291.0,-0.075,-0.01,-1.35261484896e-13,0
291.0,-0.07,-0.01,-1.10607025434e-13,0
291.0,-0.075,-0.005,-1.42719612704e-13,0
291.0,-0.07,-0.005,-1.1685693722e-13,0
291.0,-0.065,-0.01,-8.67887592063e-14,0
291.0,-0.065,-0.005,-9.18900439226e-14,0
291.0,-0.075,0,-1.4589728608e-13,0
291.0,-0.07,0,-1.19504400217e-13,0
291.0,-0.075,0.005,-1.44631239331e-13,0
291.0,-0.07,0.005,-1.18443851707e-13,0
291.0,-0.065,4.16333634234e-19,-9.40585122082e-14,0
291.0,-0.065,0.005,-9.31739685266e-14,0
291.0,-0.075,0.01,-1.39013857839e-13,0
291.0,-0.07,0.01,-1.1371581073e-13,0
291.0,-0.075,0.015,-1.29246535963e-13,0
291.0,-0.07,0.015,-1.05545133669e-13,0
291.0,-0.065,0.01,-8.92948112782e-14,0
291.0,-0.065,0.015,-8.26195912444e-14,0
291.0,-0.075,0.02,-1.1573893184e-13,0
291.0,-0.07,0.02,-9.42492569543e-14,0
291.0,-0.075,0.025,-9.89441117704e-14,0
291.0,-0.07,0.025,-8.02435245901e-14,0
291.0,-0.065,0.02,-7.34623016331e-14,0
291.0,-0.065,0.025,-6.21448378371e-14,0
291.0,-0.075,0.03,-7.94442508894e-14,0
291.0,-0.07,0.03,-6.39633260898e-14,0
291.0,-0.075,0.035,-5.7851666163e-14,0
291.0,-0.07,0.035,-4.59128482145e-14,0
291.0,-0.065,0.03,-4.90040024113e-14,0
291.0,-0.065,0.035,-3.43837212723e-14,0
291.0,-0.075,0.04,-3.48774754005e-14,0
291.0,-0.07,0.04,-2.66453783842e-14,0
291.0,-0.075,0.045,-1.12786983631e-14,0
291.0,-0.07,0.045,-6.78506387218e-15,0
291.0,-0.065,0.04,-1.87001313998e-14,0
291.0,-0.065,0.045,-2.45121438397e-15,0
291.0,-0.075,0.05,1.21736996501e-14,0
291.0,-0.07,0.05,1.30322482437e-14,0
291.0,-0.075,0.055,3.47470645499e-14,0
291.0,-0.07,0.055,3.22230097633e-14,0
291.0,-0.065,0.05,1.38261415131e-14,0
291.0,-0.065,0.055,2.96637079232e-14,0
291.0,-0.075,0.06,5.58800597811e-14,0
291.0,-0.07,0.06,5.03497949145e-14,0
291.0,-0.075,0.065,7.51970566293e-14,0
291.0,-0.07,0.065,6.72023545739e-14,0
291.0,-0.065,0.06,4.47272365929e-14,0
291.0,-0.065,0.065,5.89146191729e-14,0
291.0,-0.075,0.07,9.27268216634e-14,0
291.0,-0.07,0.07,8.29107688031e-14,0
291.0,-0.075,0.075,1.08929941652e-13,0
291.0,-0.07,0.075,9.8056065896e-14,0
291.0,-0.065,0.07,7.24040031057e-14,0
291.0,-0.065,0.075,8.5756069119e-14,0
291.0,-0.06,-0.075,6.85784145002e-14,0
291.0,-0.06,-0.07,5.90900236294e-14,0
291.0,-0.06,-0.065,4.96207234924e-14,0
291.0,-0.055,-0.075,4.97051775894e-14,0
291.0,-0.055,-0.07,4.32990461484e-14,0
291.0,-0.055,-0.065,3.69943254162e-14,0
291.0,-0.06,-0.06,3.96388559739e-14,0
291.0,-0.06,-0.055,2.8892060082e-14,0
291.0,-0.055,-0.06,3.03433336985e-14,0
291.0,-0.055,-0.055,2.3099529114e-14,0
291.0,-0.06,-0.05,1.73811786777e-14,0
291.0,-0.055,-0.05,1.51971141922e-14,0
291.0,-0.06,-0.045,5.30385802956e-15,0
291.0,-0.055,-0.045,6.76298815122e-15,0
291.0,-0.06,-0.04,-6.96849656571e-15,0
291.0,-0.055,-0.04,-1.91506473807e-15,0
291.0,-0.06,-0.035,-1.89832660767e-14,0
291.0,-0.055,-0.035,-1.03927137051e-14,0
291.0,-0.06,-0.03,-3.03130041995e-14,0
291.0,-0.06,-0.025,-4.06767775379e-14,0
291.0,-0.055,-0.03,-1.8262287235e-14,0
291.0,-0.055,-0.025,-2.54073509554e-14,0
291.0,-0.06,-0.02,-4.98536360352e-14,0
291.0,-0.06,-0.015,-5.76234439437e-14,0
291.0,-0.055,-0.02,-3.17696988295e-14,0
291.0,-0.055,-0.015,-3.72631275093e-14,0
291.0,-0.06,-0.01,-6.36886188879e-14,0
291.0,-0.06,-0.005,-6.77125679087e-14,0
291.0,-0.055,-0.01,-4.16977599308e-14,0
291.0,-0.055,-0.005,-4.46979868812e-14,0
291.0,-0.06,0,-6.9425185996e-14,0
291.0,-0.06,0.005,-6.87181143383e-14,0
291.0,-0.055,4.16333634234e-19,-4.59885580759e-14,0
291.0,-0.055,0.005,-4.54569911892e-14,0
291.0,-0.06,0.01,-6.56385384796e-14,0
291.0,-0.06,0.015,-6.04062307692e-14,0
291.0,-0.055,0.01,-4.31559802511e-14,0
291.0,-0.055,0.015,-3.93099996549e-14,0
291.0,-0.06,0.02,-5.33274085144e-14,0
291.0,-0.06,0.025,-4.46705599369e-14,0
291.0,-0.055,0.02,-3.42722231217e-14,0
291.0,-0.055,0.025,-2.82055646607e-14,0
291.0,-0.06,0.03,-3.46290588117e-14,0
291.0,-0.06,0.035,-2.33978494074e-14,0
291.0,-0.055,0.03,-2.11802339154e-14,0
291.0,-0.055,0.035,-1.32433999039e-14,0
291.0,-0.06,0.04,-1.12274052799e-14,0
291.0,-0.06,0.045,1.4627267005e-15,0
291.0,-0.055,0.04,-4.4727921995e-15,0
291.0,-0.055,0.045,4.73370385114e-15,0
291.0,-0.06,0.05,1.42090588523e-14,0
291.0,-0.06,0.055,2.66143466261e-14,0
291.0,-0.055,0.05,1.39256144267e-14,0
291.0,-0.055,0.055,2.27917853967e-14,0
291.0,-0.06,0.06,3.84451583341e-14,0
291.0,-0.06,0.065,4.96602141807e-14,0
291.0,-0.055,0.06,3.11724468229e-14,0
291.0,-0.055,0.065,3.90999760081e-14,0
291.0,-0.06,0.07,6.04736227163e-14,0
291.0,-0.06,0.075,7.13871147677e-14,0
291.0,-0.055,0.07,4.67938959772e-14,0
291.0,-0.055,0.075,5.46881838725e-14,0
291.0,-0.05,-0.075,2.89011523866e-14,0
291.0,-0.05,-0.07,2.60088150114e-14,0
291.0,-0.045,-0.075,6.58139228733e-15,0
291.0,-0.045,-0.07,7.52514849237e-15,0
291.0,-0.05,-0.065,2.32258014837e-14,0
291.0,-0.045,-0.065,8.52010964223e-15,0
291.0,-0.05,-0.06,2.01835188573e-14,0
291.0,-0.05,-0.055,1.66305778953e-14,0
291.0,-0.045,-0.06,9.28341022855e-15,0
291.0,-0.045,-0.055,9.56707027435e-15,0
291.0,-0.05,-0.05,1.24447453765e-14,0
291.0,-0.05,-0.045,7.64058687857e-15,0
291.0,-0.045,-0.05,9.17636827922e-15,0
291.0,-0.045,-0.045,8.0078752297e-15,0
291.0,-0.05,-0.04,2.43061024118e-15,0
291.0,-0.045,-0.04,6.10100636977e-15,0
291.0,-0.05,-0.035,-2.75336614376e-15,0
291.0,-0.045,-0.035,3.79061954366e-15,0
291.0,-0.05,-0.03,-7.40738607829e-15,0
291.0,-0.045,-0.03,1.82470684954e-15,0
291.0,-0.05,-0.025,-1.15847187139e-14,0
291.0,-0.045,-0.025,1.69703018981e-17,0
291.0,-0.05,-0.02,-1.53342287413e-14,0
291.0,-0.05,-0.015,-1.86648905616e-14,0
291.0,-0.045,-0.02,-1.57165335018e-15,0
291.0,-0.045,-0.015,-2.88123578141e-15,0
291.0,-0.05,-0.01,-2.1551196592e-14,0
291.0,-0.05,-0.005,-2.3561511424e-14,0
291.0,-0.045,-0.01,-4.17870894698e-15,0
291.0,-0.045,-0.005,-5.14729636356e-15,0
291.0,-0.05,0,-2.4437077769e-14,0
291.0,-0.05,0.005,-2.41090166313e-14,0
291.0,-0.045,4.16333634234e-19,-5.60757223564e-15,0
291.0,-0.045,0.005,-5.50971307666e-15,0
291.0,-0.05,0.01,-2.25921109965e-14,0
291.0,-0.05,0.015,-2.00935422885e-14,0
291.0,-0.045,0.01,-4.86133444055e-15,0
291.0,-0.045,0.015,-3.78541858078e-15,0
291.0,-0.05,0.02,-1.70108826605e-14,0
291.0,-0.05,0.025,-1.33469558967e-14,0
291.0,-0.045,0.02,-2.53589030614e-15,0
291.0,-0.045,0.025,-8.68395489354e-16,0
291.0,-0.05,0.03,-9.09400364119e-15,0
291.0,-0.05,0.035,-4.20547962413e-15,0
291.0,-0.045,0.03,1.15791930938e-15,0
291.0,-0.045,0.035,3.48146808593e-15,0
291.0,-0.05,0.04,1.38347256213e-15,0
291.0,-0.05,0.045,7.21759317528e-15,0
291.0,-0.045,0.04,6.3077015928e-15,0
291.0,-0.045,0.045,8.93251459258e-15,0
291.0,-0.05,0.05,1.28586077151e-14,0
291.0,-0.05,0.055,1.80665922047e-14,0
291.0,-0.045,0.05,1.10051995712e-14,0
291.0,-0.045,0.055,1.24597305757e-14,0
291.0,-0.05,0.06,2.27970268178e-14,0
291.0,-0.05,0.065,2.71457788571e-14,0
291.0,-0.045,0.06,1.33731827482e-14,0
291.0,-0.045,0.065,1.3922330621e-14,0
291.0,-0.05,0.07,3.13488484159e-14,0
291.0,-0.05,0.075,3.57789838436e-14,0
291.0,-0.045,0.07,1.43524873808e-14,0
291.0,-0.045,0.075,1.4966200699e-14,0
291.0,-0.04,-0.075,-1.66297770116e-14,0
291.0,-0.04,-0.07,-1.16847660112e-14,0
291.0,-0.035,-0.075,-4.00181898474e-14,0
291.0,-0.035,-0.07,-3.10506855682e-14,0
291.0,-0.04,-0.065,-6.78061015209e-15,0
291.0,-0.035,-0.065,-2.22367132293e-14,0
291.0,-0.04,-0.06,-2.11157963103e-15,0
291.0,-0.035,-0.06,-1.36887893238e-14,0
291.0,-0.04,-0.055,2.07255213659e-15,0
291.0,-0.035,-0.055,-5.64776823656e-15,0
291.0,-0.04,-0.05,5.51421830716e-15,0
291.0,-0.04,-0.045,7.9873227875e-15,0
291.0,-0.035,-0.05,1.56038990386e-15,0
291.0,-0.035,-0.045,7.59040473687e-15,0
291.0,-0.04,-0.04,9.37331816735e-15,0
291.0,-0.04,-0.035,9.739974066e-15,0
291.0,-0.035,-0.04,1.21314801215e-14,0
291.0,-0.035,-0.035,1.4928153716e-14,0
291.0,-0.04,-0.03,9.67055570104e-15,0
291.0,-0.035,-0.03,1.65677813653e-14,0
291.0,-0.04,-0.025,9.57302674832e-15,0
291.0,-0.035,-0.025,1.79101507691e-14,0
291.0,-0.04,-0.02,9.5289473933e-15,0
291.0,-0.035,-0.02,1.90245262435e-14,0
291.0,-0.04,-0.015,9.69787397637e-15,0
291.0,-0.035,-0.015,2.00476654789e-14,0
291.0,-0.04,-0.01,9.97308072441e-15,0
291.0,-0.04,-0.005,1.00054041285e-14,0
291.0,-0.035,-0.01,2.09894723177e-14,0
291.0,-0.035,-0.005,2.14978972894e-14,0
291.0,-0.04,0,9.91394477967e-15,0
291.0,-0.04,0.005,9.80924628394e-15,0
291.0,-0.035,4.16333634234e-19,2.16365674625e-14,0
291.0,-0.035,0.005,2.14343633999e-14,0
291.0,-0.04,0.01,9.62216431891e-15,0
291.0,-0.04,0.015,9.28738240583e-15,0
291.0,-0.035,0.01,2.09056893768e-14,0
291.0,-0.035,0.015,2.0027666247e-14,0
291.0,-0.04,0.02,9.17773012621e-15,0
291.0,-0.04,0.025,9.39943619935e-15,0
291.0,-0.035,0.02,1.91469908838e-14,0
291.0,-0.035,0.025,1.8290963952e-14,0
291.0,-0.04,0.03,9.80516511679e-15,0
291.0,-0.04,0.035,1.03162774431e-14,0
291.0,-0.035,0.03,1.73264048799e-14,0
291.0,-0.035,0.035,1.61805162389e-14,0
291.0,-0.04,0.04,1.05613789459e-14,0
291.0,-0.04,0.045,9.97202289195e-15,0
291.0,-0.035,0.04,1.40508394321e-14,0
291.0,-0.035,0.045,1.03467670979e-14,0
291.0,-0.04,0.05,8.44954516498e-15,0
291.0,-0.04,0.055,6.0860843012e-15,0
291.0,-0.035,0.05,5.27568971091e-15,0
291.0,-0.035,0.055,-8.80169772731e-16,0
291.0,-0.04,0.06,3.0872477685e-15,0
291.0,-0.04,0.065,-2.97590487928e-16,0
291.0,-0.035,0.06,-7.78945160159e-15,0
291.0,-0.035,0.065,-1.5126386232e-14,0
291.0,-0.04,0.07,-3.8098914837e-15,0
291.0,-0.04,0.075,-7.21928689797e-15,0
291.0,-0.035,0.07,-2.26295857225e-14,0
291.0,-0.035,0.075,-3.01398041034e-14,0
291.0,-0.03,-0.075,-6.27981880471e-14,0
291.0,-0.03,-0.07,-4.9935011424e-14,0
291.0,-0.025,-0.075,-8.41535445472e-14,0
291.0,-0.025,-0.07,-6.76849820031e-14,0
291.0,-0.03,-0.065,-3.73599080434e-14,0
291.0,-0.025,-0.065,-5.16286112007e-14,0
291.0,-0.03,-0.06,-2.50896491511e-14,0
291.0,-0.025,-0.06,-3.59366095573e-14,0
291.0,-0.03,-0.055,-1.33703553314e-14,0
291.0,-0.025,-0.055,-2.08435148386e-14,0
291.0,-0.03,-0.05,-2.58861179088e-15,0
291.0,-0.025,-0.05,-6.80697050323e-15,0
291.0,-0.03,-0.045,6.77455967094e-15,0
291.0,-0.025,-0.045,5.56654725777e-15,0
291.0,-0.03,-0.04,1.42081367929e-14,0
291.0,-0.03,-0.035,1.91725376852e-14,0
291.0,-0.025,-0.04,1.55815533551e-14,0
291.0,-0.025,-0.035,2.24409653395e-14,0
291.0,-0.03,-0.03,2.23476520766e-14,0
291.0,-0.03,-0.025,2.49045208012e-14,0
291.0,-0.025,-0.03,2.69449291766e-14,0
291.0,-0.025,-0.025,3.05090589016e-14,0
291.0,-0.03,-0.02,2.68940103386e-14,0
291.0,-0.025,-0.02,3.31745687363e-14,0
291.0,-0.03,-0.015,2.84006340369e-14,0
291.0,-0.025,-0.015,3.50745145974e-14,0
291.0,-0.03,-0.01,2.9460527379e-14,0
291.0,-0.025,-0.01,3.62661736048e-14,0
291.0,-0.03,-0.005,3.00706897906e-14,0
291.0,-0.025,-0.005,3.68418656691e-14,0
291.0,-0.03,0,3.02661451033e-14,0
291.0,-0.03,0.005,3.00937178597e-14,0
291.0,-0.025,4.16333634234e-19,3.70262610934e-14,0
291.0,-0.025,0.005,3.69098701278e-14,0
291.0,-0.03,0.01,2.95474121032e-14,0
291.0,-0.03,0.015,2.86238468208e-14,0
291.0,-0.025,0.01,3.64435143523e-14,0
291.0,-0.025,0.015,3.54324118137e-14,0
291.0,-0.03,0.02,2.73399362319e-14,0
291.0,-0.03,0.025,2.56730651498e-14,0
291.0,-0.025,0.02,3.38020025434e-14,0
291.0,-0.025,0.025,3.15005524788e-14,0
291.0,-0.03,0.03,2.35456634706e-14,0
291.0,-0.03,0.035,2.09080643033e-14,0
291.0,-0.025,0.03,2.83983655977e-14,0
291.0,-0.025,0.035,2.44520969527e-14,0
291.0,-0.03,0.04,1.66292306414e-14,0
291.0,-0.03,0.045,1.0022997598e-14,0
291.0,-0.025,0.04,1.82743063449e-14,0
291.0,-0.025,0.045,9.03736659092e-15,0
291.0,-0.03,0.05,1.57693512511e-15,0
291.0,-0.03,0.055,-8.22794800545e-15,0
291.0,-0.025,0.05,-2.51185199694e-15,0
291.0,-0.025,0.055,-1.57013099294e-14,0
291.0,-0.03,0.06,-1.89202506999e-14,0
291.0,-0.03,0.065,-3.01047048665e-14,0
291.0,-0.025,0.06,-2.99268709308e-14,0
291.0,-0.025,0.065,-4.47157517078e-14,0
291.0,-0.03,0.07,-4.15067461727e-14,0
291.0,-0.03,0.075,-5.30519210498e-14,0
291.0,-0.025,0.07,-5.97967877858e-14,0
291.0,-0.025,0.075,-7.51566526032e-14,0
291.0,-0.02,-0.075,-1.03308309001e-13,0
291.0,-0.02,-0.07,-8.36406857041e-14,0
291.0,-0.015,-0.075,-1.19498384238e-13,0
291.0,-0.015,-0.07,-9.71962271233e-14,0
291.0,-0.02,-0.065,-6.45287921554e-14,0
291.0,-0.015,-0.065,-7.55566587619e-14,0
291.0,-0.02,-0.06,-4.58336641875e-14,0
291.0,-0.015,-0.06,-5.44010634719e-14,0
291.0,-0.02,-0.055,-2.7799220145e-14,0
291.0,-0.015,-0.055,-3.39561178884e-14,0
291.0,-0.02,-0.05,-1.09313106986e-14,0
291.0,-0.015,-0.05,-1.47776627861e-14,0
291.0,-0.02,-0.045,4.05660420476e-15,0
291.0,-0.015,-0.045,2.34199327279e-15,0
291.0,-0.02,-0.04,1.63072169742e-14,0
291.0,-0.015,-0.04,1.64489659207e-14,0
291.0,-0.02,-0.035,2.48265955253e-14,0
291.0,-0.015,-0.035,2.64003151426e-14,0
291.0,-0.02,-0.03,3.04287878775e-14,0
291.0,-0.02,-0.025,3.47559615444e-14,0
291.0,-0.015,-0.03,3.29489969436e-14,0
291.0,-0.015,-0.025,3.77947005919e-14,0
291.0,-0.02,-0.02,3.7821338748e-14,0
291.0,-0.02,-0.015,3.97853555357e-14,0
291.0,-0.015,-0.02,4.08884228447e-14,0
291.0,-0.015,-0.015,4.23081283586e-14,0
291.0,-0.02,-0.01,4.07532186975e-14,0
291.0,-0.015,-0.01,4.22067917588e-14,0
291.0,-0.02,-0.005,4.09755625758e-14,0
291.0,-0.015,-0.005,4.13674165413e-14,0
291.0,-0.02,0,4.0973986938e-14,0
291.0,-0.015,4.16333634234e-19,4.08951571035e-14,0
291.0,-0.02,0.005,4.10368883826e-14,0
291.0,-0.015,0.005,4.13504747467e-14,0
291.0,-0.02,0.01,4.09276592083e-14,0
291.0,-0.02,0.015,4.01554296209e-14,0
291.0,-0.015,0.01,4.2262593477e-14,0
291.0,-0.015,0.015,4.25472522473e-14,0
291.0,-0.02,0.02,3.84866510939e-14,0
291.0,-0.02,0.025,3.58139210539e-14,0
291.0,-0.015,0.02,4.14406478455e-14,0
291.0,-0.015,0.025,3.87737272506e-14,0
291.0,-0.02,0.03,3.19699862595e-14,0
291.0,-0.02,0.035,2.69350011691e-14,0
291.0,-0.015,0.03,3.4431777796e-14,0
291.0,-0.015,0.035,2.84578391726e-14,0
291.0,-0.02,0.04,1.9067307802e-14,0
291.0,-0.02,0.045,7.50282119265e-15,0
291.0,-0.015,0.04,1.91143986605e-14,0
291.0,-0.015,0.045,5.55723776887e-15,0
291.0,-0.02,0.05,-6.80402462044e-15,0
291.0,-0.02,0.055,-2.30087288599e-14,0
291.0,-0.015,0.05,-1.10758527758e-14,0
291.0,-0.015,0.055,-2.9828538818e-14,0
291.0,-0.02,0.06,-4.03918552459e-14,0
291.0,-0.02,0.065,-5.84238890934e-14,0
291.0,-0.015,0.06,-4.98915868948e-14,0
291.0,-0.015,0.065,-7.06796737077e-14,0
291.0,-0.02,0.07,-7.68199074967e-14,0
291.0,-0.02,0.075,-9.5653925681e-14,0
291.0,-0.015,0.07,-9.19205881551e-14,0
291.0,-0.015,0.075,-1.13730846472e-13,0
291.0,-0.01,-0.075,-1.32095701651e-13,0
291.0,-0.01,-0.07,-1.07788831721e-13,0
291.0,-0.005,-0.075,-1.40522967779e-13,0
291.0,-0.005,-0.07,-1.14970848899e-13,0
291.0,-0.01,-0.065,-8.42662554637e-14,0
291.0,-0.005,-0.065,-9.02660443789e-14,0
291.0,-0.01,-0.06,-6.12729948541e-14,0
291.0,-0.005,-0.06,-6.61418156507e-14,0
291.0,-0.01,-0.055,-3.90432504452e-14,0
291.0,-0.005,-0.055,-4.280790088e-14,0
291.0,-0.01,-0.05,-1.81534463179e-14,0
291.0,-0.005,-0.05,-2.08615574397e-14,0
291.0,-0.01,-0.045,5.49896077882e-16,0
291.0,-0.005,-0.045,-1.17815284274e-15,0
291.0,-0.01,-0.04,1.60314017527e-14,0
291.0,-0.005,-0.04,1.51811934127e-14,0
291.0,-0.01,-0.035,2.71109433176e-14,0
291.0,-0.005,-0.035,2.70176819038e-14,0
291.0,-0.01,-0.03,3.44377982996e-14,0
291.0,-0.005,-0.03,3.48834714718e-14,0
291.0,-0.01,-0.025,3.95582973294e-14,0
291.0,-0.005,-0.025,4.00000345471e-14,0
291.0,-0.01,-0.02,4.23448661421e-14,0
291.0,-0.01,-0.015,4.26617110117e-14,0
291.0,-0.005,-0.02,4.23151758593e-14,0
291.0,-0.005,-0.015,4.15296233593e-14,0
291.0,-0.0117873230072,-0.0115873794689,4.20548672816e-14,0
291.0,-0.00939961996336,-0.005,3.6167903368e-14,0
291.0,-0.00792797428371,-0.00964253216809,3.87018832107e-14,0
291.0,-0.005,-0.00939961996336,3.57080864363e-14,0
291.0,-0.0108753492546,-0.00150606400588,3.67407366856e-14,0
291.0,-0.00818101620308,-0.00211452602544,3.11846914851e-14,0
291.0,-0.00651817360753,-0.000255934956239,2.36946057293e-14,0
291.0,-0.005,6.71033969428e-08,1.15386675164e-14,0
291.0,-0.0107292118043,0.00160660295843,3.64899271703e-14,0
291.0,-0.0080188992252,0.000768320427092,2.98354688853e-14,0
291.0,-0.00939946851065,0.005,3.60729291865e-14,0
291.0,-0.00802129342231,0.00264911934363,3.11839429882e-14,0
291.0,-0.00887989370213,0.00887989479405,3.87193604424e-14,0
291.0,-0.01,0.015,4.27285273566e-14,0
291.0,-0.005,0.00939947397025,3.55586700659e-14,0
291.0,-0.005,0.015,4.15476591414e-14,0
291.0,-0.01,0.02,4.27596890317e-14,0
291.0,-0.01,0.025,4.04483246101e-14,0
291.0,-0.005,0.02,4.27402708527e-14,0
291.0,-0.005,0.025,4.09834480422e-14,0
291.0,-0.01,0.03,3.58559875087e-14,0
291.0,-0.01,0.035,2.90901086759e-14,0
291.0,-0.005,0.03,3.64168140668e-14,0
291.0,-0.005,0.035,2.89800265253e-14,0
291.0,-0.01,0.04,1.85056054823e-14,0
291.0,-0.01,0.045,3.3770543437e-15,0
291.0,-0.005,0.04,1.73956327775e-14,0
291.0,-0.005,0.045,1.1479524294e-15,0
291.0,-0.01,0.05,-1.50846139794e-14,0
291.0,-0.01,0.055,-3.58329245726e-14,0
291.0,-0.005,0.05,-1.85735931655e-14,0
291.0,-0.005,0.055,-4.06994833599e-14,0
291.0,-0.01,0.06,-5.79983217982e-14,0
291.0,-0.01,0.065,-8.0968513389e-14,0
291.0,-0.005,0.06,-6.4325519817e-14,0
291.0,-0.005,0.065,-8.88121118149e-14,0
291.0,-0.01,0.07,-1.04461784052e-13,0
291.0,-0.01,0.075,-1.28673431976e-13,0
291.0,-0.005,0.07,-1.13899398832e-13,0
291.0,-0.005,0.075,-1.39800823296e-13,0
291.0,0,-0.075,-1.44416133638e-13,0
291.0,0,-0.07,-1.18383612477e-13,0
291.0,0.005,-0.075,-1.43494806792e-13,0
291.0,0.005,-0.07,-1.17829955386e-13,0
291.0,0,-0.065,-9.32698176552e-14,0
291.0,0.005,-0.065,-9.30844994056e-14,0
291.0,0,-0.06,-6.87540842648e-14,0
291.0,0.005,-0.06,-6.89551669172e-14,0
291.0,0,-0.055,-4.50470853668e-14,0
291.0,0.005,-0.055,-4.56194700762e-14,0
291.0,0,-0.05,-2.27336165677e-14,0
291.0,0.005,-0.05,-2.36480098913e-14,0
291.0,0,-0.045,-2.69096018975e-15,0
291.0,0.005,-0.045,-3.89663699048e-15,0
291.0,0,-0.04,1.39960160458e-14,0
291.0,0.005,-0.04,1.25712960028e-14,0
291.0,0,-0.035,2.61594965288e-14,0
291.0,0.005,-0.035,2.44815937984e-14,0
291.0,0,-0.03,3.42669777376e-14,0
291.0,0.005,-0.03,3.24499671655e-14,0
291.0,0,-0.025,3.94125209848e-14,0
291.0,0.005,-0.025,3.78857327475e-14,0
291.0,0,-0.02,4.1585917171e-14,0
291.0,0.005,-0.02,4.07109729441e-14,0
291.0,0,-0.015,4.0495356691e-14,0
291.0,0.005,-0.015,4.07261710133e-14,0
291.0,-0.0021196717084,-0.00776771017156,2.90929581958e-14,0
291.0,-0.00084550708518,-0.00631514607954,2.21129159626e-14,0
291.0,6.71033969406e-08,-0.005,1.19434285613e-14,0
291.0,-0.00139054260708,-0.0110960807567,3.62633608775e-14,0
291.0,0.00132468676756,-0.00775008274642,2.84110344513e-14,0
291.0,0.00160394440688,-0.0116908851489,3.71468570468e-14,0
291.0,0.005,-0.00939946851065,3.57998698218e-14,0
291.0,0.005,0.005,2.66179975947e-14,0
291.0,-0.000107646311398,0.00617659695633,2.1062726439e-14,0
291.0,-0.00190846935279,0.0076427502668,2.8327117206e-14,0
291.0,0.00131146485568,0.00777290068297,2.80218267066e-14,0
291.0,0.00295884413402,0.00640276348073,2.56168124097e-14,0
291.0,-1.21517769428e-05,0.0108932602996,3.54229784817e-14,0
291.0,0,0.015,4.05091862494e-14,0
291.0,0.005,0.00939942566771,3.5332236349e-14,0
291.0,0.005,0.015,4.08114550577e-14,0
291.0,0,0.02,4.2110266788e-14,0
291.0,0,0.025,4.05521585875e-14,0
291.0,0.005,0.02,4.13636766281e-14,0
291.0,0.005,0.025,3.90896323361e-14,0
291.0,0,0.03,3.59267383723e-14,0
291.0,0,0.035,2.80348688046e-14,0
291.0,0.005,0.03,3.40561190891e-14,0
291.0,0.005,0.035,2.62220315407e-14,0
291.0,0,0.04,1.58930120254e-14,0
291.0,0,0.045,-9.22209155563e-16,0
291.0,0.005,0.04,1.41872136744e-14,0
291.0,0.005,0.045,-2.66114351073e-15,0
291.0,0,0.05,-2.13020203979e-14,0
291.0,0,0.055,-4.41436340573e-14,0
291.0,0.005,0.05,-2.30676220351e-14,0
291.0,0.005,0.055,-4.5937677821e-14,0
291.0,0,0.06,-6.85296111236e-14,0
291.0,0,0.065,-9.38239125245e-14,0
291.0,0.005,0.06,-7.03600564601e-14,0
291.0,0.005,0.065,-9.57038692563e-14,0
291.0,0,0.07,-1.19763511983e-13,0
291.0,0,0.075,-1.46621806287e-13,0
291.0,0.005,0.07,-1.21736961475e-13,0
291.0,0.005,0.075,-1.48722824904e-13,0
291.0,0.01,-0.075,-1.37736850723e-13,0
291.0,0.01,-0.07,-1.1323152758e-13,0
291.0,0.015,-0.075,-1.27220527507e-13,0
291.0,0.015,-0.07,-1.04689194913e-13,0
291.0,0.01,-0.065,-8.96521233199e-14,0
291.0,0.015,-0.065,-8.30217596184e-14,0
291.0,0.01,-0.06,-6.66719909507e-14,0
291.0,0.015,-0.06,-6.19417466676e-14,0
291.0,0.01,-0.055,-4.44644772178e-14,0
291.0,0.015,-0.055,-4.15878907386e-14,0
291.0,0.01,-0.05,-2.3551795393e-14,0
291.0,0.015,-0.05,-2.24387191961e-14,0
291.0,0.01,-0.045,-4.74164431766e-15,0
291.0,0.015,-0.045,-5.21961034717e-15,0
291.0,0.01,-0.04,1.09353890713e-14,0
291.0,0.015,-0.04,9.15292817024e-15,0
291.0,0.01,-0.035,2.22193984871e-14,0
291.0,0.015,-0.035,1.95365400516e-14,0
291.0,0.01,-0.03,2.9860119933e-14,0
291.0,0.015,-0.03,2.67219508948e-14,0
291.0,0.01,-0.025,3.55797877679e-14,0
291.0,0.015,-0.025,3.24506435735e-14,0
291.0,0.01,-0.02,3.928043874e-14,0
291.0,0.01,-0.015,4.10104449977e-14,0
291.0,0.015,-0.02,3.67632728685e-14,0
291.0,0.015,-0.015,3.99783534708e-14,0
291.0,0.00999280436795,-0.0116358337096,4.08770679684e-14,0
291.0,0.0105889214373,-0.00845762197625,4.03251900707e-14,0
291.0,0.015,-0.01,4.19371410932e-14,0
291.0,0.00939947397025,-0.005,3.75798563875e-14,0
291.0,0.015,-0.005,4.27203169411e-14,0
291.0,0.00658051136513,-0.00296146438142,2.9004443337e-14,0
291.0,0.00636794669772,-3.54305826484e-06,2.47874573494e-14,0
291.0,0.00795807888052,-0.00113999998936,3.23881658712e-14,0
291.0,0.00758147027913,0.00183630393596,3.1167660284e-14,0
291.0,0.0112534647756,-1.47536350887e-07,3.97146078538e-14,0
291.0,0.015,4.16333634234e-19,4.30289783798e-14,0
291.0,0.00939942566771,0.005,3.71711484757e-14,0
291.0,0.015,0.005,4.26877884584e-14,0
291.0,0.00999018807453,0.0109670628501,4.06698089236e-14,0
291.0,0.01,0.015,4.13517356487e-14,0
291.0,0.015,0.01,4.22303561071e-14,0
291.0,0.015,0.015,4.0743426622e-14,0
291.0,0.01,0.02,4.01608440056e-14,0
291.0,0.01,0.025,3.68912061629e-14,0
291.0,0.015,0.02,3.7968921731e-14,0
291.0,0.015,0.025,3.39913352448e-14,0
291.0,0.01,0.03,3.14465297271e-14,0
291.0,0.01,0.035,2.38816660923e-14,0
291.0,0.015,0.03,2.84489006873e-14,0
291.0,0.015,0.035,2.12616223527e-14,0
291.0,0.01,0.04,1.23569888296e-14,0
291.0,0.01,0.045,-3.95270533821e-15,0
291.0,0.015,0.04,1.05057688541e-14,0
291.0,0.015,0.045,-4.74561125328e-15,0
291.0,0.01,0.05,-2.37466249185e-14,0
291.0,0.01,0.055,-4.59393645843e-14,0
291.0,0.015,0.05,-2.32758211809e-14,0
291.0,0.015,0.055,-4.40836919496e-14,0
291.0,0.01,0.06,-6.96503697157e-14,0
291.0,0.01,0.065,-9.42873302737e-14,0
291.0,0.015,0.06,-6.63522150507e-14,0
291.0,0.015,0.065,-8.95225871098e-14,0
291.0,0.01,0.07,-1.19620034482e-13,0
291.0,0.01,0.075,-1.45943430799e-13,0
291.0,0.015,0.07,-1.13397922706e-13,0
291.0,0.015,0.075,-1.38229331848e-13,0
291.0,0.02,-0.075,-1.12284423644e-13,0
291.0,0.02,-0.07,-9.24269368139e-14,0
291.0,0.025,-0.075,-9.33661675559e-14,0
291.0,0.025,-0.07,-7.683486135e-14,0
291.0,0.02,-0.065,-7.33773496295e-14,0
291.0,0.025,-0.065,-6.0999956393e-14,0
291.0,0.02,-0.06,-5.48767073427e-14,0
291.0,0.025,-0.06,-4.56850371851e-14,0
291.0,0.02,-0.055,-3.70629112226e-14,0
291.0,0.025,-0.055,-3.10052434952e-14,0
291.0,0.02,-0.05,-2.03393935174e-14,0
291.0,0.025,-0.05,-1.73039641543e-14,0
291.0,0.02,-0.045,-5.32463059147e-15,0
291.0,0.025,-0.045,-5.06390186387e-15,0
291.0,0.02,-0.04,7.21428814931e-15,0
291.0,0.025,-0.04,5.14373403404e-15,0
291.0,0.02,-0.035,1.63589748507e-14,0
291.0,0.025,-0.035,1.26520120421e-14,0
291.0,0.02,-0.03,2.28277469517e-14,0
291.0,0.025,-0.03,1.80909988935e-14,0
291.0,0.02,-0.025,2.82020120171e-14,0
291.0,0.025,-0.025,2.27100553599e-14,0
291.0,0.02,-0.02,3.26154655392e-14,0
291.0,0.025,-0.02,2.66110346182e-14,0
291.0,0.02,-0.015,3.64358276814e-14,0
291.0,0.025,-0.015,3.00581783161e-14,0
291.0,0.02,-0.01,3.95130554143e-14,0
291.0,0.025,-0.01,3.28913755063e-14,0
291.0,0.02,-0.005,4.12797574541e-14,0
291.0,0.025,-0.005,3.48623760573e-14,0
291.0,0.02,0,4.19272319257e-14,0
291.0,0.025,4.16333634234e-19,3.57854163296e-14,0
291.0,0.02,0.005,4.15706040168e-14,0
291.0,0.025,0.005,3.52969711922e-14,0
291.0,0.02,0.01,4.02329320908e-14,0
291.0,0.025,0.01,3.38517134016e-14,0
291.0,0.02,0.015,3.76275276241e-14,0
291.0,0.025,0.015,3.1585336511e-14,0
291.0,0.02,0.02,3.41911513912e-14,0
291.0,0.02,0.025,3.00667593876e-14,0
291.0,0.025,0.02,2.85754084438e-14,0
291.0,0.025,0.025,2.49783742835e-14,0
291.0,0.02,0.03,2.48353588138e-14,0
291.0,0.02,0.035,1.83108741312e-14,0
291.0,0.025,0.03,2.05056482741e-14,0
291.0,0.025,0.035,1.49922655568e-14,0
291.0,0.02,0.04,8.66131235082e-15,0
291.0,0.02,0.045,-4.99800749658e-15,0
291.0,0.025,0.04,6.85888219087e-15,0
291.0,0.025,0.045,-4.70227956115e-15,0
291.0,0.02,0.05,-2.16412842006e-14,0
291.0,0.02,0.055,-4.0385242992e-14,0
291.0,0.025,0.05,-1.88645126029e-14,0
291.0,0.025,0.055,-3.49150233672e-14,0
291.0,0.02,0.06,-6.05033135776e-14,0
291.0,0.02,0.065,-8.15037012942e-14,0
291.0,0.025,0.06,-5.22502629106e-14,0
291.0,0.025,0.065,-7.0433210174e-14,0
291.0,0.02,0.07,-1.03188068018e-13,0
291.0,0.02,0.075,-1.25798141833e-13,0
291.0,0.025,0.07,-8.92892696736e-14,0
291.0,0.025,0.075,-1.08979508383e-13,0
291.0,0.03,-0.075,-7.1123266894e-14,0
291.0,0.03,-0.07,-5.84101580688e-14,0
291.0,0.035,-0.075,-4.62947509281e-14,0
291.0,0.035,-0.07,-3.77775081976e-14,0
291.0,0.03,-0.065,-4.62856171556e-14,0
291.0,0.035,-0.065,-2.97075344631e-14,0
291.0,0.03,-0.06,-3.46351105371e-14,0
291.0,0.035,-0.06,-2.20745283698e-14,0
291.0,0.03,-0.055,-2.35823033885e-14,0
291.0,0.035,-0.055,-1.49983726047e-14,0
291.0,0.03,-0.05,-1.3392018313e-14,0
291.0,0.035,-0.05,-8.68373376611e-15,0
291.0,0.03,-0.045,-4.41901438242e-15,0
291.0,0.035,-0.045,-3.34973652458e-15,0
291.0,0.03,-0.04,2.97423765252e-15,0
291.0,0.035,-0.04,8.27667923168e-16,0
291.0,0.03,-0.035,8.44447632769e-15,0
291.0,0.035,-0.035,3.83380554138e-15,0
291.0,0.03,-0.03,1.25154531057e-14,0
291.0,0.035,-0.03,6.21721368823e-15,0
291.0,0.03,-0.025,1.59902813376e-14,0
291.0,0.035,-0.025,8.17509629124e-15,0
291.0,0.03,-0.02,1.89080524489e-14,0
291.0,0.035,-0.02,9.75569750748e-15,0
291.0,0.03,-0.015,2.14622640785e-14,0
291.0,0.035,-0.015,1.12502528828e-14,0
291.0,0.03,-0.01,2.36173082567e-14,0
291.0,0.035,-0.01,1.26456118652e-14,0
291.0,0.03,-0.005,2.53828301738e-14,0
291.0,0.035,-0.005,1.39732367384e-14,0
291.0,0.03,0,2.63485469628e-14,0
291.0,0.035,4.16333634234e-19,1.48783978218e-14,0
291.0,0.03,0.005,2.59778944129e-14,0
291.0,0.035,0.005,1.48534447145e-14,0
291.0,0.03,0.01,2.48585932696e-14,0
291.0,0.035,0.01,1.4375417101e-14,0
291.0,0.03,0.015,2.33681984104e-14,0
291.0,0.035,0.015,1.37650283291e-14,0
291.0,0.03,0.02,2.1342633991e-14,0
291.0,0.035,0.02,1.286258745e-14,0
291.0,0.03,0.025,1.87559449584e-14,0
291.0,0.035,0.025,1.15826225618e-14,0
291.0,0.03,0.03,1.54585010253e-14,0
291.0,0.03,0.035,1.13320979914e-14,0
291.0,0.035,0.03,9.78697432063e-15,0
291.0,0.035,0.035,7.37785403027e-15,0
291.0,0.03,0.04,5.11861499402e-15,0
291.0,0.03,0.045,-3.84680167357e-15,0
291.0,0.035,0.04,3.4966065679e-15,0
291.0,0.035,0.045,-2.41982832004e-15,0
291.0,0.03,0.05,-1.49940489547e-14,0
291.0,0.03,0.055,-2.78067121604e-14,0
291.0,0.035,0.05,-1.00980322725e-14,0
291.0,0.035,0.055,-1.92293605268e-14,0
291.0,0.03,0.06,-4.18089132876e-14,0
291.0,0.03,0.065,-5.66428313329e-14,0
291.0,0.035,0.06,-2.94820371552e-14,0
291.0,0.035,0.065,-4.05510407719e-14,0
291.0,0.03,0.07,-7.21207901437e-14,0
291.0,0.03,0.075,-8.83457611046e-14,0
291.0,0.035,0.07,-5.22492077821e-14,0
291.0,0.035,0.075,-6.45675362574e-14,0
291.0,0.04,-0.075,-1.9755855314e-14,0
291.0,0.04,-0.07,-1.56314235695e-14,0
291.0,0.045,-0.075,7.58128637274e-15,0
291.0,0.045,-0.07,7.27830847679e-15,0
291.0,0.04,-0.065,-1.18180133865e-14,0
291.0,0.045,-0.065,6.79607280034e-15,0
291.0,0.04,-0.06,-8.40100659404e-15,0
291.0,0.045,-0.06,5.93810808092e-15,0
291.0,0.04,-0.055,-5.51513392007e-15,0
291.0,0.045,-0.055,4.56103499746e-15,0
291.0,0.04,-0.05,-3.29485001161e-15,0
291.0,0.045,-0.05,2.58666591509e-15,0
291.0,0.04,-0.045,-1.83805673455e-15,0
291.0,0.045,-0.045,3.70906067885e-17,0
291.0,0.04,-0.04,-1.12628423383e-15,0
291.0,0.045,-0.04,-2.94648066656e-15,0
291.0,0.04,-0.035,-9.42021257737e-16,0
291.0,0.045,-0.035,-6.01409567887e-15,0
291.0,0.04,-0.03,-8.88267889475e-16,0
291.0,0.045,-0.03,-8.68005084416e-15,0
291.0,0.04,-0.025,-8.52898196531e-16,0
291.0,0.045,-0.025,-1.08647780194e-14,0
291.0,0.04,-0.02,-7.2673823372e-16,0
291.0,0.045,-0.02,-1.22989515903e-14,0
291.0,0.04,-0.015,-3.96320740617e-16,0
291.0,0.045,-0.015,-1.32486993945e-14,0
291.0,0.04,-0.01,1.53030002103e-16,0
291.0,0.045,-0.01,-1.36817407977e-14,0
291.0,0.04,-0.005,9.74662721819e-16,0
291.0,0.045,-0.005,-1.35145264311e-14,0
291.0,0.04,0,1.79821464498e-15,0
291.0,0.045,4.16333634234e-19,-1.28579429253e-14,0
291.0,0.04,0.005,2.23294204859e-15,0
291.0,0.045,0.005,-1.17927722152e-14,0
291.0,0.04,0.01,2.53752640538e-15,0
291.0,0.045,0.01,-1.05034655066e-14,0
291.0,0.04,0.015,2.96898264294e-15,0
291.0,0.045,0.015,-8.83664813298e-15,0
291.0,0.04,0.02,3.38000242599e-15,0
291.0,0.045,0.02,-6.90341924953e-15,0
291.0,0.04,0.025,3.64766319667e-15,0
291.0,0.045,0.025,-4.85300719901e-15,0
291.0,0.04,0.03,3.64025259891e-15,0
291.0,0.045,0.03,-2.78333991322e-15,0
291.0,0.04,0.035,3.26071546454e-15,0
291.0,0.045,0.035,-8.48610175114e-16,0
291.0,0.04,0.04,2.09664391069e-15,0
291.0,0.04,0.045,-3.77783356848e-16,0
291.0,0.045,0.04,1.12931047733e-15,0
291.0,0.045,0.045,2.36024223025e-15,0
291.0,0.04,0.05,-4.24358347619e-15,0
291.0,0.04,0.055,-9.39848976897e-15,0
291.0,0.045,0.05,2.47561046987e-15,0
291.0,0.045,0.055,1.43888359448e-15,0
291.0,0.04,0.06,-1.56220018924e-14,0
291.0,0.04,0.065,-2.26701002816e-14,0
291.0,0.045,0.06,-6.39920743623e-16,0
291.0,0.045,0.065,-3.56143262499e-15,0
291.0,0.04,0.07,-3.03273712789e-14,0
291.0,0.04,0.075,-3.84822793856e-14,0
291.0,0.045,0.07,-7.0896790268e-15,0
291.0,0.045,0.075,-1.09874009545e-14,0
291.0,0.05,-0.075,3.48045771798e-14,0
291.0,0.05,-0.07,3.02112666643e-14,0
291.0,0.055,-0.075,6.10560920553e-14,0
291.0,0.055,-0.07,5.24949370787e-14,0
291.0,0.05,-0.065,2.55436800328e-14,0
291.0,0.055,-0.065,4.38985811037e-14,0
291.0,0.05,-0.06,2.04918713082e-14,0
291.0,0.055,-0.06,3.48474674026e-14,0
291.0,0.05,-0.055,1.48919930742e-14,0
291.0,0.055,-0.055,2.51645623648e-14,0
291.0,0.05,-0.05,8.72774309137e-15,0
291.0,0.055,-0.05,1.48795557097e-14,0
291.0,0.05,-0.045,2.11831703268e-15,0
291.0,0.055,-0.045,4.2166303427e-15,0
291.0,0.05,-0.04,-4.65776553598e-15,0
291.0,0.055,-0.04,-6.45467387833e-15,0
291.0,0.05,-0.035,-1.11815287558e-14,0
291.0,0.055,-0.035,-1.66410516287e-14,0
291.0,0.05,-0.03,-1.69756600669e-14,0
291.0,0.055,-0.03,-2.58557746214e-14,0
291.0,0.05,-0.025,-2.17669496365e-14,0
291.0,0.055,-0.025,-3.37045897762e-14,0
291.0,0.05,-0.02,-2.53975996862e-14,0
291.0,0.055,-0.02,-3.99610010613e-14,0
291.0,0.05,-0.015,-2.80143880079e-14,0
291.0,0.055,-0.015,-4.46159640205e-14,0
291.0,0.05,-0.01,-2.96406633481e-14,0
291.0,0.055,-0.01,-4.7634539319e-14,0
291.0,0.05,-0.005,-3.02047166282e-14,0
291.0,0.055,-0.005,-4.89456059118e-14,0
291.0,0.05,0,-2.96680379405e-14,0
291.0,0.055,4.16333634234e-19,-4.84931600962e-14,0
291.0,0.05,0.005,-2.80370219096e-14,0
291.0,0.055,0.005,-4.63114138638e-14,0
291.0,0.05,0.01,-2.55667935895e-14,0
291.0,0.055,0.01,-4.26165272794e-14,0
291.0,0.05,0.015,-2.23502801805e-14,0
291.0,0.055,0.015,-3.76006075606e-14,0
291.0,0.05,0.02,-1.85038085193e-14,0
291.0,0.055,0.02,-3.1435379808e-14,0
291.0,0.05,0.025,-1.41585456891e-14,0
291.0,0.055,0.025,-2.43082671117e-14,0
291.0,0.05,0.03,-9.43527347881e-15,0
291.0,0.055,0.03,-1.63994102874e-14,0
291.0,0.05,0.035,-4.41285712383e-15,0
291.0,0.055,0.035,-7.88887692381e-15,0
291.0,0.05,0.04,8.6315528178e-16,0
291.0,0.055,0.04,1.0022081452e-15,0
291.0,0.05,0.045,5.79835600201e-15,0
291.0,0.055,0.045,9.74189721625e-15,0
291.0,0.05,0.05,9.90939136868e-15,0
291.0,0.05,0.055,1.29862759925e-14,0
291.0,0.055,0.05,1.78169398401e-14,0
291.0,0.055,0.055,2.49244938473e-14,0
291.0,0.05,0.06,1.50295071189e-14,0
291.0,0.05,0.065,1.61830053812e-14,0
291.0,0.055,0.06,3.09547682452e-14,0
291.0,0.055,0.065,3.60058309318e-14,0
291.0,0.05,0.07,1.67131892067e-14,0
291.0,0.05,0.075,1.69827382307e-14,0
291.0,0.055,0.07,4.03653177702e-14,0
291.0,0.055,0.075,4.45188822303e-14,0
291.0,0.06,-0.075,8.56733439527e-14,0
291.0,0.06,-0.07,7.3607422759e-14,0
291.0,0.065,-0.075,1.08200665268e-13,0
291.0,0.065,-0.07,9.32781298373e-14,0
291.0,0.06,-0.065,6.1463103737e-14,0
291.0,0.065,-0.065,7.80704735351e-14,0
291.0,0.06,-0.06,4.87057880259e-14,0
291.0,0.065,-0.06,6.19451639746e-14,0
291.0,0.06,-0.055,3.51389657394e-14,0
291.0,0.065,-0.055,4.47252569741e-14,0
291.0,0.06,-0.05,2.08553760429e-14,0
291.0,0.065,-0.05,2.65668340364e-14,0
291.0,0.06,-0.045,6.16274263085e-15,0
291.0,0.065,-0.045,7.89145327135e-15,0
291.0,0.06,-0.04,-8.45971727662e-15,0
291.0,0.065,-0.04,-1.07177193213e-14,0
291.0,0.06,-0.035,-2.24512923567e-14,0
291.0,0.065,-0.035,-2.85852211606e-14,0
291.0,0.06,-0.03,-3.52409250147e-14,0
291.0,0.065,-0.03,-4.5042504027e-14,0
291.0,0.06,-0.025,-4.63481492058e-14,0
291.0,0.065,-0.025,-5.94914576154e-14,0
291.0,0.06,-0.02,-5.54290713154e-14,0
291.0,0.065,-0.02,-7.14685051243e-14,0
291.0,0.06,-0.015,-6.23089223554e-14,0
291.0,0.065,-0.015,-8.0639268243e-14,0
291.0,0.06,-0.01,-6.68554418784e-14,0
291.0,0.065,-0.01,-8.67865606665e-14,0
291.0,0.06,-0.005,-6.89794849424e-14,0
291.0,0.065,-0.005,-8.97627096824e-14,0
291.0,0.06,0,-6.86292768273e-14,0
291.0,0.065,4.16333634234e-19,-8.95284573273e-14,0
291.0,0.06,0.005,-6.58673827289e-14,0
291.0,0.065,0.005,-8.61464976964e-14,0
291.0,0.06,0.01,-6.08780450967e-14,0
291.0,0.065,0.01,-7.98108341391e-14,0
291.0,0.06,0.015,-5.39033735914e-14,0
291.0,0.065,0.015,-7.07848627898e-14,0
291.0,0.06,0.02,-4.51863998448e-14,0
291.0,0.065,0.02,-5.93993087414e-14,0
291.0,0.06,0.025,-3.50003922125e-14,0
291.0,0.065,0.025,-4.60167703481e-14,0
291.0,0.06,0.03,-2.3627713636e-14,0
291.0,0.065,0.03,-3.10571487911e-14,0
291.0,0.06,0.035,-1.13932796172e-14,0
291.0,0.065,0.035,-1.4988598744e-14,0
291.0,0.06,0.04,1.30846015474e-15,0
291.0,0.065,0.04,1.64118542421e-15,0
291.0,0.06,0.045,1.39333296667e-14,0
291.0,0.065,0.045,1.82195817873e-14,0
291.0,0.06,0.05,2.59513351156e-14,0
291.0,0.065,0.05,3.41444646779e-14,0
291.0,0.06,0.055,3.69635614141e-14,0
291.0,0.065,0.055,4.89379626073e-14,0
291.0,0.06,0.06,4.67821187982e-14,0
291.0,0.06,0.065,5.54471561651e-14,0
291.0,0.065,0.06,6.23124140176e-14,0
291.0,0.065,0.065,7.42555217604e-14,0
291.0,0.06,0.07,6.32739658704e-14,0
291.0,0.06,0.075,7.08747014287e-14,0
291.0,0.065,0.07,8.50739057741e-14,0
291.0,0.065,0.075,9.54895285563e-14,0
291.0,0.07,-0.075,1.28647173971e-13,0
291.0,0.07,-0.07,1.11618427317e-13,0
291.0,0.075,-0.075,1.4753673472e-13,0
291.0,0.075,-0.07,1.29274701181e-13,0
291.0,0.07,-0.065,9.38652379762e-14,0
291.0,0.075,-0.065,1.09436151745e-13,0
291.0,0.07,-0.06,7.47101095719e-14,0
291.0,0.075,-0.06,8.74740879746e-14,0
291.0,0.07,-0.055,5.4022053151e-14,0
291.0,0.075,-0.055,6.33714543973e-14,0
291.0,0.07,-0.05,3.20743108027e-14,0
291.0,0.075,-0.05,3.75906692648e-14,0
291.0,0.07,-0.045,9.41566456444e-15,0
291.0,0.075,-0.045,1.0828569821e-14,0
291.0,0.07,-0.04,-1.32283404071e-14,0
291.0,0.075,-0.04,-1.60111867013e-14,0
291.0,0.07,-0.035,-3.5053091287e-14,0
291.0,0.075,-0.035,-4.19589595799e-14,0
291.0,0.07,-0.03,-5.5253048496e-14,0
291.0,0.075,-0.03,-6.60630669322e-14,0
291.0,0.07,-0.025,-7.31066124803e-14,0
291.0,0.075,-0.025,-8.7433795245e-14,0
291.0,0.07,-0.02,-8.80071074367e-14,0
291.0,0.075,-0.02,-1.05357204101e-13,0
291.0,0.07,-0.015,-9.95065845432e-14,0
291.0,0.075,-0.015,-1.19227606898e-13,0
291.0,0.07,-0.01,-1.07273626868e-13,0
291.0,0.075,-0.01,-1.28669423013e-13,0
291.0,0.07,-0.005,-1.11128519226e-13,0
291.0,0.075,-0.005,-1.33395854658e-13,0
291.0,0.07,0,-1.10995306532e-13,0
291.0,0.075,0,-1.33360932664e-13,0
291.0,0.07,0.005,-1.0696004497e-13,0
291.0,0.075,0.005,-1.28599671343e-13,0
291.0,0.07,0.01,-9.92129062564e-14,0
291.0,0.075,0.01,-1.19380444526e-13,0
291.0,0.07,0.015,-8.80795526471e-14,0
291.0,0.075,0.015,-1.06029500865e-13,0
291.0,0.07,0.02,-7.39472170001e-14,0
291.0,0.075,0.02,-8.90597099877e-14,0
291.0,0.07,0.025,-5.73001968777e-14,0
291.0,0.075,0.025,-6.90201491038e-14,0
291.0,0.07,0.03,-3.86747949089e-14,0
291.0,0.075,0.03,-4.66064189303e-14,0
291.0,0.07,0.035,-1.86933824217e-14,0
291.0,0.075,0.035,-2.25601062407e-14,0
291.0,0.07,0.04,1.96035322162e-15,0
291.0,0.075,0.04,2.27666319465e-15,0
291.0,0.07,0.045,2.25565584312e-14,0
291.0,0.075,0.045,2.70359024056e-14,0
291.0,0.07,0.05,4.23915681583e-14,0
291.0,0.075,0.05,5.08790561414e-14,0
291.0,0.07,0.055,6.08727665377e-14,0
291.0,0.075,0.055,7.30595931671e-14,0
291.0,0.07,0.06,7.76059933673e-14,0
291.0,0.075,0.06,9.30633886605e-14,0
291.0,0.07,0.065,9.24801878249e-14,0
291.0,0.075,0.065,1.10615919204e-13,0
291.0,0.07,0.07,1.057703942e-13,0
291.0,0.07,0.075,1.18256275239e-13,0
291.0,0.075,0.07,1.2589873584e-13,0
291.0,0.075,0.075,1.39578968631e-13,0
296.0,-0.00382671281566,-0.00202612167119,0,0
296.0,-0.005,-0.005,2.68380584736e-14,0
296.0,-0.00197892066871,-0.00385133392306,0,0
296.0,-0.005,-0.00190753787223,1.56865095647e-14,0
296.0,-0.00433,0,0,0
296.0,-0.00190753787223,-0.005,1.56020089995e-14,0
296.0,0,-0.00433,0,0
296.0,-0.005,0.00190775150599,1.56877882155e-14,0
296.0,-0.00385133392306,0.00197892066871,0,0
296.0,0.00190775150599,-0.005,1.55682982182e-14,0
296.0,0.00202612167119,-0.00382671281566,0,0
296.0,-0.00202612167119,0.00382671281566,0,0
296.0,-0.005,0.005,2.68493652226e-14,0
296.0,-0.0019094272225,0.005,1.56468185364e-14,0
296.0,0,0.00433,0,0
296.0,0.00147766755988,0.00407006125046,0,0
296.0,8.32667268469e-19,0.005,1.18229510749e-14,0
296.0,0.00433,0,0,0
296.0,0.005,1.38777878078e-18,1.1398761983e-14,0
296.0,0.00407006125046,0.00147766755988,0,0
296.0,0.005,-0.005,2.7261452604e-14,0
296.0,0.00385133392306,-0.00197892066871,0,0
296.0,0.005,-0.0019094272225,1.56821362092e-14,0
296.0,0.00306177236254,0.00306177236254,0,0
296.0,0.0019094272225,0.005,1.57838988289e-14,0
296.0,0.005,0.0019094272225,1.57376663245e-14,0
296.0,-0.000885,-0.0015328649647,1.27152093816e-12,0
296.0,-0.0015328649647,-0.000885,1.27164332068e-12,0
296.0,-0.00186450691264,-0.00187567167242,8.43025945412e-13,0
296.0,-0.00177,0,1.27133505126e-12,0
296.0,-0.00268433516245,-0.000738983120158,7.591074177e-13,0
296.0,0,-0.00177,1.27148257158e-12,0
296.0,-0.000718432264205,-0.00269192408424,7.5740124832e-13,0
296.0,-0.0015328649647,0.000885,1.26983056975e-12,0
296.0,-0.00265321485144,0.000647311733689,7.89890403779e-13,0
296.0,-0.000885,0.0015328649647,1.26820304582e-12,0
296.0,-0.00194719253591,0.00178443766524,8.4395224715e-13,0
296.0,0,0.00177,1.26409685966e-12,0
296.0,-0.000802720381054,0.00273415977115,7.17500889935e-13,0
296.0,0.000885,-0.0015328649647,1.27017140222e-12,0
296.0,0.00075154031863,-0.00270385456952,7.45291248849e-13,0
296.0,0.00177,0,1.26243661707e-12,0
296.0,0.0015328649647,-0.000885,1.26801896749e-12,0
296.0,0.00271471102228,-0.000564731152102,7.6091503275e-13,0
296.0,0.00192394637685,-0.00189207206672,8.10096754238e-13,0
296.0,0.00231817117671,0.00040530921667,9.8791154303e-13,0
296.0,0.0015328649647,0.000885,1.26070296279e-12,0
296.0,0.000885,0.0015328649647,1.26140802455e-12,0
296.0,0.000427053001345,0.00287092483521,6.82190328828e-13,0
296.0,0.00187618296239,0.00184774001435,8.33341165438e-13,0
296.0,0.00312733402203,0.000607809752493,5.19199715279e-13,0
296.0,0.00276214303706,0.00136595635004,5.76860099485e-13,0
296.0,0.0014100336009,0.00268674970267,6.04772430218e-13,0
296.0,-0.075,-0.075,1.00809545132e-13,0
296.0,-0.07,-0.075,9.07158699513e-14,0
296.0,-0.075,-0.07,8.57209784004e-14,0
296.0,-0.07,-0.07,7.66628438572e-14,0
296.0,-0.075,-0.065,6.93289234334e-14,0
296.0,-0.07,-0.065,6.20562343806e-14,0
296.0,-0.065,-0.075,7.92220892516e-14,0
296.0,-0.065,-0.07,6.69245876438e-14,0
296.0,-0.065,-0.065,5.44953174384e-14,0
296.0,-0.075,-0.06,5.11679243192e-14,0
296.0,-0.07,-0.06,4.63139453477e-14,0
296.0,-0.065,-0.06,4.13729353907e-14,0
296.0,-0.075,-0.055,3.11871380161e-14,0
296.0,-0.07,-0.055,2.92881327859e-14,0
296.0,-0.065,-0.055,2.73636521753e-14,0
296.0,-0.075,-0.05,9.72844023979e-15,0
296.0,-0.07,-0.05,1.11601366198e-14,0
296.0,-0.065,-0.05,1.2543740492e-14,0
296.0,-0.075,-0.045,-1.26860479865e-14,0
296.0,-0.07,-0.045,-7.66717518109e-15,0
296.0,-0.065,-0.045,-2.78412384352e-15,0
296.0,-0.075,-0.04,-3.536150839e-14,0
296.0,-0.07,-0.04,-2.66448814075e-14,0
296.0,-0.075,-0.035,-5.75601451782e-14,0
296.0,-0.07,-0.035,-4.51668211444e-14,0
296.0,-0.065,-0.04,-1.81845770848e-14,0
296.0,-0.065,-0.035,-3.31494919001e-14,0
296.0,-0.075,-0.03,-7.85459018603e-14,0
296.0,-0.07,-0.03,-6.2627306757e-14,0
296.0,-0.075,-0.025,-9.76194243547e-14,0
296.0,-0.07,-0.025,-7.84798227731e-14,0
296.0,-0.065,-0.03,-4.71979491819e-14,0
296.0,-0.065,-0.025,-5.99140665299e-14,0
296.0,-0.075,-0.02,-1.14169089861e-13,0
296.0,-0.07,-0.02,-9.2218115525e-14,0
296.0,-0.075,-0.015,-1.27613007057e-13,0
296.0,-0.07,-0.015,-1.03402176203e-13,0
296.0,-0.065,-0.02,-7.09460737036e-14,0
296.0,-0.065,-0.015,-7.99477262787e-14,0
296.0,-0.075,-0.01,-1.37495764715e-13,0
296.0,-0.07,-0.01,-1.11614152136e-13,0
296.0,-0.075,-0.005,-1.43411670585e-13,0
296.0,-0.07,-0.005,-1.16537557695e-13,0
296.0,-0.065,-0.01,-8.65920595939e-14,0
296.0,-0.065,-0.005,-9.05660117533e-14,0
296.0,-0.075,0,-1.45161867067e-13,0
296.0,-0.07,0,-1.17950611279e-13,0
296.0,-0.075,0.005,-1.42662424807e-13,0
296.0,-0.07,0.005,-1.15817290877e-13,0
296.0,-0.065,4.16333634234e-19,-9.16733712217e-14,0
296.0,-0.065,0.005,-8.98571632054e-14,0
296.0,-0.075,0.01,-1.36082111636e-13,0
296.0,-0.07,0.01,-1.10249520435e-13,0
296.0,-0.075,0.015,-1.25699684621e-13,0
296.0,-0.07,0.015,-1.0154003328e-13,0
296.0,-0.065,0.01,-8.52415963497e-14,0
296.0,-0.065,0.015,-7.80875562856e-14,0
296.0,-0.075,0.02,-1.11985711197e-13,0
296.0,-0.07,0.02,-9.00655023947e-14,0
296.0,-0.075,0.025,-9.54452406528e-14,0
296.0,-0.07,0.025,-7.62872800722e-14,0
296.0,-0.065,0.02,-6.87635943114e-14,0
296.0,-0.065,0.025,-5.76357474108e-14,0
296.0,-0.075,0.03,-7.66844907112e-14,0
296.0,-0.07,0.03,-6.06702453586e-14,0
296.0,-0.075,0.035,-5.63214880655e-14,0
296.0,-0.07,0.035,-4.37269651017e-14,0
296.0,-0.065,0.03,-4.50726228059e-14,0
296.0,-0.065,0.035,-3.14350835651e-14,0
296.0,-0.075,0.04,-3.50374513615e-14,0
296.0,-0.07,0.04,-2.59930342913e-14,0
296.0,-0.075,0.045,-1.35346581733e-14,0
296.0,-0.07,0.045,-8.04707710577e-15,0
296.0,-0.065,0.04,-1.71339312933e-14,0
296.0,-0.065,0.045,-2.63165803265e-15,0
296.0,-0.075,0.05,7.50122768523e-15,0
296.0,-0.07,0.05,9.5472670218e-15,0
296.0,-0.075,0.055,2.74381533771e-14,0
296.0,-0.07,0.055,2.6294795596e-14,0
296.0,-0.065,0.05,1.15971068908e-14,0
296.0,-0.065,0.055,2.5164928335e-14,0
296.0,-0.075,0.06,4.58213931652e-14,0
296.0,-0.07,0.06,4.18519063788e-14,0
296.0,-0.075,0.065,6.23723988096e-14,0
296.0,-0.07,0.065,5.60913676593e-14,0
296.0,-0.065,0.06,3.78226820049e-14,0
296.0,-0.065,0.065,4.95444417489e-14,0
296.0,-0.075,0.07,7.71858726222e-14,0
296.0,-0.07,0.07,6.91989034745e-14,0
296.0,-0.075,0.075,9.07406315157e-14,0
296.0,-0.07,0.075,8.1764544065e-14,0
296.0,-0.065,0.07,6.05605268048e-14,0
296.0,-0.065,0.075,7.1443570239e-14,0
296.0,-0.06,-0.075,6.56882395949e-14,0
296.0,-0.06,-0.07,5.57766113874e-14,0
296.0,-0.06,-0.065,4.59715476425e-14,0
296.0,-0.055,-0.075,4.98454896206e-14,0
296.0,-0.055,-0.07,4.28851190083e-14,0
296.0,-0.055,-0.065,3.61353058331e-14,0
296.0,-0.06,-0.06,3.57702456768e-14,0
296.0,-0.06,-0.055,2.49438931593e-14,0
296.0,-0.055,-0.06,2.91596489454e-14,0
296.0,-0.055,-0.055,2.17244211391e-14,0
296.0,-0.06,-0.05,1.35099296209e-14,0
296.0,-0.055,-0.05,1.37743218412e-14,0
296.0,-0.06,-0.045,1.67245939314e-15,0
296.0,-0.055,-0.045,5.44172387049e-15,0
296.0,-0.06,-0.04,-1.02027420325e-14,0
296.0,-0.055,-0.04,-2.99150881552e-15,0
296.0,-0.06,-0.035,-2.16827911902e-14,0
296.0,-0.055,-0.035,-1.11052786013e-14,0
296.0,-0.06,-0.03,-3.23665515979e-14,0
296.0,-0.06,-0.025,-4.19933825394e-14,0
296.0,-0.055,-0.03,-1.85258164514e-14,0
296.0,-0.055,-0.025,-2.51486962952e-14,0
296.0,-0.06,-0.02,-5.03548425874e-14,0
296.0,-0.06,-0.015,-5.72431124498e-14,0
296.0,-0.055,-0.02,-3.09171468361e-14,0
296.0,-0.055,-0.015,-3.57451979988e-14,0
296.0,-0.06,-0.01,-6.2379492858e-14,0
296.0,-0.06,-0.005,-6.54625488981e-14,0
296.0,-0.055,-0.01,-3.94475631829e-14,0
296.0,-0.055,-0.005,-4.16792254574e-14,0
296.0,-0.06,0,-6.62728852732e-14,0
296.0,-0.06,0.005,-6.47610361897e-14,0
296.0,-0.055,4.16333634234e-19,-4.2212980568e-14,0
296.0,-0.055,0.005,-4.09918368029e-14,0
296.0,-0.06,0.01,-6.10351543661e-14,0
296.0,-0.06,0.015,-5.53726040477e-14,0
296.0,-0.055,0.01,-3.81253755978e-14,0
296.0,-0.055,0.015,-3.38930604245e-14,0
296.0,-0.06,0.02,-4.8128487514e-14,0
296.0,-0.06,0.025,-3.96098912501e-14,0
296.0,-0.055,0.02,-2.86864044296e-14,0
296.0,-0.055,0.025,-2.26961498859e-14,0
296.0,-0.06,0.03,-3.00457782069e-14,0
296.0,-0.06,0.035,-1.96584667381e-14,0
296.0,-0.055,0.03,-1.60275061504e-14,0
296.0,-0.055,0.035,-8.76936498169e-15,0
296.0,-0.06,0.04,-8.71132677807e-15,0
296.0,-0.06,0.045,2.39908479087e-15,0
296.0,-0.055,0.04,-1.04397193e-15,0
296.0,-0.055,0.045,6.75907181707e-15,0
296.0,-0.06,0.05,1.32670167751e-14,0
296.0,-0.06,0.055,2.35710395421e-14,0
296.0,-0.055,0.05,1.42480573788e-14,0
296.0,-0.055,0.055,2.11866037193e-14,0
296.0,-0.06,0.06,3.31588340833e-14,0
296.0,-0.06,0.065,4.20625668791e-14,0
296.0,-0.055,0.06,2.74942319634e-14,0
296.0,-0.055,0.065,3.32769898396e-14,0
296.0,-0.06,0.07,5.05495699215e-14,0
296.0,-0.06,0.075,5.91406508619e-14,0
296.0,-0.055,0.07,3.88109694289e-14,0
296.0,-0.055,0.075,4.45590850762e-14,0
296.0,-0.05,-0.075,3.1799367449e-14,0
296.0,-0.05,-0.07,2.82213927674e-14,0
296.0,-0.045,-0.075,1.18434399827e-14,0
296.0,-0.045,-0.07,1.19860430489e-14,0
296.0,-0.05,-0.065,2.48840065064e-14,0
296.0,-0.045,-0.065,1.23288736118e-14,0
296.0,-0.05,-0.06,2.14116816956e-14,0
296.0,-0.05,-0.055,1.75536154274e-14,0
296.0,-0.045,-0.06,1.25652624723e-14,0
296.0,-0.045,-0.055,1.24350575208e-14,0
296.0,-0.05,-0.05,1.31916063407e-14,0
296.0,-0.05,-0.045,8.34295605721e-15,0
296.0,-0.045,-0.05,1.17385723526e-14,0
296.0,-0.045,-0.045,1.03708228838e-14,0
296.0,-0.05,-0.04,3.21855038482e-15,0
296.0,-0.045,-0.04,8.36873025067e-15,0
296.0,-0.05,-0.035,-1.77376655785e-15,0
296.0,-0.045,-0.035,6.05172078159e-15,0
296.0,-0.05,-0.03,-6.17853726122e-15,0
296.0,-0.045,-0.03,4.12532899766e-15,0
296.0,-0.05,-0.025,-1.00423972834e-14,0
296.0,-0.045,-0.025,2.44169699878e-15,0
296.0,-0.05,-0.02,-1.34065770379e-14,0
296.0,-0.05,-0.015,-1.62726078423e-14,0
296.0,-0.045,-0.02,1.06530108027e-15,0
296.0,-0.045,-0.015,5.54801188355e-17,0
296.0,-0.05,-0.01,-1.86050957432e-14,0
296.0,-0.05,-0.005,-2.0000691159e-14,0
296.0,-0.045,-0.01,-8.2808962963e-16,0
296.0,-0.045,-0.005,-1.31477856398e-15,0
296.0,-0.05,0,-2.02507333333e-14,0
296.0,-0.05,0.005,-1.93378376733e-14,0
296.0,-0.045,4.16333634234e-19,-1.26954479808e-15,0
296.0,-0.045,0.005,-6.82259643341e-16,0
296.0,-0.05,0.01,-1.73288056398e-14,0
296.0,-0.05,0.015,-1.44829315987e-14,0
296.0,-0.045,0.01,3.94161601365e-16,0
296.0,-0.045,0.015,1.77833814214e-15,0
296.0,-0.05,0.02,-1.12248980153e-14,0
296.0,-0.05,0.025,-7.56712978168e-15,0
296.0,-0.045,0.02,3.209113911e-15,0
296.0,-0.045,0.025,4.9418683351e-15,0
296.0,-0.05,0.03,-3.53456586461e-15,0
296.0,-0.05,0.035,8.7027259633e-16,0
296.0,-0.045,0.03,6.88606810966e-15,0
296.0,-0.045,0.035,8.95085536489e-15,0
296.0,-0.05,0.04,5.61549188282e-15,0
296.0,-0.05,0.045,1.02368422344e-14,0
296.0,-0.045,0.04,1.11653055214e-14,0
296.0,-0.045,0.045,1.27881920754e-14,0
296.0,-0.05,0.05,1.43624729452e-14,0
296.0,-0.05,0.055,1.78275226336e-14,0
296.0,-0.045,0.05,1.35501715589e-14,0
296.0,-0.045,0.055,1.34599863705e-14,0
296.0,-0.05,0.06,2.06663901226e-14,0
296.0,-0.05,0.065,2.3049764661e-14,0
296.0,-0.045,0.06,1.26744889373e-14,0
296.0,-0.045,0.065,1.14484686904e-14,0
296.0,-0.05,0.07,2.52759067139e-14,0
296.0,-0.05,0.075,2.77554857317e-14,0
296.0,-0.045,0.07,1.009465586e-14,0
296.0,-0.045,0.075,8.96419437157e-15,0
296.0,-0.04,-0.075,-9.50229624361e-15,0
296.0,-0.04,-0.07,-5.4450508905e-15,0
296.0,-0.035,-0.075,-3.16048433254e-14,0
296.0,-0.035,-0.07,-2.35682387311e-14,0
296.0,-0.04,-0.065,-1.26722158784e-15,0
296.0,-0.035,-0.065,-1.55207566074e-14,0
296.0,-0.04,-0.06,2.79699418755e-15,0
296.0,-0.035,-0.06,-7.62529545906e-15,0
296.0,-0.04,-0.055,6.47394773974e-15,0
296.0,-0.035,-0.055,-1.57290215804e-16,0
296.0,-0.04,-0.05,9.49109812504e-15,0
296.0,-0.04,-0.045,1.1614171815e-14,0
296.0,-0.035,-0.05,6.53596789404e-15,0
296.0,-0.035,-0.045,1.20954911166e-14,0
296.0,-0.04,-0.04,1.27165302719e-14,0
296.0,-0.04,-0.035,1.28629690357e-14,0
296.0,-0.035,-0.04,1.62097193212e-14,0
296.0,-0.035,-0.035,1.86398986517e-14,0
296.0,-0.04,-0.03,1.26627640494e-14,0
296.0,-0.035,-0.03,2.00154285874e-14,0
296.0,-0.04,-0.025,1.25353525491e-14,0
296.0,-0.035,-0.025,2.11939820245e-14,0
296.0,-0.04,-0.02,1.25639450227e-14,0
296.0,-0.035,-0.02,2.22437352881e-14,0
296.0,-0.04,-0.015,1.29086171044e-14,0
296.0,-0.035,-0.015,2.33034936527e-14,0
296.0,-0.04,-0.01,1.3462850052e-14,0
296.0,-0.04,-0.005,1.3842663072e-14,0
296.0,-0.035,-0.01,2.43668703172e-14,0
296.0,-0.035,-0.005,2.50828965302e-14,0
296.0,-0.04,0,1.41408679049e-14,0
296.0,-0.04,0.005,1.44432341823e-14,0
296.0,-0.035,4.16333634234e-19,2.55062197536e-14,0
296.0,-0.035,0.005,2.56452496484e-14,0
296.0,-0.04,0.01,1.46377956082e-14,0
296.0,-0.04,0.015,1.46012245241e-14,0
296.0,-0.035,0.01,2.5480806957e-14,0
296.0,-0.035,0.015,2.49438593481e-14,0
296.0,-0.04,0.02,1.47056694796e-14,0
296.0,-0.04,0.025,1.50717027819e-14,0
296.0,-0.035,0.02,2.43532776036e-14,0
296.0,-0.035,0.025,2.37353336072e-14,0
296.0,-0.04,0.03,1.55171849704e-14,0
296.0,-0.04,0.035,1.59492472247e-14,0
296.0,-0.035,0.03,2.29287868585e-14,0
296.0,-0.035,0.035,2.18493809912e-14,0
296.0,-0.04,0.04,1.58273071401e-14,0
296.0,-0.04,0.045,1.44686548656e-14,0
296.0,-0.035,0.04,1.95447828149e-14,0
296.0,-0.035,0.045,1.52867265552e-14,0
296.0,-0.04,0.05,1.18538125854e-14,0
296.0,-0.04,0.055,8.15357430337e-15,0
296.0,-0.035,0.05,9.33869274503e-15,0
296.0,-0.035,0.055,2.05273233313e-15,0
296.0,-0.04,0.06,3.65554085178e-15,0
296.0,-0.04,0.065,-1.30945560816e-15,0
296.0,-0.035,0.06,-6.15697550711e-15,0
296.0,-0.035,0.065,-1.48812616042e-14,0
296.0,-0.04,0.07,-6.4090402237e-15,0
296.0,-0.04,0.075,-1.13554686543e-14,0
296.0,-0.035,0.07,-2.3780255735e-14,0
296.0,-0.035,0.075,-3.26291823576e-14,0
296.0,-0.03,-0.075,-5.37204824159e-14,0
296.0,-0.03,-0.07,-4.1782466864e-14,0
296.0,-0.025,-0.075,-7.50436807608e-14,0
296.0,-0.025,-0.07,-5.94376664758e-14,0
296.0,-0.03,-0.065,-2.99712001793e-14,0
296.0,-0.025,-0.065,-4.4095726993e-14,0
296.0,-0.03,-0.06,-1.83626808462e-14,0
296.0,-0.025,-0.06,-2.90301634382e-14,0
296.0,-0.03,-0.055,-7.24312662302e-15,0
296.0,-0.025,-0.055,-1.45201055846e-14,0
296.0,-0.03,-0.05,2.97316872147e-15,0
296.0,-0.025,-0.05,-1.0520322216e-15,0
296.0,-0.03,-0.045,1.17924082027e-14,0
296.0,-0.025,-0.045,1.07522130438e-14,0
296.0,-0.03,-0.04,1.87069263768e-14,0
296.0,-0.03,-0.035,2.32049025389e-14,0
296.0,-0.025,-0.04,2.02026874796e-14,0
296.0,-0.025,-0.035,2.65327398838e-14,0
296.0,-0.03,-0.03,2.60079245829e-14,0
296.0,-0.03,-0.025,2.82828306352e-14,0
296.0,-0.025,-0.03,3.05886122365e-14,0
296.0,-0.025,-0.025,3.37774942627e-14,0
296.0,-0.03,-0.02,3.00768393214e-14,0
296.0,-0.025,-0.02,3.61385097946e-14,0
296.0,-0.03,-0.015,3.14740923849e-14,0
296.0,-0.025,-0.015,3.78090558908e-14,0
296.0,-0.03,-0.01,3.25170166601e-14,0
296.0,-0.025,-0.01,3.88669217414e-14,0
296.0,-0.03,-0.005,3.32168472057e-14,0
296.0,-0.025,-0.005,3.94275451281e-14,0
296.0,-0.03,0,3.36107103184e-14,0
296.0,-0.03,0.005,3.37335749715e-14,0
296.0,-0.025,4.16333634234e-19,3.97350505918e-14,0
296.0,-0.025,0.005,3.98805472469e-14,0
296.0,-0.03,0.01,3.35507063594e-14,0
296.0,-0.03,0.015,3.30182795259e-14,0
296.0,-0.025,0.01,3.9789830658e-14,0
296.0,-0.025,0.015,3.92210476748e-14,0
296.0,-0.03,0.02,3.21129955055e-14,0
296.0,-0.03,0.025,3.07842684458e-14,0
296.0,-0.025,0.02,3.80504728281e-14,0
296.0,-0.025,0.025,3.61835767988e-14,0
296.0,-0.03,0.03,2.89305378688e-14,0
296.0,-0.03,0.035,2.6489992732e-14,0
296.0,-0.025,0.03,3.34612387841e-14,0
296.0,-0.025,0.035,2.98257362976e-14,0
296.0,-0.03,0.04,2.21941385928e-14,0
296.0,-0.03,0.045,1.52219658723e-14,0
296.0,-0.025,0.04,2.37662312435e-14,0
296.0,-0.025,0.045,1.43234156986e-14,0
296.0,-0.03,0.05,6.09491066192e-15,0
296.0,-0.03,0.055,-4.64519389872e-15,0
296.0,-0.025,0.05,2.26550967832e-15,0
296.0,-0.025,0.055,-1.16858600941e-14,0
296.0,-0.03,0.06,-1.64497992932e-14,0
296.0,-0.03,0.065,-2.88393775494e-14,0
296.0,-0.025,0.06,-2.68534864528e-14,0
296.0,-0.025,0.065,-4.26830465873e-14,0
296.0,-0.03,0.07,-4.14579134183e-14,0
296.0,-0.03,0.075,-5.4159582084e-14,0
296.0,-0.025,0.07,-5.88207797794e-14,0
296.0,-0.025,0.075,-7.51790047205e-14,0
296.0,-0.02,-0.075,-9.47647145957e-14,0
296.0,-0.02,-0.07,-7.58442946324e-14,0
296.0,-0.015,-0.075,-1.12057568807e-13,0
296.0,-0.015,-0.07,-9.03355618892e-14,0
296.0,-0.02,-0.065,-5.73495117839e-14,0
296.0,-0.015,-0.065,-6.91721586584e-14,0
296.0,-0.02,-0.06,-3.9201123322e-14,0
296.0,-0.015,-0.06,-4.84412542458e-14,0
296.0,-0.02,-0.055,-2.16868407103e-14,0
296.0,-0.015,-0.055,-2.84120551554e-14,0
296.0,-0.02,-0.05,-5.34396283132e-15,0
296.0,-0.015,-0.05,-9.67042744906e-15,0
296.0,-0.02,-0.045,9.0990260186e-15,0
296.0,-0.015,-0.045,6.97384554662e-15,0
296.0,-0.02,-0.04,2.07877523316e-14,0
296.0,-0.015,-0.04,2.05684150608e-14,0
296.0,-0.02,-0.035,2.87567640487e-14,0
296.0,-0.015,-0.035,2.99912870542e-14,0
296.0,-0.02,-0.03,3.3865085934e-14,0
296.0,-0.02,-0.025,3.7751779871e-14,0
296.0,-0.015,-0.03,3.6035759767e-14,0
296.0,-0.015,-0.025,4.04050303503e-14,0
296.0,-0.02,-0.02,4.04287042091e-14,0
296.0,-0.02,-0.015,4.20633167925e-14,0
296.0,-0.015,-0.02,4.30515484441e-14,0
296.0,-0.015,-0.015,4.4062422789e-14,0
296.0,-0.02,-0.01,4.27851311771e-14,0
296.0,-0.015,-0.01,4.36174033478e-14,0
296.0,-0.02,-0.005,4.28883838433e-14,0
296.0,-0.015,-0.005,4.25562464691e-14,0
296.0,-0.02,0,4.29379111162e-14,0
296.0,-0.015,4.16333634234e-19,4.20612327726e-14,0
296.0,-0.02,0.005,4.3241595493e-14,0
296.0,-0.015,0.005,4.27482913794e-14,0
296.0,-0.02,0.01,4.35376054243e-14,0
296.0,-0.02,0.015,4.32743894696e-14,0
296.0,-0.015,0.01,4.41109345534e-14,0
296.0,-0.015,0.015,4.49765604041e-14,0
296.0,-0.02,0.02,4.21484316046e-14,0
296.0,-0.02,0.025,4.0000986125e-14,0
296.0,-0.015,0.02,4.44933295544e-14,0
296.0,-0.015,0.025,4.24342740013e-14,0
296.0,-0.02,0.03,3.66309840727e-14,0
296.0,-0.02,0.035,3.20019785412e-14,0
296.0,-0.015,0.03,3.86457190539e-14,0
296.0,-0.015,0.035,3.31499084886e-14,0
296.0,-0.02,0.04,2.43622784448e-14,0
296.0,-0.02,0.045,1.27237599026e-14,0
296.0,-0.015,0.04,2.41162759845e-14,0
296.0,-0.015,0.045,1.05855195855e-14,0
296.0,-0.02,0.05,-1.948506476e-15,0
296.0,-0.02,0.055,-1.87672576676e-14,0
296.0,-0.015,0.05,-6.30015869804e-15,0
296.0,-0.015,0.055,-2.55491464574e-14,0
296.0,-0.02,0.06,-3.69467555603e-14,0
296.0,-0.02,0.065,-5.58781199811e-14,0
296.0,-0.015,0.06,-4.62901173886e-14,0
296.0,-0.015,0.065,-6.78630184841e-14,0
296.0,-0.02,0.07,-7.51950749147e-14,0
296.0,-0.02,0.075,-9.48960264275e-14,0
296.0,-0.015,0.07,-8.99164011935e-14,0
296.0,-0.015,0.075,-1.12493196377e-13,0
296.0,-0.01,-0.075,-1.26196064898e-13,0
296.0,-0.01,-0.07,-1.02262366989e-13,0
296.0,-0.005,-0.075,-1.36487050479e-13,0
296.0,-0.005,-0.07,-1.11070235775e-13,0
296.0,-0.01,-0.065,-7.90379085694e-14,0
296.0,-0.005,-0.065,-8.64585834236e-14,0
296.0,-0.01,-0.06,-5.63123217568e-14,0
296.0,-0.005,-0.06,-6.24182684138e-14,0
296.0,-0.01,-0.055,-3.4357515381e-14,0
296.0,-0.005,-0.055,-3.91918658156e-14,0
296.0,-0.01,-0.05,-1.37799273961e-14,0
296.0,-0.005,-0.05,-1.74044609613e-14,0
296.0,-0.01,-0.045,4.55648801298e-15,0
296.0,-0.005,-0.045,2.04890472885e-15,0
296.0,-0.01,-0.04,1.961354686e-14,0
296.0,-0.005,-0.04,1.81016205912e-14,0
296.0,-0.01,-0.035,3.02251102642e-14,0
296.0,-0.005,-0.035,2.95630584218e-14,0
296.0,-0.01,-0.03,3.70735379939e-14,0
296.0,-0.005,-0.03,3.70151361039e-14,0
296.0,-0.01,-0.025,4.17185361048e-14,0
296.0,-0.005,-0.025,4.17001602515e-14,0
296.0,-0.01,-0.02,4.40360185874e-14,0
296.0,-0.01,-0.015,4.39010539465e-14,0
296.0,-0.005,-0.02,4.35782415529e-14,0
296.0,-0.005,-0.015,4.23554699758e-14,0
296.0,-0.0117873230072,-0.0115873794689,4.31975618392e-14,0
296.0,-0.00939961996336,-0.005,3.66303013167e-14,0
296.0,-0.00792797428371,-0.00964253216809,3.9310486342e-14,0
296.0,-0.005,-0.00939961996336,3.60820946867e-14,0
296.0,-0.0108753492546,-0.00150606400588,3.72857042726e-14,0
296.0,-0.00818101620308,-0.00211452602544,3.14227782885e-14,0
296.0,-0.00651817360753,-0.000255934956239,2.37752868841e-14,0
296.0,-0.005,6.71033969428e-08,1.15478924406e-14,0
296.0,-0.0107292118043,0.00160660295843,3.70561017827e-14,0
296.0,-0.0080188992252,0.000768320427092,3.00533189763e-14,0
296.0,-0.00939946851065,0.005,3.66520635601e-14,0
296.0,-0.00802129342231,0.00264911934363,3.14572821789e-14,0
296.0,-0.00887989370213,0.00887989479405,3.96065726048e-14,0
296.0,-0.01,0.015,4.45201265596e-14,0
296.0,-0.005,0.00939947397025,3.61278306983e-14,0
296.0,-0.005,0.015,4.28503730471e-14,0
296.0,-0.01,0.02,4.52378058072e-14,0
296.0,-0.01,0.025,4.35960603613e-14,0
296.0,-0.005,0.02,4.47506724704e-14,0
296.0,-0.005,0.025,4.36804591668e-14,0
296.0,-0.01,0.03,3.9613518493e-14,0
296.0,-0.01,0.035,3.3373666369e-14,0
296.0,-0.005,0.03,3.97448066419e-14,0
296.0,-0.005,0.035,3.28497072683e-14,0
296.0,-0.01,0.04,2.31490757828e-14,0
296.0,-0.01,0.045,8.11499618784e-15,0
296.0,-0.005,0.04,2.16449285139e-14,0
296.0,-0.005,0.045,5.52786843163e-15,0
296.0,-0.01,0.05,-1.05194476304e-14,0
296.0,-0.01,0.055,-3.16768026894e-14,0
296.0,-0.005,0.05,-1.43181337355e-14,0
296.0,-0.005,0.055,-3.67973859166e-14,0
296.0,-0.01,0.06,-5.44315319144e-14,0
296.0,-0.01,0.065,-7.81000501972e-14,0
296.0,-0.005,0.06,-6.09531366468e-14,0
296.0,-0.005,0.065,-8.60796388443e-14,0
296.0,-0.01,0.07,-1.02325413121e-13,0
296.0,-0.01,0.075,-1.27232174934e-13,0
296.0,-0.005,0.07,-1.11846001684e-13,0
296.0,-0.005,0.075,-1.38400405345e-13,0
296.0,0,-0.075,-1.42431993653e-13,0
296.0,0,-0.07,-1.16281245577e-13,0
296.0,0.005,-0.075,-1.43612619764e-13,0
296.0,0.005,-0.07,-1.17574200605e-13,0
296.0,0,-0.065,-9.10400658949e-14,0
296.0,0.005,-0.065,-9.24777860515e-14,0
296.0,0,-0.06,-6.64087255396e-14,0
296.0,0.005,-0.06,-6.80286443634e-14,0
296.0,0,-0.055,-4.26242229436e-14,0
296.0,0.005,-0.055,-4.4423965544e-14,0
296.0,0,-0.05,-2.02980472459e-14,0
296.0,0.005,-0.05,-2.22582691149e-14,0
296.0,0,-0.045,-3.28166393726e-16,0
296.0,0.005,-0.045,-2.41010523625e-15,0
296.0,0,-0.04,1.61897633849e-14,0
296.0,0.005,-0.04,1.40433366773e-14,0
296.0,0,-0.035,2.80957301605e-14,0
296.0,0.005,-0.035,2.58302229113e-14,0
296.0,0,-0.03,3.58930693686e-14,0
296.0,0.005,-0.03,3.36124456687e-14,0
296.0,0,-0.025,4.06960168426e-14,0
296.0,0.005,-0.025,3.88151955282e-14,0
296.0,0,-0.02,4.25053873446e-14,0
296.0,0.005,-0.02,4.13698397492e-14,0
296.0,0,-0.015,4.1043637108e-14,0
296.0,0.005,-0.015,4.11051494392e-14,0
296.0,-0.0021196717084,-0.00776771017156,2.92332648434e-14,0
296.0,-0.00084550708518,-0.00631514607954,2.21597322636e-14,0
296.0,6.71033969406e-08,-0.005,1.19499381368e-14,0
296.0,-0.00139054260708,-0.0110960807567,3.65886464806e-14,0
296.0,0.00132468676756,-0.00775008274642,2.84896595982e-14,0
296.0,0.00160394440688,-0.0116908851489,3.74200227585e-14,0
296.0,0.005,-0.00939946851065,3.59127540329e-14,0
296.0,0.005,0.005,2.66649413914e-14,0
296.0,-0.000107646311398,0.00617659695633,2.11299933848e-14,0
296.0,-0.00190846935279,0.0076427502668,2.85422398226e-14,0
296.0,0.00131146485568,0.00777290068297,2.81932272126e-14,0
296.0,0.00295884413402,0.00640276348073,2.57032599046e-14,0
296.0,-1.21517769428e-05,0.0108932602996,3.5922572443e-14,0
296.0,0,0.015,4.15240915351e-14,0
296.0,0.005,0.00939942566771,3.56537119936e-14,0
296.0,0.005,0.015,4.17168864481e-14,0
296.0,0,0.02,4.37999322912e-14,0
296.0,0,0.025,4.2898583096e-14,0
296.0,0.005,0.02,4.28716797942e-14,0
296.0,0.005,0.025,4.11949844112e-14,0
296.0,0,0.03,3.88808110065e-14,0
296.0,0,0.035,3.15119250833e-14,0
296.0,0.005,0.03,3.67104553217e-14,0
296.0,0.005,0.035,2.93500580914e-14,0
296.0,0,0.04,1.97404581792e-14,0
296.0,0,0.045,3.06250940532e-15,0
296.0,0.005,0.04,1.76520218138e-14,0
296.0,0.005,0.045,9.16803224419e-16,0
296.0,0,0.05,-1.74247409185e-14,0
296.0,0,0.055,-4.05932042745e-14,0
296.0,0.005,0.05,-1.96081704479e-14,0
296.0,0.005,0.055,-4.28058563969e-14,0
296.0,0,0.06,-6.54774649798e-14,0
296.0,0,0.065,-9.13790971711e-14,0
296.0,0.005,0.06,-6.77193391781e-14,0
296.0,0.005,0.065,-9.3660622176e-14,0
296.0,0,0.07,-1.17969591836e-13,0
296.0,0,0.075,-1.45462738468e-13,0
296.0,0.005,0.07,-1.20337602356e-13,0
296.0,0.005,0.075,-1.47961325051e-13,0
296.0,0.01,-0.075,-1.39871767348e-13,0
296.0,0.01,-0.07,-1.14749874546e-13,0
296.0,0.015,-0.075,-1.31163463474e-13,0
296.0,0.015,-0.07,-1.07799525667e-13,0
296.0,0.01,-0.065,-9.06057620415e-14,0
296.0,0.015,-0.065,-8.53749698733e-14,0
296.0,0.01,-0.06,-6.7108785047e-14,0
296.0,0.015,-0.06,-6.35999585471e-14,0
296.0,0.01,-0.055,-4.44452785373e-14,0
296.0,0.015,-0.055,-4.26193833019e-14,0
296.0,0.01,-0.05,-2.31584032317e-14,0
296.0,0.015,-0.05,-2.29297704631e-14,0
296.0,0.01,-0.045,-4.07809135965e-15,0
296.0,0.015,-0.045,-5.27849816623e-15,0
296.0,0.01,-0.04,1.17479494376e-14,0
296.0,0.015,-0.04,9.3969585412e-15,0
296.0,0.01,-0.035,2.30534749847e-14,0
296.0,0.015,-0.035,1.99351893344e-14,0
296.0,0.01,-0.03,3.06235422322e-14,0
296.0,0.015,-0.03,2.71586795798e-14,0
296.0,0.01,-0.025,3.62170238642e-14,0
296.0,0.015,-0.025,3.28625427183e-14,0
296.0,0.01,-0.02,3.97491886568e-14,0
296.0,0.01,-0.015,4.12946339747e-14,0
296.0,0.015,-0.02,3.71032779824e-14,0
296.0,0.015,-0.015,4.02222606901e-14,0
296.0,0.00999280436795,-0.0116358337096,4.10470503058e-14,0
296.0,0.0105889214373,-0.00845762197625,4.04160234724e-14,0
296.0,0.015,-0.01,4.2090262631e-14,0
296.0,0.00939947397025,-0.005,3.7604944528e-14,0
296.0,0.015,-0.005,4.28291041379e-14,0
296.0,0.00658051136513,-0.00296146438142,2.89994149301e-14,0
296.0,0.00636794669772,-3.54305826484e-06,2.47830771218e-14,0
296.0,0.00795807888052,-0.00113999998936,3.23859813863e-14,0
296.0,0.00758147027913,0.00183630393596,3.11791746513e-14,0
296.0,0.0112534647756,-1.47536350887e-07,3.97622355691e-14,0
296.0,0.015,4.16333634234e-19,4.31742548512e-14,0
296.0,0.00939942566771,0.005,3.73052374085e-14,0
296.0,0.015,0.005,4.29890584268e-14,0
296.0,0.00999018807453,0.0109670628501,4.12102135604e-14,0
296.0,0.01,0.015,4.22652878044e-14,0
296.0,0.015,0.01,4.2820589416e-14,0
296.0,0.015,0.015,4.17219880506e-14,0
296.0,0.01,0.02,4.15903064513e-14,0
296.0,0.01,0.025,3.88365488803e-14,0
296.0,0.015,0.02,3.93782454348e-14,0
296.0,0.015,0.025,3.58289569974e-14,0
296.0,0.01,0.03,3.38676711425e-14,0
296.0,0.01,0.035,2.67148568602e-14,0
296.0,0.015,0.03,3.06815740467e-14,0
296.0,0.015,0.035,2.38348950802e-14,0
296.0,0.01,0.04,1.54691400015e-14,0
296.0,0.01,0.045,-7.75993943746e-16,0
296.0,0.015,0.04,1.32899992381e-14,0
296.0,0.015,0.045,-1.95866435876e-15,0
296.0,0.01,0.05,-2.07233414909e-14,0
296.0,0.01,0.055,-4.32657022441e-14,0
296.0,0.015,0.05,-2.06918657313e-14,0
296.0,0.015,0.055,-4.18862743765e-14,0
296.0,0.01,0.06,-6.7480628336e-14,0
296.0,0.01,0.065,-9.2723082773e-14,0
296.0,0.015,0.06,-6.46851276923e-14,0
296.0,0.015,0.065,-8.84815338113e-14,0
296.0,0.01,0.07,-1.18708975873e-13,0
296.0,0.01,0.075,-1.45687829062e-13,0
296.0,0.015,0.07,-1.13030676611e-13,0
296.0,0.015,0.075,-1.38545143327e-13,0
296.0,0.02,-0.075,-1.17723998192e-13,0
296.0,0.02,-0.07,-9.68538836694e-14,0
296.0,0.025,-0.075,-9.99095873994e-14,0
296.0,0.025,-0.07,-8.22326426318e-14,0
296.0,0.02,-0.065,-7.68870188117e-14,0
296.0,0.025,-0.065,-6.53592744723e-14,0
296.0,0.02,-0.06,-5.75418369212e-14,0
296.0,0.025,-0.06,-4.90874066238e-14,0
296.0,0.02,-0.055,-3.895808415e-14,0
296.0,0.025,-0.055,-3.35296956671e-14,0
296.0,0.02,-0.05,-2.15536597612e-14,0
296.0,0.025,-0.05,-1.90427418847e-14,0
296.0,0.02,-0.045,-5.96909954995e-15,0
296.0,0.025,-0.045,-6.12970553695e-15,0
296.0,0.02,-0.04,7.00363476061e-15,0
296.0,0.025,-0.04,4.61234515714e-15,0
296.0,0.02,-0.035,1.64183312133e-14,0
296.0,0.025,-0.035,1.24823694501e-14,0
296.0,0.02,-0.03,2.30219532378e-14,0
296.0,0.025,-0.03,1.81350255876e-14,0
296.0,0.02,-0.025,2.84604214218e-14,0
296.0,0.025,-0.025,2.28911538489e-14,0
296.0,0.02,-0.02,3.28854479137e-14,0
296.0,0.025,-0.02,2.68723772714e-14,0
296.0,0.02,-0.015,3.66869986689e-14,0
296.0,0.025,-0.015,3.03663389558e-14,0
296.0,0.02,-0.01,3.9744891862e-14,0
296.0,0.025,-0.01,3.32448660897e-14,0
296.0,0.02,-0.005,4.1526909408e-14,0
296.0,0.025,-0.005,3.52788914173e-14,0
296.0,0.02,0,4.22535152393e-14,0
296.0,0.025,4.16333634234e-19,3.63059626894e-14,0
296.0,0.02,0.005,4.20638079893e-14,0
296.0,0.025,0.005,3.59841207932e-14,0
296.0,0.02,0.01,4.09786817288e-14,0
296.0,0.025,0.01,3.47537121731e-14,0
296.0,0.02,0.015,3.86926614848e-14,0
296.0,0.025,0.015,3.27368460153e-14,0
296.0,0.02,0.02,3.56057558768e-14,0
296.0,0.02,0.025,3.1826060056e-14,0
296.0,0.025,0.02,3.00015330957e-14,0
296.0,0.025,0.025,2.66722668844e-14,0
296.0,0.02,0.03,2.69092709834e-14,0
296.0,0.02,0.035,2.06497685828e-14,0
296.0,0.025,0.03,2.24374056455e-14,0
296.0,0.025,0.035,1.71138961482e-14,0
296.0,0.02,0.04,1.11373830843e-14,0
296.0,0.02,0.045,-2.58685274526e-15,0
296.0,0.025,0.04,9.04318156446e-15,0
296.0,0.025,0.045,-2.65189782091e-15,0
296.0,0.02,0.05,-1.94900976511e-14,0
296.0,0.02,0.055,-3.86651507295e-14,0
296.0,0.025,0.05,-1.71324910578e-14,0
296.0,0.025,0.055,-3.36607436992e-14,0
296.0,0.02,0.06,-5.93476417188e-14,0
296.0,0.02,0.065,-8.10017104531e-14,0
296.0,0.025,0.06,-5.15967325032e-14,0
296.0,0.025,0.065,-7.04628713648e-14,0
296.0,0.02,0.07,-1.03386285967e-13,0
296.0,0.02,0.075,-1.26711241648e-13,0
296.0,0.025,0.07,-9.00470898465e-14,0
296.0,0.025,0.075,-1.10483780447e-13,0
296.0,0.03,-0.075,-7.83301175768e-14,0
296.0,0.03,-0.07,-6.4386496541e-14,0
296.0,0.035,-0.075,-5.37021747034e-14,0
296.0,0.035,-0.07,-4.3921504378e-14,0
296.0,0.03,-0.065,-5.11464936113e-14,0
296.0,0.035,-0.065,-3.47025716447e-14,0
296.0,0.03,-0.06,-3.84671649281e-14,0
296.0,0.035,-0.06,-2.60109466038e-14,0
296.0,0.03,-0.055,-2.64696232691e-14,0
296.0,0.035,-0.055,-1.79639245987e-14,0
296.0,0.03,-0.05,-1.54295912352e-14,0
296.0,0.035,-0.05,-1.07780024931e-14,0
296.0,0.03,-0.045,-5.72175477493e-15,0
296.0,0.035,-0.045,-4.69010178479e-15,0
296.0,0.03,-0.04,2.26759734358e-15,0
296.0,0.035,-0.04,1.02558417017e-16,0
296.0,0.03,-0.035,8.16279774142e-15,0
296.0,0.035,-0.035,3.56117410176e-15,0
296.0,0.03,-0.03,1.25073276398e-14,0
296.0,0.035,-0.03,6.25500081635e-15,0
296.0,0.03,-0.025,1.61733641145e-14,0
296.0,0.035,-0.025,8.43818751664e-15,0
296.0,0.03,-0.02,1.92218381745e-14,0
296.0,0.035,-0.02,1.01796161248e-14,0
296.0,0.03,-0.015,2.18716555916e-14,0
296.0,0.035,-0.015,1.17954785284e-14,0
296.0,0.03,-0.01,2.41107433874e-14,0
296.0,0.035,-0.01,1.32923996159e-14,0
296.0,0.03,-0.005,2.5964476398e-14,0
296.0,0.035,-0.005,1.47155731456e-14,0
296.0,0.03,0,2.7043414544e-14,0
296.0,0.035,4.16333634234e-19,1.57291269758e-14,0
296.0,0.03,0.005,2.68244790563e-14,0
296.0,0.035,0.005,1.5833806268e-14,0
296.0,0.03,0.01,2.58847917303e-14,0
296.0,0.035,0.01,1.55008314374e-14,0
296.0,0.03,0.015,2.45933035432e-14,0
296.0,0.035,0.015,1.50433836265e-14,0
296.0,0.03,0.02,2.27763017184e-14,0
296.0,0.035,0.02,1.42932454757e-14,0
296.0,0.03,0.025,2.03873724823e-14,0
296.0,0.035,0.025,1.31484764478e-14,0
296.0,0.03,0.03,1.7255883151e-14,0
296.0,0.03,0.035,1.32466771631e-14,0
296.0,0.035,0.03,1.1452816718e-14,0
296.0,0.035,0.035,9.09251780666e-15,0
296.0,0.03,0.04,7.02378950316e-15,0
296.0,0.03,0.045,-2.14161030212e-15,0
296.0,0.035,0.04,5.13335594761e-15,0
296.0,0.035,0.045,-1.04499192674e-15,0
296.0,0.03,0.05,-1.36631693435e-14,0
296.0,0.03,0.055,-2.69977099167e-14,0
296.0,0.035,0.05,-9.14769410336e-15,0
296.0,0.035,0.055,-1.88392481993e-14,0
296.0,0.03,0.06,-4.16347189679e-14,0
296.0,0.03,0.065,-5.71794554749e-14,0
296.0,0.035,0.06,-2.97554572876e-14,0
296.0,0.035,0.065,-4.15575752274e-14,0
296.0,0.03,0.07,-7.34107208238e-14,0
296.0,0.03,0.075,-9.04099415426e-14,0
296.0,0.035,0.07,-5.40292539514e-14,0
296.0,0.035,0.075,-6.71429430328e-14,0
296.0,0.04,-0.075,-2.69147332016e-14,0
296.0,0.04,-0.07,-2.15388565808e-14,0
296.0,0.045,-0.075,1.08312850722e-15,0
296.0,0.045,-0.07,1.97911270384e-15,0
296.0,0.04,-0.065,-1.65842229887e-14,0
296.0,0.045,-0.065,2.5965820516e-15,0
296.0,0.04,-0.06,-1.21165931149e-14,0
296.0,0.045,-0.06,2.74885632158e-15,0
296.0,0.04,-0.055,-8.27197446744e-15,0
296.0,0.045,-0.055,2.28761974965e-15,0
296.0,0.04,-0.05,-5.19659506705e-15,0
296.0,0.045,-0.05,1.12107873297e-15,0
296.0,0.04,-0.045,-3.00562327502e-15,0
296.0,0.045,-0.045,-7.44133114701e-16,0
296.0,0.04,-0.04,-1.69751118127e-15,0
296.0,0.045,-0.04,-3.17948986462e-15,0
296.0,0.04,-0.035,-1.06658594929e-15,0
296.0,0.045,-0.035,-5.83770641894e-15,0
296.0,0.04,-0.03,-6.92977140131e-16,0
296.0,0.045,-0.03,-8.21122340016e-15,0
296.0,0.04,-0.025,-4.25689534755e-16,0
296.0,0.045,-0.025,-1.01935330703e-14,0
296.0,0.04,-0.02,-1.34856209002e-16,0
296.0,0.045,-0.02,-1.14845560601e-14,0
296.0,0.04,-0.015,3.19946557414e-16,0
296.0,0.045,-0.015,-1.23284925729e-14,0
296.0,0.04,-0.01,9.68501508956e-16,0
296.0,0.045,-0.01,-1.2681315692e-14,0
296.0,0.04,-0.005,1.87745596718e-15,0
296.0,0.045,-0.005,-1.24485692997e-14,0
296.0,0.04,0,2.7900964135e-15,0
296.0,0.045,4.16333634234e-19,-1.17334083975e-14,0
296.0,0.04,0.005,3.32529222156e-15,0
296.0,0.045,0.005,-1.06042660785e-14,0
296.0,0.04,0.01,3.73958771476e-15,0
296.0,0.045,0.01,-9.24037729399e-15,0
296.0,0.04,0.015,4.28234607841e-15,0
296.0,0.045,0.015,-7.50226688909e-15,0
296.0,0.04,0.02,4.79584359139e-15,0
296.0,0.045,0.02,-5.51154091321e-15,0
296.0,0.04,0.025,5.14322751643e-15,0
296.0,0.045,0.025,-3.43170020602e-15,0
296.0,0.04,0.03,5.17521929101e-15,0
296.0,0.045,0.03,-1.37849518445e-15,0
296.0,0.04,0.035,4.77947423552e-15,0
296.0,0.045,0.035,4.76094444068e-16,0
296.0,0.04,0.04,3.47176460761e-15,0
296.0,0.04,0.045,6.79975875213e-16,0
296.0,0.045,0.04,2.244474351e-15,0
296.0,0.045,0.045,3.11141930087e-15,0
296.0,0.04,0.05,-3.65254799297e-15,0
296.0,0.04,0.055,-9.39775824839e-15,0
296.0,0.045,0.05,2.72864067073e-15,0
296.0,0.045,0.055,1.08141252471e-15,0
296.0,0.04,0.06,-1.63057586986e-14,0
296.0,0.04,0.065,-2.41026077479e-14,0
296.0,0.045,0.06,-1.69457101365e-15,0
296.0,0.045,0.065,-5.37276002869e-15,0
296.0,0.04,0.07,-3.25464798626e-14,0
296.0,0.04,0.075,-4.15103960954e-14,0
296.0,0.045,0.07,-9.69388694715e-15,0
296.0,0.045,0.075,-1.44061395981e-14,0
296.0,0.05,-0.075,2.93141952003e-14,0
296.0,0.05,-0.07,2.58395367568e-14,0
296.0,0.055,-0.075,5.68413377918e-14,0
296.0,0.055,-0.07,4.93015532023e-14,0
296.0,0.05,-0.065,2.22044440883e-14,0
296.0,0.055,-0.065,4.16557288319e-14,0
296.0,0.05,-0.06,1.80990341091e-14,0
296.0,0.055,-0.06,3.34722337575e-14,0
296.0,0.05,-0.055,1.33487256334e-14,0
296.0,0.055,-0.055,2.4558044666e-14,0
296.0,0.05,-0.05,7.92264626092e-15,0
296.0,0.055,-0.05,1.49266708151e-14,0
296.0,0.05,-0.045,1.92597206919e-15,0
296.0,0.055,-0.045,4.79016654939e-15,0
296.0,0.05,-0.04,-4.37121613221e-15,0
296.0,0.055,-0.04,-5.48674411205e-15,0
296.0,0.05,-0.035,-1.05474475127e-14,0
296.0,0.055,-0.035,-1.54045601007e-14,0
296.0,0.05,-0.03,-1.6105945131e-14,0
296.0,0.055,-0.03,-2.44589095439e-14,0
296.0,0.05,-0.025,-2.07472260957e-14,0
296.0,0.055,-0.025,-3.22301548737e-14,0
296.0,0.05,-0.02,-2.42833987966e-14,0
296.0,0.055,-0.02,-3.84635965263e-14,0
296.0,0.05,-0.015,-2.68401583619e-14,0
296.0,0.055,-0.015,-4.31291005419e-14,0
296.0,0.05,-0.01,-2.84291429521e-14,0
296.0,0.055,-0.01,-4.6176786479e-14,0
296.0,0.05,-0.005,-2.89691188475e-14,0
296.0,0.055,-0.005,-4.75246630632e-14,0
296.0,0.05,0,-2.84140240103e-14,0
296.0,0.055,4.16333634234e-19,-4.71083193947e-14,0
296.0,0.05,0.005,-2.67596374415e-14,0
296.0,0.055,0.005,-4.49548505769e-14,0
296.0,0.05,0.01,-2.42585987586e-14,0
296.0,0.055,0.01,-4.12794220097e-14,0
296.0,0.05,0.015,-2.10137647073e-14,0
296.0,0.055,0.015,-3.62836469193e-14,0
296.0,0.05,0.02,-1.71549293223e-14,0
296.0,0.055,0.02,-3.01530907465e-14,0
296.0,0.05,0.025,-1.28286362535e-14,0
296.0,0.055,0.025,-2.30929709106e-14,0
296.0,0.05,0.03,-8.17571308844e-15,0
296.0,0.055,0.03,-1.53042050133e-14,0
296.0,0.05,0.035,-3.29928659861e-15,0
296.0,0.055,0.035,-6.99144270417e-15,0
296.0,0.05,0.04,1.7144601731e-15,0
296.0,0.055,0.04,1.59781989916e-15,0
296.0,0.05,0.045,6.25390072701e-15,0
296.0,0.055,0.045,9.91933065773e-15,0
296.0,0.05,0.05,9.84708048071e-15,0
296.0,0.05,0.055,1.23025669657e-14,0
296.0,0.055,0.05,1.74651956925e-14,0
296.0,0.055,0.055,2.39474973666e-14,0
296.0,0.05,0.06,1.36439055726e-14,0
296.0,0.05,0.065,1.40392316398e-14,0
296.0,0.055,0.06,2.92766233092e-14,0
296.0,0.055,0.065,3.35729720037e-14,0
296.0,0.05,0.07,1.37768088162e-14,0
296.0,0.05,0.075,1.32328699903e-14,0
296.0,0.055,0.07,3.71443715763e-14,0
296.0,0.055,0.075,4.04905735145e-14,0
296.0,0.06,-0.075,8.29131257909e-14,0
296.0,0.06,-0.07,7.17685146982e-14,0
296.0,0.065,-0.075,1.06987674802e-13,0
296.0,0.065,-0.07,9.2897360663e-14,0
296.0,0.06,-0.065,6.04882127311e-14,0
296.0,0.065,-0.065,7.84732205917e-14,0
296.0,0.06,-0.06,4.85141246099e-14,0
296.0,0.065,-0.06,6.30487629398e-14,0
296.0,0.06,-0.055,3.56280237605e-14,0
296.0,0.065,-0.055,4.64210472357e-14,0
296.0,0.06,-0.05,2.19053843495e-14,0
296.0,0.065,-0.05,2.87281827637e-14,0
296.0,0.06,-0.045,7.64333509845e-15,0
296.0,0.065,-0.045,1.03824912403e-14,0
296.0,0.06,-0.04,-6.68071785231e-15,0
296.0,0.065,-0.04,-8.0321705093e-15,0
296.0,0.06,-0.035,-2.04977469259e-14,0
296.0,0.065,-0.035,-2.5829851453e-14,0
296.0,0.06,-0.03,-3.32186441006e-14,0
296.0,0.065,-0.03,-4.2322664477e-14,0
296.0,0.06,-0.025,-4.43382254079e-14,0
296.0,0.065,-0.025,-5.6887329764e-14,0
296.0,0.06,-0.02,-5.34858037123e-14,0
296.0,0.065,-0.02,-6.90329482403e-14,0
296.0,0.06,-0.015,-6.04634113081e-14,0
296.0,0.065,-0.015,-7.84002245709e-14,0
296.0,0.06,-0.01,-6.51211493007e-14,0
296.0,0.065,-0.01,-8.4751284712e-14,0
296.0,0.06,-0.005,-6.73566669127e-14,0
296.0,0.065,-0.005,-8.79230092389e-14,0
296.0,0.06,0,-6.71090161897e-14,0
296.0,0.065,4.16333634234e-19,-8.78659592933e-14,0
296.0,0.06,0.005,-6.44354539928e-14,0
296.0,0.065,0.005,-8.46384369956e-14,0
296.0,0.06,0.01,-5.95214743866e-14,0
296.0,0.065,0.01,-7.84368411951e-14,0
296.0,0.06,0.015,-5.26181625652e-14,0
296.0,0.065,0.015,-6.95342499548e-14,0
296.0,0.06,0.02,-4.39835133447e-14,0
296.0,0.065,0.02,-5.82769733014e-14,0
296.0,0.06,0.025,-3.39094946941e-14,0
296.0,0.065,0.025,-4.50474529434e-14,0
296.0,0.06,0.03,-2.27002948951e-14,0
296.0,0.065,0.03,-3.02874586618e-14,0
296.0,0.06,0.035,-1.07031787676e-14,0
296.0,0.065,0.035,-1.44865183151e-14,0
296.0,0.06,0.04,1.66759645627e-15,0
296.0,0.065,0.04,1.79029938155e-15,0
296.0,0.06,0.045,1.38577583364e-14,0
296.0,0.065,0.045,1.79213282475e-14,0
296.0,0.06,0.05,2.53397889249e-14,0
296.0,0.065,0.05,3.3304858651e-14,0
296.0,0.06,0.055,3.5726315079e-14,0
296.0,0.065,0.055,4.74725357858e-14,0
296.0,0.06,0.06,4.48472257865e-14,0
296.0,0.06,0.065,5.27630122747e-14,0
296.0,0.065,0.06,6.01523634865e-14,0
296.0,0.065,0.065,7.13511024711e-14,0
296.0,0.06,0.07,5.9808490126e-14,0
296.0,0.06,0.075,6.66103260342e-14,0
296.0,0.065,0.07,8.13942582437e-14,0
296.0,0.065,0.075,9.10191337649e-14,0
296.0,0.07,-0.075,1.29005477749e-13,0
296.0,0.07,-0.07,1.12742090181e-13,0
296.0,0.075,-0.075,1.49450431882e-13,0
296.0,0.075,-0.07,1.31918752909e-13,0
296.0,0.07,-0.065,9.57055277291e-14,0
296.0,0.075,-0.065,1.1274790469e-13,0
296.0,0.07,-0.06,7.71769403291e-14,0
296.0,0.075,-0.06,9.13491384865e-14,0
296.0,0.07,-0.055,5.69968880834e-14,0
296.0,0.075,-0.055,6.76766178667e-14,0
296.0,0.07,-0.05,3.54203856333e-14,0
296.0,0.075,-0.05,4.21761255589e-14,0
296.0,0.07,-0.045,1.29889500453e-14,0
296.0,0.075,-0.045,1.5538192213e-14,0
296.0,0.07,-0.04,-9.56919657104e-15,0
296.0,0.075,-0.04,-1.13278371429e-14,0
296.0,0.07,-0.035,-3.14362896932e-14,0
296.0,0.075,-0.035,-3.74367644171e-14,0
296.0,0.07,-0.03,-5.1785539598e-14,0
296.0,0.075,-0.03,-6.18123763391e-14,0
296.0,0.07,-0.025,-6.9868174371e-14,0
296.0,0.075,-0.025,-8.35348077266e-14,0
296.0,0.07,-0.02,-8.50485963233e-14,0
296.0,0.075,-0.02,-1.01858150018e-13,0
296.0,0.07,-0.015,-9.68512866674e-14,0
296.0,0.075,-0.015,-1.16145718541e-13,0
296.0,0.07,-0.01,-1.04921550304e-13,0
296.0,0.075,-0.01,-1.25996159833e-13,0
296.0,0.07,-0.005,-1.09061982105e-13,0
296.0,0.075,-0.005,-1.31102004538e-13,0
296.0,0.07,0,-1.0918523927e-13,0
296.0,0.075,0,-1.31405362507e-13,0
296.0,0.07,0.005,-1.05373183988e-13,0
296.0,0.075,0.005,-1.26935974895e-13,0
296.0,0.07,0.01,-9.78190854777e-14,0
296.0,0.075,0.01,-1.17966706498e-13,0
296.0,0.07,0.015,-8.68592336963e-14,0
296.0,0.075,0.015,-1.04834901225e-13,0
296.0,0.07,0.02,-7.28974410987e-14,0
296.0,0.075,0.02,-8.80721730443e-14,0
296.0,0.07,0.025,-5.64390220992e-14,0
296.0,0.075,0.025,-6.8249848863e-14,0
296.0,0.07,0.03,-3.80427829454e-14,0
296.0,0.075,0.03,-4.60880083842e-14,0
296.0,0.07,0.035,-1.83526727117e-14,0
296.0,0.075,0.035,-2.23507257965e-14,0
296.0,0.07,0.04,1.93093145565e-15,0
296.0,0.075,0.04,2.10196302278e-15,0
296.0,0.07,0.045,2.20685068935e-14,0
296.0,0.075,0.045,2.63918318648e-14,0
296.0,0.07,0.05,4.13560876659e-14,0
296.0,0.075,0.05,4.96789484149e-14,0
296.0,0.07,0.055,5.92088775237e-14,0
296.0,0.075,0.055,7.12241365017e-14,0
296.0,0.07,0.06,7.52473592508e-14,0
296.0,0.075,0.06,9.0527582674e-14,0
296.0,0.07,0.065,8.93787699639e-14,0
296.0,0.075,0.065,1.07333415963e-13,0
296.0,0.07,0.07,1.01896926983e-13,0
296.0,0.07,0.075,1.13597607371e-13,0
296.0,0.075,0.07,1.2184238103e-13,0
296.0,0.075,0.075,1.34738420923e-13,0
301.1,-0.00382671281566,-0.00202612167119,0,0
301.1,-0.005,-0.005,1.35727105309e-14,0
301.1,-0.00197892066871,-0.00385133392306,0,0
301.1,-0.005,-0.00190753787223,1.45746984022e-14,0
301.1,-0.00433,0,0,0
301.1,-0.00190753787223,-0.005,1.16709381379e-14,0
301.1,0,-0.00433,0,0
301.1,-0.005,0.00190775150599,1.69940664391e-14,0
301.1,-0.00385133392306,0.00197892066871,0,0
301.1,0.00190775150599,-0.005,1.1546905049e-14,0
301.1,0.00202612167119,-0.00382671281566,0,0
301.1,-0.00202612167119,0.00382671281566,0,0
301.1,-0.005,0.005,4.13558904991e-14,0
301.1,-0.0019094272225,0.005,1.97376894603e-14,0
301.1,0,0.00433,0,0
301.1,0.00147766755988,0.00407006125046,0,0
301.1,8.32667268469e-19,0.005,1.41233328479e-14,0
301.1,0.00433,0,0,0
301.1,0.005,1.38777878078e-18,1.13788562273e-14,0
301.1,0.00407006125046,0.00147766755988,0,0
301.1,0.005,-0.005,1.44165174282e-14,0
301.1,0.00385133392306,-0.00197892066871,0,0
301.1,0.005,-0.0019094272225,1.5125644541e-14,0
301.1,0.00306177236254,0.00306177236254,0,0
301.1,0.0019094272225,0.005,1.97078081219e-14,0
301.1,0.005,0.0019094272225,1.62084092672e-14,0
301.1,-0.000885,-0.0015328649647,1.27152186777e-12,0
301.1,-0.0015328649647,-0.000885,1.27164425051e-12,0
301.1,-0.00186450691264,-0.00187567167242,8.43026556929e-13,0
301.1,-0.00177,0,1.27133598039e-12,0
301.1,-0.00268433516245,-0.000738983120158,7.59107967443e-13,0
301.1,0,-0.00177,1.27148350039e-12,0
301.1,-0.000718432264205,-0.00269192408424,7.57401796612e-13,0
301.1,-0.0015328649647,0.000885,1.26983149701e-12,0
301.1,-0.00265321485144,0.000647311733689,7.89890975718e-13,0
301.1,-0.000885,0.0015328649647,1.26820397012e-12,0
301.1,-0.00194719253591,0.00178443766524,8.4395285813e-13,0
301.1,0,0.00177,1.26409777881e-12,0
301.1,-0.000802720381054,0.00273415977115,7.17501407029e-13,0
301.1,0.000885,-0.0015328649647,1.27017232921e-12,0
301.1,0.00075154031863,-0.00270385456952,7.45291787839e-13,0
301.1,0.00177,0,1.26243753495e-12,0
301.1,0.0015328649647,-0.000885,1.26801989127e-12,0
301.1,0.00271471102228,-0.000564731152102,7.60915581173e-13,0
301.1,0.00192394637685,-0.00189207206672,8.10097340067e-13,0
301.1,0.00231817117671,0.00040530921667,9.87912255625e-13,0
301.1,0.0015328649647,0.000885,1.26070387752e-12,0
301.1,0.000885,0.0015328649647,1.26140893986e-12,0
301.1,0.000427053001345,0.00287092483521,6.82190818944e-13,0
301.1,0.00187618296239,0.00184774001435,8.33341764446e-13,0
301.1,0.00312733402203,0.000607809752493,5.19200086275e-13,0
301.1,0.00276214303706,0.00136595635004,5.76860512282e-13,0
301.1,0.0014100336009,0.00268674970267,6.04772863237e-13,0
301.1,-0.075,-0.075,1.9859582812e-12,0
301.1,-0.07,-0.075,1.9378513077e-12,0
301.1,-0.075,-0.07,1.5070023527e-12,0
301.1,-0.07,-0.07,1.46895070562e-12,0
301.1,-0.075,-0.065,1.02154430526e-12,0
301.1,-0.07,-0.065,1.00194083149e-12,0
301.1,-0.065,-0.075,1.87409853528e-12,0
301.1,-0.065,-0.07,1.41991240341e-12,0
301.1,-0.065,-0.065,9.71773993495e-13,0
301.1,-0.075,-0.06,5.37902208925e-13,0
301.1,-0.07,-0.06,5.43108432638e-13,0
301.1,-0.065,-0.06,5.3559753644e-13,0
301.1,-0.075,-0.055,7.20320114766e-14,0
301.1,-0.07,-0.055,1.06152715802e-13,0
301.1,-0.065,-0.055,1.23906513161e-13,0
301.1,-0.075,-0.05,-3.55513146052e-13,0
301.1,-0.07,-0.05,-2.91266304606e-13,0
301.1,-0.065,-0.05,-2.47380532871e-13,0
301.1,-0.075,-0.045,-7.23774778715e-13,0
301.1,-0.07,-0.045,-6.30906925708e-13,0
301.1,-0.065,-0.045,-5.61800574653e-13,0
301.1,-0.075,-0.04,-1.01440122841e-12,0
301.1,-0.07,-0.04,-8.96760073151e-13,0
301.1,-0.075,-0.035,-1.21320589103e-12,0
301.1,-0.07,-0.035,-1.07722812218e-12,0
301.1,-0.065,-0.04,-8.05113491414e-13,0
301.1,-0.065,-0.035,-9.67611250603e-13,0
301.1,-0.075,-0.03,-1.31283374538e-12,0
301.1,-0.07,-0.03,-1.16636794145e-12,0
301.1,-0.075,-0.025,-1.31139852183e-12,0
301.1,-0.07,-0.025,-1.16417942414e-12,0
301.1,-0.065,-0.03,-1.04540235148e-12,0
301.1,-0.065,-0.025,-1.04007843941e-12,0
301.1,-0.075,-0.02,-1.21433220438e-12,0
301.1,-0.07,-0.02,-1.07574109161e-12,0
301.1,-0.075,-0.015,-1.03150475359e-12,0
301.1,-0.07,-0.015,-9.10906696174e-13,0
301.1,-0.065,-0.02,-9.57577801271e-13,0
301.1,-0.065,-0.015,-8.06852774665e-13,0
301.1,-0.075,-0.01,-7.78835131099e-13,0
301.1,-0.07,-0.01,-6.83434570577e-13,0
301.1,-0.075,-0.005,-4.75609663031e-13,0
301.1,-0.07,-0.005,-4.10933486471e-13,0
301.1,-0.065,-0.01,-6.00142090171e-13,0
301.1,-0.065,-0.005,-3.52901356179e-13,0
301.1,-0.075,0,-1.44958354291e-13,0
301.1,-0.07,0,-1.13864450626e-13,0
301.1,-0.075,0.005,1.88517570289e-13,0
301.1,-0.07,0.005,1.85567716354e-13,0
301.1,-0.065,4.16333634234e-19,-8.35628170057e-14,0
301.1,-0.065,0.005,1.87739564233e-13,0
301.1,-0.075,0.01,5.0004780899e-13,0
301.1,-0.07,0.01,4.65053792505e-13,0
301.1,-0.075,0.015,7.66153386349e-13,0
301.1,-0.07,0.015,7.03754228177e-13,0
301.1,-0.065,0.01,4.40720105309e-13,0
301.1,-0.065,0.015,6.56599522081e-13,0
301.1,-0.075,0.02,9.6696125742e-13,0
301.1,-0.07,0.02,8.83598806592e-13,0
301.1,-0.075,0.025,1.08590802804e-12,0
301.1,-0.07,0.025,9.90252564089e-13,0
301.1,-0.065,0.02,8.19453307863e-13,0
301.1,-0.065,0.025,9.16639379017e-13,0
301.1,-0.075,0.03,1.1123595392e-12,0
301.1,-0.07,0.03,1.01328783777e-12,0
301.1,-0.075,0.035,1.04007615861e-12,0
301.1,-0.07,0.035,9.46948977279e-13,0
301.1,-0.065,0.03,9.38765777404e-13,0
301.1,-0.065,0.035,8.79410300449e-13,0
301.1,-0.075,0.04,8.70072362163e-13,0
301.1,-0.07,0.04,7.90536391416e-13,0
301.1,-0.075,0.045,6.08812370935e-13,0
301.1,-0.07,0.045,5.49251842052e-13,0
301.1,-0.065,0.04,7.36376764246e-13,0
301.1,-0.065,0.045,5.12964008284e-13,0
301.1,-0.075,0.05,2.69653761441e-13,0
301.1,-0.07,0.05,2.34038017275e-13,0
301.1,-0.075,0.055,-1.29817810483e-13,0
301.1,-0.07,0.055,-1.39663905764e-13,0
301.1,-0.065,0.05,2.18350490242e-13,0
301.1,-0.065,0.055,-1.33598565811e-13,0
301.1,-0.075,0.06,-5.69185028551e-13,0
301.1,-0.07,0.06,-5.53983120034e-13,0
301.1,-0.075,0.065,-1.02826597334e-12,0
301.1,-0.07,0.065,-9.91400406319e-13,0
301.1,-0.065,0.06,-5.26647304682e-13,0
301.1,-0.065,0.065,-9.44834701638e-13,0
301.1,-0.075,0.07,-1.49102966019e-12,0
301.1,-0.07,0.07,-1.43799609755e-12,0
301.1,-0.075,0.075,-1.94869007198e-12,0
301.1,-0.07,0.075,-1.88682852815e-12,0
301.1,-0.065,0.07,-1.37530964785e-12,0
301.1,-0.065,0.075,-1.81143593346e-12,0
301.1,-0.06,-0.075,1.78723010477e-12,0
301.1,-0.06,-0.07,1.35213503412e-12,0
301.1,-0.06,-0.065,9.24932006684e-13,0
301.1,-0.055,-0.075,1.67472787236e-12,0
301.1,-0.055,-0.07,1.26280727028e-12,0
301.1,-0.055,-0.065,8.59106391542e-13,0
301.1,-0.06,-0.06,5.11671356526e-13,0
301.1,-0.06,-0.055,1.24267622682e-13,0
301.1,-0.055,-0.06,4.70118905151e-13,0
301.1,-0.055,-0.055,1.07488100877e-13,0
301.1,-0.06,-0.05,-2.22278696481e-13,0
301.1,-0.055,-0.05,-2.14380015449e-13,0
301.1,-0.06,-0.045,-5.12612015457e-13,0
301.1,-0.055,-0.045,-4.80641211679e-13,0
301.1,-0.06,-0.04,-7.335835601e-13,0
301.1,-0.055,-0.04,-6.78565046964e-13,0
301.1,-0.06,-0.035,-8.76855217645e-13,0
301.1,-0.055,-0.035,-8.00299507512e-13,0
301.1,-0.06,-0.03,-9.40944047558e-13,0
301.1,-0.06,-0.025,-9.30291958867e-13,0
301.1,-0.055,-0.03,-8.47551148796e-13,0
301.1,-0.055,-0.025,-8.2906779532e-13,0
301.1,-0.06,-0.02,-8.51538788291e-13,0
301.1,-0.06,-0.015,-7.13062994833e-13,0
301.1,-0.055,-0.02,-7.53032437684e-13,0
301.1,-0.055,-0.015,-6.26186435867e-13,0
301.1,-0.06,-0.01,-5.24639786392e-13,0
301.1,-0.06,-0.005,-2.99552908681e-13,0
301.1,-0.055,-0.01,-4.55044134579e-13,0
301.1,-0.055,-0.005,-2.50307771577e-13,0
301.1,-0.06,0,-5.44302118093e-14,0
301.1,-0.06,0.005,1.92272364072e-13,0
301.1,-0.055,4.16333634234e-19,-2.73416112062e-14,0
301.1,-0.055,0.005,1.96839369751e-13,0
301.1,-0.06,0.01,4.21952009304e-13,0
301.1,-0.06,0.015,6.17538252881e-13,0
301.1,-0.055,0.01,4.05056921635e-13,0
301.1,-0.055,0.015,5.81380866431e-13,0
301.1,-0.06,0.02,7.65312203609e-13,0
301.1,-0.06,0.025,8.55254391618e-13,0
301.1,-0.055,0.02,7.14665917686e-13,0
301.1,-0.055,0.025,7.9852093132e-13,0
301.1,-0.06,0.03,8.78759746339e-13,0
301.1,-0.06,0.035,8.28891636271e-13,0
301.1,-0.055,0.03,8.26033667586e-13,0
301.1,-0.055,0.035,7.89102435244e-13,0
301.1,-0.06,0.04,7.00657764943e-13,0
301.1,-0.06,0.045,4.9496385316e-13,0
301.1,-0.055,0.04,6.78293759393e-13,0
301.1,-0.055,0.045,4.91165292604e-13,0
301.1,-0.06,0.05,2.19798348474e-13,0
301.1,-0.06,0.055,-1.1194248896e-13,0
301.1,-0.055,0.05,2.35418323412e-13,0
301.1,-0.055,0.055,-7.63229699015e-14,0
301.1,-0.06,0.06,-4.84959299173e-13,0
301.1,-0.06,0.065,-8.84092570965e-13,0
301.1,-0.055,0.06,-4.29154263295e-13,0
301.1,-0.055,0.065,-8.08342725469e-13,0
301.1,-0.06,0.07,-1.29696709855e-12,0
301.1,-0.06,0.075,-1.71675935959e-12,0
301.1,-0.055,0.07,-1.20168173594e-12,0
301.1,-0.055,0.075,-1.60183779489e-12,0
301.1,-0.05,-0.075,1.53794673332e-12,0
301.1,-0.05,-0.07,1.1525132001e-12,0
301.1,-0.045,-0.075,1.38069748312e-12,0
301.1,-0.045,-0.07,1.02450338809e-12,0
301.1,-0.05,-0.065,7.74908365243e-13,0
301.1,-0.045,-0.065,6.75044104704e-13,0
301.1,-0.05,-0.06,4.11924646751e-13,0
301.1,-0.05,-0.055,7.51837382169e-14,0
301.1,-0.045,-0.06,3.39802230229e-13,0
301.1,-0.045,-0.055,3.02920768212e-14,0
301.1,-0.05,-0.05,-2.21326907627e-13,0
301.1,-0.05,-0.045,-4.63280153459e-13,0
301.1,-0.045,-0.05,-2.39845386281e-13,0
301.1,-0.045,-0.045,-4.56710586808e-13,0
301.1,-0.05,-0.04,-6.37674520802e-13,0
301.1,-0.045,-0.04,-6.0772316015e-13,0
301.1,-0.05,-0.035,-7.35553931198e-13,0
301.1,-0.045,-0.035,-6.80574905268e-13,0
301.1,-0.05,-0.03,-7.62460594801e-13,0
301.1,-0.045,-0.03,-6.85323500901e-13,0
301.1,-0.05,-0.025,-7.34673450663e-13,0
301.1,-0.045,-0.025,-6.48933951823e-13,0
301.1,-0.05,-0.02,-6.60645963224e-13,0
301.1,-0.05,-0.015,-5.45526220708e-13,0
301.1,-0.045,-0.02,-5.76110887771e-13,0
301.1,-0.045,-0.015,-4.72009207152e-13,0
301.1,-0.05,-0.01,-3.91040171687e-13,0
301.1,-0.05,-0.005,-2.05389416608e-13,0
301.1,-0.045,-0.01,-3.32660615365e-13,0
301.1,-0.045,-0.005,-1.64798304314e-13,0
301.1,-0.05,0,-3.37967884158e-15,0
301.1,-0.05,0.005,1.99415607707e-13,0
301.1,-0.045,4.16333634234e-19,1.63896025919e-14,0
301.1,-0.045,0.005,1.97883367008e-13,0
301.1,-0.05,0.01,3.87350541862e-13,0
301.1,-0.05,0.015,5.45101881573e-13,0
301.1,-0.045,0.01,3.66591758344e-13,0
301.1,-0.045,0.015,5.07043273199e-13,0
301.1,-0.05,0.02,6.64118190777e-13,0
301.1,-0.05,0.025,7.42969873682e-13,0
301.1,-0.045,0.02,6.12626996327e-13,0
301.1,-0.045,0.025,6.87840794096e-13,0
301.1,-0.05,0.03,7.76327364909e-13,0
301.1,-0.05,0.035,7.56064199606e-13,0
301.1,-0.045,0.03,7.27329341297e-13,0
301.1,-0.045,0.035,7.26459687746e-13,0
301.1,-0.05,0.04,6.65383650989e-13,0
301.1,-0.05,0.045,4.97610306216e-13,0
301.1,-0.045,0.04,6.57751508605e-13,0
301.1,-0.045,0.045,5.09636966055e-13,0
301.1,-0.05,0.05,2.61623286871e-13,0
301.1,-0.05,0.055,-2.95939187524e-14,0
301.1,-0.045,0.05,2.94247560512e-13,0
301.1,-0.045,0.055,2.44169580298e-14,0
301.1,-0.05,0.06,-3.61439557771e-13,0
301.1,-0.05,0.065,-7.19440129498e-13,0
301.1,-0.045,0.06,-2.85436243729e-13,0
301.1,-0.045,0.065,-6.20969349655e-13,0
301.1,-0.05,0.07,-1.09126655787e-12,0
301.1,-0.05,0.075,-1.46920671449e-12,0
301.1,-0.045,0.07,-9.69827668252e-13,0
301.1,-0.045,0.075,-1.32355646997e-12,0
301.1,-0.04,-0.075,1.20878208733e-12,0
301.1,-0.04,-0.07,8.83530019827e-13,0
301.1,-0.035,-0.075,1.02918843515e-12,0
301.1,-0.035,-0.07,7.35587397876e-13,0
301.1,-0.04,-0.065,5.63772829979e-13,0
301.1,-0.035,-0.065,4.46031056903e-13,0
301.1,-0.04,-0.06,2.57518248907e-13,0
301.1,-0.035,-0.06,1.69387469629e-13,0
301.1,-0.04,-0.055,-2.35233941432e-14,0
301.1,-0.035,-0.055,-8.2579505465e-14,0
301.1,-0.04,-0.05,-2.66054378477e-13,0
301.1,-0.04,-0.045,-4.5658614488e-13,0
301.1,-0.035,-0.05,-2.96793547928e-13,0
301.1,-0.035,-0.045,-4.60269522133e-13,0
301.1,-0.04,-0.04,-5.82681892311e-13,0
301.1,-0.04,-0.035,-6.31546338725e-13,0
301.1,-0.035,-0.04,-5.61605392418e-13,0
301.1,-0.035,-0.035,-5.90458475748e-13,0
301.1,-0.04,-0.03,-6.20585789363e-13,0
301.1,-0.035,-0.03,-5.67204632172e-13,0
301.1,-0.04,-0.025,-5.77409817564e-13,0
301.1,-0.035,-0.025,-5.17302605681e-13,0
301.1,-0.04,-0.02,-5.03813893507e-13,0
301.1,-0.035,-0.02,-4.42247065926e-13,0
301.1,-0.04,-0.015,-4.05051359679e-13,0
301.1,-0.035,-0.015,-3.45858023377e-13,0
301.1,-0.04,-0.01,-2.78277499083e-13,0
301.1,-0.04,-0.005,-1.28514221816e-13,0
301.1,-0.035,-0.01,-2.29644206903e-13,0
301.1,-0.035,-0.005,-9.78388465687e-14,0
301.1,-0.04,0,3.14134467611e-14,0
301.1,-0.04,0.005,1.91293431675e-13,0
301.1,-0.035,4.16333634234e-19,4.13177829836e-14,0
301.1,-0.035,0.005,1.80328944599e-13,0
301.1,-0.04,0.01,3.40676061834e-13,0
301.1,-0.04,0.015,4.66503857619e-13,0
301.1,-0.035,0.01,3.11650030106e-13,0
301.1,-0.035,0.015,4.2686725617e-13,0
301.1,-0.04,0.02,5.64910842188e-13,0
301.1,-0.04,0.025,6.39216055185e-13,0
301.1,-0.035,0.02,5.22464584063e-13,0
301.1,-0.035,0.025,5.97249131511e-13,0
301.1,-0.04,0.03,6.83845384718e-13,0
301.1,-0.04,0.035,6.96905758586e-13,0
301.1,-0.035,0.03,6.47167395594e-13,0
301.1,-0.035,0.035,6.70681383522e-13,0
301.1,-0.04,0.04,6.4959929195e-13,0
301.1,-0.04,0.045,5.22680071791e-13,0
301.1,-0.035,0.04,6.40422030521e-13,0
301.1,-0.035,0.045,5.34164533233e-13,0
301.1,-0.04,0.05,3.28998301351e-13,0
301.1,-0.04,0.055,8.15440219151e-14,0
301.1,-0.035,0.05,3.62630410461e-13,0
301.1,-0.035,0.055,1.37979115616e-13,0
301.1,-0.04,0.06,-2.05411542519e-13,0
301.1,-0.04,0.065,-5.17659988551e-13,0
301.1,-0.035,0.06,-1.25768233281e-13,0
301.1,-0.035,0.065,-4.14458866769e-13,0
301.1,-0.04,0.07,-8.42525720376e-13,0
301.1,-0.04,0.075,-1.17099702013e-12,0
301.1,-0.035,0.07,-7.15275559672e-13,0
301.1,-0.035,0.075,-1.01837811572e-12,0
301.1,-0.03,-0.075,8.49418314853e-13,0
301.1,-0.03,-0.07,5.86977879373e-13,0
301.1,-0.025,-0.075,6.77343568634e-13,0
301.1,-0.025,-0.07,4.44238337517e-13,0
301.1,-0.03,-0.065,3.27198925642e-13,0
301.1,-0.025,-0.065,2.1249180792e-13,0
301.1,-0.03,-0.06,7.96792974241e-14,0
301.1,-0.025,-0.06,-7.47785721783e-15,0
301.1,-0.03,-0.055,-1.43566261899e-13,0
301.1,-0.025,-0.055,-2.03550388447e-13,0
301.1,-0.03,-0.05,-3.29802349033e-13,0
301.1,-0.025,-0.05,-3.63390863181e-13,0
301.1,-0.03,-0.045,-4.66959005905e-13,0
301.1,-0.025,-0.045,-4.7584962306e-13,0
301.1,-0.03,-0.04,-5.44990055112e-13,0
301.1,-0.03,-0.035,-5.56764016852e-13,0
301.1,-0.025,-0.04,-5.32714172784e-13,0
301.1,-0.025,-0.035,-5.2922670202e-13,0
301.1,-0.03,-0.03,-5.22717341245e-13,0
301.1,-0.03,-0.025,-4.66336392298e-13,0
301.1,-0.025,-0.03,-4.85212999931e-13,0
301.1,-0.025,-0.025,-4.22484573872e-13,0
301.1,-0.03,-0.02,-3.89756011069e-13,0
301.1,-0.025,-0.02,-3.43752433849e-13,0
301.1,-0.03,-0.015,-2.96567750138e-13,0
301.1,-0.025,-0.015,-2.53303881131e-13,0
301.1,-0.03,-0.01,-1.89913880512e-13,0
301.1,-0.025,-0.01,-1.55097130848e-13,0
301.1,-0.03,-0.005,-7.36684529378e-14,0
301.1,-0.025,-0.005,-5.28484583748e-14,0
301.1,-0.03,0,4.7262704805e-14,0
301.1,-0.03,0.005,1.68212545431e-13,0
301.1,-0.025,4.16333634234e-19,5.08098923621e-14,0
301.1,-0.025,0.005,1.54736526449e-13,0
301.1,-0.03,0.01,2.84416044184e-13,0
301.1,-0.03,0.015,3.90825201218e-13,0
301.1,-0.025,0.01,2.57543030195e-13,0
301.1,-0.025,0.015,3.5596305209e-13,0
301.1,-0.03,0.02,4.83498646859e-13,0
301.1,-0.03,0.025,5.59237091949e-13,0
301.1,-0.025,0.02,4.45920727436e-13,0
301.1,-0.025,0.025,5.23272179234e-13,0
301.1,-0.03,0.03,6.14368946744e-13,0
301.1,-0.03,0.035,6.46765613985e-13,0
301.1,-0.025,0.03,5.83522038055e-13,0
301.1,-0.025,0.035,6.2396099142e-13,0
301.1,-0.03,0.04,6.3056294581e-13,0
301.1,-0.03,0.045,5.43343693478e-13,0
301.1,-0.025,0.04,6.20027730901e-13,0
301.1,-0.025,0.045,5.49647367752e-13,0
301.1,-0.03,0.05,3.93000360484e-13,0
301.1,-0.03,0.055,1.9062554393e-13,0
301.1,-0.025,0.05,4.18802892677e-13,0
301.1,-0.025,0.055,2.37069226327e-13,0
301.1,-0.03,0.06,-5.04654356122e-14,0
301.1,-0.03,0.065,-3.16307133043e-13,0
301.1,-0.025,0.06,1.70689686986e-14,0
301.1,-0.025,0.065,-2.27534102098e-13,0
301.1,-0.03,0.07,-5.93787846573e-13,0
301.1,-0.03,0.075,-8.7242163278e-13,0
301.1,-0.025,0.07,-4.83528938131e-13,0
301.1,-0.025,0.075,-7.39743757696e-13,0
301.1,-0.02,-0.075,5.20212672852e-13,0
301.1,-0.02,-0.07,3.13529532208e-13,0
301.1,-0.015,-0.075,3.85212897067e-13,0
301.1,-0.015,-0.07,2.00615097448e-13,0
301.1,-0.02,-0.065,1.06962650231e-13,0
301.1,-0.015,-0.065,1.51508079879e-14,0
301.1,-0.02,-0.06,-8.82986549693e-14,0
301.1,-0.015,-0.06,-1.59367491009e-13,0
301.1,-0.02,-0.055,-2.59948410936e-13,0
301.1,-0.015,-0.055,-3.10476612038e-13,0
301.1,-0.02,-0.05,-3.96017437817e-13,0
301.1,-0.015,-0.05,-4.26519067243e-13,0
301.1,-0.02,-0.045,-4.86322289054e-13,0
301.1,-0.015,-0.045,-4.98039001957e-13,0
301.1,-0.02,-0.04,-5.24190482719e-13,0
301.1,-0.015,-0.04,-5.19580369686e-13,0
301.1,-0.02,-0.035,-5.06999807873e-13,0
301.1,-0.015,-0.035,-4.90509080665e-13,0
301.1,-0.02,-0.03,-4.53941488753e-13,0
301.1,-0.02,-0.025,-3.84547079189e-13,0
301.1,-0.015,-0.03,-4.29163324214e-13,0
301.1,-0.015,-0.025,-3.52578417005e-13,0
301.1,-0.02,-0.02,-3.02455214543e-13,0
301.1,-0.02,-0.015,-2.13073530807e-13,0
301.1,-0.015,-0.02,-2.65562796173e-13,0
301.1,-0.015,-0.015,-1.75276308529e-13,0
301.1,-0.02,-0.01,-1.22132047955e-13,0
301.1,-0.015,-0.01,-9.01462619249e-14,0
301.1,-0.02,-0.005,-3.41130110712e-14,0
301.1,-0.015,-0.005,-1.66550824714e-14,0
301.1,-0.02,0,5.10328128118e-14,0
301.1,-0.015,4.16333634234e-19,4.69472318284e-14,0
301.1,-0.02,0.005,1.37055115936e-13,0
301.1,-0.015,0.005,1.12726323649e-13,0
301.1,-0.02,0.01,2.26862426085e-13,0
301.1,-0.02,0.015,3.19063878366e-13,0
301.1,-0.015,0.01,1.90782287001e-13,0
301.1,-0.015,0.015,2.79694744548e-13,0
301.1,-0.02,0.02,4.08315965499e-13,0
301.1,-0.02,0.025,4.88641008991e-13,0
301.1,-0.015,0.02,3.71057301475e-13,0
301.1,-0.015,0.025,4.56238427659e-13,0
301.1,-0.02,0.03,5.54392448694e-13,0
301.1,-0.02,0.035,6.0202327395e-13,0
301.1,-0.015,0.03,5.27999346078e-13,0
301.1,-0.015,0.035,5.81910033071e-13,0
301.1,-0.02,0.04,6.08694786399e-13,0
301.1,-0.02,0.045,5.52953740989e-13,0
301.1,-0.015,0.04,5.97214809505e-13,0
301.1,-0.015,0.045,5.535025526e-13,0
301.1,-0.02,0.05,4.39116351078e-13,0
301.1,-0.02,0.055,2.75568128312e-13,0
301.1,-0.015,0.05,4.53639266841e-13,0
301.1,-0.015,0.055,3.04943679735e-13,0
301.1,-0.02,0.06,7.41039418199e-14,0
301.1,-0.02,0.065,-1.51912351409e-13,0
301.1,-0.015,0.06,1.18594641114e-13,0
301.1,-0.015,0.065,-9.23405183011e-14,0
301.1,-0.02,0.07,-3.89124002396e-13,0
301.1,-0.02,0.075,-6.2579421493e-13,0
301.1,-0.015,0.07,-3.14449421066e-13,0
301.1,-0.015,0.075,-5.3557111382e-13,0
301.1,-0.01,-0.075,2.78087480578e-13,0
301.1,-0.01,-0.07,1.10529894258e-13,0
301.1,-0.005,-0.075,2.04296694338e-13,0
301.1,-0.005,-0.07,4.7508281393e-14,0
301.1,-0.01,-0.065,-5.88864240522e-14,0
301.1,-0.005,-0.065,-1.11755816672e-13,0
301.1,-0.01,-0.06,-2.1767861249e-13,0
301.1,-0.005,-0.06,-2.60690002286e-13,0
301.1,-0.01,-0.055,-3.53216718948e-13,0
301.1,-0.005,-0.055,-3.86449827524e-13,0
301.1,-0.01,-0.05,-4.53971247153e-13,0
301.1,-0.005,-0.05,-4.77594822059e-13,0
301.1,-0.01,-0.045,-5.110522057e-13,0
301.1,-0.005,-0.045,-5.25432392678e-13,0
301.1,-0.01,-0.04,-5.19880866892e-13,0
301.1,-0.005,-0.04,-5.25806870454e-13,0
301.1,-0.01,-0.035,-4.81318194155e-13,0
301.1,-0.005,-0.035,-4.80547554927e-13,0
301.1,-0.01,-0.03,-4.12487318004e-13,0
301.1,-0.005,-0.03,-4.05980943688e-13,0
301.1,-0.01,-0.025,-3.28480590598e-13,0
301.1,-0.005,-0.025,-3.16157643112e-13,0
301.1,-0.01,-0.02,-2.35376443294e-13,0
301.1,-0.01,-0.015,-1.42066934948e-13,0
301.1,-0.005,-0.02,-2.1779575939e-13,0
301.1,-0.005,-0.015,-1.19972101802e-13,0
301.1,-0.0117873230072,-0.0115873794689,-9.49714379196e-14,0
301.1,-0.00939961996336,-0.005,2.31173733316e-15,0
301.1,-0.00792797428371,-0.00964253216809,-4.34143527061e-14,0
301.1,-0.005,-0.00939961996336,-2.76731876416e-14,0
301.1,-0.0108753492546,-0.00150606400588,2.78842284514e-14,0
301.1,-0.00818101620308,-0.00211452602544,2.28620109648e-14,0
301.1,-0.00651817360753,-0.000255934956239,2.36021050529e-14,0
301.1,-0.005,6.71033969428e-08,1.15862848498e-14,0
301.1,-0.0107292118043,0.00160660295843,5.16821458158e-14,0
301.1,-0.0080188992252,0.000768320427092,3.4068966544e-14,0
301.1,-0.00939946851065,0.005,7.54988887413e-14,0
301.1,-0.00802129342231,0.00264911934363,4.46102622778e-14,0
301.1,-0.00887989370213,0.00887989479405,1.23383942773e-13,0
301.1,-0.01,0.015,2.40742253422e-13,0
301.1,-0.005,0.00939947397025,1.03176482087e-13,0
301.1,-0.005,0.015,2.10435710074e-13,0
301.1,-0.01,0.02,3.37061164906e-13,0
301.1,-0.01,0.025,4.28372864701e-13,0
301.1,-0.005,0.02,3.12542453371e-13,0
301.1,-0.005,0.025,4.09068283546e-13,0
301.1,-0.01,0.03,5.06305727823e-13,0
301.1,-0.01,0.035,5.65352412378e-13,0
301.1,-0.005,0.03,4.91891927275e-13,0
301.1,-0.005,0.035,5.54191574102e-13,0
301.1,-0.01,0.04,5.86919992416e-13,0
301.1,-0.01,0.045,5.52116539652e-13,0
301.1,-0.005,0.04,5.79354146527e-13,0
301.1,-0.005,0.045,5.49948713048e-13,0
301.1,-0.01,0.05,4.62508465644e-13,0
301.1,-0.01,0.055,3.24642220193e-13,0
301.1,-0.005,0.05,4.66293966375e-13,0
301.1,-0.005,0.055,3.34524628204e-13,0
301.1,-0.01,0.06,1.49173205566e-13,0
301.1,-0.01,0.065,-5.09851913421e-14,0
301.1,-0.005,0.06,1.6510666718e-13,0
301.1,-0.005,0.065,-2.91628204144e-14,0
301.1,-0.01,0.07,-2.62342590631e-13,0
301.1,-0.01,0.075,-4.72344201822e-13,0
301.1,-0.005,0.07,-2.34726299035e-13,0
301.1,-0.005,0.075,-4.38904160115e-13,0
301.1,0,-0.075,1.67268539139e-13,0
301.1,0,-0.07,1.48357228134e-14,0
301.1,0.005,-0.075,1.69957090123e-13,0
301.1,0.005,-0.07,1.46970047159e-14,0
301.1,0,-0.065,-1.4073892108e-13,0
301.1,0.005,-0.065,-1.43907514459e-13,0
301.1,0,-0.06,-2.86236169669e-13,0
301.1,0.005,-0.06,-2.92679768257e-13,0
301.1,0,-0.055,-4.08680456072e-13,0
301.1,0.005,-0.055,-4.18454172676e-13,0
301.1,0,-0.05,-4.96470322102e-13,0
301.1,0.005,-0.05,-5.09488941396e-13,0
301.1,0,-0.045,-5.40952106065e-13,0
301.1,0.005,-0.045,-5.56765344012e-13,0
301.1,0,-0.04,-5.37878348374e-13,0
301.1,0.005,-0.04,-5.55709956318e-13,0
301.1,0,-0.035,-4.89199954744e-13,0
301.1,0.005,-0.035,-5.07345218704e-13,0
301.1,0,-0.03,-4.11226687495e-13,0
301.1,0.005,-0.03,-4.28955554988e-13,0
301.1,0,-0.025,-3.18170741326e-13,0
301.1,0.005,-0.025,-3.35830178798e-13,0
301.1,0,-0.02,-2.17108848157e-13,0
301.1,0.005,-0.02,-2.33919502137e-13,0
301.1,0,-0.015,-1.15683887524e-13,0
301.1,0.005,-0.015,-1.30709141681e-13,0
301.1,-0.0021196717084,-0.00776771017156,-1.90813524246e-15,0
301.1,-0.00084550708518,-0.00631514607954,9.60664591514e-15,0
301.1,6.71033969406e-08,-0.005,9.65406904246e-15,0
301.1,-0.00139054260708,-0.0110960807567,-4.5254605966e-14,0
301.1,0.00132468676756,-0.00775008274642,-1.50953460718e-15,0
301.1,0.00160394440688,-0.0116908851489,-5.71439337731e-14,0
301.1,0.005,-0.00939946851065,-3.10880377284e-14,0
301.1,0.005,0.005,3.902630865e-14,0
301.1,-0.000107646311398,0.00617659695633,3.20672646534e-14,0
301.1,-0.00190846935279,0.0076427502668,5.83978297985e-14,0
301.1,0.00131146485568,0.00777290068297,5.83561403298e-14,0
301.1,0.00295884413402,0.00640276348073,4.36762116286e-14,0
301.1,-1.21517769428e-05,0.0108932602996,1.14218707038e-13,0
301.1,0,0.015,1.98771976863e-13,0
301.1,0.005,0.00939942566771,1.01500185995e-13,0
301.1,0.005,0.015,2.10381529899e-13,0
301.1,0,0.02,3.03827743155e-13,0
301.1,0,0.025,4.02090834207e-13,0
301.1,0.005,0.02,3.13173244374e-13,0
301.1,0.005,0.025,4.09563626434e-13,0
301.1,0,0.03,4.86880585202e-13,0
301.1,0,0.035,5.5031873849e-13,0
301.1,0.005,0.03,4.92102148791e-13,0
301.1,0.005,0.035,5.54480837659e-13,0
301.1,0,0.04,5.76351218495e-13,0
301.1,0,0.045,5.48225240663e-13,0
301.1,0.005,0.04,5.79022745804e-13,0
301.1,0.005,0.045,5.47506956379e-13,0
301.1,0,0.05,4.65619054944e-13,0
301.1,0,0.055,3.34791258951e-13,0
301.1,0.005,0.05,4.6089887655e-13,0
301.1,0.005,0.055,3.25633824192e-13,0
301.1,0,0.06,1.66123547189e-13,0
301.1,0,0.065,-2.75080663297e-14,0
301.1,0.005,0.06,1.52377487103e-13,0
301.1,0.005,0.065,-4.59522981037e-14,0
301.1,0,0.07,-2.32523595991e-13,0
301.1,0,0.075,-4.36106031433e-13,0
301.1,0.005,0.07,-2.55758882857e-13,0
301.1,0.005,0.075,-4.64408973884e-13,0
301.1,0.01,-0.075,2.12866088767e-13,0
301.1,0.01,-0.07,4.80905980554e-14,0
301.1,0.015,-0.075,2.95776910279e-13,0
301.1,0.015,-0.07,1.14652645727e-13,0
301.1,0.01,-0.065,-1.20219780713e-13,0
301.1,0.015,-0.065,-6.96706058732e-14,0
301.1,0.01,-0.06,-2.78858291788e-13,0
301.1,0.015,-0.06,-2.44384290346e-13,0
301.1,0.01,-0.055,-4.14576865509e-13,0
301.1,0.015,-0.055,-3.96143778658e-13,0
301.1,0.01,-0.05,-5.15241791509e-13,0
301.1,0.015,-0.05,-5.12448712755e-13,0
301.1,0.01,-0.045,-5.71324724365e-13,0
301.1,0.015,-0.045,-5.82872418753e-13,0
301.1,0.01,-0.04,-5.77461939507e-13,0
301.1,0.015,-0.04,-6.00884054196e-13,0
301.1,0.01,-0.035,-5.33220541206e-13,0
301.1,0.015,-0.035,-5.64490969462e-13,0
301.1,0.01,-0.03,-4.57372027989e-13,0
301.1,0.015,-0.03,-4.93752441725e-13,0
301.1,0.01,-0.025,-3.66962068752e-13,0
301.1,0.015,-0.025,-4.07862718695e-13,0
301.1,0.01,-0.02,-2.66783084003e-13,0
301.1,0.01,-0.015,-1.63965034676e-13,0
301.1,0.015,-0.02,-3.10727359987e-13,0
301.1,0.015,-0.015,-2.08541434484e-13,0
301.1,0.00999280436795,-0.0116358337096,-9.91094392352e-14,0
301.1,0.0105889214373,-0.00845762197625,-5.07848187587e-14,0
301.1,0.015,-0.01,-1.10450157096e-13,0
301.1,0.00939947397025,-0.005,1.05433641523e-15,0
301.1,0.015,-0.005,-2.741900791e-14,0
301.1,0.00658051136513,-0.00296146438142,2.22637596695e-14,0
301.1,0.00636794669772,-3.54305826484e-06,2.45653715444e-14,0
301.1,0.00795807888052,-0.00113999998936,2.8164098763e-14,0
301.1,0.00758147027913,0.00183630393596,3.57292021216e-14,0
301.1,0.0112534647756,-1.47536350887e-07,3.77468699719e-14,0
301.1,0.015,4.16333634234e-19,3.95971856736e-14,0
301.1,0.00939942566771,0.005,7.10466324341e-14,0
301.1,0.015,0.005,1.05617152496e-13,0
301.1,0.00999018807453,0.0109670628501,1.64316290059e-13,0
301.1,0.01,0.015,2.40114287624e-13,0
301.1,0.015,0.01,1.85932623475e-13,0
301.1,0.015,0.015,2.78054770047e-13,0
301.1,0.01,0.02,3.37794503521e-13,0
301.1,0.01,0.025,4.29325147858e-13,0
301.1,0.015,0.02,3.7150179612e-13,0
301.1,0.015,0.025,4.57661899526e-13,0
301.1,0.01,0.03,5.07077505356e-13,0
301.1,0.01,0.035,5.66149958996e-13,0
301.1,0.015,0.03,5.29678743834e-13,0
301.1,0.015,0.035,5.83422277565e-13,0
301.1,0.01,0.04,5.8623845329e-13,0
301.1,0.01,0.045,5.47316485927e-13,0
301.1,0.015,0.04,5.96224816697e-13,0
301.1,0.015,0.045,5.46621982233e-13,0
301.1,0.01,0.05,4.51969807432e-13,0
301.1,0.01,0.055,3.07282785902e-13,0
301.1,0.015,0.05,4.38530240037e-13,0
301.1,0.015,0.055,2.7999892382e-13,0
301.1,0.01,0.06,1.24302055018e-13,0
301.1,0.01,0.065,-8.38276501622e-14,0
301.1,0.015,0.06,8.27589587714e-14,0
301.1,0.015,0.065,-1.39769761351e-13,0
301.1,0.01,0.07,-3.03523668965e-13,0
301.1,0.01,0.075,-5.22328929344e-13,0
301.1,0.015,0.07,-3.74041524588e-13,0
301.1,0.015,0.075,-6.08006918123e-13,0
301.1,0.02,-0.075,4.15819974927e-13,0
301.1,0.02,-0.07,2.12572294656e-13,0
301.1,0.025,-0.075,5.69192336295e-13,0
301.1,0.025,-0.07,3.38555228751e-13,0
301.1,0.02,-0.065,6.60745251738e-15,0
301.1,0.025,-0.065,1.06187293392e-13,0
301.1,0.02,-0.06,-1.89673499572e-13,0
301.1,0.025,-0.06,-1.16202312321e-13,0
301.1,0.02,-0.055,-3.62924937076e-13,0
301.1,0.025,-0.055,-3.15370082857e-13,0
301.1,0.02,-0.05,-5.00136081804e-13,0
301.1,0.025,-0.05,-4.77946742665e-13,0
301.1,0.02,-0.045,-5.90007291429e-13,0
301.1,0.025,-0.045,-5.91616598509e-13,0
301.1,0.02,-0.04,-6.24432245348e-13,0
301.1,0.025,-0.04,-6.46756385256e-13,0
301.1,0.02,-0.035,-5.99408206195e-13,0
301.1,0.025,-0.035,-6.36537051041e-13,0
301.1,0.02,-0.03,-5.3593371623e-13,0
301.1,0.025,-0.03,-5.82147363113e-13,0
301.1,0.02,-0.025,-4.5542725744e-13,0
301.1,0.025,-0.025,-5.07423508517e-13,0
301.1,0.02,-0.02,-3.61355606805e-13,0
301.1,0.025,-0.02,-4.15417683896e-13,0
301.1,0.02,-0.015,-2.59370934257e-13,0
301.1,0.025,-0.015,-3.11747977501e-13,0
301.1,0.02,-0.01,-1.54793910328e-13,0
301.1,0.025,-0.01,-1.9966310479e-13,0
301.1,0.02,-0.005,-5.51173634396e-14,0
301.1,0.025,-0.005,-8.35731273014e-14,0
301.1,0.02,0,3.68785028416e-14,0
301.1,0.025,4.16333634234e-19,2.99694711356e-14,0
301.1,0.02,0.005,1.27101386254e-13,0
301.1,0.025,0.005,1.40859103973e-13,0
301.1,0.02,0.01,2.21656947858e-13,0
301.1,0.025,0.01,2.50823106995e-13,0
301.1,0.02,0.015,3.1779850091e-13,0
301.1,0.025,0.015,3.54408642124e-13,0
301.1,0.02,0.02,4.09203474035e-13,0
301.1,0.02,0.025,4.91142266792e-13,0
301.1,0.025,0.02,4.47562604369e-13,0
301.1,0.025,0.025,5.27416454587e-13,0
301.1,0.02,0.03,5.5751969967e-13,0
301.1,0.02,0.035,6.04625747447e-13,0
301.1,0.025,0.03,5.88718508431e-13,0
301.1,0.025,0.035,6.2849897588e-13,0
301.1,0.02,0.04,6.07835387028e-13,0
301.1,0.02,0.045,5.44672768113e-13,0
301.1,0.025,0.04,6.20302748913e-13,0
301.1,0.025,0.045,5.41104935173e-13,0
301.1,0.02,0.05,4.20440568415e-13,0
301.1,0.02,0.055,2.44418947199e-13,0
301.1,0.025,0.05,3.98030946916e-13,0
301.1,0.025,0.055,2.01599546678e-13,0
301.1,0.02,0.06,2.90790287009e-14,0
301.1,0.02,0.065,-2.11771432332e-13,0
301.1,0.025,0.06,-3.48130868493e-14,0
301.1,0.025,0.065,-2.97025696633e-13,0
301.1,0.02,0.07,-4.64579752091e-13,0
301.1,0.02,0.075,-7.17750973017e-13,0
301.1,0.025,0.07,-5.71595761679e-13,0
301.1,0.025,0.075,-8.47466151792e-13,0
301.1,0.03,-0.075,7.49637986519e-13,0
301.1,0.03,-0.07,4.87768838522e-13,0
301.1,0.035,-0.075,9.50031152764e-13,0
301.1,0.035,-0.07,6.54129498805e-13,0
301.1,0.03,-0.065,2.25412698776e-13,0
301.1,0.035,-0.065,3.59313625541e-13,0
301.1,0.03,-0.06,-2.65225963368e-14,0
301.1,0.035,-0.06,7.56634322456e-14,0
301.1,0.03,-0.055,-2.54913136853e-13,0
301.1,0.035,-0.055,-1.83984966161e-13,0
301.1,0.03,-0.05,-4.4605428963e-13,0
301.1,0.035,-0.05,-4.05667463905e-13,0
301.1,0.03,-0.045,-5.86986265443e-13,0
301.1,0.035,-0.045,-5.75800436207e-13,0
301.1,0.03,-0.04,-6.66497776389e-13,0
301.1,0.035,-0.04,-6.82435693916e-13,0
301.1,0.03,-0.035,-6.74934040352e-13,0
301.1,0.035,-0.035,-7.14347620595e-13,0
301.1,0.03,-0.03,-6.31920578744e-13,0
301.1,0.035,-0.03,-6.86179974078e-13,0
301.1,0.03,-0.025,-5.62865563438e-13,0
301.1,0.035,-0.025,-6.22578155657e-13,0
301.1,0.03,-0.02,-4.71490738599e-13,0
301.1,0.035,-0.02,-5.30188165358e-13,0
301.1,0.03,-0.015,-3.63720968556e-13,0
301.1,0.035,-0.015,-4.17198009009e-13,0
301.1,0.03,-0.01,-2.4251303244e-13,0
301.1,0.035,-0.01,-2.8605660622e-13,0
301.1,0.03,-0.005,-1.12499652928e-13,0
301.1,0.035,-0.005,-1.41642632404e-13,0
301.1,0.03,0,2.09116797278e-14,0
301.1,0.035,4.16333634234e-19,1.05971096603e-14,0
301.1,0.03,0.005,1.51211479304e-13,0
301.1,0.035,0.005,1.59617249793e-13,0
301.1,0.03,0.01,2.74329604278e-13,0
301.1,0.035,0.01,2.97133270492e-13,0
301.1,0.03,0.015,3.87595385671e-13,0
301.1,0.035,0.015,4.21069818124e-13,0
301.1,0.03,0.02,4.85833334815e-13,0
301.1,0.035,0.02,5.25559495397e-13,0
301.1,0.03,0.025,5.65564640709e-13,0
301.1,0.035,0.025,6.06499461344e-13,0
301.1,0.03,0.03,6.22532623355e-13,0
301.1,0.03,0.035,6.54319307081e-13,0
301.1,0.035,0.03,6.59471017209e-13,0
301.1,0.035,0.035,6.82462095889e-13,0
301.1,0.03,0.04,6.33195724305e-13,0
301.1,0.03,0.045,5.36031243521e-13,0
301.1,0.035,0.04,6.46738362857e-13,0
301.1,0.035,0.045,5.29816383481e-13,0
301.1,0.03,0.05,3.71997558425e-13,0
301.1,0.03,0.055,1.53167321238e-13,0
301.1,0.035,0.05,3.43598683524e-13,0
301.1,0.035,0.055,1.01253111961e-13,0
301.1,0.03,0.06,-1.06371236662e-13,0
301.1,0.03,0.065,-3.92102356201e-13,0
301.1,0.035,0.06,-1.82470141737e-13,0
301.1,0.035,0.065,-4.92812159316e-13,0
301.1,0.03,0.07,-6.90617559359e-13,0
301.1,0.03,0.075,-9.91537583394e-13,0
301.1,0.035,0.07,-8.16608971911e-13,0
301.1,0.035,0.075,-1.14404477353e-12,0
301.1,0.04,-0.075,1.16159806449e-12,0
301.1,0.04,-0.07,8.30363437346e-13,0
301.1,0.045,-0.075,1.3752847684e-12,0
301.1,0.045,-0.07,1.00874868955e-12,0
301.1,0.04,-0.065,5.01994098411e-13,0
301.1,0.045,-0.065,6.46776616637e-13,0
301.1,0.04,-0.06,1.85569673401e-13,0
301.1,0.045,-0.06,2.97663397292e-13,0
301.1,0.04,-0.055,-1.06209702416e-13,0
301.1,0.045,-0.055,-2.61945310816e-14,0
301.1,0.04,-0.05,-3.5915772762e-13,0
301.1,0.045,-0.05,-3.10349422838e-13,0
301.1,0.04,-0.045,-5.59269254072e-13,0
301.1,0.045,-0.045,-5.40332278446e-13,0
301.1,0.04,-0.04,-6.93799777867e-13,0
301.1,0.045,-0.04,-7.03509630129e-13,0
301.1,0.04,-0.035,-7.52155862368e-13,0
301.1,0.045,-0.035,-7.90166716015e-13,0
301.1,0.04,-0.03,-7.44346901318e-13,0
301.1,0.045,-0.03,-8.04179369873e-13,0
301.1,0.04,-0.025,-6.87514828999e-13,0
301.1,0.045,-0.025,-7.57491742181e-13,0
301.1,0.04,-0.02,-5.93387220284e-13,0
301.1,0.045,-0.02,-6.63694421427e-13,0
301.1,0.04,-0.015,-4.74213139826e-13,0
301.1,0.045,-0.015,-5.37650586858e-13,0
301.1,0.04,-0.01,-3.32268396315e-13,0
301.1,0.045,-0.01,-3.83367174917e-13,0
301.1,0.04,-0.005,-1.73011874107e-13,0
301.1,0.045,-0.005,-2.07338036761e-13,0
301.1,0.04,0,-8.67366847196e-16,0
301.1,0.045,4.16333634234e-19,-1.35088507478e-14,0
301.1,0.04,0.005,1.68292838517e-13,0
301.1,0.045,0.005,1.78114300206e-13,0
301.1,0.04,0.01,3.21308083124e-13,0
301.1,0.045,0.01,3.49122420636e-13,0
301.1,0.04,0.015,4.57186328641e-13,0
301.1,0.045,0.015,4.9895424027e-13,0
301.1,0.04,0.02,5.69272951373e-13,0
301.1,0.045,0.02,6.20333215371e-13,0
301.1,0.04,0.025,6.52374057331e-13,0
301.1,0.045,0.025,7.06536613278e-13,0
301.1,0.04,0.03,7.01457775546e-13,0
301.1,0.045,0.03,7.51560523504e-13,0
301.1,0.04,0.035,7.13953648487e-13,0
301.1,0.045,0.035,7.5043068798e-13,0
301.1,0.04,0.04,6.61052100043e-13,0
301.1,0.04,0.045,5.23309418581e-13,0
301.1,0.045,0.04,6.76490486276e-13,0
301.1,0.045,0.045,5.17758685851e-13,0
301.1,0.04,0.05,3.14493099001e-13,0
301.1,0.04,0.055,4.85943290579e-14,0
301.1,0.045,0.05,2.87199242857e-13,0
301.1,0.045,0.055,-1.46529172821e-15,0
301.1,0.04,0.06,-2.5938684765e-13,0
301.1,0.04,0.065,-5.94581946096e-13,0
301.1,0.045,0.06,-3.3302792716e-13,0
301.1,0.045,0.065,-6.92402597907e-13,0
301.1,0.04,0.07,-9.4386960752e-13,0
301.1,0.04,0.075,-1.298192369e-12,0
301.1,0.045,0.07,-1.06669846295e-12,0
301.1,0.045,0.075,-1.44728533791e-12,0
301.1,0.05,-0.075,1.58189453394e-12,0
301.1,0.05,-0.07,1.18138890663e-12,0
301.1,0.055,-0.075,1.77315738801e-12,0
301.1,0.055,-0.07,1.34137443936e-12,0
301.1,0.05,-0.065,7.87014447674e-13,0
301.1,0.055,-0.065,9.16559612087e-13,0
301.1,0.05,-0.06,4.06079241282e-13,0
301.1,0.055,-0.06,5.05388603613e-13,0
301.1,0.05,-0.055,5.08949572518e-14,0
301.1,0.055,-0.055,1.20024800514e-13,0
301.1,0.05,-0.05,-2.63819927546e-13,0
301.1,0.055,-0.05,-2.24426260219e-13,0
301.1,0.05,-0.045,-5.23204191171e-13,0
301.1,0.055,-0.045,-5.12452162994e-13,0
301.1,0.05,-0.04,-7.14264445131e-13,0
301.1,0.055,-0.04,-7.30641159657e-13,0
301.1,0.05,-0.035,-8.28419167093e-13,0
301.1,0.055,-0.035,-8.69936488345e-13,0
301.1,0.05,-0.03,-8.65290860913e-13,0
301.1,0.055,-0.03,-9.27929668177e-13,0
301.1,0.05,-0.025,-8.32236572817e-13,0
301.1,0.055,-0.025,-9.08650221735e-13,0
301.1,0.05,-0.02,-7.41954042746e-13,0
301.1,0.055,-0.02,-8.22376026251e-13,0
301.1,0.05,-0.015,-6.08130787747e-13,0
301.1,0.055,-0.015,-6.81200364219e-13,0
301.1,0.05,-0.01,-4.38745114279e-13,0
301.1,0.055,-0.01,-4.96144871539e-13,0
301.1,0.05,-0.005,-2.42054969991e-13,0
301.1,0.055,-0.005,-2.78846069337e-13,0
301.1,0.05,0,-2.78518583349e-14,0
301.1,0.055,4.16333634234e-19,-4.31990753914e-14,0
301.1,0.05,0.005,1.85178672627e-13,0
301.1,0.055,0.005,1.92449524311e-13,0
301.1,0.05,0.01,3.7931008401e-13,0
301.1,0.055,0.01,4.10201235897e-13,0
301.1,0.05,0.015,5.46961414895e-13,0
301.1,0.055,0.015,5.97577899511e-13,0
301.1,0.05,0.02,6.79929532432e-13,0
301.1,0.055,0.02,7.43646096562e-13,0
301.1,0.05,0.025,7.70148328708e-13,0
301.1,0.055,0.025,8.38251495717e-13,0
301.1,0.05,0.03,8.09712237434e-13,0
301.1,0.055,0.03,8.72143121859e-13,0
301.1,0.05,0.035,7.89918988121e-13,0
301.1,0.055,0.035,8.36117167072e-13,0
301.1,0.05,0.04,6.94307599544e-13,0
301.1,0.055,0.04,7.20664609537e-13,0
301.1,0.05,0.045,5.16259347902e-13,0
301.1,0.055,0.045,5.23485943239e-13,0
301.1,0.05,0.05,2.65199319552e-13,0
301.1,0.05,0.055,-4.50474617934e-14,0
301.1,0.055,0.05,2.52753011955e-13,0
301.1,0.055,0.055,-7.81472289594e-14,0
301.1,0.05,0.06,-3.99039444121e-13,0
301.1,0.05,0.065,-7.81483360955e-13,0
301.1,0.055,0.06,-4.53422676331e-13,0
301.1,0.055,0.065,-8.57458893509e-13,0
301.1,0.05,0.07,-1.17940912837e-12,0
301.1,0.05,0.075,-1.58481402056e-12,0
301.1,0.055,0.07,-1.27731288789e-12,0
301.1,0.055,0.075,-1.70522019198e-12,0
301.1,0.06,-0.075,1.94274003385e-12,0
301.1,0.06,-0.07,1.4832906326e-12,0
301.1,0.065,-0.075,2.08702308025e-12,0
301.1,0.065,-0.07,1.60467115905e-12,0
301.1,0.06,-0.065,1.03082414354e-12,0
301.1,0.065,-0.065,1.12755727526e-12,0
301.1,0.06,-0.06,5.91250508606e-13,0
301.1,0.065,-0.06,6.61204851715e-13,0
301.1,0.06,-0.055,1.76890132518e-13,0
301.1,0.065,-0.055,2.18506927725e-13,0
301.1,0.06,-0.05,-1.96504603829e-13,0
301.1,0.065,-0.05,-1.83721784191e-13,0
301.1,0.06,-0.045,-5.12595643797e-13,0
301.1,0.065,-0.045,-5.27746890486e-13,0
301.1,0.06,-0.04,-7.56984782253e-13,0
301.1,0.065,-0.04,-7.97753095327e-13,0
301.1,0.06,-0.035,-9.19577993399e-13,0
301.1,0.065,-0.035,-9.82105049587e-13,0
301.1,0.06,-0.03,-9.96099531378e-13,0
301.1,0.065,-0.03,-1.07486916155e-12,0
301.1,0.06,-0.025,-9.88693895524e-13,0
301.1,0.065,-0.025,-1.07637430812e-12,0
301.1,0.06,-0.02,-9.04940158006e-13,0
301.1,0.065,-0.02,-9.9290537019e-13,0
301.1,0.06,-0.015,-7.56281390779e-13,0
301.1,0.065,-0.015,-8.35249705744e-13,0
301.1,0.06,-0.01,-5.5547041799e-13,0
301.1,0.065,-0.01,-6.17808401787e-13,0
301.1,0.06,-0.005,-3.17315723185e-13,0
301.1,0.065,-0.005,-3.57615114811e-13,0
301.1,0.06,0,-5.87845157139e-14,0
301.1,0.065,4.16333634234e-19,-7.416715048e-14,0
301.1,0.06,0.005,2.00901273304e-13,0
301.1,0.065,0.005,2.11560242632e-13,0
301.1,0.06,0.01,4.42835047338e-13,0
301.1,0.065,0.01,4.78755233538e-13,0
301.1,0.06,0.015,6.50857963584e-13,0
301.1,0.065,0.015,7.08411949976e-13,0
301.1,0.06,0.02,8.10951881828e-13,0
301.1,0.065,0.02,8.83973878422e-13,0
301.1,0.06,0.025,9.11138439642e-13,0
301.1,0.065,0.025,9.91396505116e-13,0
301.1,0.06,0.03,9.40917984574e-13,0
301.1,0.065,0.03,1.01980288346e-12,0
301.1,0.06,0.035,8.92173566733e-13,0
301.1,0.065,0.035,9.61689706914e-13,0
301.1,0.06,0.04,7.59505054006e-13,0
301.1,0.065,0.04,8.14328407798e-13,0
301.1,0.06,0.045,5.43885444131e-13,0
301.1,0.065,0.045,5.81001996517e-13,0
301.1,0.06,0.05,2.53735377342e-13,0
301.1,0.065,0.05,2.71305614713e-13,0
301.1,0.06,0.055,-9.73003134036e-14,0
301.1,0.065,0.055,-1.00155440476e-13,0
301.1,0.06,0.06,-4.93015138593e-13,0
301.1,0.06,0.065,-9.17299658903e-13,0
301.1,0.065,0.06,-5.16188628067e-13,0
301.1,0.065,0.065,-9.59824551315e-13,0
301.1,0.06,0.07,-1.35695047588e-12,0
301.1,0.06,0.075,-1.80458971905e-12,0
301.1,0.065,0.07,-1.41728987789e-12,0
301.1,0.065,0.075,-1.88127912519e-12,0
301.1,0.07,-0.075,2.20700388787e-12,0
301.1,0.07,-0.07,1.70707883842e-12,0
301.1,0.075,-0.075,2.30972309672e-12,0
301.1,0.075,-0.07,1.7980750938e-12,0
301.1,0.07,-0.065,1.20794299507e-12,0
301.1,0.075,-0.065,1.27784313403e-12,0
301.1,0.07,-0.06,7.1535844032e-13,0
301.1,0.075,-0.06,7.56989999171e-13,0
301.1,0.07,-0.055,2.43463561473e-13,0
301.1,0.075,-0.055,2.52113198417e-13,0
301.1,0.07,-0.05,-1.88988211851e-13,0
301.1,0.075,-0.05,-2.14840216137e-13,0
301.1,0.07,-0.045,-5.62212345705e-13,0
301.1,0.075,-0.045,-6.21078275658e-13,0
301.1,0.07,-0.04,-8.58365401338e-13,0
301.1,0.075,-0.04,-9.46184014091e-13,0
301.1,0.07,-0.035,-1.0638919225e-12,0
301.1,0.075,-0.035,-1.17384584128e-12,0
301.1,0.07,-0.03,-1.17110198487e-12,0
301.1,0.075,-0.03,-1.29498213406e-12,0
301.1,0.07,-0.025,-1.1789524141e-12,0
301.1,0.075,-0.025,-1.30665229705e-12,0
301.1,0.07,-0.02,-1.09271007829e-12,0
301.1,0.075,-0.02,-1.21433757047e-12,0
301.1,0.07,-0.015,-9.23423791328e-13,0
301.1,0.075,-0.015,-1.02881065221e-12,0
301.1,0.07,-0.01,-6.86529752579e-13,0
301.1,0.075,-0.01,-7.67556605975e-13,0
301.1,0.07,-0.005,-4.01262769947e-13,0
301.1,0.075,-0.005,-4.51426543858e-13,0
301.1,0.07,0,-8.93962978745e-14,0
301.1,0.075,0,-1.0511324958e-13,0
301.1,0.07,0.005,2.25770763094e-13,0
301.1,0.075,0.005,2.45506896211e-13,0
301.1,0.07,0.01,5.21079556349e-13,0
301.1,0.075,0.01,5.74501117249e-13,0
301.1,0.07,0.015,7.74954645144e-13,0
301.1,0.075,0.015,8.57340087059e-13,0
301.1,0.07,0.02,9.68362364358e-13,0
301.1,0.075,0.02,1.0730053901e-12,0
301.1,0.07,0.025,1.08574348775e-12,0
301.1,0.075,0.025,1.2036317518e-12,0
301.1,0.07,0.03,1.11536812069e-12,0
301.1,0.075,0.03,1.23733506708e-12,0
301.1,0.07,0.035,1.05047089244e-12,0
301.1,0.075,0.035,1.16686631392e-12,0
301.1,0.07,0.04,8.89803874012e-13,0
301.1,0.075,0.04,9.92699418458e-13,0
301.1,0.07,0.045,6.38524806654e-13,0
301.1,0.075,0.045,7.21242158485e-13,0
301.1,0.07,0.05,3.07985991136e-13,0
301.1,0.075,0.05,3.66314471768e-13,0
301.1,0.07,0.055,-8.55883256581e-14,0
301.1,0.075,0.055,-5.36560324469e-14,0
301.1,0.07,0.06,-5.23316675508e-13,0
301.1,0.075,0.06,-5.17124471924e-13,0
301.1,0.07,0.065,-9.86574027964e-13,0
301.1,0.075,0.065,-1.00267459078e-12,0
301.1,0.07,0.07,-1.46042817225e-12,0
301.1,0.07,0.075,-1.93716191894e-12,0
301.1,0.075,0.07,-1.49314089726e-12,0
301.1,0.075,0.075,-1.97884958156e-12,0
306.0,-0.00382671281566,-0.00202612167119,0,0
306.0,-0.005,-0.005,2.35276995269e-14,0
306.0,-0.00197892066871,-0.00385133392306,0,0
306.0,-0.005,-0.00190753787223,1.49488507637e-14,0
306.0,-0.00433,0,0,0
306.0,-0.00190753787223,-0.005,1.52218318732e-14,0
306.0,0,-0.00433,0,0
306.0,-0.005,0.00190775150599,1.49566889707e-14,0
306.0,-0.00385133392306,0.00197892066871,0,0
306.0,0.00190775150599,-0.005,1.61624196339e-14,0
306.0,0.00202612167119,-0.00382671281566,0,0
306.0,-0.00202612167119,0.00382671281566,0,0
306.0,-0.005,0.005,2.35742050849e-14,0
306.0,-0.0019094272225,0.005,1.52716988061e-14,0
306.0,0,0.00433,0,0
306.0,0.00147766755988,0.00407006125046,0,0
306.0,8.32667268469e-19,0.005,1.18765245503e-14,0
306.0,0.00433,0,0,0
306.0,0.005,1.38777878078e-18,1.15801333938e-14,0
306.0,0.00407006125046,0.00147766755988,0,0
306.0,0.005,-0.005,3.10934926015e-14,0
306.0,0.00385133392306,-0.00197892066871,0,0
306.0,0.005,-0.0019094272225,1.62189222743e-14,0
306.0,0.00306177236254,0.00306177236254,0,0
306.0,0.0019094272225,0.005,1.63448017508e-14,0
306.0,0.005,0.0019094272225,1.62750997313e-14,0
306.0,-0.000885,-0.0015328649647,1.27152277589e-12,0
306.0,-0.0015328649647,-0.000885,1.27164515885e-12,0
306.0,-0.00186450691264,-0.00187567167242,8.43027154306e-13,0
306.0,-0.00177,0,1.27133688803e-12,0
306.0,-0.00268433516245,-0.000738983120158,7.59108504473e-13,0
306.0,0,-0.00177,1.27148440773e-12,0
306.0,-0.000718432264205,-0.00269192408424,7.57402332226e-13,0
306.0,-0.0015328649647,0.000885,1.26983240283e-12,0
306.0,-0.00265321485144,0.000647311733689,7.89891534433e-13,0
306.0,-0.000885,0.0015328649647,1.26820487304e-12,0
306.0,-0.00194719253591,0.00178443766524,8.43953454982e-13,0
306.0,0,0.00177,1.26409867671e-12,0
306.0,-0.000802720381054,0.00273415977115,7.17501912166e-13,0
306.0,0.000885,-0.0015328649647,1.27017323476e-12,0
306.0,0.00075154031863,-0.00270385456952,7.45292314365e-13,0
306.0,0.00177,0,1.26243843161e-12,0
306.0,0.0015328649647,-0.000885,1.2680207937e-12,0
306.0,0.00271471102228,-0.000564731152102,7.60916116914e-13,0
306.0,0.00192394637685,-0.00189207206672,8.10097912351e-13,0
306.0,0.00231817117671,0.00040530921667,9.87912951742e-13,0
306.0,0.0015328649647,0.000885,1.2607047711e-12,0
306.0,0.000885,0.0015328649647,1.261409834e-12,0
306.0,0.000427053001345,0.00287092483521,6.82191297726e-13,0
306.0,0.00187618296239,0.00184774001435,8.33342349602e-13,0
306.0,0.00312733402203,0.000607809752493,5.19200448692e-13,0
306.0,0.00276214303706,0.00136595635004,5.76860915533e-13,0
306.0,0.0014100336009,0.00268674970267,6.04773286243e-13,0
306.0,-0.075,-0.075,6.19310345832e-13,0
306.0,-0.07,-0.075,4.91360785079e-13,0
306.0,-0.075,-0.07,5.83428409716e-13,0
306.0,-0.07,-0.07,4.59332189378e-13,0
306.0,-0.075,-0.065,5.4207840625e-13,0
306.0,-0.07,-0.065,4.24002115596e-13,0
306.0,-0.065,-0.075,3.59910505742e-13,0
306.0,-0.065,-0.07,3.34713692198e-13,0
306.0,-0.065,-0.065,3.0689025606e-13,0
306.0,-0.075,-0.06,4.93054573663e-13,0
306.0,-0.07,-0.06,3.82911875354e-13,0
306.0,-0.065,-0.06,2.74394691548e-13,0
306.0,-0.075,-0.055,4.36012697153e-13,0
306.0,-0.07,-0.055,3.35466743815e-13,0
306.0,-0.065,-0.055,2.36645836802e-13,0
306.0,-0.075,-0.05,3.72141311987e-13,0
306.0,-0.07,-0.05,2.8239613118e-13,0
306.0,-0.065,-0.05,1.94174214842e-13,0
306.0,-0.075,-0.045,3.0351803671e-13,0
306.0,-0.07,-0.045,2.25412850405e-13,0
306.0,-0.065,-0.045,1.48364928747e-13,0
306.0,-0.075,-0.04,2.32905384255e-13,0
306.0,-0.07,-0.04,1.66807886208e-13,0
306.0,-0.075,-0.035,1.6335237491e-13,0
306.0,-0.07,-0.035,1.09195487372e-13,0
306.0,-0.065,-0.04,1.01208600957e-13,0
306.0,-0.065,-0.035,5.49729654578e-14,0
306.0,-0.075,-0.03,9.78090536872e-14,0
306.0,-0.07,-0.03,5.50935759022e-14,0
306.0,-0.075,-0.025,3.90142397392e-14,0
306.0,-0.07,-0.025,6.7278847915e-15,0
306.0,-0.065,-0.03,1.18570272499e-14,0
306.0,-0.065,-0.025,-2.63920568573e-14,0
306.0,-0.075,-0.02,-1.09026959754e-14,0
306.0,-0.07,-0.02,-3.41355079002e-14,0
306.0,-0.075,-0.015,-5.01107922046e-14,0
306.0,-0.07,-0.015,-6.61546606687e-14,0
306.0,-0.065,-0.02,-5.84747348199e-14,0
306.0,-0.065,-0.015,-8.34522832461e-14,0
306.0,-0.075,-0.01,-7.74916876267e-14,0
306.0,-0.07,-0.01,-8.83506696871e-14,0
306.0,-0.075,-0.005,-9.21221211121e-14,0
306.0,-0.07,-0.005,-1.00116491396e-13,0
306.0,-0.065,-0.01,-1.00645047979e-13,0
306.0,-0.065,-0.005,-1.09569185829e-13,0
306.0,-0.075,0,-9.38033415295e-14,0
306.0,-0.07,0,-1.01170629469e-13,0
306.0,-0.075,0.005,-8.25060828663e-14,0
306.0,-0.07,0.005,-9.1639619063e-14,0
306.0,-0.065,4.16333634234e-19,-1.10009722603e-13,0
306.0,-0.065,0.005,-1.02070623136e-13,0
306.0,-0.075,0.01,-5.8915092963e-14,0
306.0,-0.07,0.01,-7.19905514218e-14,0
306.0,-0.075,0.015,-2.38411379077e-14,0
306.0,-0.07,0.015,-4.30507346929e-14,0
306.0,-0.065,0.01,-8.61895056496e-14,0
306.0,-0.065,0.015,-6.30800316372e-14,0
306.0,-0.075,0.02,2.12900146044e-14,0
306.0,-0.07,0.02,-5.8859652188e-15,0
306.0,-0.075,0.025,7.49596561084e-14,0
306.0,-0.07,0.025,3.81817820319e-14,0
306.0,-0.065,0.02,-3.36354641705e-14,0
306.0,-0.065,0.025,1.16557189957e-15,0
306.0,-0.075,0.03,1.35097813231e-13,0
306.0,-0.07,0.03,8.75802587651e-14,0
306.0,-0.075,0.035,1.9944663194e-13,0
306.0,-0.07,0.035,1.40434097193e-13,0
306.0,-0.065,0.03,4.01875921581e-14,0
306.0,-0.065,0.035,8.2016321777e-14,0
306.0,-0.075,0.04,2.65309699469e-13,0
306.0,-0.07,0.04,1.94519816578e-13,0
306.0,-0.075,0.045,3.29899148181e-13,0
306.0,-0.07,0.045,2.47452725093e-13,0
306.0,-0.065,0.04,1.24882247853e-13,0
306.0,-0.065,0.045,1.66666681467e-13,0
306.0,-0.075,0.05,3.90490902808e-13,0
306.0,-0.07,0.05,2.96880183669e-13,0
306.0,-0.075,0.055,4.44749624713e-13,0
306.0,-0.07,0.055,3.40885613988e-13,0
306.0,-0.065,0.05,2.05317114003e-13,0
306.0,-0.065,0.055,2.39174449035e-13,0
306.0,-0.075,0.06,4.9109982577e-13,0
306.0,-0.07,0.06,3.78191387944e-13,0
306.0,-0.075,0.065,5.28854790927e-13,0
306.0,-0.07,0.065,4.08501360448e-13,0
306.0,-0.065,0.06,2.67247630092e-13,0
306.0,-0.065,0.065,2.89392775307e-13,0
306.0,-0.075,0.07,5.58767268712e-13,0
306.0,-0.07,0.07,4.32760152141e-13,0
306.0,-0.075,0.075,5.8328708634e-13,0
306.0,-0.07,0.075,4.53618073998e-13,0
306.0,-0.065,0.07,3.06505130929e-13,0
306.0,-0.065,0.075,3.20797084445e-13,0
306.0,-0.06,-0.075,2.26130105365e-13,0
306.0,-0.06,-0.07,2.10124833135e-13,0
306.0,-0.06,-0.065,1.913010012e-13,0
306.0,-0.055,-0.075,9.35802074382e-14,0
306.0,-0.055,-0.07,8.84673130752e-14,0
306.0,-0.055,-0.065,7.98128495511e-14,0
306.0,-0.06,-0.06,1.68272182798e-13,0
306.0,-0.06,-0.055,1.40647907815e-13,0
306.0,-0.055,-0.06,6.70015544132e-14,0
306.0,-0.055,-0.055,4.9966476234e-14,0
306.0,-0.06,-0.05,1.088871073e-13,0
306.0,-0.055,-0.05,2.91652642153e-14,0
306.0,-0.06,-0.045,7.41520842076e-14,0
306.0,-0.055,-0.045,5.56716406165e-15,0
306.0,-0.06,-0.04,3.81842013331e-14,0
306.0,-0.055,-0.04,-1.93409020941e-14,0
306.0,-0.06,-0.035,3.07701567837e-15,0
306.0,-0.055,-0.035,-4.34836815256e-14,0
306.0,-0.06,-0.03,-2.92127906466e-14,0
306.0,-0.06,-0.025,-5.74278463973e-14,0
306.0,-0.055,-0.03,-6.49646274667e-14,0
306.0,-0.055,-0.025,-8.32438240365e-14,0
306.0,-0.06,-0.02,-8.08155443976e-14,0
306.0,-0.06,-0.015,-9.88940876555e-14,0
306.0,-0.055,-0.02,-9.81899371651e-14,0
306.0,-0.055,-0.015,-1.09694601643e-13,0
306.0,-0.06,-0.01,-1.11226723119e-13,0
306.0,-0.06,-0.005,-1.17420369548e-13,0
306.0,-0.055,-0.01,-1.17539412126e-13,0
306.0,-0.055,-0.005,-1.21228859076e-13,0
306.0,-0.06,0,-1.17248631021e-13,0
306.0,-0.06,0.005,-1.10796728186e-13,0
306.0,-0.055,4.16333634234e-19,-1.20503122269e-13,0
306.0,-0.055,0.005,-1.15417585493e-13,0
306.0,-0.06,0.01,-9.84741107834e-14,0
306.0,-0.06,0.015,-8.09644043072e-14,0
306.0,-0.055,0.01,-1.06361376514e-13,0
306.0,-0.055,0.015,-9.40037863968e-14,0
306.0,-0.06,0.02,-5.90344577163e-14,0
306.0,-0.06,0.025,-3.33527333986e-14,0
306.0,-0.055,0.02,-7.91943725721e-14,0
306.0,-0.055,0.025,-6.23090323472e-14,0
306.0,-0.06,0.03,-4.57342792978e-15,0
306.0,-0.06,0.035,2.64362403542e-14,0
306.0,-0.055,0.03,-4.35863516312e-14,0
306.0,-0.055,0.035,-2.332543937e-14,0
306.0,-0.06,0.04,5.83592735224e-14,0
306.0,-0.06,0.045,8.92501816854e-14,0
306.0,-0.055,0.04,-2.14961197088e-15,0
306.0,-0.055,0.045,1.79771859261e-14,0
306.0,-0.06,0.05,1.17194269082e-13,0
306.0,-0.06,0.055,1.40760368815e-13,0
306.0,-0.055,0.05,3.51508821108e-14,0
306.0,-0.055,0.055,4.81807425392e-14,0
306.0,-0.06,0.06,1.59150516735e-13,0
306.0,-0.06,0.065,1.72264877602e-13,0
306.0,-0.055,0.06,5.64454900631e-14,0
306.0,-0.055,0.065,5.98211260912e-14,0
306.0,-0.06,0.07,1.80779849022e-13,0
306.0,-0.06,0.075,1.86230090727e-13,0
306.0,-0.055,0.07,5.86372692977e-14,0
306.0,-0.055,0.075,5.36422967807e-14,0
306.0,-0.05,-0.075,-3.25451546214e-14,0
306.0,-0.05,-0.07,-2.59875822384e-14,0
306.0,-0.045,-0.075,-1.46649406467e-13,0
306.0,-0.045,-0.07,-1.2849665397e-13,0
306.0,-0.05,-0.065,-2.38702844628e-14,0
306.0,-0.045,-0.065,-1.15651944329e-13,0
306.0,-0.05,-0.06,-2.60326015533e-14,0
306.0,-0.05,-0.055,-3.21821807889e-14,0
306.0,-0.045,-0.06,-1.07230875859e-13,0
306.0,-0.045,-0.055,-1.02557286654e-13,0
306.0,-0.05,-0.05,-4.18128197843e-14,0
306.0,-0.05,-0.045,-5.41419130622e-14,0
306.0,-0.045,-0.05,-1.0103449195e-13,0
306.0,-0.045,-0.045,-1.01995112967e-13,0
306.0,-0.05,-0.04,-6.80130121509e-14,0
306.0,-0.045,-0.04,-1.0458929042e-13,0
306.0,-0.05,-0.035,-8.146689764e-14,0
306.0,-0.045,-0.035,-1.07192415272e-13,0
306.0,-0.05,-0.03,-9.23179737618e-14,0
306.0,-0.045,-0.03,-1.07839489891e-13,0
306.0,-0.05,-0.025,-1.01168251822e-13,0
306.0,-0.045,-0.025,-1.08683882606e-13,0
306.0,-0.05,-0.02,-1.08343070329e-13,0
306.0,-0.05,-0.015,-1.13938153756e-13,0
306.0,-0.045,-0.02,-1.09636084003e-13,0
306.0,-0.045,-0.015,-1.10589889154e-13,0
306.0,-0.05,-0.01,-1.17852504794e-13,0
306.0,-0.05,-0.005,-1.19401129497e-13,0
306.0,-0.045,-0.01,-1.1157248979e-13,0
306.0,-0.045,-0.005,-1.11383361884e-13,0
306.0,-0.05,0,-1.18234437906e-13,0
306.0,-0.05,0.005,-1.14368613674e-13,0
306.0,-0.045,4.16333634234e-19,-1.09860930591e-13,0
306.0,-0.045,0.005,-1.07114266567e-13,0
306.0,-0.05,0.01,-1.08187537741e-13,0
306.0,-0.05,0.015,-1.00421457429e-13,0
306.0,-0.045,0.01,-1.0337784745e-13,0
306.0,-0.045,0.015,-9.91988522851e-14,0
306.0,-0.05,0.02,-9.20305557275e-14,0
306.0,-0.05,0.025,-8.31981178377e-14,0
306.0,-0.045,0.02,-9.59770191729e-14,0
306.0,-0.045,0.025,-9.36205617104e-14,0
306.0,-0.05,0.03,-7.39166993248e-14,0
306.0,-0.05,0.035,-6.40442704169e-14,0
306.0,-0.045,0.03,-9.23530229685e-14,0
306.0,-0.045,0.035,-9.23539880385e-14,0
306.0,-0.05,0.04,-5.33217814663e-14,0
306.0,-0.05,0.045,-4.39310565204e-14,0
306.0,-0.045,0.04,-9.20636181457e-14,0
306.0,-0.045,0.045,-9.35697328489e-14,0
306.0,-0.05,0.05,-3.76420343708e-14,0
306.0,-0.05,0.055,-3.5323646518e-14,0
306.0,-0.045,0.05,-9.82057787621e-14,0
306.0,-0.045,0.055,-1.06520385407e-13,0
306.0,-0.05,0.06,-3.74307450049e-14,0
306.0,-0.05,0.065,-4.41578966266e-14,0
306.0,-0.045,0.06,-1.18864050543e-13,0
306.0,-0.045,0.065,-1.35542676094e-13,0
306.0,-0.05,0.07,-5.55551146138e-14,0
306.0,-0.05,0.075,-7.16716012451e-14,0
306.0,-0.045,0.07,-1.57013738519e-13,0
306.0,-0.045,0.075,-1.84061229571e-13,0
306.0,-0.04,-0.075,-2.43414517743e-13,0
306.0,-0.04,-0.07,-2.1454209528e-13,0
306.0,-0.035,-0.075,-3.18265539844e-13,0
306.0,-0.035,-0.07,-2.8038333574e-13,0
306.0,-0.04,-0.065,-1.91709813608e-13,0
306.0,-0.035,-0.065,-2.48937375404e-13,0
306.0,-0.04,-0.06,-1.73350888519e-13,0
306.0,-0.035,-0.06,-2.21931445558e-13,0
306.0,-0.04,-0.055,-1.58477523457e-13,0
306.0,-0.035,-0.055,-1.98097113639e-13,0
306.0,-0.04,-0.05,-1.46348409367e-13,0
306.0,-0.04,-0.045,-1.36374480653e-13,0
306.0,-0.035,-0.05,-1.76713811604e-13,0
306.0,-0.035,-0.045,-1.57285381425e-13,0
306.0,-0.04,-0.04,-1.27812811591e-13,0
306.0,-0.04,-0.035,-1.19833075752e-13,0
306.0,-0.035,-0.04,-1.39681174127e-13,0
306.0,-0.035,-0.035,-1.24229912945e-13,0
306.0,-0.04,-0.03,-1.13078000333e-13,0
306.0,-0.035,-0.03,-1.12009976531e-13,0
306.0,-0.04,-0.025,-1.08030729089e-13,0
306.0,-0.035,-0.025,-1.0230890563e-13,0
306.0,-0.04,-0.02,-1.0434014307e-13,0
306.0,-0.035,-0.02,-9.46262231375e-14,0
306.0,-0.04,-0.015,-1.0182274967e-13,0
306.0,-0.035,-0.015,-8.86796561436e-14,0
306.0,-0.04,-0.01,-9.99162394628e-14,0
306.0,-0.04,-0.005,-9.79338134287e-14,0
306.0,-0.035,-0.01,-8.37545077091e-14,0
306.0,-0.035,-0.005,-8.00577324693e-14,0
306.0,-0.04,0,-9.6029272339e-14,0
306.0,-0.04,0.005,-9.44032718348e-14,0
306.0,-0.035,4.16333634234e-19,-7.78114306139e-14,0
306.0,-0.035,0.005,-7.72032857461e-14,0
306.0,-0.04,0.01,-9.31435352547e-14,0
306.0,-0.04,0.015,-9.2428621739e-14,0
306.0,-0.035,0.01,-7.82726909685e-14,0
306.0,-0.035,0.015,-8.10251110343e-14,0
306.0,-0.04,0.02,-9.30414298993e-14,0
306.0,-0.04,0.025,-9.55125244269e-14,0
306.0,-0.035,0.02,-8.53189283885e-14,0
306.0,-0.035,0.025,-9.19365986111e-14,0
306.0,-0.04,0.03,-1.0014418832e-13,0
306.0,-0.04,0.035,-1.07324994151e-13,0
306.0,-0.035,0.03,-1.01225760495e-13,0
306.0,-0.035,0.035,-1.1367375575e-13,0
306.0,-0.04,0.04,-1.17179877813e-13,0
306.0,-0.04,0.045,-1.29389396011e-13,0
306.0,-0.035,0.04,-1.30655833056e-13,0
306.0,-0.035,0.045,-1.51448551169e-13,0
306.0,-0.04,0.05,-1.44442814621e-13,0
306.0,-0.04,0.055,-1.62761183869e-13,0
306.0,-0.035,0.05,-1.75366195436e-13,0
306.0,-0.035,0.055,-2.022494362e-13,0
306.0,-0.04,0.06,-1.84629516017e-13,0
306.0,-0.04,0.065,-2.10520611816e-13,0
306.0,-0.035,0.06,-2.32311403256e-13,0
306.0,-0.035,0.065,-2.66025625705e-13,0
306.0,-0.04,0.07,-2.41220493786e-13,0
306.0,-0.04,0.075,-2.78213238811e-13,0
306.0,-0.035,0.07,-3.04480885951e-13,0
306.0,-0.035,0.075,-3.49594850009e-13,0
306.0,-0.03,-0.075,-3.68113129945e-13,0
306.0,-0.03,-0.07,-3.23388030829e-13,0
306.0,-0.025,-0.075,-3.91148699705e-13,0
306.0,-0.025,-0.07,-3.42319140626e-13,0
306.0,-0.03,-0.065,-2.85278562938e-13,0
306.0,-0.025,-0.065,-2.99835833201e-13,0
306.0,-0.03,-0.06,-2.51417889797e-13,0
306.0,-0.025,-0.06,-2.61345017459e-13,0
306.0,-0.03,-0.055,-2.20495177162e-13,0
306.0,-0.025,-0.055,-2.25521058986e-13,0
306.0,-0.03,-0.05,-1.91794709564e-13,0
306.0,-0.025,-0.05,-1.9188345299e-13,0
306.0,-0.03,-0.045,-1.65179243524e-13,0
306.0,-0.025,-0.045,-1.60508897547e-13,0
306.0,-0.03,-0.04,-1.41009598083e-13,0
306.0,-0.03,-0.035,-1.20442489681e-13,0
306.0,-0.025,-0.04,-1.32166983678e-13,0
306.0,-0.025,-0.035,-1.08466429782e-13,0
306.0,-0.03,-0.03,-1.04249250575e-13,0
306.0,-0.03,-0.025,-9.10341651643e-14,0
306.0,-0.025,-0.03,-8.99772011464e-14,0
306.0,-0.025,-0.025,-7.46386106117e-14,0
306.0,-0.03,-0.02,-8.02260813812e-14,0
306.0,-0.025,-0.02,-6.19049895771e-14,0
306.0,-0.03,-0.015,-7.14035728933e-14,0
306.0,-0.025,-0.015,-5.13889684102e-14,0
306.0,-0.03,-0.01,-6.44270400215e-14,0
306.0,-0.025,-0.01,-4.3121525867e-14,0
306.0,-0.03,-0.005,-5.95737412844e-14,0
306.0,-0.025,-0.005,-3.75121312965e-14,0
306.0,-0.03,0,-5.71439524437e-14,0
306.0,-0.03,0.005,-5.72866371892e-14,0
306.0,-0.025,4.16333634234e-19,-3.49639790235e-14,0
306.0,-0.025,0.005,-3.572107672e-14,0
306.0,-0.03,0.01,-6.00224167907e-14,0
306.0,-0.03,0.015,-6.51990796298e-14,0
306.0,-0.025,0.01,-3.96480761143e-14,0
306.0,-0.025,0.015,-4.64489517766e-14,0
306.0,-0.03,0.02,-7.26228493895e-14,0
306.0,-0.03,0.025,-8.25024894135e-14,0
306.0,-0.025,0.02,-5.58000492983e-14,0
306.0,-0.025,0.025,-6.77223009854e-14,0
306.0,-0.03,0.03,-9.53095740993e-14,0
306.0,-0.03,0.035,-1.11631110423e-13,0
306.0,-0.025,0.03,-8.26623741789e-14,0
306.0,-0.025,0.035,-1.01198062441e-13,0
306.0,-0.03,0.04,-1.33416981078e-13,0
306.0,-0.03,0.045,-1.60248248238e-13,0
306.0,-0.025,0.04,-1.25817547074e-13,0
306.0,-0.025,0.045,-1.56276747067e-13,0
306.0,-0.03,0.05,-1.90694263308e-13,0
306.0,-0.03,0.055,-2.24123066267e-13,0
306.0,-0.025,0.05,-1.90767696051e-13,0
306.0,-0.025,0.055,-2.28296381116e-13,0
306.0,-0.03,0.06,-2.60417755878e-13,0
306.0,-0.03,0.065,-3.00073507683e-13,0
306.0,-0.025,0.06,-2.68563630977e-13,0
306.0,-0.025,0.065,-3.11857875852e-13,0
306.0,-0.03,0.07,-3.44237434803e-13,0
306.0,-0.03,0.075,-3.95208193035e-13,0
306.0,-0.025,0.07,-3.59362472925e-13,0
306.0,-0.025,0.075,-4.13363018537e-13,0
306.0,-0.02,-0.075,-3.87555655141e-13,0
306.0,-0.02,-0.07,-3.37348437023e-13,0
306.0,-0.015,-0.075,-3.58859341925e-13,0
306.0,-0.015,-0.07,-3.10154296595e-13,0
306.0,-0.02,-0.065,-2.93010484307e-13,0
306.0,-0.015,-0.065,-2.66407603726e-13,0
306.0,-0.02,-0.06,-2.52234256909e-13,0
306.0,-0.015,-0.06,-2.2572133904e-13,0
306.0,-0.02,-0.055,-2.13932019236e-13,0
306.0,-0.015,-0.055,-1.8724276895e-13,0
306.0,-0.02,-0.05,-1.77783867367e-13,0
306.0,-0.015,-0.05,-1.50975443423e-13,0
306.0,-0.02,-0.045,-1.44185849587e-13,0
306.0,-0.015,-0.045,-1.17512832943e-13,0
306.0,-0.02,-0.04,-1.14119468701e-13,0
306.0,-0.015,-0.04,-8.80143751495e-14,0
306.0,-0.02,-0.035,-8.93457569924e-14,0
306.0,-0.015,-0.035,-6.4156389068e-14,0
306.0,-0.02,-0.03,-7.00870501592e-14,0
306.0,-0.02,-0.025,-5.40656902528e-14,0
306.0,-0.015,-0.03,-4.56973000078e-14,0
306.0,-0.015,-0.025,-3.04674648787e-14,0
306.0,-0.02,-0.02,-4.07406399987e-14,0
306.0,-0.02,-0.015,-2.96498821598e-14,0
306.0,-0.015,-0.02,-1.80083497059e-14,0
306.0,-0.015,-0.015,-7.79293919306e-15,0
306.0,-0.02,-0.01,-2.08176371302e-14,0
306.0,-0.015,-0.01,2.71402074142e-16,0
306.0,-0.02,-0.005,-1.47980372119e-14,0
306.0,-0.015,-0.005,5.99293888901e-15,0
306.0,-0.02,0,-1.22528135602e-14,0
306.0,-0.015,4.16333634234e-19,8.41869242169e-15,0
306.0,-0.02,0.005,-1.34878916225e-14,0
306.0,-0.015,0.005,6.76393801498e-15,0
306.0,-0.02,0.01,-1.823544174e-14,0
306.0,-0.02,0.015,-2.59013248033e-14,0
306.0,-0.015,0.01,1.91855746563e-15,0
306.0,-0.015,0.015,-5.23999267936e-15,0
306.0,-0.02,0.02,-3.60057534643e-14,0
306.0,-0.02,0.025,-4.85990084233e-14,0
306.0,-0.015,0.02,-1.45662099701e-14,0
306.0,-0.015,0.025,-2.63143849534e-14,0
306.0,-0.02,0.03,-6.4211663113e-14,0
306.0,-0.02,0.035,-8.34125049661e-14,0
306.0,-0.015,0.03,-4.11011399833e-14,0
306.0,-0.015,0.035,-5.93766183444e-14,0
306.0,-0.02,0.04,-1.08815255184e-13,0
306.0,-0.02,0.045,-1.404616303e-13,0
306.0,-0.015,0.04,-8.36049430994e-14,0
306.0,-0.015,0.045,-1.14162849883e-13,0
306.0,-0.02,0.05,-1.76441853625e-13,0
306.0,-0.02,0.055,-2.15598953925e-13,0
306.0,-0.015,0.05,-1.49259533675e-13,0
306.0,-0.015,0.055,-1.87628417252e-13,0
306.0,-0.02,0.06,-2.57361960963e-13,0
306.0,-0.02,0.065,-3.01892693715e-13,0
306.0,-0.015,0.06,-2.2855303916e-13,0
306.0,-0.015,0.065,-2.7190798057e-13,0
306.0,-0.02,0.07,-3.50155758552e-13,0
306.0,-0.02,0.075,-4.04395673936e-13,0
306.0,-0.015,0.07,-3.18445397567e-13,0
306.0,-0.015,0.075,-3.70000785835e-13,0
306.0,-0.01,-0.075,-3.08465427765e-13,0
306.0,-0.01,-0.07,-2.63708177598e-13,0
306.0,-0.005,-0.075,-2.40824689326e-13,0
306.0,-0.005,-0.07,-2.02196767818e-13,0
306.0,-0.01,-0.065,-2.22836774452e-13,0
306.0,-0.005,-0.065,-1.66076432701e-13,0
306.0,-0.01,-0.06,-1.84357592648e-13,0
306.0,-0.005,-0.06,-1.31614100115e-13,0
306.0,-0.01,-0.055,-1.47825838557e-13,0
306.0,-0.005,-0.055,-9.87441944582e-14,0
306.0,-0.01,-0.05,-1.13493911579e-13,0
306.0,-0.005,-0.05,-6.80248668046e-14,0
306.0,-0.01,-0.045,-8.21942991054e-14,0
306.0,-0.005,-0.045,-4.04457174167e-14,0
306.0,-0.01,-0.04,-5.5159868871e-14,0
306.0,-0.005,-0.04,-1.72901839568e-14,0
306.0,-0.01,-0.035,-3.38588718878e-14,0
306.0,-0.005,-0.035,6.85639812957e-17,0
306.0,-0.01,-0.03,-1.77300239869e-14,0
306.0,-0.005,-0.03,1.24717238716e-14,0
306.0,-0.01,-0.025,-4.93051737455e-15,0
306.0,-0.005,-0.025,2.13011474833e-14,0
306.0,-0.01,-0.02,4.83516502102e-15,0
306.0,-0.01,-0.015,1.21276135083e-14,0
306.0,-0.005,-0.02,2.65478703214e-14,0
306.0,-0.005,-0.015,2.88845929336e-14,0
306.0,-0.0117873230072,-0.0115873794689,9.9897485944e-15,0
306.0,-0.00939961996336,-0.005,2.19940765161e-14,0
306.0,-0.00792797428371,-0.00964253216809,2.26960554266e-14,0
306.0,-0.005,-0.00939961996336,2.77357699597e-14,0
306.0,-0.0108753492546,-0.00150606400588,2.04531158464e-14,0
306.0,-0.00818101620308,-0.00211452602544,2.36378708982e-14,0
306.0,-0.00651817360753,-0.000255934956239,2.10734549168e-14,0
306.0,-0.005,6.71033969428e-08,1.11944100297e-14,0
306.0,-0.0107292118043,0.00160660295843,2.08222278184e-14,0
306.0,-0.0080188992252,0.000768320427092,2.3384288789e-14,0
306.0,-0.00939946851065,0.005,2.21982749756e-14,0
306.0,-0.00802129342231,0.00264911934363,2.38103029217e-14,0
306.0,-0.00887989370213,0.00887989479405,2.14658717499e-14,0
306.0,-0.01,0.015,1.35830309188e-14,0
306.0,-0.005,0.00939947397025,2.79261677536e-14,0
306.0,-0.005,0.015,2.95539559596e-14,0
306.0,-0.01,0.02,7.08746955741e-15,0
306.0,-0.01,0.025,-2.00354855141e-15,0
306.0,-0.005,0.02,2.78040104047e-14,0
306.0,-0.005,0.025,2.31766504325e-14,0
306.0,-0.01,0.03,-1.43653607895e-14,0
306.0,-0.01,0.035,-3.02666662575e-14,0
306.0,-0.005,0.03,1.47369419053e-14,0
306.0,-0.005,0.035,2.48818456622e-15,0
306.0,-0.01,0.04,-5.16426072873e-14,0
306.0,-0.01,0.045,-7.91667601926e-14,0
306.0,-0.005,0.04,-1.46336299923e-14,0
306.0,-0.005,0.045,-3.77047618718e-14,0
306.0,-0.01,0.05,-1.11330576409e-13,0
306.0,-0.01,0.055,-1.46847259607e-13,0
306.0,-0.005,0.05,-6.54012241391e-14,0
306.0,-0.005,0.055,-9.64119428835e-14,0
306.0,-0.01,0.06,-1.84800832018e-13,0
306.0,-0.01,0.065,-2.24850171467e-13,0
306.0,-0.005,0.06,-1.29694753154e-13,0
306.0,-0.005,0.065,-1.64639153489e-13,0
306.0,-0.01,0.07,-2.67361400876e-13,0
306.0,-0.01,0.075,-3.13769148539e-13,0
306.0,-0.005,0.07,-2.01255704952e-13,0
306.0,-0.005,0.075,-2.40341110818e-13,0
306.0,0,-0.075,-1.61649668215e-13,0
306.0,0,-0.07,-1.30650160942e-13,0
306.0,0.005,-0.075,-7.71312062504e-14,0
306.0,0.005,-0.07,-5.47004999876e-14,0
306.0,0,-0.065,-1.00714954203e-13,0
306.0,0.005,-0.065,-3.18037928931e-14,0
306.0,0,-0.06,-7.16022730906e-14,0
306.0,0.005,-0.06,-8.88988728784e-15,0
306.0,0,-0.055,-4.36990538157e-14,0
306.0,0.005,-0.055,1.32362144673e-14,0
306.0,0,-0.05,-1.7810683233e-14,0
306.0,0.005,-0.05,3.35134505605e-14,0
306.0,0,-0.045,4.95683355941e-15,0
306.0,0.005,-0.045,5.0735152759e-14,0
306.0,0,-0.04,2.33093156994e-14,0
306.0,0.005,-0.04,6.36494217372e-14,0
306.0,0,-0.035,3.58583132195e-14,0
306.0,0.005,-0.035,7.07608997566e-14,0
306.0,0,-0.03,4.32291463867e-14,0
306.0,0.005,-0.03,7.28063805308e-14,0
306.0,0,-0.025,4.70178695607e-14,0
306.0,0.005,-0.025,7.20939478118e-14,0
306.0,0,-0.02,4.73840284498e-14,0
306.0,0.005,-0.02,6.8642310279e-14,0
306.0,0,-0.015,4.42083278276e-14,0
306.0,0.005,-0.015,6.15735271226e-14,0
306.0,-0.0021196717084,-0.00776771017156,2.74023172173e-14,0
306.0,-0.00084550708518,-0.00631514607954,2.19460916468e-14,0
306.0,6.71033969406e-08,-0.005,1.20125523721e-14,0
306.0,-0.00139054260708,-0.0110960807567,3.5252390665e-14,0
306.0,0.00132468676756,-0.00775008274642,3.07589783732e-14,0
306.0,0.00160394440688,-0.0116908851489,4.3370124793e-14,0
306.0,0.005,-0.00939946851065,4.73839015886e-14,0
306.0,0.005,0.005,3.04263740075e-14,0
306.0,-0.000107646311398,0.00617659695633,2.1302564928e-14,0
306.0,-0.00190846935279,0.0076427502668,2.70128218719e-14,0
306.0,0.00131146485568,0.00777290068297,3.02827421857e-14,0
306.0,0.00295884413402,0.00640276348073,2.84805919787e-14,0
306.0,-1.21517769428e-05,0.0108932602996,3.73462526679e-14,0
306.0,0,0.015,4.41512228113e-14,0
306.0,0.005,0.00939942566771,4.65821206103e-14,0
306.0,0.005,0.015,6.08062771103e-14,0
306.0,0,0.02,4.77386813843e-14,0
306.0,0,0.025,4.79027894368e-14,0
306.0,0.005,0.02,6.8018932266e-14,0
306.0,0.005,0.025,7.17908244028e-14,0
306.0,0,0.03,4.46096571486e-14,0
306.0,0,0.035,3.75124774744e-14,0
306.0,0.005,0.03,7.30169240177e-14,0
306.0,0.005,0.035,7.14955919885e-14,0
306.0,0,0.04,2.52983233452e-14,0
306.0,0,0.045,7.44288624044e-15,0
306.0,0.005,0.04,6.48795361073e-14,0
306.0,0.005,0.045,5.28230992043e-14,0
306.0,0,0.05,-1.47881847361e-14,0
306.0,0,0.055,-4.01258244958e-14,0
306.0,0.005,0.05,3.6744171616e-14,0
306.0,0.005,0.055,1.78162824383e-14,0
306.0,0,0.06,-6.74699591043e-14,0
306.0,0,0.065,-9.60049380815e-14,0
306.0,0.005,0.06,-2.81699799222e-15,0
306.0,0.005,0.065,-2.41327986559e-14,0
306.0,0,0.07,-1.25319869375e-13,0
306.0,0,0.075,-1.55611881357e-13,0
306.0,0.005,0.07,-4.5334836692e-14,0
306.0,0.005,0.075,-6.59434084468e-14,0
306.0,0.01,-0.075,6.22766219836e-15,0
306.0,0.01,-0.07,1.98636489153e-14,0
306.0,0.015,-0.075,8.21405211132e-14,0
306.0,0.015,-0.07,8.74243606037e-14,0
306.0,0.01,-0.065,3.5431706079e-14,0
306.0,0.015,-0.065,9.59595660943e-14,0
306.0,0.01,-0.06,5.18475131217e-14,0
306.0,0.015,-0.06,1.06117037948e-13,0
306.0,0.01,-0.055,6.78954912138e-14,0
306.0,0.015,-0.055,1.16313094046e-13,0
306.0,0.01,-0.05,8.22633917107e-14,0
306.0,0.015,-0.05,1.25050919617e-13,0
306.0,0.01,-0.045,9.3644915538e-14,0
306.0,0.015,-0.045,1.30904521007e-13,0
306.0,0.01,-0.04,1.00767332374e-13,0
306.0,0.015,-0.04,1.32756172613e-13,0
306.0,0.01,-0.035,1.02394766613e-13,0
306.0,0.015,-0.035,1.29833280023e-13,0
306.0,0.01,-0.03,1.00190740443e-13,0
306.0,0.015,-0.03,1.24434536562e-13,0
306.0,0.01,-0.025,9.63808774892e-14,0
306.0,0.015,-0.025,1.18452895221e-13,0
306.0,0.01,-0.02,9.05268058473e-14,0
306.0,0.01,-0.015,8.21014567337e-14,0
306.0,0.015,-0.02,1.11563370463e-13,0
306.0,0.015,-0.015,1.03701329432e-13,0
306.0,0.00999280436795,-0.0116358337096,7.45511269799e-14,0
306.0,0.0105889214373,-0.00845762197625,6.93775566901e-14,0
306.0,0.015,-0.01,9.43926825555e-14,0
306.0,0.00939947397025,-0.005,5.44950902345e-14,0
306.0,0.015,-0.005,8.55397829074e-14,0
306.0,0.00658051136513,-0.00296146438142,3.31321951452e-14,0
306.0,0.00636794669772,-3.54305826484e-06,2.67776186029e-14,0
306.0,0.00795807888052,-0.00113999998936,3.90079995801e-14,0
306.0,0.00758147027913,0.00183630393596,3.69687739839e-14,0
306.0,0.0112534647756,-1.47536350887e-07,5.9472468115e-14,0
306.0,0.015,4.16333634234e-19,8.14759286455e-14,0
306.0,0.00939942566771,0.005,5.38147805802e-14,0
306.0,0.015,0.005,8.44173157572e-14,0
306.0,0.00999018807453,0.0109670628501,7.15755052137e-14,0
306.0,0.01,0.015,8.04832466704e-14,0
306.0,0.015,0.01,9.24556260075e-14,0
306.0,0.015,0.015,1.01057483086e-13,0
306.0,0.01,0.02,8.87819472245e-14,0
306.0,0.01,0.025,9.4706740866e-14,0
306.0,0.015,0.02,1.08468447086e-13,0
306.0,0.015,0.025,1.15182881047e-13,0
306.0,0.01,0.03,9.8837371643e-14,0
306.0,0.01,0.035,1.01570454178e-13,0
306.0,0.015,0.03,1.21327237961e-13,0
306.0,0.015,0.035,1.27221225662e-13,0
306.0,0.01,0.04,1.00784007513e-13,0
306.0,0.01,0.045,9.49802889402e-14,0
306.0,0.015,0.04,1.31181172581e-13,0
306.0,0.015,0.045,1.31083483929e-13,0
306.0,0.01,0.05,8.53701422365e-14,0
306.0,0.01,0.055,7.31341131367e-14,0
306.0,0.015,0.05,1.27625474081e-13,0
306.0,0.015,0.055,1.21789573599e-13,0
306.0,0.01,0.06,5.948023675e-14,0
306.0,0.01,0.065,4.56388280255e-14,0
306.0,0.015,0.06,1.14855677898e-13,0
306.0,0.015,0.065,1.08198690287e-13,0
306.0,0.01,0.07,3.27851405612e-14,0
306.0,0.01,0.075,2.20224865508e-14,0
306.0,0.015,0.07,1.03331904964e-13,0
306.0,0.015,0.075,1.01889724586e-13,0
306.0,0.02,-0.075,1.45019082904e-13,0
306.0,0.02,-0.07,1.42929590259e-13,0
306.0,0.025,-0.075,1.90122506214e-13,0
306.0,0.025,-0.07,1.82197950292e-13,0
306.0,0.02,-0.065,1.452417927e-13,0
306.0,0.025,-0.065,1.79500473279e-13,0
306.0,0.02,-0.06,1.49861282144e-13,0
306.0,0.025,-0.06,1.79715997467e-13,0
306.0,0.02,-0.055,1.54964693217e-13,0
306.0,0.025,-0.055,1.80844259602e-13,0
306.0,0.02,-0.05,1.5886416993e-13,0
306.0,0.025,-0.05,1.81188545554e-13,0
306.0,0.02,-0.045,1.60143981359e-13,0
306.0,0.025,-0.045,1.79255488062e-13,0
306.0,0.02,-0.04,1.57777981006e-13,0
306.0,0.025,-0.04,1.74096503241e-13,0
306.0,0.02,-0.035,1.51447208643e-13,0
306.0,0.025,-0.035,1.65550896274e-13,0
306.0,0.02,-0.03,1.43707558359e-13,0
306.0,0.025,-0.03,1.56421458781e-13,0
306.0,0.02,-0.025,1.36354289198e-13,0
306.0,0.025,-0.025,1.48277092808e-13,0
306.0,0.02,-0.02,1.2916500227e-13,0
306.0,0.025,-0.02,1.40934086286e-13,0
306.0,0.02,-0.015,1.22406325987e-13,0
306.0,0.025,-0.015,1.34673492974e-13,0
306.0,0.02,-0.01,1.15708059117e-13,0
306.0,0.025,-0.01,1.29426642689e-13,0
306.0,0.02,-0.005,1.09559633679e-13,0
306.0,0.025,-0.005,1.25139700175e-13,0
306.0,0.02,0,1.06551750558e-13,0
306.0,0.025,4.16333634234e-19,1.2278996226e-13,0
306.0,0.02,0.005,1.08144276191e-13,0
306.0,0.025,0.005,1.23070122359e-13,0
306.0,0.02,0.01,1.12929424495e-13,0
306.0,0.025,0.01,1.25328961398e-13,0
306.0,0.02,0.015,1.18453091507e-13,0
306.0,0.025,0.015,1.28933766588e-13,0
306.0,0.02,0.02,1.24382240735e-13,0
306.0,0.02,0.025,1.31151546397e-13,0
306.0,0.025,0.02,1.34046485327e-13,0
306.0,0.025,0.025,1.40730542025e-13,0
306.0,0.02,0.03,1.38524860702e-13,0
306.0,0.02,0.035,1.46721609693e-13,0
306.0,0.025,0.03,1.48728265202e-13,0
306.0,0.025,0.035,1.58247239772e-13,0
306.0,0.02,0.04,1.54229205569e-13,0
306.0,0.02,0.045,1.58753893523e-13,0
306.0,0.025,0.04,1.68110089791e-13,0
306.0,0.025,0.045,1.75876244166e-13,0
306.0,0.02,0.05,1.6048361248e-13,0
306.0,0.02,0.055,1.60238501482e-13,0
306.0,0.025,0.05,1.81466283888e-13,0
306.0,0.025,0.055,1.85519437166e-13,0
306.0,0.02,0.06,1.59227366838e-13,0
306.0,0.02,0.065,1.58972155599e-13,0
306.0,0.025,0.06,1.89256902221e-13,0
306.0,0.025,0.065,1.9418875385e-13,0
306.0,0.02,0.07,1.6120228589e-13,0
306.0,0.02,0.075,1.68010066568e-13,0
306.0,0.025,0.07,2.02207048365e-13,0
306.0,0.025,0.075,2.15614776298e-13,0
306.0,0.03,-0.075,2.14201663898e-13,0
306.0,0.03,-0.07,2.02173921319e-13,0
306.0,0.035,-0.075,2.15271676793e-13,0
306.0,0.035,-0.07,2.01132105201e-13,0
306.0,0.03,-0.065,1.95955679663e-13,0
306.0,0.035,-0.065,1.929638215e-13,0
306.0,0.03,-0.06,1.93110232172e-13,0
306.0,0.035,-0.06,1.88499209416e-13,0
306.0,0.03,-0.055,1.91670806442e-13,0
306.0,0.035,-0.055,1.85875890021e-13,0
306.0,0.03,-0.05,1.8992295849e-13,0
306.0,0.035,-0.05,1.83571270153e-13,0
306.0,0.03,-0.045,1.86491765366e-13,0
306.0,0.035,-0.045,1.80277477561e-13,0
306.0,0.03,-0.04,1.80315057946e-13,0
306.0,0.035,-0.04,1.75046591941e-13,0
306.0,0.03,-0.035,1.71055992668e-13,0
306.0,0.035,-0.035,1.67187391082e-13,0
306.0,0.03,-0.03,1.61364152132e-13,0
306.0,0.035,-0.03,1.58171943697e-13,0
306.0,0.03,-0.025,1.52882043165e-13,0
306.0,0.035,-0.025,1.49631148489e-13,0
306.0,0.03,-0.02,1.45506854333e-13,0
306.0,0.035,-0.02,1.42221179e-13,0
306.0,0.03,-0.015,1.39379067737e-13,0
306.0,0.035,-0.015,1.36360685199e-13,0
306.0,0.03,-0.01,1.34518327371e-13,0
306.0,0.035,-0.01,1.31911016226e-13,0
306.0,0.03,-0.005,1.31148458296e-13,0
306.0,0.035,-0.005,1.28949240031e-13,0
306.0,0.03,0,1.29098783433e-13,0
306.0,0.035,4.16333634234e-19,1.26930580976e-13,0
306.0,0.03,0.005,1.2808752146e-13,0
306.0,0.035,0.005,1.25212373062e-13,0
306.0,0.03,0.01,1.28812620875e-13,0
306.0,0.035,0.01,1.2495233797e-13,0
306.0,0.03,0.015,1.31596093126e-13,0
306.0,0.035,0.015,1.26749917615e-13,0
306.0,0.03,0.02,1.36211269259e-13,0
306.0,0.035,0.02,1.30438100085e-13,0
306.0,0.03,0.025,1.42536831892e-13,0
306.0,0.035,0.025,1.3593797262e-13,0
306.0,0.03,0.03,1.50567880743e-13,0
306.0,0.03,0.035,1.60561166081e-13,0
306.0,0.035,0.03,1.43250315658e-13,0
306.0,0.035,0.035,1.52594455854e-13,0
306.0,0.03,0.04,1.7140324966e-13,0
306.0,0.03,0.045,1.80811601406e-13,0
306.0,0.035,0.04,1.63042896825e-13,0
306.0,0.035,0.045,1.72393916902e-13,0
306.0,0.03,0.05,1.88619715601e-13,0
306.0,0.03,0.055,1.95458906e-13,0
306.0,0.035,0.05,1.80703093478e-13,0
306.0,0.035,0.055,1.88646119132e-13,0
306.0,0.03,0.06,2.02446384643e-13,0
306.0,0.03,0.065,2.1111293087e-13,0
306.0,0.035,0.06,1.97347285555e-13,0
306.0,0.035,0.065,2.08159047995e-13,0
306.0,0.03,0.07,2.23311953347e-13,0
306.0,0.03,0.075,2.41470941941e-13,0
306.0,0.035,0.07,2.22836189434e-13,0
306.0,0.035,0.075,2.43621031827e-13,0
306.0,0.04,-0.075,1.93207109999e-13,0
306.0,0.04,-0.07,1.78755259706e-13,0
306.0,0.045,-0.075,1.49226624234e-13,0
306.0,0.045,-0.07,1.36151341294e-13,0
306.0,0.04,-0.065,1.70150947861e-13,0
306.0,0.045,-0.065,1.28408562301e-13,0
306.0,0.04,-0.06,1.6538207213e-13,0
306.0,0.045,-0.06,1.2444983111e-13,0
306.0,0.04,-0.055,1.62855267427e-13,0
306.0,0.045,-0.055,1.22995754995e-13,0
306.0,0.04,-0.05,1.61228858035e-13,0
306.0,0.045,-0.05,1.22961747058e-13,0
306.0,0.04,-0.045,1.59404345472e-13,0
306.0,0.045,-0.045,1.23405488248e-13,0
306.0,0.04,-0.04,1.5642862566e-13,0
306.0,0.045,-0.04,1.23492287271e-13,0
306.0,0.04,-0.035,1.51387363486e-13,0
306.0,0.045,-0.035,1.22306965893e-13,0
306.0,0.04,-0.03,1.44685470925e-13,0
306.0,0.045,-0.03,1.19560304718e-13,0
306.0,0.04,-0.025,1.3736254534e-13,0
306.0,0.045,-0.025,1.1581474375e-13,0
306.0,0.04,-0.02,1.30689689868e-13,0
306.0,0.045,-0.02,1.11393597991e-13,0
306.0,0.04,-0.015,1.25422808124e-13,0
306.0,0.045,-0.015,1.07321342424e-13,0
306.0,0.04,-0.01,1.21415442704e-13,0
306.0,0.045,-0.01,1.0380034201e-13,0
306.0,0.04,-0.005,1.1876107705e-13,0
306.0,0.045,-0.005,1.00987642182e-13,0
306.0,0.04,0,1.16735017575e-13,0
306.0,0.045,4.16333634234e-19,9.85638653582e-14,0
306.0,0.04,0.005,1.14519592789e-13,0
306.0,0.045,0.005,9.63590119862e-14,0
306.0,0.04,0.01,1.13457168987e-13,0
306.0,0.045,0.01,9.50054930536e-14,0
306.0,0.04,0.015,1.14267489085e-13,0
306.0,0.045,0.015,9.48744866829e-14,0
306.0,0.04,0.02,1.16769492894e-13,0
306.0,0.045,0.02,9.58932620888e-14,0
306.0,0.04,0.025,1.20868016545e-13,0
306.0,0.045,0.025,9.79870925966e-14,0
306.0,0.04,0.03,1.26607315892e-13,0
306.0,0.045,0.03,1.01117719144e-13,0
306.0,0.04,0.035,1.34212926323e-13,0
306.0,0.045,0.035,1.05342819583e-13,0
306.0,0.04,0.04,1.42549694429e-13,0
306.0,0.04,0.045,1.49985144808e-13,0
306.0,0.045,0.04,1.09265330881e-13,0
306.0,0.045,0.045,1.13154177314e-13,0
306.0,0.04,0.05,1.57063680179e-13,0
306.0,0.04,0.055,1.64605353459e-13,0
306.0,0.045,0.05,1.17771434299e-13,0
306.0,0.045,0.055,1.23712865703e-13,0
306.0,0.04,0.06,1.73526986926e-13,0
306.0,0.04,0.065,1.85005727866e-13,0
306.0,0.045,0.06,1.3168642013e-13,0
306.0,0.045,0.065,1.42559598779e-13,0
306.0,0.04,0.07,2.00500766107e-13,0
306.0,0.04,0.075,2.21987082175e-13,0
306.0,0.045,0.07,1.57448081222e-13,0
306.0,0.045,0.075,1.77824110999e-13,0
306.0,0.05,-0.075,8.61886935937e-14,0
306.0,0.05,-0.07,7.57043949578e-14,0
306.0,0.055,-0.075,7.90169674497e-15,0
306.0,0.055,-0.07,8.11730422286e-16,0
306.0,0.05,-0.065,6.98151475936e-14,0
306.0,0.055,-0.065,-2.59873788316e-15,0
306.0,0.05,-0.06,6.74847024508e-14,0
306.0,0.055,-0.06,-2.78060914178e-15,0
306.0,0.05,-0.055,6.77978510135e-14,0
306.0,0.055,-0.055,-2.79506471506e-16,0
306.0,0.05,-0.05,6.99053378188e-14,0
306.0,0.055,-0.05,4.259248227e-15,0
306.0,0.05,-0.045,7.3002011668e-14,0
306.0,0.055,-0.045,1.01321879161e-14,0
306.0,0.05,-0.04,7.63395916045e-14,0
306.0,0.055,-0.04,1.65696333848e-14,0
306.0,0.05,-0.035,7.91493275922e-14,0
306.0,0.055,-0.035,2.27831794716e-14,0
306.0,0.05,-0.03,8.07900481162e-14,0
306.0,0.055,-0.03,2.80285128512e-14,0
306.0,0.05,-0.025,8.10312971319e-14,0
306.0,0.055,-0.025,3.17248474014e-14,0
306.0,0.05,-0.02,7.97780323271e-14,0
306.0,0.055,-0.02,3.36089236872e-14,0
306.0,0.05,-0.015,7.76546330666e-14,0
306.0,0.055,-0.015,3.38781491755e-14,0
306.0,0.05,-0.01,7.5061463503e-14,0
306.0,0.055,-0.01,3.28690513086e-14,0
306.0,0.05,-0.005,7.2322203207e-14,0
306.0,0.055,-0.005,3.09646805125e-14,0
306.0,0.05,0,6.96808750563e-14,0
306.0,0.055,4.16333634234e-19,2.85409237754e-14,0
306.0,0.05,0.005,6.74267012867e-14,0
306.0,0.055,0.005,2.58530626251e-14,0
306.0,0.05,0.01,6.56186266582e-14,0
306.0,0.055,0.01,2.29985596112e-14,0
306.0,0.05,0.015,6.42797919981e-14,0
306.0,0.055,0.015,1.99474439413e-14,0
306.0,0.05,0.02,6.33562944243e-14,0
306.0,0.055,0.02,1.66326105338e-14,0
306.0,0.05,0.025,6.28053841284e-14,0
306.0,0.055,0.025,1.30235043134e-14,0
306.0,0.05,0.03,6.24943752959e-14,0
306.0,0.055,0.03,9.13578806461e-15,0
306.0,0.05,0.035,6.22731054329e-14,0
306.0,0.055,0.035,5.04462144398e-15,0
306.0,0.05,0.04,6.18078413733e-14,0
306.0,0.055,0.04,1.00679992995e-15,0
306.0,0.05,0.045,6.19891501545e-14,0
306.0,0.055,0.045,-2.09252305174e-15,0
306.0,0.05,0.05,6.36612025921e-14,0
306.0,0.05,0.055,6.73334229965e-14,0
306.0,0.055,0.05,-3.37583335522e-15,0
306.0,0.055,0.055,-2.23448211352e-15,0
306.0,0.05,0.06,7.35471277987e-14,0
306.0,0.05,0.065,8.28912474197e-14,0
306.0,0.055,0.06,1.76933851998e-15,0
306.0,0.055,0.065,9.01278711113e-15,0
306.0,0.05,0.07,9.60781099772e-14,0
306.0,0.05,0.075,1.14035958946e-13,0
306.0,0.055,0.07,1.98114218696e-14,0
306.0,0.055,0.075,3.44759724493e-14,0
306.0,0.06,-0.075,-8.10722302819e-14,0
306.0,0.06,-0.07,-8.45399305908e-14,0
306.0,0.065,-0.075,-1.76147327058e-13,0
306.0,0.065,-0.07,-1.76318446776e-13,0
306.0,0.06,-0.065,-8.52288952021e-14,0
306.0,0.065,-0.065,-1.74401401654e-13,0
306.0,0.06,-0.06,-8.30163557116e-14,0
306.0,0.065,-0.06,-1.69776589911e-13,0
306.0,0.06,-0.055,-7.81163218685e-14,0
306.0,0.065,-0.055,-1.62386194784e-13,0
306.0,0.06,-0.05,-7.09910688781e-14,0
306.0,0.065,-0.05,-1.52597883828e-13,0
306.0,0.06,-0.045,-6.23102627675e-14,0
306.0,0.065,-0.045,-1.41039409753e-13,0
306.0,0.06,-0.04,-5.2848091456e-14,0
306.0,0.065,-0.04,-1.28558724926e-13,0
306.0,0.06,-0.035,-4.34662397103e-14,0
306.0,0.065,-0.035,-1.16058605287e-13,0
306.0,0.06,-0.03,-3.49757494428e-14,0
306.0,0.065,-0.03,-1.0447016836e-13,0
306.0,0.06,-0.025,-2.80755195024e-14,0
306.0,0.065,-0.025,-9.45684321712e-14,0
306.0,0.06,-0.02,-2.3212396981e-14,0
306.0,0.065,-0.02,-8.69467670978e-14,0
306.0,0.06,-0.015,-2.04847792944e-14,0
306.0,0.065,-0.015,-8.18662056341e-14,0
306.0,0.06,-0.01,-1.97202266948e-14,0
306.0,0.065,-0.01,-7.93444174569e-14,0
306.0,0.06,-0.005,-2.06046091747e-14,0
306.0,0.065,-0.005,-7.91845725979e-14,0
306.0,0.06,0,-2.27771552169e-14,0
306.0,0.065,4.16333634234e-19,-8.11309832444e-14,0
306.0,0.06,0.005,-2.59651454265e-14,0
306.0,0.065,0.005,-8.49343356266e-14,0
306.0,0.06,0.01,-3.00712450255e-14,0
306.0,0.065,0.01,-9.04538185706e-14,0
306.0,0.06,0.015,-3.5102621439e-14,0
306.0,0.065,0.015,-9.75733447002e-14,0
306.0,0.06,0.02,-4.10313804083e-14,0
306.0,0.065,0.02,-1.06165080342e-13,0
306.0,0.06,0.025,-4.776782755e-14,0
306.0,0.065,0.025,-1.15982512564e-13,0
306.0,0.06,0.03,-5.51343196581e-14,0
306.0,0.065,0.03,-1.26673070944e-13,0
306.0,0.06,0.035,-6.28015957084e-14,0
306.0,0.065,0.035,-1.37667485021e-13,0
306.0,0.06,0.04,-7.01616560886e-14,0
306.0,0.065,0.04,-1.48227593923e-13,0
306.0,0.06,0.045,-7.63419824391e-14,0
306.0,0.065,0.045,-1.57428253475e-13,0
306.0,0.06,0.05,-8.04848771727e-14,0
306.0,0.065,0.05,-1.64427720941e-13,0
306.0,0.06,0.055,-8.19652193453e-14,0
306.0,0.065,0.055,-1.68538333615e-13,0
306.0,0.06,0.06,-8.03556761075e-14,0
306.0,0.06,0.065,-7.54682600306e-14,0
306.0,0.065,0.06,-1.6937425682e-13,0
306.0,0.065,0.065,-1.66841741588e-13,0
306.0,0.06,0.07,-6.73306477323e-14,0
306.0,0.06,0.075,-5.62290792788e-14,0
306.0,0.065,0.07,-1.61253263089e-13,0
306.0,0.065,0.075,-1.53408243308e-13,0
306.0,0.07,-0.075,-2.73448538962e-13,0
306.0,0.07,-0.07,-2.71119428473e-13,0
306.0,0.075,-0.075,-3.70524309615e-13,0
306.0,0.075,-0.07,-3.66871906485e-13,0
306.0,0.07,-0.065,-2.66977338284e-13,0
306.0,0.075,-0.065,-3.61007499899e-13,0
306.0,0.07,-0.06,-2.60054017989e-13,0
306.0,0.075,-0.06,-3.51935561408e-13,0
306.0,0.07,-0.055,-2.5016062125e-13,0
306.0,0.075,-0.055,-3.39474032043e-13,0
306.0,0.07,-0.05,-2.37597785086e-13,0
306.0,0.075,-0.05,-3.23989124061e-13,0
306.0,0.07,-0.045,-2.23063420101e-13,0
306.0,0.075,-0.045,-3.06240851829e-13,0
306.0,0.07,-0.04,-2.07435439119e-13,0
306.0,0.075,-0.04,-2.87231201191e-13,0
306.0,0.07,-0.035,-1.91756658143e-13,0
306.0,0.075,-0.035,-2.68126370687e-13,0
306.0,0.07,-0.03,-1.77021313865e-13,0
306.0,0.075,-0.03,-2.50057885457e-13,0
306.0,0.07,-0.025,-1.64163194048e-13,0
306.0,0.075,-0.025,-2.34111904882e-13,0
306.0,0.07,-0.02,-1.53855655804e-13,0
306.0,0.075,-0.02,-2.21080747284e-13,0
306.0,0.07,-0.015,-1.46545068856e-13,0
306.0,0.075,-0.015,-2.1157445935e-13,0
306.0,0.07,-0.01,-1.42361990872e-13,0
306.0,0.075,-0.01,-2.05804408407e-13,0
306.0,0.07,-0.005,-1.41261975057e-13,0
306.0,0.075,-0.005,-2.03867020438e-13,0
306.0,0.07,0,-1.43050598193e-13,0
306.0,0.075,0,-2.05569330306e-13,0
306.0,0.07,0.005,-1.47525366062e-13,0
306.0,0.075,0.005,-2.10776781531e-13,0
306.0,0.07,0.01,-1.54475226474e-13,0
306.0,0.075,0.01,-2.19182942955e-13,0
306.0,0.07,0.015,-1.63709848256e-13,0
306.0,0.075,0.015,-2.30570217208e-13,0
306.0,0.07,0.02,-1.74948636901e-13,0
306.0,0.075,0.02,-2.44505173894e-13,0
306.0,0.07,0.025,-1.87831096368e-13,0
306.0,0.075,0.025,-2.60528761357e-13,0
306.0,0.07,0.03,-2.01794304796e-13,0
306.0,0.075,0.03,-2.77898975211e-13,0
306.0,0.07,0.035,-2.1614150892e-13,0
306.0,0.075,0.035,-2.95771217543e-13,0
306.0,0.07,0.04,-2.29953790251e-13,0
306.0,0.075,0.04,-3.13080207569e-13,0
306.0,0.07,0.045,-2.42285598701e-13,0
306.0,0.075,0.045,-3.28754555069e-13,0
306.0,0.07,0.05,-2.5219593006e-13,0
306.0,0.075,0.05,-3.41766412348e-13,0
306.0,0.07,0.055,-2.58992027729e-13,0
306.0,0.075,0.055,-3.51325379087e-13,0
306.0,0.07,0.06,-2.62231501841e-13,0
306.0,0.075,0.06,-3.56957595951e-13,0
306.0,0.07,0.065,-2.61903132602e-13,0
306.0,0.075,0.065,-3.58616516397e-13,0
306.0,0.07,0.07,-2.58464837083e-13,0
306.0,0.07,0.075,-2.53082280911e-13,0
306.0,0.075,0.07,-3.56781909926e-13,0
306.0,0.075,0.075,-3.52672173999e-13,0
311.0,-0.00382671281566,-0.00202612167119,0,0
311.0,-0.005,-0.005,2.675672453e-14,0
311.0,-0.00197892066871,-0.00385133392306,0,0
311.0,-0.005,-0.00190753787223,1.56406976797e-14,0
311.0,-0.00433,0,0,0
311.0,-0.00190753787223,-0.005,1.56292789741e-14,0
311.0,0,-0.00433,0,0
311.0,-0.005,0.00190775150599,1.56340765585e-14,0
311.0,-0.00385133392306,0.00197892066871,0,0
311.0,0.00190775150599,-0.005,1.57037041026e-14,0
311.0,0.00202612167119,-0.00382671281566,0,0
311.0,-0.00202612167119,0.00382671281566,0,0
311.0,-0.005,0.005,2.66685059217e-14,0
311.0,-0.0019094272225,0.005,1.56430123973e-14,0
311.0,0,0.00433,0,0
311.0,0.00147766755988,0.00407006125046,0,0
311.0,8.32667268469e-19,0.005,1.18486584071e-14,0
311.0,0.00433,0,0,0
311.0,0.005,1.38777878078e-18,1.14205451424e-14,0
311.0,0.00407006125046,0.00147766755988,0,0
311.0,0.005,-0.005,2.79389401353e-14,0
311.0,0.00385133392306,-0.00197892066871,0,0
311.0,0.005,-0.0019094272225,1.57563159216e-14,0
311.0,0.00306177236254,0.00306177236254,0,0
311.0,0.0019094272225,0.005,1.58833332056e-14,0
311.0,0.005,0.0019094272225,1.58086413109e-14,0
311.0,-0.000885,-0.0015328649647,1.27152371764e-12,0
311.0,-0.0015328649647,-0.000885,1.27164610083e-12,0
311.0,-0.00186450691264,-0.00187567167242,8.43027773816e-13,0
311.0,-0.00177,0,1.2713378293e-12,0
311.0,-0.00268433516245,-0.000738983120158,7.591090614e-13,0
311.0,0,-0.00177,1.27148534869e-12,0
311.0,-0.000718432264205,-0.00269192408424,7.57402887683e-13,0
311.0,-0.0015328649647,0.000885,1.26983334221e-12,0
311.0,-0.00265321485144,0.000647311733689,7.89892113848e-13,0
311.0,-0.000885,0.0015328649647,1.26820580941e-12,0
311.0,-0.00194719253591,0.00178443766524,8.43954073948e-13,0
311.0,0,0.00177,1.26409960788e-12,0
311.0,-0.000802720381054,0.00273415977115,7.17502436018e-13,0
311.0,0.000885,-0.0015328649647,1.27017417386e-12,0
311.0,0.00075154031863,-0.00270385456952,7.45292860399e-13,0
311.0,0.00177,0,1.26243936148e-12,0
311.0,0.0015328649647,-0.000885,1.26802172956e-12,0
311.0,0.00271471102228,-0.000564731152102,7.60916672504e-13,0
311.0,0.00192394637685,-0.00189207206672,8.10098505837e-13,0
311.0,0.00231817117671,0.00040530921667,9.87913673651e-13,0
311.0,0.0015328649647,0.000885,1.26070569779e-12,0
311.0,0.000885,0.0015328649647,1.26141076127e-12,0
311.0,0.000427053001345,0.00287092483521,6.82191794248e-13,0
311.0,0.00187618296239,0.00184774001435,8.33342956438e-13,0
311.0,0.00312733402203,0.000607809752493,5.19200824536e-13,0
311.0,0.00276214303706,0.00136595635004,5.76861333725e-13,0
311.0,0.0014100336009,0.00268674970267,6.04773724922e-13,0
311.0,-0.075,-0.075,1.31444422512e-13,0
311.0,-0.07,-0.075,1.11054411326e-13,0
311.0,-0.075,-0.07,1.17844177396e-13,0
311.0,-0.07,-0.07,9.87395724934e-14,0
311.0,-0.075,-0.065,1.02526031635e-13,0
311.0,-0.07,-0.065,8.55709661965e-14,0
311.0,-0.065,-0.075,8.91017127618e-14,0
311.0,-0.065,-0.07,7.90099985647e-14,0
311.0,-0.065,-0.065,6.85037062983e-14,0
311.0,-0.075,-0.06,8.47804055298e-14,0
311.0,-0.07,-0.06,7.07158860888e-14,0
311.0,-0.065,-0.06,5.68097444886e-14,0
311.0,-0.075,-0.055,6.44183160911e-14,0
311.0,-0.07,-0.055,5.38815731693e-14,0
311.0,-0.065,-0.055,4.35976663201e-14,0
311.0,-0.075,-0.05,4.1741247526e-14,0
311.0,-0.07,-0.05,3.51892351616e-14,0
311.0,-0.065,-0.05,2.88768144846e-14,0
311.0,-0.075,-0.045,1.73078855614e-14,0
311.0,-0.07,-0.045,1.506284547e-14,0
311.0,-0.065,-0.045,1.2952297933e-14,0
311.0,-0.075,-0.04,-8.07199382389e-15,0
311.0,-0.07,-0.04,-5.85925513174e-15,0
311.0,-0.075,-0.035,-3.34863386367e-14,0
311.0,-0.07,-0.035,-2.68195156494e-14,0
311.0,-0.065,-0.04,-3.66835838574e-15,0
311.0,-0.065,-0.035,-2.03445309916e-14,0
311.0,-0.075,-0.03,-5.79853288241e-14,0
311.0,-0.07,-0.03,-4.70248534746e-14,0
311.0,-0.075,-0.025,-8.063453472e-14,0
311.0,-0.07,-0.025,-6.5724571636e-14,0
311.0,-0.065,-0.03,-3.6422055394e-14,0
311.0,-0.065,-0.025,-5.13065215012e-14,0
311.0,-0.075,-0.02,-1.00597390852e-13,0
311.0,-0.07,-0.02,-8.22161070121e-14,0
311.0,-0.075,-0.015,-1.17073527529e-13,0
311.0,-0.07,-0.015,-9.58784261095e-14,0
311.0,-0.065,-0.02,-6.44777469943e-14,0
311.0,-0.065,-0.015,-7.54412800444e-14,0
311.0,-0.075,-0.01,-1.29428805548e-13,0
311.0,-0.07,-0.01,-1.06135053436e-13,0
311.0,-0.075,-0.005,-1.37094270031e-13,0
311.0,-0.07,-0.005,-1.12537631689e-13,0
311.0,-0.065,-0.01,-8.3739171783e-14,0
311.0,-0.065,-0.005,-8.8945778798e-14,0
311.0,-0.075,0,-1.39765131308e-13,0
311.0,-0.07,0,-1.14762467872e-13,0
311.0,-0.075,0.005,-1.37275162935e-13,0
311.0,-0.07,0.005,-1.12710948604e-13,0
311.0,-0.065,4.16333634234e-19,-9.07756414435e-14,0
311.0,-0.065,0.005,-8.91151179459e-14,0
311.0,-0.075,0.01,-1.29780664632e-13,0
311.0,-0.07,0.01,-1.06472530249e-13,0
311.0,-0.075,0.015,-1.17575959811e-13,0
311.0,-0.07,0.015,-9.63620923339e-14,0
311.0,-0.065,0.01,-8.40685358558e-14,0
311.0,-0.065,0.015,-7.59148891895e-14,0
311.0,-0.075,0.02,-1.01217791751e-13,0
311.0,-0.07,0.02,-8.28175822363e-14,0
311.0,-0.075,0.025,-8.13245520786e-14,0
311.0,-0.07,0.025,-6.64013661775e-14,0
311.0,-0.065,0.02,-6.50732411657e-14,0
311.0,-0.065,0.025,-5.19880567006e-14,0
311.0,-0.075,0.03,-5.86794183292e-14,0
311.0,-0.07,0.03,-4.77167883112e-14,0
311.0,-0.075,0.035,-3.41030492883e-14,0
311.0,-0.07,0.035,-2.74500100392e-14,0
311.0,-0.065,0.03,-3.71350023703e-14,0
311.0,-0.065,0.035,-2.10151631155e-14,0
311.0,-0.075,0.04,-8.52143318185e-15,0
311.0,-0.07,0.04,-6.34214913928e-15,0
311.0,-0.075,0.045,1.71146087702e-14,0
311.0,-0.07,0.045,1.48128794004e-14,0
311.0,-0.065,0.04,-4.21048853439e-15,0
311.0,-0.065,0.045,1.26230686278e-14,0
311.0,-0.075,0.05,4.18816286854e-14,0
311.0,-0.07,0.05,3.52468405609e-14,0
311.0,-0.075,0.055,6.49521326232e-14,0
311.0,-0.07,0.055,5.4304957195e-14,0
311.0,-0.065,0.05,2.88331226875e-14,0
311.0,-0.065,0.055,4.38964789978e-14,0
311.0,-0.075,0.06,8.57460772339e-14,0
311.0,-0.07,0.06,7.15443043738e-14,0
311.0,-0.075,0.065,1.03941014523e-13,0
311.0,-0.07,0.065,8.6825403761e-14,0
311.0,-0.065,0.06,5.74906779905e-14,0
311.0,-0.065,0.065,6.95897380388e-14,0
311.0,-0.075,0.07,1.19709543972e-13,0
311.0,-0.07,0.07,1.0042681917e-13,0
311.0,-0.075,0.075,1.3375305645e-13,0
311.0,-0.07,0.075,1.13174880878e-13,0
311.0,-0.065,0.07,8.0510941715e-14,0
311.0,-0.065,0.075,9.10208733202e-14,0
311.0,-0.06,-0.075,6.51353482151e-14,0
311.0,-0.06,-0.07,5.80610568454e-14,0
311.0,-0.06,-0.065,5.07703129797e-14,0
311.0,-0.055,-0.075,3.92513402331e-14,0
311.0,-0.055,-0.07,3.58641481878e-14,0
311.0,-0.055,-0.065,3.22903115434e-14,0
311.0,-0.06,-0.06,4.26055035018e-14,0
311.0,-0.06,-0.055,3.322091012e-14,0
311.0,-0.055,-0.06,2.80028911242e-14,0
311.0,-0.055,-0.055,2.26800267738e-14,0
311.0,-0.06,-0.05,2.25647078822e-14,0
311.0,-0.055,-0.05,1.61987538775e-14,0
311.0,-0.06,-0.045,1.08285331761e-14,0
311.0,-0.055,-0.045,8.66236577162e-15,0
311.0,-0.06,-0.04,-1.56807764164e-15,0
311.0,-0.055,-0.04,3.82517140897e-16,0
311.0,-0.06,-0.035,-1.40701874574e-14,0
311.0,-0.055,-0.035,-8.10424972018e-15,0
311.0,-0.06,-0.03,-2.61076718663e-14,0
311.0,-0.06,-0.025,-3.72578320001e-14,0
311.0,-0.055,-0.03,-1.62409515597e-14,0
311.0,-0.055,-0.025,-2.37815378509e-14,0
311.0,-0.06,-0.02,-4.71763877582e-14,0
311.0,-0.06,-0.015,-5.55393674287e-14,0
311.0,-0.055,-0.02,-3.05651274573e-14,0
311.0,-0.055,-0.015,-3.64215591291e-14,0
311.0,-0.06,-0.01,-6.19652497155e-14,0
311.0,-0.06,-0.005,-6.60558790507e-14,0
311.0,-0.055,-0.01,-4.10882787174e-14,0
311.0,-0.055,-0.005,-4.412957871e-14,0
311.0,-0.06,0,-6.75104774186e-14,0
311.0,-0.06,0.005,-6.62264907544e-14,0
311.0,-0.055,4.16333634234e-19,-4.52387832038e-14,0
311.0,-0.055,0.005,-4.4309224136e-14,0
311.0,-0.06,0.01,-6.22955869196e-14,0
311.0,-0.06,0.015,-5.6013213971e-14,0
311.0,-0.055,0.01,-4.14357032689e-14,0
311.0,-0.055,0.015,-3.6918205476e-14,0
311.0,-0.06,0.02,-4.77791223083e-14,0
311.0,-0.06,0.025,-3.79593663254e-14,0
311.0,-0.055,0.02,-3.12014601211e-14,0
311.0,-0.055,0.025,-2.45233047346e-14,0
311.0,-0.06,0.03,-2.68580911452e-14,0
311.0,-0.06,0.035,-1.47990695636e-14,0
311.0,-0.055,0.03,-1.70375928002e-14,0
311.0,-0.055,0.035,-8.89513426941e-15,0
311.0,-0.06,0.04,-2.18527375097e-15,0
311.0,-0.06,0.045,1.04065122726e-14,0
311.0,-0.055,0.04,-3.10276620864e-16,0
311.0,-0.055,0.045,8.1454930704e-15,0
311.0,-0.06,0.05,2.2407844062e-14,0
311.0,-0.06,0.055,3.33846802192e-14,0
311.0,-0.055,0.05,1.59249772135e-14,0
311.0,-0.055,0.055,2.27040716656e-14,0
311.0,-0.06,0.06,4.3129494071e-14,0
311.0,-0.06,0.065,5.16785464946e-14,0
311.0,-0.055,0.06,2.83647273695e-14,0
311.0,-0.055,0.065,3.30146120574e-14,0
311.0,-0.06,0.07,5.9364582596e-14,0
311.0,-0.06,0.075,6.68378811722e-14,0
311.0,-0.055,0.07,3.6962394012e-14,0
311.0,-0.055,0.075,4.07262270622e-14,0
311.0,-0.05,-0.075,1.20331263611e-14,0
311.0,-0.05,-0.07,1.27900538098e-14,0
311.0,-0.045,-0.075,-1.57313273916e-14,0
311.0,-0.045,-0.07,-1.05423001194e-14,0
311.0,-0.05,-0.065,1.33060615456e-14,0
311.0,-0.045,-0.065,-5.70912946015e-15,0
311.0,-0.05,-0.06,1.31815262716e-14,0
311.0,-0.05,-0.055,1.21067638654e-14,0
311.0,-0.045,-0.06,-1.5062658604e-15,0
311.0,-0.045,-0.055,1.77949400626e-15,0
311.0,-0.05,-0.05,9.9011095235e-15,0
311.0,-0.05,-0.045,6.53793650205e-15,0
311.0,-0.045,-0.05,3.89308561046e-15,0
311.0,-0.045,-0.045,4.6774279773e-15,0
311.0,-0.05,-0.04,2.22359759489e-15,0
311.0,-0.045,-0.04,4.14130209267e-15,0
311.0,-0.05,-0.035,-2.54511096829e-15,0
311.0,-0.045,-0.035,2.63353283888e-15,0
311.0,-0.05,-0.03,-7.08453690745e-15,0
311.0,-0.045,-0.03,1.09400298365e-15,0
311.0,-0.05,-0.025,-1.13228273137e-14,0
311.0,-0.045,-0.025,-5.30356649502e-16,0
311.0,-0.05,-0.02,-1.52292957225e-14,0
311.0,-0.05,-0.015,-1.87416916048e-14,0
311.0,-0.045,-0.02,-2.10369104568e-15,0
311.0,-0.045,-0.015,-3.49542309603e-15,0
311.0,-0.05,-0.01,-2.17682123562e-14,0
311.0,-0.05,-0.005,-2.38131701451e-14,0
311.0,-0.045,-0.01,-4.90312296664e-15,0
311.0,-0.045,-0.005,-5.92935764354e-15,0
311.0,-0.05,0,-2.45831511516e-14,0
311.0,-0.05,0.005,-2.40076096464e-14,0
311.0,-0.045,4.16333634234e-19,-6.35586182401e-15,0
311.0,-0.045,0.005,-6.13387276896e-15,0
311.0,-0.05,0.01,-2.21473734732e-14,0
311.0,-0.05,0.015,-1.928984439e-14,0
311.0,-0.045,0.01,-5.30521430605e-15,0
311.0,-0.045,0.015,-4.07618243806e-15,0
311.0,-0.05,0.02,-1.59250767123e-14,0
311.0,-0.05,0.025,-1.21153505745e-14,0
311.0,-0.045,0.02,-2.81738539366e-15,0
311.0,-0.045,0.025,-1.33075761654e-15,0
311.0,-0.05,0.03,-7.91956283097e-15,0
311.0,-0.05,0.035,-3.36806902814e-15,0
311.0,-0.045,0.03,2.46412932686e-16,0
311.0,-0.045,0.035,1.77737592811e-15,0
311.0,-0.05,0.04,1.470640297e-15,0
311.0,-0.05,0.045,5.93295133182e-15,0
311.0,-0.045,0.04,3.33351067074e-15,0
311.0,-0.045,0.045,3.9924788678e-15,0
311.0,-0.05,0.05,9.51366366914e-15,0
311.0,-0.05,0.055,1.19927532789e-14,0
311.0,-0.045,0.05,3.3994773946e-15,0
311.0,-0.045,0.055,1.53457622416e-15,0
311.0,-0.05,0.06,1.33819422817e-14,0
311.0,-0.05,0.065,1.38464939525e-14,0
311.0,-0.045,0.06,-1.46003392551e-15,0
311.0,-0.045,0.065,-5.34511486622e-15,0
311.0,-0.05,0.07,1.36819911841e-14,0
311.0,-0.05,0.075,1.32778099402e-14,0
311.0,-0.045,0.07,-9.84882995403e-15,0
311.0,-0.045,0.075,-1.4708821134e-14,0
311.0,-0.04,-0.075,-4.30744748218e-14,0
311.0,-0.04,-0.07,-3.3373255434e-14,0
311.0,-0.035,-0.075,-6.89959298543e-14,0
311.0,-0.035,-0.07,-5.49006565205e-14,0
311.0,-0.04,-0.065,-2.41692280596e-14,0
311.0,-0.035,-0.065,-4.14396435097e-14,0
311.0,-0.04,-0.06,-1.56101789994e-14,0
311.0,-0.035,-0.06,-2.86639227396e-14,0
311.0,-0.04,-0.055,-7.97528290601e-15,0
311.0,-0.035,-0.055,-1.68348484725e-14,0
311.0,-0.04,-0.05,-1.58036462114e-15,0
311.0,-0.04,-0.045,3.28150633649e-15,0
311.0,-0.035,-0.05,-6.34765811609e-15,0
311.0,-0.035,-0.045,2.37418566035e-15,0
311.0,-0.04,-0.04,6.44633183759e-15,0
311.0,-0.04,-0.035,7.94121313667e-15,0
311.0,-0.035,-0.04,8.94111140256e-15,0
311.0,-0.035,-0.035,1.30105557428e-14,0
311.0,-0.04,-0.03,8.47079664019e-15,0
311.0,-0.035,-0.03,1.53071669263e-14,0
311.0,-0.04,-0.025,8.68117451663e-15,0
311.0,-0.035,-0.025,1.69862406343e-14,0
311.0,-0.04,-0.02,8.72742143312e-15,0
311.0,-0.035,-0.02,1.82021487152e-14,0
311.0,-0.04,-0.015,8.84612554683e-15,0
311.0,-0.035,-0.015,1.917499614e-14,0
311.0,-0.04,-0.01,9.00595887627e-15,0
311.0,-0.04,-0.005,8.94944911168e-15,0
311.0,-0.035,-0.01,1.99970495221e-14,0
311.0,-0.035,-0.005,2.03883203807e-14,0
311.0,-0.04,0,8.82677830649e-15,0
311.0,-0.04,0.005,8.74717139956e-15,0
311.0,-0.035,4.16333634234e-19,2.04458125976e-14,0
311.0,-0.035,0.005,2.01956499456e-14,0
311.0,-0.04,0.01,8.61266158849e-15,0
311.0,-0.04,0.015,8.29211170675e-15,0
311.0,-0.035,0.01,1.9623659295e-14,0
311.0,-0.035,0.015,1.86485559758e-14,0
311.0,-0.04,0.02,8.04683488199e-15,0
311.0,-0.04,0.025,7.90451978098e-15,0
311.0,-0.035,0.02,1.7537565218e-14,0
311.0,-0.035,0.025,1.62160460408e-14,0
311.0,-0.04,0.03,7.63108874582e-15,0
311.0,-0.04,0.035,7.07060623784e-15,0
311.0,-0.035,0.03,1.44617415716e-14,0
311.0,-0.035,0.035,1.21157783471e-14,0
311.0,-0.04,0.04,5.59402066586e-15,0
311.0,-0.04,0.045,2.5252957266e-15,0
311.0,-0.035,0.04,8.04549911888e-15,0
311.0,-0.035,0.045,1.55411859818e-15,0
311.0,-0.04,0.05,-2.16993338792e-15,0
311.0,-0.04,0.055,-8.33942024106e-15,0
311.0,-0.035,0.05,-7.02152820747e-15,0
311.0,-0.035,0.055,-1.73029158379e-14,0
311.0,-0.04,0.06,-1.57048069553e-14,0
311.0,-0.04,0.065,-2.39664597989e-14,0
311.0,-0.035,0.06,-2.88807145737e-14,0
311.0,-0.035,0.065,-4.13759180027e-14,0
311.0,-0.04,0.07,-3.28612103407e-14,0
311.0,-0.04,0.075,-4.22550938728e-14,0
311.0,-0.035,0.07,-5.45440531073e-14,0
311.0,-0.035,0.075,-6.83495532752e-14,0
311.0,-0.03,-0.075,-9.25342252061e-14,0
311.0,-0.03,-0.07,-7.43340029761e-14,0
311.0,-0.025,-0.075,-1.12795406982e-13,0
311.0,-0.025,-0.07,-9.09730144024e-14,0
311.0,-0.03,-0.065,-5.6912708997e-14,0
311.0,-0.025,-0.065,-7.00298520031e-14,0
311.0,-0.03,-0.06,-4.02134585403e-14,0
311.0,-0.025,-0.06,-4.9862488463e-14,0
311.0,-0.03,-0.055,-2.45133512814e-14,0
311.0,-0.025,-0.055,-3.07476142794e-14,0
311.0,-0.03,-0.05,-1.02761631609e-14,0
311.0,-0.025,-0.05,-1.32430537854e-14,0
311.0,-0.03,-0.045,1.91630347403e-15,0
311.0,-0.025,-0.045,1.93068619207e-15,0
311.0,-0.03,-0.04,1.14528622003e-14,0
311.0,-0.03,-0.035,1.7687954502e-14,0
311.0,-0.025,-0.04,1.39679286958e-14,0
311.0,-0.025,-0.035,2.19631989299e-14,0
311.0,-0.03,-0.03,2.14684737878e-14,0
311.0,-0.03,-0.025,2.4294253739e-14,0
311.0,-0.025,-0.03,2.69019571325e-14,0
311.0,-0.025,-0.025,3.05610474224e-14,0
311.0,-0.03,-0.02,2.63123230876e-14,0
311.0,-0.025,-0.02,3.30853906672e-14,0
311.0,-0.03,-0.015,2.77067604879e-14,0
311.0,-0.025,-0.015,3.47176963923e-14,0
311.0,-0.03,-0.01,2.85983779077e-14,0
311.0,-0.025,-0.01,3.56261312821e-14,0
311.0,-0.03,-0.005,2.90478525122e-14,0
311.0,-0.025,-0.005,3.59659613207e-14,0
311.0,-0.03,0,2.91197294868e-14,0
311.0,-0.03,0.005,2.88621115177e-14,0
311.0,-0.025,4.16333634234e-19,3.59900774124e-14,0
311.0,-0.025,0.005,3.57793726319e-14,0
311.0,-0.03,0.01,2.8234951976e-14,0
311.0,-0.03,0.015,2.71810519832e-14,0
311.0,-0.025,0.01,3.52576851914e-14,0
311.0,-0.025,0.015,3.41779225901e-14,0
311.0,-0.03,0.02,2.56449673752e-14,0
311.0,-0.03,0.025,2.35120927722e-14,0
311.0,-0.025,0.02,3.23929436057e-14,0
311.0,-0.025,0.025,2.97430887535e-14,0
311.0,-0.03,0.03,2.06007905856e-14,0
311.0,-0.03,0.035,1.67624417628e-14,0
311.0,-0.025,0.03,2.59906178544e-14,0
311.0,-0.025,0.035,2.09890660521e-14,0
311.0,-0.03,0.04,1.0513945866e-14,0
311.0,-0.03,0.045,1.03921676581e-15,0
311.0,-0.025,0.04,1.29815702312e-14,0
311.0,-0.025,0.045,1.00259160149e-15,0
311.0,-0.03,0.05,-1.10215899091e-14,0
311.0,-0.03,0.055,-2.50674984661e-14,0
311.0,-0.025,0.05,-1.40471750947e-14,0
311.0,-0.025,0.055,-3.13681418775e-14,0
311.0,-0.03,0.06,-4.05293535497e-14,0
311.0,-0.03,0.065,-5.69597069978e-14,0
311.0,-0.025,0.06,-5.02511924062e-14,0
311.0,-0.025,0.065,-7.01545300792e-14,0
311.0,-0.03,0.07,-7.40991218609e-14,0
311.0,-0.03,0.075,-9.20215271232e-14,0
311.0,-0.025,0.07,-9.08198099777e-14,0
311.0,-0.025,0.075,-1.12368697832e-13,0
311.0,-0.02,-0.075,-1.2907413918e-13,0
311.0,-0.02,-0.07,-1.0421575625e-13,0
311.0,-0.015,-0.075,-1.40787637055e-13,0
311.0,-0.015,-0.07,-1.1363320583e-13,0
311.0,-0.02,-0.065,-8.03388425746e-14,0
311.0,-0.015,-0.065,-8.74915052486e-14,0
311.0,-0.02,-0.06,-5.72693295991e-14,0
311.0,-0.015,-0.06,-6.21955429051e-14,0
311.0,-0.02,-0.055,-3.53236717977e-14,0
311.0,-0.015,-0.055,-3.80754011188e-14,0
311.0,-0.02,-0.05,-1.51271985265e-14,0
311.0,-0.015,-0.05,-1.58368264329e-14,0
311.0,-0.02,-0.045,2.47252114944e-15,0
311.0,-0.015,-0.045,3.57713847369e-15,0
311.0,-0.02,-0.04,1.65058762338e-14,0
311.0,-0.015,-0.04,1.90976059335e-14,0
311.0,-0.02,-0.035,2.58908377671e-14,0
311.0,-0.015,-0.035,2.95234704024e-14,0
311.0,-0.02,-0.03,3.16600308417e-14,0
311.0,-0.02,-0.025,3.58071975643e-14,0
311.0,-0.015,-0.03,3.58742889036e-14,0
311.0,-0.015,-0.025,4.01627420444e-14,0
311.0,-0.02,-0.02,3.84618765026e-14,0
311.0,-0.02,-0.015,3.99193672382e-14,0
311.0,-0.015,-0.02,4.24720618112e-14,0
311.0,-0.015,-0.015,4.30556648359e-14,0
311.0,-0.02,-0.01,4.0418184562e-14,0
311.0,-0.015,-0.01,4.22412713912e-14,0
311.0,-0.02,-0.005,4.03054441957e-14,0
311.0,-0.015,-0.005,4.09492904942e-14,0
311.0,-0.02,0,4.0112544221e-14,0
311.0,-0.015,4.16333634234e-19,4.02751117603e-14,0
311.0,-0.02,0.005,4.01046225448e-14,0
311.0,-0.015,0.005,4.07055265053e-14,0
311.0,-0.02,0.01,4.00203035182e-14,0
311.0,-0.02,0.015,3.93306708633e-14,0
311.0,-0.015,0.01,4.17669740078e-14,0
311.0,-0.015,0.015,4.23552671226e-14,0
311.0,-0.02,0.02,3.77066474164e-14,0
311.0,-0.02,0.025,3.49202003467e-14,0
311.0,-0.015,0.02,4.1591273818e-14,0
311.0,-0.015,0.025,3.91587613619e-14,0
311.0,-0.02,0.03,3.06801828511e-14,0
311.0,-0.02,0.035,2.48590792327e-14,0
311.0,-0.015,0.03,3.4791544809e-14,0
311.0,-0.015,0.035,2.84226291868e-14,0
311.0,-0.02,0.04,1.5473565326e-14,0
311.0,-0.02,0.045,1.5009385894e-15,0
311.0,-0.015,0.04,1.80279347966e-14,0
311.0,-0.015,0.045,2.57269684925e-15,0
311.0,-0.02,0.05,-1.59760528426e-14,0
311.0,-0.02,0.055,-3.59896476903e-14,0
311.0,-0.015,0.05,-1.67155296526e-14,0
311.0,-0.015,0.055,-3.8765525953e-14,0
311.0,-0.02,0.06,-5.77023681884e-14,0
311.0,-0.02,0.065,-8.05048291551e-14,0
311.0,-0.015,0.06,-6.26435742809e-14,0
311.0,-0.015,0.065,-8.76607490168e-14,0
311.0,-0.02,0.07,-1.04099673907e-13,0
311.0,-0.02,0.075,-1.28680497069e-13,0
311.0,-0.015,0.07,-1.13507077954e-13,0
311.0,-0.015,0.075,-1.40369971593e-13,0
311.0,-0.01,-0.075,-1.47631535845e-13,0
311.0,-0.01,-0.07,-1.18943429812e-13,0
311.0,-0.005,-0.075,-1.49447601151e-13,0
311.0,-0.005,-0.07,-1.20080703399e-13,0
311.0,-0.01,-0.065,-9.12962652416e-14,0
311.0,-0.005,-0.065,-9.1699296338e-14,0
311.0,-0.01,-0.06,-6.44945252639e-14,0
311.0,-0.005,-0.06,-6.41578211944e-14,0
311.0,-0.01,-0.055,-3.89183126745e-14,0
311.0,-0.005,-0.055,-3.78539621138e-14,0
311.0,-0.01,-0.05,-1.5322798999e-14,0
311.0,-0.005,-0.05,-1.35937265504e-14,0
311.0,-0.01,-0.045,5.27660588498e-15,0
311.0,-0.005,-0.045,7.55874311061e-15,0
311.0,-0.01,-0.04,2.17272274682e-14,0
311.0,-0.005,-0.04,2.44219899908e-14,0
311.0,-0.01,-0.035,3.28242650491e-14,0
311.0,-0.005,-0.035,3.57831351515e-14,0
311.0,-0.01,-0.03,3.95013036463e-14,0
311.0,-0.005,-0.03,4.25088209273e-14,0
311.0,-0.01,-0.025,4.3591328858e-14,0
311.0,-0.005,-0.025,4.60837531158e-14,0
311.0,-0.01,-0.02,4.5102787611e-14,0
311.0,-0.01,-0.015,4.41294271237e-14,0
311.0,-0.005,-0.02,4.65735331753e-14,0
311.0,-0.005,-0.015,4.39298837065e-14,0
311.0,-0.0117873230072,-0.0115873794689,4.25922785937e-14,0
311.0,-0.00939961996336,-0.005,3.6040009478e-14,0
311.0,-0.00792797428371,-0.00964253216809,3.92181222981e-14,0
311.0,-0.005,-0.00939961996336,3.63996414932e-14,0
311.0,-0.0108753492546,-0.00150606400588,3.63929305874e-14,0
311.0,-0.00818101620308,-0.00211452602544,3.10081663772e-14,0
311.0,-0.00651817360753,-0.000255934956239,2.36032311274e-14,0
311.0,-0.005,6.71033969428e-08,1.15213161866e-14,0
311.0,-0.0107292118043,0.00160660295843,3.61085648698e-14,0
311.0,-0.0080188992252,0.000768320427092,2.96421150763e-14,0
311.0,-0.00939946851065,0.005,3.58054916488e-14,0
311.0,-0.00802129342231,0.00264911934363,3.0980161699e-14,0
311.0,-0.00887989370213,0.00887989479405,3.87045381553e-14,0
311.0,-0.01,0.015,4.33241045272e-14,0
311.0,-0.005,0.00939947397025,3.59485647948e-14,0
311.0,-0.005,0.015,4.31211757775e-14,0
311.0,-0.01,0.02,4.41197307078e-14,0
311.0,-0.01,0.025,4.25118245196e-14,0
311.0,-0.005,0.02,4.56102071539e-14,0
311.0,-0.005,0.025,4.5101714466e-14,0
311.0,-0.01,0.03,3.83700731242e-14,0
311.0,-0.01,0.035,3.17016015544e-14,0
311.0,-0.005,0.03,4.15211109593e-14,0
311.0,-0.005,0.035,3.47364157312e-14,0
311.0,-0.01,0.04,2.06397436576e-14,0
311.0,-0.01,0.045,4.24960840756e-15,0
311.0,-0.005,0.04,2.33258835102e-14,0
311.0,-0.005,0.045,6.51279308115e-15,0
311.0,-0.01,0.05,-1.62184833671e-14,0
311.0,-0.01,0.055,-3.96124374728e-14,0
311.0,-0.005,0.05,-1.44967490884e-14,0
311.0,-0.005,0.055,-3.85339106693e-14,0
311.0,-0.01,0.06,-6.49286776126e-14,0
311.0,-0.01,0.065,-9.14306285472e-14,0
311.0,-0.005,0.06,-6.45509732537e-14,0
311.0,-0.005,0.065,-9.17622811342e-14,0
311.0,-0.01,0.07,-1.18759495837e-13,0
311.0,-0.01,0.075,-1.47132280968e-13,0
311.0,-0.005,0.07,-1.19792624008e-13,0
311.0,-0.005,0.075,-1.4880971576e-13,0
311.0,0,-0.075,-1.46384212999e-13,0
311.0,0,-0.07,-1.171410131e-13,0
311.0,0.005,-0.075,-1.38725109135e-13,0
311.0,0.005,-0.07,-1.10433731476e-13,0
311.0,0,-0.065,-8.88241813621e-14,0
311.0,0.005,-0.065,-8.29326496018e-14,0
311.0,0,-0.06,-6.12951973337e-14,0
311.0,0.005,-0.06,-5.6160988803e-14,0
311.0,0,-0.055,-3.49966350696e-14,0
311.0,0.005,-0.055,-3.05712046541e-14,0
311.0,0,-0.05,-1.07528406514e-14,0
311.0,0.005,-0.05,-6.99994298692e-15,0
311.0,0,-0.045,1.03567930113e-14,0
311.0,0.005,-0.045,1.34740557016e-14,0
311.0,0,-0.04,2.71161257636e-14,0
311.0,0.005,-0.04,2.96541886848e-14,0
311.0,0,-0.035,3.83414202855e-14,0
311.0,0.005,-0.035,4.0226232829e-14,0
311.0,0,-0.03,4.48034956597e-14,0
311.0,0.005,-0.03,4.61389968841e-14,0
311.0,0,-0.025,4.79023894209e-14,0
311.0,0.005,-0.025,4.91621612165e-14,0
311.0,0,-0.02,4.77637117104e-14,0
311.0,0.005,-0.02,4.93225699478e-14,0
311.0,0,-0.015,4.42439370613e-14,0
311.0,0.005,-0.015,4.64842762708e-14,0
311.0,-0.0021196717084,-0.00776771017156,2.960032806e-14,0
311.0,-0.00084550708518,-0.00631514607954,2.23576913992e-14,0
311.0,6.71033969406e-08,-0.005,1.19954040314e-14,0
311.0,-0.00139054260708,-0.0110960807567,3.79354250841e-14,0
311.0,0.00132468676756,-0.00775008274642,2.92748265526e-14,0
311.0,0.00160394440688,-0.0116908851489,3.97859041088e-14,0
311.0,0.005,-0.00939946851065,3.84221657999e-14,0
311.0,0.005,0.005,2.72383105774e-14,0
311.0,-0.000107646311398,0.00617659695633,2.12505397191e-14,0
311.0,-0.00190846935279,0.0076427502668,2.86667666506e-14,0
311.0,0.00131146485568,0.00777290068297,2.87193297721e-14,0
311.0,0.00295884413402,0.00640276348073,2.61959775159e-14,0
311.0,-1.21517769428e-05,0.0108932602996,3.6855952711e-14,0
311.0,0,0.015,4.33877627384e-14,0
311.0,0.005,0.00939942566771,3.75755941443e-14,0
311.0,0.005,0.015,4.55555822074e-14,0
311.0,0,0.02,4.68337307931e-14,0
311.0,0,0.025,4.70260878064e-14,0
311.0,0.005,0.02,4.83557449961e-14,0
311.0,0.005,0.025,4.82123249454e-14,0
311.0,0,0.03,4.39670141271e-14,0
311.0,0,0.035,3.73541956415e-14,0
311.0,0.005,0.03,4.51954812425e-14,0
311.0,0.005,0.035,3.91820998457e-14,0
311.0,0,0.04,2.60016318604e-14,0
311.0,0,0.045,9.29330452715e-15,0
311.0,0.005,0.04,2.8507329591e-14,0
311.0,0.005,0.045,1.23890576424e-14,0
311.0,0,0.05,-1.16548497598e-14,0
311.0,0,0.055,-3.56466815472e-14,0
311.0,0.005,0.05,-7.89728265361e-15,0
311.0,0.005,0.055,-3.11806654938e-14,0
311.0,0,0.06,-6.1623290646e-14,0
311.0,0,0.065,-8.87825728579e-14,0
311.0,0.005,0.06,-5.64051082572e-14,0
311.0,0.005,0.065,-8.27584951096e-14,0
311.0,0,0.07,-1.16705916914e-13,0
311.0,0,0.075,-1.45554906726e-13,0
311.0,0.005,0.07,-1.09814020858e-13,0
311.0,0.005,0.075,-1.37656451408e-13,0
311.0,0.01,-0.075,-1.27022463222e-13,0
311.0,0.01,-0.07,-1.00400868053e-13,0
311.0,0.015,-0.075,-1.11916525429e-13,0
311.0,0.015,-0.07,-8.7644968866e-14,0
311.0,0.01,-0.065,-7.44394788097e-14,0
311.0,0.015,-0.065,-6.38510305402e-14,0
311.0,0.01,-0.06,-4.91112678255e-14,0
311.0,0.015,-0.06,-4.05994234408e-14,0
311.0,0.01,-0.055,-2.49020596533e-14,0
311.0,0.015,-0.055,-1.83762377912e-14,0
311.0,0.01,-0.05,-2.63191764768e-15,0
311.0,0.015,-0.05,2.02093725171e-15,0
311.0,0.01,-0.045,1.66515744453e-14,0
311.0,0.015,-0.045,1.95983150207e-14,0
311.0,0.01,-0.04,3.17665174918e-14,0
311.0,0.015,-0.04,3.32818763179e-14,0
311.0,0.01,-0.035,4.14160724135e-14,0
311.0,0.015,-0.035,4.19002924742e-14,0
311.0,0.01,-0.03,4.67752977586e-14,0
311.0,0.015,-0.03,4.67508611037e-14,0
311.0,0.01,-0.025,4.99398355163e-14,0
311.0,0.015,-0.025,4.99517716803e-14,0
311.0,0.01,-0.02,5.08500899145e-14,0
311.0,0.01,-0.015,4.96208404242e-14,0
311.0,0.015,-0.02,5.1578068971e-14,0
311.0,0.015,-0.015,5.20214613669e-14,0
311.0,0.00999280436795,-0.0116358337096,4.74772934257e-14,0
311.0,0.0105889214373,-0.00845762197625,4.5575124307e-14,0
311.0,0.015,-0.01,5.12483505319e-14,0
311.0,0.00939947397025,-0.005,4.04053417751e-14,0
311.0,0.015,-0.005,4.98277701537e-14,0
311.0,0.00658051136513,-0.00296146438142,2.96376634194e-14,0
311.0,0.00636794669772,-3.54305826484e-06,2.50617282182e-14,0
311.0,0.00795807888052,-0.00113999998936,3.33713172274e-14,0
311.0,0.00758147027913,0.00183630393596,3.2012423131e-14,0
311.0,0.0112534647756,-1.47536350887e-07,4.27539713205e-14,0
311.0,0.015,4.16333634234e-19,4.91157517202e-14,0
311.0,0.00939942566771,0.005,3.97879489211e-14,0
311.0,0.015,0.005,4.92910692104e-14,0
311.0,0.00999018807453,0.0109670628501,4.60723000248e-14,0
311.0,0.01,0.015,4.8648949903e-14,0
311.0,0.015,0.01,5.04520304523e-14,0
311.0,0.015,0.015,5.10353466642e-14,0
311.0,0.01,0.02,4.9813250461e-14,0
311.0,0.01,0.025,4.8835988539e-14,0
311.0,0.015,0.02,5.04273503974e-14,0
311.0,0.015,0.025,4.86663208334e-14,0
311.0,0.01,0.03,4.56145398266e-14,0
311.0,0.01,0.035,4.01953932303e-14,0
311.0,0.015,0.03,4.53810653983e-14,0
311.0,0.015,0.035,4.04912068583e-14,0
311.0,0.01,0.04,3.05297106858e-14,0
311.0,0.01,0.045,1.55207628797e-14,0
311.0,0.015,0.04,3.19144017501e-14,0
311.0,0.015,0.045,1.8391311253e-14,0
311.0,0.01,0.05,-3.53314929872e-15,0
311.0,0.01,0.055,-2.54690484645e-14,0
311.0,0.015,0.05,1.09666331526e-15,0
311.0,0.015,0.055,-1.89078125178e-14,0
311.0,0.01,0.06,-4.92597615603e-14,0
311.0,0.01,0.065,-7.41114447262e-14,0
311.0,0.015,0.06,-4.06483569605e-14,0
311.0,0.015,0.065,-6.33547836821e-14,0
311.0,0.01,0.07,-9.95656094247e-14,0
311.0,0.01,0.075,-1.25674233405e-13,0
311.0,0.015,0.07,-8.65701591693e-14,0
311.0,0.015,0.075,-1.10255322354e-13,0
311.0,0.02,-0.075,-9.42226799162e-14,0
311.0,0.02,-0.07,-7.28346299938e-14,0
311.0,0.025,-0.075,-7.47764635728e-14,0
311.0,0.025,-0.07,-5.67152991233e-14,0
311.0,0.02,-0.065,-5.17611232487e-14,0
311.0,0.025,-0.065,-3.87845930115e-14,0
311.0,0.02,-0.06,-3.11186927632e-14,0
311.0,0.025,-0.06,-2.11898619121e-14,0
311.0,0.02,-0.055,-1.14113247355e-14,0
311.0,0.025,-0.055,-4.42387252072e-15,0
311.0,0.02,-0.05,6.61263925095e-15,0
311.0,0.025,-0.05,1.08224672467e-14,0
311.0,0.02,-0.045,2.20534082847e-14,0
311.0,0.025,-0.045,2.37589009034e-14,0
311.0,0.02,-0.04,3.39628112275e-14,0
311.0,0.025,-0.04,3.36107971241e-14,0
311.0,0.02,-0.035,4.13966742729e-14,0
311.0,0.025,-0.035,3.9642768404e-14,0
311.0,0.02,-0.03,4.56168250126e-14,0
311.0,0.025,-0.03,4.30592281863e-14,0
311.0,0.02,-0.025,4.86249424192e-14,0
311.0,0.025,-0.025,4.55654750616e-14,0
311.0,0.02,-0.02,5.05920502192e-14,0
311.0,0.025,-0.02,4.73115662806e-14,0
311.0,0.02,-0.015,5.19903316045e-14,0
311.0,0.025,-0.015,4.86814652278e-14,0
311.0,0.02,-0.01,5.27766569604e-14,0
311.0,0.025,-0.01,4.96582494752e-14,0
311.0,0.02,-0.005,5.26992262408e-14,0
311.0,0.025,-0.005,5.0104636212e-14,0
311.0,0.02,0,5.24087373147e-14,0
311.0,0.025,4.16333634234e-19,5.01107507211e-14,0
311.0,0.02,0.005,5.22489414364e-14,0
311.0,0.025,0.005,4.95307302976e-14,0
311.0,0.02,0.01,5.19677544499e-14,0
311.0,0.025,0.01,4.85875683584e-14,0
311.0,0.02,0.015,5.08857108508e-14,0
311.0,0.025,0.015,4.72604589502e-14,0
311.0,0.02,0.02,4.92294283263e-14,0
311.0,0.02,0.025,4.70876207005e-14,0
311.0,0.025,0.02,4.56099622012e-14,0
311.0,0.025,0.025,4.36782198557e-14,0
311.0,0.02,0.03,4.3998214959e-14,0
311.0,0.02,0.035,3.97753719997e-14,0
311.0,0.025,0.03,4.11149300158e-14,0
311.0,0.025,0.035,3.77498101818e-14,0
311.0,0.02,0.04,3.24317788258e-14,0
311.0,0.02,0.045,2.07373492276e-14,0
311.0,0.025,0.04,3.18637197788e-14,0
311.0,0.025,0.045,2.2288615331e-14,0
311.0,0.02,0.05,5.64004311144e-15,0
311.0,0.02,0.055,-1.19214023847e-14,0
311.0,0.025,0.05,9.77000209595e-15,0
311.0,0.025,0.055,-4.92991797639e-15,0
311.0,0.02,0.06,-3.10700905805e-14,0
311.0,0.02,0.065,-5.10880253257e-14,0
311.0,0.025,0.06,-2.10485951238e-14,0
311.0,0.025,0.065,-3.7928784679e-14,0
311.0,0.02,0.07,-7.15022563373e-14,0
311.0,0.02,0.075,-9.22226342894e-14,0
311.0,0.025,0.07,-5.5111152196e-14,0
311.0,0.025,0.075,-7.24163251805e-14,0
311.0,0.03,-0.075,-5.44691354531e-14,0
311.0,0.03,-0.07,-4.00207751869e-14,0
311.0,0.035,-0.075,-3.41450817673e-14,0
311.0,0.035,-0.07,-2.34731017425e-14,0
311.0,0.03,-0.065,-2.55481590948e-14,0
311.0,0.035,-0.065,-1.2633308407e-14,0
311.0,0.03,-0.06,-1.13136218543e-14,0
311.0,0.035,-0.06,-1.95906827108e-15,0
311.0,0.03,-0.055,2.19262233476e-15,0
311.0,0.035,-0.055,8.08424518435e-15,0
311.0,0.03,-0.05,1.43550056229e-14,0
311.0,0.035,-0.05,1.69626227776e-14,0
311.0,0.03,-0.045,2.4514736202e-14,0
311.0,0.035,-0.045,2.41524269821e-14,0
311.0,0.03,-0.04,3.20611692941e-14,0
311.0,0.035,-0.04,2.92292332672e-14,0
311.0,0.03,-0.035,3.65041745924e-14,0
311.0,0.035,-0.035,3.19520811175e-14,0
311.0,0.03,-0.03,3.89021218063e-14,0
311.0,0.035,-0.03,3.31896359603e-14,0
311.0,0.03,-0.025,4.0578621826e-14,0
311.0,0.035,-0.025,3.36911467793e-14,0
311.0,0.03,-0.02,4.16502690582e-14,0
311.0,0.035,-0.02,3.37106087511e-14,0
311.0,0.03,-0.015,4.24242192521e-14,0
311.0,0.035,-0.015,3.36889004482e-14,0
311.0,0.03,-0.01,4.29700838321e-14,0
311.0,0.035,-0.01,3.36753872044e-14,0
311.0,0.03,-0.005,4.3404363675e-14,0
311.0,0.035,-0.005,3.37760896217e-14,0
311.0,0.03,0,4.34386698545e-14,0
311.0,0.035,4.16333634234e-19,3.36916326405e-14,0
311.0,0.03,0.005,4.2645361059e-14,0
311.0,0.035,0.005,3.2971060366e-14,0
311.0,0.03,0.01,4.16021453515e-14,0
311.0,0.035,0.01,3.21984795804e-14,0
311.0,0.03,0.015,4.06373089738e-14,0
311.0,0.035,0.015,3.16947970813e-14,0
311.0,0.03,0.02,3.95521460339e-14,0
311.0,0.035,0.02,3.1281433872e-14,0
311.0,0.03,0.025,3.82427962466e-14,0
311.0,0.035,0.025,3.08247935638e-14,0
311.0,0.03,0.03,3.65160517858e-14,0
311.0,0.03,0.035,3.42492815366e-14,0
311.0,0.035,0.03,3.01522376906e-14,0
311.0,0.035,0.035,2.9155508238e-14,0
311.0,0.03,0.04,3.0024022982e-14,0
311.0,0.03,0.045,2.28348749494e-14,0
311.0,0.035,0.04,2.68077474318e-14,0
311.0,0.035,0.045,2.22203297913e-14,0
311.0,0.03,0.05,1.31901860572e-14,0
311.0,0.03,0.055,1.67560672805e-15,0
311.0,0.035,0.05,1.56698057263e-14,0
311.0,0.035,0.055,7.55702600682e-15,0
311.0,0.03,0.06,-1.10813643219e-14,0
311.0,0.03,0.065,-2.45025574245e-14,0
311.0,0.035,0.06,-1.62726882739e-15,0
311.0,0.035,0.065,-1.13850212874e-14,0
311.0,0.03,0.07,-3.81315555852e-14,0
311.0,0.03,0.075,-5.17313264521e-14,0
311.0,0.035,0.07,-2.12836034057e-14,0
311.0,0.035,0.075,-3.10129979938e-14,0
311.0,0.04,-0.075,-1.4585363579e-14,0
311.0,0.04,-0.07,-7.71155747732e-15,0
311.0,0.045,-0.075,3.53179010422e-15,0
311.0,0.045,-0.07,6.71750252597e-15,0
311.0,0.04,-0.065,-5.64584817811e-16,0
311.0,0.045,-0.065,1.02382899421e-14,0
311.0,0.04,-0.06,6.47174256647e-15,0
311.0,0.045,-0.06,1.3660518767e-14,0
311.0,0.04,-0.055,1.29525400774e-14,0
311.0,0.045,-0.055,1.65735142277e-14,0
311.0,0.04,-0.05,1.84355821993e-14,0
311.0,0.045,-0.05,1.86199523028e-14,0
311.0,0.04,-0.045,2.25377309493e-14,0
311.0,0.045,-0.045,1.95516646679e-14,0
311.0,0.04,-0.04,2.5014407988e-14,0
311.0,0.045,-0.04,1.92651561681e-14,0
311.0,0.04,-0.035,2.58345987824e-14,0
311.0,0.045,-0.035,1.78786307919e-14,0
311.0,0.04,-0.03,2.55485075222e-14,0
311.0,0.045,-0.03,1.5875262154e-14,0
311.0,0.04,-0.025,2.46425318103e-14,0
311.0,0.045,-0.025,1.35726971733e-14,0
311.0,0.04,-0.02,2.35425192601e-14,0
311.0,0.045,-0.02,1.14267079105e-14,0
311.0,0.04,-0.015,2.26132908255e-14,0
311.0,0.045,-0.015,9.51415560344e-15,0
311.0,0.04,-0.01,2.19110301116e-14,0
311.0,0.045,-0.01,7.96042545142e-15,0
311.0,0.04,-0.005,2.15662045126e-14,0
311.0,0.045,-0.005,6.93136337762e-15,0
311.0,0.04,0,2.13098285055e-14,0
311.0,0.045,4.16333634234e-19,6.34589178778e-15,0
311.0,0.04,0.005,2.07862625979e-14,0
311.0,0.045,0.005,6.22865063596e-15,0
311.0,0.04,0.01,2.0445003525e-14,0
311.0,0.045,0.01,6.57543703115e-15,0
311.0,0.04,0.015,2.05712883043e-14,0
311.0,0.045,0.015,7.52257608332e-15,0
311.0,0.04,0.02,2.09944864013e-14,0
311.0,0.045,0.02,8.95084719191e-15,0
311.0,0.04,0.025,2.15594866801e-14,0
311.0,0.045,0.025,1.06915135778e-14,0
311.0,0.04,0.03,2.21103933736e-14,0
311.0,0.045,0.03,1.26126202318e-14,0
311.0,0.04,0.035,2.25452574923e-14,0
311.0,0.045,0.035,1.45410188677e-14,0
311.0,0.04,0.04,2.22225899672e-14,0
311.0,0.04,0.045,2.03821875979e-14,0
311.0,0.045,0.04,1.63451149131e-14,0
311.0,0.045,0.045,1.73124002207e-14,0
311.0,0.04,0.05,1.7046746429e-14,0
311.0,0.04,0.055,1.24442654861e-14,0
311.0,0.045,0.05,1.72246184782e-14,0
311.0,0.045,0.055,1.61431019563e-14,0
311.0,0.04,0.06,6.92819707878e-15,0
311.0,0.04,0.065,9.07736484442e-16,0
311.0,0.045,0.06,1.42822879389e-14,0
311.0,0.045,0.065,1.19620847821e-14,0
311.0,0.04,0.07,-5.20405435046e-15,0
311.0,0.04,0.075,-1.10438104207e-14,0
311.0,0.045,0.07,9.56195108869e-15,0
311.0,0.045,0.075,7.4949632049e-15,0
311.0,0.05,-0.075,1.9695013192e-14,0
311.0,0.05,-0.07,1.94120523332e-14,0
311.0,0.055,-0.075,3.35380140277e-14,0
311.0,0.055,-0.07,3.0131838741e-14,0
311.0,0.05,-0.065,1.94753453844e-14,0
311.0,0.055,-0.065,2.70079431098e-14,0
311.0,0.05,-0.06,1.94078160094e-14,0
311.0,0.055,-0.06,2.36509673025e-14,0
311.0,0.05,-0.055,1.88221612761e-14,0
311.0,0.055,-0.055,1.97060673789e-14,0
311.0,0.05,-0.05,1.74501021906e-14,0
311.0,0.055,-0.05,1.4972317986e-14,0
311.0,0.05,-0.045,1.51545044845e-14,0
311.0,0.055,-0.045,9.42525664454e-15,0
311.0,0.05,-0.04,1.1978468465e-14,0
311.0,0.055,-0.04,3.19525728232e-15,0
311.0,0.05,-0.035,8.14551189133e-15,0
311.0,0.055,-0.035,-3.42191256868e-15,0
311.0,0.05,-0.03,4.04686422613e-15,0
311.0,0.055,-0.03,-1.00580613938e-14,0
311.0,0.05,-0.025,1.91533583636e-17,0
311.0,0.055,-0.025,-1.6344399072e-14,0
311.0,0.05,-0.02,-3.64812320951e-15,0
311.0,0.055,-0.02,-2.19722083242e-14,0
311.0,0.05,-0.015,-6.84222671758e-15,0
311.0,0.055,-0.015,-2.67652577191e-14,0
311.0,0.05,-0.01,-9.43516288672e-15,0
311.0,0.055,-0.01,-3.05289000617e-14,0
311.0,0.05,-0.005,-1.12360853261e-14,0
311.0,0.055,-0.005,-3.30441611559e-14,0
311.0,0.05,0,-1.20950843365e-14,0
311.0,0.055,4.16333634234e-19,-3.4109230184e-14,0
311.0,0.05,0.005,-1.18666012029e-14,0
311.0,0.055,0.005,-3.36184767543e-14,0
311.0,0.05,0.01,-1.07034643715e-14,0
311.0,0.055,0.01,-3.16808248438e-14,0
311.0,0.05,0.015,-8.69357031295e-15,0
311.0,0.055,0.015,-2.84551159695e-14,0
311.0,0.05,0.02,-5.96188451618e-15,0
311.0,0.055,0.02,-2.41071117534e-14,0
311.0,0.05,0.025,-2.65234100189e-15,0
311.0,0.055,0.025,-1.88276536766e-14,0
311.0,0.05,0.03,1.07245458198e-15,0
311.0,0.055,0.03,-1.28086241743e-14,0
311.0,0.05,0.035,5.07514789695e-15,0
311.0,0.055,0.035,-6.24665976549e-15,0
311.0,0.05,0.04,9.20292116388e-15,0
311.0,0.055,0.04,6.44080972442e-16,0
311.0,0.05,0.045,1.30058494497e-14,0
311.0,0.055,0.045,7.46809800624e-15,0
311.0,0.05,0.05,1.61575654088e-14,0
311.0,0.05,0.055,1.85405316767e-14,0
311.0,0.055,0.05,1.38620886059e-14,0
311.0,0.055,0.055,1.96279277344e-14,0
311.0,0.05,0.06,2.02393950323e-14,0
311.0,0.05,0.065,2.14781564276e-14,0
311.0,0.055,0.06,2.47269099161e-14,0
311.0,0.055,0.065,2.93074500681e-14,0
311.0,0.05,0.07,2.26077792866e-14,0
311.0,0.05,0.075,2.40850543394e-14,0
311.0,0.055,0.07,3.36839149586e-14,0
311.0,0.055,0.075,3.83485569521e-14,0
311.0,0.06,-0.075,4.49430845835e-14,0
311.0,0.06,-0.07,3.88326230323e-14,0
311.0,0.065,-0.075,5.39721209052e-14,0
311.0,0.065,-0.07,4.56901954318e-14,0
311.0,0.06,-0.065,3.28690340417e-14,0
311.0,0.065,-0.065,3.73016989688e-14,0
311.0,0.06,-0.06,2.649464372e-14,0
311.0,0.065,-0.06,2.82106424148e-14,0
311.0,0.06,-0.055,1.93723252274e-14,0
311.0,0.065,-0.055,1.81249930469e-14,0
311.0,0.06,-0.05,1.13806021941e-14,0
311.0,0.065,-0.05,6.98815457007e-15,0
311.0,0.06,-0.045,2.57635030543e-15,0
311.0,0.065,-0.045,-5.03693351846e-15,0
311.0,0.06,-0.04,-6.80811506318e-15,0
311.0,0.065,-0.04,-1.76353021735e-14,0
311.0,0.06,-0.035,-1.64262014314e-14,0
311.0,0.065,-0.035,-3.0364766351e-14,0
311.0,0.06,-0.03,-2.58529173135e-14,0
311.0,0.065,-0.03,-4.27356802136e-14,0
311.0,0.06,-0.025,-3.46721742544e-14,0
311.0,0.065,-0.025,-5.42460811062e-14,0
311.0,0.06,-0.02,-4.25161740581e-14,0
311.0,0.065,-0.02,-6.44485991134e-14,0
311.0,0.06,-0.015,-4.91047327148e-14,0
311.0,0.065,-0.015,-7.29451146674e-14,0
311.0,0.06,-0.01,-5.41669008613e-14,0
311.0,0.065,-0.01,-7.94021581901e-14,0
311.0,0.06,-0.005,-5.74569391739e-14,0
311.0,0.065,-0.005,-8.35238558934e-14,0
311.0,0.06,0,-5.87650812328e-14,0
311.0,0.065,4.16333634234e-19,-8.51126659214e-14,0
311.0,0.06,0.005,-5.8006954703e-14,0
311.0,0.065,0.005,-8.40811629846e-14,0
311.0,0.06,0.01,-5.52604771906e-14,0
311.0,0.065,0.01,-8.05018345375e-14,0
311.0,0.06,0.015,-5.07071024485e-14,0
311.0,0.065,0.015,-7.45465200853e-14,0
311.0,0.06,0.02,-4.45529435971e-14,0
311.0,0.065,0.02,-6.64769027918e-14,0
311.0,0.06,0.025,-3.70442953529e-14,0
311.0,0.065,0.025,-5.65926959785e-14,0
311.0,0.06,0.03,-2.8440750375e-14,0
311.0,0.065,0.03,-4.52517990561e-14,0
311.0,0.06,0.035,-1.90320972965e-14,0
311.0,0.065,0.035,-3.28396701e-14,0
311.0,0.06,0.04,-9.136924467e-15,0
311.0,0.065,0.04,-1.97980728088e-14,0
311.0,0.06,0.045,8.31557446937e-16,0
311.0,0.065,0.045,-6.59998948856e-15,0
311.0,0.06,0.05,1.04823127527e-14,0
311.0,0.065,0.05,6.28556819706e-15,0
311.0,0.06,0.055,1.95210279973e-14,0
311.0,0.065,0.055,1.84913536014e-14,0
311.0,0.06,0.06,2.78282232277e-14,0
311.0,0.06,0.065,3.5467624962e-14,0
311.0,0.065,0.06,2.97921332847e-14,0
311.0,0.065,0.065,4.01851188411e-14,0
311.0,0.06,0.07,4.27318313742e-14,0
311.0,0.06,0.075,5.0153995967e-14,0
311.0,0.065,0.07,4.99145001036e-14,0
311.0,0.065,0.075,5.95501765488e-14,0
311.0,0.07,-0.075,6.10173086165e-14,0
311.0,0.07,-0.07,5.11455074314e-14,0
311.0,0.075,-0.075,6.67616895949e-14,0
311.0,0.075,-0.07,5.59575186356e-14,0
311.0,0.07,-0.065,4.07599719182e-14,0
311.0,0.075,-0.065,4.39545004311e-14,0
311.0,0.07,-0.06,2.92562158805e-14,0
311.0,0.075,-0.06,3.02560431847e-14,0
311.0,0.07,-0.055,1.6390668332e-14,0
311.0,0.075,-0.055,1.47060084907e-14,0
311.0,0.07,-0.05,2.21181191827e-15,0
311.0,0.075,-0.05,-2.50017863398e-15,0
311.0,0.07,-0.045,-1.30184993456e-14,0
311.0,0.075,-0.045,-2.09896192482e-14,0
311.0,0.07,-0.04,-2.88662190996e-14,0
311.0,0.075,-0.04,-4.01923212769e-14,0
311.0,0.07,-0.035,-4.47964963877e-14,0
311.0,0.075,-0.035,-5.94504399737e-14,0
311.0,0.07,-0.03,-6.02093204208e-14,0
311.0,0.075,-0.03,-7.80515170022e-14,0
311.0,0.07,-0.025,-7.45173516589e-14,0
311.0,0.075,-0.025,-9.52805692932e-14,0
311.0,0.07,-0.02,-8.71577762585e-14,0
311.0,0.075,-0.02,-1.10487172017e-13,0
311.0,0.07,-0.015,-9.76508702244e-14,0
311.0,0.075,-0.015,-1.23065994974e-13,0
311.0,0.07,-0.01,-1.05566613731e-13,0
311.0,0.075,-0.01,-1.32543112954e-13,0
311.0,0.07,-0.005,-1.10586919492e-13,0
311.0,0.075,-0.005,-1.38509144098e-13,0
311.0,0.07,0,-1.12476807604e-13,0
311.0,0.075,0,-1.40741143794e-13,0
311.0,0.07,0.005,-1.11165631014e-13,0
311.0,0.075,0.005,-1.39117436616e-13,0
311.0,0.07,0.01,-1.06703027688e-13,0
311.0,0.075,0.01,-1.33735397885e-13,0
311.0,0.07,0.015,-9.92971493031e-14,0
311.0,0.075,0.015,-1.24788398437e-13,0
311.0,0.07,0.02,-8.92314206065e-14,0
311.0,0.075,0.02,-1.12649171695e-13,0
311.0,0.07,0.025,-7.68963982955e-14,0
311.0,0.075,0.025,-9.7747514449e-14,0
311.0,0.07,0.03,-6.27244312696e-14,0
311.0,0.075,0.03,-8.06397374727e-14,0
311.0,0.07,0.035,-4.7225906577e-14,0
311.0,0.075,0.035,-6.19248460664e-14,0
311.0,0.07,0.04,-3.09442905971e-14,0
311.0,0.075,0.04,-4.22795471346e-14,0
311.0,0.07,0.045,-1.446445238e-14,0
311.0,0.075,0.045,-2.24034275264e-14,0
311.0,0.07,0.05,1.65730084651e-15,0
311.0,0.075,0.05,-2.97549454661e-15,0
311.0,0.07,0.055,1.69394211025e-14,0
311.0,0.075,0.055,1.53864616703e-14,0
311.0,0.07,0.06,3.10584198243e-14,0
311.0,0.075,0.06,3.22439167257e-14,0
311.0,0.07,0.065,4.39031158597e-14,0
311.0,0.075,0.065,4.73330205908e-14,0
311.0,0.07,0.07,5.56660193854e-14,0
311.0,0.07,0.075,6.69233125336e-14,0
311.0,0.075,0.07,6.07522056136e-14,0
311.0,0.075,0.075,7.29640566096e-14,0
316.0,-0.00382671281566,-0.00202612167119,0,0
316.0,-0.005,-0.005,2.69505957991e-14,0
316.0,-0.00197892066871,-0.00385133392306,0,0
316.0,-0.005,-0.00190753787223,1.56764196384e-14,0
316.0,-0.00433,0,0,0
316.0,-0.00190753787223,-0.005,1.56615587759e-14,0
316.0,0,-0.00433,0,0
316.0,-0.005,0.00190775150599,1.56709079526e-14,0
316.0,-0.00385133392306,0.00197892066871,0,0
316.0,0.00190775150599,-0.005,1.57046132782e-14,0
316.0,0.00202612167119,-0.00382671281566,0,0
316.0,-0.00202612167119,0.00382671281566,0,0
316.0,-0.005,0.005,2.68744085557e-14,0
316.0,-0.0019094272225,0.005,1.56781602274e-14,0
316.0,0,0.00433,0,0
316.0,0.00147766755988,0.00407006125046,0,0
316.0,8.32667268469e-19,0.005,1.18593215521e-14,0
316.0,0.00433,0,0,0
316.0,0.005,1.38777878078e-18,1.14153317071e-14,0
316.0,0.00407006125046,0.00147766755988,0,0
316.0,0.005,-0.005,2.78916050727e-14,0
316.0,0.00385133392306,-0.00197892066871,0,0
316.0,0.005,-0.0019094272225,1.57438262383e-14,0
316.0,0.00306177236254,0.00306177236254,0,0
316.0,0.0019094272225,0.005,1.58877330588e-14,0
316.0,0.005,0.0019094272225,1.57967527749e-14,0
316.0,-0.000885,-0.0015328649647,1.27152467467e-12,0
316.0,-0.0015328649647,-0.000885,1.27164705809e-12,0
316.0,-0.00186450691264,-0.00187567167242,8.43028403367e-13,0
316.0,-0.00177,0,1.27133878583e-12,0
316.0,-0.00268433516245,-0.000738983120158,7.59109627354e-13,0
316.0,0,-0.00177,1.2714863049e-12,0
316.0,-0.000718432264205,-0.00269192408424,7.57403452144e-13,0
316.0,-0.0015328649647,0.000885,1.26983429681e-12,0
316.0,-0.00265321485144,0.000647311733689,7.89892702654e-13,0
316.0,-0.000885,0.0015328649647,1.26820676096e-12,0
316.0,-0.00194719253591,0.00178443766524,8.43954702946e-13,0
316.0,0,0.00177,1.26410055414e-12,0
316.0,-0.000802720381054,0.00273415977115,7.17502968361e-13,0
316.0,0.000885,-0.0015328649647,1.27017512818e-12,0
316.0,0.00075154031863,-0.00270385456952,7.45293415283e-13,0
316.0,0.00177,0,1.26244030643e-12,0
316.0,0.0015328649647,-0.000885,1.26802268059e-12,0
316.0,0.00271471102228,-0.000564731152102,7.609172371e-13,0
316.0,0.00192394637685,-0.00189207206672,8.10099108943e-13,0
316.0,0.00231817117671,0.00040530921667,9.8791440726e-13,0
316.0,0.0015328649647,0.000885,1.26070663949e-12,0
316.0,0.000885,0.0015328649647,1.26141170356e-12,0
316.0,0.000427053001345,0.00287092483521,6.82192298817e-13,0
316.0,0.00187618296239,0.00184774001435,8.3334357311e-13,0
316.0,0.00312733402203,0.000607809752493,5.19201206473e-13,0
316.0,0.00276214303706,0.00136595635004,5.76861758695e-13,0
316.0,0.0014100336009,0.00268674970267,6.0477417071e-13,0
316.0,-0.075,-0.075,1.09269458544e-13,0
316.0,-0.07,-0.075,9.3448688282e-14,0
316.0,-0.075,-0.07,9.68627398272e-14,0
316.0,-0.07,-0.07,8.22388991185e-14,0
316.0,-0.075,-0.065,8.2866471529e-14,0
316.0,-0.07,-0.065,7.02620526368e-14,0
316.0,-0.065,-0.075,7.61221745143e-14,0
316.0,-0.065,-0.07,6.69765455377e-14,0
316.0,-0.065,-0.065,5.75010528503e-14,0
316.0,-0.075,-0.06,6.66152929296e-14,0
316.0,-0.07,-0.06,5.67331762244e-14,0
316.0,-0.065,-0.06,4.69557967434e-14,0
316.0,-0.075,-0.055,4.79134186507e-14,0
316.0,-0.07,-0.055,4.13572284427e-14,0
316.0,-0.065,-0.055,3.50046373213e-14,0
316.0,-0.075,-0.05,2.70193725858e-14,0
316.0,-0.07,-0.05,2.42211821474e-14,0
316.0,-0.065,-0.05,2.16234732082e-14,0
316.0,-0.075,-0.045,4.42838277931e-15,0
316.0,-0.07,-0.045,5.69262721053e-15,0
316.0,-0.065,-0.045,7.06714658214e-15,0
316.0,-0.075,-0.04,-1.91232663488e-14,0
316.0,-0.07,-0.04,-1.36541784201e-14,0
316.0,-0.075,-0.035,-4.27981605263e-14,0
316.0,-0.07,-0.035,-3.31278182106e-14,0
316.0,-0.065,-0.04,-8.21736035778e-15,0
316.0,-0.065,-0.035,-2.3648199394e-14,0
316.0,-0.075,-0.03,-6.57091999914e-14,0
316.0,-0.07,-0.03,-5.19891167376e-14,0
316.0,-0.075,-0.025,-8.69724322853e-14,0
316.0,-0.07,-0.025,-6.95273606639e-14,0
316.0,-0.065,-0.03,-3.862047776e-14,0
316.0,-0.065,-0.025,-5.25675349659e-14,0
316.0,-0.075,-0.02,-1.0577936843e-13,0
316.0,-0.07,-0.02,-8.50603557451e-14,0
316.0,-0.075,-0.015,-1.21347927143e-13,0
316.0,-0.07,-0.015,-9.79751771915e-14,0
316.0,-0.065,-0.02,-6.49798408393e-14,0
316.0,-0.065,-0.015,-7.53600204003e-14,0
316.0,-0.075,-0.01,-1.33045333287e-13,0
316.0,-0.07,-0.01,-1.07693707139e-13,0
316.0,-0.075,-0.005,-1.40305815009e-13,0
316.0,-0.07,-0.005,-1.13763903209e-13,0
316.0,-0.065,-0.01,-8.32418318607e-14,0
316.0,-0.065,-0.005,-8.81908754717e-14,0
316.0,-0.075,0,-1.42820247831e-13,0
316.0,-0.07,0,-1.1585908768e-13,0
316.0,-0.075,0.005,-1.40427549545e-13,0
316.0,-0.07,0.005,-1.13881592582e-13,0
316.0,-0.065,4.16333634234e-19,-8.99172540609e-14,0
316.0,-0.065,0.005,-8.83069429061e-14,0
316.0,-0.075,0.01,-1.33285026659e-13,0
316.0,-0.07,0.01,-1.07925292979e-13,0
316.0,-0.075,0.015,-1.21697326151e-13,0
316.0,-0.07,0.015,-9.83131631518e-14,0
316.0,-0.065,0.01,-8.34693225027e-14,0
316.0,-0.065,0.015,-7.56921613322e-14,0
316.0,-0.075,0.02,-1.06223243852e-13,0
316.0,-0.07,0.02,-8.54915250078e-14,0
316.0,-0.075,0.025,-8.74844314404e-14,0
316.0,-0.07,0.025,-7.00283553767e-14,0
316.0,-0.065,0.02,-6.54071972619e-14,0
316.0,-0.065,0.025,-5.30706944213e-14,0
316.0,-0.075,0.03,-6.62487202493e-14,0
316.0,-0.07,0.03,-5.25219418239e-14,0
316.0,-0.075,0.035,-4.33102811454e-14,0
316.0,-0.07,0.035,-3.36397595232e-14,0
316.0,-0.065,0.03,-3.91641228353e-14,0
316.0,-0.065,0.035,-2.41801882711e-14,0
316.0,-0.075,0.04,-1.95437761186e-14,0
316.0,-0.07,0.04,-1.40828490165e-14,0
316.0,-0.075,0.045,4.16537391344e-15,0
316.0,-0.07,0.045,5.41086349796e-15,0
316.0,-0.065,0.04,-8.67388615258e-15,0
316.0,-0.065,0.045,6.74955114807e-15,0
316.0,-0.075,0.05,2.6973016589e-14,0
316.0,-0.07,0.05,2.41431084812e-14,0
316.0,-0.075,0.055,4.81308228082e-14,0
316.0,-0.07,0.055,4.1528035553e-14,0
316.0,-0.065,0.05,2.14996959484e-14,0
316.0,-0.065,0.055,3.51181808695e-14,0
316.0,-0.075,0.06,6.71282464547e-14,0
316.0,-0.07,0.06,5.71843614832e-14,0
316.0,-0.075,0.065,8.36914151458e-14,0
316.0,-0.07,0.065,7.10115931977e-14,0
316.0,-0.065,0.06,4.73374683663e-14,0
316.0,-0.065,0.065,5.81693997133e-14,0
316.0,-0.075,0.07,9.80035791468e-14,0
316.0,-0.07,0.07,8.32938936462e-14,0
316.0,-0.075,0.075,1.10723068532e-13,0
316.0,-0.07,0.075,9.48105460722e-14,0
316.0,-0.065,0.07,6.79401324352e-14,0
316.0,-0.065,0.075,7.73840792588e-14,0
316.0,-0.06,-0.075,5.67601818106e-14,0
316.0,-0.06,-0.07,5.04198557431e-14,0
316.0,-0.06,-0.065,4.39690771124e-14,0
316.0,-0.055,-0.075,3.53089971898e-14,0
316.0,-0.055,-0.07,3.24105626676e-14,0
316.0,-0.055,-0.065,2.94655026198e-14,0
316.0,-0.06,-0.06,3.67615260333e-14,0
316.0,-0.06,-0.055,2.84354487743e-14,0
316.0,-0.055,-0.06,2.59319281521e-14,0
316.0,-0.055,-0.055,2.14582503721e-14,0
316.0,-0.06,-0.05,1.8903752507e-14,0
316.0,-0.055,-0.05,1.58801166069e-14,0
316.0,-0.06,-0.045,8.30882666618e-15,0
316.0,-0.055,-0.045,9.25287620703e-15,0
316.0,-0.06,-0.04,-2.98631382555e-15,0
316.0,-0.055,-0.04,1.83393799498e-15,0
316.0,-0.06,-0.035,-1.44848773024e-14,0
316.0,-0.055,-0.035,-5.90081621159e-15,0
316.0,-0.06,-0.03,-2.56601563882e-14,0
316.0,-0.06,-0.025,-3.61046634707e-14,0
316.0,-0.055,-0.03,-1.3435211944e-14,0
316.0,-0.055,-0.025,-2.051314734e-14,0
316.0,-0.06,-0.02,-4.54697552065e-14,0
316.0,-0.06,-0.015,-5.34174033571e-14,0
316.0,-0.055,-0.02,-2.69506491029e-14,0
316.0,-0.055,-0.015,-3.25554478285e-14,0
316.0,-0.06,-0.01,-5.95504037416e-14,0
316.0,-0.06,-0.005,-6.34583895641e-14,0
316.0,-0.055,-0.01,-3.70449964306e-14,0
316.0,-0.055,-0.005,-3.99731766436e-14,0
316.0,-0.06,0,-6.48350078801e-14,0
316.0,-0.06,0.005,-6.35777606272e-14,0
316.0,-0.055,4.16333634234e-19,-4.10280714557e-14,0
316.0,-0.055,0.005,-4.01034935836e-14,0
316.0,-0.06,0.01,-5.97824963744e-14,0
316.0,-0.06,0.015,-5.37539475399e-14,0
316.0,-0.055,0.01,-3.72981656337e-14,0
316.0,-0.055,0.015,-3.29214669699e-14,0
316.0,-0.06,0.02,-4.59068158723e-14,0
316.0,-0.06,0.025,-3.66253473298e-14,0
316.0,-0.055,0.02,-2.74287177053e-14,0
316.0,-0.055,0.025,-2.10776442871e-14,0
316.0,-0.06,0.03,-2.62304161434e-14,0
316.0,-0.06,0.035,-1.50529414871e-14,0
316.0,-0.055,0.03,-1.40464599133e-14,0
316.0,-0.055,0.035,-6.51145719878e-15,0
316.0,-0.06,0.04,-3.48351226141e-15,0
316.0,-0.06,0.045,7.94518497719e-15,0
316.0,-0.055,0.04,1.29546508183e-15,0
316.0,-0.055,0.045,8.84226350081e-15,0
316.0,-0.06,0.05,1.87256536468e-14,0
316.0,-0.06,0.055,2.84841487802e-14,0
316.0,-0.055,0.05,1.56452961733e-14,0
316.0,-0.055,0.055,2.14386670902e-14,0
316.0,-0.06,0.06,3.7066839775e-14,0
316.0,-0.06,0.065,4.45495238495e-14,0
316.0,-0.055,0.06,2.6156760696e-14,0
316.0,-0.055,0.065,2.99530803137e-14,0
316.0,-0.06,0.07,5.12843769608e-14,0
316.0,-0.06,0.075,5.79120562192e-14,0
316.0,-0.055,0.07,3.31698224021e-14,0
316.0,-0.055,0.075,3.63426135491e-14,0
316.0,-0.05,-0.075,1.21620794577e-14,0
316.0,-0.05,-0.07,1.3155413958e-14,0
316.0,-0.045,-0.075,-1.20861493476e-14,0
316.0,-0.045,-0.07,-6.89483294227e-15,0
316.0,-0.05,-0.065,1.40836142492e-14,0
316.0,-0.045,-0.065,-1.85342522669e-15,0
316.0,-0.05,-0.06,1.45057192086e-14,0
316.0,-0.05,-0.055,1.40655930259e-14,0
316.0,-0.045,-0.06,2.69720182738e-15,0
316.0,-0.045,-0.055,6.40693809055e-15,0
316.0,-0.05,-0.05,1.25338332176e-14,0
316.0,-0.05,-0.045,9.83389667322e-15,0
316.0,-0.045,-0.05,8.96094367068e-15,0
316.0,-0.045,-0.045,1.01470385794e-14,0
316.0,-0.05,-0.04,6.12395614892e-15,0
316.0,-0.045,-0.04,9.92484711062e-15,0
316.0,-0.05,-0.035,1.83933184735e-15,0
316.0,-0.045,-0.035,8.58219740099e-15,0
316.0,-0.05,-0.03,-2.38079149175e-15,0
316.0,-0.045,-0.03,7.04648981428e-15,0
316.0,-0.05,-0.025,-6.40383610602e-15,0
316.0,-0.045,-0.025,5.40448833293e-15,0
316.0,-0.05,-0.02,-1.01633499877e-14,0
316.0,-0.05,-0.015,-1.35723975696e-14,0
316.0,-0.045,-0.02,3.81150637028e-15,0
316.0,-0.045,-0.015,2.41520845229e-15,0
316.0,-0.05,-0.01,-1.6522419969e-14,0
316.0,-0.05,-0.005,-1.85113272562e-14,0
316.0,-0.045,-0.01,1.02666060512e-15,0
316.0,-0.045,-0.005,1.70696501303e-17,0
316.0,-0.05,0,-1.92457005537e-14,0
316.0,-0.05,0.005,-1.86578357258e-14,0
316.0,-0.045,4.16333634234e-19,-3.88877437911e-16,0
316.0,-0.045,0.005,-1.40309412104e-16,0
316.0,-0.05,0.01,-1.68100912776e-14,0
316.0,-0.05,0.015,-1.39946725006e-14,0
316.0,-0.045,0.01,7.15690142245e-16,0
316.0,-0.045,0.015,1.96195359855e-15,0
316.0,-0.05,0.02,-1.0707096153e-14,0
316.0,-0.05,0.025,-7.02198451591e-15,0
316.0,-0.045,0.02,3.25489598361e-15,0
316.0,-0.045,0.025,4.78846869775e-15,0
316.0,-0.05,0.03,-3.02568213554e-15,0
316.0,-0.05,0.035,1.21349025519e-15,0
316.0,-0.045,0.03,6.40594317361e-15,0
316.0,-0.045,0.035,7.94929083841e-15,0
316.0,-0.05,0.04,5.55902688136e-15,0
316.0,-0.05,0.045,9.38275452619e-15,0
316.0,-0.045,0.04,9.34100095161e-15,0
316.0,-0.045,0.045,9.66209134745e-15,0
316.0,-0.05,0.05,1.22448729587e-14,0
316.0,-0.05,0.055,1.39783116579e-14,0
316.0,-0.045,0.05,8.62258193717e-15,0
316.0,-0.045,0.055,6.25536867254e-15,0
316.0,-0.05,0.06,1.4649329443e-14,0
316.0,-0.05,0.065,1.44766258084e-14,0
316.0,-0.045,0.06,2.76220637226e-15,0
316.0,-0.045,0.065,-1.55297366967e-15,0
316.0,-0.05,0.07,1.38065854597e-14,0
316.0,-0.05,0.075,1.30733391915e-14,0
316.0,-0.045,0.07,-6.35011971609e-15,0
316.0,-0.045,0.075,-1.12960943249e-14,0
316.0,-0.04,-0.075,-3.66366471706e-14,0
316.0,-0.04,-0.07,-2.71278632325e-14,0
316.0,-0.035,-0.075,-6.06215060917e-14,0
316.0,-0.035,-0.07,-4.68510548251e-14,0
316.0,-0.04,-0.065,-1.78888749597e-14,0
316.0,-0.035,-0.065,-3.34806060045e-14,0
316.0,-0.04,-0.06,-9.15661374337e-15,0
316.0,-0.035,-0.06,-2.06648779141e-14,0
316.0,-0.04,-0.055,-1.28912167961e-15,0
316.0,-0.035,-0.055,-8.75717298076e-15,0
316.0,-0.04,-0.05,5.32558657887e-15,0
316.0,-0.04,-0.045,1.0331645981e-14,0
316.0,-0.035,-0.05,1.76865789688e-15,0
316.0,-0.035,-0.045,1.04203013044e-14,0
316.0,-0.04,-0.04,1.35069379387e-14,0
316.0,-0.04,-0.035,1.48311799022e-14,0
316.0,-0.035,-0.04,1.67634376866e-14,0
316.0,-0.035,-0.035,2.04400257659e-14,0
316.0,-0.04,-0.03,1.51157243719e-14,0
316.0,-0.035,-0.03,2.23098510015e-14,0
316.0,-0.04,-0.025,1.51181804852e-14,0
316.0,-0.035,-0.025,2.36172119003e-14,0
316.0,-0.04,-0.02,1.50002231992e-14,0
316.0,-0.035,-0.02,2.4516957426e-14,0
316.0,-0.04,-0.015,1.50195272375e-14,0
316.0,-0.035,-0.015,2.52456981395e-14,0
316.0,-0.04,-0.01,1.51316823762e-14,0
316.0,-0.04,-0.005,1.50409486417e-14,0
316.0,-0.035,-0.01,2.5880895914e-14,0
316.0,-0.035,-0.005,2.61526903364e-14,0
316.0,-0.04,0,1.49175998423e-14,0
316.0,-0.04,0.005,1.48849091402e-14,0
316.0,-0.035,4.16333634234e-19,2.61821454572e-14,0
316.0,-0.035,0.005,2.60049739914e-14,0
316.0,-0.04,0.01,1.48295602024e-14,0
316.0,-0.04,0.015,1.45976903629e-14,0
316.0,-0.035,0.01,2.55971593485e-14,0
316.0,-0.035,0.015,2.48525566824e-14,0
316.0,-0.04,0.02,1.44867171689e-14,0
316.0,-0.04,0.025,1.45407767155e-14,0
316.0,-0.035,0.02,2.40249645579e-14,0
316.0,-0.035,0.025,2.30569360082e-14,0
316.0,-0.04,0.03,1.45028862491e-14,0
316.0,-0.04,0.035,1.42098821215e-14,0
316.0,-0.035,0.03,2.1707380037e-14,0
316.0,-0.035,0.035,1.98143623667e-14,0
316.0,-0.04,0.04,1.2911740147e-14,0
316.0,-0.04,0.045,9.81766122908e-15,0
316.0,-0.035,0.04,1.61520911129e-14,0
316.0,-0.035,0.045,9.87908960645e-15,0
316.0,-0.04,0.05,4.94289019193e-15,0
316.0,-0.04,0.055,-1.49974463618e-15,0
316.0,-0.035,0.05,1.34633905838e-15,0
316.0,-0.035,0.055,-9.02037559983e-15,0
316.0,-0.04,0.06,-9.16477602744e-15,0
316.0,-0.04,0.065,-1.76751984505e-14,0
316.0,-0.035,0.06,-2.0738405497e-14,0
316.0,-0.035,0.065,-3.3344597167e-14,0
316.0,-0.04,0.07,-2.66834639376e-14,0
316.0,-0.04,0.075,-3.59611496642e-14,0
316.0,-0.035,0.07,-4.64963982245e-14,0
316.0,-0.035,0.075,-6.00483902798e-14,0
316.0,-0.03,-0.075,-8.31488588237e-14,0
316.0,-0.03,-0.07,-6.53343294047e-14,0
316.0,-0.025,-0.075,-1.03343230042e-13,0
316.0,-0.025,-0.07,-8.18833959559e-14,0
316.0,-0.03,-0.065,-4.80681050725e-14,0
316.0,-0.025,-0.065,-6.10919008964e-14,0
316.0,-0.03,-0.06,-3.14077511583e-14,0
316.0,-0.025,-0.06,-4.09785458973e-14,0
316.0,-0.03,-0.055,-1.57275394182e-14,0
316.0,-0.025,-0.055,-2.19198149064e-14,0
316.0,-0.03,-0.05,-1.57584841489e-15,0
316.0,-0.025,-0.05,-4.55530827437e-15,0
316.0,-0.03,-0.045,1.04021077136e-14,0
316.0,-0.025,-0.045,1.03311824776e-14,0
316.0,-0.03,-0.04,1.95590651891e-14,0
316.0,-0.03,-0.035,2.52566814721e-14,0
316.0,-0.025,-0.04,2.19060919796e-14,0
316.0,-0.025,-0.035,2.92783799617e-14,0
316.0,-0.03,-0.03,2.84726942212e-14,0
316.0,-0.03,-0.025,3.07867818908e-14,0
316.0,-0.025,-0.03,3.35654653061e-14,0
316.0,-0.025,-0.025,3.66105540704e-14,0
316.0,-0.03,-0.02,3.2343854152e-14,0
316.0,-0.025,-0.02,3.85592184078e-14,0
316.0,-0.03,-0.015,3.33377535071e-14,0
316.0,-0.025,-0.015,3.96713923211e-14,0
316.0,-0.03,-0.01,3.39096930969e-14,0
316.0,-0.025,-0.01,4.01539843729e-14,0
316.0,-0.03,-0.005,3.4156450011e-14,0
316.0,-0.025,-0.005,4.02129059902e-14,0
316.0,-0.03,0,3.41713601119e-14,0
316.0,-0.03,0.005,3.40143193219e-14,0
316.0,-0.025,4.16333634234e-19,4.01502631291e-14,0
316.0,-0.025,0.005,4.00673943499e-14,0
316.0,-0.03,0.01,3.36340946192e-14,0
316.0,-0.03,0.015,3.29442796194e-14,0
316.0,-0.025,0.01,3.9869672864e-14,0
316.0,-0.025,0.015,3.92611229429e-14,0
316.0,-0.03,0.02,3.18520935371e-14,0
316.0,-0.03,0.025,3.02221027238e-14,0
316.0,-0.025,0.02,3.80429006182e-14,0
316.0,-0.025,0.025,3.60149394783e-14,0
316.0,-0.03,0.03,2.7860821889e-14,0
316.0,-0.03,0.035,2.46199319154e-14,0
316.0,-0.025,0.03,3.29202204933e-14,0
316.0,-0.025,0.035,2.86100425703e-14,0
316.0,-0.03,0.04,1.89300951524e-14,0
316.0,-0.03,0.045,9.83535154806e-15,0
316.0,-0.025,0.04,2.1252254563e-14,0
316.0,-0.025,0.045,9.73952425969e-15,0
316.0,-0.03,0.05,-2.03292898743e-15,0
316.0,-0.03,0.055,-1.60360390235e-14,0
316.0,-0.025,0.05,-5.04281924026e-15,0
316.0,-0.025,0.055,-2.22657318817e-14,0
316.0,-0.03,0.06,-3.15369662379e-14,0
316.0,-0.03,0.065,-4.7997739661e-14,0
316.0,-0.025,0.06,-4.11523503701e-14,0
316.0,-0.025,0.065,-6.10728547394e-14,0
316.0,-0.03,0.07,-6.50550313086e-14,0
316.0,-0.03,0.075,-8.2661280996e-14,0
316.0,-0.025,0.07,-8.16618088328e-14,0
316.0,-0.025,0.075,-1.02919971328e-13,0
316.0,-0.02,-0.075,-1.20445124404e-13,0
316.0,-0.02,-0.07,-9.58483284612e-14,0
316.0,-0.015,-0.075,-1.33770601124e-13,0
316.0,-0.015,-0.07,-1.06701105788e-13,0
316.0,-0.02,-0.065,-7.20504707295e-14,0
316.0,-0.015,-0.065,-8.05030363606e-14,0
316.0,-0.02,-0.06,-4.89862766749e-14,0
316.0,-0.015,-0.06,-5.51035207318e-14,0
316.0,-0.02,-0.055,-2.70664518564e-14,0
316.0,-0.015,-0.055,-3.09198158871e-14,0
316.0,-0.02,-0.05,-6.99706331879e-15,0
316.0,-0.015,-0.05,-8.73083869421e-15,0
316.0,-0.02,-0.045,1.03169752384e-14,0
316.0,-0.015,-0.045,1.04646974759e-14,0
316.0,-0.02,-0.04,2.38785151926e-14,0
316.0,-0.015,-0.04,2.5573511452e-14,0
316.0,-0.02,-0.035,3.26206854369e-14,0
316.0,-0.015,-0.035,3.54022425611e-14,0
316.0,-0.02,-0.03,3.76971884035e-14,0
316.0,-0.02,-0.025,4.11684296306e-14,0
316.0,-0.015,-0.03,4.10734648185e-14,0
316.0,-0.015,-0.025,4.46663926844e-14,0
316.0,-0.02,-0.02,4.31659311842e-14,0
316.0,-0.02,-0.015,4.40057689423e-14,0
316.0,-0.015,-0.02,4.62713709739e-14,0
316.0,-0.015,-0.015,4.61635593679e-14,0
316.0,-0.02,-0.01,4.39725273932e-14,0
316.0,-0.015,-0.01,4.47223690603e-14,0
316.0,-0.02,-0.005,4.34917873978e-14,0
316.0,-0.015,-0.005,4.29668272001e-14,0
316.0,-0.02,0,4.31761241774e-14,0
316.0,-0.015,4.16333634234e-19,4.21233770724e-14,0
316.0,-0.02,0.005,4.33283867978e-14,0
316.0,-0.015,0.005,4.27572528922e-14,0
316.0,-0.02,0.01,4.36534923754e-14,0
316.0,-0.02,0.015,4.35422387361e-14,0
316.0,-0.015,0.01,4.43224377724e-14,0
316.0,-0.015,0.015,4.55847124001e-14,0
316.0,-0.02,0.02,4.25852410394e-14,0
316.0,-0.02,0.025,4.05062700717e-14,0
316.0,-0.015,0.02,4.55623946297e-14,0
316.0,-0.015,0.025,4.38877464473e-14,0
316.0,-0.02,0.03,3.69910452895e-14,0
316.0,-0.02,0.035,3.19079966366e-14,0
316.0,-0.015,0.03,4.0269329804e-14,0
316.0,-0.015,0.035,3.46299950407e-14,0
316.0,-0.02,0.04,2.31966094222e-14,0
316.0,-0.02,0.045,9.70166506726e-15,0
316.0,-0.015,0.04,2.48684391139e-14,0
316.0,-0.015,0.045,9.83084169626e-15,0
316.0,-0.02,0.05,-7.5100553742e-15,0
316.0,-0.02,0.055,-2.74413318832e-14,0
316.0,-0.015,0.05,-9.26307622151e-15,0
316.0,-0.015,0.055,-3.13147714772e-14,0
316.0,-0.02,0.06,-4.91924754283e-14,0
316.0,-0.02,0.065,-7.20666222727e-14,0
316.0,-0.015,0.06,-5.5329236975e-14,0
316.0,-0.015,0.065,-8.05370887341e-14,0
316.0,-0.02,0.07,-9.56643143733e-14,0
316.0,-0.02,0.075,-1.20061988272e-13,0
316.0,-0.015,0.07,-1.06532752834e-13,0
316.0,-0.015,0.075,-1.33400721875e-13,0
316.0,-0.01,-0.075,-1.42854874585e-13,0
316.0,-0.01,-0.07,-1.14018014629e-13,0
316.0,-0.005,-0.075,-1.4734934245e-13,0
316.0,-0.005,-0.07,-1.17558223901e-13,0
316.0,-0.01,-0.065,-8.61272752261e-14,0
316.0,-0.005,-0.065,-8.87103522059e-14,0
316.0,-0.01,-0.06,-5.90645786142e-14,0
316.0,-0.005,-0.06,-6.07156229819e-14,0
316.0,-0.01,-0.055,-3.32848877166e-14,0
316.0,-0.005,-0.055,-3.40336256174e-14,0
316.0,-0.01,-0.05,-9.61084158e-15,0
316.0,-0.005,-0.05,-9.52895536982e-15,0
316.0,-0.01,-0.045,1.08921873836e-14,0
316.0,-0.005,-0.045,1.16865361725e-14,0
316.0,-0.01,-0.04,2.70452479799e-14,0
316.0,-0.005,-0.04,2.84060732044e-14,0
316.0,-0.01,-0.035,3.76458868939e-14,0
316.0,-0.005,-0.035,3.94151336038e-14,0
316.0,-0.01,-0.03,4.37099602297e-14,0
316.0,-0.005,-0.03,4.56483392969e-14,0
316.0,-0.01,-0.025,4.71392291055e-14,0
316.0,-0.005,-0.025,4.8658636622e-14,0
316.0,-0.01,-0.02,4.79547326693e-14,0
316.0,-0.01,-0.015,4.62715234e-14,0
316.0,-0.005,-0.02,4.85426329749e-14,0
316.0,-0.005,-0.015,4.52631663262e-14,0
316.0,-0.0117873230072,-0.0115873794689,4.46048649914e-14,0
316.0,-0.00939961996336,-0.005,3.68503779873e-14,0
316.0,-0.00792797428371,-0.00964253216809,4.02837989603e-14,0
316.0,-0.005,-0.00939961996336,3.7037282442e-14,0
316.0,-0.0108753492546,-0.00150606400588,3.72970829516e-14,0
316.0,-0.00818101620308,-0.00211452602544,3.14180114484e-14,0
316.0,-0.00651817360753,-0.000255934956239,2.37397980944e-14,0
316.0,-0.005,6.71033969428e-08,1.15377005057e-14,0
316.0,-0.0107292118043,0.00160660295843,3.69924791483e-14,0
316.0,-0.0080188992252,0.000768320427092,2.99930585827e-14,0
316.0,-0.00939946851065,0.005,3.66430837618e-14,0
316.0,-0.00802129342231,0.00264911934363,3.13972625472e-14,0
316.0,-0.00887989370213,0.00887989479405,3.9889229056e-14,0
316.0,-0.01,0.015,4.55841975773e-14,0
316.0,-0.005,0.00939947397025,3.66327792125e-14,0
316.0,-0.005,0.015,4.45658618957e-14,0
316.0,-0.01,0.02,4.71435367646e-14,0
316.0,-0.01,0.025,4.62901111134e-14,0
316.0,-0.005,0.02,4.77558286803e-14,0
316.0,-0.005,0.025,4.79196434593e-14,0
316.0,-0.01,0.03,4.28684111037e-14,0
316.0,-0.01,0.035,3.68683598231e-14,0
316.0,-0.005,0.03,4.49712966994e-14,0
316.0,-0.005,0.035,3.87386178362e-14,0
316.0,-0.01,0.04,2.63384653738e-14,0
316.0,-0.01,0.045,1.02468263667e-14,0
316.0,-0.005,0.04,2.77077371885e-14,0
316.0,-0.005,0.045,1.10304337506e-14,0
316.0,-0.01,0.05,-1.01569711937e-14,0
316.0,-0.01,0.055,-3.36912956767e-14,0
316.0,-0.005,0.05,-1.00855164738e-14,0
316.0,-0.005,0.055,-3.44432411178e-14,0
316.0,-0.01,0.06,-5.92967074948e-14,0
316.0,-0.01,0.065,-8.61613261782e-14,0
316.0,-0.005,0.06,-6.09412097382e-14,0
316.0,-0.005,0.065,-8.87266018729e-14,0
316.0,-0.01,0.07,-1.13842480696e-13,0
316.0,-0.01,0.075,-1.42470413254e-13,0
316.0,-0.005,0.07,-1.17352611825e-13,0
316.0,-0.005,0.075,-1.46921849507e-13,0
316.0,0,-0.075,-1.47182182114e-13,0
316.0,0,-0.07,-1.17221751112e-13,0
316.0,0.005,-0.075,-1.42411101388e-13,0
316.0,0.005,-0.07,-1.13114933335e-13,0
316.0,0,-0.065,-8.81986592949e-14,0
316.0,0.005,-0.065,-8.46708107564e-14,0
316.0,0,-0.06,-6.00068177713e-14,0
316.0,0.005,-0.06,-5.70276714642e-14,0
316.0,0,-0.055,-3.313578e-14,0
316.0,0.005,-0.055,-3.0669486825e-14,0
316.0,0,-0.05,-8.46087017041e-15,0
316.0,0.005,-0.05,-6.47436396735e-15,0
316.0,0,-0.045,1.28947206516e-14,0
316.0,0.005,-0.045,1.44378531981e-14,0
316.0,0,-0.04,2.96862248578e-14,0
316.0,0.005,-0.04,3.08416452234e-14,0
316.0,0,-0.035,4.07312479838e-14,0
316.0,0.005,-0.035,4.14178246739e-14,0
316.0,0,-0.03,4.68716928903e-14,0
316.0,0.005,-0.03,4.71953158296e-14,0
316.0,0,-0.025,4.95665210062e-14,0
316.0,0.005,-0.025,4.99943133038e-14,0
316.0,0,-0.02,4.89698580975e-14,0
316.0,0.005,-0.02,4.98652644488e-14,0
316.0,0,-0.015,4.49693788632e-14,0
316.0,0.005,-0.015,4.67290950883e-14,0
316.0,-0.0021196717084,-0.00776771017156,2.98256197716e-14,0
316.0,-0.00084550708518,-0.00631514607954,2.24286008435e-14,0
316.0,6.71033969406e-08,-0.005,1.20043490285e-14,0
316.0,-0.00139054260708,-0.0110960807567,3.84139569534e-14,0
316.0,0.00132468676756,-0.00775008274642,2.93565105076e-14,0
316.0,0.00160394440688,-0.0116908851489,4.00902155231e-14,0
316.0,0.005,-0.00939946851065,3.84166726148e-14,0
316.0,0.005,0.005,2.72030369619e-14,0
316.0,-0.000107646311398,0.00617659695633,2.13066811994e-14,0
316.0,-0.00190846935279,0.0076427502668,2.88911306863e-14,0
316.0,0.00131146485568,0.00777290068297,2.88275742433e-14,0
316.0,0.00295884413402,0.00640276348073,2.62147394103e-14,0
316.0,-1.21517769428e-05,0.0108932602996,3.72697167791e-14,0
316.0,0,0.015,4.42296180726e-14,0
316.0,0.005,0.00939942566771,3.76319630853e-14,0
316.0,0.005,0.015,4.59455945398e-14,0
316.0,0,0.02,4.82317350394e-14,0
316.0,0,0.025,4.89553255528e-14,0
316.0,0.005,0.02,4.91246456459e-14,0
316.0,0.005,0.025,4.93479062916e-14,0
316.0,0,0.03,4.63687501489e-14,0
316.0,0,0.035,4.01311420297e-14,0
316.0,0.005,0.03,4.66186855312e-14,0
316.0,0.005,0.035,4.07859249431e-14,0
316.0,0,0.04,2.89829769175e-14,0
316.0,0,0.045,1.22273284788e-14,0
316.0,0.005,0.04,3.01273495806e-14,0
316.0,0.005,0.045,1.37594960341e-14,0
316.0,0,0.05,-9.02332174396e-15,0
316.0,0,0.055,-3.35403265238e-14,0
316.0,0.005,0.05,-7.03874926186e-15,0
316.0,0.005,0.055,-3.10624937564e-14,0
316.0,0,0.06,-6.02135675889e-14,0
316.0,0,0.065,-8.81802335923e-14,0
316.0,0.005,0.06,-5.72054818663e-14,0
316.0,0.005,0.065,-8.46031550688e-14,0
316.0,0,0.07,-1.16964208644e-13,0
316.0,0,0.075,-1.46684543422e-13,0
316.0,0.005,0.07,-1.12785759543e-13,0
316.0,0.005,0.075,-1.41817940439e-13,0
316.0,0.01,-0.075,-1.33368614334e-13,0
316.0,0.01,-0.07,-1.05482254946e-13,0
316.0,0.015,-0.075,-1.20493623328e-13,0
316.0,0.015,-0.07,-9.47485522715e-14,0
316.0,0.01,-0.065,-7.83649071194e-14,0
316.0,0.015,-0.065,-6.9627322738e-14,0
316.0,0.01,-0.06,-5.19763361869e-14,0
316.0,0.015,-0.06,-4.5164907625e-14,0
316.0,0.01,-0.055,-2.68194300622e-14,0
316.0,0.015,-0.055,-2.18497774782e-14,0
316.0,0.01,-0.05,-3.74553474094e-15,0
316.0,0.015,-0.05,-5.01918551742e-16,0
316.0,0.01,-0.045,1.6162375498e-14,0
316.0,0.015,-0.045,1.78556242615e-14,0
316.0,0.01,-0.04,3.1693306836e-14,0
316.0,0.015,-0.04,3.21183928384e-14,0
316.0,0.01,-0.035,4.15339235905e-14,0
316.0,0.015,-0.035,4.10833328611e-14,0
316.0,0.01,-0.03,4.69168527472e-14,0
316.0,0.015,-0.03,4.6091118549e-14,0
316.0,0.01,-0.025,5.00127771326e-14,0
316.0,0.015,-0.025,4.93520150116e-14,0
316.0,0.01,-0.02,5.07922843407e-14,0
316.0,0.01,-0.015,4.94206072279e-14,0
316.0,0.015,-0.02,5.09717467072e-14,0
316.0,0.015,-0.015,5.13824892705e-14,0
316.0,0.00999280436795,-0.0116358337096,4.72071968091e-14,0
316.0,0.0105889214373,-0.00845762197625,4.52401476205e-14,0
316.0,0.015,-0.01,5.05981740126e-14,0
316.0,0.00939947397025,-0.005,4.01593038584e-14,0
316.0,0.015,-0.005,4.92084482584e-14,0
316.0,0.00658051136513,-0.00296146438142,2.95632909733e-14,0
316.0,0.00636794669772,-3.54305826484e-06,2.5019858938e-14,0
316.0,0.00795807888052,-0.00113999998936,3.32494138354e-14,0
316.0,0.00758147027913,0.00183630393596,3.19103263994e-14,0
316.0,0.0112534647756,-1.47536350887e-07,4.24330735194e-14,0
316.0,0.015,4.16333634234e-19,4.8539764622e-14,0
316.0,0.00939942566771,0.005,3.95783977555e-14,0
316.0,0.015,0.005,4.87464532546e-14,0
316.0,0.00999018807453,0.0109670628501,4.5920636573e-14,0
316.0,0.01,0.015,4.86429441253e-14,0
316.0,0.015,0.01,4.99633392304e-14,0
316.0,0.015,0.015,5.06501377495e-14,0
316.0,0.01,0.02,5.00333821866e-14,0
316.0,0.01,0.025,4.92645488755e-14,0
316.0,0.015,0.02,5.01630345453e-14,0
316.0,0.015,0.025,4.84865970128e-14,0
316.0,0.01,0.03,4.61743523478e-14,0
316.0,0.01,0.035,4.07749516541e-14,0
316.0,0.015,0.03,4.52025202533e-14,0
316.0,0.015,0.035,4.01959861697e-14,0
316.0,0.01,0.04,3.09271708603e-14,0
316.0,0.01,0.045,1.54584816356e-14,0
316.0,0.015,0.04,3.12713138443e-14,0
316.0,0.015,0.045,1.71050386136e-14,0
316.0,0.01,0.05,-4.31658289968e-15,0
316.0,0.01,0.055,-2.72002360558e-14,0
316.0,0.015,0.05,-1.09378583713e-15,0
316.0,0.015,0.055,-2.22249257528e-14,0
316.0,0.01,0.06,-5.21195143814e-14,0
316.0,0.01,0.065,-7.82369924622e-14,0
316.0,0.015,0.06,-4.52731257411e-14,0
316.0,0.015,0.065,-6.94322000075e-14,0
316.0,0.01,0.07,-1.05064913878e-13,0
316.0,0.01,0.075,-1.3265794029e-13,0
316.0,0.015,0.07,-9.42298544259e-14,0
316.0,0.015,0.075,-1.19646205997e-13,0
316.0,0.02,-0.075,-1.04438855601e-13,0
316.0,0.02,-0.07,-8.14328191402e-14,0
316.0,0.025,-0.075,-8.59132236581e-14,0
316.0,0.025,-0.07,-6.61704214245e-14,0
316.0,0.02,-0.065,-5.89189187739e-14,0
316.0,0.025,-0.065,-4.67533462132e-14,0
316.0,0.02,-0.06,-3.69678932984e-14,0
316.0,0.025,-0.06,-2.78169399526e-14,0
316.0,0.02,-0.055,-1.60768401747e-14,0
316.0,0.025,-0.055,-9.83816745205e-15,0
316.0,0.02,-0.05,2.99358136712e-15,0
316.0,0.025,-0.05,6.48454989194e-15,0
316.0,0.02,-0.045,1.93188575555e-14,0
316.0,0.025,-0.045,2.03440811199e-14,0
316.0,0.02,-0.04,3.19205309927e-14,0
316.0,0.025,-0.04,3.09399645223e-14,0
316.0,0.02,-0.035,3.98146384443e-14,0
316.0,0.025,-0.035,3.7496099067e-14,0
316.0,0.02,-0.03,4.42947667396e-14,0
316.0,0.025,-0.03,4.12361538445e-14,0
316.0,0.02,-0.025,4.74576936101e-14,0
316.0,0.025,-0.025,4.39574307897e-14,0
316.0,0.02,-0.02,4.95051287798e-14,0
316.0,0.025,-0.02,4.58395113411e-14,0
316.0,0.02,-0.015,5.09416575372e-14,0
316.0,0.025,-0.015,4.72951502506e-14,0
316.0,0.02,-0.01,5.17635719553e-14,0
316.0,0.025,-0.01,4.83409306655e-14,0
316.0,0.02,-0.005,5.17383748848e-14,0
316.0,0.025,-0.005,4.88547264369e-14,0
316.0,0.02,0,5.15028865772e-14,0
316.0,0.025,4.16333634234e-19,4.8929018555e-14,0
316.0,0.02,0.005,5.13938204225e-14,0
316.0,0.025,0.005,4.84179132478e-14,0
316.0,0.02,0.01,5.11698407364e-14,0
316.0,0.025,0.01,4.75429123153e-14,0
316.0,0.02,0.015,5.0158221422e-14,0
316.0,0.025,0.015,4.62689839502e-14,0
316.0,0.02,0.02,4.85583021687e-14,0
316.0,0.02,0.025,4.64159917637e-14,0
316.0,0.025,0.02,4.46360971191e-14,0
316.0,0.025,0.025,4.26516950931e-14,0
316.0,0.02,0.03,4.32317215997e-14,0
316.0,0.02,0.035,3.87855538593e-14,0
316.0,0.025,0.03,3.99333110179e-14,0
316.0,0.025,0.035,3.62779490183e-14,0
316.0,0.02,0.04,3.09694101277e-14,0
316.0,0.02,0.045,1.84966405789e-14,0
316.0,0.025,0.04,2.98431064719e-14,0
316.0,0.025,0.045,1.94126033747e-14,0
316.0,0.02,0.05,2.36039743184e-15,0
316.0,0.02,0.055,-1.64589914738e-14,0
316.0,0.025,0.05,5.78237516483e-15,0
316.0,0.025,0.055,-1.02439384391e-14,0
316.0,0.02,0.06,-3.70452208617e-14,0
316.0,0.02,0.065,-5.86527719492e-14,0
316.0,0.025,0.06,-2.78693398149e-14,0
316.0,0.025,0.065,-4.6412842847e-14,0
316.0,0.02,0.07,-8.0801979685e-14,0
316.0,0.02,0.075,-1.03438235501e-13,0
316.0,0.025,0.07,-6.54169901074e-14,0
316.0,0.025,0.075,-8.47430687507e-14,0
316.0,0.03,-0.075,-6.57403365322e-14,0
316.0,0.03,-0.07,-4.96267967897e-14,0
316.0,0.035,-0.075,-4.47412109852e-14,0
316.0,0.035,-0.07,-3.25041272982e-14,0
316.0,0.03,-0.065,-3.36949477661e-14,0
316.0,0.035,-0.065,-2.03014024565e-14,0
316.0,0.03,-0.06,-1.81529595444e-14,0
316.0,0.035,-0.06,-8.42056364454e-15,0
316.0,0.03,-0.055,-3.47434685954e-15,0
316.0,0.035,-0.055,2.68990092983e-15,0
316.0,0.03,-0.05,9.72407654351e-15,0
316.0,0.035,-0.05,1.24945132384e-14,0
316.0,0.03,-0.045,2.07705693674e-14,0
316.0,0.035,-0.045,2.04628548555e-14,0
316.0,0.03,-0.04,2.90386815649e-14,0
316.0,0.035,-0.04,2.61615983785e-14,0
316.0,0.03,-0.035,3.40110231499e-14,0
316.0,0.035,-0.035,2.93444241354e-14,0
316.0,0.03,-0.03,3.67573246628e-14,0
316.0,0.035,-0.03,3.09071509173e-14,0
316.0,0.03,-0.025,3.86748684443e-14,0
316.0,0.035,-0.025,3.16429885148e-14,0
316.0,0.03,-0.02,3.99080427163e-14,0
316.0,0.035,-0.02,3.18225913603e-14,0
316.0,0.03,-0.015,4.07943494518e-14,0
316.0,0.035,-0.015,3.19138033377e-14,0
316.0,0.03,-0.01,4.14283782476e-14,0
316.0,0.035,-0.01,3.19901167934e-14,0
316.0,0.03,-0.005,4.19395218776e-14,0
316.0,0.035,-0.005,3.2170325193e-14,0
316.0,0.03,0,4.2053867163e-14,0
316.0,0.035,4.16333634234e-19,3.21768433136e-14,0
316.0,0.03,0.005,4.13519669618e-14,0
316.0,0.035,0.005,3.15684780166e-14,0
316.0,0.03,0.01,4.0391817216e-14,0
316.0,0.035,0.01,3.09019218807e-14,0
316.0,0.03,0.015,3.94795524617e-14,0
316.0,0.035,0.015,3.0470563304e-14,0
316.0,0.03,0.02,3.83978424973e-14,0
316.0,0.035,0.02,3.00776782701e-14,0
316.0,0.03,0.025,3.7017089606e-14,0
316.0,0.035,0.025,2.9565155483e-14,0
316.0,0.03,0.03,3.51119050794e-14,0
316.0,0.03,0.035,3.25280214698e-14,0
316.0,0.035,0.03,2.87308490474e-14,0
316.0,0.035,0.035,2.74374478336e-14,0
316.0,0.03,0.04,2.77333084142e-14,0
316.0,0.03,0.045,1.9679286831e-14,0
316.0,0.035,0.04,2.45566958044e-14,0
316.0,0.035,0.045,1.91636424089e-14,0
316.0,0.03,0.05,8.92097920434e-15,0
316.0,0.03,0.055,-3.91927158587e-15,0
316.0,0.035,0.05,1.15699246122e-14,0
316.0,0.035,0.055,2.20403857546e-15,0
316.0,0.03,0.06,-1.81827386874e-14,0
316.0,0.03,0.065,-3.32733861809e-14,0
316.0,0.035,0.06,-8.41917500464e-15,0
316.0,0.035,0.065,-1.97835616918e-14,0
316.0,0.03,0.07,-4.87374616942e-14,0
316.0,0.03,0.075,-6.43828915545e-14,0
316.0,0.035,0.07,-3.1459688369e-14,0
316.0,0.035,0.075,-4.31743764481e-14,0
316.0,0.04,-0.075,-2.37363533798e-14,0
316.0,0.04,-0.07,-1.54666799538e-14,0
316.0,0.045,-0.075,-3.48462794011e-15,0
316.0,0.045,-0.07,8.69355617655e-16,0
316.0,0.04,-0.065,-7.11521418695e-15,0
316.0,0.045,-0.065,5.38889592124e-15,0
316.0,0.04,-0.06,9.70468374909e-16,0
316.0,0.045,-0.06,9.65871579407e-15,0
316.0,0.04,-0.055,8.35598464489e-15,0
316.0,0.045,-0.055,1.32719732662e-14,0
316.0,0.04,-0.05,1.45986864128e-14,0
316.0,0.045,-0.05,1.58687261716e-14,0
316.0,0.04,-0.045,1.9311067505e-14,0
316.0,0.045,-0.045,1.72006447979e-14,0
316.0,0.04,-0.04,2.2249961943e-14,0
316.0,0.045,-0.04,1.71722753545e-14,0
316.0,0.04,-0.035,2.34001406981e-14,0
316.0,0.045,-0.035,1.59298054444e-14,0
316.0,0.04,-0.03,2.3349268903e-14,0
316.0,0.045,-0.03,1.40042222378e-14,0
316.0,0.04,-0.025,2.26171119489e-14,0
316.0,0.045,-0.025,1.17407116671e-14,0
316.0,0.04,-0.02,2.16385934281e-14,0
316.0,0.045,-0.02,9.63016750351e-15,0
316.0,0.04,-0.015,2.07968975945e-14,0
316.0,0.045,-0.015,7.74979263852e-15,0
316.0,0.04,-0.01,2.01688056767e-14,0
316.0,0.045,-0.01,6.23892127333e-15,0
316.0,0.04,-0.005,1.98981177209e-14,0
316.0,0.045,-0.005,5.27556076532e-15,0
316.0,0.04,0,1.97405945185e-14,0
316.0,0.045,4.16333634234e-19,4.79969771682e-15,0
316.0,0.04,0.005,1.93535067264e-14,0
316.0,0.045,0.005,4.84171409538e-15,0
316.0,0.04,0.01,1.9149473864e-14,0
316.0,0.045,0.01,5.36166300089e-15,0
316.0,0.04,0.015,1.93858394399e-14,0
316.0,0.045,0.015,6.47236690066e-15,0
316.0,0.04,0.02,1.98731526997e-14,0
316.0,0.045,0.02,8.03498127682e-15,0
316.0,0.04,0.025,2.04331952185e-14,0
316.0,0.045,0.025,9.85585604677e-15,0
316.0,0.04,0.03,2.08803164583e-14,0
316.0,0.045,0.03,1.17764294215e-14,0
316.0,0.04,0.035,2.10838821128e-14,0
316.0,0.045,0.035,1.35931200491e-14,0
316.0,0.04,0.04,2.032782801e-14,0
316.0,0.04,0.045,1.78135675566e-14,0
316.0,0.045,0.04,1.51389251953e-14,0
316.0,0.045,0.045,1.56272846301e-14,0
316.0,0.04,0.05,1.3575029645e-14,0
316.0,0.04,0.055,7.85541025177e-15,0
316.0,0.045,0.05,1.48292408203e-14,0
316.0,0.045,0.055,1.28168520259e-14,0
316.0,0.04,0.06,1.03030418347e-15,0
316.0,0.04,0.065,-6.47395042848e-15,0
316.0,0.045,0.06,9.82410481794e-15,0
316.0,0.045,0.065,6.19182306416e-15,0
316.0,0.04,0.07,-1.42404543587e-14,0
316.0,0.04,0.075,-2.19335389235e-14,0
316.0,0.045,0.07,2.31053064364e-15,0
316.0,0.045,0.075,-1.41603798677e-15,0
316.0,0.05,-0.075,1.53745388596e-14,0
316.0,0.05,-0.07,1.59972314386e-14,0
316.0,0.055,-0.075,3.2322886258e-14,0
316.0,0.055,-0.07,2.95463514693e-14,0
316.0,0.05,-0.065,1.68224462054e-14,0
316.0,0.055,-0.065,2.6936130377e-14,0
316.0,0.05,-0.06,1.73728053197e-14,0
316.0,0.055,-0.06,2.39547926362e-14,0
316.0,0.05,-0.055,1.72550276664e-14,0
316.0,0.055,-0.055,2.02323130373e-14,0
316.0,0.05,-0.05,1.61972351159e-14,0
316.0,0.055,-0.05,1.55624665691e-14,0
316.0,0.05,-0.045,1.40656048866e-14,0
316.0,0.055,-0.045,9.92874283747e-15,0
316.0,0.05,-0.04,1.0918802615e-14,0
316.0,0.055,-0.04,3.48425674998e-15,0
316.0,0.05,-0.035,7.01313311963e-15,0
316.0,0.055,-0.035,-3.43618192521e-15,0
316.0,0.05,-0.03,2.78936643215e-15,0
316.0,0.055,-0.03,-1.0414498455e-14,0
316.0,0.05,-0.025,-1.37241101811e-15,0
316.0,0.055,-0.025,-1.70304145388e-14,0
316.0,0.05,-0.02,-5.14443189887e-15,0
316.0,0.055,-0.02,-2.29323000781e-14,0
316.0,0.05,-0.015,-8.40335327468e-15,0
316.0,0.055,-0.015,-2.79212408177e-14,0
316.0,0.05,-0.01,-1.1011446083e-14,0
316.0,0.055,-0.01,-3.17869167465e-14,0
316.0,0.05,-0.005,-1.2767011531e-14,0
316.0,0.055,-0.005,-3.42998879045e-14,0
316.0,0.05,0,-1.35106489617e-14,0
316.0,0.055,4.16333634234e-19,-3.5253411062e-14,0
316.0,0.05,0.005,-1.30994857981e-14,0
316.0,0.055,0.005,-3.45478768901e-14,0
316.0,0.05,0.01,-1.17111909374e-14,0
316.0,0.055,0.01,-3.23134985166e-14,0
316.0,0.05,0.015,-9.45660013186e-15,0
316.0,0.055,0.015,-2.87342243568e-14,0
316.0,0.05,0.02,-6.48382056633e-15,0
316.0,0.055,0.02,-2.40024424264e-14,0
316.0,0.05,0.025,-2.96257631471e-15,0
316.0,0.055,0.025,-1.83404354705e-14,0
316.0,0.05,0.03,9.16807086802e-16,0
316.0,0.055,0.03,-1.19748890164e-14,0
316.0,0.05,0.035,4.98728970714e-15,0
316.0,0.055,0.035,-5.14232036911e-15,0
316.0,0.05,0.04,9.05318162278e-15,0
316.0,0.055,0.04,1.89530872869e-15,0
316.0,0.05,0.045,1.25946002729e-14,0
316.0,0.055,0.045,8.68241588193e-15,0
316.0,0.05,0.05,1.52571386791e-14,0
316.0,0.05,0.055,1.69255487311e-14,0
316.0,0.055,0.05,1.48195432215e-14,0
316.0,0.055,0.055,2.01008230256e-14,0
316.0,0.05,0.06,1.77010787527e-14,0
316.0,0.05,0.065,1.78308546767e-14,0
316.0,0.055,0.06,2.44995359694e-14,0
316.0,0.055,0.065,2.8189174749e-14,0
316.0,0.05,0.07,1.76876634618e-14,0
316.0,0.05,0.075,1.77377213027e-14,0
316.0,0.055,0.07,3.15156735134e-14,0
316.0,0.055,0.075,3.50028620986e-14,0
316.0,0.06,-0.075,4.70788483942e-14,0
316.0,0.06,-0.07,4.13337664711e-14,0
316.0,0.065,-0.075,5.9549652944e-14,0
316.0,0.065,-0.07,5.14067844681e-14,0
316.0,0.06,-0.065,3.56426550158e-14,0
316.0,0.065,-0.065,4.30744286453e-14,0
316.0,0.06,-0.06,2.94044951007e-14,0
316.0,0.065,-0.06,3.38943742056e-14,0
316.0,0.06,-0.055,2.22575417898e-14,0
316.0,0.065,-0.055,2.35439387633e-14,0
316.0,0.06,-0.05,1.40746462817e-14,0
316.0,0.065,-0.05,1.19619674693e-14,0
316.0,0.06,-0.045,4.9252545037e-15,0
316.0,0.065,-0.045,-6.70554065043e-16,0
316.0,0.06,-0.04,-4.92839457365e-15,0
316.0,0.065,-0.04,-1.40010670299e-14,0
316.0,0.06,-0.035,-1.50948259929e-14,0
316.0,0.065,-0.035,-2.75352210607e-14,0
316.0,0.06,-0.03,-2.50945821997e-14,0
316.0,0.065,-0.03,-4.07218897658e-14,0
316.0,0.06,-0.025,-3.44553766581e-14,0
316.0,0.065,-0.025,-5.29964993333e-14,0
316.0,0.06,-0.02,-4.27599878521e-14,0
316.0,0.065,-0.02,-6.38545978637e-14,0
316.0,0.06,-0.015,-4.96931777466e-14,0
316.0,0.065,-0.015,-7.28532038267e-14,0
316.0,0.06,-0.01,-5.4960545218e-14,0
316.0,0.065,-0.01,-7.96272185361e-14,0
316.0,0.06,-0.005,-5.83030459397e-14,0
316.0,0.065,-0.005,-8.38624512848e-14,0
316.0,0.06,0,-5.95073941969e-14,0
316.0,0.065,4.16333634234e-19,-8.53564680517e-14,0
316.0,0.06,0.005,-5.84974180513e-14,0
316.0,0.065,0.005,-8.40303598749e-14,0
316.0,0.06,0.01,-5.53707899631e-14,0
316.0,0.065,0.01,-7.9977673059e-14,0
316.0,0.06,0.015,-5.03363166063e-14,0
316.0,0.065,0.015,-7.3401868614e-14,0
316.0,0.06,0.02,-4.36335560691e-14,0
316.0,0.065,0.02,-6.46052378085e-14,0
316.0,0.06,0.025,-3.55481354929e-14,0
316.0,0.065,0.025,-5.39359642113e-14,0
316.0,0.06,0.03,-2.63840846566e-14,0
316.0,0.065,0.03,-4.1806537616e-14,0
316.0,0.06,0.035,-1.64806839055e-14,0
316.0,0.065,0.035,-2.86625031799e-14,0
316.0,0.06,0.04,-6.21205157715e-15,0
316.0,0.065,0.04,-1.50072166672e-14,0
316.0,0.06,0.045,3.95255723462e-15,0
316.0,0.065,0.045,-1.37149101314e-15,0
316.0,0.06,0.05,1.35833117078e-14,0
316.0,0.065,0.05,1.17330327262e-14,0
316.0,0.06,0.055,2.23706847771e-14,0
316.0,0.065,0.055,2.39177099177e-14,0
316.0,0.06,0.06,3.02021695522e-14,0
316.0,0.06,0.065,3.71673754526e-14,0
316.0,0.065,0.06,3.49596447578e-14,0
316.0,0.065,0.065,4.4881498248e-14,0
316.0,0.06,0.07,4.36002410637e-14,0
316.0,0.06,0.075,5.00868103623e-14,0
316.0,0.065,0.07,5.39755512961e-14,0
316.0,0.065,0.075,6.28836128697e-14,0
316.0,0.07,-0.075,7.00145247586e-14,0
316.0,0.07,-0.07,6.01132085624e-14,0
316.0,0.075,-0.075,7.91062855353e-14,0
316.0,0.075,-0.07,6.81797163216e-14,0
316.0,0.07,-0.065,4.96037065947e-14,0
316.0,0.075,-0.065,5.59121531336e-14,0
316.0,0.07,-0.06,3.78069137091e-14,0
316.0,0.075,-0.06,4.17365751197e-14,0
316.0,0.07,-0.055,2.44468638766e-14,0
316.0,0.075,-0.055,2.54687652355e-14,0
316.0,0.07,-0.05,9.57126392406e-15,0
316.0,0.075,-0.05,7.31289108189e-15,0
316.0,0.07,-0.045,-6.53203932779e-15,0
316.0,0.075,-0.045,-1.2324326964e-14,0
316.0,0.07,-0.04,-2.33832591737e-14,0
316.0,0.075,-0.04,-3.28157242039e-14,0
316.0,0.07,-0.035,-4.03856801785e-14,0
316.0,0.075,-0.035,-5.34305946653e-14,0
316.0,0.07,-0.03,-5.68693521517e-14,0
316.0,0.075,-0.03,-7.337568955e-14,0
316.0,0.07,-0.025,-7.21750655285e-14,0
316.0,0.075,-0.025,-9.185183673e-14,0
316.0,0.07,-0.02,-8.56743560392e-14,0
316.0,0.075,-0.02,-1.08134178655e-13,0
316.0,0.07,-0.015,-9.68332250892e-14,0
316.0,0.075,-0.015,-1.21550815466e-13,0
316.0,0.07,-0.01,-1.05181947708e-13,0
316.0,0.075,-0.01,-1.31583313646e-13,0
316.0,0.07,-0.005,-1.10379065289e-13,0
316.0,0.075,-0.005,-1.37789806089e-13,0
316.0,0.07,0,-1.12181834953e-13,0
316.0,0.075,0,-1.39940928616e-13,0
316.0,0.07,0.005,-1.10528541422e-13,0
316.0,0.075,0.005,-1.37920135708e-13,0
316.0,0.07,0.01,-1.05491852909e-13,0
316.0,0.075,0.01,-1.31854695192e-13,0
316.0,0.07,0.015,-9.73169453555e-14,0
316.0,0.075,0.015,-1.2197697577e-13,0
316.0,0.07,0.02,-8.63351923197e-14,0
316.0,0.075,0.02,-1.087188054e-13,0
316.0,0.07,0.025,-7.29950476487e-14,0
316.0,0.075,0.025,-9.25751882394e-14,0
316.0,0.07,0.03,-5.77942555125e-14,0
316.0,0.075,0.03,-7.41805556333e-14,0
316.0,0.07,0.035,-4.13127645122e-14,0
316.0,0.075,0.035,-5.42134670184e-14,0
316.0,0.07,0.04,-2.41643916942e-14,0
316.0,0.075,0.04,-3.34314302423e-14,0
316.0,0.07,0.045,-6.99690401674e-15,0
316.0,0.075,0.045,-1.26060647145e-14,0
316.0,0.07,0.05,9.58433675607e-15,0
316.0,0.075,0.05,7.52712991148e-15,0
316.0,0.07,0.055,2.50706631529e-14,0
316.0,0.075,0.055,2.6314780723e-14,0
316.0,0.07,0.06,3.91349879963e-14,0
316.0,0.075,0.06,4.33101865332e-14,0
316.0,0.07,0.065,5.16896671506e-14,0
316.0,0.075,0.065,5.82668705425e-14,0
316.0,0.07,0.07,6.29783813301e-14,0
316.0,0.07,0.075,7.36622902968e-14,0
316.0,0.075,0.07,7.13328042399e-14,0
316.0,0.075,0.075,8.30537711399e-14,0
321.0,-0.00382671281566,-0.00202612167119,0,0
321.0,-0.005,-0.005,2.70738213124e-14,0
321.0,-0.00197892066871,-0.00385133392306,0,0
321.0,-0.005,-0.00190753787223,1.56961579607e-14,0
321.0,-0.00433,0,0,0
321.0,-0.00190753787223,-0.005,1.56860887467e-14,0
321.0,0,-0.00433,0,0
321.0,-0.005,0.00190775150599,1.56917161756e-14,0
321.0,-0.00385133392306,0.00197892066871,0,0
321.0,0.00190775150599,-0.005,1.57190600941e-14,0
321.0,0.00202612167119,-0.00382671281566,0,0
321.0,-0.00202612167119,0.00382671281566,0,0
321.0,-0.005,0.005,2.7007737337e-14,0
321.0,-0.0019094272225,0.005,1.57047611576e-14,0
321.0,0,0.00433,0,0
321.0,0.00147766755988,0.00407006125046,0,0
321.0,8.32667268469e-19,0.005,1.18708751237e-14,0
321.0,0.00433,0,0,0
321.0,0.005,1.38777878078e-18,1.14140384385e-14,0
321.0,0.00407006125046,0.00147766755988,0,0
321.0,0.005,-0.005,2.79294515371e-14,0
321.0,0.00385133392306,-0.00197892066871,0,0
321.0,0.005,-0.0019094272225,1.5743070401e-14,0
321.0,0.00306177236254,0.00306177236254,0,0
321.0,0.0019094272225,0.005,1.59037174139e-14,0
321.0,0.005,0.0019094272225,1.57963712452e-14,0
321.0,-0.000885,-0.0015328649647,1.27152564696e-12,0
321.0,-0.0015328649647,-0.000885,1.27164803061e-12,0
321.0,-0.00186450691264,-0.00187567167242,8.43029042959e-13,0
321.0,-0.00177,0,1.27133975761e-12,0
321.0,-0.00268433516245,-0.000738983120158,7.59110202336e-13,0
321.0,0,-0.00177,1.27148727635e-12,0
321.0,-0.000718432264205,-0.00269192408424,7.57404025609e-13,0
321.0,-0.0015328649647,0.000885,1.26983526664e-12,0
321.0,-0.00265321485144,0.000647311733689,7.89893300852e-13,0
321.0,-0.000885,0.0015328649647,1.26820772769e-12,0
321.0,-0.00194719253591,0.00178443766524,8.43955341977e-13,0
321.0,0,0.00177,1.26410151549e-12,0
321.0,-0.000802720381054,0.00273415977115,7.17503509195e-13,0
321.0,0.000885,-0.0015328649647,1.27017609773e-12,0
321.0,0.00075154031863,-0.00270385456952,7.45293979019e-13,0
321.0,0.00177,0,1.26244126645e-12,0
321.0,0.0015328649647,-0.000885,1.26802364679e-12,0
321.0,0.00271471102228,-0.000564731152102,7.60917810701e-13,0
321.0,0.00192394637685,-0.00189207206672,8.10099721669e-13,0
321.0,0.00231817117671,0.00040530921667,9.87915152571e-13,0
321.0,0.0015328649647,0.000885,1.26070759622e-12,0
321.0,0.000885,0.0015328649647,1.26141266089e-12,0
321.0,0.000427053001345,0.00287092483521,6.82192811435e-13,0
321.0,0.00187618296239,0.00184774001435,8.33344199619e-13,0
321.0,0.00312733402203,0.000607809752493,5.19201594501e-13,0
321.0,0.00276214303706,0.00136595635004,5.76862190443e-13,0
321.0,0.0014100336009,0.00268674970267,6.0477462361e-13,0
321.0,-0.075,-0.075,9.89366146798e-14,0
321.0,-0.07,-0.075,8.50242538473e-14,0
321.0,-0.075,-0.07,8.72543458903e-14,0
321.0,-0.07,-0.07,7.45156808141e-14,0
321.0,-0.075,-0.065,7.40138965744e-14,0
321.0,-0.07,-0.065,6.32631333891e-14,0
321.0,-0.065,-0.075,6.96127593489e-14,0
321.0,-0.065,-0.07,6.11270279727e-14,0
321.0,-0.065,-0.065,5.23394533865e-14,0
321.0,-0.075,-0.06,5.85517145826e-14,0
321.0,-0.07,-0.06,5.04838004612e-14,0
321.0,-0.065,-0.06,4.25065569821e-14,0
321.0,-0.075,-0.055,4.06552690919e-14,0
321.0,-0.07,-0.055,3.58670408964e-14,0
321.0,-0.065,-0.055,3.1274518859e-14,0
321.0,-0.075,-0.05,2.05565402719e-14,0
321.0,-0.07,-0.05,1.94752295421e-14,0
321.0,-0.065,-0.05,1.85932054171e-14,0
321.0,-0.075,-0.045,-1.27963212341e-15,0
321.0,-0.07,-0.045,1.64721201975e-15,0
321.0,-0.065,-0.045,4.68970250755e-15,0
321.0,-0.075,-0.04,-2.41444287262e-14,0
321.0,-0.07,-0.04,-1.70682647724e-14,0
321.0,-0.075,-0.035,-4.72224436478e-14,0
321.0,-0.07,-0.035,-3.60001321191e-14,0
321.0,-0.065,-0.04,-1.00152834485e-14,0
321.0,-0.065,-0.035,-2.49584950167e-14,0
321.0,-0.075,-0.03,-6.96372905598e-14,0
321.0,-0.07,-0.03,-5.44182194133e-14,0
321.0,-0.075,-0.025,-9.05063965872e-14,0
321.0,-0.07,-0.025,-7.1611117433e-14,0
321.0,-0.065,-0.03,-3.95439500191e-14,0
321.0,-0.065,-0.025,-5.32001608629e-14,0
321.0,-0.075,-0.02,-1.0901080028e-13,0
321.0,-0.07,-0.02,-8.68848147267e-14,0
321.0,-0.075,-0.015,-1.24353535223e-13,0
321.0,-0.07,-0.015,-9.96097405296e-14,0
321.0,-0.065,-0.02,-6.54036184966e-14,0
321.0,-0.065,-0.015,-7.56367498328e-14,0
321.0,-0.075,-0.01,-1.35882728955e-13,0
321.0,-0.07,-0.01,-1.09188517277e-13,0
321.0,-0.075,-0.005,-1.43018574748e-13,0
321.0,-0.07,-0.005,-1.15153928549e-13,0
321.0,-0.065,-0.01,-8.34126944804e-14,0
321.0,-0.065,-0.005,-8.82797980736e-14,0
321.0,-0.075,0,-1.45442662049e-13,0
321.0,-0.07,0,-1.17170349601e-13,0
321.0,-0.075,0.005,-1.42996172118e-13,0
321.0,-0.07,0.005,-1.15141111347e-13,0
321.0,-0.065,4.16333634234e-19,-8.99390724788e-14,0
321.0,-0.065,0.005,-8.82763104215e-14,0
321.0,-0.075,0.01,-1.35846438748e-13,0
321.0,-0.07,0.01,-1.09170022097e-13,0
321.0,-0.075,0.015,-1.24319030968e-13,0
321.0,-0.07,0.015,-9.95991598414e-14,0
321.0,-0.065,0.01,-8.34108375452e-14,0
321.0,-0.065,0.015,-7.5648500299e-14,0
321.0,-0.075,0.02,-1.0899649332e-13,0
321.0,-0.07,0.02,-8.68987942112e-14,0
321.0,-0.075,0.025,-9.05275616956e-14,0
321.0,-0.07,0.025,-7.16629698803e-14,0
321.0,-0.065,0.02,-6.54458867688e-14,0
321.0,-0.065,0.025,-5.32858233785e-14,0
321.0,-0.075,0.03,-6.96996530396e-14,0
321.0,-0.07,0.03,-5.45113212892e-14,0
321.0,-0.075,0.035,-4.73197039718e-14,0
321.0,-0.07,0.035,-3.61252999833e-14,0
321.0,-0.065,0.03,-3.967417046e-14,0
321.0,-0.065,0.035,-2.51202923239e-14,0
321.0,-0.075,0.04,-2.42593438501e-14,0
321.0,-0.07,0.04,-1.72060749359e-14,0
321.0,-0.075,0.045,-1.38882482455e-15,0
321.0,-0.07,0.045,1.52104852e-15,0
321.0,-0.065,0.04,-1.01844315538e-14,0
321.0,-0.065,0.045,4.539591525e-15,0
321.0,-0.075,0.05,2.0477525402e-14,0
321.0,-0.07,0.05,1.93845326933e-14,0
321.0,-0.075,0.055,4.06284873162e-14,0
321.0,-0.07,0.055,3.58323519376e-14,0
321.0,-0.065,0.05,1.8485256071e-14,0
321.0,-0.065,0.055,3.12277962968e-14,0
321.0,-0.075,0.06,5.85944862719e-14,0
321.0,-0.07,0.06,5.05210946184e-14,0
321.0,-0.075,0.065,7.41381980727e-14,0
321.0,-0.07,0.065,6.33833105192e-14,0
321.0,-0.065,0.06,4.25355440702e-14,0
321.0,-0.065,0.065,5.24539329627e-14,0
321.0,-0.075,0.07,8.74668296943e-14,0
321.0,-0.07,0.07,7.47248172548e-14,0
321.0,-0.075,0.075,9.92397169831e-14,0
321.0,-0.07,0.075,8.53245150311e-14,0
321.0,-0.065,0.07,6.13323349865e-14,0
321.0,-0.065,0.075,6.99105936405e-14,0
321.0,-0.06,-0.075,5.21314632598e-14,0
321.0,-0.06,-0.07,4.63969457896e-14,0
321.0,-0.06,-0.065,4.05926758171e-14,0
321.0,-0.055,-0.075,3.24600980669e-14,0
321.0,-0.055,-0.07,3.0107378907e-14,0
321.0,-0.055,-0.065,2.77649803155e-14,0
321.0,-0.06,-0.06,3.40603199846e-14,0
321.0,-0.06,-0.055,2.64150190284e-14,0
321.0,-0.055,-0.06,2.48684974088e-14,0
321.0,-0.055,-0.055,2.10368075339e-14,0
321.0,-0.06,-0.05,1.75414551329e-14,0
321.0,-0.055,-0.05,1.60725827809e-14,0
321.0,-0.06,-0.045,7.55232480022e-15,0
321.0,-0.055,-0.045,9.99990646356e-15,0
321.0,-0.06,-0.04,-3.21565422104e-15,0
321.0,-0.055,-0.04,3.04819938999e-15,0
321.0,-0.06,-0.035,-1.42858772206e-14,0
321.0,-0.055,-0.035,-4.32936308122e-15,0
321.0,-0.06,-0.03,-2.51382715447e-14,0
321.0,-0.06,-0.025,-3.53556980382e-14,0
321.0,-0.055,-0.03,-1.16208877962e-14,0
321.0,-0.055,-0.025,-1.85479550058e-14,0
321.0,-0.06,-0.02,-4.45700981502e-14,0
321.0,-0.06,-0.015,-5.24199468563e-14,0
321.0,-0.055,-0.02,-2.48994290395e-14,0
321.0,-0.055,-0.015,-3.04579649762e-14,0
321.0,-0.06,-0.01,-5.84849265164e-14,0
321.0,-0.06,-0.005,-6.23360414759e-14,0
321.0,-0.055,-0.01,-3.49172338914e-14,0
321.0,-0.055,-0.005,-3.78130640656e-14,0
321.0,-0.06,0,-6.36571049283e-14,0
321.0,-0.06,0.005,-6.23455410969e-14,0
321.0,-0.055,4.16333634234e-19,-3.8823595329e-14,0
321.0,-0.055,0.005,-3.78426544513e-14,0
321.0,-0.06,0.01,-5.85061328076e-14,0
321.0,-0.06,0.015,-5.24614410292e-14,0
321.0,-0.055,0.01,-3.49773269514e-14,0
321.0,-0.055,0.015,-3.05546925276e-14,0
321.0,-0.06,0.02,-4.46510545363e-14,0
321.0,-0.06,0.025,-3.54867549514e-14,0
321.0,-0.055,0.02,-2.50521606835e-14,0
321.0,-0.055,0.025,-1.87528396845e-14,0
321.0,-0.06,0.03,-2.53166625404e-14,0
321.0,-0.06,0.035,-1.44941577175e-14,0
321.0,-0.055,0.03,-1.18629578474e-14,0
321.0,-0.055,0.035,-4.58921699385e-15,0
321.0,-0.06,0.04,-3.42190495205e-15,0
321.0,-0.06,0.045,7.37517959376e-15,0
321.0,-0.055,0.04,2.80787228528e-15,0
321.0,-0.055,0.045,9.79923886952e-15,0
321.0,-0.06,0.05,1.74143820173e-14,0
321.0,-0.06,0.055,2.63548934483e-14,0
321.0,-0.055,0.05,1.59285809777e-14,0
321.0,-0.055,0.055,2.09645067917e-14,0
321.0,-0.06,0.06,3.4080107065e-14,0
321.0,-0.06,0.065,4.07011680765e-14,0
321.0,-0.055,0.06,2.48799641691e-14,0
321.0,-0.055,0.065,2.78683576149e-14,0
321.0,-0.06,0.07,4.65987573476e-14,0
321.0,-0.06,0.075,5.24278451169e-14,0
321.0,-0.055,0.07,3.03069177056e-14,0
321.0,-0.055,0.075,3.27567438763e-14,0
321.0,-0.05,-0.075,1.09143471235e-14,0
321.0,-0.05,-0.07,1.23953979092e-14,0
321.0,-0.045,-0.075,-1.19872637622e-14,0
321.0,-0.045,-0.07,-6.35582773187e-15,0
321.0,-0.05,-0.065,1.38837117937e-14,0
321.0,-0.045,-0.065,-7.90125628539e-16,0
321.0,-0.05,-0.06,1.49054075722e-14,0
321.0,-0.05,-0.055,1.50663296795e-14,0
321.0,-0.045,-0.06,4.3256330512e-15,0
321.0,-0.045,-0.055,8.59512609766e-15,0
321.0,-0.05,-0.05,1.4099007213e-14,0
321.0,-0.05,-0.045,1.1891715374e-14,0
321.0,-0.045,-0.05,1.16579532302e-14,0
321.0,-0.045,-0.045,1.32612837737e-14,0
321.0,-0.05,-0.04,8.57469966599e-15,0
321.0,-0.045,-0.04,1.3332341336e-14,0
321.0,-0.05,-0.035,4.5574762265e-15,0
321.0,-0.045,-0.035,1.21274849167e-14,0
321.0,-0.05,-0.03,4.76928257534e-16,0
321.0,-0.045,-0.03,1.05954806795e-14,0
321.0,-0.05,-0.025,-3.48303014222e-15,0
321.0,-0.045,-0.025,8.92211113207e-15,0
321.0,-0.05,-0.02,-7.22467437002e-15,0
321.0,-0.05,-0.015,-1.06367983968e-14,0
321.0,-0.045,-0.02,7.28427538831e-15,0
321.0,-0.045,-0.015,5.84941268708e-15,0
321.0,-0.05,-0.01,-1.35908610146e-14,0
321.0,-0.05,-0.005,-1.55677142753e-14,0
321.0,-0.045,-0.01,4.44184100266e-15,0
321.0,-0.045,-0.005,3.43106756711e-15,0
321.0,-0.05,0,-1.62670521291e-14,0
321.0,-0.05,0.005,-1.56222272589e-14,0
321.0,-0.045,4.16333634234e-19,3.05203370339e-15,0
321.0,-0.045,0.005,3.35716158735e-15,0
321.0,-0.05,0.01,-1.37023682419e-14,0
321.0,-0.05,0.015,-1.08144496811e-14,0
321.0,-0.045,0.01,4.29153746902e-15,0
321.0,-0.045,0.015,5.62005629548e-15,0
321.0,-0.05,0.02,-7.47330700502e-15,0
321.0,-0.05,0.025,-3.77099398885e-15,0
321.0,-0.045,0.02,6.99936470901e-15,0
321.0,-0.045,0.025,8.61461498977e-15,0
321.0,-0.05,0.03,1.79033957476e-16,0
321.0,-0.05,0.035,4.27396093007e-15,0
321.0,-0.045,0.03,1.02865501727e-14,0
321.0,-0.045,0.035,1.18336363609e-14,0
321.0,-0.05,0.04,8.31702104388e-15,0
321.0,-0.05,0.045,1.16760961202e-14,0
321.0,-0.045,0.04,1.30664299796e-14,0
321.0,-0.045,0.045,1.30370744543e-14,0
321.0,-0.05,0.05,1.39427181742e-14,0
321.0,-0.05,0.055,1.49846584656e-14,0
321.0,-0.045,0.05,1.14933483246e-14,0
321.0,-0.045,0.055,8.50665080669e-15,0
321.0,-0.05,0.06,1.49104284934e-14,0
321.0,-0.05,0.065,1.3983640692e-14,0
321.0,-0.045,0.06,4.32616066893e-15,0
321.0,-0.045,0.065,-6.9190469052e-16,0
321.0,-0.05,0.07,1.25944264101e-14,0
321.0,-0.05,0.075,1.12133998268e-14,0
321.0,-0.045,0.07,-6.15535961968e-15,0
321.0,-0.045,0.075,-1.16834524866e-14,0
321.0,-0.04,-0.075,-3.55065698203e-14,0
321.0,-0.04,-0.07,-2.55886768231e-14,0
321.0,-0.035,-0.075,-5.88187205762e-14,0
321.0,-0.035,-0.07,-4.46466453683e-14,0
321.0,-0.04,-0.065,-1.5849724855e-14,0
321.0,-0.035,-0.065,-3.07837384592e-14,0
321.0,-0.04,-0.06,-6.5789560825e-15,0
321.0,-0.035,-0.06,-1.74433849905e-14,0
321.0,-0.04,-0.055,1.81097164352e-15,0
321.0,-0.035,-0.055,-5.04028852019e-15,0
321.0,-0.04,-0.05,8.87864921348e-15,0
321.0,-0.04,-0.045,1.42206192743e-14,0
321.0,-0.035,-0.05,5.89290051112e-15,0
321.0,-0.035,-0.045,1.48105482545e-14,0
321.0,-0.04,-0.04,1.7574067238e-14,0
321.0,-0.04,-0.035,1.88880114443e-14,0
321.0,-0.035,-0.04,2.12411068189e-14,0
321.0,-0.035,-0.035,2.48079694364e-14,0
321.0,-0.04,-0.03,1.90592582146e-14,0
321.0,-0.035,-0.03,2.64750125859e-14,0
321.0,-0.04,-0.025,1.89429160434e-14,0
321.0,-0.035,-0.025,2.7579727831e-14,0
321.0,-0.04,-0.02,1.87143713487e-14,0
321.0,-0.035,-0.02,2.82881440207e-14,0
321.0,-0.04,-0.015,1.86548021775e-14,0
321.0,-0.035,-0.015,2.88582560149e-14,0
321.0,-0.04,-0.01,1.87223816042e-14,0
321.0,-0.04,-0.005,1.86076436182e-14,0
321.0,-0.035,-0.01,2.93704581714e-14,0
321.0,-0.035,-0.005,2.95686331268e-14,0
321.0,-0.04,0,1.8497978904e-14,0
321.0,-0.04,0.005,1.85263536148e-14,0
321.0,-0.035,4.16333634234e-19,2.95933711218e-14,0
321.0,-0.035,0.005,2.94870200945e-14,0
321.0,-0.04,0.01,1.85654539139e-14,0
321.0,-0.04,0.015,1.84385510353e-14,0
321.0,-0.035,0.01,2.92160461402e-14,0
321.0,-0.035,0.015,2.86516026582e-14,0
321.0,-0.04,0.02,1.8454306778e-14,0
321.0,-0.04,0.025,1.86576613506e-14,0
321.0,-0.035,0.02,2.80308624129e-14,0
321.0,-0.035,0.025,2.72948945491e-14,0
321.0,-0.04,0.03,1.87658410461e-14,0
321.0,-0.04,0.035,1.86014927863e-14,0
321.0,-0.035,0.03,2.61792591174e-14,0
321.0,-0.035,0.035,2.45096129461e-14,0
321.0,-0.04,0.04,1.73044130464e-14,0
321.0,-0.04,0.045,1.39891458059e-14,0
321.0,-0.035,0.04,2.09578922425e-14,0
321.0,-0.035,0.045,1.4568177907e-14,0
321.0,-0.04,0.05,8.70699498552e-15,0
321.0,-0.04,0.055,1.71686399598e-15,0
321.0,-0.035,0.05,5.71274196234e-15,0
321.0,-0.035,0.055,-5.14055859318e-15,0
321.0,-0.04,0.06,-6.58177577955e-15,0
321.0,-0.04,0.065,-1.57518800703e-14,0
321.0,-0.035,0.06,-1.74495467426e-14,0
321.0,-0.035,0.065,-3.06857387169e-14,0
321.0,-0.04,0.07,-2.53851210945e-14,0
321.0,-0.04,0.075,-3.51958712566e-14,0
321.0,-0.035,0.07,-4.4438843661e-14,0
321.0,-0.035,0.075,-5.84993084452e-14,0
321.0,-0.03,-0.075,-8.10464332539e-14,0
321.0,-0.03,-0.07,-6.28125359553e-14,0
321.0,-0.025,-0.075,-1.01306853295e-13,0
321.0,-0.025,-0.07,-7.93819561902e-14,0
321.0,-0.03,-0.065,-4.50414214994e-14,0
321.0,-0.025,-0.065,-5.80514283524e-14,0
321.0,-0.03,-0.06,-2.78534274201e-14,0
321.0,-0.025,-0.06,-3.73880226245e-14,0
321.0,-0.03,-0.055,-1.16882446072e-14,0
321.0,-0.025,-0.055,-1.78359647461e-14,0
321.0,-0.03,-0.05,2.84218589604e-15,0
321.0,-0.025,-0.05,-9.93100997778e-17,0
321.0,-0.03,-0.045,1.50395260694e-14,0
321.0,-0.025,-0.045,1.49829486348e-14,0
321.0,-0.03,-0.04,2.42208799703e-14,0
321.0,-0.03,-0.035,2.97391997053e-14,0
321.0,-0.025,-0.04,2.6544451526e-14,0
321.0,-0.025,-0.035,3.36876731754e-14,0
321.0,-0.03,-0.03,3.267699857e-14,0
321.0,-0.03,-0.025,3.47071405144e-14,0
321.0,-0.025,-0.03,3.76379209935e-14,0
321.0,-0.025,-0.025,4.03281136148e-14,0
321.0,-0.03,-0.02,3.59852521609e-14,0
321.0,-0.025,-0.02,4.19171051183e-14,0
321.0,-0.03,-0.015,3.67240665644e-14,0
321.0,-0.025,-0.015,4.26894587312e-14,0
321.0,-0.03,-0.01,3.70890469536e-14,0
321.0,-0.025,-0.01,4.28901035469e-14,0
321.0,-0.03,-0.005,3.72080963294e-14,0
321.0,-0.025,-0.005,4.27656074421e-14,0
321.0,-0.03,0,3.71970434404e-14,0
321.0,-0.03,0.005,3.71244264443e-14,0
321.0,-0.025,4.16333634234e-19,4.26542277089e-14,0
321.0,-0.025,0.005,4.26708701212e-14,0
321.0,-0.03,0.01,3.69286927089e-14,0
321.0,-0.03,0.015,3.64989146416e-14,0
321.0,-0.025,0.01,4.27070994063e-14,0
321.0,-0.025,0.015,4.24296845612e-14,0
321.0,-0.03,0.02,3.5709593737e-14,0
321.0,-0.03,0.025,3.44004574611e-14,0
321.0,-0.025,0.02,4.15975885096e-14,0
321.0,-0.025,0.025,3.99716772624e-14,0
321.0,-0.03,0.03,3.23576514687e-14,0
321.0,-0.03,0.035,2.9421251058e-14,0
321.0,-0.025,0.03,3.72689101958e-14,0
321.0,-0.025,0.035,3.33265035147e-14,0
321.0,-0.03,0.04,2.39195172387e-14,0
321.0,-0.03,0.045,1.47820977249e-14,0
321.0,-0.025,0.04,2.62133669856e-14,0
321.0,-0.025,0.045,1.47045519108e-14,0
321.0,-0.03,0.05,2.65060505413e-15,0
321.0,-0.03,0.055,-1.17967282519e-14,0
321.0,-0.025,0.05,-3.06894070588e-16,0
321.0,-0.025,0.055,-1.79559213684e-14,0
321.0,-0.03,0.06,-2.78640878102e-14,0
321.0,-0.03,0.065,-4.49435423174e-14,0
321.0,-0.025,0.06,-3.74052716911e-14,0
321.0,-0.025,0.065,-5.79546028809e-14,0
321.0,-0.03,0.07,-6.25999149839e-14,0
321.0,-0.03,0.075,-8.07169322066e-14,0
321.0,-0.025,0.07,-7.91643083787e-14,0
321.0,-0.025,0.075,-1.00965991357e-13,0
321.0,-0.02,-0.075,-1.18804252163e-13,0
321.0,-0.02,-0.07,-9.36724906258e-14,0
321.0,-0.015,-0.075,-1.32801373137e-13,0
321.0,-0.015,-0.07,-1.05105441143e-13,0
321.0,-0.02,-0.065,-6.92808745471e-14,0
321.0,-0.015,-0.065,-7.82410941132e-14,0
321.0,-0.02,-0.06,-4.56252541937e-14,0
321.0,-0.015,-0.06,-5.2191760964e-14,0
321.0,-0.02,-0.055,-2.31835435682e-14,0
321.0,-0.015,-0.055,-2.74402765584e-14,0
321.0,-0.02,-0.05,-2.72771353021e-15,0
321.0,-0.015,-0.05,-4.8300280901e-15,0
321.0,-0.02,-0.045,1.47831906488e-14,0
321.0,-0.015,-0.045,1.45851028714e-14,0
321.0,-0.02,-0.04,2.8318176195e-14,0
321.0,-0.015,-0.04,2.96792697651e-14,0
321.0,-0.02,-0.035,3.68052804701e-14,0
321.0,-0.015,-0.035,3.92517156732e-14,0
321.0,-0.02,-0.03,4.15024263398e-14,0
321.0,-0.02,-0.025,4.45603410874e-14,0
321.0,-0.015,-0.03,4.45224636717e-14,0
321.0,-0.015,-0.025,4.76572454573e-14,0
321.0,-0.02,-0.02,4.61258252123e-14,0
321.0,-0.02,-0.015,4.65443809194e-14,0
321.0,-0.015,-0.02,4.87666355852e-14,0
321.0,-0.015,-0.015,4.81595928438e-14,0
321.0,-0.02,-0.01,4.61451937726e-14,0
321.0,-0.015,-0.01,4.626780371e-14,0
321.0,-0.02,-0.005,4.54153736627e-14,0
321.0,-0.015,-0.005,4.41883808881e-14,0
321.0,-0.02,0,4.50228318086e-14,0
321.0,-0.015,4.16333634234e-19,4.32330787822e-14,0
321.0,-0.02,0.005,4.52946833797e-14,0
321.0,-0.015,0.005,4.40139589638e-14,0
321.0,-0.02,0.01,4.59130576226e-14,0
321.0,-0.02,0.015,4.62129090161e-14,0
321.0,-0.015,0.01,4.59414502052e-14,0
321.0,-0.015,0.015,4.76953165897e-14,0
321.0,-0.02,0.02,4.57215447356e-14,0
321.0,-0.02,0.025,4.41168273639e-14,0
321.0,-0.015,0.02,4.82131736353e-14,0
321.0,-0.015,0.025,4.70750851038e-14,0
321.0,-0.02,0.03,4.10536756033e-14,0
321.0,-0.02,0.035,3.63843817133e-14,0
321.0,-0.015,0.03,4.3953943625e-14,0
321.0,-0.015,0.035,3.87515605538e-14,0
321.0,-0.02,0.04,2.79487635902e-14,0
321.0,-0.02,0.045,1.44776554492e-14,0
321.0,-0.015,0.04,2.92709308599e-14,0
321.0,-0.015,0.045,1.42499394975e-14,0
321.0,-0.02,0.05,-2.95617004211e-15,0
321.0,-0.02,0.055,-2.33187764152e-14,0
321.0,-0.015,0.05,-5.08312252813e-15,0
321.0,-0.015,0.055,-2.75945607571e-14,0
321.0,-0.02,0.06,-4.56516653605e-14,0
321.0,-0.02,0.065,-6.9186278045e-14,0
321.0,-0.015,0.06,-5.22298379685e-14,0
321.0,-0.015,0.065,-7.81496651664e-14,0
321.0,-0.02,0.07,-9.34496413204e-14,0
321.0,-0.02,0.075,-1.18450666629e-13,0
321.0,-0.015,0.07,-1.04876748323e-13,0
321.0,-0.015,0.075,-1.32432934733e-13,0
321.0,-0.01,-0.075,-1.42760584947e-13,0
321.0,-0.01,-0.07,-1.13191923643e-13,0
321.0,-0.005,-0.075,-1.48253256872e-13,0
321.0,-0.005,-0.07,-1.17617973696e-13,0
321.0,-0.01,-0.065,-8.45497944122e-14,0
321.0,-0.005,-0.065,-8.79268342182e-14,0
321.0,-0.01,-0.06,-5.67661635512e-14,0
321.0,-0.005,-0.06,-5.91324419682e-14,0
321.0,-0.01,-0.055,-3.03581715533e-14,0
321.0,-0.005,-0.055,-3.17525031422e-14,0
321.0,-0.01,-0.05,-6.21227870382e-15,0
321.0,-0.005,-0.05,-6.71292221879e-15,0
321.0,-0.01,-0.045,1.45525267596e-14,0
321.0,-0.005,-0.045,1.48202278634e-14,0
321.0,-0.01,-0.04,3.07229659073e-14,0
321.0,-0.005,-0.04,3.16063178053e-14,0
321.0,-0.01,-0.035,4.10895737033e-14,0
321.0,-0.005,-0.035,4.24226496281e-14,0
321.0,-0.01,-0.03,4.67540467835e-14,0
321.0,-0.005,-0.03,4.82835049316e-14,0
321.0,-0.01,-0.025,4.97022558e-14,0
321.0,-0.005,-0.025,5.08214665483e-14,0
321.0,-0.01,-0.02,4.99795249902e-14,0
321.0,-0.01,-0.015,4.7740059136e-14,0
321.0,-0.005,-0.02,5.01680267626e-14,0
321.0,-0.005,-0.015,4.63214237375e-14,0
321.0,-0.0117873230072,-0.0115873794689,4.59063776806e-14,0
321.0,-0.00939961996336,-0.005,3.73444701745e-14,0
321.0,-0.00792797428371,-0.00964253216809,4.09961915533e-14,0
321.0,-0.005,-0.00939961996336,3.75005872319e-14,0
321.0,-0.0108753492546,-0.00150606400588,3.78338481749e-14,0
321.0,-0.00818101620308,-0.00211452602544,3.16586207103e-14,0
321.0,-0.00651817360753,-0.000255934956239,2.38174058921e-14,0
321.0,-0.005,6.71033969428e-08,1.15463724025e-14,0
321.0,-0.0107292118043,0.00160660295843,3.75200238627e-14,0
321.0,-0.0080188992252,0.000768320427092,3.01979972083e-14,0
321.0,-0.00939946851065,0.005,3.71616766709e-14,0
321.0,-0.00802129342231,0.00264911934363,3.16463097894e-14,0
321.0,-0.00887989370213,0.00887989479405,4.06705194905e-14,0
321.0,-0.01,0.015,4.71501651575e-14,0
321.0,-0.005,0.00939947397025,3.71315218446e-14,0
321.0,-0.005,0.015,4.5701353091e-14,0
321.0,-0.01,0.02,4.9304116377e-14,0
321.0,-0.01,0.025,4.90284667584e-14,0
321.0,-0.005,0.02,4.94976451384e-14,0
321.0,-0.005,0.025,5.02383556187e-14,0
321.0,-0.01,0.03,4.61270194627e-14,0
321.0,-0.01,0.035,4.05639502147e-14,0
321.0,-0.005,0.03,4.7802732412e-14,0
321.0,-0.005,0.035,4.19788434586e-14,0
321.0,-0.01,0.04,3.02934028591e-14,0
321.0,-0.01,0.045,1.41880409135e-14,0
321.0,-0.005,0.04,3.11621609556e-14,0
321.0,-0.005,0.045,1.44214660286e-14,0
321.0,-0.01,0.05,-6.49408830152e-15,0
321.0,-0.01,0.055,-3.05350066452e-14,0
321.0,-0.005,0.05,-7.02801398787e-15,0
321.0,-0.005,0.055,-3.195431094e-14,0
321.0,-0.01,0.06,-5.6817809426e-14,0
321.0,-0.01,0.065,-8.44616729651e-14,0
321.0,-0.005,0.06,-5.91982912543e-14,0
321.0,-0.005,0.065,-8.7840940066e-14,0
321.0,-0.01,0.07,-1.12955819201e-13,0
321.0,-0.01,0.075,-1.42374157919e-13,0
321.0,-0.005,0.07,-1.17371587166e-13,0
321.0,-0.005,0.075,-1.47844119655e-13,0
321.0,0,-0.075,-1.49122334491e-13,0
321.0,0,-0.07,-1.18207167035e-13,0
321.0,0.005,-0.075,-1.45344037007e-13,0
321.0,0.005,-0.07,-1.14993198269e-13,0
321.0,0,-0.065,-8.82496423779e-14,0
321.0,0.005,-0.065,-8.55309459513e-14,0
321.0,0,-0.06,-5.91780063074e-14,0
321.0,0.005,-0.06,-5.69331533512e-14,0
321.0,0,-0.055,-3.15351122618e-14,0
321.0,0.005,-0.055,-2.97316347801e-14,0
321.0,0,-0.05,-6.25570837982e-15,0
321.0,0.005,-0.05,-4.86038711676e-15,0
321.0,0,-0.045,1.54842181e-14,0
321.0,0.005,-0.045,1.65080153711e-14,0
321.0,0,-0.04,3.24030182975e-14,0
321.0,0.005,-0.04,3.31114709887e-14,0
321.0,0,-0.035,4.33122277741e-14,0
321.0,0.005,-0.035,4.3617985536e-14,0
321.0,0,-0.03,4.91333972575e-14,0
321.0,0.005,-0.03,4.91444754025e-14,0
321.0,0,-0.025,5.14031946894e-14,0
321.0,0.005,-0.025,5.15902983559e-14,0
321.0,0,-0.02,5.0311201941e-14,0
321.0,0.005,-0.02,5.10342621714e-14,0
321.0,0,-0.015,4.57829897316e-14,0
321.0,0.005,-0.015,4.74416087011e-14,0
321.0,-0.0021196717084,-0.00776771017156,3.0015061202e-14,0
321.0,-0.00084550708518,-0.00631514607954,2.2496580055e-14,0
321.0,6.71033969406e-08,-0.005,1.20149973578e-14,0
321.0,-0.00139054260708,-0.0110960807567,3.88737925572e-14,0
321.0,0.00132468676756,-0.00775008274642,2.94917886778e-14,0
321.0,0.00160394440688,-0.0116908851489,4.0536543146e-14,0
321.0,0.005,-0.00939946851065,3.86700926974e-14,0
321.0,0.005,0.005,2.72470137829e-14,0
321.0,-0.000107646311398,0.00617659695633,2.13652059675e-14,0
321.0,-0.00190846935279,0.0076427502668,2.9078833669e-14,0
321.0,0.00131146485568,0.00777290068297,2.89768761533e-14,0
321.0,0.00295884413402,0.00640276348073,2.62908935159e-14,0
321.0,-1.21517769428e-05,0.0108932602996,3.77036909802e-14,0
321.0,0,0.015,4.51058215114e-14,0
321.0,0.005,0.00939942566771,3.79141746434e-14,0
321.0,0.005,0.015,4.67211825703e-14,0
321.0,0,0.02,4.96748483324e-14,0
321.0,0,0.025,5.09324150227e-14,0
321.0,0.005,0.02,5.03913912383e-14,0
321.0,0.005,0.025,5.1077547765e-14,0
321.0,0,0.03,4.88094244777e-14,0
321.0,0,0.035,4.29221241008e-14,0
321.0,0.005,0.03,4.87337024552e-14,0
321.0,0.005,0.035,4.31765894606e-14,0
321.0,0,0.04,3.1927898714e-14,0
321.0,0,0.045,1.50470871795e-14,0
321.0,0.005,0.04,3.26027429763e-14,0
321.0,0.005,0.045,1.60334436621e-14,0
321.0,0,0.05,-6.60509544054e-15,0
321.0,0,0.055,-3.17618902989e-14,0
321.0,0.005,0.05,-5.24237480657e-15,0
321.0,0.005,0.055,-2.99822549896e-14,0
321.0,0,0.06,-5.92570652991e-14,0
321.0,0,0.065,-8.81635425998e-14,0
321.0,0.005,0.06,-5.70237121645e-14,0
321.0,0.005,0.065,-8.54415443471e-14,0
321.0,0,0.07,-1.17946344451e-13,0
321.0,0,0.075,-1.48684397118e-13,0
321.0,0.005,0.07,-1.14712755139e-13,0
321.0,0.005,0.075,-1.44869704608e-13,0
321.0,0.01,-0.075,-1.3717827227e-13,0
321.0,0.01,-0.07,-1.08155042187e-13,0
321.0,0.015,-0.075,-1.25003246375e-13,0
321.0,0.015,-0.07,-9.80649604066e-14,0
321.0,0.01,-0.065,-7.9951129448e-14,0
321.0,0.015,-0.065,-7.18094763495e-14,0
321.0,0.01,-0.06,-5.2544990347e-14,0
321.0,0.015,-0.06,-4.62853228986e-14,0
321.0,0.01,-0.055,-2.64822488955e-14,0
321.0,0.015,-0.055,-2.20180160955e-14,0
321.0,0.01,-0.05,-2.66654094641e-15,0
321.0,0.015,-0.05,1.24005565165e-16,0
321.0,0.01,-0.045,1.77689613615e-14,0
321.0,0.015,-0.045,1.9069285055e-14,0
321.0,0.01,-0.04,3.35753592833e-14,0
321.0,0.015,-0.04,3.36752843123e-14,0
321.0,0.01,-0.035,4.34202855392e-14,0
321.0,0.015,-0.035,4.27126126751e-14,0
321.0,0.01,-0.03,4.86200357915e-14,0
321.0,0.015,-0.03,4.76048609624e-14,0
321.0,0.01,-0.025,5.14405778484e-14,0
321.0,0.015,-0.025,5.06665460599e-14,0
321.0,0.01,-0.02,5.18770384033e-14,0
321.0,0.01,-0.015,5.01345792252e-14,0
321.0,0.015,-0.02,5.20274963148e-14,0
321.0,0.015,-0.015,5.2153822167e-14,0
321.0,0.00999280436795,-0.0116358337096,4.76840491751e-14,0
321.0,0.0105889214373,-0.00845762197625,4.55460741688e-14,0
321.0,0.015,-0.01,5.11012897528e-14,0
321.0,0.00939947397025,-0.005,4.02843929963e-14,0
321.0,0.015,-0.005,4.95205304506e-14,0
321.0,0.00658051136513,-0.00296146438142,2.9579510918e-14,0
321.0,0.00636794669772,-3.54305826484e-06,2.50210826371e-14,0
321.0,0.00795807888052,-0.00113999998936,3.32712017461e-14,0
321.0,0.00758147027913,0.00183630393596,3.19322836898e-14,0
321.0,0.0112534647756,-1.47536350887e-07,4.25370774541e-14,0
321.0,0.015,4.16333634234e-19,4.87874862298e-14,0
321.0,0.00939942566771,0.005,3.97189310915e-14,0
321.0,0.015,0.005,4.90812577997e-14,0
321.0,0.00999018807453,0.0109670628501,4.640315902e-14,0
321.0,0.01,0.015,4.942778981e-14,0
321.0,0.015,0.01,5.05177332657e-14,0
321.0,0.015,0.015,5.15011255088e-14,0
321.0,0.01,0.02,5.12193657606e-14,0
321.0,0.01,0.025,5.08249300299e-14,0
321.0,0.015,0.02,5.13271438837e-14,0
321.0,0.015,0.025,4.99368126155e-14,0
321.0,0.01,0.03,4.8037554896e-14,0
321.0,0.01,0.035,4.28420656482e-14,0
321.0,0.015,0.03,4.68751291711e-14,0
321.0,0.015,0.035,4.20010383339e-14,0
321.0,0.01,0.04,3.29991201286e-14,0
321.0,0.01,0.045,1.72460007606e-14,0
321.0,0.015,0.04,3.30074068018e-14,0
321.0,0.015,0.045,1.84808561547e-14,0
321.0,0.01,0.05,-3.08539880338e-15,0
321.0,0.01,0.055,-2.6758520747e-14,0
321.0,0.015,0.05,-3.43757797652e-16,0
321.0,0.015,0.055,-2.23265631122e-14,0
321.0,0.01,0.06,-5.26466961205e-14,0
321.0,0.01,0.065,-7.98554959151e-14,0
321.0,0.015,0.06,-4.64002153392e-14,0
321.0,0.015,0.065,-7.17053047035e-14,0
321.0,0.01,0.07,-1.07849256462e-13,0
321.0,0.01,0.075,-1.36658992391e-13,0
321.0,0.015,0.07,-9.77274944236e-14,0
321.0,0.015,0.075,-1.2442887963e-13,0
321.0,0.02,-0.075,-1.09429281858e-13,0
321.0,0.02,-0.07,-8.52026396619e-14,0
321.0,0.025,-0.075,-9.11381514697e-14,0
321.0,0.025,-0.07,-7.01810747002e-14,0
321.0,0.02,-0.065,-6.15333634081e-14,0
321.0,0.025,-0.065,-4.96158916144e-14,0
321.0,0.02,-0.06,-3.84999298404e-14,0
321.0,0.025,-0.06,-2.96040099581e-14,0
321.0,0.02,-0.055,-1.66327274705e-14,0
321.0,0.025,-0.055,-1.06512955502e-14,0
321.0,0.02,-0.05,3.26338470831e-15,0
321.0,0.025,-0.05,6.50297554485e-15,0
321.0,0.02,-0.045,2.02180963109e-14,0
321.0,0.025,-0.045,2.10092482182e-14,0
321.0,0.02,-0.04,3.32140597717e-14,0
321.0,0.025,-0.04,3.20305342069e-14,0
321.0,0.02,-0.035,4.12386417151e-14,0
321.0,0.025,-0.035,3.87597127976e-14,0
321.0,0.02,-0.03,4.56639816577e-14,0
321.0,0.025,-0.03,4.24938398529e-14,0
321.0,0.02,-0.025,4.86947884644e-14,0
321.0,0.025,-0.025,4.51362230148e-14,0
321.0,0.02,-0.02,5.05568005824e-14,0
321.0,0.025,-0.02,4.68905331032e-14,0
321.0,0.02,-0.015,5.17865201859e-14,0
321.0,0.025,-0.015,4.82001034698e-14,0
321.0,0.02,-0.01,5.24149522665e-14,0
321.0,0.025,-0.01,4.91167472114e-14,0
321.0,0.02,-0.005,5.22519449904e-14,0
321.0,0.025,-0.005,4.95383810455e-14,0
321.0,0.02,0,5.19735751144e-14,0
321.0,0.025,4.16333634234e-19,4.95868441378e-14,0
321.0,0.02,0.005,5.19382074222e-14,0
321.0,0.025,0.005,4.91392407642e-14,0
321.0,0.02,0.01,5.18828847415e-14,0
321.0,0.025,0.01,4.83914824934e-14,0
321.0,0.02,0.015,5.10938920669e-14,0
321.0,0.025,0.015,4.7277050511e-14,0
321.0,0.02,0.02,4.97279469278e-14,0
321.0,0.02,0.025,4.77954229091e-14,0
321.0,0.025,0.02,4.5816945718e-14,0
321.0,0.025,0.025,4.39825496089e-14,0
321.0,0.02,0.03,4.4762837123e-14,0
321.0,0.02,0.035,4.0384435718e-14,0
321.0,0.025,0.03,4.13596334023e-14,0
321.0,0.025,0.035,3.77200151539e-14,0
321.0,0.02,0.04,3.24357950469e-14,0
321.0,0.02,0.045,1.95435148775e-14,0
321.0,0.025,0.04,3.11052574039e-14,0
321.0,0.025,0.045,2.02161748087e-14,0
321.0,0.02,0.05,2.72966016282e-15,0
321.0,0.02,0.055,-1.69842050706e-14,0
321.0,0.025,0.05,5.88037183638e-15,0
321.0,0.025,0.055,-1.10584632484e-14,0
321.0,0.02,0.06,-3.86317061112e-14,0
321.0,0.02,0.065,-6.14181293375e-14,0
321.0,0.025,0.06,-2.97557908579e-14,0
321.0,0.025,0.065,-4.94844140243e-14,0
321.0,0.02,0.07,-8.48255921138e-14,0
321.0,0.02,0.075,-1.08787721741e-13,0
321.0,0.025,0.07,-6.97531103823e-14,0
321.0,0.025,0.075,-9.04130581458e-14,0
321.0,0.03,-0.075,-7.09475283268e-14,0
321.0,0.03,-0.07,-5.3657671238e-14,0
321.0,0.035,-0.075,-4.96867180427e-14,0
321.0,0.035,-0.07,-3.63426485961e-14,0
321.0,0.03,-0.065,-3.66150407299e-14,0
321.0,0.035,-0.065,-2.30935428884e-14,0
321.0,0.03,-0.06,-2.00323817273e-14,0
321.0,0.035,-0.06,-1.02341505696e-14,0
321.0,0.03,-0.055,-4.41042415522e-15,0
321.0,0.035,-0.055,1.76217538268e-15,0
321.0,0.03,-0.05,9.59739527707e-15,0
321.0,0.035,-0.05,1.23261741126e-14,0
321.0,0.03,-0.045,2.12809531733e-14,0
321.0,0.035,-0.045,2.08939749472e-14,0
321.0,0.03,-0.04,2.99806203823e-14,0
321.0,0.035,-0.04,2.70048889908e-14,0
321.0,0.03,-0.035,3.51513015392e-14,0
321.0,0.035,-0.035,3.0392524035e-14,0
321.0,0.03,-0.03,3.79268560913e-14,0
321.0,0.035,-0.03,3.20058761914e-14,0
321.0,0.03,-0.025,3.98022799372e-14,0
321.0,0.035,-0.025,3.27171304722e-14,0
321.0,0.03,-0.02,4.09472221222e-14,0
321.0,0.035,-0.02,3.28280637229e-14,0
321.0,0.03,-0.015,4.1729759536e-14,0
321.0,0.035,-0.015,3.28384665576e-14,0
321.0,0.03,-0.01,4.22710966429e-14,0
321.0,0.035,-0.01,3.28438070723e-14,0
321.0,0.03,-0.005,4.27193520698e-14,0
321.0,0.035,-0.005,3.29778223087e-14,0
321.0,0.03,0,4.28216223061e-14,0
321.0,0.035,4.16333634234e-19,3.29822716547e-14,0
321.0,0.03,0.005,4.21736155873e-14,0
321.0,0.035,0.005,3.24251916346e-14,0
321.0,0.03,0.01,4.1316364749e-14,0
321.0,0.035,0.01,3.1851015704e-14,0
321.0,0.03,0.015,4.05316107947e-14,0
321.0,0.035,0.015,3.15301533612e-14,0
321.0,0.03,0.02,3.95817434905e-14,0
321.0,0.035,0.02,3.12474806923e-14,0
321.0,0.03,0.025,3.83093758094e-14,0
321.0,0.035,0.025,3.08203518496e-14,0
321.0,0.03,0.03,3.64598635979e-14,0
321.0,0.03,0.035,3.38549394883e-14,0
321.0,0.035,0.03,3.00198525044e-14,0
321.0,0.035,0.035,2.86859835754e-14,0
321.0,0.03,0.04,2.88519520931e-14,0
321.0,0.03,0.045,2.03251559733e-14,0
321.0,0.035,0.04,2.55892277137e-14,0
321.0,0.035,0.045,1.97336692754e-14,0
321.0,0.03,0.05,8.85975715939e-15,0
321.0,0.03,0.055,-4.88347406439e-15,0
321.0,0.035,0.05,1.14590881027e-14,0
321.0,0.035,0.055,1.2278279543e-15,0
321.0,0.03,0.06,-2.02015010302e-14,0
321.0,0.03,0.065,-3.64559972881e-14,0
321.0,0.035,0.06,-1.04053655467e-14,0
321.0,0.035,0.065,-2.28846494727e-14,0
321.0,0.03,0.07,-5.31611108809e-14,0
321.0,0.03,0.075,-7.0116953435e-14,0
321.0,0.035,0.07,-3.57509234867e-14,0
321.0,0.035,0.075,-4.87207423992e-14,0
321.0,0.04,-0.075,-2.82026165524e-14,0
321.0,0.04,-0.07,-1.89199240128e-14,0
321.0,0.045,-0.075,-7.29050999735e-15,0
321.0,0.045,-0.07,-2.03683500732e-15,0
321.0,0.04,-0.065,-9.61047956722e-15,0
321.0,0.045,-0.065,3.33518940706e-15,0
321.0,0.04,-0.06,-6.31185306945e-16,0
321.0,0.045,-0.06,8.39558482584e-15,0
321.0,0.04,-0.055,7.55857348436e-15,0
321.0,0.045,-0.055,1.27130056038e-14,0
321.0,0.04,-0.05,1.44860212388e-14,0
321.0,0.045,-0.05,1.58998457444e-14,0
321.0,0.04,-0.045,1.97349499218e-14,0
321.0,0.045,-0.045,1.76843873588e-14,0
321.0,0.04,-0.04,2.30411878561e-14,0
321.0,0.045,-0.04,1.79570901317e-14,0
321.0,0.04,-0.035,2.43811956143e-14,0
321.0,0.045,-0.035,1.68653165531e-14,0
321.0,0.04,-0.03,2.43844804956e-14,0
321.0,0.045,-0.03,1.49744407671e-14,0
321.0,0.04,-0.025,2.36276409518e-14,0
321.0,0.045,-0.025,1.26704931917e-14,0
321.0,0.04,-0.02,2.25825398304e-14,0
321.0,0.045,-0.02,1.04841077883e-14,0
321.0,0.04,-0.015,2.16667426562e-14,0
321.0,0.045,-0.015,8.52210813755e-15,0
321.0,0.04,-0.01,2.09749614476e-14,0
321.0,0.045,-0.01,6.94288907992e-15,0
321.0,0.04,-0.005,2.066657899e-14,0
321.0,0.045,-0.005,5.94019112349e-15,0
321.0,0.04,0,2.05141611144e-14,0
321.0,0.045,4.16333634234e-19,5.47297609744e-15,0
321.0,0.04,0.005,2.01818262565e-14,0
321.0,0.045,0.005,5.57968968334e-15,0
321.0,0.04,0.01,2.00692285174e-14,0
321.0,0.045,0.01,6.20206790225e-15,0
321.0,0.04,0.015,2.04141299193e-14,0
321.0,0.045,0.015,7.43262769487e-15,0
321.0,0.04,0.02,2.10076040282e-14,0
321.0,0.045,0.02,9.11384586296e-15,0
321.0,0.04,0.025,2.16487050494e-14,0
321.0,0.045,0.025,1.10285989828e-14,0
321.0,0.04,0.03,2.212560582e-14,0
321.0,0.045,0.03,1.29929789018e-14,0
321.0,0.04,0.035,2.22855034595e-14,0
321.0,0.045,0.035,1.47771400079e-14,0
321.0,0.04,0.04,2.13254697454e-14,0
321.0,0.04,0.045,1.83847258451e-14,0
321.0,0.045,0.04,1.6150037546e-14,0
321.0,0.045,0.045,1.62711607333e-14,0
321.0,0.04,0.05,1.35178850398e-14,0
321.0,0.04,0.055,6.99627707919e-15,0
321.0,0.045,0.05,1.49203511894e-14,0
321.0,0.045,0.055,1.21910728846e-14,0
321.0,0.04,0.06,-7.69025735743e-16,0
321.0,0.04,0.065,-9.31552937224e-15,0
321.0,0.045,0.06,8.34773592186e-15,0
321.0,0.045,0.065,3.76523180565e-15,0
321.0,0.04,0.07,-1.81963749905e-14,0
321.0,0.04,0.075,-2.70637639448e-14,0
321.0,0.045,0.07,-1.13635398087e-15,0
321.0,0.045,0.075,-5.93568349001e-15,0
321.0,0.05,-0.075,1.23636125205e-14,0
321.0,0.05,-0.07,1.37626741882e-14,0
321.0,0.055,-0.075,3.0191566956e-14,0
321.0,0.055,-0.07,2.80669242968e-14,0
321.0,0.05,-0.065,1.53242590004e-14,0
321.0,0.055,-0.065,2.60749823669e-14,0
321.0,0.05,-0.06,1.65513146594e-14,0
321.0,0.055,-0.06,2.36521332318e-14,0
321.0,0.05,-0.055,1.70247917975e-14,0
321.0,0.055,-0.055,2.04019285978e-14,0
321.0,0.05,-0.05,1.64482108544e-14,0
321.0,0.055,-0.05,1.60955193279e-14,0
321.0,0.05,-0.045,1.46690396785e-14,0
321.0,0.055,-0.045,1.07025271442e-14,0
321.0,0.05,-0.04,1.17385898829e-14,0
321.0,0.055,-0.04,4.37363780794e-15,0
321.0,0.05,-0.035,7.92111478943e-15,0
321.0,0.055,-0.035,-2.54416783109e-15,0
321.0,0.05,-0.03,3.68506960399e-15,0
321.0,0.055,-0.03,-9.607531568e-15,0
321.0,0.05,-0.025,-5.54072674486e-16,0
321.0,0.055,-0.025,-1.63630932165e-14,0
321.0,0.05,-0.02,-4.43281697919e-15,0
321.0,0.055,-0.02,-2.24238575339e-14,0
321.0,0.05,-0.015,-7.79848812906e-15,0
321.0,0.055,-0.015,-2.75615005858e-14,0
321.0,0.05,-0.01,-1.04924333323e-14,0
321.0,0.055,-0.01,-3.15406484635e-14,0
321.0,0.05,-0.005,-1.22939904997e-14,0
321.0,0.055,-0.005,-3.41113951243e-14,0
321.0,0.05,0,-1.30265105707e-14,0
321.0,0.055,4.16333634234e-19,-3.50516149169e-14,0
321.0,0.05,0.005,-1.25397957032e-14,0
321.0,0.055,0.005,-3.42583897537e-14,0
321.0,0.05,0.01,-1.10293263565e-14,0
321.0,0.055,0.01,-3.18754022149e-14,0
321.0,0.05,0.015,-8.62723046939e-15,0
321.0,0.055,0.015,-2.8108229547e-14,0
321.0,0.05,0.02,-5.50345819664e-15,0
321.0,0.055,0.02,-2.31736417649e-14,0
321.0,0.05,0.025,-1.85163914545e-15,0
321.0,0.055,0.025,-1.73220727376e-14,0
321.0,0.05,0.03,2.10998799319e-15,0
321.0,0.055,0.03,-1.08109262148e-14,0
321.0,0.05,0.035,6.18363903863e-15,0
321.0,0.055,0.035,-3.91116017405e-15,0
321.0,0.05,0.04,1.01265669807e-14,0
321.0,0.055,0.04,3.07764333021e-15,0
321.0,0.05,0.045,1.33784622566e-14,0
321.0,0.055,0.045,9.66755077438e-15,0
321.0,0.05,0.05,1.55809313037e-14,0
321.0,0.05,0.055,1.66329588912e-14,0
321.0,0.055,0.05,1.54487131601e-14,0
321.0,0.055,0.055,2.02233867677e-14,0
321.0,0.05,0.06,1.66615872519e-14,0
321.0,0.05,0.065,1.59452259107e-14,0
321.0,0.055,0.06,2.39857423045e-14,0
321.0,0.055,0.065,2.69387191019e-14,0
321.0,0.05,0.07,1.48877837881e-14,0
321.0,0.05,0.075,1.39780762347e-14,0
321.0,0.055,0.07,2.94602219416e-14,0
321.0,0.055,0.075,3.21034081129e-14,0
321.0,0.06,-0.075,4.58634986319e-14,0
321.0,0.06,-0.07,4.06541313298e-14,0
321.0,0.065,-0.075,5.92441482483e-14,0
321.0,0.065,-0.07,5.15392903065e-14,0
321.0,0.06,-0.065,3.54686835769e-14,0
321.0,0.065,-0.065,4.36132537351e-14,0
321.0,0.06,-0.06,2.96738109175e-14,0
321.0,0.065,-0.06,3.47696626671e-14,0
321.0,0.06,-0.055,2.28797023325e-14,0
321.0,0.065,-0.055,2.46574215238e-14,0
321.0,0.06,-0.05,1.49390625246e-14,0
321.0,0.065,-0.05,1.31971619409e-14,0
321.0,0.06,-0.045,5.91119652546e-15,0
321.0,0.065,-0.045,5.63858414248e-16,0
321.0,0.06,-0.04,-3.9392116159e-15,0
321.0,0.065,-0.04,-1.28835626942e-14,0
321.0,0.06,-0.035,-1.42057053756e-14,0
321.0,0.065,-0.035,-2.66317213037e-14,0
321.0,0.06,-0.03,-2.43822647e-14,0
321.0,0.065,-0.03,-4.01005177693e-14,0
321.0,0.06,-0.025,-3.39631131276e-14,0
321.0,0.065,-0.025,-5.26894453955e-14,0
321.0,0.06,-0.02,-4.24954973845e-14,0
321.0,0.065,-0.02,-6.38562244558e-14,0
321.0,0.06,-0.015,-4.96316775815e-14,0
321.0,0.065,-0.015,-7.31218913515e-14,0
321.0,0.06,-0.01,-5.50493481754e-14,0
321.0,0.065,-0.01,-8.00906117414e-14,0
321.0,0.06,-0.005,-5.8467547547e-14,0
321.0,0.065,-0.005,-8.4424538837e-14,0
321.0,0.06,0,-5.96590723051e-14,0
321.0,0.065,4.16333634234e-19,-8.59077443079e-14,0
321.0,0.06,0.005,-5.85457184247e-14,0
321.0,0.065,0.005,-8.44598769959e-14,0
321.0,0.06,0.01,-5.52371825145e-14,0
321.0,0.065,0.01,-8.01862489797e-14,0
321.0,0.06,0.015,-4.9963975346e-14,0
321.0,0.065,0.015,-7.33126886288e-14,0
321.0,0.06,0.02,-4.29930929217e-14,0
321.0,0.065,0.02,-6.41720453033e-14,0
321.0,0.06,0.025,-3.46419768961e-14,0
321.0,0.065,0.025,-5.31482926161e-14,0
321.0,0.06,0.03,-2.52497150804e-14,0
321.0,0.065,0.03,-4.06930636075e-14,0
321.0,0.06,0.035,-1.51919982965e-14,0
321.0,0.065,0.035,-2.72915040263e-14,0
321.0,0.06,0.04,-4.87855846931e-15,0
321.0,0.065,0.04,-1.34836867178e-14,0
321.0,0.06,0.045,5.19257978701e-15,0
321.0,0.065,0.045,1.70987612653e-16,0
321.0,0.06,0.05,1.45785059551e-14,0
321.0,0.065,0.05,1.31447941704e-14,0
321.0,0.06,0.055,2.29724564975e-14,0
321.0,0.065,0.055,2.50483235351e-14,0
321.0,0.06,0.06,3.02789301276e-14,0
321.0,0.06,0.065,3.661468027e-14,0
321.0,0.065,0.06,3.56718043629e-14,0
321.0,0.065,0.065,4.50634029581e-14,0
321.0,0.06,0.07,4.23474810588e-14,0
321.0,0.06,0.075,4.80989800623e-14,0
321.0,0.065,0.07,5.35499163897e-14,0
321.0,0.065,0.075,6.18147962362e-14,0
321.0,0.07,-0.075,7.05870926793e-14,0
321.0,0.07,-0.07,6.10517756725e-14,0
321.0,0.075,-0.075,8.05200247971e-14,0
321.0,0.075,-0.07,6.99201956248e-14,0
321.0,0.07,-0.065,5.08673271498e-14,0
321.0,0.075,-0.065,5.79163438428e-14,0
321.0,0.07,-0.06,3.93127207362e-14,0
321.0,0.075,-0.06,4.39016325764e-14,0
321.0,0.07,-0.055,2.60837518877e-14,0
321.0,0.075,-0.055,2.76652980067e-14,0
321.0,0.07,-0.05,1.12127932381e-14,0
321.0,0.075,-0.05,9.40030769066e-15,0
321.0,0.07,-0.045,-5.01455717324e-15,0
321.0,0.075,-0.045,-1.04855794547e-14,0
321.0,0.07,-0.04,-2.21075267999e-14,0
321.0,0.075,-0.04,-3.13491149473e-14,0
321.0,0.07,-0.035,-3.94463721095e-14,0
321.0,0.075,-0.035,-5.24316561445e-14,0
321.0,0.07,-0.03,-5.63277645379e-14,0
321.0,0.075,-0.03,-7.29014937907e-14,0
321.0,0.07,-0.025,-7.20531107432e-14,0
321.0,0.075,-0.025,-9.19142781138e-14,0
321.0,0.07,-0.02,-8.5951853123e-14,0
321.0,0.075,-0.02,-1.08698617727e-13,0
321.0,0.07,-0.015,-9.74505123501e-14,0
321.0,0.075,-0.015,-1.22537096656e-13,0
321.0,0.07,-0.01,-1.06044781051e-13,0
321.0,0.075,-0.01,-1.32874029271e-13,0
321.0,0.07,-0.005,-1.11368040661e-13,0
321.0,0.075,-0.005,-1.39237885243e-13,0
321.0,0.07,0,-1.13162829553e-13,0
321.0,0.075,0,-1.413849603e-13,0
321.0,0.07,0.005,-1.1136665151e-13,0
321.0,0.075,0.005,-1.3919606047e-13,0
321.0,0.07,0.01,-1.06064041178e-13,0
321.0,0.075,0.01,-1.32813328928e-13,0
321.0,0.07,0.015,-9.75248320605e-14,0
321.0,0.075,0.015,-1.22494727964e-13,0
321.0,0.07,0.02,-8.61136596665e-14,0
321.0,0.075,0.02,-1.0871078763e-13,0
321.0,0.07,0.025,-7.23194990693e-14,0
321.0,0.075,0.025,-9.20008623943e-14,0
321.0,0.07,0.03,-5.66834820023e-14,0
321.0,0.075,0.03,-7.30489762886e-14,0
321.0,0.07,0.035,-3.98294495654e-14,0
321.0,0.075,0.035,-5.25824057343e-14,0
321.0,0.07,0.04,-2.24107613745e-14,0
321.0,0.075,0.04,-3.14030761163e-14,0
321.0,0.07,0.045,-5.10666087647e-15,0
321.0,0.075,0.045,-1.03183847473e-14,0
321.0,0.07,0.05,1.14586524154e-14,0
321.0,0.075,0.05,9.91377984011e-15,0
321.0,0.07,0.055,2.67719430165e-14,0
321.0,0.075,0.055,2.8631469403e-14,0
321.0,0.07,0.06,4.05161946217e-14,0
321.0,0.075,0.06,4.53959370658e-14,0
321.0,0.07,0.065,5.26270866698e-14,0
321.0,0.075,0.065,5.99811024163e-14,0
321.0,0.07,0.07,6.33831765337e-14,0
321.0,0.07,0.075,7.34913688144e-14,0
321.0,0.075,0.07,7.25690868904e-14,0
321.0,0.075,0.075,8.37501932653e-14,0
326.0,-0.00382671281566,-0.00202612167119,0,0
326.0,-0.005,-0.005,2.71810060725e-14,0
326.0,-0.00197892066871,-0.00385133392306,0,0
326.0,-0.005,-0.00190753787223,1.57119460468e-14,0
326.0,-0.00433,0,0,0
326.0,-0.00190753787223,-0.005,1.57093730324e-14,0
326.0,0,-0.00433,0,0
326.0,-0.005,0.00190775150599,1.5708858577e-14,0
326.0,-0.00385133392306,0.00197892066871,0,0
326.0,0.00190775150599,-0.005,1.57383405054e-14,0
326.0,0.00202612167119,-0.00382671281566,0,0
326.0,-0.00202612167119,0.00382671281566,0,0
326.0,-0.005,0.005,2.71263194995e-14,0
326.0,-0.0019094272225,0.005,1.57300766123e-14,0
326.0,0,0.00433,0,0
326.0,0.00147766755988,0.00407006125046,0,0
326.0,8.32667268469e-19,0.005,1.18830884361e-14,0
326.0,0.00433,0,0,0
326.0,0.005,1.38777878078e-18,1.14137994132e-14,0
326.0,0.00407006125046,0.00147766755988,0,0
326.0,0.005,-0.005,2.79947734247e-14,0
326.0,0.00385133392306,-0.00197892066871,0,0
326.0,0.005,-0.0019094272225,1.57457524474e-14,0
326.0,0.00306177236254,0.00306177236254,0,0
326.0,0.0019094272225,0.005,1.59233354993e-14,0
326.0,0.005,0.0019094272225,1.57990974734e-14,0
326.0,-0.000885,-0.0015328649647,1.27152663451e-12,0
326.0,-0.0015328649647,-0.000885,1.27164901841e-12,0
326.0,-0.00186450691264,-0.00187567167242,8.43029692594e-13,0
326.0,-0.00177,0,1.27134074466e-12,0
326.0,-0.00268433516245,-0.000738983120158,7.59110786345e-13,0
326.0,0,-0.00177,1.27148826307e-12,0
326.0,-0.000718432264205,-0.00269192408424,7.57404608077e-13,0
326.0,-0.0015328649647,0.000885,1.2698362517e-12,0
326.0,-0.00265321485144,0.000647311733689,7.89893908442e-13,0
326.0,-0.000885,0.0015328649647,1.2682087096e-12,0
326.0,-0.00194719253591,0.00178443766524,8.43955991041e-13,0
326.0,0,0.00177,1.26410249194e-12,0
326.0,-0.000802720381054,0.00273415977115,7.1750405852e-13,0
326.0,0.000885,-0.0015328649647,1.27017708249e-12,0
326.0,0.00075154031863,-0.00270385456952,7.45294551605e-13,0
326.0,0.00177,0,1.26244224155e-12,0
326.0,0.0015328649647,-0.000885,1.26802462815e-12,0
326.0,0.00271471102228,-0.000564731152102,7.60918393308e-13,0
326.0,0.00192394637685,-0.00189207206672,8.10100344015e-13,0
326.0,0.00231817117671,0.00040530921667,9.87915909584e-13,0
326.0,0.0015328649647,0.000885,1.26070856797e-12,0
326.0,0.000885,0.0015328649647,1.26141363325e-12,0
326.0,0.000427053001345,0.00287092483521,6.821933321e-13,0
326.0,0.00187618296239,0.00184774001435,8.33344835963e-13,0
326.0,0.00312733402203,0.000607809752493,5.19201988622e-13,0
326.0,0.00276214303706,0.00136595635004,5.7686262897e-13,0
326.0,0.0014100336009,0.00268674970267,6.0477508362e-13,0
326.0,-0.075,-0.075,9.22236791282e-14,0
326.0,-0.07,-0.075,7.94470760611e-14,0
326.0,-0.075,-0.07,8.10952977832e-14,0
326.0,-0.07,-0.07,6.94910953436e-14,0
326.0,-0.075,-0.065,6.84079964531e-14,0
326.0,-0.07,-0.065,5.87941492442e-14,0
326.0,-0.065,-0.075,6.5158721224e-14,0
326.0,-0.065,-0.07,5.72235302863e-14,0
326.0,-0.065,-0.065,4.89980256339e-14,0
326.0,-0.075,-0.06,5.34856995098e-14,0
326.0,-0.07,-0.06,4.65599791679e-14,0
326.0,-0.065,-0.06,3.97220306661e-14,0
326.0,-0.075,-0.055,3.60951470033e-14,0
326.0,-0.07,-0.055,3.24571226339e-14,0
326.0,-0.065,-0.055,2.90190159164e-14,0
326.0,-0.075,-0.05,1.64466825417e-14,0
326.0,-0.07,-0.05,1.6525828122e-14,0
326.0,-0.065,-0.05,1.68142519561e-14,0
326.0,-0.075,-0.045,-5.01474975811e-15,0
326.0,-0.07,-0.045,-9.15221718623e-16,0
326.0,-0.065,-0.045,3.31385553291e-15,0
326.0,-0.075,-0.04,-2.75925360409e-14,0
326.0,-0.07,-0.04,-1.93301514058e-14,0
326.0,-0.075,-0.035,-5.04755212142e-14,0
326.0,-0.07,-0.035,-3.80528856983e-14,0
326.0,-0.065,-0.04,-1.10767609445e-14,0
326.0,-0.065,-0.035,-2.57994911365e-14,0
326.0,-0.075,-0.03,-7.27798879201e-14,0
326.0,-0.07,-0.03,-5.63466223223e-14,0
326.0,-0.075,-0.025,-9.36068960844e-14,0
326.0,-0.07,-0.025,-7.34846619089e-14,0
326.0,-0.065,-0.03,-4.02533805251e-14,0
326.0,-0.065,-0.025,-5.38502224492e-14,0
326.0,-0.075,-0.02,-1.12112607889e-13,0
326.0,-0.07,-0.02,-8.87488828181e-14,0
326.0,-0.075,-0.015,-1.2747238272e-13,0
326.0,-0.07,-0.015,-1.01483174116e-13,0
326.0,-0.065,-0.02,-6.60429054194e-14,0
326.0,-0.065,-0.015,-7.6286132335e-14,0
326.0,-0.075,-0.01,-1.39006800396e-13,0
326.0,-0.07,-0.01,-1.11063371893e-13,0
326.0,-0.075,-0.005,-1.46115277107e-13,0
326.0,-0.07,-0.005,-1.17002210294e-13,0
326.0,-0.065,-0.01,-8.40666377117e-14,0
326.0,-0.065,-0.005,-8.89113723431e-14,0
326.0,-0.075,0,-1.48468299421e-13,0
326.0,-0.07,0,-1.18952840535e-13,0
326.0,-0.075,0.005,-1.45909360236e-13,0
326.0,-0.07,0.005,-1.1682045668e-13,0
326.0,-0.065,4.16333634234e-19,-9.05103288836e-14,0
326.0,-0.065,0.005,-8.87498003074e-14,0
326.0,-0.075,0.01,-1.38620820623e-13,0
326.0,-0.07,0.01,-1.10722436884e-13,0
326.0,-0.075,0.015,-1.26955683331e-13,0
326.0,-0.07,0.015,-1.01026356133e-13,0
326.0,-0.065,0.01,-8.37624004515e-14,0
326.0,-0.065,0.015,-7.587766702e-14,0
326.0,-0.075,0.02,-1.11530728948e-13,0
326.0,-0.07,0.02,-8.82347093829e-14,0
326.0,-0.075,0.025,-9.30330769893e-14,0
326.0,-0.07,0.025,-7.29775629002e-14,0
326.0,-0.065,0.02,-6.55841840204e-14,0
326.0,-0.065,0.025,-5.3399269193e-14,0
326.0,-0.075,0.03,-7.22838493828e-14,0
326.0,-0.07,0.03,-5.59071463508e-14,0
326.0,-0.075,0.035,-5.01174687645e-14,0
326.0,-0.07,0.035,-3.7731361164e-14,0
326.0,-0.065,0.03,-3.98619216923e-14,0
326.0,-0.065,0.035,-2.55081135227e-14,0
326.0,-0.075,0.04,-2.74186517367e-14,0
326.0,-0.07,0.04,-1.916509732e-14,0
326.0,-0.075,0.045,-5.05811039693e-15,0
326.0,-0.07,0.045,-9.34522878022e-16,0
326.0,-0.065,0.04,-1.09145406574e-14,0
326.0,-0.065,0.045,3.32423971809e-15,0
326.0,-0.075,0.05,1.61656573633e-14,0
326.0,-0.07,0.05,1.63033466919e-14,0
326.0,-0.075,0.055,3.55676059435e-14,0
326.0,-0.07,0.055,3.2021384759e-14,0
326.0,-0.065,0.05,1.66548660937e-14,0
326.0,-0.065,0.055,2.8678470826e-14,0
326.0,-0.075,0.06,5.27130753594e-14,0
326.0,-0.07,0.06,4.59092499417e-14,0
326.0,-0.075,0.065,6.74002470222e-14,0
326.0,-0.07,0.065,5.79331955024e-14,0
326.0,-0.065,0.06,3.91957796949e-14,0
326.0,-0.065,0.065,4.82871127005e-14,0
326.0,-0.075,0.07,7.98665212707e-14,0
326.0,-0.07,0.07,6.84276285642e-14,0
326.0,-0.075,0.075,9.07864236445e-14,0
326.0,-0.07,0.075,7.81860443253e-14,0
326.0,-0.065,0.07,5.63316182064e-14,0
326.0,-0.065,0.075,6.40872724898e-14,0
326.0,-0.06,-0.075,4.87548054208e-14,0
326.0,-0.06,-0.07,4.35696431509e-14,0
326.0,-0.06,-0.065,3.83375538806e-14,0
326.0,-0.055,-0.075,3.00701417172e-14,0
326.0,-0.055,-0.07,2.82692892714e-14,0
326.0,-0.055,-0.065,2.65133738061e-14,0
326.0,-0.06,-0.06,3.2378972975e-14,0
326.0,-0.06,-0.055,2.52820673464e-14,0
326.0,-0.055,-0.06,2.42107823139e-14,0
326.0,-0.055,-0.055,2.09489137229e-14,0
326.0,-0.06,-0.05,1.6904365735e-14,0
326.0,-0.055,-0.05,1.64985560575e-14,0
326.0,-0.06,-0.045,7.33441561985e-15,0
326.0,-0.055,-0.045,1.08569485435e-14,0
326.0,-0.06,-0.04,-3.10778542123e-15,0
326.0,-0.055,-0.04,4.23364610999e-15,0
326.0,-0.06,-0.035,-1.39533061905e-14,0
326.0,-0.055,-0.035,-2.9284588455e-15,0
326.0,-0.06,-0.03,-2.46760717025e-14,0
326.0,-0.06,-0.025,-3.48400404612e-14,0
326.0,-0.055,-0.03,-1.0109171331e-14,0
326.0,-0.055,-0.025,-1.70023855699e-14,0
326.0,-0.06,-0.02,-4.40512400711e-14,0
326.0,-0.06,-0.015,-5.19197338495e-14,0
326.0,-0.055,-0.02,-2.33668294922e-14,0
326.0,-0.055,-0.015,-2.89573732449e-14,0
326.0,-0.06,-0.01,-5.79977097436e-14,0
326.0,-0.06,-0.005,-6.18338809494e-14,0
326.0,-0.055,-0.01,-3.34406923841e-14,0
326.0,-0.055,-0.005,-3.63302566124e-14,0
326.0,-0.06,0,-6.31002212241e-14,0
326.0,-0.06,0.005,-6.16945758863e-14,0
326.0,-0.055,4.16333634234e-19,-3.7292020998e-14,0
326.0,-0.055,0.005,-3.62201244962e-14,0
326.0,-0.06,0.01,-5.77337599936e-14,0
326.0,-0.06,0.015,-5.15634527326e-14,0
326.0,-0.055,0.01,-3.32328984174e-14,0
326.0,-0.055,0.015,-2.86802440748e-14,0
326.0,-0.06,0.02,-4.3654455663e-14,0
326.0,-0.06,0.025,-3.44521778928e-14,0
326.0,-0.055,0.02,-2.3068288524e-14,0
326.0,-0.055,0.025,-1.67099270817e-14,0
326.0,-0.06,0.03,-2.43380504709e-14,0
326.0,-0.06,0.035,-1.36948809266e-14,0
326.0,-0.055,0.03,-9.84298171009e-15,0
326.0,-0.055,0.035,-2.70846822948e-15,0
326.0,-0.06,0.04,-2.9463829497e-15,0
326.0,-0.06,0.045,7.37894423983e-15,0
326.0,-0.055,0.04,4.39892716011e-15,0
326.0,-0.055,0.045,1.09413437462e-14,0
326.0,-0.06,0.05,1.68130494864e-14,0
326.0,-0.06,0.055,2.50414778668e-14,0
326.0,-0.055,0.05,1.64797609085e-14,0
326.0,-0.055,0.055,2.08118917148e-14,0
326.0,-0.06,0.06,3.19822889321e-14,0
326.0,-0.06,0.065,3.77834416502e-14,0
326.0,-0.055,0.06,2.39475960356e-14,0
326.0,-0.055,0.065,2.61214922352e-14,0
326.0,-0.06,0.07,4.28595346944e-14,0
326.0,-0.06,0.075,4.78891066435e-14,0
326.0,-0.055,0.07,2.77494809403e-14,0
326.0,-0.055,0.075,2.94234156817e-14,0
326.0,-0.05,-0.075,9.37384654853e-15,0
326.0,-0.05,-0.07,1.14155986642e-14,0
326.0,-0.045,-0.075,-1.28578191623e-14,0
326.0,-0.045,-0.07,-6.64731712284e-15,0
326.0,-0.05,-0.065,1.35091571358e-14,0
326.0,-0.045,-0.065,-4.5157413887e-16,0
326.0,-0.05,-0.06,1.51476218387e-14,0
326.0,-0.05,-0.055,1.58989740856e-14,0
326.0,-0.045,-0.06,5.30598980694e-15,0
326.0,-0.045,-0.055,1.01852676539e-14,0
326.0,-0.05,-0.05,1.54590671801e-14,0
326.0,-0.05,-0.045,1.36843774409e-14,0
326.0,-0.045,-0.05,1.37822531732e-14,0
326.0,-0.045,-0.045,1.58062211111e-14,0
326.0,-0.05,-0.04,1.06833840024e-14,0
326.0,-0.045,-0.04,1.61565182235e-14,0
326.0,-0.05,-0.035,6.85151706155e-15,0
326.0,-0.045,-0.035,1.50676068676e-14,0
326.0,-0.05,-0.03,2.83794796392e-15,0
326.0,-0.045,-0.03,1.35233649941e-14,0
326.0,-0.05,-0.025,-1.12277205672e-15,0
326.0,-0.045,-0.025,1.17995099003e-14,0
326.0,-0.05,-0.02,-4.90148979224e-15,0
326.0,-0.05,-0.015,-8.36134195953e-15,0
326.0,-0.045,-0.02,1.00966065277e-14,0
326.0,-0.045,-0.015,8.60401446159e-15,0
326.0,-0.05,-0.01,-1.13510240135e-14,0
326.0,-0.05,-0.005,-1.33287649915e-14,0
326.0,-0.045,-0.01,7.16192331641e-15,0
326.0,-0.045,-0.005,6.14707820186e-15,0
326.0,-0.05,0,-1.39846467948e-14,0
326.0,-0.05,0.005,-1.32530881347e-14,0
326.0,-0.045,4.16333634234e-19,5.80625045541e-15,0
326.0,-0.045,0.005,6.19284208078e-15,0
326.0,-0.05,0.01,-1.1212821801e-14,0
326.0,-0.05,0.015,-8.19091471122e-15,0
326.0,-0.045,0.01,7.24213105174e-15,0
326.0,-0.045,0.015,8.69680010592e-15,0
326.0,-0.05,0.02,-4.72876587022e-15,0
326.0,-0.05,0.025,-9.39074974072e-16,0
326.0,-0.045,0.02,1.02039619779e-14,0
326.0,-0.045,0.025,1.19382005059e-14,0
326.0,-0.05,0.03,3.03566700432e-15,0
326.0,-0.05,0.035,7.05690795104e-15,0
326.0,-0.045,0.03,1.36952091337e-14,0
326.0,-0.045,0.035,1.52676741673e-14,0
326.0,-0.05,0.04,1.08661569547e-14,0
326.0,-0.05,0.045,1.38141031101e-14,0
326.0,-0.045,0.04,1.63590037978e-14,0
326.0,-0.045,0.045,1.59790468348e-14,0
326.0,-0.05,0.05,1.55142156727e-14,0
326.0,-0.05,0.055,1.58654027535e-14,0
326.0,-0.045,0.05,1.3906385183e-14,0
326.0,-0.045,0.055,1.0248720236e-14,0
326.0,-0.05,0.06,1.50175719752e-14,0
326.0,-0.05,0.065,1.32802008558e-14,0
326.0,-0.045,0.06,5.3023237021e-15,0
326.0,-0.045,0.065,-5.23978084756e-16,0
326.0,-0.05,0.07,1.10888652348e-14,0
326.0,-0.05,0.075,8.95186319728e-15,0
326.0,-0.045,0.07,-6.78627982933e-15,0
326.0,-0.045,0.075,-1.30587720333e-14,0
326.0,-0.04,-0.075,-3.59155158494e-14,0
326.0,-0.04,-0.07,-2.53892024158e-14,0
326.0,-0.035,-0.075,-5.8989732629e-14,0
326.0,-0.035,-0.07,-4.41669119358e-14,0
326.0,-0.04,-0.065,-1.49887862472e-14,0
326.0,-0.035,-0.065,-2.96028451847e-14,0
326.0,-0.04,-0.06,-5.04766990648e-15,0
326.0,-0.035,-0.06,-1.55589886773e-14,0
326.0,-0.04,-0.055,3.97110269608e-15,0
326.0,-0.035,-0.055,-2.50557829908e-15,0
326.0,-0.04,-0.05,1.15755654588e-14,0
326.0,-0.04,-0.045,1.73170816898e-14,0
326.0,-0.035,-0.05,8.96869012332e-15,0
326.0,-0.035,-0.045,1.82668465152e-14,0
326.0,-0.04,-0.04,2.08961732828e-14,0
326.0,-0.04,-0.035,2.22363684537e-14,0
326.0,-0.035,-0.04,2.48808743516e-14,0
326.0,-0.035,-0.035,2.84145336444e-14,0
326.0,-0.04,-0.03,2.23189735334e-14,0
326.0,-0.035,-0.03,2.99325145586e-14,0
326.0,-0.04,-0.025,2.20969947479e-14,0
326.0,-0.035,-0.025,3.08724075428e-14,0
326.0,-0.04,-0.02,2.17629413215e-14,0
326.0,-0.035,-0.02,3.14158602032e-14,0
326.0,-0.04,-0.015,2.16238571451e-14,0
326.0,-0.035,-0.015,3.18453771788e-14,0
326.0,-0.04,-0.01,2.16465028417e-14,0
326.0,-0.04,-0.005,2.15146092201e-14,0
326.0,-0.035,-0.01,3.22508896528e-14,0
326.0,-0.035,-0.005,3.2391633031e-14,0
326.0,-0.04,0,2.14323154747e-14,0
326.0,-0.04,0.005,2.15411631417e-14,0
326.0,-0.035,4.16333634234e-19,3.24270415924e-14,0
326.0,-0.035,0.005,3.24052695065e-14,0
326.0,-0.04,0.01,2.16987243097e-14,0
326.0,-0.04,0.015,2.17033189529e-14,0
326.0,-0.035,0.01,3.22823555768e-14,0
326.0,-0.035,0.015,3.19057835065e-14,0
326.0,-0.04,0.02,2.18678216113e-14,0
326.0,-0.04,0.025,2.22331940541e-14,0
326.0,-0.035,0.02,3.14944846661e-14,0
326.0,-0.035,0.025,3.09819605586e-14,0
326.0,-0.04,0.03,2.24882640671e-14,0
326.0,-0.04,0.035,2.24385228973e-14,0
326.0,-0.035,0.03,3.0077573364e-14,0
326.0,-0.035,0.035,2.85910459197e-14,0
326.0,-0.04,0.04,2.11099203493e-14,0
326.0,-0.04,0.045,1.75208056508e-14,0
326.0,-0.035,0.04,2.50823824034e-14,0
326.0,-0.035,0.045,1.8481678325e-14,0
326.0,-0.04,0.05,1.17556894613e-14,0
326.0,-0.04,0.055,4.11793686377e-15,0
326.0,-0.035,0.05,9.18535402057e-15,0
326.0,-0.035,0.055,-2.29559895028e-15,0
326.0,-0.04,0.06,-4.93911676965e-15,0
326.0,-0.04,0.065,-1.49189704131e-14,0
326.0,-0.035,0.06,-1.53593552482e-14,0
326.0,-0.035,0.065,-2.94128245781e-14,0
326.0,-0.04,0.07,-2.53546635768e-14,0
326.0,-0.04,0.075,-3.59095743455e-14,0
326.0,-0.035,0.07,-4.39817653737e-14,0
326.0,-0.035,0.075,-5.8800988103e-14,0
326.0,-0.03,-0.075,-8.11988998236e-14,0
326.0,-0.03,-0.07,-6.22598956901e-14,0
326.0,-0.025,-0.075,-1.01641677597e-13,0
326.0,-0.025,-0.07,-7.89458727386e-14,0
326.0,-0.03,-0.065,-4.3739905062e-14,0
326.0,-0.025,-0.065,-5.68108033021e-14,0
326.0,-0.03,-0.06,-2.58093312199e-14,0
326.0,-0.025,-0.06,-3.53597213735e-14,0
326.0,-0.03,-0.055,-8.96723375217e-15,0
326.0,-0.025,-0.055,-1.50985379476e-14,0
326.0,-0.03,-0.05,6.11364770538e-15,0
326.0,-0.025,-0.05,3.20564418383e-15,0
326.0,-0.03,-0.045,1.86819361644e-14,0
326.0,-0.025,-0.045,1.86576452642e-14,0
326.0,-0.03,-0.04,2.80173071954e-14,0
326.0,-0.03,-0.035,3.34587670688e-14,0
326.0,-0.025,-0.04,3.03545866547e-14,0
326.0,-0.025,-0.035,3.73851939421e-14,0
326.0,-0.03,-0.03,3.61920840985e-14,0
326.0,-0.03,-0.025,3.79937758502e-14,0
326.0,-0.025,-0.03,4.10821923426e-14,0
326.0,-0.025,-0.025,4.34822174291e-14,0
326.0,-0.03,-0.02,3.90352792299e-14,0
326.0,-0.025,-0.02,4.47626069976e-14,0
326.0,-0.03,-0.015,3.9552585348e-14,0
326.0,-0.025,-0.015,4.52367139176e-14,0
326.0,-0.03,-0.01,3.97384516389e-14,0
326.0,-0.025,-0.01,4.51897024947e-14,0
326.0,-0.03,-0.005,3.9752198348e-14,0
326.0,-0.025,-0.005,4.49081046642e-14,0
326.0,-0.03,0,3.97312339279e-14,0
326.0,-0.03,0.005,3.97519803478e-14,0
326.0,-0.025,4.16333634234e-19,4.47642183149e-14,0
326.0,-0.025,0.005,4.48849498319e-14,0
326.0,-0.03,0.01,3.97419988436e-14,0
326.0,-0.03,0.015,3.95657469016e-14,0
326.0,-0.025,0.01,4.51484930673e-14,0
326.0,-0.025,0.015,4.51856848504e-14,0
326.0,-0.03,0.02,3.90645161139e-14,0
326.0,-0.03,0.025,3.80504622402e-14,0
326.0,-0.025,0.02,4.47137599404e-14,0
326.0,-0.025,0.025,4.34529311517e-14,0
326.0,-0.03,0.03,3.62855739959e-14,0
326.0,-0.03,0.035,3.35941241938e-14,0
326.0,-0.025,0.03,4.10905732622e-14,0
326.0,-0.025,0.035,3.74454587824e-14,0
326.0,-0.03,0.04,2.81897724723e-14,0
326.0,-0.03,0.045,1.88869089909e-14,0
326.0,-0.025,0.04,3.04730459125e-14,0
326.0,-0.025,0.045,1.88292655411e-14,0
326.0,-0.03,0.05,6.34354557005e-15,0
326.0,-0.03,0.055,-8.71930288229e-15,0
326.0,-0.025,0.05,3.42259084157e-15,0
326.0,-0.025,0.055,-1.48412314397e-14,0
326.0,-0.03,0.06,-2.55454775266e-14,0
326.0,-0.03,0.065,-4.3458050802e-14,0
326.0,-0.025,0.06,-3.50622887134e-14,0
326.0,-0.025,0.065,-5.646982818e-14,0
326.0,-0.03,0.07,-6.19542009078e-14,0
326.0,-0.03,0.075,-8.08595236838e-14,0
326.0,-0.025,0.07,-7.85546006015e-14,0
326.0,-0.025,0.075,-1.01189675055e-13,0
326.0,-0.02,-0.075,-1.19487166087e-13,0
326.0,-0.02,-0.07,-9.35107770377e-14,0
326.0,-0.015,-0.075,-1.33954368811e-13,0
326.0,-0.015,-0.07,-1.05335513053e-13,0
326.0,-0.02,-0.065,-6.82533187489e-14,0
326.0,-0.015,-0.065,-7.7540474308e-14,0
326.0,-0.02,-0.06,-4.37598033672e-14,0
326.0,-0.015,-0.06,-5.05997422487e-14,0
326.0,-0.02,-0.055,-2.05708524804e-14,0
326.0,-0.015,-0.055,-2.50588320441e-14,0
326.0,-0.02,-0.05,4.76092765746e-16,0
326.0,-0.015,-0.05,-1.82715736581e-15,0
326.0,-0.02,-0.045,1.8365157323e-14,0
326.0,-0.015,-0.045,1.79824280634e-14,0
326.0,-0.02,-0.04,3.20269329698e-14,0
326.0,-0.015,-0.04,3.32061925232e-14,0
326.0,-0.02,-0.035,4.03769598849e-14,0
326.0,-0.015,-0.035,4.26297441095e-14,0
326.0,-0.02,-0.03,4.47790622274e-14,0
326.0,-0.02,-0.025,4.74890639503e-14,0
326.0,-0.015,-0.03,4.75754209056e-14,0
326.0,-0.015,-0.025,5.0309369101e-14,0
326.0,-0.02,-0.02,4.86745727149e-14,0
326.0,-0.02,-0.015,4.87153358716e-14,0
326.0,-0.015,-0.02,5.09681892465e-14,0
326.0,-0.015,-0.015,4.9900713865e-14,0
326.0,-0.02,-0.01,4.79874051304e-14,0
326.0,-0.015,-0.01,4.75942044148e-14,0
326.0,-0.02,-0.005,4.70376248095e-14,0
326.0,-0.015,-0.005,4.52217786875e-14,0
326.0,-0.02,0,4.65843141739e-14,0
326.0,-0.015,4.16333634234e-19,4.41710613447e-14,0
326.0,-0.02,0.005,4.69758916772e-14,0
326.0,-0.015,0.005,4.50936169768e-14,0
326.0,-0.02,0.01,4.78735233816e-14,0
326.0,-0.02,0.015,4.85605512463e-14,0
326.0,-0.015,0.01,4.73625175165e-14,0
326.0,-0.015,0.015,4.95802037963e-14,0
326.0,-0.02,0.02,4.85028670012e-14,0
326.0,-0.02,0.025,4.73308201803e-14,0
326.0,-0.015,0.02,5.06061785509e-14,0
326.0,-0.015,0.025,4.99653675052e-14,0
326.0,-0.02,0.03,4.46644421721e-14,0
326.0,-0.02,0.035,4.03353311076e-14,0
326.0,-0.015,0.03,4.7289950719e-14,0
326.0,-0.015,0.035,4.2456134292e-14,0
326.0,-0.02,0.04,3.20689026028e-14,0
326.0,-0.02,0.045,1.84793550226e-14,0
326.0,-0.015,0.04,3.31574848334e-14,0
326.0,-0.015,0.045,1.80193066408e-14,0
326.0,-0.02,0.05,6.53147660495e-16,0
326.0,-0.02,0.055,-2.03338626783e-14,0
326.0,-0.015,0.05,-1.71491074974e-15,0
326.0,-0.015,0.055,-2.48709357815e-14,0
326.0,-0.02,0.06,-4.34610238366e-14,0
326.0,-0.02,0.065,-6.78877159634e-14,0
326.0,-0.015,0.06,-5.03308314302e-14,0
326.0,-0.015,0.065,-7.71837566602e-14,0
326.0,-0.02,0.07,-9.30709955252e-14,0
326.0,-0.02,0.075,-1.18962793875e-13,0
326.0,-0.015,0.07,-1.04883272165e-13,0
326.0,-0.015,0.075,-1.3339709833e-13,0
326.0,-0.01,-0.075,-1.44454194436e-13,0
326.0,-0.01,-0.07,-1.13884591867e-13,0
326.0,-0.005,-0.075,-1.50506413619e-13,0
326.0,-0.005,-0.07,-1.18797423729e-13,0
326.0,-0.01,-0.065,-8.42473189209e-14,0
326.0,-0.005,-0.065,-8.80501630125e-14,0
326.0,-0.01,-0.06,-5.55179221791e-14,0
326.0,-0.005,-0.06,-5.8257693509e-14,0
326.0,-0.01,-0.055,-2.82754960408e-14,0
326.0,-0.005,-0.055,-2.99982079796e-14,0
326.0,-0.01,-0.05,-3.47353436641e-15,0
326.0,-0.005,-0.05,-4.26413233006e-15,0
326.0,-0.01,-0.045,1.77101479458e-14,0
326.0,-0.005,-0.045,1.77179492361e-14,0
326.0,-0.01,-0.04,3.40223598923e-14,0
326.0,-0.005,-0.04,3.4667711209e-14,0
326.0,-0.01,-0.035,4.42421388563e-14,0
326.0,-0.005,-0.035,4.53506023342e-14,0
326.0,-0.01,-0.03,4.95642621627e-14,0
326.0,-0.005,-0.03,5.08701171662e-14,0
326.0,-0.01,-0.025,5.20710687629e-14,0
326.0,-0.005,-0.025,5.29493131108e-14,0
326.0,-0.01,-0.02,5.18378898455e-14,0
326.0,-0.01,-0.015,4.90663243844e-14,0
326.0,-0.005,-0.02,5.1758732236e-14,0
326.0,-0.005,-0.015,4.73422774331e-14,0
326.0,-0.0117873230072,-0.0115873794689,4.70471286792e-14,0
326.0,-0.00939961996336,-0.005,3.77643909638e-14,0
326.0,-0.00792797428371,-0.00964253216809,4.16320859134e-14,0
326.0,-0.005,-0.00939961996336,3.79312794661e-14,0
326.0,-0.0108753492546,-0.00150606400588,3.82843007536e-14,0
326.0,-0.00818101620308,-0.00211452602544,3.18590420942e-14,0
326.0,-0.00651817360753,-0.000255934956239,2.38809829508e-14,0
326.0,-0.005,6.71033969428e-08,1.15531571468e-14,0
326.0,-0.0107292118043,0.00160660295843,3.79659631761e-14,0
326.0,-0.0080188992252,0.000768320427092,3.03690316644e-14,0
326.0,-0.00939946851065,0.005,3.76111336514e-14,0
326.0,-0.00802129342231,0.00264911934363,3.18575727239e-14,0
326.0,-0.00887989370213,0.00887989479405,4.13708671449e-14,0
326.0,-0.01,0.015,4.85865160584e-14,0
326.0,-0.005,0.00939947397025,3.75986036342e-14,0
326.0,-0.005,0.015,4.67945699844e-14,0
326.0,-0.01,0.02,5.1311310794e-14,0
326.0,-0.01,0.025,5.15850015257e-14,0
326.0,-0.005,0.02,5.11919051609e-14,0
326.0,-0.005,0.025,5.2500894886e-14,0
326.0,-0.01,0.03,4.91639812652e-14,0
326.0,-0.01,0.035,4.39822931081e-14,0
326.0,-0.005,0.03,5.05572883756e-14,0
326.0,-0.005,0.035,4.51063561495e-14,0
326.0,-0.01,0.04,3.38886829872e-14,0
326.0,-0.01,0.045,1.7654487677e-14,0
326.0,-0.005,0.04,3.44455856603e-14,0
326.0,-0.005,0.045,1.75523687902e-14,0
326.0,-0.01,0.05,-3.44908895564e-15,0
326.0,-0.01,0.055,-2.81624770135e-14,0
326.0,-0.005,0.05,-4.34703893127e-15,0
326.0,-0.005,0.055,-2.99803859155e-14,0
326.0,-0.01,0.06,-5.53066390898e-14,0
326.0,-0.01,0.065,-8.39291770563e-14,0
326.0,-0.005,0.06,-5.81257278965e-14,0
326.0,-0.005,0.065,-8.77939785472e-14,0
326.0,-0.01,0.07,-1.13451897534e-13,0
326.0,-0.01,0.075,-1.43898895547e-13,0
326.0,-0.005,0.07,-1.18409520845e-13,0
326.0,-0.005,0.075,-1.49980748422e-13,0
326.0,0,-0.075,-1.51905329125e-13,0
326.0,0,-0.07,-1.19853394491e-13,0
326.0,0.005,-0.075,-1.48585900383e-13,0
326.0,0.005,-0.07,-1.17050014964e-13,0
326.0,0,-0.065,-8.8786757861e-14,0
326.0,0.005,-0.065,-8.64366524577e-14,0
326.0,0,-0.06,-5.86698487451e-14,0
326.0,0.005,-0.06,-5.6754988659e-14,0
326.0,0,-0.055,-3.01042070777e-14,0
326.0,0.005,-0.055,-2.85929709148e-14,0
326.0,0,-0.05,-4.09100062928e-15,0
326.0,0.005,-0.05,-2.94928113268e-15,0
326.0,0,-0.045,1.81338727756e-14,0
326.0,0.005,-0.045,1.89427533391e-14,0
326.0,0,-0.04,3.52458281362e-14,0
326.0,0.005,-0.04,3.57785251607e-14,0
326.0,0,-0.035,4.60464558474e-14,0
326.0,0.005,-0.035,4.62085950518e-14,0
326.0,0,-0.03,5.15456784003e-14,0
326.0,0.005,-0.03,5.14470494176e-14,0
326.0,0,-0.025,5.3371060488e-14,0
326.0,0.005,-0.025,5.34894906604e-14,0
326.0,0,-0.02,5.17530097308e-14,0
326.0,0.005,-0.02,5.24472894296e-14,0
326.0,0,-0.015,4.66602115369e-14,0
326.0,0.005,-0.015,4.83295389442e-14,0
326.0,-0.0021196717084,-0.00776771017156,3.0202161498e-14,0
326.0,-0.00084550708518,-0.00631514607954,2.25668101315e-14,0
326.0,6.71033969406e-08,-0.005,1.2026676084e-14,0
326.0,-0.00139054260708,-0.0110960807567,3.93487610636e-14,0
326.0,0.00132468676756,-0.00775008274642,2.96497422729e-14,0
326.0,0.00160394440688,-0.0116908851489,4.10467315086e-14,0
326.0,0.005,-0.00939946851065,3.90140372558e-14,0
326.0,0.005,0.005,2.73136805135e-14,0
326.0,-0.000107646311398,0.00617659695633,2.14264644404e-14,0
326.0,-0.00190846935279,0.0076427502668,2.92635269153e-14,0
326.0,0.00131146485568,0.00777290068297,2.91422705614e-14,0
326.0,0.00295884413402,0.00640276348073,2.63849093731e-14,0
326.0,-1.21517769428e-05,0.0108932602996,3.8158078092e-14,0
326.0,0,0.015,4.60207325953e-14,0
326.0,0.005,0.00939942566771,3.82657368271e-14,0
326.0,0.005,0.015,4.76236021793e-14,0
326.0,0,0.02,5.11767294953e-14,0
326.0,0,0.025,5.29829860744e-14,0
326.0,0.005,0.02,5.18281720919e-14,0
326.0,0.005,0.025,5.30130503549e-14,0
326.0,0,0.03,5.13291216067e-14,0
326.0,0,0.035,4.57839793879e-14,0
326.0,0.005,0.03,5.10847608949e-14,0
326.0,0.005,0.035,4.58242859175e-14,0
326.0,0,0.04,3.49126109239e-14,0
326.0,0,0.045,1.78470045509e-14,0
326.0,0.005,0.04,3.53337063267e-14,0
326.0,0.005,0.045,1.8535100012e-14,0
326.0,0,0.05,-4.29163261204e-15,0
326.0,0,0.055,-3.01935192079e-14,0
326.0,0.005,0.05,-3.2686958155e-15,0
326.0,0.005,0.055,-2.87934564456e-14,0
326.0,0,0.06,-5.86309762826e-14,0
326.0,0,0.065,-8.86077953426e-14,0
326.0,0.005,0.06,-5.68150020778e-14,0
326.0,0.005,0.065,-8.63416734615e-14,0
326.0,0,0.07,-1.19526939056e-13,0
326.0,0,0.075,-1.51427305009e-13,0
326.0,0.005,0.07,-1.16792048772e-13,0
326.0,0.005,0.075,-1.48162724981e-13,0
326.0,0.01,-0.075,-1.40777749218e-13,0
326.0,0.01,-0.07,-1.10538593492e-13,0
326.0,0.015,-0.075,-1.28839760305e-13,0
326.0,0.015,-0.07,-1.00675783525e-13,0
326.0,0.01,-0.065,-8.11567240252e-14,0
326.0,0.015,-0.065,-7.32324592708e-14,0
326.0,0.01,-0.06,-5.2639921343e-14,0
326.0,0.015,-0.06,-4.65860622647e-14,0
326.0,0.01,-0.055,-2.55876401465e-14,0
326.0,0.015,-0.055,-2.13128639214e-14,0
326.0,0.01,-0.05,-9.66537691457e-16,0
326.0,0.015,-0.05,1.6580357681e-15,0
326.0,0.01,-0.045,2.00310584643e-14,0
326.0,0.015,-0.045,2.11965082842e-14,0
326.0,0.01,-0.04,3.61119024874e-14,0
326.0,0.015,-0.04,3.61158765946e-14,0
326.0,0.01,-0.035,4.59211224538e-14,0
326.0,0.015,-0.035,4.51590382566e-14,0
326.0,0.01,-0.03,5.08737403533e-14,0
326.0,0.015,-0.03,4.98519529825e-14,0
326.0,0.01,-0.025,5.33467608441e-14,0
326.0,0.015,-0.025,5.26272121717e-14,0
326.0,0.01,-0.02,5.33603529635e-14,0
326.0,0.01,-0.015,5.11594946844e-14,0
326.0,0.015,-0.02,5.36387456671e-14,0
326.0,0.015,-0.015,5.33873092184e-14,0
326.0,0.00999280436795,-0.0116358337096,4.84088527916e-14,0
326.0,0.0105889214373,-0.00845762197625,4.60579346084e-14,0
326.0,0.015,-0.01,5.19713594118e-14,0
326.0,0.00939947397025,-0.005,4.05248609744e-14,0
326.0,0.015,-0.005,5.01174056158e-14,0
326.0,0.00658051136513,-0.00296146438142,2.96232042849e-14,0
326.0,0.00636794669772,-3.54305826484e-06,2.5034540617e-14,0
326.0,0.00795807888052,-0.00113999998936,3.33351381255e-14,0
326.0,0.00758147027913,0.00183630393596,3.19892804589e-14,0
326.0,0.0112534647756,-1.47536350887e-07,4.27650191735e-14,0
326.0,0.015,4.16333634234e-19,4.9276250062e-14,0
326.0,0.00939942566771,0.005,3.99589881862e-14,0
326.0,0.015,0.005,4.96664608581e-14,0
326.0,0.00999018807453,0.0109670628501,4.70695418847e-14,0
326.0,0.01,0.015,5.04456425222e-14,0
326.0,0.015,0.01,5.136767394e-14,0
326.0,0.015,0.015,5.27034333073e-14,0
326.0,0.01,0.02,5.26937880504e-14,0
326.0,0.01,0.025,5.2724080008e-14,0
326.0,0.015,0.02,5.28981069657e-14,0
326.0,0.015,0.025,5.18500890757e-14,0
326.0,0.01,0.03,5.02861746687e-14,0
326.0,0.01,0.035,4.53376401213e-14,0
326.0,0.015,0.03,4.90683724429e-14,0
326.0,0.015,0.035,4.43861315581e-14,0
326.0,0.01,0.04,3.55285407102e-14,0
326.0,0.01,0.045,1.94967585789e-14,0
326.0,0.015,0.04,3.53774226468e-14,0
326.0,0.015,0.045,2.05267788071e-14,0
326.0,0.01,0.05,-1.40576396582e-15,0
326.0,0.01,0.055,-2.58995338535e-14,0
326.0,0.015,0.05,1.09506532526e-15,0
326.0,0.015,0.055,-2.17350757678e-14,0
326.0,0.01,0.06,-5.27985063265e-14,0
326.0,0.01,0.065,-8.11443961926e-14,0
326.0,0.015,0.06,-4.68381628851e-14,0
326.0,0.015,0.065,-7.32940272076e-14,0
326.0,0.01,0.07,-1.10346510112e-13,0
326.0,0.01,0.075,-1.40405389916e-13,0
326.0,0.015,0.07,-1.00537382174e-13,0
326.0,0.015,0.075,-1.28502612757e-13,0
326.0,0.02,-0.075,-1.13376511196e-13,0
326.0,0.02,-0.07,-8.7935378477e-14,0
326.0,0.025,-0.075,-9.50738724483e-14,0
326.0,0.025,-0.07,-7.29356567015e-14,0
326.0,0.02,-0.065,-6.30879811299e-14,0
326.0,0.025,-0.065,-5.12211104323e-14,0
326.0,0.02,-0.06,-3.89378118056e-14,0
326.0,0.025,-0.06,-3.0116748744e-14,0
326.0,0.02,-0.055,-1.60639743755e-14,0
326.0,0.025,-0.055,-1.01740868376e-14,0
326.0,0.02,-0.05,4.67060937522e-15,0
326.0,0.025,-0.05,7.81252576797e-15,0
326.0,0.02,-0.045,2.22391215323e-14,0
326.0,0.025,-0.045,2.29392271728e-14,0
326.0,0.02,-0.04,3.55789916166e-14,0
326.0,0.025,-0.04,3.43258621565e-14,0
326.0,0.02,-0.035,4.36494404055e-14,0
326.0,0.025,-0.035,4.11345192613e-14,0
326.0,0.02,-0.03,4.79227600929e-14,0
326.0,0.025,-0.03,4.47593399725e-14,0
326.0,0.02,-0.025,5.07256082164e-14,0
326.0,0.025,-0.025,4.72234505237e-14,0
326.0,0.02,-0.02,5.23075533787e-14,0
326.0,0.025,-0.02,4.87546024684e-14,0
326.0,0.02,-0.015,5.32394043857e-14,0
326.0,0.025,-0.015,4.98295691715e-14,0
326.0,0.02,-0.01,5.3586977543e-14,0
326.0,0.025,-0.01,5.05372190802e-14,0
326.0,0.02,-0.005,5.32112501882e-14,0
326.0,0.025,-0.005,5.07984662069e-14,0
326.0,0.02,0,5.28457713283e-14,0
326.0,0.025,4.16333634234e-19,5.07752665807e-14,0
326.0,0.02,0.005,5.28802195096e-14,0
326.0,0.025,0.005,5.03761080043e-14,0
326.0,0.02,0.01,5.30194666176e-14,0
326.0,0.025,0.01,4.9763378427e-14,0
326.0,0.02,0.015,5.24929893668e-14,0
326.0,0.025,0.015,4.88324674142e-14,0
326.0,0.02,0.02,5.1408875278e-14,0
326.0,0.02,0.025,4.97422000931e-14,0
326.0,0.025,0.02,4.75848141136e-14,0
326.0,0.025,0.025,4.59534003588e-14,0
326.0,0.02,0.03,4.69244560885e-14,0
326.0,0.02,0.035,4.26845633863e-14,0
326.0,0.025,0.03,4.34904028958e-14,0
326.0,0.025,0.035,3.99427454747e-14,0
326.0,0.02,0.04,3.46754982853e-14,0
326.0,0.02,0.045,2.14241753865e-14,0
326.0,0.025,0.04,3.32315081545e-14,0
326.0,0.025,0.045,2.19607320743e-14,0
326.0,0.02,0.05,3.97926613668e-15,0
326.0,0.02,0.055,-1.65940145481e-14,0
326.0,0.025,0.05,6.98621426514e-15,0
326.0,0.025,0.055,-1.08067679632e-14,0
326.0,0.02,0.06,-3.92735708095e-14,0
326.0,0.02,0.065,-6.32071740436e-14,0
326.0,0.025,0.06,-3.05203276064e-14,0
326.0,0.025,0.065,-5.13728564148e-14,0
326.0,0.02,0.07,-8.78287076594e-14,0
326.0,0.02,0.075,-1.13047835259e-13,0
326.0,0.025,0.07,-7.28284891408e-14,0
326.0,0.025,0.075,-9.47149514856e-14,0
326.0,0.03,-0.075,-7.47645241569e-14,0
326.0,0.03,-0.07,-5.63460130497e-14,0
326.0,0.035,-0.075,-5.32984174698e-14,0
326.0,0.035,-0.07,-3.88955975514e-14,0
326.0,0.03,-0.065,-3.82019935438e-14,0
326.0,0.035,-0.065,-2.46091073947e-14,0
326.0,0.03,-0.06,-2.05691246035e-14,0
326.0,0.035,-0.06,-1.07589561625e-14,0
326.0,0.03,-0.055,-3.99195969159e-15,0
326.0,0.035,-0.055,2.14067661725e-15,0
326.0,0.03,-0.05,1.08247573091e-14,0
326.0,0.035,-0.05,1.34731244611e-14,0
326.0,0.03,-0.045,2.31209672101e-14,0
326.0,0.035,-0.045,2.2629441796e-14,0
326.0,0.03,-0.04,3.21955293664e-14,0
326.0,0.035,-0.04,2.91134455964e-14,0
326.0,0.03,-0.035,3.74734276612e-14,0
326.0,0.035,-0.035,3.26329540909e-14,0
326.0,0.03,-0.03,4.01753898355e-14,0
326.0,0.035,-0.03,3.4204206665e-14,0
326.0,0.03,-0.025,4.19098860958e-14,0
326.0,0.035,-0.025,3.47953065305e-14,0
326.0,0.03,-0.02,4.28726260231e-14,0
326.0,0.035,-0.02,3.47457107173e-14,0
326.0,0.03,-0.015,4.34647196692e-14,0
326.0,0.035,-0.015,3.45917120245e-14,0
326.0,0.03,-0.01,4.38359524038e-14,0
326.0,0.035,-0.01,3.44515394506e-14,0
326.0,0.03,-0.005,4.41566566484e-14,0
326.0,0.035,-0.005,3.44761531118e-14,0
326.0,0.03,0,4.41990559262e-14,0
326.0,0.035,4.16333634234e-19,3.44282606028e-14,0
326.0,0.03,0.005,4.35783102492e-14,0
326.0,0.035,0.005,3.38876455673e-14,0
326.0,0.03,0.01,4.28189859811e-14,0
326.0,0.035,0.01,3.33908688256e-14,0
326.0,0.03,0.015,4.2175964396e-14,0
326.0,0.035,0.015,3.31845399564e-14,0
326.0,0.03,0.02,4.13897937159e-14,0
326.0,0.035,0.02,3.30342274945e-14,0
326.0,0.03,0.025,4.02730947237e-14,0
326.0,0.035,0.025,3.27313097932e-14,0
326.0,0.03,0.03,3.85409968504e-14,0
326.0,0.03,0.035,3.59916416217e-14,0
326.0,0.035,0.03,3.20192343159e-14,0
326.0,0.035,0.035,3.07154384509e-14,0
326.0,0.03,0.04,3.08672837338e-14,0
326.0,0.03,0.045,2.19519576388e-14,0
326.0,0.035,0.04,2.74852409969e-14,0
326.0,0.035,0.045,2.12491199842e-14,0
326.0,0.03,0.05,9.85729620512e-15,0
326.0,0.03,0.055,-4.71579658346e-15,0
326.0,0.035,0.05,1.23727672831e-14,0
326.0,0.035,0.055,1.3544758797e-15,0
326.0,0.03,0.06,-2.1014719282e-14,0
326.0,0.03,0.065,-3.83505367398e-14,0
326.0,0.035,0.06,-1.12057130717e-14,0
326.0,0.035,0.065,-2.47050198457e-14,0
326.0,0.03,0.07,-5.61947097722e-14,0
326.0,0.03,0.075,-7.43255105346e-14,0
326.0,0.035,0.07,-3.86447031475e-14,0
326.0,0.035,0.075,-5.27181084997e-14,0
326.0,0.04,-0.075,-3.15482240124e-14,0
326.0,0.04,-0.07,-2.12890479497e-14,0
326.0,0.045,-0.075,-1.03357131095e-14,0
326.0,0.045,-0.07,-4.1960395451e-15,0
326.0,0.04,-0.065,-1.1019969895e-14,0
326.0,0.045,-0.065,2.04925029677e-15,0
326.0,0.04,-0.06,-1.12329552453e-15,0
326.0,0.045,-0.06,7.94274949466e-15,0
326.0,0.04,-0.055,7.90241278074e-15,0
326.0,0.045,-0.055,1.30165792643e-14,0
326.0,0.04,-0.05,1.55416014851e-14,0
326.0,0.045,-0.05,1.68444088118e-14,0
326.0,0.04,-0.045,2.13388383919e-14,0
326.0,0.045,-0.045,1.91213088383e-14,0
326.0,0.04,-0.04,2.50001264858e-14,0
326.0,0.045,-0.04,1.97154697486e-14,0
326.0,0.04,-0.035,2.64860780581e-14,0
326.0,0.045,-0.035,1.87676819847e-14,0
326.0,0.04,-0.03,2.64741370248e-14,0
326.0,0.045,-0.03,1.68776171278e-14,0
326.0,0.04,-0.025,2.56097740735e-14,0
326.0,0.045,-0.025,1.44800578127e-14,0
326.0,0.04,-0.02,2.44135852921e-14,0
326.0,0.045,-0.02,1.21512386417e-14,0
326.0,0.04,-0.015,2.33454780323e-14,0
326.0,0.045,-0.015,1.00388018049e-14,0
326.0,0.04,-0.01,2.2518732324e-14,0
326.0,0.045,-0.01,8.32359293855e-15,0
326.0,0.04,-0.005,2.21107838462e-14,0
326.0,0.045,-0.005,7.21836239826e-15,0
326.0,0.04,0,2.19109675832e-14,0
326.0,0.045,4.16333634234e-19,6.70305628154e-15,0
326.0,0.04,0.005,2.15916879985e-14,0
326.0,0.045,0.005,6.82881663954e-15,0
326.0,0.04,0.01,2.15466724358e-14,0
326.0,0.045,0.01,7.52381301739e-15,0
326.0,0.04,0.015,2.19943368508e-14,0
326.0,0.045,0.015,8.85910042265e-15,0
326.0,0.04,0.02,2.27053164271e-14,0
326.0,0.045,0.02,1.06580515984e-14,0
326.0,0.04,0.025,2.34547695785e-14,0
326.0,0.045,0.025,1.2679277097e-14,0
326.0,0.04,0.03,2.40041662228e-14,0
326.0,0.045,0.03,1.47125605422e-14,0
326.0,0.04,0.035,2.41787929451e-14,0
326.0,0.045,0.035,1.65013146845e-14,0
326.0,0.04,0.04,2.30833055465e-14,0
326.0,0.04,0.045,1.9785184939e-14,0
326.0,0.045,0.04,1.77427077724e-14,0
326.0,0.045,0.045,1.75436248285e-14,0
326.0,0.04,0.05,1.43605932359e-14,0
326.0,0.04,0.055,7.11213611909e-15,0
326.0,0.045,0.05,1.56952632991e-14,0
326.0,0.045,0.055,1.23144077433e-14,0
326.0,0.04,0.06,-1.5094385408e-15,0
326.0,0.04,0.065,-1.09992698349e-14,0
326.0,0.045,0.06,7.69889286288e-15,0
326.0,0.045,0.065,2.26201850485e-15,0
326.0,0.04,0.07,-2.08723404692e-14,0
326.0,0.04,0.075,-3.07573401464e-14,0
326.0,0.045,0.07,-3.5404257783e-15,0
326.0,0.045,0.075,-9.26104388554e-15,0
326.0,0.05,-0.075,9.62787116656e-15,0
326.0,0.05,-0.07,1.18200187454e-14,0
326.0,0.055,-0.075,2.77522159198e-14,0
326.0,0.055,-0.07,2.63309372321e-14,0
326.0,0.05,-0.065,1.41639105959e-14,0
326.0,0.055,-0.065,2.50316711478e-14,0
326.0,0.05,-0.06,1.61338732054e-14,0
326.0,0.055,-0.06,2.32598954349e-14,0
326.0,0.05,-0.055,1.72755515072e-14,0
326.0,0.055,-0.055,2.05857561994e-14,0
326.0,0.05,-0.05,1.72582284097e-14,0
326.0,0.055,-0.05,1.67494106148e-14,0
326.0,0.05,-0.045,1.59015750871e-14,0
326.0,0.055,-0.045,1.16979193065e-14,0
326.0,0.05,-0.04,1.3241603827e-14,0
326.0,0.055,-0.04,5.57127083458e-15,0
326.0,0.05,-0.035,9.54389269596e-15,0
326.0,0.055,-0.035,-1.27841675988e-15,0
326.0,0.05,-0.03,5.30099268945e-15,0
326.0,0.055,-0.03,-8.38723594538e-15,0
326.0,0.05,-0.025,9.65136766785e-16,0
326.0,0.055,-0.025,-1.52706401789e-14,0
326.0,0.05,-0.02,-3.06115858213e-15,0
326.0,0.055,-0.02,-2.15044265172e-14,0
326.0,0.05,-0.015,-6.5873035006e-15,0
326.0,0.055,-0.015,-2.68253693473e-14,0
326.0,0.05,-0.01,-9.42794165702e-15,0
326.0,0.055,-0.01,-3.09669067849e-14,0
326.0,0.05,-0.005,-1.13382154044e-14,0
326.0,0.055,-0.005,-3.36523011454e-14,0
326.0,0.05,0,-1.21187047808e-14,0
326.0,0.055,4.16333634234e-19,-3.46375274617e-14,0
326.0,0.05,0.005,-1.16056112506e-14,0
326.0,0.055,0.005,-3.38108514404e-14,0
326.0,0.05,0.01,-1.00101747251e-14,0
326.0,0.055,0.01,-3.13264722342e-14,0
326.0,0.05,0.015,-7.48670395924e-15,0
326.0,0.055,0.015,-2.74112439393e-14,0
326.0,0.05,0.02,-4.22754714446e-15,0
326.0,0.055,0.02,-2.23065933182e-14,0
326.0,0.05,0.025,-4.50784406111e-16,0
326.0,0.055,0.025,-1.62914253122e-14,0
326.0,0.05,0.03,3.59607716793e-15,0
326.0,0.055,0.03,-9.6542232606e-15,0
326.0,0.05,0.035,7.68297151269e-15,0
326.0,0.055,0.035,-2.7005832511e-15,0
326.0,0.05,0.04,1.15179089293e-14,0
326.0,0.055,0.04,4.23318363172e-15,0
326.0,0.05,0.045,1.45048172012e-14,0
326.0,0.055,0.045,1.0631069557e-14,0
326.0,0.05,0.05,1.62847448864e-14,0
326.0,0.05,0.055,1.67724164643e-14,0
326.0,0.055,0.05,1.6076618061e-14,0
326.0,0.055,0.055,2.03823579001e-14,0
326.0,0.05,0.06,1.61226678632e-14,0
326.0,0.05,0.065,1.46478454242e-14,0
326.0,0.055,0.06,2.35647184406e-14,0
326.0,0.055,0.065,2.58574332445e-14,0
326.0,0.05,0.07,1.27867070182e-14,0
326.0,0.05,0.075,1.10559372036e-14,0
326.0,0.055,0.07,2.76717201706e-14,0
326.0,0.055,0.075,2.95917177296e-14,0
326.0,0.06,-0.075,4.36917732497e-14,0
326.0,0.06,-0.07,3.91044917915e-14,0
326.0,0.065,-0.075,5.73009766504e-14,0
326.0,0.065,-0.07,5.01513615977e-14,0
326.0,0.06,-0.065,3.45280103711e-14,0
326.0,0.065,-0.065,4.2761786029e-14,0
326.0,0.06,-0.06,2.92961250652e-14,0
326.0,0.065,-0.06,3.44007504216e-14,0
326.0,0.06,-0.055,2.29862274294e-14,0
326.0,0.065,-0.055,2.46857199733e-14,0
326.0,0.06,-0.05,1.54235393536e-14,0
326.0,0.065,-0.05,1.35121262135e-14,0
326.0,0.06,-0.045,6.64851720808e-15,0
326.0,0.065,-0.045,1.04007908632e-15,0
326.0,0.06,-0.04,-3.08037021556e-15,0
326.0,0.065,-0.04,-1.23746800961e-14,0
326.0,0.06,-0.035,-1.33494808699e-14,0
326.0,0.065,-0.035,-2.62082616867e-14,0
326.0,0.06,-0.03,-2.36319470851e-14,0
326.0,0.065,-0.03,-3.98585060353e-14,0
326.0,0.06,-0.025,-3.3391591342e-14,0
326.0,0.065,-0.025,-5.26930125121e-14,0
326.0,0.06,-0.02,-4.21400870354e-14,0
326.0,0.065,-0.02,-6.41328446243e-14,0
326.0,0.06,-0.015,-4.9493771743e-14,0
326.0,0.065,-0.015,-7.36608917949e-14,0
326.0,0.06,-0.01,-5.50970286332e-14,0
326.0,0.065,-0.01,-8.08461040023e-14,0
326.0,0.06,-0.005,-5.86404823571e-14,0
326.0,0.065,-0.005,-8.53208956971e-14,0
326.0,0.06,0,-5.98763318234e-14,0
326.0,0.065,4.16333634234e-19,-8.68494535137e-14,0
326.0,0.06,0.005,-5.8718666684e-14,0
326.0,0.065,0.005,-8.53442034354e-14,0
326.0,0.06,0.01,-5.5285814189e-14,0
326.0,0.065,0.01,-8.09180476411e-14,0
326.0,0.06,0.015,-4.98285052259e-14,0
326.0,0.065,0.015,-7.38163039619e-14,0
326.0,0.06,0.02,-4.26403024604e-14,0
326.0,0.065,0.02,-6.44004193799e-14,0
326.0,0.06,0.025,-3.40698311228e-14,0
326.0,0.065,0.025,-5.30882766138e-14,0
326.0,0.06,0.03,-2.44905159705e-14,0
326.0,0.065,0.03,-4.03688072739e-14,0
326.0,0.06,0.035,-1.431320161e-14,0
326.0,0.065,0.035,-2.67641018994e-14,0
326.0,0.06,0.04,-3.98054398662e-15,0
326.0,0.065,0.04,-1.28476825576e-14,0
326.0,0.06,0.045,5.98463940898e-15,0
326.0,0.065,0.045,7.96554258361e-16,0
326.0,0.06,0.05,1.51299813627e-14,0
326.0,0.065,0.05,1.36282201726e-14,0
326.0,0.06,0.055,2.31537179534e-14,0
326.0,0.065,0.055,2.52596528264e-14,0
326.0,0.06,0.06,2.99786073947e-14,0
326.0,0.06,0.065,3.57487066919e-14,0
326.0,0.065,0.06,3.54951154485e-14,0
326.0,0.065,0.065,4.44077956017e-14,0
326.0,0.06,0.07,4.08648992762e-14,0
326.0,0.06,0.075,4.59825811101e-14,0
326.0,0.065,0.07,5.23565285301e-14,0
326.0,0.065,0.075,6.00615352723e-14,0
326.0,0.07,-0.075,6.88337408773e-14,0
326.0,0.07,-0.07,5.98050648658e-14,0
326.0,0.075,-0.075,7.89270094471e-14,0
326.0,0.075,-0.07,6.88077111047e-14,0
326.0,0.07,-0.065,5.00988983878e-14,0
326.0,0.075,-0.065,5.72398627943e-14,0
326.0,0.07,-0.06,3.89576899559e-14,0
326.0,0.075,-0.06,4.35816737979e-14,0
326.0,0.07,-0.055,2.60465038321e-14,0
326.0,0.075,-0.055,2.75925195525e-14,0
326.0,0.07,-0.05,1.13752680698e-14,0
326.0,0.075,-0.05,9.4456143441e-15,0
326.0,0.07,-0.045,-4.78259761332e-15,0
326.0,0.075,-0.045,-1.04614774812e-14,0
326.0,0.07,-0.04,-2.19356653378e-14,0
326.0,0.075,-0.04,-3.14813299508e-14,0
326.0,0.07,-0.035,-3.94511360991e-14,0
326.0,0.075,-0.035,-5.28388864773e-14,0
326.0,0.07,-0.03,-5.6600071873e-14,0
326.0,0.075,-0.03,-7.36729862509e-14,0
326.0,0.07,-0.025,-7.26498927009e-14,0
326.0,0.075,-0.025,-9.31009125836e-14,0
326.0,0.07,-0.02,-8.68898509391e-14,0
326.0,0.075,-0.02,-1.10307301469e-13,0
326.0,0.07,-0.015,-9.8705971305e-14,0
326.0,0.075,-0.015,-1.24529268248e-13,0
326.0,0.07,-0.01,-1.07555422153e-13,0
326.0,0.075,-0.01,-1.35169950647e-13,0
326.0,0.07,-0.005,-1.1304090081e-13,0
326.0,0.075,-0.005,-1.41723173813e-13,0
326.0,0.07,0,-1.14883848009e-13,0
326.0,0.075,0,-1.43923903935e-13,0
326.0,0.07,0.005,-1.13015043615e-13,0
326.0,0.075,0.005,-1.41644301976e-13,0
326.0,0.07,0.01,-1.07525825487e-13,0
326.0,0.075,0.01,-1.35035194514e-13,0
326.0,0.07,0.015,-9.87068315068e-14,0
326.0,0.075,0.015,-1.24375647471e-13,0
326.0,0.07,0.02,-8.69526539028e-14,0
326.0,0.075,0.02,-1.10170352915e-13,0
326.0,0.07,0.025,-7.27899907338e-14,0
326.0,0.075,0.025,-9.29993643942e-14,0
326.0,0.07,0.03,-5.68001420226e-14,0
326.0,0.075,0.03,-7.35920232275e-14,0
326.0,0.07,0.035,-3.9647497456e-14,0
326.0,0.075,0.035,-5.27201089395e-14,0
326.0,0.07,0.04,-2.20207495255e-14,0
326.0,0.075,0.04,-3.12251049245e-14,0
326.0,0.07,0.045,-4.62659891824e-15,0
326.0,0.075,0.045,-9.94559566148e-15,0
326.0,0.07,0.05,1.18957620377e-14,0
326.0,0.075,0.05,1.03422558838e-14,0
326.0,0.07,0.055,2.70309122135e-14,0
326.0,0.075,0.055,2.89706813968e-14,0
326.0,0.07,0.06,4.04730132077e-14,0
326.0,0.075,0.06,4.55099881563e-14,0
326.0,0.07,0.065,5.21799578006e-14,0
326.0,0.075,0.065,5.97534028625e-14,0
326.0,0.07,0.07,6.24617620895e-14,0
326.0,0.07,0.075,7.20640169844e-14,0
326.0,0.075,0.07,7.19135276409e-14,0
326.0,0.075,0.075,8.2617708259e-14,0
331.0,-0.00382671281566,-0.00202612167119,0,0
331.0,-0.005,-0.005,2.72792850511e-14,0
331.0,-0.00197892066871,-0.00385133392306,0,0
331.0,-0.005,-0.00190753787223,1.57257479654e-14,0
331.0,-0.00433,0,0,0
331.0,-0.00190753787223,-0.005,1.57320599224e-14,0
331.0,0,-0.00433,0,0
331.0,-0.005,0.00190775150599,1.57258556996e-14,0
331.0,-0.00385133392306,0.00197892066871,0,0
331.0,0.00190775150599,-0.005,1.57615029318e-14,0
331.0,0.00202612167119,-0.00382671281566,0,0
331.0,-0.00202612167119,0.00382671281566,0,0
331.0,-0.005,0.005,2.72491299774e-14,0
331.0,-0.0019094272225,0.005,1.57568715594e-14,0
331.0,0,0.00433,0,0
331.0,0.00147766755988,0.00407006125046,0,0
331.0,8.32667268469e-19,0.005,1.1896121173e-14,0
331.0,0.00433,0,0,0
331.0,0.005,1.38777878078e-18,1.14139988494e-14,0
331.0,0.00407006125046,0.00147766755988,0,0
331.0,0.005,-0.005,2.80804195445e-14,0
331.0,0.00385133392306,-0.00197892066871,0,0
331.0,0.005,-0.0019094272225,1.57506043475e-14,0
331.0,0.00306177236254,0.00306177236254,0,0
331.0,0.0019094272225,0.005,1.59444510609e-14,0
331.0,0.005,0.0019094272225,1.58027122771e-14,0
331.0,-0.000885,-0.0015328649647,1.27152763733e-12,0
331.0,-0.0015328649647,-0.000885,1.27165002147e-12,0
331.0,-0.00186450691264,-0.00187567167242,8.4303035227e-13,0
331.0,-0.00177,0,1.27134174695e-12,0
331.0,-0.00268433516245,-0.000738983120158,7.59111379381e-13,0
331.0,0,-0.00177,1.27148926503e-12,0
331.0,-0.000718432264205,-0.00269192408424,7.57405199548e-13,0
331.0,-0.0015328649647,0.000885,1.26983725198e-12,0
331.0,-0.00265321485144,0.000647311733689,7.89894525424e-13,0
331.0,-0.000885,0.0015328649647,1.26820970669e-12,0
331.0,-0.00194719253591,0.00178443766524,8.43956650137e-13,0
331.0,0,0.00177,1.26410348348e-12,0
331.0,-0.000802720381054,0.00273415977115,7.17504616337e-13,0
331.0,0.000885,-0.0015328649647,1.27017808248e-12,0
331.0,0.00075154031863,-0.00270385456952,7.45295133041e-13,0
331.0,0.00177,0,1.26244323171e-12,0
331.0,0.0015328649647,-0.000885,1.26802562469e-12,0
331.0,0.00271471102228,-0.000564731152102,7.60918984921e-13,0
331.0,0.00192394637685,-0.00189207206672,8.1010097598e-13,0
331.0,0.00231817117671,0.00040530921667,9.87916678298e-13,0
331.0,0.0015328649647,0.000885,1.26070955474e-12,0
331.0,0.000885,0.0015328649647,1.26141462064e-12,0
331.0,0.000427053001345,0.00287092483521,6.82193860814e-13,0
331.0,0.00187618296239,0.00184774001435,8.33345482144e-13,0
331.0,0.00312733402203,0.000607809752493,5.19202388835e-13,0
331.0,0.00276214303706,0.00136595635004,5.76863074276e-13,0
331.0,0.0014100336009,0.00268674970267,6.0477555074e-13,0
331.0,-0.075,-0.075,8.8605398344e-14,0
331.0,-0.07,-0.075,7.64309302127e-14,0
331.0,-0.075,-0.07,7.77438231361e-14,0
331.0,-0.07,-0.07,6.67611259206e-14,0
331.0,-0.075,-0.065,6.52956509663e-14,0
331.0,-0.07,-0.065,5.63391803489e-14,0
331.0,-0.065,-0.075,6.27104455667e-14,0
331.0,-0.065,-0.07,5.509501235e-14,0
331.0,-0.065,-0.065,4.71914739676e-14,0
331.0,-0.075,-0.06,5.05643219767e-14,0
331.0,-0.07,-0.06,4.43455620155e-14,0
331.0,-0.065,-0.06,3.82146766458e-14,0
331.0,-0.075,-0.055,3.32983995915e-14,0
331.0,-0.07,-0.055,3.04286559556e-14,0
331.0,-0.065,-0.055,2.77656142654e-14,0
331.0,-0.075,-0.05,1.36975994295e-14,0
331.0,-0.07,-0.05,1.46145496335e-14,0
331.0,-0.065,-0.05,1.57513112016e-14,0
331.0,-0.075,-0.045,-7.79771078944e-15,0
331.0,-0.07,-0.045,-2.78545505513e-15,0
331.0,-0.065,-0.045,2.36762425813e-15,0
331.0,-0.075,-0.04,-3.04851003207e-14,0
331.0,-0.07,-0.04,-2.12332237931e-14,0
331.0,-0.075,-0.035,-5.35393237321e-14,0
331.0,-0.07,-0.035,-4.00521088832e-14,0
331.0,-0.065,-0.04,-1.19822269258e-14,0
331.0,-0.065,-0.035,-2.67318106863e-14,0
331.0,-0.075,-0.03,-7.60529465055e-14,0
331.0,-0.07,-0.03,-5.84848279938e-14,0
331.0,-0.075,-0.025,-9.70974289055e-14,0
331.0,-0.07,-0.025,-7.5778524107e-14,0
331.0,-0.065,-0.03,-4.12634236962e-14,0
331.0,-0.065,-0.025,-5.49636312256e-14,0
331.0,-0.075,-0.02,-1.15795224154e-13,0
331.0,-0.07,-0.02,-9.11836536006e-14,0
331.0,-0.075,-0.015,-1.31288654604e-13,0
331.0,-0.07,-0.015,-1.04014038193e-13,0
331.0,-0.065,-0.02,-6.72565042314e-14,0
331.0,-0.065,-0.015,-7.75665340524e-14,0
331.0,-0.075,-0.01,-1.42871098119e-13,0
331.0,-0.07,-0.01,-1.13618681194e-13,0
331.0,-0.075,-0.005,-1.49924749366e-13,0
331.0,-0.07,-0.005,-1.19494131615e-13,0
331.0,-0.065,-0.01,-8.53543894104e-14,0
331.0,-0.065,-0.005,-9.01287980426e-14,0
331.0,-0.075,0,-1.52117961436e-13,0
331.0,-0.07,0,-1.21289677215e-13,0
331.0,-0.075,0.005,-1.49308206786e-13,0
331.0,-0.07,0.005,-1.18923236656e-13,0
331.0,-0.065,4.16333634234e-19,-9.15752656117e-14,0
331.0,-0.065,0.005,-8.95901685738e-14,0
331.0,-0.075,0.01,-1.41708239882e-13,0
331.0,-0.07,0.01,-1.12539007415e-13,0
331.0,-0.075,0.015,-1.29714874041e-13,0
331.0,-0.07,0.015,-1.02544907521e-13,0
331.0,-0.065,0.01,-8.43314196348e-14,0
331.0,-0.065,0.015,-7.61654907214e-14,0
331.0,-0.075,0.02,-1.13996228024e-13,0
331.0,-0.07,0.02,-8.94905524237e-14,0
331.0,-0.075,0.025,-9.52937965107e-14,0
331.0,-0.07,0.025,-7.40561065997e-14,0
331.0,-0.065,0.02,-6.5626227813e-14,0
331.0,-0.065,0.025,-5.3277580712e-14,0
331.0,-0.075,0.03,-7.44763121776e-14,0
331.0,-0.07,0.03,-5.69386567756e-14,0
331.0,-0.075,0.035,-5.24169734728e-14,0
331.0,-0.07,0.035,-3.88824390186e-14,0
331.0,-0.065,0.03,-3.97022895716e-14,0
331.0,-0.065,0.035,-2.54718044971e-14,0
331.0,-0.075,0.04,-3.00207882827e-14,0
331.0,-0.07,0.04,-2.0622866427e-14,0
331.0,-0.075,0.045,-8.1623523971e-15,0
331.0,-0.07,0.045,-2.89002673356e-15,0
331.0,-0.065,0.04,-1.11857256586e-14,0
331.0,-0.065,0.045,2.55746475977e-15,0
331.0,-0.075,0.05,1.23772757496e-14,0
331.0,-0.07,0.05,1.36747188992e-14,0
331.0,-0.075,0.055,3.09446063185e-14,0
331.0,-0.07,0.055,2.85741848927e-14,0
331.0,-0.065,0.05,1.52184054802e-14,0
331.0,-0.065,0.055,2.64289357234e-14,0
331.0,-0.075,0.06,4.71489656094e-14,0
331.0,-0.07,0.06,4.15392761307e-14,0
331.0,-0.075,0.065,6.08347211452e-14,0
331.0,-0.07,0.065,5.25798450264e-14,0
331.0,-0.065,0.06,3.60299652775e-14,0
331.0,-0.065,0.065,4.41462009301e-14,0
331.0,-0.075,0.07,7.22803057241e-14,0
331.0,-0.07,0.07,6.20688530384e-14,0
331.0,-0.075,0.075,8.21842440859e-14,0
331.0,-0.07,0.075,7.08226175387e-14,0
331.0,-0.065,0.07,5.1196081072e-14,0
331.0,-0.065,0.075,5.79635716128e-14,0
331.0,-0.06,-0.075,4.68080765139e-14,0
331.0,-0.06,-0.07,4.19892701235e-14,0
331.0,-0.06,-0.065,3.71373397176e-14,0
331.0,-0.055,-0.075,2.85266553466e-14,0
331.0,-0.055,-0.07,2.71516625726e-14,0
331.0,-0.055,-0.065,2.5844582307e-14,0
331.0,-0.06,-0.06,3.1545960498e-14,0
331.0,-0.06,-0.055,2.47769432783e-14,0
331.0,-0.055,-0.06,2.39842979393e-14,0
331.0,-0.055,-0.055,2.11284351183e-14,0
331.0,-0.06,-0.05,1.66662525487e-14,0
331.0,-0.055,-0.05,1.70209909817e-14,0
331.0,-0.06,-0.045,7.28746502617e-15,0
331.0,-0.055,-0.045,1.16403993639e-14,0
331.0,-0.06,-0.04,-3.04452939483e-15,0
331.0,-0.055,-0.04,5.18656960863e-15,0
331.0,-0.06,-0.035,-1.38562960214e-14,0
331.0,-0.055,-0.035,-1.89601072696e-15,0
331.0,-0.06,-0.03,-2.46056528044e-14,0
331.0,-0.06,-0.025,-3.48319473922e-14,0
331.0,-0.055,-0.03,-9.0698385979e-15,0
331.0,-0.055,-0.025,-1.5999309117e-14,0
331.0,-0.06,-0.02,-4.41122732789e-14,0
331.0,-0.06,-0.015,-5.20271801532e-14,0
331.0,-0.055,-0.02,-2.24127471513e-14,0
331.0,-0.055,-0.015,-2.80368021139e-14,0
331.0,-0.06,-0.01,-5.81013898923e-14,0
331.0,-0.06,-0.005,-6.18636487439e-14,0
331.0,-0.055,-0.01,-3.25104891899e-14,0
331.0,-0.055,-0.005,-3.53254740393e-14,0
331.0,-0.06,0,-6.29795532408e-14,0
331.0,-0.06,0.005,-6.1355947344e-14,0
331.0,-0.055,4.16333634234e-19,-3.61401396585e-14,0
331.0,-0.055,0.005,-3.48566199484e-14,0
331.0,-0.06,0.01,-5.71325552659e-14,0
331.0,-0.06,0.015,-5.06903031457e-14,0
331.0,-0.055,0.01,-3.16144528358e-14,0
331.0,-0.055,0.015,-2.67977317852e-14,0
331.0,-0.06,0.02,-4.25429124083e-14,0
331.0,-0.06,0.025,-3.31794238573e-14,0
331.0,-0.055,0.02,-2.09517079471e-14,0
331.0,-0.055,0.025,-1.44263083295e-14,0
331.0,-0.06,0.03,-2.30234618928e-14,0
331.0,-0.06,0.035,-1.24950167077e-14,0
331.0,-0.055,0.03,-7.49757288517e-15,0
331.0,-0.055,0.035,-4.47822475599e-16,0
331.0,-0.06,0.04,-2.04560657073e-15,0
331.0,-0.06,0.045,7.78884894626e-15,0
331.0,-0.055,0.04,6.38637376405e-15,0
331.0,-0.055,0.045,1.24527857398e-14,0
331.0,-0.06,0.05,1.65555728313e-14,0
331.0,-0.06,0.055,2.39711912938e-14,0
331.0,-0.055,0.05,1.73302847726e-14,0
331.0,-0.055,0.055,2.08506746556e-14,0
331.0,-0.06,0.06,2.99961932727e-14,0
331.0,-0.06,0.065,3.48246993002e-14,0
331.0,-0.055,0.06,2.30687052126e-14,0
331.0,-0.055,0.065,2.42696129516e-14,0
331.0,-0.06,0.07,3.89145754271e-14,0
331.0,-0.06,0.075,4.29754930974e-14,0
331.0,-0.055,0.07,2.49171666929e-14,0
331.0,-0.055,0.075,2.5641333796e-14,0
331.0,-0.05,-0.075,8.11032873289e-15,0
331.0,-0.05,-0.07,1.06486934632e-14,0
331.0,-0.045,-0.075,-1.39823707541e-14,0
331.0,-0.045,-0.07,-7.19390180598e-15,0
331.0,-0.05,-0.065,1.3267943582e-14,0
331.0,-0.045,-0.065,-3.88834010695e-16,0
331.0,-0.05,-0.06,1.54290715421e-14,0
331.0,-0.05,-0.055,1.66650629276e-14,0
331.0,-0.045,-0.06,5.97411404999e-15,0
331.0,-0.045,-0.055,1.1415185521e-14,0
331.0,-0.05,-0.05,1.66399917295e-14,0
331.0,-0.05,-0.045,1.51853115086e-14,0
331.0,-0.045,-0.05,1.5491492278e-14,0
331.0,-0.045,-0.045,1.78802510215e-14,0
331.0,-0.05,-0.04,1.23965869975e-14,0
331.0,-0.045,-0.04,1.84600716802e-14,0
331.0,-0.05,-0.035,8.66678849343e-15,0
331.0,-0.045,-0.035,1.74545927615e-14,0
331.0,-0.05,-0.03,4.6666479956e-15,0
331.0,-0.045,-0.03,1.58908458205e-14,0
331.0,-0.05,-0.025,6.7708956694e-16,0
331.0,-0.045,-0.025,1.41221184097e-14,0
331.0,-0.05,-0.02,-3.1428596007e-15,0
331.0,-0.05,-0.015,-6.63043832887e-15,0
331.0,-0.045,-0.02,1.23738410806e-14,0
331.0,-0.045,-0.015,1.08582176837e-14,0
331.0,-0.05,-0.01,-9.60910686353e-15,0
331.0,-0.05,-0.005,-1.1512913911e-14,0
331.0,-0.045,-0.01,9.43608033124e-15,0
331.0,-0.045,-0.005,8.4952278483e-15,0
331.0,-0.05,0,-1.20264611757e-14,0
331.0,-0.05,0.005,-1.10921927364e-14,0
331.0,-0.045,4.16333634234e-19,8.28915273924e-15,0
331.0,-0.045,0.005,8.86597568848e-15,0
331.0,-0.05,0.01,-8.80749392277e-15,0
331.0,-0.05,0.015,-5.53038858044e-15,0
331.0,-0.045,0.01,1.01434627118e-14,0
331.0,-0.045,0.015,1.18316869014e-14,0
331.0,-0.05,0.02,-1.83823109213e-15,0
331.0,-0.05,0.025,2.13218332031e-15,0
331.0,-0.045,0.02,1.35599630899e-14,0
331.0,-0.045,0.025,1.54934245904e-14,0
331.0,-0.05,0.03,6.20461214399e-15,0
331.0,-0.05,0.035,1.01991089882e-14,0
331.0,-0.045,0.03,1.73985748284e-14,0
331.0,-0.045,0.035,1.90385955253e-14,0
331.0,-0.05,0.04,1.37850515266e-14,0
331.0,-0.05,0.045,1.62877386766e-14,0
331.0,-0.045,0.04,1.99953916642e-14,0
331.0,-0.045,0.045,1.92241224311e-14,0
331.0,-0.05,0.05,1.7343762703e-14,0
331.0,-0.05,0.055,1.68888294498e-14,0
331.0,-0.045,0.05,1.65376780158e-14,0
331.0,-0.045,0.055,1.20863592682e-14,0
331.0,-0.05,0.06,1.5122539819e-14,0
331.0,-0.05,0.065,1.24097769917e-14,0
331.0,-0.045,0.06,6.22232414609e-15,0
331.0,-0.045,0.065,-5.83348113275e-16,0
331.0,-0.05,0.07,9.24073211323e-15,0
331.0,-0.05,0.075,6.16841943711e-15,0
331.0,-0.045,0.07,-7.82602377407e-15,0
331.0,-0.045,0.075,-1.50280699643e-14,0
331.0,-0.04,-0.075,-3.70462324634e-14,0
331.0,-0.04,-0.07,-2.58523602888e-14,0
331.0,-0.035,-0.075,-6.02647037023e-14,0
331.0,-0.035,-0.07,-4.46783979385e-14,0
331.0,-0.04,-0.065,-1.47548328287e-14,0
331.0,-0.035,-0.065,-2.93266041192e-14,0
331.0,-0.04,-0.06,-4.12450656876e-15,0
331.0,-0.035,-0.06,-1.45104202089e-14,0
331.0,-0.04,-0.055,5.53023642816e-15,0
331.0,-0.035,-0.055,-7.49781597087e-16,0
331.0,-0.04,-0.05,1.36716775262e-14,0
331.0,-0.04,-0.045,1.98109506043e-14,0
331.0,-0.035,-0.05,1.13147555193e-14,0
331.0,-0.035,-0.045,2.10389535043e-14,0
331.0,-0.04,-0.04,2.36182276015e-14,0
331.0,-0.04,-0.035,2.49994505355e-14,0
331.0,-0.035,-0.04,2.78817943835e-14,0
331.0,-0.035,-0.035,3.14301737491e-14,0
331.0,-0.04,-0.03,2.50174548853e-14,0
331.0,-0.035,-0.03,3.28447821527e-14,0
331.0,-0.04,-0.025,2.47180668986e-14,0
331.0,-0.035,-0.025,3.3664164634e-14,0
331.0,-0.04,-0.02,2.43141905515e-14,0
331.0,-0.035,-0.02,3.40897666785e-14,0
331.0,-0.04,-0.015,2.41401677958e-14,0
331.0,-0.035,-0.015,3.44313147321e-14,0
331.0,-0.04,-0.01,2.41782309357e-14,0
331.0,-0.04,-0.005,2.41075864404e-14,0
331.0,-0.035,-0.01,3.47936379232e-14,0
331.0,-0.035,-0.005,3.49519217175e-14,0
331.0,-0.04,0,2.41439006259e-14,0
331.0,-0.04,0.005,2.44322092091e-14,0
331.0,-0.035,4.16333634234e-19,3.50811729132e-14,0
331.0,-0.035,0.005,3.52315174186e-14,0
331.0,-0.04,0.01,2.48083987576e-14,0
331.0,-0.04,0.015,2.50374215847e-14,0
331.0,-0.035,0.01,3.53437493048e-14,0
331.0,-0.035,0.015,3.52361735033e-14,0
331.0,-0.04,0.02,2.54322159001e-14,0
331.0,-0.04,0.025,2.60300046169e-14,0
331.0,-0.035,0.02,3.51071682777e-14,0
331.0,-0.035,0.025,3.48801153337e-14,0
331.0,-0.04,0.03,2.64870823758e-14,0
331.0,-0.04,0.035,2.65898781411e-14,0
331.0,-0.035,0.03,3.42350052629e-14,0
331.0,-0.035,0.035,3.29639322845e-14,0
331.0,-0.04,0.04,2.52326990681e-14,0
331.0,-0.04,0.045,2.13228618582e-14,0
331.0,-0.035,0.04,2.94961396407e-14,0
331.0,-0.035,0.045,2.26317469036e-14,0
331.0,-0.04,0.05,1.49830922437e-14,0
331.0,-0.04,0.055,6.5683171201e-15,0
331.0,-0.035,0.05,1.27969353053e-14,0
331.0,-0.035,0.055,5.53202527045e-16,0
331.0,-0.04,0.06,-3.40521120652e-15,0
331.0,-0.04,0.065,-1.43718151777e-14,0
331.0,-0.035,0.06,-1.34286268978e-14,0
331.0,-0.035,0.065,-2.84811921275e-14,0
331.0,-0.04,0.07,-2.57970178006e-14,0
331.0,-0.04,0.075,-3.72869415098e-14,0
331.0,-0.035,0.07,-4.40577423766e-14,0
331.0,-0.035,0.075,-5.98316052021e-14,0
331.0,-0.03,-0.075,-8.27352031978e-14,0
331.0,-0.03,-0.07,-6.29337439061e-14,0
331.0,-0.025,-0.075,-1.03526465527e-13,0
331.0,-0.025,-0.07,-7.98695867193e-14,0
331.0,-0.03,-0.065,-4.35355604418e-14,0
331.0,-0.025,-0.065,-5.67677694451e-14,0
331.0,-0.03,-0.06,-2.47512473112e-14,0
331.0,-0.025,-0.06,-3.43851566265e-14,0
331.0,-0.03,-0.055,-7.1336552223e-15,0
331.0,-0.025,-0.055,-1.32841740553e-14,0
331.0,-0.03,-0.05,8.5873066307e-15,0
331.0,-0.025,-0.05,5.70707061486e-15,0
331.0,-0.03,-0.045,2.16092782154e-14,0
331.0,-0.025,-0.045,2.16378162585e-14,0
331.0,-0.03,-0.04,3.11755475632e-14,0
331.0,-0.03,-0.035,3.66099605318e-14,0
331.0,-0.025,-0.04,3.35675417061e-14,0
331.0,-0.025,-0.035,4.05677736679e-14,0
331.0,-0.03,-0.03,3.91984716665e-14,0
331.0,-0.03,-0.025,4.08258363661e-14,0
331.0,-0.025,-0.03,4.40771106317e-14,0
331.0,-0.025,-0.025,4.62440616463e-14,0
331.0,-0.03,-0.02,4.16838330326e-14,0
331.0,-0.025,-0.02,4.72690364617e-14,0
331.0,-0.03,-0.015,4.20354882007e-14,0
331.0,-0.025,-0.015,4.74979785491e-14,0
331.0,-0.03,-0.01,4.21040907376e-14,0
331.0,-0.025,-0.01,4.72596920396e-14,0
331.0,-0.03,-0.005,4.20811782467e-14,0
331.0,-0.025,-0.005,4.68814226127e-14,0
331.0,-0.03,0,4.21240753592e-14,0
331.0,-0.03,0.005,4.23145296005e-14,0
331.0,-0.025,4.16333634234e-19,4.67686315141e-14,0
331.0,-0.025,0.005,4.7058488463e-14,0
331.0,-0.03,0.01,4.2565841589e-14,0
331.0,-0.03,0.015,4.27143614509e-14,0
331.0,-0.025,0.01,4.76138072194e-14,0
331.0,-0.025,0.015,4.80268414863e-14,0
331.0,-0.03,0.02,4.25652689863e-14,0
331.0,-0.03,0.025,4.19003877253e-14,0
331.0,-0.025,0.02,4.7970249982e-14,0
331.0,-0.025,0.025,4.71210357036e-14,0
331.0,-0.03,0.03,4.04545723827e-14,0
331.0,-0.03,0.035,3.80343541204e-14,0
331.0,-0.025,0.03,4.51337095046e-14,0
331.0,-0.025,0.035,4.1806278305e-14,0
331.0,-0.03,0.04,3.27195897823e-14,0
331.0,-0.03,0.045,2.31935044858e-14,0
331.0,-0.025,0.04,3.49616364107e-14,0
331.0,-0.025,0.045,2.31208043276e-14,0
331.0,-0.03,0.05,1.01358492255e-14,0
331.0,-0.03,0.055,-5.68185639318e-15,0
331.0,-0.025,0.05,7.21324101828e-15,0
331.0,-0.025,0.055,-1.18071404145e-14,0
331.0,-0.03,0.06,-2.34338400746e-14,0
331.0,-0.03,0.065,-4.23646495779e-14,0
331.0,-0.025,0.06,-3.29685577385e-14,0
331.0,-0.025,0.065,-5.54206338723e-14,0
331.0,-0.03,0.07,-6.18955580213e-14,0
331.0,-0.03,0.075,-8.17888973018e-14,0
331.0,-0.025,0.07,-7.85767449395e-14,0
331.0,-0.025,0.075,-1.0224683379e-13,0
331.0,-0.02,-0.075,-1.21769701626e-13,0
331.0,-0.02,-0.07,-9.47377307354e-14,0
331.0,-0.015,-0.075,-1.36643770477e-13,0
331.0,-0.015,-0.07,-1.06883186375e-13,0
331.0,-0.02,-0.065,-6.84303834107e-14,0
331.0,-0.015,-0.065,-7.79624121544e-14,0
331.0,-0.02,-0.06,-4.29326872218e-14,0
331.0,-0.015,-0.06,-4.99520103322e-14,0
331.0,-0.02,-0.055,-1.8844368129e-14,0
331.0,-0.015,-0.055,-2.34581872055e-14,0
331.0,-0.02,-0.05,2.93237931557e-15,0
331.0,-0.015,-0.05,5.42254720571e-16,0
331.0,-0.02,-0.045,2.13234884595e-14,0
331.0,-0.015,-0.045,2.08746080664e-14,0
331.0,-0.02,-0.04,3.52186579812e-14,0
331.0,-0.015,-0.04,3.63335675297e-14,0
331.0,-0.02,-0.035,4.35167046843e-14,0
331.0,-0.015,-0.035,4.56870720612e-14,0
331.0,-0.02,-0.03,4.76881722618e-14,0
331.0,-0.02,-0.025,5.01038272181e-14,0
331.0,-0.015,-0.03,5.03637786394e-14,0
331.0,-0.015,-0.025,5.27404753349e-14,0
331.0,-0.02,-0.02,5.09568197154e-14,0
331.0,-0.02,-0.015,5.06654169517e-14,0
331.0,-0.015,-0.02,5.29846715399e-14,0
331.0,-0.015,-0.015,5.14902084456e-14,0
331.0,-0.02,-0.01,4.96558406698e-14,0
331.0,-0.015,-0.01,4.88034207037e-14,0
331.0,-0.02,-0.005,4.85359321863e-14,0
331.0,-0.015,-0.005,4.61750031026e-14,0
331.0,-0.02,0,4.80735374466e-14,0
331.0,-0.015,4.16333634234e-19,4.50668021168e-14,0
331.0,-0.02,0.005,4.86373968881e-14,0
331.0,-0.015,0.005,4.61691849461e-14,0
331.0,-0.02,0.01,4.9866933098e-14,0
331.0,-0.02,0.015,5.09924744164e-14,0
331.0,-0.015,0.01,4.88198565167e-14,0
331.0,-0.015,0.015,5.15438418239e-14,0
331.0,-0.02,0.02,5.14157914074e-14,0
331.0,-0.02,0.025,5.07165036851e-14,0
331.0,-0.015,0.02,5.31192167745e-14,0
331.0,-0.015,0.025,5.3010841417e-14,0
331.0,-0.02,0.03,4.8475859826e-14,0
331.0,-0.02,0.035,4.45020725312e-14,0
331.0,-0.015,0.03,5.08056368644e-14,0
331.0,-0.015,0.035,4.63508860118e-14,0
331.0,-0.02,0.04,3.63872793347e-14,0
331.0,-0.02,0.045,2.26142795878e-14,0
331.0,-0.015,0.04,3.72130050167e-14,0
331.0,-0.015,0.045,2.18912674543e-14,0
331.0,-0.02,0.05,4.28853495437e-15,0
331.0,-0.02,0.055,-1.74647899384e-14,0
331.0,-0.015,0.05,1.64952740295e-15,0
331.0,-0.015,0.055,-2.22906154966e-14,0
331.0,-0.02,0.06,-4.15541045403e-14,0
331.0,-0.02,0.065,-6.70579286853e-14,0
331.0,-0.015,0.06,-4.87394413028e-14,0
331.0,-0.015,0.065,-7.6706281535e-14,0
331.0,-0.02,0.07,-9.3356087669e-14,0
331.0,-0.02,0.075,-1.20339786087e-13,0
331.0,-0.015,0.07,-1.05568962391e-13,0
331.0,-0.015,0.075,-1.35237883949e-13,0
331.0,-0.01,-0.075,-1.47520756074e-13,0
331.0,-0.01,-0.07,-1.15734710733e-13,0
331.0,-0.005,-0.075,-1.53887062773e-13,0
331.0,-0.005,-0.07,-1.20902234661e-13,0
331.0,-0.01,-0.065,-8.49064621434e-14,0
331.0,-0.005,-0.065,-8.89106321181e-14,0
331.0,-0.01,-0.06,-5.50503468392e-14,0
331.0,-0.005,-0.06,-5.79443466416e-14,0
331.0,-0.01,-0.055,-2.68078527064e-14,0
331.0,-0.005,-0.055,-2.86448568172e-14,0
331.0,-0.01,-0.05,-1.20270269268e-15,0
331.0,-0.005,-0.05,-2.07637106855e-15,0
331.0,-0.01,-0.045,2.05238898464e-14,0
331.0,-0.005,-0.045,2.04679863769e-14,0
331.0,-0.01,-0.04,3.70742941065e-14,0
331.0,-0.005,-0.04,3.76629197898e-14,0
331.0,-0.01,-0.035,4.72128317664e-14,0
331.0,-0.005,-0.035,4.82589660284e-14,0
331.0,-0.01,-0.03,5.22337963668e-14,0
331.0,-0.005,-0.03,5.34578510713e-14,0
331.0,-0.01,-0.025,5.43262074021e-14,0
331.0,-0.005,-0.025,5.50832361403e-14,0
331.0,-0.01,-0.02,5.36000950727e-14,0
331.0,-0.01,-0.015,5.03113787423e-14,0
331.0,-0.005,-0.02,5.33486447016e-14,0
331.0,-0.005,-0.015,4.83523336431e-14,0
331.0,-0.0117873230072,-0.0115873794689,4.8097724496e-14,0
331.0,-0.00939961996336,-0.005,3.81490336966e-14,0
331.0,-0.00792797428371,-0.00964253216809,4.22264236201e-14,0
331.0,-0.005,-0.00939961996336,3.83461032795e-14,0
331.0,-0.0108753492546,-0.00150606400588,3.87066215425e-14,0
331.0,-0.00818101620308,-0.00211452602544,3.20437384611e-14,0
331.0,-0.00651817360753,-0.000255934956239,2.39403849932e-14,0
331.0,-0.005,6.71033969428e-08,1.15593523264e-14,0
331.0,-0.0107292118043,0.00160660295843,3.83990764898e-14,0
331.0,-0.0080188992252,0.000768320427092,3.05332279865e-14,0
331.0,-0.00939946851065,0.005,3.80655283588e-14,0
331.0,-0.00802129342231,0.00264911934363,3.20667348746e-14,0
331.0,-0.00887989370213,0.00887989479405,4.20966511006e-14,0
331.0,-0.01,0.015,5.00926694683e-14,0
331.0,-0.005,0.00939947397025,3.8089119834e-14,0
331.0,-0.005,0.015,4.79478380881e-14,0
331.0,-0.01,0.02,5.34252137639e-14,0
331.0,-0.01,0.025,5.42799304495e-14,0
331.0,-0.005,0.02,5.2980289114e-14,0
331.0,-0.005,0.025,5.48866933196e-14,0
331.0,-0.01,0.03,5.23605575395e-14,0
331.0,-0.01,0.035,4.75668656652e-14,0
331.0,-0.005,0.03,5.34540921898e-14,0
331.0,-0.005,0.035,4.8379612609e-14,0
331.0,-0.01,0.04,3.76264977625e-14,0
331.0,-0.01,0.045,2.11978536743e-14,0
331.0,-0.005,0.04,3.78498836504e-14,0
331.0,-0.005,0.045,2.0741266248e-14,0
331.0,-0.01,0.05,-4.30353953339e-16,0
331.0,-0.01,0.055,-2.59505242561e-14,0
331.0,-0.005,0.05,-1.70549773333e-15,0
331.0,-0.005,0.055,-2.81721523417e-14,0
331.0,-0.01,0.06,-5.41137379071e-14,0
331.0,-0.01,0.065,-8.38883357575e-14,0
331.0,-0.005,0.06,-5.73667537016e-14,0
331.0,-0.005,0.065,-8.82230986553e-14,0
331.0,-0.01,0.07,-1.14622667902e-13,0
331.0,-0.01,0.075,-1.46288635522e-13,0
331.0,-0.005,0.07,-1.20095284486e-13,0
331.0,-0.005,0.075,-1.52944264197e-13,0
331.0,0,-0.075,-1.55513302794e-13,0
331.0,0,-0.07,-1.22142841193e-13,0
331.0,0.005,-0.075,-1.52321361519e-13,0
331.0,0.005,-0.07,-1.19443479298e-13,0
331.0,0,-0.065,-8.97929091493e-14,0
331.0,0.005,-0.065,-8.7522622252e-14,0
331.0,0,-0.06,-5.84659319635e-14,0
331.0,0.005,-0.06,-5.66067582733e-14,0
331.0,0,-0.055,-2.88276363648e-14,0
331.0,0.005,-0.055,-2.7348049197e-14,0
331.0,0,-0.05,-1.95276676386e-15,0
331.0,0.005,-0.05,-8.18889721712e-16,0
331.0,0,-0.045,2.08556537416e-14,0
331.0,0.005,-0.045,2.16781528011e-14,0
331.0,0,-0.04,3.8224066063e-14,0
331.0,0.005,-0.04,3.87895526584e-14,0
331.0,0,-0.035,4.89405891678e-14,0
331.0,0.005,-0.035,4.91436921079e-14,0
331.0,0,-0.03,5.41127119457e-14,0
331.0,0.005,-0.03,5.4062409216e-14,0
331.0,0,-0.025,5.54720796385e-14,0
331.0,0.005,-0.025,5.56552241968e-14,0
331.0,0,-0.02,5.32954737393e-14,0
331.0,0.005,-0.02,5.40710393736e-14,0
331.0,0,-0.015,4.7600120513e-14,0
331.0,0.005,-0.015,4.93644902684e-14,0
331.0,-0.0021196717084,-0.00776771017156,3.03906545679e-14,0
331.0,-0.00084550708518,-0.00631514607954,2.26397976832e-14,0
331.0,6.71033969406e-08,-0.005,1.20392865771e-14,0
331.0,-0.00139054260708,-0.0110960807567,3.98429920014e-14,0
331.0,0.00132468676756,-0.00775008274642,2.98270724081e-14,0
331.0,0.00160394440688,-0.0116908851489,4.16131842543e-14,0
331.0,0.005,-0.00939946851065,3.94299982652e-14,0
331.0,0.005,0.005,2.73874838255e-14,0
331.0,-0.000107646311398,0.00617659695633,2.14916680346e-14,0
331.0,-0.00190846935279,0.0076427502668,2.9458924113e-14,0
331.0,0.00131146485568,0.00777290068297,2.93187785676e-14,0
331.0,0.00295884413402,0.00640276348073,2.6486207094e-14,0
331.0,-1.21517769428e-05,0.0108932602996,3.86404773319e-14,0
331.0,0,0.015,4.69902964377e-14,0
331.0,0.005,0.00939942566771,3.86441538135e-14,0
331.0,0.005,0.015,4.85846291856e-14,0
331.0,0,0.02,5.27647287415e-14,0
331.0,0,0.025,5.51457528169e-14,0
331.0,0.005,0.02,5.33501144933e-14,0
331.0,0.005,0.025,5.50548008174e-14,0
331.0,0,0.03,5.39772935812e-14,0
331.0,0,0.035,4.87755550327e-14,0
331.0,0.005,0.03,5.35543452551e-14,0
331.0,0.005,0.035,4.85907722501e-14,0
331.0,0,0.04,3.80027109793e-14,0
331.0,0,0.045,2.06942213636e-14,0
331.0,0.005,0.04,3.81615448301e-14,0
331.0,0.005,0.045,2.1081714063e-14,0
331.0,0,0.05,-2.02026574817e-15,0
331.0,0,0.055,-2.87826024973e-14,0
331.0,0.005,0.05,-1.32915054156e-15,0
331.0,0.005,0.055,-2.77405555629e-14,0
331.0,0,0.06,-5.82972519808e-14,0
331.0,0,0.065,-8.94925338847e-14,0
331.0,0.005,0.06,-5.68609491e-14,0
331.0,0.005,0.065,-8.76266792352e-14,0
331.0,0,0.07,-1.21704593925e-13,0
331.0,0,0.075,-1.5493099954e-13,0
331.0,0.005,0.07,-1.1939385715e-13,0
331.0,0.005,0.075,-1.52122252042e-13,0
331.0,0.01,-0.075,-1.44541060156e-13,0
331.0,0.01,-0.07,-1.12954951319e-13,0
331.0,0.015,-0.075,-1.32542190365e-13,0
331.0,0.015,-0.07,-1.03045373389e-13,0
331.0,0.01,-0.065,-8.22577515644e-14,0
331.0,0.015,-0.065,-7.42943362414e-14,0
331.0,0.01,-0.06,-5.24954724065e-14,0
331.0,0.015,-0.06,-4.64050310227e-14,0
331.0,0.01,-0.055,-2.43320239634e-14,0
331.0,0.015,-0.055,-2.00174483214e-14,0
331.0,0.01,-0.05,1.19193204054e-15,0
331.0,0.015,-0.05,3.86608846756e-15,0
331.0,0.01,-0.045,2.28152095766e-14,0
331.0,0.015,-0.045,2.40455552863e-14,0
331.0,0.01,-0.04,3.9192827032e-14,0
331.0,0.015,-0.04,3.92825824222e-14,0
331.0,0.01,-0.035,4.8942960696e-14,0
331.0,0.015,-0.035,4.82888914105e-14,0
331.0,0.01,-0.03,5.35954538716e-14,0
331.0,0.015,-0.03,5.2713132947e-14,0
331.0,0.01,-0.025,5.56565754672e-14,0
331.0,0.015,-0.025,5.51239512566e-14,0
331.0,0.01,-0.02,5.5173542828e-14,0
331.0,0.01,-0.015,5.24332587101e-14,0
331.0,0.015,-0.02,5.57006949427e-14,0
331.0,0.015,-0.015,5.49812523504e-14,0
331.0,0.00999280436795,-0.0116358337096,4.9325444592e-14,0
331.0,0.0105889214373,-0.00845762197625,4.67207036177e-14,0
331.0,0.015,-0.01,5.31091375263e-14,0
331.0,0.00939947397025,-0.005,4.08435988108e-14,0
331.0,0.015,-0.005,5.08977264501e-14,0
331.0,0.00658051136513,-0.00296146438142,2.96847763851e-14,0
331.0,0.00636794669772,-3.54305826484e-06,2.5053830523e-14,0
331.0,0.00795807888052,-0.00113999998936,3.3422326824e-14,0
331.0,0.00758147027913,0.00183630393596,3.20602809861e-14,0
331.0,0.0112534647756,-1.47536350887e-07,4.30556705413e-14,0
331.0,0.015,4.16333634234e-19,4.98881538398e-14,0
331.0,0.00939942566771,0.005,4.02338819359e-14,0
331.0,0.015,0.005,5.03468622442e-14,0
331.0,0.00999018807453,0.0109670628501,4.77937301974e-14,0
331.0,0.01,0.015,5.15367235631e-14,0
331.0,0.015,0.01,5.23081926928e-14,0
331.0,0.015,0.015,5.40002883501e-14,0
331.0,0.01,0.02,5.42591989788e-14,0
331.0,0.01,0.025,5.47281224121e-14,0
331.0,0.015,0.02,5.45691209195e-14,0
331.0,0.015,0.025,5.38685675975e-14,0
331.0,0.01,0.03,5.26472704561e-14,0
331.0,0.01,0.035,4.79451370893e-14,0
331.0,0.015,0.03,5.13695793173e-14,0
331.0,0.015,0.035,4.6877677739e-14,0
331.0,0.01,0.04,3.81513521246e-14,0
331.0,0.01,0.045,2.17970504567e-14,0
331.0,0.015,0.04,3.78395988203e-14,0
331.0,0.015,0.045,2.26309580321e-14,0
331.0,0.01,0.05,2.56871274253e-16,0
331.0,0.01,0.055,-2.51429209433e-14,0
331.0,0.015,0.05,2.54064413065e-15,0
331.0,0.015,0.055,-2.12030940239e-14,0
331.0,0.01,0.06,-5.31521866569e-14,0
331.0,0.01,0.065,-8.27441185175e-14,0
331.0,0.015,0.06,-4.74128802964e-14,0
331.0,0.015,0.065,-7.51040027369e-14,0
331.0,0.01,0.07,-1.13269532619e-13,0
331.0,0.01,0.075,-1.4469783324e-13,0
331.0,0.015,0.07,-1.03657438171e-13,0
331.0,0.015,0.075,-1.32979198214e-13,0
331.0,0.02,-0.075,-1.16950859301e-13,0
331.0,0.02,-0.07,-9.02073884306e-14,0
331.0,0.025,-0.075,-9.84804798311e-14,0
331.0,0.025,-0.07,-7.5085354298e-14,0
331.0,0.02,-0.065,-6.40756916316e-14,0
331.0,0.025,-0.065,-5.21232803633e-14,0
331.0,0.02,-0.06,-3.86987723771e-14,0
331.0,0.025,-0.06,-2.98217825957e-14,0
331.0,0.02,-0.055,-1.4719121288e-14,0
331.0,0.025,-0.055,-8.79402134682e-15,0
331.0,0.02,-0.05,6.92804451046e-15,0
331.0,0.025,-0.05,1.00957079007e-14,0
331.0,0.02,-0.045,2.51474232187e-14,0
331.0,0.025,-0.045,2.58759905916e-14,0
331.0,0.02,-0.04,3.88229363016e-14,0
331.0,0.025,-0.04,3.76147385498e-14,0
331.0,0.02,-0.035,4.68832237618e-14,0
331.0,0.025,-0.035,4.44400346293e-14,0
331.0,0.02,-0.03,5.0923320813e-14,0
331.0,0.025,-0.03,4.78677316323e-14,0
331.0,0.02,-0.025,5.3410778283e-14,0
331.0,0.025,-0.025,5.00600266306e-14,0
331.0,0.02,-0.02,5.46198858646e-14,0
331.0,0.025,-0.02,5.12695257275e-14,0
331.0,0.02,-0.015,5.51593028379e-14,0
331.0,0.025,-0.015,5.20101280113e-14,0
331.0,0.02,-0.01,5.51295485834e-14,0
331.0,0.025,-0.01,5.24082051201e-14,0
331.0,0.02,-0.005,5.44493379403e-14,0
331.0,0.025,-0.005,5.24109984507e-14,0
331.0,0.02,0,5.39230639738e-14,0
331.0,0.025,4.16333634234e-19,5.22310073118e-14,0
331.0,0.02,0.005,5.39792204794e-14,0
331.0,0.025,0.005,5.18158301748e-14,0
331.0,0.02,0.01,5.42854264827e-14,0
331.0,0.025,0.01,5.12908490959e-14,0
331.0,0.02,0.015,5.40059987426e-14,0
331.0,0.025,0.015,5.05104639928e-14,0
331.0,0.02,0.02,5.31959204831e-14,0
331.0,0.02,0.025,5.17916179251e-14,0
331.0,0.025,0.02,4.94557586484e-14,0
331.0,0.025,0.025,4.80165078227e-14,0
331.0,0.02,0.03,4.91870677097e-14,0
331.0,0.02,0.035,4.50837582862e-14,0
331.0,0.025,0.03,4.57084870929e-14,0
331.0,0.025,0.035,4.22513629269e-14,0
331.0,0.02,0.04,3.7005111508e-14,0
331.0,0.02,0.045,2.33727453972e-14,0
331.0,0.025,0.04,3.54409959499e-14,0
331.0,0.025,0.045,2.3780169545e-14,0
331.0,0.02,0.05,5.26260165486e-15,0
331.0,0.02,0.055,-1.62146648833e-14,0
331.0,0.025,0.05,8.15219931452e-15,0
331.0,0.025,0.055,-1.05156192247e-14,0
331.0,0.02,0.06,-3.99786096411e-14,0
331.0,0.02,0.065,-6.51166449095e-14,0
331.0,0.025,0.06,-3.12705851354e-14,0
331.0,0.025,0.065,-5.32747657719e-14,0
331.0,0.02,0.07,-9.10121546871e-14,0
331.0,0.02,0.075,-1.17550293039e-13,0
331.0,0.025,0.07,-7.59459807534e-14,0
331.0,0.025,0.075,-9.90877896256e-14,0
331.0,0.03,-0.075,-7.79947634157e-14,0
331.0,0.03,-0.07,-5.8375805675e-14,0
331.0,0.035,-0.075,-5.63739182382e-14,0
331.0,0.035,-0.07,-4.08352906061e-14,0
331.0,0.03,-0.065,-3.90334483639e-14,0
331.0,0.035,-0.065,-2.54085472605e-14,0
331.0,0.03,-0.06,-2.02449408891e-14,0
331.0,0.035,-0.06,-1.04550233976e-14,0
331.0,0.03,-0.055,-2.61492687116e-15,0
331.0,0.035,-0.055,3.45421321769e-15,0
331.0,0.03,-0.05,1.30849969849e-14,0
331.0,0.035,-0.05,1.56400693695e-14,0
331.0,0.03,-0.045,2.60316243547e-14,0
331.0,0.035,-0.045,2.54350390203e-14,0
331.0,0.03,-0.04,3.54720133245e-14,0
331.0,0.035,-0.04,3.22973372446e-14,0
331.0,0.03,-0.035,4.07960812847e-14,0
331.0,0.035,-0.035,3.59014501757e-14,0
331.0,0.03,-0.03,4.3335129685e-14,0
331.0,0.035,-0.03,3.734751528e-14,0
331.0,0.03,-0.025,4.48317125222e-14,0
331.0,0.035,-0.025,3.77197082232e-14,0
331.0,0.03,-0.02,4.55089950063e-14,0
331.0,0.035,-0.02,3.74017455783e-14,0
331.0,0.03,-0.015,4.58047862091e-14,0
331.0,0.035,-0.015,3.69728366007e-14,0
331.0,0.03,-0.01,4.58989823664e-14,0
331.0,0.035,-0.01,3.65750501817e-14,0
331.0,0.03,-0.005,4.59883114429e-14,0
331.0,0.035,-0.005,3.63801676568e-14,0
331.0,0.03,0,4.58755138676e-14,0
331.0,0.035,4.16333634234e-19,3.61757263122e-14,0
331.0,0.03,0.005,4.52028072786e-14,0
331.0,0.035,0.005,3.55612993962e-14,0
331.0,0.03,0.01,4.44809452913e-14,0
331.0,0.035,0.01,3.50713863691e-14,0
331.0,0.03,0.015,4.39353802168e-14,0
331.0,0.035,0.015,3.49263490421e-14,0
331.0,0.03,0.02,4.32840411139e-14,0
331.0,0.035,0.02,3.48725041984e-14,0
331.0,0.03,0.025,4.23064288013e-14,0
331.0,0.035,0.025,3.46733159602e-14,0
331.0,0.03,0.03,4.06849251455e-14,0
331.0,0.03,0.035,3.81916784814e-14,0
331.0,0.035,0.03,3.40425956361e-14,0
331.0,0.035,0.035,3.27728468505e-14,0
331.0,0.03,0.04,3.29512382662e-14,0
331.0,0.03,0.045,2.36543886779e-14,0
331.0,0.035,0.04,2.94241867588e-14,0
331.0,0.035,0.045,2.28314093841e-14,0
331.0,0.03,0.05,1.09368808952e-14,0
331.0,0.03,0.055,-4.46117403591e-15,0
331.0,0.035,0.05,1.33821271086e-14,0
331.0,0.035,0.055,1.6083745611e-15,0
331.0,0.03,0.06,-2.17373624141e-14,0
331.0,0.03,0.065,-4.01511867626e-14,0
331.0,0.035,0.06,-1.18454242374e-14,0
331.0,0.035,0.065,-2.63295536011e-14,0
331.0,0.03,0.07,-5.91302505876e-14,0
331.0,0.03,0.075,-7.84301871768e-14,0
331.0,0.035,0.07,-4.13050165058e-14,0
331.0,0.035,0.075,-5.64409803658e-14,0
331.0,0.04,-0.075,-3.45163560454e-14,0
331.0,0.04,-0.07,-2.31901813965e-14,0
331.0,0.045,-0.075,-1.32632676215e-14,0
331.0,0.045,-0.07,-6.12618175882e-15,0
331.0,0.04,-0.065,-1.18460607881e-14,0
331.0,0.045,-0.065,1.12584568583e-15,0
331.0,0.04,-0.06,-9.06528167638e-16,0
331.0,0.045,-0.06,7.99535929177e-15,0
331.0,0.04,-0.055,9.07564688369e-15,0
331.0,0.045,-0.055,1.39643068836e-14,0
331.0,0.04,-0.05,1.75275967985e-14,0
331.0,0.045,-0.05,1.855411971e-14,0
331.0,0.04,-0.045,2.39419443223e-14,0
331.0,0.045,-0.045,2.14143362856e-14,0
331.0,0.04,-0.04,2.79842371629e-14,0
331.0,0.045,-0.04,2.23809662429e-14,0
331.0,0.04,-0.035,2.9591142508e-14,0
331.0,0.045,-0.035,2.15804005837e-14,0
331.0,0.04,-0.03,2.94972550485e-14,0
331.0,0.045,-0.03,1.96496356862e-14,0
331.0,0.04,-0.025,2.84315714483e-14,0
331.0,0.045,-0.025,1.7082500405e-14,0
331.0,0.04,-0.02,2.69759420208e-14,0
331.0,0.045,-0.02,1.45108460092e-14,0
331.0,0.04,-0.015,2.56425618414e-14,0
331.0,0.045,-0.015,1.2135650149e-14,0
331.0,0.04,-0.01,2.456459399e-14,0
331.0,0.045,-0.01,1.01644275453e-14,0
331.0,0.04,-0.005,2.39415906193e-14,0
331.0,0.045,-0.005,8.83429715661e-15,0
331.0,0.04,0,2.35824399433e-14,0
331.0,0.045,4.16333634234e-19,8.15072153766e-15,0
331.0,0.04,0.005,2.31768235144e-14,0
331.0,0.045,0.005,8.18949648002e-15,0
331.0,0.04,0.01,2.31208533894e-14,0
331.0,0.045,0.01,8.87302716974e-15,0
331.0,0.04,0.015,2.36115112641e-14,0
331.0,0.045,0.015,1.02486977682e-14,0
331.0,0.04,0.02,2.43993721628e-14,0
331.0,0.045,0.02,1.21218366634e-14,0
331.0,0.04,0.025,2.52347048627e-14,0
331.0,0.045,0.025,1.42267567836e-14,0
331.0,0.04,0.03,2.58509482684e-14,0
331.0,0.045,0.03,1.63262526391e-14,0
331.0,0.04,0.035,2.60495883958e-14,0
331.0,0.045,0.035,1.81357143209e-14,0
331.0,0.04,0.04,2.48450062112e-14,0
331.0,0.04,0.045,2.12313435608e-14,0
331.0,0.045,0.04,1.92847020168e-14,0
331.0,0.045,0.045,1.88257065729e-14,0
331.0,0.04,0.05,1.5300929462e-14,0
331.0,0.04,0.055,7.38432911631e-15,0
331.0,0.045,0.05,1.65550736704e-14,0
331.0,0.045,0.055,1.26084933395e-14,0
331.0,0.04,0.06,-2.03011179221e-15,0
331.0,0.04,0.065,-1.23961464759e-14,0
331.0,0.045,0.06,7.31391952171e-15,0
331.0,0.045,0.065,1.12107300531e-15,0
331.0,0.04,0.07,-2.31905454522e-14,0
331.0,0.04,0.075,-3.40173958075e-14,0
331.0,0.045,0.07,-5.47911069218e-15,0
331.0,0.045,0.075,-1.20120453243e-14,0
331.0,0.05,-0.075,6.66440344968e-15,0
331.0,0.05,-0.07,9.78690520645e-15,0
331.0,0.055,-0.075,2.46745582037e-14,0
331.0,0.055,-0.07,2.41224162297e-14,0
331.0,0.05,-0.065,1.30684370584e-14,0
331.0,0.055,-0.065,2.36950114273e-14,0
331.0,0.05,-0.06,1.59447359584e-14,0
331.0,0.055,-0.06,2.27598525497e-14,0
331.0,0.05,-0.055,1.79141403121e-14,0
331.0,0.055,-0.055,2.08434208179e-14,0
331.0,0.05,-0.05,1.85990759562e-14,0
331.0,0.055,-0.05,1.76430791052e-14,0
331.0,0.05,-0.045,1.77796484975e-14,0
331.0,0.055,-0.045,1.30717372103e-14,0
331.0,0.05,-0.04,1.54668679997e-14,0
331.0,0.055,-0.04,7.24883896555e-15,0
331.0,0.05,-0.035,1.19211766696e-14,0
331.0,0.055,-0.035,5.24831191432e-16,0
331.0,0.05,-0.03,7.65817877996e-15,0
331.0,0.055,-0.03,-6.6182296865e-15,0
331.0,0.05,-0.025,3.17181395267e-15,0
331.0,0.055,-0.025,-1.3662697881e-14,0
331.0,0.05,-0.02,-1.08841094918e-15,0
331.0,0.055,-0.02,-2.01405787387e-14,0
331.0,0.05,-0.015,-4.88283210392e-15,0
331.0,0.055,-0.015,-2.57444594063e-14,0
331.0,0.05,-0.01,-7.99181140949e-15,0
331.0,0.055,-0.01,-3.01670655816e-14,0
331.0,0.05,-0.005,-1.013848975e-14,0
331.0,0.055,-0.005,-3.30948042448e-14,0
331.0,0.05,0,-1.10918495999e-14,0
331.0,0.055,4.16333634234e-19,-3.42508403183e-14,0
331.0,0.05,0.005,-1.0662661663e-14,0
331.0,0.055,0.005,-3.35036408924e-14,0
331.0,0.05,0.01,-9.07145324492e-15,0
331.0,0.055,0.01,-3.10102693223e-14,0
331.0,0.05,0.015,-6.49390237624e-15,0
331.0,0.055,0.015,-2.70151700773e-14,0
331.0,0.05,0.02,-3.1434172019e-15,0
331.0,0.055,0.02,-2.17819747444e-14,0
331.0,0.05,0.025,7.38348594536e-16,0
331.0,0.055,0.025,-1.5616422809e-14,0
331.0,0.05,0.03,4.87470743818e-15,0
331.0,0.055,0.03,-8.83727986156e-15,0
331.0,0.05,0.035,9.00340747878e-15,0
331.0,0.055,0.035,-1.78442517021e-15,0
331.0,0.05,0.04,1.27853065647e-14,0
331.0,0.055,0.04,5.16938360267e-15,0
331.0,0.05,0.045,1.55870941131e-14,0
331.0,0.055,0.045,1.14775466492e-14,0
331.0,0.05,0.05,1.70436677989e-14,0
331.0,0.05,0.055,1.70798493652e-14,0
331.0,0.055,0.05,1.67115505737e-14,0
331.0,0.055,0.055,2.06882469608e-14,0
331.0,0.05,0.06,1.58738859709e-14,0
331.0,0.05,0.065,1.37690239771e-14,0
331.0,0.055,0.06,2.34408607474e-14,0
331.0,0.055,0.065,2.52300714762e-14,0
331.0,0.05,0.07,1.12377382223e-14,0
331.0,0.05,0.075,8.82578040449e-15,0
331.0,0.055,0.07,2.64986816012e-14,0
331.0,0.055,0.075,2.78629841488e-14,0
331.0,0.06,-0.075,4.04297637883e-14,0
331.0,0.06,-0.07,3.66585117045e-14,0
331.0,0.065,-0.075,5.37973404965e-14,0
331.0,0.065,-0.07,4.74217447235e-14,0
331.0,0.06,-0.065,3.28940136618e-14,0
331.0,0.065,-0.065,4.07938445343e-14,0
331.0,0.06,-0.06,2.84331414432e-14,0
331.0,0.065,-0.06,3.31454245672e-14,0
331.0,0.06,-0.055,2.28116984903e-14,0
331.0,0.065,-0.055,2.40547248096e-14,0
331.0,0.06,-0.05,1.58161928932e-14,0
331.0,0.065,-0.05,1.33807292306e-14,0
331.0,0.06,-0.045,7.45652874795e-15,0
331.0,0.065,-0.045,1.25658458317e-15,0
331.0,0.06,-0.04,-2.02531419587e-15,0
331.0,0.065,-0.04,-1.19762884647e-14,0
331.0,0.06,-0.035,-1.22159764818e-14,0
331.0,0.065,-0.035,-2.57917242585e-14,0
331.0,0.06,-0.03,-2.25712467107e-14,0
331.0,0.065,-0.03,-3.95700464626e-14,0
331.0,0.06,-0.025,-3.25236959106e-14,0
331.0,0.065,-0.025,-5.26469673308e-14,0
331.0,0.06,-0.02,-4.15445228525e-14,0
331.0,0.065,-0.02,-6.44026862959e-14,0
331.0,0.06,-0.015,-4.92056917374e-14,0
331.0,0.065,-0.015,-7.42738924759e-14,0
331.0,0.06,-0.01,-5.51080318686e-14,0
331.0,0.065,-0.01,-8.17835541131e-14,0
331.0,0.06,-0.005,-5.89021652567e-14,0
331.0,0.065,-0.005,-8.65218218186e-14,0
331.0,0.06,0,-6.03075540623e-14,0
331.0,0.065,4.16333634234e-19,-8.82199557932e-14,0
331.0,0.06,0.005,-5.92191502369e-14,0
331.0,0.065,0.005,-8.67708213723e-14,0
331.0,0.06,0.01,-5.57551224623e-14,0
331.0,0.065,0.01,-8.22846945378e-14,0
331.0,0.06,0.015,-5.01805561194e-14,0
331.0,0.065,0.015,-7.50185891517e-14,0
331.0,0.06,0.02,-4.28114856474e-14,0
331.0,0.065,0.02,-6.53571963253e-14,0
331.0,0.06,0.025,-3.40252822343e-14,0
331.0,0.065,0.025,-5.37488592777e-14,0
331.0,0.06,0.03,-2.42284133322e-14,0
331.0,0.065,0.03,-4.07185096674e-14,0
331.0,0.06,0.035,-1.38669668301e-14,0
331.0,0.065,0.035,-2.68255814849e-14,0
331.0,0.06,0.04,-3.4176999686e-15,0
331.0,0.065,0.04,-1.26796216242e-14,0
331.0,0.06,0.045,6.5681133574e-15,0
331.0,0.065,0.045,1.10630036911e-15,0
331.0,0.06,0.05,1.56229029392e-14,0
331.0,0.065,0.05,1.39724367507e-14,0
331.0,0.06,0.055,2.34431819234e-14,0
331.0,0.065,0.055,2.55253545847e-14,0
331.0,0.06,0.06,2.99637767037e-14,0
331.0,0.06,0.065,3.53512515829e-14,0
331.0,0.065,0.06,3.55760156401e-14,0
331.0,0.065,0.065,4.42169905832e-14,0
331.0,0.06,0.07,4.00374016076e-14,0
331.0,0.06,0.075,4.47126139713e-14,0
331.0,0.065,0.07,5.1836219017e-14,0
331.0,0.065,0.075,5.91919699617e-14,0
331.0,0.07,-0.075,6.50497274444e-14,0
331.0,0.07,-0.07,5.67655266128e-14,0
331.0,0.075,-0.075,7.48418298768e-14,0
331.0,0.075,-0.07,6.54522396648e-14,0
331.0,0.07,-0.065,4.77824626841e-14,0
331.0,0.075,-0.065,5.45826139228e-14,0
331.0,0.07,-0.06,3.73063410487e-14,0
331.0,0.075,-0.06,4.15550860515e-14,0
331.0,0.07,-0.055,2.49636842366e-14,0
331.0,0.075,-0.055,2.60900018748e-14,0
331.0,0.07,-0.05,1.07301300847e-14,0
331.0,0.075,-0.05,8.32709525579e-15,0
331.0,0.07,-0.045,-5.14642391323e-15,0
331.0,0.075,-0.045,-1.13613762861e-14,0
331.0,0.07,-0.04,-2.21859850879e-14,0
331.0,0.075,-0.04,-3.23375353632e-14,0
331.0,0.07,-0.035,-3.97522630329e-14,0
331.0,0.075,-0.035,-5.38211209063e-14,0
331.0,0.07,-0.03,-5.70960252149e-14,0
331.0,0.075,-0.03,-7.49276925157e-14,0
331.0,0.07,-0.025,-7.34516194521e-14,0
331.0,0.075,-0.025,-9.47380871529e-14,0
331.0,0.07,-0.02,-8.80641377899e-14,0
331.0,0.075,-0.02,-1.12388809802e-13,0
331.0,0.07,-0.015,-1.00271131005e-13,0
331.0,0.075,-0.015,-1.27063541142e-13,0
331.0,0.07,-0.01,-1.09479840517e-13,0
331.0,0.075,-0.01,-1.38111675227e-13,0
331.0,0.07,-0.005,-1.15248939374e-13,0
331.0,0.075,-0.005,-1.4497808639e-13,0
331.0,0.07,0,-1.17264547614e-13,0
331.0,0.075,0,-1.47360579858e-13,0
331.0,0.07,0.005,-1.15437254116e-13,0
331.0,0.075,0.005,-1.45107700477e-13,0
331.0,0.07,0.01,-1.09853387745e-13,0
331.0,0.075,0.01,-1.38365597106e-13,0
331.0,0.07,0.015,-1.00815185453e-13,0
331.0,0.075,0.015,-1.27423588602e-13,0
331.0,0.07,0.02,-8.87404076144e-14,0
331.0,0.075,0.02,-1.12812875633e-13,0
331.0,0.07,0.025,-7.41895285534e-14,0
331.0,0.075,0.025,-9.51492652959e-14,0
331.0,0.07,0.03,-5.77823676393e-14,0
331.0,0.075,0.03,-7.52060559262e-14,0
331.0,0.07,0.035,-4.02249795886e-14,0
331.0,0.075,0.035,-5.38007602801e-14,0
331.0,0.07,0.04,-2.22448070203e-14,0
331.0,0.075,0.04,-3.18190992081e-14,0
331.0,0.07,0.045,-4.58199444951e-15,0
331.0,0.075,0.045,-1.01378947294e-14,0
331.0,0.07,0.05,1.21014890418e-14,0
331.0,0.075,0.05,1.04389991567e-14,0
331.0,0.07,0.055,2.72791516336e-14,0
331.0,0.075,0.055,2.92274688454e-14,0
331.0,0.07,0.06,4.06477592526e-14,0
331.0,0.075,0.06,4.57965938542e-14,0
331.0,0.07,0.065,5.21803789089e-14,0
331.0,0.075,0.065,5.99498770193e-14,0
331.0,0.07,0.07,6.22147083187e-14,0
331.0,0.07,0.075,7.15360309252e-14,0
331.0,0.075,0.07,7.1925197429e-14,0
331.0,0.075,0.075,8.23864899479e-14,0
336.0,-0.00382671281566,-0.00202612167119,0,0
336.0,-0.005,-0.005,2.75046408303e-14,0
336.0,-0.00197892066871,-0.00385133392306,0,0
336.0,-0.005,-0.00190753787223,1.57559934952e-14,0
336.0,-0.00433,0,0,0
336.0,-0.00190753787223,-0.005,1.57774453475e-14,0
336.0,0,-0.00433,0,0
336.0,-0.005,0.00190775150599,1.57245633728e-14,0
336.0,-0.00385133392306,0.00197892066871,0,0
336.0,0.00190775150599,-0.005,1.57694879311e-14,0
336.0,0.00202612167119,-0.00382671281566,0,0
336.0,-0.00202612167119,0.00382671281566,0,0
336.0,-0.005,0.005,2.72428305624e-14,0
336.0,-0.0019094272225,0.005,1.57627410401e-14,0
336.0,0,0.00433,0,0
336.0,0.00147766755988,0.00407006125046,0,0
336.0,8.32667268469e-19,0.005,1.19092553801e-14,0
336.0,0.00433,0,0,0
336.0,0.005,1.38777878078e-18,1.14147392179e-14,0
336.0,0.00407006125046,0.00147766755988,0,0
336.0,0.005,-0.005,2.8069825257e-14,0
336.0,0.00385133392306,-0.00197892066871,0,0
336.0,0.005,-0.0019094272225,1.57455824621e-14,0
336.0,0.00306177236254,0.00306177236254,0,0
336.0,0.0019094272225,0.005,1.59863238437e-14,0
336.0,0.005,0.0019094272225,1.58194826352e-14,0
336.0,-0.000885,-0.0015328649647,1.27152865541e-12,0
336.0,-0.0015328649647,-0.000885,1.2716510398e-12,0
336.0,-0.00186450691264,-0.00187567167242,8.43031021988e-13,0
336.0,-0.00177,0,1.27134276451e-12,0
336.0,-0.00268433516245,-0.000738983120158,7.59111981444e-13,0
336.0,0,-0.00177,1.27149028225e-12,0
336.0,-0.000718432264205,-0.00269192408424,7.57405800023e-13,0
336.0,-0.0015328649647,0.000885,1.26983826749e-12,0
336.0,-0.00265321485144,0.000647311733689,7.89895151797e-13,0
336.0,-0.000885,0.0015328649647,1.26821071895e-12,0
336.0,-0.00194719253591,0.00178443766524,8.43957319267e-13,0
336.0,0,0.00177,1.26410449011e-12,0
336.0,-0.000802720381054,0.00273415977115,7.17505182644e-13,0
336.0,0.000885,-0.0015328649647,1.27017909769e-12,0
336.0,0.00075154031863,-0.00270385456952,7.45295723329e-13,0
336.0,0.00177,0,1.26244423695e-12,0
336.0,0.0015328649647,-0.000885,1.2680266364e-12,0
336.0,0.00271471102228,-0.000564731152102,7.60919585539e-13,0
336.0,0.00192394637685,-0.00189207206672,8.10101617566e-13,0
336.0,0.00231817117671,0.00040530921667,9.87917458713e-13,0
336.0,0.0015328649647,0.000885,1.26071055652e-12,0
336.0,0.000885,0.0015328649647,1.26141562306e-12,0
336.0,0.000427053001345,0.00287092483521,6.82194397576e-13,0
336.0,0.00187618296239,0.00184774001435,8.33346138162e-13,0
336.0,0.00312733402203,0.000607809752493,5.1920279514e-13,0
336.0,0.00276214303706,0.00136595635004,5.7686352636e-13,0
336.0,0.0014100336009,0.00268674970267,6.04776024971e-13,0
336.0,-0.075,-0.075,5.59151379527e-14,0
336.0,-0.07,-0.075,4.8249633517e-14,0
336.0,-0.075,-0.07,4.95721685345e-14,0
336.0,-0.07,-0.07,4.29404502506e-14,0
336.0,-0.075,-0.065,4.18034955124e-14,0
336.0,-0.07,-0.065,3.69403944767e-14,0
336.0,-0.065,-0.075,3.9201263598e-14,0
336.0,-0.065,-0.07,3.56899951982e-14,0
336.0,-0.065,-0.065,3.19240017808e-14,0
336.0,-0.075,-0.06,3.18716050056e-14,0
336.0,-0.07,-0.06,2.94084754404e-14,0
336.0,-0.065,-0.06,2.70852039002e-14,0
336.0,-0.075,-0.055,1.93734767133e-14,0
336.0,-0.07,-0.055,1.98648838546e-14,0
336.0,-0.065,-0.055,2.06524741017e-14,0
336.0,-0.075,-0.05,4.29199114921e-15,0
336.0,-0.07,-0.05,8.15006632576e-15,0
336.0,-0.065,-0.05,1.23612935862e-14,0
336.0,-0.075,-0.045,-1.31647821959e-14,0
336.0,-0.07,-0.045,-5.62840276536e-15,0
336.0,-0.065,-0.045,2.22306014832e-15,0
336.0,-0.075,-0.04,-3.25026921904e-14,0
336.0,-0.07,-0.04,-2.11152801676e-14,0
336.0,-0.075,-0.035,-5.306094486e-14,0
336.0,-0.07,-0.035,-3.77725984773e-14,0
336.0,-0.065,-0.04,-9.52608636989e-15,0
336.0,-0.065,-0.035,-2.24392712945e-14,0
336.0,-0.075,-0.03,-7.40169633992e-14,0
336.0,-0.07,-0.03,-5.49140971978e-14,0
336.0,-0.075,-0.025,-9.4459895758e-14,0
336.0,-0.07,-0.025,-7.17877786947e-14,0
336.0,-0.065,-0.03,-3.59540303197e-14,0
336.0,-0.065,-0.025,-4.94412879473e-14,0
336.0,-0.075,-0.02,-1.13440571358e-13,0
336.0,-0.07,-0.02,-8.75768741295e-14,0
336.0,-0.075,-0.015,-1.29975140552e-13,0
336.0,-0.07,-0.015,-1.01471945041e-13,0
336.0,-0.065,-0.02,-6.22517935856e-14,0
336.0,-0.065,-0.015,-7.36936108828e-14,0
336.0,-0.075,-0.01,-1.4316554099e-13,0
336.0,-0.07,-0.01,-1.1265336854e-13,0
336.0,-0.075,-0.005,-1.52173580918e-13,0
336.0,-0.07,-0.005,-1.20417458704e-13,0
336.0,-0.065,-0.01,-8.30751000584e-14,0
336.0,-0.065,-0.005,-8.97250811927e-14,0
336.0,-0.075,0,-1.56422038386e-13,0
336.0,-0.07,0,-1.24195665801e-13,0
336.0,-0.075,0.005,-1.55525542525e-13,0
336.0,-0.07,0.005,-1.23689861658e-13,0
336.0,-0.065,4.16333634234e-19,-9.3133886552e-14,0
336.0,-0.065,0.005,-9.30027493045e-14,0
336.0,-0.075,0.01,-1.49474586524e-13,0
336.0,-0.07,0.01,-1.18845178157e-13,0
336.0,-0.075,0.015,-1.38475150732e-13,0
336.0,-0.07,0.015,-1.0990480096e-13,0
336.0,-0.065,0.01,-8.93125172879e-14,0
336.0,-0.065,0.015,-8.22841304743e-14,0
336.0,-0.075,0.02,-1.23059047566e-13,0
336.0,-0.07,0.02,-9.72945851576e-14,0
336.0,-0.075,0.025,-1.03875668726e-13,0
336.0,-0.07,0.025,-8.16194333892e-14,0
336.0,-0.065,0.02,-7.2347624008e-14,0
336.0,-0.065,0.025,-6.00019696887e-14,0
336.0,-0.075,0.03,-8.17692219397e-14,0
336.0,-0.07,0.03,-6.35456202851e-14,0
336.0,-0.075,0.035,-5.76346487434e-14,0
336.0,-0.07,0.035,-4.38360354147e-14,0
336.0,-0.065,0.03,-4.58025958926e-14,0
336.0,-0.065,0.035,-3.03266132935e-14,0
336.0,-0.075,0.04,-3.24660017477e-14,0
336.0,-0.07,0.04,-2.32914466952e-14,0
336.0,-0.075,0.045,-7.26989296729e-15,0
336.0,-0.07,0.045,-2.75413783801e-15,0
336.0,-0.065,0.04,-1.42206145214e-14,0
336.0,-0.065,0.045,1.82640327327e-15,0
336.0,-0.075,0.05,1.69951540269e-14,0
336.0,-0.07,0.05,1.69868222349e-14,0
336.0,-0.075,0.055,3.9481231671e-14,0
336.0,-0.07,0.055,3.52696596392e-14,0
336.0,-0.065,0.05,1.71487587391e-14,0
336.0,-0.065,0.055,3.12364262302e-14,0
336.0,-0.075,0.06,5.96089269124e-14,0
336.0,-0.07,0.06,5.16667070594e-14,0
336.0,-0.075,0.065,7.70637465787e-14,0
336.0,-0.07,0.065,6.60632395243e-14,0
336.0,-0.065,0.06,4.37944761893e-14,0
336.0,-0.065,0.065,5.48432017027e-14,0
336.0,-0.075,0.07,9.20414834659e-14,0
336.0,-0.07,0.07,7.87733340955e-14,0
336.0,-0.075,0.075,1.05261991415e-13,0
336.0,-0.07,0.075,9.06568924516e-14,0
336.0,-0.065,0.07,6.47512363796e-14,0
336.0,-0.065,0.075,7.43375560734e-14,0
336.0,-0.06,-0.075,2.80971127778e-14,0
336.0,-0.06,-0.07,2.70467938707e-14,0
336.0,-0.06,-0.065,2.60094003114e-14,0
336.0,-0.055,-0.075,1.45931620734e-14,0
336.0,-0.055,-0.07,1.6594979946e-14,0
336.0,-0.055,-0.065,1.87465653151e-14,0
336.0,-0.06,-0.06,2.4222787287e-14,0
336.0,-0.06,-0.055,2.11210189222e-14,0
336.0,-0.055,-0.06,2.03419556015e-14,0
336.0,-0.055,-0.055,2.07995622474e-14,0
336.0,-0.06,-0.05,1.63733865634e-14,0
336.0,-0.055,-0.05,1.9695138133e-14,0
336.0,-0.06,-0.045,9.877970997e-15,0
336.0,-0.055,-0.045,1.68355439713e-14,0
336.0,-0.06,-0.04,1.79371562474e-15,0
336.0,-0.055,-0.04,1.22697867008e-14,0
336.0,-0.06,-0.035,-7.51539091733e-15,0
336.0,-0.055,-0.035,6.33364547366e-15,0
336.0,-0.06,-0.03,-1.75421453633e-14,0
336.0,-0.06,-0.025,-2.77830955326e-14,0
336.0,-0.055,-0.03,-4.43117460494e-16,0
336.0,-0.055,-0.025,-7.63336755639e-15,0
336.0,-0.06,-0.02,-3.77330353975e-14,0
336.0,-0.06,-0.015,-4.68611887269e-14,0
336.0,-0.055,-0.02,-1.4863736586e-14,0
336.0,-0.055,-0.015,-2.17677092195e-14,0
336.0,-0.06,-0.01,-5.45620027771e-14,0
336.0,-0.06,-0.005,-6.02057773079e-14,0
336.0,-0.055,-0.01,-2.78861555026e-14,0
336.0,-0.055,-0.005,-3.2579357424e-14,0
336.0,-0.06,0,-6.32817302194e-14,0
336.0,-0.06,0.005,-6.35204683536e-14,0
336.0,-0.055,4.16333634234e-19,-3.53434510451e-14,0
336.0,-0.055,0.005,-3.59201288265e-14,0
336.0,-0.06,0.01,-6.09019654711e-14,0
336.0,-0.06,0.015,-5.56802362251e-14,0
336.0,-0.055,0.01,-3.43040259165e-14,0
336.0,-0.055,0.015,-3.07651963692e-14,0
336.0,-0.06,0.02,-4.82862255015e-14,0
336.0,-0.06,0.025,-3.91637431731e-14,0
336.0,-0.055,0.02,-2.57930990716e-14,0
336.0,-0.055,0.025,-1.97185796763e-14,0
336.0,-0.06,0.03,-2.87093137181e-14,0
336.0,-0.06,0.035,-1.73383697863e-14,0
336.0,-0.055,0.03,-1.2800033323e-14,0
336.0,-0.055,0.035,-5.30094350254e-15,0
336.0,-0.06,0.04,-5.52221968057e-15,0
336.0,-0.06,0.045,6.13148938039e-15,0
336.0,-0.055,0.04,2.45885871848e-15,0
336.0,-0.055,0.045,9.87560244827e-15,0
336.0,-0.06,0.05,1.70594584805e-14,0
336.0,-0.06,0.055,2.68521893068e-14,0
336.0,-0.055,0.05,1.64229147859e-14,0
336.0,-0.055,0.055,2.18205684369e-14,0
336.0,-0.06,0.06,3.53517728506e-14,0
336.0,-0.06,0.065,4.26585251121e-14,0
336.0,-0.055,0.06,2.601651095e-14,0
336.0,-0.055,0.065,2.9210881146e-14,0
336.0,-0.06,0.07,4.91821965175e-14,0
336.0,-0.06,0.075,5.56484181491e-14,0
336.0,-0.055,0.07,3.18146642626e-14,0
336.0,-0.055,0.075,3.44510371341e-14,0
336.0,-0.05,-0.075,-1.27812297206e-15,0
336.0,-0.05,-0.07,4.22070257744e-15,0
336.0,-0.045,-0.075,-1.92864047212e-14,0
336.0,-0.045,-0.07,-9.94909466265e-15,0
336.0,-0.05,-0.065,9.92424090923e-15,0
336.0,-0.045,-0.065,-4.3164665e-16,0
336.0,-0.05,-0.06,1.51811877044e-14,0
336.0,-0.05,-0.055,1.93700132001e-14,0
336.0,-0.045,-0.06,8.66790248321e-15,0
336.0,-0.045,-0.055,1.67009778224e-14,0
336.0,-0.05,-0.05,2.19817978727e-14,0
336.0,-0.05,-0.045,2.26778619623e-14,0
336.0,-0.045,-0.05,2.30448097439e-14,0
336.0,-0.045,-0.045,2.72025592988e-14,0
336.0,-0.05,-0.04,2.14045609625e-14,0
336.0,-0.045,-0.04,2.89041495929e-14,0
336.0,-0.05,-0.035,1.84384753076e-14,0
336.0,-0.045,-0.035,2.82281866561e-14,0
336.0,-0.05,-0.03,1.44715978736e-14,0
336.0,-0.045,-0.03,2.62992731369e-14,0
336.0,-0.05,-0.025,9.97483848777e-15,0
336.0,-0.045,-0.025,2.38073737755e-14,0
336.0,-0.05,-0.02,5.21174207495e-15,0
336.0,-0.05,-0.015,4.17518823773e-16,0
336.0,-0.045,-0.02,2.10324017283e-14,0
336.0,-0.045,-0.015,1.82439699397e-14,0
336.0,-0.05,-0.01,-4.18953466668e-15,0
336.0,-0.05,-0.005,-7.93744099018e-15,0
336.0,-0.045,-0.01,1.52714684949e-14,0
336.0,-0.045,-0.005,1.25659021857e-14,0
336.0,-0.05,0,-1.03598778851e-14,0
336.0,-0.05,0.005,-1.12544054801e-14,0
336.0,-0.045,4.16333634234e-19,1.0537867364e-14,0
336.0,-0.045,0.005,9.36316709485e-15,0
336.0,-0.05,0.01,-1.05861290074e-14,0
336.0,-0.05,0.015,-8.6043310547e-15,0
336.0,-0.045,0.01,9.07348482058e-15,0
336.0,-0.045,0.015,9.49106257157e-15,0
336.0,-0.05,0.02,-5.85678191531e-15,0
336.0,-0.05,0.025,-2.5009367946e-15,0
336.0,-0.045,0.02,1.02627352695e-14,0
336.0,-0.045,0.025,1.14846942447e-14,0
336.0,-0.05,0.03,1.29416149636e-15,0
336.0,-0.05,0.035,5.37200050549e-15,0
336.0,-0.045,0.03,1.29227010134e-14,0
336.0,-0.045,0.035,1.43318682373e-14,0
336.0,-0.05,0.04,9.46810747993e-15,0
336.0,-0.05,0.045,1.28738858385e-14,0
336.0,-0.045,0.04,1.54250435079e-14,0
336.0,-0.045,0.045,1.51423380045e-14,0
336.0,-0.05,0.05,1.51225705827e-14,0
336.0,-0.05,0.055,1.60470775731e-14,0
336.0,-0.045,0.05,1.31898509083e-14,0
336.0,-0.045,0.055,9.63275191659e-15,0
336.0,-0.05,0.06,1.57542865842e-14,0
336.0,-0.05,0.065,1.45293974829e-14,0
336.0,-0.045,0.06,4.74156152144e-15,0
336.0,-0.045,0.065,-1.08479301265e-15,0
336.0,-0.05,0.07,1.28053586991e-14,0
336.0,-0.05,0.075,1.11065818904e-14,0
336.0,-0.045,0.07,-7.40382688169e-15,0
336.0,-0.045,0.075,-1.37864391597e-14,0
336.0,-0.04,-0.075,-3.89336175054e-14,0
336.0,-0.04,-0.07,-2.55714854947e-14,0
336.0,-0.035,-0.075,-5.95724609677e-14,0
336.0,-0.035,-0.07,-4.2140679046e-14,0
336.0,-0.04,-0.065,-1.21117659339e-14,0
336.0,-0.035,-0.065,-2.47343503758e-14,0
336.0,-0.04,-0.06,9.13496856097e-16,0
336.0,-0.035,-0.06,-7.82944886286e-15,0
336.0,-0.04,-0.055,1.28142630032e-14,0
336.0,-0.035,-0.055,7.86403252104e-15,0
336.0,-0.04,-0.05,2.28643614066e-14,0
336.0,-0.04,-0.045,3.03974901947e-14,0
336.0,-0.035,-0.05,2.15164795113e-14,0
336.0,-0.035,-0.045,3.23036982121e-14,0
336.0,-0.04,-0.04,3.49242742435e-14,0
336.0,-0.04,-0.035,3.62104135838e-14,0
336.0,-0.035,-0.04,3.95443524726e-14,0
336.0,-0.035,-0.035,4.27251145487e-14,0
336.0,-0.04,-0.03,3.55795278659e-14,0
336.0,-0.035,-0.03,4.33115046775e-14,0
336.0,-0.04,-0.025,3.44011040118e-14,0
336.0,-0.035,-0.025,4.31328656574e-14,0
336.0,-0.04,-0.02,3.29004687149e-14,0
336.0,-0.035,-0.02,4.23922153836e-14,0
336.0,-0.04,-0.015,3.14702167497e-14,0
336.0,-0.035,-0.015,4.14366195837e-14,0
336.0,-0.04,-0.01,3.00461996065e-14,0
336.0,-0.04,-0.005,2.83266303437e-14,0
336.0,-0.035,-0.01,4.03666750729e-14,0
336.0,-0.035,-0.005,3.89929000519e-14,0
336.0,-0.04,0,2.66707094e-14,0
336.0,-0.04,0.005,2.53381485356e-14,0
336.0,-0.035,4.16333634234e-19,3.75912778326e-14,0
336.0,-0.035,0.005,3.6296371867e-14,0
336.0,-0.04,0.01,2.42522465992e-14,0
336.0,-0.04,0.015,2.32721575759e-14,0
336.0,-0.035,0.01,3.51145051625e-14,0
336.0,-0.035,0.015,3.391642707e-14,0
336.0,-0.04,0.02,2.27257497437e-14,0
336.0,-0.04,0.025,2.25752444987e-14,0
336.0,-0.035,0.02,3.28951145491e-14,0
336.0,-0.035,0.025,3.19337228605e-14,0
336.0,-0.04,0.03,2.24681671298e-14,0
336.0,-0.04,0.035,2.21571513246e-14,0
336.0,-0.035,0.03,3.06858426817e-14,0
336.0,-0.035,0.035,2.89021572459e-14,0
336.0,-0.04,0.04,2.06181254975e-14,0
336.0,-0.04,0.045,1.68130480694e-14,0
336.0,-0.035,0.04,2.50429742957e-14,0
336.0,-0.035,0.045,1.79729677814e-14,0
336.0,-0.04,0.05,1.07801170273e-14,0
336.0,-0.04,0.055,2.80002509794e-15,0
336.0,-0.035,0.05,8.07205473585e-15,0
336.0,-0.035,0.055,-4.1485919594e-15,0
336.0,-0.04,0.06,-6.67912338215e-15,0
336.0,-0.04,0.065,-1.71583772952e-14,0
336.0,-0.035,0.06,-1.80743117507e-14,0
336.0,-0.035,0.065,-3.30931518668e-14,0
336.0,-0.04,0.07,-2.81666596151e-14,0
336.0,-0.04,0.075,-3.93761831337e-14,0
336.0,-0.035,0.07,-4.8721835082e-14,0
336.0,-0.035,0.075,-6.47090509552e-14,0
336.0,-0.03,-0.075,-8.0397022904e-14,0
336.0,-0.03,-0.07,-5.9002787811e-14,0
336.0,-0.025,-0.075,-1.00511431368e-13,0
336.0,-0.025,-0.07,-7.54299905367e-14,0
336.0,-0.03,-0.065,-3.78010171962e-14,0
336.0,-0.025,-0.065,-5.07093691376e-14,0
336.0,-0.03,-0.06,-1.71839128052e-14,0
336.0,-0.025,-0.06,-2.66891939352e-14,0
336.0,-0.03,-0.055,2.10604380128e-15,0
336.0,-0.025,-0.055,-4.11612466557e-15,0
336.0,-0.03,-0.05,1.91503836252e-14,0
336.0,-0.025,-0.05,1.60057341796e-14,0
336.0,-0.03,-0.045,3.29812678927e-14,0
336.0,-0.025,-0.045,3.25685923852e-14,0
336.0,-0.03,-0.04,4.27160410851e-14,0
336.0,-0.03,-0.035,4.7618240004e-14,0
336.0,-0.025,-0.04,4.4526615939e-14,0
336.0,-0.025,-0.035,5.09070412443e-14,0
336.0,-0.03,-0.03,4.92679558388e-14,0
336.0,-0.03,-0.025,4.98192916721e-14,0
336.0,-0.025,-0.03,5.34339110174e-14,0
336.0,-0.025,-0.025,5.44972587824e-14,0
336.0,-0.03,-0.02,4.94660522614e-14,0
336.0,-0.025,-0.02,5.43059473947e-14,0
336.0,-0.03,-0.015,4.84975968554e-14,0
336.0,-0.025,-0.015,5.32413388942e-14,0
336.0,-0.03,-0.01,4.71694165938e-14,0
336.0,-0.025,-0.01,5.1675451062e-14,0
336.0,-0.03,-0.005,4.57296340001e-14,0
336.0,-0.025,-0.005,5.00008176011e-14,0
336.0,-0.03,0,4.44061411003e-14,0
336.0,-0.03,0.005,4.3342125628e-14,0
336.0,-0.025,4.16333634234e-19,4.86912239455e-14,0
336.0,-0.025,0.005,4.79280001014e-14,0
336.0,-0.03,0.01,4.24911879202e-14,0
336.0,-0.03,0.015,4.17085948012e-14,0
336.0,-0.025,0.01,4.75913332088e-14,0
336.0,-0.025,0.015,4.72656805648e-14,0
336.0,-0.03,0.02,4.07815773417e-14,0
336.0,-0.03,0.025,3.94550830563e-14,0
336.0,-0.025,0.02,4.65968607093e-14,0
336.0,-0.025,0.025,4.52099407485e-14,0
336.0,-0.03,0.03,3.74282250359e-14,0
336.0,-0.03,0.035,3.44646479708e-14,0
336.0,-0.025,0.03,4.27209040718e-14,0
336.0,-0.025,0.035,3.88847395828e-14,0
336.0,-0.03,0.04,2.86408186576e-14,0
336.0,-0.03,0.045,1.86859158457e-14,0
336.0,-0.025,0.04,3.14899805504e-14,0
336.0,-0.025,0.045,1.90836547864e-14,0
336.0,-0.03,0.05,5.26636150494e-15,0
336.0,-0.03,0.055,-1.08756375147e-14,0
336.0,-0.025,0.05,2.60060013419e-15,0
336.0,-0.025,0.055,-1.70135260654e-14,0
336.0,-0.03,0.06,-2.89497395201e-14,0
336.0,-0.03,0.065,-4.82453602051e-14,0
336.0,-0.025,0.06,-3.88056369871e-14,0
336.0,-0.025,0.065,-6.19515015543e-14,0
336.0,-0.03,0.07,-6.82392642986e-14,0
336.0,-0.03,0.075,-8.87756283829e-14,0
336.0,-0.025,0.07,-8.59104972633e-14,0
336.0,-0.025,0.075,-1.10567823437e-13,0
336.0,-0.02,-0.075,-1.1899446673e-13,0
336.0,-0.02,-0.07,-9.0627722318e-14,0
336.0,-0.015,-0.075,-1.34914311627e-13,0
336.0,-0.015,-0.07,-1.03833492324e-13,0
336.0,-0.02,-0.065,-6.28195699489e-14,0
336.0,-0.015,-0.065,-7.34692809697e-14,0
336.0,-0.02,-0.06,-3.5818210216e-14,0
336.0,-0.015,-0.06,-4.40322397442e-14,0
336.0,-0.02,-0.055,-1.03927753998e-14,0
336.0,-0.015,-0.055,-1.62798329281e-14,0
336.0,-0.02,-0.05,1.23898673146e-14,0
336.0,-0.015,-0.05,8.66625844779e-15,0
336.0,-0.02,-0.045,3.13171217901e-14,0
336.0,-0.015,-0.045,2.95059452807e-14,0
336.0,-0.02,-0.04,4.51833971089e-14,0
336.0,-0.015,-0.04,4.49541906044e-14,0
336.0,-0.02,-0.035,5.28539678075e-14,0
336.0,-0.015,-0.035,5.37468351373e-14,0
336.0,-0.02,-0.03,5.60548337749e-14,0
336.0,-0.02,-0.025,5.7383847349e-14,0
336.0,-0.015,-0.03,5.75259631562e-14,0
336.0,-0.015,-0.025,5.88747306701e-14,0
336.0,-0.02,-0.02,5.70484093558e-14,0
336.0,-0.02,-0.015,5.55111890155e-14,0
336.0,-0.015,-0.02,5.79871249154e-14,0
336.0,-0.015,-0.015,5.53082304107e-14,0
336.0,-0.02,-0.01,5.32572004665e-14,0
336.0,-0.015,-0.01,5.14694624027e-14,0
336.0,-0.02,-0.005,5.09755218082e-14,0
336.0,-0.015,-0.005,4.78252430278e-14,0
336.0,-0.02,0,4.95060320588e-14,0
336.0,-0.015,4.16333634234e-19,4.59279820943e-14,0
336.0,-0.02,0.005,4.92501043859e-14,0
336.0,-0.015,0.005,4.64840828481e-14,0
336.0,-0.02,0.01,4.98373934433e-14,0
336.0,-0.02,0.015,5.04631389274e-14,0
336.0,-0.015,0.01,4.87773247383e-14,0
336.0,-0.015,0.015,5.12671882252e-14,0
336.0,-0.02,0.02,5.04772598739e-14,0
336.0,-0.02,0.025,4.94077136955e-14,0
336.0,-0.015,0.02,5.26675957903e-14,0
336.0,-0.015,0.025,5.23958816559e-14,0
336.0,-0.02,0.03,4.67932333818e-14,0
336.0,-0.02,0.035,4.2399545247e-14,0
336.0,-0.015,0.03,4.99886478296e-14,0
336.0,-0.015,0.035,4.52517650532e-14,0
336.0,-0.02,0.04,3.37655238051e-14,0
336.0,-0.02,0.045,1.93732888618e-14,0
336.0,-0.015,0.04,3.56885376967e-14,0
336.0,-0.015,0.045,1.97654047135e-14,0
336.0,-0.02,0.05,3.41926566883e-16,0
336.0,-0.02,0.055,-2.21968640098e-14,0
336.0,-0.015,0.05,-1.23863887739e-15,0
336.0,-0.015,0.055,-2.60823133541e-14,0
336.0,-0.02,0.06,-4.71490391997e-14,0
336.0,-0.02,0.065,-7.36022364847e-14,0
336.0,-0.015,0.06,-5.35554921081e-14,0
336.0,-0.015,0.065,-8.26538155485e-14,0
336.0,-0.02,0.07,-1.00963864597e-13,0
336.0,-0.02,0.075,-1.2919159993e-13,0
336.0,-0.015,0.07,-1.12763479531e-13,0
336.0,-0.015,0.075,-1.43839715486e-13,0
336.0,-0.01,-0.075,-1.47460882733e-13,0
336.0,-0.01,-0.07,-1.14314964696e-13,0
336.0,-0.005,-0.075,-1.55902071371e-13,0
336.0,-0.005,-0.07,-1.21482307319e-13,0
336.0,-0.01,-0.065,-8.20535850646e-14,0
336.0,-0.005,-0.065,-8.80384492544e-14,0
336.0,-0.01,-0.06,-5.08037640452e-14,0
336.0,-0.005,-0.06,-5.5683023709e-14,0
336.0,-0.01,-0.055,-2.13344739298e-14,0
336.0,-0.005,-0.055,-2.51595242856e-14,0
336.0,-0.01,-0.05,5.20361354294e-15,0
336.0,-0.005,-0.05,2.36265324817e-15,0
336.0,-0.01,-0.045,2.74625486714e-14,0
336.0,-0.005,-0.045,2.5497690606e-14,0
336.0,-0.01,-0.04,4.40728092663e-14,0
336.0,-0.005,-0.04,4.28605781713e-14,0
336.0,-0.01,-0.035,5.37724215487e-14,0
336.0,-0.005,-0.035,5.31806735485e-14,0
336.0,-0.01,-0.03,5.80246076375e-14,0
336.0,-0.005,-0.03,5.77909568648e-14,0
336.0,-0.01,-0.025,5.91985255784e-14,0
336.0,-0.005,-0.025,5.86644334249e-14,0
336.0,-0.01,-0.02,5.7445544972e-14,0
336.0,-0.01,-0.015,5.3075619215e-14,0
336.0,-0.005,-0.02,5.60794127552e-14,0
336.0,-0.005,-0.015,5.01722616358e-14,0
336.0,-0.0117873230072,-0.0115873794689,5.04820346145e-14,0
336.0,-0.00939961996336,-0.005,3.89106404902e-14,0
336.0,-0.00792797428371,-0.00964253216809,4.35210992382e-14,0
336.0,-0.005,-0.00939961996336,3.91746428474e-14,0
336.0,-0.0108753492546,-0.00150606400588,3.92485498356e-14,0
336.0,-0.00818101620308,-0.00211452602544,3.2334181829e-14,0
336.0,-0.00651817360753,-0.000255934956239,2.40030245877e-14,0
336.0,-0.005,6.71033969428e-08,1.15649955923e-14,0
336.0,-0.0107292118043,0.00160660295843,3.86719590826e-14,0
336.0,-0.0080188992252,0.000768320427092,3.0651611785e-14,0
336.0,-0.00939946851065,0.005,3.81214364843e-14,0
336.0,-0.00802129342231,0.00264911934363,3.21280852732e-14,0
336.0,-0.00887989370213,0.00887989479405,4.21039096385e-14,0
336.0,-0.01,0.015,5.01180890737e-14,0
336.0,-0.005,0.00939947397025,3.81885007763e-14,0
336.0,-0.005,0.015,4.83786665477e-14,0
336.0,-0.01,0.02,5.35417743191e-14,0
336.0,-0.01,0.025,5.44790122315e-14,0
336.0,-0.005,0.02,5.37802773459e-14,0
336.0,-0.005,0.025,5.60309720412e-14,0
336.0,-0.01,0.03,5.25656849213e-14,0
336.0,-0.01,0.035,4.7665888864e-14,0
336.0,-0.005,0.03,5.48335199049e-14,0
336.0,-0.005,0.035,4.98542544984e-14,0
336.0,-0.01,0.04,3.74384382221e-14,0
336.0,-0.01,0.045,2.04807789014e-14,0
336.0,-0.005,0.04,3.92103388594e-14,0
336.0,-0.005,0.045,2.1677418772e-14,0
336.0,-0.01,0.05,-1.90859815904e-15,0
336.0,-0.01,0.055,-2.83912417456e-14,0
336.0,-0.005,0.05,-1.4927296887e-15,0
336.0,-0.005,0.055,-2.89391785737e-14,0
336.0,-0.01,0.06,-5.76783542571e-14,0
336.0,-0.01,0.065,-8.87030465587e-14,0
336.0,-0.005,0.06,-5.93113254367e-14,0
336.0,-0.005,0.065,-9.14851904553e-14,0
336.0,-0.01,0.07,-1.20796863115e-13,0
336.0,-0.01,0.075,-1.53954041279e-13,0
336.0,-0.005,0.07,-1.24773157922e-13,0
336.0,-0.005,0.075,-1.59127729156e-13,0
336.0,0,-0.075,-1.59756891694e-13,0
336.0,0,-0.07,-1.24868480222e-13,0
336.0,0.005,-0.075,-1.58691338136e-13,0
336.0,0.005,-0.07,-1.24231846736e-13,0
336.0,0,-0.065,-9.10398383118e-14,0
336.0,0.005,-0.065,-9.08204289564e-14,0
336.0,0,-0.06,-5.83193345753e-14,0
336.0,0.005,-0.06,-5.85183823157e-14,0
336.0,0,-0.055,-2.7447491576e-14,0
336.0,0.005,-0.055,-2.80243584059e-14,0
336.0,0,-0.05,4.16294701153e-16,0
336.0,0.005,-0.05,-4.72557952943e-16,0
336.0,0,-0.045,2.38927949559e-14,0
336.0,0.005,-0.045,2.27732431751e-14,0
336.0,0,-0.04,4.15543689704e-14,0
336.0,0.005,-0.04,4.03157319183e-14,0
336.0,0,-0.035,5.21799159003e-14,0
336.0,0.005,-0.035,5.07717491715e-14,0
336.0,0,-0.03,5.69943843507e-14,0
336.0,0.005,-0.03,5.55766764396e-14,0
336.0,0,-0.025,5.78402989658e-14,0
336.0,0.005,-0.025,5.69189393921e-14,0
336.0,0,-0.02,5.50439824743e-14,0
336.0,0.005,-0.02,5.49760003724e-14,0
336.0,0,-0.015,4.86738054006e-14,0
336.0,0.005,-0.015,4.98706851972e-14,0
336.0,-0.0021196717084,-0.00776771017156,3.07047421724e-14,0
336.0,-0.00084550708518,-0.00631514607954,2.27447253828e-14,0
336.0,6.71033969406e-08,-0.005,1.20539804083e-14,0
336.0,-0.00139054260708,-0.0110960807567,4.0531551022e-14,0
336.0,0.00132468676756,-0.00775008274642,2.99723346002e-14,0
336.0,0.00160394440688,-0.0116908851489,4.21106317162e-14,0
336.0,0.005,-0.00939946851065,3.95488353496e-14,0
336.0,0.005,0.005,2.75857545086e-14,0
336.0,-0.000107646311398,0.00617659695633,2.15545530833e-14,0
336.0,-0.00190846935279,0.0076427502668,2.95628826871e-14,0
336.0,0.00131146485568,0.00777290068297,2.95612091179e-14,0
336.0,0.00295884413402,0.00640276348073,2.66877691788e-14,0
336.0,-1.21517769428e-05,0.0108932602996,3.9126296154e-14,0
336.0,0,0.015,4.79711246832e-14,0
336.0,0.005,0.00939942566771,3.94252765385e-14,0
336.0,0.005,0.015,5.02982249231e-14,0
336.0,0,0.02,5.43764035828e-14,0
336.0,0,0.025,5.73432062691e-14,0
336.0,0.005,0.02,5.59130355143e-14,0
336.0,0.005,0.025,5.84079052113e-14,0
336.0,0,0.03,5.66628032636e-14,0
336.0,0,0.035,5.17912632791e-14,0
336.0,0.005,0.03,5.76100339067e-14,0
336.0,0.005,0.035,5.31991289009e-14,0
336.0,0,0.04,4.10739447274e-14,0
336.0,0,0.045,2.34492849252e-14,0
336.0,0.005,0.04,4.29952045015e-14,0
336.0,0.005,0.045,2.57026098453e-14,0
336.0,0,0.05,6.28465905766e-17,0
336.0,0,0.055,-2.76729522579e-14,0
336.0,0.005,0.05,2.67505294982e-15,0
336.0,0.005,0.055,-2.46961038947e-14,0
336.0,0,0.06,-5.83895357064e-14,0
336.0,0,0.065,-9.09359304573e-14,0
336.0,0.005,0.06,-5.50301654548e-14,0
336.0,0.005,0.065,-8.71641965694e-14,0
336.0,0,0.07,-1.24580010918e-13,0
336.0,0,0.075,-1.59280875784e-13,0
336.0,0.005,0.07,-1.20360453645e-13,0
336.0,0.005,0.075,-1.54507859998e-13,0
336.0,0.01,-0.075,-1.52693130037e-13,0
336.0,0.01,-0.07,-1.19505207038e-13,0
336.0,0.015,-0.075,-1.41917069743e-13,0
336.0,0.015,-0.07,-1.10868280164e-13,0
336.0,0.01,-0.065,-8.73437464005e-14,0
336.0,0.015,-0.065,-8.07360583859e-14,0
336.0,0.01,-0.06,-5.62348143897e-14,0
336.0,0.015,-0.06,-5.159218282e-14,0
336.0,0.01,-0.055,-2.68624237459e-14,0
336.0,0.015,-0.055,-2.40702409254e-14,0
336.0,0.01,-0.05,-3.0522246363e-16,0
336.0,0.015,-0.05,8.11143256752e-16,0
336.0,0.01,-0.045,2.21333903823e-14,0
336.0,0.015,-0.045,2.18295410255e-14,0
336.0,0.01,-0.04,3.90755729375e-14,0
336.0,0.015,-0.04,3.7723762886e-14,0
336.0,0.01,-0.035,4.91224788854e-14,0
336.0,0.015,-0.035,4.71812679933e-14,0
336.0,0.01,-0.03,5.38727975927e-14,0
336.0,0.015,-0.03,5.1887923321e-14,0
336.0,0.01,-0.025,5.59213428169e-14,0
336.0,0.015,-0.025,5.44990127088e-14,0
336.0,0.01,-0.02,5.53459684794e-14,0
336.0,0.01,-0.015,5.24867000307e-14,0
336.0,0.015,-0.02,5.52290229678e-14,0
336.0,0.015,-0.015,5.46574556198e-14,0
336.0,0.00999280436795,-0.0116358337096,4.93173337811e-14,0
336.0,0.0105889214373,-0.00845762197625,4.66942785648e-14,0
336.0,0.015,-0.01,5.29817329276e-14,0
336.0,0.00939947397025,-0.005,4.0857465048e-14,0
336.0,0.015,-0.005,5.109319735e-14,0
336.0,0.00658051136513,-0.00296146438142,2.96770953671e-14,0
336.0,0.00636794669772,-3.54305826484e-06,2.50791608009e-14,0
336.0,0.00795807888052,-0.00113999998936,3.34822427021e-14,0
336.0,0.00758147027913,0.00183630393596,3.2219814022e-14,0
336.0,0.0112534647756,-1.47536350887e-07,4.34098355327e-14,0
336.0,0.015,4.16333634234e-19,5.06234404015e-14,0
336.0,0.00939942566771,0.005,4.09286352913e-14,0
336.0,0.015,0.005,5.18889590282e-14,0
336.0,0.00999018807453,0.0109670628501,4.96219804868e-14,0
336.0,0.01,0.015,5.41719256556e-14,0
336.0,0.015,0.01,5.48600257875e-14,0
336.0,0.015,0.015,5.76516731103e-14,0
336.0,0.01,0.02,5.78922561982e-14,0
336.0,0.01,0.025,5.92992470702e-14,0
336.0,0.015,0.02,5.93061530799e-14,0
336.0,0.015,0.025,5.96349106454e-14,0
336.0,0.01,0.03,5.80590927701e-14,0
336.0,0.01,0.035,5.40686012543e-14,0
336.0,0.015,0.03,5.80717750074e-14,0
336.0,0.015,0.035,5.44004057623e-14,0
336.0,0.01,0.04,4.46635300127e-14,0
336.0,0.01,0.045,2.81989273089e-14,0
336.0,0.015,0.04,4.58628523203e-14,0
336.0,0.015,0.045,3.0611612083e-14,0
336.0,0.01,0.05,6.08982490662e-15,0
336.0,0.01,0.055,-2.02617743671e-14,0
336.0,0.015,0.05,9.97428740906e-15,0
336.0,0.015,0.055,-1.47380529939e-14,0
336.0,0.01,0.06,-4.95010003679e-14,0
336.0,0.01,0.065,-8.04803982307e-14,0
336.0,0.015,0.06,-4.22145308782e-14,0
336.0,0.015,0.065,-7.13320619443e-14,0
336.0,0.01,0.07,-1.12432330638e-13,0
336.0,0.01,0.075,-1.45225204499e-13,0
336.0,0.015,0.07,-1.01330389958e-13,0
336.0,0.015,0.075,-1.31988290194e-13,0
336.0,0.02,-0.075,-1.26828081869e-13,0
336.0,0.02,-0.07,-9.86645107319e-14,0
336.0,0.025,-0.075,-1.08026825447e-13,0
336.0,0.025,-0.07,-8.34416340957e-14,0
336.0,0.02,-0.065,-7.13085099985e-14,0
336.0,0.025,-0.065,-5.94931050211e-14,0
336.0,0.02,-0.06,-4.48358021636e-14,0
336.0,0.025,-0.06,-3.63324581739e-14,0
336.0,0.02,-0.055,-1.98632192861e-14,0
336.0,0.025,-0.055,-1.45289458959e-14,0
336.0,0.02,-0.05,2.68066994355e-15,0
336.0,0.025,-0.05,5.07549977137e-15,0
336.0,0.02,-0.045,2.16952354605e-14,0
336.0,0.025,-0.045,2.15249693252e-14,0
336.0,0.02,-0.04,3.60546184927e-14,0
336.0,0.025,-0.04,3.38939250745e-14,0
336.0,0.02,-0.035,4.46671108649e-14,0
336.0,0.025,-0.035,4.13047900243e-14,0
336.0,0.02,-0.03,4.91360079727e-14,0
336.0,0.025,-0.03,4.52555074617e-14,0
336.0,0.02,-0.025,5.19993972883e-14,0
336.0,0.025,-0.025,4.79552153387e-14,0
336.0,0.02,-0.02,5.35707757614e-14,0
336.0,0.025,-0.02,4.96982402736e-14,0
336.0,0.02,-0.015,5.4494639807e-14,0
336.0,0.025,-0.015,5.10324233801e-14,0
336.0,0.02,-0.01,5.49464315915e-14,0
336.0,0.025,-0.01,5.21685012622e-14,0
336.0,0.02,-0.005,5.49013776466e-14,0
336.0,0.025,-0.005,5.30700948968e-14,0
336.0,0.02,0,5.52004550179e-14,0
336.0,0.025,4.16333634234e-19,5.3942980513e-14,0
336.0,0.02,0.005,5.62837512714e-14,0
336.0,0.025,0.005,5.47305070649e-14,0
336.0,0.02,0.01,5.77471230748e-14,0
336.0,0.025,0.01,5.5480110142e-14,0
336.0,0.02,0.015,5.86439237164e-14,0
336.0,0.025,0.015,5.59491530301e-14,0
336.0,0.02,0.02,5.89644112556e-14,0
336.0,0.02,0.025,5.86434626126e-14,0
336.0,0.025,0.02,5.60820388001e-14,0
336.0,0.025,0.025,5.57652449437e-14,0
336.0,0.02,0.03,5.70314375856e-14,0
336.0,0.02,0.035,5.38145876109e-14,0
336.0,0.025,0.03,5.4475289072e-14,0
336.0,0.025,0.035,5.19216007422e-14,0
336.0,0.02,0.04,4.62899012245e-14,0
336.0,0.02,0.045,3.26296386454e-14,0
336.0,0.025,0.04,4.56599906663e-14,0
336.0,0.025,0.045,3.39198655386e-14,0
336.0,0.02,0.05,1.39454813854e-14,0
336.0,0.02,0.055,-8.55680379355e-15,0
336.0,0.025,0.05,1.76318044494e-14,0
336.0,0.025,0.055,-2.17328887467e-15,0
336.0,0.02,0.06,-3.3661946584e-14,0
336.0,0.02,0.065,-6.03002690489e-14,0
336.0,0.025,0.06,-2.4391301272e-14,0
336.0,0.025,0.065,-4.80169406564e-14,0
336.0,0.02,0.07,-8.76964803589e-14,0
336.0,0.02,0.075,-1.15586495108e-13,0
336.0,0.025,0.07,-7.22954005584e-14,0
336.0,0.025,0.075,-9.68687304231e-14,0
336.0,0.03,-0.075,-8.63399789259e-14,0
336.0,0.03,-0.07,-6.58537601454e-14,0
336.0,0.035,-0.075,-6.2665922087e-14,0
336.0,0.035,-0.07,-4.66745614585e-14,0
336.0,0.03,-0.065,-4.58467303789e-14,0
336.0,0.035,-0.065,-3.0980472931e-14,0
336.0,0.03,-0.06,-2.6513192462e-14,0
336.0,0.035,-0.06,-1.58692004554e-14,0
336.0,0.03,-0.055,-8.40541119487e-15,0
336.0,0.035,-0.055,-1.85242897585e-15,0
336.0,0.03,-0.05,7.74456798341e-15,0
336.0,0.035,-0.05,1.04392742866e-14,0
336.0,0.03,-0.045,2.11435815674e-14,0
336.0,0.035,-0.045,2.03858047429e-14,0
336.0,0.03,-0.04,3.10674457051e-14,0
336.0,0.035,-0.04,2.74899777433e-14,0
336.0,0.03,-0.035,3.69274287789e-14,0
336.0,0.035,-0.035,3.14787197081e-14,0
336.0,0.03,-0.03,4.0024029346e-14,0
336.0,0.035,-0.03,3.34402124328e-14,0
336.0,0.03,-0.025,4.21120233252e-14,0
336.0,0.035,-0.025,3.44363809938e-14,0
336.0,0.03,-0.02,4.3453365593e-14,0
336.0,0.035,-0.02,3.4868286106e-14,0
336.0,0.03,-0.015,4.45158822263e-14,0
336.0,0.035,-0.015,3.53236398208e-14,0
336.0,0.03,-0.01,4.55325721325e-14,0
336.0,0.035,-0.01,3.59848575338e-14,0
336.0,0.03,-0.005,4.67063570905e-14,0
336.0,0.035,-0.005,3.70193889907e-14,0
336.0,0.03,0,4.78386360774e-14,0
336.0,0.035,4.16333634234e-19,3.8214418398e-14,0
336.0,0.03,0.005,4.85129647279e-14,0
336.0,0.035,0.005,3.90742982167e-14,0
336.0,0.03,0.01,4.9152192743e-14,0
336.0,0.035,0.01,4.00336855166e-14,0
336.0,0.03,0.015,4.99392530372e-14,0
336.0,0.035,0.015,4.12858682809e-14,0
336.0,0.03,0.02,5.05396458487e-14,0
336.0,0.035,0.02,4.25207571326e-14,0
336.0,0.03,0.025,5.07082527375e-14,0
336.0,0.035,0.025,4.34665188351e-14,0
336.0,0.03,0.03,5.00991984577e-14,0
336.0,0.03,0.035,4.84803140408e-14,0
336.0,0.035,0.03,4.38035408769e-14,0
336.0,0.035,0.035,4.33186975234e-14,0
336.0,0.03,0.04,4.37144838752e-14,0
336.0,0.03,0.045,3.42146119925e-14,0
336.0,0.035,0.04,4.02989924291e-14,0
336.0,0.035,0.045,3.32995786382e-14,0
336.0,0.03,0.05,2.06799883735e-14,0
336.0,0.03,0.055,3.97364068462e-15,0
336.0,0.035,0.05,2.28079896626e-14,0
336.0,0.035,0.055,9.49277077436e-15,0
336.0,0.03,0.06,-1.49433217228e-14,0
336.0,0.03,0.065,-3.51518411345e-14,0
336.0,0.035,0.06,-5.83105842279e-15,0
336.0,0.035,0.065,-2.23351880873e-14,0
336.0,0.03,0.07,-5.5901684829e-14,0
336.0,0.03,0.075,-7.67807939738e-14,0
336.0,0.035,0.07,-3.93023761132e-14,0
336.0,0.035,0.075,-5.62394505268e-14,0
336.0,0.04,-0.075,-3.79952522773e-14,0
336.0,0.04,-0.07,-2.67008537161e-14,0
336.0,0.045,-0.075,-1.33067496313e-14,0
336.0,0.045,-0.07,-6.73712908883e-15,0
336.0,0.04,-0.065,-1.5549437248e-14,0
336.0,0.045,-0.065,-1.79763319956e-16,0
336.0,0.04,-0.06,-4.89765639796e-15,0
336.0,0.045,-0.06,5.91493043395e-15,0
336.0,0.04,-0.055,4.76030574617e-15,0
336.0,0.045,-0.055,1.10856595043e-14,0
336.0,0.04,-0.05,1.29106041207e-14,0
336.0,0.045,-0.05,1.49181760133e-14,0
336.0,0.04,-0.045,1.91044466596e-14,0
336.0,0.045,-0.045,1.71347225002e-14,0
336.0,0.04,-0.04,2.30719348187e-14,0
336.0,0.045,-0.04,1.76468985182e-14,0
336.0,0.04,-0.035,2.48222364495e-14,0
336.0,0.045,-0.035,1.66669325178e-14,0
336.0,0.04,-0.03,2.50996328128e-14,0
336.0,0.045,-0.03,1.48763615642e-14,0
336.0,0.04,-0.025,2.46193437994e-14,0
336.0,0.045,-0.025,1.27609663789e-14,0
336.0,0.04,-0.02,2.39434831004e-14,0
336.0,0.045,-0.02,1.09297305539e-14,0
336.0,0.04,-0.015,2.35612482972e-14,0
336.0,0.045,-0.015,9.52561895118e-15,0
336.0,0.04,-0.01,2.36335611714e-14,0
336.0,0.045,-0.01,8.76328756711e-15,0
336.0,0.04,-0.005,2.43510304696e-14,0
336.0,0.045,-0.005,8.85947700823e-15,0
336.0,0.04,0,2.55219132792e-14,0
336.0,0.045,4.16333634234e-19,9.81480320018e-15,0
336.0,0.04,0.005,2.67081106503e-14,0
336.0,0.045,0.005,1.15648806761e-14,0
336.0,0.04,0.01,2.81825610764e-14,0
336.0,0.045,0.01,1.38734182063e-14,0
336.0,0.04,0.015,3.01251049551e-14,0
336.0,0.045,0.015,1.67553773876e-14,0
336.0,0.04,0.02,3.22207513168e-14,0
336.0,0.045,0.02,1.9943428318e-14,0
336.0,0.04,0.025,3.41703968129e-14,0
336.0,0.045,0.025,2.31041740126e-14,0
336.0,0.04,0.03,3.56650169356e-14,0
336.0,0.045,0.03,2.59412728278e-14,0
336.0,0.04,0.035,3.64928181412e-14,0
336.0,0.045,0.035,2.81243669564e-14,0
336.0,0.04,0.04,3.53756593216e-14,0
336.0,0.04,0.045,3.1071157904e-14,0
336.0,0.045,0.04,2.8990042691e-14,0
336.0,0.045,0.045,2.74890110516e-14,0
336.0,0.04,0.05,2.38074329716e-14,0
336.0,0.04,0.055,1.40682994047e-14,0
336.0,0.045,0.05,2.35579071834e-14,0
336.0,0.045,0.055,1.74752334763e-14,0
336.0,0.04,0.06,2.50935295587e-15,0
336.0,0.04,0.065,-1.01454648206e-14,0
336.0,0.045,0.06,9.73339608865e-15,0
336.0,0.045,0.065,9.5204749849e-16,0
336.0,0.04,0.07,-2.32020922274e-14,0
336.0,0.04,0.075,-3.61142540537e-14,0
336.0,0.045,0.07,-8.21860762701e-15,0
336.0,0.045,0.075,-1.71729808996e-14,0
336.0,0.05,-0.075,1.04942420972e-14,0
336.0,0.05,-0.07,1.24938096902e-14,0
336.0,0.055,-0.075,3.26136753354e-14,0
336.0,0.055,-0.07,3.03948787485e-14,0
336.0,0.05,-0.065,1.45601343834e-14,0
336.0,0.055,-0.065,2.82389300811e-14,0
336.0,0.05,-0.06,1.6154694924e-14,0
336.0,0.055,-0.06,2.55151630009e-14,0
336.0,0.05,-0.055,1.68264998144e-14,0
336.0,0.055,-0.055,2.1795059389e-14,0
336.0,0.05,-0.05,1.6269393993e-14,0
336.0,0.055,-0.05,1.68518384806e-14,0
336.0,0.05,-0.045,1.43466804395e-14,0
336.0,0.055,-0.045,1.06954971198e-14,0
336.0,0.05,-0.04,1.11607824491e-14,0
336.0,0.055,-0.04,3.54860291443e-15,0
336.0,0.05,-0.035,7.05977866765e-15,0
336.0,0.055,-0.035,-4.13932488289e-15,0
336.0,0.05,-0.03,2.62466337244e-15,0
336.0,0.055,-0.03,-1.18134592464e-14,0
336.0,0.05,-0.025,-1.63318789823e-15,0
336.0,0.055,-0.025,-1.89186737653e-14,0
336.0,0.05,-0.02,-5.28777735775e-15,0
336.0,0.055,-0.02,-2.49968862567e-14,0
336.0,0.05,-0.015,-8.15194607675e-15,0
336.0,0.055,-0.015,-2.97825422088e-14,0
336.0,0.05,-0.01,-1.00325969294e-14,0
336.0,0.055,-0.01,-3.30149102827e-14,0
336.0,0.05,-0.005,-1.06884237503e-14,0
336.0,0.055,-0.005,-3.44409560162e-14,0
336.0,0.05,0,-9.9392810549e-15,0
336.0,0.055,4.16333634234e-19,-3.3870842432e-14,0
336.0,0.05,0.005,-7.72300645251e-15,0
336.0,0.055,0.005,-3.13069585695e-14,0
336.0,0.05,0.01,-4.41668482869e-15,0
336.0,0.055,0.01,-2.70599110807e-14,0
336.0,0.05,0.015,-2.86426319552e-16,0
336.0,0.055,0.015,-2.15043459081e-14,0
336.0,0.05,0.02,4.36376908704e-15,0
336.0,0.055,0.02,-1.50217963825e-14,0
336.0,0.05,0.025,9.20695433209e-15,0
336.0,0.055,0.025,-8.02857655396e-15,0
336.0,0.05,0.03,1.38794590043e-14,0
336.0,0.055,0.03,-9.42932285463e-16,0
336.0,0.05,0.035,1.80264817225e-14,0
336.0,0.055,0.035,5.79932202907e-15,0
336.0,0.05,0.04,2.11398386844e-14,0
336.0,0.055,0.04,1.17366386838e-14,0
336.0,0.05,0.045,2.25544669328e-14,0
336.0,0.055,0.045,1.63252462603e-14,0
336.0,0.05,0.05,2.201647216e-14,0
336.0,0.05,0.055,1.95933190733e-14,0
336.0,0.055,0.05,1.92380460912e-14,0
336.0,0.055,0.055,2.04332966743e-14,0
336.0,0.05,0.06,1.56238822202e-14,0
336.0,0.05,0.065,1.06149669417e-14,0
336.0,0.055,0.06,2.01053790232e-14,0
336.0,0.055,0.065,1.86736034215e-14,0
336.0,0.05,0.07,5.18530319353e-15,0
336.0,0.05,0.075,-1.26325154258e-17,0
336.0,0.055,0.07,1.67129225653e-14,0
336.0,0.055,0.075,1.49215013517e-14,0
336.0,0.06,-0.075,5.25163200809e-14,0
336.0,0.06,-0.07,4.65784972024e-14,0
336.0,0.065,-0.075,6.99001830061e-14,0
336.0,0.065,-0.07,6.09378093865e-14,0
336.0,0.06,-0.065,4.060400524e-14,0
336.0,0.065,-0.065,5.16716054605e-14,0
336.0,0.06,-0.06,3.38668086881e-14,0
336.0,0.065,-0.06,4.12894446849e-14,0
336.0,0.06,-0.055,2.59415856768e-14,0
336.0,0.065,-0.055,2.94088602901e-14,0
336.0,0.06,-0.05,1.66986628111e-14,0
336.0,0.065,-0.05,1.59827645377e-14,0
336.0,0.06,-0.045,6.2572041143e-15,0
336.0,0.065,-0.045,1.27127702815e-15,0
336.0,0.06,-0.04,-5.0212116042e-15,0
336.0,0.065,-0.04,-1.42472545119e-14,0
336.0,0.06,-0.035,-1.6612834505e-14,0
336.0,0.065,-0.035,-2.99183309928e-14,0
336.0,0.06,-0.03,-2.78862219243e-14,0
336.0,0.065,-0.03,-4.50205399422e-14,0
336.0,0.06,-0.025,-3.82253325823e-14,0
336.0,0.065,-0.025,-5.8826017367e-14,0
336.0,0.06,-0.02,-4.70940362654e-14,0
336.0,0.065,-0.02,-7.06976603205e-14,0
336.0,0.06,-0.015,-5.40983873475e-14,0
336.0,0.065,-0.015,-8.0098027453e-14,0
336.0,0.06,-0.01,-5.88960415255e-14,0
336.0,0.065,-0.01,-8.6616917744e-14,0
336.0,0.06,-0.005,-6.12226066474e-14,0
336.0,0.065,-0.005,-8.99456321927e-14,0
336.0,0.06,0,-6.09112749687e-14,0
336.0,0.065,4.16333634234e-19,-8.99517417803e-14,0
336.0,0.06,0.005,-5.80033590987e-14,0
336.0,0.065,0.005,-8.66925420628e-14,0
336.0,0.06,0.01,-5.27810643136e-14,0
336.0,0.065,0.01,-8.04596773085e-14,0
336.0,0.06,0.015,-4.56678081075e-14,0
336.0,0.065,0.015,-7.16904975802e-14,0
336.0,0.06,0.02,-3.71251715335e-14,0
336.0,0.065,0.02,-6.09370134557e-14,0
336.0,0.06,0.025,-2.76581394957e-14,0
336.0,0.065,0.025,-4.87929618708e-14,0
336.0,0.06,0.03,-1.77846757907e-14,0
336.0,0.065,0.03,-3.58971620978e-14,0
336.0,0.06,0.035,-8.03290138085e-15,0
336.0,0.065,0.035,-2.28826977564e-14,0
336.0,0.06,0.04,1.07616594353e-15,0
336.0,0.065,0.04,-1.0378707158e-14,0
336.0,0.06,0.045,9.02031919693e-15,0
336.0,0.065,0.045,1.04915293344e-15,0
336.0,0.06,0.05,1.54321612025e-14,0
336.0,0.065,0.05,1.09494339899e-14,0
336.0,0.06,0.055,2.01526132087e-14,0
336.0,0.065,0.055,1.90824420944e-14,0
336.0,0.06,0.06,2.32802384246e-14,0
336.0,0.06,0.065,2.51381948575e-14,0
336.0,0.065,0.06,2.54302425091e-14,0
336.0,0.065,0.065,3.02458858769e-14,0
336.0,0.06,0.07,2.62796662061e-14,0
336.0,0.06,0.075,2.74505303649e-14,0
336.0,0.065,0.07,3.40332424399e-14,0
336.0,0.065,0.075,3.75851749106e-14,0
336.0,0.07,-0.075,8.49447989502e-14,0
336.0,0.07,-0.07,7.37580919283e-14,0
336.0,0.075,-0.075,9.83175310321e-14,0
336.0,0.075,-0.07,8.58373690953e-14,0
336.0,0.07,-0.065,6.17712825284e-14,0
336.0,0.075,-0.065,7.16534083668e-14,0
336.0,0.07,-0.06,4.81360662956e-14,0
336.0,0.075,-0.06,5.50547614513e-14,0
336.0,0.07,-0.055,3.25262603934e-14,0
336.0,0.075,-0.055,3.58315810209e-14,0
336.0,0.07,-0.05,1.50307790602e-14,0
336.0,0.075,-0.05,1.42700977568e-14,0
336.0,0.07,-0.045,-3.95274265954e-15,0
336.0,0.075,-0.045,-9.0784088173e-15,0
336.0,0.07,-0.04,-2.37841769244e-14,0
336.0,0.075,-0.04,-3.33864247827e-14,0
336.0,0.07,-0.035,-4.36776901338e-14,0
336.0,0.075,-0.035,-5.76951016035e-14,0
336.0,0.07,-0.03,-6.27633332057e-14,0
336.0,0.075,-0.03,-8.09805215813e-14,0
336.0,0.07,-0.025,-8.01977124337e-14,0
336.0,0.075,-0.025,-1.02223889187e-13,0
336.0,0.07,-0.02,-9.51971372217e-14,0
336.0,0.075,-0.02,-1.20528967689e-13,0
336.0,0.07,-0.015,-1.07123576763e-13,0
336.0,0.075,-0.015,-1.35095605551e-13,0
336.0,0.07,-0.01,-1.1545565597e-13,0
336.0,0.075,-0.01,-1.45357986669e-13,0
336.0,0.07,-0.005,-1.19869999352e-13,0
336.0,0.075,-0.005,-1.5088873025e-13,0
336.0,0.07,0,-1.20207628065e-13,0
336.0,0.075,0,-1.51565552921e-13,0
336.0,0.07,0.005,-1.16565510878e-13,0
336.0,0.075,0.005,-1.47445211047e-13,0
336.0,0.07,0.01,-1.09231601613e-13,0
336.0,0.075,0.01,-1.38901663399e-13,0
336.0,0.07,0.015,-9.87113465075e-14,0
336.0,0.075,0.015,-1.26453972194e-13,0
336.0,0.07,0.02,-8.5610124202e-14,0
336.0,0.075,0.02,-1.10840668231e-13,0
336.0,0.07,0.025,-7.06484893037e-14,0
336.0,0.075,0.025,-9.28588947473e-14,0
336.0,0.07,0.03,-5.45656758931e-14,0
336.0,0.075,0.03,-7.34042413504e-14,0
336.0,0.07,0.035,-3.81357409526e-14,0
336.0,0.075,0.035,-5.33662604932e-14,0
336.0,0.07,0.04,-2.20905974767e-14,0
336.0,0.075,0.04,-3.36202181783e-14,0
336.0,0.07,0.045,-7.10913239265e-15,0
336.0,0.075,0.045,-1.49693831281e-14,0
336.0,0.07,0.05,6.27190708625e-15,0
336.0,0.075,0.05,1.93053490797e-15,0
336.0,0.07,0.055,1.76934458246e-14,0
336.0,0.075,0.055,1.65855320564e-14,0
336.0,0.07,0.06,2.70404118884e-14,0
336.0,0.075,0.06,2.87785130124e-14,0
336.0,0.07,0.065,3.44587225549e-14,0
336.0,0.075,0.065,3.85139360293e-14,0
336.0,0.07,0.07,4.04072915592e-14,0
336.0,0.07,0.075,4.5695500291e-14,0
336.0,0.075,0.07,4.61720355003e-14,0
336.0,0.075,0.075,5.24583916894e-14,0
341.0,-0.00382671281566,-0.00202612167119,0,0
341.0,-0.005,-0.005,2.75386639028e-14,0
341.0,-0.00197892066871,-0.00385133392306,0,0
341.0,-0.005,-0.00190753787223,1.57604584194e-14,0
341.0,-0.00433,0,0,0
341.0,-0.00190753787223,-0.005,1.57906703822e-14,0
341.0,0,-0.00433,0,0
341.0,-0.005,0.00190775150599,1.57527662187e-14,0
341.0,-0.00385133392306,0.00197892066871,0,0
341.0,0.00190775150599,-0.005,1.5808337779e-14,0
341.0,0.00202612167119,-0.00382671281566,0,0
341.0,-0.00202612167119,0.00382671281566,0,0
341.0,-0.005,0.005,2.74523259465e-14,0
341.0,-0.0019094272225,0.005,1.58055222597e-14,0
341.0,0,0.00433,0,0
341.0,0.00147766755988,0.00407006125046,0,0
341.0,8.32667268469e-19,0.005,1.19249200247e-14,0
341.0,0.00433,0,0,0
341.0,0.005,1.38777878078e-18,1.14151894907e-14,0
341.0,0.00407006125046,0.00147766755988,0,0
341.0,0.005,-0.005,2.82411889367e-14,0
341.0,0.00385133392306,-0.00197892066871,0,0
341.0,0.005,-0.0019094272225,1.5758766782e-14,0
341.0,0.00306177236254,0.00306177236254,0,0
341.0,0.0019094272225,0.005,1.60012860697e-14,0
341.0,0.005,0.0019094272225,1.58178039941e-14,0
341.0,-0.000885,-0.0015328649647,1.27152968876e-12,0
341.0,-0.0015328649647,-0.000885,1.2716520734e-12,0
341.0,-0.00186450691264,-0.00187567167242,8.43031701748e-13,0
341.0,-0.00177,0,1.27134379732e-12,0
341.0,-0.00268433516245,-0.000738983120158,7.59112592535e-13,0
341.0,0,-0.00177,1.27149131471e-12,0
341.0,-0.000718432264205,-0.00269192408424,7.57406409502e-13,0
341.0,-0.0015328649647,0.000885,1.26983929823e-12,0
341.0,-0.00265321485144,0.000647311733689,7.89895787563e-13,0
341.0,-0.000885,0.0015328649647,1.26821174639e-12,0
341.0,-0.00194719253591,0.00178443766524,8.4395799843e-13,0
341.0,0,0.00177,1.26410551184e-12,0
341.0,-0.000802720381054,0.00273415977115,7.17505757443e-13,0
341.0,0.000885,-0.0015328649647,1.27018012813e-12,0
341.0,0.00075154031863,-0.00270385456952,7.45296322467e-13,0
341.0,0.00177,0,1.26244525726e-12,0
341.0,0.0015328649647,-0.000885,1.26802766328e-12,0
341.0,0.00271471102228,-0.000564731152102,7.60920195163e-13,0
341.0,0.00192394637685,-0.00189207206672,8.10102268771e-13,0
341.0,0.00231817117671,0.00040530921667,9.87918250831e-13,0
341.0,0.0015328649647,0.000885,1.26071157333e-12,0
341.0,0.000885,0.0015328649647,1.26141664051e-12,0
341.0,0.000427053001345,0.00287092483521,6.82194942387e-13,0
341.0,0.00187618296239,0.00184774001435,8.33346804015e-13,0
341.0,0.00312733402203,0.000607809752493,5.19203207537e-13,0
341.0,0.00276214303706,0.00136595635004,5.76863985223e-13,0
341.0,0.0014100336009,0.00268674970267,6.04776506313e-13,0
341.0,-0.075,-0.075,7.13037232375e-14,0
341.0,-0.07,-0.075,6.15683887467e-14,0
341.0,-0.075,-0.07,6.26564099524e-14,0
341.0,-0.07,-0.07,5.40979565937e-14,0
341.0,-0.075,-0.065,5.24153085996e-14,0
341.0,-0.07,-0.065,4.58658607453e-14,0
341.0,-0.065,-0.075,5.02771909667e-14,0
341.0,-0.065,-0.07,4.48436963956e-14,0
341.0,-0.065,-0.065,3.91289507886e-14,0
341.0,-0.075,-0.06,3.98164836173e-14,0
341.0,-0.07,-0.06,3.59874246944e-14,0
341.0,-0.065,-0.06,3.2276325049e-14,0
341.0,-0.075,-0.055,2.45055848389e-14,0
341.0,-0.07,-0.055,2.40137296917e-14,0
341.0,-0.065,-0.055,2.37880147355e-14,0
341.0,-0.075,-0.05,6.57257161516e-15,0
341.0,-0.07,-0.05,9.86620408895e-15,0
341.0,-0.065,-0.05,1.34641813493e-14,0
341.0,-0.075,-0.045,-1.36427463695e-14,0
341.0,-0.07,-0.045,-6.23855820239e-15,0
341.0,-0.065,-0.045,1.40772751998e-15,0
341.0,-0.075,-0.04,-3.55044842324e-14,0
341.0,-0.07,-0.04,-2.38266417076e-14,0
341.0,-0.075,-0.035,-5.82174025908e-14,0
341.0,-0.07,-0.035,-4.22486087383e-14,0
341.0,-0.065,-0.04,-1.20448957037e-14,0
341.0,-0.065,-0.035,-2.6351841918e-14,0
341.0,-0.075,-0.03,-8.08511620138e-14,0
341.0,-0.07,-0.03,-6.0726356529e-14,0
341.0,-0.075,-0.025,-1.02414029246e-13,0
341.0,-0.07,-0.025,-7.8445945477e-14,0
341.0,-0.065,-0.03,-4.08761968092e-14,0
341.0,-0.065,-0.025,-5.49406473144e-14,0
341.0,-0.075,-0.02,-1.21921503938e-13,0
341.0,-0.07,-0.02,-9.45590952792e-14,0
341.0,-0.075,-0.015,-1.38387357276e-13,0
341.0,-0.07,-0.015,-1.08260672249e-13,0
341.0,-0.065,-0.02,-6.78754129189e-14,0
341.0,-0.065,-0.015,-7.89911531901e-14,0
341.0,-0.075,-0.01,-1.50962103744e-13,0
341.0,-0.07,-0.01,-1.1876853315e-13,0
341.0,-0.075,-0.005,-1.58892093183e-13,0
341.0,-0.07,-0.005,-1.25456007882e-13,0
341.0,-0.065,-0.01,-8.76277551835e-14,0
341.0,-0.065,-0.005,-9.31766114453e-14,0
341.0,-0.075,0,-1.61731038294e-13,0
341.0,-0.07,0,-1.27866414164e-13,0
341.0,-0.075,0.005,-1.59254458331e-13,0
341.0,-0.07,0.005,-1.25846052918e-13,0
341.0,-0.065,4.16333634234e-19,-9.52264679545e-14,0
341.0,-0.065,0.005,-9.36062762391e-14,0
341.0,-0.075,0.01,-1.5163724627e-13,0
341.0,-0.07,0.01,-1.1950366949e-13,0
341.0,-0.075,0.015,-1.39278470418e-13,0
341.0,-0.07,0.015,-1.09254512986e-13,0
341.0,-0.065,0.01,-8.84451954897e-14,0
341.0,-0.065,0.015,-8.01185386051e-14,0
341.0,-0.075,0.02,-1.22890218377e-13,0
341.0,-0.07,0.02,-9.56878699134e-14,0
341.0,-0.075,0.025,-1.03283749034e-13,0
341.0,-0.07,0.025,-7.95519644478e-14,0
341.0,-0.065,0.02,-6.92042623136e-14,0
341.0,-0.065,0.025,-5.6330600949e-14,0
341.0,-0.075,0.03,-8.14174434947e-14,0
341.0,-0.07,0.03,-6.16228945826e-14,0
341.0,-0.075,0.035,-5.82588001101e-14,0
341.0,-0.07,0.035,-4.27311029362e-14,0
341.0,-0.065,0.03,-4.21563744536e-14,0
341.0,-0.065,0.035,-2.73292815677e-14,0
341.0,-0.075,0.04,-3.48041505375e-14,0
341.0,-0.07,0.04,-2.36908148251e-14,0
341.0,-0.075,0.045,-1.20080649983e-14,0
341.0,-0.07,0.045,-5.30131444667e-15,0
341.0,-0.065,0.04,-1.25215036191e-14,0
341.0,-0.065,0.045,1.61022986991e-15,0
341.0,-0.075,0.05,9.28876440572e-15,0
341.0,-0.07,0.05,1.17478497306e-14,0
341.0,-0.075,0.055,2.83940160188e-14,0
341.0,-0.07,0.055,2.69326585993e-14,0
341.0,-0.065,0.05,1.44860659108e-14,0
341.0,-0.065,0.055,2.57234249968e-14,0
341.0,-0.075,0.06,4.49077711137e-14,0
341.0,-0.07,0.06,3.99841117107e-14,0
341.0,-0.075,0.065,5.86866542993e-14,0
341.0,-0.07,0.065,5.09362461175e-14,0
341.0,-0.065,0.06,3.51724442937e-14,0
341.0,-0.065,0.065,4.29929670068e-14,0
341.0,-0.075,0.07,7.00520657622e-14,0
341.0,-0.07,0.07,6.02115666168e-14,0
341.0,-0.075,0.075,7.97668942087e-14,0
341.0,-0.07,0.075,6.86992725202e-14,0
341.0,-0.065,0.07,4.96581412996e-14,0
341.0,-0.065,0.075,5.60253061284e-14,0
341.0,-0.06,-0.075,3.67218047996e-14,0
341.0,-0.06,-0.07,3.40684515e-14,0
341.0,-0.06,-0.065,3.14155545175e-14,0
341.0,-0.055,-0.075,2.05954888584e-14,0
341.0,-0.055,-0.07,2.13776401873e-14,0
341.0,-0.055,-0.065,2.22910219662e-14,0
341.0,-0.06,-0.06,2.79749165196e-14,0
341.0,-0.06,-0.055,2.32007943875e-14,0
341.0,-0.055,-0.06,2.26183056982e-14,0
341.0,-0.055,-0.055,2.17997211257e-14,0
341.0,-0.06,-0.05,1.68180698394e-14,0
341.0,-0.055,-0.05,1.94579436047e-14,0
341.0,-0.06,-0.045,8.80173678888e-15,0
341.0,-0.055,-0.045,1.546673419e-14,0
341.0,-0.06,-0.04,-6.01528431687e-16,0
341.0,-0.055,-0.04,9.95080923197e-15,0
341.0,-0.06,-0.035,-1.09460545098e-14,0
341.0,-0.055,-0.035,3.32217670778e-15,0
341.0,-0.06,-0.03,-2.16640577995e-14,0
341.0,-0.06,-0.025,-3.22230841242e-14,0
341.0,-0.055,-0.03,-3.84205454759e-15,0
341.0,-0.055,-0.025,-1.1108485071e-14,0
341.0,-0.06,-0.02,-4.21055161764e-14,0
341.0,-0.06,-0.015,-5.0784364519e-14,0
341.0,-0.055,-0.02,-1.81033397678e-14,0
341.0,-0.055,-0.015,-2.44584750068e-14,0
341.0,-0.06,-0.01,-5.76720485982e-14,0
341.0,-0.06,-0.005,-6.21866663995e-14,0
341.0,-0.055,-0.01,-2.97156760612e-14,0
341.0,-0.055,-0.005,-3.32636880435e-14,0
341.0,-0.06,0,-6.39017254477e-14,0
341.0,-0.06,0.005,-6.26628744207e-14,0
341.0,-0.055,4.16333634234e-19,-3.46726723193e-14,0
341.0,-0.055,0.005,-3.37884806099e-14,0
341.0,-0.06,0.01,-5.85840849393e-14,0
341.0,-0.06,0.015,-5.20600529613e-14,0
341.0,-0.055,0.01,-3.07281808803e-14,0
341.0,-0.055,0.015,-2.58931863942e-14,0
341.0,-0.06,0.02,-4.36529316066e-14,0
341.0,-0.06,0.025,-3.39176245586e-14,0
341.0,-0.055,0.02,-1.98827079948e-14,0
341.0,-0.055,0.025,-1.31103307439e-14,0
341.0,-0.06,0.03,-2.3348318744e-14,0
341.0,-0.06,0.035,-1.24367297799e-14,0
341.0,-0.055,0.03,-5.91696892634e-15,0
341.0,-0.055,0.035,1.34544317485e-15,0
341.0,-0.06,0.04,-1.70133614943e-15,0
341.0,-0.06,0.045,8.26660347973e-15,0
341.0,-0.055,0.04,8.26776739709e-15,0
341.0,-0.055,0.045,1.42384979488e-14,0
341.0,-0.06,0.05,1.6983501734e-14,0
341.0,-0.06,0.055,2.41599458819e-14,0
341.0,-0.055,0.05,1.88125063351e-14,0
341.0,-0.055,0.055,2.18279121598e-14,0
341.0,-0.06,0.06,2.97781292822e-14,0
341.0,-0.06,0.065,3.4075391819e-14,0
341.0,-0.055,0.06,2.33713911983e-14,0
341.0,-0.055,0.065,2.37833025545e-14,0
341.0,-0.06,0.07,3.75716098767e-14,0
341.0,-0.06,0.075,4.10484609167e-14,0
341.0,-0.055,0.07,2.35945608528e-14,0
341.0,-0.055,0.075,2.35070896181e-14,0
341.0,-0.05,-0.075,2.02543711948e-15,0
341.0,-0.05,-0.07,6.72742875975e-15,0
341.0,-0.045,-0.075,-1.86381176161e-14,0
341.0,-0.045,-0.07,-9.65667686734e-15,0
341.0,-0.05,-0.065,1.15994013172e-14,0
341.0,-0.045,-0.065,-5.51990433172e-16,0
341.0,-0.05,-0.06,1.59927694468e-14,0
341.0,-0.05,-0.055,1.93084987702e-14,0
341.0,-0.045,-0.06,8.09334824302e-15,0
341.0,-0.045,-0.055,1.56545489915e-14,0
341.0,-0.05,-0.05,2.10783305363e-14,0
341.0,-0.05,-0.045,2.10175394193e-14,0
341.0,-0.045,-0.05,2.1540899253e-14,0
341.0,-0.045,-0.045,2.52982880868e-14,0
341.0,-0.05,-0.04,1.91399623348e-14,0
341.0,-0.045,-0.04,2.6708265389e-14,0
341.0,-0.05,-0.035,1.5795572626e-14,0
341.0,-0.045,-0.035,2.59227515072e-14,0
341.0,-0.05,-0.03,1.17168761167e-14,0
341.0,-0.045,-0.03,2.41033698024e-14,0
341.0,-0.05,-0.025,7.34976881807e-15,0
341.0,-0.045,-0.025,2.18798892006e-14,0
341.0,-0.05,-0.02,2.95264976818e-15,0
341.0,-0.05,-0.015,-1.23191993645e-15,0
341.0,-0.045,-0.02,1.95480343781e-14,0
341.0,-0.045,-0.015,1.73880635402e-14,0
341.0,-0.05,-0.01,-4.9601579572e-15,0
341.0,-0.05,-0.005,-7.56854531268e-15,0
341.0,-0.045,-0.01,1.52864690911e-14,0
341.0,-0.045,-0.005,1.36889620823e-14,0
341.0,-0.05,0,-8.66196846909e-15,0
341.0,-0.05,0.005,-8.13355795321e-15,0
341.0,-0.045,4.16333634234e-19,1.29318654616e-14,0
341.0,-0.045,0.005,1.31094785348e-14,0
341.0,-0.05,0.01,-6.0587972872e-15,0
341.0,-0.05,0.015,-2.8094883197e-15,0
341.0,-0.045,0.01,1.41561896939e-14,0
341.0,-0.045,0.015,1.57685641677e-14,0
341.0,-0.05,0.02,9.76384474149e-16,0
341.0,-0.05,0.025,5.1058539553e-15,0
341.0,-0.045,0.02,1.7540877551e-14,0
341.0,-0.045,0.025,1.95894811456e-14,0
341.0,-0.05,0.03,9.34323190465e-15,0
341.0,-0.05,0.035,1.34436180908e-14,0
341.0,-0.045,0.03,2.16260205807e-14,0
341.0,-0.045,0.035,2.33552641792e-14,0
341.0,-0.05,0.04,1.69755725684e-14,0
341.0,-0.05,0.045,1.91917880646e-14,0
341.0,-0.045,0.04,2.42049381774e-14,0
341.0,-0.045,0.045,2.30116579203e-14,0
341.0,-0.05,0.05,1.97148691089e-14,0
341.0,-0.05,0.055,1.84968675295e-14,0
341.0,-0.045,0.05,1.95942094401e-14,0
341.0,-0.045,0.055,1.41387374331e-14,0
341.0,-0.05,0.06,1.57848539694e-14,0
341.0,-0.05,0.065,1.20097715563e-14,0
341.0,-0.045,0.06,7.06155756976e-15,0
341.0,-0.045,0.065,-1.08488503124e-15,0
341.0,-0.05,0.07,7.73791651886e-15,0
341.0,-0.05,0.075,3.59388420808e-15,0
341.0,-0.045,0.07,-9.71237453228e-15,0
341.0,-0.045,0.075,-1.82703460828e-14,0
341.0,-0.04,-0.075,-4.07639007151e-14,0
341.0,-0.04,-0.07,-2.73213859249e-14,0
341.0,-0.035,-0.075,-6.35744202912e-14,0
341.0,-0.035,-0.07,-4.56530542251e-14,0
341.0,-0.04,-0.065,-1.3862205783e-14,0
341.0,-0.035,-0.065,-2.78587664859e-14,0
341.0,-0.04,-0.06,-8.91360529043e-16,0
341.0,-0.035,-0.06,-1.06344291792e-14,0
341.0,-0.04,-0.055,1.09233356354e-14,0
341.0,-0.035,-0.055,5.33044709104e-15,0
341.0,-0.04,-0.05,2.08807466824e-14,0
341.0,-0.04,-0.045,2.834413126e-14,0
341.0,-0.035,-0.05,1.92206394623e-14,0
341.0,-0.035,-0.045,3.02297237051e-14,0
341.0,-0.04,-0.04,3.28639042687e-14,0
341.0,-0.04,-0.035,3.42606638943e-14,0
341.0,-0.035,-0.04,3.76977712349e-14,0
341.0,-0.035,-0.035,4.11392854868e-14,0
341.0,-0.04,-0.03,3.38597185493e-14,0
341.0,-0.035,-0.03,4.20201464722e-14,0
341.0,-0.04,-0.025,3.30137020818e-14,0
341.0,-0.035,-0.025,4.21923292575e-14,0
341.0,-0.04,-0.02,3.19804430928e-14,0
341.0,-0.035,-0.02,4.18970796001e-14,0
341.0,-0.04,-0.015,3.11707798364e-14,0
341.0,-0.035,-0.015,4.15119032656e-14,0
341.0,-0.04,-0.01,3.05802997039e-14,0
341.0,-0.04,-0.005,2.98941321048e-14,0
341.0,-0.035,-0.01,4.11730074936e-14,0
341.0,-0.035,-0.005,4.07000462399e-14,0
341.0,-0.04,0,2.94112545462e-14,0
341.0,-0.04,0.005,2.93325967398e-14,0
341.0,-0.035,4.16333634234e-19,4.03392406279e-14,0
341.0,-0.035,0.005,4.0180692758e-14,0
341.0,-0.04,0.01,2.94921683224e-14,0
341.0,-0.04,0.015,2.96345644834e-14,0
341.0,-0.035,0.01,4.01656914428e-14,0
341.0,-0.035,0.015,4.00827965343e-14,0
341.0,-0.04,0.02,3.00737627993e-14,0
341.0,-0.04,0.025,3.0802772139e-14,0
341.0,-0.035,0.02,4.00907856738e-14,0
341.0,-0.035,0.025,4.00715754028e-14,0
341.0,-0.04,0.03,3.1413613716e-14,0
341.0,-0.04,0.035,3.16413724408e-14,0
341.0,-0.035,0.03,3.96386893354e-14,0
341.0,-0.035,0.035,3.85317727066e-14,0
341.0,-0.04,0.04,3.0178818547e-14,0
341.0,-0.04,0.045,2.57538523661e-14,0
341.0,-0.035,0.04,3.49524104198e-14,0
341.0,-0.035,0.045,2.74937305145e-14,0
341.0,-0.04,0.05,1.85150254552e-14,0
341.0,-0.04,0.055,8.87470084558e-15,0
341.0,-0.035,0.05,1.66144565403e-14,0
341.0,-0.035,0.055,2.94433041554e-15,0
341.0,-0.04,0.06,-2.56790907565e-15,0
341.0,-0.04,0.065,-1.51514029547e-14,0
341.0,-0.035,0.06,-1.27462453667e-14,0
341.0,-0.035,0.065,-2.96802349102e-14,0
341.0,-0.04,0.07,-2.82473691928e-14,0
341.0,-0.04,0.075,-4.13896176462e-14,0
341.0,-0.035,0.07,-4.72093008035e-14,0
341.0,-0.035,0.075,-6.4932992826e-14,0
341.0,-0.03,-0.075,-8.61539028467e-14,0
341.0,-0.03,-0.07,-6.39033617446e-14,0
341.0,-0.025,-0.075,-1.0751945604e-13,0
341.0,-0.025,-0.07,-8.12747792843e-14,0
341.0,-0.03,-0.065,-4.19651671807e-14,0
341.0,-0.025,-0.065,-5.55198200277e-14,0
341.0,-0.03,-0.06,-2.0693475825e-14,0
341.0,-0.025,-0.06,-3.05603066638e-14,0
341.0,-0.03,-0.055,-8.17420806502e-16,0
341.0,-0.025,-0.055,-7.13710143145e-15,0
341.0,-0.03,-0.05,1.67490984672e-14,0
341.0,-0.025,-0.05,1.37353971681e-14,0
341.0,-0.03,-0.045,3.10395821694e-14,0
341.0,-0.025,-0.045,3.09366274237e-14,0
341.0,-0.03,-0.04,4.11760545384e-14,0
341.0,-0.03,-0.035,4.64261888448e-14,0
341.0,-0.025,-0.04,4.34095102275e-14,0
341.0,-0.025,-0.035,5.01700683083e-14,0
341.0,-0.03,-0.03,4.83851785725e-14,0
341.0,-0.03,-0.025,4.92585682151e-14,0
341.0,-0.025,-0.03,5.29734845119e-14,0
341.0,-0.025,-0.025,5.428687269e-14,0
341.0,-0.03,-0.02,4.92795659094e-14,0
341.0,-0.025,-0.02,5.43599003035e-14,0
341.0,-0.03,-0.015,4.87747121787e-14,0
341.0,-0.025,-0.015,5.3615677134e-14,0
341.0,-0.03,-0.01,4.80387861462e-14,0
341.0,-0.025,-0.01,5.24812821158e-14,0
341.0,-0.03,-0.005,4.73458006576e-14,0
341.0,-0.025,-0.005,5.13846258015e-14,0
341.0,-0.03,0,4.69185312874e-14,0
341.0,-0.03,0.005,4.6874388268e-14,0
341.0,-0.025,4.16333634234e-19,5.08183681693e-14,0
341.0,-0.025,0.005,5.09560045834e-14,0
341.0,-0.03,0.01,4.7118487818e-14,0
341.0,-0.03,0.015,4.7445453565e-14,0
341.0,-0.025,0.01,5.16408634998e-14,0
341.0,-0.025,0.015,5.23941908493e-14,0
341.0,-0.03,0.02,4.75878608072e-14,0
341.0,-0.03,0.025,4.72548121841e-14,0
341.0,-0.025,0.02,5.27978267739e-14,0
341.0,-0.025,0.025,5.24281773586e-14,0
341.0,-0.03,0.03,4.61140447178e-14,0
341.0,-0.03,0.035,4.39184045887e-14,0
341.0,-0.025,0.03,5.08614380015e-14,0
341.0,-0.025,0.035,4.78362961599e-14,0
341.0,-0.03,0.04,3.84966672589e-14,0
341.0,-0.03,0.045,2.83140317081e-14,0
341.0,-0.025,0.04,4.09107596889e-14,0
341.0,-0.025,0.045,2.8371750517e-14,0
341.0,-0.03,0.05,1.40863086416e-14,0
341.0,-0.03,0.055,-3.3353441085e-15,0
341.0,-0.025,0.05,1.11939198856e-14,0
341.0,-0.025,0.055,-9.58251051521e-15,0
341.0,-0.03,0.06,-2.30142135243e-14,0
341.0,-0.03,0.065,-4.40730714337e-14,0
341.0,-0.025,0.06,-3.28626267294e-14,0
341.0,-0.025,0.065,-5.76636377088e-14,0
341.0,-0.03,0.07,-6.58226453658e-14,0
341.0,-0.03,0.075,-8.79531739145e-14,0
341.0,-0.025,0.07,-8.32822095681e-14,0
341.0,-0.025,0.075,-1.09454387835e-13,0
341.0,-0.02,-0.075,-1.26705571975e-13,0
341.0,-0.02,-0.07,-9.69325183661e-14,0
341.0,-0.015,-0.075,-1.42770299404e-13,0
341.0,-0.015,-0.07,-1.10111327402e-13,0
341.0,-0.02,-0.065,-6.78509966973e-14,0
341.0,-0.015,-0.065,-7.82938258351e-14,0
341.0,-0.02,-0.06,-3.96801634185e-14,0
341.0,-0.015,-0.06,-4.75136740955e-14,0
341.0,-0.02,-0.055,-1.3197067061e-14,0
341.0,-0.015,-0.055,-1.85499982495e-14,0
341.0,-0.02,-0.05,1.05074243384e-14,0
341.0,-0.015,-0.05,7.43432812553e-15,0
341.0,-0.02,-0.045,3.0191424301e-14,0
341.0,-0.015,-0.045,2.90950361025e-14,0
341.0,-0.02,-0.04,4.46253854834e-14,0
341.0,-0.015,-0.04,4.5112272382e-14,0
341.0,-0.02,-0.035,5.26570343847e-14,0
341.0,-0.015,-0.035,5.42018383017e-14,0
341.0,-0.02,-0.03,5.60631101077e-14,0
341.0,-0.02,-0.025,5.75340863705e-14,0
341.0,-0.015,-0.03,5.80811371029e-14,0
341.0,-0.015,-0.025,5.94305128341e-14,0
341.0,-0.02,-0.02,5.73195496483e-14,0
341.0,-0.02,-0.015,5.59297691655e-14,0
341.0,-0.015,-0.02,5.84891301674e-14,0
341.0,-0.015,-0.015,5.57579815948e-14,0
341.0,-0.02,-0.01,5.39074188678e-14,0
341.0,-0.015,-0.01,5.19278069238e-14,0
341.0,-0.02,-0.005,5.20025314424e-14,0
341.0,-0.015,-0.005,4.84299521262e-14,0
341.0,-0.02,0,5.10987532852e-14,0
341.0,-0.015,4.16333634234e-19,4.68904205678e-14,0
341.0,-0.02,0.005,5.16129572689e-14,0
341.0,-0.015,0.005,4.80700317741e-14,0
341.0,-0.02,0.01,5.3142895812e-14,0
341.0,-0.02,0.015,5.48125078285e-14,0
341.0,-0.015,0.01,5.12245673741e-14,0
341.0,-0.015,0.015,5.47196707806e-14,0
341.0,-0.02,0.02,5.58888841642e-14,0
341.0,-0.02,0.025,5.58380501721e-14,0
341.0,-0.015,0.02,5.71637199748e-14,0
341.0,-0.015,0.025,5.78922742838e-14,0
341.0,-0.02,0.03,5.41504054501e-14,0
341.0,-0.02,0.035,5.05702532003e-14,0
341.0,-0.015,0.03,5.63861017435e-14,0
341.0,-0.015,0.035,5.24189999016e-14,0
341.0,-0.02,0.04,4.24137639414e-14,0
341.0,-0.02,0.045,2.7923809681e-14,0
341.0,-0.015,0.04,4.32875293897e-14,0
341.0,-0.015,0.045,2.72460830125e-14,0
341.0,-0.02,0.05,8.252164234e-15,0
341.0,-0.02,0.055,-1.53801618793e-14,0
341.0,-0.015,0.05,5.6081984619e-15,0
341.0,-0.015,0.055,-2.03058933662e-14,0
341.0,-0.02,0.06,-4.17499542158e-14,0
341.0,-0.02,0.065,-6.97934508052e-14,0
341.0,-0.015,0.06,-4.91650029785e-14,0
341.0,-0.015,0.065,-7.98273638204e-14,0
341.0,-0.02,0.07,-9.87657731546e-14,0
341.0,-0.02,0.075,-1.28485581442e-13,0
341.0,-0.015,0.07,-1.11540277208e-13,0
341.0,-0.015,0.075,-1.44137743634e-13,0
341.0,-0.01,-0.075,-1.54944471162e-13,0
341.0,-0.01,-0.07,-1.2011221634e-13,0
341.0,-0.005,-0.075,-1.62572285775e-13,0
341.0,-0.005,-0.07,-1.26417768974e-13,0
341.0,-0.01,-0.065,-8.62750405877e-14,0
341.0,-0.005,-0.065,-9.13240866732e-14,0
341.0,-0.01,-0.06,-5.35594912729e-14,0
341.0,-0.005,-0.06,-5.74243816925e-14,0
341.0,-0.01,-0.055,-2.2774210488e-14,0
341.0,-0.005,-0.055,-2.55191946783e-14,0
341.0,-0.01,-0.05,4.87273730578e-15,0
341.0,-0.005,-0.05,3.14829269152e-15,0
341.0,-0.01,-0.045,2.79748366882e-14,0
341.0,-0.005,-0.045,2.71193796417e-14,0
341.0,-0.01,-0.04,4.51177102169e-14,0
341.0,-0.005,-0.04,4.49560758841e-14,0
341.0,-0.01,-0.035,5.50223086794e-14,0
341.0,-0.005,-0.035,5.53680249814e-14,0
341.0,-0.01,-0.03,5.92417405491e-14,0
341.0,-0.005,-0.03,5.97984179423e-14,0
341.0,-0.01,-0.025,6.0248900448e-14,0
341.0,-0.005,-0.025,6.03291209633e-14,0
341.0,-0.01,-0.02,5.82391439731e-14,0
341.0,-0.01,-0.015,5.3594727248e-14,0
341.0,-0.005,-0.02,5.72836706054e-14,0
341.0,-0.005,-0.015,5.08814543261e-14,0
341.0,-0.0117873230072,-0.0115873794689,5.08636190449e-14,0
341.0,-0.00939961996336,-0.005,3.91032313704e-14,0
341.0,-0.00792797428371,-0.00964253216809,4.3777672928e-14,0
341.0,-0.005,-0.00939961996336,3.94097062996e-14,0
341.0,-0.0108753492546,-0.00150606400588,3.96229138601e-14,0
341.0,-0.00818101620308,-0.00211452602544,3.24663571628e-14,0
341.0,-0.00651817360753,-0.000255934956239,2.40623572642e-14,0
341.0,-0.005,6.71033969428e-08,1.15714264397e-14,0
341.0,-0.0107292118043,0.00160660295843,3.92214590883e-14,0
341.0,-0.0080188992252,0.000768320427092,3.08497834373e-14,0
341.0,-0.00939946851065,0.005,3.88408593447e-14,0
341.0,-0.00802129342231,0.00264911934363,3.24351241751e-14,0
341.0,-0.00887989370213,0.00887989479405,4.33193225777e-14,0
341.0,-0.01,0.015,5.26584380538e-14,0
341.0,-0.005,0.00939947397025,3.89702708186e-14,0
341.0,-0.005,0.015,5.01216458085e-14,0
341.0,-0.01,0.02,5.70770557668e-14,0
341.0,-0.01,0.025,5.8960753326e-14,0
341.0,-0.005,0.02,5.64151876734e-14,0
341.0,-0.005,0.025,5.94998378811e-14,0
341.0,-0.01,0.03,5.78853037163e-14,0
341.0,-0.01,0.035,5.3669550181e-14,0
341.0,-0.005,0.03,5.90328659729e-14,0
341.0,-0.005,0.035,5.46077357698e-14,0
341.0,-0.01,0.04,4.37810681619e-14,0
341.0,-0.01,0.045,2.6643787723e-14,0
341.0,-0.005,0.04,4.41716532134e-14,0
341.0,-0.005,0.045,2.63696695221e-14,0
341.0,-0.01,0.05,3.58786735014e-15,0
341.0,-0.01,0.055,-2.3974173406e-14,0
341.0,-0.005,0.05,2.47829960194e-15,0
341.0,-0.005,0.055,-2.60777037814e-14,0
341.0,-0.01,0.06,-5.46462473402e-14,0
341.0,-0.01,0.065,-8.72367788724e-14,0
341.0,-0.005,0.06,-5.78504972243e-14,0
341.0,-0.005,0.065,-9.16072590531e-14,0
341.0,-0.01,0.07,-1.20955852341e-13,0
341.0,-0.01,0.075,-1.55697978563e-13,0
341.0,-0.005,0.07,-1.26557953075e-13,0
341.0,-0.005,0.075,-1.62579651972e-13,0
341.0,0,-0.075,-1.65292098566e-13,0
341.0,0,-0.07,-1.2866466678e-13,0
341.0,0.005,-0.075,-1.6291415691e-13,0
341.0,0.005,-0.07,-1.2674279187e-13,0
341.0,0,-0.065,-9.31513514837e-14,0
341.0,0.005,-0.065,-9.16369729833e-14,0
341.0,0,-0.06,-5.88410102432e-14,0
341.0,0.005,-0.06,-5.77213733173e-14,0
341.0,0,-0.055,-2.65501096698e-14,0
341.0,0.005,-0.055,-2.57883688693e-14,0
341.0,0,-0.05,2.47230587343e-15,0
341.0,0.005,-0.05,2.92386681497e-15,0
341.0,0,-0.045,2.6763183338e-14,0
341.0,0.005,-0.045,2.69549796383e-14,0
341.0,0,-0.04,4.48313402153e-14,0
341.0,0.005,-0.04,4.48385228053e-14,0
341.0,0,-0.035,5.54316869473e-14,0
341.0,0.005,-0.035,5.51522615461e-14,0
341.0,0,-0.03,5.99055505334e-14,0
341.0,0.005,-0.03,5.94686591347e-14,0
341.0,0,-0.025,6.02334578854e-14,0
341.0,0.005,-0.025,6.01532917085e-14,0
341.0,0,-0.02,5.68025510081e-14,0
341.0,0.005,-0.02,5.74394228755e-14,0
341.0,0,-0.015,4.97441212498e-14,0
341.0,0.005,-0.015,5.1494102962e-14,0
341.0,-0.0021196717084,-0.00776771017156,3.08547634223e-14,0
341.0,-0.00084550708518,-0.00631514607954,2.28142623124e-14,0
341.0,6.71033969406e-08,-0.005,1.20683542753e-14,0
341.0,-0.00139054260708,-0.0110960807567,4.10137545638e-14,0
341.0,0.00132468676756,-0.00775008274642,3.02134419215e-14,0
341.0,0.00160394440688,-0.0116908851489,4.28561049276e-14,0
341.0,0.005,-0.00939946851065,4.02610537015e-14,0
341.0,0.005,0.005,2.76133471994e-14,0
341.0,-0.000107646311398,0.00617659695633,2.16341023364e-14,0
341.0,-0.00190846935279,0.0076427502668,2.98431546156e-14,0
341.0,0.00131146485568,0.00777290068297,2.97397874441e-14,0
341.0,0.00295884413402,0.00640276348073,2.67591722773e-14,0
341.0,-1.21517769428e-05,0.0108932602996,3.97021524445e-14,0
341.0,0,0.015,4.91234870819e-14,0
341.0,0.005,0.00939942566771,3.96766827563e-14,0
341.0,0.005,0.015,5.10637150304e-14,0
341.0,0,0.02,5.62548644891e-14,0
341.0,0,0.025,5.98898823038e-14,0
341.0,0.005,0.02,5.71917940883e-14,0
341.0,0.005,0.025,6.01532739737e-14,0
341.0,0,0.03,5.97636124447e-14,0
341.0,0,0.035,5.52666553782e-14,0
341.0,0.005,0.03,5.96999412612e-14,0
341.0,0.005,0.035,5.54728413732e-14,0
341.0,0,0.04,4.46154202117e-14,0
341.0,0,0.045,2.66250940421e-14,0
341.0,0.005,0.04,4.51906991865e-14,0
341.0,0.005,0.045,2.7424643028e-14,0
341.0,0,0.05,2.45202385093e-15,0
341.0,0,0.055,-2.64299382052e-14,0
341.0,0.005,0.05,3.54441828123e-15,0
341.0,0.005,0.055,-2.50051566507e-14,0
341.0,0,0.06,-5.85668185061e-14,0
341.0,0,0.065,-9.27134574626e-14,0
341.0,0.005,0.06,-5.67679942218e-14,0
341.0,0.005,0.065,-9.05039567574e-14,0
341.0,0,0.07,-1.28055357653e-13,0
341.0,0,0.075,-1.64502715743e-13,0
341.0,0.005,0.07,-1.25414183687e-13,0
341.0,0.005,0.075,-1.61362857706e-13,0
341.0,0.01,-0.075,-1.55590105728e-13,0
341.0,0.01,-0.07,-1.20730798503e-13,0
341.0,0.015,-0.075,-1.4364321864e-13,0
341.0,0.015,-0.07,-1.1096012777e-13,0
341.0,0.01,-0.065,-8.68777155295e-14,0
341.0,0.015,-0.065,-7.91367469658e-14,0
341.0,0.01,-0.06,-5.41408430504e-14,0
341.0,0.015,-0.06,-4.83478728346e-14,0
341.0,0.01,-0.055,-2.33152058354e-14,0
341.0,0.015,-0.055,-1.93535086705e-14,0
341.0,0.01,-0.05,4.40146628499e-15,0
341.0,0.015,-0.05,6.69680275495e-15,0
341.0,0.01,-0.045,2.75986219741e-14,0
341.0,0.015,-0.045,2.84598237763e-14,0
341.0,0.01,-0.04,4.48178339924e-14,0
341.0,0.015,-0.04,4.45887581015e-14,0
341.0,0.01,-0.035,5.46163644964e-14,0
341.0,0.015,-0.035,5.37253887879e-14,0
341.0,0.01,-0.03,5.87719543941e-14,0
341.0,0.015,-0.03,5.77693953943e-14,0
341.0,0.01,-0.025,6.00780297403e-14,0
341.0,0.015,-0.025,5.95863114981e-14,0
341.0,0.01,-0.02,5.86455857591e-14,0
341.0,0.01,-0.015,5.48609438544e-14,0
341.0,0.015,-0.02,5.94176392088e-14,0
341.0,0.015,-0.015,5.78874647844e-14,0
341.0,0.00999280436795,-0.0116358337096,5.10649674455e-14,0
341.0,0.0105889214373,-0.00845762197625,4.79823276272e-14,0
341.0,0.015,-0.01,5.52436562348e-14,0
341.0,0.00939947397025,-0.005,4.14694275301e-14,0
341.0,0.015,-0.005,5.24944995647e-14,0
341.0,0.00658051136513,-0.00296146438142,2.98039653985e-14,0
341.0,0.00636794669772,-3.54305826484e-06,2.51046812236e-14,0
341.0,0.00795807888052,-0.00113999998936,3.3622392462e-14,0
341.0,0.00758147027913,0.00183630393596,3.2270650541e-14,0
341.0,0.0112534647756,-1.47536350887e-07,4.37788384392e-14,0
341.0,0.015,4.16333634234e-19,5.13936511768e-14,0
341.0,0.00939942566771,0.005,4.10629084689e-14,0
341.0,0.015,0.005,5.23211720824e-14,0
341.0,0.00999018807453,0.0109670628501,4.99375868189e-14,0
341.0,0.01,0.015,5.46926444785e-14,0
341.0,0.015,0.01,5.51940350811e-14,0
341.0,0.015,0.015,5.80095556761e-14,0
341.0,0.01,0.02,5.86975627179e-14,0
341.0,0.01,0.025,6.03538975787e-14,0
341.0,0.015,0.02,5.97253284352e-14,0
341.0,0.015,0.025,6.00981307438e-14,0
341.0,0.01,0.03,5.9266741934e-14,0
341.0,0.01,0.035,5.52972304881e-14,0
341.0,0.015,0.03,5.85140756703e-14,0
341.0,0.015,0.035,5.47186017208e-14,0
341.0,0.01,0.04,4.56620350952e-14,0
341.0,0.01,0.045,2.86170671791e-14,0
341.0,0.015,0.04,4.58307416232e-14,0
341.0,0.015,0.045,2.99247241407e-14,0
341.0,0.01,0.05,5.60001068267e-15,0
341.0,0.01,0.055,-2.19413267359e-14,0
341.0,0.015,0.05,8.35945486783e-15,0
341.0,0.015,0.055,-1.75152222195e-14,0
341.0,0.01,0.06,-5.25913482527e-14,0
341.0,0.01,0.065,-8.51432342749e-14,0
341.0,0.015,0.06,-4.63422927294e-14,0
341.0,0.015,0.065,-7.69560636975e-14,0
341.0,0.01,0.07,-1.18788007499e-13,0
341.0,0.01,0.075,-1.53394634736e-13,0
341.0,0.015,0.07,-1.08575259756e-13,0
341.0,0.015,0.075,-1.40996795232e-13,0
341.0,0.02,-0.075,-1.2769471337e-13,0
341.0,0.02,-0.07,-9.79160710783e-14,0
341.0,0.025,-0.075,-1.08482475239e-13,0
341.0,0.025,-0.07,-8.22691359546e-14,0
341.0,0.02,-0.065,-6.88556947687e-14,0
341.0,0.025,-0.065,-5.65786630181e-14,0
341.0,0.02,-0.06,-4.07074914955e-14,0
341.0,0.025,-0.06,-3.16899453577e-14,0
341.0,0.02,-0.055,-1.42264255128e-14,0
341.0,0.025,-0.055,-8.31868628166e-15,0
341.0,0.02,-0.05,9.51572487903e-15,0
341.0,0.025,-0.05,1.254501057e-14,0
341.0,0.02,-0.045,2.92903588303e-14,0
341.0,0.025,-0.045,2.9806773093e-14,0
341.0,0.02,-0.04,4.38757502282e-14,0
341.0,0.025,-0.04,4.24394020817e-14,0
341.0,0.02,-0.035,5.21354938607e-14,0
341.0,0.025,-0.035,4.95072440611e-14,0
341.0,0.02,-0.03,5.59044820615e-14,0
341.0,0.025,-0.03,5.27541615541e-14,0
341.0,0.02,-0.025,5.79478190552e-14,0
341.0,0.025,-0.025,5.46246220648e-14,0
341.0,0.02,-0.02,5.86020276599e-14,0
341.0,0.025,-0.02,5.5434538944e-14,0
341.0,0.02,-0.015,5.8561609304e-14,0
341.0,0.025,-0.015,5.57815354014e-14,0
341.0,0.02,-0.01,5.80210018582e-14,0
341.0,0.025,-0.01,5.58957425647e-14,0
341.0,0.02,-0.005,5.70300844077e-14,0
341.0,0.025,-0.005,5.57809491656e-14,0
341.0,0.02,0,5.65458078862e-14,0
341.0,0.025,4.16333634234e-19,5.5744617671e-14,0
341.0,0.02,0.005,5.70763048952e-14,0
341.0,0.025,0.005,5.58071949451e-14,0
341.0,0.02,0.01,5.81858273007e-14,0
341.0,0.025,0.01,5.59901993341e-14,0
341.0,0.02,0.015,5.88655983521e-14,0
341.0,0.025,0.015,5.60277087464e-14,0
341.0,0.02,0.02,5.90458529639e-14,0
341.0,0.02,0.025,5.85941365359e-14,0
341.0,0.025,0.02,5.58473849821e-14,0
341.0,0.025,0.025,5.5260047336e-14,0
341.0,0.02,0.03,5.68167617389e-14,0
341.0,0.02,0.035,5.33585898409e-14,0
341.0,0.025,0.03,5.3697598954e-14,0
341.0,0.025,0.035,5.08255960002e-14,0
341.0,0.02,0.04,4.54036066664e-14,0
341.0,0.02,0.045,3.10667524362e-14,0
341.0,0.025,0.04,4.4104713093e-14,0
341.0,0.025,0.045,3.17274369761e-14,0
341.0,0.02,0.05,1.14889385549e-14,0
341.0,0.02,0.055,-1.209349313e-14,0
341.0,0.025,0.05,1.46457231873e-14,0
341.0,0.025,0.055,-6.09123314265e-15,0
341.0,0.02,0.06,-3.84324284715e-14,0
341.0,0.02,0.065,-6.64333375926e-14,0
341.0,0.025,0.06,-2.93625552563e-14,0
341.0,0.025,0.065,-5.41512449797e-14,0
341.0,0.02,0.07,-9.5314635793e-14,0
341.0,0.02,0.075,-1.2484785902e-13,0
341.0,0.025,0.07,-7.97108683288e-14,0
341.0,0.025,0.075,-1.05725143183e-13,0
341.0,0.03,-0.075,-8.69287795253e-14,0
341.0,0.03,-0.07,-6.47634265138e-14,0
341.0,0.035,-0.075,-6.39899780111e-14,0
341.0,0.035,-0.07,-4.62242958892e-14,0
341.0,0.03,-0.065,-4.29475003086e-14,0
341.0,0.035,-0.065,-2.86223051016e-14,0
341.0,0.03,-0.06,-2.18071555565e-14,0
341.0,0.035,-0.06,-1.15987402583e-14,0
341.0,0.03,-0.055,-2.04345962559e-15,0
341.0,0.035,-0.055,4.18770188651e-15,0
341.0,0.03,-0.05,1.54588677267e-14,0
341.0,0.035,-0.05,1.79572513285e-14,0
341.0,0.03,-0.045,2.97683820092e-14,0
341.0,0.035,-0.045,2.89501149255e-14,0
341.0,0.03,-0.04,4.00466688852e-14,0
341.0,0.035,-0.04,3.65577727098e-14,0
341.0,0.03,-0.035,4.56300317712e-14,0
341.0,0.035,-0.035,4.04170562798e-14,0
341.0,0.03,-0.03,4.80518849855e-14,0
341.0,0.035,-0.03,4.17868614246e-14,0
341.0,0.03,-0.025,4.93121695406e-14,0
341.0,0.035,-0.025,4.19596354261e-14,0
341.0,0.03,-0.02,4.97007537141e-14,0
341.0,0.035,-0.02,4.1409826856e-14,0
341.0,0.03,-0.015,4.97366068159e-14,0
341.0,0.035,-0.015,4.08016435254e-14,0
341.0,0.03,-0.01,4.96779469978e-14,0
341.0,0.035,-0.01,4.03385118722e-14,0
341.0,0.03,-0.005,4.97745377027e-14,0
341.0,0.035,-0.005,4.02301465778e-14,0
341.0,0.03,0,4.98874596998e-14,0
341.0,0.035,4.16333634234e-19,4.03120630801e-14,0
341.0,0.03,0.005,4.9685986268e-14,0
341.0,0.035,0.005,4.01821269606e-14,0
341.0,0.03,0.01,4.9617469464e-14,0
341.0,0.035,0.01,4.03284306641e-14,0
341.0,0.03,0.015,4.98328508836e-14,0
341.0,0.035,0.015,4.09092824682e-14,0
341.0,0.03,0.02,4.99851364967e-14,0
341.0,0.035,0.02,4.16108463764e-14,0
341.0,0.03,0.025,4.97825719405e-14,0
341.0,0.035,0.025,4.21299220241e-14,0
341.0,0.03,0.03,4.88355598819e-14,0
341.0,0.03,0.035,4.68672076188e-14,0
341.0,0.035,0.03,4.2111483064e-14,0
341.0,0.035,0.035,4.1300134853e-14,0
341.0,0.03,0.04,4.16723946195e-14,0
341.0,0.03,0.045,3.16447523102e-14,0
341.0,0.035,0.04,3.7945921529e-14,0
341.0,0.035,0.045,3.05993621695e-14,0
341.0,0.03,0.05,1.74879538824e-14,0
341.0,0.03,0.055,6.64809066898e-17,0
341.0,0.035,0.05,1.97269390294e-14,0
341.0,0.035,0.055,5.98033994703e-15,0
341.0,0.03,0.06,-1.96556924147e-14,0
341.0,0.03,0.065,-4.07627108087e-14,0
341.0,0.035,0.06,-9.83942451664e-15,0
341.0,0.035,0.065,-2.6916197378e-14,0
341.0,0.03,0.07,-6.2519841383e-14,0
341.0,0.03,0.075,-8.45617866822e-14,0
341.0,0.035,0.07,-4.45549167222e-14,0
341.0,0.035,0.075,-6.23030702026e-14,0
341.0,0.04,-0.075,-4.06569002175e-14,0
341.0,0.04,-0.07,-2.74538727108e-14,0
341.0,0.045,-0.075,-1.78654487479e-14,0
341.0,0.045,-0.07,-9.21805149339e-15,0
341.0,0.04,-0.065,-1.42671832564e-14,0
341.0,0.045,-0.065,-4.74426041962e-16,0
341.0,0.04,-0.06,-1.57467081323e-15,0
341.0,0.045,-0.06,7.80616560031e-15,0
341.0,0.04,-0.055,9.98847503351e-15,0
341.0,0.045,-0.055,1.50307070566e-14,0
341.0,0.04,-0.05,1.97629922457e-14,0
341.0,0.045,-0.05,2.06466832685e-14,0
341.0,0.04,-0.045,2.71669464696e-14,0
341.0,0.045,-0.045,2.42473564325e-14,0
341.0,0.04,-0.04,3.18171989485e-14,0
341.0,0.045,-0.04,2.56403923339e-14,0
341.0,0.04,-0.035,3.36380311322e-14,0
341.0,0.045,-0.035,2.49625719677e-14,0
341.0,0.04,-0.03,3.3478822637e-14,0
341.0,0.045,-0.03,2.29421207895e-14,0
341.0,0.04,-0.025,3.22205873707e-14,0
341.0,0.045,-0.025,2.01818264224e-14,0
341.0,0.04,-0.02,3.05542099286e-14,0
341.0,0.045,-0.02,1.74098317203e-14,0
341.0,0.04,-0.015,2.9080764393e-14,0
341.0,0.045,-0.015,1.49026094657e-14,0
341.0,0.04,-0.01,2.79826272249e-14,0
341.0,0.045,-0.01,1.29219567646e-14,0
341.0,0.04,-0.005,2.74978754987e-14,0
341.0,0.045,-0.005,1.17437993158e-14,0
341.0,0.04,0,2.74734048022e-14,0
341.0,0.045,4.16333634234e-19,1.14217759664e-14,0
341.0,0.04,0.005,2.75786834502e-14,0
341.0,0.045,0.005,1.20219119311e-14,0
341.0,0.04,0.01,2.81621427723e-14,0
341.0,0.045,0.01,1.33867025178e-14,0
341.0,0.04,0.015,2.93717217074e-14,0
341.0,0.045,0.015,1.55032347832e-14,0
341.0,0.04,0.02,3.08924231132e-14,0
341.0,0.045,0.02,1.8111774449e-14,0
341.0,0.04,0.025,3.24068987691e-14,0
341.0,0.045,0.025,2.08719782905e-14,0
341.0,0.04,0.03,3.35786923669e-14,0
341.0,0.045,0.03,2.34710441454e-14,0
341.0,0.04,0.035,3.41600236377e-14,0
341.0,0.045,0.035,2.55526013962e-14,0
341.0,0.04,0.04,3.28745329267e-14,0
341.0,0.04,0.045,2.84739927681e-14,0
341.0,0.045,0.04,2.64972626475e-14,0
341.0,0.045,0.045,2.52106748998e-14,0
341.0,0.04,0.05,2.11345589479e-14,0
341.0,0.04,0.055,1.13031060744e-14,0
341.0,0.045,0.05,2.15551961457e-14,0
341.0,0.045,0.055,1.57609665913e-14,0
341.0,0.04,0.06,-3.90084853142e-16,0
341.0,0.04,0.065,-1.32432457111e-14,0
341.0,0.045,0.06,8.28234272461e-15,0
341.0,0.045,0.065,-2.88839117561e-16,0
341.0,0.04,0.07,-2.65845939896e-14,0
341.0,0.04,0.075,-3.99010086747e-14,0
341.0,0.045,0.07,-9.32443368489e-15,0
341.0,0.045,0.075,-1.82372881732e-14,0
341.0,0.05,-0.075,3.57365873156e-15,0
341.0,0.05,-0.07,7.84177396589e-15,0
341.0,0.055,-0.075,2.29900213944e-14,0
341.0,0.055,-0.07,2.32391775289e-14,0
341.0,0.05,-0.065,1.22591375786e-14,0
341.0,0.055,-0.065,2.36046067894e-14,0
341.0,0.05,-0.06,1.61947242157e-14,0
341.0,0.055,-0.06,2.33798431242e-14,0
341.0,0.05,-0.055,1.90757039869e-14,0
341.0,0.055,-0.055,2.20256604553e-14,0
341.0,0.05,-0.05,2.04642134666e-14,0
341.0,0.055,-0.05,1.91892234558e-14,0
341.0,0.05,-0.045,2.01000920102e-14,0
341.0,0.055,-0.045,1.47594178971e-14,0
341.0,0.05,-0.04,1.79861907716e-14,0
341.0,0.055,-0.04,8.86069288613e-15,0
341.0,0.05,-0.035,1.4411443684e-14,0
341.0,0.055,-0.035,1.88291060613e-15,0
341.0,0.05,-0.03,9.96357286047e-15,0
341.0,0.055,-0.03,-5.62610105949e-15,0
341.0,0.05,-0.025,5.22331882589e-15,0
341.0,0.055,-0.025,-1.30698478594e-14,0
341.0,0.05,-0.02,7.19071968466e-16,0
341.0,0.055,-0.02,-1.99013963643e-14,0
341.0,0.05,-0.015,-3.23894063727e-15,0
341.0,0.055,-0.015,-2.57469255328e-14,0
341.0,0.05,-0.01,-6.37627375844e-15,0
341.0,0.055,-0.01,-3.02403626445e-14,0
341.0,0.05,-0.005,-8.36853043945e-15,0
341.0,0.055,-0.005,-3.30216738122e-14,0
341.0,0.05,0,-8.94347408667e-15,0
341.0,0.055,4.16333634234e-19,-3.37861556101e-14,0
341.0,0.05,0.005,-7.91498138495e-15,0
341.0,0.055,0.005,-3.24198249608e-14,0
341.0,0.05,0.01,-5.58915708857e-15,0
341.0,0.055,0.01,-2.91509760454e-14,0
341.0,0.05,0.015,-2.2225941398e-15,0
341.0,0.055,0.015,-2.43141592899e-14,0
341.0,0.05,0.02,1.89230660901e-15,0
341.0,0.055,0.02,-1.82662418367e-14,0
341.0,0.05,0.025,6.43275122917e-15,0
341.0,0.055,0.025,-1.1411395847e-14,0
341.0,0.05,0.03,1.10298411376e-14,0
341.0,0.055,0.03,-4.16815888174e-15,0
341.0,0.05,0.035,1.53216718335e-14,0
341.0,0.055,0.035,3.0184094765e-15,0
341.0,0.05,0.04,1.88101305359e-14,0
341.0,0.055,0.04,9.67012750497e-15,0
341.0,0.05,0.045,2.07791514348e-14,0
341.0,0.055,0.045,1.51844932375e-14,0
341.0,0.05,0.05,2.08973916699e-14,0
341.0,0.05,0.055,1.91674334414e-14,0
341.0,0.055,0.05,1.91526017382e-14,0
341.0,0.055,0.055,2.14582825146e-14,0
341.0,0.05,0.06,1.58792122948e-14,0
341.0,0.05,0.065,1.15043750945e-14,0
341.0,0.055,0.06,2.22340722908e-14,0
341.0,0.055,0.065,2.18588955817e-14,0
341.0,0.05,0.07,6.64325451738e-15,0
341.0,0.05,0.075,1.94592872373e-15,0
341.0,0.055,0.07,2.08922870252e-14,0
341.0,0.055,0.075,2.00481430512e-14,0
341.0,0.06,-0.075,3.99921228864e-14,0
341.0,0.06,-0.07,3.67141631985e-14,0
341.0,0.065,-0.075,5.44152318611e-14,0
341.0,0.065,-0.07,4.82803795347e-14,0
341.0,0.06,-0.065,3.34263630855e-14,0
341.0,0.065,-0.065,4.18546016367e-14,0
341.0,0.06,-0.06,2.93448187315e-14,0
341.0,0.065,-0.06,3.42819126533e-14,0
341.0,0.06,-0.055,2.39419082663e-14,0
341.0,0.065,-0.055,2.50826039555e-14,0
341.0,0.06,-0.05,1.69654932734e-14,0
341.0,0.065,-0.05,1.4085840928e-14,0
341.0,0.06,-0.045,8.41345020714e-15,0
341.0,0.065,-0.045,1.4271354278e-15,0
341.0,0.06,-0.04,-1.45276673074e-15,0
341.0,0.065,-0.04,-1.25213880869e-14,0
341.0,0.06,-0.035,-1.21732479211e-14,0
341.0,0.065,-0.035,-2.71746881586e-14,0
341.0,0.06,-0.03,-2.31335299135e-14,0
341.0,0.065,-0.03,-4.18364554853e-14,0
341.0,0.06,-0.025,-3.36859389096e-14,0
341.0,0.065,-0.025,-5.5754439183e-14,0
341.0,0.06,-0.02,-4.32214059737e-14,0
341.0,0.065,-0.02,-6.82232958944e-14,0
341.0,0.06,-0.015,-5.12414160545e-14,0
341.0,0.065,-0.015,-7.86018277805e-14,0
341.0,0.06,-0.01,-5.72866749611e-14,0
341.0,0.065,-0.01,-8.63524838671e-14,0
341.0,0.06,-0.005,-6.09658859019e-14,0
341.0,0.065,-0.005,-9.10260650106e-14,0
341.0,0.06,0,-6.19824273717e-14,0
341.0,0.065,4.16333634234e-19,-9.23473762452e-14,0
341.0,0.06,0.005,-6.02557318952e-14,0
341.0,0.065,0.005,-9.02407724109e-14,0
341.0,0.06,0.01,-5.59734695487e-14,0
341.0,0.065,0.01,-8.48884989543e-14,0
341.0,0.06,0.015,-4.94962907318e-14,0
341.0,0.065,0.015,-7.66469571269e-14,0
341.0,0.06,0.02,-4.12456293891e-14,0
341.0,0.065,0.02,-6.60169505644e-14,0
341.0,0.06,0.025,-3.17083336009e-14,0
341.0,0.065,0.025,-5.35670512873e-14,0
341.0,0.06,0.03,-2.14011411292e-14,0
341.0,0.065,0.03,-3.99393036162e-14,0
341.0,0.06,0.035,-1.08715317357e-14,0
341.0,0.065,0.035,-2.57951284583e-14,0
341.0,0.06,0.04,-6.78868205669e-16,0
341.0,0.065,0.04,-1.18203369932e-14,0
341.0,0.06,0.045,8.58461666044e-15,0
341.0,0.065,0.045,1.33720880581e-15,0
341.0,0.06,0.05,1.64648187321e-14,0
341.0,0.065,0.05,1.31269333506e-14,0
341.0,0.06,0.055,2.27155006813e-14,0
341.0,0.065,0.055,2.32092869935e-14,0
341.0,0.06,0.06,2.73630763767e-14,0
341.0,0.06,0.065,3.06826215291e-14,0
341.0,0.065,0.06,3.14797810499e-14,0
341.0,0.065,0.065,3.81349985961e-14,0
341.0,0.06,0.07,3.32157538298e-14,0
341.0,0.06,0.075,3.57426923667e-14,0
341.0,0.065,0.07,4.36660458807e-14,0
341.0,0.065,0.075,4.8916210627e-14,0
341.0,0.07,-0.075,6.65416561862e-14,0
341.0,0.07,-0.07,5.8312555892e-14,0
341.0,0.075,-0.075,7.70758956019e-14,0
341.0,0.075,-0.07,6.76356955097e-14,0
341.0,0.07,-0.065,4.93057968933e-14,0
341.0,0.075,-0.065,5.65650422232e-14,0
341.0,0.07,-0.06,3.86363141062e-14,0
341.0,0.075,-0.06,4.31054621251e-14,0
341.0,0.07,-0.055,2.58777606976e-14,0
341.0,0.075,-0.055,2.693304326e-14,0
341.0,0.07,-0.05,1.09885081797e-14,0
341.0,0.075,-0.05,8.18585665929e-15,0
341.0,0.07,-0.045,-5.76896217593e-15,0
341.0,0.075,-0.045,-1.2736579402e-14,0
341.0,0.07,-0.04,-2.38686587079e-14,0
341.0,0.075,-0.04,-3.51344029351e-14,0
341.0,0.07,-0.035,-4.26043440768e-14,0
341.0,0.075,-0.035,-5.81419987244e-14,0
341.0,0.07,-0.03,-6.11367660069e-14,0
341.0,0.075,-0.03,-8.07712467764e-14,0
341.0,0.07,-0.025,-7.86040241848e-14,0
341.0,0.075,-0.025,-1.01991009532e-13,0
341.0,0.07,-0.02,-9.41541824493e-14,0
341.0,0.075,-0.02,-1.2083131648e-13,0
341.0,0.07,-0.015,-1.0704183108e-13,0
341.0,0.075,-0.015,-1.36379768285e-13,0
341.0,0.07,-0.01,-1.16607871574e-13,0
341.0,0.075,-0.01,-1.47917682717e-13,0
341.0,0.07,-0.005,-1.22375575123e-13,0
341.0,0.075,-0.005,-1.54849229332e-13,0
341.0,0.07,0,-1.24027972942e-13,0
341.0,0.075,0,-1.56876213359e-13,0
341.0,0.07,0.005,-1.21515418706e-13,0
341.0,0.075,0.005,-1.53889676241e-13,0
341.0,0.07,0.01,-1.15000051518e-13,0
341.0,0.075,0.01,-1.46123266247e-13,0
341.0,0.07,0.015,-1.04892936644e-13,0
341.0,0.075,0.015,-1.33983778005e-13,0
341.0,0.07,0.02,-9.17361995545e-14,0
341.0,0.075,0.02,-1.18141522279e-13,0
341.0,0.07,0.025,-7.62232425422e-14,0
341.0,0.075,0.025,-9.93580781425e-14,0
341.0,0.07,0.03,-5.90981041811e-14,0
341.0,0.075,0.03,-7.85426432205e-14,0
341.0,0.07,0.035,-4.1174963553e-14,0
341.0,0.075,0.035,-5.66304453693e-14,0
341.0,0.07,0.04,-2.32564267153e-14,0
341.0,0.075,0.04,-3.45865555512e-14,0
341.0,0.07,0.045,-6.11991532728e-15,0
341.0,0.075,0.045,-1.33290394618e-14,0
341.0,0.07,0.05,9.5826304438e-15,0
341.0,0.075,0.05,6.34877960358e-15,0
341.0,0.07,0.055,2.33744065484e-14,0
341.0,0.075,0.055,2.38121914959e-14,0
341.0,0.07,0.06,3.50364101902e-14,0
341.0,0.075,0.06,3.8718236311e-14,0
341.0,0.07,0.065,4.46427142795e-14,0
341.0,0.075,0.065,5.09740364553e-14,0
341.0,0.07,0.07,5.26332686026e-14,0
341.0,0.07,0.075,5.98757776999e-14,0
341.0,0.075,0.07,6.0924069069e-14,0
341.0,0.075,0.075,6.93159364092e-14,0
346.0,-0.00382671281566,-0.00202612167119,0,0
346.0,-0.005,-0.005,2.76589479179e-14,0
346.0,-0.00197892066871,-0.00385133392306,0,0
346.0,-0.005,-0.00190753787223,1.57761275957e-14,0
346.0,-0.00433,0,0,0
346.0,-0.00190753787223,-0.005,1.58196605349e-14,0
346.0,0,-0.00433,0,0
346.0,-0.005,0.00190775150599,1.57705547636e-14,0
346.0,-0.00385133392306,0.00197892066871,0,0
346.0,0.00190775150599,-0.005,1.58391066805e-14,0
346.0,0.00202612167119,-0.00382671281566,0,0
346.0,-0.00202612167119,0.00382671281566,0,0
346.0,-0.005,0.005,2.75886672071e-14,0
346.0,-0.0019094272225,0.005,1.58369123427e-14,0
346.0,0,0.00433,0,0
346.0,0.00147766755988,0.00407006125046,0,0
346.0,8.32667268469e-19,0.005,1.19414909064e-14,0
346.0,0.00433,0,0,0
346.0,0.005,1.38777878078e-18,1.14159519189e-14,0
346.0,0.00407006125046,0.00147766755988,0,0
346.0,0.005,-0.005,2.83571505791e-14,0
346.0,0.00385133392306,-0.00197892066871,0,0
346.0,0.005,-0.0019094272225,1.57659678754e-14,0
346.0,0.00306177236254,0.00306177236254,0,0
346.0,0.0019094272225,0.005,1.60305955052e-14,0
346.0,0.005,0.0019094272225,1.58245251546e-14,0
346.0,-0.000885,-0.0015328649647,1.27153073738e-12,0
346.0,-0.0015328649647,-0.000885,1.27165312227e-12,0
346.0,-0.00186450691264,-0.00187567167242,8.43032391549e-13,0
346.0,-0.00177,0,1.27134484539e-12,0
346.0,-0.00268433516245,-0.000738983120158,7.59113212654e-13,0
346.0,0,-0.00177,1.27149236243e-12,0
346.0,-0.000718432264205,-0.00269192408424,7.57407027984e-13,0
346.0,-0.0015328649647,0.000885,1.26984034419e-12,0
346.0,-0.00265321485144,0.000647311733689,7.8989643272e-13,0
346.0,-0.000885,0.0015328649647,1.26821278901e-12,0
346.0,-0.00194719253591,0.00178443766524,8.43958687626e-13,0
346.0,0,0.00177,1.26410654866e-12,0
346.0,-0.000802720381054,0.00273415977115,7.17506340734e-13,0
346.0,0.000885,-0.0015328649647,1.27018117378e-12,0
346.0,0.00075154031863,-0.00270385456952,7.45296930456e-13,0
346.0,0.00177,0,1.26244629265e-12,0
346.0,0.0015328649647,-0.000885,1.26802870532e-12,0
346.0,0.00271471102228,-0.000564731152102,7.60920813793e-13,0
346.0,0.00192394637685,-0.00189207206672,8.10102929597e-13,0
346.0,0.00231817117671,0.00040530921667,9.8791905465e-13,0
346.0,0.0015328649647,0.000885,1.26071260517e-12,0
346.0,0.000885,0.0015328649647,1.26141767299e-12,0
346.0,0.000427053001345,0.00287092483521,6.82195495245e-13,0
346.0,0.00187618296239,0.00184774001435,8.33347479706e-13,0
346.0,0.00312733402203,0.000607809752493,5.19203626026e-13,0
346.0,0.00276214303706,0.00136595635004,5.76864450864e-13,0
346.0,0.0014100336009,0.00268674970267,6.04776994766e-13,0
346.0,-0.075,-0.075,6.83753763112e-14,0
346.0,-0.07,-0.075,5.90499196943e-14,0
346.0,-0.075,-0.07,6.00934560553e-14,0
346.0,-0.07,-0.07,5.19790306595e-14,0
346.0,-0.075,-0.065,5.01644530512e-14,0
346.0,-0.07,-0.065,4.4119542076e-14,0
346.0,-0.065,-0.075,4.8115504375e-14,0
346.0,-0.065,-0.07,4.31427163097e-14,0
346.0,-0.065,-0.065,3.78816216861e-14,0
346.0,-0.075,-0.06,3.77824170688e-14,0
346.0,-0.07,-0.06,3.45412244345e-14,0
346.0,-0.065,-0.06,3.14289235529e-14,0
346.0,-0.075,-0.055,2.2555537061e-14,0
346.0,-0.07,-0.055,2.27557090799e-14,0
346.0,-0.065,-0.055,2.3244895168e-14,0
346.0,-0.075,-0.05,4.55007024712e-15,0
346.0,-0.07,-0.05,8.65609847241e-15,0
346.0,-0.065,-0.05,1.30961281578e-14,0
346.0,-0.075,-0.045,-1.59058444495e-14,0
346.0,-0.07,-0.045,-7.55592214948e-15,0
346.0,-0.065,-0.045,1.06675799052e-15,0
346.0,-0.075,-0.04,-3.81680089486e-14,0
346.0,-0.07,-0.04,-2.54033960296e-14,0
346.0,-0.075,-0.035,-6.14167427339e-14,0
346.0,-0.07,-0.035,-4.42173902929e-14,0
346.0,-0.065,-0.04,-1.25097600696e-14,0
346.0,-0.065,-0.035,-2.70754110479e-14,0
346.0,-0.075,-0.03,-8.46787044696e-14,0
346.0,-0.07,-0.03,-6.31825213126e-14,0
346.0,-0.075,-0.025,-1.06906972094e-13,0
346.0,-0.07,-0.025,-8.14362780281e-14,0
346.0,-0.065,-0.03,-4.19615710891e-14,0
346.0,-0.065,-0.025,-5.6445430863e-14,0
346.0,-0.075,-0.02,-1.27053198942e-13,0
346.0,-0.07,-0.02,-9.8072203809e-14,0
346.0,-0.075,-0.015,-1.4406558612e-13,0
346.0,-0.07,-0.015,-1.12226813444e-13,0
346.0,-0.065,-0.02,-6.98050665786e-14,0
346.0,-0.065,-0.015,-8.12957225269e-14,0
346.0,-0.075,-0.01,-1.57035974328e-13,0
346.0,-0.07,-0.01,-1.2306252696e-13,0
346.0,-0.075,-0.005,-1.65164504486e-13,0
346.0,-0.07,-0.005,-1.29911299445e-13,0
346.0,-0.065,-0.01,-9.02059772495e-14,0
346.0,-0.065,-0.005,-9.58854054399e-14,0
346.0,-0.075,0,-1.6798152772e-13,0
346.0,-0.07,0,-1.32292446428e-13,0
346.0,-0.075,0.005,-1.65262479786e-13,0
346.0,-0.07,0.005,-1.30053402211e-13,0
346.0,-0.065,4.16333634234e-19,-9.78999857379e-14,0
346.0,-0.065,0.005,-9.60776968637e-14,0
346.0,-0.075,0.01,-1.5721040195e-13,0
346.0,-0.07,0.01,-1.23326722821e-13,0
346.0,-0.075,0.015,-1.44274068939e-13,0
346.0,-0.07,0.015,-1.12574664707e-13,0
346.0,-0.065,0.01,-9.05708973821e-14,0
346.0,-0.065,0.015,-8.17981030341e-14,0
346.0,-0.075,0.02,-1.27233253762e-13,0
346.0,-0.07,0.02,-9.84473325113e-14,0
346.0,-0.075,0.025,-1.06974854655e-13,0
346.0,-0.07,0.025,-8.17628260592e-14,0
346.0,-0.065,0.02,-7.03960829642e-14,0
346.0,-0.065,0.025,-5.7057040793e-14,0
346.0,-0.075,0.03,-8.45316923745e-14,0
346.0,-0.07,0.03,-6.33645553153e-14,0
346.0,-0.075,0.035,-6.09380522641e-14,0
346.0,-0.07,0.035,-4.41438589296e-14,0
346.0,-0.065,0.03,-4.2503229694e-14,0
346.0,-0.065,0.035,-2.74382460605e-14,0
346.0,-0.075,0.04,-3.72392368708e-14,0
346.0,-0.07,0.04,-2.49597952355e-14,0
346.0,-0.075,0.045,-1.44203723395e-14,0
346.0,-0.07,0.045,-6.63851504123e-15,0
346.0,-0.065,0.04,-1.25780930771e-14,0
346.0,-0.065,0.045,1.39671888353e-15,0
346.0,-0.075,0.05,6.6731022842e-15,0
346.0,-0.07,0.05,1.0127217547e-14,0
346.0,-0.075,0.055,2.5363796106e-14,0
346.0,-0.07,0.055,2.48302970806e-14,0
346.0,-0.065,0.05,1.39039023448e-14,0
346.0,-0.065,0.055,2.4581442082e-14,0
346.0,-0.075,0.06,4.12879374798e-14,0
346.0,-0.07,0.06,3.72375860527e-14,0
346.0,-0.075,0.065,5.4347942797e-14,0
346.0,-0.07,0.065,4.742966887e-14,0
346.0,-0.065,0.06,3.33166887183e-14,0
346.0,-0.065,0.065,4.03191451978e-14,0
346.0,-0.075,0.07,6.49168798258e-14,0
346.0,-0.07,0.07,5.58798767242e-14,0
346.0,-0.075,0.075,7.38019189644e-14,0
346.0,-0.07,0.075,6.35226912803e-14,0
346.0,-0.065,0.07,4.61141923658e-14,0
346.0,-0.065,0.075,5.16063533631e-14,0
346.0,-0.06,-0.075,3.48217244208e-14,0
346.0,-0.06,-0.07,3.27141877286e-14,0
346.0,-0.06,-0.065,3.06160376016e-14,0
346.0,-0.055,-0.075,1.88236225042e-14,0
346.0,-0.055,-0.07,2.0259315722e-14,0
346.0,-0.055,-0.065,2.18467488134e-14,0
346.0,-0.06,-0.06,2.76915304987e-14,0
346.0,-0.06,-0.055,2.33484460442e-14,0
346.0,-0.055,-0.06,2.28190372146e-14,0
346.0,-0.055,-0.055,2.25662323543e-14,0
346.0,-0.06,-0.05,1.72738708531e-14,0
346.0,-0.055,-0.05,2.06663961485e-14,0
346.0,-0.06,-0.045,9.41762067557e-15,0
346.0,-0.055,-0.045,1.69626361138e-14,0
346.0,-0.06,-0.04,1.93824430815e-17,0
346.0,-0.055,-0.04,1.15663198514e-14,0
346.0,-0.06,-0.035,-1.04638418057e-14,0
346.0,-0.055,-0.035,4.89746804929e-15,0
346.0,-0.06,-0.03,-2.14334402001e-14,0
346.0,-0.06,-0.025,-3.23135472307e-14,0
346.0,-0.055,-0.03,-2.43269776381e-15,0
346.0,-0.055,-0.025,-9.94251302157e-15,0
346.0,-0.06,-0.02,-4.25372863613e-14,0
346.0,-0.06,-0.015,-5.15265996823e-14,0
346.0,-0.055,-0.02,-1.72099465428e-14,0
346.0,-0.055,-0.015,-2.3821421912e-14,0
346.0,-0.06,-0.01,-5.8643843605e-14,0
346.0,-0.06,-0.005,-6.32650581931e-14,0
346.0,-0.055,-0.01,-2.92721456197e-14,0
346.0,-0.055,-0.005,-3.29074381878e-14,0
346.0,-0.06,0,-6.4939724186e-14,0
346.0,-0.06,0.005,-6.35123612306e-14,0
346.0,-0.055,4.16333634234e-19,-3.42727371082e-14,0
346.0,-0.055,0.005,-3.32123702621e-14,0
346.0,-0.06,0.01,-5.9118013686e-14,0
346.0,-0.06,0.015,-5.21935441284e-14,0
346.0,-0.055,0.01,-2.98631995182e-14,0
346.0,-0.055,0.015,-2.46681426781e-14,0
346.0,-0.06,0.02,-4.33576843688e-14,0
346.0,-0.06,0.025,-3.32250632075e-14,0
346.0,-0.055,0.02,-1.82807062846e-14,0
346.0,-0.055,0.025,-1.11657273062e-14,0
346.0,-0.06,0.03,-2.23482267993e-14,0
346.0,-0.06,0.035,-1.12727587043e-14,0
346.0,-0.055,0.03,-3.71514584204e-15,0
346.0,-0.055,0.035,3.66471010523e-15,0
346.0,-0.06,0.04,-5.62422148306e-16,0
346.0,-0.06,0.045,9.16573010429e-15,0
346.0,-0.055,0.04,1.05084399594e-14,0
346.0,-0.055,0.045,1.61711142982e-14,0
346.0,-0.06,0.05,1.74288157629e-14,0
346.0,-0.06,0.055,2.39603539069e-14,0
346.0,-0.055,0.05,2.02116556424e-14,0
346.0,-0.055,0.055,2.24965971455e-14,0
346.0,-0.06,0.06,2.87845824001e-14,0
346.0,-0.06,0.065,3.21917032093e-14,0
346.0,-0.055,0.06,2.31592694057e-14,0
346.0,-0.055,0.065,2.25991554042e-14,0
346.0,-0.06,0.07,3.47583326982e-14,0
346.0,-0.06,0.075,3.731614704e-14,0
346.0,-0.055,0.07,2.14082354804e-14,0
346.0,-0.055,0.075,2.0342913858e-14,0
346.0,-0.05,-0.075,2.23478887745e-16,0
346.0,-0.05,-0.07,5.70515874991e-15,0
346.0,-0.045,-0.075,-2.06422561507e-14,0
346.0,-0.045,-0.07,-1.0739079595e-14,0
346.0,-0.05,-0.065,1.1384235936e-14,0
346.0,-0.045,-0.065,-6.83752709037e-16,0
346.0,-0.05,-0.06,1.65608745643e-14,0
346.0,-0.05,-0.055,2.05797984569e-14,0
346.0,-0.045,-0.06,8.88747089581e-15,0
346.0,-0.045,-0.055,1.72884373682e-14,0
346.0,-0.05,-0.05,2.29215862827e-14,0
346.0,-0.05,-0.045,2.32621772359e-14,0
346.0,-0.045,-0.05,2.38682273107e-14,0
346.0,-0.045,-0.045,2.8123470622e-14,0
346.0,-0.05,-0.04,2.15966627358e-14,0
346.0,-0.045,-0.04,2.98056496077e-14,0
346.0,-0.05,-0.035,1.82777498124e-14,0
346.0,-0.045,-0.035,2.90559412339e-14,0
346.0,-0.05,-0.03,1.40813321479e-14,0
346.0,-0.045,-0.03,2.71124342814e-14,0
346.0,-0.05,-0.025,9.52245298955e-15,0
346.0,-0.045,-0.025,2.47132584701e-14,0
346.0,-0.05,-0.02,4.90392442008e-15,0
346.0,-0.05,-0.015,5.07401093709e-16,0
346.0,-0.045,-0.02,2.21908240361e-14,0
346.0,-0.045,-0.015,1.98598788555e-14,0
346.0,-0.05,-0.01,-3.3847573378e-15,0
346.0,-0.05,-0.005,-6.06271744077e-15,0
346.0,-0.045,-0.01,1.76331722079e-14,0
346.0,-0.045,-0.005,1.5986292937e-14,0
346.0,-0.05,0,-7.10983981019e-15,0
346.0,-0.05,0.005,-6.41900744939e-15,0
346.0,-0.045,4.16333634234e-19,1.52769307506e-14,0
346.0,-0.045,0.005,1.560130539e-14,0
346.0,-0.05,0.01,-4.08270740693e-15,0
346.0,-0.05,0.015,-5.10476580987e-16,0
346.0,-0.045,0.01,1.68777422249e-14,0
346.0,-0.045,0.015,1.8765289254e-14,0
346.0,-0.05,0.02,3.60655891638e-15,0
346.0,-0.05,0.025,8.03951000011e-15,0
346.0,-0.045,0.02,2.08250659645e-14,0
346.0,-0.045,0.025,2.31550605533e-14,0
346.0,-0.05,0.03,1.25087899382e-14,0
346.0,-0.05,0.035,1.67184527003e-14,0
346.0,-0.045,0.03,2.54281377029e-14,0
346.0,-0.045,0.035,2.73096290068e-14,0
346.0,-0.05,0.04,2.01513843145e-14,0
346.0,-0.05,0.045,2.20129278795e-14,0
346.0,-0.045,0.04,2.80922075768e-14,0
346.0,-0.045,0.045,2.6527924018e-14,0
346.0,-0.05,0.05,2.19360050557e-14,0
346.0,-0.05,0.055,1.99062201328e-14,0
346.0,-0.045,0.05,2.24608423003e-14,0
346.0,-0.045,0.055,1.61205210422e-14,0
346.0,-0.05,0.06,1.62250408853e-14,0
346.0,-0.05,0.065,1.13888734043e-14,0
346.0,-0.045,0.06,7.98694247331e-15,0
346.0,-0.045,0.065,-1.31322493162e-15,0
346.0,-0.05,0.07,6.03196432028e-15,0
346.0,-0.05,0.075,8.37406088807e-16,0
346.0,-0.045,0.07,-1.11179103938e-14,0
346.0,-0.045,0.075,-2.08133383212e-14,0
346.0,-0.04,-0.075,-4.31364903883e-14,0
346.0,-0.04,-0.07,-2.86194458671e-14,0
346.0,-0.035,-0.075,-6.64608840918e-14,0
346.0,-0.035,-0.07,-4.73060468656e-14,0
346.0,-0.04,-0.065,-1.40609112841e-14,0
346.0,-0.035,-0.065,-2.82619849912e-14,0
346.0,-0.04,-0.06,-2.03856893269e-17,0
346.0,-0.035,-0.06,-9.82723395638e-15,0
346.0,-0.04,-0.055,1.27665163082e-14,0
346.0,-0.035,-0.055,7.23635290668e-15,0
346.0,-0.04,-0.05,2.35298004238e-14,0
346.0,-0.04,-0.045,3.1572640331e-14,0
346.0,-0.035,-0.05,2.20370601022e-14,0
346.0,-0.035,-0.045,3.36988081892e-14,0
346.0,-0.04,-0.04,3.64019079101e-14,0
346.0,-0.04,-0.035,3.78155987838e-14,0
346.0,-0.035,-0.04,4.15131569993e-14,0
346.0,-0.035,-0.035,4.49692979369e-14,0
346.0,-0.04,-0.03,3.72611085657e-14,0
346.0,-0.035,-0.03,4.56733705087e-14,0
346.0,-0.04,-0.025,3.62268177893e-14,0
346.0,-0.035,-0.025,4.56279460755e-14,0
346.0,-0.04,-0.02,3.49999049081e-14,0
346.0,-0.035,-0.02,4.51028411924e-14,0
346.0,-0.04,-0.015,3.4031322814e-14,0
346.0,-0.035,-0.015,4.45147537789e-14,0
346.0,-0.04,-0.01,3.33393217039e-14,0
346.0,-0.04,-0.005,3.2610953675e-14,0
346.0,-0.035,-0.01,4.40253529661e-14,0
346.0,-0.035,-0.005,4.34768549614e-14,0
346.0,-0.04,0,3.21691369901e-14,0
346.0,-0.04,0.005,3.22264046267e-14,0
346.0,-0.035,4.16333634234e-19,4.31406721982e-14,0
346.0,-0.035,0.005,4.31145867202e-14,0
346.0,-0.04,0.01,3.25943408429e-14,0
346.0,-0.04,0.015,3.29805346864e-14,0
346.0,-0.035,0.01,4.33244417479e-14,0
346.0,-0.035,0.015,4.35257484634e-14,0
346.0,-0.04,0.02,3.36939132931e-14,0
346.0,-0.04,0.025,3.47124696281e-14,0
346.0,-0.035,0.02,4.38510324356e-14,0
346.0,-0.035,0.025,4.41605406598e-14,0
346.0,-0.04,0.03,3.5584907136e-14,0
346.0,-0.04,0.035,3.60177455663e-14,0
346.0,-0.035,0.03,4.40270682206e-14,0
346.0,-0.035,0.035,4.31626220141e-14,0
346.0,-0.04,0.04,3.4544579105e-14,0
346.0,-0.04,0.045,2.9753735599e-14,0
346.0,-0.035,0.04,3.9601248949e-14,0
346.0,-0.035,0.045,3.1775926785e-14,0
346.0,-0.04,0.05,2.18287401914e-14,0
346.0,-0.04,0.055,1.12380784844e-14,0
346.0,-0.035,0.05,2.0177972146e-14,0
346.0,-0.035,0.055,5.49592409397e-15,0
346.0,-0.04,0.06,-1.34541030084e-15,0
346.0,-0.04,0.065,-1.51775478691e-14,0
346.0,-0.035,0.06,-1.1417292856e-14,0
346.0,-0.035,0.065,-2.96949410443e-14,0
346.0,-0.04,0.07,-2.95490583661e-14,0
346.0,-0.04,0.075,-4.39277747399e-14,0
346.0,-0.035,0.07,-4.86029712519e-14,0
346.0,-0.035,0.075,-6.76725665381e-14,0
346.0,-0.03,-0.075,-8.96607419909e-14,0
346.0,-0.03,-0.07,-6.60177616221e-14,0
346.0,-0.025,-0.075,-1.11703183252e-13,0
346.0,-0.025,-0.07,-8.39137044543e-14,0
346.0,-0.03,-0.065,-4.26836198714e-14,0
346.0,-0.025,-0.065,-5.66246896156e-14,0
346.0,-0.03,-0.06,-2.00669096456e-14,0
346.0,-0.025,-0.06,-3.01959971647e-14,0
346.0,-0.03,-0.055,1.02638714283e-15,0
346.0,-0.025,-0.055,-5.44787284817e-15,0
346.0,-0.03,-0.05,1.95993046251e-14,0
346.0,-0.025,-0.05,1.65173934776e-14,0
346.0,-0.03,-0.045,3.46103441065e-14,0
346.0,-0.025,-0.045,3.44978944008e-14,0
346.0,-0.03,-0.04,4.51269830984e-14,0
346.0,-0.03,-0.035,5.039169458e-14,0
346.0,-0.025,-0.04,4.73795727191e-14,0
346.0,-0.025,-0.035,5.41487625039e-14,0
346.0,-0.03,-0.03,5.21456277563e-14,0
346.0,-0.03,-0.025,5.27565413489e-14,0
346.0,-0.025,-0.03,5.67140693616e-14,0
346.0,-0.025,-0.025,5.77112222106e-14,0
346.0,-0.03,-0.02,5.24873915735e-14,0
346.0,-0.025,-0.02,5.74235985423e-14,0
346.0,-0.03,-0.015,5.17038499559e-14,0
346.0,-0.025,-0.015,5.63206168152e-14,0
346.0,-0.03,-0.01,5.07437117292e-14,0
346.0,-0.025,-0.01,5.48875591863e-14,0
346.0,-0.03,-0.005,4.9924769121e-14,0
346.0,-0.025,-0.005,5.36063199075e-14,0
346.0,-0.03,0,4.9498045714e-14,0
346.0,-0.03,0.005,4.95908791016e-14,0
346.0,-0.025,4.16333634234e-19,5.30129757022e-14,0
346.0,-0.025,0.005,5.32952457883e-14,0
346.0,-0.03,0.01,5.00931677755e-14,0
346.0,-0.03,0.015,5.07663812525e-14,0
346.0,-0.025,0.01,5.42790829875e-14,0
346.0,-0.025,0.015,5.54390738551e-14,0
346.0,-0.03,0.02,5.12970353202e-14,0
346.0,-0.03,0.025,5.135162978e-14,0
346.0,-0.025,0.02,5.63008269498e-14,0
346.0,-0.025,0.025,5.63832483866e-14,0
346.0,-0.03,0.03,5.05587375162e-14,0
346.0,-0.03,0.035,4.86429361284e-14,0
346.0,-0.025,0.03,5.52164114963e-14,0
346.0,-0.025,0.035,5.25068003554e-14,0
346.0,-0.03,0.04,4.32561559167e-14,0
346.0,-0.03,0.045,3.26999829605e-14,0
346.0,-0.025,0.04,4.56322999765e-14,0
346.0,-0.025,0.045,3.27095610673e-14,0
346.0,-0.03,0.05,1.77189250306e-14,0
346.0,-0.03,0.055,-7.73239233531e-16,0
346.0,-0.025,0.05,1.47448850486e-14,0
346.0,-0.025,0.055,-7.15854285289e-15,0
346.0,-0.03,0.06,-2.1753862672e-14,0
346.0,-0.03,0.065,-4.42501725459e-14,0
346.0,-0.025,0.06,-3.18150387123e-14,0
346.0,-0.025,0.065,-5.81431913708e-14,0
346.0,-0.03,0.07,-6.74831588325e-14,0
346.0,-0.03,0.075,-9.10751679552e-14,0
346.0,-0.025,0.07,-8.53482084574e-14,0
346.0,-0.025,0.075,-1.13099018509e-13,0
346.0,-0.02,-0.075,-1.31564401558e-13,0
346.0,-0.02,-0.07,-1.00106846499e-13,0
346.0,-0.015,-0.075,-1.48242834313e-13,0
346.0,-0.015,-0.07,-1.13779656411e-13,0
346.0,-0.02,-0.065,-6.93674924358e-14,0
346.0,-0.015,-0.065,-8.01981562108e-14,0
346.0,-0.02,-0.06,-3.96169693872e-14,0
346.0,-0.015,-0.06,-4.77452588407e-14,0
346.0,-0.02,-0.055,-1.1714562889e-14,0
346.0,-0.015,-0.055,-1.72836576305e-14,0
346.0,-0.02,-0.05,1.31564826074e-14,0
346.0,-0.015,-0.05,9.92813186901e-15,0
346.0,-0.02,-0.045,3.36694437533e-14,0
346.0,-0.015,-0.045,3.24563750419e-14,0
346.0,-0.02,-0.04,4.85330213198e-14,0
346.0,-0.015,-0.04,4.89186897427e-14,0
346.0,-0.02,-0.035,5.65651611695e-14,0
346.0,-0.015,-0.035,5.79998523621e-14,0
346.0,-0.02,-0.03,5.96961894707e-14,0
346.0,-0.02,-0.025,6.07903047269e-14,0
346.0,-0.015,-0.03,6.15690450253e-14,0
346.0,-0.015,-0.025,6.24745297504e-14,0
346.0,-0.02,-0.02,6.01344837385e-14,0
346.0,-0.02,-0.015,5.82935000832e-14,0
346.0,-0.015,-0.02,6.10006280948e-14,0
346.0,-0.015,-0.015,5.77118111253e-14,0
346.0,-0.02,-0.01,5.58769336288e-14,0
346.0,-0.015,-0.01,5.33789830325e-14,0
346.0,-0.02,-0.005,5.37129045077e-14,0
346.0,-0.015,-0.005,4.95322692717e-14,0
346.0,-0.02,0,5.27464863864e-14,0
346.0,-0.015,4.16333634234e-19,4.78866094646e-14,0
346.0,-0.02,0.005,5.34192049697e-14,0
346.0,-0.015,0.005,4.92455142115e-14,0
346.0,-0.02,0.01,5.53028989915e-14,0
346.0,-0.02,0.015,5.74577292731e-14,0
346.0,-0.015,0.01,5.28226948061e-14,0
346.0,-0.015,0.015,5.68921473881e-14,0
346.0,-0.02,0.02,5.90710782416e-14,0
346.0,-0.02,0.025,5.95426252547e-14,0
346.0,-0.015,0.02,5.99619177975e-14,0
346.0,-0.015,0.025,6.12891599276e-14,0
346.0,-0.02,0.03,5.83089002137e-14,0
346.0,-0.02,0.035,5.50786518767e-14,0
346.0,-0.015,0.03,6.02919962061e-14,0
346.0,-0.015,0.035,5.67017150204e-14,0
346.0,-0.02,0.04,4.69839053177e-14,0
346.0,-0.02,0.045,3.20994615998e-14,0
346.0,-0.015,0.04,4.76368172537e-14,0
346.0,-0.015,0.045,3.11877439809e-14,0
346.0,-0.02,0.05,1.16081655743e-14,0
346.0,-0.02,0.055,-1.32024113637e-14,0
346.0,-0.015,0.05,8.70137850165e-15,0
346.0,-0.015,0.055,-1.8436407346e-14,0
346.0,-0.02,0.06,-4.10170587534e-14,0
346.0,-0.02,0.065,-7.06705452506e-14,0
346.0,-0.015,0.06,-4.87996639814e-14,0
346.0,-0.015,0.065,-8.11442409526e-14,0
346.0,-0.02,0.07,-1.01325390111e-13,0
346.0,-0.02,0.075,-1.32736667063e-13,0
346.0,-0.015,0.07,-1.14625433044e-13,0
346.0,-0.015,0.075,-1.49016121684e-13,0
346.0,-0.01,-0.075,-1.60915234376e-13,0
346.0,-0.01,-0.07,-1.24183249113e-13,0
346.0,-0.005,-0.075,-1.68881420834e-13,0
346.0,-0.005,-0.07,-1.3076186225e-13,0
346.0,-0.01,-0.065,-8.84987698716e-14,0
346.0,-0.005,-0.065,-9.37620348097e-14,0
346.0,-0.01,-0.06,-5.40369136676e-14,0
346.0,-0.005,-0.06,-5.80642369754e-14,0
346.0,-0.01,-0.055,-2.16919345261e-14,0
346.0,-0.005,-0.055,-2.45553967291e-14,0
346.0,-0.01,-0.05,7.22914628357e-15,0
346.0,-0.005,-0.05,5.42050449401e-15,0
346.0,-0.01,-0.045,3.12285119139e-14,0
346.0,-0.005,-0.045,3.03097098201e-14,0
346.0,-0.01,-0.04,4.88256624566e-14,0
346.0,-0.005,-0.04,4.86079073453e-14,0
346.0,-0.01,-0.035,5.87154713329e-14,0
346.0,-0.005,-0.035,5.899938327e-14,0
346.0,-0.01,-0.03,6.25931569331e-14,0
346.0,-0.005,-0.03,6.30667172376e-14,0
346.0,-0.01,-0.025,6.3091696498e-14,0
346.0,-0.005,-0.025,6.30408516483e-14,0
346.0,-0.01,-0.02,6.04578103947e-14,0
346.0,-0.01,-0.015,5.5150226315e-14,0
346.0,-0.005,-0.02,5.9308270311e-14,0
346.0,-0.005,-0.015,5.21655953574e-14,0
346.0,-0.0117873230072,-0.0115873794689,5.21516024601e-14,0
346.0,-0.00939961996336,-0.005,3.95572219143e-14,0
346.0,-0.00792797428371,-0.00964253216809,4.45131285792e-14,0
346.0,-0.005,-0.00939961996336,3.9931920987e-14,0
346.0,-0.0108753492546,-0.00150606400588,4.00988429634e-14,0
346.0,-0.00818101620308,-0.00211452602544,3.26766058384e-14,0
346.0,-0.00651817360753,-0.000255934956239,2.41274372405e-14,0
346.0,-0.005,6.71033969428e-08,1.15778922143e-14,0
346.0,-0.0107292118043,0.00160660295843,3.96974171639e-14,0
346.0,-0.0080188992252,0.000768320427092,3.10294660629e-14,0
346.0,-0.00939946851065,0.005,3.93388929666e-14,0
346.0,-0.00802129342231,0.00264911934363,3.26625237668e-14,0
346.0,-0.00887989370213,0.00887989479405,4.41302610387e-14,0
346.0,-0.01,0.015,5.43666916447e-14,0
346.0,-0.005,0.00939947397025,3.9538201254e-14,0
346.0,-0.005,0.015,5.14855665748e-14,0
346.0,-0.01,0.02,5.94955312569e-14,0
346.0,-0.01,0.025,6.20498458303e-14,0
346.0,-0.005,0.02,5.85446585929e-14,0
346.0,-0.005,0.025,6.23416387048e-14,0
346.0,-0.01,0.03,6.15315486066e-14,0
346.0,-0.01,0.035,5.77102268752e-14,0
346.0,-0.005,0.03,6.24618973068e-14,0
346.0,-0.005,0.035,5.84325612003e-14,0
346.0,-0.01,0.04,4.78839268738e-14,0
346.0,-0.01,0.045,3.03262703963e-14,0
346.0,-0.005,0.04,4.80465923984e-14,0
346.0,-0.005,0.045,2.98102066057e-14,0
346.0,-0.01,0.05,6.39617376372e-15,0
346.0,-0.01,0.055,-2.24263483588e-14,0
346.0,-0.005,0.05,5.02416529556e-15,0
346.0,-0.005,0.055,-2.48209393962e-14,0
346.0,-0.01,0.06,-5.46508846357e-14,0
346.0,-0.01,0.065,-8.89823660778e-14,0
346.0,-0.005,0.06,-5.81812279369e-14,0
346.0,-0.005,0.065,-9.37208571529e-14,0
346.0,-0.01,0.07,-1.24539273377e-13,0
346.0,-0.01,0.075,-1.6115972704e-13,0
346.0,-0.005,0.07,-1.30559888694e-13,0
346.0,-0.005,0.075,-1.6852139242e-13,0
346.0,0,-0.075,-1.71752781426e-13,0
346.0,0,-0.07,-1.33126171721e-13,0
346.0,0.005,-0.075,-1.69329329566e-13,0
346.0,0.005,-0.07,-1.31159048443e-13,0
346.0,0,-0.065,-9.56756888459e-14,0
346.0,0.005,-0.065,-9.41124444213e-14,0
346.0,0,-0.06,-5.9537979575e-14,0
346.0,0.005,-0.06,-5.8363950923e-14,0
346.0,0,-0.055,-2.56171608407e-14,0
346.0,0.005,-0.055,-2.47935189491e-14,0
346.0,0,-0.05,4.73500315601e-15,0
346.0,0.005,-0.05,5.25807635409e-15,0
346.0,0,-0.045,2.99601504901e-14,0
346.0,0.005,-0.045,3.02330464512e-14,0
346.0,0,-0.04,4.8495954864e-14,0
346.0,0.005,-0.04,4.85946684677e-14,0
346.0,0,-0.035,5.90744311971e-14,0
346.0,0.005,-0.035,5.88859906141e-14,0
346.0,0,-0.03,6.31741733127e-14,0
346.0,0.005,-0.03,6.28293338255e-14,0
346.0,0,-0.025,6.29277133324e-14,0
346.0,0.005,-0.025,6.29561197087e-14,0
346.0,0,-0.02,5.87892869259e-14,0
346.0,0.005,-0.02,5.95532828397e-14,0
346.0,0,-0.015,5.09589386754e-14,0
346.0,0.005,-0.015,5.28502868771e-14,0
346.0,-0.0021196717084,-0.00776771017156,3.10960309309e-14,0
346.0,-0.00084550708518,-0.00631514607954,2.29086330137e-14,0
346.0,6.71033969406e-08,-0.005,1.20848604858e-14,0
346.0,-0.00139054260708,-0.0110960807567,4.16501371951e-14,0
346.0,0.00132468676756,-0.00775008274642,3.04457166637e-14,0
346.0,0.00160394440688,-0.0116908851489,4.35943804523e-14,0
346.0,0.005,-0.00939946851065,4.08123400991e-14,0
346.0,0.005,0.005,2.77233617034e-14,0
346.0,-0.000107646311398,0.00617659695633,2.17163864794e-14,0
346.0,-0.00190846935279,0.0076427502668,3.00786433066e-14,0
346.0,0.00131146485568,0.00777290068297,2.99709272576e-14,0
346.0,0.00295884413402,0.00640276348073,2.68997719919e-14,0
346.0,-1.21517769428e-05,0.0108932602996,4.03109689759e-14,0
346.0,0,0.015,5.03447302598e-14,0
346.0,0.005,0.00939942566771,4.02041005956e-14,0
346.0,0.005,0.015,5.23615321569e-14,0
346.0,0,0.02,5.82489707048e-14,0
346.0,0,0.025,6.25944417219e-14,0
346.0,0.005,0.02,5.92190200338e-14,0
346.0,0.005,0.025,6.28484271861e-14,0
346.0,0,0.03,6.30515985863e-14,0
346.0,0,0.035,5.893605765e-14,0
346.0,0.005,0.03,6.29358760578e-14,0
346.0,0.005,0.035,5.90654169397e-14,0
346.0,0,0.04,4.831703045e-14,0
346.0,0,0.045,2.98779616749e-14,0
346.0,0.005,0.04,4.87987412091e-14,0
346.0,0.005,0.045,3.0562481633e-14,0
346.0,0,0.05,4.79186376904e-15,0
346.0,0,0.055,-2.53979384898e-14,0
346.0,0.005,0.05,5.75528621699e-15,0
346.0,0.005,0.055,-2.41112290911e-14,0
346.0,0,0.06,-5.91430274317e-14,0
346.0,0,0.065,-9.50954571816e-14,0
346.0,0.005,0.06,-5.74861524487e-14,0
346.0,0.005,0.065,-9.30290324415e-14,0
346.0,0,0.07,-1.32352261827e-13,0
346.0,0,0.075,-1.7077401417e-13,0
346.0,0.005,0.07,-1.29855326423e-13,0
346.0,0.005,0.075,-1.67780860329e-13,0
346.0,0.01,-0.075,-1.61774207297e-13,0
346.0,0.01,-0.07,-1.24948030354e-13,0
346.0,0.015,-0.075,-1.49438299956e-13,0
346.0,0.015,-0.07,-1.14851857408e-13,0
346.0,0.01,-0.065,-8.91792932908e-14,0
346.0,0.015,-0.065,-8.11640054144e-14,0
346.0,0.01,-0.06,-5.46276791565e-14,0
346.0,0.015,-0.06,-4.86024572539e-14,0
346.0,0.01,-0.055,-2.2176389869e-14,0
346.0,0.015,-0.055,-1.80145597235e-14,0
346.0,0.01,-0.05,6.8743059014e-15,0
346.0,0.015,-0.05,9.34896149396e-15,0
346.0,0.01,-0.045,3.101760473e-14,0
346.0,0.015,-0.045,3.20480458288e-14,0
346.0,0.01,-0.04,4.8721809014e-14,0
346.0,0.015,-0.04,4.86639813489e-14,0
346.0,0.01,-0.035,5.85038056474e-14,0
346.0,0.015,-0.035,5.77942634383e-14,0
346.0,0.01,-0.03,6.23012217355e-14,0
346.0,0.015,-0.03,6.15089876422e-14,0
346.0,0.01,-0.025,6.30924283415e-14,0
346.0,0.015,-0.025,6.28652186102e-14,0
346.0,0.01,-0.02,6.10264263138e-14,0
346.0,0.01,-0.015,5.65464910685e-14,0
346.0,0.015,-0.02,6.21399691713e-14,0
346.0,0.015,-0.015,6.00079216047e-14,0
346.0,0.00999280436795,-0.0116358337096,5.22869446571e-14,0
346.0,0.0105889214373,-0.00845762197625,4.88762194145e-14,0
346.0,0.015,-0.01,5.6776435468e-14,0
346.0,0.00939947397025,-0.005,4.19077831352e-14,0
346.0,0.015,-0.005,5.35708797031e-14,0
346.0,0.00658051136513,-0.00296146438142,2.98906295863e-14,0
346.0,0.00636794669772,-3.54305826484e-06,2.51348492659e-14,0
346.0,0.00795807888052,-0.00113999998936,3.37498002667e-14,0
346.0,0.00758147027913,0.00183630393596,3.23806036724e-14,0
346.0,0.0112534647756,-1.47536350887e-07,4.4202652413e-14,0
346.0,0.015,4.16333634234e-19,5.22729095879e-14,0
346.0,0.00939942566771,0.005,4.1475861679e-14,0
346.0,0.015,0.005,5.33305490213e-14,0
346.0,0.00999018807453,0.0109670628501,5.09892137729e-14,0
346.0,0.01,0.015,5.6248844408e-14,0
346.0,0.015,0.01,5.65927649032e-14,0
346.0,0.015,0.015,5.99218798711e-14,0
346.0,0.01,0.02,6.08968073473e-14,0
346.0,0.01,0.025,6.31426935019e-14,0
346.0,0.015,0.02,6.21697429682e-14,0
346.0,0.015,0.025,6.30363457708e-14,0
346.0,0.01,0.03,6.25318296346e-14,0
346.0,0.01,0.035,5.88852760219e-14,0
346.0,0.015,0.03,6.18574084591e-14,0
346.0,0.015,0.035,5.8341229107e-14,0
346.0,0.01,0.04,4.92431677353e-14,0
346.0,0.01,0.045,3.17096023499e-14,0
346.0,0.015,0.04,4.94234630268e-14,0
346.0,0.015,0.045,3.30189367276e-14,0
346.0,0.01,0.05,7.75848205203e-15,0
346.0,0.01,0.055,-2.10941766854e-14,0
346.0,0.015,0.05,1.05273489821e-14,0
346.0,0.015,0.055,-1.6635235558e-14,0
346.0,0.01,0.06,-5.33410049525e-14,0
346.0,0.01,0.065,-8.76773668884e-14,0
346.0,0.015,0.06,-4.70216315547e-14,0
346.0,0.015,0.065,-7.93717109714e-14,0
346.0,0.01,0.07,-1.23210658382e-13,0
346.0,0.01,0.075,-1.5976466675e-13,0
346.0,0.015,0.07,-1.12823903586e-13,0
346.0,0.015,0.075,-1.47129332764e-13,0
346.0,0.02,-0.075,-1.32986891462e-13,0
346.0,0.02,-0.07,-1.01394229723e-13,0
346.0,0.025,-0.075,-1.13210314982e-13,0
346.0,0.025,-0.07,-8.5294466643e-14,0
346.0,0.02,-0.065,-7.05456783739e-14,0
346.0,0.025,-0.065,-5.79121990754e-14,0
346.0,0.02,-0.06,-4.06889190164e-14,0
346.0,0.025,-0.06,-3.13993948183e-14,0
346.0,0.02,-0.055,-1.26661484419e-14,0
346.0,0.025,-0.055,-6.55687839554e-15,0
346.0,0.02,-0.05,1.2351311578e-14,0
346.0,0.025,-0.05,1.55293044133e-14,0
346.0,0.02,-0.045,3.30408951878e-14,0
346.0,0.025,-0.045,3.36729955722e-14,0
346.0,0.02,-0.04,4.81080376305e-14,0
346.0,0.025,-0.04,4.6777971465e-14,0
346.0,0.02,-0.035,5.63754031885e-14,0
346.0,0.025,-0.035,5.38657233573e-14,0
346.0,0.02,-0.03,5.98478515333e-14,0
346.0,0.025,-0.03,5.68485499322e-14,0
346.0,0.02,-0.025,6.14856877474e-14,0
346.0,0.025,-0.025,5.83601777893e-14,0
346.0,0.02,-0.02,6.16598123886e-14,0
346.0,0.025,-0.02,5.87508728023e-14,0
346.0,0.02,-0.015,6.11166611309e-14,0
346.0,0.025,-0.015,5.86691196232e-14,0
346.0,0.02,-0.01,6.00975352511e-14,0
346.0,0.025,-0.01,5.83966191692e-14,0
346.0,0.02,-0.005,5.87301862034e-14,0
346.0,0.025,-0.005,5.79733256766e-14,0
346.0,0.02,0,5.80711106704e-14,0
346.0,0.025,4.16333634234e-19,5.77765479811e-14,0
346.0,0.02,0.005,5.86821802351e-14,0
346.0,0.025,0.005,5.78795421252e-14,0
346.0,0.02,0.01,6.00716713463e-14,0
346.0,0.025,0.01,5.82494356146e-14,0
346.0,0.02,0.015,6.11351379212e-14,0
346.0,0.025,0.015,5.85581946131e-14,0
346.0,0.02,0.02,6.17318077953e-14,0
346.0,0.02,0.025,6.16824006261e-14,0
346.0,0.025,0.02,5.87046079917e-14,0
346.0,0.025,0.025,5.84458988979e-14,0
346.0,0.02,0.03,6.02421796949e-14,0
346.0,0.02,0.035,5.70198058449e-14,0
346.0,0.025,0.03,5.71645592599e-14,0
346.0,0.025,0.035,5.44905595464e-14,0
346.0,0.02,0.04,4.90136887523e-14,0
346.0,0.02,0.045,3.41817705998e-14,0
346.0,0.025,0.04,4.77062070047e-14,0
346.0,0.025,0.045,3.48500142657e-14,0
346.0,0.02,0.05,1.37020163871e-14,0
346.0,0.02,0.055,-1.11234861269e-14,0
346.0,0.025,0.05,1.69100060472e-14,0
346.0,0.025,0.055,-5.00410308249e-15,0
346.0,0.02,0.06,-3.89607058878e-14,0
346.0,0.02,0.065,-6.86243493734e-14,0
346.0,0.025,0.06,-2.96892873071e-14,0
346.0,0.025,0.065,-5.60422211212e-14,0
346.0,0.02,0.07,-9.92544008488e-14,0
346.0,0.02,0.075,-1.30577982513e-13,0
346.0,0.025,0.07,-8.3241535234e-14,0
346.0,0.025,0.075,-1.10924438072e-13,0
346.0,0.03,-0.075,-9.10877590137e-14,0
346.0,0.03,-0.07,-6.73464339068e-14,0
346.0,0.035,-0.075,-6.76301100347e-14,0
346.0,0.035,-0.07,-4.84244081352e-14,0
346.0,0.03,-0.065,-4.3952327497e-14,0
346.0,0.035,-0.065,-2.93688188196e-14,0
346.0,0.03,-0.06,-2.12890343195e-14,0
346.0,0.035,-0.06,-1.09371923406e-14,0
346.0,0.03,-0.055,-1.40748675296e-16,0
346.0,0.035,-0.055,6.13296550077e-15,0
346.0,0.03,-0.05,1.85164480006e-14,0
346.0,0.035,-0.05,2.09771803371e-14,0
346.0,0.03,-0.045,3.36662925595e-14,0
346.0,0.035,-0.045,3.27578688875e-14,0
346.0,0.03,-0.04,4.4402871093e-14,0
346.0,0.035,-0.04,4.08086074553e-14,0
346.0,0.03,-0.035,5.00207898856e-14,0
346.0,0.035,-0.035,4.47283822191e-14,0
346.0,0.03,-0.03,5.22070246141e-14,0
346.0,0.035,-0.03,4.58944679156e-14,0
346.0,0.03,-0.025,5.31410019143e-14,0
346.0,0.035,-0.025,4.57517689079e-14,0
346.0,0.03,-0.02,5.31498700601e-14,0
346.0,0.035,-0.02,4.48346491582e-14,0
346.0,0.03,-0.015,5.28026463756e-14,0
346.0,0.035,-0.015,4.38659447077e-14,0
346.0,0.03,-0.01,5.23996823647e-14,0
346.0,0.035,-0.01,4.30825809453e-14,0
346.0,0.03,-0.005,5.22272102902e-14,0
346.0,0.035,-0.005,4.27226624569e-14,0
346.0,0.03,0,5.21889321189e-14,0
346.0,0.035,4.16333634234e-19,4.26569988133e-14,0
346.0,0.03,0.005,5.19884925847e-14,0
346.0,0.035,0.005,4.25069373249e-14,0
346.0,0.03,0.01,5.20495833229e-14,0
346.0,0.035,0.01,4.2751467943e-14,0
346.0,0.03,0.015,5.24799370413e-14,0
346.0,0.035,0.015,4.3510410123e-14,0
346.0,0.03,0.02,5.28992956153e-14,0
346.0,0.035,0.02,4.44410568923e-14,0
346.0,0.03,0.025,5.29720141221e-14,0
346.0,0.035,0.025,4.52018273766e-14,0
346.0,0.03,0.03,5.22648807327e-14,0
346.0,0.03,0.035,5.04676354562e-14,0
346.0,0.035,0.03,4.53973306604e-14,0
346.0,0.035,0.035,4.47398371684e-14,0
346.0,0.03,0.04,4.52064845612e-14,0
346.0,0.03,0.045,3.47315034611e-14,0
346.0,0.035,0.04,4.13280458833e-14,0
346.0,0.035,0.045,3.35782144945e-14,0
346.0,0.03,0.05,1.97772080903e-14,0
346.0,0.03,0.055,1.26526164382e-15,0
346.0,0.035,0.05,2.19859398005e-14,0
346.0,0.035,0.055,7.2531163978e-15,0
346.0,0.03,0.06,-1.97648606433e-14,0
346.0,0.03,0.065,-4.23162013044e-14,0
346.0,0.035,0.06,-9.75021857724e-15,0
346.0,0.035,0.065,-2.81331616497e-14,0
346.0,0.03,0.07,-6.55814613604e-14,0
346.0,0.03,0.075,-8.91489892086e-14,0
346.0,0.035,0.07,-4.71324073647e-14,0
346.0,0.035,0.075,-6.62469566448e-14,0
346.0,0.04,-0.075,-4.38740874777e-14,0
346.0,0.04,-0.07,-2.93697281231e-14,0
346.0,0.045,-0.075,-2.07902986847e-14,0
346.0,0.045,-0.07,-1.09770548267e-14,0
346.0,0.04,-0.065,-1.48613504868e-14,0
346.0,0.045,-0.065,-1.04462080361e-15,0
346.0,0.04,-0.06,-8.8495707668e-16,0
346.0,0.045,-0.06,8.3897785291e-15,0
346.0,0.04,-0.055,1.18493798937e-14,0
346.0,0.045,-0.055,1.66640679654e-14,0
346.0,0.04,-0.05,2.26052413162e-14,0
346.0,0.045,-0.05,2.31562738073e-14,0
346.0,0.04,-0.045,3.07329187849e-14,0
346.0,0.045,-0.045,2.74014385628e-14,0
346.0,0.04,-0.04,3.57993147974e-14,0
346.0,0.045,-0.04,2.91690359135e-14,0
346.0,0.04,-0.035,3.7703727464e-14,0
346.0,0.045,-0.035,2.85834093566e-14,0
346.0,0.04,-0.03,3.73765319818e-14,0
346.0,0.045,-0.03,2.64283965838e-14,0
346.0,0.04,-0.025,3.58101766802e-14,0
346.0,0.045,-0.025,2.33867903784e-14,0
346.0,0.04,-0.02,3.37783520562e-14,0
346.0,0.045,-0.02,2.02617149576e-14,0
346.0,0.04,-0.015,3.19507993819e-14,0
346.0,0.045,-0.015,1.73968236896e-14,0
346.0,0.04,-0.01,3.05382365991e-14,0
346.0,0.045,-0.01,1.5091273156e-14,0
346.0,0.04,-0.005,2.98087574301e-14,0
346.0,0.045,-0.005,1.36544909763e-14,0
346.0,0.04,0,2.96377596299e-14,0
346.0,0.045,4.16333634234e-19,1.31770457626e-14,0
346.0,0.04,0.005,2.97133026128e-14,0
346.0,0.045,0.005,1.3754624617e-14,0
346.0,0.04,0.01,3.03794384616e-14,0
346.0,0.045,0.01,1.52105917059e-14,0
346.0,0.04,0.015,3.17521424879e-14,0
346.0,0.045,0.015,1.74957893335e-14,0
346.0,0.04,0.02,3.34859582821e-14,0
346.0,0.045,0.02,2.03219164342e-14,0
346.0,0.04,0.025,3.52276092767e-14,0
346.0,0.045,0.025,2.33119948697e-14,0
346.0,0.04,0.03,3.66015954704e-14,0
346.0,0.045,0.03,2.61140165964e-14,0
346.0,0.04,0.035,3.73285766126e-14,0
346.0,0.045,0.035,2.83317564688e-14,0
346.0,0.04,0.04,3.59995826788e-14,0
346.0,0.04,0.045,3.12510554704e-14,0
346.0,0.045,0.04,2.92433107853e-14,0
346.0,0.045,0.045,2.76733757605e-14,0
346.0,0.04,0.05,2.32826094651e-14,0
346.0,0.04,0.055,1.25847918811e-14,0
346.0,0.045,0.05,2.34941344546e-14,0
346.0,0.045,0.055,1.69663216427e-14,0
346.0,0.04,0.06,-1.52821601969e-16,0
346.0,0.04,0.065,-1.41612072807e-14,0
346.0,0.045,0.06,8.59319452827e-15,0
346.0,0.045,0.065,-9.73938744518e-16,0
346.0,0.04,0.07,-2.87038586337e-14,0
346.0,0.04,0.075,-4.32192095368e-14,0
346.0,0.045,0.07,-1.10474691712e-14,0
346.0,0.045,0.075,-2.09904854161e-14,0
346.0,0.05,-0.075,7.93047527422e-16,0
346.0,0.05,-0.07,6.09965498382e-15,0
346.0,0.055,-0.075,2.02019641787e-14,0
346.0,0.055,-0.07,2.13756374489e-14,0
346.0,0.05,-0.065,1.15757506678e-14,0
346.0,0.055,-0.065,2.26784258399e-14,0
346.0,0.05,-0.06,1.65343171095e-14,0
346.0,0.055,-0.06,2.33490556225e-14,0
346.0,0.05,-0.055,2.03378777725e-14,0
346.0,0.055,-0.055,2.27891639472e-14,0
346.0,0.05,-0.05,2.24871746855e-14,0
346.0,0.055,-0.05,2.05907516403e-14,0
346.0,0.05,-0.045,2.26727326751e-14,0
346.0,0.055,-0.045,1.66015547389e-14,0
346.0,0.05,-0.04,2.08696347033e-14,0
346.0,0.055,-0.04,1.09246883434e-14,0
346.0,0.05,-0.035,1.73667051566e-14,0
346.0,0.055,-0.035,3.95466406972e-15,0
346.0,0.05,-0.03,1.27881722666e-14,0
346.0,0.055,-0.03,-3.73058177283e-15,0
346.0,0.05,-0.025,7.77323089811e-15,0
346.0,0.055,-0.025,-1.14865387819e-14,0
346.0,0.05,-0.02,2.91284365179e-15,0
346.0,0.055,-0.02,-1.87066975135e-14,0
346.0,0.05,-0.015,-1.41965559953e-15,0
346.0,0.055,-0.015,-2.49590100176e-14,0
346.0,0.05,-0.01,-4.90362424924e-15,0
346.0,0.055,-0.01,-2.98230880028e-14,0
346.0,0.05,-0.005,-7.17088070619e-15,0
346.0,0.055,-0.005,-3.28895180532e-14,0
346.0,0.05,0,-7.9055917336e-15,0
346.0,0.055,4.16333634234e-19,-3.38107990748e-14,0
346.0,0.05,0.005,-6.89102406118e-15,0
346.0,0.055,0.005,-3.24513975114e-14,0
346.0,0.05,0.01,-4.45650748148e-15,0
346.0,0.055,0.01,-2.90528689831e-14,0
346.0,0.05,0.015,-8.95207008165e-16,0
346.0,0.055,0.015,-2.39827418599e-14,0
346.0,0.05,0.02,3.46606198754e-15,0
346.0,0.055,0.02,-1.76359744635e-14,0
346.0,0.05,0.025,8.26736892504e-15,0
346.0,0.055,0.025,-1.04602151884e-14,0
346.0,0.05,0.03,1.30953671293e-14,0
346.0,0.055,0.03,-2.92101845973e-15,0
346.0,0.05,0.035,1.7540085414e-14,0
346.0,0.055,0.035,4.48505292745e-15,0
346.0,0.05,0.04,2.10327920281e-14,0
346.0,0.055,0.04,1.12265915564e-14,0
346.0,0.05,0.045,2.28054881217e-14,0
346.0,0.055,0.045,1.66596370145e-14,0
346.0,0.05,0.05,2.25214125172e-14,0
346.0,0.05,0.055,2.02018534443e-14,0
346.0,0.055,0.05,2.03627313675e-14,0
346.0,0.055,0.055,2.22312083663e-14,0
346.0,0.05,0.06,1.61759543813e-14,0
346.0,0.05,0.065,1.09665306891e-14,0
346.0,0.055,0.06,2.24278192927e-14,0
346.0,0.055,0.065,2.13764798547e-14,0
346.0,0.05,0.07,5.22971269015e-15,0
346.0,0.05,0.075,-3.34752462143e-16,0
346.0,0.055,0.07,1.96878581746e-14,0
346.0,0.055,0.075,1.81264525043e-14,0
346.0,0.06,-0.075,3.70590670653e-14,0
346.0,0.06,-0.07,3.46079404943e-14,0
346.0,0.065,-0.075,5.12229745959e-14,0
346.0,0.065,-0.07,4.58379354053e-14,0
346.0,0.06,-0.065,3.21484719113e-14,0
346.0,0.065,-0.065,4.01487102024e-14,0
346.0,0.06,-0.06,2.88436201803e-14,0
346.0,0.065,-0.06,3.32467482287e-14,0
346.0,0.06,-0.055,2.41099940275e-14,0
346.0,0.065,-0.055,2.46005918649e-14,0
346.0,0.06,-0.05,1.76466728533e-14,0
346.0,0.065,-0.05,1.39944897611e-14,0
346.0,0.06,-0.045,9.41594733858e-15,0
346.0,0.065,-0.045,1.53429747239e-15,0
346.0,0.06,-0.04,-3.35874626571e-16,0
346.0,0.065,-0.04,-1.24193089116e-14,0
346.0,0.06,-0.035,-1.11420133385e-14,0
346.0,0.065,-0.035,-2.7270060335e-14,0
346.0,0.06,-0.03,-2.23582771317e-14,0
346.0,0.065,-0.03,-4.22908772029e-14,0
346.0,0.06,-0.025,-3.32905226751e-14,0
346.0,0.065,-0.025,-5.66810414423e-14,0
346.0,0.06,-0.02,-4.32730929213e-14,0
346.0,0.065,-0.02,-6.96769850133e-14,0
346.0,0.06,-0.015,-5.17477066173e-14,0
346.0,0.065,-0.015,-8.05740264547e-14,0
346.0,0.06,-0.01,-5.81968701717e-14,0
346.0,0.065,-0.01,-8.87733921138e-14,0
346.0,0.06,-0.005,-6.21770234544e-14,0
346.0,0.065,-0.005,-9.37712752403e-14,0
346.0,0.06,0,-6.33506459221e-14,0
346.0,0.065,4.16333634234e-19,-9.52529586029e-14,0
346.0,0.06,0.005,-6.16177136018e-14,0
346.0,0.065,0.005,-9.31238982082e-14,0
346.0,0.06,0.01,-5.71750500539e-14,0
346.0,0.065,0.01,-8.75728743903e-14,0
346.0,0.06,0.015,-5.04130579363e-14,0
346.0,0.065,0.015,-7.89831694858e-14,0
346.0,0.06,0.02,-4.17931758723e-14,0
346.0,0.065,0.02,-6.78979873817e-14,0
346.0,0.06,0.025,-3.18496561311e-14,0
346.0,0.065,0.025,-5.49367481026e-14,0
346.0,0.06,0.03,-2.11510731649e-14,0
346.0,0.065,0.03,-4.0797984845e-14,0
346.0,0.06,0.035,-1.02976068094e-14,0
346.0,0.065,0.035,-2.61987077366e-14,0
346.0,0.06,0.04,1.02765836528e-16,0
346.0,0.065,0.04,-1.18753733022e-14,0
346.0,0.06,0.045,9.42042616055e-15,0
346.0,0.065,0.045,1.48641460801e-15,0
346.0,0.06,0.05,1.71848137419e-14,0
346.0,0.065,0.05,1.331457691e-14,0
346.0,0.06,0.055,2.31536521153e-14,0
346.0,0.065,0.055,2.32688774051e-14,0
346.0,0.06,0.06,2.737743735e-14,0
346.0,0.06,0.065,3.01696764496e-14,0
346.0,0.065,0.06,3.12620330079e-14,0
346.0,0.065,0.065,3.75248136965e-14,0
346.0,0.06,0.07,3.21206195313e-14,0
346.0,0.06,0.075,3.40616713289e-14,0
346.0,0.065,0.07,4.25933295574e-14,0
346.0,0.065,0.075,4.73634224818e-14,0
346.0,0.07,-0.075,6.30104554292e-14,0
346.0,0.07,-0.07,5.54763965484e-14,0
346.0,0.075,-0.075,7.31619397243e-14,0
346.0,0.075,-0.07,6.43875462506e-14,0
346.0,0.07,-0.065,4.71340886138e-14,0
346.0,0.075,-0.065,5.39305163808e-14,0
346.0,0.07,-0.06,3.70464799848e-14,0
346.0,0.075,-0.06,4.09826114525e-14,0
346.0,0.07,-0.055,2.47372146052e-14,0
346.0,0.075,-0.055,2.51704751624e-14,0
346.0,0.07,-0.05,1.01240169803e-14,0
346.0,0.075,-0.05,6.59450733068e-15,0
346.0,0.07,-0.045,-6.55720997871e-15,0
346.0,0.075,-0.045,-1.43705759819e-14,0
346.0,0.07,-0.04,-2.4786695863e-14,0
346.0,0.075,-0.04,-3.70269357629e-14,0
346.0,0.07,-0.035,-4.38442916469e-14,0
346.0,0.075,-0.035,-6.04911796865e-14,0
346.0,0.07,-0.03,-6.28549731704e-14,0
346.0,0.075,-0.03,-8.3734103331e-14,0
346.0,0.07,-0.025,-8.0905761903e-14,0
346.0,0.075,-0.025,-1.05667454488e-13,0
346.0,0.07,-0.02,-9.70807979618e-14,0
346.0,0.075,-0.02,-1.25251259397e-13,0
346.0,0.07,-0.015,-1.10567609747e-13,0
346.0,0.075,-0.015,-1.41498369159e-13,0
346.0,0.07,-0.01,-1.20640256143e-13,0
346.0,0.075,-0.01,-1.53618451976e-13,0
346.0,0.07,-0.005,-1.26765951953e-13,0
346.0,0.075,-0.005,-1.60953118167e-13,0
346.0,0.07,0,-1.28585901272e-13,0
346.0,0.075,0,-1.6316116149e-13,0
346.0,0.07,0.005,-1.26032056406e-13,0
346.0,0.075,0.005,-1.60111616177e-13,0
346.0,0.07,0.01,-1.19270724865e-13,0
346.0,0.075,0.01,-1.52044239058e-13,0
346.0,0.07,0.015,-1.08740973834e-13,0
346.0,0.075,0.015,-1.39393404981e-13,0
346.0,0.07,0.02,-9.50282417399e-14,0
346.0,0.075,0.02,-1.22878623577e-13,0
346.0,0.07,0.025,-7.88824838933e-14,0
346.0,0.075,0.025,-1.03322108275e-13,0
346.0,0.07,0.03,-6.11081895305e-14,0
346.0,0.075,0.03,-8.17014898049e-14,0
346.0,0.07,0.035,-4.25813020758e-14,0
346.0,0.075,0.035,-5.90199185087e-14,0
346.0,0.07,0.04,-2.41583555114e-14,0
346.0,0.075,0.04,-3.6303384705e-14,0
346.0,0.07,0.045,-6.65995071053e-15,0
346.0,0.075,0.045,-1.45192735657e-14,0
346.0,0.07,0.05,9.23681452791e-15,0
346.0,0.075,0.05,5.50849564359e-15,0
346.0,0.07,0.055,2.30480077048e-14,0
346.0,0.075,0.055,2.31321184591e-14,0
346.0,0.07,0.06,3.45673683444e-14,0
346.0,0.075,0.06,3.80176441662e-14,0
346.0,0.07,0.065,4.38978148367e-14,0
346.0,0.075,0.065,5.00958089251e-14,0
346.0,0.07,0.07,5.15222157323e-14,0
346.0,0.07,0.075,5.83612904595e-14,0
346.0,0.075,0.07,5.97518188008e-14,0
346.0,0.075,0.075,6.77826589726e-14,0
